  0
SECTION
  2
HEADER
  9
$ACADVER
  1
AC1021
  9
$ACADMAINTVER
 70
    50
  9
$DWGCODEPAGE
  3
ANSI_1251
  9
$LASTSAVEDBY
  1
mc
  9
$INSBASE
 10
0.0
 20
0.0
 30
0.0
  9
$EXTMIN
 10
-45.25016853470556
 20
0.0
 30
0.0
  9
$EXTMAX
 10
1645.5
 20
926.0
 30
0.0
  9
$LIMMIN
 10
0.0
 20
0.0
  9
$LIMMAX
 10
420.0
 20
297.0
  9
$ORTHOMODE
 70
     0
  9
$REGENMODE
 70
     1
  9
$FILLMODE
 70
     1
  9
$QTEXTMODE
 70
     0
  9
$MIRRTEXT
 70
     0
  9
$LTSCALE
 40
1.0
  9
$ATTMODE
 70
     1
  9
$TEXTSIZE
 40
2.5
  9
$TRACEWID
 40
1.0
  9
$TEXTSTYLE
  7
Standard
  9
$CLAYER
  8
1
  9
$CELTYPE
  6
ByLayer
  9
$CECOLOR
 62
   256
  9
$CELTSCALE
 40
1.0
  9
$DISPSILH
 70
     0
  9
$DIMSCALE
 40
1.0
  9
$DIMASZ
 40
2.5
  9
$DIMEXO
 40
0.625
  9
$DIMDLI
 40
3.75
  9
$DIMRND
 40
0.0
  9
$DIMDLE
 40
0.0
  9
$DIMEXE
 40
1.25
  9
$DIMTP
 40
0.0
  9
$DIMTM
 40
0.0
  9
$DIMTXT
 40
2.5
  9
$DIMCEN
 40
2.5
  9
$DIMTSZ
 40
0.0
  9
$DIMTOL
 70
     0
  9
$DIMLIM
 70
     0
  9
$DIMTIH
 70
     0
  9
$DIMTOH
 70
     0
  9
$DIMSE1
 70
     0
  9
$DIMSE2
 70
     0
  9
$DIMTAD
 70
     1
  9
$DIMZIN
 70
     8
  9
$DIMBLK
  1

  9
$DIMASO
 70
     1
  9
$DIMSHO
 70
     1
  9
$DIMPOST
  1

  9
$DIMAPOST
  1

  9
$DIMALT
 70
     0
  9
$DIMALTD
 70
     3
  9
$DIMALTF
 40
0.03937007874016
  9
$DIMLFAC
 40
1.0
  9
$DIMTOFL
 70
     1
  9
$DIMTVP
 40
0.0
  9
$DIMTIX
 70
     0
  9
$DIMSOXD
 70
     0
  9
$DIMSAH
 70
     0
  9
$DIMBLK1
  1

  9
$DIMBLK2
  1

  9
$DIMSTYLE
  2
ISO-25
  9
$DIMCLRD
 70
     0
  9
$DIMCLRE
 70
     0
  9
$DIMCLRT
 70
     0
  9
$DIMTFAC
 40
1.0
  9
$DIMGAP
 40
0.625
  9
$DIMJUST
 70
     0
  9
$DIMSD1
 70
     0
  9
$DIMSD2
 70
     0
  9
$DIMTOLJ
 70
     0
  9
$DIMTZIN
 70
     8
  9
$DIMALTZ
 70
     0
  9
$DIMALTTZ
 70
     0
  9
$DIMUPT
 70
     0
  9
$DIMDEC
 70
     2
  9
$DIMTDEC
 70
     2
  9
$DIMALTU
 70
     2
  9
$DIMALTTD
 70
     3
  9
$DIMTXSTY
  7
Standard
  9
$DIMAUNIT
 70
     0
  9
$DIMADEC
 70
     0
  9
$DIMALTRND
 40
0.0
  9
$DIMAZIN
 70
     0
  9
$DIMDSEP
 70
    44
  9
$DIMATFIT
 70
     3
  9
$DIMFRAC
 70
     0
  9
$DIMLDRBLK
  1

  9
$DIMLUNIT
 70
     2
  9
$DIMLWD
 70
    -2
  9
$DIMLWE
 70
    -2
  9
$DIMTMOVE
 70
     0
  9
$DIMFXL
 40
1.0
  9
$DIMFXLON
 70
     0
  9
$DIMJOGANG
 40
0.7853981633974483
  9
$DIMTFILL
 70
     0
  9
$DIMTFILLCLR
 70
     0
  9
$DIMARCSYM
 70
     0
  9
$DIMLTYPE
  6

  9
$DIMLTEX1
  6

  9
$DIMLTEX2
  6

  9
$LUNITS
 70
     2
  9
$LUPREC
 70
     1
  9
$SKETCHINC
 40
1.0
  9
$FILLETRAD
 40
0.0
  9
$AUNITS
 70
     0
  9
$AUPREC
 70
     0
  9
$MENU
  1
.
  9
$ELEVATION
 40
0.0
  9
$PELEVATION
 40
0.0
  9
$THICKNESS
 40
0.0
  9
$LIMCHECK
 70
     0
  9
$CHAMFERA
 40
0.0
  9
$CHAMFERB
 40
0.0
  9
$CHAMFERC
 40
0.0
  9
$CHAMFERD
 40
0.0
  9
$SKPOLY
 70
     0
  9
$TDCREATE
 40
2460870.705370370
  9
$TDUCREATE
 40
2460870.580370371
  9
$TDUPDATE
 40
2460870.860509259
  9
$TDUUPDATE
 40
2460870.735509260
  9
$TDINDWG
 40
0.1551388889
  9
$TDUSRTIMER
 40
0.1551388889
  9
$USRTIMER
 70
     1
  9
$ANGBASE
 50
0.0
  9
$ANGDIR
 70
     0
  9
$PDMODE
 70
     0
  9
$PDSIZE
 40
0.0
  9
$PLINEWID
 40
0.0
  9
$SPLFRAME
 70
     0
  9
$SPLINETYPE
 70
     6
  9
$SPLINESEGS
 70
     8
  9
$HANDSEED
  5
A50
  9
$SURFTAB1
 70
     6
  9
$SURFTAB2
 70
     6
  9
$SURFTYPE
 70
     6
  9
$SURFU
 70
     6
  9
$SURFV
 70
     6
  9
$UCSBASE
  2

  9
$UCSNAME
  2

  9
$UCSORG
 10
0.0
 20
0.0
 30
0.0
  9
$UCSXDIR
 10
1.0
 20
0.0
 30
0.0
  9
$UCSYDIR
 10
0.0
 20
1.0
 30
0.0
  9
$UCSORTHOREF
  2

  9
$UCSORTHOVIEW
 70
     0
  9
$UCSORGTOP
 10
0.0
 20
0.0
 30
0.0
  9
$UCSORGBOTTOM
 10
0.0
 20
0.0
 30
0.0
  9
$UCSORGLEFT
 10
0.0
 20
0.0
 30
0.0
  9
$UCSORGRIGHT
 10
0.0
 20
0.0
 30
0.0
  9
$UCSORGFRONT
 10
0.0
 20
0.0
 30
0.0
  9
$UCSORGBACK
 10
0.0
 20
0.0
 30
0.0
  9
$PUCSBASE
  2

  9
$PUCSNAME
  2

  9
$PUCSORG
 10
0.0
 20
0.0
 30
0.0
  9
$PUCSXDIR
 10
1.0
 20
0.0
 30
0.0
  9
$PUCSYDIR
 10
0.0
 20
1.0
 30
0.0
  9
$PUCSORTHOREF
  2

  9
$PUCSORTHOVIEW
 70
     0
  9
$PUCSORGTOP
 10
0.0
 20
0.0
 30
0.0
  9
$PUCSORGBOTTOM
 10
0.0
 20
0.0
 30
0.0
  9
$PUCSORGLEFT
 10
0.0
 20
0.0
 30
0.0
  9
$PUCSORGRIGHT
 10
0.0
 20
0.0
 30
0.0
  9
$PUCSORGFRONT
 10
0.0
 20
0.0
 30
0.0
  9
$PUCSORGBACK
 10
0.0
 20
0.0
 30
0.0
  9
$USERI1
 70
     0
  9
$USERI2
 70
     0
  9
$USERI3
 70
     0
  9
$USERI4
 70
     0
  9
$USERI5
 70
     0
  9
$USERR1
 40
0.0
  9
$USERR2
 40
0.0
  9
$USERR3
 40
0.0
  9
$USERR4
 40
0.0
  9
$USERR5
 40
0.0
  9
$WORLDVIEW
 70
     1
  9
$SHADEDGE
 70
     3
  9
$SHADEDIF
 70
    70
  9
$TILEMODE
 70
     1
  9
$MAXACTVP
 70
    64
  9
$PINSBASE
 10
0.0
 20
0.0
 30
0.0
  9
$PLIMCHECK
 70
     0
  9
$PEXTMIN
 10
0.0
 20
0.0
 30
0.0
  9
$PEXTMAX
 10
296.989501953125
 20
209.9098358154297
 30
0.0
  9
$PLIMMIN
 10
0.0
 20
0.0
  9
$PLIMMAX
 10
297.0
 20
210.0
  9
$UNITMODE
 70
     0
  9
$VISRETAIN
 70
     1
  9
$PLINEGEN
 70
     0
  9
$PSLTSCALE
 70
     1
  9
$TREEDEPTH
 70
  3020
  9
$CMLSTYLE
  2
Standard
  9
$CMLJUST
 70
     0
  9
$CMLSCALE
 40
20.0
  9
$PROXYGRAPHICS
 70
     1
  9
$MEASUREMENT
 70
     1
  9
$CELWEIGHT
370
    -1
  9
$ENDCAPS
280
     0
  9
$JOINSTYLE
280
     0
  9
$LWDISPLAY
290
     0
  9
$INSUNITS
 70
     4
  9
$HYPERLINKBASE
  1

  9
$STYLESHEET
  1

  9
$XEDIT
290
     1
  9
$CEPSNTYPE
380
     0
  9
$PSTYLEMODE
290
     1
  9
$FINGERPRINTGUID
  2
{D2391574-6EC1-0B4D-802B-C838D0185650}
  9
$VERSIONGUID
  2
{9A9D7E00-9759-BE4A-9BA6-1E219FECE229}
  9
$EXTNAMES
290
     1
  9
$PSVPSCALE
 40
0.0
  9
$OLESTARTUP
290
     0
  9
$SORTENTS
280
   127
  9
$INDEXCTL
280
     0
  9
$HIDETEXT
280
     1
  9
$XCLIPFRAME
290
     0
  9
$HALOGAP
280
     0
  9
$OBSCOLOR
 70
   257
  9
$OBSLTYPE
280
     0
  9
$INTERSECTIONDISPLAY
280
     0
  9
$INTERSECTIONCOLOR
 70
   257
  9
$DIMASSOC
280
     2
  9
$PROJECTNAME
  1

  9
$CAMERADISPLAY
290
     0
  9
$LENSLENGTH
 40
50.0
  9
$CAMERAHEIGHT
 40
0.0
  9
$STEPSPERSEC
 40
2.0
  9
$STEPSIZE
 40
6.0
  9
$3DDWFPREC
 40
2.0
  9
$PSOLWIDTH
 40
5.0
  9
$PSOLHEIGHT
 40
80.0
  9
$LOFTANG1
 40
1.570796326794896
  9
$LOFTANG2
 40
1.570796326794896
  9
$LOFTMAG1
 40
0.0
  9
$LOFTMAG2
 40
0.0
  9
$LOFTPARAM
 70
     7
  9
$LOFTNORMALS
280
     1
  9
$LATITUDE
 40
37.795
  9
$LONGITUDE
 40
-122.394
  9
$NORTHDIRECTION
 40
0.0
  9
$TIMEZONE
 70
 -8000
  9
$LIGHTGLYPHDISPLAY
280
     1
  9
$TILEMODELIGHTSYNCH
280
     1
  9
$CMATERIAL
347
EC
  9
$SOLIDHIST
280
     0
  9
$SHOWHIST
280
     1
  9
$DWFFRAME
280
     2
  9
$DGNFRAME
280
     0
  9
$REALWORLDSCALE
290
     1
  9
$INTERFERECOLOR
 62
     1
  9
$INTERFEREOBJVS
345
F9
  9
$INTERFEREVPVS
346
F6
  9
$CSHADOW
280
     0
  9
$SHADOWPLANELOCATION
 40
0.0
  0
ENDSEC
  0
SECTION
  2
CLASSES
  0
CLASS
  1
ACDBDICTIONARYWDFLT
  2
AcDbDictionaryWithDefault
  3
ObjectDBX Classes
 90
        0
 91
        1
280
     0
281
     0
  0
CLASS
  1
DICTIONARYVAR
  2
AcDbDictionaryVar
  3
ObjectDBX Classes
 90
        0
 91
       35
280
     0
281
     0
  0
CLASS
  1
TABLESTYLE
  2
AcDbTableStyle
  3
ObjectDBX Classes
 90
     4095
 91
        1
280
     0
281
     0
  0
CLASS
  1
MATERIAL
  2
AcDbMaterial
  3
ObjectDBX Classes
 90
     1153
 91
        3
280
     0
281
     0
  0
CLASS
  1
VISUALSTYLE
  2
AcDbVisualStyle
  3
ObjectDBX Classes
 90
     4095
 91
       24
280
     0
281
     0
  0
CLASS
  1
SCALE
  2
AcDbScale
  3
ObjectDBX Classes
 90
     1153
 91
       17
280
     0
281
     0
  0
CLASS
  1
MLEADERSTYLE
  2
AcDbMLeaderStyle
  3
ACDB_MLEADERSTYLE_CLASS
 90
     4095
 91
        2
280
     0
281
     0
  0
CLASS
  1
CELLSTYLEMAP
  2
AcDbCellStyleMap
  3
ObjectDBX Classes
 90
     1152
 91
        2
280
     0
281
     0
  0
CLASS
  1
EXACXREFPANELOBJECT
  2
ExAcXREFPanelObject
  3
EXAC_ESW
 90
     1025
 91
        0
280
     0
281
     0
  0
CLASS
  1
NPOCOLLECTION
  2
AcDbImpNonPersistentObjectsCollection
  3
ObjectDBX Classes
 90
     1153
 91
        0
280
     0
281
     0
  0
CLASS
  1
LAYER_INDEX
  2
AcDbLayerIndex
  3
ObjectDBX Classes
 90
        0
 91
        0
280
     0
281
     0
  0
CLASS
  1
SPATIAL_INDEX
  2
AcDbSpatialIndex
  3
ObjectDBX Classes
 90
        0
 91
        0
280
     0
281
     0
  0
CLASS
  1
IDBUFFER
  2
AcDbIdBuffer
  3
ObjectDBX Classes
 90
        0
 91
        0
280
     0
281
     0
  0
CLASS
  1
ACDBSECTIONVIEWSTYLE
  2
AcDbSectionViewStyle
  3
ObjectDBX Classes
 90
     1025
 91
        2
280
     0
281
     0
  0
CLASS
  1
ACDBDETAILVIEWSTYLE
  2
AcDbDetailViewStyle
  3
ObjectDBX Classes
 90
     1025
 91
        2
280
     0
281
     0
  0
CLASS
  1
SORTENTSTABLE
  2
AcDbSortentsTable
  3
ObjectDBX Classes
 90
        0
 91
        6
280
     0
281
     0
  0
CLASS
  1
DIMASSOC
  2
AcDbDimAssoc
  3
"AcDbDimAssoc|Product Desc:     AcDim ARX App For Dimension|Company:          Autodesk, Inc.|WEB Address:      www.autodesk.com"
 90
        0
 91
       30
280
     0
281
     0
  0
ENDSEC
  0
SECTION
  2
TABLES
  0
TABLE
  2
VPORT
  5
8
330
0
100
AcDbSymbolTable
 70
     1
  0
VPORT
  5
EA
330
8
100
AcDbSymbolTableRecord
100
AcDbViewportTableRecord
  2
*Active
 70
     0
 10
0.0
 20
0.0
 11
1.0
 21
1.0
 12
800.1249196692317
 22
463.0000021560116
 13
0.0
 23
0.0
 14
1.0
 24
1.0
 15
1.0
 25
1.0
 16
0.0
 26
0.0
 36
1.0
 17
0.0
 27
0.0
 37
0.0
 40
932.5627704415547
 41
1.981242672919109
 42
50.0
 43
0.0
 44
0.0
 50
0.0
 51
0.0
 71
     0
 72
  1000
 73
     1
 74
     3
 75
     0
 76
     1
 77
     0
 78
     0
281
     0
 65
     1
110
0.0
120
0.0
130
0.0
111
1.0
121
0.0
131
0.0
112
0.0
122
1.0
132
0.0
 79
     0
146
0.0
348
F5
 60
     3
 61
    10
292
     1
282
     1
141
0.0
142
0.0
 63
   250
421
  3355443
1001
ACAD_NAV_VCDISPLAY
1070
     3
  0
ENDTAB
  0
TABLE
  2
LTYPE
  5
5
330
0
100
AcDbSymbolTable
 70
     3
  0
LTYPE
  5
14
330
5
100
AcDbSymbolTableRecord
100
AcDbLinetypeTableRecord
  2
ByBlock
 70
     0
  3

 72
    65
 73
     0
 40
0.0
  0
LTYPE
  5
15
330
5
100
AcDbSymbolTableRecord
100
AcDbLinetypeTableRecord
  2
ByLayer
 70
     0
  3

 72
    65
 73
     0
 40
0.0
  0
LTYPE
  5
16
330
5
100
AcDbSymbolTableRecord
100
AcDbLinetypeTableRecord
  2
Continuous
 70
     0
  3
Solid line
 72
    65
 73
     0
 40
0.0
  0
ENDTAB
  0
TABLE
  2
LAYER
  5
2
102
{ACAD_XDICTIONARY
360
1FF
102
}
330
0
100
AcDbSymbolTable
 70
     4
  0
LAYER
  5
10
102
{ACAD_XDICTIONARY
360
13C
102
}
330
2
100
AcDbSymbolTableRecord
100
AcDbLayerTableRecord
  2
0
 70
     0
 62
     7
  6
Continuous
370
    -3
390
F
347
EE
  0
LAYER
  5
370
330
2
100
AcDbSymbolTableRecord
100
AcDbLayerTableRecord
  2
Defpoints
 70
     0
 62
    -7
  6
Continuous
290
     0
370
    -3
390
F
347
EE
  0
LAYER
  5
3A7
330
2
100
AcDbSymbolTableRecord
100
AcDbLayerTableRecord
  2
1
 70
     0
 62
    30
  6
Continuous
370
    -3
390
F
347
EE
1001
AcAecLayerStandard
1000

1000

1001
AcCmTransparency
1071
        0
  0
LAYER
  5
9B4
330
2
100
AcDbSymbolTableRecord
100
AcDbLayerTableRecord
  2
ViewPorts
 70
     0
 62
    -3
  6
Continuous
370
    -3
390
F
347
EE
1001
AcAecLayerStandard
1000

1000

1001
AcCmTransparency
1071
        0
  0
ENDTAB
  0
TABLE
  2
STYLE
  5
3
330
0
100
AcDbSymbolTable
 70
     3
  0
STYLE
  5
11
330
3
100
AcDbSymbolTableRecord
100
AcDbTextStyleTableRecord
  2
Standard
 70
     0
 40
0.0
 41
1.0
 50
0.0
 71
     0
 42
2.5
  3
arial.ttf
  4

1001
ACAD
1000
Arial
1071
       34
  0
STYLE
  5
132
330
3
100
AcDbSymbolTableRecord
100
AcDbTextStyleTableRecord
  2
Аннотативный
 70
     0
 40
0.0
 41
1.0
 50
0.0
 71
     0
 42
2.5
  3
arial.ttf
  4

1001
AcadAnnotative
1000
AnnotativeData
1002
{
1070
     1
1070
     1
1002
}
1001
ACAD
1000
Arial
1071
       34
  0
ENDTAB
  0
TABLE
  2
VIEW
  5
6
330
0
100
AcDbSymbolTable
 70
     4
  0
ENDTAB
  0
TABLE
  2
UCS
  5
7
330
0
100
AcDbSymbolTable
 70
     0
  0
ENDTAB
  0
TABLE
  2
APPID
  5
9
330
0
100
AcDbSymbolTable
 70
    12
  0
APPID
  5
12
330
9
100
AcDbSymbolTableRecord
100
AcDbRegAppTableRecord
  2
ACAD
 70
     0
  0
APPID
  5
9E
330
9
100
AcDbSymbolTableRecord
100
AcDbRegAppTableRecord
  2
ACAD_PSEXT
 70
     0
  0
APPID
  5
133
330
9
100
AcDbSymbolTableRecord
100
AcDbRegAppTableRecord
  2
AcadAnnoPO
 70
     0
  0
APPID
  5
134
330
9
100
AcDbSymbolTableRecord
100
AcDbRegAppTableRecord
  2
AcadAnnotative
 70
     0
  0
APPID
  5
135
330
9
100
AcDbSymbolTableRecord
100
AcDbRegAppTableRecord
  2
ACAD_DSTYLE_DIMJAG
 70
     0
  0
APPID
  5
136
330
9
100
AcDbSymbolTableRecord
100
AcDbRegAppTableRecord
  2
ACAD_DSTYLE_DIMTALN
 70
     0
  0
APPID
  5
165
330
9
100
AcDbSymbolTableRecord
100
AcDbRegAppTableRecord
  2
ACAD_MLEADERVER
 70
     0
  0
APPID
  5
217
330
9
100
AcDbSymbolTableRecord
100
AcDbRegAppTableRecord
  2
ACAD_NAV_VCDISPLAY
 70
     0
  0
APPID
  5
3A8
330
9
100
AcDbSymbolTableRecord
100
AcDbRegAppTableRecord
  2
AcAecLayerStandard
 70
     0
  0
APPID
  5
3A9
330
9
100
AcDbSymbolTableRecord
100
AcDbRegAppTableRecord
  2
AcCmTransparency
 70
     0
  0
APPID
  5
3DA
330
9
100
AcDbSymbolTableRecord
100
AcDbRegAppTableRecord
  2
ACAD_EXEMPT_FROM_CAD_STANDARDS
 70
     0
  0
APPID
  5
815
330
9
100
AcDbSymbolTableRecord
100
AcDbRegAppTableRecord
  2
AcadAnnoMonitorAlertIconDisabled
 70
     0
  0
ENDTAB
  0
TABLE
  2
DIMSTYLE
  5
A
330
0
100
AcDbSymbolTable
 70
     5
100
AcDbDimStyleTable
 71
     2
340
27
340
137
  0
DIMSTYLE
105
1B0
330
A
100
AcDbSymbolTableRecord
100
AcDbDimStyleTableRecord
  2
Standard
 70
     0
340
11
  0
DIMSTYLE
105
137
330
A
100
AcDbSymbolTableRecord
100
AcDbDimStyleTableRecord
  2
Аннотативный
 70
     0
 40
0.0
 41
2.5
 42
0.625
 43
3.75
 44
1.25
 73
     0
 74
     0
 77
     1
 78
     8
140
2.5
141
2.5
143
0.03937007874016
147
0.625
171
     3
172
     1
271
     2
272
     2
274
     3
278
    44
283
     0
284
     8
340
11
1001
AcadAnnotative
1000
AnnotativeData
1002
{
1070
     1
1070
     1
1002
}
1001
ACAD_DSTYLE_DIMJAG
1070
   388
1040
1.5
1001
ACAD_DSTYLE_DIMTALN
1070
   392
1070
     0
  0
DIMSTYLE
105
27
102
{ACAD_REACTORS
330
36F
330
512
330
557
330
5D0
330
63E
330
72B
330
7C1
330
7EB
102
}
330
A
100
AcDbSymbolTableRecord
100
AcDbDimStyleTableRecord
  2
ISO-25
 70
     0
 41
2.5
 42
0.625
 43
3.75
 44
1.25
 73
     0
 74
     0
 77
     1
 78
     8
140
2.5
141
2.5
143
0.03937007874016
147
0.625
171
     3
172
     1
271
     2
272
     2
274
     3
278
    44
283
     0
284
     8
340
11
  0
ENDTAB
  0
TABLE
  2
BLOCK_RECORD
  5
1
330
0
100
AcDbSymbolTable
 70
    44
  0
BLOCK_RECORD
  5
1F
102
{ACAD_XDICTIONARY
360
1CE
102
}
330
1
100
AcDbSymbolTableRecord
100
AcDbBlockTableRecord
  2
*Model_Space
340
22
 70
     0
280
     1
281
     0
  0
BLOCK_RECORD
  5
9A6
330
1
100
AcDbSymbolTableRecord
100
AcDbBlockTableRecord
  2
*Paper_Space
340
9A7
 70
     0
280
     1
281
     0
  0
BLOCK_RECORD
  5
2BA
330
1
100
AcDbSymbolTableRecord
100
AcDbBlockTableRecord
  2
Insert8
340
0
102
{BLKREFS
331
35B
102
}
 70
     0
280
     1
281
     0
  0
BLOCK_RECORD
  5
2C2
330
1
100
AcDbSymbolTableRecord
100
AcDbBlockTableRecord
  2
Insert9
340
0
102
{BLKREFS
331
35C
102
}
 70
     0
280
     1
281
     0
  0
BLOCK_RECORD
  5
371
330
1
100
AcDbSymbolTableRecord
100
AcDbBlockTableRecord
  2
*D4
340
0
 70
     0
280
     1
281
     0
  0
BLOCK_RECORD
  5
3AB
330
1
100
AcDbSymbolTableRecord
100
AcDbBlockTableRecord
  2
*D5
340
0
 70
     0
280
     1
281
     0
  0
BLOCK_RECORD
  5
3C3
330
1
100
AcDbSymbolTableRecord
100
AcDbBlockTableRecord
  2
*D6
340
0
 70
     0
280
     1
281
     0
  0
BLOCK_RECORD
  5
428
330
1
100
AcDbSymbolTableRecord
100
AcDbBlockTableRecord
  2
*D9
340
0
 70
     0
280
     1
281
     0
  0
BLOCK_RECORD
  5
440
330
1
100
AcDbSymbolTableRecord
100
AcDbBlockTableRecord
  2
*D10
340
0
 70
     0
280
     1
281
     0
  0
BLOCK_RECORD
  5
458
330
1
100
AcDbSymbolTableRecord
100
AcDbBlockTableRecord
  2
*D11
340
0
 70
     0
280
     1
281
     0
  0
BLOCK_RECORD
  5
470
330
1
100
AcDbSymbolTableRecord
100
AcDbBlockTableRecord
  2
*D12
340
0
 70
     0
280
     1
281
     0
  0
BLOCK_RECORD
  5
4C7
330
1
100
AcDbSymbolTableRecord
100
AcDbBlockTableRecord
  2
*D14
340
0
 70
     0
280
     1
281
     0
  0
BLOCK_RECORD
  5
4E8
330
1
100
AcDbSymbolTableRecord
100
AcDbBlockTableRecord
  2
*D15
340
0
 70
     0
280
     1
281
     0
  0
BLOCK_RECORD
  5
513
330
1
100
AcDbSymbolTableRecord
100
AcDbBlockTableRecord
  2
*D16
340
0
 70
     0
280
     1
281
     0
  0
BLOCK_RECORD
  5
558
330
1
100
AcDbSymbolTableRecord
100
AcDbBlockTableRecord
  2
*D17
340
0
 70
     0
280
     1
281
     0
  0
BLOCK_RECORD
  5
572
330
1
100
AcDbSymbolTableRecord
100
AcDbBlockTableRecord
  2
*D18
340
0
 70
     0
280
     1
281
     0
  0
BLOCK_RECORD
  5
5D1
330
1
100
AcDbSymbolTableRecord
100
AcDbBlockTableRecord
  2
*D20
340
0
 70
     0
280
     1
281
     0
  0
BLOCK_RECORD
  5
63F
330
1
100
AcDbSymbolTableRecord
100
AcDbBlockTableRecord
  2
*D22
340
0
 70
     0
280
     1
281
     0
  0
BLOCK_RECORD
  5
66B
330
1
100
AcDbSymbolTableRecord
100
AcDbBlockTableRecord
  2
*D23
340
0
 70
     0
280
     1
281
     0
  0
BLOCK_RECORD
  5
683
330
1
100
AcDbSymbolTableRecord
100
AcDbBlockTableRecord
  2
*D24
340
0
 70
     0
280
     1
281
     0
  0
BLOCK_RECORD
  5
6AF
330
1
100
AcDbSymbolTableRecord
100
AcDbBlockTableRecord
  2
*D25
340
0
 70
     0
280
     1
281
     0
  0
BLOCK_RECORD
  5
6C7
330
1
100
AcDbSymbolTableRecord
100
AcDbBlockTableRecord
  2
*D26
340
0
 70
     0
280
     1
281
     0
  0
BLOCK_RECORD
  5
6D8
330
1
100
AcDbSymbolTableRecord
100
AcDbBlockTableRecord
  2
*D27
340
0
 70
     0
280
     1
281
     0
  0
BLOCK_RECORD
  5
6F1
330
1
100
AcDbSymbolTableRecord
100
AcDbBlockTableRecord
  2
*D28
340
0
 70
     0
280
     1
281
     0
  0
BLOCK_RECORD
  5
72C
330
1
100
AcDbSymbolTableRecord
100
AcDbBlockTableRecord
  2
*D29
340
0
 70
     0
280
     1
281
     0
  0
BLOCK_RECORD
  5
75F
330
1
100
AcDbSymbolTableRecord
100
AcDbBlockTableRecord
  2
*D30
340
0
 70
     0
280
     1
281
     0
  0
BLOCK_RECORD
  5
777
330
1
100
AcDbSymbolTableRecord
100
AcDbBlockTableRecord
  2
*D31
340
0
 70
     0
280
     1
281
     0
  0
BLOCK_RECORD
  5
7C2
330
1
100
AcDbSymbolTableRecord
100
AcDbBlockTableRecord
  2
*D32
340
0
 70
     0
280
     1
281
     0
  0
BLOCK_RECORD
  5
7EC
330
1
100
AcDbSymbolTableRecord
100
AcDbBlockTableRecord
  2
*D33
340
0
 70
     0
280
     1
281
     0
  0
BLOCK_RECORD
  5
8A1
330
1
100
AcDbSymbolTableRecord
100
AcDbBlockTableRecord
  2
*D34
340
0
 70
     0
280
     1
281
     0
  0
BLOCK_RECORD
  5
8D3
330
1
100
AcDbSymbolTableRecord
100
AcDbBlockTableRecord
  2
*D35
340
0
 70
     0
280
     1
281
     0
  0
BLOCK_RECORD
  5
8EB
330
1
100
AcDbSymbolTableRecord
100
AcDbBlockTableRecord
  2
*D36
340
0
 70
     0
280
     1
281
     0
  0
BLOCK_RECORD
  5
903
330
1
100
AcDbSymbolTableRecord
100
AcDbBlockTableRecord
  2
*D37
340
0
 70
     0
280
     1
281
     0
  0
BLOCK_RECORD
  5
910
330
1
100
AcDbSymbolTableRecord
100
AcDbBlockTableRecord
  2
*D38
340
0
 70
     0
280
     1
281
     0
  0
BLOCK_RECORD
  5
93C
330
1
100
AcDbSymbolTableRecord
100
AcDbBlockTableRecord
  2
*D39
340
0
 70
     0
280
     1
281
     0
  0
BLOCK_RECORD
  5
954
330
1
100
AcDbSymbolTableRecord
100
AcDbBlockTableRecord
  2
*D40
340
0
 70
     0
280
     1
281
     0
  0
BLOCK_RECORD
  5
96B
330
1
100
AcDbSymbolTableRecord
100
AcDbBlockTableRecord
  2
*D41
340
0
 70
     0
280
     1
281
     0
  0
ENDTAB
  0
ENDSEC
  0
SECTION
  2
BLOCKS
  0
BLOCK
  5
20
330
1F
100
AcDbEntity
  8
0
100
AcDbBlockBegin
  2
*Model_Space
 70
     0
 10
0.0
 20
0.0
 30
0.0
  3
*Model_Space
  1

  0
ENDBLK
  5
21
330
1F
100
AcDbEntity
  8
0
100
AcDbBlockEnd
  0
BLOCK
  5
9A8
330
9A6
100
AcDbEntity
 67
     1
  8
0
100
AcDbBlockBegin
  2
*Paper_Space
 70
     0
 10
0.0
 20
0.0
 30
0.0
  3
*Paper_Space
  1

  0
ENDBLK
  5
9A9
330
9A6
100
AcDbEntity
 67
     1
  8
0
100
AcDbBlockEnd
  0
BLOCK
  5
2BB
330
2BA
100
AcDbEntity
  8
0
100
AcDbBlockBegin
  2
Insert8
 70
     0
 10
0.0
 20
0.0
 30
0.0
  3
Insert8
  1

  0
LINE
  5
2BC
330
2BA
100
AcDbEntity
  8
0
 62
     0
100
AcDbLine
 10
-3296.476965907245
 20
4182.678582361375
 30
0.0
 11
-3296.476965907245
 21
4199.678582361375
 31
0.0
  0
LINE
  5
2BD
330
2BA
100
AcDbEntity
  8
0
 62
     0
100
AcDbLine
 10
-3296.476965907245
 20
4199.678582361375
 30
0.0
 11
-3282.476965907245
 21
4199.678582361375
 31
0.0
  0
LINE
  5
2BE
330
2BA
100
AcDbEntity
  8
0
 62
     0
100
AcDbLine
 10
-3296.476965907245
 20
4694.678582361375
 30
0.0
 11
-3296.476965907245
 21
4677.678582361376
 31
0.0
  0
LINE
  5
2BF
330
2BA
100
AcDbEntity
  8
0
 62
     0
100
AcDbLine
 10
-3296.476965907245
 20
4677.678582361376
 30
0.0
 11
-3282.476965907245
 21
4677.678582361376
 31
0.0
  0
LWPOLYLINE
  5
2C0
330
2BA
100
AcDbEntity
  8
0
 62
     0
100
AcDbPolyline
 90
        4
 70
     1
 43
0.0
 10
-3282.476965907245
 20
4694.678582361375
 10
-3494.476965907244
 20
4694.678582361375
 10
-3494.476965907244
 20
4182.678582361375
 10
-3282.476965907245
 20
4182.678582361375
  0
ENDBLK
  5
2C1
330
2BA
100
AcDbEntity
  8
0
100
AcDbBlockEnd
  0
BLOCK
  5
2C3
330
2C2
100
AcDbEntity
  8
0
100
AcDbBlockBegin
  2
Insert9
 70
     0
 10
0.0
 20
0.0
 30
0.0
  3
Insert9
  1

  0
LINE
  5
2C4
330
2C2
100
AcDbEntity
  8
0
 62
     0
100
AcDbLine
 10
-3067.610311471076
 20
4182.621658539714
 30
0.0
 11
-3067.610311471076
 21
4199.621658539714
 31
0.0
  0
LINE
  5
2C5
330
2C2
100
AcDbEntity
  8
0
 62
     0
100
AcDbLine
 10
-3067.610311471076
 20
4199.621658539714
 30
0.0
 11
-3053.610311471076
 21
4199.621658539714
 31
0.0
  0
LINE
  5
2C6
330
2C2
100
AcDbEntity
  8
0
 62
     0
100
AcDbLine
 10
-3067.610311471076
 20
4694.621658539715
 30
0.0
 11
-3067.610311471076
 21
4677.621658539714
 31
0.0
  0
LINE
  5
2C7
330
2C2
100
AcDbEntity
  8
0
 62
     0
100
AcDbLine
 10
-3067.610311471076
 20
4677.621658539714
 30
0.0
 11
-3053.610311471076
 21
4677.621658539714
 31
0.0
  0
LWPOLYLINE
  5
2C8
330
2C2
100
AcDbEntity
  8
0
 62
     0
100
AcDbPolyline
 90
        4
 70
     1
 43
0.0
 10
-3053.610311471076
 20
4694.621658539715
 10
-3265.610311471076
 20
4694.621658539715
 10
-3265.610311471076
 20
4182.621658539716
 10
-3053.610311471076
 20
4182.621658539716
  0
ENDBLK
  5
2C9
330
2C2
100
AcDbEntity
  8
0
100
AcDbBlockEnd
  0
BLOCK
  5
372
330
371
100
AcDbEntity
  8
0
100
AcDbBlockBegin
  2
*D4
 70
     1
 10
0.0
 20
0.0
 30
0.0
  3
*D4
  1

  0
LINE
  5
37E
330
371
100
AcDbEntity
  8
0
 62
     0
440
 16777216
370
    -2
100
AcDbLine
 10
-0.6250000000000001
 20
719.0000000000002
 30
0.0
 11
-42.67087112679305
 21
719.0000000000002
 31
0.0
  0
LINE
  5
37F
330
371
100
AcDbEntity
  8
0
 62
     0
440
 16777216
370
    -2
100
AcDbLine
 10
-0.6250000000000001
 20
207.0000000000001
 30
0.0
 11
-42.67087112679294
 21
207.0000000000001
 31
0.0
  0
LINE
  5
380
330
371
100
AcDbEntity
  8
0
 62
     0
440
 16777216
370
    -2
100
AcDbLine
 10
-41.42087112679305
 20
716.5000000000002
 30
0.0
 11
-41.42087112679295
 21
209.5000000000001
 31
0.0
  0
SOLID
  5
381
330
371
100
AcDbEntity
  8
0
 62
     0
440
 16777216
100
AcDbTrace
 10
-41.83753779345972
 20
716.5000000000002
 30
0.0
 11
-41.00420446012639
 21
716.5000000000002
 31
0.0
 12
-41.42087112679305
 22
719.0000000000002
 32
0.0
 13
-41.42087112679305
 23
719.0000000000002
 33
0.0
  0
SOLID
  5
382
330
371
100
AcDbEntity
  8
0
 62
     0
440
 16777216
100
AcDbTrace
 10
-41.83753779345962
 20
209.5000000000001
 30
0.0
 11
-41.00420446012629
 21
209.5000000000001
 31
0.0
 12
-41.42087112679294
 22
207.0000000000001
 32
0.0
 13
-41.42087112679294
 23
207.0000000000001
 33
0.0
  0
MTEXT
  5
383
330
371
100
AcDbEntity
  8
0
 62
     0
440
 16777216
100
AcDbMText
 10
-43.3223035960971
 20
463.0000000000001
 30
0.0
 40
2.5
 41
0.0
 46
0.0
 71
     5
 72
     1
  1
512
 11
0.0000000000000001
 21
1.0
 31
0.0
 73
     1
 44
1.0
  0
POINT
  5
384
330
371
100
AcDbEntity
  8
Defpoints
 62
     0
440
 16777216
100
AcDbPoint
 10
0.0
 20
719.0000000000002
 30
0.0
  0
POINT
  5
385
330
371
100
AcDbEntity
  8
Defpoints
 62
     0
440
 16777216
100
AcDbPoint
 10
0.0
 20
207.0000000000001
 30
0.0
  0
POINT
  5
386
330
371
100
AcDbEntity
  8
Defpoints
 62
     0
440
 16777216
100
AcDbPoint
 10
-41.42087112679294
 20
207.0000000000001
 30
0.0
  0
ENDBLK
  5
373
330
371
100
AcDbEntity
  8
0
100
AcDbBlockEnd
  0
BLOCK
  5
3AC
330
3AB
100
AcDbEntity
  8
0
100
AcDbBlockBegin
  2
*D5
 70
     1
 10
0.0
 20
0.0
 30
0.0
  3
*D5
  1

  0
LINE
  5
3FD
330
3AB
100
AcDbEntity
  8
1
 62
     0
440
 16777216
370
    -2
100
AcDbLine
 10
1629.0
 20
628.6249999999999
 30
0.0
 11
1629.0
 21
651.25
 31
0.0
  0
LINE
  5
3FE
330
3AB
100
AcDbEntity
  8
1
 62
     0
440
 16777216
370
    -2
100
AcDbLine
 10
1448.999999999999
 20
628.6250000000002
 30
0.0
 11
1448.999999999999
 21
651.25
 31
0.0
  0
LINE
  5
3FF
330
3AB
100
AcDbEntity
  8
1
 62
     0
440
 16777216
370
    -2
100
AcDbLine
 10
1626.5
 20
650.0
 30
0.0
 11
1451.499999999999
 21
650.0
 31
0.0
  0
SOLID
  5
400
330
3AB
100
AcDbEntity
  8
1
 62
     0
440
 16777216
100
AcDbTrace
 10
1626.5
 20
650.4166666666666
 30
0.0
 11
1626.5
 21
649.5833333333333
 31
0.0
 12
1629.0
 22
650.0
 32
0.0
 13
1629.0
 23
650.0
 33
0.0
  0
SOLID
  5
401
330
3AB
100
AcDbEntity
  8
1
 62
     0
440
 16777216
100
AcDbTrace
 10
1451.499999999999
 20
650.4166666666666
 30
0.0
 11
1451.499999999999
 21
649.5833333333333
 31
0.0
 12
1448.999999999999
 22
650.0
 32
0.0
 13
1448.999999999999
 23
650.0
 33
0.0
  0
MTEXT
  5
402
330
3AB
100
AcDbEntity
  8
1
 62
     0
440
 16777216
100
AcDbMText
 10
1538.999999999999
 20
651.9014324693042
 30
0.0
 40
2.5
 41
0.0
 46
0.0
 71
     5
 72
     1
  1
180
 73
     1
 44
1.0
  0
POINT
  5
403
330
3AB
100
AcDbEntity
  8
Defpoints
 62
     0
440
 16777216
100
AcDbPoint
 10
1629.0
 20
628.0
 30
0.0
  0
POINT
  5
404
330
3AB
100
AcDbEntity
  8
Defpoints
 62
     0
440
 16777216
100
AcDbPoint
 10
1448.999999999999
 20
628.0000000000002
 30
0.0
  0
POINT
  5
405
330
3AB
100
AcDbEntity
  8
Defpoints
 62
     0
440
 16777216
100
AcDbPoint
 10
1448.999999999999
 20
650.0
 30
0.0
  0
ENDBLK
  5
3AD
330
3AB
100
AcDbEntity
  8
0
100
AcDbBlockEnd
  0
BLOCK
  5
3C4
330
3C3
100
AcDbEntity
  8
0
100
AcDbBlockBegin
  2
*D6
 70
     1
 10
0.0
 20
0.0
 30
0.0
  3
*D6
  1

  0
LINE
  5
416
330
3C3
100
AcDbEntity
  8
1
 62
     0
440
 16777216
370
    -2
100
AcDbLine
 10
1448.999999999999
 20
628.6250000000002
 30
0.0
 11
1448.999999999999
 21
651.25
 31
0.0
  0
LINE
  5
417
330
3C3
100
AcDbEntity
  8
1
 62
     0
440
 16777216
370
    -2
100
AcDbLine
 10
1269.0
 20
628.6250000000002
 30
0.0
 11
1269.0
 21
651.25
 31
0.0
  0
LINE
  5
418
330
3C3
100
AcDbEntity
  8
1
 62
     0
440
 16777216
370
    -2
100
AcDbLine
 10
1446.499999999999
 20
650.0
 30
0.0
 11
1271.5
 21
650.0
 31
0.0
  0
SOLID
  5
419
330
3C3
100
AcDbEntity
  8
1
 62
     0
440
 16777216
100
AcDbTrace
 10
1446.499999999999
 20
650.4166666666666
 30
0.0
 11
1446.499999999999
 21
649.5833333333333
 31
0.0
 12
1448.999999999999
 22
650.0
 32
0.0
 13
1448.999999999999
 23
650.0
 33
0.0
  0
SOLID
  5
41A
330
3C3
100
AcDbEntity
  8
1
 62
     0
440
 16777216
100
AcDbTrace
 10
1271.5
 20
650.4166666666666
 30
0.0
 11
1271.5
 21
649.5833333333333
 31
0.0
 12
1269.0
 22
650.0
 32
0.0
 13
1269.0
 23
650.0
 33
0.0
  0
MTEXT
  5
41B
330
3C3
100
AcDbEntity
  8
1
 62
     0
440
 16777216
100
AcDbMText
 10
1358.999999999999
 20
651.9014324693042
 30
0.0
 40
2.5
 41
0.0
 46
0.0
 71
     5
 72
     1
  1
180
 73
     1
 44
1.0
  0
POINT
  5
41C
330
3C3
100
AcDbEntity
  8
Defpoints
 62
     0
440
 16777216
100
AcDbPoint
 10
1448.999999999999
 20
628.0000000000002
 30
0.0
  0
POINT
  5
41D
330
3C3
100
AcDbEntity
  8
Defpoints
 62
     0
440
 16777216
100
AcDbPoint
 10
1269.0
 20
628.0000000000002
 30
0.0
  0
POINT
  5
41E
330
3C3
100
AcDbEntity
  8
Defpoints
 62
     0
440
 16777216
100
AcDbPoint
 10
1269.0
 20
650.0
 30
0.0
  0
ENDBLK
  5
3C5
330
3C3
100
AcDbEntity
  8
0
100
AcDbBlockEnd
  0
BLOCK
  5
429
330
428
100
AcDbEntity
  8
0
100
AcDbBlockBegin
  2
*D9
 70
     1
 10
0.0
 20
0.0
 30
0.0
  3
*D9
  1

  0
LINE
  5
5B5
330
428
100
AcDbEntity
  8
1
 62
     0
440
 16777216
370
    -2
100
AcDbLine
 10
1194.999999999999
 20
415.625
 30
0.0
 11
1194.999999999999
 21
431.0278418502512
 31
0.0
  0
LINE
  5
5B6
330
428
100
AcDbEntity
  8
1
 62
     0
440
 16777216
370
    -2
100
AcDbLine
 10
1314.999999999999
 20
415.625
 30
0.0
 11
1314.999999999999
 21
431.0278418502512
 31
0.0
  0
LINE
  5
5B7
330
428
100
AcDbEntity
  8
1
 62
     0
440
 16777216
370
    -2
100
AcDbLine
 10
1197.499999999999
 20
429.7778418502511
 30
0.0
 11
1312.5
 21
429.7778418502511
 31
0.0
  0
SOLID
  5
5B8
330
428
100
AcDbEntity
  8
1
 62
     0
440
 16777216
100
AcDbTrace
 10
1197.499999999999
 20
430.1945085169179
 30
0.0
 11
1197.499999999999
 21
429.3611751835845
 31
0.0
 12
1194.999999999999
 22
429.7778418502511
 32
0.0
 13
1194.999999999999
 23
429.7778418502511
 33
0.0
  0
SOLID
  5
5B9
330
428
100
AcDbEntity
  8
1
 62
     0
440
 16777216
100
AcDbTrace
 10
1312.5
 20
430.1945085169179
 30
0.0
 11
1312.5
 21
429.3611751835845
 31
0.0
 12
1314.999999999999
 22
429.7778418502511
 32
0.0
 13
1314.999999999999
 23
429.7778418502511
 33
0.0
  0
MTEXT
  5
5BA
330
428
100
AcDbEntity
  8
1
 62
     0
440
 16777216
100
AcDbMText
 10
1254.999999999999
 20
431.6792743195554
 30
0.0
 40
2.5
 41
0.0
 46
0.0
 71
     5
 72
     1
  1
120
 73
     1
 44
1.0
  0
POINT
  5
5BB
330
428
100
AcDbEntity
  8
Defpoints
 62
     0
440
 16777216
100
AcDbPoint
 10
1194.999999999999
 20
415.0000000000001
 30
0.0
  0
POINT
  5
5BC
330
428
100
AcDbEntity
  8
Defpoints
 62
     0
440
 16777216
100
AcDbPoint
 10
1314.999999999999
 20
415.0000000000001
 30
0.0
  0
POINT
  5
5BD
330
428
100
AcDbEntity
  8
Defpoints
 62
     0
440
 16777216
100
AcDbPoint
 10
1314.999999999999
 20
429.7778418502511
 30
0.0
  0
ENDBLK
  5
42A
330
428
100
AcDbEntity
  8
0
100
AcDbBlockEnd
  0
BLOCK
  5
441
330
440
100
AcDbEntity
  8
0
100
AcDbBlockBegin
  2
*D10
 70
     1
 10
0.0
 20
0.0
 30
0.0
  3
*D10
  1

  0
LINE
  5
5BE
330
440
100
AcDbEntity
  8
1
 62
     0
440
 16777216
370
    -2
100
AcDbLine
 10
1314.999999999999
 20
415.625
 30
0.0
 11
1314.999999999999
 21
430.9413947599023
 31
0.0
  0
LINE
  5
5BF
330
440
100
AcDbEntity
  8
1
 62
     0
440
 16777216
370
    -2
100
AcDbLine
 10
1464.999999999999
 20
415.625
 30
0.0
 11
1464.999999999999
 21
430.9413947599023
 31
0.0
  0
LINE
  5
5C0
330
440
100
AcDbEntity
  8
1
 62
     0
440
 16777216
370
    -2
100
AcDbLine
 10
1317.499999999999
 20
429.6913947599023
 30
0.0
 11
1462.499999999999
 21
429.6913947599023
 31
0.0
  0
SOLID
  5
5C1
330
440
100
AcDbEntity
  8
1
 62
     0
440
 16777216
100
AcDbTrace
 10
1317.499999999999
 20
430.108061426569
 30
0.0
 11
1317.499999999999
 21
429.2747280932356
 31
0.0
 12
1314.999999999999
 22
429.6913947599023
 32
0.0
 13
1314.999999999999
 23
429.6913947599023
 33
0.0
  0
SOLID
  5
5C2
330
440
100
AcDbEntity
  8
1
 62
     0
440
 16777216
100
AcDbTrace
 10
1462.499999999999
 20
430.108061426569
 30
0.0
 11
1462.499999999999
 21
429.2747280932356
 31
0.0
 12
1464.999999999999
 22
429.6913947599023
 32
0.0
 13
1464.999999999999
 23
429.6913947599023
 33
0.0
  0
MTEXT
  5
5C3
330
440
100
AcDbEntity
  8
1
 62
     0
440
 16777216
100
AcDbMText
 10
1389.999999999999
 20
431.5928272292065
 30
0.0
 40
2.5
 41
0.0
 46
0.0
 71
     5
 72
     1
  1
150
 73
     1
 44
1.0
  0
POINT
  5
5C4
330
440
100
AcDbEntity
  8
Defpoints
 62
     0
440
 16777216
100
AcDbPoint
 10
1314.999999999999
 20
415.0000000000001
 30
0.0
  0
POINT
  5
5C5
330
440
100
AcDbEntity
  8
Defpoints
 62
     0
440
 16777216
100
AcDbPoint
 10
1464.999999999999
 20
415.0
 30
0.0
  0
POINT
  5
5C6
330
440
100
AcDbEntity
  8
Defpoints
 62
     0
440
 16777216
100
AcDbPoint
 10
1464.999999999999
 20
429.6913947599023
 30
0.0
  0
ENDBLK
  5
442
330
440
100
AcDbEntity
  8
0
100
AcDbBlockEnd
  0
BLOCK
  5
459
330
458
100
AcDbEntity
  8
0
100
AcDbBlockBegin
  2
*D11
 70
     1
 10
0.0
 20
0.0
 30
0.0
  3
*D11
  1

  0
LINE
  5
490
330
458
100
AcDbEntity
  8
1
 62
     0
440
 16777216
370
    -2
100
AcDbLine
 10
1164.999999999999
 20
278.6250000000002
 30
0.0
 11
1164.999999999999
 21
301.1434776053993
 31
0.0
  0
LINE
  5
491
330
458
100
AcDbEntity
  8
1
 62
     0
440
 16777216
370
    -2
100
AcDbLine
 10
1272.999999999999
 20
278.6250000000001
 30
0.0
 11
1272.999999999999
 21
301.1434776053993
 31
0.0
  0
LINE
  5
492
330
458
100
AcDbEntity
  8
1
 62
     0
440
 16777216
370
    -2
100
AcDbLine
 10
1167.499999999999
 20
299.8934776053993
 30
0.0
 11
1270.499999999999
 21
299.8934776053993
 31
0.0
  0
SOLID
  5
493
330
458
100
AcDbEntity
  8
1
 62
     0
440
 16777216
100
AcDbTrace
 10
1167.499999999999
 20
300.310144272066
 30
0.0
 11
1167.499999999999
 21
299.4768109387326
 31
0.0
 12
1164.999999999999
 22
299.8934776053993
 32
0.0
 13
1164.999999999999
 23
299.8934776053993
 33
0.0
  0
SOLID
  5
494
330
458
100
AcDbEntity
  8
1
 62
     0
440
 16777216
100
AcDbTrace
 10
1270.499999999999
 20
300.310144272066
 30
0.0
 11
1270.499999999999
 21
299.4768109387326
 31
0.0
 12
1272.999999999999
 22
299.8934776053993
 32
0.0
 13
1272.999999999999
 23
299.8934776053993
 33
0.0
  0
MTEXT
  5
495
330
458
100
AcDbEntity
  8
1
 62
     0
440
 16777216
100
AcDbMText
 10
1218.999999999999
 20
301.7949100747035
 30
0.0
 40
2.5
 41
0.0
 46
0.0
 71
     5
 72
     1
  1
108
 73
     1
 44
1.0
  0
POINT
  5
496
330
458
100
AcDbEntity
  8
Defpoints
 62
     0
440
 16777216
100
AcDbPoint
 10
1164.999999999999
 20
278.0000000000002
 30
0.0
  0
POINT
  5
497
330
458
100
AcDbEntity
  8
Defpoints
 62
     0
440
 16777216
100
AcDbPoint
 10
1272.999999999999
 20
278.0000000000001
 30
0.0
  0
POINT
  5
498
330
458
100
AcDbEntity
  8
Defpoints
 62
     0
440
 16777216
100
AcDbPoint
 10
1272.999999999999
 20
299.8934776053993
 30
0.0
  0
ENDBLK
  5
45A
330
458
100
AcDbEntity
  8
0
100
AcDbBlockEnd
  0
BLOCK
  5
471
330
470
100
AcDbEntity
  8
0
100
AcDbBlockBegin
  2
*D12
 70
     1
 10
0.0
 20
0.0
 30
0.0
  3
*D12
  1

  0
LINE
  5
487
330
470
100
AcDbEntity
  8
1
 62
     0
440
 16777216
370
    -2
100
AcDbLine
 10
1272.999999999999
 20
278.6250000000001
 30
0.0
 11
1272.999999999999
 21
300.9395580322853
 31
0.0
  0
LINE
  5
488
330
470
100
AcDbEntity
  8
1
 62
     0
440
 16777216
370
    -2
100
AcDbLine
 10
1393.999999999999
 20
278.6250000000001
 30
0.0
 11
1393.999999999999
 21
300.9395580322853
 31
0.0
  0
LINE
  5
489
330
470
100
AcDbEntity
  8
1
 62
     0
440
 16777216
370
    -2
100
AcDbLine
 10
1275.499999999999
 20
299.6895580322853
 30
0.0
 11
1391.499999999999
 21
299.6895580322853
 31
0.0
  0
SOLID
  5
48A
330
470
100
AcDbEntity
  8
1
 62
     0
440
 16777216
100
AcDbTrace
 10
1275.499999999999
 20
300.106224698952
 30
0.0
 11
1275.499999999999
 21
299.2728913656186
 31
0.0
 12
1272.999999999999
 22
299.6895580322853
 32
0.0
 13
1272.999999999999
 23
299.6895580322853
 33
0.0
  0
SOLID
  5
48B
330
470
100
AcDbEntity
  8
1
 62
     0
440
 16777216
100
AcDbTrace
 10
1391.499999999999
 20
300.106224698952
 30
0.0
 11
1391.499999999999
 21
299.2728913656186
 31
0.0
 12
1393.999999999999
 22
299.6895580322853
 32
0.0
 13
1393.999999999999
 23
299.6895580322853
 33
0.0
  0
MTEXT
  5
48C
330
470
100
AcDbEntity
  8
1
 62
     0
440
 16777216
100
AcDbMText
 10
1333.499999999999
 20
301.5696739940861
 30
0.0
 40
2.5
 41
0.0
 46
0.0
 71
     5
 72
     1
  1
121
 73
     1
 44
1.0
  0
POINT
  5
48D
330
470
100
AcDbEntity
  8
Defpoints
 62
     0
440
 16777216
100
AcDbPoint
 10
1272.999999999999
 20
278.0000000000001
 30
0.0
  0
POINT
  5
48E
330
470
100
AcDbEntity
  8
Defpoints
 62
     0
440
 16777216
100
AcDbPoint
 10
1393.999999999999
 20
278.0000000000001
 30
0.0
  0
POINT
  5
48F
330
470
100
AcDbEntity
  8
Defpoints
 62
     0
440
 16777216
100
AcDbPoint
 10
1393.999999999999
 20
299.6895580322853
 30
0.0
  0
ENDBLK
  5
472
330
470
100
AcDbEntity
  8
0
100
AcDbBlockEnd
  0
BLOCK
  5
4C8
330
4C7
100
AcDbEntity
  8
0
100
AcDbBlockBegin
  2
*D14
 70
     1
 10
0.0
 20
0.0
 30
0.0
  3
*D14
  1

  0
LINE
  5
4DE
330
4C7
100
AcDbEntity
  8
1
 62
     0
440
 16777216
370
    -2
100
AcDbLine
 10
1425.625
 20
260.5000000000003
 30
0.0
 11
1435.438485705593
 21
260.5000000000003
 31
0.0
  0
LINE
  5
4DF
330
4C7
100
AcDbEntity
  8
1
 62
     0
440
 16777216
370
    -2
100
AcDbLine
 10
1425.625
 20
278.5000000000001
 30
0.0
 11
1435.438485705593
 21
278.5000000000001
 31
0.0
  0
LINE
  5
4E0
330
4C7
100
AcDbEntity
  8
1
 62
     0
440
 16777216
370
    -2
100
AcDbLine
 10
1434.188485705593
 20
263.0000000000003
 30
0.0
 11
1434.188485705593
 21
276.0000000000001
 31
0.0
  0
SOLID
  5
4E1
330
4C7
100
AcDbEntity
  8
1
 62
     0
440
 16777216
100
AcDbTrace
 10
1433.771819038927
 20
263.0000000000003
 30
0.0
 11
1434.60515237226
 21
263.0000000000003
 31
0.0
 12
1434.188485705593
 22
260.5000000000003
 32
0.0
 13
1434.188485705593
 23
260.5000000000003
 33
0.0
  0
SOLID
  5
4E2
330
4C7
100
AcDbEntity
  8
1
 62
     0
440
 16777216
100
AcDbTrace
 10
1433.771819038927
 20
276.0000000000001
 30
0.0
 11
1434.60515237226
 21
276.0000000000001
 31
0.0
 12
1434.188485705593
 22
278.5000000000001
 32
0.0
 13
1434.188485705593
 23
278.5000000000001
 33
0.0
  0
MTEXT
  5
4E3
330
4C7
100
AcDbEntity
  8
1
 62
     0
440
 16777216
100
AcDbMText
 10
1432.287053236289
 20
269.4999999999997
 30
0.0
 40
2.5
 41
0.0
 46
0.0
 71
     5
 72
     1
  1
18
 11
0.0000000000000001
 21
1.0
 31
0.0
 73
     1
 44
1.0
  0
POINT
  5
4E4
330
4C7
100
AcDbEntity
  8
Defpoints
 62
     0
440
 16777216
100
AcDbPoint
 10
1425.0
 20
260.5000000000003
 30
0.0
  0
POINT
  5
4E5
330
4C7
100
AcDbEntity
  8
Defpoints
 62
     0
440
 16777216
100
AcDbPoint
 10
1425.0
 20
278.5000000000001
 30
0.0
  0
POINT
  5
4E6
330
4C7
100
AcDbEntity
  8
Defpoints
 62
     0
440
 16777216
100
AcDbPoint
 10
1434.188485705593
 20
278.5000000000001
 30
0.0
  0
ENDBLK
  5
4C9
330
4C7
100
AcDbEntity
  8
0
100
AcDbBlockEnd
  0
BLOCK
  5
4E9
330
4E8
100
AcDbEntity
  8
0
100
AcDbBlockBegin
  2
*D15
 70
     1
 10
0.0
 20
0.0
 30
0.0
  3
*D15
  1

  0
LINE
  5
4FF
330
4E8
100
AcDbEntity
  8
1
 62
     0
440
 16777216
370
    -2
100
AcDbLine
 10
1614.0
 20
628.6249999999999
 30
0.0
 11
1614.0
 21
636.8154884897433
 31
0.0
  0
LINE
  5
500
330
4E8
100
AcDbEntity
  8
1
 62
     0
440
 16777216
370
    -2
100
AcDbLine
 10
1629.0
 20
628.6249999999999
 30
0.0
 11
1629.0
 21
636.8154884897433
 31
0.0
  0
LINE
  5
501
330
4E8
100
AcDbEntity
  8
1
 62
     0
440
 16777216
370
    -2
100
AcDbLine
 10
1616.5
 20
635.5654884897433
 30
0.0
 11
1626.5
 21
635.5654884897433
 31
0.0
  0
SOLID
  5
502
330
4E8
100
AcDbEntity
  8
1
 62
     0
440
 16777216
100
AcDbTrace
 10
1616.5
 20
635.9821551564099
 30
0.0
 11
1616.5
 21
635.1488218230766
 31
0.0
 12
1614.0
 22
635.5654884897433
 32
0.0
 13
1614.0
 23
635.5654884897433
 33
0.0
  0
SOLID
  5
503
330
4E8
100
AcDbEntity
  8
1
 62
     0
440
 16777216
100
AcDbTrace
 10
1626.5
 20
635.9821551564099
 30
0.0
 11
1626.5
 21
635.1488218230766
 31
0.0
 12
1629.0
 22
635.5654884897433
 32
0.0
 13
1629.0
 23
635.5654884897433
 33
0.0
  0
MTEXT
  5
504
330
4E8
100
AcDbEntity
  8
1
 62
     0
440
 16777216
100
AcDbMText
 10
1621.499999999999
 20
637.4669209590475
 30
0.0
 40
2.5
 41
0.0
 46
0.0
 71
     5
 72
     1
  1
15
 73
     1
 44
1.0
  0
POINT
  5
505
330
4E8
100
AcDbEntity
  8
Defpoints
 62
     0
440
 16777216
100
AcDbPoint
 10
1614.0
 20
628.0
 30
0.0
  0
POINT
  5
506
330
4E8
100
AcDbEntity
  8
Defpoints
 62
     0
440
 16777216
100
AcDbPoint
 10
1629.0
 20
628.0
 30
0.0
  0
POINT
  5
507
330
4E8
100
AcDbEntity
  8
Defpoints
 62
     0
440
 16777216
100
AcDbPoint
 10
1629.0
 20
635.5654884897433
 30
0.0
  0
ENDBLK
  5
4EA
330
4E8
100
AcDbEntity
  8
0
100
AcDbBlockEnd
  0
BLOCK
  5
514
330
513
100
AcDbEntity
  8
0
100
AcDbBlockBegin
  2
*D16
 70
     1
 10
0.0
 20
0.0
 30
0.0
  3
*D16
  1

  0
LINE
  5
54E
330
513
100
AcDbEntity
  8
1
 62
     0
440
 16777216
370
    -2
100
AcDbLine
 10
1144.999999999999
 20
278.6250000000002
 30
0.0
 11
1144.999999999999
 21
285.25
 31
0.0
  0
LINE
  5
54F
330
513
100
AcDbEntity
  8
1
 62
     0
440
 16777216
370
    -2
100
AcDbLine
 10
1425.0
 20
278.6250000000002
 30
0.0
 11
1425.0
 21
285.25
 31
0.0
  0
LINE
  5
550
330
513
100
AcDbEntity
  8
1
 62
     0
440
 16777216
370
    -2
100
AcDbLine
 10
1149.999999999999
 20
284.0
 30
0.0
 11
1419.999999999999
 21
284.0
 31
0.0
  0
SOLID
  5
551
330
513
100
AcDbEntity
  8
1
 62
     0
440
 16777216
100
AcDbTrace
 10
1149.999999999999
 20
284.8333333333333
 30
0.0
 11
1149.999999999999
 21
283.1666666666667
 31
0.0
 12
1144.999999999999
 22
284.0
 32
0.0
 13
1144.999999999999
 23
284.0
 33
0.0
  0
SOLID
  5
552
330
513
100
AcDbEntity
  8
1
 62
     0
440
 16777216
100
AcDbTrace
 10
1419.999999999999
 20
284.8333333333333
 30
0.0
 11
1419.999999999999
 21
283.1666666666667
 31
0.0
 12
1425.0
 22
284.0
 32
0.0
 13
1425.0
 23
284.0
 33
0.0
  0
MTEXT
  5
553
330
513
100
AcDbEntity
  8
1
 62
     0
440
 16777216
100
AcDbMText
 10
1280.39466067118
 20
287.6884379263302
 30
0.0
 40
6.0
 41
0.0
 46
0.0
 71
     5
 72
     1
  1
280
 73
     1
 44
1.0
  0
POINT
  5
554
330
513
100
AcDbEntity
  8
Defpoints
 62
     0
440
 16777216
100
AcDbPoint
 10
1144.999999999999
 20
278.0000000000002
 30
0.0
  0
POINT
  5
555
330
513
100
AcDbEntity
  8
Defpoints
 62
     0
440
 16777216
100
AcDbPoint
 10
1425.0
 20
278.0000000000002
 30
0.0
  0
POINT
  5
556
330
513
100
AcDbEntity
  8
Defpoints
 62
     0
440
 16777216
100
AcDbPoint
 10
1425.0
 20
284.0
 30
0.0
  0
ENDBLK
  5
515
330
513
100
AcDbEntity
  8
0
100
AcDbBlockEnd
  0
BLOCK
  5
559
330
558
100
AcDbEntity
  8
0
100
AcDbBlockBegin
  2
*D17
 70
     1
 10
0.0
 20
0.0
 30
0.0
  3
*D17
  1

  0
LINE
  5
896
330
558
100
AcDbEntity
  8
1
 62
     0
440
 16777216
370
    -2
100
AcDbLine
 10
1644.999999999999
 20
485.625
 30
0.0
 11
1644.999999999999
 21
486.2499999999999
 31
0.0
  0
LINE
  5
897
330
558
100
AcDbEntity
  8
1
 62
     0
440
 16777216
370
    -2
100
AcDbLine
 10
1494.999999999999
 20
485.625
 30
0.0
 11
1494.999999999999
 21
486.2499999999999
 31
0.0
  0
LINE
  5
898
330
558
100
AcDbEntity
  8
1
 62
     0
440
 16777216
370
    -2
100
AcDbLine
 10
1639.999999999999
 20
485.0
 30
0.0
 11
1500.0
 21
485.0
 31
0.0
  0
SOLID
  5
899
330
558
100
AcDbEntity
  8
1
 62
     0
440
 16777216
100
AcDbTrace
 10
1639.999999999999
 20
485.8333333333333
 30
0.0
 11
1639.999999999999
 21
484.1666666666666
 31
0.0
 12
1644.999999999999
 22
485.0
 32
0.0
 13
1644.999999999999
 23
485.0
 33
0.0
  0
SOLID
  5
89A
330
558
100
AcDbEntity
  8
1
 62
     0
440
 16777216
100
AcDbTrace
 10
1500.0
 20
485.8333333333333
 30
0.0
 11
1500.0
 21
484.1666666666666
 31
0.0
 12
1494.999999999999
 22
485.0
 32
0.0
 13
1494.999999999999
 23
485.0
 33
0.0
  0
MTEXT
  5
89B
330
558
100
AcDbEntity
  8
1
 62
     0
440
 16777216
100
AcDbMText
 10
1569.999999999999
 20
488.6884379263301
 30
0.0
 40
6.0
 41
0.0
 46
0.0
 71
     5
 72
     1
  1
150
 73
     1
 44
1.0
  0
POINT
  5
89C
330
558
100
AcDbEntity
  8
Defpoints
 62
     0
440
 16777216
100
AcDbPoint
 10
1644.999999999999
 20
485.0
 30
0.0
  0
POINT
  5
89D
330
558
100
AcDbEntity
  8
Defpoints
 62
     0
440
 16777216
100
AcDbPoint
 10
1494.999999999999
 20
485.0
 30
0.0
  0
POINT
  5
89E
330
558
100
AcDbEntity
  8
Defpoints
 62
     0
440
 16777216
100
AcDbPoint
 10
1494.999999999999
 20
485.0
 30
0.0
  0
ENDBLK
  5
55A
330
558
100
AcDbEntity
  8
0
100
AcDbBlockEnd
  0
BLOCK
  5
573
330
572
100
AcDbEntity
  8
0
100
AcDbBlockBegin
  2
*D18
 70
     1
 10
0.0
 20
0.0
 30
0.0
  3
*D18
  1

  0
LINE
  5
57F
330
572
100
AcDbEntity
  8
1
 62
     0
440
 16777216
370
    -2
100
AcDbLine
 10
1144.999999999999
 20
415.625
 30
0.0
 11
1144.999999999999
 21
431.25
 31
0.0
  0
LINE
  5
580
330
572
100
AcDbEntity
  8
1
 62
     0
440
 16777216
370
    -2
100
AcDbLine
 10
1169.999999999999
 20
415.625
 30
0.0
 11
1169.999999999999
 21
431.25
 31
0.0
  0
LINE
  5
581
330
572
100
AcDbEntity
  8
1
 62
     0
440
 16777216
370
    -2
100
AcDbLine
 10
1147.499999999999
 20
430.0
 30
0.0
 11
1167.499999999999
 21
430.0
 31
0.0
  0
SOLID
  5
582
330
572
100
AcDbEntity
  8
1
 62
     0
440
 16777216
100
AcDbTrace
 10
1147.499999999999
 20
430.4166666666667
 30
0.0
 11
1147.499999999999
 21
429.5833333333333
 31
0.0
 12
1144.999999999999
 22
430.0
 32
0.0
 13
1144.999999999999
 23
430.0
 33
0.0
  0
SOLID
  5
583
330
572
100
AcDbEntity
  8
1
 62
     0
440
 16777216
100
AcDbTrace
 10
1167.499999999999
 20
430.4166666666667
 30
0.0
 11
1167.499999999999
 21
429.5833333333333
 31
0.0
 12
1169.999999999999
 22
430.0
 32
0.0
 13
1169.999999999999
 23
430.0
 33
0.0
  0
MTEXT
  5
584
330
572
100
AcDbEntity
  8
1
 62
     0
440
 16777216
100
AcDbMText
 10
1157.499999999999
 20
431.9014324693042
 30
0.0
 40
2.5
 41
0.0
 46
0.0
 71
     5
 72
     1
  1
25
 73
     1
 44
1.0
  0
POINT
  5
585
330
572
100
AcDbEntity
  8
Defpoints
 62
     0
440
 16777216
100
AcDbPoint
 10
1144.999999999999
 20
415.0000000000001
 30
0.0
  0
POINT
  5
586
330
572
100
AcDbEntity
  8
Defpoints
 62
     0
440
 16777216
100
AcDbPoint
 10
1169.999999999999
 20
415.0000000000001
 30
0.0
  0
POINT
  5
587
330
572
100
AcDbEntity
  8
Defpoints
 62
     0
440
 16777216
100
AcDbPoint
 10
1169.999999999999
 20
430.0
 30
0.0
  0
ENDBLK
  5
574
330
572
100
AcDbEntity
  8
0
100
AcDbBlockEnd
  0
BLOCK
  5
5D2
330
5D1
100
AcDbEntity
  8
0
100
AcDbBlockBegin
  2
*D20
 70
     1
 10
0.0
 20
0.0
 30
0.0
  3
*D20
  1

  0
LINE
  5
603
330
5D1
100
AcDbEntity
  8
1
 62
     0
440
 16777216
370
    -2
100
AcDbLine
 10
1494.999999999999
 20
415.625
 30
0.0
 11
1494.999999999999
 21
422.25
 31
0.0
  0
LINE
  5
604
330
5D1
100
AcDbEntity
  8
1
 62
     0
440
 16777216
370
    -2
100
AcDbLine
 10
1169.999999999999
 20
415.625
 30
0.0
 11
1169.999999999999
 21
422.25
 31
0.0
  0
LINE
  5
605
330
5D1
100
AcDbEntity
  8
1
 62
     0
440
 16777216
370
    -2
100
AcDbLine
 10
1489.999999999999
 20
421.0
 30
0.0
 11
1174.999999999999
 21
421.0
 31
0.0
  0
SOLID
  5
606
330
5D1
100
AcDbEntity
  8
1
 62
     0
440
 16777216
100
AcDbTrace
 10
1489.999999999999
 20
421.8333333333332
 30
0.0
 11
1489.999999999999
 21
420.1666666666667
 31
0.0
 12
1494.999999999999
 22
421.0
 32
0.0
 13
1494.999999999999
 23
421.0
 33
0.0
  0
SOLID
  5
607
330
5D1
100
AcDbEntity
  8
1
 62
     0
440
 16777216
100
AcDbTrace
 10
1174.999999999999
 20
421.8333333333332
 30
0.0
 11
1174.999999999999
 21
420.1666666666667
 31
0.0
 12
1169.999999999999
 22
421.0
 32
0.0
 13
1169.999999999999
 23
421.0
 33
0.0
  0
MTEXT
  5
608
330
5D1
100
AcDbEntity
  8
1
 62
     0
440
 16777216
100
AcDbMText
 10
1332.499999999999
 20
424.6904843110504
 30
0.0
 40
6.0
 41
0.0
 46
0.0
 71
     5
 72
     1
  1
325
 73
     1
 44
1.0
  0
POINT
  5
609
330
5D1
100
AcDbEntity
  8
Defpoints
 62
     0
440
 16777216
100
AcDbPoint
 10
1494.999999999999
 20
415.0000000000001
 30
0.0
  0
POINT
  5
60A
330
5D1
100
AcDbEntity
  8
Defpoints
 62
     0
440
 16777216
100
AcDbPoint
 10
1169.999999999999
 20
415.0000000000001
 30
0.0
  0
POINT
  5
60B
330
5D1
100
AcDbEntity
  8
Defpoints
 62
     0
440
 16777216
100
AcDbPoint
 10
1169.999999999999
 20
421.0
 30
0.0
  0
ENDBLK
  5
5D3
330
5D1
100
AcDbEntity
  8
0
100
AcDbBlockEnd
  0
BLOCK
  5
640
330
63F
100
AcDbEntity
  8
0
100
AcDbBlockBegin
  2
*D22
 70
     1
 10
0.0
 20
0.0
 30
0.0
  3
*D22
  1

  0
LINE
  5
65F
330
63F
100
AcDbEntity
  8
1
 62
     0
440
 16777216
370
    -2
100
AcDbLine
 10
1224.999999999999
 20
628.6250000000004
 30
0.0
 11
1224.999999999999
 21
635.25
 31
0.0
  0
LINE
  5
660
330
63F
100
AcDbEntity
  8
1
 62
     0
440
 16777216
370
    -2
100
AcDbLine
 10
1644.999999999999
 20
628.6249999999999
 30
0.0
 11
1644.999999999999
 21
635.25
 31
0.0
  0
LINE
  5
661
330
63F
100
AcDbEntity
  8
1
 62
     0
440
 16777216
370
    -2
100
AcDbLine
 10
1229.999999999999
 20
634.0
 30
0.0
 11
1639.999999999999
 21
634.0
 31
0.0
  0
SOLID
  5
662
330
63F
100
AcDbEntity
  8
1
 62
     0
440
 16777216
100
AcDbTrace
 10
1229.999999999999
 20
634.8333333333333
 30
0.0
 11
1229.999999999999
 21
633.1666666666666
 31
0.0
 12
1224.999999999999
 22
634.0
 32
0.0
 13
1224.999999999999
 23
634.0
 33
0.0
  0
SOLID
  5
663
330
63F
100
AcDbEntity
  8
1
 62
     0
440
 16777216
100
AcDbTrace
 10
1639.999999999999
 20
634.8333333333333
 30
0.0
 11
1639.999999999999
 21
633.1666666666666
 31
0.0
 12
1644.999999999999
 22
634.0
 32
0.0
 13
1644.999999999999
 23
634.0
 33
0.0
  0
MTEXT
  5
664
330
63F
100
AcDbEntity
  8
1
 62
     0
440
 16777216
100
AcDbMText
 10
1434.999999999999
 20
637.6884379263302
 30
0.0
 40
6.0
 41
0.0
 46
0.0
 71
     5
 72
     1
  1
420
 73
     1
 44
1.0
  0
POINT
  5
665
330
63F
100
AcDbEntity
  8
Defpoints
 62
     0
440
 16777216
100
AcDbPoint
 10
1224.999999999999
 20
628.0000000000004
 30
0.0
  0
POINT
  5
666
330
63F
100
AcDbEntity
  8
Defpoints
 62
     0
440
 16777216
100
AcDbPoint
 10
1644.999999999999
 20
628.0
 30
0.0
  0
POINT
  5
667
330
63F
100
AcDbEntity
  8
Defpoints
 62
     0
440
 16777216
100
AcDbPoint
 10
1644.999999999999
 20
634.0
 30
0.0
  0
ENDBLK
  5
641
330
63F
100
AcDbEntity
  8
0
100
AcDbBlockEnd
  0
BLOCK
  5
66C
330
66B
100
AcDbEntity
  8
0
100
AcDbBlockBegin
  2
*D23
 70
     1
 10
0.0
 20
0.0
 30
0.0
  3
*D23
  1

  0
LINE
  5
6A4
330
66B
100
AcDbEntity
  8
1
 62
     0
440
 16777216
370
    -2
100
AcDbLine
 10
1488.0
 20
519.625
 30
0.0
 11
1488.0
 21
526.2499999999997
 31
0.0
  0
LINE
  5
6A5
330
66B
100
AcDbEntity
  8
1
 62
     0
440
 16777216
370
    -2
100
AcDbLine
 10
1488.0
 20
519.625
 30
0.0
 11
1488.0
 21
526.2499999999997
 31
0.0
  0
LINE
  5
6A6
330
66B
100
AcDbEntity
  8
1
 62
     0
440
 16777216
370
    -2
100
AcDbLine
 10
1485.5
 20
524.9999999999998
 30
0.0
 11
1483.0
 21
524.9999999999998
 31
0.0
  0
LINE
  5
6A7
330
66B
100
AcDbEntity
  8
1
 62
     0
440
 16777216
370
    -2
100
AcDbLine
 10
1490.5
 20
524.9999999999998
 30
0.0
 11
1495.880286493861
 21
524.9999999999998
 31
0.0
  0
SOLID
  5
6A8
330
66B
100
AcDbEntity
  8
1
 62
     0
440
 16777216
100
AcDbTrace
 10
1485.5
 20
525.4166666666663
 30
0.0
 11
1485.5
 21
524.5833333333331
 31
0.0
 12
1488.0
 22
524.9999999999998
 32
0.0
 13
1488.0
 23
524.9999999999998
 33
0.0
  0
SOLID
  5
6A9
330
66B
100
AcDbEntity
  8
1
 62
     0
440
 16777216
100
AcDbTrace
 10
1490.5
 20
525.4166666666663
 30
0.0
 11
1490.5
 21
524.5833333333331
 31
0.0
 12
1488.0
 22
524.9999999999998
 32
0.0
 13
1488.0
 23
524.9999999999998
 33
0.0
  0
MTEXT
  5
6AA
330
66B
100
AcDbEntity
  8
1
 62
     0
440
 16777216
100
AcDbMText
 10
1494.44014324693
 20
526.901432469304
 30
0.0
 40
2.5
 41
0.0
 46
0.0
 71
     5
 72
     1
  1
0
 73
     1
 44
1.0
  0
POINT
  5
6AB
330
66B
100
AcDbEntity
  8
Defpoints
 62
     0
440
 16777216
100
AcDbPoint
 10
1488.0
 20
519.0
 30
0.0
  0
POINT
  5
6AC
330
66B
100
AcDbEntity
  8
Defpoints
 62
     0
440
 16777216
100
AcDbPoint
 10
1488.0
 20
519.0
 30
0.0
  0
POINT
  5
6AD
330
66B
100
AcDbEntity
  8
Defpoints
 62
     0
440
 16777216
100
AcDbPoint
 10
1488.0
 20
524.9999999999998
 30
0.0
  0
ENDBLK
  5
66D
330
66B
100
AcDbEntity
  8
0
100
AcDbBlockEnd
  0
BLOCK
  5
684
330
683
100
AcDbEntity
  8
0
100
AcDbBlockBegin
  2
*D24
 70
     1
 10
0.0
 20
0.0
 30
0.0
  3
*D24
  1

  0
LINE
  5
69A
330
683
100
AcDbEntity
  8
1
 62
     0
440
 16777216
370
    -2
100
AcDbLine
 10
1193.0
 20
519.625
 30
0.0
 11
1193.0
 21
525.25
 31
0.0
  0
LINE
  5
69B
330
683
100
AcDbEntity
  8
1
 62
     0
440
 16777216
370
    -2
100
AcDbLine
 10
1193.0
 20
519.625
 30
0.0
 11
1193.0
 21
525.25
 31
0.0
  0
LINE
  5
69C
330
683
100
AcDbEntity
  8
1
 62
     0
440
 16777216
370
    -2
100
AcDbLine
 10
1190.5
 20
524.0
 30
0.0
 11
1188.0
 21
524.0
 31
0.0
  0
LINE
  5
69D
330
683
100
AcDbEntity
  8
1
 62
     0
440
 16777216
370
    -2
100
AcDbLine
 10
1195.5
 20
524.0
 30
0.0
 11
1200.880286493861
 21
524.0
 31
0.0
  0
SOLID
  5
69E
330
683
100
AcDbEntity
  8
1
 62
     0
440
 16777216
100
AcDbTrace
 10
1190.5
 20
524.4166666666666
 30
0.0
 11
1190.5
 21
523.5833333333333
 31
0.0
 12
1193.0
 22
524.0
 32
0.0
 13
1193.0
 23
524.0
 33
0.0
  0
SOLID
  5
69F
330
683
100
AcDbEntity
  8
1
 62
     0
440
 16777216
100
AcDbTrace
 10
1195.5
 20
524.4166666666666
 30
0.0
 11
1195.5
 21
523.5833333333333
 31
0.0
 12
1193.0
 22
524.0
 32
0.0
 13
1193.0
 23
524.0
 33
0.0
  0
MTEXT
  5
6A0
330
683
100
AcDbEntity
  8
1
 62
     0
440
 16777216
100
AcDbMText
 10
1199.44014324693
 20
525.9014324693042
 30
0.0
 40
2.5
 41
0.0
 46
0.0
 71
     5
 72
     1
  1
0
 73
     1
 44
1.0
  0
POINT
  5
6A1
330
683
100
AcDbEntity
  8
Defpoints
 62
     0
440
 16777216
100
AcDbPoint
 10
1193.0
 20
519.0
 30
0.0
  0
POINT
  5
6A2
330
683
100
AcDbEntity
  8
Defpoints
 62
     0
440
 16777216
100
AcDbPoint
 10
1193.0
 20
519.0
 30
0.0
  0
POINT
  5
6A3
330
683
100
AcDbEntity
  8
Defpoints
 62
     0
440
 16777216
100
AcDbPoint
 10
1193.0
 20
524.0
 30
0.0
  0
ENDBLK
  5
685
330
683
100
AcDbEntity
  8
0
100
AcDbBlockEnd
  0
BLOCK
  5
6B0
330
6AF
100
AcDbEntity
  8
0
100
AcDbBlockBegin
  2
*D25
 70
     1
 10
0.0
 20
0.0
 30
0.0
  3
*D25
  1

  0
LINE
  5
6BC
330
6AF
100
AcDbEntity
  8
1
 62
     0
440
 16777216
370
    -2
100
AcDbLine
 10
1193.625
 20
519.0000000000002
 30
0.0
 11
1211.250000000001
 21
519.0000000000002
 31
0.0
  0
LINE
  5
6BD
330
6AF
100
AcDbEntity
  8
1
 62
     0
440
 16777216
370
    -2
100
AcDbLine
 10
1193.625
 20
504.0000000000002
 30
0.0
 11
1211.250000000001
 21
504.0000000000002
 31
0.0
  0
LINE
  5
6BE
330
6AF
100
AcDbEntity
  8
1
 62
     0
440
 16777216
370
    -2
100
AcDbLine
 10
1210.000000000001
 20
516.5000000000002
 30
0.0
 11
1210.000000000001
 21
506.5000000000002
 31
0.0
  0
SOLID
  5
6BF
330
6AF
100
AcDbEntity
  8
1
 62
     0
440
 16777216
100
AcDbTrace
 10
1209.583333333334
 20
516.5000000000002
 30
0.0
 11
1210.416666666667
 21
516.5000000000002
 31
0.0
 12
1210.000000000001
 22
519.0000000000002
 32
0.0
 13
1210.000000000001
 23
519.0000000000002
 33
0.0
  0
SOLID
  5
6C0
330
6AF
100
AcDbEntity
  8
1
 62
     0
440
 16777216
100
AcDbTrace
 10
1209.583333333334
 20
506.5000000000002
 30
0.0
 11
1210.416666666668
 21
506.5000000000002
 31
0.0
 12
1210.000000000001
 22
504.0000000000002
 32
0.0
 13
1210.000000000001
 23
504.0000000000002
 33
0.0
  0
MTEXT
  5
6C1
330
6AF
100
AcDbEntity
  8
1
 62
     0
440
 16777216
100
AcDbMText
 10
1208.098567530696
 20
511.4999999999998
 30
0.0
 40
2.5
 41
0.0
 46
0.0
 71
     5
 72
     1
  1
15
 11
0.0000000000000001
 21
1.0
 31
0.0
 73
     1
 44
1.0
  0
POINT
  5
6C2
330
6AF
100
AcDbEntity
  8
Defpoints
 62
     0
440
 16777216
100
AcDbPoint
 10
1193.0
 20
519.0000000000002
 30
0.0
  0
POINT
  5
6C3
330
6AF
100
AcDbEntity
  8
Defpoints
 62
     0
440
 16777216
100
AcDbPoint
 10
1193.0
 20
504.0000000000002
 30
0.0
  0
POINT
  5
6C4
330
6AF
100
AcDbEntity
  8
Defpoints
 62
     0
440
 16777216
100
AcDbPoint
 10
1210.000000000001
 20
504.0000000000002
 30
0.0
  0
ENDBLK
  5
6B1
330
6AF
100
AcDbEntity
  8
0
100
AcDbBlockEnd
  0
BLOCK
  5
6C8
330
6C7
100
AcDbEntity
  8
0
100
AcDbBlockBegin
  2
*D26
 70
     1
 10
0.0
 20
0.0
 30
0.0
  3
*D26
  1

  0
LINE
  5
6CA
330
6C7
100
AcDbEntity
  8
1
 62
     0
440
 16777216
370
    -2
100
AcDbLine
 10
1193.625
 20
519.0000000000002
 30
0.0
 11
1211.25
 21
519.0000000000002
 31
0.0
  0
LINE
  5
6CB
330
6C7
100
AcDbEntity
  8
1
 62
     0
440
 16777216
370
    -2
100
AcDbLine
 10
1193.625
 20
534.0000000000002
 30
0.0
 11
1211.25
 21
534.0000000000002
 31
0.0
  0
LINE
  5
6CC
330
6C7
100
AcDbEntity
  8
1
 62
     0
440
 16777216
370
    -2
100
AcDbLine
 10
1210.0
 20
521.5000000000002
 30
0.0
 11
1210.0
 21
531.5000000000002
 31
0.0
  0
SOLID
  5
6CD
330
6C7
100
AcDbEntity
  8
1
 62
     0
440
 16777216
100
AcDbTrace
 10
1209.583333333333
 20
521.5000000000002
 30
0.0
 11
1210.416666666667
 21
521.5000000000002
 31
0.0
 12
1210.0
 22
519.0000000000002
 32
0.0
 13
1210.0
 23
519.0000000000002
 33
0.0
  0
SOLID
  5
6CE
330
6C7
100
AcDbEntity
  8
1
 62
     0
440
 16777216
100
AcDbTrace
 10
1209.583333333333
 20
531.5000000000002
 30
0.0
 11
1210.416666666667
 21
531.5000000000002
 31
0.0
 12
1210.0
 22
534.0000000000002
 32
0.0
 13
1210.0
 23
534.0000000000002
 33
0.0
  0
MTEXT
  5
6CF
330
6C7
100
AcDbEntity
  8
1
 62
     0
440
 16777216
100
AcDbMText
 10
1208.098567530696
 20
526.4999999999997
 30
0.0
 40
2.5
 41
0.0
 46
0.0
 71
     5
 72
     1
  1
15
 11
0.0000000000000001
 21
1.0
 31
0.0
 73
     1
 44
1.0
  0
POINT
  5
6D0
330
6C7
100
AcDbEntity
  8
Defpoints
 62
     0
440
 16777216
100
AcDbPoint
 10
1193.0
 20
519.0000000000002
 30
0.0
  0
POINT
  5
6D1
330
6C7
100
AcDbEntity
  8
Defpoints
 62
     0
440
 16777216
100
AcDbPoint
 10
1193.0
 20
534.0000000000002
 30
0.0
  0
POINT
  5
6D2
330
6C7
100
AcDbEntity
  8
Defpoints
 62
     0
440
 16777216
100
AcDbPoint
 10
1210.0
 20
534.0000000000002
 30
0.0
  0
ENDBLK
  5
6C9
330
6C7
100
AcDbEntity
  8
0
100
AcDbBlockEnd
  0
BLOCK
  5
6D9
330
6D8
100
AcDbEntity
  8
0
100
AcDbBlockBegin
  2
*D27
 70
     1
 10
0.0
 20
0.0
 30
0.0
  3
*D27
  1

  0
LINE
  5
6E5
330
6D8
100
AcDbEntity
  8
1
 62
     0
440
 16777216
370
    -2
100
AcDbLine
 10
1203.0
 20
519.625
 30
0.0
 11
1203.0
 21
546.25
 31
0.0
  0
LINE
  5
6E6
330
6D8
100
AcDbEntity
  8
1
 62
     0
440
 16777216
370
    -2
100
AcDbLine
 10
1218.0
 20
519.625
 30
0.0
 11
1218.0
 21
546.25
 31
0.0
  0
LINE
  5
6E7
330
6D8
100
AcDbEntity
  8
1
 62
     0
440
 16777216
370
    -2
100
AcDbLine
 10
1205.5
 20
545.0
 30
0.0
 11
1215.5
 21
545.0
 31
0.0
  0
SOLID
  5
6E8
330
6D8
100
AcDbEntity
  8
1
 62
     0
440
 16777216
100
AcDbTrace
 10
1205.5
 20
545.4166666666666
 30
0.0
 11
1205.5
 21
544.5833333333333
 31
0.0
 12
1203.0
 22
545.0
 32
0.0
 13
1203.0
 23
545.0
 33
0.0
  0
SOLID
  5
6E9
330
6D8
100
AcDbEntity
  8
1
 62
     0
440
 16777216
100
AcDbTrace
 10
1215.5
 20
545.4166666666666
 30
0.0
 11
1215.5
 21
544.5833333333333
 31
0.0
 12
1218.0
 22
545.0
 32
0.0
 13
1218.0
 23
545.0
 33
0.0
  0
MTEXT
  5
6EA
330
6D8
100
AcDbEntity
  8
1
 62
     0
440
 16777216
100
AcDbMText
 10
1210.5
 20
546.9014324693042
 30
0.0
 40
2.5
 41
0.0
 46
0.0
 71
     5
 72
     1
  1
15
 73
     1
 44
1.0
  0
POINT
  5
6EB
330
6D8
100
AcDbEntity
  8
Defpoints
 62
     0
440
 16777216
100
AcDbPoint
 10
1203.0
 20
519.0
 30
0.0
  0
POINT
  5
6EC
330
6D8
100
AcDbEntity
  8
Defpoints
 62
     0
440
 16777216
100
AcDbPoint
 10
1218.0
 20
519.0
 30
0.0
  0
POINT
  5
6ED
330
6D8
100
AcDbEntity
  8
Defpoints
 62
     0
440
 16777216
100
AcDbPoint
 10
1218.0
 20
545.0
 30
0.0
  0
ENDBLK
  5
6DA
330
6D8
100
AcDbEntity
  8
0
100
AcDbBlockEnd
  0
BLOCK
  5
6F2
330
6F1
100
AcDbEntity
  8
0
100
AcDbBlockBegin
  2
*D28
 70
     1
 10
0.0
 20
0.0
 30
0.0
  3
*D28
  1

  0
LINE
  5
6FE
330
6F1
100
AcDbEntity
  8
1
 62
     0
440
 16777216
370
    -2
100
AcDbLine
 10
1477.999999999999
 20
519.625
 30
0.0
 11
1477.999999999999
 21
541.25
 31
0.0
  0
LINE
  5
6FF
330
6F1
100
AcDbEntity
  8
1
 62
     0
440
 16777216
370
    -2
100
AcDbLine
 10
1462.999999999999
 20
519.625
 30
0.0
 11
1462.999999999999
 21
541.25
 31
0.0
  0
LINE
  5
700
330
6F1
100
AcDbEntity
  8
1
 62
     0
440
 16777216
370
    -2
100
AcDbLine
 10
1475.499999999999
 20
540.0
 30
0.0
 11
1465.499999999999
 21
540.0
 31
0.0
  0
SOLID
  5
701
330
6F1
100
AcDbEntity
  8
1
 62
     0
440
 16777216
100
AcDbTrace
 10
1475.499999999999
 20
540.4166666666666
 30
0.0
 11
1475.499999999999
 21
539.5833333333333
 31
0.0
 12
1477.999999999999
 22
540.0
 32
0.0
 13
1477.999999999999
 23
540.0
 33
0.0
  0
SOLID
  5
702
330
6F1
100
AcDbEntity
  8
1
 62
     0
440
 16777216
100
AcDbTrace
 10
1465.499999999999
 20
540.4166666666666
 30
0.0
 11
1465.499999999999
 21
539.5833333333333
 31
0.0
 12
1462.999999999999
 22
540.0
 32
0.0
 13
1462.999999999999
 23
540.0
 33
0.0
  0
MTEXT
  5
703
330
6F1
100
AcDbEntity
  8
1
 62
     0
440
 16777216
100
AcDbMText
 10
1470.499999999999
 20
541.9014324693042
 30
0.0
 40
2.5
 41
0.0
 46
0.0
 71
     5
 72
     1
  1
15
 73
     1
 44
1.0
  0
POINT
  5
704
330
6F1
100
AcDbEntity
  8
Defpoints
 62
     0
440
 16777216
100
AcDbPoint
 10
1477.999999999999
 20
519.0
 30
0.0
  0
POINT
  5
705
330
6F1
100
AcDbEntity
  8
Defpoints
 62
     0
440
 16777216
100
AcDbPoint
 10
1462.999999999999
 20
519.0
 30
0.0
  0
POINT
  5
706
330
6F1
100
AcDbEntity
  8
Defpoints
 62
     0
440
 16777216
100
AcDbPoint
 10
1462.999999999999
 20
540.0
 30
0.0
  0
ENDBLK
  5
6F3
330
6F1
100
AcDbEntity
  8
0
100
AcDbBlockEnd
  0
BLOCK
  5
72D
330
72C
100
AcDbEntity
  8
0
100
AcDbBlockBegin
  2
*D29
 70
     1
 10
0.0
 20
0.0
 30
0.0
  3
*D29
  1

  0
LINE
  5
7AA
330
72C
100
AcDbEntity
  8
1
 62
     0
440
 16777216
370
    -2
100
AcDbLine
 10
1644.999999999999
 20
712.375
 30
0.0
 11
1644.999999999999
 21
699.7500000000002
 31
0.0
  0
LINE
  5
7AB
330
72C
100
AcDbEntity
  8
1
 62
     0
440
 16777216
370
    -2
100
AcDbLine
 10
1554.999999999999
 20
712.375
 30
0.0
 11
1554.999999999999
 21
699.7500000000002
 31
0.0
  0
LINE
  5
7AC
330
72C
100
AcDbEntity
  8
1
 62
     0
440
 16777216
370
    -2
100
AcDbLine
 10
1639.999999999999
 20
701.0000000000002
 30
0.0
 11
1559.999999999999
 21
701.0000000000002
 31
0.0
  0
SOLID
  5
7AD
330
72C
100
AcDbEntity
  8
1
 62
     0
440
 16777216
100
AcDbTrace
 10
1639.999999999999
 20
701.8333333333336
 30
0.0
 11
1639.999999999999
 21
700.1666666666668
 31
0.0
 12
1644.999999999999
 22
701.0000000000002
 32
0.0
 13
1644.999999999999
 23
701.0000000000002
 33
0.0
  0
SOLID
  5
7AE
330
72C
100
AcDbEntity
  8
1
 62
     0
440
 16777216
100
AcDbTrace
 10
1559.999999999999
 20
701.8333333333336
 30
0.0
 11
1559.999999999999
 21
700.1666666666668
 31
0.0
 12
1554.999999999999
 22
701.0000000000002
 32
0.0
 13
1554.999999999999
 23
701.0000000000002
 33
0.0
  0
MTEXT
  5
7AF
330
72C
100
AcDbEntity
  8
1
 62
     0
440
 16777216
100
AcDbMText
 10
1599.999999999999
 20
704.6884379263303
 30
0.0
 40
6.0
 41
0.0
 46
0.0
 71
     5
 72
     1
  1
90
 73
     1
 44
1.0
  0
POINT
  5
7B0
330
72C
100
AcDbEntity
  8
Defpoints
 62
     0
440
 16777216
100
AcDbPoint
 10
1644.999999999999
 20
713.0
 30
0.0
  0
POINT
  5
7B1
330
72C
100
AcDbEntity
  8
Defpoints
 62
     0
440
 16777216
100
AcDbPoint
 10
1554.999999999999
 20
713.0
 30
0.0
  0
POINT
  5
7B2
330
72C
100
AcDbEntity
  8
Defpoints
 62
     0
440
 16777216
100
AcDbPoint
 10
1554.999999999999
 20
701.0000000000002
 30
0.0
  0
ENDBLK
  5
72E
330
72C
100
AcDbEntity
  8
0
100
AcDbBlockEnd
  0
BLOCK
  5
760
330
75F
100
AcDbEntity
  8
0
100
AcDbBlockBegin
  2
*D30
 70
     1
 10
0.0
 20
0.0
 30
0.0
  3
*D30
  1

  0
LINE
  5
76C
330
75F
100
AcDbEntity
  8
1
 62
     0
440
 16777216
370
    -2
100
AcDbLine
 10
1209.999999999999
 20
701.6250000000002
 30
0.0
 11
1209.999999999999
 21
721.1870734298918
 31
0.0
  0
LINE
  5
76D
330
75F
100
AcDbEntity
  8
1
 62
     0
440
 16777216
370
    -2
100
AcDbLine
 10
1409.999999999999
 20
701.6250000000002
 30
0.0
 11
1409.999999999999
 21
721.1870734298918
 31
0.0
  0
LINE
  5
76E
330
75F
100
AcDbEntity
  8
1
 62
     0
440
 16777216
370
    -2
100
AcDbLine
 10
1212.499999999999
 20
719.9370734298918
 30
0.0
 11
1407.499999999999
 21
719.9370734298918
 31
0.0
  0
SOLID
  5
76F
330
75F
100
AcDbEntity
  8
1
 62
     0
440
 16777216
100
AcDbTrace
 10
1212.499999999999
 20
720.3537400965585
 30
0.0
 11
1212.499999999999
 21
719.5204067632252
 31
0.0
 12
1209.999999999999
 22
719.9370734298918
 32
0.0
 13
1209.999999999999
 23
719.9370734298918
 33
0.0
  0
SOLID
  5
770
330
75F
100
AcDbEntity
  8
1
 62
     0
440
 16777216
100
AcDbTrace
 10
1407.499999999999
 20
720.3537400965585
 30
0.0
 11
1407.499999999999
 21
719.5204067632252
 31
0.0
 12
1409.999999999999
 22
719.9370734298918
 32
0.0
 13
1409.999999999999
 23
719.9370734298918
 33
0.0
  0
MTEXT
  5
771
330
75F
100
AcDbEntity
  8
1
 62
     0
440
 16777216
100
AcDbMText
 10
1309.999999999999
 20
721.8385058991961
 30
0.0
 40
2.5
 41
0.0
 46
0.0
 71
     5
 72
     1
  1
200
 73
     1
 44
1.0
  0
POINT
  5
772
330
75F
100
AcDbEntity
  8
Defpoints
 62
     0
440
 16777216
100
AcDbPoint
 10
1209.999999999999
 20
701.0000000000002
 30
0.0
  0
POINT
  5
773
330
75F
100
AcDbEntity
  8
Defpoints
 62
     0
440
 16777216
100
AcDbPoint
 10
1409.999999999999
 20
701.0000000000002
 30
0.0
  0
POINT
  5
774
330
75F
100
AcDbEntity
  8
Defpoints
 62
     0
440
 16777216
100
AcDbPoint
 10
1409.999999999999
 20
719.9370734298918
 30
0.0
  0
ENDBLK
  5
761
330
75F
100
AcDbEntity
  8
0
100
AcDbBlockEnd
  0
BLOCK
  5
778
330
777
100
AcDbEntity
  8
0
100
AcDbBlockBegin
  2
*D31
 70
     1
 10
0.0
 20
0.0
 30
0.0
  3
*D31
  1

  0
LINE
  5
7A1
330
777
100
AcDbEntity
  8
1
 62
     0
440
 16777216
370
    -2
100
AcDbLine
 10
1409.999999999999
 20
701.6250000000002
 30
0.0
 11
1409.999999999999
 21
721.0246845325037
 31
0.0
  0
LINE
  5
7A2
330
777
100
AcDbEntity
  8
1
 62
     0
440
 16777216
370
    -2
100
AcDbLine
 10
1510.0
 20
701.6250000000002
 30
0.0
 11
1510.0
 21
721.0246845325037
 31
0.0
  0
LINE
  5
7A3
330
777
100
AcDbEntity
  8
1
 62
     0
440
 16777216
370
    -2
100
AcDbLine
 10
1412.499999999999
 20
719.7746845325037
 30
0.0
 11
1507.5
 21
719.7746845325037
 31
0.0
  0
SOLID
  5
7A4
330
777
100
AcDbEntity
  8
1
 62
     0
440
 16777216
100
AcDbTrace
 10
1412.499999999999
 20
720.1913511991703
 30
0.0
 11
1412.499999999999
 21
719.358017865837
 31
0.0
 12
1409.999999999999
 22
719.7746845325037
 32
0.0
 13
1409.999999999999
 23
719.7746845325037
 33
0.0
  0
SOLID
  5
7A5
330
777
100
AcDbEntity
  8
1
 62
     0
440
 16777216
100
AcDbTrace
 10
1507.5
 20
720.1913511991703
 30
0.0
 11
1507.5
 21
719.358017865837
 31
0.0
 12
1510.0
 22
719.7746845325037
 32
0.0
 13
1510.0
 23
719.7746845325037
 33
0.0
  0
MTEXT
  5
7A6
330
777
100
AcDbEntity
  8
1
 62
     0
440
 16777216
100
AcDbMText
 10
1460.0
 20
721.6761170018079
 30
0.0
 40
2.5
 41
0.0
 46
0.0
 71
     5
 72
     1
  1
100
 73
     1
 44
1.0
  0
POINT
  5
7A7
330
777
100
AcDbEntity
  8
Defpoints
 62
     0
440
 16777216
100
AcDbPoint
 10
1409.999999999999
 20
701.0000000000002
 30
0.0
  0
POINT
  5
7A8
330
777
100
AcDbEntity
  8
Defpoints
 62
     0
440
 16777216
100
AcDbPoint
 10
1510.0
 20
701.0000000000002
 30
0.0
  0
POINT
  5
7A9
330
777
100
AcDbEntity
  8
Defpoints
 62
     0
440
 16777216
100
AcDbPoint
 10
1510.0
 20
719.7746845325037
 30
0.0
  0
ENDBLK
  5
779
330
777
100
AcDbEntity
  8
0
100
AcDbBlockEnd
  0
BLOCK
  5
7C3
330
7C2
100
AcDbEntity
  8
0
100
AcDbBlockBegin
  2
*D32
 70
     1
 10
0.0
 20
0.0
 30
0.0
  3
*D32
  1

  0
LINE
  5
7E2
330
7C2
100
AcDbEntity
  8
1
 62
     0
440
 16777216
370
    -2
100
AcDbLine
 10
1169.0
 20
348.625
 30
0.0
 11
1169.0
 21
349.2500000000001
 31
0.0
  0
LINE
  5
7E3
330
7C2
100
AcDbEntity
  8
1
 62
     0
440
 16777216
370
    -2
100
AcDbLine
 10
1144.999999999999
 20
348.625
 30
0.0
 11
1144.999999999999
 21
349.25
 31
0.0
  0
LINE
  5
7E4
330
7C2
100
AcDbEntity
  8
1
 62
     0
440
 16777216
370
    -2
100
AcDbLine
 10
1164.0
 20
348.0
 30
0.0
 11
1149.999999999999
 21
348.0
 31
0.0
  0
SOLID
  5
7E5
330
7C2
100
AcDbEntity
  8
1
 62
     0
440
 16777216
100
AcDbTrace
 10
1164.0
 20
348.8333333333333
 30
0.0
 11
1164.0
 21
347.1666666666667
 31
0.0
 12
1169.0
 22
348.0
 32
0.0
 13
1169.0
 23
348.0
 33
0.0
  0
SOLID
  5
7E6
330
7C2
100
AcDbEntity
  8
1
 62
     0
440
 16777216
100
AcDbTrace
 10
1149.999999999999
 20
348.8333333333333
 30
0.0
 11
1149.999999999999
 21
347.1666666666667
 31
0.0
 12
1144.999999999999
 22
348.0
 32
0.0
 13
1144.999999999999
 23
348.0
 33
0.0
  0
MTEXT
  5
7E7
330
7C2
100
AcDbEntity
  8
1
 62
     0
440
 16777216
100
AcDbMText
 10
1157.0
 20
351.637278308322
 30
0.0
 40
6.0
 41
0.0
 46
0.0
 71
     5
 72
     1
  1
24
 73
     1
 44
1.0
  0
POINT
  5
7E8
330
7C2
100
AcDbEntity
  8
Defpoints
 62
     0
440
 16777216
100
AcDbPoint
 10
1169.0
 20
348.0
 30
0.0
  0
POINT
  5
7E9
330
7C2
100
AcDbEntity
  8
Defpoints
 62
     0
440
 16777216
100
AcDbPoint
 10
1144.999999999999
 20
348.0
 30
0.0
  0
POINT
  5
7EA
330
7C2
100
AcDbEntity
  8
Defpoints
 62
     0
440
 16777216
100
AcDbPoint
 10
1144.999999999999
 20
348.0
 30
0.0
  0
ENDBLK
  5
7C4
330
7C2
100
AcDbEntity
  8
0
100
AcDbBlockEnd
  0
BLOCK
  5
7ED
330
7EC
100
AcDbEntity
  8
0
100
AcDbBlockBegin
  2
*D33
 70
     1
 10
0.0
 20
0.0
 30
0.0
  3
*D33
  1

  0
LINE
  5
845
330
7EC
100
AcDbEntity
  8
1
 62
     0
440
 16777216
370
    -2
100
AcDbLine
 10
1157.625
 20
689.0000000000005
 30
0.0
 11
1158.250000000004
 21
689.0000000000005
 31
0.0
  0
LINE
  5
846
330
7EC
100
AcDbEntity
  8
1
 62
     0
440
 16777216
370
    -2
100
AcDbLine
 10
1157.625
 20
713.0000000000004
 30
0.0
 11
1158.250000000004
 21
713.0000000000004
 31
0.0
  0
LINE
  5
847
330
7EC
100
AcDbEntity
  8
1
 62
     0
440
 16777216
370
    -2
100
AcDbLine
 10
1157.000000000004
 20
694.0000000000004
 30
0.0
 11
1157.000000000004
 21
708.0000000000004
 31
0.0
  0
MTEXT
  5
848
330
7EC
100
AcDbEntity
  8
1
 62
     0
440
 16777216
100
AcDbMText
 10
1150.362721691678
 20
697.0
 30
0.0
 40
6.0
 41
0.0
 46
0.0
 71
     5
 72
     1
  1
24
 11
0.0000000000000001
 21
1.0
 31
0.0
 73
     1
 44
1.0
  0
SOLID
  5
849
330
7EC
100
AcDbEntity
  8
1
 62
     0
440
 16777216
100
AcDbTrace
 10
1156.166666666671
 20
694.0000000000004
 30
0.0
 11
1157.833333333337
 21
694.0000000000004
 31
0.0
 12
1157.000000000004
 22
689.0000000000005
 32
0.0
 13
1157.000000000004
 23
689.0000000000005
 33
0.0
  0
SOLID
  5
84A
330
7EC
100
AcDbEntity
  8
1
 62
     0
440
 16777216
100
AcDbTrace
 10
1156.166666666671
 20
708.0000000000004
 30
0.0
 11
1157.833333333337
 21
708.0000000000004
 31
0.0
 12
1157.000000000004
 22
713.0000000000004
 32
0.0
 13
1157.000000000004
 23
713.0000000000004
 33
0.0
  0
POINT
  5
84B
330
7EC
100
AcDbEntity
  8
Defpoints
 62
     0
440
 16777216
100
AcDbPoint
 10
1157.0
 20
689.0000000000005
 30
0.0
  0
POINT
  5
84C
330
7EC
100
AcDbEntity
  8
Defpoints
 62
     0
440
 16777216
100
AcDbPoint
 10
1157.0
 20
713.0000000000004
 30
0.0
  0
POINT
  5
84D
330
7EC
100
AcDbEntity
  8
Defpoints
 62
     0
440
 16777216
100
AcDbPoint
 10
1157.000000000004
 20
713.0000000000004
 30
0.0
  0
ENDBLK
  5
7EE
330
7EC
100
AcDbEntity
  8
0
100
AcDbBlockEnd
  0
BLOCK
  5
8A2
330
8A1
100
AcDbEntity
  8
0
100
AcDbBlockBegin
  2
*D34
 70
     1
 10
0.0
 20
0.0
 30
0.0
  3
*D34
  1

  0
LINE
  5
8B9
330
8A1
100
AcDbEntity
  8
1
 62
     0
440
 16777216
370
    -2
100
AcDbLine
 10
1517.5
 20
561.6249999999999
 30
0.0
 11
1517.5
 21
562.25
 31
0.0
  0
LINE
  5
8BA
330
8A1
100
AcDbEntity
  8
1
 62
     0
440
 16777216
370
    -2
100
AcDbLine
 10
1633.5
 20
561.6249999999999
 30
0.0
 11
1633.5
 21
562.25
 31
0.0
  0
LINE
  5
8BB
330
8A1
100
AcDbEntity
  8
1
 62
     0
440
 16777216
370
    -2
100
AcDbLine
 10
1520.0
 20
561.0
 30
0.0
 11
1631.0
 21
561.0
 31
0.0
  0
SOLID
  5
8BC
330
8A1
100
AcDbEntity
  8
1
 62
     0
440
 16777216
100
AcDbTrace
 10
1520.0
 20
561.4166666666666
 30
0.0
 11
1520.0
 21
560.5833333333333
 31
0.0
 12
1517.5
 22
561.0
 32
0.0
 13
1517.5
 23
561.0
 33
0.0
  0
SOLID
  5
8BD
330
8A1
100
AcDbEntity
  8
1
 62
     0
440
 16777216
100
AcDbTrace
 10
1631.0
 20
561.4166666666666
 30
0.0
 11
1631.0
 21
560.5833333333333
 31
0.0
 12
1633.5
 22
561.0
 32
0.0
 13
1633.5
 23
561.0
 33
0.0
  0
MTEXT
  5
8BE
330
8A1
100
AcDbEntity
  8
1
 62
     0
440
 16777216
100
AcDbMText
 10
1575.5
 20
562.9014324693042
 30
0.0
 40
2.5
 41
0.0
 46
0.0
 71
     5
 72
     1
  1
116
 73
     1
 44
1.0
  0
POINT
  5
8BF
330
8A1
100
AcDbEntity
  8
Defpoints
 62
     0
440
 16777216
100
AcDbPoint
 10
1517.5
 20
561.0
 30
0.0
  0
POINT
  5
8C0
330
8A1
100
AcDbEntity
  8
Defpoints
 62
     0
440
 16777216
100
AcDbPoint
 10
1633.5
 20
561.0
 30
0.0
  0
POINT
  5
8C1
330
8A1
100
AcDbEntity
  8
Defpoints
 62
     0
440
 16777216
100
AcDbPoint
 10
1633.5
 20
561.0
 30
0.0
  0
ENDBLK
  5
8A3
330
8A1
100
AcDbEntity
  8
0
100
AcDbBlockEnd
  0
BLOCK
  5
8D4
330
8D3
100
AcDbEntity
  8
0
100
AcDbBlockBegin
  2
*D35
 70
     1
 10
0.0
 20
0.0
 30
0.0
  3
*D35
  1

  0
LINE
  5
8E0
330
8D3
100
AcDbEntity
  8
1
 62
     0
440
 16777216
370
    -2
100
AcDbLine
 10
1700.625000000001
 20
500.0000000000002
 30
0.0
 11
1864.250000000002
 21
500.0000000000002
 31
0.0
  0
LINE
  5
8E1
330
8D3
100
AcDbEntity
  8
1
 62
     0
440
 16777216
370
    -2
100
AcDbLine
 10
1700.625000000001
 20
490.0000000000002
 30
0.0
 11
1864.250000000002
 21
490.0000000000002
 31
0.0
  0
LINE
  5
8E2
330
8D3
100
AcDbEntity
  8
1
 62
     0
440
 16777216
370
    -2
100
AcDbLine
 10
1863.000000000002
 20
497.5000000000002
 30
0.0
 11
1863.000000000002
 21
492.5000000000002
 31
0.0
  0
SOLID
  5
8E3
330
8D3
100
AcDbEntity
  8
1
 62
     0
440
 16777216
100
AcDbTrace
 10
1862.583333333335
 20
497.5000000000002
 30
0.0
 11
1863.416666666669
 21
497.5000000000002
 31
0.0
 12
1863.000000000002
 22
500.0000000000002
 32
0.0
 13
1863.000000000002
 23
500.0000000000002
 33
0.0
  0
SOLID
  5
8E4
330
8D3
100
AcDbEntity
  8
1
 62
     0
440
 16777216
100
AcDbTrace
 10
1862.583333333335
 20
492.5000000000002
 30
0.0
 11
1863.416666666669
 21
492.5000000000002
 31
0.0
 12
1863.000000000002
 22
490.0000000000002
 32
0.0
 13
1863.000000000002
 23
490.0000000000002
 33
0.0
  0
MTEXT
  5
8E5
330
8D3
100
AcDbEntity
  8
1
 62
     0
440
 16777216
100
AcDbMText
 10
1861.098567530697
 20
494.9999999999995
 30
0.0
 40
2.5
 41
0.0
 46
0.0
 71
     5
 72
     1
  1
10
 11
0.0000000000000001
 21
1.0
 31
0.0
 73
     1
 44
1.0
  0
POINT
  5
8E6
330
8D3
100
AcDbEntity
  8
Defpoints
 62
     0
440
 16777216
100
AcDbPoint
 10
1700.000000000001
 20
500.0000000000002
 30
0.0
  0
POINT
  5
8E7
330
8D3
100
AcDbEntity
  8
Defpoints
 62
     0
440
 16777216
100
AcDbPoint
 10
1700.000000000001
 20
490.0000000000002
 30
0.0
  0
POINT
  5
8E8
330
8D3
100
AcDbEntity
  8
Defpoints
 62
     0
440
 16777216
100
AcDbPoint
 10
1863.000000000002
 20
490.0000000000002
 30
0.0
  0
ENDBLK
  5
8D5
330
8D3
100
AcDbEntity
  8
0
100
AcDbBlockEnd
  0
BLOCK
  5
8EC
330
8EB
100
AcDbEntity
  8
0
100
AcDbBlockBegin
  2
*D36
 70
     1
 10
0.0
 20
0.0
 30
0.0
  3
*D36
  1

  0
LINE
  5
8F8
330
8EB
100
AcDbEntity
  8
1
 62
     0
440
 16777216
370
    -2
100
AcDbLine
 10
1517.5
 20
561.6249999999999
 30
0.0
 11
1517.5
 21
567.1039947624722
 31
0.0
  0
LINE
  5
8F9
330
8EB
100
AcDbEntity
  8
1
 62
     0
440
 16777216
370
    -2
100
AcDbLine
 10
1633.5
 20
561.6249999999999
 30
0.0
 11
1633.5
 21
567.1039947624722
 31
0.0
  0
LINE
  5
8FA
330
8EB
100
AcDbEntity
  8
1
 62
     0
440
 16777216
370
    -2
100
AcDbLine
 10
1520.0
 20
565.8539947624722
 30
0.0
 11
1631.0
 21
565.8539947624722
 31
0.0
  0
SOLID
  5
8FB
330
8EB
100
AcDbEntity
  8
1
 62
     0
440
 16777216
100
AcDbTrace
 10
1520.0
 20
566.2706614291388
 30
0.0
 11
1520.0
 21
565.4373280958055
 31
0.0
 12
1517.5
 22
565.8539947624722
 32
0.0
 13
1517.5
 23
565.8539947624722
 33
0.0
  0
SOLID
  5
8FC
330
8EB
100
AcDbEntity
  8
1
 62
     0
440
 16777216
100
AcDbTrace
 10
1631.0
 20
566.2706614291388
 30
0.0
 11
1631.0
 21
565.4373280958055
 31
0.0
 12
1633.5
 22
565.8539947624722
 32
0.0
 13
1633.5
 23
565.8539947624722
 33
0.0
  0
MTEXT
  5
8FD
330
8EB
100
AcDbEntity
  8
1
 62
     0
440
 16777216
100
AcDbMText
 10
1575.5
 20
567.7554272317764
 30
0.0
 40
2.5
 41
0.0
 46
0.0
 71
     5
 72
     1
  1
116
 73
     1
 44
1.0
  0
POINT
  5
8FE
330
8EB
100
AcDbEntity
  8
Defpoints
 62
     0
440
 16777216
100
AcDbPoint
 10
1517.5
 20
561.0
 30
0.0
  0
POINT
  5
8FF
330
8EB
100
AcDbEntity
  8
Defpoints
 62
     0
440
 16777216
100
AcDbPoint
 10
1633.5
 20
561.0
 30
0.0
  0
POINT
  5
900
330
8EB
100
AcDbEntity
  8
Defpoints
 62
     0
440
 16777216
100
AcDbPoint
 10
1633.5
 20
565.8539947624722
 30
0.0
  0
ENDBLK
  5
8ED
330
8EB
100
AcDbEntity
  8
0
100
AcDbBlockEnd
  0
BLOCK
  5
904
330
903
100
AcDbEntity
  8
0
100
AcDbBlockBegin
  2
*D37
 70
     1
 10
0.0
 20
0.0
 30
0.0
  3
*D37
  1

  0
LINE
  5
927
330
903
100
AcDbEntity
  8
1
 62
     0
440
 16777216
370
    -2
100
AcDbLine
 10
1700.0
 20
500.625
 30
0.0
 11
1700.0
 21
506.3423379221803
 31
0.0
  0
LINE
  5
928
330
903
100
AcDbEntity
  8
1
 62
     0
440
 16777216
370
    -2
100
AcDbLine
 10
1712.0
 20
280.625
 30
0.0
 11
1712.0
 21
506.3423379221803
 31
0.0
  0
LINE
  5
929
330
903
100
AcDbEntity
  8
1
 62
     0
440
 16777216
370
    -2
100
AcDbLine
 10
1702.5
 20
505.0923379221804
 30
0.0
 11
1709.5
 21
505.0923379221804
 31
0.0
  0
SOLID
  5
92A
330
903
100
AcDbEntity
  8
1
 62
     0
440
 16777216
100
AcDbTrace
 10
1702.5
 20
505.509004588847
 30
0.0
 11
1702.5
 21
504.6756712555136
 31
0.0
 12
1700.0
 22
505.0923379221804
 32
0.0
 13
1700.0
 23
505.0923379221804
 33
0.0
  0
SOLID
  5
92B
330
903
100
AcDbEntity
  8
1
 62
     0
440
 16777216
100
AcDbTrace
 10
1709.5
 20
505.509004588847
 30
0.0
 11
1709.5
 21
504.6756712555136
 31
0.0
 12
1712.0
 22
505.0923379221804
 32
0.0
 13
1712.0
 23
505.0923379221804
 33
0.0
  0
MTEXT
  5
92C
330
903
100
AcDbEntity
  8
1
 62
     0
440
 16777216
100
AcDbMText
 10
1706.0
 20
506.9724538839811
 30
0.0
 40
2.5
 41
0.0
 46
0.0
 71
     5
 72
     1
  1
12
 73
     1
 44
1.0
  0
POINT
  5
92D
330
903
100
AcDbEntity
  8
Defpoints
 62
     0
440
 16777216
100
AcDbPoint
 10
1700.0
 20
500.0
 30
0.0
  0
POINT
  5
92E
330
903
100
AcDbEntity
  8
Defpoints
 62
     0
440
 16777216
100
AcDbPoint
 10
1712.0
 20
280.0
 30
0.0
  0
POINT
  5
92F
330
903
100
AcDbEntity
  8
Defpoints
 62
     0
440
 16777216
100
AcDbPoint
 10
1712.0
 20
505.0923379221804
 30
0.0
  0
ENDBLK
  5
905
330
903
100
AcDbEntity
  8
0
100
AcDbBlockEnd
  0
BLOCK
  5
911
330
910
100
AcDbEntity
  8
0
100
AcDbBlockBegin
  2
*D38
 70
     1
 10
0.0
 20
0.0
 30
0.0
  3
*D38
  1

  0
LINE
  5
930
330
910
100
AcDbEntity
  8
1
 62
     0
440
 16777216
370
    -2
100
AcDbLine
 10
1840.0
 20
500.625
 30
0.0
 11
1840.0
 21
507.4111397502256
 31
0.0
  0
LINE
  5
931
330
910
100
AcDbEntity
  8
1
 62
     0
440
 16777216
370
    -2
100
AcDbLine
 10
1828.0
 20
280.625
 30
0.0
 11
1828.0
 21
507.4111397502256
 31
0.0
  0
LINE
  5
932
330
910
100
AcDbEntity
  8
1
 62
     0
440
 16777216
370
    -2
100
AcDbLine
 10
1837.5
 20
506.1611397502256
 30
0.0
 11
1830.5
 21
506.1611397502256
 31
0.0
  0
SOLID
  5
933
330
910
100
AcDbEntity
  8
1
 62
     0
440
 16777216
100
AcDbTrace
 10
1837.5
 20
506.5778064168923
 30
0.0
 11
1837.5
 21
505.7444730835589
 31
0.0
 12
1840.0
 22
506.1611397502256
 32
0.0
 13
1840.0
 23
506.1611397502256
 33
0.0
  0
SOLID
  5
934
330
910
100
AcDbEntity
  8
1
 62
     0
440
 16777216
100
AcDbTrace
 10
1830.5
 20
506.5778064168923
 30
0.0
 11
1830.5
 21
505.7444730835589
 31
0.0
 12
1828.0
 22
506.1611397502256
 32
0.0
 13
1828.0
 23
506.1611397502256
 33
0.0
  0
MTEXT
  5
935
330
910
100
AcDbEntity
  8
1
 62
     0
440
 16777216
100
AcDbMText
 10
1834.0
 20
508.0412557120264
 30
0.0
 40
2.5
 41
0.0
 46
0.0
 71
     5
 72
     1
  1
12
 73
     1
 44
1.0
  0
POINT
  5
936
330
910
100
AcDbEntity
  8
Defpoints
 62
     0
440
 16777216
100
AcDbPoint
 10
1840.0
 20
500.0
 30
0.0
  0
POINT
  5
937
330
910
100
AcDbEntity
  8
Defpoints
 62
     0
440
 16777216
100
AcDbPoint
 10
1828.0
 20
280.0
 30
0.0
  0
POINT
  5
938
330
910
100
AcDbEntity
  8
Defpoints
 62
     0
440
 16777216
100
AcDbPoint
 10
1828.0
 20
506.1611397502256
 30
0.0
  0
ENDBLK
  5
912
330
910
100
AcDbEntity
  8
0
100
AcDbBlockEnd
  0
BLOCK
  5
93D
330
93C
100
AcDbEntity
  8
0
100
AcDbBlockBegin
  2
*D39
 70
     1
 10
0.0
 20
0.0
 30
0.0
  3
*D39
  1

  0
LINE
  5
949
330
93C
100
AcDbEntity
  8
1
 62
     0
440
 16777216
370
    -2
100
AcDbLine
 10
1634.125000000001
 20
561.0000000000002
 30
0.0
 11
1655.101257257008
 21
561.0000000000002
 31
0.0
  0
LINE
  5
94A
330
93C
100
AcDbEntity
  8
1
 62
     0
440
 16777216
370
    -2
100
AcDbLine
 10
1634.125000000001
 20
380.0000000000003
 30
0.0
 11
1655.101257257009
 21
380.0000000000003
 31
0.0
  0
LINE
  5
94B
330
93C
100
AcDbEntity
  8
1
 62
     0
440
 16777216
370
    -2
100
AcDbLine
 10
1653.851257257009
 20
558.5000000000002
 30
0.0
 11
1653.851257257009
 21
382.5000000000003
 31
0.0
  0
SOLID
  5
94C
330
93C
100
AcDbEntity
  8
1
 62
     0
440
 16777216
100
AcDbTrace
 10
1653.434590590341
 20
558.5000000000002
 30
0.0
 11
1654.267923923675
 21
558.5000000000002
 31
0.0
 12
1653.851257257009
 22
561.0000000000002
 32
0.0
 13
1653.851257257009
 23
561.0000000000002
 33
0.0
  0
SOLID
  5
94D
330
93C
100
AcDbEntity
  8
1
 62
     0
440
 16777216
100
AcDbTrace
 10
1653.434590590342
 20
382.5000000000003
 30
0.0
 11
1654.267923923676
 21
382.5000000000003
 31
0.0
 12
1653.851257257009
 22
380.0000000000003
 32
0.0
 13
1653.851257257009
 23
380.0000000000003
 33
0.0
  0
MTEXT
  5
94E
330
93C
100
AcDbEntity
  8
1
 62
     0
440
 16777216
100
AcDbMText
 10
1651.949824787704
 20
470.4999999999997
 30
0.0
 40
2.5
 41
0.0
 46
0.0
 71
     5
 72
     1
  1
181
 11
0.0000000000000001
 21
1.0
 31
0.0
 73
     1
 44
1.0
  0
POINT
  5
94F
330
93C
100
AcDbEntity
  8
Defpoints
 62
     0
440
 16777216
100
AcDbPoint
 10
1633.500000000001
 20
561.0000000000002
 30
0.0
  0
POINT
  5
950
330
93C
100
AcDbEntity
  8
Defpoints
 62
     0
440
 16777216
100
AcDbPoint
 10
1633.500000000001
 20
380.0000000000003
 30
0.0
  0
POINT
  5
951
330
93C
100
AcDbEntity
  8
Defpoints
 62
     0
440
 16777216
100
AcDbPoint
 10
1653.851257257009
 20
380.0000000000003
 30
0.0
  0
ENDBLK
  5
93E
330
93C
100
AcDbEntity
  8
0
100
AcDbBlockEnd
  0
BLOCK
  5
955
330
954
100
AcDbEntity
  8
0
100
AcDbBlockBegin
  2
*D40
 70
     1
 10
0.0
 20
0.0
 30
0.0
  3
*D40
  1

  0
LINE
  5
961
330
954
100
AcDbEntity
  8
1
 62
     0
440
 16777216
370
    -2
100
AcDbLine
 10
1645.625
 20
571.0000000000003
 30
0.0
 11
1661.702088187363
 21
571.0000000000003
 31
0.0
  0
LINE
  5
962
330
954
100
AcDbEntity
  8
1
 62
     0
440
 16777216
370
    -2
100
AcDbLine
 10
1634.125000000001
 20
391.0000000000002
 30
0.0
 11
1661.702088187363
 21
391.0000000000002
 31
0.0
  0
LINE
  5
963
330
954
100
AcDbEntity
  8
1
 62
     0
440
 16777216
370
    -2
100
AcDbLine
 10
1660.452088187363
 20
568.5000000000003
 30
0.0
 11
1660.452088187363
 21
393.5000000000002
 31
0.0
  0
SOLID
  5
964
330
954
100
AcDbEntity
  8
1
 62
     0
440
 16777216
100
AcDbTrace
 10
1660.035421520696
 20
568.5000000000003
 30
0.0
 11
1660.86875485403
 21
568.5000000000003
 31
0.0
 12
1660.452088187363
 22
571.0000000000003
 32
0.0
 13
1660.452088187363
 23
571.0000000000003
 33
0.0
  0
SOLID
  5
965
330
954
100
AcDbEntity
  8
1
 62
     0
440
 16777216
100
AcDbTrace
 10
1660.035421520696
 20
393.5000000000002
 30
0.0
 11
1660.86875485403
 21
393.5000000000002
 31
0.0
 12
1660.452088187363
 22
391.0000000000002
 32
0.0
 13
1660.452088187363
 23
391.0000000000002
 33
0.0
  0
MTEXT
  5
966
330
954
100
AcDbEntity
  8
1
 62
     0
440
 16777216
100
AcDbMText
 10
1658.550655718058
 20
480.9999999999996
 30
0.0
 40
2.5
 41
0.0
 46
0.0
 71
     5
 72
     1
  1
180
 11
0.0000000000000001
 21
1.0
 31
0.0
 73
     1
 44
1.0
  0
POINT
  5
967
330
954
100
AcDbEntity
  8
Defpoints
 62
     0
440
 16777216
100
AcDbPoint
 10
1645.000000000001
 20
571.0000000000003
 30
0.0
  0
POINT
  5
968
330
954
100
AcDbEntity
  8
Defpoints
 62
     0
440
 16777216
100
AcDbPoint
 10
1633.500000000001
 20
391.0000000000002
 30
0.0
  0
POINT
  5
969
330
954
100
AcDbEntity
  8
Defpoints
 62
     0
440
 16777216
100
AcDbPoint
 10
1660.452088187363
 20
391.0000000000002
 30
0.0
  0
ENDBLK
  5
956
330
954
100
AcDbEntity
  8
0
100
AcDbBlockEnd
  0
BLOCK
  5
96C
330
96B
100
AcDbEntity
  8
0
100
AcDbBlockBegin
  2
*D41
 70
     1
 10
0.0
 20
0.0
 30
0.0
  3
*D41
  1

  0
LINE
  5
982
330
96B
100
AcDbEntity
  8
1
 62
     0
440
 16777216
370
    -2
100
AcDbLine
 10
1711.375000000001
 20
490.0000000000004
 30
0.0
 11
1691.171710808738
 21
490.0000000000004
 31
0.0
  0
LINE
  5
983
330
96B
100
AcDbEntity
  8
1
 62
     0
440
 16777216
370
    -2
100
AcDbLine
 10
1827.375000000001
 20
309.0000000000003
 30
0.0
 11
1691.171710808738
 21
309.0000000000003
 31
0.0
  0
LINE
  5
984
330
96B
100
AcDbEntity
  8
1
 62
     0
440
 16777216
370
    -2
100
AcDbLine
 10
1692.421710808738
 20
487.5000000000004
 30
0.0
 11
1692.421710808738
 21
311.5000000000003
 31
0.0
  0
SOLID
  5
985
330
96B
100
AcDbEntity
  8
1
 62
     0
440
 16777216
100
AcDbTrace
 10
1692.005044142072
 20
487.5000000000004
 30
0.0
 11
1692.838377475405
 21
487.5000000000004
 31
0.0
 12
1692.421710808738
 22
490.0000000000004
 32
0.0
 13
1692.421710808738
 23
490.0000000000004
 33
0.0
  0
SOLID
  5
986
330
96B
100
AcDbEntity
  8
1
 62
     0
440
 16777216
100
AcDbTrace
 10
1692.005044142072
 20
311.5000000000003
 30
0.0
 11
1692.838377475405
 21
311.5000000000003
 31
0.0
 12
1692.421710808738
 22
309.0000000000003
 32
0.0
 13
1692.421710808738
 23
309.0000000000003
 33
0.0
  0
MTEXT
  5
987
330
96B
100
AcDbEntity
  8
1
 62
     0
440
 16777216
100
AcDbMText
 10
1690.520278339434
 20
399.4999999999998
 30
0.0
 40
2.5
 41
0.0
 46
0.0
 71
     5
 72
     1
  1
181
 11
0.0000000000000001
 21
1.0
 31
0.0
 73
     1
 44
1.0
  0
POINT
  5
988
330
96B
100
AcDbEntity
  8
Defpoints
 62
     0
440
 16777216
100
AcDbPoint
 10
1712.000000000001
 20
490.0000000000004
 30
0.0
  0
POINT
  5
989
330
96B
100
AcDbEntity
  8
Defpoints
 62
     0
440
 16777216
100
AcDbPoint
 10
1828.000000000001
 20
309.0000000000003
 30
0.0
  0
POINT
  5
98A
330
96B
100
AcDbEntity
  8
Defpoints
 62
     0
440
 16777216
100
AcDbPoint
 10
1692.421710808738
 20
309.0000000000003
 30
0.0
  0
ENDBLK
  5
96D
330
96B
100
AcDbEntity
  8
0
100
AcDbBlockEnd
  0
ENDSEC
  0
SECTION
  2
ENTITIES
  0
CIRCLE
  5
31F
330
1F
100
AcDbEntity
  8
0
100
AcDbCircle
 10
1481.999999999999
 20
305.0000000000001
 30
0.0
 40
4.5
  0
CIRCLE
  5
320
330
1F
100
AcDbEntity
  8
0
100
AcDbCircle
 10
1529.0
 20
305.0
 30
0.0
 40
4.5
  0
CIRCLE
  5
321
330
1F
100
AcDbEntity
  8
0
100
AcDbCircle
 10
1575.999999999999
 20
305.0
 30
0.0
 40
4.5
  0
CIRCLE
  5
322
330
1F
100
AcDbEntity
  8
0
100
AcDbCircle
 10
1623.0
 20
305.0
 30
0.0
 40
4.5
  0
CIRCLE
  5
323
330
1F
100
AcDbEntity
  8
0
100
AcDbCircle
 10
1623.0
 20
233.0
 30
0.0
 40
4.5
  0
CIRCLE
  5
324
330
1F
100
AcDbEntity
  8
0
100
AcDbCircle
 10
1575.999999999999
 20
233.0
 30
0.0
 40
4.5
  0
CIRCLE
  5
325
330
1F
100
AcDbEntity
  8
0
100
AcDbCircle
 10
1528.999999999999
 20
233.0
 30
0.0
 40
4.5
  0
CIRCLE
  5
326
330
1F
100
AcDbEntity
  8
0
100
AcDbCircle
 10
1481.999999999999
 20
233.0000000000001
 30
0.0
 40
4.5
  0
CIRCLE
  5
327
330
1F
100
AcDbEntity
  8
0
100
AcDbCircle
 10
1436.999999999999
 20
328.0000000000001
 30
0.0
 40
3.5
  0
CIRCLE
  5
328
330
1F
100
AcDbEntity
  8
0
100
AcDbCircle
 10
1436.999999999999
 20
240.0000000000001
 30
0.0
 40
3.5
  0
CIRCLE
  5
329
330
1F
100
AcDbEntity
  8
0
100
AcDbCircle
 10
1209.999999999999
 20
673.0000000000002
 30
0.0
 40
3.5
  0
CIRCLE
  5
32A
330
1F
100
AcDbEntity
  8
0
100
AcDbCircle
 10
1209.999999999999
 20
583.0000000000002
 30
0.0
 40
3.5
  0
CIRCLE
  5
32B
330
1F
100
AcDbEntity
  8
0
100
AcDbCircle
 10
1203.0
 20
519.0
 30
0.0
 40
3.5
  0
CIRCLE
  5
32C
330
1F
100
AcDbEntity
  8
0
100
AcDbCircle
 10
1477.999999999999
 20
519.0
 30
0.0
 40
3.5
  0
CIRCLE
  5
32D
330
1F
100
AcDbEntity
  8
0
100
AcDbCircle
 10
1150.999999999999
 20
219.0000000000002
 30
0.0
 40
3.0
  0
CIRCLE
  5
32E
330
1F
100
AcDbEntity
  8
0
100
AcDbCircle
 10
1639.0
 20
219.0
 30
0.0
 40
3.0
  0
CIRCLE
  5
32F
330
1F
100
AcDbEntity
  8
0
100
AcDbCircle
 10
1151.0
 20
707.0000000000002
 30
0.0
 40
3.0
  0
CIRCLE
  5
330
330
1F
100
AcDbEntity
  8
0
100
AcDbCircle
 10
1639.0
 20
707.0
 30
0.0
 40
3.0
  0
CIRCLE
  5
33A
330
1F
100
AcDbEntity
  8
0
100
AcDbCircle
 10
1156.999999999999
 20
633.0000000000002
 30
0.0
 40
1.5
  0
CIRCLE
  5
33B
330
1F
100
AcDbEntity
  8
0
100
AcDbCircle
 10
1156.999999999999
 20
500.0
 30
0.0
 40
1.5
  0
CIRCLE
  5
33C
330
1F
100
AcDbEntity
  8
0
100
AcDbCircle
 10
1156.999999999999
 20
400.0
 30
0.0
 40
1.5
  0
LWPOLYLINE
  5
33D
102
{ACAD_REACTORS
330
742
330
7D8
330
802
102
}
330
1F
100
AcDbEntity
  8
0
100
AcDbPolyline
 90
        4
 70
     1
 43
0.0
 10
1144.999999999999
 20
213.0000000000002
 10
1644.999999999999
 20
213.0
 10
1644.999999999999
 20
713.0
 10
1145.0
 20
713.0000000000002
  0
CIRCLE
  5
33E
330
1F
100
AcDbEntity
  8
0
100
AcDbCircle
 10
1471.999999999999
 20
348.0000000000001
 30
0.0
 40
1.5
  0
CIRCLE
  5
33F
330
1F
100
AcDbEntity
  8
0
100
AcDbCircle
 10
1371.999999999999
 20
348.0000000000001
 30
0.0
 40
1.5
  0
CIRCLE
  5
340
330
1F
100
AcDbEntity
  8
0
100
AcDbCircle
 10
1221.999999999999
 20
348.0000000000001
 30
0.0
 40
1.5
  0
CIRCLE
  5
341
330
1F
100
AcDbEntity
  8
0
100
AcDbCircle
 10
1529.0
 20
528.0
 30
0.0
 40
4.5
  0
CIRCLE
  5
342
330
1F
100
AcDbEntity
  8
0
100
AcDbCircle
 10
1576.0
 20
528.0
 30
0.0
 40
4.5
  0
CIRCLE
  5
343
330
1F
100
AcDbEntity
  8
0
100
AcDbCircle
 10
1623.0
 20
528.0
 30
0.0
 40
4.5
  0
CIRCLE
  5
344
330
1F
100
AcDbEntity
  8
0
100
AcDbCircle
 10
1623.0
 20
456.0
 30
0.0
 40
4.5
  0
CIRCLE
  5
345
330
1F
100
AcDbEntity
  8
0
100
AcDbCircle
 10
1575.999999999999
 20
456.0000000000001
 30
0.0
 40
4.5
  0
CIRCLE
  5
346
330
1F
100
AcDbEntity
  8
0
100
AcDbCircle
 10
1529.0
 20
456.0000000000001
 30
0.0
 40
4.5
  0
CIRCLE
  5
347
330
1F
100
AcDbEntity
  8
0
100
AcDbCircle
 10
1510.0
 20
701.0000000000002
 30
0.0
 40
1.5
  0
CIRCLE
  5
348
330
1F
100
AcDbEntity
  8
0
100
AcDbCircle
 10
1409.999999999999
 20
701.0000000000002
 30
0.0
 40
1.5
  0
CIRCLE
  5
349
330
1F
100
AcDbEntity
  8
0
100
AcDbCircle
 10
1209.999999999999
 20
701.0000000000002
 30
0.0
 40
1.5
  0
CIRCLE
  5
34A
330
1F
100
AcDbEntity
  8
0
100
AcDbCircle
 10
1512.999999999999
 20
393.0000000000001
 30
0.0
 40
3.5
  0
CIRCLE
  5
34B
330
1F
100
AcDbEntity
  8
0
100
AcDbCircle
 10
1637.999999999999
 20
393.0000000000001
 30
0.0
 40
3.5
  0
CIRCLE
  5
34C
330
1F
100
AcDbEntity
  8
0
100
AcDbCircle
 10
1637.999999999999
 20
548.0000000000001
 30
0.0
 40
3.5
  0
CIRCLE
  5
34D
330
1F
100
AcDbEntity
  8
0
100
AcDbCircle
 10
1512.999999999999
 20
548.0000000000001
 30
0.0
 40
3.5
  0
CIRCLE
  5
34E
330
1F
100
AcDbEntity
  8
0
100
AcDbCircle
 10
1471.999999999999
 20
485.0
 30
0.0
 40
1.5
  0
CIRCLE
  5
34F
330
1F
100
AcDbEntity
  8
0
100
AcDbCircle
 10
1371.999999999999
 20
485.0
 30
0.0
 40
1.5
  0
CIRCLE
  5
350
330
1F
100
AcDbEntity
  8
0
100
AcDbCircle
 10
1221.999999999999
 20
485.0
 30
0.0
 40
1.5
  0
CIRCLE
  5
351
330
1F
100
AcDbEntity
  8
0
100
AcDbCircle
 10
1471.999999999999
 20
553.0000000000001
 30
0.0
 40
1.5
  0
CIRCLE
  5
352
330
1F
100
AcDbEntity
  8
0
100
AcDbCircle
 10
1371.999999999999
 20
553.0000000000001
 30
0.0
 40
1.5
  0
CIRCLE
  5
353
330
1F
100
AcDbEntity
  8
0
100
AcDbCircle
 10
1221.999999999999
 20
553.0000000000001
 30
0.0
 40
1.5
  0
CIRCLE
  5
354
330
1F
100
AcDbEntity
  8
0
100
AcDbCircle
 10
1529.0
 20
360.0000000000001
 30
0.0
 40
1.5
  0
CIRCLE
  5
355
330
1F
100
AcDbEntity
  8
0
100
AcDbCircle
 10
1575.999999999999
 20
360.0000000000001
 30
0.0
 40
1.5
  0
CIRCLE
  5
356
330
1F
100
AcDbEntity
  8
0
100
AcDbCircle
 10
1623.0
 20
360.0000000000001
 30
0.0
 40
1.5
  0
CIRCLE
  5
357
330
1F
100
AcDbEntity
  8
0
100
AcDbCircle
 10
1528.999999999999
 20
380.0
 30
0.0
 40
2.5
  0
CIRCLE
  5
358
330
1F
100
AcDbEntity
  8
0
100
AcDbCircle
 10
1575.999999999999
 20
380.0
 30
0.0
 40
2.5
  0
CIRCLE
  5
359
330
1F
100
AcDbEntity
  8
0
100
AcDbCircle
 10
1623.0
 20
380.0
 30
0.0
 40
2.5
  0
LWPOLYLINE
  5
35A
330
1F
100
AcDbEntity
  8
0
 62
     0
100
AcDbPolyline
 90
        4
 70
     1
 43
0.0
 10
241.9999999999995
 20
0.0
 10
775.9999999999993
 20
0.0
 10
775.9999999999995
 20
926.0
 10
241.9999999999995
 20
926.0
  0
INSERT
  5
35B
102
{ACAD_REACTORS
330
387
102
}
330
1F
100
AcDbEntity
  8
0
100
AcDbBlockReference
  2
Insert8
 10
-3282.476965907245
 20
-3975.678582361375
 30
0.0
 41
-1.0
  0
INSERT
  5
35C
330
1F
100
AcDbEntity
  8
0
100
AcDbBlockReference
  2
Insert9
 10
4071.610311471075
 20
-3975.621658539715
 30
0.0
  0
CIRCLE
  5
35D
330
1F
100
AcDbEntity
  8
0
100
AcDbCircle
 10
254.9999999999992
 20
219.0000000000002
 30
0.0
 40
3.0
  0
CIRCLE
  5
35E
330
1F
100
AcDbEntity
  8
0
100
AcDbCircle
 10
254.9999999999992
 20
707.0
 30
0.0
 40
3.0
  0
CIRCLE
  5
35F
330
1F
100
AcDbEntity
  8
0
100
AcDbCircle
 10
742.9999999999995
 20
707.0
 30
0.0
 40
3.0
  0
CIRCLE
  5
360
330
1F
100
AcDbEntity
  8
0
100
AcDbCircle
 10
742.9999999999995
 20
219.0000000000002
 30
0.0
 40
3.0
  0
CIRCLE
  5
361
330
1F
100
AcDbEntity
  8
0
100
AcDbCircle
 10
343.9999999999995
 20
104.0
 30
0.0
 40
1.5
  0
CIRCLE
  5
362
330
1F
100
AcDbEntity
  8
0
100
AcDbCircle
 10
521.9999999999995
 20
104.0
 30
0.0
 40
1.5
  0
CIRCLE
  5
363
330
1F
100
AcDbEntity
  8
0
100
AcDbCircle
 10
699.9999999999995
 20
104.0
 30
0.0
 40
1.5
  0
CIRCLE
  5
364
330
1F
100
AcDbEntity
  8
0
100
AcDbCircle
 10
895.9999999999995
 20
679.0
 30
0.0
 40
18.5
  0
CIRCLE
  5
365
330
1F
100
AcDbEntity
  8
0
100
AcDbCircle
 10
905.9999999999995
 20
569.0
 30
0.0
 40
10.5
  0
CIRCLE
  5
366
330
1F
100
AcDbEntity
  8
0
100
AcDbCircle
 10
895.9999999999995
 20
327.0
 30
0.0
 40
18.5
  0
CIRCLE
  5
367
330
1F
100
AcDbEntity
  8
0
100
AcDbCircle
 10
66.99999999999954
 20
362.0
 30
0.0
 40
25.5
  0
CIRCLE
  5
368
330
1F
100
AcDbEntity
  8
0
100
AcDbCircle
 10
506.9999999999995
 20
900.0000000000001
 30
0.0
 40
2.5
  0
CIRCLE
  5
369
330
1F
100
AcDbEntity
  8
0
100
AcDbCircle
 10
506.9999999999995
 20
879.0000000000002
 30
0.0
 40
2.5
  0
CIRCLE
  5
36A
330
1F
100
AcDbEntity
  8
0
100
AcDbCircle
 10
506.9999999999995
 20
870.0000000000002
 30
0.0
 40
2.5
  0
CIRCLE
  5
36B
330
1F
100
AcDbEntity
  8
0
100
AcDbCircle
 10
562.9999999999995
 20
879.0000000000002
 30
0.0
 40
2.5
  0
CIRCLE
  5
36C
330
1F
100
AcDbEntity
  8
0
100
AcDbCircle
 10
566.9999999999995
 20
870.0000000000002
 30
0.0
 40
2.5
  0
LWPOLYLINE
  5
36D
330
1F
100
AcDbEntity
  8
0
100
AcDbPolyline
 90
        4
 70
     1
 43
0.0
 10
566.9999999999995
 20
897.5000000000003
 42
0.9999999999999998
 10
566.9999999999995
 20
902.4999999999996
 10
562.9999999999995
 20
902.5000000000003
 42
1.000000000000021
 10
562.9999999999996
 20
897.5000000000003
  0
DIMENSION
  5
36F
102
{ACAD_XDICTIONARY
360
37D
102
}
102
{ACAD_REACTORS
330
387
102
}
330
1F
100
AcDbEntity
  8
0
100
AcDbDimension
  2
*D4
 10
-41.42087112679294
 20
207.0000000000001
 30
0.0
 11
-43.3223035960971
 21
463.0000000000001
 31
0.0
 70
    32
 71
     5
 42
512.0
 73
     0
 74
     0
 75
     0
  3
ISO-25
100
AcDbAlignedDimension
 13
0.0
 23
719.0
 33
0.0
 14
0.0
 24
207.0
 34
0.0
 50
90.0
100
AcDbRotatedDimension
  0
CIRCLE
  5
410
330
1F
100
AcDbEntity
  8
0
100
AcDbCircle
 10
1614.0
 20
628.0
 30
0.0
 40
3.5
  0
CIRCLE
  5
411
330
1F
100
AcDbEntity
  8
0
100
AcDbCircle
 10
1629.0
 20
628.0
 30
0.0
 40
3.5
  0
CIRCLE
  5
412
330
1F
100
AcDbEntity
  8
0
100
AcDbCircle
 10
1433.999999999999
 20
628.0000000000002
 30
0.0
 40
3.5
  0
CIRCLE
  5
413
330
1F
100
AcDbEntity
  8
0
100
AcDbCircle
 10
1448.999999999999
 20
628.0000000000002
 30
0.0
 40
3.5
  0
CIRCLE
  5
414
330
1F
100
AcDbEntity
  8
0
100
AcDbCircle
 10
1254.0
 20
628.0000000000002
 30
0.0
 40
3.5
  0
CIRCLE
  5
415
330
1F
100
AcDbEntity
  8
0
100
AcDbCircle
 10
1269.0
 20
628.0000000000002
 30
0.0
 40
3.5
  0
LINE
  5
499
102
{ACAD_REACTORS
330
529
102
}
330
1F
100
AcDbEntity
  8
1
100
AcDbLine
 10
1144.999999999999
 20
278.0000000000002
 30
0.0
 11
1425.0
 21
278.0000000000002
 31
0.0
  0
LWPOLYLINE
  5
4B2
102
{ACAD_REACTORS
330
4C5
102
}
330
1F
100
AcDbEntity
  8
1
100
AcDbPolyline
 90
        6
 70
     0
 43
0.0
 10
1144.999999999999
 20
275.5000000000002
 10
1144.999999999999
 20
260.5000000000003
 10
1425.0
 20
260.5000000000002
 10
1425.0
 20
295.5000000000002
 10
1144.999999999999
 20
295.5
 10
1144.999999999999
 20
280.5000000000002
  0
LWPOLYLINE
  5
4BA
102
{ACAD_REACTORS
330
4C5
102
}
330
1F
100
AcDbEntity
  8
1
100
AcDbPolyline
 90
        4
 70
     0
 43
0.0
 10
1144.999999999999
 20
275.5000000000002
 10
1152.5
 20
275.5000000000002
 42
0.9999999999999998
 10
1152.5
 20
280.5000000000002
 10
1144.999999999999
 20
280.5000000000002
  0
LWPOLYLINE
  5
4BB
102
{ACAD_REACTORS
330
4C5
102
}
330
1F
100
AcDbEntity
  8
1
100
AcDbPolyline
 90
        4
 70
     1
 43
0.0
 10
1167.5
 20
280.5000000000002
 42
0.9999999999999996
 10
1167.5
 20
275.5000000000002
 10
1182.5
 20
275.5000000000002
 42
0.9999999999999998
 10
1182.5
 20
280.5000000000002
  0
LWPOLYLINE
  5
4BC
102
{ACAD_REACTORS
330
4C5
102
}
330
1F
100
AcDbEntity
  8
1
100
AcDbPolyline
 90
        4
 70
     1
 43
0.0
 10
1197.5
 20
280.5000000000002
 42
0.9999999999999996
 10
1197.5
 20
275.5000000000002
 10
1212.5
 20
275.5000000000002
 42
0.9999999999999998
 10
1212.5
 20
280.5000000000002
  0
LWPOLYLINE
  5
4BD
102
{ACAD_REACTORS
330
4C5
102
}
330
1F
100
AcDbEntity
  8
1
100
AcDbPolyline
 90
        4
 70
     1
 43
0.0
 10
1227.5
 20
280.5000000000002
 42
0.9999999999999996
 10
1227.5
 20
275.5000000000002
 10
1242.5
 20
275.5000000000002
 42
0.9999999999999998
 10
1242.5
 20
280.5000000000002
  0
LWPOLYLINE
  5
4BE
102
{ACAD_REACTORS
330
4C5
102
}
330
1F
100
AcDbEntity
  8
1
100
AcDbPolyline
 90
        4
 70
     1
 43
0.0
 10
1257.5
 20
280.5000000000002
 42
0.9999999999999996
 10
1257.5
 20
275.5000000000002
 10
1272.5
 20
275.5000000000002
 42
0.9999999999999998
 10
1272.5
 20
280.5000000000002
  0
LWPOLYLINE
  5
4BF
102
{ACAD_REACTORS
330
4C5
102
}
330
1F
100
AcDbEntity
  8
1
100
AcDbPolyline
 90
        4
 70
     1
 43
0.0
 10
1287.5
 20
280.5000000000002
 42
0.9999999999999996
 10
1287.5
 20
275.5000000000002
 10
1302.5
 20
275.5000000000002
 42
0.9999999999999998
 10
1302.5
 20
280.5000000000002
  0
LWPOLYLINE
  5
4C0
102
{ACAD_REACTORS
330
4C5
102
}
330
1F
100
AcDbEntity
  8
1
100
AcDbPolyline
 90
        4
 70
     1
 43
0.0
 10
1317.5
 20
280.5000000000002
 42
0.9999999999999996
 10
1317.5
 20
275.5000000000002
 10
1332.5
 20
275.5000000000002
 42
0.9999999999999998
 10
1332.5
 20
280.5000000000002
  0
LWPOLYLINE
  5
4C1
102
{ACAD_REACTORS
330
4C5
102
}
330
1F
100
AcDbEntity
  8
1
100
AcDbPolyline
 90
        4
 70
     1
 43
0.0
 10
1347.5
 20
280.5000000000002
 42
0.9999999999999996
 10
1347.5
 20
275.5000000000002
 10
1362.5
 20
275.5000000000002
 42
0.9999999999999998
 10
1362.5
 20
280.5000000000002
  0
LWPOLYLINE
  5
4C2
102
{ACAD_REACTORS
330
4C5
102
}
330
1F
100
AcDbEntity
  8
1
100
AcDbPolyline
 90
        4
 70
     1
 43
0.0
 10
1377.5
 20
280.5000000000002
 42
0.9999999999999996
 10
1377.5
 20
275.5000000000002
 10
1392.5
 20
275.5000000000002
 42
0.9999999999999998
 10
1392.5
 20
280.5000000000002
  0
LWPOLYLINE
  5
4C3
102
{ACAD_REACTORS
330
4C5
102
}
330
1F
100
AcDbEntity
  8
1
100
AcDbPolyline
 90
        4
 70
     1
 43
0.0
 10
1407.5
 20
280.5000000000002
 42
0.9999999999999996
 10
1407.5
 20
275.5000000000002
 10
1422.5
 20
275.5000000000002
 42
0.9999999999999998
 10
1422.5
 20
280.5000000000002
  0
CIRCLE
  5
508
330
1F
100
AcDbEntity
  8
0
100
AcDbCircle
 10
1370.0
 20
278.0000000000002
 30
0.0
 40
3.5
  0
CIRCLE
  5
509
330
1F
100
AcDbEntity
  8
0
100
AcDbCircle
 10
1385.0
 20
278.0000000000002
 30
0.0
 40
3.5
  0
CIRCLE
  5
50A
330
1F
100
AcDbEntity
  8
0
100
AcDbCircle
 10
1190.0
 20
278.0000000000002
 30
0.0
 40
3.5
  0
CIRCLE
  5
50B
330
1F
100
AcDbEntity
  8
0
100
AcDbCircle
 10
1205.0
 20
278.0000000000002
 30
0.0
 40
3.5
  0
LWPOLYLINE
  5
50C
330
1F
100
AcDbEntity
  8
1
100
AcDbPolyline
 90
        2
 70
     0
 43
0.0
 10
1144.999999999999
 20
260.5000000000002
 10
1144.999999999999
 20
275.5000000000002
  0
LWPOLYLINE
  5
511
330
1F
100
AcDbEntity
  8
1
100
AcDbPolyline
 90
        2
 70
     0
 43
0.0
 10
1144.999999999999
 20
280.5000000000002
 10
1144.999999999999
 20
295.5000000000002
  0
DIMENSION
  5
512
102
{ACAD_XDICTIONARY
360
51F
102
}
102
{ACAD_REACTORS
330
529
102
}
330
1F
100
AcDbEntity
  8
1
100
AcDbDimension
  2
*D16
 10
1425.0
 20
284.0
 30
0.0
 11
1280.39466067118
 21
284.0
 31
0.0
 70
   160
 71
     5
 42
280.0
 73
     0
 74
     0
 75
     0
  3
ISO-25
100
AcDbAlignedDimension
 13
1144.999999999999
 23
278.0000000000002
 33
0.0
 14
1425.0
 24
278.0000000000002
 34
0.0
100
AcDbRotatedDimension
1001
ACAD
1000
DSTYLE
1002
{
1070
    41
1040
5.0
1070
   140
1040
6.0
1002
}
  0
DIMENSION
  5
557
330
1F
100
AcDbEntity
  8
1
100
AcDbDimension
  2
*D17
 10
1494.999999999999
 20
485.0
 30
0.0
 11
1569.999999999999
 21
488.6884379263301
 31
0.0
 70
    32
 71
     5
 42
150.0
 73
     0
 74
     0
 75
     0
  3
ISO-25
100
AcDbAlignedDimension
 13
1644.999999999999
 23
485.0
 33
0.0
 14
1494.999999999999
 24
485.0
 34
0.0
100
AcDbRotatedDimension
1001
ACAD
1000
DSTYLE
1002
{
1070
   140
1040
6.0
1070
    41
1040
5.0
1002
}
  0
LINE
  5
570
330
1F
100
AcDbEntity
  8
1
100
AcDbLine
 10
1169.999999999999
 20
415.0000000000001
 30
0.0
 11
1494.999999999999
 21
415.0000000000001
 31
0.0
  0
LWPOLYLINE
  5
5A8
102
{ACAD_REACTORS
330
5B3
102
}
330
1F
100
AcDbEntity
  8
1
100
AcDbPolyline
 90
        4
 70
     1
 43
0.0
 10
1177.499999999999
 20
417.5000000000001
 42
0.9999999999999996
 10
1177.499999999999
 20
412.5
 10
1192.499999999999
 20
412.5
 42
0.9999999999999998
 10
1192.499999999999
 20
417.5000000000001
  0
LWPOLYLINE
  5
5A9
102
{ACAD_REACTORS
330
5B3
102
}
330
1F
100
AcDbEntity
  8
1
100
AcDbPolyline
 90
        4
 70
     1
 43
0.0
 10
1207.499999999999
 20
417.5000000000001
 42
0.9999999999999996
 10
1207.499999999999
 20
412.5
 10
1222.499999999999
 20
412.5
 42
0.9999999999999998
 10
1222.499999999999
 20
417.5000000000001
  0
LWPOLYLINE
  5
5AA
102
{ACAD_REACTORS
330
5B3
102
}
330
1F
100
AcDbEntity
  8
1
100
AcDbPolyline
 90
        4
 70
     1
 43
0.0
 10
1237.5
 20
417.5000000000001
 42
0.9999999999999996
 10
1237.5
 20
412.5
 10
1252.499999999999
 20
412.5
 42
0.9999999999999998
 10
1252.499999999999
 20
417.5000000000001
  0
LWPOLYLINE
  5
5AB
102
{ACAD_REACTORS
330
5B3
102
}
330
1F
100
AcDbEntity
  8
1
100
AcDbPolyline
 90
        4
 70
     1
 43
0.0
 10
1267.499999999999
 20
417.5000000000001
 42
0.9999999999999996
 10
1267.499999999999
 20
412.5
 10
1282.499999999999
 20
412.5
 42
0.9999999999999998
 10
1282.499999999999
 20
417.5000000000001
  0
LWPOLYLINE
  5
5AC
102
{ACAD_REACTORS
330
5B3
102
}
330
1F
100
AcDbEntity
  8
1
100
AcDbPolyline
 90
        4
 70
     1
 43
0.0
 10
1297.499999999999
 20
417.5000000000001
 42
0.9999999999999996
 10
1297.499999999999
 20
412.5
 10
1312.5
 20
412.5
 42
0.9999999999999998
 10
1312.5
 20
417.5000000000001
  0
LWPOLYLINE
  5
5AD
102
{ACAD_REACTORS
330
5B3
102
}
330
1F
100
AcDbEntity
  8
1
100
AcDbPolyline
 90
        4
 70
     1
 43
0.0
 10
1327.499999999999
 20
417.5000000000001
 42
0.9999999999999996
 10
1327.499999999999
 20
412.5
 10
1342.499999999999
 20
412.5
 42
0.9999999999999998
 10
1342.499999999999
 20
417.5000000000001
  0
LWPOLYLINE
  5
5AE
102
{ACAD_REACTORS
330
5B3
102
}
330
1F
100
AcDbEntity
  8
1
100
AcDbPolyline
 90
        4
 70
     1
 43
0.0
 10
1357.499999999999
 20
417.5000000000001
 42
0.9999999999999996
 10
1357.499999999999
 20
412.5
 10
1372.499999999999
 20
412.5
 42
0.9999999999999998
 10
1372.499999999999
 20
417.5000000000001
  0
LWPOLYLINE
  5
5AF
102
{ACAD_REACTORS
330
5B3
102
}
330
1F
100
AcDbEntity
  8
1
100
AcDbPolyline
 90
        4
 70
     1
 43
0.0
 10
1387.499999999999
 20
417.5000000000001
 42
0.9999999999999996
 10
1387.499999999999
 20
412.5
 10
1402.499999999999
 20
412.5
 42
0.9999999999999998
 10
1402.499999999999
 20
417.5000000000001
  0
LWPOLYLINE
  5
5B0
102
{ACAD_REACTORS
330
5B3
102
}
330
1F
100
AcDbEntity
  8
1
100
AcDbPolyline
 90
        4
 70
     1
 43
0.0
 10
1417.499999999999
 20
417.5000000000001
 42
0.9999999999999996
 10
1417.499999999999
 20
412.5
 10
1432.499999999999
 20
412.5
 42
0.9999999999999998
 10
1432.499999999999
 20
417.5000000000001
  0
LWPOLYLINE
  5
5B1
102
{ACAD_REACTORS
330
5B3
102
}
330
1F
100
AcDbEntity
  8
1
100
AcDbPolyline
 90
        4
 70
     1
 43
0.0
 10
1447.499999999999
 20
417.5000000000001
 42
0.9999999999999996
 10
1447.499999999999
 20
412.5
 10
1462.499999999999
 20
412.5
 42
0.9999999999999998
 10
1462.499999999999
 20
417.5000000000001
  0
LWPOLYLINE
  5
5B2
102
{ACAD_REACTORS
330
5B3
330
5E7
102
}
330
1F
100
AcDbEntity
  8
1
100
AcDbPolyline
 90
        4
 70
     1
 43
0.0
 10
1477.499999999999
 20
417.5000000000001
 42
0.9999999999999996
 10
1477.499999999999
 20
412.5
 10
1492.499999999999
 20
412.5
 42
0.9999999999999998
 10
1492.499999999999
 20
417.5000000000001
  0
CIRCLE
  5
5C7
330
1F
100
AcDbEntity
  8
0
100
AcDbCircle
 10
1469.999999999999
 20
415.0000000000001
 30
0.0
 40
3.5
  0
CIRCLE
  5
5C8
330
1F
100
AcDbEntity
  8
0
100
AcDbCircle
 10
1485.0
 20
415.0000000000001
 30
0.0
 40
3.5
  0
CIRCLE
  5
5C9
330
1F
100
AcDbEntity
  8
0
100
AcDbCircle
 10
1199.999999999999
 20
415.0000000000001
 30
0.0
 40
3.5
  0
CIRCLE
  5
5CA
330
1F
100
AcDbEntity
  8
0
100
AcDbCircle
 10
1214.999999999999
 20
415.0000000000001
 30
0.0
 40
3.5
  0
LWPOLYLINE
  5
5CC
330
1F
100
AcDbEntity
  8
1
100
AcDbPolyline
 90
        4
 70
     0
 43
0.0
 10
1169.999999999999
 20
397.5000000000001
 10
1494.999999999999
 20
397.5000000000001
 10
1494.999999999999
 20
432.5000000000001
 10
1169.999999999999
 20
432.5000000000001
  0
LINE
  5
5CF
102
{ACAD_REACTORS
330
5E7
102
}
330
1F
100
AcDbEntity
  8
1
100
AcDbLine
 10
1169.999999999999
 20
397.5000000000001
 30
0.0
 11
1169.999999999999
 21
432.5000000000001
 31
0.0
  0
DIMENSION
  5
5D0
102
{ACAD_XDICTIONARY
360
5DD
102
}
102
{ACAD_REACTORS
330
5E7
102
}
330
1F
100
AcDbEntity
  8
1
100
AcDbDimension
  2
*D20
 10
1169.999999999999
 20
421.0
 30
0.0
 11
1332.499999999999
 21
424.6904843110504
 31
0.0
 70
    32
 71
     5
 42
325.0
 73
     0
 74
     0
 75
     0
  3
ISO-25
100
AcDbAlignedDimension
 13
1494.999999999999
 23
415.0000000000001
 33
0.0
 14
1169.999999999999
 24
415.0000000000001
 34
0.0
100
AcDbRotatedDimension
1001
ACAD
1000
DSTYLE
1002
{
1070
    41
1040
5.0
1070
   140
1040
6.0
1002
}
  0
LINE
  5
60C
102
{ACAD_REACTORS
330
655
102
}
330
1F
100
AcDbEntity
  8
1
100
AcDbLine
 10
1644.999999999999
 20
628.0
 30
0.0
 11
1224.999999999999
 21
628.0000000000004
 31
0.0
  0
LWPOLYLINE
  5
626
102
{ACAD_REACTORS
330
638
102
}
330
1F
100
AcDbEntity
  8
1
100
AcDbPolyline
 90
        1
 70
     1
 43
0.0
 10
1144.999999999999
 20
645.5
  0
LWPOLYLINE
  5
62A
102
{ACAD_REACTORS
330
638
102
}
330
1F
100
AcDbEntity
  8
1
100
AcDbPolyline
 90
        4
 70
     1
 43
0.0
 10
1237.5
 20
630.4999999999999
 42
0.9999999999999996
 10
1237.5
 20
625.4999999999999
 10
1252.499999999999
 20
625.4999999999999
 42
0.9999999999999998
 10
1252.499999999999
 20
630.4999999999999
  0
LWPOLYLINE
  5
62B
102
{ACAD_REACTORS
330
638
102
}
330
1F
100
AcDbEntity
  8
1
100
AcDbPolyline
 90
        4
 70
     1
 43
0.0
 10
1267.499999999999
 20
630.4999999999999
 42
0.9999999999999996
 10
1267.499999999999
 20
625.4999999999999
 10
1282.499999999999
 20
625.4999999999999
 42
0.9999999999999998
 10
1282.499999999999
 20
630.4999999999999
  0
LWPOLYLINE
  5
62C
102
{ACAD_REACTORS
330
638
102
}
330
1F
100
AcDbEntity
  8
1
100
AcDbPolyline
 90
        4
 70
     1
 43
0.0
 10
1297.499999999999
 20
630.4999999999999
 42
0.9999999999999996
 10
1297.499999999999
 20
625.4999999999999
 10
1312.5
 20
625.4999999999999
 42
0.9999999999999998
 10
1312.5
 20
630.4999999999999
  0
LWPOLYLINE
  5
62D
102
{ACAD_REACTORS
330
638
102
}
330
1F
100
AcDbEntity
  8
1
100
AcDbPolyline
 90
        4
 70
     1
 43
0.0
 10
1327.499999999999
 20
630.4999999999999
 42
0.9999999999999996
 10
1327.499999999999
 20
625.4999999999999
 10
1342.499999999999
 20
625.4999999999999
 42
0.9999999999999998
 10
1342.499999999999
 20
630.4999999999999
  0
LWPOLYLINE
  5
62E
102
{ACAD_REACTORS
330
638
102
}
330
1F
100
AcDbEntity
  8
1
100
AcDbPolyline
 90
        4
 70
     1
 43
0.0
 10
1357.499999999999
 20
630.4999999999999
 42
0.9999999999999996
 10
1357.499999999999
 20
625.4999999999999
 10
1372.499999999999
 20
625.4999999999999
 42
0.9999999999999998
 10
1372.499999999999
 20
630.4999999999999
  0
LWPOLYLINE
  5
62F
102
{ACAD_REACTORS
330
638
102
}
330
1F
100
AcDbEntity
  8
1
100
AcDbPolyline
 90
        4
 70
     1
 43
0.0
 10
1387.499999999999
 20
630.4999999999999
 42
0.9999999999999996
 10
1387.499999999999
 20
625.4999999999999
 10
1402.499999999999
 20
625.4999999999999
 42
0.9999999999999998
 10
1402.499999999999
 20
630.4999999999999
  0
LWPOLYLINE
  5
630
102
{ACAD_REACTORS
330
638
102
}
330
1F
100
AcDbEntity
  8
1
100
AcDbPolyline
 90
        4
 70
     1
 43
0.0
 10
1417.499999999999
 20
630.4999999999999
 42
0.9999999999999996
 10
1417.499999999999
 20
625.4999999999999
 10
1432.499999999999
 20
625.4999999999999
 42
0.9999999999999998
 10
1432.499999999999
 20
630.4999999999999
  0
LWPOLYLINE
  5
631
102
{ACAD_REACTORS
330
638
102
}
330
1F
100
AcDbEntity
  8
1
100
AcDbPolyline
 90
        4
 70
     1
 43
0.0
 10
1447.499999999999
 20
630.4999999999999
 42
0.9999999999999996
 10
1447.499999999999
 20
625.4999999999999
 10
1462.499999999999
 20
625.4999999999999
 42
0.9999999999999998
 10
1462.499999999999
 20
630.4999999999999
  0
LWPOLYLINE
  5
632
102
{ACAD_REACTORS
330
638
102
}
330
1F
100
AcDbEntity
  8
1
100
AcDbPolyline
 90
        4
 70
     1
 43
0.0
 10
1477.499999999999
 20
630.4999999999999
 42
0.9999999999999996
 10
1477.499999999999
 20
625.4999999999999
 10
1492.499999999999
 20
625.4999999999999
 42
0.9999999999999998
 10
1492.499999999999
 20
630.4999999999999
  0
LWPOLYLINE
  5
633
102
{ACAD_REACTORS
330
638
102
}
330
1F
100
AcDbEntity
  8
1
100
AcDbPolyline
 90
        4
 70
     1
 43
0.0
 10
1507.499999999999
 20
630.4999999999999
 42
0.9999999999999996
 10
1507.499999999999
 20
625.4999999999999
 10
1522.499999999999
 20
625.4999999999999
 42
0.9999999999999998
 10
1522.499999999999
 20
630.4999999999999
  0
LWPOLYLINE
  5
634
102
{ACAD_REACTORS
330
638
102
}
330
1F
100
AcDbEntity
  8
1
100
AcDbPolyline
 90
        4
 70
     1
 43
0.0
 10
1537.499999999999
 20
630.4999999999999
 42
0.9999999999999996
 10
1537.499999999999
 20
625.4999999999999
 10
1552.499999999999
 20
625.4999999999999
 42
0.9999999999999998
 10
1552.499999999999
 20
630.4999999999999
  0
LWPOLYLINE
  5
635
102
{ACAD_REACTORS
330
638
102
}
330
1F
100
AcDbEntity
  8
1
100
AcDbPolyline
 90
        4
 70
     1
 43
0.0
 10
1567.499999999999
 20
630.4999999999999
 42
0.9999999999999996
 10
1567.499999999999
 20
625.4999999999999
 10
1582.499999999999
 20
625.4999999999999
 42
0.9999999999999998
 10
1582.499999999999
 20
630.4999999999999
  0
LWPOLYLINE
  5
636
102
{ACAD_REACTORS
330
638
102
}
330
1F
100
AcDbEntity
  8
1
100
AcDbPolyline
 90
        4
 70
     1
 43
0.0
 10
1597.499999999999
 20
630.4999999999999
 42
0.9999999999999996
 10
1597.499999999999
 20
625.4999999999999
 10
1612.5
 20
625.4999999999999
 42
0.9999999999999998
 10
1612.5
 20
630.4999999999999
  0
LWPOLYLINE
  5
637
102
{ACAD_REACTORS
330
638
102
}
330
1F
100
AcDbEntity
  8
1
100
AcDbPolyline
 90
        4
 70
     1
 43
0.0
 10
1627.499999999999
 20
630.4999999999999
 42
0.9999999999999996
 10
1627.499999999999
 20
625.4999999999999
 10
1642.5
 20
625.4999999999999
 42
0.9999999999999998
 10
1642.5
 20
630.4999999999999
  0
LWPOLYLINE
  5
63A
330
1F
100
AcDbEntity
  8
1
100
AcDbPolyline
 90
        4
 70
     0
 43
0.0
 10
1224.999999999999
 20
610.5
 10
1644.999999999999
 20
610.5
 10
1644.999999999999
 20
645.5
 10
1224.999999999999
 20
645.5
  0
LINE
  5
63D
330
1F
100
AcDbEntity
  8
1
100
AcDbLine
 10
1224.999999999999
 20
645.5
 30
0.0
 11
1224.999999999999
 21
610.5
 31
0.0
  0
DIMENSION
  5
63E
102
{ACAD_XDICTIONARY
360
64B
102
}
102
{ACAD_REACTORS
330
655
102
}
330
1F
100
AcDbEntity
  8
1
100
AcDbDimension
  2
*D22
 10
1644.999999999999
 20
634.0
 30
0.0
 11
1434.999999999999
 21
637.6884379263302
 31
0.0
 70
    32
 71
     5
 42
420.0
 73
     0
 74
     0
 75
     0
  3
ISO-25
100
AcDbAlignedDimension
 13
1224.999999999999
 23
628.0000000000004
 33
0.0
 14
1644.999999999999
 24
628.0
 34
0.0
100
AcDbRotatedDimension
1001
ACAD
1000
DSTYLE
1002
{
1070
   140
1040
6.0
1070
    41
1040
5.0
1002
}
  0
LINE
  5
668
330
1F
100
AcDbEntity
  8
1
100
AcDbLine
 10
1193.0
 20
519.0
 30
0.0
 11
1488.0
 21
519.0
 31
0.0
  0
LINE
  5
6D3
330
1F
100
AcDbEntity
  8
1
100
AcDbLine
 10
1193.0
 20
534.0
 30
0.0
 11
1488.0
 21
534.0
 31
0.0
  0
LINE
  5
6D4
330
1F
100
AcDbEntity
  8
1
100
AcDbLine
 10
1193.0
 20
504.0
 30
0.0
 11
1488.0
 21
504.0
 31
0.0
  0
LINE
  5
6D5
330
1F
100
AcDbEntity
  8
1
100
AcDbLine
 10
1193.0
 20
534.0
 30
0.0
 11
1193.0
 21
504.0
 31
0.0
  0
LINE
  5
6D6
330
1F
100
AcDbEntity
  8
1
100
AcDbLine
 10
1488.0
 20
504.0
 30
0.0
 11
1488.0
 21
534.0
 31
0.0
  0
LINE
  5
708
330
1F
100
AcDbEntity
  8
1
100
AcDbLine
 10
1218.0
 20
534.0
 30
0.0
 11
1218.0
 21
504.0
 31
0.0
  0
LINE
  5
709
330
1F
100
AcDbEntity
  8
1
100
AcDbLine
 10
1462.999999999999
 20
534.0
 30
0.0
 11
1462.999999999999
 21
504.0
 31
0.0
  0
LINE
  5
70F
102
{ACAD_REACTORS
330
714
102
}
330
1F
100
AcDbEntity
  8
1
100
AcDbLine
 10
1495.0
 20
473.0
 30
0.0
 11
1495.0
 21
497.0
 31
0.0
  0
LINE
  5
710
102
{ACAD_REACTORS
330
714
102
}
330
1F
100
AcDbEntity
  8
1
100
AcDbLine
 10
1495.0
 20
497.0
 30
0.0
 11
1169.0
 21
497.0
 31
0.0
  0
LINE
  5
711
102
{ACAD_REACTORS
330
714
102
}
330
1F
100
AcDbEntity
  8
1
100
AcDbLine
 10
1169.0
 20
497.0
 30
0.0
 11
1169.0
 21
473.0
 31
0.0
  0
LINE
  5
712
102
{ACAD_REACTORS
330
714
102
}
330
1F
100
AcDbEntity
  8
1
100
AcDbLine
 10
1169.0
 20
473.0
 30
0.0
 11
1495.0
 21
473.0
 31
0.0
  0
LINE
  5
713
102
{ACAD_REACTORS
330
714
102
}
330
1F
100
AcDbEntity
  8
1
100
AcDbLine
 10
1169.0
 20
485.0
 30
0.0
 11
1495.0
 21
485.0
 31
0.0
  0
LINE
  5
716
102
{ACAD_REACTORS
330
71B
102
}
330
1F
100
AcDbEntity
  8
1
100
AcDbLine
 10
1495.0
 20
541.0
 30
0.0
 11
1495.0
 21
565.0
 31
0.0
  0
LINE
  5
717
102
{ACAD_REACTORS
330
71B
102
}
330
1F
100
AcDbEntity
  8
1
100
AcDbLine
 10
1495.0
 20
565.0
 30
0.0
 11
1169.0
 21
565.0
 31
0.0
  0
LINE
  5
718
102
{ACAD_REACTORS
330
71B
102
}
330
1F
100
AcDbEntity
  8
1
100
AcDbLine
 10
1169.0
 20
565.0
 30
0.0
 11
1169.0
 21
541.0
 31
0.0
  0
LINE
  5
719
102
{ACAD_REACTORS
330
71B
102
}
330
1F
100
AcDbEntity
  8
1
100
AcDbLine
 10
1169.0
 20
541.0
 30
0.0
 11
1495.0
 21
541.0
 31
0.0
  0
LINE
  5
71A
102
{ACAD_REACTORS
330
71B
102
}
330
1F
100
AcDbEntity
  8
1
100
AcDbLine
 10
1169.0
 20
553.0
 30
0.0
 11
1495.0
 21
553.0
 31
0.0
  0
LINE
  5
71C
102
{ACAD_REACTORS
330
721
102
}
330
1F
100
AcDbEntity
  8
1
100
AcDbLine
 10
1495.0
 20
336.0000000000001
 30
0.0
 11
1495.0
 21
360.0
 31
0.0
  0
LINE
  5
71D
102
{ACAD_REACTORS
330
721
102
}
330
1F
100
AcDbEntity
  8
1
100
AcDbLine
 10
1495.0
 20
360.0
 30
0.0
 11
1169.0
 21
360.0
 31
0.0
  0
LINE
  5
71E
102
{ACAD_REACTORS
330
721
102
}
330
1F
100
AcDbEntity
  8
1
100
AcDbLine
 10
1169.0
 20
360.0
 30
0.0
 11
1169.0
 21
336.0000000000001
 31
0.0
  0
LINE
  5
71F
102
{ACAD_REACTORS
330
721
102
}
330
1F
100
AcDbEntity
  8
1
100
AcDbLine
 10
1169.0
 20
336.0000000000001
 30
0.0
 11
1495.0
 21
336.0000000000001
 31
0.0
  0
LINE
  5
720
102
{ACAD_REACTORS
330
721
330
7D8
102
}
330
1F
100
AcDbEntity
  8
1
100
AcDbLine
 10
1169.0
 20
348.0
 30
0.0
 11
1495.0
 21
348.0
 31
0.0
  0
LINE
  5
722
102
{ACAD_REACTORS
330
727
102
}
330
1F
100
AcDbEntity
  8
1
100
AcDbLine
 10
1555.0
 20
689.0000000000002
 30
0.0
 11
1555.0
 21
713.0000000000002
 31
0.0
  0
LINE
  5
723
102
{ACAD_REACTORS
330
727
102
}
330
1F
100
AcDbEntity
  8
1
100
AcDbLine
 10
1555.0
 20
713.0000000000002
 30
0.0
 11
1169.0
 21
713.0000000000002
 31
0.0
  0
LINE
  5
724
102
{ACAD_REACTORS
330
727
102
}
330
1F
100
AcDbEntity
  8
1
100
AcDbLine
 10
1169.0
 20
713.0000000000002
 30
0.0
 11
1169.0
 21
689.0000000000002
 31
0.0
  0
LINE
  5
725
102
{ACAD_REACTORS
330
727
102
}
330
1F
100
AcDbEntity
  8
1
100
AcDbLine
 10
1169.0
 20
689.0000000000002
 30
0.0
 11
1555.0
 21
689.0000000000002
 31
0.0
  0
LINE
  5
726
102
{ACAD_REACTORS
330
727
102
}
330
1F
100
AcDbEntity
  8
1
100
AcDbLine
 10
1169.0
 20
701.0000000000002
 30
0.0
 11
1555.0
 21
701.0000000000002
 31
0.0
  0
LWPOLYLINE
  5
729
330
1F
100
AcDbEntity
  8
1
100
AcDbPolyline
 90
        4
 70
     1
 43
0.0
 10
1169.0
 20
689.0000000000002
 10
1145.0
 20
689.0000000000002
 10
1145.0
 20
360.0000000000001
 10
1169.0
 20
360.0
  0
LINE
  5
72A
102
{ACAD_REACTORS
330
802
102
}
330
1F
100
AcDbEntity
  8
1
100
AcDbLine
 10
1157.0
 20
360.0000000000001
 30
0.0
 11
1157.0
 21
689.0000000000002
 31
0.0
  0
DIMENSION
  5
72B
102
{ACAD_XDICTIONARY
360
738
102
}
102
{ACAD_REACTORS
330
742
102
}
330
1F
100
AcDbEntity
  8
1
100
AcDbDimension
  2
*D29
 10
1554.999999999999
 20
701.0000000000002
 30
0.0
 11
1599.999999999999
 21
704.6884379263303
 31
0.0
 70
    32
 71
     5
 42
90.0
 73
     0
 74
     0
 75
     0
  3
ISO-25
100
AcDbAlignedDimension
 13
1644.999999999999
 23
713.0
 33
0.0
 14
1554.999999999999
 24
713.0
 34
0.0
100
AcDbRotatedDimension
1001
ACAD
1000
DSTYLE
1002
{
1070
    41
1040
5.0
1070
   140
1040
6.0
1002
}
  0
LWPOLYLINE
  5
7B3
102
{ACAD_REACTORS
330
7B8
102
}
330
1F
100
AcDbEntity
  8
1
100
AcDbPolyline
 90
        4
 70
     1
 43
0.0
 10
1194.0
 20
573.0
 10
1226.0
 20
573.0
 10
1226.0
 20
683.0
 10
1194.0
 20
683.0
  0
LWPOLYLINE
  5
7B4
102
{ACAD_REACTORS
330
7B8
102
}
330
1F
100
AcDbEntity
  8
1
100
AcDbPolyline
 90
        4
 70
     1
 43
0.0
 10
1194.0
 20
683.0
 10
1226.0
 20
683.0
 10
1226.0
 20
669.0
 10
1194.0
 20
669.0
  0
LWPOLYLINE
  5
7B5
102
{ACAD_REACTORS
330
7B8
102
}
330
1F
100
AcDbEntity
  8
1
100
AcDbPolyline
 90
        4
 70
     1
 43
0.0
 10
1226.0
 20
573.0
 10
1194.0
 20
573.0
 10
1194.0
 20
587.0
 10
1226.0
 20
587.0
  0
CIRCLE
  5
7B7
102
{ACAD_REACTORS
330
7B8
102
}
330
1F
100
AcDbEntity
  8
1
100
AcDbCircle
 10
1210.0
 20
628.0
 30
0.0
 40
11.0
  0
CIRCLE
  5
7BD
330
1F
100
AcDbEntity
  8
1
100
AcDbCircle
 10
1433.0
 20
519.0
 30
0.0
 40
3.5
  0
CIRCLE
  5
7BE
330
1F
100
AcDbEntity
  8
1
100
AcDbCircle
 10
1448.0
 20
519.0
 30
0.0
 40
3.5
  0
CIRCLE
  5
7BF
330
1F
100
AcDbEntity
  8
1
100
AcDbCircle
 10
1253.0
 20
519.0
 30
0.0
 40
3.5
  0
CIRCLE
  5
7C0
330
1F
100
AcDbEntity
  8
1
100
AcDbCircle
 10
1268.0
 20
519.0
 30
0.0
 40
3.5
  0
DIMENSION
  5
7C1
102
{ACAD_XDICTIONARY
360
7CE
102
}
102
{ACAD_REACTORS
330
7D8
102
}
330
1F
100
AcDbEntity
  8
1
100
AcDbDimension
  2
*D32
 10
1144.999999999999
 20
348.0
 30
0.0
 11
1157.0
 21
351.637278308322
 31
0.0
 70
    32
 71
     5
 42
24.00000000000046
 73
     0
 74
     0
 75
     0
  3
ISO-25
100
AcDbAlignedDimension
 13
1169.0
 23
348.0
 33
0.0
 14
1144.999999999999
 24
348.0
 34
0.0
100
AcDbRotatedDimension
1001
ACAD
1000
DSTYLE
1002
{
1070
   140
1040
6.0
1070
    41
1040
5.0
1002
}
  0
DIMENSION
  5
7EB
102
{ACAD_XDICTIONARY
360
7F8
102
}
102
{ACAD_REACTORS
330
802
102
}
330
1F
100
AcDbEntity
  8
1
100
AcDbDimension
  2
*D33
 10
1157.000000000004
 20
713.0000000000004
 30
0.0
 11
1154.0
 21
697.0
 31
0.0
 70
   160
 71
     5
 42
24.0
 73
     0
 74
     0
 75
     0
  3
ISO-25
100
AcDbAlignedDimension
 13
1157.0
 23
689.0000000000002
 33
0.0
 14
1157.0
 24
713.0000000000002
 34
0.0
 50
90.0
100
AcDbRotatedDimension
1001
ACAD
1000
DSTYLE
1002
{
1070
    41
1040
5.0
1070
   140
1040
6.0
1070
   279
1070
     1
1002
}
  0
LWPOLYLINE
  5
84E
330
1F
100
AcDbEntity
  8
1
100
AcDbPolyline
 90
        4
 70
     1
 43
0.0
 10
1421.0
 20
233.0
 10
1453.0
 20
233.0
 10
1453.0
 20
335.0
 10
1421.0
 20
335.0
  0
LWPOLYLINE
  5
84F
330
1F
100
AcDbEntity
  8
1
100
AcDbPolyline
 90
        4
 70
     1
 43
0.0
 10
1421.0
 20
335.0
 10
1453.0
 20
335.0
 10
1453.0
 20
321.0
 10
1421.0
 20
321.0
  0
LWPOLYLINE
  5
850
330
1F
100
AcDbEntity
  8
1
100
AcDbPolyline
 90
        4
 70
     1
 43
0.0
 10
1453.0
 20
233.0
 10
1421.0
 20
233.0
 10
1421.0
 20
247.0
 10
1453.0
 20
247.0
  0
LWPOLYLINE
  5
855
102
{ACAD_REACTORS
330
858
330
8C3
102
}
330
1F
100
AcDbEntity
  8
1
100
AcDbPolyline
 90
        4
 70
     1
 43
0.0
 10
1630.499999999999
 20
539.0000000000001
 10
1645.0
 20
539.0000000000001
 10
1645.0
 20
571.0
 10
1630.499999999999
 20
557.0000000000001
  0
CIRCLE
  5
857
102
{ACAD_REACTORS
330
858
330
8C3
102
}
330
1F
100
AcDbEntity
  8
1
100
AcDbCircle
 10
1637.999999999999
 20
548.0000000000001
 30
0.0
 40
2.5
  0
LWPOLYLINE
  5
859
102
{ACAD_REACTORS
330
85B
330
8C3
102
}
330
1F
100
AcDbEntity
  8
1
100
AcDbPolyline
 90
        4
 70
     1
 43
0.0
 10
1520.5
 20
539.0000000000001
 10
1506.0
 20
539.0000000000001
 10
1506.0
 20
571.0
 10
1520.5
 20
557.0000000000001
  0
CIRCLE
  5
85A
102
{ACAD_REACTORS
330
85B
330
8C3
102
}
330
1F
100
AcDbEntity
  8
1
100
AcDbCircle
 10
1512.999999999999
 20
548.0000000000001
 30
0.0
 40
2.5
  0
LWPOLYLINE
  5
85E
102
{ACAD_REACTORS
330
8C3
102
}
330
1F
100
AcDbEntity
  8
1
100
AcDbPolyline
 90
        4
 70
     1
 43
0.0
 10
1506.0
 20
571.0
 10
1645.0
 20
571.0
 10
1645.0
 20
551.0
 10
1506.0
 20
551.0
  0
CIRCLE
  5
85F
102
{ACAD_REACTORS
330
8C3
102
}
330
1F
100
AcDbEntity
  8
1
100
AcDbCircle
 10
1517.5
 20
561.0
 30
0.0
 40
3.5
  0
LINE
  5
89F
330
1F
100
AcDbEntity
  8
1
  6
Continuous
100
AcDbLine
 10
1495.0
 20
565.0
 30
0.0
 11
1495.0
 21
336.0000000000001
 31
0.0
  0
CIRCLE
  5
8B8
102
{ACAD_REACTORS
330
8C3
102
}
330
1F
100
AcDbEntity
  8
1
100
AcDbCircle
 10
1633.5
 20
561.0
 30
0.0
 40
3.5
  0
LWPOLYLINE
  5
8C4
102
{ACAD_REACTORS
330
8CB
330
8CC
102
}
330
1F
100
AcDbEntity
  8
1
100
AcDbPolyline
 90
        4
 70
     1
 43
0.0
 10
1630.499999999999
 20
402.0000000000001
 10
1645.0
 20
402.0000000000001
 10
1645.0
 20
370.0000000000001
 10
1630.499999999999
 20
384.0000000000001
  0
CIRCLE
  5
8C5
102
{ACAD_REACTORS
330
8CB
330
8CC
102
}
330
1F
100
AcDbEntity
  8
1
100
AcDbCircle
 10
1637.999999999999
 20
393.0000000000001
 30
0.0
 40
2.5
  0
LWPOLYLINE
  5
8C6
102
{ACAD_REACTORS
330
8CB
330
8CD
102
}
330
1F
100
AcDbEntity
  8
1
100
AcDbPolyline
 90
        4
 70
     1
 43
0.0
 10
1520.5
 20
402.0000000000001
 10
1506.0
 20
402.0000000000001
 10
1506.0
 20
370.0000000000001
 10
1520.5
 20
384.0000000000001
  0
CIRCLE
  5
8C7
102
{ACAD_REACTORS
330
8CB
330
8CD
102
}
330
1F
100
AcDbEntity
  8
1
100
AcDbCircle
 10
1512.999999999999
 20
393.0000000000001
 30
0.0
 40
2.5
  0
LWPOLYLINE
  5
8C8
102
{ACAD_REACTORS
330
8CB
102
}
330
1F
100
AcDbEntity
  8
1
100
AcDbPolyline
 90
        4
 70
     1
 43
0.0
 10
1506.0
 20
370.0000000000001
 10
1645.0
 20
370.0000000000001
 10
1645.0
 20
390.0000000000003
 10
1506.0
 20
390.0000000000003
  0
CIRCLE
  5
8C9
102
{ACAD_REACTORS
330
8CB
102
}
330
1F
100
AcDbEntity
  8
1
100
AcDbCircle
 10
1517.5
 20
380.0000000000002
 30
0.0
 40
3.5
  0
CIRCLE
  5
8CA
102
{ACAD_REACTORS
330
8CB
102
}
330
1F
100
AcDbEntity
  8
1
100
AcDbCircle
 10
1633.5
 20
380.0000000000002
 30
0.0
 40
3.5
  0
CIRCLE
  5
8CE
330
1F
100
AcDbEntity
  8
1
100
AcDbCircle
 10
1437.0
 20
298.0
 30
0.0
 40
4.5
  0
CIRCLE
  5
8CF
330
1F
100
AcDbEntity
  8
1
100
AcDbCircle
 10
1437.0
 20
270.0
 30
0.0
 40
4.5
  0
LWPOLYLINE
  5
8D0
102
{ACAD_REACTORS
330
98D
102
}
330
1F
100
AcDbEntity
  8
1
100
AcDbPolyline
 90
        4
 70
     1
 43
0.0
 10
1505.5
 20
570.9999999999998
 10
1645.5
 20
570.9999999999998
 10
1645.5
 20
350.9999999999998
 10
1505.5
 20
350.9999999999998
  0
CIRCLE
  5
939
102
{ACAD_REACTORS
330
98D
102
}
330
1F
100
AcDbEntity
  8
1
100
AcDbCircle
 10
1517.5
 20
561.0
 30
0.0
 40
2.5
  0
CIRCLE
  5
93A
102
{ACAD_REACTORS
330
98D
102
}
330
1F
100
AcDbEntity
  8
1
100
AcDbCircle
 10
1633.5
 20
561.0
 30
0.0
 40
2.5
  0
CIRCLE
  5
98B
102
{ACAD_REACTORS
330
98D
102
}
330
1F
100
AcDbEntity
  8
1
100
AcDbCircle
 10
1517.5
 20
380.0
 30
0.0
 40
2.5
  0
CIRCLE
  5
98C
102
{ACAD_REACTORS
330
98D
102
}
330
1F
100
AcDbEntity
  8
1
100
AcDbCircle
 10
1633.5
 20
380.0
 30
0.0
 40
2.5
  0
VIEWPORT
  5
9AD
102
{ACAD_XDICTIONARY
360
9AE
102
}
330
9A6
100
AcDbEntity
 67
     1
  8
0
100
AcDbViewport
 10
225.6383836389915
 20
98.81751999978337
 30
0.0
 40
709.2708055186522
 41
357.9928976966926
 68
     1
 69
     1
 12
225.6383836389915
 22
98.81751999978337
 13
0.0
 23
0.0
 14
10.0
 24
10.0
 15
10.0
 25
10.0
 16
0.0
 26
0.0
 36
1.0
 17
0.0
 27
0.0
 37
0.0
 42
50.0
 43
0.0
 44
0.0
 45
357.9928976966926
 50
0.0
 51
0.0
 72
  1000
 90
   819232
  1

281
     0
 71
     1
 74
     0
110
0.0
120
0.0
130
0.0
111
1.0
121
0.0
131
0.0
112
0.0
122
1.0
132
0.0
 79
     0
146
0.0
170
     0
 61
     5
348
F5
292
     1
282
     1
141
0.0
142
0.0
 63
   250
421
  3355443
  0
VIEWPORT
  5
9B1
102
{ACAD_XDICTIONARY
360
9B2
102
}
330
9A6
100
AcDbEntity
 67
     1
  8
ViewPorts
100
AcDbViewport
 10
148.4947509765625
 20
104.9549179077148
 30
0.0
 40
296.989501953125
 41
209.9098358154297
 68
     2
 69
     2
 12
1395.238743492442
 22
463.0000021560118
 13
0.0
 23
0.0
 14
1.0
 24
1.0
 15
1.0
 25
1.0
 16
0.0
 26
0.0
 36
1.0
 17
0.0
 27
0.0
 37
0.0
 42
50.0
 43
0.0
 44
0.0
 45
503.7749772851498
 50
0.0
 51
0.0
 72
  1000
 90
   819808
  1

281
     0
 71
     1
 74
     0
110
0.0
120
0.0
130
0.0
111
1.0
121
0.0
131
0.0
112
0.0
122
1.0
132
0.0
 79
     0
146
0.0
170
     0
 61
    10
348
F5
292
     1
282
     1
141
0.0
142
0.0
 63
   250
421
  3355443
  0
ENDSEC
  0
SECTION
  2
OBJECTS
  0
DICTIONARY
  5
C
330
0
100
AcDbDictionary
281
     1
  3
ACAD_CIP_PREVIOUS_PRODUCT_INFO
350
216
  3
ACAD_COLOR
350
6B
  3
ACAD_DETAILVIEWSTYLE
350
21B
  3
ACAD_GROUP
350
D
  3
ACAD_LAYOUT
350
1A
  3
ACAD_MATERIAL
350
6A
  3
ACAD_MLEADERSTYLE
350
12D
  3
ACAD_MLINESTYLE
350
17
  3
ACAD_PLOTSETTINGS
350
19
  3
ACAD_PLOTSTYLENAME
350
E
  3
ACAD_SCALELIST
350
10C
  3
ACAD_SECTIONVIEWSTYLE
350
219
  3
ACAD_TABLESTYLE
350
7E
  3
ACAD_VISUALSTYLE
350
EF
  3
ACDB_RECOMPOSE_DATA
350
A0F
  3
AcDbVariableDictionary
350
5E
  3
AcDsDecomposeData
350
A15
  0
DICTIONARY
  5
1FF
330
2
100
AcDbDictionary
280
     1
281
     1
  3
ACAD_LAYERSTATES
360
200
  0
DICTIONARY
  5
13C
330
10
100
AcDbDictionary
280
     1
281
     1
  0
DICTIONARY
  5
1CE
330
1F
100
AcDbDictionary
280
     1
281
     1
  3
ACAD_SORTENTS
360
50F
  0
DICTIONARY
  5
37D
330
36F
100
AcDbDictionary
280
     1
281
     1
  3
ACAD_DIMASSOC
360
387
  0
DICTIONARY
  5
51F
330
512
100
AcDbDictionary
280
     1
281
     1
  3
ACAD_DIMASSOC
360
529
  0
DICTIONARY
  5
5DD
330
5D0
100
AcDbDictionary
280
     1
281
     1
  3
ACAD_DIMASSOC
360
5E7
  0
DICTIONARY
  5
64B
330
63E
100
AcDbDictionary
280
     1
281
     1
  3
ACAD_DIMASSOC
360
655
  0
DICTIONARY
  5
738
330
72B
100
AcDbDictionary
280
     1
281
     1
  3
ACAD_DIMASSOC
360
742
  0
DICTIONARY
  5
7CE
330
7C1
100
AcDbDictionary
280
     1
281
     1
  3
ACAD_DIMASSOC
360
7D8
  0
DICTIONARY
  5
7F8
330
7EB
100
AcDbDictionary
280
     1
281
     1
  3
ACAD_DIMASSOC
360
802
  0
DICTIONARY
  5
9AE
330
9AD
100
AcDbDictionary
280
     1
281
     1
  3
ASDK_XREC_ANNOTATION_SCALE_INFO
360
9AF
  0
DICTIONARY
  5
9B2
330
9B1
100
AcDbDictionary
280
     1
281
     1
  3
ASDK_XREC_ANNOTATION_SCALE_INFO
360
9B3
  0
XRECORD
  5
216
102
{ACAD_REACTORS
330
C
102
}
330
C
100
AcDbXrecord
280
     1
300
ACD
300
2024
300
87798ACD_2024_0F
  0
DICTIONARY
  5
6B
102
{ACAD_REACTORS
330
C
102
}
330
C
100
AcDbDictionary
281
     1
  0
DICTIONARY
  5
21B
102
{ACAD_REACTORS
330
C
102
}
330
C
100
AcDbDictionary
281
     1
  3
Imperial24
350
407
  3
Metric50
350
21C
  0
DICTIONARY
  5
D
102
{ACAD_REACTORS
330
C
102
}
330
C
100
AcDbDictionary
281
     1
  3
*A1
350
4C5
  3
*A11
350
858
  3
*A12
350
85B
  3
*A13
350
8C3
  3
*A14
350
8CB
  3
*A15
350
8CC
  3
*A16
350
8CD
  3
*A17
350
98D
  3
*A2
350
5B3
  3
*A3
350
638
  3
*A4
350
714
  3
*A5
350
71B
  3
*A6
350
721
  3
*A7
350
727
  3
*A8
350
7B8
  0
DICTIONARY
  5
1A
102
{ACAD_REACTORS
330
C
102
}
330
C
100
AcDbDictionary
281
     1
  3
Model
350
22
  3
PlateA4land
350
9A7
  0
DICTIONARY
  5
6A
102
{ACAD_REACTORS
330
C
102
}
330
C
100
AcDbDictionary
281
     1
  3
ByBlock
350
ED
  3
ByLayer
350
EC
  3
Global
350
EE
  0
DICTIONARY
  5
12D
102
{ACAD_REACTORS
330
C
102
}
330
C
100
AcDbDictionary
281
     1
  3
Standard
350
12E
  3
Аннотативный
350
13B
  0
DICTIONARY
  5
17
102
{ACAD_REACTORS
330
C
102
}
330
C
100
AcDbDictionary
281
     1
  3
Standard
350
18
  0
DICTIONARY
  5
19
102
{ACAD_REACTORS
330
C
102
}
330
C
100
AcDbDictionary
281
     1
  0
ACDBDICTIONARYWDFLT
  5
E
102
{ACAD_REACTORS
330
C
102
}
330
C
100
AcDbDictionary
281
     1
  3
Normal
350
F
100
AcDbDictionaryWithDefault
340
F
  0
DICTIONARY
  5
10C
102
{ACAD_REACTORS
330
C
102
}
330
C
100
AcDbDictionary
281
     1
  3
A0
350
10D
  3
A1
350
1BE
  3
A2
350
1BF
  3
A3
350
1C0
  3
A4
350
1C1
  3
A5
350
1C2
  3
A6
350
1C3
  3
A7
350
1C4
  3
A8
350
1C5
  3
A9
350
1C6
  3
B0
350
1C7
  3
B1
350
1C8
  3
B2
350
1C9
  3
B3
350
1CA
  3
B4
350
1CB
  3
B5
350
1CC
  3
B6
350
1CD
  0
DICTIONARY
  5
219
102
{ACAD_REACTORS
330
C
102
}
330
C
100
AcDbDictionary
281
     1
  3
Imperial24
350
406
  3
Metric50
350
21A
  0
DICTIONARY
  5
7E
102
{ACAD_REACTORS
330
C
102
}
330
C
100
AcDbDictionary
281
     1
  3
Standard
350
7F
  0
DICTIONARY
  5
EF
102
{ACAD_REACTORS
330
C
102
}
330
C
100
AcDbDictionary
281
     1
  3
2dWireframe
350
F5
  3
Basic
350
F4
  3
Brighten
350
FB
  3
ColorChange
350
FF
  3
Conceptual
350
F8
  3
Dim
350
FA
  3
EdgeColorOff
350
1E6
  3
Facepattern
350
FE
  3
Flat
350
F0
  3
FlatWithEdges
350
F1
  3
Gouraud
350
F2
  3
GouraudWithEdges
350
F3
  3
Hidden
350
F7
  3
JitterOff
350
1E4
  3
Linepattern
350
FD
  3
OverhangOff
350
1E5
  3
Realistic
350
F9
  3
Shaded
350
1F3
  3
Shaded with edges
350
1F2
  3
Shades of Gray
350
1EF
  3
Sketchy
350
1F0
  3
Thicken
350
FC
  3
Wireframe
350
F6
  3
X-Ray
350
1F1
  0
XRECORD
  5
A0F
102
{ACAD_REACTORS
330
C
102
}
330
C
100
AcDbXrecord
280
     1
 90
        1
330
7F
  0
DICTIONARY
  5
5E
102
{ACAD_REACTORS
330
C
102
}
330
C
100
AcDbDictionary
281
     1
  3
CANNOSCALE
350
146
  3
CENTEREXE
350
259
  3
CENTERLTYPEFILE
350
25A
  3
CMLEADERSTYLE
350
145
  3
CTABLESTYLE
350
84
  3
CVIEWDETAILSTYLE
350
227
  3
CVIEWSECTIONSTYLE
350
228
  3
DIMASSOC
350
5F
  3
HIDETEXT
350
63
  3
LAYEREVAL
350
1AE
  3
LAYERNOTIFY
350
1AF
  3
XCLIPFRAME
350
A0D
  0
DICTIONARY
  5
A15
102
{ACAD_REACTORS
330
C
102
}
330
C
100
AcDbDictionary
281
     1
  3
AcDsRecords
350
A17
  3
AcDsSchemas
350
A16
1001
ACAD
1070
     2
  0
DICTIONARY
  5
200
102
{ACAD_REACTORS
330
1FF
102
}
330
1FF
100
AcDbDictionary
281
     1
  0
SORTENTSTABLE
  5
50F
102
{ACAD_REACTORS
330
1CE
102
}
330
1CE
100
AcDbSortentsTable
330
1F
331
4BA
  5
4BB
331
4BB
  5
4BC
331
4BC
  5
4BD
331
4BD
  5
4BE
331
4BE
  5
4BF
331
4BF
  5
4C0
331
4C0
  5
4C1
331
4C1
  5
4C2
331
4C2
  5
4C3
331
4C3
  5
508
331
508
  5
509
331
509
  5
50A
331
50A
  5
50B
331
50B
  5
50C
331
50C
  5
50E
331
5A8
  5
5AB
331
5A9
  5
5AC
331
5AA
  5
5AD
331
5AB
  5
5AE
331
5AC
  5
5AF
331
5AD
  5
5B0
331
5AE
  5
5B1
331
5AF
  5
5B2
331
5B0
  5
5C7
331
5B1
  5
5C8
331
5B2
  5
5C9
331
5C7
  5
5CA
331
5C8
  5
5CB
331
5C9
  5
5CC
331
5CA
  5
5CD
331
5CC
  5
5A2
331
62A
  5
62D
331
62B
  5
62E
331
62C
  5
62F
331
62D
  5
630
331
62E
  5
631
331
62F
  5
632
331
630
  5
633
331
631
  5
634
331
632
  5
635
331
633
  5
636
331
634
  5
637
331
635
  5
639
331
636
  5
63A
331
637
  5
63B
331
63A
  5
627
  0
DIMASSOC
  5
387
102
{ACAD_REACTORS
330
37D
102
}
330
37D
100
AcDbDimAssoc
330
36F
 90
        3
 70
     0
 71
     0
  1
AcDbOsnapPointRef
 72
    13
331
35B
331
2C0
 73
     2
 91
        1
 40
0.0
 10
0.0
 20
0.0
 30
2.000000000000000E+50
 75
     0
  1
AcDbOsnapPointRef
 72
     1
331
35B
331
2C0
 73
     2
 91
        3
 40
1.0
 10
0.0
 20
0.0
 30
2.000000000000000E+50
 75
     0
  0
DIMASSOC
  5
529
102
{ACAD_REACTORS
330
51F
102
}
330
51F
100
AcDbDimAssoc
330
512
 90
        3
 70
     0
 71
     0
  1
AcDbOsnapPointRef
 72
    13
331
499
 73
     2
 91
        0
 40
0.0
 10
0.0
 20
0.0
 30
2.000000000000000E+50
 75
     0
  1
AcDbOsnapPointRef
 72
     1
331
499
 73
     2
 91
        0
 40
1.0
 10
0.0
 20
0.0
 30
2.000000000000000E+50
 75
     0
  0
DIMASSOC
  5
5E7
102
{ACAD_REACTORS
330
5DD
102
}
330
5DD
100
AcDbDimAssoc
330
5D0
 90
        3
 70
     0
 71
     0
  1
AcDbOsnapPointRef
 72
     2
331
5B2
 73
     2
 91
        3
 40
6.283185307179586
 10
0.0
 20
0.0
 30
0.0
 75
     0
  1
AcDbOsnapPointRef
 72
     2
331
5CF
 73
     2
 91
        0
 40
0.5
 10
0.0
 20
0.0
 30
0.0
 75
     0
  0
DIMASSOC
  5
655
102
{ACAD_REACTORS
330
64B
102
}
330
64B
100
AcDbDimAssoc
330
63E
 90
        3
 70
     0
 71
     0
  1
AcDbOsnapPointRef
 72
     1
331
60C
 73
     2
 91
        0
 40
1.0
 10
0.0
 20
0.0
 30
2.000000000000000E+50
 75
     0
  1
AcDbOsnapPointRef
 72
    13
331
60C
 73
     2
 91
        0
 40
0.0
 10
0.0
 20
0.0
 30
2.000000000000000E+50
 75
     0
  0
DIMASSOC
  5
742
102
{ACAD_REACTORS
330
738
102
}
330
738
100
AcDbDimAssoc
330
72B
 90
        1
 70
     0
 71
     0
  1
AcDbOsnapPointRef
 72
     1
331
33D
 73
     2
 91
        2
 40
1.0
 10
0.0
 20
0.0
 30
2.000000000000000E+50
 75
     0
  0
DIMASSOC
  5
7D8
102
{ACAD_REACTORS
330
7CE
102
}
330
7CE
100
AcDbDimAssoc
330
7C1
 90
        3
 70
     0
 71
     0
  1
AcDbOsnapPointRef
 72
    13
331
720
 73
     2
 91
        0
 40
0.0
 10
0.0
 20
0.0
 30
2.000000000000000E+50
 75
     0
  1
AcDbOsnapPointRef
 72
     8
331
33D
 73
     2
 91
        4
 40
0.7300000000000005
 10
0.0
 20
0.0
 30
0.0
 75
     1
  1
AcDbOsnapPointRef
 72
    13
331
720
 73
     2
 91
        0
 40
0.0
 10
0.0
 20
0.0
 30
2.000000000000000E+50
 75
     0
  0
DIMASSOC
  5
802
102
{ACAD_REACTORS
330
7F8
102
}
330
7F8
100
AcDbDimAssoc
330
7EB
 90
        3
 70
     0
 71
     0
  1
AcDbOsnapPointRef
 72
     1
331
72A
 73
     2
 91
        0
 40
1.0
 10
0.0
 20
0.0
 30
2.000000000000000E+50
 75
     0
  1
AcDbOsnapPointRef
 72
     8
331
33D
 73
     2
 91
        3
 40
0.9759999999999994
 10
0.0
 20
0.0
 30
0.0
 75
     1
  1
AcDbOsnapPointRef
 72
     1
331
72A
 73
     2
 91
        0
 40
1.0
 10
0.0
 20
0.0
 30
2.000000000000000E+50
 75
     0
  0
XRECORD
  5
9AF
102
{ACAD_REACTORS
330
9AE
102
}
330
9AE
100
AcDbXrecord
280
     1
 90
        1
340
10D
  0
XRECORD
  5
9B3
102
{ACAD_REACTORS
330
9B2
102
}
330
9B2
100
AcDbXrecord
280
     1
 90
        1
340
10D
  0
ACDBDETAILVIEWSTYLE
  5
407
102
{ACAD_XDICTIONARY
360
A4E
102
}
102
{ACAD_REACTORS
330
21B
102
}
330
21B
100
AcDbModelDocViewStyle
 70
     0
  3
Imperial24
290
     0
100
AcDbDetailViewStyle
 70
     0
 71
     0
 90
        3
 71
     1
340
11
 62
   256
 40
0.24
340
0
 62
   256
 40
0.24
300

 40
0.36
280
     3
 71
     2
340
16
 90
       25
 62
   256
 71
     3
340
11
 62
   256
 40
0.24
 90
        1
 40
0.75
 90
        1
300
%<\AcVar ViewType \f "%tc1">% %<\AcVar ViewDetailId>%\PМАСШТАБ %<\AcVar ViewScale \f "%sn">%
 71
     4
340
16
 90
       25
 62
   256
340
16
 90
       25
 62
   256
280
     0
  0
ACDBDETAILVIEWSTYLE
  5
21C
102
{ACAD_XDICTIONARY
360
A4A
102
}
102
{ACAD_REACTORS
330
21B
102
}
330
21B
100
AcDbModelDocViewStyle
 70
     0
  3
Metric50
290
     0
100
AcDbDetailViewStyle
 70
     0
 71
     0
 90
        3
 71
     1
340
11
 62
   256
 40
5.0
340
0
 62
   256
 40
5.0
300

 40
0.0
280
     1
 71
     2
340
16
 90
       25
 62
   256
 71
     3
340
11
 62
   256
 40
5.0
 90
        0
 40
15.0
 90
        1
300
%<\AcVar ViewDetailId>% (%<\AcVar ViewScale \f "%sn">%)
 71
     4
340
16
 90
       25
 62
   256
340
16
 90
       25
 62
   256
280
     0
  0
GROUP
  5
4C5
102
{ACAD_REACTORS
330
D
102
}
330
D
100
AcDbGroup
300

 70
     1
 71
     1
340
4B2
340
4C3
340
4C2
340
4C1
340
4C0
340
4BF
340
4BE
340
4BD
340
4BC
340
4BB
340
4BA
  0
GROUP
  5
858
102
{ACAD_REACTORS
330
D
102
}
330
D
100
AcDbGroup
300

 70
     1
 71
     1
340
857
340
855
  0
GROUP
  5
85B
102
{ACAD_REACTORS
330
D
102
}
330
D
100
AcDbGroup
300

 70
     1
 71
     1
340
85A
340
859
  0
GROUP
  5
8C3
102
{ACAD_REACTORS
330
D
102
}
330
D
100
AcDbGroup
300

 70
     1
 71
     1
340
85F
340
85E
340
859
340
85A
340
855
340
857
340
8B8
  0
GROUP
  5
8CB
102
{ACAD_REACTORS
330
D
102
}
330
D
100
AcDbGroup
300

 70
     1
 71
     1
340
8C9
340
8C8
340
8C6
340
8C7
340
8C4
340
8C5
340
8CA
  0
GROUP
  5
8CC
102
{ACAD_REACTORS
330
D
102
}
330
D
100
AcDbGroup
300

 70
     1
 71
     1
340
8C5
340
8C4
  0
GROUP
  5
8CD
102
{ACAD_REACTORS
330
D
102
}
330
D
100
AcDbGroup
300

 70
     1
 71
     1
340
8C7
340
8C6
  0
GROUP
  5
98D
102
{ACAD_REACTORS
330
D
102
}
330
D
100
AcDbGroup
300

 70
     1
 71
     1
340
98C
340
98B
340
93A
340
939
340
8D0
  0
GROUP
  5
5B3
102
{ACAD_REACTORS
330
D
102
}
330
D
100
AcDbGroup
300

 70
     1
 71
     1
340
5B2
340
5B1
340
5B0
340
5AF
340
5AE
340
5AD
340
5AC
340
5AB
340
5AA
340
5A9
340
5A8
  0
GROUP
  5
638
102
{ACAD_REACTORS
330
D
102
}
330
D
100
AcDbGroup
300

 70
     1
 71
     1
340
637
340
636
340
635
340
634
340
633
340
632
340
631
340
630
340
62F
340
62E
340
62D
340
62C
340
62B
340
62A
340
626
  0
GROUP
  5
714
102
{ACAD_REACTORS
330
D
102
}
330
D
100
AcDbGroup
300

 70
     1
 71
     1
340
70F
340
712
340
713
340
710
340
711
  0
GROUP
  5
71B
102
{ACAD_REACTORS
330
D
102
}
330
D
100
AcDbGroup
300

 70
     1
 71
     1
340
716
340
719
340
71A
340
717
340
718
  0
GROUP
  5
721
102
{ACAD_REACTORS
330
D
102
}
330
D
100
AcDbGroup
300

 70
     1
 71
     1
340
71C
340
71F
340
720
340
71D
340
71E
  0
GROUP
  5
727
102
{ACAD_REACTORS
330
D
102
}
330
D
100
AcDbGroup
300

 70
     1
 71
     1
340
722
340
725
340
726
340
723
340
724
  0
GROUP
  5
7B8
102
{ACAD_REACTORS
330
D
102
}
330
D
100
AcDbGroup
300

 70
     1
 71
     1
340
7B7
340
7B5
340
7B4
340
7B3
  0
LAYOUT
  5
22
102
{ACAD_XDICTIONARY
360
205
102
}
102
{ACAD_REACTORS
330
1A
102
}
330
1A
100
AcDbPlotSettings
  1

  2
none_device
  4
ISO_A4_(210.00_x_297.00_MM)
  6

 40
7.5
 41
20.0
 42
7.5
 43
20.0
 44
210.0
 45
297.0
 46
11.54999923706054
 47
-13.65000009536743
 48
0.0
 49
0.0
140
0.0
141
0.0
142
1.0
143
8.704084754739808
 70
 11952
 72
     1
 73
     0
 74
     0
  7

 75
     0
147
0.1148885871608098
 76
     0
 77
     2
 78
   300
148
0.0
149
0.0
100
AcDbLayout
  1
Model
 70
     1
 71
     0
 10
0.0
 20
0.0
 11
12.0
 21
9.0
 12
0.0
 22
0.0
 32
0.0
 14
0.0
 24
0.0
 34
0.0
 15
0.0
 25
0.0
 35
0.0
146
0.0
 13
0.0
 23
0.0
 33
0.0
 16
1.0
 26
0.0
 36
0.0
 17
0.0
 27
1.0
 37
0.0
 76
     0
330
1F
331
EA
1001
ACAD_PSEXT
1000
None
1000
None
1000
Not applicable
1000
The layout will not be plotted unless a new plotter configuration name is selected.
1070
     0
  0
LAYOUT
  5
9A7
102
{ACAD_REACTORS
330
1A
102
}
330
1A
100
AcDbPlotSettings
  1

  2
Adobe PDF
  4
A4
  6

 40
0.0
 41
0.010498046875
 42
0.0901641845703125
 43
0.0
 44
210.0
 45
297.0
 46
0.0
 47
0.0
 48
0.0
 49
0.0
140
0.0
141
0.0
142
1.0
143
1.0
 70
   688
 72
     1
 73
     1
 74
     5
  7

 75
    16
147
1.0
 76
     0
 77
     2
 78
   300
148
0.0
149
0.0
100
AcDbLayout
  1
PlateA4land
 70
     1
 71
     3
 10
0.0
 20
0.0
 11
297.0
 21
210.0
 12
0.0
 22
0.0
 32
0.0
 14
0.0
 24
0.0
 34
0.0
 15
296.989501953125
 25
209.9098358154297
 35
0.0
146
0.0
 13
0.0
 23
0.0
 33
0.0
 16
1.0
 26
0.0
 36
0.0
 17
0.0
 27
1.0
 37
0.0
 76
     0
330
9A6
331
9AD
1001
ACAD_PSEXT
1000
Adobe PDF
1000
Adobe PDF Converter
1000
Documents\*.pdf
1000

1070
     0
  0
MATERIAL
  5
ED
102
{ACAD_XDICTIONARY
360
1F9
102
}
102
{ACAD_REACTORS
330
6A
102
}
330
6A
100
AcDbMaterial
  1
ByBlock
 94
       63
  0
MATERIAL
  5
EC
102
{ACAD_XDICTIONARY
360
1F7
102
}
102
{ACAD_REACTORS
330
6A
102
}
330
6A
100
AcDbMaterial
  1
ByLayer
 94
       63
  0
MATERIAL
  5
EE
102
{ACAD_XDICTIONARY
360
173
102
}
102
{ACAD_REACTORS
330
6A
102
}
330
6A
100
AcDbMaterial
  1
Global
 43
0.0007999999797903
 43
0.0
 43
0.0
 43
0.0
 43
0.0
 43
0.0007999999797903
 43
0.0
 43
0.0
 43
0.0
 43
0.0
 43
1.0
 43
0.0
 43
0.0
 43
0.0
 43
0.0
 43
1.0
 49
0.0007999999797903
 49
0.0
 49
0.0
 49
0.0
 49
0.0
 49
0.0007999999797903
 49
0.0
 49
0.0
 49
0.0
 49
0.0
 49
1.0
 49
0.0
 49
0.0
 49
0.0
 49
0.0
 49
1.0
142
0.0007999999797903
142
0.0
142
0.0
142
0.0
142
0.0
142
0.0007999999797903
142
0.0
142
0.0
142
0.0
142
0.0
142
1.0
142
0.0
142
0.0
142
0.0
142
0.0
142
1.0
144
0.0007999999797903
144
0.0
144
0.0
144
0.0
144
0.0
144
0.0007999999797903
144
0.0
144
0.0
144
0.0
144
0.0
144
1.0
144
0.0
144
0.0
144
0.0
144
0.0
144
1.0
 94
       63
1001
ACAD
1070
    -1
1070
     3
1070
     0
1000

1071
        0
1070
     0
  0
MLEADERSTYLE
  5
12E
102
{ACAD_REACTORS
330
12D
102
}
330
12D
100
AcDbMLeaderStyle
170
     2
171
     1
172
     0
 90
        2
 40
0.0
 41
0.0
173
     1
 91
-1056964608
340
14
 92
       -2
290
     1
 42
2.0
291
     1
 43
8.0
  3
Standard
 44
4.0
300

342
11
174
     1
178
     1
175
     1
176
     0
 93
-1056964608
 45
4.0
292
     0
297
     0
 46
4.0
 94
-1056964608
 47
1.0
 49
1.0
140
1.0
293
     1
141
0.0
294
     1
177
     0
142
1.0
295
     0
296
     0
143
3.75
1001
ACAD_MLEADERVER
1070
     2
  0
MLEADERSTYLE
  5
13B
102
{ACAD_REACTORS
330
12D
102
}
330
12D
100
AcDbMLeaderStyle
170
     2
171
     1
172
     0
 90
        2
 40
0.0
 41
0.0
173
     1
 91
-1056964608
340
14
 92
       -2
290
     1
 42
2.0
291
     1
 43
8.0
  3
Standard
 44
4.0
300

342
11
174
     1
178
     1
175
     1
176
     0
 93
-1056964608
 45
4.0
292
     0
297
     0
 46
4.0
 94
-1056964608
 47
1.0
 49
1.0
140
1.0
293
     1
141
0.0
294
     1
177
     0
142
1.0
295
     0
296
     1
143
3.75
1001
ACAD_MLEADERVER
1070
     2
  0
MLINESTYLE
  5
18
102
{ACAD_REACTORS
330
17
102
}
330
17
100
AcDbMlineStyle
  2
STANDARD
 70
     0
  3

 62
   256
 51
90.0
 52
90.0
 71
     2
 49
0.5
 62
   256
  6
BYLAYER
 49
-0.5
 62
   256
  6
BYLAYER
  0
ACDBPLACEHOLDER
  5
F
102
{ACAD_REACTORS
330
E
102
}
330
E
  0
SCALE
  5
10D
102
{ACAD_REACTORS
330
10C
102
}
330
10C
100
AcDbScale
 70
     0
300
1:1
140
1.0
141
1.0
290
     1
  0
SCALE
  5
1BE
102
{ACAD_REACTORS
330
10C
102
}
330
10C
100
AcDbScale
 70
     0
300
1:2
140
1.0
141
2.0
290
     0
  0
SCALE
  5
1BF
102
{ACAD_REACTORS
330
10C
102
}
330
10C
100
AcDbScale
 70
     0
300
1:4
140
1.0
141
4.0
290
     0
  0
SCALE
  5
1C0
102
{ACAD_REACTORS
330
10C
102
}
330
10C
100
AcDbScale
 70
     0
300
1:5
140
1.0
141
5.0
290
     0
  0
SCALE
  5
1C1
102
{ACAD_REACTORS
330
10C
102
}
330
10C
100
AcDbScale
 70
     0
300
1:8
140
1.0
141
8.0
290
     0
  0
SCALE
  5
1C2
102
{ACAD_REACTORS
330
10C
102
}
330
10C
100
AcDbScale
 70
     0
300
1:10
140
1.0
141
10.0
290
     0
  0
SCALE
  5
1C3
102
{ACAD_REACTORS
330
10C
102
}
330
10C
100
AcDbScale
 70
     0
300
1:16
140
1.0
141
16.0
290
     0
  0
SCALE
  5
1C4
102
{ACAD_REACTORS
330
10C
102
}
330
10C
100
AcDbScale
 70
     0
300
1:20
140
1.0
141
20.0
290
     0
  0
SCALE
  5
1C5
102
{ACAD_REACTORS
330
10C
102
}
330
10C
100
AcDbScale
 70
     0
300
1:30
140
1.0
141
30.0
290
     0
  0
SCALE
  5
1C6
102
{ACAD_REACTORS
330
10C
102
}
330
10C
100
AcDbScale
 70
     0
300
1:40
140
1.0
141
40.0
290
     0
  0
SCALE
  5
1C7
102
{ACAD_REACTORS
330
10C
102
}
330
10C
100
AcDbScale
 70
     0
300
1:50
140
1.0
141
50.0
290
     0
  0
SCALE
  5
1C8
102
{ACAD_REACTORS
330
10C
102
}
330
10C
100
AcDbScale
 70
     0
300
1:100
140
1.0
141
100.0
290
     0
  0
SCALE
  5
1C9
102
{ACAD_REACTORS
330
10C
102
}
330
10C
100
AcDbScale
 70
     0
300
2:1
140
2.0
141
1.0
290
     0
  0
SCALE
  5
1CA
102
{ACAD_REACTORS
330
10C
102
}
330
10C
100
AcDbScale
 70
     0
300
4:1
140
4.0
141
1.0
290
     0
  0
SCALE
  5
1CB
102
{ACAD_REACTORS
330
10C
102
}
330
10C
100
AcDbScale
 70
     0
300
8:1
140
8.0
141
1.0
290
     0
  0
SCALE
  5
1CC
102
{ACAD_REACTORS
330
10C
102
}
330
10C
100
AcDbScale
 70
     0
300
10:1
140
10.0
141
1.0
290
     0
  0
SCALE
  5
1CD
102
{ACAD_REACTORS
330
10C
102
}
330
10C
100
AcDbScale
 70
     0
300
100:1
140
100.0
141
1.0
290
     0
  0
ACDBSECTIONVIEWSTYLE
  5
406
102
{ACAD_XDICTIONARY
360
A4C
102
}
102
{ACAD_REACTORS
330
219
102
}
330
219
100
AcDbModelDocViewStyle
 70
     0
  3
Imperial24
290
     0
100
AcDbSectionViewStyle
 70
     0
 71
     0
 90
       78
 71
     1
340
11
 62
   256
 40
0.24
340
0
340
0
 62
   256
 40
0.24
300
I, O, Q, S, X, Z
 40
0.48
 90
        3
 40
0.18
 90
        1
 71
     2
340
16
 90
       25
 62
   256
340
16
 90
       50
 62
   256
 40
0.24
 40
0.0
 40
0.24
 71
     3
340
11
 62
   256
 40
0.24
 90
        1
 40
0.75
 90
        1
300
%<\AcVar ViewType \f "%tc1">% %<\AcVar ViewSectionStartId>%-%<\AcVar ViewSectionEndId>%\PМАСШТАБ %<\AcVar ViewScale \f "%sn">%
 71
     4
 62
   256
 62
   257
300
ANSI31
 40
1.0
 90
        0
290
     0
290
     0
 90
        6
 40
0.0
 40
1.570796326794896
 40
0.2617993877991494
 40
1.308996938995747
 40
-0.2617993877991494
 40
1.832595714594046
  0
ACDBSECTIONVIEWSTYLE
  5
21A
102
{ACAD_XDICTIONARY
360
A48
102
}
102
{ACAD_REACTORS
330
219
102
}
330
219
100
AcDbModelDocViewStyle
 70
     0
  3
Metric50
290
     0
100
AcDbSectionViewStyle
 70
     0
 71
     0
 90
      102
 71
     1
340
11
 62
   256
 40
5.0
340
0
340
0
 62
   256
 40
5.0
300
I, O, Q, S, X, Z
 40
10.0
 90
        0
 40
2.5
 90
        0
 71
     2
340
16
 90
       25
 62
   256
340
16
 90
       50
 62
   256
 40
5.0
 40
2.5
 40
5.0
 71
     3
340
11
 62
   256
 40
5.0
 90
        0
 40
15.0
 90
        1
300
%<\AcVar ViewSectionStartId>%-%<\AcVar ViewSectionEndId>% (%<\AcVar ViewScale \f "%sn">%)
 71
     4
 62
   256
 62
   257
300
ANSI31
 40
1.0
 90
        0
290
     0
290
     0
 90
        6
 40
0.0
 40
1.570796326794896
 40
0.2617993877991494
 40
1.308996938995747
 40
-0.2617993877991494
 40
1.832595714594046
  0
TABLESTYLE
  5
7F
102
{ACAD_XDICTIONARY
360
162
102
}
102
{ACAD_REACTORS
330
7E
102
}
330
7E
100
AcDbTableStyle
  3
Standard
 70
     0
 71
     0
 40
1.5
 41
1.5
280
     0
281
     0
  7
Standard
140
4.5
170
     2
 62
     0
 63
     7
283
     0
 90
      512
 91
        0
  1

274
    -2
284
     1
 64
     0
275
    -2
285
     1
 65
     0
276
    -2
286
     1
 66
     0
277
    -2
287
     1
 67
     0
278
    -2
288
     1
 68
     0
279
    -2
289
     1
 69
     0
  7
Standard
140
6.0
170
     5
 62
     0
 63
     7
283
     0
 90
      512
 91
        0
  1

274
    -2
284
     1
 64
     0
275
    -2
285
     1
 65
     0
276
    -2
286
     1
 66
     0
277
    -2
287
     1
 67
     0
278
    -2
288
     1
 68
     0
279
    -2
289
     1
 69
     0
  7
Standard
140
4.5
170
     5
 62
     0
 63
     7
283
     0
 90
      512
 91
        0
  1

274
    -2
284
     1
 64
     0
275
    -2
285
     1
 65
     0
276
    -2
286
     1
 66
     0
277
    -2
287
     1
 67
     0
278
    -2
288
     1
 68
     0
279
    -2
289
     1
 69
     0
  0
VISUALSTYLE
  5
F5
102
{ACAD_XDICTIONARY
360
A22
102
}
102
{ACAD_REACTORS
330
EF
102
}
330
EF
100
AcDbVisualStyle
  2
2dWireframe
 70
     4
 71
     0
 72
     2
 73
     1
 90
        0
 40
-0.6
 41
-30.0
 62
     5
 63
     7
421
 16777215
 74
     1
 91
        4
 64
     7
 65
   257
 75
     1
175
     1
 42
1.0
 92
        0
 66
   257
 43
1.0
 76
     1
 77
     6
 78
     2
 67
     7
 79
     5
170
     0
171
     0
290
     0
174
     0
 93
        1
 44
0.0
173
     0
291
     0
 45
0.0
1001
ACAD
1000
AcDbSavedByObjectVersion
1070
     0
  0
VISUALSTYLE
  5
F4
102
{ACAD_XDICTIONARY
360
A20
102
}
102
{ACAD_REACTORS
330
EF
102
}
330
EF
100
AcDbVisualStyle
  2
Basic
 70
     7
 71
     1
 72
     0
 73
     1
 90
        0
 40
-0.6
 41
-30.0
 62
     5
 63
     7
421
 16777215
 74
     0
 91
        4
 64
     7
 65
   257
 75
     1
175
     1
 42
1.0
 92
        8
 66
     7
 43
1.0
 76
     1
 77
     6
 78
     2
 67
     7
 79
     5
170
     0
171
     0
290
     0
174
     0
 93
        1
 44
0.0
173
     0
291
     1
 45
0.0
1001
ACAD
1000
AcDbSavedByObjectVersion
1070
     0
  0
VISUALSTYLE
  5
FB
102
{ACAD_XDICTIONARY
360
A2E
102
}
102
{ACAD_REACTORS
330
EF
102
}
330
EF
100
AcDbVisualStyle
  2
Brighten
 70
    12
 71
     2
 72
     2
 73
     1
 90
        0
 40
-0.6
 41
-30.0
 62
     5
 63
     7
421
 16777215
 74
     1
 91
        4
 64
     7
 65
   257
 75
     1
175
     1
 42
1.0
 92
        8
 66
     7
 43
1.0
 76
     1
 77
     6
 78
     2
 67
     7
 79
     5
170
     0
171
     0
290
     0
174
     0
 93
        1
 44
50.0
173
     0
291
     1
 45
0.0
1001
ACAD
1000
AcDbSavedByObjectVersion
1070
     0
  0
VISUALSTYLE
  5
FF
102
{ACAD_XDICTIONARY
360
A36
102
}
102
{ACAD_REACTORS
330
EF
102
}
330
EF
100
AcDbVisualStyle
  2
ColorChange
 70
    16
 71
     2
 72
     2
 73
     3
 90
        0
 40
-0.6
 41
-30.0
 62
     5
 63
     8
421
  8421504
 74
     1
 91
        4
 64
     7
 65
   257
 75
     1
175
     1
 42
1.0
 92
        8
 66
     8
424
  8421504
 43
1.0
 76
     1
 77
     6
 78
     2
 67
     7
 79
     5
170
     0
171
     0
290
     0
174
     0
 93
        1
 44
0.0
173
     0
291
     1
 45
0.0
1001
ACAD
1000
AcDbSavedByObjectVersion
1070
     0
  0
VISUALSTYLE
  5
F8
102
{ACAD_XDICTIONARY
360
A28
102
}
102
{ACAD_REACTORS
330
EF
102
}
330
EF
100
AcDbVisualStyle
  2
Conceptual
 70
     9
 71
     3
 72
     2
 73
     1
 90
        0
 40
-0.6
 41
-30.0
 62
     5
 63
     7
421
 16777215
 74
     2
 91
        2
 64
     7
 65
   257
 75
     1
175
     1
 42
40.0
 92
        8
 66
     7
 43
1.0
 76
     1
 77
     6
 78
     2
 67
     7
 79
     3
170
     0
171
     0
290
     0
174
     0
 93
        1
 44
0.0
173
     0
291
     0
 45
0.0
1001
ACAD
1000
AcDbSavedByObjectVersion
1070
     0
  0
VISUALSTYLE
  5
FA
102
{ACAD_XDICTIONARY
360
A2C
102
}
102
{ACAD_REACTORS
330
EF
102
}
330
EF
100
AcDbVisualStyle
  2
Dim
 70
    11
 71
     2
 72
     2
 73
     1
 90
        0
 40
-0.6
 41
-30.0
 62
     5
 63
     7
421
 16777215
 74
     1
 91
        4
 64
     7
 65
   257
 75
     1
175
     1
 42
1.0
 92
        8
 66
     7
 43
1.0
 76
     1
 77
     6
 78
     2
 67
     7
 79
     5
170
     0
171
     0
290
     0
174
     0
 93
        1
 44
-50.0
173
     0
291
     1
 45
0.0
1001
ACAD
1000
AcDbSavedByObjectVersion
1070
     0
  0
VISUALSTYLE
  5
1E6
102
{ACAD_XDICTIONARY
360
A3C
102
}
102
{ACAD_REACTORS
330
EF
102
}
330
EF
100
AcDbVisualStyle
  2
EdgeColorOff
 70
    22
 71
     2
 72
     2
 73
     0
 90
        0
 40
-0.6
 41
-30.0
 62
     5
 63
     7
421
 16777215
 74
     1
 91
        4
 64
     7
 65
   257
 75
     1
175
     1
 42
1.0
 92
        8
 66
     7
 43
1.0
 76
     1
 77
     6
 78
     2
 67
     7
 79
     5
170
     0
171
     0
290
     0
174
     0
 93
        1
 44
0.0
173
     0
291
     1
 45
0.0
1001
ACAD
1000
AcDbSavedByObjectVersion
1070
     0
  0
VISUALSTYLE
  5
FE
102
{ACAD_XDICTIONARY
360
A34
102
}
102
{ACAD_REACTORS
330
EF
102
}
330
EF
100
AcDbVisualStyle
  2
Facepattern
 70
    15
 71
     2
 72
     2
 73
     1
 90
        0
 40
-0.6
 41
-30.0
 62
     5
 63
     7
421
 16777215
 74
     1
 91
        4
 64
     7
 65
   257
 75
     1
175
     1
 42
1.0
 92
        8
 66
     7
 43
1.0
 76
     1
 77
     6
 78
     2
 67
     7
 79
     5
170
     0
171
     0
290
     0
174
     0
 93
        1
 44
0.0
173
     0
291
     1
 45
0.0
1001
ACAD
1000
AcDbSavedByObjectVersion
1070
     0
  0
VISUALSTYLE
  5
F0
102
{ACAD_XDICTIONARY
360
A18
102
}
102
{ACAD_REACTORS
330
EF
102
}
330
EF
100
AcDbVisualStyle
  2
Flat
 70
     0
 71
     2
 72
     1
 73
     1
 90
        2
 40
-0.6
 41
30.0
 62
     5
 63
     7
421
 16777215
 74
     0
 91
        0
 64
     7
 65
   257
 75
     1
175
     1
 42
1.0
 92
        8
 66
     7
 43
1.0
 76
     1
 77
     6
 78
     2
 67
     7
 79
     5
170
     0
171
     0
290
     0
174
     0
 93
       13
 44
0.0
173
     0
291
     1
 45
0.0
1001
ACAD
1000
AcDbSavedByObjectVersion
1070
     0
  0
VISUALSTYLE
  5
F1
102
{ACAD_XDICTIONARY
360
A1A
102
}
102
{ACAD_REACTORS
330
EF
102
}
330
EF
100
AcDbVisualStyle
  2
FlatWithEdges
 70
     1
 71
     2
 72
     1
 73
     1
 90
        2
 40
-0.6
 41
30.0
 62
     5
 63
     7
421
 16777215
 74
     1
 91
        0
 64
     7
 65
   257
 75
     1
175
     1
 42
1.0
 92
        0
 66
   257
 43
1.0
 76
     1
 77
     6
 78
     2
 67
     7
 79
     5
170
     0
171
     0
290
     0
174
     0
 93
       13
 44
0.0
173
     0
291
     1
 45
0.0
1001
ACAD
1000
AcDbSavedByObjectVersion
1070
     0
  0
VISUALSTYLE
  5
F2
102
{ACAD_XDICTIONARY
360
A1C
102
}
102
{ACAD_REACTORS
330
EF
102
}
330
EF
100
AcDbVisualStyle
  2
Gouraud
 70
     2
 71
     2
 72
     2
 73
     1
 90
        2
 40
-0.6
 41
30.0
 62
     5
 63
     7
421
 16777215
 74
     0
 91
        0
 64
     7
 65
   257
 75
     1
175
     1
 42
1.0
 92
        0
 66
     7
 43
1.0
 76
     1
 77
     6
 78
     2
 67
     7
 79
     5
170
     0
171
     0
290
     0
174
     0
 93
       13
 44
0.0
173
     0
291
     1
 45
0.0
1001
ACAD
1000
AcDbSavedByObjectVersion
1070
     0
  0
VISUALSTYLE
  5
F3
102
{ACAD_XDICTIONARY
360
A1E
102
}
102
{ACAD_REACTORS
330
EF
102
}
330
EF
100
AcDbVisualStyle
  2
GouraudWithEdges
 70
     3
 71
     2
 72
     2
 73
     1
 90
        2
 40
-0.6
 41
30.0
 62
     5
 63
     7
421
 16777215
 74
     1
 91
        0
 64
     7
 65
   257
 75
     1
175
     1
 42
1.0
 92
        0
 66
   257
 43
1.0
 76
     1
 77
     6
 78
     2
 67
     7
 79
     5
170
     0
171
     0
290
     0
174
     0
 93
       13
 44
0.0
173
     0
291
     1
 45
0.0
1001
ACAD
1000
AcDbSavedByObjectVersion
1070
     0
  0
VISUALSTYLE
  5
F7
102
{ACAD_XDICTIONARY
360
A26
102
}
102
{ACAD_REACTORS
330
EF
102
}
330
EF
100
AcDbVisualStyle
  2
Hidden
 70
     6
 71
     1
 72
     2
 73
     2
 90
        0
 40
-0.6
 41
-30.0
 62
     5
 63
     7
421
 16777215
 74
     2
 91
        2
 64
     7
 65
   257
 75
     2
175
     1
 42
40.0
 92
        0
 66
   257
 43
1.0
 76
     1
 77
     6
 78
     2
 67
     7
 79
     3
170
     0
171
     0
290
     0
174
     0
 93
        1
 44
0.0
173
     0
291
     0
 45
0.0
1001
ACAD
1000
AcDbSavedByObjectVersion
1070
     0
  0
VISUALSTYLE
  5
1E4
102
{ACAD_XDICTIONARY
360
A38
102
}
102
{ACAD_REACTORS
330
EF
102
}
330
EF
100
AcDbVisualStyle
  2
JitterOff
 70
    20
 71
     2
 72
     2
 73
     0
 90
        0
 40
-0.6
 41
-30.0
 62
     5
 63
     7
421
 16777215
 74
     1
 91
        4
 64
     7
 65
   257
 75
     1
175
     1
 42
1.0
 92
       10
 66
     7
 43
1.0
 76
     1
 77
     6
 78
     2
 67
     7
 79
     5
170
     0
171
     0
290
     0
174
     0
 93
        1
 44
0.0
173
     0
291
     1
 45
0.0
1001
ACAD
1000
AcDbSavedByObjectVersion
1070
     0
  0
VISUALSTYLE
  5
FD
102
{ACAD_XDICTIONARY
360
A32
102
}
102
{ACAD_REACTORS
330
EF
102
}
330
EF
100
AcDbVisualStyle
  2
Linepattern
 70
    14
 71
     2
 72
     2
 73
     1
 90
        0
 40
-0.6
 41
-30.0
 62
     5
 63
     7
421
 16777215
 74
     1
 91
        4
 64
     7
 65
   257
 75
     7
175
     7
 42
1.0
 92
        8
 66
     7
 43
1.0
 76
     1
 77
     6
 78
     2
 67
     7
 79
     5
170
     0
171
     0
290
     0
174
     0
 93
        1
 44
0.0
173
     0
291
     1
 45
0.0
1001
ACAD
1000
AcDbSavedByObjectVersion
1070
     0
  0
VISUALSTYLE
  5
1E5
102
{ACAD_XDICTIONARY
360
A3A
102
}
102
{ACAD_REACTORS
330
EF
102
}
330
EF
100
AcDbVisualStyle
  2
OverhangOff
 70
    21
 71
     2
 72
     2
 73
     0
 90
        0
 40
-0.6
 41
-30.0
 62
     5
 63
     7
421
 16777215
 74
     1
 91
        4
 64
     7
 65
   257
 75
     1
175
     1
 42
1.0
 92
        9
 66
     7
 43
1.0
 76
     1
 77
     6
 78
     2
 67
     7
 79
     5
170
     0
171
     0
290
     0
174
     0
 93
        1
 44
0.0
173
     0
291
     1
 45
0.0
1001
ACAD
1000
AcDbSavedByObjectVersion
1070
     0
  0
VISUALSTYLE
  5
F9
102
{ACAD_XDICTIONARY
360
A2A
102
}
102
{ACAD_REACTORS
330
EF
102
}
330
EF
100
AcDbVisualStyle
  2
Realistic
 70
     8
 71
     2
 72
     3
 73
     0
 90
        2
 40
-0.6
 41
30.0
 62
     5
 63
     7
421
 16777215
 74
     0
 91
        0
 64
     7
 65
   257
 75
     1
175
     1
 42
1.0
 92
        8
 66
   257
 43
1.0
 76
     1
 77
     6
 78
     2
 67
     7
 79
     3
170
     0
171
     0
290
     0
174
     0
 93
       13
 44
0.0
173
     0
291
     0
 45
0.0
1001
ACAD
1000
AcDbSavedByObjectVersion
1070
     0
  0
VISUALSTYLE
  5
1F3
102
{ACAD_XDICTIONARY
360
A46
102
}
102
{ACAD_REACTORS
330
EF
102
}
330
EF
100
AcDbVisualStyle
  2
Shaded
 70
    27
 71
     2
 72
     2
 73
     1
 90
        2
 40
-0.6
 41
30.0
 62
     5
 63
     7
421
 16777215
 74
     0
 91
        4
 64
     7
 65
   257
 75
     1
175
     1
 42
1.0
 92
        8
 66
   257
 43
1.0
 76
     1
 77
     6
 78
     2
 67
     8
425
  7895160
 79
     3
170
     0
171
     0
290
     0
174
     0
 93
        5
 44
0.0
173
     0
291
     0
 45
0.0
1001
ACAD
1000
AcDbSavedByObjectVersion
1070
     0
  0
VISUALSTYLE
  5
1F2
102
{ACAD_XDICTIONARY
360
A44
102
}
102
{ACAD_REACTORS
330
EF
102
}
330
EF
100
AcDbVisualStyle
  2
Shaded with edges
 70
    26
 71
     2
 72
     2
 73
     1
 90
        2
 40
-0.6
 41
30.0
 62
     5
 63
     7
421
 16777215
 74
     1
 91
        2
 64
     7
 65
   257
 75
     2
175
     1
 42
1.0
 92
        8
 66
   257
 43
1.0
 76
     1
 77
     6
 78
     2
 67
     7
 79
     3
170
     0
171
     0
290
     0
174
     0
 93
        5
 44
0.0
173
     0
291
     0
 45
0.0
1001
ACAD
1000
AcDbSavedByObjectVersion
1070
     0
  0
VISUALSTYLE
  5
1EF
102
{ACAD_XDICTIONARY
360
A3E
102
}
102
{ACAD_REACTORS
330
EF
102
}
330
EF
100
AcDbVisualStyle
  2
Shades of Gray
 70
    23
 71
     2
 72
     2
 73
     3
 90
        0
 40
-0.6
 41
-30.0
 62
     5
 63
     7
421
 16777215
 74
     2
 91
        2
 64
     7
 65
     7
 75
     1
175
     1
 42
40.0
 92
        8
 66
     7
 43
1.0
 76
     1
 77
     6
 78
     2
 67
     7
 79
     3
170
     0
171
     0
290
     0
174
     0
 93
        1
 44
0.0
173
     0
291
     0
 45
0.0
1001
ACAD
1000
AcDbSavedByObjectVersion
1070
     0
  0
VISUALSTYLE
  5
1F0
102
{ACAD_XDICTIONARY
360
A40
102
}
102
{ACAD_REACTORS
330
EF
102
}
330
EF
100
AcDbVisualStyle
  2
Sketchy
 70
    24
 71
     1
 72
     2
 73
     2
 90
        0
 40
-0.6
 41
-30.0
 62
     5
 63
     7
421
 16777215
 74
     2
 91
        2
 64
     7
 65
     7
 75
     1
175
     1
 42
40.0
 92
       11
 66
     7
 43
1.0
 76
     1
 77
     6
 78
     2
 67
     7
 79
     6
170
     0
171
     0
290
     0
174
     0
 93
        1
 44
0.0
173
     0
291
     0
 45
0.0
1001
ACAD
1000
AcDbSavedByObjectVersion
1070
     0
  0
VISUALSTYLE
  5
FC
102
{ACAD_XDICTIONARY
360
A30
102
}
102
{ACAD_REACTORS
330
EF
102
}
330
EF
100
AcDbVisualStyle
  2
Thicken
 70
    13
 71
     2
 72
     2
 73
     1
 90
        0
 40
-0.6
 41
-30.0
 62
     5
 63
     7
421
 16777215
 74
     1
 91
        4
 64
     7
 65
   257
 75
     1
175
     1
 42
1.0
 92
       12
 66
     7
 43
1.0
 76
     1
 77
     6
 78
     2
 67
     7
 79
     5
170
     0
171
     0
290
     0
174
     0
 93
        1
 44
0.0
173
     0
291
     1
 45
0.0
1001
ACAD
1000
AcDbSavedByObjectVersion
1070
     0
  0
VISUALSTYLE
  5
F6
102
{ACAD_XDICTIONARY
360
A24
102
}
102
{ACAD_REACTORS
330
EF
102
}
330
EF
100
AcDbVisualStyle
  2
Wireframe
 70
     5
 71
     0
 72
     2
 73
     0
 90
        0
 40
-0.6
 41
-30.0
 62
     5
 63
     7
421
 16777215
 74
     1
 91
        4
 64
     7
 65
   257
 75
     1
175
     1
 42
1.0
 92
        0
 66
   257
 43
1.0
 76
     1
 77
     6
 78
     2
 67
     7
 79
     3
170
     0
171
     0
290
     0
174
     0
 93
        1
 44
0.0
173
     0
291
     0
 45
0.0
1001
ACAD
1000
AcDbSavedByObjectVersion
1070
     0
  0
VISUALSTYLE
  5
1F1
102
{ACAD_XDICTIONARY
360
A42
102
}
102
{ACAD_REACTORS
330
EF
102
}
330
EF
100
AcDbVisualStyle
  2
X-Ray
 70
    25
 71
     2
 72
     2
 73
     1
 90
        1
 40
0.5
 41
-30.0
 62
     5
 63
     7
421
 16777215
 74
     1
 91
        0
 64
     7
 65
   257
 75
     1
175
     1
 42
1.0
 92
        8
 66
     7
 43
1.0
 76
     1
 77
     6
 78
     2
 67
     7
 79
     3
170
     0
171
     0
290
     0
174
     0
 93
       13
 44
0.0
173
     0
291
     0
 45
0.0
1001
ACAD
1000
AcDbSavedByObjectVersion
1070
     0
  0
DICTIONARYVAR
  5
146
102
{ACAD_REACTORS
330
5E
102
}
330
5E
100
DictionaryVariables
280
     0
  1
1:1
  0
DICTIONARYVAR
  5
259
102
{ACAD_REACTORS
330
5E
102
}
330
5E
100
DictionaryVariables
280
     0
  1
3.500000
  0
DICTIONARYVAR
  5
25A
102
{ACAD_REACTORS
330
5E
102
}
330
5E
100
DictionaryVariables
280
     0
  1
acadiso.lin
  0
DICTIONARYVAR
  5
145
102
{ACAD_REACTORS
330
5E
102
}
330
5E
100
DictionaryVariables
280
     0
  1
STANDARD
  0
DICTIONARYVAR
  5
84
102
{ACAD_REACTORS
330
5E
102
}
330
5E
100
DictionaryVariables
280
     0
  1
STANDARD
  0
DICTIONARYVAR
  5
227
102
{ACAD_REACTORS
330
5E
102
}
330
5E
100
DictionaryVariables
280
     0
  1
Metric50
  0
DICTIONARYVAR
  5
228
102
{ACAD_REACTORS
330
5E
102
}
330
5E
100
DictionaryVariables
280
     0
  1
Metric50
  0
DICTIONARYVAR
  5
5F
102
{ACAD_REACTORS
330
5E
102
}
330
5E
100
DictionaryVariables
280
     0
  1
2
  0
DICTIONARYVAR
  5
63
102
{ACAD_REACTORS
330
5E
102
}
330
5E
100
DictionaryVariables
280
     0
  1
1
  0
DICTIONARYVAR
  5
1AE
102
{ACAD_REACTORS
330
5E
102
}
330
5E
100
DictionaryVariables
280
     0
  1
0
  0
DICTIONARYVAR
  5
1AF
102
{ACAD_REACTORS
330
5E
102
}
330
5E
100
DictionaryVariables
280
     0
  1
0
  0
DICTIONARYVAR
  5
A0D
102
{ACAD_REACTORS
330
5E
102
}
330
5E
100
DictionaryVariables
280
     0
  1
2
  0
DICTIONARY
  5
A17
102
{ACAD_REACTORS
330
A15
102
}
330
A15
100
AcDbDictionary
281
     1
  0
DICTIONARY
  5
A16
102
{ACAD_REACTORS
330
A15
102
}
330
A15
100
AcDbDictionary
281
     1
  3
2512959760896
350
A10
  3
2512959760912
350
A11
  3
2512959760928
350
A12
  3
2512959760944
350
A13
  3
2512959760960
350
A14
  0
DICTIONARY
  5
A4E
330
407
100
AcDbDictionary
280
     1
281
     1
  3
ACAD_XREC_ROUNDTRIP
360
A4F
  0
DICTIONARY
  5
A4A
330
21C
100
AcDbDictionary
280
     1
281
     1
  3
ACAD_XREC_ROUNDTRIP
360
A4B
  0
DICTIONARY
  5
205
330
22
100
AcDbDictionary
280
     1
281
     1
  0
DICTIONARY
  5
1F9
330
ED
100
AcDbDictionary
280
     1
281
     1
  3
FBXASSET
360
1FA
  0
DICTIONARY
  5
1F7
330
EC
100
AcDbDictionary
280
     1
281
     1
  3
FBXASSET
360
1F8
  0
DICTIONARY
  5
173
330
EE
100
AcDbDictionary
280
     1
281
     1
  3
BUMPTILE
360
175
  3
DIFFUSETILE
360
174
  3
FBXASSET
360
1FB
  3
OPACITYTILE
360
176
  3
REFLECTIONTILE
360
177
  0
DICTIONARY
  5
A4C
330
406
100
AcDbDictionary
280
     1
281
     1
  3
ACAD_XREC_ROUNDTRIP
360
A4D
  0
DICTIONARY
  5
A48
330
21A
100
AcDbDictionary
280
     1
281
     1
  3
ACAD_XREC_ROUNDTRIP
360
A49
  0
DICTIONARY
  5
162
330
7F
100
AcDbDictionary
280
     1
281
     1
  3
ACAD_ROUNDTRIP_2008_TABLESTYLE_CELLSTYLEMAP
360
A0E
  0
DICTIONARY
  5
A22
330
F5
100
AcDbDictionary
280
     1
281
     1
  3
ACAD_XREC_ROUNDTRIP
360
A23
  0
DICTIONARY
  5
A20
330
F4
100
AcDbDictionary
280
     1
281
     1
  3
ACAD_XREC_ROUNDTRIP
360
A21
  0
DICTIONARY
  5
A2E
330
FB
100
AcDbDictionary
280
     1
281
     1
  3
ACAD_XREC_ROUNDTRIP
360
A2F
  0
DICTIONARY
  5
A36
330
FF
100
AcDbDictionary
280
     1
281
     1
  3
ACAD_XREC_ROUNDTRIP
360
A37
  0
DICTIONARY
  5
A28
330
F8
100
AcDbDictionary
280
     1
281
     1
  3
ACAD_XREC_ROUNDTRIP
360
A29
  0
DICTIONARY
  5
A2C
330
FA
100
AcDbDictionary
280
     1
281
     1
  3
ACAD_XREC_ROUNDTRIP
360
A2D
  0
DICTIONARY
  5
A3C
330
1E6
100
AcDbDictionary
280
     1
281
     1
  3
ACAD_XREC_ROUNDTRIP
360
A3D
  0
DICTIONARY
  5
A34
330
FE
100
AcDbDictionary
280
     1
281
     1
  3
ACAD_XREC_ROUNDTRIP
360
A35
  0
DICTIONARY
  5
A18
330
F0
100
AcDbDictionary
280
     1
281
     1
  3
ACAD_XREC_ROUNDTRIP
360
A19
  0
DICTIONARY
  5
A1A
330
F1
100
AcDbDictionary
280
     1
281
     1
  3
ACAD_XREC_ROUNDTRIP
360
A1B
  0
DICTIONARY
  5
A1C
330
F2
100
AcDbDictionary
280
     1
281
     1
  3
ACAD_XREC_ROUNDTRIP
360
A1D
  0
DICTIONARY
  5
A1E
330
F3
100
AcDbDictionary
280
     1
281
     1
  3
ACAD_XREC_ROUNDTRIP
360
A1F
  0
DICTIONARY
  5
A26
330
F7
100
AcDbDictionary
280
     1
281
     1
  3
ACAD_XREC_ROUNDTRIP
360
A27
  0
DICTIONARY
  5
A38
330
1E4
100
AcDbDictionary
280
     1
281
     1
  3
ACAD_XREC_ROUNDTRIP
360
A39
  0
DICTIONARY
  5
A32
330
FD
100
AcDbDictionary
280
     1
281
     1
  3
ACAD_XREC_ROUNDTRIP
360
A33
  0
DICTIONARY
  5
A3A
330
1E5
100
AcDbDictionary
280
     1
281
     1
  3
ACAD_XREC_ROUNDTRIP
360
A3B
  0
DICTIONARY
  5
A2A
330
F9
100
AcDbDictionary
280
     1
281
     1
  3
ACAD_XREC_ROUNDTRIP
360
A2B
  0
DICTIONARY
  5
A46
330
1F3
100
AcDbDictionary
280
     1
281
     1
  3
ACAD_XREC_ROUNDTRIP
360
A47
  0
DICTIONARY
  5
A44
330
1F2
100
AcDbDictionary
280
     1
281
     1
  3
ACAD_XREC_ROUNDTRIP
360
A45
  0
DICTIONARY
  5
A3E
330
1EF
100
AcDbDictionary
280
     1
281
     1
  3
ACAD_XREC_ROUNDTRIP
360
A3F
  0
DICTIONARY
  5
A40
330
1F0
100
AcDbDictionary
280
     1
281
     1
  3
ACAD_XREC_ROUNDTRIP
360
A41
  0
DICTIONARY
  5
A30
330
FC
100
AcDbDictionary
280
     1
281
     1
  3
ACAD_XREC_ROUNDTRIP
360
A31
  0
DICTIONARY
  5
A24
330
F6
100
AcDbDictionary
280
     1
281
     1
  3
ACAD_XREC_ROUNDTRIP
360
A25
  0
DICTIONARY
  5
A42
330
1F1
100
AcDbDictionary
280
     1
281
     1
  3
ACAD_XREC_ROUNDTRIP
360
A43
  0
XRECORD
  5
A10
102
{ACAD_REACTORS
330
A16
102
}
330
A16
100
AcDbXrecord
280
     1
  1
AcDb_Thumbnail_Schema
102
{ATTRRECORD
341
A11
  2
AcDbDs::TreatedAsObjectData
280
     1
291
     1
102
ATTRRECORD}
102
{ATTRRECORD
341
A12
  2
AcDbDs::Legacy
280
     1
291
     1
102
ATTRRECORD}
  2
AcDbDs::ID
280
    10
 91
        8
102
{ATTRRECORD
341
A13
  2
AcDs:Indexable
280
     1
291
     1
102
ATTRRECORD}
102
{ATTRRECORD
341
A14
  2
AcDbDs::HandleAttribute
280
     7
282
     1
102
ATTRRECORD}
  2
Thumbnail_Data
280
    15
 91
        0
  0
XRECORD
  5
A11
102
{ACAD_REACTORS
330
A16
102
}
330
A16
100
AcDbXrecord
280
     1
  1
AcDbDs::TreatedAsObjectDataSchema
  2
AcDbDs::TreatedAsObjectData
280
     1
 91
        0
  0
XRECORD
  5
A12
102
{ACAD_REACTORS
330
A16
102
}
330
A16
100
AcDbXrecord
280
     1
  1
AcDbDs::LegacySchema
  2
AcDbDs::Legacy
280
     1
 91
        0
  0
XRECORD
  5
A13
102
{ACAD_REACTORS
330
A16
102
}
330
A16
100
AcDbXrecord
280
     1
  1
AcDbDs::IndexedPropertySchema
  2
AcDs:Indexable
280
     1
 91
        0
  0
XRECORD
  5
A14
102
{ACAD_REACTORS
330
A16
102
}
330
A16
100
AcDbXrecord
280
     1
  1
AcDbDs::HandleAttributeSchema
  2
AcDbDs::HandleAttribute
280
     7
 91
        1
284
     1
  0
XRECORD
  5
A4F
102
{ACAD_REACTORS
330
A4E
102
}
330
A4E
100
AcDbXrecord
280
     1
102
DISPLAYNAME
  1
Imperial24
102
FLAGS
 90
        0
  0
XRECORD
  5
A4B
102
{ACAD_REACTORS
330
A4A
102
}
330
A4A
100
AcDbXrecord
280
     1
102
DISPLAYNAME
  1
Metric50
102
FLAGS
 90
        0
  0
XRECORD
  5
1FA
102
{ACAD_REACTORS
330
1F9
102
}
330
1F9
100
AcDbXrecord
280
     1
 70
     1
 90
429727718
  1
D62C5603-E3A1-4AEA-B7FB-FE5D8D0755AF
310
504B03040A0000080000CC70623B3DEE336E79000000790000001B0000006175746F6465736B2D64657369676E2D7061636B6167652E786D6C3C3F786D6C2076657273696F6E3D22312E302220656E636F64696E673D227574662D3822203F3E3C666F726D6174733E3C666F726D61743E687474703A2F2F736368656D612E
310
6175746F6465736B2E636F6D2F64657369676E2D7061636B6167652F323030393C2F666F726D61743E3C2F666F726D6174733E504B0304140006080800CC70623BD486FD9CA0000000F4000000130000005B436F6E74656E745F54797065735D2E786D6C7D8EC10E82300C865F65E91D8A1E8C310C0EEA1BF002731658846E
310
D98AC1B77784ABF1D8FE5FBFBF75BBCE937A534CCEB38643598122B6FEE978D0B0485F9C41B54DDD7D022595594E1A469170414C76A4D9A4D207E29CF43ECE46F218070CC6BECC4078ACAA135ACF422C856C0E68EA1BF5669944DDD7BCDE7B1F8E415D77AECB980613C2E4AC91FC167A2B244592486606FC29C8FD7F045B9A
310
EF7053A7E60B504B0304140006080800CC70623B853B8169EB0000007C01000008000000636F72652E786D6C8D90416EC3201045AF62CDB6C206821CC7C244919D9CA01740401C94182C03558F5F9C3852BBEB6A467FFE9B197D7EFC9E1EC5975982F5AE035262288C535E5B377690E21535501C055FBC8FBF6C503839990E
310
5619041F179FE64D52DE45E362569DD7661365082642A11EB9E920A89B99642953CC8E702F67A9EE7234257977194EC9EAE275C4EABCCF5EAD5940D4AC6F0E35A568B8F43562CD7046CD199FD07E60174276A7BE677B5EADB0E0D14EEFFB6A31321A0D82627C4084204C3F096B71DD52F6819B16635EADF63F509AF53FA164
310
5DDCD1EDDD17164090FCC8732078B56691CB33A85CD7DCC40F504B0304140006080800CC70623B55019EA25F0000007C00000007000000636E782E786D6C4DCB3B0E80201045D1AD90E915ED2CF8AC45050C11660C8261F98AB1B07AC9C97D42D718D865D3E909258CFD00CCE24AC6E326A164D74DC0B4128928FF32603847
310
2BA13128B1252AC747C6BAB984FC68F0B87FE8960A5C09FE86CFB69FBA01504B0304140006080800CC70623BDBABAAF470010000D40300000C0000006662782F636F72652E786D6CC553D16E823014FD95A6AF4B694182CC941A83FA05FB810A9511A125A5257EFE2E82712ECEB8A7F100CD39F7F69E734AF9FADC366850B6
310
AF8DCE7018308C942E4C59EB2AC3DE1D498AD15A706B8CFB56869196ADCAF00863C12B6B7C374385D14E6907A836A59A41D9F7CA615434B0C8705F7CAA5606D23BA8E84F41278B93AC54100640439DE0BDB320004D43C63716C7C399D30917DCFBBA9CD9BA8469F5B156168B24CED3F7248AC8769F27244EB73B92EED8862C
310
B7F13E0C179B3C8F979C8ECD82BBBABDAA2BAC924E9558448CBD9330242CFA08E3154B5651FCC6D215639C8EE5774DBE2B5F6CF2B5768B68963BB5F5588420E442FC700B1139D4CB01F450C1E918227C2E09DF070D8140C84E1E9AAB8F1340832A9CB13130A5F1376A908D57309505ECF2A0DF179C4E9D30F5B239B87E3823
310
7A79C6F31DE1A8A5AEC08474B03C7837EAE4938639B44E5932B833D2C6B6B279CDC613877FA26EE21F4A2A4C63EC7F29A2F301D1F9F7A0E37D145F504B0304140006080800CC70623B9C113CC27E0000009D0000000B0000006662782F636E782E786D6C4DCCDF0A83201C86E15B91DFB94BFB330DD428C8FB886521330DA7
310
6397BF1A1DECE883878F57749FCDA1B7892F1BBC047A23808C7F84D9FA55424E0BE6803A256208E9EF06C84F9B91703228B1C690F78B66B34CD9A5439DF5CF0BFBF65E35BCA1B8D6A5C6F540381E886698B5741C695F9503EBA150A2F8958E3DC3EA0B504B0304140006080800CC70623B7DF2F77C2A010000120200003100
310
00006662782F41393633353835312D344632462D344230382D423046372D3739314545314133324237412F636F72652E786D6C8D51DB8EC22014FC15C2939B0D2DB4B45643319AE817EC0F6041255A68B86CFCFC856D4D76DF7CE190393373060EDB3DC707F856CE6B6B7A480A0C81328395DA5C7B18C3057510EC3873D686
310
3F34088C18550F330C39BB3A1BA7051AAC09CA84841A2BD5020AEF55806078A44B0FFD7053A328440C89E1EFC52486BBB8AA8214A99D789CF9E05200300FC927E4FB4D5B375D43103D5527440FB843077C5AA3F5861C8F645F5787F59E95B390B318B55CE45AA638FAA2957BD7248B390B7A7CC51F9C124149C82B8C378810
310
84AB2F42B7B8DD56F413775B8C5999E9FF4471926F8AA236A1AE96B8B3CC434E5839373893369E1FAF30EA395917409EB7F26AF8801C171837A4A6AC9C89E9F9C9B1A58BA30FD6A5EF5DDDCF894B9AD9B6A59C957943A9FCAE2FD5BC4DFE03504B0304140006080800CC70623BAD7543B64E01000033030000300000006662
310
782F41393633353835312D344632462D344230382D423046372D3739314545314133324237412F636E782E786D6CD593CD6EC32010845F0571AD6CE3D48AD20813A9873E410FBD12D82434182C7EAAE6EDBB2424CD25871E7B41D6EC30B3FA84F9E67BB2E40B4234DE8DB46F1925E094D7C6ED479AD3AE5951B2113C789FEE
310
6C943839C1488B4C05DF079FE72A69D8C96C13AAD6B8631503449F83828872B949AC57D26200B826A308D316B4064D6E46FCDA41C05550DC9E483A00797BFD207EFB092A45DE9514C1BBD22178396BD39D891265658C238DEA00936C654E5E433CB65A26D9F6EDB5EBC14EBF49A45CB856E66048291F6939A9A81BB5C89177
310
38143CA680F4AA299D66A042CEB3354A2684DC9D8D178FE0D9B8B41CAAD720F880EE7EF93C0C18769E099ECC04D5A102C8049A8A05632F4DDF376CF1DE0F6BB65C2F8627B65A33C6BB62177CEBBDAD973006829F89F22E814B54F4BC2BE347F8AA8F681390B50FA73F804400B5F542E796F19FF974E7F78DB802FE05E20750
310
4B0304140006080800CC70623BE75B7789680500003C100000340000006662782F41393633353835312D344632462D344230382D423046372D3739314545314133324237412F6F626A656374732E786D6CAD575B8F9B3818FD2B887D06C22499CB8AA1CA655245D5B455A356FB305264C061D8018C6C3393D95FBFC7600890
310
A4CD5EF210B0B1BFEBF98E3F7B1FF6596ABC522E1296DF9BAE3D320D9A872C4AF2F8DE2CE5CEBA358D0FBEC719939D65A691938CDE9B6ADAF4BD98B3B2D05311DD91329583D9D5FC0F438434A7A611A644887B5384CF34233629258BA878B12322891DEFF6B66BD70BFB62634E8AE781D082709A4B588AF91C528CDA28B73F
310
1C998EEF39EABBEFA97FBD6A7C7E9553F9D3D79FE442923C3C523610337627CB87ABE99D359D4CC6D6E4FACAB5E6ABF9D2726FC6A3C5F56271377BB88362213924694B38DD99FE47C48627A1E7D49F5A8BB5E1A74C0A599ED3B0F21F1E56366B89112D681E218F0915D0D6F17AD41FBA2A369DCF6335D62ABBD39779D5DDD1
310
11D4D8DE3CBB96B2E04FB8202E41051754A1AA8E8F76B4C6DFE810B580B1547F4B84911149794252234D024EF8BBE963A95AE27B3D310A9D5C215C7960FAEE415ED75694C6AFB17BCACA5D99A60A9AA65F217B0BFC53292ACB92BF283FAD0D3621576592CB5BED907C2FA8E9DF794E35E97BEA31BED21FEB401ABB94C44839
310
DCACBF0E1C5DA8DA5B2F4DFFD32AD86F543D9E565E7056502E157C00AD2671CD534549AB752FCA9CDA00677A313F04E51B22FF19E57B300579E3C97EB29F682D92935CEC18CF901B7B54FD8C51F362B56FC72FE0B3C1EAE335EDCCBF5AEC39ADB17DC238973F804BA5E6F6BFE7AF1FB32E523BE9F3BD571418E3631DCA4D48
310
5250CF639223210A9446CA30052EDF057BD35F8329C1ECD84552BF0DC8D18BE7BCE23BFE6BD960AB4A7DE79923A103BEBD80F911CBAA2C60DB19B01CF164A5583B772EE6D3FFA56666CBCDA74DC97724A48F9A58967497E489C4D979006FD7A05E227A1EBDD0F737C623387A9C844D3709995625106D157315F8B8392CD4E0
310
A0B9A720C4BE9829CEF37EA1E13111214D53925356365ADA634861B52519DD27A00AEB808EAF0628E6F435519D446F45CF2C9CF5214F0A15B2F6D06B79DA3EE3CBF7F56780D2F4E7EF73A0F5E5B02A38D07DC852C6B7C1FBB6664213E0C39E3EBA7FF4E1AD23EA2829407C85E586727488B751B2DB9502BC7B228A3FD68B6E
310
A65A22397E690AA8D158D7E404EC8CDA235CC3B7D1898680131CEC2CDF2638C65196279577750F15884AEE19F94199155B92B13297978469D4F8D358DF0AEF7631E28DC8F0D9F437D5D39A83B2231A1D52D543813A824EF8D44BCFF2FA6A31BD1E8DAD87F1CCB526B3879935BF59CDADD5C37479BB1CDD4CA7B3556B516589
310
EF352754B706114D9C885EC9131DE6EFEB43D99AFE2391C2F958179413D7CFEF6B1B6DB1E7600F00DE6E5C67454A339A4BA2E0FBA85ED26F045D454F463DBFCE484C2F90F2E5E3666003662ED8F755951A7D1BECD5B30B550B2785C8E7320B7292A4838DDA71BBC863ED7613CAF659337A3354231D4FF4A182A54904C2898C
310
98B28C4AD0CE056CCF332A80986E571EE9DBC305BB5FEB7E509220A58D25CF042D712A806AC0AD0C657FDEF80D2D9CEAA2EE4D1C76F60BFE74219A06527D6F82DF6412526107381E55E353090704D085B52408A8913C4ED159D79BDA71BB4BC506F4831350EB6F975CD22D69BF7AC49B91A2C0A9DDA3D5CA36AD20FC478E37
310
E61844E2352865EBCB61A275A65283CAAA9DD27703B4102F5AF51EF5F573B75CBB5AD38BC845F7A49F82A0966A49C2E3EA5EA0ECD326CD965F1DB402C6FA8B51A4658C5C5E2EC9E214602E55810345408596591009A82E7E7FFACA19EEA299B14A0081A705CB3296EBC14CDF658DCD336EA6D1136881AAEB87B81AB9EE53D5
310
F5EB8BC8362082DA24122F98680A4E7930C01A0079749CEA14382A0783E5EBA5A10F8C098456A03D6A4AEB6BB881E2513747552A5DB22C7EDAF83BD5528081A365F7FF06504B0304140006080000CC70623B000000000000000000000000350000006662782F41393633353835312D344632462D344230382D423046372D37
310
39314545314133324237412F76657274696365732E62696E504B0304140006080800CC70623BF270F1330600000004000000360000006662782F41393633353835312D344632462D344230382D423046372D3739314545314133324237412F747269616E676C65732E62696E636660600000504B0304140006080000CC7062
310
3B000000000000000000000000370000006662782F41393633353835312D344632462D344230382D423046372D3739314545314133324237412F617474726962757465732E62696E504B0304140006080800CC70623B08DA0BD19000000041010000360000006662782F41393633353835312D344632462D344230382D4230
310
46372D3739314545314133324237412F6469726563746F72792E786D6C858F410AC3201045AF22B36F53E9A60B35CBEEBAE80D244E44489C6234F4F835464A48035D0DF398FF9F8AF63D0E6CC63039F212F8F9020C7D47C6792B21C5FE7403D62A1188E2E60C98D7234A5830286103A55745067B9D86B8A3CF9C7F90C11DE6
310
07FB144396D7B6A82D282E9A152AD114D5EF2CB866EEE831B8EEA07A7BB5A8D7D61A2BAAEB7FD5F70921FF497D00504B0304140006080800CC70623BEDD1DC58FD000000A00100003B0000006662782F41393633353835312D344632462D344230382D423046372D3739314545314133324237412F7265736F75726365732F
310
636F72652E786D6C8D504B6E833010BD0A9A6D65B00922041947112427E8052C33A156828DFCA97AFC9A40A576D7CDCCE87D344F8F9FBFE667F689CE6B6B3A6039850C8DB2A336530731DC4903D95970676DF82583CCC8193B5861107C72362E3BA4AC096842428D1D7107A5F7182053CF7474E0D507CE32973124857FE48B
310
540F3961CEF244279DE03EB81420DB9EAC1384436FA353E879B1B182C7A8C75DA3C7F453DF353A1075D537A7BA6464B8F535A99AE14A9A2BBD90E350DD183B5CFABE3AF262350B1EF4FC9351399401471025A527C218A1E53BAB5A5AB765F5469B96525EACF23FA6B88CFF34456DC2A1DCE36E360F82A5202F42F062ED2BAD
310
579969AFDD8A6F504B010214000A0000080000CC70623B3DEE336E79000000790000001B00000000000000000000000000000000006175746F6465736B2D64657369676E2D7061636B6167652E786D6C504B01021400140006080800CC70623BD486FD9CA0000000F40000001300000000000000000000000000B20000005B
310
436F6E74656E745F54797065735D2E786D6C504B01021400140006080800CC70623B853B8169EB0000007C010000080000000000000000000000000083010000636F72652E786D6C504B01021400140006080800CC70623B55019EA25F0000007C000000070000000000000000000000000094020000636E782E786D6C504B
310
01021400140006080800CC70623BDBABAAF470010000D40300000C00000000000000000000000000180300006662782F636F72652E786D6C504B01021400140006080800CC70623B9C113CC27E0000009D0000000B00000000000000000000000000B20400006662782F636E782E786D6C504B01021400140006080800CC70
310
623B7DF2F77C2A010000120200003100000000000000000000000000590500006662782F41393633353835312D344632462D344230382D423046372D3739314545314133324237412F636F72652E786D6C504B01021400140006080800CC70623BAD7543B64E010000330300003000000000000000000000000000D2060000
310
6662782F41393633353835312D344632462D344230382D423046372D3739314545314133324237412F636E782E786D6C504B01021400140006080800CC70623BE75B7789680500003C10000034000000000000000000000000006E0800006662782F41393633353835312D344632462D344230382D423046372D3739314545
310
314133324237412F6F626A656374732E786D6C504B01021400140006080000CC70623B0000000000000000000000003500000000000000000000000000280E00006662782F41393633353835312D344632462D344230382D423046372D3739314545314133324237412F76657274696365732E62696E504B01021400140006
310
080800CC70623BF270F133060000000400000036000000000000000000000000007B0E00006662782F41393633353835312D344632462D344230382D423046372D3739314545314133324237412F747269616E676C65732E62696E504B01021400140006080000CC70623B0000000000000000000000003700000000000000
310
000000000000D50E00006662782F41393633353835312D344632462D344230382D423046372D3739314545314133324237412F617474726962757465732E62696E504B01021400140006080800CC70623B08DA0BD1900000004101000036000000000000000000000000002A0F00006662782F41393633353835312D344632
310
462D344230382D423046372D3739314545314133324237412F6469726563746F72792E786D6C504B01021400140006080800CC70623BEDD1DC58FD000000A00100003B000000000000000000000000000E1000006662782F41393633353835312D344632462D344230382D423046372D3739314545314133324237412F7265
310
736F75726365732F636F72652E786D6C504B0506000000000E000E0080040000641100000000
  0
XRECORD
  5
1F8
102
{ACAD_REACTORS
330
1F7
102
}
330
1F7
100
AcDbXrecord
280
     1
 70
     1
 90
429727718
  1
30362254-06B7-45E0-A893-8CFA70E3D6BC
310
504B03040A0000080000CC70623B3DEE336E79000000790000001B0000006175746F6465736B2D64657369676E2D7061636B6167652E786D6C3C3F786D6C2076657273696F6E3D22312E302220656E636F64696E673D227574662D3822203F3E3C666F726D6174733E3C666F726D61743E687474703A2F2F736368656D612E
310
6175746F6465736B2E636F6D2F64657369676E2D7061636B6167652F323030393C2F666F726D61743E3C2F666F726D6174733E504B0304140006080800CC70623BD486FD9CA0000000F4000000130000005B436F6E74656E745F54797065735D2E786D6C7D8EC10E82300C865F65E91D8A1E8C310C0EEA1BF002731658846E
310
D98AC1B77784ABF1D8FE5FBFBF75BBCE937A534CCEB38643598122B6FEE978D0B0485F9C41B54DDD7D022595594E1A469170414C76A4D9A4D207E29CF43ECE46F218070CC6BECC4078ACAA135ACF422C856C0E68EA1BF5669944DDD7BCDE7B1F8E415D77AECB980613C2E4AC91FC167A2B244592486606FC29C8FD7F045B9A
310
EF7053A7E60B504B0304140006080800CC70623B1EC5D7A3EB0000007C01000008000000636F72652E786D6C8D90416EC3201045AF82665B6103C6756C6122AB4D4ED00B204C5C94182C03558F5F9C3852BBEB6A467FFE9B197D71FC9E6FE8CBACC17AD7032D0820E3B41FAD9B7A48F1820F808E52ACDEC75F36404ECDA687
310
4D0629A6D5A76597B477D1B89855E747B38B2A041301E95B6E7A08FAD3CCAA50296647B8168BD2573599823EBB0CA76447F43862C7BCCF5EAC59410E4DDD9C7973C2755553CCCFA4C603E3040F1565ED3B1FDE4E432BCA0D9622DAF9795FAF464533826484B498524CD807E51D79ED187F21878E10516EF63F505AC67F42C9
310
BA58B1FDDD071640D2FCC87D2045B96591CB3DA85CB7DCE40F504B0304140006080800CC70623B55019EA25F0000007C00000007000000636E782E786D6C4DCB3B0E80201045D1AD90E915ED2CF8AC45050C11660C8261F98AB1B07AC9C97D42D718D865D3E909258CFD00CCE24AC6E326A164D74DC0B4128928FF32603847
310
2BA13128B1252AC747C6BAB984FC68F0B87FE8960A5C09FE86CFB69FBA01504B0304140006080800CC70623B8C9102E971010000D40300000C0000006662782F636F72652E786D6CC5535B6E833010BC8AE5DF0A6C08340F1947A84D4ED00B38C6A128602363A31CBFCB234A53A551FA553EC09AD9F5CE8C31DB9E9B1AF5CA
310
7695D1198E428A91D2D214952E33ECDD315861B4E5CC1AE3BE9561A445A3323CC098B3D21ADFCE9034DA29ED00D5A6503328BA4E398C640D8B0C77F253352214DE4145770A5B214FA2546114020D759C75CE8200340D19DE981F0F6746269C33EFAB6266AB02A655C74A59CCF365BADC27CB5D902ED22848F6340DF238A141
310
BE88E2F57B92BFEDF23523433367AE6A2EEAA455C2A902F398D2751045018D3FA264435F3771F242571B4A1919CA6F9A7C5B3CD9E42BED16F12C776AEB308F40C848FC700B1139D4891EF410CEC810227CC6846F8386402064270EF5C5C709A05E49676C024C61FC95EA45ED154CA5211D1FF4FB8291A913A68E9B83EBBB33
310
E2A7673CDE118E5AE8124C0807CB8377834E366998436B950D7A7746DAD846D4CFD978E0F04FD455FC5D49D2D4C6FE9722321F10997F0F32DC47FE05504B0304140006080800CC70623BFFEA85907E0000009D0000000B0000006662782F636E782E786D6C4DCCD10A83201886E15B91FFDC95D95A811AB6F23E625948A6C3
310
E9D8E5AF46073BFAE0E1E365ED67B3E8ADC3CB78C7815C7240DA3DFC64DCC221C519D7805AC182F7F1EF06C88D9BE6703008B6049F9E274D7A1E938DBB5AE3D6131B2589BA0D3D965551E0B2EA732C9B9A624AAEB41E3A557677029960D9AFB4EF11165F504B0304140006080800CC70623B4FEEA4082C0100001202000031
310
0000006662782F39464131463745442D413632322D343644302D413938332D3331353338454246344243312F636F72652E786D6C8D515B6EC32010BC0AE2AB55850DD871ED0813254D72825EC00192A2C460F1A872FC42ED48ED5F7E00CDCECCCEB26C731F6FE05B39AFADE921293004CA082BB5B9F43086336A21D870E6AC
310
0D7F68109861543DCC30E4ECE26C9C164858139409093556AA051CBC570102714B8F1E7AF1A5C6A11862480C7F2DA6415C878B2A4891CA89C7990F2E050073937C42DE1DB7E4F87ED8A36D4329AA9B3D46DBAEAD504556557BD81DEBDD0761E52CE42C462D17B996298E3E6BE59E35C962CE821E1FF18553435012728A7187
310
0841987E927A8D9B35ADDF70BBC6989599FE4F1427F9A4286A132ABAC49D651EF234CD5CE04CDA78BA3DC2A8FB645D00B9DF8B57E215725C60BCA2A463E54C4CE327C7A65E1C7DB02E7DEFCBF594B864C5CA6CDBD49C957943E9FA5D5FBAF336F90F504B0304140006080800CC70623BAD7543B64E01000033030000300000
310
006662782F39464131463745442D413632322D343644302D413938332D3331353338454246344243312F636E782E786D6CD593CD6EC32010845F0571AD6CE3D48AD20813A9873E410FBD12D82434182C7EAAE6EDBB2424CD25871E7B41D6EC30B3FA84F9E67BB2E40B4234DE8DB46F1925E094D7C6ED479AD3AE5951B2113C
310
789FEE6C943839C1488B4C05DF079FE72A69D8C96C13AAD6B8631503449F83828872B949AC57D26200B826A308D316B4064D6E46FCDA41C05550DC9E483A00797BFD207EFB092A45DE9514C1BBD22178396BD39D891265658C238DEA00936C654E5E433CB65A26D9F6EDB5EBC14EBF49A45CB856E66048291F6939A9A81BB5
310
C8917738143CA680F4AA299D66A042CEB3354A2684DC9D8D178FE0D9B8B41CAAD720F880EE7EF93C0C18769E099ECC04D5A102C8049A8A05632F4DDF376CF1DE0F6BB65C2F8627B65A33C6BB62177CEBBDAD973006829F89F22E814B54F4BC2BE347F8AA8F681390B50FA73F804400B5F542E796F19FF974E7F78DB802FE05
310
E207504B0304140006080800CC70623B16AB87BA640500003C100000340000006662782F39464131463745442D413632322D343644302D413938332D3331353338454246344243312F6F626A656374732E786D6CAD575B6FA33818FD2B887DE6924B3BED8A326A92B68A663B534DD4D13E548A0C38942D60649B369D5FBFC7
310
600890A493BDE42160637FD7F31D7FF63E6FB3D478A55C242CBF3247B66B1A340F5994E4F19559CA8D75611A9F7D8F33263BCB4C232719BD32D5B4E97B316765A1A722BA21652A07B3B7B33F0D11D29C9A46981221AE4C113ED38CD8A4942CA2E2C58E882476BCD9DA23BB5ED8171B73523C0F841684D35CC252CCE79062D4
310
468DFA43D7747CCF51DF7D4FFDEB5593E3AB9CCA9FBEFE241792E4E19EB28198C968BAB8199F5D5A67D3E9C49A9E8F47D6EC76B6B0469F26EEFC7C3EBFBCBEB98462213924694B38DD98FE1D62C393D073EA4FADC5DAF04326852CCF6958F90F0F2B9BB5C48816348F90C7840A68EB78EDF68723159BCEE7891A6B95DDE9D3
310
BCEAEEE8086A6C6F9E5D4B59F0175C10A7A0820BAA5055C7473B5AE3CFDD452D602CD5DF12616444529E90D448938013FE6EFA58AA96F85E4F8C42275708571E98FE6827AF6B2B4AE3D7D83D64E5A64C53054DD3AF90BD06FEA9149565C94FCA0F6B834DC85599E4F2423B24DF0B6AFA979E534DFA9E7A4CC6FA631D486393
310
921829879BF5D781A373557BCB85E97FB90DB62B558F8795179C15944B051F40AB495CF35451D26A4727654E6D8033BD98EF82F21D91FF8AF2DD9982BCF1643BDD4EB516C9492E368C67C88DED563FC36D5EACF66DFF057C3658BDBFA69DF9578B3DA735B64F18C7F20770A9D45CFCF7FCF563D6456A277DBEF78A02637CA2
310
43B90A490AEAB94F72244481D24819A6C0E59B606BFA4B3025981DBB48EAB701D97BF19C577CC77F2D1B6C55A9EF3C732474C0B727303F625995056C3B02963D9EAC146BE78EC5FCEC7FA999EBC5EACBAAE41B12D27B4D2C0BBA49F244E2ECDC81B76B502F113D8F5EE8FB1BE3111CDD4FC2AA9B844CAB1288B68AB90A7CDC
310
1C166AB0D3DC5310625FCC14E779BFD0709F8890A629C9292B1B2DED31A4B0DA928CEE135085754027E3018A397D4D5427D15BD1330B677DC8934285AC3DF45A9EB68FF8F2B8FC0A509AFEECFD0FF2DE25CC6047F7214B195F07EFEB9A094D800F7BFAE8FED187B78EA8A3A400F115961BCAD1215E47C966530AF0EE8128FE
310
58CEBB996A8964FFA529A046635D9353B0336A8F700DDF46271A024E70B0B37C9DE01847591E54DED53D54202AB947E4076556AC49C6CA5C9E1226B7F1A7B1BE15DEED62C41B91E1B3E9AFAAA735036547343A925075041DF0A9979E893B391F8FCFA6967B3EFB644DCF6E5CEBFAE272625DCC6FAF3FB93793C5F90CE1EF57
310
407342756B10D1C489E8953CD1617E5CEECAD6F4EF8914CE5D5D504E5C3F1F9736DA62CFC11E00BCDDB8CC8A9466349744C1F75EBDA4DF09BA8A9E8C7A7E9991989E20E5DBDD6A6003664ED8F7A04A8DBE0DF6EAD9B9AA858342E47399053949D2C146EDB85DE4B176BB0965FBAC19BD19AA918E27FA50C1D22402E144464C
310
59462568E704B6E71915404CB72B8FF4EDE184DDAF753F284990D2C6926782963815403548A70C657FDEF80D2D9CEAA2AE4C1C76F60BFE74219A06527D6582DF6412526107381E55E353090704D085B52408D0933C4ED159D79BDA71BB4BC506F4831350EB6F979CD22D69BF7AC49B91A2C0A9DDA3D5CA36AD20FC478E37E6
310
1844E2352865EBCB6EA275A652E3836BE04EFB400BF1A2556F515F1FBB35B2AB35BD889C744FFA1004B5544B121E57F70215746DD2F5E2C1412B602CBF19455AC6C8E5E9922C4E01E65215385004546899059180EAFCF7A707CE7017CD8CDB0410789AB32C63B91E5CEBBBACB17AC6CD347A022D5075FD106377347AAABA7E
310
7D11590744509B44E205134DC1290F06580320F78E537D3D73540E06CB970B431F185308AD40BBD794D6D77003C5A36E8EAA54BA64597CD8F83BD552A080A365F7FF06504B0304140006080000CC70623B000000000000000000000000350000006662782F39464131463745442D413632322D343644302D413938332D3331
310
353338454246344243312F76657274696365732E62696E504B0304140006080800CC70623BF270F1330600000004000000360000006662782F39464131463745442D413632322D343644302D413938332D3331353338454246344243312F747269616E676C65732E62696E636660600000504B0304140006080000CC70623B
310
000000000000000000000000370000006662782F39464131463745442D413632322D343644302D413938332D3331353338454246344243312F617474726962757465732E62696E504B0304140006080800CC70623B08DA0BD19000000041010000360000006662782F39464131463745442D413632322D343644302D413938
310
332D3331353338454246344243312F6469726563746F72792E786D6C858F410AC3201045AF22B36F53E9A60B35CBEEBAE80D244E44489C6234F4F835464A48035D0DF398FF9F8AF63D0E6CC63039F212F8F9020C7D47C6792B21C5FE7403D62A1188E2E60C98D7234A5830286103A55745067B9D86B8A3CF9C7F90C11DE607
310
FB144396D7B6A82D282E9A152AD114D5EF2CB866EEE831B8EEA07A7BB5A8D7D61A2BAAEB7FD5F70921FF497D00504B0304140006080800CC70623B0D6EF93BFE000000A00100003B0000006662782F39464131463745442D413632322D343644302D413938332D3331353338454246344243312F7265736F75726365732F63
310
6F72652E786D6C8D50596E833010BD0A9ADFCA60B334011947A8694ED00B586642AC041B79A97AFC9A40A5F6AF3F33A3B7689E1E3F7DCD8FEC139DD7D6F4C0720A191A65476DA61E62B892236427C19DB5E1970C322367EC618541F0C9D9B8EC90B226A009093576C41D94DE63804C3DD2D18357379C652E63480A7FCF17A9
310
EE72C29CE5894E3AC17D702940B63D59270887DE46A7D0F36263058F518FBB468FE9A7BE6A7420864373B8D4873369AA8691FA421B3294352543C5CAF65C0F6FEF43CB8BD52C78D0F34F46E550061C419494B6843142CB0F5677F4B52BEB177AEC28E5C52AFF638ACBF84F53D42654E51E77B379102C05791282176B5F693D
310
CB4C7BED567C03504B010214000A0000080000CC70623B3DEE336E79000000790000001B00000000000000000000000000000000006175746F6465736B2D64657369676E2D7061636B6167652E786D6C504B01021400140006080800CC70623BD486FD9CA0000000F40000001300000000000000000000000000B20000005B
310
436F6E74656E745F54797065735D2E786D6C504B01021400140006080800CC70623B1EC5D7A3EB0000007C010000080000000000000000000000000083010000636F72652E786D6C504B01021400140006080800CC70623B55019EA25F0000007C000000070000000000000000000000000094020000636E782E786D6C504B
310
01021400140006080800CC70623B8C9102E971010000D40300000C00000000000000000000000000180300006662782F636F72652E786D6C504B01021400140006080800CC70623BFFEA85907E0000009D0000000B00000000000000000000000000B30400006662782F636E782E786D6C504B01021400140006080800CC70
310
623B4FEEA4082C0100001202000031000000000000000000000000005A0500006662782F39464131463745442D413632322D343644302D413938332D3331353338454246344243312F636F72652E786D6C504B01021400140006080800CC70623BAD7543B64E010000330300003000000000000000000000000000D5060000
310
6662782F39464131463745442D413632322D343644302D413938332D3331353338454246344243312F636E782E786D6C504B01021400140006080800CC70623B16AB87BA640500003C1000003400000000000000000000000000710800006662782F39464131463745442D413632322D343644302D413938332D3331353338
310
454246344243312F6F626A656374732E786D6C504B01021400140006080000CC70623B0000000000000000000000003500000000000000000000000000270E00006662782F39464131463745442D413632322D343644302D413938332D3331353338454246344243312F76657274696365732E62696E504B01021400140006
310
080800CC70623BF270F133060000000400000036000000000000000000000000007A0E00006662782F39464131463745442D413632322D343644302D413938332D3331353338454246344243312F747269616E676C65732E62696E504B01021400140006080000CC70623B0000000000000000000000003700000000000000
310
000000000000D40E00006662782F39464131463745442D413632322D343644302D413938332D3331353338454246344243312F617474726962757465732E62696E504B01021400140006080800CC70623B08DA0BD190000000410100003600000000000000000000000000290F00006662782F39464131463745442D413632
310
322D343644302D413938332D3331353338454246344243312F6469726563746F72792E786D6C504B01021400140006080800CC70623B0D6EF93BFE000000A00100003B000000000000000000000000000D1000006662782F39464131463745442D413632322D343644302D413938332D3331353338454246344243312F7265
310
736F75726365732F636F72652E786D6C504B0506000000000E000E0080040000641100000000
  0
XRECORD
  5
175
102
{ACAD_REACTORS
330
173
102
}
330
173
100
AcDbXrecord
280
     1
270
     1
271
     1
  0
XRECORD
  5
174
102
{ACAD_REACTORS
330
173
102
}
330
173
100
AcDbXrecord
280
     1
270
     1
271
     1
  0
XRECORD
  5
1FB
102
{ACAD_REACTORS
330
173
102
}
330
173
100
AcDbXrecord
280
     1
 70
     0
 90
1673772943
  1
ECE7A1D2-D628-4531-984C-D00F80459256
310
504B03040A0000080000CC70623B3DEE336E79000000790000001B0000006175746F6465736B2D64657369676E2D7061636B6167652E786D6C3C3F786D6C2076657273696F6E3D22312E302220656E636F64696E673D227574662D3822203F3E3C666F726D6174733E3C666F726D61743E687474703A2F2F736368656D612E
310
6175746F6465736B2E636F6D2F64657369676E2D7061636B6167652F323030393C2F666F726D61743E3C2F666F726D6174733E504B0304140006080800CC70623BD486FD9CA0000000F4000000130000005B436F6E74656E745F54797065735D2E786D6C7D8EC10E82300C865F65E91D8A1E8C310C0EEA1BF002731658846E
310
D98AC1B77784ABF1D8FE5FBFBF75BBCE937A534CCEB38643598122B6FEE978D0B0485F9C41B54DDD7D022595594E1A469170414C76A4D9A4D207E29CF43ECE46F218070CC6BECC4078ACAA135ACF422C856C0E68EA1BF5669944DDD7BCDE7B1F8E415D77AECB980613C2E4AC91FC167A2B244592486606FC29C8FD7F045B9A
310
EF7053A7E60B504B0304140006080800CC70623BD9DDAED0EC0000007C01000008000000636F72652E786D6C8D90416EC3201045AF82665B61836D9CD8C2444DD39CA01740405C94182C03558F5F9C3852BBEB6A467FFE9B197D7EF89E6EE8CB2CC17A37002D0820E394D7D68D03A478C17B4007C117EFE32F1B20272733C0
310
2A83E0E3E2D3BC49CABB685CCCAAF3DA6CA20CC14440EA969B0182FA34932C648AD911AEC52CD5558EA6A0CF2EC329598D1E47ACCEFBECC59A050463A7EA5833865FEBDD0E37353BE3EE8DBDE3F6786A48D375FBF6CC78B9C282473B3DEFABC5C86834888A900E538A49F5419B9EB47DD5BC907D4F082F57FB1F28CDFA9F50
310
B22ED6D5F6EE030B20687EE43E10BC5CB3C8E51E54AE6B6EE207504B0304140006080800CC70623B55019EA25F0000007C00000007000000636E782E786D6C4DCB3B0E80201045D1AD90E915ED2CF8AC45050C11660C8261F98AB1B07AC9C97D42D718D865D3E909258CFD00CCE24AC6E326A164D74DC0B4128928FF326038
310
472BA13128B1252AC747C6BAB984FC68F0B87FE8960A5C09FE86CFB69FBA01504B0304140006080800CC70623BA24EB22D72010000D40300000C0000006662782F636F72652E786D6CC5535B6E833010BC8AE5DF0A6C5E49888CA3A6694ED00B38E05014B091B1518EDFE511A5A9D228FD2A1F60CDEC7A67C6986DCE4D8D7A
310
69BA4AAB0C073EC548AA5C17952A33ECECD15B61B4E1CC686DBF9561A44423333CC098B3D268D7CE50AE9595CA02AA74216750749DB418E5352C32DCE59FB211BE70162ABA93DF8AFC244AE9073ED050C759670D0840D390E18DF9F1706664C23973AE2A66B62A605A75ACA4C13C4976E1364A12EF355A2EBD384AF65EFA96
310
BC7B8BED2EA6719AAE16FB8491A199335B351775B991C2CA02F390D2D40B028F861F41BCA68B7518BFD0D59A524686F29B26D7164F36B94AD9289CE54E6D1DE6010819891F6E21228B3AD1831EC219194284CF98F06DD01008846CC5A1BEF83801D4CBDC6A1303536877A57A513B0953A94FC707FDBE6064EA84A9E3E6E0FA
310
EE8CF0E9198F7784A316AA0413C2C2F2E0ECA0934D1AE6D05A69BCDE9E91D2A611F573361E38FC1375157F5752AE6B6DFE4B11990F88CCBF0719EE23FF02504B0304140006080800CC70623B408A7D3B7C0000009D0000000B0000006662782F636E782E786D6C4DCCD10A83201886E15B91FFDC552A92A0064DBC8F581632
310
D3703A76F9ABD1C18E3E78F878E5F0D9027ABBFCF2292AE86E2D20171F69F6715550CB827B40839639A5F2770314A7CD293819B45C73AAFB45B35BA61ACAA1C1C7E7855C58C15BC331339661262CC762340413D68D77DA5B42298546CBE6573AF60CEB2F504B0304140006080800CC70623B449FB9BD290100001202000031
310
0000006662782F36394639363044362D344446342D343946362D394244322D3234314243333846323333332F636F72652E786D6C8D515B6EC32010BC0AE22B55850D98B871848994463E412FE002495162B07854397EA176A4F62F3F2C9A9D991D587EB84F37F0AD7D30CEF6905418026DA553C65E7A98E219ED203808EE9D
310
8B7F6810D871D23D2C3014FCE25D9A57483A1BB58D19B54EE9151C43D0110279CB971E06F9A5A7B11A53CC8C70ADE6515EC78BAE4895DB992778883E0700CB907242D17643D7E2538BD869608875438BBAE38922CAC8F1BDD90DB4691A5E2F42C153326A951B95E398B3D1FE599322163C9AE9115F7A3D46ADA0A018778810
310
84E907617BDCEE297BC5BB3DC6BC2EF47FA234AB2745C9D8D8D035EE220B50105E2F0DC1954B9FB747187D9F9D8FA0CCDB042D5FA0C015C65B42DF78BD10F3F3B363CB56C7109DCFDFBBB97E662ED92EB62D13BC2E1BCAE5777DB9966D8A1F504B0304140006080800CC70623BAD7543B64E01000033030000300000006662
310
782F36394639363044362D344446342D343946362D394244322D3234314243333846323333332F636E782E786D6CD593CD6EC32010845F0571AD6CE3D48AD20813A9873E410FBD12D82434182C7EAAE6EDBB2424CD25871E7B41D6EC30B3FA84F9E67BB2E40B4234DE8DB46F1925E094D7C6ED479AD3AE5951B2113C789FEE
310
6C943839C1488B4C05DF079FE72A69D8C96C13AAD6B8631503449F83828872B949AC57D26200B826A308D316B4064D6E46FCDA41C05550DC9E483A00797BFD207EFB092A45DE9514C1BBD22178396BD39D891265658C238DEA00936C654E5E433CB65A26D9F6EDB5EBC14EBF49A45CB856E66048291F6939A9A81BB5C89177
310
38143CA680F4AA299D66A042CEB3354A2684DC9D8D178FE0D9B8B41CAAD720F880EE7EF93C0C18769E099ECC04D5A102C8049A8A05632F4DDF376CF1DE0F6BB65C2F8627B65A33C6BB62177CEBBDAD973006829F89F22E814B54F4BC2BE347F8AA8F681390B50FA73F804400B5F542E796F19FF974E7F78DB802FE05E20750
310
4B0304140006080800CC70623B8D05915C650500003B100000340000006662782F36394639363044362D344446342D343946362D394244322D3234314243333846323333332F6F626A656374732E786D6CAD575B6FA33814FE2B887D06429276DA1565D4266D158D3A339A6846FB502932E050B66023DB74D2FDF5FB190C01
310
9276B2973C046C8ECFF53B17071F77456EBD502133CEAE6CDF9DD81665314F32965ED995DA3A17B6F5310C04E7AA47665B8C14F4CAD6DB7618A48257A5D94AE89654B91AEDDEDDFC61C998326A5B714EA4BCB265FC440BE2924AF184CA6737218AB8E976E7FA6E4338649B0A523E8D98964450A6A029F619B8588D52FE7039
310
B1BD30F0F4F730D0FF866AF6369557DB33949F31A9088B0F848DD8CCFCF9F2767A76E99CCDE733677E3EF59D9BBB9BA5E37F984D16E78BC5E5F5ED25044B25C0C96822E8D60EEFE11B91C581D77CEA34368A1F5329E68CD1B8B61F16D63A1B8E092D294B10C78C4A48EB593D192E7DED9BDEE7995E1B91FDEDD3ACEA9FE831
310
6A756F9F7D4D79F4274C90A7A04248AA51D5F8C718DAE06FB2F75AC4796EBE65D22A88A22223B995679120E2D50E41AA49C260C046A35368846B0BECD0DFF3EBEB8AD4F835768F69B9ADF25C43D30E6B646F807FAA64AD59F61715C7A54127C4AACA98BA3006A9D792DAE165E0D59B61A01FB3A9F9D838D2DAE62445C86166
310
F37564E842E7DE6A69879FEEA2DD5AE7E371E1A5E025154AC307D06A03D73EB5978C58FFA4C8E9033066E0F3BD53BEC1F39F91BE7B55103791EDE6BBB991A2046172CB4581D8B893FA674DDA17A77B3B7C413D1B511FD2743BFF8A38F03A658705E3ADF8015C3A3417FF3D7E439FF591DA0B5F18BC20C1B8981957AE6392A3
310
F43C640C01D1A0B4728E2DD4F26DB4B3C3152A252A3B4E913CEC1C72F012782FF88EFF8637AA552DBEF76408E8A8DE9E50F9E1CB3A2DA0DB1B6039A893B56063DC5B3E3FFB5F72E67AB9FEB4AEC496C4F4C1149625DD662C53E89D7BF0F6151A046260D1337DFDC94502430F83B0EE07A130A224BCAD7DAE1D9FB6CD422FF6
310
920702629C4BB9AE79C12F243C6432A6794E18E5552BA56B431AAB5D91317302B2B071E86C3A42B1A02F999E24061403B5D0EB639195DA655DD3EBEAB4FB862DDF579F014AD0E73C22F99E28DA57FB98E75C6CA2D74D53086D600F4786E0FE3144B771A8A7B900F03594DB8A633CBC49B2EDB69228BB479CF863B5E807AAAB
310
23872F6DFEB4129B949CA33823F58830E86D65621E10047D9DB34D862E8EAC3C2ABC2F7B2C40D67CDFE01F5545B92105AF983AC54D93D69E56FB8E797F88913F898A9FEC705D3F9D1B54EC8426FB500D40A03BD0119B06E1B95DDC7EB8F6975367793EBD70E66733DFB9BC982F9CE564727731999F5D4ECFCE3B8D6A4DC2A0
310
6D50FD148437D110834A64C6CDDF57FBACB5C307A2A477DFE4939736CFEF2B175371E0E10CF0DD1D5C15654E0BCA14D1E87DD02FF93782A162C0A3D95F1524A52770F972BF1EE9809D13CE7DD599467F8ECE9ADD85CE85A34CD45355448C64F9E8A031DC2D596ACC6E5DD93D9B82DE2EF5CAF81363A8E47996A0DE24564A79
310
4115AACE09C55E14540231FDA13C319787134EBF34E3A022514E5B4D9E0826E25C02D5805B15ABE1BEF51B26383D445DD9E875EE33FE4C22DA16427D65A3BCA92CA6D28DD01DF5DC53330704308475351050232CCD31583787BA75774AFB06E5070DD0C8EF484E19968C5D83BA5B90B244D31E54D55A372320FE4786B7EA58
310
44E135AA5467CB7EA333A61683CC6A8C3257034C10CF46F40EF9F5BE59BE5BD30C3C72D235E95D10345C1D45445A5F0BB47E46A5EBE5570F9380B5FA629579952296A773720405982B9DE04011506178964401AA8BDF1FBF0A8EAB6861DD6580C0E38217056766716DAEB2D6FA0917D3E4116581EADB879C4E7CFFB11EFACD
310
3D641311495D92C8676CB409A72D18610D803CE8A626049E8EC1887CB5B44CC39883690DDA8399B4B9855B481E7D71D4A9D22F96E5BB73BF5793020C02137BF837504B0304140006080000CC70623B000000000000000000000000350000006662782F36394639363044362D344446342D343946362D394244322D32343142
310
43333846323333332F76657274696365732E62696E504B0304140006080800CC70623BF270F1330600000004000000360000006662782F36394639363044362D344446342D343946362D394244322D3234314243333846323333332F747269616E676C65732E62696E636660600000504B0304140006080000CC70623B0000
310
00000000000000000000370000006662782F36394639363044362D344446342D343946362D394244322D3234314243333846323333332F617474726962757465732E62696E504B0304140006080800CC70623B08DA0BD19000000041010000360000006662782F36394639363044362D344446342D343946362D394244322D
310
3234314243333846323333332F6469726563746F72792E786D6C858F410AC3201045AF22B36F53E9A60B35CBEEBAE80D244E44489C6234F4F835464A48035D0DF398FF9F8AF63D0E6CC63039F212F8F9020C7D47C6792B21C5FE7403D62A1188E2E60C98D7234A5830286103A55745067B9D86B8A3CF9C7F90C11DE607FB14
310
4396D7B6A82D282E9A152AD114D5EF2CB866EEE831B8EEA07A7BB5A8D7D61A2BAAEB7FD5F70921FF497D00504B0304140006080800CC70623BCA768048FE000000A00100003B0000006662782F36394639363044362D344446342D343946362D394244322D3234314243333846323333332F7265736F75726365732F636F72
310
652E786D6C8D50596E833010BD0A9ADFCA60D600328E9AA639412F609909B1126CE4A5EAF16B0295DABFFECC8CDEA2797AECF8353F924FB44E193D409E5248504B332A3D0D10FC95B4901C39B3C6F85F3248B49871801506CE266BC2B243D2688FDA47549B11775038871E12F988C7004EDE7016A9083E2ADC3D5D84BC8B09
310
D33C8D74D471E6BC8D0192EDC93A815B742658898E651BCB59086ADC356A8C3FD555A1055ED7E7E254D615792D0F075295F585746FF53B694EE78A565DD736979A65AB9933AFE69F8CD2A2F038022F28ED489E135A7CE4554F9BBEA85E68DB53CAB255FEC71496F19FA6A0B42F8B3DEE6673C0F318E4497096AD7DC5F52C33
310
EEB55BFE0D504B010214000A0000080000CC70623B3DEE336E79000000790000001B00000000000000000000000000000000006175746F6465736B2D64657369676E2D7061636B6167652E786D6C504B01021400140006080800CC70623BD486FD9CA0000000F40000001300000000000000000000000000B20000005B436F
310
6E74656E745F54797065735D2E786D6C504B01021400140006080800CC70623BD9DDAED0EC0000007C010000080000000000000000000000000083010000636F72652E786D6C504B01021400140006080800CC70623B55019EA25F0000007C000000070000000000000000000000000095020000636E782E786D6C504B0102
310
1400140006080800CC70623BA24EB22D72010000D40300000C00000000000000000000000000190300006662782F636F72652E786D6C504B01021400140006080800CC70623B408A7D3B7C0000009D0000000B00000000000000000000000000B50400006662782F636E782E786D6C504B01021400140006080800CC70623B
310
449FB9BD290100001202000031000000000000000000000000005A0500006662782F36394639363044362D344446342D343946362D394244322D3234314243333846323333332F636F72652E786D6C504B01021400140006080800CC70623BAD7543B64E010000330300003000000000000000000000000000D20600006662
310
782F36394639363044362D344446342D343946362D394244322D3234314243333846323333332F636E782E786D6C504B01021400140006080800CC70623B8D05915C650500003B10000034000000000000000000000000006E0800006662782F36394639363044362D344446342D343946362D394244322D32343142433338
310
46323333332F6F626A656374732E786D6C504B01021400140006080000CC70623B0000000000000000000000003500000000000000000000000000250E00006662782F36394639363044362D344446342D343946362D394244322D3234314243333846323333332F76657274696365732E62696E504B010214001400060808
310
00CC70623BF270F13306000000040000003600000000000000000000000000780E00006662782F36394639363044362D344446342D343946362D394244322D3234314243333846323333332F747269616E676C65732E62696E504B01021400140006080000CC70623B00000000000000000000000037000000000000000000
310
00000000D20E00006662782F36394639363044362D344446342D343946362D394244322D3234314243333846323333332F617474726962757465732E62696E504B01021400140006080800CC70623B08DA0BD190000000410100003600000000000000000000000000270F00006662782F36394639363044362D344446342D
310
343946362D394244322D3234314243333846323333332F6469726563746F72792E786D6C504B01021400140006080800CC70623BCA768048FE000000A00100003B000000000000000000000000000B1000006662782F36394639363044362D344446342D343946362D394244322D3234314243333846323333332F7265736F
310
75726365732F636F72652E786D6C504B0506000000000E000E0080040000621100000000
  0
XRECORD
  5
176
102
{ACAD_REACTORS
330
173
102
}
330
173
100
AcDbXrecord
280
     1
270
     1
271
     1
  0
XRECORD
  5
177
102
{ACAD_REACTORS
330
173
102
}
330
173
100
AcDbXrecord
280
     1
270
     1
271
     1
  0
XRECORD
  5
A4D
102
{ACAD_REACTORS
330
A4C
102
}
330
A4C
100
AcDbXrecord
280
     1
102
DISPLAYNAME
  1
Imperial24
102
FLAGS
 90
        0
  0
XRECORD
  5
A49
102
{ACAD_REACTORS
330
A48
102
}
330
A48
100
AcDbXrecord
280
     1
102
DISPLAYNAME
  1
Metric50
102
FLAGS
 90
        0
  0
CELLSTYLEMAP
  5
A0E
102
{ACAD_REACTORS
330
162
102
}
330
162
100
AcDbCellStyleMap
 90
        3
300
CELLSTYLE
  1
TABLEFORMAT_BEGIN
 90
        5
170
     1
 91
        0
 92
    32768
 62
   257
 93
        1
300
CONTENTFORMAT
  1
CONTENTFORMAT_BEGIN
 90
        0
 91
        0
 92
      512
 93
        0
300

 40
0.0
140
1.0
 94
        5
 62
     0
340
11
144
6.0
309
CONTENTFORMAT_END
171
     1
301
MARGIN
  1
CELLMARGIN_BEGIN
 40
1.5
 40
1.5
 40
1.5
 40
1.5
 40
4.5
 40
4.5
309
CELLMARGIN_END
 94
        6
 95
        1
302
GRIDFORMAT
  1
GRIDFORMAT_BEGIN
 90
        0
 91
        1
 62
     0
 92
       -2
340
14
 93
        0
 40
1.125
309
GRIDFORMAT_END
 95
        2
302
GRIDFORMAT
  1
GRIDFORMAT_BEGIN
 90
        0
 91
        1
 62
     0
 92
       -2
340
14
 93
        0
 40
1.125
309
GRIDFORMAT_END
 95
        4
302
GRIDFORMAT
  1
GRIDFORMAT_BEGIN
 90
        0
 91
        1
 62
     0
 92
       -2
340
14
 93
        0
 40
1.125
309
GRIDFORMAT_END
 95
        8
302
GRIDFORMAT
  1
GRIDFORMAT_BEGIN
 90
        0
 91
        1
 62
     0
 92
       -2
340
14
 93
        0
 40
1.125
309
GRIDFORMAT_END
 95
       16
302
GRIDFORMAT
  1
GRIDFORMAT_BEGIN
 90
        0
 91
        1
 62
     0
 92
       -2
340
14
 93
        0
 40
1.125
309
GRIDFORMAT_END
 95
       32
302
GRIDFORMAT
  1
GRIDFORMAT_BEGIN
 90
        0
 91
        1
 62
     0
 92
       -2
340
14
 93
        0
 40
1.125
309
GRIDFORMAT_END
309
TABLEFORMAT_END
  1
CELLSTYLE_BEGIN
 90
        1
 91
        1
300
_TITLE
309
CELLSTYLE_END
300
CELLSTYLE
  1
TABLEFORMAT_BEGIN
 90
        5
170
     1
 91
        0
 92
        0
 62
   257
 93
        1
300
CONTENTFORMAT
  1
CONTENTFORMAT_BEGIN
 90
        0
 91
        0
 92
      512
 93
        0
300

 40
0.0
140
1.0
 94
        5
 62
     0
340
11
144
4.5
309
CONTENTFORMAT_END
171
     1
301
MARGIN
  1
CELLMARGIN_BEGIN
 40
1.5
 40
1.5
 40
1.5
 40
1.5
 40
4.5
 40
4.5
309
CELLMARGIN_END
 94
        6
 95
        1
302
GRIDFORMAT
  1
GRIDFORMAT_BEGIN
 90
        0
 91
        1
 62
     0
 92
       -2
340
14
 93
        0
 40
1.125
309
GRIDFORMAT_END
 95
        2
302
GRIDFORMAT
  1
GRIDFORMAT_BEGIN
 90
        0
 91
        1
 62
     0
 92
       -2
340
14
 93
        0
 40
1.125
309
GRIDFORMAT_END
 95
        4
302
GRIDFORMAT
  1
GRIDFORMAT_BEGIN
 90
        0
 91
        1
 62
     0
 92
       -2
340
14
 93
        0
 40
1.125
309
GRIDFORMAT_END
 95
        8
302
GRIDFORMAT
  1
GRIDFORMAT_BEGIN
 90
        0
 91
        1
 62
     0
 92
       -2
340
14
 93
        0
 40
1.125
309
GRIDFORMAT_END
 95
       16
302
GRIDFORMAT
  1
GRIDFORMAT_BEGIN
 90
        0
 91
        1
 62
     0
 92
       -2
340
14
 93
        0
 40
1.125
309
GRIDFORMAT_END
 95
       32
302
GRIDFORMAT
  1
GRIDFORMAT_BEGIN
 90
        0
 91
        1
 62
     0
 92
       -2
340
14
 93
        0
 40
1.125
309
GRIDFORMAT_END
309
TABLEFORMAT_END
  1
CELLSTYLE_BEGIN
 90
        2
 91
        1
300
_HEADER
309
CELLSTYLE_END
300
CELLSTYLE
  1
TABLEFORMAT_BEGIN
 90
        5
170
     1
 91
        0
 92
        0
 62
   257
 93
        1
300
CONTENTFORMAT
  1
CONTENTFORMAT_BEGIN
 90
        0
 91
        0
 92
      512
 93
        0
300

 40
0.0
140
1.0
 94
        2
 62
     0
340
11
144
4.5
309
CONTENTFORMAT_END
171
     1
301
MARGIN
  1
CELLMARGIN_BEGIN
 40
1.5
 40
1.5
 40
1.5
 40
1.5
 40
4.5
 40
4.5
309
CELLMARGIN_END
 94
        6
 95
        1
302
GRIDFORMAT
  1
GRIDFORMAT_BEGIN
 90
        0
 91
        1
 62
     0
 92
       -2
340
14
 93
        0
 40
1.125
309
GRIDFORMAT_END
 95
        2
302
GRIDFORMAT
  1
GRIDFORMAT_BEGIN
 90
        0
 91
        1
 62
     0
 92
       -2
340
14
 93
        0
 40
1.125
309
GRIDFORMAT_END
 95
        4
302
GRIDFORMAT
  1
GRIDFORMAT_BEGIN
 90
        0
 91
        1
 62
     0
 92
       -2
340
14
 93
        0
 40
1.125
309
GRIDFORMAT_END
 95
        8
302
GRIDFORMAT
  1
GRIDFORMAT_BEGIN
 90
        0
 91
        1
 62
     0
 92
       -2
340
14
 93
        0
 40
1.125
309
GRIDFORMAT_END
 95
       16
302
GRIDFORMAT
  1
GRIDFORMAT_BEGIN
 90
        0
 91
        1
 62
     0
 92
       -2
340
14
 93
        0
 40
1.125
309
GRIDFORMAT_END
 95
       32
302
GRIDFORMAT
  1
GRIDFORMAT_BEGIN
 90
        0
 91
        1
 62
     0
 92
       -2
340
14
 93
        0
 40
1.125
309
GRIDFORMAT_END
309
TABLEFORMAT_END
  1
CELLSTYLE_BEGIN
 90
        3
 91
        2
300
_DATA
309
CELLSTYLE_END
  0
XRECORD
  5
A23
102
{ACAD_REACTORS
330
A22
102
}
330
A22
100
AcDbXrecord
280
     1
102
RTVSPost2010Prop28
280
     1
102
RTVSPost2010PropOp28
 70
     1
102
RTVSPost2010Prop29
280
     1
102
RTVSPost2010PropOp29
 70
     1
102
RTVSPost2010Prop30
280
     0
102
RTVSPost2010PropOp30
 70
     1
102
RTVSPost2010Prop31
280
     0
102
RTVSPost2010PropOp31
 70
     1
102
RTVSPost2010Prop32
280
     0
102
RTVSPost2010PropOp32
 70
     1
102
RTVSPost2010Prop33
280
     0
102
RTVSPost2010PropOp33
 70
     1
102
RTVSPost2010Prop34
280
     0
102
RTVSPost2010PropOp34
 70
     1
102
RTVSPost2010Prop35
280
     0
102
RTVSPost2010PropOp35
 70
     1
102
RTVSPost2010Prop36
280
     0
102
RTVSPost2010PropOp36
 70
     1
102
RTVSPost2010Prop37
 90
       50
102
RTVSPost2010PropOp37
 70
     1
102
RTVSPost2010Prop38
140
0.0
102
RTVSPost2010PropOp38
 70
     1
102
RTVSPost2010Prop39
140
1.0
102
RTVSPost2010PropOp39
 70
     1
102
RTVSPost2010Prop40
 90
        0
102
RTVSPost2010PropOp40
 70
     1
102
RTVSPost2010Prop41ColorIndex
 90
       18
102
RTVSPost2010Prop41ColorRGB
 90
        0
102
RTVSPost2010PropOp41
 70
     1
102
RTVSPost2010Prop42
 90
       50
102
RTVSPost2010PropOp42
 70
     1
102
RTVSPost2010Prop43
 90
        3
102
RTVSPost2010PropOp43
 70
     1
102
RTVSPost2010Prop44ColorIndex
 90
        5
102
RTVSPost2010Prop44ColorRGB
 90
      255
102
RTVSPost2010PropOp44
 70
     1
102
RTVSPost2010Prop45
280
     0
102
RTVSPost2010PropOp45
 70
     1
102
RTVSPost2010Prop46
 90
       50
102
RTVSPost2010PropOp46
 70
     1
102
RTVSPost2010Prop47
 90
       50
102
RTVSPost2010PropOp47
 70
     1
102
RTVSPost2010Prop48
 90
       50
102
RTVSPost2010PropOp48
 70
     1
102
RTVSPost2010Prop49
280
     0
102
RTVSPost2010PropOp49
 70
     1
102
RTVSPost2010Prop50
 90
       50
102
RTVSPost2010PropOp50
 70
     1
102
RTVSPost2010Prop51ColorIndex
 90
      256
102
RTVSPost2010Prop51ColorRGB
 90
-16777216
102
RTVSPost2010PropOp51
 70
     0
102
RTVSPost2010Prop52
140
1.0
102
RTVSPost2010PropOp52
 70
     0
102
RTVSPost2010Prop53
 90
        2
102
RTVSPost2010PropOp53
 70
     1
102
RTVSPost2010Prop54
  1
strokes_ogs.tif
102
RTVSPost2010PropOp54
 70
     1
102
RTVSPost2010Prop55
280
     0
102
RTVSPost2010PropOp55
 70
     1
102
RTVSPost2010Prop56
140
1.0
102
RTVSPost2010PropOp56
 70
     1
102
RTVSPost2010Prop57
140
1.0
102
RTVSPost2010PropOp57
 70
     1
102
RTVSPropertyOp0
 70
     1
102
RTVSPropertyOp1
 70
     1
102
RTVSPropertyOp2
 70
     1
102
RTVSPropertyOp3
 70
     1
102
RTVSPropertyOp4
 70
     1
102
RTVSPropertyOp5
 70
     1
102
RTVSPropertyOp6
 70
     1
102
RTVSPropertyOp7
 70
     1
102
RTVSPropertyOp8
 70
     1
102
RTVSPropertyOp9
 70
     1
102
RTVSPropertyOp10
 70
     1
102
RTVSPropertyOp11
 70
     1
102
RTVSPropertyOp12
 70
     1
102
RTVSPropertyOp13
 70
     1
102
RTVSPropertyOp14
 70
     1
102
RTVSPropertyOp15
 70
     1
102
RTVSPropertyOp16
 70
     1
102
RTVSPropertyOp17
 70
     1
102
RTVSPropertyOp18
 70
     1
102
RTVSPropertyOp19
 70
     1
102
RTVSPropertyOp20
 70
     1
102
RTVSPropertyOp21
 70
     1
102
RTVSPropertyOp22
 70
     1
102
RTVSPropertyOp23
 70
     1
102
RTVSPropertyOp24
 70
     1
102
RTVSPropertyOp25
 70
     1
102
RTVSPropertyOp26
 70
     1
102
RTVSPropertyOp27
 70
     1
102
RTVSPropertyOp28
 70
     1
102
RTVSPropertyOp29
 70
     1
102
RTVSPropertyOp30
 70
     1
102
RTVSPropertyOp31
 70
     1
102
RTVSPropertyOp32
 70
     1
102
RTVSPropertyOp33
 70
     1
102
RTVSPropertyOp34
 70
     1
102
RTVSPropertyOp35
 70
     1
102
RTVSPropertyOp36
 70
     1
102
RTVSPropertyOp37
 70
     1
102
RTVSPropertyOp38
 70
     1
102
RTVSPropertyOp39
 70
     1
102
RTVSPropertyOp40
 70
     1
102
RTVSPropertyOp41
 70
     1
102
RTVSPropertyOp42
 70
     1
102
RTVSPropertyOp43
 70
     1
102
RTVSPropertyOp44
 70
     1
102
RTVSPropertyOp45
 70
     1
102
RTVSPropertyOp46
 70
     1
102
RTVSPropertyOp47
 70
     1
102
RTVSPropertyOp48
 70
     1
102
RTVSPropertyOp49
 70
     1
102
RTVSPropertyOp50
 70
     1
102
RTVSPropertyOp51
 70
     0
102
RTVSPropertyOp52
 70
     0
102
RTVSPropertyOp53
 70
     1
102
RTVSPropertyOp54
 70
     1
102
RTVSPropertyOp55
 70
     1
102
RTVSPropertyOp56
 70
     1
102
RTVSPropertyOp57
 70
     1
102
RTVSPropertyOp58
 70
     1
102
RTVSPropertyOp59
 70
     1
102
RTVSPropertyOp60
 70
     1
102
RTVSPropertyOp61
 70
     1
102
RTVSPropertyOp62
 70
     1
  0
XRECORD
  5
A21
102
{ACAD_REACTORS
330
A20
102
}
330
A20
100
AcDbXrecord
280
     1
102
RTVSPost2010Prop28
280
     0
102
RTVSPost2010PropOp28
 70
     1
102
RTVSPost2010Prop29
280
     1
102
RTVSPost2010PropOp29
 70
     1
102
RTVSPost2010Prop30
280
     1
102
RTVSPost2010PropOp30
 70
     1
102
RTVSPost2010Prop31
280
     0
102
RTVSPost2010PropOp31
 70
     1
102
RTVSPost2010Prop32
280
     0
102
RTVSPost2010PropOp32
 70
     1
102
RTVSPost2010Prop33
280
     0
102
RTVSPost2010PropOp33
 70
     1
102
RTVSPost2010Prop34
280
     0
102
RTVSPost2010PropOp34
 70
     1
102
RTVSPost2010Prop35
280
     0
102
RTVSPost2010PropOp35
 70
     1
102
RTVSPost2010Prop36
280
     0
102
RTVSPost2010PropOp36
 70
     1
102
RTVSPost2010Prop37
 90
       50
102
RTVSPost2010PropOp37
 70
     1
102
RTVSPost2010Prop38
140
0.0
102
RTVSPost2010PropOp38
 70
     1
102
RTVSPost2010Prop39
140
1.0
102
RTVSPost2010PropOp39
 70
     1
102
RTVSPost2010Prop40
 90
        0
102
RTVSPost2010PropOp40
 70
     1
102
RTVSPost2010Prop41ColorIndex
 90
       18
102
RTVSPost2010Prop41ColorRGB
 90
        0
102
RTVSPost2010PropOp41
 70
     1
102
RTVSPost2010Prop42
 90
       50
102
RTVSPost2010PropOp42
 70
     1
102
RTVSPost2010Prop43
 90
        3
102
RTVSPost2010PropOp43
 70
     1
102
RTVSPost2010Prop44ColorIndex
 90
        5
102
RTVSPost2010Prop44ColorRGB
 90
      255
102
RTVSPost2010PropOp44
 70
     1
102
RTVSPost2010Prop45
280
     0
102
RTVSPost2010PropOp45
 70
     1
102
RTVSPost2010Prop46
 90
       50
102
RTVSPost2010PropOp46
 70
     1
102
RTVSPost2010Prop47
 90
       50
102
RTVSPost2010PropOp47
 70
     1
102
RTVSPost2010Prop48
 90
       50
102
RTVSPost2010PropOp48
 70
     1
102
RTVSPost2010Prop49
280
     0
102
RTVSPost2010PropOp49
 70
     1
102
RTVSPost2010Prop50
 90
       50
102
RTVSPost2010PropOp50
 70
     1
102
RTVSPost2010Prop51ColorIndex
 90
      256
102
RTVSPost2010Prop51ColorRGB
 90
-16777216
102
RTVSPost2010PropOp51
 70
     0
102
RTVSPost2010Prop52
140
1.0
102
RTVSPost2010PropOp52
 70
     0
102
RTVSPost2010Prop53
 90
        2
102
RTVSPost2010PropOp53
 70
     1
102
RTVSPost2010Prop54
  1
strokes_ogs.tif
102
RTVSPost2010PropOp54
 70
     1
102
RTVSPost2010Prop55
280
     0
102
RTVSPost2010PropOp55
 70
     1
102
RTVSPost2010Prop56
140
1.0
102
RTVSPost2010PropOp56
 70
     1
102
RTVSPost2010Prop57
140
1.0
102
RTVSPost2010PropOp57
 70
     1
102
RTVSPropertyOp0
 70
     1
102
RTVSPropertyOp1
 70
     1
102
RTVSPropertyOp2
 70
     1
102
RTVSPropertyOp3
 70
     1
102
RTVSPropertyOp4
 70
     1
102
RTVSPropertyOp5
 70
     1
102
RTVSPropertyOp6
 70
     1
102
RTVSPropertyOp7
 70
     1
102
RTVSPropertyOp8
 70
     1
102
RTVSPropertyOp9
 70
     1
102
RTVSPropertyOp10
 70
     1
102
RTVSPropertyOp11
 70
     1
102
RTVSPropertyOp12
 70
     1
102
RTVSPropertyOp13
 70
     1
102
RTVSPropertyOp14
 70
     1
102
RTVSPropertyOp15
 70
     1
102
RTVSPropertyOp16
 70
     1
102
RTVSPropertyOp17
 70
     1
102
RTVSPropertyOp18
 70
     1
102
RTVSPropertyOp19
 70
     1
102
RTVSPropertyOp20
 70
     1
102
RTVSPropertyOp21
 70
     1
102
RTVSPropertyOp22
 70
     1
102
RTVSPropertyOp23
 70
     1
102
RTVSPropertyOp24
 70
     1
102
RTVSPropertyOp25
 70
     1
102
RTVSPropertyOp26
 70
     1
102
RTVSPropertyOp27
 70
     1
102
RTVSPropertyOp28
 70
     1
102
RTVSPropertyOp29
 70
     1
102
RTVSPropertyOp30
 70
     1
102
RTVSPropertyOp31
 70
     1
102
RTVSPropertyOp32
 70
     1
102
RTVSPropertyOp33
 70
     1
102
RTVSPropertyOp34
 70
     1
102
RTVSPropertyOp35
 70
     1
102
RTVSPropertyOp36
 70
     1
102
RTVSPropertyOp37
 70
     1
102
RTVSPropertyOp38
 70
     1
102
RTVSPropertyOp39
 70
     1
102
RTVSPropertyOp40
 70
     1
102
RTVSPropertyOp41
 70
     1
102
RTVSPropertyOp42
 70
     1
102
RTVSPropertyOp43
 70
     1
102
RTVSPropertyOp44
 70
     1
102
RTVSPropertyOp45
 70
     1
102
RTVSPropertyOp46
 70
     1
102
RTVSPropertyOp47
 70
     1
102
RTVSPropertyOp48
 70
     1
102
RTVSPropertyOp49
 70
     1
102
RTVSPropertyOp50
 70
     1
102
RTVSPropertyOp51
 70
     0
102
RTVSPropertyOp52
 70
     0
102
RTVSPropertyOp53
 70
     1
102
RTVSPropertyOp54
 70
     1
102
RTVSPropertyOp55
 70
     1
102
RTVSPropertyOp56
 70
     1
102
RTVSPropertyOp57
 70
     1
102
RTVSPropertyOp58
 70
     1
102
RTVSPropertyOp59
 70
     1
102
RTVSPropertyOp60
 70
     1
102
RTVSPropertyOp61
 70
     1
102
RTVSPropertyOp62
 70
     1
  0
XRECORD
  5
A2F
102
{ACAD_REACTORS
330
A2E
102
}
330
A2E
100
AcDbXrecord
280
     1
102
RTVSPost2010Prop28
280
     0
102
RTVSPost2010PropOp28
 70
     1
102
RTVSPost2010Prop29
280
     1
102
RTVSPost2010PropOp29
 70
     1
102
RTVSPost2010Prop30
280
     1
102
RTVSPost2010PropOp30
 70
     1
102
RTVSPost2010Prop31
280
     0
102
RTVSPost2010PropOp31
 70
     1
102
RTVSPost2010Prop32
280
     0
102
RTVSPost2010PropOp32
 70
     1
102
RTVSPost2010Prop33
280
     0
102
RTVSPost2010PropOp33
 70
     1
102
RTVSPost2010Prop34
280
     0
102
RTVSPost2010PropOp34
 70
     1
102
RTVSPost2010Prop35
280
     0
102
RTVSPost2010PropOp35
 70
     1
102
RTVSPost2010Prop36
280
     0
102
RTVSPost2010PropOp36
 70
     1
102
RTVSPost2010Prop37
 90
       50
102
RTVSPost2010PropOp37
 70
     1
102
RTVSPost2010Prop38
140
0.0
102
RTVSPost2010PropOp38
 70
     1
102
RTVSPost2010Prop39
140
1.0
102
RTVSPost2010PropOp39
 70
     1
102
RTVSPost2010Prop40
 90
        0
102
RTVSPost2010PropOp40
 70
     1
102
RTVSPost2010Prop41ColorIndex
 90
       18
102
RTVSPost2010Prop41ColorRGB
 90
        0
102
RTVSPost2010PropOp41
 70
     1
102
RTVSPost2010Prop42
 90
       50
102
RTVSPost2010PropOp42
 70
     1
102
RTVSPost2010Prop43
 90
        3
102
RTVSPost2010PropOp43
 70
     1
102
RTVSPost2010Prop44ColorIndex
 90
        5
102
RTVSPost2010Prop44ColorRGB
 90
      255
102
RTVSPost2010PropOp44
 70
     1
102
RTVSPost2010Prop45
280
     0
102
RTVSPost2010PropOp45
 70
     1
102
RTVSPost2010Prop46
 90
       50
102
RTVSPost2010PropOp46
 70
     1
102
RTVSPost2010Prop47
 90
       50
102
RTVSPost2010PropOp47
 70
     1
102
RTVSPost2010Prop48
 90
       50
102
RTVSPost2010PropOp48
 70
     1
102
RTVSPost2010Prop49
280
     0
102
RTVSPost2010PropOp49
 70
     1
102
RTVSPost2010Prop50
 90
       50
102
RTVSPost2010PropOp50
 70
     1
102
RTVSPost2010Prop51ColorIndex
 90
      256
102
RTVSPost2010Prop51ColorRGB
 90
-16777216
102
RTVSPost2010PropOp51
 70
     0
102
RTVSPost2010Prop52
140
1.0
102
RTVSPost2010PropOp52
 70
     0
102
RTVSPost2010Prop53
 90
        2
102
RTVSPost2010PropOp53
 70
     1
102
RTVSPost2010Prop54
  1
strokes_ogs.tif
102
RTVSPost2010PropOp54
 70
     1
102
RTVSPost2010Prop55
280
     0
102
RTVSPost2010PropOp55
 70
     1
102
RTVSPost2010Prop56
140
1.0
102
RTVSPost2010PropOp56
 70
     1
102
RTVSPost2010Prop57
140
1.0
102
RTVSPost2010PropOp57
 70
     1
102
RTVSPropertyOp0
 70
     1
102
RTVSPropertyOp1
 70
     1
102
RTVSPropertyOp2
 70
     1
102
RTVSPropertyOp3
 70
     1
102
RTVSPropertyOp4
 70
     1
102
RTVSPropertyOp5
 70
     1
102
RTVSPropertyOp6
 70
     1
102
RTVSPropertyOp7
 70
     1
102
RTVSPropertyOp8
 70
     1
102
RTVSPropertyOp9
 70
     1
102
RTVSPropertyOp10
 70
     1
102
RTVSPropertyOp11
 70
     1
102
RTVSPropertyOp12
 70
     1
102
RTVSPropertyOp13
 70
     1
102
RTVSPropertyOp14
 70
     1
102
RTVSPropertyOp15
 70
     1
102
RTVSPropertyOp16
 70
     1
102
RTVSPropertyOp17
 70
     1
102
RTVSPropertyOp18
 70
     1
102
RTVSPropertyOp19
 70
     1
102
RTVSPropertyOp20
 70
     1
102
RTVSPropertyOp21
 70
     1
102
RTVSPropertyOp22
 70
     1
102
RTVSPropertyOp23
 70
     1
102
RTVSPropertyOp24
 70
     1
102
RTVSPropertyOp25
 70
     1
102
RTVSPropertyOp26
 70
     1
102
RTVSPropertyOp27
 70
     1
102
RTVSPropertyOp28
 70
     1
102
RTVSPropertyOp29
 70
     1
102
RTVSPropertyOp30
 70
     1
102
RTVSPropertyOp31
 70
     1
102
RTVSPropertyOp32
 70
     1
102
RTVSPropertyOp33
 70
     1
102
RTVSPropertyOp34
 70
     1
102
RTVSPropertyOp35
 70
     1
102
RTVSPropertyOp36
 70
     1
102
RTVSPropertyOp37
 70
     1
102
RTVSPropertyOp38
 70
     1
102
RTVSPropertyOp39
 70
     1
102
RTVSPropertyOp40
 70
     1
102
RTVSPropertyOp41
 70
     1
102
RTVSPropertyOp42
 70
     1
102
RTVSPropertyOp43
 70
     1
102
RTVSPropertyOp44
 70
     1
102
RTVSPropertyOp45
 70
     1
102
RTVSPropertyOp46
 70
     1
102
RTVSPropertyOp47
 70
     1
102
RTVSPropertyOp48
 70
     1
102
RTVSPropertyOp49
 70
     1
102
RTVSPropertyOp50
 70
     1
102
RTVSPropertyOp51
 70
     0
102
RTVSPropertyOp52
 70
     0
102
RTVSPropertyOp53
 70
     1
102
RTVSPropertyOp54
 70
     1
102
RTVSPropertyOp55
 70
     1
102
RTVSPropertyOp56
 70
     1
102
RTVSPropertyOp57
 70
     1
102
RTVSPropertyOp58
 70
     1
102
RTVSPropertyOp59
 70
     1
102
RTVSPropertyOp60
 70
     1
102
RTVSPropertyOp61
 70
     1
102
RTVSPropertyOp62
 70
     1
  0
XRECORD
  5
A37
102
{ACAD_REACTORS
330
A36
102
}
330
A36
100
AcDbXrecord
280
     1
102
RTVSPost2010Prop28
280
     0
102
RTVSPost2010PropOp28
 70
     1
102
RTVSPost2010Prop29
280
     1
102
RTVSPost2010PropOp29
 70
     1
102
RTVSPost2010Prop30
280
     1
102
RTVSPost2010PropOp30
 70
     1
102
RTVSPost2010Prop31
280
     0
102
RTVSPost2010PropOp31
 70
     1
102
RTVSPost2010Prop32
280
     0
102
RTVSPost2010PropOp32
 70
     1
102
RTVSPost2010Prop33
280
     0
102
RTVSPost2010PropOp33
 70
     1
102
RTVSPost2010Prop34
280
     0
102
RTVSPost2010PropOp34
 70
     1
102
RTVSPost2010Prop35
280
     0
102
RTVSPost2010PropOp35
 70
     1
102
RTVSPost2010Prop36
280
     0
102
RTVSPost2010PropOp36
 70
     1
102
RTVSPost2010Prop37
 90
       50
102
RTVSPost2010PropOp37
 70
     1
102
RTVSPost2010Prop38
140
0.0
102
RTVSPost2010PropOp38
 70
     1
102
RTVSPost2010Prop39
140
1.0
102
RTVSPost2010PropOp39
 70
     1
102
RTVSPost2010Prop40
 90
        0
102
RTVSPost2010PropOp40
 70
     1
102
RTVSPost2010Prop41ColorIndex
 90
       18
102
RTVSPost2010Prop41ColorRGB
 90
        0
102
RTVSPost2010PropOp41
 70
     1
102
RTVSPost2010Prop42
 90
       50
102
RTVSPost2010PropOp42
 70
     1
102
RTVSPost2010Prop43
 90
        3
102
RTVSPost2010PropOp43
 70
     1
102
RTVSPost2010Prop44ColorIndex
 90
        5
102
RTVSPost2010Prop44ColorRGB
 90
      255
102
RTVSPost2010PropOp44
 70
     1
102
RTVSPost2010Prop45
280
     0
102
RTVSPost2010PropOp45
 70
     1
102
RTVSPost2010Prop46
 90
       50
102
RTVSPost2010PropOp46
 70
     1
102
RTVSPost2010Prop47
 90
       50
102
RTVSPost2010PropOp47
 70
     1
102
RTVSPost2010Prop48
 90
       50
102
RTVSPost2010PropOp48
 70
     1
102
RTVSPost2010Prop49
280
     0
102
RTVSPost2010PropOp49
 70
     1
102
RTVSPost2010Prop50
 90
       50
102
RTVSPost2010PropOp50
 70
     1
102
RTVSPost2010Prop51ColorIndex
 90
      256
102
RTVSPost2010Prop51ColorRGB
 90
-16777216
102
RTVSPost2010PropOp51
 70
     0
102
RTVSPost2010Prop52
140
1.0
102
RTVSPost2010PropOp52
 70
     0
102
RTVSPost2010Prop53
 90
        2
102
RTVSPost2010PropOp53
 70
     1
102
RTVSPost2010Prop54
  1
strokes_ogs.tif
102
RTVSPost2010PropOp54
 70
     1
102
RTVSPost2010Prop55
280
     0
102
RTVSPost2010PropOp55
 70
     1
102
RTVSPost2010Prop56
140
1.0
102
RTVSPost2010PropOp56
 70
     1
102
RTVSPost2010Prop57
140
1.0
102
RTVSPost2010PropOp57
 70
     1
102
RTVSPropertyOp0
 70
     1
102
RTVSPropertyOp1
 70
     1
102
RTVSPropertyOp2
 70
     1
102
RTVSPropertyOp3
 70
     1
102
RTVSPropertyOp4
 70
     1
102
RTVSPropertyOp5
 70
     1
102
RTVSPropertyOp6
 70
     1
102
RTVSPropertyOp7
 70
     1
102
RTVSPropertyOp8
 70
     1
102
RTVSPropertyOp9
 70
     1
102
RTVSPropertyOp10
 70
     1
102
RTVSPropertyOp11
 70
     1
102
RTVSPropertyOp12
 70
     1
102
RTVSPropertyOp13
 70
     1
102
RTVSPropertyOp14
 70
     1
102
RTVSPropertyOp15
 70
     1
102
RTVSPropertyOp16
 70
     1
102
RTVSPropertyOp17
 70
     1
102
RTVSPropertyOp18
 70
     1
102
RTVSPropertyOp19
 70
     1
102
RTVSPropertyOp20
 70
     1
102
RTVSPropertyOp21
 70
     1
102
RTVSPropertyOp22
 70
     1
102
RTVSPropertyOp23
 70
     1
102
RTVSPropertyOp24
 70
     1
102
RTVSPropertyOp25
 70
     1
102
RTVSPropertyOp26
 70
     1
102
RTVSPropertyOp27
 70
     1
102
RTVSPropertyOp28
 70
     1
102
RTVSPropertyOp29
 70
     1
102
RTVSPropertyOp30
 70
     1
102
RTVSPropertyOp31
 70
     1
102
RTVSPropertyOp32
 70
     1
102
RTVSPropertyOp33
 70
     1
102
RTVSPropertyOp34
 70
     1
102
RTVSPropertyOp35
 70
     1
102
RTVSPropertyOp36
 70
     1
102
RTVSPropertyOp37
 70
     1
102
RTVSPropertyOp38
 70
     1
102
RTVSPropertyOp39
 70
     1
102
RTVSPropertyOp40
 70
     1
102
RTVSPropertyOp41
 70
     1
102
RTVSPropertyOp42
 70
     1
102
RTVSPropertyOp43
 70
     1
102
RTVSPropertyOp44
 70
     1
102
RTVSPropertyOp45
 70
     1
102
RTVSPropertyOp46
 70
     1
102
RTVSPropertyOp47
 70
     1
102
RTVSPropertyOp48
 70
     1
102
RTVSPropertyOp49
 70
     1
102
RTVSPropertyOp50
 70
     1
102
RTVSPropertyOp51
 70
     0
102
RTVSPropertyOp52
 70
     0
102
RTVSPropertyOp53
 70
     1
102
RTVSPropertyOp54
 70
     1
102
RTVSPropertyOp55
 70
     1
102
RTVSPropertyOp56
 70
     1
102
RTVSPropertyOp57
 70
     1
102
RTVSPropertyOp58
 70
     1
102
RTVSPropertyOp59
 70
     1
102
RTVSPropertyOp60
 70
     1
102
RTVSPropertyOp61
 70
     1
102
RTVSPropertyOp62
 70
     1
  0
XRECORD
  5
A29
102
{ACAD_REACTORS
330
A28
102
}
330
A28
100
AcDbXrecord
280
     1
102
RTVSPost2010Prop28
280
     0
102
RTVSPost2010PropOp28
 70
     1
102
RTVSPost2010Prop29
280
     1
102
RTVSPost2010PropOp29
 70
     1
102
RTVSPost2010Prop30
280
     1
102
RTVSPost2010PropOp30
 70
     1
102
RTVSPost2010Prop31
280
     0
102
RTVSPost2010PropOp31
 70
     1
102
RTVSPost2010Prop32
280
     0
102
RTVSPost2010PropOp32
 70
     1
102
RTVSPost2010Prop33
280
     0
102
RTVSPost2010PropOp33
 70
     1
102
RTVSPost2010Prop34
280
     0
102
RTVSPost2010PropOp34
 70
     1
102
RTVSPost2010Prop35
280
     0
102
RTVSPost2010PropOp35
 70
     1
102
RTVSPost2010Prop36
280
     0
102
RTVSPost2010PropOp36
 70
     1
102
RTVSPost2010Prop37
 90
       50
102
RTVSPost2010PropOp37
 70
     1
102
RTVSPost2010Prop38
140
0.0
102
RTVSPost2010PropOp38
 70
     1
102
RTVSPost2010Prop39
140
1.0
102
RTVSPost2010PropOp39
 70
     1
102
RTVSPost2010Prop40
 90
        0
102
RTVSPost2010PropOp40
 70
     1
102
RTVSPost2010Prop41ColorIndex
 90
       18
102
RTVSPost2010Prop41ColorRGB
 90
        0
102
RTVSPost2010PropOp41
 70
     1
102
RTVSPost2010Prop42
 90
       50
102
RTVSPost2010PropOp42
 70
     1
102
RTVSPost2010Prop43
 90
        3
102
RTVSPost2010PropOp43
 70
     1
102
RTVSPost2010Prop44ColorIndex
 90
        5
102
RTVSPost2010Prop44ColorRGB
 90
      255
102
RTVSPost2010PropOp44
 70
     1
102
RTVSPost2010Prop45
280
     0
102
RTVSPost2010PropOp45
 70
     1
102
RTVSPost2010Prop46
 90
       50
102
RTVSPost2010PropOp46
 70
     1
102
RTVSPost2010Prop47
 90
       50
102
RTVSPost2010PropOp47
 70
     1
102
RTVSPost2010Prop48
 90
       50
102
RTVSPost2010PropOp48
 70
     1
102
RTVSPost2010Prop49
280
     0
102
RTVSPost2010PropOp49
 70
     1
102
RTVSPost2010Prop50
 90
       50
102
RTVSPost2010PropOp50
 70
     1
102
RTVSPost2010Prop51ColorIndex
 90
      256
102
RTVSPost2010Prop51ColorRGB
 90
-16777216
102
RTVSPost2010PropOp51
 70
     0
102
RTVSPost2010Prop52
140
1.0
102
RTVSPost2010PropOp52
 70
     0
102
RTVSPost2010Prop53
 90
        2
102
RTVSPost2010PropOp53
 70
     1
102
RTVSPost2010Prop54
  1
strokes_ogs.tif
102
RTVSPost2010PropOp54
 70
     1
102
RTVSPost2010Prop55
280
     0
102
RTVSPost2010PropOp55
 70
     1
102
RTVSPost2010Prop56
140
1.0
102
RTVSPost2010PropOp56
 70
     1
102
RTVSPost2010Prop57
140
1.0
102
RTVSPost2010PropOp57
 70
     1
102
RTVSPropertyOp0
 70
     1
102
RTVSPropertyOp1
 70
     1
102
RTVSPropertyOp2
 70
     1
102
RTVSPropertyOp3
 70
     1
102
RTVSPropertyOp4
 70
     1
102
RTVSPropertyOp5
 70
     1
102
RTVSPropertyOp6
 70
     1
102
RTVSPropertyOp7
 70
     1
102
RTVSPropertyOp8
 70
     1
102
RTVSPropertyOp9
 70
     1
102
RTVSPropertyOp10
 70
     1
102
RTVSPropertyOp11
 70
     1
102
RTVSPropertyOp12
 70
     1
102
RTVSPropertyOp13
 70
     1
102
RTVSPropertyOp14
 70
     1
102
RTVSPropertyOp15
 70
     1
102
RTVSPropertyOp16
 70
     1
102
RTVSPropertyOp17
 70
     1
102
RTVSPropertyOp18
 70
     1
102
RTVSPropertyOp19
 70
     1
102
RTVSPropertyOp20
 70
     1
102
RTVSPropertyOp21
 70
     1
102
RTVSPropertyOp22
 70
     1
102
RTVSPropertyOp23
 70
     1
102
RTVSPropertyOp24
 70
     1
102
RTVSPropertyOp25
 70
     1
102
RTVSPropertyOp26
 70
     1
102
RTVSPropertyOp27
 70
     1
102
RTVSPropertyOp28
 70
     1
102
RTVSPropertyOp29
 70
     1
102
RTVSPropertyOp30
 70
     1
102
RTVSPropertyOp31
 70
     1
102
RTVSPropertyOp32
 70
     1
102
RTVSPropertyOp33
 70
     1
102
RTVSPropertyOp34
 70
     1
102
RTVSPropertyOp35
 70
     1
102
RTVSPropertyOp36
 70
     1
102
RTVSPropertyOp37
 70
     1
102
RTVSPropertyOp38
 70
     1
102
RTVSPropertyOp39
 70
     1
102
RTVSPropertyOp40
 70
     1
102
RTVSPropertyOp41
 70
     1
102
RTVSPropertyOp42
 70
     1
102
RTVSPropertyOp43
 70
     1
102
RTVSPropertyOp44
 70
     1
102
RTVSPropertyOp45
 70
     1
102
RTVSPropertyOp46
 70
     1
102
RTVSPropertyOp47
 70
     1
102
RTVSPropertyOp48
 70
     1
102
RTVSPropertyOp49
 70
     1
102
RTVSPropertyOp50
 70
     1
102
RTVSPropertyOp51
 70
     0
102
RTVSPropertyOp52
 70
     0
102
RTVSPropertyOp53
 70
     1
102
RTVSPropertyOp54
 70
     1
102
RTVSPropertyOp55
 70
     1
102
RTVSPropertyOp56
 70
     1
102
RTVSPropertyOp57
 70
     1
102
RTVSPropertyOp58
 70
     1
102
RTVSPropertyOp59
 70
     1
102
RTVSPropertyOp60
 70
     1
102
RTVSPropertyOp61
 70
     1
102
RTVSPropertyOp62
 70
     1
  0
XRECORD
  5
A2D
102
{ACAD_REACTORS
330
A2C
102
}
330
A2C
100
AcDbXrecord
280
     1
102
RTVSPost2010Prop28
280
     0
102
RTVSPost2010PropOp28
 70
     1
102
RTVSPost2010Prop29
280
     1
102
RTVSPost2010PropOp29
 70
     1
102
RTVSPost2010Prop30
280
     1
102
RTVSPost2010PropOp30
 70
     1
102
RTVSPost2010Prop31
280
     0
102
RTVSPost2010PropOp31
 70
     1
102
RTVSPost2010Prop32
280
     0
102
RTVSPost2010PropOp32
 70
     1
102
RTVSPost2010Prop33
280
     0
102
RTVSPost2010PropOp33
 70
     1
102
RTVSPost2010Prop34
280
     0
102
RTVSPost2010PropOp34
 70
     1
102
RTVSPost2010Prop35
280
     0
102
RTVSPost2010PropOp35
 70
     1
102
RTVSPost2010Prop36
280
     0
102
RTVSPost2010PropOp36
 70
     1
102
RTVSPost2010Prop37
 90
       50
102
RTVSPost2010PropOp37
 70
     1
102
RTVSPost2010Prop38
140
0.0
102
RTVSPost2010PropOp38
 70
     1
102
RTVSPost2010Prop39
140
1.0
102
RTVSPost2010PropOp39
 70
     1
102
RTVSPost2010Prop40
 90
        0
102
RTVSPost2010PropOp40
 70
     1
102
RTVSPost2010Prop41ColorIndex
 90
       18
102
RTVSPost2010Prop41ColorRGB
 90
        0
102
RTVSPost2010PropOp41
 70
     1
102
RTVSPost2010Prop42
 90
       50
102
RTVSPost2010PropOp42
 70
     1
102
RTVSPost2010Prop43
 90
        3
102
RTVSPost2010PropOp43
 70
     1
102
RTVSPost2010Prop44ColorIndex
 90
        5
102
RTVSPost2010Prop44ColorRGB
 90
      255
102
RTVSPost2010PropOp44
 70
     1
102
RTVSPost2010Prop45
280
     0
102
RTVSPost2010PropOp45
 70
     1
102
RTVSPost2010Prop46
 90
       50
102
RTVSPost2010PropOp46
 70
     1
102
RTVSPost2010Prop47
 90
       50
102
RTVSPost2010PropOp47
 70
     1
102
RTVSPost2010Prop48
 90
       50
102
RTVSPost2010PropOp48
 70
     1
102
RTVSPost2010Prop49
280
     0
102
RTVSPost2010PropOp49
 70
     1
102
RTVSPost2010Prop50
 90
       50
102
RTVSPost2010PropOp50
 70
     1
102
RTVSPost2010Prop51ColorIndex
 90
      256
102
RTVSPost2010Prop51ColorRGB
 90
-16777216
102
RTVSPost2010PropOp51
 70
     0
102
RTVSPost2010Prop52
140
1.0
102
RTVSPost2010PropOp52
 70
     0
102
RTVSPost2010Prop53
 90
        2
102
RTVSPost2010PropOp53
 70
     1
102
RTVSPost2010Prop54
  1
strokes_ogs.tif
102
RTVSPost2010PropOp54
 70
     1
102
RTVSPost2010Prop55
280
     0
102
RTVSPost2010PropOp55
 70
     1
102
RTVSPost2010Prop56
140
1.0
102
RTVSPost2010PropOp56
 70
     1
102
RTVSPost2010Prop57
140
1.0
102
RTVSPost2010PropOp57
 70
     1
102
RTVSPropertyOp0
 70
     1
102
RTVSPropertyOp1
 70
     1
102
RTVSPropertyOp2
 70
     1
102
RTVSPropertyOp3
 70
     1
102
RTVSPropertyOp4
 70
     1
102
RTVSPropertyOp5
 70
     1
102
RTVSPropertyOp6
 70
     1
102
RTVSPropertyOp7
 70
     1
102
RTVSPropertyOp8
 70
     1
102
RTVSPropertyOp9
 70
     1
102
RTVSPropertyOp10
 70
     1
102
RTVSPropertyOp11
 70
     1
102
RTVSPropertyOp12
 70
     1
102
RTVSPropertyOp13
 70
     1
102
RTVSPropertyOp14
 70
     1
102
RTVSPropertyOp15
 70
     1
102
RTVSPropertyOp16
 70
     1
102
RTVSPropertyOp17
 70
     1
102
RTVSPropertyOp18
 70
     1
102
RTVSPropertyOp19
 70
     1
102
RTVSPropertyOp20
 70
     1
102
RTVSPropertyOp21
 70
     1
102
RTVSPropertyOp22
 70
     1
102
RTVSPropertyOp23
 70
     1
102
RTVSPropertyOp24
 70
     1
102
RTVSPropertyOp25
 70
     1
102
RTVSPropertyOp26
 70
     1
102
RTVSPropertyOp27
 70
     1
102
RTVSPropertyOp28
 70
     1
102
RTVSPropertyOp29
 70
     1
102
RTVSPropertyOp30
 70
     1
102
RTVSPropertyOp31
 70
     1
102
RTVSPropertyOp32
 70
     1
102
RTVSPropertyOp33
 70
     1
102
RTVSPropertyOp34
 70
     1
102
RTVSPropertyOp35
 70
     1
102
RTVSPropertyOp36
 70
     1
102
RTVSPropertyOp37
 70
     1
102
RTVSPropertyOp38
 70
     1
102
RTVSPropertyOp39
 70
     1
102
RTVSPropertyOp40
 70
     1
102
RTVSPropertyOp41
 70
     1
102
RTVSPropertyOp42
 70
     1
102
RTVSPropertyOp43
 70
     1
102
RTVSPropertyOp44
 70
     1
102
RTVSPropertyOp45
 70
     1
102
RTVSPropertyOp46
 70
     1
102
RTVSPropertyOp47
 70
     1
102
RTVSPropertyOp48
 70
     1
102
RTVSPropertyOp49
 70
     1
102
RTVSPropertyOp50
 70
     1
102
RTVSPropertyOp51
 70
     0
102
RTVSPropertyOp52
 70
     0
102
RTVSPropertyOp53
 70
     1
102
RTVSPropertyOp54
 70
     1
102
RTVSPropertyOp55
 70
     1
102
RTVSPropertyOp56
 70
     1
102
RTVSPropertyOp57
 70
     1
102
RTVSPropertyOp58
 70
     1
102
RTVSPropertyOp59
 70
     1
102
RTVSPropertyOp60
 70
     1
102
RTVSPropertyOp61
 70
     1
102
RTVSPropertyOp62
 70
     1
  0
XRECORD
  5
A3D
102
{ACAD_REACTORS
330
A3C
102
}
330
A3C
100
AcDbXrecord
280
     1
102
RTVSPost2010Prop28
280
     0
102
RTVSPost2010PropOp28
 70
     1
102
RTVSPost2010Prop29
280
     1
102
RTVSPost2010PropOp29
 70
     1
102
RTVSPost2010Prop30
280
     1
102
RTVSPost2010PropOp30
 70
     1
102
RTVSPost2010Prop31
280
     0
102
RTVSPost2010PropOp31
 70
     1
102
RTVSPost2010Prop32
280
     0
102
RTVSPost2010PropOp32
 70
     1
102
RTVSPost2010Prop33
280
     0
102
RTVSPost2010PropOp33
 70
     1
102
RTVSPost2010Prop34
280
     0
102
RTVSPost2010PropOp34
 70
     1
102
RTVSPost2010Prop35
280
     0
102
RTVSPost2010PropOp35
 70
     1
102
RTVSPost2010Prop36
280
     0
102
RTVSPost2010PropOp36
 70
     1
102
RTVSPost2010Prop37
 90
       50
102
RTVSPost2010PropOp37
 70
     1
102
RTVSPost2010Prop38
140
0.0
102
RTVSPost2010PropOp38
 70
     1
102
RTVSPost2010Prop39
140
1.0
102
RTVSPost2010PropOp39
 70
     1
102
RTVSPost2010Prop40
 90
        0
102
RTVSPost2010PropOp40
 70
     1
102
RTVSPost2010Prop41ColorIndex
 90
       18
102
RTVSPost2010Prop41ColorRGB
 90
        0
102
RTVSPost2010PropOp41
 70
     1
102
RTVSPost2010Prop42
 90
       50
102
RTVSPost2010PropOp42
 70
     1
102
RTVSPost2010Prop43
 90
        3
102
RTVSPost2010PropOp43
 70
     1
102
RTVSPost2010Prop44ColorIndex
 90
        5
102
RTVSPost2010Prop44ColorRGB
 90
      255
102
RTVSPost2010PropOp44
 70
     1
102
RTVSPost2010Prop45
280
     0
102
RTVSPost2010PropOp45
 70
     1
102
RTVSPost2010Prop46
 90
       50
102
RTVSPost2010PropOp46
 70
     1
102
RTVSPost2010Prop47
 90
       50
102
RTVSPost2010PropOp47
 70
     1
102
RTVSPost2010Prop48
 90
       50
102
RTVSPost2010PropOp48
 70
     1
102
RTVSPost2010Prop49
280
     0
102
RTVSPost2010PropOp49
 70
     1
102
RTVSPost2010Prop50
 90
       50
102
RTVSPost2010PropOp50
 70
     1
102
RTVSPost2010Prop51ColorIndex
 90
      256
102
RTVSPost2010Prop51ColorRGB
 90
-16777216
102
RTVSPost2010PropOp51
 70
     0
102
RTVSPost2010Prop52
140
1.0
102
RTVSPost2010PropOp52
 70
     0
102
RTVSPost2010Prop53
 90
        2
102
RTVSPost2010PropOp53
 70
     1
102
RTVSPost2010Prop54
  1
strokes_ogs.tif
102
RTVSPost2010PropOp54
 70
     1
102
RTVSPost2010Prop55
280
     0
102
RTVSPost2010PropOp55
 70
     1
102
RTVSPost2010Prop56
140
1.0
102
RTVSPost2010PropOp56
 70
     1
102
RTVSPost2010Prop57
140
1.0
102
RTVSPost2010PropOp57
 70
     1
102
RTVSPropertyOp0
 70
     0
102
RTVSPropertyOp1
 70
     0
102
RTVSPropertyOp2
 70
     0
102
RTVSPropertyOp3
 70
     0
102
RTVSPropertyOp4
 70
     0
102
RTVSPropertyOp5
 70
     0
102
RTVSPropertyOp6
 70
     0
102
RTVSPropertyOp7
 70
     0
102
RTVSPropertyOp8
 70
     0
102
RTVSPropertyOp9
 70
     0
102
RTVSPropertyOp10
 70
     0
102
RTVSPropertyOp11
 70
     0
102
RTVSPropertyOp12
 70
     0
102
RTVSPropertyOp13
 70
     0
102
RTVSPropertyOp14
 70
     2
102
RTVSPropertyOp15
 70
     0
102
RTVSPropertyOp16
 70
     0
102
RTVSPropertyOp17
 70
     0
102
RTVSPropertyOp18
 70
     0
102
RTVSPropertyOp19
 70
     0
102
RTVSPropertyOp20
 70
     0
102
RTVSPropertyOp21
 70
     0
102
RTVSPropertyOp22
 70
     0
102
RTVSPropertyOp23
 70
     0
102
RTVSPropertyOp24
 70
     0
102
RTVSPropertyOp25
 70
     0
102
RTVSPropertyOp26
 70
     0
102
RTVSPropertyOp27
 70
     0
102
RTVSPropertyOp28
 70
     1
102
RTVSPropertyOp29
 70
     1
102
RTVSPropertyOp30
 70
     1
102
RTVSPropertyOp31
 70
     1
102
RTVSPropertyOp32
 70
     1
102
RTVSPropertyOp33
 70
     1
102
RTVSPropertyOp34
 70
     1
102
RTVSPropertyOp35
 70
     1
102
RTVSPropertyOp36
 70
     1
102
RTVSPropertyOp37
 70
     1
102
RTVSPropertyOp38
 70
     1
102
RTVSPropertyOp39
 70
     1
102
RTVSPropertyOp40
 70
     1
102
RTVSPropertyOp41
 70
     1
102
RTVSPropertyOp42
 70
     1
102
RTVSPropertyOp43
 70
     1
102
RTVSPropertyOp44
 70
     1
102
RTVSPropertyOp45
 70
     1
102
RTVSPropertyOp46
 70
     1
102
RTVSPropertyOp47
 70
     1
102
RTVSPropertyOp48
 70
     1
102
RTVSPropertyOp49
 70
     1
102
RTVSPropertyOp50
 70
     1
102
RTVSPropertyOp51
 70
     0
102
RTVSPropertyOp52
 70
     0
102
RTVSPropertyOp53
 70
     1
102
RTVSPropertyOp54
 70
     1
102
RTVSPropertyOp55
 70
     1
102
RTVSPropertyOp56
 70
     1
102
RTVSPropertyOp57
 70
     1
102
RTVSPropertyOp58
 70
     1
102
RTVSPropertyOp59
 70
     1
102
RTVSPropertyOp60
 70
     1
102
RTVSPropertyOp61
 70
     1
102
RTVSPropertyOp62
 70
     1
  0
XRECORD
  5
A35
102
{ACAD_REACTORS
330
A34
102
}
330
A34
100
AcDbXrecord
280
     1
102
RTVSPost2010Prop28
280
     0
102
RTVSPost2010PropOp28
 70
     1
102
RTVSPost2010Prop29
280
     1
102
RTVSPost2010PropOp29
 70
     1
102
RTVSPost2010Prop30
280
     1
102
RTVSPost2010PropOp30
 70
     1
102
RTVSPost2010Prop31
280
     0
102
RTVSPost2010PropOp31
 70
     1
102
RTVSPost2010Prop32
280
     0
102
RTVSPost2010PropOp32
 70
     1
102
RTVSPost2010Prop33
280
     0
102
RTVSPost2010PropOp33
 70
     1
102
RTVSPost2010Prop34
280
     0
102
RTVSPost2010PropOp34
 70
     1
102
RTVSPost2010Prop35
280
     0
102
RTVSPost2010PropOp35
 70
     1
102
RTVSPost2010Prop36
280
     0
102
RTVSPost2010PropOp36
 70
     1
102
RTVSPost2010Prop37
 90
       50
102
RTVSPost2010PropOp37
 70
     1
102
RTVSPost2010Prop38
140
0.0
102
RTVSPost2010PropOp38
 70
     1
102
RTVSPost2010Prop39
140
1.0
102
RTVSPost2010PropOp39
 70
     1
102
RTVSPost2010Prop40
 90
        0
102
RTVSPost2010PropOp40
 70
     1
102
RTVSPost2010Prop41ColorIndex
 90
       18
102
RTVSPost2010Prop41ColorRGB
 90
        0
102
RTVSPost2010PropOp41
 70
     1
102
RTVSPost2010Prop42
 90
       50
102
RTVSPost2010PropOp42
 70
     1
102
RTVSPost2010Prop43
 90
        3
102
RTVSPost2010PropOp43
 70
     1
102
RTVSPost2010Prop44ColorIndex
 90
        5
102
RTVSPost2010Prop44ColorRGB
 90
      255
102
RTVSPost2010PropOp44
 70
     1
102
RTVSPost2010Prop45
280
     0
102
RTVSPost2010PropOp45
 70
     1
102
RTVSPost2010Prop46
 90
       50
102
RTVSPost2010PropOp46
 70
     1
102
RTVSPost2010Prop47
 90
       50
102
RTVSPost2010PropOp47
 70
     1
102
RTVSPost2010Prop48
 90
       50
102
RTVSPost2010PropOp48
 70
     1
102
RTVSPost2010Prop49
280
     0
102
RTVSPost2010PropOp49
 70
     1
102
RTVSPost2010Prop50
 90
       50
102
RTVSPost2010PropOp50
 70
     1
102
RTVSPost2010Prop51ColorIndex
 90
      256
102
RTVSPost2010Prop51ColorRGB
 90
-16777216
102
RTVSPost2010PropOp51
 70
     0
102
RTVSPost2010Prop52
140
1.0
102
RTVSPost2010PropOp52
 70
     0
102
RTVSPost2010Prop53
 90
        2
102
RTVSPost2010PropOp53
 70
     1
102
RTVSPost2010Prop54
  1
strokes_ogs.tif
102
RTVSPost2010PropOp54
 70
     1
102
RTVSPost2010Prop55
280
     0
102
RTVSPost2010PropOp55
 70
     1
102
RTVSPost2010Prop56
140
1.0
102
RTVSPost2010PropOp56
 70
     1
102
RTVSPost2010Prop57
140
1.0
102
RTVSPost2010PropOp57
 70
     1
102
RTVSPropertyOp0
 70
     1
102
RTVSPropertyOp1
 70
     1
102
RTVSPropertyOp2
 70
     1
102
RTVSPropertyOp3
 70
     1
102
RTVSPropertyOp4
 70
     1
102
RTVSPropertyOp5
 70
     1
102
RTVSPropertyOp6
 70
     1
102
RTVSPropertyOp7
 70
     1
102
RTVSPropertyOp8
 70
     1
102
RTVSPropertyOp9
 70
     1
102
RTVSPropertyOp10
 70
     1
102
RTVSPropertyOp11
 70
     1
102
RTVSPropertyOp12
 70
     1
102
RTVSPropertyOp13
 70
     1
102
RTVSPropertyOp14
 70
     1
102
RTVSPropertyOp15
 70
     1
102
RTVSPropertyOp16
 70
     1
102
RTVSPropertyOp17
 70
     1
102
RTVSPropertyOp18
 70
     1
102
RTVSPropertyOp19
 70
     1
102
RTVSPropertyOp20
 70
     1
102
RTVSPropertyOp21
 70
     1
102
RTVSPropertyOp22
 70
     1
102
RTVSPropertyOp23
 70
     1
102
RTVSPropertyOp24
 70
     1
102
RTVSPropertyOp25
 70
     1
102
RTVSPropertyOp26
 70
     1
102
RTVSPropertyOp27
 70
     1
102
RTVSPropertyOp28
 70
     1
102
RTVSPropertyOp29
 70
     1
102
RTVSPropertyOp30
 70
     1
102
RTVSPropertyOp31
 70
     1
102
RTVSPropertyOp32
 70
     1
102
RTVSPropertyOp33
 70
     1
102
RTVSPropertyOp34
 70
     1
102
RTVSPropertyOp35
 70
     1
102
RTVSPropertyOp36
 70
     1
102
RTVSPropertyOp37
 70
     1
102
RTVSPropertyOp38
 70
     1
102
RTVSPropertyOp39
 70
     1
102
RTVSPropertyOp40
 70
     1
102
RTVSPropertyOp41
 70
     1
102
RTVSPropertyOp42
 70
     1
102
RTVSPropertyOp43
 70
     1
102
RTVSPropertyOp44
 70
     1
102
RTVSPropertyOp45
 70
     1
102
RTVSPropertyOp46
 70
     1
102
RTVSPropertyOp47
 70
     1
102
RTVSPropertyOp48
 70
     1
102
RTVSPropertyOp49
 70
     1
102
RTVSPropertyOp50
 70
     1
102
RTVSPropertyOp51
 70
     0
102
RTVSPropertyOp52
 70
     0
102
RTVSPropertyOp53
 70
     1
102
RTVSPropertyOp54
 70
     1
102
RTVSPropertyOp55
 70
     1
102
RTVSPropertyOp56
 70
     1
102
RTVSPropertyOp57
 70
     1
102
RTVSPropertyOp58
 70
     1
102
RTVSPropertyOp59
 70
     1
102
RTVSPropertyOp60
 70
     1
102
RTVSPropertyOp61
 70
     1
102
RTVSPropertyOp62
 70
     1
  0
XRECORD
  5
A19
102
{ACAD_REACTORS
330
A18
102
}
330
A18
100
AcDbXrecord
280
     1
102
RTVSPost2010Prop28
280
     0
102
RTVSPost2010PropOp28
 70
     1
102
RTVSPost2010Prop29
280
     1
102
RTVSPost2010PropOp29
 70
     1
102
RTVSPost2010Prop30
280
     1
102
RTVSPost2010PropOp30
 70
     1
102
RTVSPost2010Prop31
280
     0
102
RTVSPost2010PropOp31
 70
     1
102
RTVSPost2010Prop32
280
     0
102
RTVSPost2010PropOp32
 70
     1
102
RTVSPost2010Prop33
280
     0
102
RTVSPost2010PropOp33
 70
     1
102
RTVSPost2010Prop34
280
     0
102
RTVSPost2010PropOp34
 70
     1
102
RTVSPost2010Prop35
280
     0
102
RTVSPost2010PropOp35
 70
     1
102
RTVSPost2010Prop36
280
     0
102
RTVSPost2010PropOp36
 70
     1
102
RTVSPost2010Prop37
 90
       50
102
RTVSPost2010PropOp37
 70
     1
102
RTVSPost2010Prop38
140
0.0
102
RTVSPost2010PropOp38
 70
     1
102
RTVSPost2010Prop39
140
1.0
102
RTVSPost2010PropOp39
 70
     1
102
RTVSPost2010Prop40
 90
        0
102
RTVSPost2010PropOp40
 70
     1
102
RTVSPost2010Prop41ColorIndex
 90
       18
102
RTVSPost2010Prop41ColorRGB
 90
        0
102
RTVSPost2010PropOp41
 70
     1
102
RTVSPost2010Prop42
 90
       50
102
RTVSPost2010PropOp42
 70
     1
102
RTVSPost2010Prop43
 90
        3
102
RTVSPost2010PropOp43
 70
     1
102
RTVSPost2010Prop44ColorIndex
 90
        5
102
RTVSPost2010Prop44ColorRGB
 90
      255
102
RTVSPost2010PropOp44
 70
     1
102
RTVSPost2010Prop45
280
     0
102
RTVSPost2010PropOp45
 70
     1
102
RTVSPost2010Prop46
 90
       50
102
RTVSPost2010PropOp46
 70
     1
102
RTVSPost2010Prop47
 90
       50
102
RTVSPost2010PropOp47
 70
     1
102
RTVSPost2010Prop48
 90
       50
102
RTVSPost2010PropOp48
 70
     1
102
RTVSPost2010Prop49
280
     0
102
RTVSPost2010PropOp49
 70
     1
102
RTVSPost2010Prop50
 90
       50
102
RTVSPost2010PropOp50
 70
     1
102
RTVSPost2010Prop51ColorIndex
 90
      256
102
RTVSPost2010Prop51ColorRGB
 90
-16777216
102
RTVSPost2010PropOp51
 70
     0
102
RTVSPost2010Prop52
140
1.0
102
RTVSPost2010PropOp52
 70
     0
102
RTVSPost2010Prop53
 90
        2
102
RTVSPost2010PropOp53
 70
     1
102
RTVSPost2010Prop54
  1
strokes_ogs.tif
102
RTVSPost2010PropOp54
 70
     1
102
RTVSPost2010Prop55
280
     0
102
RTVSPost2010PropOp55
 70
     1
102
RTVSPost2010Prop56
140
1.0
102
RTVSPost2010PropOp56
 70
     1
102
RTVSPost2010Prop57
140
1.0
102
RTVSPost2010PropOp57
 70
     1
102
RTVSPropertyOp0
 70
     1
102
RTVSPropertyOp1
 70
     1
102
RTVSPropertyOp2
 70
     1
102
RTVSPropertyOp3
 70
     1
102
RTVSPropertyOp4
 70
     1
102
RTVSPropertyOp5
 70
     1
102
RTVSPropertyOp6
 70
     1
102
RTVSPropertyOp7
 70
     1
102
RTVSPropertyOp8
 70
     1
102
RTVSPropertyOp9
 70
     1
102
RTVSPropertyOp10
 70
     1
102
RTVSPropertyOp11
 70
     1
102
RTVSPropertyOp12
 70
     1
102
RTVSPropertyOp13
 70
     1
102
RTVSPropertyOp14
 70
     1
102
RTVSPropertyOp15
 70
     1
102
RTVSPropertyOp16
 70
     1
102
RTVSPropertyOp17
 70
     1
102
RTVSPropertyOp18
 70
     1
102
RTVSPropertyOp19
 70
     1
102
RTVSPropertyOp20
 70
     1
102
RTVSPropertyOp21
 70
     1
102
RTVSPropertyOp22
 70
     1
102
RTVSPropertyOp23
 70
     1
102
RTVSPropertyOp24
 70
     1
102
RTVSPropertyOp25
 70
     1
102
RTVSPropertyOp26
 70
     1
102
RTVSPropertyOp27
 70
     1
102
RTVSPropertyOp28
 70
     1
102
RTVSPropertyOp29
 70
     1
102
RTVSPropertyOp30
 70
     1
102
RTVSPropertyOp31
 70
     1
102
RTVSPropertyOp32
 70
     1
102
RTVSPropertyOp33
 70
     1
102
RTVSPropertyOp34
 70
     1
102
RTVSPropertyOp35
 70
     1
102
RTVSPropertyOp36
 70
     1
102
RTVSPropertyOp37
 70
     1
102
RTVSPropertyOp38
 70
     1
102
RTVSPropertyOp39
 70
     1
102
RTVSPropertyOp40
 70
     1
102
RTVSPropertyOp41
 70
     1
102
RTVSPropertyOp42
 70
     1
102
RTVSPropertyOp43
 70
     1
102
RTVSPropertyOp44
 70
     1
102
RTVSPropertyOp45
 70
     1
102
RTVSPropertyOp46
 70
     1
102
RTVSPropertyOp47
 70
     1
102
RTVSPropertyOp48
 70
     1
102
RTVSPropertyOp49
 70
     1
102
RTVSPropertyOp50
 70
     1
102
RTVSPropertyOp51
 70
     0
102
RTVSPropertyOp52
 70
     0
102
RTVSPropertyOp53
 70
     1
102
RTVSPropertyOp54
 70
     1
102
RTVSPropertyOp55
 70
     1
102
RTVSPropertyOp56
 70
     1
102
RTVSPropertyOp57
 70
     1
102
RTVSPropertyOp58
 70
     1
102
RTVSPropertyOp59
 70
     1
102
RTVSPropertyOp60
 70
     1
102
RTVSPropertyOp61
 70
     1
102
RTVSPropertyOp62
 70
     1
  0
XRECORD
  5
A1B
102
{ACAD_REACTORS
330
A1A
102
}
330
A1A
100
AcDbXrecord
280
     1
102
RTVSPost2010Prop28
280
     0
102
RTVSPost2010PropOp28
 70
     1
102
RTVSPost2010Prop29
280
     1
102
RTVSPost2010PropOp29
 70
     1
102
RTVSPost2010Prop30
280
     1
102
RTVSPost2010PropOp30
 70
     1
102
RTVSPost2010Prop31
280
     0
102
RTVSPost2010PropOp31
 70
     1
102
RTVSPost2010Prop32
280
     0
102
RTVSPost2010PropOp32
 70
     1
102
RTVSPost2010Prop33
280
     0
102
RTVSPost2010PropOp33
 70
     1
102
RTVSPost2010Prop34
280
     0
102
RTVSPost2010PropOp34
 70
     1
102
RTVSPost2010Prop35
280
     0
102
RTVSPost2010PropOp35
 70
     1
102
RTVSPost2010Prop36
280
     0
102
RTVSPost2010PropOp36
 70
     1
102
RTVSPost2010Prop37
 90
       50
102
RTVSPost2010PropOp37
 70
     1
102
RTVSPost2010Prop38
140
0.0
102
RTVSPost2010PropOp38
 70
     1
102
RTVSPost2010Prop39
140
1.0
102
RTVSPost2010PropOp39
 70
     1
102
RTVSPost2010Prop40
 90
        0
102
RTVSPost2010PropOp40
 70
     1
102
RTVSPost2010Prop41ColorIndex
 90
       18
102
RTVSPost2010Prop41ColorRGB
 90
        0
102
RTVSPost2010PropOp41
 70
     1
102
RTVSPost2010Prop42
 90
       50
102
RTVSPost2010PropOp42
 70
     1
102
RTVSPost2010Prop43
 90
        3
102
RTVSPost2010PropOp43
 70
     1
102
RTVSPost2010Prop44ColorIndex
 90
        5
102
RTVSPost2010Prop44ColorRGB
 90
      255
102
RTVSPost2010PropOp44
 70
     1
102
RTVSPost2010Prop45
280
     0
102
RTVSPost2010PropOp45
 70
     1
102
RTVSPost2010Prop46
 90
       50
102
RTVSPost2010PropOp46
 70
     1
102
RTVSPost2010Prop47
 90
       50
102
RTVSPost2010PropOp47
 70
     1
102
RTVSPost2010Prop48
 90
       50
102
RTVSPost2010PropOp48
 70
     1
102
RTVSPost2010Prop49
280
     0
102
RTVSPost2010PropOp49
 70
     1
102
RTVSPost2010Prop50
 90
       50
102
RTVSPost2010PropOp50
 70
     1
102
RTVSPost2010Prop51ColorIndex
 90
      256
102
RTVSPost2010Prop51ColorRGB
 90
-16777216
102
RTVSPost2010PropOp51
 70
     0
102
RTVSPost2010Prop52
140
1.0
102
RTVSPost2010PropOp52
 70
     0
102
RTVSPost2010Prop53
 90
        2
102
RTVSPost2010PropOp53
 70
     1
102
RTVSPost2010Prop54
  1
strokes_ogs.tif
102
RTVSPost2010PropOp54
 70
     1
102
RTVSPost2010Prop55
280
     0
102
RTVSPost2010PropOp55
 70
     1
102
RTVSPost2010Prop56
140
1.0
102
RTVSPost2010PropOp56
 70
     1
102
RTVSPost2010Prop57
140
1.0
102
RTVSPost2010PropOp57
 70
     1
102
RTVSPropertyOp0
 70
     1
102
RTVSPropertyOp1
 70
     1
102
RTVSPropertyOp2
 70
     1
102
RTVSPropertyOp3
 70
     1
102
RTVSPropertyOp4
 70
     1
102
RTVSPropertyOp5
 70
     1
102
RTVSPropertyOp6
 70
     1
102
RTVSPropertyOp7
 70
     1
102
RTVSPropertyOp8
 70
     1
102
RTVSPropertyOp9
 70
     1
102
RTVSPropertyOp10
 70
     1
102
RTVSPropertyOp11
 70
     1
102
RTVSPropertyOp12
 70
     1
102
RTVSPropertyOp13
 70
     1
102
RTVSPropertyOp14
 70
     1
102
RTVSPropertyOp15
 70
     1
102
RTVSPropertyOp16
 70
     1
102
RTVSPropertyOp17
 70
     1
102
RTVSPropertyOp18
 70
     1
102
RTVSPropertyOp19
 70
     1
102
RTVSPropertyOp20
 70
     1
102
RTVSPropertyOp21
 70
     1
102
RTVSPropertyOp22
 70
     1
102
RTVSPropertyOp23
 70
     1
102
RTVSPropertyOp24
 70
     1
102
RTVSPropertyOp25
 70
     1
102
RTVSPropertyOp26
 70
     1
102
RTVSPropertyOp27
 70
     1
102
RTVSPropertyOp28
 70
     1
102
RTVSPropertyOp29
 70
     1
102
RTVSPropertyOp30
 70
     1
102
RTVSPropertyOp31
 70
     1
102
RTVSPropertyOp32
 70
     1
102
RTVSPropertyOp33
 70
     1
102
RTVSPropertyOp34
 70
     1
102
RTVSPropertyOp35
 70
     1
102
RTVSPropertyOp36
 70
     1
102
RTVSPropertyOp37
 70
     1
102
RTVSPropertyOp38
 70
     1
102
RTVSPropertyOp39
 70
     1
102
RTVSPropertyOp40
 70
     1
102
RTVSPropertyOp41
 70
     1
102
RTVSPropertyOp42
 70
     1
102
RTVSPropertyOp43
 70
     1
102
RTVSPropertyOp44
 70
     1
102
RTVSPropertyOp45
 70
     1
102
RTVSPropertyOp46
 70
     1
102
RTVSPropertyOp47
 70
     1
102
RTVSPropertyOp48
 70
     1
102
RTVSPropertyOp49
 70
     1
102
RTVSPropertyOp50
 70
     1
102
RTVSPropertyOp51
 70
     0
102
RTVSPropertyOp52
 70
     0
102
RTVSPropertyOp53
 70
     1
102
RTVSPropertyOp54
 70
     1
102
RTVSPropertyOp55
 70
     1
102
RTVSPropertyOp56
 70
     1
102
RTVSPropertyOp57
 70
     1
102
RTVSPropertyOp58
 70
     1
102
RTVSPropertyOp59
 70
     1
102
RTVSPropertyOp60
 70
     1
102
RTVSPropertyOp61
 70
     1
102
RTVSPropertyOp62
 70
     1
  0
XRECORD
  5
A1D
102
{ACAD_REACTORS
330
A1C
102
}
330
A1C
100
AcDbXrecord
280
     1
102
RTVSPost2010Prop28
280
     0
102
RTVSPost2010PropOp28
 70
     1
102
RTVSPost2010Prop29
280
     1
102
RTVSPost2010PropOp29
 70
     1
102
RTVSPost2010Prop30
280
     1
102
RTVSPost2010PropOp30
 70
     1
102
RTVSPost2010Prop31
280
     0
102
RTVSPost2010PropOp31
 70
     1
102
RTVSPost2010Prop32
280
     0
102
RTVSPost2010PropOp32
 70
     1
102
RTVSPost2010Prop33
280
     0
102
RTVSPost2010PropOp33
 70
     1
102
RTVSPost2010Prop34
280
     0
102
RTVSPost2010PropOp34
 70
     1
102
RTVSPost2010Prop35
280
     0
102
RTVSPost2010PropOp35
 70
     1
102
RTVSPost2010Prop36
280
     0
102
RTVSPost2010PropOp36
 70
     1
102
RTVSPost2010Prop37
 90
       50
102
RTVSPost2010PropOp37
 70
     1
102
RTVSPost2010Prop38
140
0.0
102
RTVSPost2010PropOp38
 70
     1
102
RTVSPost2010Prop39
140
1.0
102
RTVSPost2010PropOp39
 70
     1
102
RTVSPost2010Prop40
 90
        0
102
RTVSPost2010PropOp40
 70
     1
102
RTVSPost2010Prop41ColorIndex
 90
       18
102
RTVSPost2010Prop41ColorRGB
 90
        0
102
RTVSPost2010PropOp41
 70
     1
102
RTVSPost2010Prop42
 90
       50
102
RTVSPost2010PropOp42
 70
     1
102
RTVSPost2010Prop43
 90
        3
102
RTVSPost2010PropOp43
 70
     1
102
RTVSPost2010Prop44ColorIndex
 90
        5
102
RTVSPost2010Prop44ColorRGB
 90
      255
102
RTVSPost2010PropOp44
 70
     1
102
RTVSPost2010Prop45
280
     0
102
RTVSPost2010PropOp45
 70
     1
102
RTVSPost2010Prop46
 90
       50
102
RTVSPost2010PropOp46
 70
     1
102
RTVSPost2010Prop47
 90
       50
102
RTVSPost2010PropOp47
 70
     1
102
RTVSPost2010Prop48
 90
       50
102
RTVSPost2010PropOp48
 70
     1
102
RTVSPost2010Prop49
280
     0
102
RTVSPost2010PropOp49
 70
     1
102
RTVSPost2010Prop50
 90
       50
102
RTVSPost2010PropOp50
 70
     1
102
RTVSPost2010Prop51ColorIndex
 90
      256
102
RTVSPost2010Prop51ColorRGB
 90
-16777216
102
RTVSPost2010PropOp51
 70
     0
102
RTVSPost2010Prop52
140
1.0
102
RTVSPost2010PropOp52
 70
     0
102
RTVSPost2010Prop53
 90
        2
102
RTVSPost2010PropOp53
 70
     1
102
RTVSPost2010Prop54
  1
strokes_ogs.tif
102
RTVSPost2010PropOp54
 70
     1
102
RTVSPost2010Prop55
280
     0
102
RTVSPost2010PropOp55
 70
     1
102
RTVSPost2010Prop56
140
1.0
102
RTVSPost2010PropOp56
 70
     1
102
RTVSPost2010Prop57
140
1.0
102
RTVSPost2010PropOp57
 70
     1
102
RTVSPropertyOp0
 70
     1
102
RTVSPropertyOp1
 70
     1
102
RTVSPropertyOp2
 70
     1
102
RTVSPropertyOp3
 70
     1
102
RTVSPropertyOp4
 70
     1
102
RTVSPropertyOp5
 70
     1
102
RTVSPropertyOp6
 70
     1
102
RTVSPropertyOp7
 70
     1
102
RTVSPropertyOp8
 70
     1
102
RTVSPropertyOp9
 70
     1
102
RTVSPropertyOp10
 70
     1
102
RTVSPropertyOp11
 70
     1
102
RTVSPropertyOp12
 70
     1
102
RTVSPropertyOp13
 70
     1
102
RTVSPropertyOp14
 70
     1
102
RTVSPropertyOp15
 70
     1
102
RTVSPropertyOp16
 70
     1
102
RTVSPropertyOp17
 70
     1
102
RTVSPropertyOp18
 70
     1
102
RTVSPropertyOp19
 70
     1
102
RTVSPropertyOp20
 70
     1
102
RTVSPropertyOp21
 70
     1
102
RTVSPropertyOp22
 70
     1
102
RTVSPropertyOp23
 70
     1
102
RTVSPropertyOp24
 70
     1
102
RTVSPropertyOp25
 70
     1
102
RTVSPropertyOp26
 70
     1
102
RTVSPropertyOp27
 70
     1
102
RTVSPropertyOp28
 70
     1
102
RTVSPropertyOp29
 70
     1
102
RTVSPropertyOp30
 70
     1
102
RTVSPropertyOp31
 70
     1
102
RTVSPropertyOp32
 70
     1
102
RTVSPropertyOp33
 70
     1
102
RTVSPropertyOp34
 70
     1
102
RTVSPropertyOp35
 70
     1
102
RTVSPropertyOp36
 70
     1
102
RTVSPropertyOp37
 70
     1
102
RTVSPropertyOp38
 70
     1
102
RTVSPropertyOp39
 70
     1
102
RTVSPropertyOp40
 70
     1
102
RTVSPropertyOp41
 70
     1
102
RTVSPropertyOp42
 70
     1
102
RTVSPropertyOp43
 70
     1
102
RTVSPropertyOp44
 70
     1
102
RTVSPropertyOp45
 70
     1
102
RTVSPropertyOp46
 70
     1
102
RTVSPropertyOp47
 70
     1
102
RTVSPropertyOp48
 70
     1
102
RTVSPropertyOp49
 70
     1
102
RTVSPropertyOp50
 70
     1
102
RTVSPropertyOp51
 70
     0
102
RTVSPropertyOp52
 70
     0
102
RTVSPropertyOp53
 70
     1
102
RTVSPropertyOp54
 70
     1
102
RTVSPropertyOp55
 70
     1
102
RTVSPropertyOp56
 70
     1
102
RTVSPropertyOp57
 70
     1
102
RTVSPropertyOp58
 70
     1
102
RTVSPropertyOp59
 70
     1
102
RTVSPropertyOp60
 70
     1
102
RTVSPropertyOp61
 70
     1
102
RTVSPropertyOp62
 70
     1
  0
XRECORD
  5
A1F
102
{ACAD_REACTORS
330
A1E
102
}
330
A1E
100
AcDbXrecord
280
     1
102
RTVSPost2010Prop28
280
     0
102
RTVSPost2010PropOp28
 70
     1
102
RTVSPost2010Prop29
280
     1
102
RTVSPost2010PropOp29
 70
     1
102
RTVSPost2010Prop30
280
     1
102
RTVSPost2010PropOp30
 70
     1
102
RTVSPost2010Prop31
280
     0
102
RTVSPost2010PropOp31
 70
     1
102
RTVSPost2010Prop32
280
     0
102
RTVSPost2010PropOp32
 70
     1
102
RTVSPost2010Prop33
280
     0
102
RTVSPost2010PropOp33
 70
     1
102
RTVSPost2010Prop34
280
     0
102
RTVSPost2010PropOp34
 70
     1
102
RTVSPost2010Prop35
280
     0
102
RTVSPost2010PropOp35
 70
     1
102
RTVSPost2010Prop36
280
     0
102
RTVSPost2010PropOp36
 70
     1
102
RTVSPost2010Prop37
 90
       50
102
RTVSPost2010PropOp37
 70
     1
102
RTVSPost2010Prop38
140
0.0
102
RTVSPost2010PropOp38
 70
     1
102
RTVSPost2010Prop39
140
1.0
102
RTVSPost2010PropOp39
 70
     1
102
RTVSPost2010Prop40
 90
        0
102
RTVSPost2010PropOp40
 70
     1
102
RTVSPost2010Prop41ColorIndex
 90
       18
102
RTVSPost2010Prop41ColorRGB
 90
        0
102
RTVSPost2010PropOp41
 70
     1
102
RTVSPost2010Prop42
 90
       50
102
RTVSPost2010PropOp42
 70
     1
102
RTVSPost2010Prop43
 90
        3
102
RTVSPost2010PropOp43
 70
     1
102
RTVSPost2010Prop44ColorIndex
 90
        5
102
RTVSPost2010Prop44ColorRGB
 90
      255
102
RTVSPost2010PropOp44
 70
     1
102
RTVSPost2010Prop45
280
     0
102
RTVSPost2010PropOp45
 70
     1
102
RTVSPost2010Prop46
 90
       50
102
RTVSPost2010PropOp46
 70
     1
102
RTVSPost2010Prop47
 90
       50
102
RTVSPost2010PropOp47
 70
     1
102
RTVSPost2010Prop48
 90
       50
102
RTVSPost2010PropOp48
 70
     1
102
RTVSPost2010Prop49
280
     0
102
RTVSPost2010PropOp49
 70
     1
102
RTVSPost2010Prop50
 90
       50
102
RTVSPost2010PropOp50
 70
     1
102
RTVSPost2010Prop51ColorIndex
 90
      256
102
RTVSPost2010Prop51ColorRGB
 90
-16777216
102
RTVSPost2010PropOp51
 70
     0
102
RTVSPost2010Prop52
140
1.0
102
RTVSPost2010PropOp52
 70
     0
102
RTVSPost2010Prop53
 90
        2
102
RTVSPost2010PropOp53
 70
     1
102
RTVSPost2010Prop54
  1
strokes_ogs.tif
102
RTVSPost2010PropOp54
 70
     1
102
RTVSPost2010Prop55
280
     0
102
RTVSPost2010PropOp55
 70
     1
102
RTVSPost2010Prop56
140
1.0
102
RTVSPost2010PropOp56
 70
     1
102
RTVSPost2010Prop57
140
1.0
102
RTVSPost2010PropOp57
 70
     1
102
RTVSPropertyOp0
 70
     1
102
RTVSPropertyOp1
 70
     1
102
RTVSPropertyOp2
 70
     1
102
RTVSPropertyOp3
 70
     1
102
RTVSPropertyOp4
 70
     1
102
RTVSPropertyOp5
 70
     1
102
RTVSPropertyOp6
 70
     1
102
RTVSPropertyOp7
 70
     1
102
RTVSPropertyOp8
 70
     1
102
RTVSPropertyOp9
 70
     1
102
RTVSPropertyOp10
 70
     1
102
RTVSPropertyOp11
 70
     1
102
RTVSPropertyOp12
 70
     1
102
RTVSPropertyOp13
 70
     1
102
RTVSPropertyOp14
 70
     1
102
RTVSPropertyOp15
 70
     1
102
RTVSPropertyOp16
 70
     1
102
RTVSPropertyOp17
 70
     1
102
RTVSPropertyOp18
 70
     1
102
RTVSPropertyOp19
 70
     1
102
RTVSPropertyOp20
 70
     1
102
RTVSPropertyOp21
 70
     1
102
RTVSPropertyOp22
 70
     1
102
RTVSPropertyOp23
 70
     1
102
RTVSPropertyOp24
 70
     1
102
RTVSPropertyOp25
 70
     1
102
RTVSPropertyOp26
 70
     1
102
RTVSPropertyOp27
 70
     1
102
RTVSPropertyOp28
 70
     1
102
RTVSPropertyOp29
 70
     1
102
RTVSPropertyOp30
 70
     1
102
RTVSPropertyOp31
 70
     1
102
RTVSPropertyOp32
 70
     1
102
RTVSPropertyOp33
 70
     1
102
RTVSPropertyOp34
 70
     1
102
RTVSPropertyOp35
 70
     1
102
RTVSPropertyOp36
 70
     1
102
RTVSPropertyOp37
 70
     1
102
RTVSPropertyOp38
 70
     1
102
RTVSPropertyOp39
 70
     1
102
RTVSPropertyOp40
 70
     1
102
RTVSPropertyOp41
 70
     1
102
RTVSPropertyOp42
 70
     1
102
RTVSPropertyOp43
 70
     1
102
RTVSPropertyOp44
 70
     1
102
RTVSPropertyOp45
 70
     1
102
RTVSPropertyOp46
 70
     1
102
RTVSPropertyOp47
 70
     1
102
RTVSPropertyOp48
 70
     1
102
RTVSPropertyOp49
 70
     1
102
RTVSPropertyOp50
 70
     1
102
RTVSPropertyOp51
 70
     0
102
RTVSPropertyOp52
 70
     0
102
RTVSPropertyOp53
 70
     1
102
RTVSPropertyOp54
 70
     1
102
RTVSPropertyOp55
 70
     1
102
RTVSPropertyOp56
 70
     1
102
RTVSPropertyOp57
 70
     1
102
RTVSPropertyOp58
 70
     1
102
RTVSPropertyOp59
 70
     1
102
RTVSPropertyOp60
 70
     1
102
RTVSPropertyOp61
 70
     1
102
RTVSPropertyOp62
 70
     1
  0
XRECORD
  5
A27
102
{ACAD_REACTORS
330
A26
102
}
330
A26
100
AcDbXrecord
280
     1
102
RTVSPost2010Prop28
280
     0
102
RTVSPost2010PropOp28
 70
     1
102
RTVSPost2010Prop29
280
     1
102
RTVSPost2010PropOp29
 70
     1
102
RTVSPost2010Prop30
280
     1
102
RTVSPost2010PropOp30
 70
     1
102
RTVSPost2010Prop31
280
     0
102
RTVSPost2010PropOp31
 70
     1
102
RTVSPost2010Prop32
280
     0
102
RTVSPost2010PropOp32
 70
     1
102
RTVSPost2010Prop33
280
     0
102
RTVSPost2010PropOp33
 70
     1
102
RTVSPost2010Prop34
280
     0
102
RTVSPost2010PropOp34
 70
     1
102
RTVSPost2010Prop35
280
     0
102
RTVSPost2010PropOp35
 70
     1
102
RTVSPost2010Prop36
280
     0
102
RTVSPost2010PropOp36
 70
     1
102
RTVSPost2010Prop37
 90
       50
102
RTVSPost2010PropOp37
 70
     1
102
RTVSPost2010Prop38
140
0.0
102
RTVSPost2010PropOp38
 70
     1
102
RTVSPost2010Prop39
140
1.0
102
RTVSPost2010PropOp39
 70
     1
102
RTVSPost2010Prop40
 90
        0
102
RTVSPost2010PropOp40
 70
     1
102
RTVSPost2010Prop41ColorIndex
 90
       18
102
RTVSPost2010Prop41ColorRGB
 90
        0
102
RTVSPost2010PropOp41
 70
     1
102
RTVSPost2010Prop42
 90
       50
102
RTVSPost2010PropOp42
 70
     1
102
RTVSPost2010Prop43
 90
        3
102
RTVSPost2010PropOp43
 70
     1
102
RTVSPost2010Prop44ColorIndex
 90
        5
102
RTVSPost2010Prop44ColorRGB
 90
      255
102
RTVSPost2010PropOp44
 70
     1
102
RTVSPost2010Prop45
280
     0
102
RTVSPost2010PropOp45
 70
     1
102
RTVSPost2010Prop46
 90
       50
102
RTVSPost2010PropOp46
 70
     1
102
RTVSPost2010Prop47
 90
       50
102
RTVSPost2010PropOp47
 70
     1
102
RTVSPost2010Prop48
 90
       50
102
RTVSPost2010PropOp48
 70
     1
102
RTVSPost2010Prop49
280
     0
102
RTVSPost2010PropOp49
 70
     1
102
RTVSPost2010Prop50
 90
       50
102
RTVSPost2010PropOp50
 70
     1
102
RTVSPost2010Prop51ColorIndex
 90
      256
102
RTVSPost2010Prop51ColorRGB
 90
-16777216
102
RTVSPost2010PropOp51
 70
     0
102
RTVSPost2010Prop52
140
1.0
102
RTVSPost2010PropOp52
 70
     0
102
RTVSPost2010Prop53
 90
        2
102
RTVSPost2010PropOp53
 70
     1
102
RTVSPost2010Prop54
  1
strokes_ogs.tif
102
RTVSPost2010PropOp54
 70
     1
102
RTVSPost2010Prop55
280
     0
102
RTVSPost2010PropOp55
 70
     1
102
RTVSPost2010Prop56
140
1.0
102
RTVSPost2010PropOp56
 70
     1
102
RTVSPost2010Prop57
140
1.0
102
RTVSPost2010PropOp57
 70
     1
102
RTVSPropertyOp0
 70
     1
102
RTVSPropertyOp1
 70
     1
102
RTVSPropertyOp2
 70
     1
102
RTVSPropertyOp3
 70
     1
102
RTVSPropertyOp4
 70
     1
102
RTVSPropertyOp5
 70
     1
102
RTVSPropertyOp6
 70
     1
102
RTVSPropertyOp7
 70
     1
102
RTVSPropertyOp8
 70
     1
102
RTVSPropertyOp9
 70
     1
102
RTVSPropertyOp10
 70
     1
102
RTVSPropertyOp11
 70
     1
102
RTVSPropertyOp12
 70
     1
102
RTVSPropertyOp13
 70
     1
102
RTVSPropertyOp14
 70
     1
102
RTVSPropertyOp15
 70
     1
102
RTVSPropertyOp16
 70
     1
102
RTVSPropertyOp17
 70
     1
102
RTVSPropertyOp18
 70
     1
102
RTVSPropertyOp19
 70
     1
102
RTVSPropertyOp20
 70
     1
102
RTVSPropertyOp21
 70
     1
102
RTVSPropertyOp22
 70
     1
102
RTVSPropertyOp23
 70
     1
102
RTVSPropertyOp24
 70
     1
102
RTVSPropertyOp25
 70
     1
102
RTVSPropertyOp26
 70
     1
102
RTVSPropertyOp27
 70
     1
102
RTVSPropertyOp28
 70
     1
102
RTVSPropertyOp29
 70
     1
102
RTVSPropertyOp30
 70
     1
102
RTVSPropertyOp31
 70
     1
102
RTVSPropertyOp32
 70
     1
102
RTVSPropertyOp33
 70
     1
102
RTVSPropertyOp34
 70
     1
102
RTVSPropertyOp35
 70
     1
102
RTVSPropertyOp36
 70
     1
102
RTVSPropertyOp37
 70
     1
102
RTVSPropertyOp38
 70
     1
102
RTVSPropertyOp39
 70
     1
102
RTVSPropertyOp40
 70
     1
102
RTVSPropertyOp41
 70
     1
102
RTVSPropertyOp42
 70
     1
102
RTVSPropertyOp43
 70
     1
102
RTVSPropertyOp44
 70
     1
102
RTVSPropertyOp45
 70
     1
102
RTVSPropertyOp46
 70
     1
102
RTVSPropertyOp47
 70
     1
102
RTVSPropertyOp48
 70
     1
102
RTVSPropertyOp49
 70
     1
102
RTVSPropertyOp50
 70
     1
102
RTVSPropertyOp51
 70
     0
102
RTVSPropertyOp52
 70
     0
102
RTVSPropertyOp53
 70
     1
102
RTVSPropertyOp54
 70
     1
102
RTVSPropertyOp55
 70
     1
102
RTVSPropertyOp56
 70
     1
102
RTVSPropertyOp57
 70
     1
102
RTVSPropertyOp58
 70
     1
102
RTVSPropertyOp59
 70
     1
102
RTVSPropertyOp60
 70
     1
102
RTVSPropertyOp61
 70
     1
102
RTVSPropertyOp62
 70
     1
  0
XRECORD
  5
A39
102
{ACAD_REACTORS
330
A38
102
}
330
A38
100
AcDbXrecord
280
     1
102
RTVSPost2010Prop28
280
     0
102
RTVSPost2010PropOp28
 70
     1
102
RTVSPost2010Prop29
280
     1
102
RTVSPost2010PropOp29
 70
     1
102
RTVSPost2010Prop30
280
     1
102
RTVSPost2010PropOp30
 70
     1
102
RTVSPost2010Prop31
280
     0
102
RTVSPost2010PropOp31
 70
     1
102
RTVSPost2010Prop32
280
     0
102
RTVSPost2010PropOp32
 70
     1
102
RTVSPost2010Prop33
280
     0
102
RTVSPost2010PropOp33
 70
     1
102
RTVSPost2010Prop34
280
     0
102
RTVSPost2010PropOp34
 70
     1
102
RTVSPost2010Prop35
280
     0
102
RTVSPost2010PropOp35
 70
     1
102
RTVSPost2010Prop36
280
     0
102
RTVSPost2010PropOp36
 70
     1
102
RTVSPost2010Prop37
 90
       50
102
RTVSPost2010PropOp37
 70
     1
102
RTVSPost2010Prop38
140
0.0
102
RTVSPost2010PropOp38
 70
     1
102
RTVSPost2010Prop39
140
1.0
102
RTVSPost2010PropOp39
 70
     1
102
RTVSPost2010Prop40
 90
        0
102
RTVSPost2010PropOp40
 70
     1
102
RTVSPost2010Prop41ColorIndex
 90
       18
102
RTVSPost2010Prop41ColorRGB
 90
        0
102
RTVSPost2010PropOp41
 70
     1
102
RTVSPost2010Prop42
 90
       50
102
RTVSPost2010PropOp42
 70
     1
102
RTVSPost2010Prop43
 90
        3
102
RTVSPost2010PropOp43
 70
     1
102
RTVSPost2010Prop44ColorIndex
 90
        5
102
RTVSPost2010Prop44ColorRGB
 90
      255
102
RTVSPost2010PropOp44
 70
     1
102
RTVSPost2010Prop45
280
     0
102
RTVSPost2010PropOp45
 70
     1
102
RTVSPost2010Prop46
 90
       50
102
RTVSPost2010PropOp46
 70
     1
102
RTVSPost2010Prop47
 90
       50
102
RTVSPost2010PropOp47
 70
     1
102
RTVSPost2010Prop48
 90
       50
102
RTVSPost2010PropOp48
 70
     1
102
RTVSPost2010Prop49
280
     0
102
RTVSPost2010PropOp49
 70
     1
102
RTVSPost2010Prop50
 90
       50
102
RTVSPost2010PropOp50
 70
     1
102
RTVSPost2010Prop51ColorIndex
 90
      256
102
RTVSPost2010Prop51ColorRGB
 90
-16777216
102
RTVSPost2010PropOp51
 70
     0
102
RTVSPost2010Prop52
140
1.0
102
RTVSPost2010PropOp52
 70
     0
102
RTVSPost2010Prop53
 90
        2
102
RTVSPost2010PropOp53
 70
     1
102
RTVSPost2010Prop54
  1
strokes_ogs.tif
102
RTVSPost2010PropOp54
 70
     1
102
RTVSPost2010Prop55
280
     0
102
RTVSPost2010PropOp55
 70
     1
102
RTVSPost2010Prop56
140
1.0
102
RTVSPost2010PropOp56
 70
     1
102
RTVSPost2010Prop57
140
1.0
102
RTVSPost2010PropOp57
 70
     1
102
RTVSPropertyOp0
 70
     0
102
RTVSPropertyOp1
 70
     0
102
RTVSPropertyOp2
 70
     0
102
RTVSPropertyOp3
 70
     0
102
RTVSPropertyOp4
 70
     0
102
RTVSPropertyOp5
 70
     0
102
RTVSPropertyOp6
 70
     0
102
RTVSPropertyOp7
 70
     0
102
RTVSPropertyOp8
 70
     0
102
RTVSPropertyOp9
 70
     0
102
RTVSPropertyOp10
 70
     0
102
RTVSPropertyOp11
 70
     0
102
RTVSPropertyOp12
 70
     0
102
RTVSPropertyOp13
 70
     0
102
RTVSPropertyOp14
 70
     2
102
RTVSPropertyOp15
 70
     0
102
RTVSPropertyOp16
 70
     0
102
RTVSPropertyOp17
 70
     0
102
RTVSPropertyOp18
 70
     0
102
RTVSPropertyOp19
 70
     0
102
RTVSPropertyOp20
 70
     0
102
RTVSPropertyOp21
 70
     0
102
RTVSPropertyOp22
 70
     0
102
RTVSPropertyOp23
 70
     0
102
RTVSPropertyOp24
 70
     0
102
RTVSPropertyOp25
 70
     0
102
RTVSPropertyOp26
 70
     0
102
RTVSPropertyOp27
 70
     0
102
RTVSPropertyOp28
 70
     1
102
RTVSPropertyOp29
 70
     1
102
RTVSPropertyOp30
 70
     1
102
RTVSPropertyOp31
 70
     1
102
RTVSPropertyOp32
 70
     1
102
RTVSPropertyOp33
 70
     1
102
RTVSPropertyOp34
 70
     1
102
RTVSPropertyOp35
 70
     1
102
RTVSPropertyOp36
 70
     1
102
RTVSPropertyOp37
 70
     1
102
RTVSPropertyOp38
 70
     1
102
RTVSPropertyOp39
 70
     1
102
RTVSPropertyOp40
 70
     1
102
RTVSPropertyOp41
 70
     1
102
RTVSPropertyOp42
 70
     1
102
RTVSPropertyOp43
 70
     1
102
RTVSPropertyOp44
 70
     1
102
RTVSPropertyOp45
 70
     1
102
RTVSPropertyOp46
 70
     1
102
RTVSPropertyOp47
 70
     1
102
RTVSPropertyOp48
 70
     1
102
RTVSPropertyOp49
 70
     1
102
RTVSPropertyOp50
 70
     1
102
RTVSPropertyOp51
 70
     0
102
RTVSPropertyOp52
 70
     0
102
RTVSPropertyOp53
 70
     1
102
RTVSPropertyOp54
 70
     1
102
RTVSPropertyOp55
 70
     1
102
RTVSPropertyOp56
 70
     1
102
RTVSPropertyOp57
 70
     1
102
RTVSPropertyOp58
 70
     1
102
RTVSPropertyOp59
 70
     1
102
RTVSPropertyOp60
 70
     1
102
RTVSPropertyOp61
 70
     1
102
RTVSPropertyOp62
 70
     1
  0
XRECORD
  5
A33
102
{ACAD_REACTORS
330
A32
102
}
330
A32
100
AcDbXrecord
280
     1
102
RTVSPost2010Prop28
280
     0
102
RTVSPost2010PropOp28
 70
     1
102
RTVSPost2010Prop29
280
     1
102
RTVSPost2010PropOp29
 70
     1
102
RTVSPost2010Prop30
280
     1
102
RTVSPost2010PropOp30
 70
     1
102
RTVSPost2010Prop31
280
     0
102
RTVSPost2010PropOp31
 70
     1
102
RTVSPost2010Prop32
280
     0
102
RTVSPost2010PropOp32
 70
     1
102
RTVSPost2010Prop33
280
     0
102
RTVSPost2010PropOp33
 70
     1
102
RTVSPost2010Prop34
280
     0
102
RTVSPost2010PropOp34
 70
     1
102
RTVSPost2010Prop35
280
     0
102
RTVSPost2010PropOp35
 70
     1
102
RTVSPost2010Prop36
280
     0
102
RTVSPost2010PropOp36
 70
     1
102
RTVSPost2010Prop37
 90
       50
102
RTVSPost2010PropOp37
 70
     1
102
RTVSPost2010Prop38
140
0.0
102
RTVSPost2010PropOp38
 70
     1
102
RTVSPost2010Prop39
140
1.0
102
RTVSPost2010PropOp39
 70
     1
102
RTVSPost2010Prop40
 90
        0
102
RTVSPost2010PropOp40
 70
     1
102
RTVSPost2010Prop41ColorIndex
 90
       18
102
RTVSPost2010Prop41ColorRGB
 90
        0
102
RTVSPost2010PropOp41
 70
     1
102
RTVSPost2010Prop42
 90
       50
102
RTVSPost2010PropOp42
 70
     1
102
RTVSPost2010Prop43
 90
        3
102
RTVSPost2010PropOp43
 70
     1
102
RTVSPost2010Prop44ColorIndex
 90
        5
102
RTVSPost2010Prop44ColorRGB
 90
      255
102
RTVSPost2010PropOp44
 70
     1
102
RTVSPost2010Prop45
280
     0
102
RTVSPost2010PropOp45
 70
     1
102
RTVSPost2010Prop46
 90
       50
102
RTVSPost2010PropOp46
 70
     1
102
RTVSPost2010Prop47
 90
       50
102
RTVSPost2010PropOp47
 70
     1
102
RTVSPost2010Prop48
 90
       50
102
RTVSPost2010PropOp48
 70
     1
102
RTVSPost2010Prop49
280
     0
102
RTVSPost2010PropOp49
 70
     1
102
RTVSPost2010Prop50
 90
       50
102
RTVSPost2010PropOp50
 70
     1
102
RTVSPost2010Prop51ColorIndex
 90
      256
102
RTVSPost2010Prop51ColorRGB
 90
-16777216
102
RTVSPost2010PropOp51
 70
     0
102
RTVSPost2010Prop52
140
1.0
102
RTVSPost2010PropOp52
 70
     0
102
RTVSPost2010Prop53
 90
        2
102
RTVSPost2010PropOp53
 70
     1
102
RTVSPost2010Prop54
  1
strokes_ogs.tif
102
RTVSPost2010PropOp54
 70
     1
102
RTVSPost2010Prop55
280
     0
102
RTVSPost2010PropOp55
 70
     1
102
RTVSPost2010Prop56
140
1.0
102
RTVSPost2010PropOp56
 70
     1
102
RTVSPost2010Prop57
140
1.0
102
RTVSPost2010PropOp57
 70
     1
102
RTVSPropertyOp0
 70
     1
102
RTVSPropertyOp1
 70
     1
102
RTVSPropertyOp2
 70
     1
102
RTVSPropertyOp3
 70
     1
102
RTVSPropertyOp4
 70
     1
102
RTVSPropertyOp5
 70
     1
102
RTVSPropertyOp6
 70
     1
102
RTVSPropertyOp7
 70
     1
102
RTVSPropertyOp8
 70
     1
102
RTVSPropertyOp9
 70
     1
102
RTVSPropertyOp10
 70
     1
102
RTVSPropertyOp11
 70
     1
102
RTVSPropertyOp12
 70
     1
102
RTVSPropertyOp13
 70
     1
102
RTVSPropertyOp14
 70
     1
102
RTVSPropertyOp15
 70
     1
102
RTVSPropertyOp16
 70
     1
102
RTVSPropertyOp17
 70
     1
102
RTVSPropertyOp18
 70
     1
102
RTVSPropertyOp19
 70
     1
102
RTVSPropertyOp20
 70
     1
102
RTVSPropertyOp21
 70
     1
102
RTVSPropertyOp22
 70
     1
102
RTVSPropertyOp23
 70
     1
102
RTVSPropertyOp24
 70
     1
102
RTVSPropertyOp25
 70
     1
102
RTVSPropertyOp26
 70
     1
102
RTVSPropertyOp27
 70
     1
102
RTVSPropertyOp28
 70
     1
102
RTVSPropertyOp29
 70
     1
102
RTVSPropertyOp30
 70
     1
102
RTVSPropertyOp31
 70
     1
102
RTVSPropertyOp32
 70
     1
102
RTVSPropertyOp33
 70
     1
102
RTVSPropertyOp34
 70
     1
102
RTVSPropertyOp35
 70
     1
102
RTVSPropertyOp36
 70
     1
102
RTVSPropertyOp37
 70
     1
102
RTVSPropertyOp38
 70
     1
102
RTVSPropertyOp39
 70
     1
102
RTVSPropertyOp40
 70
     1
102
RTVSPropertyOp41
 70
     1
102
RTVSPropertyOp42
 70
     1
102
RTVSPropertyOp43
 70
     1
102
RTVSPropertyOp44
 70
     1
102
RTVSPropertyOp45
 70
     1
102
RTVSPropertyOp46
 70
     1
102
RTVSPropertyOp47
 70
     1
102
RTVSPropertyOp48
 70
     1
102
RTVSPropertyOp49
 70
     1
102
RTVSPropertyOp50
 70
     1
102
RTVSPropertyOp51
 70
     0
102
RTVSPropertyOp52
 70
     0
102
RTVSPropertyOp53
 70
     1
102
RTVSPropertyOp54
 70
     1
102
RTVSPropertyOp55
 70
     1
102
RTVSPropertyOp56
 70
     1
102
RTVSPropertyOp57
 70
     1
102
RTVSPropertyOp58
 70
     1
102
RTVSPropertyOp59
 70
     1
102
RTVSPropertyOp60
 70
     1
102
RTVSPropertyOp61
 70
     1
102
RTVSPropertyOp62
 70
     1
  0
XRECORD
  5
A3B
102
{ACAD_REACTORS
330
A3A
102
}
330
A3A
100
AcDbXrecord
280
     1
102
RTVSPost2010Prop28
280
     0
102
RTVSPost2010PropOp28
 70
     1
102
RTVSPost2010Prop29
280
     1
102
RTVSPost2010PropOp29
 70
     1
102
RTVSPost2010Prop30
280
     1
102
RTVSPost2010PropOp30
 70
     1
102
RTVSPost2010Prop31
280
     0
102
RTVSPost2010PropOp31
 70
     1
102
RTVSPost2010Prop32
280
     0
102
RTVSPost2010PropOp32
 70
     1
102
RTVSPost2010Prop33
280
     0
102
RTVSPost2010PropOp33
 70
     1
102
RTVSPost2010Prop34
280
     0
102
RTVSPost2010PropOp34
 70
     1
102
RTVSPost2010Prop35
280
     0
102
RTVSPost2010PropOp35
 70
     1
102
RTVSPost2010Prop36
280
     0
102
RTVSPost2010PropOp36
 70
     1
102
RTVSPost2010Prop37
 90
       50
102
RTVSPost2010PropOp37
 70
     1
102
RTVSPost2010Prop38
140
0.0
102
RTVSPost2010PropOp38
 70
     1
102
RTVSPost2010Prop39
140
1.0
102
RTVSPost2010PropOp39
 70
     1
102
RTVSPost2010Prop40
 90
        0
102
RTVSPost2010PropOp40
 70
     1
102
RTVSPost2010Prop41ColorIndex
 90
       18
102
RTVSPost2010Prop41ColorRGB
 90
        0
102
RTVSPost2010PropOp41
 70
     1
102
RTVSPost2010Prop42
 90
       50
102
RTVSPost2010PropOp42
 70
     1
102
RTVSPost2010Prop43
 90
        3
102
RTVSPost2010PropOp43
 70
     1
102
RTVSPost2010Prop44ColorIndex
 90
        5
102
RTVSPost2010Prop44ColorRGB
 90
      255
102
RTVSPost2010PropOp44
 70
     1
102
RTVSPost2010Prop45
280
     0
102
RTVSPost2010PropOp45
 70
     1
102
RTVSPost2010Prop46
 90
       50
102
RTVSPost2010PropOp46
 70
     1
102
RTVSPost2010Prop47
 90
       50
102
RTVSPost2010PropOp47
 70
     1
102
RTVSPost2010Prop48
 90
       50
102
RTVSPost2010PropOp48
 70
     1
102
RTVSPost2010Prop49
280
     0
102
RTVSPost2010PropOp49
 70
     1
102
RTVSPost2010Prop50
 90
       50
102
RTVSPost2010PropOp50
 70
     1
102
RTVSPost2010Prop51ColorIndex
 90
      256
102
RTVSPost2010Prop51ColorRGB
 90
-16777216
102
RTVSPost2010PropOp51
 70
     0
102
RTVSPost2010Prop52
140
1.0
102
RTVSPost2010PropOp52
 70
     0
102
RTVSPost2010Prop53
 90
        2
102
RTVSPost2010PropOp53
 70
     1
102
RTVSPost2010Prop54
  1
strokes_ogs.tif
102
RTVSPost2010PropOp54
 70
     1
102
RTVSPost2010Prop55
280
     0
102
RTVSPost2010PropOp55
 70
     1
102
RTVSPost2010Prop56
140
1.0
102
RTVSPost2010PropOp56
 70
     1
102
RTVSPost2010Prop57
140
1.0
102
RTVSPost2010PropOp57
 70
     1
102
RTVSPropertyOp0
 70
     0
102
RTVSPropertyOp1
 70
     0
102
RTVSPropertyOp2
 70
     0
102
RTVSPropertyOp3
 70
     0
102
RTVSPropertyOp4
 70
     0
102
RTVSPropertyOp5
 70
     0
102
RTVSPropertyOp6
 70
     0
102
RTVSPropertyOp7
 70
     0
102
RTVSPropertyOp8
 70
     0
102
RTVSPropertyOp9
 70
     0
102
RTVSPropertyOp10
 70
     0
102
RTVSPropertyOp11
 70
     0
102
RTVSPropertyOp12
 70
     0
102
RTVSPropertyOp13
 70
     0
102
RTVSPropertyOp14
 70
     2
102
RTVSPropertyOp15
 70
     0
102
RTVSPropertyOp16
 70
     0
102
RTVSPropertyOp17
 70
     0
102
RTVSPropertyOp18
 70
     0
102
RTVSPropertyOp19
 70
     0
102
RTVSPropertyOp20
 70
     0
102
RTVSPropertyOp21
 70
     0
102
RTVSPropertyOp22
 70
     0
102
RTVSPropertyOp23
 70
     0
102
RTVSPropertyOp24
 70
     0
102
RTVSPropertyOp25
 70
     0
102
RTVSPropertyOp26
 70
     0
102
RTVSPropertyOp27
 70
     0
102
RTVSPropertyOp28
 70
     1
102
RTVSPropertyOp29
 70
     1
102
RTVSPropertyOp30
 70
     1
102
RTVSPropertyOp31
 70
     1
102
RTVSPropertyOp32
 70
     1
102
RTVSPropertyOp33
 70
     1
102
RTVSPropertyOp34
 70
     1
102
RTVSPropertyOp35
 70
     1
102
RTVSPropertyOp36
 70
     1
102
RTVSPropertyOp37
 70
     1
102
RTVSPropertyOp38
 70
     1
102
RTVSPropertyOp39
 70
     1
102
RTVSPropertyOp40
 70
     1
102
RTVSPropertyOp41
 70
     1
102
RTVSPropertyOp42
 70
     1
102
RTVSPropertyOp43
 70
     1
102
RTVSPropertyOp44
 70
     1
102
RTVSPropertyOp45
 70
     1
102
RTVSPropertyOp46
 70
     1
102
RTVSPropertyOp47
 70
     1
102
RTVSPropertyOp48
 70
     1
102
RTVSPropertyOp49
 70
     1
102
RTVSPropertyOp50
 70
     1
102
RTVSPropertyOp51
 70
     0
102
RTVSPropertyOp52
 70
     0
102
RTVSPropertyOp53
 70
     1
102
RTVSPropertyOp54
 70
     1
102
RTVSPropertyOp55
 70
     1
102
RTVSPropertyOp56
 70
     1
102
RTVSPropertyOp57
 70
     1
102
RTVSPropertyOp58
 70
     1
102
RTVSPropertyOp59
 70
     1
102
RTVSPropertyOp60
 70
     1
102
RTVSPropertyOp61
 70
     1
102
RTVSPropertyOp62
 70
     1
  0
XRECORD
  5
A2B
102
{ACAD_REACTORS
330
A2A
102
}
330
A2A
100
AcDbXrecord
280
     1
102
RTVSPost2010Prop28
280
     0
102
RTVSPost2010PropOp28
 70
     1
102
RTVSPost2010Prop29
280
     1
102
RTVSPost2010PropOp29
 70
     1
102
RTVSPost2010Prop30
280
     1
102
RTVSPost2010PropOp30
 70
     1
102
RTVSPost2010Prop31
280
     0
102
RTVSPost2010PropOp31
 70
     1
102
RTVSPost2010Prop32
280
     0
102
RTVSPost2010PropOp32
 70
     1
102
RTVSPost2010Prop33
280
     0
102
RTVSPost2010PropOp33
 70
     1
102
RTVSPost2010Prop34
280
     0
102
RTVSPost2010PropOp34
 70
     1
102
RTVSPost2010Prop35
280
     0
102
RTVSPost2010PropOp35
 70
     1
102
RTVSPost2010Prop36
280
     0
102
RTVSPost2010PropOp36
 70
     1
102
RTVSPost2010Prop37
 90
       50
102
RTVSPost2010PropOp37
 70
     1
102
RTVSPost2010Prop38
140
0.0
102
RTVSPost2010PropOp38
 70
     1
102
RTVSPost2010Prop39
140
1.0
102
RTVSPost2010PropOp39
 70
     1
102
RTVSPost2010Prop40
 90
        0
102
RTVSPost2010PropOp40
 70
     1
102
RTVSPost2010Prop41ColorIndex
 90
       18
102
RTVSPost2010Prop41ColorRGB
 90
        0
102
RTVSPost2010PropOp41
 70
     1
102
RTVSPost2010Prop42
 90
       50
102
RTVSPost2010PropOp42
 70
     1
102
RTVSPost2010Prop43
 90
        3
102
RTVSPost2010PropOp43
 70
     1
102
RTVSPost2010Prop44ColorIndex
 90
        5
102
RTVSPost2010Prop44ColorRGB
 90
      255
102
RTVSPost2010PropOp44
 70
     1
102
RTVSPost2010Prop45
280
     0
102
RTVSPost2010PropOp45
 70
     1
102
RTVSPost2010Prop46
 90
       50
102
RTVSPost2010PropOp46
 70
     1
102
RTVSPost2010Prop47
 90
       50
102
RTVSPost2010PropOp47
 70
     1
102
RTVSPost2010Prop48
 90
       50
102
RTVSPost2010PropOp48
 70
     1
102
RTVSPost2010Prop49
280
     0
102
RTVSPost2010PropOp49
 70
     1
102
RTVSPost2010Prop50
 90
       50
102
RTVSPost2010PropOp50
 70
     1
102
RTVSPost2010Prop51ColorIndex
 90
      256
102
RTVSPost2010Prop51ColorRGB
 90
-16777216
102
RTVSPost2010PropOp51
 70
     0
102
RTVSPost2010Prop52
140
1.0
102
RTVSPost2010PropOp52
 70
     0
102
RTVSPost2010Prop53
 90
        2
102
RTVSPost2010PropOp53
 70
     1
102
RTVSPost2010Prop54
  1
strokes_ogs.tif
102
RTVSPost2010PropOp54
 70
     1
102
RTVSPost2010Prop55
280
     0
102
RTVSPost2010PropOp55
 70
     1
102
RTVSPost2010Prop56
140
1.0
102
RTVSPost2010PropOp56
 70
     1
102
RTVSPost2010Prop57
140
1.0
102
RTVSPost2010PropOp57
 70
     1
102
RTVSPropertyOp0
 70
     1
102
RTVSPropertyOp1
 70
     1
102
RTVSPropertyOp2
 70
     1
102
RTVSPropertyOp3
 70
     1
102
RTVSPropertyOp4
 70
     1
102
RTVSPropertyOp5
 70
     1
102
RTVSPropertyOp6
 70
     1
102
RTVSPropertyOp7
 70
     1
102
RTVSPropertyOp8
 70
     1
102
RTVSPropertyOp9
 70
     1
102
RTVSPropertyOp10
 70
     1
102
RTVSPropertyOp11
 70
     1
102
RTVSPropertyOp12
 70
     1
102
RTVSPropertyOp13
 70
     1
102
RTVSPropertyOp14
 70
     1
102
RTVSPropertyOp15
 70
     1
102
RTVSPropertyOp16
 70
     1
102
RTVSPropertyOp17
 70
     1
102
RTVSPropertyOp18
 70
     1
102
RTVSPropertyOp19
 70
     1
102
RTVSPropertyOp20
 70
     1
102
RTVSPropertyOp21
 70
     1
102
RTVSPropertyOp22
 70
     1
102
RTVSPropertyOp23
 70
     1
102
RTVSPropertyOp24
 70
     1
102
RTVSPropertyOp25
 70
     1
102
RTVSPropertyOp26
 70
     1
102
RTVSPropertyOp27
 70
     1
102
RTVSPropertyOp28
 70
     1
102
RTVSPropertyOp29
 70
     1
102
RTVSPropertyOp30
 70
     1
102
RTVSPropertyOp31
 70
     1
102
RTVSPropertyOp32
 70
     1
102
RTVSPropertyOp33
 70
     1
102
RTVSPropertyOp34
 70
     1
102
RTVSPropertyOp35
 70
     1
102
RTVSPropertyOp36
 70
     1
102
RTVSPropertyOp37
 70
     1
102
RTVSPropertyOp38
 70
     1
102
RTVSPropertyOp39
 70
     1
102
RTVSPropertyOp40
 70
     1
102
RTVSPropertyOp41
 70
     1
102
RTVSPropertyOp42
 70
     1
102
RTVSPropertyOp43
 70
     1
102
RTVSPropertyOp44
 70
     1
102
RTVSPropertyOp45
 70
     1
102
RTVSPropertyOp46
 70
     1
102
RTVSPropertyOp47
 70
     1
102
RTVSPropertyOp48
 70
     1
102
RTVSPropertyOp49
 70
     1
102
RTVSPropertyOp50
 70
     1
102
RTVSPropertyOp51
 70
     0
102
RTVSPropertyOp52
 70
     0
102
RTVSPropertyOp53
 70
     1
102
RTVSPropertyOp54
 70
     1
102
RTVSPropertyOp55
 70
     1
102
RTVSPropertyOp56
 70
     1
102
RTVSPropertyOp57
 70
     1
102
RTVSPropertyOp58
 70
     1
102
RTVSPropertyOp59
 70
     1
102
RTVSPropertyOp60
 70
     1
102
RTVSPropertyOp61
 70
     1
102
RTVSPropertyOp62
 70
     1
  0
XRECORD
  5
A47
102
{ACAD_REACTORS
330
A46
102
}
330
A46
100
AcDbXrecord
280
     1
102
RTVSPost2010Prop28
280
     0
102
RTVSPost2010PropOp28
 70
     1
102
RTVSPost2010Prop29
280
     1
102
RTVSPost2010PropOp29
 70
     1
102
RTVSPost2010Prop30
280
     1
102
RTVSPost2010PropOp30
 70
     1
102
RTVSPost2010Prop31
280
     0
102
RTVSPost2010PropOp31
 70
     1
102
RTVSPost2010Prop32
280
     0
102
RTVSPost2010PropOp32
 70
     1
102
RTVSPost2010Prop33
280
     0
102
RTVSPost2010PropOp33
 70
     1
102
RTVSPost2010Prop34
280
     0
102
RTVSPost2010PropOp34
 70
     1
102
RTVSPost2010Prop35
280
     0
102
RTVSPost2010PropOp35
 70
     1
102
RTVSPost2010Prop36
280
     0
102
RTVSPost2010PropOp36
 70
     1
102
RTVSPost2010Prop37
 90
       50
102
RTVSPost2010PropOp37
 70
     1
102
RTVSPost2010Prop38
140
0.0
102
RTVSPost2010PropOp38
 70
     1
102
RTVSPost2010Prop39
140
1.0
102
RTVSPost2010PropOp39
 70
     1
102
RTVSPost2010Prop40
 90
        0
102
RTVSPost2010PropOp40
 70
     1
102
RTVSPost2010Prop41ColorIndex
 90
       18
102
RTVSPost2010Prop41ColorRGB
 90
        0
102
RTVSPost2010PropOp41
 70
     1
102
RTVSPost2010Prop42
 90
       50
102
RTVSPost2010PropOp42
 70
     1
102
RTVSPost2010Prop43
 90
        3
102
RTVSPost2010PropOp43
 70
     1
102
RTVSPost2010Prop44ColorIndex
 90
        5
102
RTVSPost2010Prop44ColorRGB
 90
      255
102
RTVSPost2010PropOp44
 70
     1
102
RTVSPost2010Prop45
280
     0
102
RTVSPost2010PropOp45
 70
     1
102
RTVSPost2010Prop46
 90
       50
102
RTVSPost2010PropOp46
 70
     1
102
RTVSPost2010Prop47
 90
       50
102
RTVSPost2010PropOp47
 70
     1
102
RTVSPost2010Prop48
 90
       50
102
RTVSPost2010PropOp48
 70
     1
102
RTVSPost2010Prop49
280
     0
102
RTVSPost2010PropOp49
 70
     1
102
RTVSPost2010Prop50
 90
       50
102
RTVSPost2010PropOp50
 70
     1
102
RTVSPost2010Prop51ColorIndex
 90
      256
102
RTVSPost2010Prop51ColorRGB
 90
-16777216
102
RTVSPost2010PropOp51
 70
     0
102
RTVSPost2010Prop52
140
1.0
102
RTVSPost2010PropOp52
 70
     0
102
RTVSPost2010Prop53
 90
        2
102
RTVSPost2010PropOp53
 70
     1
102
RTVSPost2010Prop54
  1
strokes_ogs.tif
102
RTVSPost2010PropOp54
 70
     1
102
RTVSPost2010Prop55
280
     0
102
RTVSPost2010PropOp55
 70
     1
102
RTVSPost2010Prop56
140
1.0
102
RTVSPost2010PropOp56
 70
     1
102
RTVSPost2010Prop57
140
1.0
102
RTVSPost2010PropOp57
 70
     1
102
RTVSPropertyOp0
 70
     1
102
RTVSPropertyOp1
 70
     1
102
RTVSPropertyOp2
 70
     1
102
RTVSPropertyOp3
 70
     1
102
RTVSPropertyOp4
 70
     1
102
RTVSPropertyOp5
 70
     1
102
RTVSPropertyOp6
 70
     1
102
RTVSPropertyOp7
 70
     1
102
RTVSPropertyOp8
 70
     1
102
RTVSPropertyOp9
 70
     1
102
RTVSPropertyOp10
 70
     1
102
RTVSPropertyOp11
 70
     1
102
RTVSPropertyOp12
 70
     1
102
RTVSPropertyOp13
 70
     1
102
RTVSPropertyOp14
 70
     1
102
RTVSPropertyOp15
 70
     1
102
RTVSPropertyOp16
 70
     1
102
RTVSPropertyOp17
 70
     1
102
RTVSPropertyOp18
 70
     1
102
RTVSPropertyOp19
 70
     1
102
RTVSPropertyOp20
 70
     1
102
RTVSPropertyOp21
 70
     1
102
RTVSPropertyOp22
 70
     1
102
RTVSPropertyOp23
 70
     1
102
RTVSPropertyOp24
 70
     1
102
RTVSPropertyOp25
 70
     1
102
RTVSPropertyOp26
 70
     1
102
RTVSPropertyOp27
 70
     1
102
RTVSPropertyOp28
 70
     1
102
RTVSPropertyOp29
 70
     1
102
RTVSPropertyOp30
 70
     1
102
RTVSPropertyOp31
 70
     1
102
RTVSPropertyOp32
 70
     1
102
RTVSPropertyOp33
 70
     1
102
RTVSPropertyOp34
 70
     1
102
RTVSPropertyOp35
 70
     1
102
RTVSPropertyOp36
 70
     1
102
RTVSPropertyOp37
 70
     1
102
RTVSPropertyOp38
 70
     1
102
RTVSPropertyOp39
 70
     1
102
RTVSPropertyOp40
 70
     1
102
RTVSPropertyOp41
 70
     1
102
RTVSPropertyOp42
 70
     1
102
RTVSPropertyOp43
 70
     1
102
RTVSPropertyOp44
 70
     1
102
RTVSPropertyOp45
 70
     1
102
RTVSPropertyOp46
 70
     1
102
RTVSPropertyOp47
 70
     1
102
RTVSPropertyOp48
 70
     1
102
RTVSPropertyOp49
 70
     1
102
RTVSPropertyOp50
 70
     1
102
RTVSPropertyOp51
 70
     0
102
RTVSPropertyOp52
 70
     0
102
RTVSPropertyOp53
 70
     1
102
RTVSPropertyOp54
 70
     1
102
RTVSPropertyOp55
 70
     1
102
RTVSPropertyOp56
 70
     1
102
RTVSPropertyOp57
 70
     1
102
RTVSPropertyOp58
 70
     1
102
RTVSPropertyOp59
 70
     1
102
RTVSPropertyOp60
 70
     1
102
RTVSPropertyOp61
 70
     1
102
RTVSPropertyOp62
 70
     1
  0
XRECORD
  5
A45
102
{ACAD_REACTORS
330
A44
102
}
330
A44
100
AcDbXrecord
280
     1
102
RTVSPost2010Prop28
280
     0
102
RTVSPost2010PropOp28
 70
     1
102
RTVSPost2010Prop29
280
     1
102
RTVSPost2010PropOp29
 70
     1
102
RTVSPost2010Prop30
280
     1
102
RTVSPost2010PropOp30
 70
     1
102
RTVSPost2010Prop31
280
     0
102
RTVSPost2010PropOp31
 70
     1
102
RTVSPost2010Prop32
280
     0
102
RTVSPost2010PropOp32
 70
     1
102
RTVSPost2010Prop33
280
     0
102
RTVSPost2010PropOp33
 70
     1
102
RTVSPost2010Prop34
280
     0
102
RTVSPost2010PropOp34
 70
     1
102
RTVSPost2010Prop35
280
     0
102
RTVSPost2010PropOp35
 70
     1
102
RTVSPost2010Prop36
280
     0
102
RTVSPost2010PropOp36
 70
     1
102
RTVSPost2010Prop37
 90
       50
102
RTVSPost2010PropOp37
 70
     1
102
RTVSPost2010Prop38
140
0.0
102
RTVSPost2010PropOp38
 70
     1
102
RTVSPost2010Prop39
140
1.0
102
RTVSPost2010PropOp39
 70
     1
102
RTVSPost2010Prop40
 90
        0
102
RTVSPost2010PropOp40
 70
     1
102
RTVSPost2010Prop41ColorIndex
 90
       18
102
RTVSPost2010Prop41ColorRGB
 90
        0
102
RTVSPost2010PropOp41
 70
     1
102
RTVSPost2010Prop42
 90
       50
102
RTVSPost2010PropOp42
 70
     1
102
RTVSPost2010Prop43
 90
        3
102
RTVSPost2010PropOp43
 70
     1
102
RTVSPost2010Prop44ColorIndex
 90
        5
102
RTVSPost2010Prop44ColorRGB
 90
      255
102
RTVSPost2010PropOp44
 70
     1
102
RTVSPost2010Prop45
280
     0
102
RTVSPost2010PropOp45
 70
     1
102
RTVSPost2010Prop46
 90
       50
102
RTVSPost2010PropOp46
 70
     1
102
RTVSPost2010Prop47
 90
       50
102
RTVSPost2010PropOp47
 70
     1
102
RTVSPost2010Prop48
 90
       50
102
RTVSPost2010PropOp48
 70
     1
102
RTVSPost2010Prop49
280
     0
102
RTVSPost2010PropOp49
 70
     1
102
RTVSPost2010Prop50
 90
       50
102
RTVSPost2010PropOp50
 70
     1
102
RTVSPost2010Prop51ColorIndex
 90
      256
102
RTVSPost2010Prop51ColorRGB
 90
-16777216
102
RTVSPost2010PropOp51
 70
     0
102
RTVSPost2010Prop52
140
1.0
102
RTVSPost2010PropOp52
 70
     0
102
RTVSPost2010Prop53
 90
        2
102
RTVSPost2010PropOp53
 70
     1
102
RTVSPost2010Prop54
  1
strokes_ogs.tif
102
RTVSPost2010PropOp54
 70
     1
102
RTVSPost2010Prop55
280
     0
102
RTVSPost2010PropOp55
 70
     1
102
RTVSPost2010Prop56
140
1.0
102
RTVSPost2010PropOp56
 70
     1
102
RTVSPost2010Prop57
140
1.0
102
RTVSPost2010PropOp57
 70
     1
102
RTVSPropertyOp0
 70
     1
102
RTVSPropertyOp1
 70
     1
102
RTVSPropertyOp2
 70
     1
102
RTVSPropertyOp3
 70
     1
102
RTVSPropertyOp4
 70
     1
102
RTVSPropertyOp5
 70
     1
102
RTVSPropertyOp6
 70
     1
102
RTVSPropertyOp7
 70
     1
102
RTVSPropertyOp8
 70
     1
102
RTVSPropertyOp9
 70
     1
102
RTVSPropertyOp10
 70
     1
102
RTVSPropertyOp11
 70
     1
102
RTVSPropertyOp12
 70
     1
102
RTVSPropertyOp13
 70
     1
102
RTVSPropertyOp14
 70
     1
102
RTVSPropertyOp15
 70
     1
102
RTVSPropertyOp16
 70
     1
102
RTVSPropertyOp17
 70
     1
102
RTVSPropertyOp18
 70
     1
102
RTVSPropertyOp19
 70
     1
102
RTVSPropertyOp20
 70
     1
102
RTVSPropertyOp21
 70
     1
102
RTVSPropertyOp22
 70
     1
102
RTVSPropertyOp23
 70
     1
102
RTVSPropertyOp24
 70
     1
102
RTVSPropertyOp25
 70
     1
102
RTVSPropertyOp26
 70
     1
102
RTVSPropertyOp27
 70
     1
102
RTVSPropertyOp28
 70
     1
102
RTVSPropertyOp29
 70
     1
102
RTVSPropertyOp30
 70
     1
102
RTVSPropertyOp31
 70
     1
102
RTVSPropertyOp32
 70
     1
102
RTVSPropertyOp33
 70
     1
102
RTVSPropertyOp34
 70
     1
102
RTVSPropertyOp35
 70
     1
102
RTVSPropertyOp36
 70
     1
102
RTVSPropertyOp37
 70
     1
102
RTVSPropertyOp38
 70
     1
102
RTVSPropertyOp39
 70
     1
102
RTVSPropertyOp40
 70
     1
102
RTVSPropertyOp41
 70
     1
102
RTVSPropertyOp42
 70
     1
102
RTVSPropertyOp43
 70
     1
102
RTVSPropertyOp44
 70
     1
102
RTVSPropertyOp45
 70
     1
102
RTVSPropertyOp46
 70
     1
102
RTVSPropertyOp47
 70
     1
102
RTVSPropertyOp48
 70
     1
102
RTVSPropertyOp49
 70
     1
102
RTVSPropertyOp50
 70
     1
102
RTVSPropertyOp51
 70
     0
102
RTVSPropertyOp52
 70
     0
102
RTVSPropertyOp53
 70
     1
102
RTVSPropertyOp54
 70
     1
102
RTVSPropertyOp55
 70
     1
102
RTVSPropertyOp56
 70
     1
102
RTVSPropertyOp57
 70
     1
102
RTVSPropertyOp58
 70
     1
102
RTVSPropertyOp59
 70
     1
102
RTVSPropertyOp60
 70
     1
102
RTVSPropertyOp61
 70
     1
102
RTVSPropertyOp62
 70
     1
  0
XRECORD
  5
A3F
102
{ACAD_REACTORS
330
A3E
102
}
330
A3E
100
AcDbXrecord
280
     1
102
RTVSPost2010Prop28
280
     0
102
RTVSPost2010PropOp28
 70
     1
102
RTVSPost2010Prop29
280
     1
102
RTVSPost2010PropOp29
 70
     1
102
RTVSPost2010Prop30
280
     1
102
RTVSPost2010PropOp30
 70
     1
102
RTVSPost2010Prop31
280
     0
102
RTVSPost2010PropOp31
 70
     1
102
RTVSPost2010Prop32
280
     0
102
RTVSPost2010PropOp32
 70
     1
102
RTVSPost2010Prop33
280
     0
102
RTVSPost2010PropOp33
 70
     1
102
RTVSPost2010Prop34
280
     0
102
RTVSPost2010PropOp34
 70
     1
102
RTVSPost2010Prop35
280
     0
102
RTVSPost2010PropOp35
 70
     1
102
RTVSPost2010Prop36
280
     0
102
RTVSPost2010PropOp36
 70
     1
102
RTVSPost2010Prop37
 90
       50
102
RTVSPost2010PropOp37
 70
     1
102
RTVSPost2010Prop38
140
0.0
102
RTVSPost2010PropOp38
 70
     1
102
RTVSPost2010Prop39
140
1.0
102
RTVSPost2010PropOp39
 70
     1
102
RTVSPost2010Prop40
 90
        0
102
RTVSPost2010PropOp40
 70
     1
102
RTVSPost2010Prop41ColorIndex
 90
       18
102
RTVSPost2010Prop41ColorRGB
 90
        0
102
RTVSPost2010PropOp41
 70
     1
102
RTVSPost2010Prop42
 90
       50
102
RTVSPost2010PropOp42
 70
     1
102
RTVSPost2010Prop43
 90
        3
102
RTVSPost2010PropOp43
 70
     1
102
RTVSPost2010Prop44ColorIndex
 90
        5
102
RTVSPost2010Prop44ColorRGB
 90
      255
102
RTVSPost2010PropOp44
 70
     1
102
RTVSPost2010Prop45
280
     0
102
RTVSPost2010PropOp45
 70
     1
102
RTVSPost2010Prop46
 90
       50
102
RTVSPost2010PropOp46
 70
     1
102
RTVSPost2010Prop47
 90
       50
102
RTVSPost2010PropOp47
 70
     1
102
RTVSPost2010Prop48
 90
       50
102
RTVSPost2010PropOp48
 70
     1
102
RTVSPost2010Prop49
280
     0
102
RTVSPost2010PropOp49
 70
     1
102
RTVSPost2010Prop50
 90
       50
102
RTVSPost2010PropOp50
 70
     1
102
RTVSPost2010Prop51ColorIndex
 90
      256
102
RTVSPost2010Prop51ColorRGB
 90
-16777216
102
RTVSPost2010PropOp51
 70
     0
102
RTVSPost2010Prop52
140
1.0
102
RTVSPost2010PropOp52
 70
     0
102
RTVSPost2010Prop53
 90
        2
102
RTVSPost2010PropOp53
 70
     1
102
RTVSPost2010Prop54
  1
strokes_ogs.tif
102
RTVSPost2010PropOp54
 70
     1
102
RTVSPost2010Prop55
280
     0
102
RTVSPost2010PropOp55
 70
     1
102
RTVSPost2010Prop56
140
1.0
102
RTVSPost2010PropOp56
 70
     1
102
RTVSPost2010Prop57
140
1.0
102
RTVSPost2010PropOp57
 70
     1
102
RTVSPropertyOp0
 70
     1
102
RTVSPropertyOp1
 70
     1
102
RTVSPropertyOp2
 70
     1
102
RTVSPropertyOp3
 70
     1
102
RTVSPropertyOp4
 70
     1
102
RTVSPropertyOp5
 70
     1
102
RTVSPropertyOp6
 70
     1
102
RTVSPropertyOp7
 70
     1
102
RTVSPropertyOp8
 70
     1
102
RTVSPropertyOp9
 70
     1
102
RTVSPropertyOp10
 70
     1
102
RTVSPropertyOp11
 70
     1
102
RTVSPropertyOp12
 70
     1
102
RTVSPropertyOp13
 70
     1
102
RTVSPropertyOp14
 70
     1
102
RTVSPropertyOp15
 70
     1
102
RTVSPropertyOp16
 70
     1
102
RTVSPropertyOp17
 70
     1
102
RTVSPropertyOp18
 70
     1
102
RTVSPropertyOp19
 70
     1
102
RTVSPropertyOp20
 70
     1
102
RTVSPropertyOp21
 70
     1
102
RTVSPropertyOp22
 70
     1
102
RTVSPropertyOp23
 70
     1
102
RTVSPropertyOp24
 70
     1
102
RTVSPropertyOp25
 70
     1
102
RTVSPropertyOp26
 70
     1
102
RTVSPropertyOp27
 70
     1
102
RTVSPropertyOp28
 70
     1
102
RTVSPropertyOp29
 70
     1
102
RTVSPropertyOp30
 70
     1
102
RTVSPropertyOp31
 70
     1
102
RTVSPropertyOp32
 70
     1
102
RTVSPropertyOp33
 70
     1
102
RTVSPropertyOp34
 70
     1
102
RTVSPropertyOp35
 70
     1
102
RTVSPropertyOp36
 70
     1
102
RTVSPropertyOp37
 70
     1
102
RTVSPropertyOp38
 70
     1
102
RTVSPropertyOp39
 70
     1
102
RTVSPropertyOp40
 70
     1
102
RTVSPropertyOp41
 70
     1
102
RTVSPropertyOp42
 70
     1
102
RTVSPropertyOp43
 70
     1
102
RTVSPropertyOp44
 70
     1
102
RTVSPropertyOp45
 70
     1
102
RTVSPropertyOp46
 70
     1
102
RTVSPropertyOp47
 70
     1
102
RTVSPropertyOp48
 70
     1
102
RTVSPropertyOp49
 70
     1
102
RTVSPropertyOp50
 70
     1
102
RTVSPropertyOp51
 70
     0
102
RTVSPropertyOp52
 70
     0
102
RTVSPropertyOp53
 70
     1
102
RTVSPropertyOp54
 70
     1
102
RTVSPropertyOp55
 70
     1
102
RTVSPropertyOp56
 70
     1
102
RTVSPropertyOp57
 70
     1
102
RTVSPropertyOp58
 70
     1
102
RTVSPropertyOp59
 70
     1
102
RTVSPropertyOp60
 70
     1
102
RTVSPropertyOp61
 70
     1
102
RTVSPropertyOp62
 70
     1
  0
XRECORD
  5
A41
102
{ACAD_REACTORS
330
A40
102
}
330
A40
100
AcDbXrecord
280
     1
102
RTVSPost2010Prop28
280
     0
102
RTVSPost2010PropOp28
 70
     1
102
RTVSPost2010Prop29
280
     1
102
RTVSPost2010PropOp29
 70
     1
102
RTVSPost2010Prop30
280
     1
102
RTVSPost2010PropOp30
 70
     1
102
RTVSPost2010Prop31
280
     0
102
RTVSPost2010PropOp31
 70
     1
102
RTVSPost2010Prop32
280
     0
102
RTVSPost2010PropOp32
 70
     1
102
RTVSPost2010Prop33
280
     0
102
RTVSPost2010PropOp33
 70
     1
102
RTVSPost2010Prop34
280
     0
102
RTVSPost2010PropOp34
 70
     1
102
RTVSPost2010Prop35
280
     0
102
RTVSPost2010PropOp35
 70
     1
102
RTVSPost2010Prop36
280
     0
102
RTVSPost2010PropOp36
 70
     1
102
RTVSPost2010Prop37
 90
       50
102
RTVSPost2010PropOp37
 70
     1
102
RTVSPost2010Prop38
140
0.0
102
RTVSPost2010PropOp38
 70
     1
102
RTVSPost2010Prop39
140
1.0
102
RTVSPost2010PropOp39
 70
     1
102
RTVSPost2010Prop40
 90
        0
102
RTVSPost2010PropOp40
 70
     1
102
RTVSPost2010Prop41ColorIndex
 90
       18
102
RTVSPost2010Prop41ColorRGB
 90
        0
102
RTVSPost2010PropOp41
 70
     1
102
RTVSPost2010Prop42
 90
       50
102
RTVSPost2010PropOp42
 70
     1
102
RTVSPost2010Prop43
 90
        3
102
RTVSPost2010PropOp43
 70
     1
102
RTVSPost2010Prop44ColorIndex
 90
        5
102
RTVSPost2010Prop44ColorRGB
 90
      255
102
RTVSPost2010PropOp44
 70
     1
102
RTVSPost2010Prop45
280
     0
102
RTVSPost2010PropOp45
 70
     1
102
RTVSPost2010Prop46
 90
       50
102
RTVSPost2010PropOp46
 70
     1
102
RTVSPost2010Prop47
 90
       50
102
RTVSPost2010PropOp47
 70
     1
102
RTVSPost2010Prop48
 90
       50
102
RTVSPost2010PropOp48
 70
     1
102
RTVSPost2010Prop49
280
     0
102
RTVSPost2010PropOp49
 70
     1
102
RTVSPost2010Prop50
 90
       50
102
RTVSPost2010PropOp50
 70
     1
102
RTVSPost2010Prop51ColorIndex
 90
      256
102
RTVSPost2010Prop51ColorRGB
 90
-16777216
102
RTVSPost2010PropOp51
 70
     0
102
RTVSPost2010Prop52
140
1.0
102
RTVSPost2010PropOp52
 70
     0
102
RTVSPost2010Prop53
 90
        2
102
RTVSPost2010PropOp53
 70
     1
102
RTVSPost2010Prop54
  1
strokes_ogs.tif
102
RTVSPost2010PropOp54
 70
     1
102
RTVSPost2010Prop55
280
     0
102
RTVSPost2010PropOp55
 70
     1
102
RTVSPost2010Prop56
140
1.0
102
RTVSPost2010PropOp56
 70
     1
102
RTVSPost2010Prop57
140
1.0
102
RTVSPost2010PropOp57
 70
     1
102
RTVSPropertyOp0
 70
     1
102
RTVSPropertyOp1
 70
     1
102
RTVSPropertyOp2
 70
     1
102
RTVSPropertyOp3
 70
     1
102
RTVSPropertyOp4
 70
     1
102
RTVSPropertyOp5
 70
     1
102
RTVSPropertyOp6
 70
     1
102
RTVSPropertyOp7
 70
     1
102
RTVSPropertyOp8
 70
     1
102
RTVSPropertyOp9
 70
     1
102
RTVSPropertyOp10
 70
     1
102
RTVSPropertyOp11
 70
     1
102
RTVSPropertyOp12
 70
     1
102
RTVSPropertyOp13
 70
     1
102
RTVSPropertyOp14
 70
     1
102
RTVSPropertyOp15
 70
     1
102
RTVSPropertyOp16
 70
     1
102
RTVSPropertyOp17
 70
     1
102
RTVSPropertyOp18
 70
     1
102
RTVSPropertyOp19
 70
     1
102
RTVSPropertyOp20
 70
     1
102
RTVSPropertyOp21
 70
     1
102
RTVSPropertyOp22
 70
     1
102
RTVSPropertyOp23
 70
     1
102
RTVSPropertyOp24
 70
     1
102
RTVSPropertyOp25
 70
     1
102
RTVSPropertyOp26
 70
     1
102
RTVSPropertyOp27
 70
     1
102
RTVSPropertyOp28
 70
     1
102
RTVSPropertyOp29
 70
     1
102
RTVSPropertyOp30
 70
     1
102
RTVSPropertyOp31
 70
     1
102
RTVSPropertyOp32
 70
     1
102
RTVSPropertyOp33
 70
     1
102
RTVSPropertyOp34
 70
     1
102
RTVSPropertyOp35
 70
     1
102
RTVSPropertyOp36
 70
     1
102
RTVSPropertyOp37
 70
     1
102
RTVSPropertyOp38
 70
     1
102
RTVSPropertyOp39
 70
     1
102
RTVSPropertyOp40
 70
     1
102
RTVSPropertyOp41
 70
     1
102
RTVSPropertyOp42
 70
     1
102
RTVSPropertyOp43
 70
     1
102
RTVSPropertyOp44
 70
     1
102
RTVSPropertyOp45
 70
     1
102
RTVSPropertyOp46
 70
     1
102
RTVSPropertyOp47
 70
     1
102
RTVSPropertyOp48
 70
     1
102
RTVSPropertyOp49
 70
     1
102
RTVSPropertyOp50
 70
     1
102
RTVSPropertyOp51
 70
     0
102
RTVSPropertyOp52
 70
     0
102
RTVSPropertyOp53
 70
     1
102
RTVSPropertyOp54
 70
     1
102
RTVSPropertyOp55
 70
     1
102
RTVSPropertyOp56
 70
     1
102
RTVSPropertyOp57
 70
     1
102
RTVSPropertyOp58
 70
     1
102
RTVSPropertyOp59
 70
     1
102
RTVSPropertyOp60
 70
     1
102
RTVSPropertyOp61
 70
     1
102
RTVSPropertyOp62
 70
     1
  0
XRECORD
  5
A31
102
{ACAD_REACTORS
330
A30
102
}
330
A30
100
AcDbXrecord
280
     1
102
RTVSPost2010Prop28
280
     0
102
RTVSPost2010PropOp28
 70
     1
102
RTVSPost2010Prop29
280
     1
102
RTVSPost2010PropOp29
 70
     1
102
RTVSPost2010Prop30
280
     1
102
RTVSPost2010PropOp30
 70
     1
102
RTVSPost2010Prop31
280
     0
102
RTVSPost2010PropOp31
 70
     1
102
RTVSPost2010Prop32
280
     0
102
RTVSPost2010PropOp32
 70
     1
102
RTVSPost2010Prop33
280
     0
102
RTVSPost2010PropOp33
 70
     1
102
RTVSPost2010Prop34
280
     0
102
RTVSPost2010PropOp34
 70
     1
102
RTVSPost2010Prop35
280
     0
102
RTVSPost2010PropOp35
 70
     1
102
RTVSPost2010Prop36
280
     0
102
RTVSPost2010PropOp36
 70
     1
102
RTVSPost2010Prop37
 90
       50
102
RTVSPost2010PropOp37
 70
     1
102
RTVSPost2010Prop38
140
0.0
102
RTVSPost2010PropOp38
 70
     1
102
RTVSPost2010Prop39
140
1.0
102
RTVSPost2010PropOp39
 70
     1
102
RTVSPost2010Prop40
 90
        0
102
RTVSPost2010PropOp40
 70
     1
102
RTVSPost2010Prop41ColorIndex
 90
       18
102
RTVSPost2010Prop41ColorRGB
 90
        0
102
RTVSPost2010PropOp41
 70
     1
102
RTVSPost2010Prop42
 90
       50
102
RTVSPost2010PropOp42
 70
     1
102
RTVSPost2010Prop43
 90
        3
102
RTVSPost2010PropOp43
 70
     1
102
RTVSPost2010Prop44ColorIndex
 90
        5
102
RTVSPost2010Prop44ColorRGB
 90
      255
102
RTVSPost2010PropOp44
 70
     1
102
RTVSPost2010Prop45
280
     0
102
RTVSPost2010PropOp45
 70
     1
102
RTVSPost2010Prop46
 90
       50
102
RTVSPost2010PropOp46
 70
     1
102
RTVSPost2010Prop47
 90
       50
102
RTVSPost2010PropOp47
 70
     1
102
RTVSPost2010Prop48
 90
       50
102
RTVSPost2010PropOp48
 70
     1
102
RTVSPost2010Prop49
280
     0
102
RTVSPost2010PropOp49
 70
     1
102
RTVSPost2010Prop50
 90
       50
102
RTVSPost2010PropOp50
 70
     1
102
RTVSPost2010Prop51ColorIndex
 90
      256
102
RTVSPost2010Prop51ColorRGB
 90
-16777216
102
RTVSPost2010PropOp51
 70
     0
102
RTVSPost2010Prop52
140
1.0
102
RTVSPost2010PropOp52
 70
     0
102
RTVSPost2010Prop53
 90
        2
102
RTVSPost2010PropOp53
 70
     1
102
RTVSPost2010Prop54
  1
strokes_ogs.tif
102
RTVSPost2010PropOp54
 70
     1
102
RTVSPost2010Prop55
280
     0
102
RTVSPost2010PropOp55
 70
     1
102
RTVSPost2010Prop56
140
1.0
102
RTVSPost2010PropOp56
 70
     1
102
RTVSPost2010Prop57
140
1.0
102
RTVSPost2010PropOp57
 70
     1
102
RTVSPropertyOp0
 70
     1
102
RTVSPropertyOp1
 70
     1
102
RTVSPropertyOp2
 70
     1
102
RTVSPropertyOp3
 70
     1
102
RTVSPropertyOp4
 70
     1
102
RTVSPropertyOp5
 70
     1
102
RTVSPropertyOp6
 70
     1
102
RTVSPropertyOp7
 70
     1
102
RTVSPropertyOp8
 70
     1
102
RTVSPropertyOp9
 70
     1
102
RTVSPropertyOp10
 70
     1
102
RTVSPropertyOp11
 70
     1
102
RTVSPropertyOp12
 70
     1
102
RTVSPropertyOp13
 70
     1
102
RTVSPropertyOp14
 70
     1
102
RTVSPropertyOp15
 70
     1
102
RTVSPropertyOp16
 70
     1
102
RTVSPropertyOp17
 70
     1
102
RTVSPropertyOp18
 70
     1
102
RTVSPropertyOp19
 70
     1
102
RTVSPropertyOp20
 70
     1
102
RTVSPropertyOp21
 70
     1
102
RTVSPropertyOp22
 70
     1
102
RTVSPropertyOp23
 70
     1
102
RTVSPropertyOp24
 70
     1
102
RTVSPropertyOp25
 70
     1
102
RTVSPropertyOp26
 70
     1
102
RTVSPropertyOp27
 70
     1
102
RTVSPropertyOp28
 70
     1
102
RTVSPropertyOp29
 70
     1
102
RTVSPropertyOp30
 70
     1
102
RTVSPropertyOp31
 70
     1
102
RTVSPropertyOp32
 70
     1
102
RTVSPropertyOp33
 70
     1
102
RTVSPropertyOp34
 70
     1
102
RTVSPropertyOp35
 70
     1
102
RTVSPropertyOp36
 70
     1
102
RTVSPropertyOp37
 70
     1
102
RTVSPropertyOp38
 70
     1
102
RTVSPropertyOp39
 70
     1
102
RTVSPropertyOp40
 70
     1
102
RTVSPropertyOp41
 70
     1
102
RTVSPropertyOp42
 70
     1
102
RTVSPropertyOp43
 70
     1
102
RTVSPropertyOp44
 70
     1
102
RTVSPropertyOp45
 70
     1
102
RTVSPropertyOp46
 70
     1
102
RTVSPropertyOp47
 70
     1
102
RTVSPropertyOp48
 70
     1
102
RTVSPropertyOp49
 70
     1
102
RTVSPropertyOp50
 70
     1
102
RTVSPropertyOp51
 70
     0
102
RTVSPropertyOp52
 70
     0
102
RTVSPropertyOp53
 70
     1
102
RTVSPropertyOp54
 70
     1
102
RTVSPropertyOp55
 70
     1
102
RTVSPropertyOp56
 70
     1
102
RTVSPropertyOp57
 70
     1
102
RTVSPropertyOp58
 70
     1
102
RTVSPropertyOp59
 70
     1
102
RTVSPropertyOp60
 70
     1
102
RTVSPropertyOp61
 70
     1
102
RTVSPropertyOp62
 70
     1
  0
XRECORD
  5
A25
102
{ACAD_REACTORS
330
A24
102
}
330
A24
100
AcDbXrecord
280
     1
102
RTVSPost2010Prop28
280
     0
102
RTVSPost2010PropOp28
 70
     1
102
RTVSPost2010Prop29
280
     1
102
RTVSPost2010PropOp29
 70
     1
102
RTVSPost2010Prop30
280
     1
102
RTVSPost2010PropOp30
 70
     1
102
RTVSPost2010Prop31
280
     0
102
RTVSPost2010PropOp31
 70
     1
102
RTVSPost2010Prop32
280
     0
102
RTVSPost2010PropOp32
 70
     1
102
RTVSPost2010Prop33
280
     0
102
RTVSPost2010PropOp33
 70
     1
102
RTVSPost2010Prop34
280
     0
102
RTVSPost2010PropOp34
 70
     1
102
RTVSPost2010Prop35
280
     0
102
RTVSPost2010PropOp35
 70
     1
102
RTVSPost2010Prop36
280
     0
102
RTVSPost2010PropOp36
 70
     1
102
RTVSPost2010Prop37
 90
       50
102
RTVSPost2010PropOp37
 70
     1
102
RTVSPost2010Prop38
140
0.0
102
RTVSPost2010PropOp38
 70
     1
102
RTVSPost2010Prop39
140
1.0
102
RTVSPost2010PropOp39
 70
     1
102
RTVSPost2010Prop40
 90
        0
102
RTVSPost2010PropOp40
 70
     1
102
RTVSPost2010Prop41ColorIndex
 90
       18
102
RTVSPost2010Prop41ColorRGB
 90
        0
102
RTVSPost2010PropOp41
 70
     1
102
RTVSPost2010Prop42
 90
       50
102
RTVSPost2010PropOp42
 70
     1
102
RTVSPost2010Prop43
 90
        3
102
RTVSPost2010PropOp43
 70
     1
102
RTVSPost2010Prop44ColorIndex
 90
        5
102
RTVSPost2010Prop44ColorRGB
 90
      255
102
RTVSPost2010PropOp44
 70
     1
102
RTVSPost2010Prop45
280
     0
102
RTVSPost2010PropOp45
 70
     1
102
RTVSPost2010Prop46
 90
       50
102
RTVSPost2010PropOp46
 70
     1
102
RTVSPost2010Prop47
 90
       50
102
RTVSPost2010PropOp47
 70
     1
102
RTVSPost2010Prop48
 90
       50
102
RTVSPost2010PropOp48
 70
     1
102
RTVSPost2010Prop49
280
     0
102
RTVSPost2010PropOp49
 70
     1
102
RTVSPost2010Prop50
 90
       50
102
RTVSPost2010PropOp50
 70
     1
102
RTVSPost2010Prop51ColorIndex
 90
      256
102
RTVSPost2010Prop51ColorRGB
 90
-16777216
102
RTVSPost2010PropOp51
 70
     0
102
RTVSPost2010Prop52
140
1.0
102
RTVSPost2010PropOp52
 70
     0
102
RTVSPost2010Prop53
 90
        2
102
RTVSPost2010PropOp53
 70
     1
102
RTVSPost2010Prop54
  1
strokes_ogs.tif
102
RTVSPost2010PropOp54
 70
     1
102
RTVSPost2010Prop55
280
     0
102
RTVSPost2010PropOp55
 70
     1
102
RTVSPost2010Prop56
140
1.0
102
RTVSPost2010PropOp56
 70
     1
102
RTVSPost2010Prop57
140
1.0
102
RTVSPost2010PropOp57
 70
     1
102
RTVSPropertyOp0
 70
     1
102
RTVSPropertyOp1
 70
     1
102
RTVSPropertyOp2
 70
     1
102
RTVSPropertyOp3
 70
     1
102
RTVSPropertyOp4
 70
     1
102
RTVSPropertyOp5
 70
     1
102
RTVSPropertyOp6
 70
     1
102
RTVSPropertyOp7
 70
     1
102
RTVSPropertyOp8
 70
     1
102
RTVSPropertyOp9
 70
     1
102
RTVSPropertyOp10
 70
     1
102
RTVSPropertyOp11
 70
     1
102
RTVSPropertyOp12
 70
     1
102
RTVSPropertyOp13
 70
     1
102
RTVSPropertyOp14
 70
     1
102
RTVSPropertyOp15
 70
     1
102
RTVSPropertyOp16
 70
     1
102
RTVSPropertyOp17
 70
     1
102
RTVSPropertyOp18
 70
     1
102
RTVSPropertyOp19
 70
     1
102
RTVSPropertyOp20
 70
     1
102
RTVSPropertyOp21
 70
     1
102
RTVSPropertyOp22
 70
     1
102
RTVSPropertyOp23
 70
     1
102
RTVSPropertyOp24
 70
     1
102
RTVSPropertyOp25
 70
     1
102
RTVSPropertyOp26
 70
     1
102
RTVSPropertyOp27
 70
     1
102
RTVSPropertyOp28
 70
     1
102
RTVSPropertyOp29
 70
     1
102
RTVSPropertyOp30
 70
     1
102
RTVSPropertyOp31
 70
     1
102
RTVSPropertyOp32
 70
     1
102
RTVSPropertyOp33
 70
     1
102
RTVSPropertyOp34
 70
     1
102
RTVSPropertyOp35
 70
     1
102
RTVSPropertyOp36
 70
     1
102
RTVSPropertyOp37
 70
     1
102
RTVSPropertyOp38
 70
     1
102
RTVSPropertyOp39
 70
     1
102
RTVSPropertyOp40
 70
     1
102
RTVSPropertyOp41
 70
     1
102
RTVSPropertyOp42
 70
     1
102
RTVSPropertyOp43
 70
     1
102
RTVSPropertyOp44
 70
     1
102
RTVSPropertyOp45
 70
     1
102
RTVSPropertyOp46
 70
     1
102
RTVSPropertyOp47
 70
     1
102
RTVSPropertyOp48
 70
     1
102
RTVSPropertyOp49
 70
     1
102
RTVSPropertyOp50
 70
     1
102
RTVSPropertyOp51
 70
     0
102
RTVSPropertyOp52
 70
     0
102
RTVSPropertyOp53
 70
     1
102
RTVSPropertyOp54
 70
     1
102
RTVSPropertyOp55
 70
     1
102
RTVSPropertyOp56
 70
     1
102
RTVSPropertyOp57
 70
     1
102
RTVSPropertyOp58
 70
     1
102
RTVSPropertyOp59
 70
     1
102
RTVSPropertyOp60
 70
     1
102
RTVSPropertyOp61
 70
     1
102
RTVSPropertyOp62
 70
     1
  0
XRECORD
  5
A43
102
{ACAD_REACTORS
330
A42
102
}
330
A42
100
AcDbXrecord
280
     1
102
RTVSPost2010Prop28
280
     0
102
RTVSPost2010PropOp28
 70
     1
102
RTVSPost2010Prop29
280
     1
102
RTVSPost2010PropOp29
 70
     1
102
RTVSPost2010Prop30
280
     1
102
RTVSPost2010PropOp30
 70
     1
102
RTVSPost2010Prop31
280
     0
102
RTVSPost2010PropOp31
 70
     1
102
RTVSPost2010Prop32
280
     0
102
RTVSPost2010PropOp32
 70
     1
102
RTVSPost2010Prop33
280
     0
102
RTVSPost2010PropOp33
 70
     1
102
RTVSPost2010Prop34
280
     0
102
RTVSPost2010PropOp34
 70
     1
102
RTVSPost2010Prop35
280
     0
102
RTVSPost2010PropOp35
 70
     1
102
RTVSPost2010Prop36
280
     0
102
RTVSPost2010PropOp36
 70
     1
102
RTVSPost2010Prop37
 90
       50
102
RTVSPost2010PropOp37
 70
     1
102
RTVSPost2010Prop38
140
0.0
102
RTVSPost2010PropOp38
 70
     1
102
RTVSPost2010Prop39
140
1.0
102
RTVSPost2010PropOp39
 70
     1
102
RTVSPost2010Prop40
 90
        0
102
RTVSPost2010PropOp40
 70
     1
102
RTVSPost2010Prop41ColorIndex
 90
       18
102
RTVSPost2010Prop41ColorRGB
 90
        0
102
RTVSPost2010PropOp41
 70
     1
102
RTVSPost2010Prop42
 90
       50
102
RTVSPost2010PropOp42
 70
     1
102
RTVSPost2010Prop43
 90
        3
102
RTVSPost2010PropOp43
 70
     1
102
RTVSPost2010Prop44ColorIndex
 90
        5
102
RTVSPost2010Prop44ColorRGB
 90
      255
102
RTVSPost2010PropOp44
 70
     1
102
RTVSPost2010Prop45
280
     0
102
RTVSPost2010PropOp45
 70
     1
102
RTVSPost2010Prop46
 90
       50
102
RTVSPost2010PropOp46
 70
     1
102
RTVSPost2010Prop47
 90
       50
102
RTVSPost2010PropOp47
 70
     1
102
RTVSPost2010Prop48
 90
       50
102
RTVSPost2010PropOp48
 70
     1
102
RTVSPost2010Prop49
280
     0
102
RTVSPost2010PropOp49
 70
     1
102
RTVSPost2010Prop50
 90
       50
102
RTVSPost2010PropOp50
 70
     1
102
RTVSPost2010Prop51ColorIndex
 90
      256
102
RTVSPost2010Prop51ColorRGB
 90
-16777216
102
RTVSPost2010PropOp51
 70
     0
102
RTVSPost2010Prop52
140
1.0
102
RTVSPost2010PropOp52
 70
     0
102
RTVSPost2010Prop53
 90
        2
102
RTVSPost2010PropOp53
 70
     1
102
RTVSPost2010Prop54
  1
strokes_ogs.tif
102
RTVSPost2010PropOp54
 70
     1
102
RTVSPost2010Prop55
280
     0
102
RTVSPost2010PropOp55
 70
     1
102
RTVSPost2010Prop56
140
1.0
102
RTVSPost2010PropOp56
 70
     1
102
RTVSPost2010Prop57
140
1.0
102
RTVSPost2010PropOp57
 70
     1
102
RTVSPropertyOp0
 70
     1
102
RTVSPropertyOp1
 70
     1
102
RTVSPropertyOp2
 70
     1
102
RTVSPropertyOp3
 70
     1
102
RTVSPropertyOp4
 70
     1
102
RTVSPropertyOp5
 70
     1
102
RTVSPropertyOp6
 70
     1
102
RTVSPropertyOp7
 70
     1
102
RTVSPropertyOp8
 70
     1
102
RTVSPropertyOp9
 70
     1
102
RTVSPropertyOp10
 70
     1
102
RTVSPropertyOp11
 70
     1
102
RTVSPropertyOp12
 70
     1
102
RTVSPropertyOp13
 70
     1
102
RTVSPropertyOp14
 70
     1
102
RTVSPropertyOp15
 70
     1
102
RTVSPropertyOp16
 70
     1
102
RTVSPropertyOp17
 70
     1
102
RTVSPropertyOp18
 70
     1
102
RTVSPropertyOp19
 70
     1
102
RTVSPropertyOp20
 70
     1
102
RTVSPropertyOp21
 70
     1
102
RTVSPropertyOp22
 70
     1
102
RTVSPropertyOp23
 70
     1
102
RTVSPropertyOp24
 70
     1
102
RTVSPropertyOp25
 70
     1
102
RTVSPropertyOp26
 70
     1
102
RTVSPropertyOp27
 70
     1
102
RTVSPropertyOp28
 70
     1
102
RTVSPropertyOp29
 70
     1
102
RTVSPropertyOp30
 70
     1
102
RTVSPropertyOp31
 70
     1
102
RTVSPropertyOp32
 70
     1
102
RTVSPropertyOp33
 70
     1
102
RTVSPropertyOp34
 70
     1
102
RTVSPropertyOp35
 70
     1
102
RTVSPropertyOp36
 70
     1
102
RTVSPropertyOp37
 70
     1
102
RTVSPropertyOp38
 70
     1
102
RTVSPropertyOp39
 70
     1
102
RTVSPropertyOp40
 70
     1
102
RTVSPropertyOp41
 70
     1
102
RTVSPropertyOp42
 70
     1
102
RTVSPropertyOp43
 70
     1
102
RTVSPropertyOp44
 70
     1
102
RTVSPropertyOp45
 70
     1
102
RTVSPropertyOp46
 70
     1
102
RTVSPropertyOp47
 70
     1
102
RTVSPropertyOp48
 70
     1
102
RTVSPropertyOp49
 70
     1
102
RTVSPropertyOp50
 70
     1
102
RTVSPropertyOp51
 70
     0
102
RTVSPropertyOp52
 70
     0
102
RTVSPropertyOp53
 70
     1
102
RTVSPropertyOp54
 70
     1
102
RTVSPropertyOp55
 70
     1
102
RTVSPropertyOp56
 70
     1
102
RTVSPropertyOp57
 70
     1
102
RTVSPropertyOp58
 70
     1
102
RTVSPropertyOp59
 70
     1
102
RTVSPropertyOp60
 70
     1
102
RTVSPropertyOp61
 70
     1
102
RTVSPropertyOp62
 70
     1
  0
ENDSEC
  0
EOF
