  0
SECTION
  2
HEADER
  9
$ACADVER
  1
AC1021
  9
$ACADMAINTVER
 70
    50
  9
$DWGCODEPAGE
  3
ANSI_1251
  9
$LASTSAVEDBY
  1
mc
  9
$INSBASE
 10
0.0
 20
0.0
 30
0.0
  9
$EXTMIN
 10
-1212.125
 20
-234.25
 30
0.0
  9
$EXTMAX
 10
541.2500000000011
 20
736.125
 30
0.0
  9
$LIMMIN
 10
0.0
 20
0.0
  9
$LIMMAX
 10
420.0
 20
297.0
  9
$ORTHOMODE
 70
     0
  9
$REGENMODE
 70
     1
  9
$FILLMODE
 70
     1
  9
$QTEXTMODE
 70
     0
  9
$MIRRTEXT
 70
     0
  9
$LTSCALE
 40
1.0
  9
$ATTMODE
 70
     1
  9
$TEXTSIZE
 40
20.0
  9
$TRACEWID
 40
1.0
  9
$TEXTSTYLE
  7
Standard
  9
$CLAYER
  8
0
  9
$CELTYPE
  6
ByLayer
  9
$CECOLOR
 62
   256
  9
$CELTSCALE
 40
1.0
  9
$DISPSILH
 70
     0
  9
$DIMSCALE
 40
1.0
  9
$DIMASZ
 40
2.5
  9
$DIMEXO
 40
0.625
  9
$DIMDLI
 40
3.75
  9
$DIMRND
 40
0.0
  9
$DIMDLE
 40
0.0
  9
$DIMEXE
 40
1.25
  9
$DIMTP
 40
0.0
  9
$DIMTM
 40
0.0
  9
$DIMTXT
 40
2.5
  9
$DIMCEN
 40
2.5
  9
$DIMTSZ
 40
0.0
  9
$DIMTOL
 70
     0
  9
$DIMLIM
 70
     0
  9
$DIMTIH
 70
     0
  9
$DIMTOH
 70
     0
  9
$DIMSE1
 70
     0
  9
$DIMSE2
 70
     0
  9
$DIMTAD
 70
     1
  9
$DIMZIN
 70
     8
  9
$DIMBLK
  1

  9
$DIMASO
 70
     1
  9
$DIMSHO
 70
     1
  9
$DIMPOST
  1

  9
$DIMAPOST
  1

  9
$DIMALT
 70
     0
  9
$DIMALTD
 70
     3
  9
$DIMALTF
 40
0.03937007874016
  9
$DIMLFAC
 40
1.0
  9
$DIMTOFL
 70
     1
  9
$DIMTVP
 40
0.0
  9
$DIMTIX
 70
     0
  9
$DIMSOXD
 70
     0
  9
$DIMSAH
 70
     0
  9
$DIMBLK1
  1

  9
$DIMBLK2
  1

  9
$DIMSTYLE
  2
ISO-25
  9
$DIMCLRD
 70
     0
  9
$DIMCLRE
 70
     0
  9
$DIMCLRT
 70
     0
  9
$DIMTFAC
 40
1.0
  9
$DIMGAP
 40
0.625
  9
$DIMJUST
 70
     0
  9
$DIMSD1
 70
     0
  9
$DIMSD2
 70
     0
  9
$DIMTOLJ
 70
     0
  9
$DIMTZIN
 70
     8
  9
$DIMALTZ
 70
     0
  9
$DIMALTTZ
 70
     0
  9
$DIMUPT
 70
     0
  9
$DIMDEC
 70
     2
  9
$DIMTDEC
 70
     2
  9
$DIMALTU
 70
     2
  9
$DIMALTTD
 70
     3
  9
$DIMTXSTY
  7
Standard
  9
$DIMAUNIT
 70
     0
  9
$DIMADEC
 70
     0
  9
$DIMALTRND
 40
0.0
  9
$DIMAZIN
 70
     0
  9
$DIMDSEP
 70
    44
  9
$DIMATFIT
 70
     3
  9
$DIMFRAC
 70
     0
  9
$DIMLDRBLK
  1

  9
$DIMLUNIT
 70
     2
  9
$DIMLWD
 70
    -2
  9
$DIMLWE
 70
    -2
  9
$DIMTMOVE
 70
     0
  9
$DIMFXL
 40
1.0
  9
$DIMFXLON
 70
     0
  9
$DIMJOGANG
 40
0.7853981633974483
  9
$DIMTFILL
 70
     0
  9
$DIMTFILLCLR
 70
     0
  9
$DIMARCSYM
 70
     0
  9
$DIMLTYPE
  6

  9
$DIMLTEX1
  6

  9
$DIMLTEX2
  6

  9
$LUNITS
 70
     2
  9
$LUPREC
 70
     1
  9
$SKETCHINC
 40
1.0
  9
$FILLETRAD
 40
0.0
  9
$AUNITS
 70
     0
  9
$AUPREC
 70
     0
  9
$MENU
  1
.
  9
$ELEVATION
 40
0.0
  9
$PELEVATION
 40
0.0
  9
$THICKNESS
 40
0.0
  9
$LIMCHECK
 70
     0
  9
$CHAMFERA
 40
0.0
  9
$CHAMFERB
 40
0.0
  9
$CHAMFERC
 40
0.0
  9
$CHAMFERD
 40
0.0
  9
$SKPOLY
 70
     0
  9
$TDCREATE
 40
2460820.872048611
  9
$TDUCREATE
 40
2460820.747049537
  9
$TDUPDATE
 40
2460848.943125000
  9
$TDUUPDATE
 40
2460848.818125001
  9
$TDINDWG
 40
0.3432449537
  9
$TDUSRTIMER
 40
0.3432448380
  9
$USRTIMER
 70
     1
  9
$ANGBASE
 50
0.0
  9
$ANGDIR
 70
     0
  9
$PDMODE
 70
     0
  9
$PDSIZE
 40
0.0
  9
$PLINEWID
 40
0.0
  9
$SPLFRAME
 70
     0
  9
$SPLINETYPE
 70
     6
  9
$SPLINESEGS
 70
     8
  9
$HANDSEED
  5
2E28
  9
$SURFTAB1
 70
     6
  9
$SURFTAB2
 70
     6
  9
$SURFTYPE
 70
     6
  9
$SURFU
 70
     6
  9
$SURFV
 70
     6
  9
$UCSBASE
  2

  9
$UCSNAME
  2

  9
$UCSORG
 10
0.0
 20
0.0
 30
0.0
  9
$UCSXDIR
 10
1.0
 20
0.0
 30
0.0
  9
$UCSYDIR
 10
0.0
 20
1.0
 30
0.0
  9
$UCSORTHOREF
  2

  9
$UCSORTHOVIEW
 70
     0
  9
$UCSORGTOP
 10
0.0
 20
0.0
 30
0.0
  9
$UCSORGBOTTOM
 10
0.0
 20
0.0
 30
0.0
  9
$UCSORGLEFT
 10
0.0
 20
0.0
 30
0.0
  9
$UCSORGRIGHT
 10
0.0
 20
0.0
 30
0.0
  9
$UCSORGFRONT
 10
0.0
 20
0.0
 30
0.0
  9
$UCSORGBACK
 10
0.0
 20
0.0
 30
0.0
  9
$PUCSBASE
  2

  9
$PUCSNAME
  2

  9
$PUCSORG
 10
0.0
 20
0.0
 30
0.0
  9
$PUCSXDIR
 10
1.0
 20
0.0
 30
0.0
  9
$PUCSYDIR
 10
0.0
 20
1.0
 30
0.0
  9
$PUCSORTHOREF
  2

  9
$PUCSORTHOVIEW
 70
     0
  9
$PUCSORGTOP
 10
0.0
 20
0.0
 30
0.0
  9
$PUCSORGBOTTOM
 10
0.0
 20
0.0
 30
0.0
  9
$PUCSORGLEFT
 10
0.0
 20
0.0
 30
0.0
  9
$PUCSORGRIGHT
 10
0.0
 20
0.0
 30
0.0
  9
$PUCSORGFRONT
 10
0.0
 20
0.0
 30
0.0
  9
$PUCSORGBACK
 10
0.0
 20
0.0
 30
0.0
  9
$USERI1
 70
     0
  9
$USERI2
 70
     0
  9
$USERI3
 70
     0
  9
$USERI4
 70
     0
  9
$USERI5
 70
     0
  9
$USERR1
 40
0.0
  9
$USERR2
 40
0.0
  9
$USERR3
 40
0.0
  9
$USERR4
 40
0.0
  9
$USERR5
 40
0.0
  9
$WORLDVIEW
 70
     1
  9
$SHADEDGE
 70
     3
  9
$SHADEDIF
 70
    70
  9
$TILEMODE
 70
     1
  9
$MAXACTVP
 70
    64
  9
$PINSBASE
 10
0.0
 20
0.0
 30
0.0
  9
$PLIMCHECK
 70
     0
  9
$PEXTMIN
 10
-0.0143109333266693
 20
-0.0111961517601458
 30
-0.0015258207003583
  9
$PEXTMAX
 10
413.8226624992164
 20
290.7142066635917
 30
0.0000000349246037
  9
$PLIMMIN
 10
-3.17498779296875
 20
-3.174999952316284
  9
$PLIMMAX
 10
416.9833374023437
 20
293.8780090808868
  9
$UNITMODE
 70
     0
  9
$VISRETAIN
 70
     1
  9
$PLINEGEN
 70
     0
  9
$PSLTSCALE
 70
     1
  9
$TREEDEPTH
 70
  3020
  9
$CMLSTYLE
  2
Standard
  9
$CMLJUST
 70
     0
  9
$CMLSCALE
 40
20.0
  9
$PROXYGRAPHICS
 70
     1
  9
$MEASUREMENT
 70
     1
  9
$CELWEIGHT
370
    -1
  9
$ENDCAPS
280
     0
  9
$JOINSTYLE
280
     0
  9
$LWDISPLAY
290
     0
  9
$INSUNITS
 70
     4
  9
$HYPERLINKBASE
  1

  9
$STYLESHEET
  1

  9
$XEDIT
290
     1
  9
$CEPSNTYPE
380
     0
  9
$PSTYLEMODE
290
     1
  9
$FINGERPRINTGUID
  2
{55E32F9D-1EF6-49BE-B752-D17075FE58FD}
  9
$VERSIONGUID
  2
{7AFA4507-86BA-E541-87C2-877E25733004}
  9
$EXTNAMES
290
     1
  9
$PSVPSCALE
 40
0.0
  9
$OLESTARTUP
290
     0
  9
$SORTENTS
280
   127
  9
$INDEXCTL
280
     0
  9
$HIDETEXT
280
     1
  9
$XCLIPFRAME
290
     0
  9
$HALOGAP
280
     0
  9
$OBSCOLOR
 70
   257
  9
$OBSLTYPE
280
     0
  9
$INTERSECTIONDISPLAY
280
     0
  9
$INTERSECTIONCOLOR
 70
   257
  9
$DIMASSOC
280
     2
  9
$PROJECTNAME
  1

  9
$CAMERADISPLAY
290
     0
  9
$LENSLENGTH
 40
50.0
  9
$CAMERAHEIGHT
 40
0.0
  9
$STEPSPERSEC
 40
2.0
  9
$STEPSIZE
 40
6.0
  9
$3DDWFPREC
 40
2.0
  9
$PSOLWIDTH
 40
5.0
  9
$PSOLHEIGHT
 40
80.0
  9
$LOFTANG1
 40
1.570796326794896
  9
$LOFTANG2
 40
1.570796326794896
  9
$LOFTMAG1
 40
0.0
  9
$LOFTMAG2
 40
0.0
  9
$LOFTPARAM
 70
     7
  9
$LOFTNORMALS
280
     1
  9
$LATITUDE
 40
37.795
  9
$LONGITUDE
 40
-122.394
  9
$NORTHDIRECTION
 40
0.0
  9
$TIMEZONE
 70
 -8000
  9
$LIGHTGLYPHDISPLAY
280
     1
  9
$TILEMODELIGHTSYNCH
280
     1
  9
$CMATERIAL
347
EC
  9
$SOLIDHIST
280
     1
  9
$SHOWHIST
280
     1
  9
$DWFFRAME
280
     2
  9
$DGNFRAME
280
     0
  9
$REALWORLDSCALE
290
     1
  9
$INTERFERECOLOR
 62
     1
  9
$INTERFEREOBJVS
345
F9
  9
$INTERFEREVPVS
346
200B
  9
$CSHADOW
280
     0
  9
$SHADOWPLANELOCATION
 40
0.0
  0
ENDSEC
  0
SECTION
  2
CLASSES
  0
CLASS
  1
ACDBDICTIONARYWDFLT
  2
AcDbDictionaryWithDefault
  3
ObjectDBX Classes
 90
        0
 91
        1
280
     0
281
     0
  0
CLASS
  1
DICTIONARYVAR
  2
AcDbDictionaryVar
  3
ObjectDBX Classes
 90
        0
 91
       57
280
     0
281
     0
  0
CLASS
  1
TABLESTYLE
  2
AcDbTableStyle
  3
ObjectDBX Classes
 90
     4095
 91
        1
280
     0
281
     0
  0
CLASS
  1
MATERIAL
  2
AcDbMaterial
  3
ObjectDBX Classes
 90
     1153
 91
        3
280
     0
281
     0
  0
CLASS
  1
VISUALSTYLE
  2
AcDbVisualStyle
  3
ObjectDBX Classes
 90
     4095
 91
       26
280
     0
281
     0
  0
CLASS
  1
SCALE
  2
AcDbScale
  3
ObjectDBX Classes
 90
     1153
 91
       33
280
     0
281
     0
  0
CLASS
  1
MLEADERSTYLE
  2
AcDbMLeaderStyle
  3
ACDB_MLEADERSTYLE_CLASS
 90
     4095
 91
        2
280
     0
281
     0
  0
CLASS
  1
CELLSTYLEMAP
  2
AcDbCellStyleMap
  3
ObjectDBX Classes
 90
     1152
 91
        6
280
     0
281
     0
  0
CLASS
  1
DIMASSOC
  2
AcDbDimAssoc
  3
"AcDbDimAssoc|Product Desc:     AcDim ARX App For Dimension|Company:          Autodesk, Inc.|WEB Address:      www.autodesk.com"
 90
        0
 91
       96
280
     0
281
     0
  0
CLASS
  1
SORTENTSTABLE
  2
AcDbSortentsTable
  3
ObjectDBX Classes
 90
        0
 91
        1
280
     0
281
     0
  0
CLASS
  1
ACDBSECTIONVIEWSTYLE
  2
AcDbSectionViewStyle
  3
ObjectDBX Classes
 90
     1025
 91
        2
280
     0
281
     0
  0
CLASS
  1
ACDBDETAILVIEWSTYLE
  2
AcDbDetailViewStyle
  3
ObjectDBX Classes
 90
     1025
 91
        2
280
     0
281
     0
  0
ENDSEC
  0
SECTION
  2
TABLES
  0
TABLE
  2
VPORT
  5
8
330
0
100
AcDbSymbolTable
 70
     1
  0
VPORT
  5
EA
330
8
100
AcDbSymbolTableRecord
100
AcDbViewportTableRecord
  2
*Active
 70
     0
 10
0.0
 20
0.0
 11
1.0
 21
1.0
 12
-322.4616219553555
 22
250.0120805434708
 13
0.0
 23
0.0
 14
1.0
 24
1.0
 15
10.0
 25
10.0
 16
0.0
 26
0.0
 36
1.0
 17
0.0
 27
0.0
 37
0.0
 40
932.3383312006667
 41
1.907657657657657
 42
50.0
 43
0.0
 44
0.0
 50
0.0
 51
0.0
 71
     0
 72
  1000
 73
     1
 74
     3
 75
     1
 76
     1
 77
     0
 78
     0
281
     0
 65
     1
110
0.0
120
0.0
130
0.0
111
1.0
121
0.0
131
0.0
112
0.0
122
1.0
132
0.0
 79
     0
146
0.0
348
F5
 60
     2
 61
     5
292
     1
282
     1
141
0.0
142
0.0
 63
   250
421
  3355443
1001
ACAD_NAV_VCDISPLAY
1070
     3
  0
ENDTAB
  0
TABLE
  2
LTYPE
  5
5
330
0
100
AcDbSymbolTable
 70
     2
  0
LTYPE
  5
14
330
5
100
AcDbSymbolTableRecord
100
AcDbLinetypeTableRecord
  2
ByBlock
 70
     0
  3

 72
    65
 73
     0
 40
0.0
  0
LTYPE
  5
15
330
5
100
AcDbSymbolTableRecord
100
AcDbLinetypeTableRecord
  2
ByLayer
 70
     0
  3

 72
    65
 73
     0
 40
0.0
  0
LTYPE
  5
16
330
5
100
AcDbSymbolTableRecord
100
AcDbLinetypeTableRecord
  2
Continuous
 70
     0
  3
Solid line
 72
    65
 73
     0
 40
0.0
  0
ENDTAB
  0
TABLE
  2
LAYER
  5
2
102
{ACAD_XDICTIONARY
360
1B5
102
}
330
0
100
AcDbSymbolTable
 70
     5
  0
LAYER
  5
10
102
{ACAD_XDICTIONARY
360
13C
102
}
330
2
100
AcDbSymbolTableRecord
100
AcDbLayerTableRecord
  2
0
 70
     0
 62
     7
  6
Continuous
370
    -3
390
F
347
EE
  0
LAYER
  5
1B2
330
2
100
AcDbSymbolTableRecord
100
AcDbLayerTableRecord
  2
Dimension
 70
     0
 62
   -20
  6
Continuous
370
    -3
390
F
347
EE
1001
AcAecLayerStandard
1000

1000

  0
LAYER
  5
1B4
330
2
100
AcDbSymbolTableRecord
100
AcDbLayerTableRecord
  2
Dimensions
 70
     0
 62
    -3
  6
Continuous
370
    -3
390
F
347
EE
1001
AcAecLayerStandard
1000

1000

  0
LAYER
  5
1BC
330
2
100
AcDbSymbolTableRecord
100
AcDbLayerTableRecord
  2
Defpoints
 70
     0
 62
    -4
  6
Continuous
290
     0
370
    -3
390
F
347
EE
  0
LAYER
  5
DF9
330
2
100
AcDbSymbolTableRecord
100
AcDbLayerTableRecord
  2
Inscriptions
 70
     0
 62
    -5
  6
Continuous
370
    -3
390
F
347
EE
1001
AcAecLayerStandard
1000

1000

  0
ENDTAB
  0
TABLE
  2
STYLE
  5
3
330
0
100
AcDbSymbolTable
 70
     3
  0
STYLE
  5
11
330
3
100
AcDbSymbolTableRecord
100
AcDbTextStyleTableRecord
  2
Standard
 70
     0
 40
0.0
 41
1.0
 50
0.0
 71
     0
 42
20.0
  3
txt.shx
  4

  0
STYLE
  5
132
330
3
100
AcDbSymbolTableRecord
100
AcDbTextStyleTableRecord
  2
Аннотативный
 70
     0
 40
0.0
 41
1.0
 50
0.0
 71
     0
 42
2.5
  3
txt.shx
  4

1001
AcadAnnotative
1000
AnnotativeData
1002
{
1070
     1
1070
     1
1002
}
  0
ENDTAB
  0
TABLE
  2
VIEW
  5
6
330
0
100
AcDbSymbolTable
 70
     6
  0
ENDTAB
  0
TABLE
  2
UCS
  5
7
330
0
100
AcDbSymbolTable
 70
     0
  0
ENDTAB
  0
TABLE
  2
APPID
  5
9
330
0
100
AcDbSymbolTable
 70
    11
  0
APPID
  5
12
330
9
100
AcDbSymbolTableRecord
100
AcDbRegAppTableRecord
  2
ACAD
 70
     0
  0
APPID
  5
9E
330
9
100
AcDbSymbolTableRecord
100
AcDbRegAppTableRecord
  2
ACAD_PSEXT
 70
     0
  0
APPID
  5
133
330
9
100
AcDbSymbolTableRecord
100
AcDbRegAppTableRecord
  2
AcadAnnoPO
 70
     0
  0
APPID
  5
134
330
9
100
AcDbSymbolTableRecord
100
AcDbRegAppTableRecord
  2
AcadAnnotative
 70
     0
  0
APPID
  5
135
330
9
100
AcDbSymbolTableRecord
100
AcDbRegAppTableRecord
  2
ACAD_DSTYLE_DIMJAG
 70
     0
  0
APPID
  5
136
330
9
100
AcDbSymbolTableRecord
100
AcDbRegAppTableRecord
  2
ACAD_DSTYLE_DIMTALN
 70
     0
  0
APPID
  5
165
330
9
100
AcDbSymbolTableRecord
100
AcDbRegAppTableRecord
  2
ACAD_MLEADERVER
 70
     0
  0
APPID
  5
1B3
330
9
100
AcDbSymbolTableRecord
100
AcDbRegAppTableRecord
  2
AcAecLayerStandard
 70
     0
  0
APPID
  5
28F
330
9
100
AcDbSymbolTableRecord
100
AcDbRegAppTableRecord
  2
ACAD_EXEMPT_FROM_CAD_STANDARDS
 70
     0
  0
APPID
  5
296
330
9
100
AcDbSymbolTableRecord
100
AcDbRegAppTableRecord
  2
ACAD_DSTYLE_DIMRADIAL_EXTENSION
 70
     0
  0
APPID
  5
2028
330
9
100
AcDbSymbolTableRecord
100
AcDbRegAppTableRecord
  2
ACAD_NAV_VCDISPLAY
 70
     0
  0
ENDTAB
  0
TABLE
  2
DIMSTYLE
  5
A
330
0
100
AcDbSymbolTable
 70
     5
100
AcDbDimStyleTable
 71
     2
340
27
340
137
  0
DIMSTYLE
105
27
102
{ACAD_REACTORS
330
1BB
330
1D4
330
1E1
330
1EE
330
1FB
330
208
330
215
330
22F
330
297
330
2AE
330
2BD
330
2CC
330
2DB
330
2EA
330
2F9
330
308
330
317
330
336
330
35E
330
36C
330
3B7
330
3C4
330
3D1
330
3DE
330
3EB
330
3FA
330
407
330
414
330
421
330
44A
330
459
330
4A4
330
4C9
330
4D8
330
4E8
330
4FE
330
50D
330
533
330
542
330
551
330
562
330
56F
330
57C
330
5AF
330
5BE
330
5CD
330
5E4
330
5FA
330
607
330
614
330
648
330
657
330
666
330
67D
330
68A
330
697
330
6C9
330
6D8
330
6E7
330
70F
330
D68
330
D7E
330
D95
330
DAB
330
DC2
330
DD1
330
DE0
330
EE4
330
EFB
330
F4C
330
F63
330
F79
330
F8F
330
FB9
330
FC8
330
FD7
330
FE7
330
FEB
330
FEF
330
FF3
330
FF7
330
FFB
330
19F2
330
1A08
330
1A1E
330
1A34
330
1A43
330
1A52
330
1A92
330
1AB1
330
1AD1
330
1AF9
330
1B08
330
1B17
330
1B26
330
1EA9
330
1EC8
330
1EEB
330
1F2F
330
1F57
330
1F7F
330
1FA8
330
1FC7
330
2082
330
2085
330
2088
330
20AF
330
20B2
330
20B5
330
470
330
4BB
330
2302
330
23FF
330
244B
330
2458
330
24F5
330
2504
330
2513
330
2557
330
2592
330
25A1
330
2774
330
27A3
330
2803
330
283A
330
2849
330
2858
330
2899
330
28A6
330
28C5
330
28D2
330
28F2
330
2908
330
293A
330
2971
330
2980
330
298E
330
29AF
330
29C6
330
29DC
330
29E9
330
2A0B
330
2A41
330
2A77
330
2AAE
330
2AF7
330
2B04
330
2B17
330
2B5D
330
2B75
330
2B76
330
2BA2
330
2BCA
330
2BF4
330
2C13
330
2C68
330
2C9A
330
2CC1
330
2CF6
330
2D05
330
2D14
330
2D23
102
}
330
A
100
AcDbSymbolTableRecord
100
AcDbDimStyleTableRecord
  2
ISO-25
 70
     0
 41
2.5
 42
0.625
 43
3.75
 44
1.25
 73
     0
 74
     0
 77
     1
 78
     8
140
2.5
141
2.5
143
0.03937007874016
147
0.625
171
     3
172
     1
271
     2
272
     2
274
     3
278
    44
283
     0
284
     8
340
11
  0
DIMSTYLE
105
137
330
A
100
AcDbSymbolTableRecord
100
AcDbDimStyleTableRecord
  2
Аннотативный
 70
     0
 40
0.0
 41
2.5
 42
0.625
 43
3.75
 44
1.25
 73
     0
 74
     0
 77
     1
 78
     8
140
2.5
141
2.5
143
0.03937007874016
147
0.625
171
     3
172
     1
271
     2
272
     2
274
     3
278
    44
283
     0
284
     8
340
11
1001
AcadAnnotative
1000
AnnotativeData
1002
{
1070
     1
1070
     1
1002
}
1001
ACAD_DSTYLE_DIMJAG
1070
   388
1040
1.5
1001
ACAD_DSTYLE_DIMTALN
1070
   392
1070
     0
  0
DIMSTYLE
105
260C
330
A
100
AcDbSymbolTableRecord
100
AcDbDimStyleTableRecord
  2
Standard
 70
     0
340
11
  0
ENDTAB
  0
TABLE
  2
BLOCK_RECORD
  5
1
330
0
100
AcDbSymbolTable
 70
   199
  0
BLOCK_RECORD
  5
1F
102
{ACAD_XDICTIONARY
360
DEE
102
}
330
1
100
AcDbSymbolTableRecord
100
AcDbBlockTableRecord
  2
*Model_Space
340
22
 70
     0
280
     1
281
     0
  0
BLOCK_RECORD
  5
1E73
330
1
100
AcDbSymbolTableRecord
100
AcDbBlockTableRecord
  2
*Paper_Space
340
1E74
 70
     0
280
     1
281
     0
  0
BLOCK_RECORD
  5
1BD
330
1
100
AcDbSymbolTableRecord
100
AcDbBlockTableRecord
  2
*D0
340
0
 70
     0
280
     1
281
     0
  0
BLOCK_RECORD
  5
1D5
330
1
100
AcDbSymbolTableRecord
100
AcDbBlockTableRecord
  2
*D1
340
0
 70
     0
280
     1
281
     0
  0
BLOCK_RECORD
  5
1E2
330
1
100
AcDbSymbolTableRecord
100
AcDbBlockTableRecord
  2
*D2
340
0
 70
     0
280
     1
281
     0
  0
BLOCK_RECORD
  5
1EF
330
1
100
AcDbSymbolTableRecord
100
AcDbBlockTableRecord
  2
*D3
340
0
 70
     0
280
     1
281
     0
  0
BLOCK_RECORD
  5
1FC
330
1
100
AcDbSymbolTableRecord
100
AcDbBlockTableRecord
  2
*D4
340
0
 70
     0
280
     1
281
     0
  0
BLOCK_RECORD
  5
209
330
1
100
AcDbSymbolTableRecord
100
AcDbBlockTableRecord
  2
*D5
340
0
 70
     0
280
     1
281
     0
  0
BLOCK_RECORD
  5
216
330
1
100
AcDbSymbolTableRecord
100
AcDbBlockTableRecord
  2
*D6
340
0
 70
     0
280
     1
281
     0
  0
BLOCK_RECORD
  5
223
330
1
100
AcDbSymbolTableRecord
100
AcDbBlockTableRecord
  2
*D7
340
0
 70
     0
280
     1
281
     0
  0
BLOCK_RECORD
  5
230
330
1
100
AcDbSymbolTableRecord
100
AcDbBlockTableRecord
  2
*D8
340
0
 70
     0
280
     1
281
     0
  0
BLOCK_RECORD
  5
298
330
1
100
AcDbSymbolTableRecord
100
AcDbBlockTableRecord
  2
*D9
340
0
 70
     0
280
     1
281
     0
  0
BLOCK_RECORD
  5
2B1
330
1
100
AcDbSymbolTableRecord
100
AcDbBlockTableRecord
  2
*D10
340
0
 70
     0
280
     1
281
     0
  0
BLOCK_RECORD
  5
2C0
330
1
100
AcDbSymbolTableRecord
100
AcDbBlockTableRecord
  2
*D11
340
0
 70
     0
280
     1
281
     0
  0
BLOCK_RECORD
  5
2CF
330
1
100
AcDbSymbolTableRecord
100
AcDbBlockTableRecord
  2
*D12
340
0
 70
     0
280
     1
281
     0
  0
BLOCK_RECORD
  5
2DE
330
1
100
AcDbSymbolTableRecord
100
AcDbBlockTableRecord
  2
*D13
340
0
 70
     0
280
     1
281
     0
  0
BLOCK_RECORD
  5
2ED
330
1
100
AcDbSymbolTableRecord
100
AcDbBlockTableRecord
  2
*D14
340
0
 70
     0
280
     1
281
     0
  0
BLOCK_RECORD
  5
2FC
330
1
100
AcDbSymbolTableRecord
100
AcDbBlockTableRecord
  2
*D15
340
0
 70
     0
280
     1
281
     0
  0
BLOCK_RECORD
  5
30B
330
1
100
AcDbSymbolTableRecord
100
AcDbBlockTableRecord
  2
*D16
340
0
 70
     0
280
     1
281
     0
  0
BLOCK_RECORD
  5
318
330
1
100
AcDbSymbolTableRecord
100
AcDbBlockTableRecord
  2
*D17
340
0
 70
     0
280
     1
281
     0
  0
BLOCK_RECORD
  5
339
330
1
100
AcDbSymbolTableRecord
100
AcDbBlockTableRecord
  2
*D18
340
0
 70
     0
280
     1
281
     0
  0
BLOCK_RECORD
  5
35F
330
1
100
AcDbSymbolTableRecord
100
AcDbBlockTableRecord
  2
*D19
340
0
 70
     0
280
     1
281
     0
  0
BLOCK_RECORD
  5
36D
330
1
100
AcDbSymbolTableRecord
100
AcDbBlockTableRecord
  2
*D20
340
0
 70
     0
280
     1
281
     0
  0
BLOCK_RECORD
  5
3B8
330
1
100
AcDbSymbolTableRecord
100
AcDbBlockTableRecord
  2
*D21
340
0
 70
     0
280
     1
281
     0
  0
BLOCK_RECORD
  5
3C5
330
1
100
AcDbSymbolTableRecord
100
AcDbBlockTableRecord
  2
*D22
340
0
 70
     0
280
     1
281
     0
  0
BLOCK_RECORD
  5
3D2
330
1
100
AcDbSymbolTableRecord
100
AcDbBlockTableRecord
  2
*D23
340
0
 70
     0
280
     1
281
     0
  0
BLOCK_RECORD
  5
3DF
330
1
100
AcDbSymbolTableRecord
100
AcDbBlockTableRecord
  2
*D24
340
0
 70
     0
280
     1
281
     0
  0
BLOCK_RECORD
  5
3EC
330
1
100
AcDbSymbolTableRecord
100
AcDbBlockTableRecord
  2
*D25
340
0
 70
     0
280
     1
281
     0
  0
BLOCK_RECORD
  5
3FB
330
1
100
AcDbSymbolTableRecord
100
AcDbBlockTableRecord
  2
*D26
340
0
 70
     0
280
     1
281
     0
  0
BLOCK_RECORD
  5
408
330
1
100
AcDbSymbolTableRecord
100
AcDbBlockTableRecord
  2
*D27
340
0
 70
     0
280
     1
281
     0
  0
BLOCK_RECORD
  5
415
330
1
100
AcDbSymbolTableRecord
100
AcDbBlockTableRecord
  2
*D28
340
0
 70
     0
280
     1
281
     0
  0
BLOCK_RECORD
  5
422
330
1
100
AcDbSymbolTableRecord
100
AcDbBlockTableRecord
  2
*D29
340
0
 70
     0
280
     1
281
     0
  0
BLOCK_RECORD
  5
44D
330
1
100
AcDbSymbolTableRecord
100
AcDbBlockTableRecord
  2
*D30
340
0
 70
     0
280
     1
281
     0
  0
BLOCK_RECORD
  5
45C
330
1
100
AcDbSymbolTableRecord
100
AcDbBlockTableRecord
  2
*D31
340
0
 70
     0
280
     1
281
     0
  0
BLOCK_RECORD
  5
471
330
1
100
AcDbSymbolTableRecord
100
AcDbBlockTableRecord
  2
*D32
340
0
 70
     0
280
     1
281
     0
  0
BLOCK_RECORD
  5
4A5
330
1
100
AcDbSymbolTableRecord
100
AcDbBlockTableRecord
  2
*D33
340
0
 70
     0
280
     1
281
     0
  0
BLOCK_RECORD
  5
4BE
330
1
100
AcDbSymbolTableRecord
100
AcDbBlockTableRecord
  2
*D34
340
0
 70
     0
280
     1
281
     0
  0
BLOCK_RECORD
  5
4CA
330
1
100
AcDbSymbolTableRecord
100
AcDbBlockTableRecord
  2
*D35
340
0
 70
     0
280
     1
281
     0
  0
BLOCK_RECORD
  5
4D9
330
1
100
AcDbSymbolTableRecord
100
AcDbBlockTableRecord
  2
*D36
340
0
 70
     0
280
     1
281
     0
  0
BLOCK_RECORD
  5
4E9
330
1
100
AcDbSymbolTableRecord
100
AcDbBlockTableRecord
  2
*D37
340
0
 70
     0
280
     1
281
     0
  0
BLOCK_RECORD
  5
4FF
330
1
100
AcDbSymbolTableRecord
100
AcDbBlockTableRecord
  2
*D38
340
0
 70
     0
280
     1
281
     0
  0
BLOCK_RECORD
  5
50E
330
1
100
AcDbSymbolTableRecord
100
AcDbBlockTableRecord
  2
*D39
340
0
 70
     0
280
     1
281
     0
  0
BLOCK_RECORD
  5
536
330
1
100
AcDbSymbolTableRecord
100
AcDbBlockTableRecord
  2
*D40
340
0
 70
     0
280
     1
281
     0
  0
BLOCK_RECORD
  5
545
330
1
100
AcDbSymbolTableRecord
100
AcDbBlockTableRecord
  2
*D41
340
0
 70
     0
280
     1
281
     0
  0
BLOCK_RECORD
  5
554
330
1
100
AcDbSymbolTableRecord
100
AcDbBlockTableRecord
  2
*D42
340
0
 70
     0
280
     1
281
     0
  0
BLOCK_RECORD
  5
563
330
1
100
AcDbSymbolTableRecord
100
AcDbBlockTableRecord
  2
*D43
340
0
 70
     0
280
     1
281
     0
  0
BLOCK_RECORD
  5
570
330
1
100
AcDbSymbolTableRecord
100
AcDbBlockTableRecord
  2
*D44
340
0
 70
     0
280
     1
281
     0
  0
BLOCK_RECORD
  5
57D
330
1
100
AcDbSymbolTableRecord
100
AcDbBlockTableRecord
  2
*D45
340
0
 70
     0
280
     1
281
     0
  0
BLOCK_RECORD
  5
5B2
330
1
100
AcDbSymbolTableRecord
100
AcDbBlockTableRecord
  2
*D46
340
0
 70
     0
280
     1
281
     0
  0
BLOCK_RECORD
  5
5C1
330
1
100
AcDbSymbolTableRecord
100
AcDbBlockTableRecord
  2
*D47
340
0
 70
     0
280
     1
281
     0
  0
BLOCK_RECORD
  5
5D0
330
1
100
AcDbSymbolTableRecord
100
AcDbBlockTableRecord
  2
*D48
340
0
 70
     0
280
     1
281
     0
  0
BLOCK_RECORD
  5
5E5
330
1
100
AcDbSymbolTableRecord
100
AcDbBlockTableRecord
  2
*D49
340
0
 70
     0
280
     1
281
     0
  0
BLOCK_RECORD
  5
5FB
330
1
100
AcDbSymbolTableRecord
100
AcDbBlockTableRecord
  2
*D50
340
0
 70
     0
280
     1
281
     0
  0
BLOCK_RECORD
  5
608
330
1
100
AcDbSymbolTableRecord
100
AcDbBlockTableRecord
  2
*D51
340
0
 70
     0
280
     1
281
     0
  0
BLOCK_RECORD
  5
615
330
1
100
AcDbSymbolTableRecord
100
AcDbBlockTableRecord
  2
*D52
340
0
 70
     0
280
     1
281
     0
  0
BLOCK_RECORD
  5
64B
330
1
100
AcDbSymbolTableRecord
100
AcDbBlockTableRecord
  2
*D53
340
0
 70
     0
280
     1
281
     0
  0
BLOCK_RECORD
  5
65A
330
1
100
AcDbSymbolTableRecord
100
AcDbBlockTableRecord
  2
*D54
340
0
 70
     0
280
     1
281
     0
  0
BLOCK_RECORD
  5
669
330
1
100
AcDbSymbolTableRecord
100
AcDbBlockTableRecord
  2
*D55
340
0
 70
     0
280
     1
281
     0
  0
BLOCK_RECORD
  5
67E
330
1
100
AcDbSymbolTableRecord
100
AcDbBlockTableRecord
  2
*D56
340
0
 70
     0
280
     1
281
     0
  0
BLOCK_RECORD
  5
68B
330
1
100
AcDbSymbolTableRecord
100
AcDbBlockTableRecord
  2
*D57
340
0
 70
     0
280
     1
281
     0
  0
BLOCK_RECORD
  5
698
330
1
100
AcDbSymbolTableRecord
100
AcDbBlockTableRecord
  2
*D58
340
0
 70
     0
280
     1
281
     0
  0
BLOCK_RECORD
  5
6CC
330
1
100
AcDbSymbolTableRecord
100
AcDbBlockTableRecord
  2
*D59
340
0
 70
     0
280
     1
281
     0
  0
BLOCK_RECORD
  5
6DB
330
1
100
AcDbSymbolTableRecord
100
AcDbBlockTableRecord
  2
*D60
340
0
 70
     0
280
     1
281
     0
  0
BLOCK_RECORD
  5
6EA
330
1
100
AcDbSymbolTableRecord
100
AcDbBlockTableRecord
  2
*D61
340
0
 70
     0
280
     1
281
     0
  0
BLOCK_RECORD
  5
710
330
1
100
AcDbSymbolTableRecord
100
AcDbBlockTableRecord
  2
*D62
340
0
 70
     0
280
     1
281
     0
  0
BLOCK_RECORD
  5
D69
330
1
100
AcDbSymbolTableRecord
100
AcDbBlockTableRecord
  2
*D63
340
0
 70
     0
280
     1
281
     0
  0
BLOCK_RECORD
  5
D7F
330
1
100
AcDbSymbolTableRecord
100
AcDbBlockTableRecord
  2
*D64
340
0
 70
     0
280
     1
281
     0
  0
BLOCK_RECORD
  5
D96
330
1
100
AcDbSymbolTableRecord
100
AcDbBlockTableRecord
  2
*D65
340
0
 70
     0
280
     1
281
     0
  0
BLOCK_RECORD
  5
DAC
330
1
100
AcDbSymbolTableRecord
100
AcDbBlockTableRecord
  2
*D66
340
0
 70
     0
280
     1
281
     0
  0
BLOCK_RECORD
  5
DC5
330
1
100
AcDbSymbolTableRecord
100
AcDbBlockTableRecord
  2
*D67
340
0
 70
     0
280
     1
281
     0
  0
BLOCK_RECORD
  5
DD4
330
1
100
AcDbSymbolTableRecord
100
AcDbBlockTableRecord
  2
*D68
340
0
 70
     0
280
     1
281
     0
  0
BLOCK_RECORD
  5
DE3
330
1
100
AcDbSymbolTableRecord
100
AcDbBlockTableRecord
  2
*D69
340
0
 70
     0
280
     1
281
     0
  0
BLOCK_RECORD
  5
E0A
330
1
100
AcDbSymbolTableRecord
100
AcDbBlockTableRecord
  2
*D70
340
0
 70
     0
280
     1
281
     0
  0
BLOCK_RECORD
  5
E20
330
1
100
AcDbSymbolTableRecord
100
AcDbBlockTableRecord
  2
*D71
340
0
 70
     0
280
     1
281
     0
  0
BLOCK_RECORD
  5
E36
330
1
100
AcDbSymbolTableRecord
100
AcDbBlockTableRecord
  2
*D72
340
0
 70
     0
280
     1
281
     0
  0
BLOCK_RECORD
  5
E58
330
1
100
AcDbSymbolTableRecord
100
AcDbBlockTableRecord
  2
*D73
340
0
 70
     0
280
     1
281
     0
  0
BLOCK_RECORD
  5
E67
330
1
100
AcDbSymbolTableRecord
100
AcDbBlockTableRecord
  2
*D74
340
0
 70
     0
280
     1
281
     0
  0
BLOCK_RECORD
  5
E76
330
1
100
AcDbSymbolTableRecord
100
AcDbBlockTableRecord
  2
*D75
340
0
 70
     0
280
     1
281
     0
  0
BLOCK_RECORD
  5
E84
330
1
100
AcDbSymbolTableRecord
100
AcDbBlockTableRecord
  2
*D76
340
0
 70
     0
280
     1
281
     0
  0
BLOCK_RECORD
  5
E9A
330
1
100
AcDbSymbolTableRecord
100
AcDbBlockTableRecord
  2
*D77
340
0
 70
     0
280
     1
281
     0
  0
BLOCK_RECORD
  5
EB0
330
1
100
AcDbSymbolTableRecord
100
AcDbBlockTableRecord
  2
*D78
340
0
 70
     0
280
     1
281
     0
  0
BLOCK_RECORD
  5
EC6
330
1
100
AcDbSymbolTableRecord
100
AcDbBlockTableRecord
  2
*D79
340
0
 70
     0
280
     1
281
     0
  0
BLOCK_RECORD
  5
EE5
330
1
100
AcDbSymbolTableRecord
100
AcDbBlockTableRecord
  2
*D80
340
0
 70
     0
280
     1
281
     0
  0
BLOCK_RECORD
  5
EFC
330
1
100
AcDbSymbolTableRecord
100
AcDbBlockTableRecord
  2
*D81
340
0
 70
     0
280
     1
281
     0
  0
BLOCK_RECORD
  5
F15
330
1
100
AcDbSymbolTableRecord
100
AcDbBlockTableRecord
  2
*D82
340
0
 70
     0
280
     1
281
     0
  0
BLOCK_RECORD
  5
F24
330
1
100
AcDbSymbolTableRecord
100
AcDbBlockTableRecord
  2
*D83
340
0
 70
     0
280
     1
281
     0
  0
BLOCK_RECORD
  5
F33
330
1
100
AcDbSymbolTableRecord
100
AcDbBlockTableRecord
  2
*D84
340
0
 70
     0
280
     1
281
     0
  0
BLOCK_RECORD
  5
F4D
330
1
100
AcDbSymbolTableRecord
100
AcDbBlockTableRecord
  2
*D85
340
0
 70
     0
280
     1
281
     0
  0
BLOCK_RECORD
  5
F64
330
1
100
AcDbSymbolTableRecord
100
AcDbBlockTableRecord
  2
*D86
340
0
 70
     0
280
     1
281
     0
  0
BLOCK_RECORD
  5
F7A
330
1
100
AcDbSymbolTableRecord
100
AcDbBlockTableRecord
  2
*D87
340
0
 70
     0
280
     1
281
     0
  0
BLOCK_RECORD
  5
F90
330
1
100
AcDbSymbolTableRecord
100
AcDbBlockTableRecord
  2
*D88
340
0
 70
     0
280
     1
281
     0
  0
BLOCK_RECORD
  5
FBC
330
1
100
AcDbSymbolTableRecord
100
AcDbBlockTableRecord
  2
*D89
340
0
 70
     0
280
     1
281
     0
  0
BLOCK_RECORD
  5
FCB
330
1
100
AcDbSymbolTableRecord
100
AcDbBlockTableRecord
  2
*D90
340
0
 70
     0
280
     1
281
     0
  0
BLOCK_RECORD
  5
FDA
330
1
100
AcDbSymbolTableRecord
100
AcDbBlockTableRecord
  2
*D91
340
0
 70
     0
280
     1
281
     0
  0
BLOCK_RECORD
  5
FFE
330
1
100
AcDbSymbolTableRecord
100
AcDbBlockTableRecord
  2
*D92
340
0
 70
     0
280
     1
281
     0
  0
BLOCK_RECORD
  5
1009
330
1
100
AcDbSymbolTableRecord
100
AcDbBlockTableRecord
  2
*D93
340
0
 70
     0
280
     1
281
     0
  0
BLOCK_RECORD
  5
1014
330
1
100
AcDbSymbolTableRecord
100
AcDbBlockTableRecord
  2
*D94
340
0
 70
     0
280
     1
281
     0
  0
BLOCK_RECORD
  5
101F
330
1
100
AcDbSymbolTableRecord
100
AcDbBlockTableRecord
  2
*D95
340
0
 70
     0
280
     1
281
     0
  0
BLOCK_RECORD
  5
102A
330
1
100
AcDbSymbolTableRecord
100
AcDbBlockTableRecord
  2
*D96
340
0
 70
     0
280
     1
281
     0
  0
BLOCK_RECORD
  5
1035
330
1
100
AcDbSymbolTableRecord
100
AcDbBlockTableRecord
  2
*D97
340
0
 70
     0
280
     1
281
     0
  0
BLOCK_RECORD
  5
19F3
330
1
100
AcDbSymbolTableRecord
100
AcDbBlockTableRecord
  2
*D98
340
0
 70
     0
280
     1
281
     0
  0
BLOCK_RECORD
  5
1A09
330
1
100
AcDbSymbolTableRecord
100
AcDbBlockTableRecord
  2
*D99
340
0
 70
     0
280
     1
281
     0
  0
BLOCK_RECORD
  5
1A1F
330
1
100
AcDbSymbolTableRecord
100
AcDbBlockTableRecord
  2
*D100
340
0
 70
     0
280
     1
281
     0
  0
BLOCK_RECORD
  5
1A38
330
1
100
AcDbSymbolTableRecord
100
AcDbBlockTableRecord
  2
*D101
340
0
 70
     0
280
     1
281
     0
  0
BLOCK_RECORD
  5
1A47
330
1
100
AcDbSymbolTableRecord
100
AcDbBlockTableRecord
  2
*D102
340
0
 70
     0
280
     1
281
     0
  0
BLOCK_RECORD
  5
1A56
330
1
100
AcDbSymbolTableRecord
100
AcDbBlockTableRecord
  2
*D103
340
0
 70
     0
280
     1
281
     0
  0
BLOCK_RECORD
  5
1A93
330
1
100
AcDbSymbolTableRecord
100
AcDbBlockTableRecord
  2
*D104
340
0
 70
     0
280
     1
281
     0
  0
BLOCK_RECORD
  5
1AB2
330
1
100
AcDbSymbolTableRecord
100
AcDbBlockTableRecord
  2
*D105
340
0
 70
     0
280
     1
281
     0
  0
BLOCK_RECORD
  5
1AD2
330
1
100
AcDbSymbolTableRecord
100
AcDbBlockTableRecord
  2
*D106
340
0
 70
     0
280
     1
281
     0
  0
BLOCK_RECORD
  5
1AFD
330
1
100
AcDbSymbolTableRecord
100
AcDbBlockTableRecord
  2
*D107
340
0
 70
     0
280
     1
281
     0
  0
BLOCK_RECORD
  5
1B0C
330
1
100
AcDbSymbolTableRecord
100
AcDbBlockTableRecord
  2
*D108
340
0
 70
     0
280
     1
281
     0
  0
BLOCK_RECORD
  5
1B1B
330
1
100
AcDbSymbolTableRecord
100
AcDbBlockTableRecord
  2
*D109
340
0
 70
     0
280
     1
281
     0
  0
BLOCK_RECORD
  5
1B2A
330
1
100
AcDbSymbolTableRecord
100
AcDbBlockTableRecord
  2
*D110
340
0
 70
     0
280
     1
281
     0
  0
BLOCK_RECORD
  5
1B51
330
1
100
AcDbSymbolTableRecord
100
AcDbBlockTableRecord
  2
*D111
340
0
 70
     0
280
     1
281
     0
  0
BLOCK_RECORD
  5
1C47
330
1
100
AcDbSymbolTableRecord
100
AcDbBlockTableRecord
  2
*D112
340
0
 70
     0
280
     1
281
     0
  0
BLOCK_RECORD
  5
1C54
330
1
100
AcDbSymbolTableRecord
100
AcDbBlockTableRecord
  2
*D113
340
0
 70
     0
280
     1
281
     0
  0
BLOCK_RECORD
  5
1C80
330
1
100
AcDbSymbolTableRecord
100
AcDbBlockTableRecord
  2
*D114
340
0
 70
     0
280
     1
281
     0
  0
BLOCK_RECORD
  5
1EAA
330
1
100
AcDbSymbolTableRecord
100
AcDbBlockTableRecord
  2
*D115
340
0
 70
     0
280
     1
281
     0
  0
BLOCK_RECORD
  5
1EC9
330
1
100
AcDbSymbolTableRecord
100
AcDbBlockTableRecord
  2
*D116
340
0
 70
     0
280
     1
281
     0
  0
BLOCK_RECORD
  5
1EEC
330
1
100
AcDbSymbolTableRecord
100
AcDbBlockTableRecord
  2
*D117
340
0
 70
     0
280
     1
281
     0
  0
BLOCK_RECORD
  5
1F30
330
1
100
AcDbSymbolTableRecord
100
AcDbBlockTableRecord
  2
*D118
340
0
 70
     0
280
     1
281
     0
  0
BLOCK_RECORD
  5
1F58
330
1
100
AcDbSymbolTableRecord
100
AcDbBlockTableRecord
  2
*D119
340
0
 70
     0
280
     1
281
     0
  0
BLOCK_RECORD
  5
1F80
330
1
100
AcDbSymbolTableRecord
100
AcDbBlockTableRecord
  2
*D120
340
0
 70
     0
280
     1
281
     0
  0
BLOCK_RECORD
  5
1FA9
330
1
100
AcDbSymbolTableRecord
100
AcDbBlockTableRecord
  2
*D121
340
0
 70
     0
280
     1
281
     0
  0
BLOCK_RECORD
  5
1FC8
330
1
100
AcDbSymbolTableRecord
100
AcDbBlockTableRecord
  2
*D122
340
0
 70
     0
280
     1
281
     0
  0
BLOCK_RECORD
  5
208E
330
1
100
AcDbSymbolTableRecord
100
AcDbBlockTableRecord
  2
*D123
340
0
 70
     0
280
     1
281
     0
  0
BLOCK_RECORD
  5
2099
330
1
100
AcDbSymbolTableRecord
100
AcDbBlockTableRecord
  2
*D124
340
0
 70
     0
280
     1
281
     0
  0
BLOCK_RECORD
  5
20A4
330
1
100
AcDbSymbolTableRecord
100
AcDbBlockTableRecord
  2
*D125
340
0
 70
     0
280
     1
281
     0
  0
BLOCK_RECORD
  5
20BB
330
1
100
AcDbSymbolTableRecord
100
AcDbBlockTableRecord
  2
*D126
340
0
 70
     0
280
     1
281
     0
  0
BLOCK_RECORD
  5
20C6
330
1
100
AcDbSymbolTableRecord
100
AcDbBlockTableRecord
  2
*D127
340
0
 70
     0
280
     1
281
     0
  0
BLOCK_RECORD
  5
20D1
330
1
100
AcDbSymbolTableRecord
100
AcDbBlockTableRecord
  2
*D128
340
0
 70
     0
280
     1
281
     0
  0
BLOCK_RECORD
  5
2303
330
1
100
AcDbSymbolTableRecord
100
AcDbBlockTableRecord
  2
*D130
340
0
 70
     0
280
     1
281
     0
  0
BLOCK_RECORD
  5
2400
330
1
100
AcDbSymbolTableRecord
100
AcDbBlockTableRecord
  2
*D131
340
0
 70
     0
280
     1
281
     0
  0
BLOCK_RECORD
  5
244C
330
1
100
AcDbSymbolTableRecord
100
AcDbBlockTableRecord
  2
*D132
340
0
 70
     0
280
     1
281
     0
  0
BLOCK_RECORD
  5
2459
330
1
100
AcDbSymbolTableRecord
100
AcDbBlockTableRecord
  2
*D133
340
0
 70
     0
280
     1
281
     0
  0
BLOCK_RECORD
  5
24F9
330
1
100
AcDbSymbolTableRecord
100
AcDbBlockTableRecord
  2
*D134
340
0
 70
     0
280
     1
281
     0
  0
BLOCK_RECORD
  5
2508
330
1
100
AcDbSymbolTableRecord
100
AcDbBlockTableRecord
  2
*D135
340
0
 70
     0
280
     1
281
     0
  0
BLOCK_RECORD
  5
2517
330
1
100
AcDbSymbolTableRecord
100
AcDbBlockTableRecord
  2
*D136
340
0
 70
     0
280
     1
281
     0
  0
BLOCK_RECORD
  5
2541
330
1
100
AcDbSymbolTableRecord
100
AcDbBlockTableRecord
  2
*D137
340
0
 70
     0
280
     1
281
     0
  0
BLOCK_RECORD
  5
2558
330
1
100
AcDbSymbolTableRecord
100
AcDbBlockTableRecord
  2
*D138
340
0
 70
     0
280
     1
281
     0
  0
BLOCK_RECORD
  5
2595
330
1
100
AcDbSymbolTableRecord
100
AcDbBlockTableRecord
  2
*D139
340
0
 70
     0
280
     1
281
     0
  0
BLOCK_RECORD
  5
25A4
330
1
100
AcDbSymbolTableRecord
100
AcDbBlockTableRecord
  2
*D140
340
0
 70
     0
280
     1
281
     0
  0
BLOCK_RECORD
  5
25FC
330
1
100
AcDbSymbolTableRecord
100
AcDbBlockTableRecord
  2
Insert8
340
0
102
{BLKREFS
331
2617
102
}
 70
     0
280
     1
281
     0
  0
BLOCK_RECORD
  5
2604
330
1
100
AcDbSymbolTableRecord
100
AcDbBlockTableRecord
  2
Insert9
340
0
102
{BLKREFS
331
2618
102
}
 70
     0
280
     1
281
     0
  0
BLOCK_RECORD
  5
261B
330
1
100
AcDbSymbolTableRecord
100
AcDbBlockTableRecord
  2
*D144
340
0
 70
     0
280
     1
281
     0
  0
BLOCK_RECORD
  5
2633
330
1
100
AcDbSymbolTableRecord
100
AcDbBlockTableRecord
  2
*D145
340
0
 70
     0
280
     1
281
     0
  0
BLOCK_RECORD
  5
265E
330
1
100
AcDbSymbolTableRecord
100
AcDbBlockTableRecord
  2
*D146
340
0
 70
     0
280
     1
281
     0
  0
BLOCK_RECORD
  5
2677
330
1
100
AcDbSymbolTableRecord
100
AcDbBlockTableRecord
  2
*D147
340
0
 70
     0
280
     1
281
     0
  0
BLOCK_RECORD
  5
268F
330
1
100
AcDbSymbolTableRecord
100
AcDbBlockTableRecord
  2
*D148
340
0
 70
     0
280
     1
281
     0
  0
BLOCK_RECORD
  5
26AF
330
1
100
AcDbSymbolTableRecord
100
AcDbBlockTableRecord
  2
*D149
340
0
 70
     0
280
     1
281
     0
  0
BLOCK_RECORD
  5
26C7
330
1
100
AcDbSymbolTableRecord
100
AcDbBlockTableRecord
  2
*D150
340
0
 70
     0
280
     1
281
     0
  0
BLOCK_RECORD
  5
270D
330
1
100
AcDbSymbolTableRecord
100
AcDbBlockTableRecord
  2
*D151
340
0
 70
     0
280
     1
281
     0
  0
BLOCK_RECORD
  5
2749
330
1
100
AcDbSymbolTableRecord
100
AcDbBlockTableRecord
  2
*D152
340
0
 70
     0
280
     1
281
     0
  0
BLOCK_RECORD
  5
2775
330
1
100
AcDbSymbolTableRecord
100
AcDbBlockTableRecord
  2
*D153
340
0
 70
     0
280
     1
281
     0
  0
BLOCK_RECORD
  5
27A4
330
1
100
AcDbSymbolTableRecord
100
AcDbBlockTableRecord
  2
*D154
340
0
 70
     0
280
     1
281
     0
  0
BLOCK_RECORD
  5
2804
330
1
100
AcDbSymbolTableRecord
100
AcDbBlockTableRecord
  2
*D155
340
0
 70
     0
280
     1
281
     0
  0
BLOCK_RECORD
  5
283D
330
1
100
AcDbSymbolTableRecord
100
AcDbBlockTableRecord
  2
*D156
340
0
 70
     0
280
     1
281
     0
  0
BLOCK_RECORD
  5
284C
330
1
100
AcDbSymbolTableRecord
100
AcDbBlockTableRecord
  2
*D157
340
0
 70
     0
280
     1
281
     0
  0
BLOCK_RECORD
  5
285B
330
1
100
AcDbSymbolTableRecord
100
AcDbBlockTableRecord
  2
*D158
340
0
 70
     0
280
     1
281
     0
  0
BLOCK_RECORD
  5
289A
330
1
100
AcDbSymbolTableRecord
100
AcDbBlockTableRecord
  2
*D159
340
0
 70
     0
280
     1
281
     0
  0
BLOCK_RECORD
  5
28A7
330
1
100
AcDbSymbolTableRecord
100
AcDbBlockTableRecord
  2
*D160
340
0
 70
     0
280
     1
281
     0
  0
BLOCK_RECORD
  5
28C6
330
1
100
AcDbSymbolTableRecord
100
AcDbBlockTableRecord
  2
*D161
340
0
 70
     0
280
     1
281
     0
  0
BLOCK_RECORD
  5
28D3
330
1
100
AcDbSymbolTableRecord
100
AcDbBlockTableRecord
  2
*D162
340
0
 70
     0
280
     1
281
     0
  0
BLOCK_RECORD
  5
28F3
330
1
100
AcDbSymbolTableRecord
100
AcDbBlockTableRecord
  2
*D163
340
0
 70
     0
280
     1
281
     0
  0
BLOCK_RECORD
  5
2909
330
1
100
AcDbSymbolTableRecord
100
AcDbBlockTableRecord
  2
*D164
340
0
 70
     0
280
     1
281
     0
  0
BLOCK_RECORD
  5
293B
330
1
100
AcDbSymbolTableRecord
100
AcDbBlockTableRecord
  2
*D165
340
0
 70
     0
280
     1
281
     0
  0
BLOCK_RECORD
  5
2974
330
1
100
AcDbSymbolTableRecord
100
AcDbBlockTableRecord
  2
*D166
340
0
 70
     0
280
     1
281
     0
  0
BLOCK_RECORD
  5
2983
330
1
100
AcDbSymbolTableRecord
100
AcDbBlockTableRecord
  2
*D167
340
0
 70
     0
280
     1
281
     0
  0
BLOCK_RECORD
  5
298F
330
1
100
AcDbSymbolTableRecord
100
AcDbBlockTableRecord
  2
*D168
340
0
 70
     0
280
     1
281
     0
  0
BLOCK_RECORD
  5
29B0
330
1
100
AcDbSymbolTableRecord
100
AcDbBlockTableRecord
  2
*D169
340
0
 70
     0
280
     1
281
     0
  0
BLOCK_RECORD
  5
29C7
330
1
100
AcDbSymbolTableRecord
100
AcDbBlockTableRecord
  2
*D170
340
0
 70
     0
280
     1
281
     0
  0
BLOCK_RECORD
  5
29DD
330
1
100
AcDbSymbolTableRecord
100
AcDbBlockTableRecord
  2
*D171
340
0
 70
     0
280
     1
281
     0
  0
BLOCK_RECORD
  5
29EA
330
1
100
AcDbSymbolTableRecord
100
AcDbBlockTableRecord
  2
*D172
340
0
 70
     0
280
     1
281
     0
  0
BLOCK_RECORD
  5
2A0C
330
1
100
AcDbSymbolTableRecord
100
AcDbBlockTableRecord
  2
*D173
340
0
 70
     0
280
     1
281
     0
  0
BLOCK_RECORD
  5
2A42
330
1
100
AcDbSymbolTableRecord
100
AcDbBlockTableRecord
  2
*D174
340
0
 70
     0
280
     1
281
     0
  0
BLOCK_RECORD
  5
2A78
330
1
100
AcDbSymbolTableRecord
100
AcDbBlockTableRecord
  2
*D175
340
0
 70
     0
280
     1
281
     0
  0
BLOCK_RECORD
  5
2AAF
330
1
100
AcDbSymbolTableRecord
100
AcDbBlockTableRecord
  2
*D176
340
0
 70
     0
280
     1
281
     0
  0
BLOCK_RECORD
  5
2AE9
330
1
100
AcDbSymbolTableRecord
100
AcDbBlockTableRecord
  2
*D177
340
0
 70
     0
280
     1
281
     0
  0
BLOCK_RECORD
  5
2AF8
330
1
100
AcDbSymbolTableRecord
100
AcDbBlockTableRecord
  2
*D178
340
0
 70
     0
280
     1
281
     0
  0
BLOCK_RECORD
  5
2B05
330
1
100
AcDbSymbolTableRecord
100
AcDbBlockTableRecord
  2
*D179
340
0
 70
     0
280
     1
281
     0
  0
BLOCK_RECORD
  5
2B18
330
1
100
AcDbSymbolTableRecord
100
AcDbBlockTableRecord
  2
*D180
340
0
 70
     0
280
     1
281
     0
  0
BLOCK_RECORD
  5
2B5E
330
1
100
AcDbSymbolTableRecord
100
AcDbBlockTableRecord
  2
*D181
340
0
 70
     0
280
     1
281
     0
  0
BLOCK_RECORD
  5
2B78
330
1
100
AcDbSymbolTableRecord
100
AcDbBlockTableRecord
  2
*D182
340
0
 70
     0
280
     1
281
     0
  0
BLOCK_RECORD
  5
2B84
330
1
100
AcDbSymbolTableRecord
100
AcDbBlockTableRecord
  2
*D183
340
0
 70
     0
280
     1
281
     0
  0
BLOCK_RECORD
  5
2BA3
330
1
100
AcDbSymbolTableRecord
100
AcDbBlockTableRecord
  2
*D184
340
0
 70
     0
280
     1
281
     0
  0
BLOCK_RECORD
  5
2BCB
330
1
100
AcDbSymbolTableRecord
100
AcDbBlockTableRecord
  2
*D185
340
0
 70
     0
280
     1
281
     0
  0
BLOCK_RECORD
  5
2BF5
330
1
100
AcDbSymbolTableRecord
100
AcDbBlockTableRecord
  2
*D186
340
0
 70
     0
280
     1
281
     0
  0
BLOCK_RECORD
  5
2C14
330
1
100
AcDbSymbolTableRecord
100
AcDbBlockTableRecord
  2
*D187
340
0
 70
     0
280
     1
281
     0
  0
BLOCK_RECORD
  5
2C69
330
1
100
AcDbSymbolTableRecord
100
AcDbBlockTableRecord
  2
*D188
340
0
 70
     0
280
     1
281
     0
  0
BLOCK_RECORD
  5
2C9B
330
1
100
AcDbSymbolTableRecord
100
AcDbBlockTableRecord
  2
*D189
340
0
 70
     0
280
     1
281
     0
  0
BLOCK_RECORD
  5
2CB2
330
1
100
AcDbSymbolTableRecord
100
AcDbBlockTableRecord
  2
*D190
340
0
 70
     0
280
     1
281
     0
  0
BLOCK_RECORD
  5
2CC2
330
1
100
AcDbSymbolTableRecord
100
AcDbBlockTableRecord
  2
*D191
340
0
 70
     0
280
     1
281
     0
  0
BLOCK_RECORD
  5
2CDB
330
1
100
AcDbSymbolTableRecord
100
AcDbBlockTableRecord
  2
*D192
340
0
 70
     0
280
     1
281
     0
  0
BLOCK_RECORD
  5
2CEA
330
1
100
AcDbSymbolTableRecord
100
AcDbBlockTableRecord
  2
*D193
340
0
 70
     0
280
     1
281
     0
  0
BLOCK_RECORD
  5
2CF9
330
1
100
AcDbSymbolTableRecord
100
AcDbBlockTableRecord
  2
*D194
340
0
 70
     0
280
     1
281
     0
  0
BLOCK_RECORD
  5
2D08
330
1
100
AcDbSymbolTableRecord
100
AcDbBlockTableRecord
  2
*D195
340
0
 70
     0
280
     1
281
     0
  0
BLOCK_RECORD
  5
2D17
330
1
100
AcDbSymbolTableRecord
100
AcDbBlockTableRecord
  2
*D196
340
0
 70
     0
280
     1
281
     0
  0
BLOCK_RECORD
  5
2D26
330
1
100
AcDbSymbolTableRecord
100
AcDbBlockTableRecord
  2
*D197
340
0
 70
     0
280
     1
281
     0
  0
ENDTAB
  0
ENDSEC
  0
SECTION
  2
BLOCKS
  0
BLOCK
  5
20
330
1F
100
AcDbEntity
  8
0
100
AcDbBlockBegin
  2
*Model_Space
 70
     0
 10
0.0
 20
0.0
 30
0.0
  3
*Model_Space
  1

  0
ENDBLK
  5
21
330
1F
100
AcDbEntity
  8
0
100
AcDbBlockEnd
  0
BLOCK
  5
1E75
330
1E73
100
AcDbEntity
 67
     1
  8
0
100
AcDbBlockBegin
  2
*Paper_Space
 70
     0
 10
0.0
 20
0.0
 30
0.0
  3
*Paper_Space
  1

  0
ENDBLK
  5
1E76
330
1E73
100
AcDbEntity
 67
     1
  8
0
100
AcDbBlockEnd
  0
BLOCK
  5
1BE
330
1BD
100
AcDbEntity
  8
0
100
AcDbBlockBegin
  2
*D0
 70
     1
 10
0.0
 20
0.0
 30
0.0
  3
*D0
  1

  0
LINE
  5
22C1
330
1BD
100
AcDbEntity
  8
Dimensions
 62
     0
440
 16777216
370
    -2
100
AcDbLine
 10
500.0
 20
-0.625
 30
0.0
 11
500.0
 21
-11.25
 31
0.0
  0
LINE
  5
22C2
330
1BD
100
AcDbEntity
  8
Dimensions
 62
     0
440
 16777216
370
    -2
100
AcDbLine
 10
478.0
 20
314.375
 30
0.0
 11
478.0
 21
-11.25
 31
0.0
  0
LINE
  5
22C3
330
1BD
100
AcDbEntity
  8
Dimensions
 62
     0
440
 16777216
370
    -2
100
AcDbLine
 10
497.5
 20
-10.0
 30
0.0
 11
480.5
 21
-10.0
 31
0.0
  0
SOLID
  5
22C4
330
1BD
100
AcDbEntity
  8
Dimensions
 62
     0
440
 16777216
100
AcDbTrace
 10
497.5
 20
-9.583333333333333
 30
0.0
 11
497.5
 21
-10.41666666666666
 31
0.0
 12
500.0
 22
-10.0
 32
0.0
 13
500.0
 23
-10.0
 33
0.0
  0
SOLID
  5
22C5
330
1BD
100
AcDbEntity
  8
Dimensions
 62
     0
440
 16777216
100
AcDbTrace
 10
480.5
 20
-9.583333333333333
 30
0.0
 11
480.5
 21
-10.41666666666666
 31
0.0
 12
478.0
 22
-10.0
 32
0.0
 13
478.0
 23
-10.0
 33
0.0
  0
MTEXT
  5
22C6
330
1BD
100
AcDbEntity
  8
Dimensions
 62
     0
440
 16777216
100
AcDbMText
 10
489.0
 20
-8.125
 30
0.0
 40
2.5
 41
0.0
 46
0.0
 71
     5
 72
     1
  1
22
 73
     1
 44
1.0
  0
POINT
  5
22C7
330
1BD
100
AcDbEntity
  8
Defpoints
 62
     0
440
 16777216
100
AcDbPoint
 10
500.0
 20
0.0
 30
0.0
  0
POINT
  5
22C8
330
1BD
100
AcDbEntity
  8
Defpoints
 62
     0
440
 16777216
100
AcDbPoint
 10
478.0
 20
315.0
 30
0.0
  0
POINT
  5
22C9
330
1BD
100
AcDbEntity
  8
Defpoints
 62
     0
440
 16777216
100
AcDbPoint
 10
478.0
 20
-10.0
 30
0.0
  0
ENDBLK
  5
1BF
330
1BD
100
AcDbEntity
  8
0
100
AcDbBlockEnd
  0
BLOCK
  5
1D6
330
1D5
100
AcDbEntity
  8
0
100
AcDbBlockBegin
  2
*D1
 70
     1
 10
0.0
 20
0.0
 30
0.0
  3
*D1
  1

  0
LINE
  5
22AF
330
1D5
100
AcDbEntity
  8
Dimensions
 62
     0
440
 16777216
370
    -2
100
AcDbLine
 10
478.0
 20
-0.625
 30
0.0
 11
478.0
 21
-11.24999999999994
 31
0.0
  0
LINE
  5
22B0
330
1D5
100
AcDbEntity
  8
Dimensions
 62
     0
440
 16777216
370
    -2
100
AcDbLine
 10
431.0
 20
314.375
 30
0.0
 11
431.0
 21
-11.24999999999994
 31
0.0
  0
LINE
  5
22B1
330
1D5
100
AcDbEntity
  8
Dimensions
 62
     0
440
 16777216
370
    -2
100
AcDbLine
 10
475.4999999999999
 20
-9.999999999999943
 30
0.0
 11
433.5
 21
-9.999999999999943
 31
0.0
  0
SOLID
  5
22B2
330
1D5
100
AcDbEntity
  8
Dimensions
 62
     0
440
 16777216
100
AcDbTrace
 10
475.4999999999999
 20
-9.583333333333277
 30
0.0
 11
475.4999999999999
 21
-10.41666666666661
 31
0.0
 12
478.0
 22
-9.999999999999943
 32
0.0
 13
478.0
 23
-9.999999999999943
 33
0.0
  0
SOLID
  5
22B3
330
1D5
100
AcDbEntity
  8
Dimensions
 62
     0
440
 16777216
100
AcDbTrace
 10
433.5
 20
-9.583333333333277
 30
0.0
 11
433.5
 21
-10.41666666666661
 31
0.0
 12
431.0
 22
-9.999999999999943
 32
0.0
 13
431.0
 23
-9.999999999999943
 33
0.0
  0
MTEXT
  5
22B4
330
1D5
100
AcDbEntity
  8
Dimensions
 62
     0
440
 16777216
100
AcDbMText
 10
454.4999999999999
 20
-8.124999999999943
 30
0.0
 40
2.5
 41
0.0
 46
0.0
 71
     5
 72
     1
  1
47
 73
     1
 44
1.0
  0
POINT
  5
22B5
330
1D5
100
AcDbEntity
  8
Defpoints
 62
     0
440
 16777216
100
AcDbPoint
 10
478.0
 20
0.0
 30
0.0
  0
POINT
  5
22B6
330
1D5
100
AcDbEntity
  8
Defpoints
 62
     0
440
 16777216
100
AcDbPoint
 10
431.0
 20
315.0
 30
0.0
  0
POINT
  5
22B7
330
1D5
100
AcDbEntity
  8
Defpoints
 62
     0
440
 16777216
100
AcDbPoint
 10
431.0
 20
-9.999999999999943
 30
0.0
  0
ENDBLK
  5
1D7
330
1D5
100
AcDbEntity
  8
0
100
AcDbBlockEnd
  0
BLOCK
  5
1E3
330
1E2
100
AcDbEntity
  8
0
100
AcDbBlockBegin
  2
*D2
 70
     1
 10
0.0
 20
0.0
 30
0.0
  3
*D2
  1

  0
LINE
  5
22B8
330
1E2
100
AcDbEntity
  8
Dimensions
 62
     0
440
 16777216
370
    -2
100
AcDbLine
 10
431.0
 20
-0.6249999999999432
 30
0.0
 11
431.0
 21
-11.24999999999994
 31
0.0
  0
LINE
  5
22B9
330
1E2
100
AcDbEntity
  8
Dimensions
 62
     0
440
 16777216
370
    -2
100
AcDbLine
 10
384.0000000000001
 20
314.375
 30
0.0
 11
384.0000000000001
 21
-11.24999999999994
 31
0.0
  0
LINE
  5
22BA
330
1E2
100
AcDbEntity
  8
Dimensions
 62
     0
440
 16777216
370
    -2
100
AcDbLine
 10
428.5
 20
-9.999999999999943
 30
0.0
 11
386.5000000000001
 21
-9.999999999999943
 31
0.0
  0
SOLID
  5
22BB
330
1E2
100
AcDbEntity
  8
Dimensions
 62
     0
440
 16777216
100
AcDbTrace
 10
428.5
 20
-9.583333333333277
 30
0.0
 11
428.5
 21
-10.41666666666661
 31
0.0
 12
431.0
 22
-9.999999999999943
 32
0.0
 13
431.0
 23
-9.999999999999943
 33
0.0
  0
SOLID
  5
22BC
330
1E2
100
AcDbEntity
  8
Dimensions
 62
     0
440
 16777216
100
AcDbTrace
 10
386.5000000000001
 20
-9.583333333333277
 30
0.0
 11
386.5000000000001
 21
-10.41666666666661
 31
0.0
 12
384.0000000000001
 22
-9.999999999999943
 32
0.0
 13
384.0000000000001
 23
-9.999999999999943
 33
0.0
  0
MTEXT
  5
22BD
330
1E2
100
AcDbEntity
  8
Dimensions
 62
     0
440
 16777216
100
AcDbMText
 10
407.5
 20
-8.124999999999943
 30
0.0
 40
2.5
 41
0.0
 46
0.0
 71
     5
 72
     1
  1
47
 73
     1
 44
1.0
  0
POINT
  5
22BE
330
1E2
100
AcDbEntity
  8
Defpoints
 62
     0
440
 16777216
100
AcDbPoint
 10
431.0
 20
0.0000000000000568
 30
0.0
  0
POINT
  5
22BF
330
1E2
100
AcDbEntity
  8
Defpoints
 62
     0
440
 16777216
100
AcDbPoint
 10
384.0000000000001
 20
315.0
 30
0.0
  0
POINT
  5
22C0
330
1E2
100
AcDbEntity
  8
Defpoints
 62
     0
440
 16777216
100
AcDbPoint
 10
384.0000000000001
 20
-9.999999999999943
 30
0.0
  0
ENDBLK
  5
1E4
330
1E2
100
AcDbEntity
  8
0
100
AcDbBlockEnd
  0
BLOCK
  5
1F0
330
1EF
100
AcDbEntity
  8
0
100
AcDbBlockBegin
  2
*D3
 70
     1
 10
0.0
 20
0.0
 30
0.0
  3
*D3
  1

  0
LINE
  5
2214
330
1EF
100
AcDbEntity
  8
Dimensions
 62
     0
440
 16777216
370
    -2
100
AcDbLine
 10
384.0
 20
-0.6249999999999432
 30
0.0
 11
384.0
 21
-11.24999999999988
 31
0.0
  0
LINE
  5
2215
330
1EF
100
AcDbEntity
  8
Dimensions
 62
     0
440
 16777216
370
    -2
100
AcDbLine
 10
337.0
 20
91.37500000000011
 30
0.0
 11
337.0
 21
-11.24999999999988
 31
0.0
  0
LINE
  5
2216
330
1EF
100
AcDbEntity
  8
Dimensions
 62
     0
440
 16777216
370
    -2
100
AcDbLine
 10
381.5
 20
-9.999999999999886
 30
0.0
 11
339.5
 21
-9.999999999999886
 31
0.0
  0
SOLID
  5
2217
330
1EF
100
AcDbEntity
  8
Dimensions
 62
     0
440
 16777216
100
AcDbTrace
 10
381.5
 20
-9.58333333333322
 30
0.0
 11
381.5
 21
-10.41666666666655
 31
0.0
 12
384.0
 22
-9.999999999999886
 32
0.0
 13
384.0
 23
-9.999999999999886
 33
0.0
  0
SOLID
  5
2218
330
1EF
100
AcDbEntity
  8
Dimensions
 62
     0
440
 16777216
100
AcDbTrace
 10
339.5
 20
-9.58333333333322
 30
0.0
 11
339.5
 21
-10.41666666666655
 31
0.0
 12
337.0
 22
-9.999999999999886
 32
0.0
 13
337.0
 23
-9.999999999999886
 33
0.0
  0
MTEXT
  5
2219
330
1EF
100
AcDbEntity
  8
Dimensions
 62
     0
440
 16777216
100
AcDbMText
 10
360.5
 20
-8.124999999999886
 30
0.0
 40
2.5
 41
0.0
 46
0.0
 71
     5
 72
     1
  1
47
 73
     1
 44
1.0
  0
POINT
  5
221A
330
1EF
100
AcDbEntity
  8
Defpoints
 62
     0
440
 16777216
100
AcDbPoint
 10
384.0
 20
0.0000000000000568
 30
0.0
  0
POINT
  5
221B
330
1EF
100
AcDbEntity
  8
Defpoints
 62
     0
440
 16777216
100
AcDbPoint
 10
337.0
 20
92.00000000000011
 30
0.0
  0
POINT
  5
221C
330
1EF
100
AcDbEntity
  8
Defpoints
 62
     0
440
 16777216
100
AcDbPoint
 10
337.0
 20
-9.999999999999886
 30
0.0
  0
ENDBLK
  5
1F1
330
1EF
100
AcDbEntity
  8
0
100
AcDbBlockEnd
  0
BLOCK
  5
1FD
330
1FC
100
AcDbEntity
  8
0
100
AcDbBlockBegin
  2
*D4
 70
     1
 10
0.0
 20
0.0
 30
0.0
  3
*D4
  1

  0
LINE
  5
23BA
330
1FC
100
AcDbEntity
  8
Dimensions
 62
     0
440
 16777216
370
    -2
100
AcDbLine
 10
337.0
 20
-0.6249999999998864
 30
0.0
 11
337.0
 21
-11.24999999999988
 31
0.0
  0
LINE
  5
23BB
330
1FC
100
AcDbEntity
  8
Dimensions
 62
     0
440
 16777216
370
    -2
100
AcDbLine
 10
292.0
 20
114.3750000000001
 30
0.0
 11
292.0
 21
-11.24999999999988
 31
0.0
  0
LINE
  5
23BC
330
1FC
100
AcDbEntity
  8
Dimensions
 62
     0
440
 16777216
370
    -2
100
AcDbLine
 10
334.5
 20
-9.999999999999886
 30
0.0
 11
294.5
 21
-9.999999999999886
 31
0.0
  0
SOLID
  5
23BD
330
1FC
100
AcDbEntity
  8
Dimensions
 62
     0
440
 16777216
100
AcDbTrace
 10
334.5
 20
-9.58333333333322
 30
0.0
 11
334.5
 21
-10.41666666666655
 31
0.0
 12
337.0
 22
-9.999999999999886
 32
0.0
 13
337.0
 23
-9.999999999999886
 33
0.0
  0
SOLID
  5
23BE
330
1FC
100
AcDbEntity
  8
Dimensions
 62
     0
440
 16777216
100
AcDbTrace
 10
294.5
 20
-9.58333333333322
 30
0.0
 11
294.5
 21
-10.41666666666655
 31
0.0
 12
292.0
 22
-9.999999999999886
 32
0.0
 13
292.0
 23
-9.999999999999886
 33
0.0
  0
MTEXT
  5
23BF
330
1FC
100
AcDbEntity
  8
Dimensions
 62
     0
440
 16777216
100
AcDbMText
 10
314.5
 20
-8.124999999999886
 30
0.0
 40
2.5
 41
0.0
 46
0.0
 71
     5
 72
     1
  1
45
 73
     1
 44
1.0
  0
POINT
  5
23C0
330
1FC
100
AcDbEntity
  8
Defpoints
 62
     0
440
 16777216
100
AcDbPoint
 10
337.0
 20
0.0000000000001137
 30
0.0
  0
POINT
  5
23C1
330
1FC
100
AcDbEntity
  8
Defpoints
 62
     0
440
 16777216
100
AcDbPoint
 10
292.0
 20
115.0000000000001
 30
0.0
  0
POINT
  5
23C2
330
1FC
100
AcDbEntity
  8
Defpoints
 62
     0
440
 16777216
100
AcDbPoint
 10
292.0
 20
-9.999999999999886
 30
0.0
  0
ENDBLK
  5
1FE
330
1FC
100
AcDbEntity
  8
0
100
AcDbBlockEnd
  0
BLOCK
  5
20A
330
209
100
AcDbEntity
  8
0
100
AcDbBlockBegin
  2
*D5
 70
     1
 10
0.0
 20
0.0
 30
0.0
  3
*D5
  1

  0
LINE
  5
1559
330
209
100
AcDbEntity
  8
Dimensions
 62
     0
440
 16777216
370
    -2
100
AcDbLine
 10
500.625
 20
-0.0000000000000002
 30
0.0
 11
511.2499999999999
 21
-0.0000000000000032
 31
0.0
  0
LINE
  5
155A
330
209
100
AcDbEntity
  8
Dimensions
 62
     0
440
 16777216
370
    -2
100
AcDbLine
 10
334.625
 20
20.00000000000011
 30
0.0
 11
511.2499999999999
 21
20.00000000000007
 31
0.0
  0
LINE
  5
155B
330
209
100
AcDbEntity
  8
Dimensions
 62
     0
440
 16777216
370
    -2
100
AcDbLine
 10
510.0
 20
2.499999999999997
 30
0.0
 11
510.0
 21
17.50000000000006
 31
0.0
  0
SOLID
  5
155C
330
209
100
AcDbEntity
  8
Dimensions
 62
     0
440
 16777216
100
AcDbTrace
 10
509.5833333333333
 20
2.499999999999997
 30
0.0
 11
510.4166666666666
 21
2.499999999999997
 31
0.0
 12
510.0
 22
-0.0000000000000028
 32
0.0
 13
510.0
 23
-0.0000000000000028
 33
0.0
  0
SOLID
  5
155D
330
209
100
AcDbEntity
  8
Dimensions
 62
     0
440
 16777216
100
AcDbTrace
 10
509.5833333333333
 20
17.50000000000006
 30
0.0
 11
510.4166666666666
 21
17.50000000000006
 31
0.0
 12
510.0
 22
20.00000000000007
 32
0.0
 13
510.0
 23
20.00000000000007
 33
0.0
  0
MTEXT
  5
155E
330
209
100
AcDbEntity
  8
Dimensions
 62
     0
440
 16777216
100
AcDbMText
 10
508.1249999999999
 20
10.00000000000011
 30
0.0
 40
2.5
 41
0.0
 46
0.0
 71
     5
 72
     1
  1
20
 11
0.0000000000000001
 21
1.0
 31
0.0
 73
     1
 44
1.0
  0
POINT
  5
155F
330
209
100
AcDbEntity
  8
Defpoints
 62
     0
440
 16777216
100
AcDbPoint
 10
500.0
 20
0.0
 30
0.0
  0
POINT
  5
1560
330
209
100
AcDbEntity
  8
Defpoints
 62
     0
440
 16777216
100
AcDbPoint
 10
334.0
 20
20.00000000000011
 30
0.0
  0
POINT
  5
1561
330
209
100
AcDbEntity
  8
Defpoints
 62
     0
440
 16777216
100
AcDbPoint
 10
510.0
 20
20.00000000000007
 30
0.0
  0
ENDBLK
  5
20B
330
209
100
AcDbEntity
  8
0
100
AcDbBlockEnd
  0
BLOCK
  5
217
330
216
100
AcDbEntity
  8
0
100
AcDbBlockBegin
  2
*D6
 70
     1
 10
0.0
 20
0.0
 30
0.0
  3
*D6
  1

  0
LINE
  5
1562
330
216
100
AcDbEntity
  8
Dimensions
 62
     0
440
 16777216
370
    -2
100
AcDbLine
 10
500.625
 20
20.0
 30
0.0
 11
511.25
 21
20.0
 31
0.0
  0
LINE
  5
1563
330
216
100
AcDbEntity
  8
Dimensions
 62
     0
440
 16777216
370
    -2
100
AcDbLine
 10
334.625
 20
92.00000000000011
 30
0.0
 11
511.25
 21
92.00000000000006
 31
0.0
  0
LINE
  5
1564
330
216
100
AcDbEntity
  8
Dimensions
 62
     0
440
 16777216
370
    -2
100
AcDbLine
 10
510.0
 20
22.5
 30
0.0
 11
510.0
 21
89.50000000000006
 31
0.0
  0
SOLID
  5
1565
330
216
100
AcDbEntity
  8
Dimensions
 62
     0
440
 16777216
100
AcDbTrace
 10
509.5833333333334
 20
22.5
 30
0.0
 11
510.4166666666667
 21
22.5
 31
0.0
 12
510.0
 22
20.0
 32
0.0
 13
510.0
 23
20.0
 33
0.0
  0
SOLID
  5
1566
330
216
100
AcDbEntity
  8
Dimensions
 62
     0
440
 16777216
100
AcDbTrace
 10
509.5833333333334
 20
89.50000000000006
 30
0.0
 11
510.4166666666667
 21
89.50000000000006
 31
0.0
 12
510.0
 22
92.00000000000006
 32
0.0
 13
510.0
 23
92.00000000000006
 33
0.0
  0
MTEXT
  5
1567
330
216
100
AcDbEntity
  8
Dimensions
 62
     0
440
 16777216
100
AcDbMText
 10
508.125
 20
56.00000000000012
 30
0.0
 40
2.5
 41
0.0
 46
0.0
 71
     5
 72
     1
  1
72
 11
0.0000000000000001
 21
1.0
 31
0.0
 73
     1
 44
1.0
  0
POINT
  5
1568
330
216
100
AcDbEntity
  8
Defpoints
 62
     0
440
 16777216
100
AcDbPoint
 10
500.0
 20
20.0
 30
0.0
  0
POINT
  5
1569
330
216
100
AcDbEntity
  8
Defpoints
 62
     0
440
 16777216
100
AcDbPoint
 10
334.0
 20
92.00000000000011
 30
0.0
  0
POINT
  5
156A
330
216
100
AcDbEntity
  8
Defpoints
 62
     0
440
 16777216
100
AcDbPoint
 10
510.0
 20
92.00000000000006
 30
0.0
  0
ENDBLK
  5
218
330
216
100
AcDbEntity
  8
0
100
AcDbBlockEnd
  0
BLOCK
  5
224
330
223
100
AcDbEntity
  8
0
100
AcDbBlockBegin
  2
*D7
 70
     1
 10
0.0
 20
0.0
 30
0.0
  3
*D7
  1

  0
LINE
  5
156B
330
223
100
AcDbEntity
  8
Dimensions
 62
     0
440
 16777216
370
    -2
100
AcDbLine
 10
500.625
 20
-0.0000000000000002
 30
0.0
 11
521.25
 21
-0.000000000000006
 31
0.0
  0
LINE
  5
156C
330
223
100
AcDbEntity
  8
Dimensions
 62
     0
440
 16777216
370
    -2
100
AcDbLine
 10
500.625
 20
12.0
 30
0.0
 11
521.25
 21
11.99999999999999
 31
0.0
  0
LINE
  5
156D
330
223
100
AcDbEntity
  8
Dimensions
 62
     0
440
 16777216
370
    -2
100
AcDbLine
 10
520.0
 20
2.499999999999994
 30
0.0
 11
520.0
 21
9.499999999999992
 31
0.0
  0
SOLID
  5
156E
330
223
100
AcDbEntity
  8
Dimensions
 62
     0
440
 16777216
100
AcDbTrace
 10
519.5833333333333
 20
2.499999999999994
 30
0.0
 11
520.4166666666666
 21
2.499999999999994
 31
0.0
 12
520.0
 22
-0.0000000000000057
 32
0.0
 13
520.0
 23
-0.0000000000000057
 33
0.0
  0
SOLID
  5
156F
330
223
100
AcDbEntity
  8
Dimensions
 62
     0
440
 16777216
100
AcDbTrace
 10
519.5833333333333
 20
9.499999999999992
 30
0.0
 11
520.4166666666666
 21
9.499999999999992
 31
0.0
 12
520.0
 22
11.99999999999999
 32
0.0
 13
520.0
 23
11.99999999999999
 33
0.0
  0
MTEXT
  5
1570
330
223
100
AcDbEntity
  8
Dimensions
 62
     0
440
 16777216
100
AcDbMText
 10
518.125
 20
6.000000000000077
 30
0.0
 40
2.5
 41
0.0
 46
0.0
 71
     5
 72
     1
  1
12
 11
0.0000000000000001
 21
1.0
 31
0.0
 73
     1
 44
1.0
  0
POINT
  5
1571
330
223
100
AcDbEntity
  8
Defpoints
 62
     0
440
 16777216
100
AcDbPoint
 10
500.0
 20
0.0
 30
0.0
  0
POINT
  5
1572
330
223
100
AcDbEntity
  8
Defpoints
 62
     0
440
 16777216
100
AcDbPoint
 10
500.0
 20
12.0
 30
0.0
  0
POINT
  5
1573
330
223
100
AcDbEntity
  8
Defpoints
 62
     0
440
 16777216
100
AcDbPoint
 10
520.0
 20
11.99999999999999
 30
0.0
  0
ENDBLK
  5
225
330
223
100
AcDbEntity
  8
0
100
AcDbBlockEnd
  0
BLOCK
  5
231
330
230
100
AcDbEntity
  8
0
100
AcDbBlockBegin
  2
*D8
 70
     1
 10
0.0
 20
0.0
 30
0.0
  3
*D8
  1

  0
LINE
  5
2439
330
230
100
AcDbEntity
  8
Dimensions
 62
     0
440
 16777216
370
    -2
100
AcDbLine
 10
500.6250000000002
 20
27.00000000000013
 30
0.0
 11
521.2500000000006
 21
27.00000000000013
 31
0.0
  0
LINE
  5
243A
330
230
100
AcDbEntity
  8
Dimensions
 62
     0
440
 16777216
370
    -2
100
AcDbLine
 10
292.6250000000001
 20
115.0000000000001
 30
0.0
 11
521.2500000000006
 21
115.0000000000002
 31
0.0
  0
LINE
  5
243B
330
230
100
AcDbEntity
  8
Dimensions
 62
     0
440
 16777216
370
    -2
100
AcDbLine
 10
520.0000000000007
 20
29.50000000000013
 30
0.0
 11
520.0000000000007
 21
112.5000000000002
 31
0.0
  0
SOLID
  5
243C
330
230
100
AcDbEntity
  8
Dimensions
 62
     0
440
 16777216
100
AcDbTrace
 10
519.583333333334
 20
29.50000000000013
 30
0.0
 11
520.4166666666672
 21
29.50000000000013
 31
0.0
 12
520.0000000000007
 22
27.00000000000013
 32
0.0
 13
520.0000000000007
 23
27.00000000000013
 33
0.0
  0
SOLID
  5
243D
330
230
100
AcDbEntity
  8
Dimensions
 62
     0
440
 16777216
100
AcDbTrace
 10
519.583333333334
 20
112.5000000000002
 30
0.0
 11
520.4166666666672
 21
112.5000000000002
 31
0.0
 12
520.0000000000007
 22
115.0000000000002
 32
0.0
 13
520.0000000000007
 23
115.0000000000002
 33
0.0
  0
MTEXT
  5
243E
330
230
100
AcDbEntity
  8
Dimensions
 62
     0
440
 16777216
100
AcDbMText
 10
518.1250000000005
 20
71.0
 30
0.0
 40
2.5
 41
0.0
 46
0.0
 71
     5
 72
     1
  1
88
 11
0.0000000000000001
 21
1.0
 31
0.0
 73
     1
 44
1.0
  0
POINT
  5
243F
330
230
100
AcDbEntity
  8
Defpoints
 62
     0
440
 16777216
100
AcDbPoint
 10
500.0000000000002
 20
27.00000000000013
 30
0.0
  0
POINT
  5
2440
330
230
100
AcDbEntity
  8
Defpoints
 62
     0
440
 16777216
100
AcDbPoint
 10
292.0000000000001
 20
115.0000000000001
 30
0.0
  0
POINT
  5
2441
330
230
100
AcDbEntity
  8
Defpoints
 62
     0
440
 16777216
100
AcDbPoint
 10
520.0000000000007
 20
115.0000000000002
 30
0.0
  0
ENDBLK
  5
232
330
230
100
AcDbEntity
  8
0
100
AcDbBlockEnd
  0
BLOCK
  5
299
330
298
100
AcDbEntity
  8
0
100
AcDbBlockBegin
  2
*D9
 70
     1
 10
0.0
 20
0.0
 30
0.0
  3
*D9
  1

  0
LINE
  5
2266
330
298
100
AcDbEntity
  8
Dimensions
 62
     0
440
 16777216
370
    -2
100
AcDbLine
 10
348.9150808657135
 20
103.9150808657134
 30
0.0
 11
341.949747468306
 21
96.94974746830592
 31
0.0
  0
LINE
  5
2267
330
298
100
AcDbEntity
  8
Dimensions
 62
     0
440
 16777216
370
    -2
100
AcDbLine
 10
332.0502525316941
 20
87.05025253169425
 30
0.0
 11
330.2824855787277
 21
85.28248557872791
 31
0.0
  0
MTEXT
  5
2268
330
298
100
AcDbEntity
  8
Dimensions
 62
     0
440
 16777216
100
AcDbMText
 10
345.6741747852753
 20
103.3258252147246
 30
0.0
 40
2.5
 41
0.0
 46
0.0
 71
     5
 72
     1
  1
∅9
 11
0.7071067811865551
 21
0.70710678118654
 31
0.0
 73
     1
 44
1.0
  0
LINE
  5
2269
330
298
100
AcDbEntity
  8
Dimensions
 62
     0
440
 16777216
370
    -2
100
AcDbLine
 10
333.8180194846604
 20
88.81801948466058
 30
0.0
 11
340.1819805153396
 21
95.18198051533955
 31
0.0
  0
SOLID
  5
226A
330
298
100
AcDbEntity
  8
Dimensions
 62
     0
440
 16777216
100
AcDbTrace
 10
331.7556247061997
 20
87.34488035718865
 30
0.0
 11
332.3448803571884
 21
86.75562470619986
 31
0.0
 12
333.8180194846604
 22
88.81801948466058
 32
0.0
 13
333.8180194846604
 23
88.81801948466058
 33
0.0
  0
SOLID
  5
226B
330
298
100
AcDbEntity
  8
Dimensions
 62
     0
440
 16777216
100
AcDbTrace
 10
341.6551196428116
 20
97.24437529380031
 30
0.0
 11
342.2443752938003
 21
96.65511964281153
 31
0.0
 12
340.1819805153396
 22
95.18198051533955
 32
0.0
 13
340.1819805153396
 23
95.18198051533955
 33
0.0
  0
POINT
  5
226C
330
298
100
AcDbEntity
  8
Defpoints
 62
     0
440
 16777216
100
AcDbPoint
 10
340.1819805153396
 20
95.18198051533955
 30
0.0
  0
POINT
  5
226D
330
298
100
AcDbEntity
  8
Defpoints
 62
     0
440
 16777216
100
AcDbPoint
 10
333.8180194846604
 20
88.81801948466058
 30
0.0
  0
ENDBLK
  5
29A
330
298
100
AcDbEntity
  8
0
100
AcDbBlockEnd
  0
BLOCK
  5
2B2
330
2B1
100
AcDbEntity
  8
0
100
AcDbBlockBegin
  2
*D10
 70
     1
 10
0.0
 20
0.0
 30
0.0
  3
*D10
  1

  0
LINE
  5
226E
330
2B1
100
AcDbEntity
  8
Dimensions
 62
     0
440
 16777216
370
    -2
100
AcDbLine
 10
395.9150808657136
 20
103.9150808657134
 30
0.0
 11
388.9497474683059
 21
96.94974746830579
 31
0.0
  0
LINE
  5
226F
330
2B1
100
AcDbEntity
  8
Dimensions
 62
     0
440
 16777216
370
    -2
100
AcDbLine
 10
379.0502525316941
 20
87.05025253169422
 30
0.0
 11
377.2824855787278
 21
85.28248557872785
 31
0.0
  0
MTEXT
  5
2270
330
2B1
100
AcDbEntity
  8
Dimensions
 62
     0
440
 16777216
100
AcDbMText
 10
392.6741747852753
 20
103.3258252147246
 30
0.0
 40
2.5
 41
0.0
 46
0.0
 71
     5
 72
     1
  1
∅9
 11
0.7071067811865538
 21
0.7071067811865413
 31
0.0
 73
     1
 44
1.0
  0
LINE
  5
2271
330
2B1
100
AcDbEntity
  8
Dimensions
 62
     0
440
 16777216
370
    -2
100
AcDbLine
 10
380.8180194846606
 20
88.81801948466057
 30
0.0
 11
387.1819805153395
 21
95.18198051533943
 31
0.0
  0
SOLID
  5
2272
330
2B1
100
AcDbEntity
  8
Dimensions
 62
     0
440
 16777216
100
AcDbTrace
 10
378.7556247061998
 20
87.34488035718859
 30
0.0
 11
379.3448803571886
 21
86.75562470619979
 31
0.0
 12
380.8180194846606
 22
88.81801948466057
 32
0.0
 13
380.8180194846606
 23
88.81801948466057
 33
0.0
  0
SOLID
  5
2273
330
2B1
100
AcDbEntity
  8
Dimensions
 62
     0
440
 16777216
100
AcDbTrace
 10
388.6551196428115
 20
97.24437529380018
 30
0.0
 11
389.2443752938003
 21
96.65511964281137
 31
0.0
 12
387.1819805153395
 22
95.18198051533943
 32
0.0
 13
387.1819805153395
 23
95.18198051533943
 33
0.0
  0
POINT
  5
2274
330
2B1
100
AcDbEntity
  8
Defpoints
 62
     0
440
 16777216
100
AcDbPoint
 10
387.1819805153395
 20
95.18198051533943
 30
0.0
  0
POINT
  5
2275
330
2B1
100
AcDbEntity
  8
Defpoints
 62
     0
440
 16777216
100
AcDbPoint
 10
380.8180194846606
 20
88.81801948466057
 30
0.0
  0
ENDBLK
  5
2B3
330
2B1
100
AcDbEntity
  8
0
100
AcDbBlockEnd
  0
BLOCK
  5
2C1
330
2C0
100
AcDbEntity
  8
0
100
AcDbBlockBegin
  2
*D11
 70
     1
 10
0.0
 20
0.0
 30
0.0
  3
*D11
  1

  0
LINE
  5
2276
330
2C0
100
AcDbEntity
  8
Dimensions
 62
     0
440
 16777216
370
    -2
100
AcDbLine
 10
442.9150808657137
 20
103.9150808657131
 30
0.0
 11
435.949747468306
 21
96.94974746830565
 31
0.0
  0
LINE
  5
2277
330
2C0
100
AcDbEntity
  8
Dimensions
 62
     0
440
 16777216
370
    -2
100
AcDbLine
 10
426.0502525316941
 20
87.05025253169432
 30
0.0
 11
424.2824855787277
 21
85.282485578728
 31
0.0
  0
MTEXT
  5
2278
330
2C0
100
AcDbEntity
  8
Dimensions
 62
     0
440
 16777216
100
AcDbMText
 10
439.6741747852754
 20
103.3258252147245
 30
0.0
 40
2.5
 41
0.0
 46
0.0
 71
     5
 72
     1
  1
∅9
 11
0.7071067811865632
 21
0.7071067811865319
 31
0.0
 73
     1
 44
1.0
  0
LINE
  5
2279
330
2C0
100
AcDbEntity
  8
Dimensions
 62
     0
440
 16777216
370
    -2
100
AcDbLine
 10
427.8180194846605
 20
88.81801948466065
 30
0.0
 11
434.1819805153395
 21
95.18198051533932
 31
0.0
  0
SOLID
  5
227A
330
2C0
100
AcDbEntity
  8
Dimensions
 62
     0
440
 16777216
100
AcDbTrace
 10
425.7556247061997
 20
87.34488035718872
 30
0.0
 11
426.3448803571884
 21
86.75562470619993
 31
0.0
 12
427.8180194846605
 22
88.81801948466065
 32
0.0
 13
427.8180194846605
 23
88.81801948466065
 33
0.0
  0
SOLID
  5
227B
330
2C0
100
AcDbEntity
  8
Dimensions
 62
     0
440
 16777216
100
AcDbTrace
 10
435.6551196428116
 20
97.24437529380006
 30
0.0
 11
436.2443752938004
 21
96.65511964281126
 31
0.0
 12
434.1819805153395
 22
95.18198051533932
 32
0.0
 13
434.1819805153395
 23
95.18198051533932
 33
0.0
  0
POINT
  5
227C
330
2C0
100
AcDbEntity
  8
Defpoints
 62
     0
440
 16777216
100
AcDbPoint
 10
434.1819805153395
 20
95.18198051533932
 30
0.0
  0
POINT
  5
227D
330
2C0
100
AcDbEntity
  8
Defpoints
 62
     0
440
 16777216
100
AcDbPoint
 10
427.8180194846605
 20
88.81801948466065
 30
0.0
  0
ENDBLK
  5
2C2
330
2C0
100
AcDbEntity
  8
0
100
AcDbBlockEnd
  0
BLOCK
  5
2D0
330
2CF
100
AcDbEntity
  8
0
100
AcDbBlockBegin
  2
*D12
 70
     1
 10
0.0
 20
0.0
 30
0.0
  3
*D12
  1

  0
LINE
  5
227E
330
2CF
100
AcDbEntity
  8
Dimensions
 62
     0
440
 16777216
370
    -2
100
AcDbLine
 10
489.9150808657132
 20
103.9150808657133
 30
0.0
 11
482.9497474683059
 21
96.94974746830594
 31
0.0
  0
LINE
  5
227F
330
2CF
100
AcDbEntity
  8
Dimensions
 62
     0
440
 16777216
370
    -2
100
AcDbLine
 10
473.0502525316938
 20
87.05025253169372
 30
0.0
 11
471.2824855787276
 21
85.28248557872734
 31
0.0
  0
MTEXT
  5
2280
330
2CF
100
AcDbEntity
  8
Dimensions
 62
     0
440
 16777216
100
AcDbMText
 10
486.6741747852748
 20
103.3258252147246
 30
0.0
 40
2.5
 41
0.0
 46
0.0
 71
     5
 72
     1
  1
∅9
 11
0.7071067811865413
 21
0.7071067811865538
 31
0.0
 73
     1
 44
1.0
  0
LINE
  5
2281
330
2CF
100
AcDbEntity
  8
Dimensions
 62
     0
440
 16777216
370
    -2
100
AcDbLine
 10
474.8180194846603
 20
88.81801948466018
 30
0.0
 11
481.1819805153395
 21
95.18198051533955
 31
0.0
  0
SOLID
  5
2282
330
2CF
100
AcDbEntity
  8
Dimensions
 62
     0
440
 16777216
100
AcDbTrace
 10
472.7556247061995
 20
87.34488035718815
 30
0.0
 11
473.3448803571883
 21
86.75562470619931
 31
0.0
 12
474.8180194846603
 22
88.81801948466018
 32
0.0
 13
474.8180194846603
 23
88.81801948466018
 33
0.0
  0
SOLID
  5
2283
330
2CF
100
AcDbEntity
  8
Dimensions
 62
     0
440
 16777216
100
AcDbTrace
 10
482.6551196428114
 20
97.24437529380034
 30
0.0
 11
483.2443752938003
 21
96.65511964281151
 31
0.0
 12
481.1819805153395
 22
95.18198051533955
 32
0.0
 13
481.1819805153395
 23
95.18198051533955
 33
0.0
  0
POINT
  5
2284
330
2CF
100
AcDbEntity
  8
Defpoints
 62
     0
440
 16777216
100
AcDbPoint
 10
481.1819805153395
 20
95.18198051533955
 30
0.0
  0
POINT
  5
2285
330
2CF
100
AcDbEntity
  8
Defpoints
 62
     0
440
 16777216
100
AcDbPoint
 10
474.8180194846603
 20
88.81801948466018
 30
0.0
  0
ENDBLK
  5
2D1
330
2CF
100
AcDbEntity
  8
0
100
AcDbBlockEnd
  0
BLOCK
  5
2DF
330
2DE
100
AcDbEntity
  8
0
100
AcDbBlockBegin
  2
*D13
 70
     1
 10
0.0
 20
0.0
 30
0.0
  3
*D13
  1

  0
LINE
  5
2286
330
2DE
100
AcDbEntity
  8
Dimensions
 62
     0
440
 16777216
370
    -2
100
AcDbLine
 10
489.915080865714
 20
31.91508086571309
 30
0.0
 11
482.9497474683059
 21
24.94974746830559
 31
0.0
  0
LINE
  5
2287
330
2DE
100
AcDbEntity
  8
Dimensions
 62
     0
440
 16777216
370
    -2
100
AcDbLine
 10
473.0502525316938
 20
15.0502525316943
 30
0.0
 11
471.2824855787274
 21
13.282485578728
 31
0.0
  0
MTEXT
  5
2288
330
2DE
100
AcDbEntity
  8
Dimensions
 62
     0
440
 16777216
100
AcDbMText
 10
486.6741747852757
 20
31.32582521472443
 30
0.0
 40
2.5
 41
0.0
 46
0.0
 71
     5
 72
     1
  1
∅9
 11
0.7071067811865777
 21
0.7071067811865174
 31
0.0
 73
     1
 44
1.0
  0
LINE
  5
2289
330
2DE
100
AcDbEntity
  8
Dimensions
 62
     0
440
 16777216
370
    -2
100
AcDbLine
 10
474.8180194846603
 20
16.81801948466059
 30
0.0
 11
481.1819805153395
 21
23.18198051533929
 31
0.0
  0
SOLID
  5
228A
330
2DE
100
AcDbEntity
  8
Dimensions
 62
     0
440
 16777216
100
AcDbTrace
 10
472.7556247061994
 20
15.34488035718871
 30
0.0
 11
473.3448803571882
 21
14.75562470619988
 31
0.0
 12
474.8180194846603
 22
16.81801948466059
 32
0.0
 13
474.8180194846603
 23
16.81801948466059
 33
0.0
  0
SOLID
  5
228B
330
2DE
100
AcDbEntity
  8
Dimensions
 62
     0
440
 16777216
100
AcDbTrace
 10
482.6551196428116
 20
25.2443752938
 30
0.0
 11
483.2443752938003
 21
24.65511964281117
 31
0.0
 12
481.1819805153395
 22
23.18198051533929
 32
0.0
 13
481.1819805153395
 23
23.18198051533929
 33
0.0
  0
POINT
  5
228C
330
2DE
100
AcDbEntity
  8
Defpoints
 62
     0
440
 16777216
100
AcDbPoint
 10
481.1819805153395
 20
23.18198051533929
 30
0.0
  0
POINT
  5
228D
330
2DE
100
AcDbEntity
  8
Defpoints
 62
     0
440
 16777216
100
AcDbPoint
 10
474.8180194846603
 20
16.81801948466059
 30
0.0
  0
ENDBLK
  5
2E0
330
2DE
100
AcDbEntity
  8
0
100
AcDbBlockEnd
  0
BLOCK
  5
2EE
330
2ED
100
AcDbEntity
  8
0
100
AcDbBlockBegin
  2
*D14
 70
     1
 10
0.0
 20
0.0
 30
0.0
  3
*D14
  1

  0
LINE
  5
228E
330
2ED
100
AcDbEntity
  8
Dimensions
 62
     0
440
 16777216
370
    -2
100
AcDbLine
 10
442.9150808657141
 20
31.91508086571273
 30
0.0
 11
435.9497474683061
 21
24.94974746830559
 31
0.0
  0
LINE
  5
228F
330
2ED
100
AcDbEntity
  8
Dimensions
 62
     0
440
 16777216
370
    -2
100
AcDbLine
 10
426.0502525316939
 20
15.05025253169444
 30
0.0
 11
424.2824855787274
 21
13.28248557872817
 31
0.0
  0
MTEXT
  5
2290
330
2ED
100
AcDbEntity
  8
Dimensions
 62
     0
440
 16777216
100
AcDbMText
 10
439.6741747852757
 20
31.32582521472412
 30
0.0
 40
2.5
 41
0.0
 46
0.0
 71
     5
 72
     1
  1
∅9
 11
0.7071067811865871
 21
0.707106781186508
 31
0.0
 73
     1
 44
1.0
  0
LINE
  5
2291
330
2ED
100
AcDbEntity
  8
Dimensions
 62
     0
440
 16777216
370
    -2
100
AcDbLine
 10
427.8180194846604
 20
16.81801948466071
 30
0.0
 11
434.1819805153397
 21
23.18198051533932
 31
0.0
  0
SOLID
  5
2292
330
2ED
100
AcDbEntity
  8
Dimensions
 62
     0
440
 16777216
100
AcDbTrace
 10
425.7556247061994
 20
15.34488035718885
 30
0.0
 11
426.3448803571883
 21
14.75562470620002
 31
0.0
 12
427.8180194846604
 22
16.81801948466071
 32
0.0
 13
427.8180194846604
 23
16.81801948466071
 33
0.0
  0
SOLID
  5
2293
330
2ED
100
AcDbEntity
  8
Dimensions
 62
     0
440
 16777216
100
AcDbTrace
 10
435.6551196428117
 20
25.2443752938
 30
0.0
 11
436.2443752938005
 21
24.65511964281117
 31
0.0
 12
434.1819805153397
 22
23.18198051533932
 32
0.0
 13
434.1819805153397
 23
23.18198051533932
 33
0.0
  0
POINT
  5
2294
330
2ED
100
AcDbEntity
  8
Defpoints
 62
     0
440
 16777216
100
AcDbPoint
 10
434.1819805153397
 20
23.18198051533932
 30
0.0
  0
POINT
  5
2295
330
2ED
100
AcDbEntity
  8
Defpoints
 62
     0
440
 16777216
100
AcDbPoint
 10
427.8180194846604
 20
16.81801948466071
 30
0.0
  0
ENDBLK
  5
2EF
330
2ED
100
AcDbEntity
  8
0
100
AcDbBlockEnd
  0
BLOCK
  5
2FD
330
2FC
100
AcDbEntity
  8
0
100
AcDbBlockBegin
  2
*D15
 70
     1
 10
0.0
 20
0.0
 30
0.0
  3
*D15
  1

  0
LINE
  5
2296
330
2FC
100
AcDbEntity
  8
Dimensions
 62
     0
440
 16777216
370
    -2
100
AcDbLine
 10
395.9150808657142
 20
31.91508086571289
 30
0.0
 11
388.9497474683062
 21
24.94974746830562
 31
0.0
  0
LINE
  5
2297
330
2FC
100
AcDbEntity
  8
Dimensions
 62
     0
440
 16777216
370
    -2
100
AcDbLine
 10
379.0502525316938
 20
15.05025253169432
 30
0.0
 11
377.2824855787273
 21
13.28248557872806
 31
0.0
  0
MTEXT
  5
2298
330
2FC
100
AcDbEntity
  8
Dimensions
 62
     0
440
 16777216
100
AcDbMText
 10
392.6741747852759
 20
31.32582521472432
 30
0.0
 40
2.5
 41
0.0
 46
0.0
 71
     5
 72
     1
  1
∅9
 11
0.7071067811865856
 21
0.7071067811865096
 31
0.0
 73
     1
 44
1.0
  0
LINE
  5
2299
330
2FC
100
AcDbEntity
  8
Dimensions
 62
     0
440
 16777216
370
    -2
100
AcDbLine
 10
380.8180194846603
 20
16.81801948466059
 30
0.0
 11
387.1819805153398
 21
23.18198051533935
 31
0.0
  0
SOLID
  5
229A
330
2FC
100
AcDbEntity
  8
Dimensions
 62
     0
440
 16777216
100
AcDbTrace
 10
378.7556247061995
 20
15.34488035718874
 30
0.0
 11
379.3448803571882
 21
14.75562470619991
 31
0.0
 12
380.8180194846603
 22
16.81801948466059
 32
0.0
 13
380.8180194846603
 23
16.81801948466059
 33
0.0
  0
SOLID
  5
229B
330
2FC
100
AcDbEntity
  8
Dimensions
 62
     0
440
 16777216
100
AcDbTrace
 10
388.6551196428118
 20
25.24437529380004
 30
0.0
 11
389.2443752938006
 21
24.6551196428112
 31
0.0
 12
387.1819805153398
 22
23.18198051533935
 32
0.0
 13
387.1819805153398
 23
23.18198051533935
 33
0.0
  0
POINT
  5
229C
330
2FC
100
AcDbEntity
  8
Defpoints
 62
     0
440
 16777216
100
AcDbPoint
 10
387.1819805153398
 20
23.18198051533935
 30
0.0
  0
POINT
  5
229D
330
2FC
100
AcDbEntity
  8
Defpoints
 62
     0
440
 16777216
100
AcDbPoint
 10
380.8180194846603
 20
16.81801948466059
 30
0.0
  0
ENDBLK
  5
2FE
330
2FC
100
AcDbEntity
  8
0
100
AcDbBlockEnd
  0
BLOCK
  5
30C
330
30B
100
AcDbEntity
  8
0
100
AcDbBlockBegin
  2
*D16
 70
     1
 10
0.0
 20
0.0
 30
0.0
  3
*D16
  1

  0
LINE
  5
229E
330
30B
100
AcDbEntity
  8
Dimensions
 62
     0
440
 16777216
370
    -2
100
AcDbLine
 10
348.9150808657131
 20
31.91508086571344
 30
0.0
 11
341.9497474683057
 21
24.94974746830602
 31
0.0
  0
LINE
  5
229F
330
30B
100
AcDbEntity
  8
Dimensions
 62
     0
440
 16777216
370
    -2
100
AcDbLine
 10
332.0502525316943
 20
15.05025253169427
 30
0.0
 11
330.2824855787279
 21
13.28248557872788
 31
0.0
  0
MTEXT
  5
22A0
330
30B
100
AcDbEntity
  8
Dimensions
 62
     0
440
 16777216
100
AcDbMText
 10
345.6741747852748
 20
31.32582521472463
 30
0.0
 40
2.5
 41
0.0
 46
0.0
 71
     5
 72
     1
  1
∅9
 11
0.7071067811865413
 21
0.7071067811865538
 31
0.0
 73
     1
 44
1.0
  0
LINE
  5
22A1
330
30B
100
AcDbEntity
  8
Dimensions
 62
     0
440
 16777216
370
    -2
100
AcDbLine
 10
333.8180194846606
 20
16.81801948466065
 30
0.0
 11
340.1819805153394
 21
23.18198051533963
 31
0.0
  0
SOLID
  5
22A2
330
30B
100
AcDbEntity
  8
Dimensions
 62
     0
440
 16777216
100
AcDbTrace
 10
331.7556247061998
 20
15.34488035718865
 30
0.0
 11
332.3448803571886
 21
14.75562470619988
 31
0.0
 12
333.8180194846606
 22
16.81801948466065
 32
0.0
 13
333.8180194846606
 23
16.81801948466065
 33
0.0
  0
SOLID
  5
22A3
330
30B
100
AcDbEntity
  8
Dimensions
 62
     0
440
 16777216
100
AcDbTrace
 10
341.6551196428114
 20
25.2443752938004
 30
0.0
 11
342.2443752938002
 21
24.65511964281163
 31
0.0
 12
340.1819805153394
 22
23.18198051533963
 32
0.0
 13
340.1819805153394
 23
23.18198051533963
 33
0.0
  0
POINT
  5
22A4
330
30B
100
AcDbEntity
  8
Defpoints
 62
     0
440
 16777216
100
AcDbPoint
 10
340.1819805153394
 20
23.18198051533963
 30
0.0
  0
POINT
  5
22A5
330
30B
100
AcDbEntity
  8
Defpoints
 62
     0
440
 16777216
100
AcDbPoint
 10
333.8180194846606
 20
16.81801948466065
 30
0.0
  0
ENDBLK
  5
30D
330
30B
100
AcDbEntity
  8
0
100
AcDbBlockEnd
  0
BLOCK
  5
319
330
318
100
AcDbEntity
  8
0
100
AcDbBlockBegin
  2
*D17
 70
     1
 10
0.0
 20
0.0
 30
0.0
  3
*D17
  1

  0
LINE
  5
2363
330
318
100
AcDbEntity
  8
Dimensions
 62
     0
440
 16777216
370
    -2
100
AcDbLine
 10
299.7195777308011
 20
126.5793665962017
 30
0.0
 11
295.3282011773514
 21
119.9923017660271
 31
0.0
  0
LINE
  5
2364
330
318
100
AcDbEntity
  8
Dimensions
 62
     0
440
 16777216
370
    -2
100
AcDbLine
 10
288.6717988226489
 20
110.0076982339732
 30
0.0
 11
287.2850483320858
 21
107.9275724981285
 31
0.0
  0
MTEXT
  5
2365
330
318
100
AcDbEntity
  8
Dimensions
 62
     0
440
 16777216
100
AcDbMText
 10
296.6571703974744
 20
125.365959916959
 30
0.0
 40
2.5
 41
0.0
 46
0.0
 71
     5
 72
     1
  1
∅7
 11
0.5547001962252254
 21
0.832050294337846
 31
0.0
 73
     1
 44
1.0
  0
LINE
  5
2366
330
318
100
AcDbEntity
  8
Dimensions
 62
     0
440
 16777216
370
    -2
100
AcDbLine
 10
290.0585493132119
 20
112.0878239698178
 30
0.0
 11
293.9414506867883
 21
117.9121760301825
 31
0.0
  0
SOLID
  5
2367
330
318
100
AcDbEntity
  8
Dimensions
 62
     0
440
 16777216
100
AcDbTrace
 10
288.3251112000081
 20
110.2388233157337
 30
0.0
 11
289.0184864452896
 21
109.7765731522126
 31
0.0
 12
290.0585493132119
 22
112.0878239698178
 32
0.0
 13
290.0585493132119
 23
112.0878239698178
 33
0.0
  0
SOLID
  5
2368
330
318
100
AcDbEntity
  8
Dimensions
 62
     0
440
 16777216
100
AcDbTrace
 10
294.9815135547106
 20
120.2234268477877
 30
0.0
 11
295.6748887999922
 21
119.7611766842666
 31
0.0
 12
293.9414506867883
 22
117.9121760301825
 32
0.0
 13
293.9414506867883
 23
117.9121760301825
 33
0.0
  0
POINT
  5
2369
330
318
100
AcDbEntity
  8
Defpoints
 62
     0
440
 16777216
100
AcDbPoint
 10
293.9414506867883
 20
117.9121760301825
 30
0.0
  0
POINT
  5
236A
330
318
100
AcDbEntity
  8
Defpoints
 62
     0
440
 16777216
100
AcDbPoint
 10
290.0585493132119
 20
112.0878239698178
 30
0.0
  0
ENDBLK
  5
31A
330
318
100
AcDbEntity
  8
0
100
AcDbBlockEnd
  0
BLOCK
  5
33A
330
339
100
AcDbEntity
  8
0
100
AcDbBlockBegin
  2
*D18
 70
     1
 10
0.0
 20
0.0
 30
0.0
  3
*D18
  1

  0
LINE
  5
236B
330
339
100
AcDbEntity
  8
Dimensions
 62
     0
440
 16777216
370
    -2
100
AcDbLine
 10
299.7195777308012
 20
38.57936659620154
 30
0.0
 11
295.3282011773513
 21
31.99230176602706
 31
0.0
  0
LINE
  5
236C
330
339
100
AcDbEntity
  8
Dimensions
 62
     0
440
 16777216
370
    -2
100
AcDbLine
 10
288.6717988226483
 20
22.00769823397303
 30
0.0
 11
287.2850483320851
 21
19.92757249812845
 31
0.0
  0
MTEXT
  5
236D
330
339
100
AcDbEntity
  8
Dimensions
 62
     0
440
 16777216
100
AcDbMText
 10
296.6571703974744
 20
37.36595991695896
 30
0.0
 40
2.5
 41
0.0
 46
0.0
 71
     5
 72
     1
  1
∅7
 11
0.5547001962252516
 21
0.8320502943378286
 31
0.0
 73
     1
 44
1.0
  0
LINE
  5
236E
330
339
100
AcDbEntity
  8
Dimensions
 62
     0
440
 16777216
370
    -2
100
AcDbLine
 10
290.0585493132114
 20
24.08782396981761
 30
0.0
 11
293.9414506867882
 21
29.91217603018248
 31
0.0
  0
SOLID
  5
236F
330
339
100
AcDbEntity
  8
Dimensions
 62
     0
440
 16777216
100
AcDbTrace
 10
288.3251112000075
 20
22.23882331573354
 30
0.0
 11
289.018486445289
 21
21.77657315221251
 31
0.0
 12
290.0585493132114
 22
24.08782396981761
 32
0.0
 13
290.0585493132114
 23
24.08782396981761
 33
0.0
  0
SOLID
  5
2370
330
339
100
AcDbEntity
  8
Dimensions
 62
     0
440
 16777216
100
AcDbTrace
 10
294.9815135547106
 20
32.22342684778758
 30
0.0
 11
295.6748887999921
 21
31.76117668426654
 31
0.0
 12
293.9414506867882
 22
29.91217603018248
 32
0.0
 13
293.9414506867882
 23
29.91217603018248
 33
0.0
  0
POINT
  5
2371
330
339
100
AcDbEntity
  8
Defpoints
 62
     0
440
 16777216
100
AcDbPoint
 10
293.9414506867882
 20
29.91217603018248
 30
0.0
  0
POINT
  5
2372
330
339
100
AcDbEntity
  8
Defpoints
 62
     0
440
 16777216
100
AcDbPoint
 10
290.0585493132114
 20
24.08782396981761
 30
0.0
  0
ENDBLK
  5
33B
330
339
100
AcDbEntity
  8
0
100
AcDbBlockEnd
  0
BLOCK
  5
360
330
35F
100
AcDbEntity
  8
0
100
AcDbBlockBegin
  2
*D19
 70
     1
 10
0.0
 20
0.0
 30
0.0
  3
*D19
  1

  0
LINE
  5
22F9
330
35F
100
AcDbEntity
  8
Dimensions
 62
     0
440
 16777216
370
    -2
100
AcDbLine
 10
384.6250000000002
 20
243.0000000000001
 30
0.0
 11
521.2500000000001
 21
243.0000000000001
 31
0.0
  0
LINE
  5
22FA
330
35F
100
AcDbEntity
  8
Dimensions
 62
     0
440
 16777216
370
    -2
100
AcDbLine
 10
384.6250000000003
 20
315.0000000000002
 30
0.0
 11
521.25
 21
315.0000000000002
 31
0.0
  0
LINE
  5
22FB
330
35F
100
AcDbEntity
  8
Dimensions
 62
     0
440
 16777216
370
    -2
100
AcDbLine
 10
520.0000000000001
 20
245.5000000000001
 30
0.0
 11
520.0
 21
312.5000000000002
 31
0.0
  0
SOLID
  5
22FC
330
35F
100
AcDbEntity
  8
Dimensions
 62
     0
440
 16777216
100
AcDbTrace
 10
519.5833333333334
 20
245.5000000000001
 30
0.0
 11
520.4166666666667
 21
245.5000000000001
 31
0.0
 12
520.0000000000001
 22
243.0000000000001
 32
0.0
 13
520.0000000000001
 23
243.0000000000001
 33
0.0
  0
SOLID
  5
22FD
330
35F
100
AcDbEntity
  8
Dimensions
 62
     0
440
 16777216
100
AcDbTrace
 10
519.5833333333333
 20
312.5000000000002
 30
0.0
 11
520.4166666666666
 21
312.5000000000002
 31
0.0
 12
520.0
 22
315.0000000000002
 32
0.0
 13
520.0
 23
315.0000000000002
 33
0.0
  0
MTEXT
  5
22FE
330
35F
100
AcDbEntity
  8
Dimensions
 62
     0
440
 16777216
100
AcDbMText
 10
518.125
 20
279.0000000000001
 30
0.0
 40
2.5
 41
0.0
 46
0.0
 71
     5
 72
     1
  1
72
 11
0.0000000000000001
 21
1.0
 31
0.0
 73
     1
 44
1.0
  0
POINT
  5
22FF
330
35F
100
AcDbEntity
  8
Defpoints
 62
     0
440
 16777216
100
AcDbPoint
 10
384.0000000000003
 20
243.0000000000001
 30
0.0
  0
POINT
  5
2300
330
35F
100
AcDbEntity
  8
Defpoints
 62
     0
440
 16777216
100
AcDbPoint
 10
384.0000000000003
 20
315.0000000000002
 30
0.0
  0
POINT
  5
2301
330
35F
100
AcDbEntity
  8
Defpoints
 62
     0
440
 16777216
100
AcDbPoint
 10
520.0
 20
315.0000000000002
 30
0.0
  0
ENDBLK
  5
361
330
35F
100
AcDbEntity
  8
0
100
AcDbBlockEnd
  0
BLOCK
  5
36E
330
36D
100
AcDbEntity
  8
0
100
AcDbBlockBegin
  2
*D20
 70
     1
 10
0.0
 20
0.0
 30
0.0
  3
*D20
  1

  0
LINE
  5
22F0
330
36D
100
AcDbEntity
  8
Dimensions
 62
     0
440
 16777216
370
    -2
100
AcDbLine
 10
384.6250000000002
 20
315.0000000000002
 30
0.0
 11
521.25
 21
315.0000000000002
 31
0.0
  0
LINE
  5
22F1
330
36D
100
AcDbEntity
  8
Dimensions
 62
     0
440
 16777216
370
    -2
100
AcDbLine
 10
500.6250000000002
 20
335.0000000000002
 30
0.0
 11
521.25
 21
335.0000000000002
 31
0.0
  0
LINE
  5
22F2
330
36D
100
AcDbEntity
  8
Dimensions
 62
     0
440
 16777216
370
    -2
100
AcDbLine
 10
520.0
 20
317.5000000000002
 30
0.0
 11
520.0
 21
332.5000000000002
 31
0.0
  0
SOLID
  5
22F3
330
36D
100
AcDbEntity
  8
Dimensions
 62
     0
440
 16777216
100
AcDbTrace
 10
519.5833333333333
 20
317.5000000000002
 30
0.0
 11
520.4166666666666
 21
317.5000000000002
 31
0.0
 12
520.0
 22
315.0000000000002
 32
0.0
 13
520.0
 23
315.0000000000002
 33
0.0
  0
SOLID
  5
22F4
330
36D
100
AcDbEntity
  8
Dimensions
 62
     0
440
 16777216
100
AcDbTrace
 10
519.5833333333333
 20
332.5000000000002
 30
0.0
 11
520.4166666666666
 21
332.5000000000002
 31
0.0
 12
520.0
 22
335.0000000000002
 32
0.0
 13
520.0
 23
335.0000000000002
 33
0.0
  0
MTEXT
  5
22F5
330
36D
100
AcDbEntity
  8
Dimensions
 62
     0
440
 16777216
100
AcDbMText
 10
518.125
 20
325.0
 30
0.0
 40
2.5
 41
0.0
 46
0.0
 71
     5
 72
     1
  1
20
 11
0.0000000000000001
 21
1.0
 31
0.0
 73
     1
 44
1.0
  0
POINT
  5
22F6
330
36D
100
AcDbEntity
  8
Defpoints
 62
     0
440
 16777216
100
AcDbPoint
 10
384.0000000000003
 20
315.0000000000002
 30
0.0
  0
POINT
  5
22F7
330
36D
100
AcDbEntity
  8
Defpoints
 62
     0
440
 16777216
100
AcDbPoint
 10
500.0000000000002
 20
335.0000000000002
 30
0.0
  0
POINT
  5
22F8
330
36D
100
AcDbEntity
  8
Defpoints
 62
     0
440
 16777216
100
AcDbPoint
 10
520.0
 20
335.0000000000002
 30
0.0
  0
ENDBLK
  5
36F
330
36D
100
AcDbEntity
  8
0
100
AcDbBlockEnd
  0
BLOCK
  5
3B9
330
3B8
100
AcDbEntity
  8
0
100
AcDbBlockBegin
  2
*D21
 70
     1
 10
0.0
 20
0.0
 30
0.0
  3
*D21
  1

  0
LINE
  5
15F1
330
3B8
100
AcDbEntity
  8
Dimensions
 62
     0
440
 16777216
370
    -2
100
AcDbLine
 10
-0.625
 20
0.0000000000001707
 30
0.0
 11
-31.24999999999993
 21
0.0000000000001794
 31
0.0
  0
LINE
  5
15F2
330
3B8
100
AcDbEntity
  8
Dimensions
 62
     0
440
 16777216
370
    -2
100
AcDbLine
 10
319.375
 20
202.0000000000001
 30
0.0
 11
-31.2499999999999
 21
202.0000000000002
 31
0.0
  0
LINE
  5
15F3
330
3B8
100
AcDbEntity
  8
Dimensions
 62
     0
440
 16777216
370
    -2
100
AcDbLine
 10
-29.99999999999993
 20
2.500000000000178
 30
0.0
 11
-29.99999999999989
 21
199.5000000000001
 31
0.0
  0
SOLID
  5
15F4
330
3B8
100
AcDbEntity
  8
Dimensions
 62
     0
440
 16777216
100
AcDbTrace
 10
-30.4166666666666
 20
2.500000000000178
 30
0.0
 11
-29.58333333333327
 21
2.500000000000178
 31
0.0
 12
-29.99999999999993
 22
0.000000000000179
 32
0.0
 13
-29.99999999999993
 23
0.000000000000179
 33
0.0
  0
SOLID
  5
15F5
330
3B8
100
AcDbEntity
  8
Dimensions
 62
     0
440
 16777216
100
AcDbTrace
 10
-30.41666666666656
 20
199.5000000000001
 30
0.0
 11
-29.58333333333322
 21
199.5000000000001
 31
0.0
 12
-29.99999999999989
 22
202.0000000000002
 32
0.0
 13
-29.99999999999989
 23
202.0000000000002
 33
0.0
  0
MTEXT
  5
15F6
330
3B8
100
AcDbEntity
  8
Dimensions
 62
     0
440
 16777216
100
AcDbMText
 10
-31.87499999999993
 20
101.0000000000002
 30
0.0
 40
2.5
 41
0.0
 46
0.0
 71
     5
 72
     1
  1
202
 11
0.0000000000000001
 21
1.0
 31
0.0
 73
     1
 44
1.0
  0
POINT
  5
15F7
330
3B8
100
AcDbEntity
  8
Defpoints
 62
     0
440
 16777216
100
AcDbPoint
 10
0.0
 20
0.0000000000001705
 30
0.0
  0
POINT
  5
15F8
330
3B8
100
AcDbEntity
  8
Defpoints
 62
     0
440
 16777216
100
AcDbPoint
 10
320.0000000000001
 20
202.0
 30
0.0
  0
POINT
  5
15F9
330
3B8
100
AcDbEntity
  8
Defpoints
 62
     0
440
 16777216
100
AcDbPoint
 10
-29.99999999999989
 20
202.0000000000002
 30
0.0
  0
ENDBLK
  5
3BA
330
3B8
100
AcDbEntity
  8
0
100
AcDbBlockEnd
  0
BLOCK
  5
3C6
330
3C5
100
AcDbEntity
  8
0
100
AcDbBlockBegin
  2
*D22
 70
     1
 10
0.0
 20
0.0
 30
0.0
  3
*D22
  1

  0
LINE
  5
15FA
330
3C5
100
AcDbEntity
  8
Dimensions
 62
     0
440
 16777216
370
    -2
100
AcDbLine
 10
-0.625
 20
0.0000000000001707
 30
0.0
 11
-41.24999999999984
 21
0.0000000000001822
 31
0.0
  0
LINE
  5
15FB
330
3C5
100
AcDbEntity
  8
Dimensions
 62
     0
440
 16777216
370
    -2
100
AcDbLine
 10
334.3750000000001
 20
272.0000000000001
 30
0.0
 11
-41.24999999999976
 21
272.0000000000002
 31
0.0
  0
LINE
  5
15FC
330
3C5
100
AcDbEntity
  8
Dimensions
 62
     0
440
 16777216
370
    -2
100
AcDbLine
 10
-39.99999999999984
 20
2.500000000000182
 30
0.0
 11
-39.99999999999978
 21
269.5000000000002
 31
0.0
  0
SOLID
  5
15FD
330
3C5
100
AcDbEntity
  8
Dimensions
 62
     0
440
 16777216
100
AcDbTrace
 10
-40.4166666666665
 20
2.500000000000182
 30
0.0
 11
-39.58333333333317
 21
2.500000000000182
 31
0.0
 12
-39.99999999999984
 22
0.0000000000001819
 32
0.0
 13
-39.99999999999984
 23
0.0000000000001819
 33
0.0
  0
SOLID
  5
15FE
330
3C5
100
AcDbEntity
  8
Dimensions
 62
     0
440
 16777216
100
AcDbTrace
 10
-40.41666666666644
 20
269.5000000000002
 30
0.0
 11
-39.58333333333312
 21
269.5000000000002
 31
0.0
 12
-39.99999999999977
 22
272.0000000000002
 32
0.0
 13
-39.99999999999977
 23
272.0000000000002
 33
0.0
  0
MTEXT
  5
15FF
330
3C5
100
AcDbEntity
  8
Dimensions
 62
     0
440
 16777216
100
AcDbMText
 10
-41.87499999999983
 20
136.0000000000001
 30
0.0
 40
2.5
 41
0.0
 46
0.0
 71
     5
 72
     1
  1
272
 11
0.0000000000000001
 21
1.0
 31
0.0
 73
     1
 44
1.0
  0
POINT
  5
1600
330
3C5
100
AcDbEntity
  8
Defpoints
 62
     0
440
 16777216
100
AcDbPoint
 10
0.0
 20
0.0000000000001705
 30
0.0
  0
POINT
  5
1601
330
3C5
100
AcDbEntity
  8
Defpoints
 62
     0
440
 16777216
100
AcDbPoint
 10
335.0000000000001
 20
272.0000000000001
 30
0.0
  0
POINT
  5
1602
330
3C5
100
AcDbEntity
  8
Defpoints
 62
     0
440
 16777216
100
AcDbPoint
 10
-39.99999999999977
 20
272.0000000000002
 30
0.0
  0
ENDBLK
  5
3C7
330
3C5
100
AcDbEntity
  8
0
100
AcDbBlockEnd
  0
BLOCK
  5
3D3
330
3D2
100
AcDbEntity
  8
0
100
AcDbBlockBegin
  2
*D23
 70
     1
 10
0.0
 20
0.0
 30
0.0
  3
*D23
  1

  0
LINE
  5
219A
330
3D2
100
AcDbEntity
  8
Dimensions
 62
     0
440
 16777216
370
    -2
100
AcDbLine
 10
-0.6249999999998296
 20
500.0000000000004
 30
0.0
 11
-11.24999999999999
 21
500.0000000000004
 31
0.0
  0
LINE
  5
219B
330
3D2
100
AcDbEntity
  8
Dimensions
 62
     0
440
 16777216
370
    -2
100
AcDbLine
 10
332.3750000000002
 20
306.0000000000001
 30
0.0
 11
-11.24999999999995
 21
306.0
 31
0.0
  0
LINE
  5
219C
330
3D2
100
AcDbEntity
  8
Dimensions
 62
     0
440
 16777216
370
    -2
100
AcDbLine
 10
-9.999999999999989
 20
497.5000000000004
 30
0.0
 11
-9.999999999999948
 21
308.5000000000001
 31
0.0
  0
SOLID
  5
219D
330
3D2
100
AcDbEntity
  8
Dimensions
 62
     0
440
 16777216
100
AcDbTrace
 10
-10.41666666666665
 20
497.5000000000004
 30
0.0
 11
-9.583333333333323
 21
497.5000000000004
 31
0.0
 12
-9.999999999999991
 22
500.0000000000004
 32
0.0
 13
-9.999999999999991
 23
500.0000000000004
 33
0.0
  0
SOLID
  5
219E
330
3D2
100
AcDbEntity
  8
Dimensions
 62
     0
440
 16777216
100
AcDbTrace
 10
-10.41666666666661
 20
308.5000000000001
 30
0.0
 11
-9.583333333333282
 21
308.5000000000001
 31
0.0
 12
-9.999999999999946
 22
306.0
 32
0.0
 13
-9.999999999999946
 23
306.0
 33
0.0
  0
MTEXT
  5
219F
330
3D2
100
AcDbEntity
  8
Dimensions
 62
     0
440
 16777216
100
AcDbMText
 10
-11.87499999999985
 20
403.0000000000001
 30
0.0
 40
2.5
 41
0.0
 46
0.0
 71
     5
 72
     1
  1
194
 11
0.0000000000000001
 21
1.0
 31
0.0
 73
     1
 44
1.0
  0
POINT
  5
21A0
330
3D2
100
AcDbEntity
  8
Defpoints
 62
     0
440
 16777216
100
AcDbPoint
 10
0.0000000000001705
 20
500.0000000000004
 30
0.0
  0
POINT
  5
21A1
330
3D2
100
AcDbEntity
  8
Defpoints
 62
     0
440
 16777216
100
AcDbPoint
 10
333.0000000000002
 20
306.0000000000001
 30
0.0
  0
POINT
  5
21A2
330
3D2
100
AcDbEntity
  8
Defpoints
 62
     0
440
 16777216
100
AcDbPoint
 10
-9.999999999999946
 20
306.0
 30
0.0
  0
ENDBLK
  5
3D4
330
3D2
100
AcDbEntity
  8
0
100
AcDbBlockEnd
  0
BLOCK
  5
3E0
330
3DF
100
AcDbEntity
  8
0
100
AcDbBlockBegin
  2
*D24
 70
     1
 10
0.0
 20
0.0
 30
0.0
  3
*D24
  1

  0
LINE
  5
215F
330
3DF
100
AcDbEntity
  8
Dimensions
 62
     0
440
 16777216
370
    -2
100
AcDbLine
 10
-0.6249999999998296
 20
500.0000000000004
 30
0.0
 11
-21.24999999999993
 21
500.0000000000004
 31
0.0
  0
LINE
  5
2160
330
3DF
100
AcDbEntity
  8
Dimensions
 62
     0
440
 16777216
370
    -2
100
AcDbLine
 10
326.3750000000001
 20
340.0000000000002
 30
0.0
 11
-21.24999999999991
 21
340.0000000000002
 31
0.0
  0
LINE
  5
2161
330
3DF
100
AcDbEntity
  8
Dimensions
 62
     0
440
 16777216
370
    -2
100
AcDbLine
 10
-19.99999999999993
 20
497.5000000000004
 30
0.0
 11
-19.99999999999989
 21
342.5000000000002
 31
0.0
  0
SOLID
  5
2162
330
3DF
100
AcDbEntity
  8
Dimensions
 62
     0
440
 16777216
100
AcDbTrace
 10
-20.4166666666666
 20
497.5000000000004
 30
0.0
 11
-19.58333333333326
 21
497.5000000000004
 31
0.0
 12
-19.99999999999993
 22
500.0000000000004
 32
0.0
 13
-19.99999999999993
 23
500.0000000000004
 33
0.0
  0
SOLID
  5
2163
330
3DF
100
AcDbEntity
  8
Dimensions
 62
     0
440
 16777216
100
AcDbTrace
 10
-20.41666666666656
 20
342.5000000000002
 30
0.0
 11
-19.58333333333322
 21
342.5000000000002
 31
0.0
 12
-19.99999999999989
 22
340.0000000000002
 32
0.0
 13
-19.99999999999989
 23
340.0000000000002
 33
0.0
  0
MTEXT
  5
2164
330
3DF
100
AcDbEntity
  8
Dimensions
 62
     0
440
 16777216
100
AcDbMText
 10
-21.87499999999979
 20
420.0000000000001
 30
0.0
 40
2.5
 41
0.0
 46
0.0
 71
     5
 72
     1
  1
160
 11
0.0000000000000001
 21
1.0
 31
0.0
 73
     1
 44
1.0
  0
POINT
  5
2165
330
3DF
100
AcDbEntity
  8
Defpoints
 62
     0
440
 16777216
100
AcDbPoint
 10
0.0000000000001705
 20
500.0000000000004
 30
0.0
  0
POINT
  5
2166
330
3DF
100
AcDbEntity
  8
Defpoints
 62
     0
440
 16777216
100
AcDbPoint
 10
327.0000000000001
 20
340.0000000000002
 30
0.0
  0
POINT
  5
2167
330
3DF
100
AcDbEntity
  8
Defpoints
 62
     0
440
 16777216
100
AcDbPoint
 10
-19.99999999999989
 20
340.0000000000002
 30
0.0
  0
ENDBLK
  5
3E1
330
3DF
100
AcDbEntity
  8
0
100
AcDbBlockEnd
  0
BLOCK
  5
3ED
330
3EC
100
AcDbEntity
  8
0
100
AcDbBlockBegin
  2
*D25
 70
     1
 10
0.0
 20
0.0
 30
0.0
  3
*D25
  1

  0
LINE
  5
1615
330
3EC
100
AcDbEntity
  8
Dimensions
 62
     0
440
 16777216
370
    -2
100
AcDbLine
 10
-0.6249999999998295
 20
500.0000000000001
 30
0.0
 11
-31.24999999999987
 21
500.0000000000001
 31
0.0
  0
LINE
  5
1616
330
3EC
100
AcDbEntity
  8
Dimensions
 62
     0
440
 16777216
370
    -2
100
AcDbLine
 10
483.3750000000001
 20
415.0
 30
0.0
 11
-31.24999999999991
 21
415.0000000000002
 31
0.0
  0
LINE
  5
1617
330
3EC
100
AcDbEntity
  8
Dimensions
 62
     0
440
 16777216
370
    -2
100
AcDbLine
 10
-29.99999999999987
 20
497.5000000000001
 30
0.0
 11
-29.99999999999989
 21
417.5000000000001
 31
0.0
  0
SOLID
  5
1618
330
3EC
100
AcDbEntity
  8
Dimensions
 62
     0
440
 16777216
100
AcDbTrace
 10
-30.41666666666654
 20
497.5000000000001
 30
0.0
 11
-29.5833333333332
 21
497.5000000000001
 31
0.0
 12
-29.99999999999987
 22
500.0000000000001
 32
0.0
 13
-29.99999999999987
 23
500.0000000000001
 33
0.0
  0
SOLID
  5
1619
330
3EC
100
AcDbEntity
  8
Dimensions
 62
     0
440
 16777216
100
AcDbTrace
 10
-30.41666666666655
 20
417.5000000000001
 30
0.0
 11
-29.58333333333322
 21
417.5000000000001
 31
0.0
 12
-29.99999999999989
 22
415.0000000000002
 32
0.0
 13
-29.99999999999989
 23
415.0000000000002
 33
0.0
  0
MTEXT
  5
161A
330
3EC
100
AcDbEntity
  8
Dimensions
 62
     0
440
 16777216
100
AcDbMText
 10
-31.87499999999995
 20
457.5000000000001
 30
0.0
 40
2.5
 41
0.0
 46
0.0
 71
     5
 72
     1
  1
85
 11
0.0000000000000001
 21
1.0
 31
0.0
 73
     1
 44
1.0
  0
POINT
  5
161B
330
3EC
100
AcDbEntity
  8
Defpoints
 62
     0
440
 16777216
100
AcDbPoint
 10
0.0000000000001705
 20
500.0000000000001
 30
0.0
  0
POINT
  5
161C
330
3EC
100
AcDbEntity
  8
Defpoints
 62
     0
440
 16777216
100
AcDbPoint
 10
484.0000000000001
 20
415.0
 30
0.0
  0
POINT
  5
161D
330
3EC
100
AcDbEntity
  8
Defpoints
 62
     0
440
 16777216
100
AcDbPoint
 10
-29.99999999999989
 20
415.0000000000002
 30
0.0
  0
ENDBLK
  5
3EE
330
3EC
100
AcDbEntity
  8
0
100
AcDbBlockEnd
  0
BLOCK
  5
3FC
330
3FB
100
AcDbEntity
  8
0
100
AcDbBlockBegin
  2
*D26
 70
     1
 10
0.0
 20
0.0
 30
0.0
  3
*D26
  1

  0
LINE
  5
161E
330
3FB
100
AcDbEntity
  8
Dimensions
 62
     0
440
 16777216
370
    -2
100
AcDbLine
 10
-0.6249999999998295
 20
500.0000000000001
 30
0.0
 11
-41.24999999999987
 21
500.0000000000001
 31
0.0
  0
LINE
  5
161F
330
3FB
100
AcDbEntity
  8
Dimensions
 62
     0
440
 16777216
370
    -2
100
AcDbLine
 10
64.37500000000011
 20
460.0000000000001
 30
0.0
 11
-41.24999999999988
 21
460.0000000000001
 31
0.0
  0
LINE
  5
1620
330
3FB
100
AcDbEntity
  8
Dimensions
 62
     0
440
 16777216
370
    -2
100
AcDbLine
 10
-39.99999999999987
 20
497.5000000000001
 30
0.0
 11
-39.99999999999989
 21
462.5
 31
0.0
  0
SOLID
  5
1621
330
3FB
100
AcDbEntity
  8
Dimensions
 62
     0
440
 16777216
100
AcDbTrace
 10
-40.41666666666653
 20
497.5000000000001
 30
0.0
 11
-39.58333333333321
 21
497.5000000000001
 31
0.0
 12
-39.99999999999987
 22
500.0000000000001
 32
0.0
 13
-39.99999999999987
 23
500.0000000000001
 33
0.0
  0
SOLID
  5
1622
330
3FB
100
AcDbEntity
  8
Dimensions
 62
     0
440
 16777216
100
AcDbTrace
 10
-40.41666666666655
 20
462.5
 30
0.0
 11
-39.58333333333322
 21
462.5
 31
0.0
 12
-39.99999999999989
 22
460.0000000000001
 32
0.0
 13
-39.99999999999989
 23
460.0000000000001
 33
0.0
  0
MTEXT
  5
1623
330
3FB
100
AcDbEntity
  8
Dimensions
 62
     0
440
 16777216
100
AcDbMText
 10
-41.87499999999995
 20
480.0000000000001
 30
0.0
 40
2.5
 41
0.0
 46
0.0
 71
     5
 72
     1
  1
40
 11
0.0000000000000001
 21
1.0
 31
0.0
 73
     1
 44
1.0
  0
POINT
  5
1624
330
3FB
100
AcDbEntity
  8
Defpoints
 62
     0
440
 16777216
100
AcDbPoint
 10
0.0000000000001705
 20
500.0000000000001
 30
0.0
  0
POINT
  5
1625
330
3FB
100
AcDbEntity
  8
Defpoints
 62
     0
440
 16777216
100
AcDbPoint
 10
65.00000000000011
 20
460.0000000000001
 30
0.0
  0
POINT
  5
1626
330
3FB
100
AcDbEntity
  8
Defpoints
 62
     0
440
 16777216
100
AcDbPoint
 10
-39.99999999999989
 20
460.0000000000001
 30
0.0
  0
ENDBLK
  5
3FD
330
3FB
100
AcDbEntity
  8
0
100
AcDbBlockEnd
  0
BLOCK
  5
409
330
408
100
AcDbEntity
  8
0
100
AcDbBlockBegin
  2
*D27
 70
     1
 10
0.0
 20
0.0
 30
0.0
  3
*D27
  1

  0
LINE
  5
1627
330
408
100
AcDbEntity
  8
Dimensions
 62
     0
440
 16777216
370
    -2
100
AcDbLine
 10
-0.6249999999998864
 20
460.0000000000001
 30
0.0
 11
-41.24999999999987
 21
460.0000000000001
 31
0.0
  0
LINE
  5
1628
330
408
100
AcDbEntity
  8
Dimensions
 62
     0
440
 16777216
370
    -2
100
AcDbLine
 10
64.37500000000011
 20
370.0000000000001
 30
0.0
 11
-41.24999999999988
 21
370.0000000000001
 31
0.0
  0
LINE
  5
1629
330
408
100
AcDbEntity
  8
Dimensions
 62
     0
440
 16777216
370
    -2
100
AcDbLine
 10
-39.99999999999987
 20
457.5000000000001
 30
0.0
 11
-39.99999999999989
 21
372.5000000000001
 31
0.0
  0
SOLID
  5
162A
330
408
100
AcDbEntity
  8
Dimensions
 62
     0
440
 16777216
100
AcDbTrace
 10
-40.41666666666653
 20
457.5000000000001
 30
0.0
 11
-39.58333333333321
 21
457.5000000000001
 31
0.0
 12
-39.99999999999987
 22
460.0000000000001
 32
0.0
 13
-39.99999999999987
 23
460.0000000000001
 33
0.0
  0
SOLID
  5
162B
330
408
100
AcDbEntity
  8
Dimensions
 62
     0
440
 16777216
100
AcDbTrace
 10
-40.41666666666655
 20
372.5000000000001
 30
0.0
 11
-39.58333333333322
 21
372.5000000000001
 31
0.0
 12
-39.99999999999989
 22
370.0000000000001
 32
0.0
 13
-39.99999999999989
 23
370.0000000000001
 33
0.0
  0
MTEXT
  5
162C
330
408
100
AcDbEntity
  8
Dimensions
 62
     0
440
 16777216
100
AcDbMText
 10
-41.87499999999994
 20
415.0000000000001
 30
0.0
 40
2.5
 41
0.0
 46
0.0
 71
     5
 72
     1
  1
90
 11
0.0000000000000001
 21
1.0
 31
0.0
 73
     1
 44
1.0
  0
POINT
  5
162D
330
408
100
AcDbEntity
  8
Defpoints
 62
     0
440
 16777216
100
AcDbPoint
 10
0.0000000000001137
 20
460.0000000000001
 30
0.0
  0
POINT
  5
162E
330
408
100
AcDbEntity
  8
Defpoints
 62
     0
440
 16777216
100
AcDbPoint
 10
65.00000000000011
 20
370.0000000000001
 30
0.0
  0
POINT
  5
162F
330
408
100
AcDbEntity
  8
Defpoints
 62
     0
440
 16777216
100
AcDbPoint
 10
-39.99999999999989
 20
370.0000000000001
 30
0.0
  0
ENDBLK
  5
40A
330
408
100
AcDbEntity
  8
0
100
AcDbBlockEnd
  0
BLOCK
  5
416
330
415
100
AcDbEntity
  8
0
100
AcDbBlockBegin
  2
*D28
 70
     1
 10
0.0
 20
0.0
 30
0.0
  3
*D28
  1

  0
LINE
  5
1630
330
415
100
AcDbEntity
  8
Dimensions
 62
     0
440
 16777216
370
    -2
100
AcDbLine
 10
0.0000000000001706
 20
500.6250000000001
 30
0.0
 11
0.0000000000001712
 21
511.2500000000001
 31
0.0
  0
LINE
  5
1631
330
415
100
AcDbEntity
  8
Dimensions
 62
     0
440
 16777216
370
    -2
100
AcDbLine
 10
60.00000000000006
 20
305.6250000000001
 30
0.0
 11
60.00000000000007
 21
511.2500000000001
 31
0.0
  0
LINE
  5
1632
330
415
100
AcDbEntity
  8
Dimensions
 62
     0
440
 16777216
370
    -2
100
AcDbLine
 10
2.50000000000017
 20
510.0000000000001
 30
0.0
 11
57.50000000000007
 21
510.0000000000001
 31
0.0
  0
SOLID
  5
1633
330
415
100
AcDbEntity
  8
Dimensions
 62
     0
440
 16777216
100
AcDbTrace
 10
2.50000000000017
 20
510.4166666666667
 30
0.0
 11
2.50000000000017
 21
509.5833333333334
 31
0.0
 12
0.0000000000001711
 22
510.0000000000001
 32
0.0
 13
0.0000000000001711
 23
510.0000000000001
 33
0.0
  0
SOLID
  5
1634
330
415
100
AcDbEntity
  8
Dimensions
 62
     0
440
 16777216
100
AcDbTrace
 10
57.50000000000007
 20
510.4166666666667
 30
0.0
 11
57.50000000000007
 21
509.5833333333334
 31
0.0
 12
60.00000000000007
 22
510.0000000000001
 32
0.0
 13
60.00000000000007
 23
510.0000000000001
 33
0.0
  0
MTEXT
  5
1635
330
415
100
AcDbEntity
  8
Dimensions
 62
     0
440
 16777216
100
AcDbMText
 10
30.00000000000012
 20
511.8750000000001
 30
0.0
 40
2.5
 41
0.0
 46
0.0
 71
     5
 72
     1
  1
60
 73
     1
 44
1.0
  0
POINT
  5
1636
330
415
100
AcDbEntity
  8
Defpoints
 62
     0
440
 16777216
100
AcDbPoint
 10
0.0000000000001705
 20
500.0000000000001
 30
0.0
  0
POINT
  5
1637
330
415
100
AcDbEntity
  8
Defpoints
 62
     0
440
 16777216
100
AcDbPoint
 10
60.00000000000006
 20
305.0000000000001
 30
0.0
  0
POINT
  5
1638
330
415
100
AcDbEntity
  8
Defpoints
 62
     0
440
 16777216
100
AcDbPoint
 10
60.00000000000007
 20
510.0000000000001
 30
0.0
  0
ENDBLK
  5
417
330
415
100
AcDbEntity
  8
0
100
AcDbBlockEnd
  0
BLOCK
  5
423
330
422
100
AcDbEntity
  8
0
100
AcDbBlockBegin
  2
*D29
 70
     1
 10
0.0
 20
0.0
 30
0.0
  3
*D29
  1

  0
LINE
  5
1639
330
422
100
AcDbEntity
  8
Dimensions
 62
     0
440
 16777216
370
    -2
100
AcDbLine
 10
0.0000000000001706
 20
500.6250000000001
 30
0.0
 11
0.0000000000001718
 21
521.2500000000001
 31
0.0
  0
LINE
  5
163A
330
422
100
AcDbEntity
  8
Dimensions
 62
     0
440
 16777216
370
    -2
100
AcDbLine
 10
65.00000000000011
 20
370.6250000000001
 30
0.0
 11
65.00000000000013
 21
521.2500000000001
 31
0.0
  0
LINE
  5
163B
330
422
100
AcDbEntity
  8
Dimensions
 62
     0
440
 16777216
370
    -2
100
AcDbLine
 10
2.500000000000171
 20
520.0000000000001
 30
0.0
 11
62.50000000000013
 21
520.0000000000001
 31
0.0
  0
SOLID
  5
163C
330
422
100
AcDbEntity
  8
Dimensions
 62
     0
440
 16777216
100
AcDbTrace
 10
2.500000000000171
 20
520.4166666666667
 30
0.0
 11
2.500000000000171
 21
519.5833333333334
 31
0.0
 12
0.0000000000001718
 22
520.0000000000001
 32
0.0
 13
0.0000000000001718
 23
520.0000000000001
 33
0.0
  0
SOLID
  5
163D
330
422
100
AcDbEntity
  8
Dimensions
 62
     0
440
 16777216
100
AcDbTrace
 10
62.50000000000013
 20
520.4166666666667
 30
0.0
 11
62.50000000000013
 21
519.5833333333334
 31
0.0
 12
65.00000000000013
 22
520.0000000000001
 32
0.0
 13
65.00000000000013
 23
520.0000000000001
 33
0.0
  0
MTEXT
  5
163E
330
422
100
AcDbEntity
  8
Dimensions
 62
     0
440
 16777216
100
AcDbMText
 10
32.50000000000015
 20
521.875
 30
0.0
 40
2.5
 41
0.0
 46
0.0
 71
     5
 72
     1
  1
65
 73
     1
 44
1.0
  0
POINT
  5
163F
330
422
100
AcDbEntity
  8
Defpoints
 62
     0
440
 16777216
100
AcDbPoint
 10
0.0000000000001705
 20
500.0000000000001
 30
0.0
  0
POINT
  5
1640
330
422
100
AcDbEntity
  8
Defpoints
 62
     0
440
 16777216
100
AcDbPoint
 10
65.00000000000011
 20
370.0000000000001
 30
0.0
  0
POINT
  5
1641
330
422
100
AcDbEntity
  8
Defpoints
 62
     0
440
 16777216
100
AcDbPoint
 10
65.00000000000013
 20
520.0000000000001
 30
0.0
  0
ENDBLK
  5
424
330
422
100
AcDbEntity
  8
0
100
AcDbBlockEnd
  0
BLOCK
  5
44E
330
44D
100
AcDbEntity
  8
0
100
AcDbBlockBegin
  2
*D30
 70
     1
 10
0.0
 20
0.0
 30
0.0
  3
*D30
  1

  0
LINE
  5
1D61
330
44D
100
AcDbEntity
  8
Dimensions
 62
     0
440
 16777216
370
    -2
100
AcDbLine
 10
72.71957773080138
 20
471.5793665962014
 30
0.0
 11
68.32820117735156
 21
464.9923017660269
 31
0.0
  0
LINE
  5
1D62
330
44D
100
AcDbEntity
  8
Dimensions
 62
     0
440
 16777216
370
    -2
100
AcDbLine
 10
61.67179882264855
 20
455.0076982339729
 30
0.0
 11
60.28504833208547
 21
452.9275724981283
 31
0.0
  0
MTEXT
  5
1D63
330
44D
100
AcDbEntity
  8
Dimensions
 62
     0
440
 16777216
100
AcDbMText
 10
69.6571703974746
 20
470.3659599169589
 30
0.0
 40
2.5
 41
0.0
 46
0.0
 71
     5
 72
     1
  1
∅7
 11
0.5547001962252435
 21
0.8320502943378341
 31
0.0
 73
     1
 44
1.0
  0
LINE
  5
1D64
330
44D
100
AcDbEntity
  8
Dimensions
 62
     0
440
 16777216
370
    -2
100
AcDbLine
 10
63.05854931321167
 20
457.0878239698175
 30
0.0
 11
66.94145068678844
 21
462.9121760301824
 31
0.0
  0
SOLID
  5
1D65
330
44D
100
AcDbEntity
  8
Dimensions
 62
     0
440
 16777216
100
AcDbTrace
 10
61.3251112000078
 20
455.2388233157334
 30
0.0
 11
62.01848644528931
 21
454.7765731522123
 31
0.0
 12
63.05854931321167
 22
457.0878239698175
 32
0.0
 13
63.05854931321167
 23
457.0878239698175
 33
0.0
  0
SOLID
  5
1D66
330
44D
100
AcDbEntity
  8
Dimensions
 62
     0
440
 16777216
100
AcDbTrace
 10
67.9815135547108
 20
465.2234268477875
 30
0.0
 11
68.67488879999232
 21
464.7611766842665
 31
0.0
 12
66.94145068678844
 22
462.9121760301824
 32
0.0
 13
66.94145068678844
 23
462.9121760301824
 33
0.0
  0
POINT
  5
1D67
330
44D
100
AcDbEntity
  8
Defpoints
 62
     0
440
 16777216
100
AcDbPoint
 10
66.94145068678844
 20
462.9121760301824
 30
0.0
  0
POINT
  5
1D68
330
44D
100
AcDbEntity
  8
Defpoints
 62
     0
440
 16777216
100
AcDbPoint
 10
63.05854931321167
 20
457.0878239698175
 30
0.0
  0
ENDBLK
  5
44F
330
44D
100
AcDbEntity
  8
0
100
AcDbBlockEnd
  0
BLOCK
  5
45D
330
45C
100
AcDbEntity
  8
0
100
AcDbBlockBegin
  2
*D31
 70
     1
 10
0.0
 20
0.0
 30
0.0
  3
*D31
  1

  0
LINE
  5
1D69
330
45C
100
AcDbEntity
  8
Dimensions
 62
     0
440
 16777216
370
    -2
100
AcDbLine
 10
72.71957773080103
 20
381.5793665962018
 30
0.0
 11
68.32820117735142
 21
374.9923017660272
 31
0.0
  0
LINE
  5
1D6A
330
45C
100
AcDbEntity
  8
Dimensions
 62
     0
440
 16777216
370
    -2
100
AcDbLine
 10
61.67179882264884
 20
365.0076982339731
 30
0.0
 11
60.28504833208581
 21
362.9275724981285
 31
0.0
  0
MTEXT
  5
1D6B
330
45C
100
AcDbEntity
  8
Dimensions
 62
     0
440
 16777216
100
AcDbMText
 10
69.65717039747433
 20
380.3659599169591
 30
0.0
 40
2.5
 41
0.0
 46
0.0
 71
     5
 72
     1
  1
∅7
 11
0.5547001962252173
 21
0.8320502943378516
 31
0.0
 73
     1
 44
1.0
  0
LINE
  5
1D6C
330
45C
100
AcDbEntity
  8
Dimensions
 62
     0
440
 16777216
370
    -2
100
AcDbLine
 10
63.0585493132119
 20
367.0878239698177
 30
0.0
 11
66.94145068678839
 21
372.9121760301826
 31
0.0
  0
SOLID
  5
1D6D
330
45C
100
AcDbEntity
  8
Dimensions
 62
     0
440
 16777216
100
AcDbTrace
 10
61.32511120000808
 20
365.2388233157335
 30
0.0
 11
62.01848644528961
 21
364.7765731522126
 31
0.0
 12
63.0585493132119
 22
367.0878239698177
 32
0.0
 13
63.0585493132119
 23
367.0878239698177
 33
0.0
  0
SOLID
  5
1D6E
330
45C
100
AcDbEntity
  8
Dimensions
 62
     0
440
 16777216
100
AcDbTrace
 10
67.98151355471066
 20
375.2234268477877
 30
0.0
 11
68.67488879999218
 21
374.7611766842667
 31
0.0
 12
66.94145068678839
 22
372.9121760301826
 32
0.0
 13
66.94145068678839
 23
372.9121760301826
 33
0.0
  0
POINT
  5
1D6F
330
45C
100
AcDbEntity
  8
Defpoints
 62
     0
440
 16777216
100
AcDbPoint
 10
66.94145068678839
 20
372.9121760301826
 30
0.0
  0
POINT
  5
1D70
330
45C
100
AcDbEntity
  8
Defpoints
 62
     0
440
 16777216
100
AcDbPoint
 10
63.0585493132119
 20
367.0878239698177
 30
0.0
  0
ENDBLK
  5
45E
330
45C
100
AcDbEntity
  8
0
100
AcDbBlockEnd
  0
BLOCK
  5
472
330
471
100
AcDbEntity
  8
0
100
AcDbBlockBegin
  2
*D32
 70
     1
 10
0.0
 20
0.0
 30
0.0
  3
*D32
  1

  0
LINE
  5
1652
330
471
100
AcDbEntity
  8
Dimensions
 62
     0
440
 16777216
370
    -2
100
AcDbLine
 10
60.00000000000011
 20
500.6250000000001
 30
0.0
 11
60.00000000000011
 21
511.2500000000001
 31
0.0
  0
LINE
  5
1653
330
471
100
AcDbEntity
  8
Dimensions
 62
     0
440
 16777216
370
    -2
100
AcDbLine
 10
333.0000000000001
 20
305.6250000000001
 30
0.0
 11
333.0000000000001
 21
511.2500000000001
 31
0.0
  0
LINE
  5
1654
330
471
100
AcDbEntity
  8
Dimensions
 62
     0
440
 16777216
370
    -2
100
AcDbLine
 10
62.50000000000011
 20
510.0000000000001
 30
0.0
 11
330.5000000000001
 21
510.0000000000001
 31
0.0
  0
SOLID
  5
1655
330
471
100
AcDbEntity
  8
Dimensions
 62
     0
440
 16777216
100
AcDbTrace
 10
62.50000000000011
 20
510.4166666666667
 30
0.0
 11
62.50000000000011
 21
509.5833333333334
 31
0.0
 12
60.00000000000011
 22
510.0000000000001
 32
0.0
 13
60.00000000000011
 23
510.0000000000001
 33
0.0
  0
SOLID
  5
1656
330
471
100
AcDbEntity
  8
Dimensions
 62
     0
440
 16777216
100
AcDbTrace
 10
330.5000000000001
 20
510.4166666666667
 30
0.0
 11
330.5000000000001
 21
509.5833333333334
 31
0.0
 12
333.0000000000001
 22
510.0000000000001
 32
0.0
 13
333.0000000000001
 23
510.0000000000001
 33
0.0
  0
MTEXT
  5
1657
330
471
100
AcDbEntity
  8
Dimensions
 62
     0
440
 16777216
100
AcDbMText
 10
196.5000000000001
 20
511.8750000000001
 30
0.0
 40
2.5
 41
0.0
 46
0.0
 71
     5
 72
     1
  1
273
 73
     1
 44
1.0
  0
POINT
  5
1658
330
471
100
AcDbEntity
  8
Defpoints
 62
     0
440
 16777216
100
AcDbPoint
 10
60.00000000000011
 20
500.0
 30
0.0
  0
POINT
  5
1659
330
471
100
AcDbEntity
  8
Defpoints
 62
     0
440
 16777216
100
AcDbPoint
 10
333.0000000000001
 20
305.0000000000001
 30
0.0
  0
POINT
  5
165A
330
471
100
AcDbEntity
  8
Defpoints
 62
     0
440
 16777216
100
AcDbPoint
 10
333.0000000000001
 20
510.0000000000001
 30
0.0
  0
ENDBLK
  5
473
330
471
100
AcDbEntity
  8
0
100
AcDbBlockEnd
  0
BLOCK
  5
4A6
330
4A5
100
AcDbEntity
  8
0
100
AcDbBlockBegin
  2
*D33
 70
     1
 10
0.0
 20
0.0
 30
0.0
  3
*D33
  1

  0
LINE
  5
218A
330
4A5
100
AcDbEntity
  8
Dimensions
 62
     0
440
 16777216
370
    -2
100
AcDbLine
 10
71.91508086571308
 20
317.9150808657139
 30
0.0
 11
62.82842712474614
 21
308.8284271247464
 31
0.0
  0
LINE
  5
218B
330
4A5
100
AcDbEntity
  8
Dimensions
 62
     0
440
 16777216
370
    -2
100
AcDbLine
 10
57.17157287525394
 20
303.1715728752538
 30
0.0
 11
55.40380592228764
 21
301.4038059222873
 31
0.0
  0
MTEXT
  5
218C
330
4A5
100
AcDbEntity
  8
Dimensions
 62
     0
440
 16777216
100
AcDbMText
 10
68.6741747852748
 20
317.3258252147251
 30
0.0
 40
2.5
 41
0.0
 46
0.0
 71
     5
 72
     1
  1
∅3
 11
0.7071067811865241
 21
0.7071067811865711
 31
0.0
 73
     1
 44
1.0
  0
LINE
  5
218D
330
4A5
100
AcDbEntity
  8
Dimensions
 62
     0
440
 16777216
370
    -2
100
AcDbLine
 10
58.93933982822024
 20
304.9393398282202
 30
0.0
 11
61.06066017177981
 21
307.0606601717799
 31
0.0
  0
SOLID
  5
218E
330
4A5
100
AcDbEntity
  8
Dimensions
 62
     0
440
 16777216
100
AcDbTrace
 10
56.87694504975954
 20
303.4662007007482
 30
0.0
 11
57.46620070074834
 21
302.8769450497595
 31
0.0
 12
58.93933982822024
 22
304.9393398282202
 32
0.0
 13
58.93933982822024
 23
304.9393398282202
 33
0.0
  0
SOLID
  5
218F
330
4A5
100
AcDbEntity
  8
Dimensions
 62
     0
440
 16777216
100
AcDbTrace
 10
62.53379929925173
 20
309.1230549502408
 30
0.0
 11
63.12305495024054
 21
308.533799299252
 31
0.0
 12
61.06066017177981
 22
307.0606601717799
 32
0.0
 13
61.06066017177981
 23
307.0606601717799
 33
0.0
  0
POINT
  5
2190
330
4A5
100
AcDbEntity
  8
Defpoints
 62
     0
440
 16777216
100
AcDbPoint
 10
61.06066017177981
 20
307.0606601717799
 30
0.0
  0
POINT
  5
2191
330
4A5
100
AcDbEntity
  8
Defpoints
 62
     0
440
 16777216
100
AcDbPoint
 10
58.93933982822024
 20
304.9393398282202
 30
0.0
  0
ENDBLK
  5
4A7
330
4A5
100
AcDbEntity
  8
0
100
AcDbBlockEnd
  0
BLOCK
  5
4BF
330
4BE
100
AcDbEntity
  8
0
100
AcDbBlockBegin
  2
*D34
 70
     1
 10
0.0
 20
0.0
 30
0.0
  3
*D34
  1

  0
LINE
  5
2192
330
4BE
100
AcDbEntity
  8
Dimensions
 62
     0
440
 16777216
370
    -2
100
AcDbLine
 10
344.915080865714
 20
317.9150808657134
 30
0.0
 11
335.8284271247465
 21
308.8284271247462
 31
0.0
  0
LINE
  5
2193
330
4BE
100
AcDbEntity
  8
Dimensions
 62
     0
440
 16777216
370
    -2
100
AcDbLine
 10
330.171572875254
 20
303.1715728752539
 30
0.0
 11
328.4038059222876
 21
301.4038059222875
 31
0.0
  0
MTEXT
  5
2194
330
4BE
100
AcDbEntity
  8
Dimensions
 62
     0
440
 16777216
100
AcDbMText
 10
341.6741747852757
 20
317.3258252147247
 30
0.0
 40
2.5
 41
0.0
 46
0.0
 71
     5
 72
     1
  1
∅3
 11
0.707106781186557
 21
0.7071067811865382
 31
0.0
 73
     1
 44
1.0
  0
LINE
  5
2195
330
4BE
100
AcDbEntity
  8
Dimensions
 62
     0
440
 16777216
370
    -2
100
AcDbLine
 10
331.9393398282203
 20
304.9393398282202
 30
0.0
 11
334.0606601717801
 21
307.0606601717799
 31
0.0
  0
SOLID
  5
2196
330
4BE
100
AcDbEntity
  8
Dimensions
 62
     0
440
 16777216
100
AcDbTrace
 10
329.8769450497596
 20
303.4662007007483
 30
0.0
 11
330.4662007007484
 21
302.8769450497595
 31
0.0
 12
331.9393398282203
 22
304.9393398282202
 32
0.0
 13
331.9393398282203
 23
304.9393398282202
 33
0.0
  0
SOLID
  5
2197
330
4BE
100
AcDbEntity
  8
Dimensions
 62
     0
440
 16777216
100
AcDbTrace
 10
335.5337992992521
 20
309.1230549502406
 30
0.0
 11
336.1230549502409
 21
308.5337992992518
 31
0.0
 12
334.0606601717801
 22
307.0606601717799
 32
0.0
 13
334.0606601717801
 23
307.0606601717799
 33
0.0
  0
POINT
  5
2198
330
4BE
100
AcDbEntity
  8
Defpoints
 62
     0
440
 16777216
100
AcDbPoint
 10
334.0606601717801
 20
307.0606601717799
 30
0.0
  0
POINT
  5
2199
330
4BE
100
AcDbEntity
  8
Defpoints
 62
     0
440
 16777216
100
AcDbPoint
 10
331.9393398282203
 20
304.9393398282202
 30
0.0
  0
ENDBLK
  5
4C0
330
4BE
100
AcDbEntity
  8
0
100
AcDbBlockEnd
  0
BLOCK
  5
4CB
330
4CA
100
AcDbEntity
  8
0
100
AcDbBlockBegin
  2
*D35
 70
     1
 10
0.0
 20
0.0
 30
0.0
  3
*D35
  1

  0
LINE
  5
23F4
330
4CA
100
AcDbEntity
  8
Dimensions
 62
     0
440
 16777216
370
    -2
100
AcDbLine
 10
500.6250000000002
 20
0.0000000000001706
 30
0.0
 11
531.2500000000002
 21
0.0000000000001756
 31
0.0
  0
LINE
  5
23F5
330
4CA
100
AcDbEntity
  8
Dimensions
 62
     0
440
 16777216
370
    -2
100
AcDbLine
 10
6.625000000000003
 20
6.000000000000174
 30
0.0
 11
531.2500000000002
 21
6.000000000000258
 31
0.0
  0
LINE
  5
23F6
330
4CA
100
AcDbEntity
  8
Dimensions
 62
     0
440
 16777216
370
    -2
100
AcDbLine
 10
530.0000000000002
 20
-2.499999999999825
 30
0.0
 11
530.0000000000002
 21
-4.999999999999825
 31
0.0
  0
LINE
  5
23F7
330
4CA
100
AcDbEntity
  8
Dimensions
 62
     0
440
 16777216
370
    -2
100
AcDbLine
 10
530.0000000000002
 20
8.500000000000257
 30
0.0
 11
530.0000000000002
 21
11.00000000000026
 31
0.0
  0
LINE
  5
23F8
330
4CA
100
AcDbEntity
  8
Dimensions
 62
     0
440
 16777216
370
    -2
100
AcDbLine
 10
530.0000000000002
 20
0.0000000000001754
 30
0.0
 11
530.0000000000002
 21
6.000000000000258
 31
0.0
  0
SOLID
  5
23F9
330
4CA
100
AcDbEntity
  8
Dimensions
 62
     0
440
 16777216
100
AcDbTrace
 10
529.5833333333336
 20
-2.499999999999825
 30
0.0
 11
530.4166666666668
 21
-2.499999999999825
 31
0.0
 12
530.0000000000002
 22
0.0000000000001754
 32
0.0
 13
530.0000000000002
 23
0.0000000000001754
 33
0.0
  0
SOLID
  5
23FA
330
4CA
100
AcDbEntity
  8
Dimensions
 62
     0
440
 16777216
100
AcDbTrace
 10
529.5833333333336
 20
8.500000000000257
 30
0.0
 11
530.4166666666668
 21
8.500000000000257
 31
0.0
 12
530.0000000000002
 22
6.000000000000258
 32
0.0
 13
530.0000000000002
 23
6.000000000000258
 33
0.0
  0
MTEXT
  5
23FB
330
4CA
100
AcDbEntity
  8
Dimensions
 62
     0
440
 16777216
100
AcDbMText
 10
528.125
 20
3.000000000000065
 30
0.0
 40
2.5
 41
0.0
 46
0.0
 71
     5
 72
     1
  1
6
 11
0.0000000000000001
 21
1.0
 31
0.0
 73
     1
 44
1.0
  0
POINT
  5
23FC
330
4CA
100
AcDbEntity
  8
Defpoints
 62
     0
440
 16777216
100
AcDbPoint
 10
500.0000000000002
 20
0.0000000000001705
 30
0.0
  0
POINT
  5
23FD
330
4CA
100
AcDbEntity
  8
Defpoints
 62
     0
440
 16777216
100
AcDbPoint
 10
6.000000000000003
 20
6.000000000000174
 30
0.0
  0
POINT
  5
23FE
330
4CA
100
AcDbEntity
  8
Defpoints
 62
     0
440
 16777216
100
AcDbPoint
 10
530.0000000000002
 20
6.000000000000258
 30
0.0
  0
ENDBLK
  5
4CC
330
4CA
100
AcDbEntity
  8
0
100
AcDbBlockEnd
  0
BLOCK
  5
4DA
330
4D9
100
AcDbEntity
  8
0
100
AcDbBlockBegin
  2
*D36
 70
     1
 10
0.0
 20
0.0
 30
0.0
  3
*D36
  1

  0
LINE
  5
2390
330
4D9
100
AcDbEntity
  8
Dimensions
 62
     0
440
 16777216
370
    -2
100
AcDbLine
 10
0.0
 20
-0.6249999999998295
 30
0.0
 11
-0.0000000000000025
 21
-41.25
 31
0.0
  0
LINE
  5
2391
330
4D9
100
AcDbEntity
  8
Dimensions
 62
     0
440
 16777216
370
    -2
100
AcDbLine
 10
6.0
 20
493.3749999999999
 30
0.0
 11
5.999999999999967
 21
-41.25
 31
0.0
  0
LINE
  5
2392
330
4D9
100
AcDbEntity
  8
Dimensions
 62
     0
440
 16777216
370
    -2
100
AcDbLine
 10
-2.500000000000002
 20
-40.0
 30
0.0
 11
-5.000000000000002
 21
-40.0
 31
0.0
  0
LINE
  5
2393
330
4D9
100
AcDbEntity
  8
Dimensions
 62
     0
440
 16777216
370
    -2
100
AcDbLine
 10
8.499999999999968
 20
-40.0
 30
0.0
 11
10.99999999999996
 21
-40.0
 31
0.0
  0
LINE
  5
2394
330
4D9
100
AcDbEntity
  8
Dimensions
 62
     0
440
 16777216
370
    -2
100
AcDbLine
 10
-0.0000000000000024
 20
-40.0
 30
0.0
 11
5.999999999999967
 21
-40.0
 31
0.0
  0
SOLID
  5
2395
330
4D9
100
AcDbEntity
  8
Dimensions
 62
     0
440
 16777216
100
AcDbTrace
 10
-2.500000000000002
 20
-39.58333333333334
 30
0.0
 11
-2.500000000000002
 21
-40.41666666666666
 31
0.0
 12
-0.0000000000000024
 22
-40.0
 32
0.0
 13
-0.0000000000000024
 23
-40.0
 33
0.0
  0
SOLID
  5
2396
330
4D9
100
AcDbEntity
  8
Dimensions
 62
     0
440
 16777216
100
AcDbTrace
 10
8.499999999999968
 20
-39.58333333333334
 30
0.0
 11
8.499999999999968
 21
-40.41666666666666
 31
0.0
 12
5.999999999999967
 22
-40.0
 32
0.0
 13
5.999999999999967
 23
-40.0
 33
0.0
  0
MTEXT
  5
2397
330
4D9
100
AcDbEntity
  8
Dimensions
 62
     0
440
 16777216
100
AcDbMText
 10
2.999999999999982
 20
-38.125
 30
0.0
 40
2.5
 41
0.0
 46
0.0
 71
     5
 72
     1
  1
6
 73
     1
 44
1.0
  0
POINT
  5
2398
330
4D9
100
AcDbEntity
  8
Defpoints
 62
     0
440
 16777216
100
AcDbPoint
 10
0.0
 20
0.0000000000001705
 30
0.0
  0
POINT
  5
2399
330
4D9
100
AcDbEntity
  8
Defpoints
 62
     0
440
 16777216
100
AcDbPoint
 10
6.0
 20
494.0
 30
0.0
  0
POINT
  5
239A
330
4D9
100
AcDbEntity
  8
Defpoints
 62
     0
440
 16777216
100
AcDbPoint
 10
5.999999999999967
 20
-40.0
 30
0.0
  0
ENDBLK
  5
4DB
330
4D9
100
AcDbEntity
  8
0
100
AcDbBlockEnd
  0
BLOCK
  5
4EA
330
4E9
100
AcDbEntity
  8
0
100
AcDbBlockBegin
  2
*D37
 70
     1
 10
0.0
 20
0.0
 30
0.0
  3
*D37
  1

  0
LINE
  5
1D81
330
4E9
100
AcDbEntity
  8
Dimensions
 62
     0
440
 16777216
370
    -2
100
AcDbLine
 10
15.48701598091939
 20
15.4870159809198
 30
0.0
 11
9.889087296525962
 21
9.889087296526232
 31
0.0
  0
LINE
  5
1D82
330
4E9
100
AcDbEntity
  8
Dimensions
 62
     0
440
 16777216
370
    -2
100
AcDbLine
 10
2.110912703473949
 20
2.110912703474021
 30
0.0
 11
0.3431457505076028
 21
0.3431457505076307
 31
0.0
  0
MTEXT
  5
1D83
330
4E9
100
AcDbEntity
  8
Dimensions
 62
     0
440
 16777216
100
AcDbMText
 10
12.24610990048106
 20
14.89776032993097
 30
0.0
 40
2.5
 41
0.0
 46
0.0
 71
     5
 72
     1
  1
∅6
 11
0.7071067811865389
 21
0.7071067811865564
 31
0.0
 73
     1
 44
1.0
  0
LINE
  5
1D84
330
4E9
100
AcDbEntity
  8
Dimensions
 62
     0
440
 16777216
370
    -2
100
AcDbLine
 10
3.878679656440296
 20
3.878679656440412
 30
0.0
 11
8.121320343559615
 21
8.121320343559842
 31
0.0
  0
SOLID
  5
1D85
330
4E9
100
AcDbEntity
  8
Dimensions
 62
     0
440
 16777216
100
AcDbTrace
 10
1.816284877979551
 20
2.405540528968412
 30
0.0
 11
2.405540528968348
 21
1.81628487797963
 31
0.0
 12
3.878679656440296
 22
3.878679656440412
 32
0.0
 13
3.878679656440296
 23
3.878679656440412
 33
0.0
  0
SOLID
  5
1D86
330
4E9
100
AcDbEntity
  8
Dimensions
 62
     0
440
 16777216
100
AcDbTrace
 10
9.594459471031564
 20
10.18371512202062
 30
0.0
 11
10.18371512202036
 21
9.594459471031841
 31
0.0
 12
8.121320343559615
 22
8.121320343559842
 32
0.0
 13
8.121320343559615
 23
8.121320343559842
 33
0.0
  0
POINT
  5
1D87
330
4E9
100
AcDbEntity
  8
Defpoints
 62
     0
440
 16777216
100
AcDbPoint
 10
8.121320343559615
 20
8.121320343559842
 30
0.0
  0
POINT
  5
1D88
330
4E9
100
AcDbEntity
  8
Defpoints
 62
     0
440
 16777216
100
AcDbPoint
 10
3.878679656440296
 20
3.878679656440412
 30
0.0
  0
ENDBLK
  5
4EB
330
4E9
100
AcDbEntity
  8
0
100
AcDbBlockEnd
  0
BLOCK
  5
500
330
4FF
100
AcDbEntity
  8
0
100
AcDbBlockBegin
  2
*D38
 70
     1
 10
0.0
 20
0.0
 30
0.0
  3
*D38
  1

  0
LINE
  5
22CA
330
4FF
100
AcDbEntity
  8
Dimensions
 62
     0
440
 16777216
370
    -2
100
AcDbLine
 10
500.0
 20
500.625
 30
0.0
 11
500.0
 21
511.2499999999999
 31
0.0
  0
LINE
  5
22CB
330
4FF
100
AcDbEntity
  8
Dimensions
 62
     0
440
 16777216
370
    -2
100
AcDbLine
 10
494.0
 20
0.625
 30
0.0
 11
494.0
 21
511.2499999999999
 31
0.0
  0
LINE
  5
22CC
330
4FF
100
AcDbEntity
  8
Dimensions
 62
     0
440
 16777216
370
    -2
100
AcDbLine
 10
502.5
 20
510.0
 30
0.0
 11
505.0
 21
510.0
 31
0.0
  0
LINE
  5
22CD
330
4FF
100
AcDbEntity
  8
Dimensions
 62
     0
440
 16777216
370
    -2
100
AcDbLine
 10
491.5
 20
510.0
 30
0.0
 11
489.0
 21
510.0
 31
0.0
  0
LINE
  5
22CE
330
4FF
100
AcDbEntity
  8
Dimensions
 62
     0
440
 16777216
370
    -2
100
AcDbLine
 10
500.0
 20
510.0
 30
0.0
 11
494.0
 21
510.0
 31
0.0
  0
SOLID
  5
22CF
330
4FF
100
AcDbEntity
  8
Dimensions
 62
     0
440
 16777216
100
AcDbTrace
 10
502.5
 20
510.4166666666666
 30
0.0
 11
502.5
 21
509.5833333333333
 31
0.0
 12
500.0
 22
510.0
 32
0.0
 13
500.0
 23
510.0
 33
0.0
  0
SOLID
  5
22D0
330
4FF
100
AcDbEntity
  8
Dimensions
 62
     0
440
 16777216
100
AcDbTrace
 10
491.5
 20
510.4166666666666
 30
0.0
 11
491.5
 21
509.5833333333333
 31
0.0
 12
494.0
 22
510.0
 32
0.0
 13
494.0
 23
510.0
 33
0.0
  0
MTEXT
  5
22D1
330
4FF
100
AcDbEntity
  8
Dimensions
 62
     0
440
 16777216
100
AcDbMText
 10
497.0
 20
511.875
 30
0.0
 40
2.5
 41
0.0
 46
0.0
 71
     5
 72
     1
  1
6
 73
     1
 44
1.0
  0
POINT
  5
22D2
330
4FF
100
AcDbEntity
  8
Defpoints
 62
     0
440
 16777216
100
AcDbPoint
 10
500.0
 20
500.0
 30
0.0
  0
POINT
  5
22D3
330
4FF
100
AcDbEntity
  8
Defpoints
 62
     0
440
 16777216
100
AcDbPoint
 10
494.0
 20
0.0
 30
0.0
  0
POINT
  5
22D4
330
4FF
100
AcDbEntity
  8
Defpoints
 62
     0
440
 16777216
100
AcDbPoint
 10
494.0
 20
510.0
 30
0.0
  0
ENDBLK
  5
501
330
4FF
100
AcDbEntity
  8
0
100
AcDbBlockEnd
  0
BLOCK
  5
50F
330
50E
100
AcDbEntity
  8
0
100
AcDbBlockBegin
  2
*D39
 70
     1
 10
0.0
 20
0.0
 30
0.0
  3
*D39
  1

  0
LINE
  5
23A6
330
50E
100
AcDbEntity
  8
Dimensions
 62
     0
440
 16777216
370
    -2
100
AcDbLine
 10
500.6250000000002
 20
500.0000000000004
 30
0.0
 11
511.2500000000006
 21
500.0000000000004
 31
0.0
  0
LINE
  5
23A7
330
50E
100
AcDbEntity
  8
Dimensions
 62
     0
440
 16777216
370
    -2
100
AcDbLine
 10
6.625000000000003
 20
494.0000000000003
 30
0.0
 11
511.2500000000006
 21
494.0000000000004
 31
0.0
  0
LINE
  5
23A8
330
50E
100
AcDbEntity
  8
Dimensions
 62
     0
440
 16777216
370
    -2
100
AcDbLine
 10
510.0000000000005
 20
502.5000000000003
 30
0.0
 11
510.0000000000005
 21
505.0000000000004
 31
0.0
  0
LINE
  5
23A9
330
50E
100
AcDbEntity
  8
Dimensions
 62
     0
440
 16777216
370
    -2
100
AcDbLine
 10
510.0000000000005
 20
491.5000000000004
 30
0.0
 11
510.0000000000005
 21
489.0000000000005
 31
0.0
  0
LINE
  5
23AA
330
50E
100
AcDbEntity
  8
Dimensions
 62
     0
440
 16777216
370
    -2
100
AcDbLine
 10
510.0000000000005
 20
500.0000000000004
 30
0.0
 11
510.0000000000005
 21
494.0000000000004
 31
0.0
  0
SOLID
  5
23AB
330
50E
100
AcDbEntity
  8
Dimensions
 62
     0
440
 16777216
100
AcDbTrace
 10
509.5833333333338
 20
502.5000000000003
 30
0.0
 11
510.4166666666672
 21
502.5000000000003
 31
0.0
 12
510.0000000000005
 22
500.0000000000004
 32
0.0
 13
510.0000000000005
 23
500.0000000000004
 33
0.0
  0
SOLID
  5
23AC
330
50E
100
AcDbEntity
  8
Dimensions
 62
     0
440
 16777216
100
AcDbTrace
 10
509.5833333333338
 20
491.5000000000004
 30
0.0
 11
510.4166666666672
 21
491.5000000000004
 31
0.0
 12
510.0000000000005
 22
494.0000000000004
 32
0.0
 13
510.0000000000005
 23
494.0000000000004
 33
0.0
  0
MTEXT
  5
23AD
330
50E
100
AcDbEntity
  8
Dimensions
 62
     0
440
 16777216
100
AcDbMText
 10
508.1250000000006
 20
497.0000000000001
 30
0.0
 40
2.5
 41
0.0
 46
0.0
 71
     5
 72
     1
  1
6
 11
0.0000000000000001
 21
1.0
 31
0.0
 73
     1
 44
1.0
  0
POINT
  5
23AE
330
50E
100
AcDbEntity
  8
Defpoints
 62
     0
440
 16777216
100
AcDbPoint
 10
500.0000000000002
 20
500.0000000000004
 30
0.0
  0
POINT
  5
23AF
330
50E
100
AcDbEntity
  8
Defpoints
 62
     0
440
 16777216
100
AcDbPoint
 10
6.000000000000003
 20
494.0000000000003
 30
0.0
  0
POINT
  5
23B0
330
50E
100
AcDbEntity
  8
Defpoints
 62
     0
440
 16777216
100
AcDbPoint
 10
510.0000000000005
 20
494.0000000000004
 30
0.0
  0
ENDBLK
  5
510
330
50E
100
AcDbEntity
  8
0
100
AcDbBlockEnd
  0
BLOCK
  5
537
330
536
100
AcDbEntity
  8
0
100
AcDbBlockBegin
  2
*D40
 70
     1
 10
0.0
 20
0.0
 30
0.0
  3
*D40
  1

  0
LINE
  5
1D89
330
536
100
AcDbEntity
  8
Dimensions
 62
     0
440
 16777216
370
    -2
100
AcDbLine
 10
503.4870159809197
 20
15.48701598091918
 30
0.0
 11
497.889087296526
 21
9.8890872965259
 31
0.0
  0
LINE
  5
1D8A
330
536
100
AcDbEntity
  8
Dimensions
 62
     0
440
 16777216
370
    -2
100
AcDbLine
 10
490.1109127034736
 20
2.110912703473928
 30
0.0
 11
488.3431457505071
 21
0.343145750507631
 31
0.0
  0
MTEXT
  5
1D8B
330
536
100
AcDbEntity
  8
Dimensions
 62
     0
440
 16777216
100
AcDbMText
 10
500.2461099004814
 20
14.89776032993049
 30
0.0
 40
2.5
 41
0.0
 46
0.0
 71
     5
 72
     1
  1
∅6
 11
0.7071067811865711
 21
0.707106781186524
 31
0.0
 73
     1
 44
1.0
  0
LINE
  5
1D8C
330
536
100
AcDbEntity
  8
Dimensions
 62
     0
440
 16777216
370
    -2
100
AcDbLine
 10
491.87867965644
 20
3.878679656440226
 30
0.0
 11
496.1213203435597
 21
8.121320343559574
 31
0.0
  0
SOLID
  5
1D8D
330
536
100
AcDbEntity
  8
Dimensions
 62
     0
440
 16777216
100
AcDbTrace
 10
489.8162848779792
 20
2.405540528968344
 30
0.0
 11
490.405540528968
 21
1.816284877979512
 31
0.0
 12
491.87867965644
 22
3.878679656440226
 32
0.0
 13
491.87867965644
 23
3.878679656440226
 33
0.0
  0
SOLID
  5
1D8E
330
536
100
AcDbEntity
  8
Dimensions
 62
     0
440
 16777216
100
AcDbTrace
 10
497.5944594710317
 20
10.18371512202032
 30
0.0
 11
498.1837151220205
 21
9.594459471031484
 31
0.0
 12
496.1213203435597
 22
8.121320343559574
 32
0.0
 13
496.1213203435597
 23
8.121320343559574
 33
0.0
  0
POINT
  5
1D8F
330
536
100
AcDbEntity
  8
Defpoints
 62
     0
440
 16777216
100
AcDbPoint
 10
496.1213203435597
 20
8.121320343559574
 30
0.0
  0
POINT
  5
1D90
330
536
100
AcDbEntity
  8
Defpoints
 62
     0
440
 16777216
100
AcDbPoint
 10
491.87867965644
 20
3.878679656440226
 30
0.0
  0
ENDBLK
  5
538
330
536
100
AcDbEntity
  8
0
100
AcDbBlockEnd
  0
BLOCK
  5
546
330
545
100
AcDbEntity
  8
0
100
AcDbBlockBegin
  2
*D41
 70
     1
 10
0.0
 20
0.0
 30
0.0
  3
*D41
  1

  0
LINE
  5
1D91
330
545
100
AcDbEntity
  8
Dimensions
 62
     0
440
 16777216
370
    -2
100
AcDbLine
 10
15.48701598091944
 20
503.4870159809199
 30
0.0
 11
9.889087296526099
 21
497.8890872965263
 31
0.0
  0
LINE
  5
1D92
330
545
100
AcDbEntity
  8
Dimensions
 62
     0
440
 16777216
370
    -2
100
AcDbLine
 10
2.110912703474184
 20
490.1109127034739
 30
0.0
 11
0.3431457505078583
 21
488.3431457505075
 31
0.0
  0
MTEXT
  5
1D93
330
545
100
AcDbEntity
  8
Dimensions
 62
     0
440
 16777216
100
AcDbMText
 10
12.24610990048114
 20
502.8977603299311
 30
0.0
 40
2.5
 41
0.0
 46
0.0
 71
     5
 72
     1
  1
∅6
 11
0.707106781186531
 21
0.7071067811865641
 31
0.0
 73
     1
 44
1.0
  0
LINE
  5
1D94
330
545
100
AcDbEntity
  8
Dimensions
 62
     0
440
 16777216
370
    -2
100
AcDbLine
 10
3.87867965644051
 20
491.8786796564404
 30
0.0
 11
8.121320343559773
 21
496.1213203435598
 31
0.0
  0
SOLID
  5
1D95
330
545
100
AcDbEntity
  8
Dimensions
 62
     0
440
 16777216
100
AcDbTrace
 10
1.816284877979768
 20
490.4055405289684
 30
0.0
 11
2.4055405289686
 21
489.8162848779795
 31
0.0
 12
3.87867965644051
 22
491.8786796564404
 32
0.0
 13
3.87867965644051
 23
491.8786796564404
 33
0.0
  0
SOLID
  5
1D96
330
545
100
AcDbEntity
  8
Dimensions
 62
     0
440
 16777216
100
AcDbTrace
 10
9.594459471031683
 20
498.1837151220206
 30
0.0
 11
10.18371512202051
 21
497.5944594710319
 31
0.0
 12
8.121320343559773
 22
496.1213203435598
 32
0.0
 13
8.121320343559773
 23
496.1213203435598
 33
0.0
  0
POINT
  5
1D97
330
545
100
AcDbEntity
  8
Defpoints
 62
     0
440
 16777216
100
AcDbPoint
 10
8.121320343559773
 20
496.1213203435598
 30
0.0
  0
POINT
  5
1D98
330
545
100
AcDbEntity
  8
Defpoints
 62
     0
440
 16777216
100
AcDbPoint
 10
3.87867965644051
 20
491.8786796564404
 30
0.0
  0
ENDBLK
  5
547
330
545
100
AcDbEntity
  8
0
100
AcDbBlockEnd
  0
BLOCK
  5
555
330
554
100
AcDbEntity
  8
0
100
AcDbBlockBegin
  2
*D42
 70
     1
 10
0.0
 20
0.0
 30
0.0
  3
*D42
  1

  0
LINE
  5
1D99
330
554
100
AcDbEntity
  8
Dimensions
 62
     0
440
 16777216
370
    -2
100
AcDbLine
 10
503.4870159809194
 20
503.4870159809196
 30
0.0
 11
497.889087296526
 21
497.889087296526
 31
0.0
  0
LINE
  5
1D9A
330
554
100
AcDbEntity
  8
Dimensions
 62
     0
440
 16777216
370
    -2
100
AcDbLine
 10
490.1109127034744
 20
490.1109127034739
 30
0.0
 11
488.343145750508
 21
488.3431457505075
 31
0.0
  0
MTEXT
  5
1D9B
330
554
100
AcDbEntity
  8
Dimensions
 62
     0
440
 16777216
100
AcDbMText
 10
500.2461099004811
 20
502.8977603299307
 30
0.0
 40
2.5
 41
0.0
 46
0.0
 71
     5
 72
     1
  1
∅6
 11
0.7071067811865332
 21
0.707106781186562
 31
0.0
 73
     1
 44
1.0
  0
LINE
  5
1D9C
330
554
100
AcDbEntity
  8
Dimensions
 62
     0
440
 16777216
370
    -2
100
AcDbLine
 10
491.8786796564407
 20
491.8786796564403
 30
0.0
 11
496.1213203435598
 21
496.1213203435596
 31
0.0
  0
SOLID
  5
1D9D
330
554
100
AcDbEntity
  8
Dimensions
 62
     0
440
 16777216
100
AcDbTrace
 10
489.8162848779799
 20
490.4055405289684
 30
0.0
 11
490.4055405289688
 21
489.8162848779796
 31
0.0
 12
491.8786796564407
 22
491.8786796564403
 32
0.0
 13
491.8786796564407
 23
491.8786796564403
 33
0.0
  0
SOLID
  5
1D9E
330
554
100
AcDbEntity
  8
Dimensions
 62
     0
440
 16777216
100
AcDbTrace
 10
497.5944594710316
 20
498.1837151220203
 30
0.0
 11
498.1837151220204
 21
497.5944594710316
 31
0.0
 12
496.1213203435598
 22
496.1213203435596
 32
0.0
 13
496.1213203435598
 23
496.1213203435596
 33
0.0
  0
POINT
  5
1D9F
330
554
100
AcDbEntity
  8
Defpoints
 62
     0
440
 16777216
100
AcDbPoint
 10
496.1213203435598
 20
496.1213203435596
 30
0.0
  0
POINT
  5
1DA0
330
554
100
AcDbEntity
  8
Defpoints
 62
     0
440
 16777216
100
AcDbPoint
 10
491.8786796564407
 20
491.8786796564403
 30
0.0
  0
ENDBLK
  5
556
330
554
100
AcDbEntity
  8
0
100
AcDbBlockEnd
  0
BLOCK
  5
564
330
563
100
AcDbEntity
  8
0
100
AcDbBlockBegin
  2
*D43
 70
     1
 10
0.0
 20
0.0
 30
0.0
  3
*D43
  1

  0
LINE
  5
16B7
330
563
100
AcDbEntity
  8
Dimensions
 62
     0
440
 16777216
370
    -2
100
AcDbLine
 10
0.0
 20
-0.6249999999998295
 30
0.0
 11
-0.0000000000000007
 21
-11.24999999999983
 31
0.0
  0
LINE
  5
16B8
330
563
100
AcDbEntity
  8
Dimensions
 62
     0
440
 16777216
370
    -2
100
AcDbLine
 10
20.00000000000006
 20
64.37500000000017
 30
0.0
 11
20.00000000000005
 21
-11.24999999999983
 31
0.0
  0
LINE
  5
16B9
330
563
100
AcDbEntity
  8
Dimensions
 62
     0
440
 16777216
370
    -2
100
AcDbLine
 10
2.499999999999999
 20
-9.999999999999829
 30
0.0
 11
17.50000000000005
 21
-9.999999999999829
 31
0.0
  0
SOLID
  5
16BA
330
563
100
AcDbEntity
  8
Dimensions
 62
     0
440
 16777216
100
AcDbTrace
 10
2.499999999999999
 20
-9.583333333333163
 30
0.0
 11
2.499999999999999
 21
-10.41666666666649
 31
0.0
 12
-0.0000000000000006
 22
-9.999999999999829
 32
0.0
 13
-0.0000000000000006
 23
-9.999999999999829
 33
0.0
  0
SOLID
  5
16BB
330
563
100
AcDbEntity
  8
Dimensions
 62
     0
440
 16777216
100
AcDbTrace
 10
17.50000000000005
 20
-9.583333333333163
 30
0.0
 11
17.50000000000005
 21
-10.41666666666649
 31
0.0
 12
20.00000000000005
 22
-9.999999999999829
 32
0.0
 13
20.00000000000005
 23
-9.999999999999829
 33
0.0
  0
MTEXT
  5
16BC
330
563
100
AcDbEntity
  8
Dimensions
 62
     0
440
 16777216
100
AcDbMText
 10
10.00000000000002
 20
-8.124999999999829
 30
0.0
 40
2.5
 41
0.0
 46
0.0
 71
     5
 72
     1
  1
20
 73
     1
 44
1.0
  0
POINT
  5
16BD
330
563
100
AcDbEntity
  8
Defpoints
 62
     0
440
 16777216
100
AcDbPoint
 10
0.0
 20
0.0000000000001705
 30
0.0
  0
POINT
  5
16BE
330
563
100
AcDbEntity
  8
Defpoints
 62
     0
440
 16777216
100
AcDbPoint
 10
20.00000000000006
 20
65.00000000000017
 30
0.0
  0
POINT
  5
16BF
330
563
100
AcDbEntity
  8
Defpoints
 62
     0
440
 16777216
100
AcDbPoint
 10
20.00000000000005
 20
-9.999999999999829
 30
0.0
  0
ENDBLK
  5
565
330
563
100
AcDbEntity
  8
0
100
AcDbBlockEnd
  0
BLOCK
  5
571
330
570
100
AcDbEntity
  8
0
100
AcDbBlockBegin
  2
*D44
 70
     1
 10
0.0
 20
0.0
 30
0.0
  3
*D44
  1

  0
LINE
  5
16C0
330
570
100
AcDbEntity
  8
Dimensions
 62
     0
440
 16777216
370
    -2
100
AcDbLine
 10
20.0
 20
-0.6249999999998295
 30
0.0
 11
20.0
 21
-11.24999999999988
 31
0.0
  0
LINE
  5
16C1
330
570
100
AcDbEntity
  8
Dimensions
 62
     0
440
 16777216
370
    -2
100
AcDbLine
 10
128.0
 20
64.37500000000011
 30
0.0
 11
128.0
 21
-11.24999999999988
 31
0.0
  0
LINE
  5
16C2
330
570
100
AcDbEntity
  8
Dimensions
 62
     0
440
 16777216
370
    -2
100
AcDbLine
 10
22.5
 20
-9.999999999999886
 30
0.0
 11
125.5
 21
-9.999999999999886
 31
0.0
  0
SOLID
  5
16C3
330
570
100
AcDbEntity
  8
Dimensions
 62
     0
440
 16777216
100
AcDbTrace
 10
22.5
 20
-9.58333333333322
 30
0.0
 11
22.5
 21
-10.41666666666655
 31
0.0
 12
20.0
 22
-9.999999999999886
 32
0.0
 13
20.0
 23
-9.999999999999886
 33
0.0
  0
SOLID
  5
16C4
330
570
100
AcDbEntity
  8
Dimensions
 62
     0
440
 16777216
100
AcDbTrace
 10
125.5
 20
-9.58333333333322
 30
0.0
 11
125.5
 21
-10.41666666666655
 31
0.0
 12
128.0
 22
-9.999999999999886
 32
0.0
 13
128.0
 23
-9.999999999999886
 33
0.0
  0
MTEXT
  5
16C5
330
570
100
AcDbEntity
  8
Dimensions
 62
     0
440
 16777216
100
AcDbMText
 10
74.00000000000003
 20
-8.124999999999886
 30
0.0
 40
2.5
 41
0.0
 46
0.0
 71
     5
 72
     1
  1
108
 73
     1
 44
1.0
  0
POINT
  5
16C6
330
570
100
AcDbEntity
  8
Defpoints
 62
     0
440
 16777216
100
AcDbPoint
 10
20.0
 20
0.0000000000001705
 30
0.0
  0
POINT
  5
16C7
330
570
100
AcDbEntity
  8
Defpoints
 62
     0
440
 16777216
100
AcDbPoint
 10
128.0
 20
65.00000000000011
 30
0.0
  0
POINT
  5
16C8
330
570
100
AcDbEntity
  8
Defpoints
 62
     0
440
 16777216
100
AcDbPoint
 10
128.0
 20
-9.999999999999886
 30
0.0
  0
ENDBLK
  5
572
330
570
100
AcDbEntity
  8
0
100
AcDbBlockEnd
  0
BLOCK
  5
57E
330
57D
100
AcDbEntity
  8
0
100
AcDbBlockBegin
  2
*D45
 70
     1
 10
0.0
 20
0.0
 30
0.0
  3
*D45
  1

  0
LINE
  5
16C9
330
57D
100
AcDbEntity
  8
Dimensions
 62
     0
440
 16777216
370
    -2
100
AcDbLine
 10
128.0
 20
-0.6249999999998864
 30
0.0
 11
128.0
 21
-11.24999999999988
 31
0.0
  0
LINE
  5
16CA
330
57D
100
AcDbEntity
  8
Dimensions
 62
     0
440
 16777216
370
    -2
100
AcDbLine
 10
249.0
 20
64.37500000000011
 30
0.0
 11
249.0
 21
-11.24999999999988
 31
0.0
  0
LINE
  5
16CB
330
57D
100
AcDbEntity
  8
Dimensions
 62
     0
440
 16777216
370
    -2
100
AcDbLine
 10
130.5
 20
-9.999999999999886
 30
0.0
 11
246.5
 21
-9.999999999999886
 31
0.0
  0
SOLID
  5
16CC
330
57D
100
AcDbEntity
  8
Dimensions
 62
     0
440
 16777216
100
AcDbTrace
 10
130.5
 20
-9.58333333333322
 30
0.0
 11
130.5
 21
-10.41666666666655
 31
0.0
 12
128.0
 22
-9.999999999999886
 32
0.0
 13
128.0
 23
-9.999999999999886
 33
0.0
  0
SOLID
  5
16CD
330
57D
100
AcDbEntity
  8
Dimensions
 62
     0
440
 16777216
100
AcDbTrace
 10
246.5
 20
-9.58333333333322
 30
0.0
 11
246.5
 21
-10.41666666666655
 31
0.0
 12
249.0
 22
-9.999999999999886
 32
0.0
 13
249.0
 23
-9.999999999999886
 33
0.0
  0
MTEXT
  5
16CE
330
57D
100
AcDbEntity
  8
Dimensions
 62
     0
440
 16777216
100
AcDbMText
 10
188.5
 20
-8.124999999999886
 30
0.0
 40
2.5
 41
0.0
 46
0.0
 71
     5
 72
     1
  1
121
 73
     1
 44
1.0
  0
POINT
  5
16CF
330
57D
100
AcDbEntity
  8
Defpoints
 62
     0
440
 16777216
100
AcDbPoint
 10
128.0
 20
0.0000000000001137
 30
0.0
  0
POINT
  5
16D0
330
57D
100
AcDbEntity
  8
Defpoints
 62
     0
440
 16777216
100
AcDbPoint
 10
249.0
 20
65.00000000000011
 30
0.0
  0
POINT
  5
16D1
330
57D
100
AcDbEntity
  8
Defpoints
 62
     0
440
 16777216
100
AcDbPoint
 10
249.0
 20
-9.999999999999886
 30
0.0
  0
ENDBLK
  5
57F
330
57D
100
AcDbEntity
  8
0
100
AcDbBlockEnd
  0
BLOCK
  5
5B3
330
5B2
100
AcDbEntity
  8
0
100
AcDbBlockBegin
  2
*D46
 70
     1
 10
0.0
 20
0.0
 30
0.0
  3
*D46
  1

  0
LINE
  5
1DA1
330
5B2
100
AcDbEntity
  8
Dimensions
 62
     0
440
 16777216
370
    -2
100
AcDbLine
 10
256.7195777308009
 20
76.57936659620194
 30
0.0
 11
252.3282011773513
 21
69.99230176602726
 31
0.0
  0
LINE
  5
1DA2
330
5B2
100
AcDbEntity
  8
Dimensions
 62
     0
440
 16777216
370
    -2
100
AcDbLine
 10
245.6717988226488
 20
60.0076982339731
 30
0.0
 11
244.2850483320857
 21
57.92757249812844
 31
0.0
  0
MTEXT
  5
1DA3
330
5B2
100
AcDbEntity
  8
Dimensions
 62
     0
440
 16777216
100
AcDbMText
 10
253.6571703974741
 20
75.36595991695918
 30
0.0
 40
2.5
 41
0.0
 46
0.0
 71
     5
 72
     1
  1
∅7
 11
0.5547001962252121
 21
0.8320502943378549
 31
0.0
 73
     1
 44
1.0
  0
LINE
  5
1DA4
330
5B2
100
AcDbEntity
  8
Dimensions
 62
     0
440
 16777216
370
    -2
100
AcDbLine
 10
247.0585493132118
 20
62.08782396981773
 30
0.0
 11
250.9414506867883
 21
67.91217603018259
 31
0.0
  0
SOLID
  5
1DA5
330
5B2
100
AcDbEntity
  8
Dimensions
 62
     0
440
 16777216
100
AcDbTrace
 10
245.3251112000081
 20
60.2388233157336
 30
0.0
 11
246.0184864452896
 21
59.77657315221261
 31
0.0
 12
247.0585493132118
 22
62.08782396981773
 32
0.0
 13
247.0585493132118
 23
62.08782396981773
 33
0.0
  0
SOLID
  5
1DA6
330
5B2
100
AcDbEntity
  8
Dimensions
 62
     0
440
 16777216
100
AcDbTrace
 10
251.9815135547105
 20
70.22342684778775
 30
0.0
 11
252.6748887999921
 21
69.76117668426676
 31
0.0
 12
250.9414506867883
 22
67.91217603018259
 32
0.0
 13
250.9414506867883
 23
67.91217603018259
 33
0.0
  0
POINT
  5
1DA7
330
5B2
100
AcDbEntity
  8
Defpoints
 62
     0
440
 16777216
100
AcDbPoint
 10
250.9414506867883
 20
67.91217603018259
 30
0.0
  0
POINT
  5
1DA8
330
5B2
100
AcDbEntity
  8
Defpoints
 62
     0
440
 16777216
100
AcDbPoint
 10
247.0585493132118
 20
62.08782396981773
 30
0.0
  0
ENDBLK
  5
5B4
330
5B2
100
AcDbEntity
  8
0
100
AcDbBlockEnd
  0
BLOCK
  5
5C2
330
5C1
100
AcDbEntity
  8
0
100
AcDbBlockBegin
  2
*D47
 70
     1
 10
0.0
 20
0.0
 30
0.0
  3
*D47
  1

  0
LINE
  5
1923
330
5C1
100
AcDbEntity
  8
Dimensions
 62
     0
440
 16777216
370
    -2
100
AcDbLine
 10
135.7195777308015
 20
76.57936659620154
 30
0.0
 11
131.3282011773516
 21
69.99230176602708
 31
0.0
  0
LINE
  5
1924
330
5C1
100
AcDbEntity
  8
Dimensions
 62
     0
440
 16777216
370
    -2
100
AcDbLine
 10
124.6717988226485
 20
60.00769823397313
 30
0.0
 11
123.2850483320853
 21
57.92757249812856
 31
0.0
  0
MTEXT
  5
1925
330
5C1
100
AcDbEntity
  8
Dimensions
 62
     0
440
 16777216
100
AcDbMText
 10
132.6571703974747
 20
75.36595991695896
 30
0.0
 40
2.5
 41
0.0
 46
0.0
 71
     5
 72
     1
  1
∅7
 11
0.554700196225255
 21
0.8320502943378265
 31
0.0
 73
     1
 44
1.0
  0
LINE
  5
1926
330
5C1
100
AcDbEntity
  8
Dimensions
 62
     0
440
 16777216
370
    -2
100
AcDbLine
 10
126.0585493132116
 20
62.0878239698177
 30
0.0
 11
129.9414506867884
 21
67.9121760301825
 31
0.0
  0
SOLID
  5
1927
330
5C1
100
AcDbEntity
  8
Dimensions
 62
     0
440
 16777216
100
AcDbTrace
 10
124.3251112000077
 20
60.23882331573367
 30
0.0
 11
125.0184864452893
 21
59.77657315221261
 31
0.0
 12
126.0585493132116
 22
62.0878239698177
 32
0.0
 13
126.0585493132116
 23
62.0878239698177
 33
0.0
  0
SOLID
  5
1928
330
5C1
100
AcDbEntity
  8
Dimensions
 62
     0
440
 16777216
100
AcDbTrace
 10
130.9815135547108
 20
70.2234268477876
 30
0.0
 11
131.6748887999923
 21
69.76117668426656
 31
0.0
 12
129.9414506867884
 22
67.9121760301825
 32
0.0
 13
129.9414506867884
 23
67.9121760301825
 33
0.0
  0
POINT
  5
1929
330
5C1
100
AcDbEntity
  8
Defpoints
 62
     0
440
 16777216
100
AcDbPoint
 10
129.9414506867884
 20
67.9121760301825
 30
0.0
  0
POINT
  5
192A
330
5C1
100
AcDbEntity
  8
Defpoints
 62
     0
440
 16777216
100
AcDbPoint
 10
126.0585493132116
 20
62.0878239698177
 30
0.0
  0
ENDBLK
  5
5C3
330
5C1
100
AcDbEntity
  8
0
100
AcDbBlockEnd
  0
BLOCK
  5
5D1
330
5D0
100
AcDbEntity
  8
0
100
AcDbBlockBegin
  2
*D48
 70
     1
 10
0.0
 20
0.0
 30
0.0
  3
*D48
  1

  0
LINE
  5
1DA9
330
5D0
100
AcDbEntity
  8
Dimensions
 62
     0
440
 16777216
370
    -2
100
AcDbLine
 10
27.71957773080105
 20
76.57936659620189
 30
0.0
 11
23.32820117735138
 21
69.99230176602726
 31
0.0
  0
LINE
  5
1DAA
330
5D0
100
AcDbEntity
  8
Dimensions
 62
     0
440
 16777216
370
    -2
100
AcDbLine
 10
16.67179882264857
 20
60.00769823397284
 30
0.0
 11
15.28504833208551
 21
57.92757249812821
 31
0.0
  0
MTEXT
  5
1DAB
330
5D0
100
AcDbEntity
  8
Dimensions
 62
     0
440
 16777216
100
AcDbMText
 10
24.65717039747426
 20
75.36595991695918
 30
0.0
 40
2.5
 41
0.0
 46
0.0
 71
     5
 72
     1
  1
∅7
 11
0.5547001962252213
 21
0.8320502943378489
 31
0.0
 73
     1
 44
1.0
  0
LINE
  5
1DAC
330
5D0
100
AcDbEntity
  8
Dimensions
 62
     0
440
 16777216
370
    -2
100
AcDbLine
 10
18.05854931321162
 20
62.08782396981746
 30
0.0
 11
21.94145068678833
 21
67.91217603018264
 31
0.0
  0
SOLID
  5
1DAD
330
5D0
100
AcDbEntity
  8
Dimensions
 62
     0
440
 16777216
100
AcDbTrace
 10
16.3251112000078
 20
60.23882331573336
 30
0.0
 11
17.01848644528934
 21
59.77657315221233
 31
0.0
 12
18.05854931321162
 22
62.08782396981746
 32
0.0
 13
18.05854931321162
 23
62.08782396981746
 33
0.0
  0
SOLID
  5
1DAE
330
5D0
100
AcDbEntity
  8
Dimensions
 62
     0
440
 16777216
100
AcDbTrace
 10
22.98151355471061
 20
70.22342684778777
 30
0.0
 11
23.67488879999216
 21
69.76117668426676
 31
0.0
 12
21.94145068678833
 22
67.91217603018264
 32
0.0
 13
21.94145068678833
 23
67.91217603018264
 33
0.0
  0
POINT
  5
1DAF
330
5D0
100
AcDbEntity
  8
Defpoints
 62
     0
440
 16777216
100
AcDbPoint
 10
21.94145068678833
 20
67.91217603018264
 30
0.0
  0
POINT
  5
1DB0
330
5D0
100
AcDbEntity
  8
Defpoints
 62
     0
440
 16777216
100
AcDbPoint
 10
18.05854931321162
 20
62.08782396981746
 30
0.0
  0
ENDBLK
  5
5D2
330
5D0
100
AcDbEntity
  8
0
100
AcDbBlockEnd
  0
BLOCK
  5
5E6
330
5E5
100
AcDbEntity
  8
0
100
AcDbBlockBegin
  2
*D49
 70
     1
 10
0.0
 20
0.0
 30
0.0
  3
*D49
  1

  0
LINE
  5
16EA
330
5E5
100
AcDbEntity
  8
Dimensions
 62
     0
440
 16777216
370
    -2
100
AcDbLine
 10
-0.625
 20
0.0000000000001707
 30
0.0
 11
-21.25000000000003
 21
0.0000000000001765
 31
0.0
  0
LINE
  5
16EB
330
5E5
100
AcDbEntity
  8
Dimensions
 62
     0
440
 16777216
370
    -2
100
AcDbLine
 10
326.3750000000001
 20
135.0
 30
0.0
 11
-21.24999999999997
 21
135.0000000000001
 31
0.0
  0
LINE
  5
16EC
330
5E5
100
AcDbEntity
  8
Dimensions
 62
     0
440
 16777216
370
    -2
100
AcDbLine
 10
-20.00000000000003
 20
2.500000000000176
 30
0.0
 11
-20.0
 21
132.5000000000001
 31
0.0
  0
SOLID
  5
16ED
330
5E5
100
AcDbEntity
  8
Dimensions
 62
     0
440
 16777216
100
AcDbTrace
 10
-20.4166666666667
 20
2.500000000000176
 30
0.0
 11
-19.58333333333336
 21
2.500000000000176
 31
0.0
 12
-20.00000000000003
 22
0.0000000000001762
 32
0.0
 13
-20.00000000000003
 23
0.0000000000001762
 33
0.0
  0
SOLID
  5
16EE
330
5E5
100
AcDbEntity
  8
Dimensions
 62
     0
440
 16777216
100
AcDbTrace
 10
-20.41666666666667
 20
132.5000000000001
 30
0.0
 11
-19.58333333333333
 21
132.5000000000001
 31
0.0
 12
-20.0
 22
135.0000000000001
 32
0.0
 13
-20.0
 23
135.0000000000001
 33
0.0
  0
MTEXT
  5
16EF
330
5E5
100
AcDbEntity
  8
Dimensions
 62
     0
440
 16777216
100
AcDbMText
 10
-21.87500000000003
 20
67.50000000000017
 30
0.0
 40
2.5
 41
0.0
 46
0.0
 71
     5
 72
     1
  1
135
 11
0.0000000000000001
 21
1.0
 31
0.0
 73
     1
 44
1.0
  0
POINT
  5
16F0
330
5E5
100
AcDbEntity
  8
Defpoints
 62
     0
440
 16777216
100
AcDbPoint
 10
0.0
 20
0.0000000000001705
 30
0.0
  0
POINT
  5
16F1
330
5E5
100
AcDbEntity
  8
Defpoints
 62
     0
440
 16777216
100
AcDbPoint
 10
327.0
 20
135.0
 30
0.0
  0
POINT
  5
16F2
330
5E5
100
AcDbEntity
  8
Defpoints
 62
     0
440
 16777216
100
AcDbPoint
 10
-20.0
 20
135.0000000000001
 30
0.0
  0
ENDBLK
  5
5E7
330
5E5
100
AcDbEntity
  8
0
100
AcDbBlockEnd
  0
BLOCK
  5
5FC
330
5FB
100
AcDbEntity
  8
0
100
AcDbBlockBegin
  2
*D50
 70
     1
 10
0.0
 20
0.0
 30
0.0
  3
*D50
  1

  0
LINE
  5
16F3
330
5FB
100
AcDbEntity
  8
Dimensions
 62
     0
440
 16777216
370
    -2
100
AcDbLine
 10
0.0
 20
-0.6249999999998295
 30
0.0
 11
-0.0000000000000013
 21
-21.24999999999989
 31
0.0
  0
LINE
  5
16F4
330
5FB
100
AcDbEntity
  8
Dimensions
 62
     0
440
 16777216
370
    -2
100
AcDbLine
 10
50.00000000000006
 20
201.3750000000001
 30
0.0
 11
50.00000000000004
 21
-21.24999999999989
 31
0.0
  0
LINE
  5
16F5
330
5FB
100
AcDbEntity
  8
Dimensions
 62
     0
440
 16777216
370
    -2
100
AcDbLine
 10
2.499999999999998
 20
-19.99999999999988
 30
0.0
 11
47.50000000000004
 21
-19.99999999999988
 31
0.0
  0
SOLID
  5
16F6
330
5FB
100
AcDbEntity
  8
Dimensions
 62
     0
440
 16777216
100
AcDbTrace
 10
2.499999999999998
 20
-19.58333333333322
 30
0.0
 11
2.499999999999998
 21
-20.41666666666655
 31
0.0
 12
-0.0000000000000012
 22
-19.99999999999988
 32
0.0
 13
-0.0000000000000012
 23
-19.99999999999988
 33
0.0
  0
SOLID
  5
16F7
330
5FB
100
AcDbEntity
  8
Dimensions
 62
     0
440
 16777216
100
AcDbTrace
 10
47.50000000000004
 20
-19.58333333333322
 30
0.0
 11
47.50000000000004
 21
-20.41666666666655
 31
0.0
 12
50.00000000000004
 22
-19.99999999999988
 32
0.0
 13
50.00000000000004
 23
-19.99999999999988
 33
0.0
  0
MTEXT
  5
16F8
330
5FB
100
AcDbEntity
  8
Dimensions
 62
     0
440
 16777216
100
AcDbMText
 10
25.00000000000002
 20
-18.12499999999988
 30
0.0
 40
2.5
 41
0.0
 46
0.0
 71
     5
 72
     1
  1
50
 73
     1
 44
1.0
  0
POINT
  5
16F9
330
5FB
100
AcDbEntity
  8
Defpoints
 62
     0
440
 16777216
100
AcDbPoint
 10
0.0
 20
0.0000000000001705
 30
0.0
  0
POINT
  5
16FA
330
5FB
100
AcDbEntity
  8
Defpoints
 62
     0
440
 16777216
100
AcDbPoint
 10
50.00000000000006
 20
202.0000000000001
 30
0.0
  0
POINT
  5
16FB
330
5FB
100
AcDbEntity
  8
Defpoints
 62
     0
440
 16777216
100
AcDbPoint
 10
50.00000000000004
 20
-19.99999999999988
 30
0.0
  0
ENDBLK
  5
5FD
330
5FB
100
AcDbEntity
  8
0
100
AcDbBlockEnd
  0
BLOCK
  5
609
330
608
100
AcDbEntity
  8
0
100
AcDbBlockBegin
  2
*D51
 70
     1
 10
0.0
 20
0.0
 30
0.0
  3
*D51
  1

  0
LINE
  5
16FC
330
608
100
AcDbEntity
  8
Dimensions
 62
     0
440
 16777216
370
    -2
100
AcDbLine
 10
50.0
 20
-0.6249999999998864
 30
0.0
 11
50.0
 21
-21.24999999999989
 31
0.0
  0
LINE
  5
16FD
330
608
100
AcDbEntity
  8
Dimensions
 62
     0
440
 16777216
370
    -2
100
AcDbLine
 10
170.0
 20
201.3750000000001
 30
0.0
 11
170.0
 21
-21.24999999999989
 31
0.0
  0
LINE
  5
16FE
330
608
100
AcDbEntity
  8
Dimensions
 62
     0
440
 16777216
370
    -2
100
AcDbLine
 10
52.5
 20
-19.99999999999988
 30
0.0
 11
167.5
 21
-19.99999999999988
 31
0.0
  0
SOLID
  5
16FF
330
608
100
AcDbEntity
  8
Dimensions
 62
     0
440
 16777216
100
AcDbTrace
 10
52.5
 20
-19.58333333333322
 30
0.0
 11
52.5
 21
-20.41666666666655
 31
0.0
 12
50.0
 22
-19.99999999999988
 32
0.0
 13
50.0
 23
-19.99999999999988
 33
0.0
  0
SOLID
  5
1700
330
608
100
AcDbEntity
  8
Dimensions
 62
     0
440
 16777216
100
AcDbTrace
 10
167.5
 20
-19.58333333333322
 30
0.0
 11
167.5
 21
-20.41666666666655
 31
0.0
 12
170.0
 22
-19.99999999999988
 32
0.0
 13
170.0
 23
-19.99999999999988
 33
0.0
  0
MTEXT
  5
1701
330
608
100
AcDbEntity
  8
Dimensions
 62
     0
440
 16777216
100
AcDbMText
 10
110.0
 20
-18.12499999999988
 30
0.0
 40
2.5
 41
0.0
 46
0.0
 71
     5
 72
     1
  1
120
 73
     1
 44
1.0
  0
POINT
  5
1702
330
608
100
AcDbEntity
  8
Defpoints
 62
     0
440
 16777216
100
AcDbPoint
 10
50.0
 20
0.0000000000001137
 30
0.0
  0
POINT
  5
1703
330
608
100
AcDbEntity
  8
Defpoints
 62
     0
440
 16777216
100
AcDbPoint
 10
170.0
 20
202.0000000000001
 30
0.0
  0
POINT
  5
1704
330
608
100
AcDbEntity
  8
Defpoints
 62
     0
440
 16777216
100
AcDbPoint
 10
170.0
 20
-19.99999999999988
 30
0.0
  0
ENDBLK
  5
60A
330
608
100
AcDbEntity
  8
0
100
AcDbBlockEnd
  0
BLOCK
  5
616
330
615
100
AcDbEntity
  8
0
100
AcDbBlockBegin
  2
*D52
 70
     1
 10
0.0
 20
0.0
 30
0.0
  3
*D52
  1

  0
LINE
  5
1705
330
615
100
AcDbEntity
  8
Dimensions
 62
     0
440
 16777216
370
    -2
100
AcDbLine
 10
170.0
 20
-0.6249999999998864
 30
0.0
 11
170.0
 21
-21.25
 31
0.0
  0
LINE
  5
1706
330
615
100
AcDbEntity
  8
Dimensions
 62
     0
440
 16777216
370
    -2
100
AcDbLine
 10
320.0000000000001
 20
201.3750000000001
 30
0.0
 11
320.0000000000001
 21
-21.25
 31
0.0
  0
LINE
  5
1707
330
615
100
AcDbEntity
  8
Dimensions
 62
     0
440
 16777216
370
    -2
100
AcDbLine
 10
172.5
 20
-20.0
 30
0.0
 11
317.5000000000001
 21
-20.0
 31
0.0
  0
SOLID
  5
1708
330
615
100
AcDbEntity
  8
Dimensions
 62
     0
440
 16777216
100
AcDbTrace
 10
172.5
 20
-19.58333333333333
 30
0.0
 11
172.5
 21
-20.41666666666667
 31
0.0
 12
170.0
 22
-20.0
 32
0.0
 13
170.0
 23
-20.0
 33
0.0
  0
SOLID
  5
1709
330
615
100
AcDbEntity
  8
Dimensions
 62
     0
440
 16777216
100
AcDbTrace
 10
317.5000000000001
 20
-19.58333333333333
 30
0.0
 11
317.5000000000001
 21
-20.41666666666667
 31
0.0
 12
320.0000000000001
 22
-20.0
 32
0.0
 13
320.0000000000001
 23
-20.0
 33
0.0
  0
MTEXT
  5
170A
330
615
100
AcDbEntity
  8
Dimensions
 62
     0
440
 16777216
100
AcDbMText
 10
245.0
 20
-18.125
 30
0.0
 40
2.5
 41
0.0
 46
0.0
 71
     5
 72
     1
  1
150
 73
     1
 44
1.0
  0
POINT
  5
170B
330
615
100
AcDbEntity
  8
Defpoints
 62
     0
440
 16777216
100
AcDbPoint
 10
170.0
 20
0.0000000000001137
 30
0.0
  0
POINT
  5
170C
330
615
100
AcDbEntity
  8
Defpoints
 62
     0
440
 16777216
100
AcDbPoint
 10
320.0000000000001
 20
202.0
 30
0.0
  0
POINT
  5
170D
330
615
100
AcDbEntity
  8
Defpoints
 62
     0
440
 16777216
100
AcDbPoint
 10
320.0000000000001
 20
-20.0
 30
0.0
  0
ENDBLK
  5
617
330
615
100
AcDbEntity
  8
0
100
AcDbBlockEnd
  0
BLOCK
  5
64C
330
64B
100
AcDbEntity
  8
0
100
AcDbBlockBegin
  2
*D53
 70
     1
 10
0.0
 20
0.0
 30
0.0
  3
*D53
  1

  0
LINE
  5
1DB1
330
64B
100
AcDbEntity
  8
Dimensions
 62
     0
440
 16777216
370
    -2
100
AcDbLine
 10
57.71957773080121
 20
213.5793665962018
 30
0.0
 11
53.32820117735145
 21
206.9923017660272
 31
0.0
  0
LINE
  5
1DB2
330
64B
100
AcDbEntity
  8
Dimensions
 62
     0
440
 16777216
370
    -2
100
AcDbLine
 10
46.67179882264857
 20
197.0076982339729
 30
0.0
 11
45.2850483320855
 21
194.9275724981283
 31
0.0
  0
MTEXT
  5
1DB3
330
64B
100
AcDbEntity
  8
Dimensions
 62
     0
440
 16777216
100
AcDbMText
 10
54.65717039747441
 20
212.3659599169591
 30
0.0
 40
2.5
 41
0.0
 46
0.0
 71
     5
 72
     1
  1
∅7
 11
0.5547001962252321
 21
0.8320502943378416
 31
0.0
 73
     1
 44
1.0
  0
LINE
  5
1DB4
330
64B
100
AcDbEntity
  8
Dimensions
 62
     0
440
 16777216
370
    -2
100
AcDbLine
 10
48.05854931321166
 20
199.0878239698175
 30
0.0
 11
51.94145068678836
 21
204.9121760301825
 31
0.0
  0
SOLID
  5
1DB5
330
64B
100
AcDbEntity
  8
Dimensions
 62
     0
440
 16777216
100
AcDbTrace
 10
46.3251112000078
 20
197.2388233157334
 30
0.0
 11
47.01848644528935
 21
196.7765731522124
 31
0.0
 12
48.05854931321166
 22
199.0878239698175
 32
0.0
 13
48.05854931321166
 23
199.0878239698175
 33
0.0
  0
SOLID
  5
1DB6
330
64B
100
AcDbEntity
  8
Dimensions
 62
     0
440
 16777216
100
AcDbTrace
 10
52.98151355471068
 20
207.2234268477877
 30
0.0
 11
53.67488879999222
 21
206.7611766842666
 31
0.0
 12
51.94145068678836
 22
204.9121760301825
 32
0.0
 13
51.94145068678836
 23
204.9121760301825
 33
0.0
  0
POINT
  5
1DB7
330
64B
100
AcDbEntity
  8
Defpoints
 62
     0
440
 16777216
100
AcDbPoint
 10
51.94145068678836
 20
204.9121760301825
 30
0.0
  0
POINT
  5
1DB8
330
64B
100
AcDbEntity
  8
Defpoints
 62
     0
440
 16777216
100
AcDbPoint
 10
48.05854931321166
 20
199.0878239698175
 30
0.0
  0
ENDBLK
  5
64D
330
64B
100
AcDbEntity
  8
0
100
AcDbBlockEnd
  0
BLOCK
  5
65B
330
65A
100
AcDbEntity
  8
0
100
AcDbBlockBegin
  2
*D54
 70
     1
 10
0.0
 20
0.0
 30
0.0
  3
*D54
  1

  0
LINE
  5
1DB9
330
65A
100
AcDbEntity
  8
Dimensions
 62
     0
440
 16777216
370
    -2
100
AcDbLine
 10
177.7195777308009
 20
213.5793665962019
 30
0.0
 11
173.3282011773513
 21
206.9923017660272
 31
0.0
  0
LINE
  5
1DBA
330
65A
100
AcDbEntity
  8
Dimensions
 62
     0
440
 16777216
370
    -2
100
AcDbLine
 10
166.6717988226488
 20
197.0076982339729
 30
0.0
 11
165.2850483320858
 21
194.9275724981283
 31
0.0
  0
MTEXT
  5
1DBB
330
65A
100
AcDbEntity
  8
Dimensions
 62
     0
440
 16777216
100
AcDbMText
 10
174.6571703974741
 20
212.3659599169592
 30
0.0
 40
2.5
 41
0.0
 46
0.0
 71
     5
 72
     1
  1
∅7
 11
0.5547001962252121
 21
0.8320502943378549
 31
0.0
 73
     1
 44
1.0
  0
LINE
  5
1DBC
330
65A
100
AcDbEntity
  8
Dimensions
 62
     0
440
 16777216
370
    -2
100
AcDbLine
 10
168.0585493132118
 20
199.0878239698176
 30
0.0
 11
171.9414506867883
 21
204.9121760301826
 31
0.0
  0
SOLID
  5
1DBD
330
65A
100
AcDbEntity
  8
Dimensions
 62
     0
440
 16777216
100
AcDbTrace
 10
166.325111200008
 20
197.2388233157334
 30
0.0
 11
167.0184864452896
 21
196.7765731522124
 31
0.0
 12
168.0585493132118
 22
199.0878239698176
 32
0.0
 13
168.0585493132118
 23
199.0878239698176
 33
0.0
  0
SOLID
  5
1DBE
330
65A
100
AcDbEntity
  8
Dimensions
 62
     0
440
 16777216
100
AcDbTrace
 10
172.9815135547106
 20
207.2234268477878
 30
0.0
 11
173.6748887999921
 21
206.7611766842667
 31
0.0
 12
171.9414506867883
 22
204.9121760301826
 32
0.0
 13
171.9414506867883
 23
204.9121760301826
 33
0.0
  0
POINT
  5
1DBF
330
65A
100
AcDbEntity
  8
Defpoints
 62
     0
440
 16777216
100
AcDbPoint
 10
171.9414506867883
 20
204.9121760301826
 30
0.0
  0
POINT
  5
1DC0
330
65A
100
AcDbEntity
  8
Defpoints
 62
     0
440
 16777216
100
AcDbPoint
 10
168.0585493132118
 20
199.0878239698176
 30
0.0
  0
ENDBLK
  5
65C
330
65A
100
AcDbEntity
  8
0
100
AcDbBlockEnd
  0
BLOCK
  5
66A
330
669
100
AcDbEntity
  8
0
100
AcDbBlockBegin
  2
*D55
 70
     1
 10
0.0
 20
0.0
 30
0.0
  3
*D55
  1

  0
LINE
  5
1DC1
330
669
100
AcDbEntity
  8
Dimensions
 62
     0
440
 16777216
370
    -2
100
AcDbLine
 10
327.7195777308011
 20
213.5793665962017
 30
0.0
 11
323.3282011773514
 21
206.9923017660271
 31
0.0
  0
LINE
  5
1DC2
330
669
100
AcDbEntity
  8
Dimensions
 62
     0
440
 16777216
370
    -2
100
AcDbLine
 10
316.6717988226486
 20
197.0076982339728
 30
0.0
 11
315.2850483320856
 21
194.9275724981282
 31
0.0
  0
MTEXT
  5
1DC3
330
669
100
AcDbEntity
  8
Dimensions
 62
     0
440
 16777216
100
AcDbMText
 10
324.6571703974743
 20
212.3659599169589
 30
0.0
 40
2.5
 41
0.0
 46
0.0
 71
     5
 72
     1
  1
∅7
 11
0.5547001962252272
 21
0.832050294337845
 31
0.0
 73
     1
 44
1.0
  0
LINE
  5
1DC4
330
669
100
AcDbEntity
  8
Dimensions
 62
     0
440
 16777216
370
    -2
100
AcDbLine
 10
318.0585493132117
 20
199.0878239698174
 30
0.0
 11
321.9414506867884
 21
204.9121760301825
 31
0.0
  0
SOLID
  5
1DC5
330
669
100
AcDbEntity
  8
Dimensions
 62
     0
440
 16777216
100
AcDbTrace
 10
316.3251112000078
 20
197.2388233157334
 30
0.0
 11
317.0184864452894
 21
196.7765731522124
 31
0.0
 12
318.0585493132117
 22
199.0878239698174
 32
0.0
 13
318.0585493132117
 23
199.0878239698174
 33
0.0
  0
SOLID
  5
1DC6
330
669
100
AcDbEntity
  8
Dimensions
 62
     0
440
 16777216
100
AcDbTrace
 10
322.9815135547107
 20
207.2234268477876
 30
0.0
 11
323.6748887999922
 21
206.7611766842666
 31
0.0
 12
321.9414506867884
 22
204.9121760301825
 32
0.0
 13
321.9414506867884
 23
204.9121760301825
 33
0.0
  0
POINT
  5
1DC7
330
669
100
AcDbEntity
  8
Defpoints
 62
     0
440
 16777216
100
AcDbPoint
 10
321.9414506867884
 20
204.9121760301825
 30
0.0
  0
POINT
  5
1DC8
330
669
100
AcDbEntity
  8
Defpoints
 62
     0
440
 16777216
100
AcDbPoint
 10
318.0585493132117
 20
199.0878239698174
 30
0.0
  0
ENDBLK
  5
66B
330
669
100
AcDbEntity
  8
0
100
AcDbBlockEnd
  0
BLOCK
  5
67F
330
67E
100
AcDbEntity
  8
0
100
AcDbBlockBegin
  2
*D56
 70
     1
 10
0.0
 20
0.0
 30
0.0
  3
*D56
  1

  0
LINE
  5
1726
330
67E
100
AcDbEntity
  8
Dimensions
 62
     0
440
 16777216
370
    -2
100
AcDbLine
 10
65.00000000000011
 20
500.6250000000001
 30
0.0
 11
65.00000000000011
 21
521.2500000000001
 31
0.0
  0
LINE
  5
1727
330
67E
100
AcDbEntity
  8
Dimensions
 62
     0
440
 16777216
370
    -2
100
AcDbLine
 10
94.00000000000011
 20
415.625
 30
0.0
 11
94.00000000000011
 21
521.2500000000001
 31
0.0
  0
LINE
  5
1728
330
67E
100
AcDbEntity
  8
Dimensions
 62
     0
440
 16777216
370
    -2
100
AcDbLine
 10
67.50000000000011
 20
520.0000000000001
 30
0.0
 11
91.50000000000011
 21
520.0000000000001
 31
0.0
  0
SOLID
  5
1729
330
67E
100
AcDbEntity
  8
Dimensions
 62
     0
440
 16777216
100
AcDbTrace
 10
67.50000000000011
 20
520.4166666666667
 30
0.0
 11
67.50000000000011
 21
519.5833333333334
 31
0.0
 12
65.00000000000011
 22
520.0000000000001
 32
0.0
 13
65.00000000000011
 23
520.0000000000001
 33
0.0
  0
SOLID
  5
172A
330
67E
100
AcDbEntity
  8
Dimensions
 62
     0
440
 16777216
100
AcDbTrace
 10
91.50000000000011
 20
520.4166666666667
 30
0.0
 11
91.50000000000011
 21
519.5833333333334
 31
0.0
 12
94.00000000000011
 22
520.0000000000001
 32
0.0
 13
94.00000000000011
 23
520.0000000000001
 33
0.0
  0
MTEXT
  5
172B
330
67E
100
AcDbEntity
  8
Dimensions
 62
     0
440
 16777216
100
AcDbMText
 10
79.50000000000011
 20
521.875
 30
0.0
 40
2.5
 41
0.0
 46
0.0
 71
     5
 72
     1
  1
29
 73
     1
 44
1.0
  0
POINT
  5
172C
330
67E
100
AcDbEntity
  8
Defpoints
 62
     0
440
 16777216
100
AcDbPoint
 10
65.00000000000011
 20
500.0
 30
0.0
  0
POINT
  5
172D
330
67E
100
AcDbEntity
  8
Defpoints
 62
     0
440
 16777216
100
AcDbPoint
 10
94.00000000000011
 20
415.0000000000001
 30
0.0
  0
POINT
  5
172E
330
67E
100
AcDbEntity
  8
Defpoints
 62
     0
440
 16777216
100
AcDbPoint
 10
94.00000000000011
 20
520.0000000000001
 30
0.0
  0
ENDBLK
  5
680
330
67E
100
AcDbEntity
  8
0
100
AcDbBlockEnd
  0
BLOCK
  5
68C
330
68B
100
AcDbEntity
  8
0
100
AcDbBlockBegin
  2
*D57
 70
     1
 10
0.0
 20
0.0
 30
0.0
  3
*D57
  1

  0
LINE
  5
172F
330
68B
100
AcDbEntity
  8
Dimensions
 62
     0
440
 16777216
370
    -2
100
AcDbLine
 10
94.00000000000011
 20
500.6250000000001
 30
0.0
 11
94.00000000000011
 21
521.2500000000001
 31
0.0
  0
LINE
  5
1730
330
68B
100
AcDbEntity
  8
Dimensions
 62
     0
440
 16777216
370
    -2
100
AcDbLine
 10
304.0000000000001
 20
415.625
 30
0.0
 11
304.0000000000001
 21
521.2500000000001
 31
0.0
  0
LINE
  5
1731
330
68B
100
AcDbEntity
  8
Dimensions
 62
     0
440
 16777216
370
    -2
100
AcDbLine
 10
96.50000000000012
 20
520.0000000000001
 30
0.0
 11
301.5000000000001
 21
520.0000000000001
 31
0.0
  0
SOLID
  5
1732
330
68B
100
AcDbEntity
  8
Dimensions
 62
     0
440
 16777216
100
AcDbTrace
 10
96.50000000000012
 20
520.4166666666667
 30
0.0
 11
96.50000000000012
 21
519.5833333333334
 31
0.0
 12
94.00000000000011
 22
520.0000000000001
 32
0.0
 13
94.00000000000011
 23
520.0000000000001
 33
0.0
  0
SOLID
  5
1733
330
68B
100
AcDbEntity
  8
Dimensions
 62
     0
440
 16777216
100
AcDbTrace
 10
301.5000000000001
 20
520.4166666666667
 30
0.0
 11
301.5000000000001
 21
519.5833333333334
 31
0.0
 12
304.0000000000001
 22
520.0000000000001
 32
0.0
 13
304.0000000000001
 23
520.0000000000001
 33
0.0
  0
MTEXT
  5
1734
330
68B
100
AcDbEntity
  8
Dimensions
 62
     0
440
 16777216
100
AcDbMText
 10
199.0000000000001
 20
521.875
 30
0.0
 40
2.5
 41
0.0
 46
0.0
 71
     5
 72
     1
  1
210
 73
     1
 44
1.0
  0
POINT
  5
1735
330
68B
100
AcDbEntity
  8
Defpoints
 62
     0
440
 16777216
100
AcDbPoint
 10
94.00000000000011
 20
500.0
 30
0.0
  0
POINT
  5
1736
330
68B
100
AcDbEntity
  8
Defpoints
 62
     0
440
 16777216
100
AcDbPoint
 10
304.0000000000001
 20
415.0000000000001
 30
0.0
  0
POINT
  5
1737
330
68B
100
AcDbEntity
  8
Defpoints
 62
     0
440
 16777216
100
AcDbPoint
 10
304.0000000000001
 20
520.0000000000001
 30
0.0
  0
ENDBLK
  5
68D
330
68B
100
AcDbEntity
  8
0
100
AcDbBlockEnd
  0
BLOCK
  5
699
330
698
100
AcDbEntity
  8
0
100
AcDbBlockBegin
  2
*D58
 70
     1
 10
0.0
 20
0.0
 30
0.0
  3
*D58
  1

  0
LINE
  5
1738
330
698
100
AcDbEntity
  8
Dimensions
 62
     0
440
 16777216
370
    -2
100
AcDbLine
 10
304.0000000000001
 20
500.6250000000001
 30
0.0
 11
304.0000000000001
 21
521.2500000000001
 31
0.0
  0
LINE
  5
1739
330
698
100
AcDbEntity
  8
Dimensions
 62
     0
440
 16777216
370
    -2
100
AcDbLine
 10
484.0000000000001
 20
415.625
 30
0.0
 11
484.0000000000001
 21
521.2500000000001
 31
0.0
  0
LINE
  5
173A
330
698
100
AcDbEntity
  8
Dimensions
 62
     0
440
 16777216
370
    -2
100
AcDbLine
 10
306.5000000000001
 20
520.0000000000001
 30
0.0
 11
481.5000000000001
 21
520.0000000000001
 31
0.0
  0
SOLID
  5
173B
330
698
100
AcDbEntity
  8
Dimensions
 62
     0
440
 16777216
100
AcDbTrace
 10
306.5000000000001
 20
520.4166666666667
 30
0.0
 11
306.5000000000001
 21
519.5833333333334
 31
0.0
 12
304.0000000000001
 22
520.0000000000001
 32
0.0
 13
304.0000000000001
 23
520.0000000000001
 33
0.0
  0
SOLID
  5
173C
330
698
100
AcDbEntity
  8
Dimensions
 62
     0
440
 16777216
100
AcDbTrace
 10
481.5000000000001
 20
520.4166666666667
 30
0.0
 11
481.5000000000001
 21
519.5833333333334
 31
0.0
 12
484.0000000000001
 22
520.0000000000001
 32
0.0
 13
484.0000000000001
 23
520.0000000000001
 33
0.0
  0
MTEXT
  5
173D
330
698
100
AcDbEntity
  8
Dimensions
 62
     0
440
 16777216
100
AcDbMText
 10
394.0000000000001
 20
521.875
 30
0.0
 40
2.5
 41
0.0
 46
0.0
 71
     5
 72
     1
  1
180
 73
     1
 44
1.0
  0
POINT
  5
173E
330
698
100
AcDbEntity
  8
Defpoints
 62
     0
440
 16777216
100
AcDbPoint
 10
304.0000000000001
 20
500.0
 30
0.0
  0
POINT
  5
173F
330
698
100
AcDbEntity
  8
Defpoints
 62
     0
440
 16777216
100
AcDbPoint
 10
484.0000000000001
 20
415.0
 30
0.0
  0
POINT
  5
1740
330
698
100
AcDbEntity
  8
Defpoints
 62
     0
440
 16777216
100
AcDbPoint
 10
484.0000000000001
 20
520.0000000000001
 30
0.0
  0
ENDBLK
  5
69A
330
698
100
AcDbEntity
  8
0
100
AcDbBlockEnd
  0
BLOCK
  5
6CD
330
6CC
100
AcDbEntity
  8
0
100
AcDbBlockBegin
  2
*D59
 70
     1
 10
0.0
 20
0.0
 30
0.0
  3
*D59
  1

  0
LINE
  5
1DC9
330
6CC
100
AcDbEntity
  8
Dimensions
 62
     0
440
 16777216
370
    -2
100
AcDbLine
 10
101.7195777308007
 20
426.579366596202
 30
0.0
 11
97.32820117735128
 21
419.9923017660273
 31
0.0
  0
LINE
  5
1DCA
330
6CC
100
AcDbEntity
  8
Dimensions
 62
     0
440
 16777216
370
    -2
100
AcDbLine
 10
90.67179882264888
 20
410.0076982339728
 30
0.0
 11
89.28504833208588
 21
407.9275724981281
 31
0.0
  0
MTEXT
  5
1DCB
330
6CC
100
AcDbEntity
  8
Dimensions
 62
     0
440
 16777216
100
AcDbMText
 10
98.65717039747401
 20
425.3659599169592
 30
0.0
 40
2.5
 41
0.0
 46
0.0
 71
     5
 72
     1
  1
∅7
 11
0.5547001962251948
 21
0.8320502943378665
 31
0.0
 73
     1
 44
1.0
  0
LINE
  5
1DCC
330
6CC
100
AcDbEntity
  8
Dimensions
 62
     0
440
 16777216
370
    -2
100
AcDbLine
 10
92.05854931321185
 20
412.0878239698174
 30
0.0
 11
95.9414506867883
 21
417.9121760301826
 31
0.0
  0
SOLID
  5
1DCD
330
6CC
100
AcDbEntity
  8
Dimensions
 62
     0
440
 16777216
100
AcDbTrace
 10
90.3251112000081
 20
410.2388233157332
 30
0.0
 11
91.01848644528965
 21
409.7765731522123
 31
0.0
 12
92.05854931321185
 22
412.0878239698174
 32
0.0
 13
92.05854931321185
 23
412.0878239698174
 33
0.0
  0
SOLID
  5
1DCE
330
6CC
100
AcDbEntity
  8
Dimensions
 62
     0
440
 16777216
100
AcDbTrace
 10
96.98151355471052
 20
420.2234268477877
 30
0.0
 11
97.67488879999206
 21
419.7611766842668
 31
0.0
 12
95.9414506867883
 22
417.9121760301826
 32
0.0
 13
95.9414506867883
 23
417.9121760301826
 33
0.0
  0
POINT
  5
1DCF
330
6CC
100
AcDbEntity
  8
Defpoints
 62
     0
440
 16777216
100
AcDbPoint
 10
95.9414506867883
 20
417.9121760301826
 30
0.0
  0
POINT
  5
1DD0
330
6CC
100
AcDbEntity
  8
Defpoints
 62
     0
440
 16777216
100
AcDbPoint
 10
92.05854931321185
 20
412.0878239698174
 30
0.0
  0
ENDBLK
  5
6CE
330
6CC
100
AcDbEntity
  8
0
100
AcDbBlockEnd
  0
BLOCK
  5
6DC
330
6DB
100
AcDbEntity
  8
0
100
AcDbBlockBegin
  2
*D60
 70
     1
 10
0.0
 20
0.0
 30
0.0
  3
*D60
  1

  0
LINE
  5
1DD1
330
6DB
100
AcDbEntity
  8
Dimensions
 62
     0
440
 16777216
370
    -2
100
AcDbLine
 10
311.7195777308018
 20
426.5793665962014
 30
0.0
 11
307.3282011773518
 21
419.992301766027
 31
0.0
  0
LINE
  5
1DD2
330
6DB
100
AcDbEntity
  8
Dimensions
 62
     0
440
 16777216
370
    -2
100
AcDbLine
 10
300.6717988226485
 20
410.0076982339731
 30
0.0
 11
299.2850483320854
 21
407.9275724981285
 31
0.0
  0
MTEXT
  5
1DD3
330
6DB
100
AcDbEntity
  8
Dimensions
 62
     0
440
 16777216
100
AcDbMText
 10
308.6571703974749
 20
425.365959916959
 30
0.0
 40
2.5
 41
0.0
 46
0.0
 71
     5
 72
     1
  1
∅7
 11
0.5547001962252649
 21
0.8320502943378198
 31
0.0
 73
     1
 44
1.0
  0
LINE
  5
1DD4
330
6DB
100
AcDbEntity
  8
Dimensions
 62
     0
440
 16777216
370
    -2
100
AcDbLine
 10
302.0585493132116
 20
412.0878239698177
 30
0.0
 11
305.9414506867886
 21
417.9121760301825
 31
0.0
  0
SOLID
  5
1DD5
330
6DB
100
AcDbEntity
  8
Dimensions
 62
     0
440
 16777216
100
AcDbTrace
 10
300.3251112000077
 20
410.2388233157336
 30
0.0
 11
301.0184864452892
 21
409.7765731522126
 31
0.0
 12
302.0585493132116
 22
412.0878239698177
 32
0.0
 13
302.0585493132116
 23
412.0878239698177
 33
0.0
  0
SOLID
  5
1DD6
330
6DB
100
AcDbEntity
  8
Dimensions
 62
     0
440
 16777216
100
AcDbTrace
 10
306.981513554711
 20
420.2234268477876
 30
0.0
 11
307.6748887999924
 21
419.7611766842666
 31
0.0
 12
305.9414506867886
 22
417.9121760301825
 32
0.0
 13
305.9414506867886
 23
417.9121760301825
 33
0.0
  0
POINT
  5
1DD7
330
6DB
100
AcDbEntity
  8
Defpoints
 62
     0
440
 16777216
100
AcDbPoint
 10
305.9414506867886
 20
417.9121760301825
 30
0.0
  0
POINT
  5
1DD8
330
6DB
100
AcDbEntity
  8
Defpoints
 62
     0
440
 16777216
100
AcDbPoint
 10
302.0585493132116
 20
412.0878239698177
 30
0.0
  0
ENDBLK
  5
6DD
330
6DB
100
AcDbEntity
  8
0
100
AcDbBlockEnd
  0
BLOCK
  5
6EB
330
6EA
100
AcDbEntity
  8
0
100
AcDbBlockBegin
  2
*D61
 70
     1
 10
0.0
 20
0.0
 30
0.0
  3
*D61
  1

  0
LINE
  5
1DD9
330
6EA
100
AcDbEntity
  8
Dimensions
 62
     0
440
 16777216
370
    -2
100
AcDbLine
 10
491.7195777308016
 20
426.5793665962013
 30
0.0
 11
487.3282011773516
 21
419.9923017660269
 31
0.0
  0
LINE
  5
1DDA
330
6EA
100
AcDbEntity
  8
Dimensions
 62
     0
440
 16777216
370
    -2
100
AcDbLine
 10
480.6717988226488
 20
410.0076982339733
 30
0.0
 11
479.2850483320856
 21
407.9275724981288
 31
0.0
  0
MTEXT
  5
1DDB
330
6EA
100
AcDbEntity
  8
Dimensions
 62
     0
440
 16777216
100
AcDbMText
 10
488.6571703974746
 20
425.3659599169587
 30
0.0
 40
2.5
 41
0.0
 46
0.0
 71
     5
 72
     1
  1
∅7
 11
0.554700196225255
 21
0.8320502943378265
 31
0.0
 73
     1
 44
1.0
  0
LINE
  5
1DDC
330
6EA
100
AcDbEntity
  8
Dimensions
 62
     0
440
 16777216
370
    -2
100
AcDbLine
 10
482.058549313212
 20
412.0878239698178
 30
0.0
 11
485.9414506867884
 21
417.9121760301823
 31
0.0
  0
SOLID
  5
1DDD
330
6EA
100
AcDbEntity
  8
Dimensions
 62
     0
440
 16777216
100
AcDbTrace
 10
480.3251112000081
 20
410.2388233157338
 30
0.0
 11
481.0184864452896
 21
409.7765731522128
 31
0.0
 12
482.058549313212
 22
412.0878239698178
 32
0.0
 13
482.058549313212
 23
412.0878239698178
 33
0.0
  0
SOLID
  5
1DDE
330
6EA
100
AcDbEntity
  8
Dimensions
 62
     0
440
 16777216
100
AcDbTrace
 10
486.9815135547108
 20
420.2234268477875
 30
0.0
 11
487.6748887999923
 21
419.7611766842664
 31
0.0
 12
485.9414506867884
 22
417.9121760301823
 32
0.0
 13
485.9414506867884
 23
417.9121760301823
 33
0.0
  0
POINT
  5
1DDF
330
6EA
100
AcDbEntity
  8
Defpoints
 62
     0
440
 16777216
100
AcDbPoint
 10
485.9414506867884
 20
417.9121760301823
 30
0.0
  0
POINT
  5
1DE0
330
6EA
100
AcDbEntity
  8
Defpoints
 62
     0
440
 16777216
100
AcDbPoint
 10
482.058549313212
 20
412.0878239698178
 30
0.0
  0
ENDBLK
  5
6EC
330
6EA
100
AcDbEntity
  8
0
100
AcDbBlockEnd
  0
BLOCK
  5
711
330
710
100
AcDbEntity
  8
0
100
AcDbBlockBegin
  2
*D62
 70
     1
 10
0.0
 20
0.0
 30
0.0
  3
*D62
  1

  0
LINE
  5
1759
330
710
100
AcDbEntity
  8
Dimensions
 62
     0
440
 16777216
370
    -2
100
AcDbLine
 10
-0.625
 20
0.0000000000001707
 30
0.0
 11
-11.24999999999996
 21
0.0000000000001737
 31
0.0
  0
LINE
  5
175A
330
710
100
AcDbEntity
  8
Dimensions
 62
     0
440
 16777216
370
    -2
100
AcDbLine
 10
248.375
 20
65.00000000000011
 30
0.0
 11
-11.24999999999993
 21
65.00000000000018
 31
0.0
  0
LINE
  5
175B
330
710
100
AcDbEntity
  8
Dimensions
 62
     0
440
 16777216
370
    -2
100
AcDbLine
 10
-9.999999999999957
 20
2.500000000000173
 30
0.0
 11
-9.999999999999943
 21
62.50000000000018
 31
0.0
  0
SOLID
  5
175C
330
710
100
AcDbEntity
  8
Dimensions
 62
     0
440
 16777216
100
AcDbTrace
 10
-10.41666666666662
 20
2.500000000000173
 30
0.0
 11
-9.583333333333291
 21
2.500000000000173
 31
0.0
 12
-9.999999999999957
 22
0.0000000000001734
 32
0.0
 13
-9.999999999999957
 23
0.0000000000001734
 33
0.0
  0
SOLID
  5
175D
330
710
100
AcDbEntity
  8
Dimensions
 62
     0
440
 16777216
100
AcDbTrace
 10
-10.41666666666661
 20
62.50000000000018
 30
0.0
 11
-9.583333333333277
 21
62.50000000000018
 31
0.0
 12
-9.999999999999943
 22
65.00000000000018
 32
0.0
 13
-9.999999999999943
 23
65.00000000000018
 33
0.0
  0
MTEXT
  5
175E
330
710
100
AcDbEntity
  8
Dimensions
 62
     0
440
 16777216
100
AcDbMText
 10
-11.87499999999995
 20
32.50000000000018
 30
0.0
 40
2.5
 41
0.0
 46
0.0
 71
     5
 72
     1
  1
65
 11
0.0000000000000001
 21
1.0
 31
0.0
 73
     1
 44
1.0
  0
POINT
  5
175F
330
710
100
AcDbEntity
  8
Defpoints
 62
     0
440
 16777216
100
AcDbPoint
 10
0.0
 20
0.0000000000001705
 30
0.0
  0
POINT
  5
1760
330
710
100
AcDbEntity
  8
Defpoints
 62
     0
440
 16777216
100
AcDbPoint
 10
249.0
 20
65.00000000000011
 30
0.0
  0
POINT
  5
1761
330
710
100
AcDbEntity
  8
Defpoints
 62
     0
440
 16777216
100
AcDbPoint
 10
-9.999999999999943
 20
65.00000000000018
 30
0.0
  0
ENDBLK
  5
712
330
710
100
AcDbEntity
  8
0
100
AcDbBlockEnd
  0
BLOCK
  5
D6A
330
D69
100
AcDbEntity
  8
0
100
AcDbBlockBegin
  2
*D63
 70
     1
 10
0.0
 20
0.0
 30
0.0
  3
*D63
  1

  0
LINE
  5
1762
330
D69
100
AcDbEntity
  8
Dimensions
 62
     0
440
 16777216
370
    -2
100
AcDbLine
 10
0.0000000000001137
 20
500.6250000000001
 30
0.0
 11
0.0000000000001156
 21
531.25
 31
0.0
  0
LINE
  5
1763
330
D69
100
AcDbEntity
  8
Dimensions
 62
     0
440
 16777216
370
    -2
100
AcDbLine
 10
12.00000000000005
 20
187.6250000000001
 30
0.0
 11
12.00000000000008
 21
531.25
 31
0.0
  0
LINE
  5
1764
330
D69
100
AcDbEntity
  8
Dimensions
 62
     0
440
 16777216
370
    -2
100
AcDbLine
 10
2.500000000000115
 20
530.0000000000001
 30
0.0
 11
9.500000000000078
 21
530.0000000000001
 31
0.0
  0
SOLID
  5
1765
330
D69
100
AcDbEntity
  8
Dimensions
 62
     0
440
 16777216
100
AcDbTrace
 10
2.500000000000115
 20
530.4166666666667
 30
0.0
 11
2.500000000000115
 21
529.5833333333335
 31
0.0
 12
0.0000000000001155
 22
530.0000000000001
 32
0.0
 13
0.0000000000001155
 23
530.0000000000001
 33
0.0
  0
SOLID
  5
1766
330
D69
100
AcDbEntity
  8
Dimensions
 62
     0
440
 16777216
100
AcDbTrace
 10
9.500000000000078
 20
530.4166666666667
 30
0.0
 11
9.500000000000078
 21
529.5833333333335
 31
0.0
 12
12.00000000000008
 22
530.0000000000001
 32
0.0
 13
12.00000000000008
 23
530.0000000000001
 33
0.0
  0
MTEXT
  5
1767
330
D69
100
AcDbEntity
  8
Dimensions
 62
     0
440
 16777216
100
AcDbMText
 10
6.000000000000096
 20
531.8750000000001
 30
0.0
 40
2.5
 41
0.0
 46
0.0
 71
     5
 72
     1
  1
12
 73
     1
 44
1.0
  0
POINT
  5
1768
330
D69
100
AcDbEntity
  8
Defpoints
 62
     0
440
 16777216
100
AcDbPoint
 10
0.0000000000001137
 20
500.0
 30
0.0
  0
POINT
  5
1769
330
D69
100
AcDbEntity
  8
Defpoints
 62
     0
440
 16777216
100
AcDbPoint
 10
12.00000000000005
 20
187.0000000000001
 30
0.0
  0
POINT
  5
176A
330
D69
100
AcDbEntity
  8
Defpoints
 62
     0
440
 16777216
100
AcDbPoint
 10
12.00000000000008
 20
530.0000000000001
 30
0.0
  0
ENDBLK
  5
D6B
330
D69
100
AcDbEntity
  8
0
100
AcDbBlockEnd
  0
BLOCK
  5
D80
330
D7F
100
AcDbEntity
  8
0
100
AcDbBlockBegin
  2
*D64
 70
     1
 10
0.0
 20
0.0
 30
0.0
  3
*D64
  1

  0
LINE
  5
176B
330
D7F
100
AcDbEntity
  8
Dimensions
 62
     0
440
 16777216
370
    -2
100
AcDbLine
 10
-0.6249999999998864
 20
500.0
 30
0.0
 11
-51.24999999999986
 21
500.0
 31
0.0
  0
LINE
  5
176C
330
D7F
100
AcDbEntity
  8
Dimensions
 62
     0
440
 16777216
370
    -2
100
AcDbLine
 10
11.37500000000011
 20
420.0000000000001
 30
0.0
 11
-51.24999999999989
 21
420.0000000000001
 31
0.0
  0
LINE
  5
176D
330
D7F
100
AcDbEntity
  8
Dimensions
 62
     0
440
 16777216
370
    -2
100
AcDbLine
 10
-49.99999999999986
 20
497.5000000000001
 30
0.0
 11
-49.99999999999989
 21
422.5000000000001
 31
0.0
  0
SOLID
  5
176E
330
D7F
100
AcDbEntity
  8
Dimensions
 62
     0
440
 16777216
100
AcDbTrace
 10
-50.41666666666653
 20
497.5000000000001
 30
0.0
 11
-49.5833333333332
 21
497.5000000000001
 31
0.0
 12
-49.99999999999986
 22
500.0
 32
0.0
 13
-49.99999999999986
 23
500.0
 33
0.0
  0
SOLID
  5
176F
330
D7F
100
AcDbEntity
  8
Dimensions
 62
     0
440
 16777216
100
AcDbTrace
 10
-50.41666666666655
 20
422.5000000000001
 30
0.0
 11
-49.58333333333322
 21
422.5000000000001
 31
0.0
 12
-49.99999999999989
 22
420.0000000000001
 32
0.0
 13
-49.99999999999989
 23
420.0000000000001
 33
0.0
  0
MTEXT
  5
1770
330
D7F
100
AcDbEntity
  8
Dimensions
 62
     0
440
 16777216
100
AcDbMText
 10
-51.87499999999995
 20
460.0000000000001
 30
0.0
 40
2.5
 41
0.0
 46
0.0
 71
     5
 72
     1
  1
80
 11
0.0000000000000001
 21
1.0
 31
0.0
 73
     1
 44
1.0
  0
POINT
  5
1771
330
D7F
100
AcDbEntity
  8
Defpoints
 62
     0
440
 16777216
100
AcDbPoint
 10
0.0000000000001137
 20
500.0
 30
0.0
  0
POINT
  5
1772
330
D7F
100
AcDbEntity
  8
Defpoints
 62
     0
440
 16777216
100
AcDbPoint
 10
12.00000000000011
 20
420.0000000000001
 30
0.0
  0
POINT
  5
1773
330
D7F
100
AcDbEntity
  8
Defpoints
 62
     0
440
 16777216
100
AcDbPoint
 10
-49.99999999999989
 20
420.0000000000001
 30
0.0
  0
ENDBLK
  5
D81
330
D7F
100
AcDbEntity
  8
0
100
AcDbBlockEnd
  0
BLOCK
  5
D97
330
D96
100
AcDbEntity
  8
0
100
AcDbBlockBegin
  2
*D65
 70
     1
 10
0.0
 20
0.0
 30
0.0
  3
*D65
  1

  0
LINE
  5
1774
330
D96
100
AcDbEntity
  8
Dimensions
 62
     0
440
 16777216
370
    -2
100
AcDbLine
 10
-0.6249999999998864
 20
420.0000000000001
 30
0.0
 11
-51.24999999999985
 21
420.0000000000001
 31
0.0
  0
LINE
  5
1775
330
D96
100
AcDbEntity
  8
Dimensions
 62
     0
440
 16777216
370
    -2
100
AcDbLine
 10
11.37500000000005
 20
287.0000000000001
 30
0.0
 11
-51.24999999999989
 21
287.0000000000001
 31
0.0
  0
LINE
  5
1776
330
D96
100
AcDbEntity
  8
Dimensions
 62
     0
440
 16777216
370
    -2
100
AcDbLine
 10
-49.99999999999985
 20
417.5000000000001
 30
0.0
 11
-49.99999999999989
 21
289.5000000000001
 31
0.0
  0
SOLID
  5
1777
330
D96
100
AcDbEntity
  8
Dimensions
 62
     0
440
 16777216
100
AcDbTrace
 10
-50.41666666666652
 20
417.5000000000001
 30
0.0
 11
-49.58333333333319
 21
417.5000000000001
 31
0.0
 12
-49.99999999999985
 22
420.0000000000001
 32
0.0
 13
-49.99999999999985
 23
420.0000000000001
 33
0.0
  0
SOLID
  5
1778
330
D96
100
AcDbEntity
  8
Dimensions
 62
     0
440
 16777216
100
AcDbTrace
 10
-50.41666666666655
 20
289.5000000000001
 30
0.0
 11
-49.58333333333322
 21
289.5000000000001
 31
0.0
 12
-49.99999999999989
 22
287.0000000000001
 32
0.0
 13
-49.99999999999989
 23
287.0000000000001
 33
0.0
  0
MTEXT
  5
1779
330
D96
100
AcDbEntity
  8
Dimensions
 62
     0
440
 16777216
100
AcDbMText
 10
-51.87499999999992
 20
353.5000000000001
 30
0.0
 40
2.5
 41
0.0
 46
0.0
 71
     5
 72
     1
  1
133
 11
0.0000000000000001
 21
1.0
 31
0.0
 73
     1
 44
1.0
  0
POINT
  5
177A
330
D96
100
AcDbEntity
  8
Defpoints
 62
     0
440
 16777216
100
AcDbPoint
 10
0.0000000000001137
 20
420.0000000000001
 30
0.0
  0
POINT
  5
177B
330
D96
100
AcDbEntity
  8
Defpoints
 62
     0
440
 16777216
100
AcDbPoint
 10
12.00000000000005
 20
287.0000000000001
 30
0.0
  0
POINT
  5
177C
330
D96
100
AcDbEntity
  8
Defpoints
 62
     0
440
 16777216
100
AcDbPoint
 10
-49.99999999999989
 20
287.0000000000001
 30
0.0
  0
ENDBLK
  5
D98
330
D96
100
AcDbEntity
  8
0
100
AcDbBlockEnd
  0
BLOCK
  5
DAD
330
DAC
100
AcDbEntity
  8
0
100
AcDbBlockBegin
  2
*D66
 70
     1
 10
0.0
 20
0.0
 30
0.0
  3
*D66
  1

  0
LINE
  5
177D
330
DAC
100
AcDbEntity
  8
Dimensions
 62
     0
440
 16777216
370
    -2
100
AcDbLine
 10
-0.6249999999999432
 20
287.0000000000001
 30
0.0
 11
-51.24999999999998
 21
287.0000000000001
 31
0.0
  0
LINE
  5
177E
330
DAC
100
AcDbEntity
  8
Dimensions
 62
     0
440
 16777216
370
    -2
100
AcDbLine
 10
11.37500000000005
 20
187.0000000000001
 30
0.0
 11
-51.25
 21
187.0000000000001
 31
0.0
  0
LINE
  5
177F
330
DAC
100
AcDbEntity
  8
Dimensions
 62
     0
440
 16777216
370
    -2
100
AcDbLine
 10
-49.99999999999998
 20
284.5000000000001
 30
0.0
 11
-50.0
 21
189.5000000000001
 31
0.0
  0
SOLID
  5
1780
330
DAC
100
AcDbEntity
  8
Dimensions
 62
     0
440
 16777216
100
AcDbTrace
 10
-50.41666666666664
 20
284.5000000000001
 30
0.0
 11
-49.58333333333332
 21
284.5000000000001
 31
0.0
 12
-49.99999999999998
 22
287.0000000000001
 32
0.0
 13
-49.99999999999998
 23
287.0000000000001
 33
0.0
  0
SOLID
  5
1781
330
DAC
100
AcDbEntity
  8
Dimensions
 62
     0
440
 16777216
100
AcDbTrace
 10
-50.41666666666666
 20
189.5000000000001
 30
0.0
 11
-49.58333333333333
 21
189.5000000000001
 31
0.0
 12
-50.0
 22
187.0000000000001
 32
0.0
 13
-50.0
 23
187.0000000000001
 33
0.0
  0
MTEXT
  5
1782
330
DAC
100
AcDbEntity
  8
Dimensions
 62
     0
440
 16777216
100
AcDbMText
 10
-51.87500000000003
 20
237.0000000000001
 30
0.0
 40
2.5
 41
0.0
 46
0.0
 71
     5
 72
     1
  1
100
 11
0.0000000000000001
 21
1.0
 31
0.0
 73
     1
 44
1.0
  0
POINT
  5
1783
330
DAC
100
AcDbEntity
  8
Defpoints
 62
     0
440
 16777216
100
AcDbPoint
 10
0.0000000000000568
 20
287.0000000000001
 30
0.0
  0
POINT
  5
1784
330
DAC
100
AcDbEntity
  8
Defpoints
 62
     0
440
 16777216
100
AcDbPoint
 10
12.00000000000005
 20
187.0000000000001
 30
0.0
  0
POINT
  5
1785
330
DAC
100
AcDbEntity
  8
Defpoints
 62
     0
440
 16777216
100
AcDbPoint
 10
-50.0
 20
187.0000000000001
 30
0.0
  0
ENDBLK
  5
DAE
330
DAC
100
AcDbEntity
  8
0
100
AcDbBlockEnd
  0
BLOCK
  5
DC6
330
DC5
100
AcDbEntity
  8
0
100
AcDbBlockBegin
  2
*D67
 70
     1
 10
0.0
 20
0.0
 30
0.0
  3
*D67
  1

  0
LINE
  5
1DE1
330
DC5
100
AcDbEntity
  8
Dimensions
 62
     0
440
 16777216
370
    -2
100
AcDbLine
 10
23.91508086571332
 20
431.9150808657139
 30
0.0
 11
14.82842712474624
 21
422.8284271247464
 31
0.0
  0
LINE
  5
1DE2
330
DC5
100
AcDbEntity
  8
Dimensions
 62
     0
440
 16777216
370
    -2
100
AcDbLine
 10
9.171572875254014
 20
417.1715728752539
 30
0.0
 11
7.403805922287688
 21
415.4038059222874
 31
0.0
  0
MTEXT
  5
1DE3
330
DC5
100
AcDbEntity
  8
Dimensions
 62
     0
440
 16777216
100
AcDbMText
 10
20.674174785275
 20
431.325825214725
 30
0.0
 40
2.5
 41
0.0
 46
0.0
 71
     5
 72
     1
  1
∅3
 11
0.7071067811865288
 21
0.7071067811865664
 31
0.0
 73
     1
 44
1.0
  0
LINE
  5
1DE4
330
DC5
100
AcDbEntity
  8
Dimensions
 62
     0
440
 16777216
370
    -2
100
AcDbLine
 10
10.93933982822031
 20
418.9393398282202
 30
0.0
 11
13.06066017177991
 21
421.06066017178
 31
0.0
  0
SOLID
  5
1DE5
330
DC5
100
AcDbEntity
  8
Dimensions
 62
     0
440
 16777216
100
AcDbTrace
 10
8.876945049759598
 20
417.4662007007482
 30
0.0
 11
9.46620070074843
 21
416.8769450497594
 31
0.0
 12
10.93933982822031
 22
418.9393398282202
 32
0.0
 13
10.93933982822031
 23
418.9393398282202
 33
0.0
  0
SOLID
  5
1DE6
330
DC5
100
AcDbEntity
  8
Dimensions
 62
     0
440
 16777216
100
AcDbTrace
 10
14.53379929925182
 20
423.1230549502408
 30
0.0
 11
15.12305495024065
 21
422.533799299252
 31
0.0
 12
13.06066017177991
 22
421.06066017178
 32
0.0
 13
13.06066017177991
 23
421.06066017178
 33
0.0
  0
POINT
  5
1DE7
330
DC5
100
AcDbEntity
  8
Defpoints
 62
     0
440
 16777216
100
AcDbPoint
 10
13.06066017177991
 20
421.06066017178
 30
0.0
  0
POINT
  5
1DE8
330
DC5
100
AcDbEntity
  8
Defpoints
 62
     0
440
 16777216
100
AcDbPoint
 10
10.93933982822031
 20
418.9393398282202
 30
0.0
  0
ENDBLK
  5
DC7
330
DC5
100
AcDbEntity
  8
0
100
AcDbBlockEnd
  0
BLOCK
  5
DD5
330
DD4
100
AcDbEntity
  8
0
100
AcDbBlockBegin
  2
*D68
 70
     1
 10
0.0
 20
0.0
 30
0.0
  3
*D68
  1

  0
LINE
  5
1DE9
330
DD4
100
AcDbEntity
  8
Dimensions
 62
     0
440
 16777216
370
    -2
100
AcDbLine
 10
23.9150808657131
 20
298.9150808657143
 30
0.0
 11
14.82842712474613
 21
289.8284271247465
 31
0.0
  0
LINE
  5
1DEA
330
DD4
100
AcDbEntity
  8
Dimensions
 62
     0
440
 16777216
370
    -2
100
AcDbLine
 10
9.171572875254099
 20
284.1715728752539
 30
0.0
 11
7.40380592228783
 21
282.4038059222875
 31
0.0
  0
MTEXT
  5
1DEB
330
DD4
100
AcDbEntity
  8
Dimensions
 62
     0
440
 16777216
100
AcDbMText
 10
20.67417478527477
 20
298.3258252147253
 30
0.0
 40
2.5
 41
0.0
 46
0.0
 71
     5
 72
     1
  1
∅3
 11
0.7071067811865146
 21
0.7071067811865805
 31
0.0
 73
     1
 44
1.0
  0
LINE
  5
1DEC
330
DD4
100
AcDbEntity
  8
Dimensions
 62
     0
440
 16777216
370
    -2
100
AcDbLine
 10
10.9393398282204
 20
285.9393398282204
 30
0.0
 11
13.06066017177983
 21
288.06066017178
 31
0.0
  0
SOLID
  5
1DED
330
DD4
100
AcDbEntity
  8
Dimensions
 62
     0
440
 16777216
100
AcDbTrace
 10
8.876945049759683
 20
284.4662007007483
 30
0.0
 11
9.466200700748487
 21
283.8769450497596
 31
0.0
 12
10.9393398282204
 22
285.9393398282204
 32
0.0
 13
10.9393398282204
 23
285.9393398282204
 33
0.0
  0
SOLID
  5
1DEE
330
DD4
100
AcDbEntity
  8
Dimensions
 62
     0
440
 16777216
100
AcDbTrace
 10
14.53379929925171
 20
290.1230549502409
 30
0.0
 11
15.12305495024051
 21
289.5337992992521
 31
0.0
 12
13.06066017177983
 22
288.06066017178
 32
0.0
 13
13.06066017177983
 23
288.06066017178
 33
0.0
  0
POINT
  5
1DEF
330
DD4
100
AcDbEntity
  8
Defpoints
 62
     0
440
 16777216
100
AcDbPoint
 10
13.06066017177983
 20
288.06066017178
 30
0.0
  0
POINT
  5
1DF0
330
DD4
100
AcDbEntity
  8
Defpoints
 62
     0
440
 16777216
100
AcDbPoint
 10
10.9393398282204
 20
285.9393398282204
 30
0.0
  0
ENDBLK
  5
DD6
330
DD4
100
AcDbEntity
  8
0
100
AcDbBlockEnd
  0
BLOCK
  5
DE4
330
DE3
100
AcDbEntity
  8
0
100
AcDbBlockBegin
  2
*D69
 70
     1
 10
0.0
 20
0.0
 30
0.0
  3
*D69
  1

  0
LINE
  5
1DF1
330
DE3
100
AcDbEntity
  8
Dimensions
 62
     0
440
 16777216
370
    -2
100
AcDbLine
 10
23.91508086571358
 20
198.9150808657139
 30
0.0
 11
14.82842712474623
 21
189.8284271247464
 31
0.0
  0
LINE
  5
1DF2
330
DE3
100
AcDbEntity
  8
Dimensions
 62
     0
440
 16777216
370
    -2
100
AcDbLine
 10
9.171572875253914
 20
184.171572875254
 30
0.0
 11
7.40380592228756
 21
182.4038059222876
 31
0.0
  0
MTEXT
  5
1DF3
330
DE3
100
AcDbEntity
  8
Dimensions
 62
     0
440
 16777216
100
AcDbMText
 10
20.67417478527523
 20
198.325825214725
 30
0.0
 40
2.5
 41
0.0
 46
0.0
 71
     5
 72
     1
  1
∅3
 11
0.7071067811865426
 21
0.7071067811865526
 31
0.0
 73
     1
 44
1.0
  0
LINE
  5
1DF4
330
DE3
100
AcDbEntity
  8
Dimensions
 62
     0
440
 16777216
370
    -2
100
AcDbLine
 10
10.93933982822027
 20
185.9393398282204
 30
0.0
 11
13.06066017177987
 21
188.06066017178
 31
0.0
  0
SOLID
  5
1DF5
330
DE3
100
AcDbEntity
  8
Dimensions
 62
     0
440
 16777216
100
AcDbTrace
 10
8.876945049759513
 20
184.4662007007484
 30
0.0
 11
9.466200700748316
 21
183.8769450497596
 31
0.0
 12
10.93933982822027
 22
185.9393398282204
 32
0.0
 13
10.93933982822027
 23
185.9393398282204
 33
0.0
  0
SOLID
  5
1DF6
330
DE3
100
AcDbEntity
  8
Dimensions
 62
     0
440
 16777216
100
AcDbTrace
 10
14.53379929925182
 20
190.1230549502408
 30
0.0
 11
15.12305495024063
 21
189.533799299252
 31
0.0
 12
13.06066017177987
 22
188.06066017178
 32
0.0
 13
13.06066017177987
 23
188.06066017178
 33
0.0
  0
POINT
  5
1DF7
330
DE3
100
AcDbEntity
  8
Defpoints
 62
     0
440
 16777216
100
AcDbPoint
 10
13.06066017177987
 20
188.06066017178
 30
0.0
  0
POINT
  5
1DF8
330
DE3
100
AcDbEntity
  8
Defpoints
 62
     0
440
 16777216
100
AcDbPoint
 10
10.93933982822027
 20
185.9393398282204
 30
0.0
  0
ENDBLK
  5
DE5
330
DE3
100
AcDbEntity
  8
0
100
AcDbBlockEnd
  0
BLOCK
  5
E0B
330
E0A
100
AcDbEntity
  8
0
100
AcDbBlockBegin
  2
*D70
 70
     1
 10
0.0
 20
0.0
 30
0.0
  3
*D70
  1

  0
LINE
  5
179E
330
E0A
100
AcDbEntity
  8
Dimensions
 62
     0
440
 16777216
370
    -2
100
AcDbLine
 10
0.0000000000001137
 20
500.6250000000001
 30
0.0
 11
0.0000000000001162
 21
541.2500000000001
 31
0.0
  0
LINE
  5
179F
330
E0A
100
AcDbEntity
  8
Dimensions
 62
     0
440
 16777216
370
    -2
100
AcDbLine
 10
72.00000000000006
 20
340.6250000000001
 30
0.0
 11
72.00000000000007
 21
541.2500000000001
 31
0.0
  0
LINE
  5
17A0
330
E0A
100
AcDbEntity
  8
Dimensions
 62
     0
440
 16777216
370
    -2
100
AcDbLine
 10
2.500000000000116
 20
540.0000000000001
 30
0.0
 11
69.50000000000007
 21
540.0000000000001
 31
0.0
  0
SOLID
  5
17A1
330
E0A
100
AcDbEntity
  8
Dimensions
 62
     0
440
 16777216
100
AcDbTrace
 10
2.500000000000116
 20
540.4166666666667
 30
0.0
 11
2.500000000000116
 21
539.5833333333334
 31
0.0
 12
0.0000000000001161
 22
540.0000000000001
 32
0.0
 13
0.0000000000001161
 23
540.0000000000001
 33
0.0
  0
SOLID
  5
17A2
330
E0A
100
AcDbEntity
  8
Dimensions
 62
     0
440
 16777216
100
AcDbTrace
 10
69.50000000000007
 20
540.4166666666667
 30
0.0
 11
69.50000000000007
 21
539.5833333333334
 31
0.0
 12
72.00000000000007
 22
540.0000000000001
 32
0.0
 13
72.00000000000007
 23
540.0000000000001
 33
0.0
  0
MTEXT
  5
17A3
330
E0A
100
AcDbEntity
  8
Dimensions
 62
     0
440
 16777216
100
AcDbMText
 10
36.00000000000009
 20
541.8750000000001
 30
0.0
 40
2.5
 41
0.0
 46
0.0
 71
     5
 72
     1
  1
72
 73
     1
 44
1.0
  0
POINT
  5
17A4
330
E0A
100
AcDbEntity
  8
Defpoints
 62
     0
440
 16777216
100
AcDbPoint
 10
0.0000000000001137
 20
500.0
 30
0.0
  0
POINT
  5
17A5
330
E0A
100
AcDbEntity
  8
Defpoints
 62
     0
440
 16777216
100
AcDbPoint
 10
72.00000000000006
 20
340.0000000000001
 30
0.0
  0
POINT
  5
17A6
330
E0A
100
AcDbEntity
  8
Defpoints
 62
     0
440
 16777216
100
AcDbPoint
 10
72.00000000000007
 20
540.0000000000001
 30
0.0
  0
ENDBLK
  5
E0C
330
E0A
100
AcDbEntity
  8
0
100
AcDbBlockEnd
  0
BLOCK
  5
E21
330
E20
100
AcDbEntity
  8
0
100
AcDbBlockBegin
  2
*D71
 70
     1
 10
0.0
 20
0.0
 30
0.0
  3
*D71
  1

  0
LINE
  5
17A7
330
E20
100
AcDbEntity
  8
Dimensions
 62
     0
440
 16777216
370
    -2
100
AcDbLine
 10
72.00000000000011
 20
500.625
 30
0.0
 11
72.00000000000011
 21
541.2500000000001
 31
0.0
  0
LINE
  5
17A8
330
E20
100
AcDbEntity
  8
Dimensions
 62
     0
440
 16777216
370
    -2
100
AcDbLine
 10
222.0000000000001
 20
340.625
 30
0.0
 11
222.0000000000001
 21
541.2500000000001
 31
0.0
  0
LINE
  5
17A9
330
E20
100
AcDbEntity
  8
Dimensions
 62
     0
440
 16777216
370
    -2
100
AcDbLine
 10
74.50000000000011
 20
540.0000000000001
 30
0.0
 11
219.5000000000001
 21
540.0000000000001
 31
0.0
  0
SOLID
  5
17AA
330
E20
100
AcDbEntity
  8
Dimensions
 62
     0
440
 16777216
100
AcDbTrace
 10
74.50000000000011
 20
540.4166666666667
 30
0.0
 11
74.50000000000011
 21
539.5833333333334
 31
0.0
 12
72.00000000000011
 22
540.0000000000001
 32
0.0
 13
72.00000000000011
 23
540.0000000000001
 33
0.0
  0
SOLID
  5
17AB
330
E20
100
AcDbEntity
  8
Dimensions
 62
     0
440
 16777216
100
AcDbTrace
 10
219.5000000000001
 20
540.4166666666667
 30
0.0
 11
219.5000000000001
 21
539.5833333333334
 31
0.0
 12
222.0000000000001
 22
540.0000000000001
 32
0.0
 13
222.0000000000001
 23
540.0000000000001
 33
0.0
  0
MTEXT
  5
17AC
330
E20
100
AcDbEntity
  8
Dimensions
 62
     0
440
 16777216
100
AcDbMText
 10
147.0000000000001
 20
541.8750000000001
 30
0.0
 40
2.5
 41
0.0
 46
0.0
 71
     5
 72
     1
  1
150
 73
     1
 44
1.0
  0
POINT
  5
17AD
330
E20
100
AcDbEntity
  8
Defpoints
 62
     0
440
 16777216
100
AcDbPoint
 10
72.00000000000011
 20
500.0
 30
0.0
  0
POINT
  5
17AE
330
E20
100
AcDbEntity
  8
Defpoints
 62
     0
440
 16777216
100
AcDbPoint
 10
222.0000000000001
 20
340.0000000000001
 30
0.0
  0
POINT
  5
17AF
330
E20
100
AcDbEntity
  8
Defpoints
 62
     0
440
 16777216
100
AcDbPoint
 10
222.0000000000001
 20
540.0000000000001
 30
0.0
  0
ENDBLK
  5
E22
330
E20
100
AcDbEntity
  8
0
100
AcDbBlockEnd
  0
BLOCK
  5
E37
330
E36
100
AcDbEntity
  8
0
100
AcDbBlockBegin
  2
*D72
 70
     1
 10
0.0
 20
0.0
 30
0.0
  3
*D72
  1

  0
LINE
  5
17B0
330
E36
100
AcDbEntity
  8
Dimensions
 62
     0
440
 16777216
370
    -2
100
AcDbLine
 10
222.0000000000001
 20
500.625
 30
0.0
 11
222.0000000000001
 21
541.25
 31
0.0
  0
LINE
  5
17B1
330
E36
100
AcDbEntity
  8
Dimensions
 62
     0
440
 16777216
370
    -2
100
AcDbLine
 10
322.0000000000001
 20
340.625
 30
0.0
 11
322.0000000000001
 21
541.25
 31
0.0
  0
LINE
  5
17B2
330
E36
100
AcDbEntity
  8
Dimensions
 62
     0
440
 16777216
370
    -2
100
AcDbLine
 10
224.5000000000001
 20
540.0
 30
0.0
 11
319.5000000000001
 21
540.0
 31
0.0
  0
SOLID
  5
17B3
330
E36
100
AcDbEntity
  8
Dimensions
 62
     0
440
 16777216
100
AcDbTrace
 10
224.5000000000001
 20
540.4166666666666
 30
0.0
 11
224.5000000000001
 21
539.5833333333333
 31
0.0
 12
222.0000000000001
 22
540.0
 32
0.0
 13
222.0000000000001
 23
540.0
 33
0.0
  0
SOLID
  5
17B4
330
E36
100
AcDbEntity
  8
Dimensions
 62
     0
440
 16777216
100
AcDbTrace
 10
319.5000000000001
 20
540.4166666666666
 30
0.0
 11
319.5000000000001
 21
539.5833333333333
 31
0.0
 12
322.0000000000001
 22
540.0
 32
0.0
 13
322.0000000000001
 23
540.0
 33
0.0
  0
MTEXT
  5
17B5
330
E36
100
AcDbEntity
  8
Dimensions
 62
     0
440
 16777216
100
AcDbMText
 10
272.0000000000001
 20
541.875
 30
0.0
 40
2.5
 41
0.0
 46
0.0
 71
     5
 72
     1
  1
100
 73
     1
 44
1.0
  0
POINT
  5
17B6
330
E36
100
AcDbEntity
  8
Defpoints
 62
     0
440
 16777216
100
AcDbPoint
 10
222.0000000000001
 20
500.0
 30
0.0
  0
POINT
  5
17B7
330
E36
100
AcDbEntity
  8
Defpoints
 62
     0
440
 16777216
100
AcDbPoint
 10
322.0000000000001
 20
340.0
 30
0.0
  0
POINT
  5
17B8
330
E36
100
AcDbEntity
  8
Defpoints
 62
     0
440
 16777216
100
AcDbPoint
 10
322.0000000000001
 20
540.0
 30
0.0
  0
ENDBLK
  5
E38
330
E36
100
AcDbEntity
  8
0
100
AcDbBlockEnd
  0
BLOCK
  5
E59
330
E58
100
AcDbEntity
  8
0
100
AcDbBlockBegin
  2
*D73
 70
     1
 10
0.0
 20
0.0
 30
0.0
  3
*D73
  1

  0
LINE
  5
1DF9
330
E58
100
AcDbEntity
  8
Dimensions
 62
     0
440
 16777216
370
    -2
100
AcDbLine
 10
83.91508086571333
 20
351.915080865714
 30
0.0
 11
74.82842712474618
 21
342.8284271247464
 31
0.0
  0
LINE
  5
1DFA
330
E58
100
AcDbEntity
  8
Dimensions
 62
     0
440
 16777216
370
    -2
100
AcDbLine
 10
69.17157287525398
 20
337.1715728752539
 30
0.0
 11
67.40380592228766
 21
335.4038059222875
 31
0.0
  0
MTEXT
  5
1DFB
330
E58
100
AcDbEntity
  8
Dimensions
 62
     0
440
 16777216
100
AcDbMText
 10
80.67417478527497
 20
351.3258252147251
 30
0.0
 40
2.5
 41
0.0
 46
0.0
 71
     5
 72
     1
  1
∅3
 11
0.7071067811865288
 21
0.7071067811865664
 31
0.0
 73
     1
 44
1.0
  0
LINE
  5
1DFC
330
E58
100
AcDbEntity
  8
Dimensions
 62
     0
440
 16777216
370
    -2
100
AcDbLine
 10
70.93933982822031
 20
338.9393398282203
 30
0.0
 11
73.06066017177986
 21
341.06066017178
 31
0.0
  0
SOLID
  5
1DFD
330
E58
100
AcDbEntity
  8
Dimensions
 62
     0
440
 16777216
100
AcDbTrace
 10
68.87694504975957
 20
337.4662007007483
 30
0.0
 11
69.46620070074837
 21
336.8769450497595
 31
0.0
 12
70.93933982822031
 22
338.9393398282203
 32
0.0
 13
70.93933982822031
 23
338.9393398282203
 33
0.0
  0
SOLID
  5
1DFE
330
E58
100
AcDbEntity
  8
Dimensions
 62
     0
440
 16777216
100
AcDbTrace
 10
74.53379929925176
 20
343.1230549502408
 30
0.0
 11
75.12305495024057
 21
342.533799299252
 31
0.0
 12
73.06066017177986
 22
341.06066017178
 32
0.0
 13
73.06066017177986
 23
341.06066017178
 33
0.0
  0
POINT
  5
1DFF
330
E58
100
AcDbEntity
  8
Defpoints
 62
     0
440
 16777216
100
AcDbPoint
 10
73.06066017177986
 20
341.06066017178
 30
0.0
  0
POINT
  5
1E00
330
E58
100
AcDbEntity
  8
Defpoints
 62
     0
440
 16777216
100
AcDbPoint
 10
70.93933982822031
 20
338.9393398282203
 30
0.0
  0
ENDBLK
  5
E5A
330
E58
100
AcDbEntity
  8
0
100
AcDbBlockEnd
  0
BLOCK
  5
E68
330
E67
100
AcDbEntity
  8
0
100
AcDbBlockBegin
  2
*D74
 70
     1
 10
0.0
 20
0.0
 30
0.0
  3
*D74
  1

  0
LINE
  5
1983
330
E67
100
AcDbEntity
  8
Dimensions
 62
     0
440
 16777216
370
    -2
100
AcDbLine
 10
233.9150808657137
 20
351.9150808657138
 30
0.0
 11
224.8284271247463
 21
342.8284271247463
 31
0.0
  0
LINE
  5
1984
330
E67
100
AcDbEntity
  8
Dimensions
 62
     0
440
 16777216
370
    -2
100
AcDbLine
 10
219.1715728752539
 20
337.171572875254
 30
0.0
 11
217.4038059222876
 21
335.4038059222876
 31
0.0
  0
MTEXT
  5
1985
330
E67
100
AcDbEntity
  8
Dimensions
 62
     0
440
 16777216
100
AcDbMText
 10
230.6741747852754
 20
351.3258252147249
 30
0.0
 40
2.5
 41
0.0
 46
0.0
 71
     5
 72
     1
  1
∅3
 11
0.7071067811865476
 21
0.7071067811865475
 31
0.0
 73
     1
 44
1.0
  0
LINE
  5
1986
330
E67
100
AcDbEntity
  8
Dimensions
 62
     0
440
 16777216
370
    -2
100
AcDbLine
 10
220.9393398282204
 20
338.9393398282204
 30
0.0
 11
223.0606601717799
 21
341.06066017178
 31
0.0
  0
SOLID
  5
1987
330
E67
100
AcDbEntity
  8
Dimensions
 62
     0
440
 16777216
100
AcDbTrace
 10
218.8769450497596
 20
337.4662007007484
 30
0.0
 11
219.4662007007484
 21
336.8769450497596
 31
0.0
 12
220.9393398282204
 22
338.9393398282204
 32
0.0
 13
220.9393398282204
 23
338.9393398282204
 33
0.0
  0
SOLID
  5
1988
330
E67
100
AcDbEntity
  8
Dimensions
 62
     0
440
 16777216
100
AcDbTrace
 10
224.5337992992519
 20
343.1230549502407
 30
0.0
 11
225.1230549502407
 21
342.533799299252
 31
0.0
 12
223.0606601717799
 22
341.06066017178
 32
0.0
 13
223.0606601717799
 23
341.06066017178
 33
0.0
  0
POINT
  5
1989
330
E67
100
AcDbEntity
  8
Defpoints
 62
     0
440
 16777216
100
AcDbPoint
 10
223.0606601717799
 20
341.06066017178
 30
0.0
  0
POINT
  5
198A
330
E67
100
AcDbEntity
  8
Defpoints
 62
     0
440
 16777216
100
AcDbPoint
 10
220.9393398282204
 20
338.9393398282204
 30
0.0
  0
ENDBLK
  5
E69
330
E67
100
AcDbEntity
  8
0
100
AcDbBlockEnd
  0
BLOCK
  5
E77
330
E76
100
AcDbEntity
  8
0
100
AcDbBlockBegin
  2
*D75
 70
     1
 10
0.0
 20
0.0
 30
0.0
  3
*D75
  1

  0
LINE
  5
198B
330
E76
100
AcDbEntity
  8
Dimensions
 62
     0
440
 16777216
370
    -2
100
AcDbLine
 10
333.9150808657141
 20
351.9150808657132
 30
0.0
 11
324.8284271247464
 21
342.8284271247462
 31
0.0
  0
LINE
  5
198C
330
E76
100
AcDbEntity
  8
Dimensions
 62
     0
440
 16777216
370
    -2
100
AcDbLine
 10
319.1715728752539
 20
337.1715728752541
 30
0.0
 11
317.4038059222874
 21
335.4038059222877
 31
0.0
  0
MTEXT
  5
198D
330
E76
100
AcDbEntity
  8
Dimensions
 62
     0
440
 16777216
100
AcDbMText
 10
330.6741747852757
 20
351.3258252147245
 30
0.0
 40
2.5
 41
0.0
 46
0.0
 71
     5
 72
     1
  1
∅3
 11
0.7071067811865758
 21
0.7071067811865193
 31
0.0
 73
     1
 44
1.0
  0
LINE
  5
198E
330
E76
100
AcDbEntity
  8
Dimensions
 62
     0
440
 16777216
370
    -2
100
AcDbLine
 10
320.9393398282203
 20
338.9393398282203
 30
0.0
 11
323.06066017178
 21
341.0606601717799
 31
0.0
  0
SOLID
  5
198F
330
E76
100
AcDbEntity
  8
Dimensions
 62
     0
440
 16777216
100
AcDbTrace
 10
318.8769450497595
 20
337.4662007007485
 30
0.0
 11
319.4662007007482
 21
336.8769450497597
 31
0.0
 12
320.9393398282203
 22
338.9393398282203
 32
0.0
 13
320.9393398282203
 23
338.9393398282203
 33
0.0
  0
SOLID
  5
1990
330
E76
100
AcDbEntity
  8
Dimensions
 62
     0
440
 16777216
100
AcDbTrace
 10
324.5337992992521
 20
343.1230549502406
 30
0.0
 11
325.1230549502408
 21
342.5337992992518
 31
0.0
 12
323.06066017178
 22
341.0606601717799
 32
0.0
 13
323.06066017178
 23
341.0606601717799
 33
0.0
  0
POINT
  5
1991
330
E76
100
AcDbEntity
  8
Defpoints
 62
     0
440
 16777216
100
AcDbPoint
 10
323.06066017178
 20
341.0606601717799
 30
0.0
  0
POINT
  5
1992
330
E76
100
AcDbEntity
  8
Defpoints
 62
     0
440
 16777216
100
AcDbPoint
 10
320.9393398282203
 20
338.9393398282203
 30
0.0
  0
ENDBLK
  5
E78
330
E76
100
AcDbEntity
  8
0
100
AcDbBlockEnd
  0
BLOCK
  5
E85
330
E84
100
AcDbEntity
  8
0
100
AcDbBlockBegin
  2
*D76
 70
     1
 10
0.0
 20
0.0
 30
0.0
  3
*D76
  1

  0
LINE
  5
17D1
330
E84
100
AcDbEntity
  8
Dimensions
 62
     0
440
 16777216
370
    -2
100
AcDbLine
 10
60.00000000000011
 20
500.625
 30
0.0
 11
60.00000000000011
 21
531.25
 31
0.0
  0
LINE
  5
17D2
330
E84
100
AcDbEntity
  8
Dimensions
 62
     0
440
 16777216
370
    -2
100
AcDbLine
 10
85.00000000000005
 20
272.6250000000001
 30
0.0
 11
85.00000000000007
 21
531.25
 31
0.0
  0
LINE
  5
17D3
330
E84
100
AcDbEntity
  8
Dimensions
 62
     0
440
 16777216
370
    -2
100
AcDbLine
 10
62.50000000000011
 20
530.0000000000001
 30
0.0
 11
82.50000000000007
 21
530.0000000000001
 31
0.0
  0
SOLID
  5
17D4
330
E84
100
AcDbEntity
  8
Dimensions
 62
     0
440
 16777216
100
AcDbTrace
 10
62.50000000000011
 20
530.4166666666667
 30
0.0
 11
62.50000000000011
 21
529.5833333333335
 31
0.0
 12
60.00000000000011
 22
530.0000000000001
 32
0.0
 13
60.00000000000011
 23
530.0000000000001
 33
0.0
  0
SOLID
  5
17D5
330
E84
100
AcDbEntity
  8
Dimensions
 62
     0
440
 16777216
100
AcDbTrace
 10
82.50000000000007
 20
530.4166666666667
 30
0.0
 11
82.50000000000007
 21
529.5833333333335
 31
0.0
 12
85.00000000000007
 22
530.0000000000001
 32
0.0
 13
85.00000000000007
 23
530.0000000000001
 33
0.0
  0
MTEXT
  5
17D6
330
E84
100
AcDbEntity
  8
Dimensions
 62
     0
440
 16777216
100
AcDbMText
 10
72.50000000000008
 20
531.8750000000001
 30
0.0
 40
2.5
 41
0.0
 46
0.0
 71
     5
 72
     1
  1
25
 73
     1
 44
1.0
  0
POINT
  5
17D7
330
E84
100
AcDbEntity
  8
Defpoints
 62
     0
440
 16777216
100
AcDbPoint
 10
60.00000000000011
 20
500.0
 30
0.0
  0
POINT
  5
17D8
330
E84
100
AcDbEntity
  8
Defpoints
 62
     0
440
 16777216
100
AcDbPoint
 10
85.00000000000005
 20
272.0000000000001
 30
0.0
  0
POINT
  5
17D9
330
E84
100
AcDbEntity
  8
Defpoints
 62
     0
440
 16777216
100
AcDbPoint
 10
85.00000000000007
 20
530.0000000000001
 30
0.0
  0
ENDBLK
  5
E86
330
E84
100
AcDbEntity
  8
0
100
AcDbBlockEnd
  0
BLOCK
  5
E9B
330
E9A
100
AcDbEntity
  8
0
100
AcDbBlockBegin
  2
*D77
 70
     1
 10
0.0
 20
0.0
 30
0.0
  3
*D77
  1

  0
LINE
  5
17DA
330
E9A
100
AcDbEntity
  8
Dimensions
 62
     0
440
 16777216
370
    -2
100
AcDbLine
 10
-0.6249999999999432
 20
340.0000000000001
 30
0.0
 11
-21.24999999999987
 21
340.0000000000001
 31
0.0
  0
LINE
  5
17DB
330
E9A
100
AcDbEntity
  8
Dimensions
 62
     0
440
 16777216
370
    -2
100
AcDbLine
 10
334.3750000000001
 20
273.0
 30
0.0
 11
-21.24999999999988
 21
273.0
 31
0.0
  0
LINE
  5
17DC
330
E9A
100
AcDbEntity
  8
Dimensions
 62
     0
440
 16777216
370
    -2
100
AcDbLine
 10
-19.99999999999987
 20
337.5000000000001
 30
0.0
 11
-19.99999999999988
 21
275.5000000000001
 31
0.0
  0
SOLID
  5
17DD
330
E9A
100
AcDbEntity
  8
Dimensions
 62
     0
440
 16777216
100
AcDbTrace
 10
-20.41666666666654
 20
337.5000000000001
 30
0.0
 11
-19.5833333333332
 21
337.5000000000001
 31
0.0
 12
-19.99999999999987
 22
340.0000000000001
 32
0.0
 13
-19.99999999999987
 23
340.0000000000001
 33
0.0
  0
SOLID
  5
17DE
330
E9A
100
AcDbEntity
  8
Dimensions
 62
     0
440
 16777216
100
AcDbTrace
 10
-20.41666666666655
 20
275.5000000000001
 30
0.0
 11
-19.58333333333322
 21
275.5000000000001
 31
0.0
 12
-19.99999999999988
 22
273.0
 32
0.0
 13
-19.99999999999988
 23
273.0
 33
0.0
  0
MTEXT
  5
17DF
330
E9A
100
AcDbEntity
  8
Dimensions
 62
     0
440
 16777216
100
AcDbMText
 10
-21.87499999999993
 20
306.5000000000001
 30
0.0
 40
2.5
 41
0.0
 46
0.0
 71
     5
 72
     1
  1
67
 11
0.0000000000000001
 21
1.0
 31
0.0
 73
     1
 44
1.0
  0
POINT
  5
17E0
330
E9A
100
AcDbEntity
  8
Defpoints
 62
     0
440
 16777216
100
AcDbPoint
 10
0.0000000000000568
 20
340.0000000000001
 30
0.0
  0
POINT
  5
17E1
330
E9A
100
AcDbEntity
  8
Defpoints
 62
     0
440
 16777216
100
AcDbPoint
 10
335.0000000000001
 20
273.0
 30
0.0
  0
POINT
  5
17E2
330
E9A
100
AcDbEntity
  8
Defpoints
 62
     0
440
 16777216
100
AcDbPoint
 10
-19.99999999999988
 20
273.0
 30
0.0
  0
ENDBLK
  5
E9C
330
E9A
100
AcDbEntity
  8
0
100
AcDbBlockEnd
  0
BLOCK
  5
EB1
330
EB0
100
AcDbEntity
  8
0
100
AcDbBlockBegin
  2
*D78
 70
     1
 10
0.0
 20
0.0
 30
0.0
  3
*D78
  1

  0
LINE
  5
17E3
330
EB0
100
AcDbEntity
  8
Dimensions
 62
     0
440
 16777216
370
    -2
100
AcDbLine
 10
85.00000000000012
 20
500.625
 30
0.0
 11
85.00000000000012
 21
531.25
 31
0.0
  0
LINE
  5
17E4
330
EB0
100
AcDbEntity
  8
Dimensions
 62
     0
440
 16777216
370
    -2
100
AcDbLine
 10
185.0
 20
272.6250000000001
 30
0.0
 11
185.0000000000001
 21
531.25
 31
0.0
  0
LINE
  5
17E5
330
EB0
100
AcDbEntity
  8
Dimensions
 62
     0
440
 16777216
370
    -2
100
AcDbLine
 10
87.50000000000012
 20
530.0000000000001
 30
0.0
 11
182.5000000000001
 21
530.0000000000001
 31
0.0
  0
SOLID
  5
17E6
330
EB0
100
AcDbEntity
  8
Dimensions
 62
     0
440
 16777216
100
AcDbTrace
 10
87.50000000000012
 20
530.4166666666667
 30
0.0
 11
87.50000000000012
 21
529.5833333333335
 31
0.0
 12
85.00000000000012
 22
530.0000000000001
 32
0.0
 13
85.00000000000012
 23
530.0000000000001
 33
0.0
  0
SOLID
  5
17E7
330
EB0
100
AcDbEntity
  8
Dimensions
 62
     0
440
 16777216
100
AcDbTrace
 10
182.5000000000001
 20
530.4166666666667
 30
0.0
 11
182.5000000000001
 21
529.5833333333335
 31
0.0
 12
185.0000000000001
 22
530.0000000000001
 32
0.0
 13
185.0000000000001
 23
530.0000000000001
 33
0.0
  0
MTEXT
  5
17E8
330
EB0
100
AcDbEntity
  8
Dimensions
 62
     0
440
 16777216
100
AcDbMText
 10
135.0000000000001
 20
531.8750000000001
 30
0.0
 40
2.5
 41
0.0
 46
0.0
 71
     5
 72
     1
  1
100
 73
     1
 44
1.0
  0
POINT
  5
17E9
330
EB0
100
AcDbEntity
  8
Defpoints
 62
     0
440
 16777216
100
AcDbPoint
 10
85.00000000000012
 20
500.0
 30
0.0
  0
POINT
  5
17EA
330
EB0
100
AcDbEntity
  8
Defpoints
 62
     0
440
 16777216
100
AcDbPoint
 10
185.0
 20
272.0000000000001
 30
0.0
  0
POINT
  5
17EB
330
EB0
100
AcDbEntity
  8
Defpoints
 62
     0
440
 16777216
100
AcDbPoint
 10
185.0000000000001
 20
530.0000000000001
 30
0.0
  0
ENDBLK
  5
EB2
330
EB0
100
AcDbEntity
  8
0
100
AcDbBlockEnd
  0
BLOCK
  5
EC7
330
EC6
100
AcDbEntity
  8
0
100
AcDbBlockBegin
  2
*D79
 70
     1
 10
0.0
 20
0.0
 30
0.0
  3
*D79
  1

  0
LINE
  5
17EC
330
EC6
100
AcDbEntity
  8
Dimensions
 62
     0
440
 16777216
370
    -2
100
AcDbLine
 10
185.0000000000001
 20
500.625
 30
0.0
 11
185.0000000000001
 21
531.25
 31
0.0
  0
LINE
  5
17ED
330
EC6
100
AcDbEntity
  8
Dimensions
 62
     0
440
 16777216
370
    -2
100
AcDbLine
 10
335.0000000000001
 20
272.625
 30
0.0
 11
335.0000000000001
 21
531.25
 31
0.0
  0
LINE
  5
17EE
330
EC6
100
AcDbEntity
  8
Dimensions
 62
     0
440
 16777216
370
    -2
100
AcDbLine
 10
187.5000000000001
 20
530.0000000000001
 30
0.0
 11
332.5000000000001
 21
530.0000000000001
 31
0.0
  0
SOLID
  5
17EF
330
EC6
100
AcDbEntity
  8
Dimensions
 62
     0
440
 16777216
100
AcDbTrace
 10
187.5000000000001
 20
530.4166666666667
 30
0.0
 11
187.5000000000001
 21
529.5833333333335
 31
0.0
 12
185.0000000000001
 22
530.0000000000001
 32
0.0
 13
185.0000000000001
 23
530.0000000000001
 33
0.0
  0
SOLID
  5
17F0
330
EC6
100
AcDbEntity
  8
Dimensions
 62
     0
440
 16777216
100
AcDbTrace
 10
332.5000000000001
 20
530.4166666666667
 30
0.0
 11
332.5000000000001
 21
529.5833333333335
 31
0.0
 12
335.0000000000001
 22
530.0000000000001
 32
0.0
 13
335.0000000000001
 23
530.0000000000001
 33
0.0
  0
MTEXT
  5
17F1
330
EC6
100
AcDbEntity
  8
Dimensions
 62
     0
440
 16777216
100
AcDbMText
 10
260.0000000000001
 20
531.8750000000001
 30
0.0
 40
2.5
 41
0.0
 46
0.0
 71
     5
 72
     1
  1
150
 73
     1
 44
1.0
  0
POINT
  5
17F2
330
EC6
100
AcDbEntity
  8
Defpoints
 62
     0
440
 16777216
100
AcDbPoint
 10
185.0000000000001
 20
500.0
 30
0.0
  0
POINT
  5
17F3
330
EC6
100
AcDbEntity
  8
Defpoints
 62
     0
440
 16777216
100
AcDbPoint
 10
335.0000000000001
 20
272.0
 30
0.0
  0
POINT
  5
17F4
330
EC6
100
AcDbEntity
  8
Defpoints
 62
     0
440
 16777216
100
AcDbPoint
 10
335.0000000000001
 20
530.0000000000001
 30
0.0
  0
ENDBLK
  5
EC8
330
EC6
100
AcDbEntity
  8
0
100
AcDbBlockEnd
  0
BLOCK
  5
EE6
330
EE5
100
AcDbEntity
  8
0
100
AcDbBlockBegin
  2
*D80
 70
     1
 10
0.0
 20
0.0
 30
0.0
  3
*D80
  1

  0
LINE
  5
21AC
330
EE5
100
AcDbEntity
  8
Dimensions
 62
     0
440
 16777216
370
    -2
100
AcDbLine
 10
327.6250000000001
 20
340.0000000000001
 30
0.0
 11
348.2500000000002
 21
340.0000000000001
 31
0.0
  0
LINE
  5
21AD
330
EE5
100
AcDbEntity
  8
Dimensions
 62
     0
440
 16777216
370
    -2
100
AcDbLine
 10
333.6250000000002
 20
306.0000000000001
 30
0.0
 11
348.2500000000002
 21
306.0000000000001
 31
0.0
  0
LINE
  5
21AE
330
EE5
100
AcDbEntity
  8
Dimensions
 62
     0
440
 16777216
370
    -2
100
AcDbLine
 10
347.0000000000002
 20
337.5000000000001
 30
0.0
 11
347.0000000000002
 21
308.5000000000001
 31
0.0
  0
SOLID
  5
21AF
330
EE5
100
AcDbEntity
  8
Dimensions
 62
     0
440
 16777216
100
AcDbTrace
 10
346.5833333333335
 20
337.5000000000001
 30
0.0
 11
347.4166666666669
 21
337.5000000000001
 31
0.0
 12
347.0000000000002
 22
340.0000000000001
 32
0.0
 13
347.0000000000002
 23
340.0000000000001
 33
0.0
  0
SOLID
  5
21B0
330
EE5
100
AcDbEntity
  8
Dimensions
 62
     0
440
 16777216
100
AcDbTrace
 10
346.5833333333335
 20
308.5000000000001
 30
0.0
 11
347.4166666666669
 21
308.5000000000001
 31
0.0
 12
347.0000000000002
 22
306.0000000000001
 32
0.0
 13
347.0000000000002
 23
306.0000000000001
 33
0.0
  0
MTEXT
  5
21B1
330
EE5
100
AcDbEntity
  8
Dimensions
 62
     0
440
 16777216
100
AcDbMText
 10
345.1250000000002
 20
323.0
 30
0.0
 40
2.5
 41
0.0
 46
0.0
 71
     5
 72
     1
  1
34
 11
0.0000000000000001
 21
1.0
 31
0.0
 73
     1
 44
1.0
  0
POINT
  5
21B2
330
EE5
100
AcDbEntity
  8
Defpoints
 62
     0
440
 16777216
100
AcDbPoint
 10
327.0000000000001
 20
340.0000000000001
 30
0.0
  0
POINT
  5
21B3
330
EE5
100
AcDbEntity
  8
Defpoints
 62
     0
440
 16777216
100
AcDbPoint
 10
333.0000000000002
 20
306.0000000000001
 30
0.0
  0
POINT
  5
21B4
330
EE5
100
AcDbEntity
  8
Defpoints
 62
     0
440
 16777216
100
AcDbPoint
 10
347.0000000000002
 20
306.0000000000001
 30
0.0
  0
ENDBLK
  5
EE7
330
EE5
100
AcDbEntity
  8
0
100
AcDbBlockEnd
  0
BLOCK
  5
EFD
330
EFC
100
AcDbEntity
  8
0
100
AcDbBlockBegin
  2
*D81
 70
     1
 10
0.0
 20
0.0
 30
0.0
  3
*D81
  1

  0
LINE
  5
21A3
330
EFC
100
AcDbEntity
  8
Dimensions
 62
     0
440
 16777216
370
    -2
100
AcDbLine
 10
333.6250000000002
 20
306.0000000000001
 30
0.0
 11
348.2500000000002
 21
306.0000000000001
 31
0.0
  0
LINE
  5
21A4
330
EFC
100
AcDbEntity
  8
Dimensions
 62
     0
440
 16777216
370
    -2
100
AcDbLine
 10
333.6250000000002
 20
272.0000000000001
 30
0.0
 11
348.2500000000002
 21
272.0000000000001
 31
0.0
  0
LINE
  5
21A5
330
EFC
100
AcDbEntity
  8
Dimensions
 62
     0
440
 16777216
370
    -2
100
AcDbLine
 10
347.0000000000002
 20
303.5000000000001
 30
0.0
 11
347.0000000000002
 21
274.5000000000001
 31
0.0
  0
SOLID
  5
21A6
330
EFC
100
AcDbEntity
  8
Dimensions
 62
     0
440
 16777216
100
AcDbTrace
 10
346.5833333333335
 20
303.5000000000001
 30
0.0
 11
347.4166666666669
 21
303.5000000000001
 31
0.0
 12
347.0000000000002
 22
306.0000000000001
 32
0.0
 13
347.0000000000002
 23
306.0000000000001
 33
0.0
  0
SOLID
  5
21A7
330
EFC
100
AcDbEntity
  8
Dimensions
 62
     0
440
 16777216
100
AcDbTrace
 10
346.5833333333335
 20
274.5000000000001
 30
0.0
 11
347.4166666666669
 21
274.5000000000001
 31
0.0
 12
347.0000000000002
 22
272.0000000000001
 32
0.0
 13
347.0000000000002
 23
272.0000000000001
 33
0.0
  0
MTEXT
  5
21A8
330
EFC
100
AcDbEntity
  8
Dimensions
 62
     0
440
 16777216
100
AcDbMText
 10
345.1250000000002
 20
289.0
 30
0.0
 40
2.5
 41
0.0
 46
0.0
 71
     5
 72
     1
  1
34
 11
0.0000000000000001
 21
1.0
 31
0.0
 73
     1
 44
1.0
  0
POINT
  5
21A9
330
EFC
100
AcDbEntity
  8
Defpoints
 62
     0
440
 16777216
100
AcDbPoint
 10
333.0000000000002
 20
306.0000000000001
 30
0.0
  0
POINT
  5
21AA
330
EFC
100
AcDbEntity
  8
Defpoints
 62
     0
440
 16777216
100
AcDbPoint
 10
333.0000000000002
 20
272.0000000000001
 30
0.0
  0
POINT
  5
21AB
330
EFC
100
AcDbEntity
  8
Defpoints
 62
     0
440
 16777216
100
AcDbPoint
 10
347.0000000000002
 20
272.0000000000001
 30
0.0
  0
ENDBLK
  5
EFE
330
EFC
100
AcDbEntity
  8
0
100
AcDbBlockEnd
  0
BLOCK
  5
F16
330
F15
100
AcDbEntity
  8
0
100
AcDbBlockBegin
  2
*D82
 70
     1
 10
0.0
 20
0.0
 30
0.0
  3
*D82
  1

  0
LINE
  5
1E01
330
F15
100
AcDbEntity
  8
Dimensions
 62
     0
440
 16777216
370
    -2
100
AcDbLine
 10
96.9150808657138
 20
283.9150808657137
 30
0.0
 11
87.82842712474629
 21
274.8284271247463
 31
0.0
  0
LINE
  5
1E02
330
F15
100
AcDbEntity
  8
Dimensions
 62
     0
440
 16777216
370
    -2
100
AcDbLine
 10
82.17157287525392
 20
269.171572875254
 30
0.0
 11
80.40380592228753
 21
267.4038059222877
 31
0.0
  0
MTEXT
  5
1E03
330
F15
100
AcDbEntity
  8
Dimensions
 62
     0
440
 16777216
100
AcDbMText
 10
93.67417478527544
 20
283.3258252147249
 30
0.0
 40
2.5
 41
0.0
 46
0.0
 71
     5
 72
     1
  1
∅3
 11
0.7071067811865526
 21
0.7071067811865425
 31
0.0
 73
     1
 44
1.0
  0
LINE
  5
1E04
330
F15
100
AcDbEntity
  8
Dimensions
 62
     0
440
 16777216
370
    -2
100
AcDbLine
 10
83.9393398282203
 20
270.9393398282204
 30
0.0
 11
86.06066017177987
 21
273.0606601717799
 31
0.0
  0
SOLID
  5
1E05
330
F15
100
AcDbEntity
  8
Dimensions
 62
     0
440
 16777216
100
AcDbTrace
 10
81.87694504975953
 20
269.4662007007484
 30
0.0
 11
82.46620070074831
 21
268.8769450497596
 31
0.0
 12
83.9393398282203
 22
270.9393398282204
 32
0.0
 13
83.9393398282203
 23
270.9393398282204
 33
0.0
  0
SOLID
  5
1E06
330
F15
100
AcDbEntity
  8
Dimensions
 62
     0
440
 16777216
100
AcDbTrace
 10
87.53379929925189
 20
275.1230549502407
 30
0.0
 11
88.12305495024068
 21
274.5337992992519
 31
0.0
 12
86.06066017177987
 22
273.0606601717799
 32
0.0
 13
86.06066017177987
 23
273.0606601717799
 33
0.0
  0
POINT
  5
1E07
330
F15
100
AcDbEntity
  8
Defpoints
 62
     0
440
 16777216
100
AcDbPoint
 10
86.06066017177987
 20
273.0606601717799
 30
0.0
  0
POINT
  5
1E08
330
F15
100
AcDbEntity
  8
Defpoints
 62
     0
440
 16777216
100
AcDbPoint
 10
83.9393398282203
 20
270.9393398282204
 30
0.0
  0
ENDBLK
  5
F17
330
F15
100
AcDbEntity
  8
0
100
AcDbBlockEnd
  0
BLOCK
  5
F25
330
F24
100
AcDbEntity
  8
0
100
AcDbBlockBegin
  2
*D83
 70
     1
 10
0.0
 20
0.0
 30
0.0
  3
*D83
  1

  0
LINE
  5
199B
330
F24
100
AcDbEntity
  8
Dimensions
 62
     0
440
 16777216
370
    -2
100
AcDbLine
 10
196.9150808657136
 20
283.9150808657137
 30
0.0
 11
187.8284271247462
 21
274.8284271247463
 31
0.0
  0
LINE
  5
199C
330
F24
100
AcDbEntity
  8
Dimensions
 62
     0
440
 16777216
370
    -2
100
AcDbLine
 10
182.1715728752538
 20
269.1715728752539
 30
0.0
 11
180.4038059222874
 21
267.4038059222876
 31
0.0
  0
MTEXT
  5
199D
330
F24
100
AcDbEntity
  8
Dimensions
 62
     0
440
 16777216
100
AcDbMText
 10
193.6741747852753
 20
283.3258252147248
 30
0.0
 40
2.5
 41
0.0
 46
0.0
 71
     5
 72
     1
  1
∅3
 11
0.7071067811865476
 21
0.7071067811865475
 31
0.0
 73
     1
 44
1.0
  0
LINE
  5
199E
330
F24
100
AcDbEntity
  8
Dimensions
 62
     0
440
 16777216
370
    -2
100
AcDbLine
 10
183.9393398282202
 20
270.9393398282203
 30
0.0
 11
186.0606601717799
 21
273.0606601717799
 31
0.0
  0
SOLID
  5
199F
330
F24
100
AcDbEntity
  8
Dimensions
 62
     0
440
 16777216
100
AcDbTrace
 10
181.8769450497594
 20
269.4662007007483
 30
0.0
 11
182.4662007007482
 21
268.8769450497595
 31
0.0
 12
183.9393398282202
 22
270.9393398282203
 32
0.0
 13
183.9393398282202
 23
270.9393398282203
 33
0.0
  0
SOLID
  5
19A0
330
F24
100
AcDbEntity
  8
Dimensions
 62
     0
440
 16777216
100
AcDbTrace
 10
187.5337992992518
 20
275.1230549502407
 30
0.0
 11
188.1230549502406
 21
274.5337992992519
 31
0.0
 12
186.0606601717799
 22
273.0606601717799
 32
0.0
 13
186.0606601717799
 23
273.0606601717799
 33
0.0
  0
POINT
  5
19A1
330
F24
100
AcDbEntity
  8
Defpoints
 62
     0
440
 16777216
100
AcDbPoint
 10
186.0606601717799
 20
273.0606601717799
 30
0.0
  0
POINT
  5
19A2
330
F24
100
AcDbEntity
  8
Defpoints
 62
     0
440
 16777216
100
AcDbPoint
 10
183.9393398282202
 20
270.9393398282203
 30
0.0
  0
ENDBLK
  5
F26
330
F24
100
AcDbEntity
  8
0
100
AcDbBlockEnd
  0
BLOCK
  5
F34
330
F33
100
AcDbEntity
  8
0
100
AcDbBlockBegin
  2
*D84
 70
     1
 10
0.0
 20
0.0
 30
0.0
  3
*D84
  1

  0
LINE
  5
19A3
330
F33
100
AcDbEntity
  8
Dimensions
 62
     0
440
 16777216
370
    -2
100
AcDbLine
 10
346.9150808657131
 20
283.9150808657143
 30
0.0
 11
337.8284271247462
 21
274.8284271247464
 31
0.0
  0
LINE
  5
19A4
330
F33
100
AcDbEntity
  8
Dimensions
 62
     0
440
 16777216
370
    -2
100
AcDbLine
 10
332.1715728752541
 20
269.1715728752538
 30
0.0
 11
330.4038059222878
 21
267.4038059222874
 31
0.0
  0
MTEXT
  5
19A5
330
F33
100
AcDbEntity
  8
Dimensions
 62
     0
440
 16777216
100
AcDbMText
 10
343.6741747852748
 20
283.3258252147254
 30
0.0
 40
2.5
 41
0.0
 46
0.0
 71
     5
 72
     1
  1
∅3
 11
0.7071067811865097
 21
0.7071067811865856
 31
0.0
 73
     1
 44
1.0
  0
LINE
  5
19A6
330
F33
100
AcDbEntity
  8
Dimensions
 62
     0
440
 16777216
370
    -2
100
AcDbLine
 10
333.9393398282203
 20
270.9393398282203
 30
0.0
 11
336.0606601717799
 21
273.06066017178
 31
0.0
  0
SOLID
  5
19A7
330
F33
100
AcDbEntity
  8
Dimensions
 62
     0
440
 16777216
100
AcDbTrace
 10
331.8769450497596
 20
269.4662007007482
 30
0.0
 11
332.4662007007485
 21
268.8769450497594
 31
0.0
 12
333.9393398282203
 22
270.9393398282203
 32
0.0
 13
333.9393398282203
 23
270.9393398282203
 33
0.0
  0
SOLID
  5
19A8
330
F33
100
AcDbEntity
  8
Dimensions
 62
     0
440
 16777216
100
AcDbTrace
 10
337.5337992992518
 20
275.1230549502408
 30
0.0
 11
338.1230549502405
 21
274.5337992992521
 31
0.0
 12
336.0606601717799
 22
273.06066017178
 32
0.0
 13
336.0606601717799
 23
273.06066017178
 33
0.0
  0
POINT
  5
19A9
330
F33
100
AcDbEntity
  8
Defpoints
 62
     0
440
 16777216
100
AcDbPoint
 10
336.0606601717799
 20
273.06066017178
 30
0.0
  0
POINT
  5
19AA
330
F33
100
AcDbEntity
  8
Defpoints
 62
     0
440
 16777216
100
AcDbPoint
 10
333.9393398282203
 20
270.9393398282203
 30
0.0
  0
ENDBLK
  5
F35
330
F33
100
AcDbEntity
  8
0
100
AcDbBlockEnd
  0
BLOCK
  5
F4E
330
F4D
100
AcDbEntity
  8
0
100
AcDbBlockBegin
  2
*D85
 70
     1
 10
0.0
 20
0.0
 30
0.0
  3
*D85
  1

  0
LINE
  5
21BE
330
F4D
100
AcDbEntity
  8
Dimensions
 62
     0
440
 16777216
370
    -2
100
AcDbLine
 10
-0.6249999999999433
 20
272.0000000000002
 30
0.0
 11
-21.25000000000004
 21
272.0000000000002
 31
0.0
  0
LINE
  5
21BF
330
F4D
100
AcDbEntity
  8
Dimensions
 62
     0
440
 16777216
370
    -2
100
AcDbLine
 10
326.3750000000002
 20
135.0000000000001
 30
0.0
 11
-21.25000000000003
 21
135.0
 31
0.0
  0
LINE
  5
21C0
330
F4D
100
AcDbEntity
  8
Dimensions
 62
     0
440
 16777216
370
    -2
100
AcDbLine
 10
-20.00000000000004
 20
269.5000000000002
 30
0.0
 11
-20.00000000000001
 21
137.5
 31
0.0
  0
SOLID
  5
21C1
330
F4D
100
AcDbEntity
  8
Dimensions
 62
     0
440
 16777216
100
AcDbTrace
 10
-20.41666666666671
 20
269.5000000000002
 30
0.0
 11
-19.58333333333337
 21
269.5000000000002
 31
0.0
 12
-20.00000000000004
 22
272.0000000000002
 32
0.0
 13
-20.00000000000004
 23
272.0000000000002
 33
0.0
  0
SOLID
  5
21C2
330
F4D
100
AcDbEntity
  8
Dimensions
 62
     0
440
 16777216
100
AcDbTrace
 10
-20.41666666666668
 20
137.5
 30
0.0
 11
-19.58333333333334
 21
137.5
 31
0.0
 12
-20.00000000000001
 22
135.0
 32
0.0
 13
-20.00000000000001
 23
135.0
 33
0.0
  0
MTEXT
  5
21C3
330
F4D
100
AcDbEntity
  8
Dimensions
 62
     0
440
 16777216
100
AcDbMText
 10
-21.87499999999996
 20
203.5000000000001
 30
0.0
 40
2.5
 41
0.0
 46
0.0
 71
     5
 72
     1
  1
137
 11
0.0000000000000001
 21
1.0
 31
0.0
 73
     1
 44
1.0
  0
POINT
  5
21C4
330
F4D
100
AcDbEntity
  8
Defpoints
 62
     0
440
 16777216
100
AcDbPoint
 10
0.0000000000000568
 20
272.0000000000002
 30
0.0
  0
POINT
  5
21C5
330
F4D
100
AcDbEntity
  8
Defpoints
 62
     0
440
 16777216
100
AcDbPoint
 10
327.0000000000002
 20
135.0000000000001
 30
0.0
  0
POINT
  5
21C6
330
F4D
100
AcDbEntity
  8
Defpoints
 62
     0
440
 16777216
100
AcDbPoint
 10
-20.00000000000001
 20
135.0
 30
0.0
  0
ENDBLK
  5
F4F
330
F4D
100
AcDbEntity
  8
0
100
AcDbBlockEnd
  0
BLOCK
  5
F65
330
F64
100
AcDbEntity
  8
0
100
AcDbBlockBegin
  2
*D86
 70
     1
 10
0.0
 20
0.0
 30
0.0
  3
*D86
  1

  0
LINE
  5
210C
330
F64
100
AcDbEntity
  8
Dimensions
 62
     0
440
 16777216
370
    -2
100
AcDbLine
 10
0.0
 20
-0.6249999999998864
 30
0.0
 11
-0.0000000000000019
 21
-31.24999999999989
 31
0.0
  0
LINE
  5
210D
330
F64
100
AcDbEntity
  8
Dimensions
 62
     0
440
 16777216
370
    -2
100
AcDbLine
 10
77.00000000000006
 20
339.375
 30
0.0
 11
77.00000000000002
 21
-31.24999999999989
 31
0.0
  0
LINE
  5
210E
330
F64
100
AcDbEntity
  8
Dimensions
 62
     0
440
 16777216
370
    -2
100
AcDbLine
 10
2.499999999999998
 20
-29.99999999999989
 30
0.0
 11
74.50000000000002
 21
-29.99999999999989
 31
0.0
  0
SOLID
  5
210F
330
F64
100
AcDbEntity
  8
Dimensions
 62
     0
440
 16777216
100
AcDbTrace
 10
2.499999999999998
 20
-29.58333333333322
 30
0.0
 11
2.499999999999998
 21
-30.41666666666655
 31
0.0
 12
-0.0000000000000018
 22
-29.99999999999989
 32
0.0
 13
-0.0000000000000018
 23
-29.99999999999989
 33
0.0
  0
SOLID
  5
2110
330
F64
100
AcDbEntity
  8
Dimensions
 62
     0
440
 16777216
100
AcDbTrace
 10
74.50000000000002
 20
-29.58333333333322
 30
0.0
 11
74.50000000000002
 21
-30.41666666666655
 31
0.0
 12
77.00000000000002
 22
-29.99999999999989
 32
0.0
 13
77.00000000000002
 23
-29.99999999999989
 33
0.0
  0
MTEXT
  5
2111
330
F64
100
AcDbEntity
  8
Dimensions
 62
     0
440
 16777216
100
AcDbMText
 10
38.50000000000001
 20
-28.12499999999989
 30
0.0
 40
2.5
 41
0.0
 46
0.0
 71
     5
 72
     1
  1
77
 73
     1
 44
1.0
  0
POINT
  5
2112
330
F64
100
AcDbEntity
  8
Defpoints
 62
     0
440
 16777216
100
AcDbPoint
 10
0.0
 20
0.0000000000001137
 30
0.0
  0
POINT
  5
2113
330
F64
100
AcDbEntity
  8
Defpoints
 62
     0
440
 16777216
100
AcDbPoint
 10
77.00000000000006
 20
340.0
 30
0.0
  0
POINT
  5
2114
330
F64
100
AcDbEntity
  8
Defpoints
 62
     0
440
 16777216
100
AcDbPoint
 10
77.00000000000002
 20
-29.99999999999989
 30
0.0
  0
ENDBLK
  5
F66
330
F64
100
AcDbEntity
  8
0
100
AcDbBlockEnd
  0
BLOCK
  5
F7B
330
F7A
100
AcDbEntity
  8
0
100
AcDbBlockBegin
  2
*D87
 70
     1
 10
0.0
 20
0.0
 30
0.0
  3
*D87
  1

  0
LINE
  5
2115
330
F7A
100
AcDbEntity
  8
Dimensions
 62
     0
440
 16777216
370
    -2
100
AcDbLine
 10
77.0
 20
-0.6249999999999432
 30
0.0
 11
77.0
 21
-31.25
 31
0.0
  0
LINE
  5
2116
330
F7A
100
AcDbEntity
  8
Dimensions
 62
     0
440
 16777216
370
    -2
100
AcDbLine
 10
227.0
 20
339.375
 30
0.0
 11
227.0
 21
-31.25
 31
0.0
  0
LINE
  5
2117
330
F7A
100
AcDbEntity
  8
Dimensions
 62
     0
440
 16777216
370
    -2
100
AcDbLine
 10
79.5
 20
-30.0
 30
0.0
 11
224.5
 21
-30.0
 31
0.0
  0
SOLID
  5
2118
330
F7A
100
AcDbEntity
  8
Dimensions
 62
     0
440
 16777216
100
AcDbTrace
 10
79.5
 20
-29.58333333333333
 30
0.0
 11
79.5
 21
-30.41666666666667
 31
0.0
 12
77.0
 22
-30.0
 32
0.0
 13
77.0
 23
-30.0
 33
0.0
  0
SOLID
  5
2119
330
F7A
100
AcDbEntity
  8
Dimensions
 62
     0
440
 16777216
100
AcDbTrace
 10
224.5
 20
-29.58333333333333
 30
0.0
 11
224.5
 21
-30.41666666666667
 31
0.0
 12
227.0
 22
-30.0
 32
0.0
 13
227.0
 23
-30.0
 33
0.0
  0
MTEXT
  5
211A
330
F7A
100
AcDbEntity
  8
Dimensions
 62
     0
440
 16777216
100
AcDbMText
 10
152.0
 20
-28.125
 30
0.0
 40
2.5
 41
0.0
 46
0.0
 71
     5
 72
     1
  1
150
 73
     1
 44
1.0
  0
POINT
  5
211B
330
F7A
100
AcDbEntity
  8
Defpoints
 62
     0
440
 16777216
100
AcDbPoint
 10
77.0
 20
0.0000000000000568
 30
0.0
  0
POINT
  5
211C
330
F7A
100
AcDbEntity
  8
Defpoints
 62
     0
440
 16777216
100
AcDbPoint
 10
227.0
 20
340.0
 30
0.0
  0
POINT
  5
211D
330
F7A
100
AcDbEntity
  8
Defpoints
 62
     0
440
 16777216
100
AcDbPoint
 10
227.0
 20
-30.0
 30
0.0
  0
ENDBLK
  5
F7C
330
F7A
100
AcDbEntity
  8
0
100
AcDbBlockEnd
  0
BLOCK
  5
F91
330
F90
100
AcDbEntity
  8
0
100
AcDbBlockBegin
  2
*D88
 70
     1
 10
0.0
 20
0.0
 30
0.0
  3
*D88
  1

  0
LINE
  5
211E
330
F90
100
AcDbEntity
  8
Dimensions
 62
     0
440
 16777216
370
    -2
100
AcDbLine
 10
227.0
 20
-0.6249999999999432
 30
0.0
 11
227.0
 21
-31.24999999999989
 31
0.0
  0
LINE
  5
211F
330
F90
100
AcDbEntity
  8
Dimensions
 62
     0
440
 16777216
370
    -2
100
AcDbLine
 10
327.0
 20
339.375
 30
0.0
 11
327.0
 21
-31.24999999999989
 31
0.0
  0
LINE
  5
2120
330
F90
100
AcDbEntity
  8
Dimensions
 62
     0
440
 16777216
370
    -2
100
AcDbLine
 10
229.5
 20
-29.99999999999989
 30
0.0
 11
324.5
 21
-29.99999999999989
 31
0.0
  0
SOLID
  5
2121
330
F90
100
AcDbEntity
  8
Dimensions
 62
     0
440
 16777216
100
AcDbTrace
 10
229.5
 20
-29.58333333333322
 30
0.0
 11
229.5
 21
-30.41666666666655
 31
0.0
 12
227.0
 22
-29.99999999999989
 32
0.0
 13
227.0
 23
-29.99999999999989
 33
0.0
  0
SOLID
  5
2122
330
F90
100
AcDbEntity
  8
Dimensions
 62
     0
440
 16777216
100
AcDbTrace
 10
324.5
 20
-29.58333333333322
 30
0.0
 11
324.5
 21
-30.41666666666655
 31
0.0
 12
327.0
 22
-29.99999999999989
 32
0.0
 13
327.0
 23
-29.99999999999989
 33
0.0
  0
MTEXT
  5
2123
330
F90
100
AcDbEntity
  8
Dimensions
 62
     0
440
 16777216
100
AcDbMText
 10
277.0
 20
-28.12499999999989
 30
0.0
 40
2.5
 41
0.0
 46
0.0
 71
     5
 72
     1
  1
100
 73
     1
 44
1.0
  0
POINT
  5
2124
330
F90
100
AcDbEntity
  8
Defpoints
 62
     0
440
 16777216
100
AcDbPoint
 10
227.0
 20
0.0000000000000568
 30
0.0
  0
POINT
  5
2125
330
F90
100
AcDbEntity
  8
Defpoints
 62
     0
440
 16777216
100
AcDbPoint
 10
327.0
 20
340.0
 30
0.0
  0
POINT
  5
2126
330
F90
100
AcDbEntity
  8
Defpoints
 62
     0
440
 16777216
100
AcDbPoint
 10
327.0
 20
-29.99999999999989
 30
0.0
  0
ENDBLK
  5
F92
330
F90
100
AcDbEntity
  8
0
100
AcDbBlockEnd
  0
BLOCK
  5
FBD
330
FBC
100
AcDbEntity
  8
0
100
AcDbBlockBegin
  2
*D89
 70
     1
 10
0.0
 20
0.0
 30
0.0
  3
*D89
  1

  0
LINE
  5
1E09
330
FBC
100
AcDbEntity
  8
Dimensions
 62
     0
440
 16777216
370
    -2
100
AcDbLine
 10
338.9150808657133
 20
146.9150808657141
 30
0.0
 11
329.8284271247462
 21
137.8284271247464
 31
0.0
  0
LINE
  5
1E0A
330
FBC
100
AcDbEntity
  8
Dimensions
 62
     0
440
 16777216
370
    -2
100
AcDbLine
 10
324.171572875254
 20
132.1715728752539
 30
0.0
 11
322.4038059222877
 21
130.4038059222874
 31
0.0
  0
MTEXT
  5
1E0B
330
FBC
100
AcDbEntity
  8
Dimensions
 62
     0
440
 16777216
100
AcDbMText
 10
335.674174785275
 20
146.3258252147252
 30
0.0
 40
2.5
 41
0.0
 46
0.0
 71
     5
 72
     1
  1
∅3
 11
0.7071067811865241
 21
0.7071067811865711
 31
0.0
 73
     1
 44
1.0
  0
LINE
  5
1E0C
330
FBC
100
AcDbEntity
  8
Dimensions
 62
     0
440
 16777216
370
    -2
100
AcDbLine
 10
325.9393398282203
 20
133.9393398282203
 30
0.0
 11
328.0606601717798
 21
136.0606601717799
 31
0.0
  0
SOLID
  5
1E0D
330
FBC
100
AcDbEntity
  8
Dimensions
 62
     0
440
 16777216
100
AcDbTrace
 10
323.8769450497597
 20
132.4662007007483
 30
0.0
 11
324.4662007007485
 21
131.8769450497595
 31
0.0
 12
325.9393398282203
 22
133.9393398282203
 32
0.0
 13
325.9393398282203
 23
133.9393398282203
 33
0.0
  0
SOLID
  5
1E0E
330
FBC
100
AcDbEntity
  8
Dimensions
 62
     0
440
 16777216
100
AcDbTrace
 10
329.5337992992518
 20
138.1230549502407
 30
0.0
 11
330.1230549502406
 21
137.533799299252
 31
0.0
 12
328.0606601717798
 22
136.0606601717799
 32
0.0
 13
328.0606601717798
 23
136.0606601717799
 33
0.0
  0
POINT
  5
1E0F
330
FBC
100
AcDbEntity
  8
Defpoints
 62
     0
440
 16777216
100
AcDbPoint
 10
328.0606601717798
 20
136.0606601717799
 30
0.0
  0
POINT
  5
1E10
330
FBC
100
AcDbEntity
  8
Defpoints
 62
     0
440
 16777216
100
AcDbPoint
 10
325.9393398282203
 20
133.9393398282203
 30
0.0
  0
ENDBLK
  5
FBE
330
FBC
100
AcDbEntity
  8
0
100
AcDbBlockEnd
  0
BLOCK
  5
FCC
330
FCB
100
AcDbEntity
  8
0
100
AcDbBlockBegin
  2
*D90
 70
     1
 10
0.0
 20
0.0
 30
0.0
  3
*D90
  1

  0
LINE
  5
19B3
330
FCB
100
AcDbEntity
  8
Dimensions
 62
     0
440
 16777216
370
    -2
100
AcDbLine
 10
238.9150808657135
 20
146.9150808657136
 30
0.0
 11
229.8284271247463
 21
137.8284271247463
 31
0.0
  0
LINE
  5
19B4
330
FCB
100
AcDbEntity
  8
Dimensions
 62
     0
440
 16777216
370
    -2
100
AcDbLine
 10
224.171572875254
 20
132.171572875254
 30
0.0
 11
222.4038059222876
 21
130.4038059222876
 31
0.0
  0
MTEXT
  5
19B5
330
FCB
100
AcDbEntity
  8
Dimensions
 62
     0
440
 16777216
100
AcDbMText
 10
235.6741747852752
 20
146.3258252147248
 30
0.0
 40
2.5
 41
0.0
 46
0.0
 71
     5
 72
     1
  1
∅3
 11
0.7071067811865476
 21
0.7071067811865475
 31
0.0
 73
     1
 44
1.0
  0
LINE
  5
19B6
330
FCB
100
AcDbEntity
  8
Dimensions
 62
     0
440
 16777216
370
    -2
100
AcDbLine
 10
225.9393398282203
 20
133.9393398282204
 30
0.0
 11
228.0606601717799
 21
136.0606601717799
 31
0.0
  0
SOLID
  5
19B7
330
FCB
100
AcDbEntity
  8
Dimensions
 62
     0
440
 16777216
100
AcDbTrace
 10
223.8769450497596
 20
132.4662007007484
 30
0.0
 11
224.4662007007483
 21
131.8769450497596
 31
0.0
 12
225.9393398282203
 22
133.9393398282204
 32
0.0
 13
225.9393398282203
 23
133.9393398282204
 33
0.0
  0
SOLID
  5
19B8
330
FCB
100
AcDbEntity
  8
Dimensions
 62
     0
440
 16777216
100
AcDbTrace
 10
229.5337992992518
 20
138.1230549502407
 30
0.0
 11
230.1230549502407
 21
137.5337992992519
 31
0.0
 12
228.0606601717799
 22
136.0606601717799
 32
0.0
 13
228.0606601717799
 23
136.0606601717799
 33
0.0
  0
POINT
  5
19B9
330
FCB
100
AcDbEntity
  8
Defpoints
 62
     0
440
 16777216
100
AcDbPoint
 10
228.0606601717799
 20
136.0606601717799
 30
0.0
  0
POINT
  5
19BA
330
FCB
100
AcDbEntity
  8
Defpoints
 62
     0
440
 16777216
100
AcDbPoint
 10
225.9393398282203
 20
133.9393398282204
 30
0.0
  0
ENDBLK
  5
FCD
330
FCB
100
AcDbEntity
  8
0
100
AcDbBlockEnd
  0
BLOCK
  5
FDB
330
FDA
100
AcDbEntity
  8
0
100
AcDbBlockBegin
  2
*D91
 70
     1
 10
0.0
 20
0.0
 30
0.0
  3
*D91
  1

  0
LINE
  5
1E11
330
FDA
100
AcDbEntity
  8
Dimensions
 62
     0
440
 16777216
370
    -2
100
AcDbLine
 10
88.91508086571333
 20
146.9150808657139
 30
0.0
 11
79.82842712474618
 21
137.8284271247464
 31
0.0
  0
LINE
  5
1E12
330
FDA
100
AcDbEntity
  8
Dimensions
 62
     0
440
 16777216
370
    -2
100
AcDbLine
 10
74.17157287525395
 20
132.1715728752538
 30
0.0
 11
72.40380592228762
 21
130.4038059222874
 31
0.0
  0
MTEXT
  5
1E13
330
FDA
100
AcDbEntity
  8
Dimensions
 62
     0
440
 16777216
100
AcDbMText
 10
85.67417478527499
 20
146.325825214725
 30
0.0
 40
2.5
 41
0.0
 46
0.0
 71
     5
 72
     1
  1
∅3
 11
0.707106781186531
 21
0.7071067811865641
 31
0.0
 73
     1
 44
1.0
  0
LINE
  5
1E14
330
FDA
100
AcDbEntity
  8
Dimensions
 62
     0
440
 16777216
370
    -2
100
AcDbLine
 10
75.93933982822027
 20
133.9393398282203
 30
0.0
 11
78.06066017177986
 21
136.06066017178
 31
0.0
  0
SOLID
  5
1E15
330
FDA
100
AcDbEntity
  8
Dimensions
 62
     0
440
 16777216
100
AcDbTrace
 10
73.87694504975954
 20
132.4662007007482
 30
0.0
 11
74.46620070074835
 21
131.8769450497595
 31
0.0
 12
75.93933982822027
 22
133.9393398282203
 32
0.0
 13
75.93933982822027
 23
133.9393398282203
 33
0.0
  0
SOLID
  5
1E16
330
FDA
100
AcDbEntity
  8
Dimensions
 62
     0
440
 16777216
100
AcDbTrace
 10
79.53379929925178
 20
138.1230549502407
 30
0.0
 11
80.12305495024058
 21
137.533799299252
 31
0.0
 12
78.06066017177986
 22
136.06066017178
 32
0.0
 13
78.06066017177986
 23
136.06066017178
 33
0.0
  0
POINT
  5
1E17
330
FDA
100
AcDbEntity
  8
Defpoints
 62
     0
440
 16777216
100
AcDbPoint
 10
78.06066017177986
 20
136.06066017178
 30
0.0
  0
POINT
  5
1E18
330
FDA
100
AcDbEntity
  8
Defpoints
 62
     0
440
 16777216
100
AcDbPoint
 10
75.93933982822027
 20
133.9393398282203
 30
0.0
  0
ENDBLK
  5
FDC
330
FDA
100
AcDbEntity
  8
0
100
AcDbBlockEnd
  0
BLOCK
  5
FFF
330
FFE
100
AcDbEntity
  8
0
100
AcDbBlockBegin
  2
*D92
 70
     1
 10
0.0
 20
0.0
 30
0.0
  3
*D92
  1

  0
LINE
  5
1E19
330
FFE
100
AcDbEntity
  8
Dimensions
 62
     0
440
 16777216
370
    -2
100
AcDbLine
 10
395.9150808657136
 20
326.9150808657137
 30
0.0
 11
388.9497474683059
 21
319.9497474683059
 31
0.0
  0
LINE
  5
1E1A
330
FFE
100
AcDbEntity
  8
Dimensions
 62
     0
440
 16777216
370
    -2
100
AcDbLine
 10
379.0502525316942
 20
310.0502525316941
 30
0.0
 11
377.2824855787279
 21
308.2824855787277
 31
0.0
  0
MTEXT
  5
1E1B
330
FFE
100
AcDbEntity
  8
Dimensions
 62
     0
440
 16777216
100
AcDbMText
 10
392.6741747852753
 20
326.3258252147249
 30
0.0
 40
2.5
 41
0.0
 46
0.0
 71
     5
 72
     1
  1
∅9
 11
0.7071067811865413
 21
0.7071067811865538
 31
0.0
 73
     1
 44
1.0
  0
LINE
  5
1E1C
330
FFE
100
AcDbEntity
  8
Dimensions
 62
     0
440
 16777216
370
    -2
100
AcDbLine
 10
380.8180194846606
 20
311.8180194846605
 30
0.0
 11
387.1819805153395
 21
318.1819805153395
 31
0.0
  0
SOLID
  5
1E1D
330
FFE
100
AcDbEntity
  8
Dimensions
 62
     0
440
 16777216
100
AcDbTrace
 10
378.7556247061998
 20
310.3448803571885
 30
0.0
 11
379.3448803571886
 21
309.7556247061997
 31
0.0
 12
380.8180194846606
 22
311.8180194846605
 32
0.0
 13
380.8180194846606
 23
311.8180194846605
 33
0.0
  0
SOLID
  5
1E1E
330
FFE
100
AcDbEntity
  8
Dimensions
 62
     0
440
 16777216
100
AcDbTrace
 10
388.6551196428115
 20
320.2443752938003
 30
0.0
 11
389.2443752938003
 21
319.6551196428115
 31
0.0
 12
387.1819805153395
 22
318.1819805153395
 32
0.0
 13
387.1819805153395
 23
318.1819805153395
 33
0.0
  0
POINT
  5
1E1F
330
FFE
100
AcDbEntity
  8
Defpoints
 62
     0
440
 16777216
100
AcDbPoint
 10
387.1819805153395
 20
318.1819805153395
 30
0.0
  0
POINT
  5
1E20
330
FFE
100
AcDbEntity
  8
Defpoints
 62
     0
440
 16777216
100
AcDbPoint
 10
380.8180194846606
 20
311.8180194846605
 30
0.0
  0
ENDBLK
  5
1000
330
FFE
100
AcDbEntity
  8
0
100
AcDbBlockEnd
  0
BLOCK
  5
100A
330
1009
100
AcDbEntity
  8
0
100
AcDbBlockBegin
  2
*D93
 70
     1
 10
0.0
 20
0.0
 30
0.0
  3
*D93
  1

  0
LINE
  5
1E21
330
1009
100
AcDbEntity
  8
Dimensions
 62
     0
440
 16777216
370
    -2
100
AcDbLine
 10
442.9150808657138
 20
326.9150808657131
 30
0.0
 11
435.949747468306
 21
319.9497474683057
 31
0.0
  0
LINE
  5
1E22
330
1009
100
AcDbEntity
  8
Dimensions
 62
     0
440
 16777216
370
    -2
100
AcDbLine
 10
426.050252531694
 20
310.0502525316943
 30
0.0
 11
424.2824855787277
 21
308.282485578728
 31
0.0
  0
MTEXT
  5
1E23
330
1009
100
AcDbEntity
  8
Dimensions
 62
     0
440
 16777216
100
AcDbMText
 10
439.6741747852754
 20
326.3258252147243
 30
0.0
 40
2.5
 41
0.0
 46
0.0
 71
     5
 72
     1
  1
∅9
 11
0.7071067811865664
 21
0.7071067811865288
 31
0.0
 73
     1
 44
1.0
  0
LINE
  5
1E24
330
1009
100
AcDbEntity
  8
Dimensions
 62
     0
440
 16777216
370
    -2
100
AcDbLine
 10
427.8180194846605
 20
311.8180194846606
 30
0.0
 11
434.1819805153396
 21
318.1819805153394
 31
0.0
  0
SOLID
  5
1E25
330
1009
100
AcDbEntity
  8
Dimensions
 62
     0
440
 16777216
100
AcDbTrace
 10
425.7556247061996
 20
310.3448803571887
 30
0.0
 11
426.3448803571884
 21
309.7556247061998
 31
0.0
 12
427.8180194846605
 22
311.8180194846606
 32
0.0
 13
427.8180194846605
 23
311.8180194846606
 33
0.0
  0
SOLID
  5
1E26
330
1009
100
AcDbEntity
  8
Dimensions
 62
     0
440
 16777216
100
AcDbTrace
 10
435.6551196428116
 20
320.2443752938001
 30
0.0
 11
436.2443752938004
 21
319.6551196428113
 31
0.0
 12
434.1819805153396
 22
318.1819805153394
 32
0.0
 13
434.1819805153396
 23
318.1819805153394
 33
0.0
  0
POINT
  5
1E27
330
1009
100
AcDbEntity
  8
Defpoints
 62
     0
440
 16777216
100
AcDbPoint
 10
434.1819805153396
 20
318.1819805153394
 30
0.0
  0
POINT
  5
1E28
330
1009
100
AcDbEntity
  8
Defpoints
 62
     0
440
 16777216
100
AcDbPoint
 10
427.8180194846605
 20
311.8180194846606
 30
0.0
  0
ENDBLK
  5
100B
330
1009
100
AcDbEntity
  8
0
100
AcDbBlockEnd
  0
BLOCK
  5
1015
330
1014
100
AcDbEntity
  8
0
100
AcDbBlockBegin
  2
*D94
 70
     1
 10
0.0
 20
0.0
 30
0.0
  3
*D94
  1

  0
LINE
  5
1E29
330
1014
100
AcDbEntity
  8
Dimensions
 62
     0
440
 16777216
370
    -2
100
AcDbLine
 10
489.9150808657132
 20
326.9150808657134
 30
0.0
 11
482.9497474683059
 21
319.9497474683059
 31
0.0
  0
LINE
  5
1E2A
330
1014
100
AcDbEntity
  8
Dimensions
 62
     0
440
 16777216
370
    -2
100
AcDbLine
 10
473.050252531694
 20
310.0502525316938
 30
0.0
 11
471.2824855787276
 21
308.2824855787275
 31
0.0
  0
MTEXT
  5
1E2B
330
1014
100
AcDbEntity
  8
Dimensions
 62
     0
440
 16777216
100
AcDbMText
 10
486.6741747852748
 20
326.3258252147246
 30
0.0
 40
2.5
 41
0.0
 46
0.0
 71
     5
 72
     1
  1
∅9
 11
0.7071067811865382
 21
0.7071067811865569
 31
0.0
 73
     1
 44
1.0
  0
LINE
  5
1E2C
330
1014
100
AcDbEntity
  8
Dimensions
 62
     0
440
 16777216
370
    -2
100
AcDbLine
 10
474.8180194846604
 20
311.8180194846602
 30
0.0
 11
481.1819805153395
 21
318.1819805153395
 31
0.0
  0
SOLID
  5
1E2D
330
1014
100
AcDbEntity
  8
Dimensions
 62
     0
440
 16777216
100
AcDbTrace
 10
472.7556247061996
 20
310.3448803571883
 30
0.0
 11
473.3448803571884
 21
309.7556247061994
 31
0.0
 12
474.8180194846604
 22
311.8180194846602
 32
0.0
 13
474.8180194846604
 23
311.8180194846602
 33
0.0
  0
SOLID
  5
1E2E
330
1014
100
AcDbEntity
  8
Dimensions
 62
     0
440
 16777216
100
AcDbTrace
 10
482.6551196428114
 20
320.2443752938002
 30
0.0
 11
483.2443752938003
 21
319.6551196428114
 31
0.0
 12
481.1819805153395
 22
318.1819805153395
 32
0.0
 13
481.1819805153395
 23
318.1819805153395
 33
0.0
  0
POINT
  5
1E2F
330
1014
100
AcDbEntity
  8
Defpoints
 62
     0
440
 16777216
100
AcDbPoint
 10
481.1819805153395
 20
318.1819805153395
 30
0.0
  0
POINT
  5
1E30
330
1014
100
AcDbEntity
  8
Defpoints
 62
     0
440
 16777216
100
AcDbPoint
 10
474.8180194846604
 20
311.8180194846602
 30
0.0
  0
ENDBLK
  5
1016
330
1014
100
AcDbEntity
  8
0
100
AcDbBlockEnd
  0
BLOCK
  5
1020
330
101F
100
AcDbEntity
  8
0
100
AcDbBlockBegin
  2
*D95
 70
     1
 10
0.0
 20
0.0
 30
0.0
  3
*D95
  1

  0
LINE
  5
1E31
330
101F
100
AcDbEntity
  8
Dimensions
 62
     0
440
 16777216
370
    -2
100
AcDbLine
 10
489.9150808657142
 20
254.9150808657126
 30
0.0
 11
482.9497474683063
 21
247.9497474683056
 31
0.0
  0
LINE
  5
1E32
330
101F
100
AcDbEntity
  8
Dimensions
 62
     0
440
 16777216
370
    -2
100
AcDbLine
 10
473.050252531694
 20
238.0502525316946
 30
0.0
 11
471.2824855787275
 21
236.2824855787283
 31
0.0
  0
MTEXT
  5
1E33
330
101F
100
AcDbEntity
  8
Dimensions
 62
     0
440
 16777216
100
AcDbMText
 10
486.6741747852757
 20
254.3258252147239
 30
0.0
 40
2.5
 41
0.0
 46
0.0
 71
     5
 72
     1
  1
∅9
 11
0.707106781186595
 21
0.7071067811865001
 31
0.0
 73
     1
 44
1.0
  0
LINE
  5
1E34
330
101F
100
AcDbEntity
  8
Dimensions
 62
     0
440
 16777216
370
    -2
100
AcDbLine
 10
474.8180194846605
 20
239.8180194846609
 30
0.0
 11
481.1819805153398
 21
246.1819805153393
 31
0.0
  0
SOLID
  5
1E35
330
101F
100
AcDbEntity
  8
Dimensions
 62
     0
440
 16777216
100
AcDbTrace
 10
472.7556247061996
 20
238.344880357189
 30
0.0
 11
473.3448803571883
 21
237.7556247062002
 31
0.0
 12
474.8180194846605
 22
239.8180194846609
 32
0.0
 13
474.8180194846605
 23
239.8180194846609
 33
0.0
  0
SOLID
  5
1E36
330
101F
100
AcDbEntity
  8
Dimensions
 62
     0
440
 16777216
100
AcDbTrace
 10
482.6551196428119
 20
248.2443752938
 30
0.0
 11
483.2443752938006
 21
247.6551196428112
 31
0.0
 12
481.1819805153398
 22
246.1819805153393
 32
0.0
 13
481.1819805153398
 23
246.1819805153393
 33
0.0
  0
POINT
  5
1E37
330
101F
100
AcDbEntity
  8
Defpoints
 62
     0
440
 16777216
100
AcDbPoint
 10
481.1819805153398
 20
246.1819805153393
 30
0.0
  0
POINT
  5
1E38
330
101F
100
AcDbEntity
  8
Defpoints
 62
     0
440
 16777216
100
AcDbPoint
 10
474.8180194846605
 20
239.8180194846609
 30
0.0
  0
ENDBLK
  5
1021
330
101F
100
AcDbEntity
  8
0
100
AcDbBlockEnd
  0
BLOCK
  5
102B
330
102A
100
AcDbEntity
  8
0
100
AcDbBlockBegin
  2
*D96
 70
     1
 10
0.0
 20
0.0
 30
0.0
  3
*D96
  1

  0
LINE
  5
1E39
330
102A
100
AcDbEntity
  8
Dimensions
 62
     0
440
 16777216
370
    -2
100
AcDbLine
 10
442.9150808657142
 20
254.9150808657131
 30
0.0
 11
435.9497474683061
 21
247.9497474683057
 31
0.0
  0
LINE
  5
1E3A
330
102A
100
AcDbEntity
  8
Dimensions
 62
     0
440
 16777216
370
    -2
100
AcDbLine
 10
426.0502525316939
 20
238.0502525316944
 30
0.0
 11
424.2824855787274
 21
236.2824855787281
 31
0.0
  0
MTEXT
  5
1E3B
330
102A
100
AcDbEntity
  8
Dimensions
 62
     0
440
 16777216
100
AcDbMText
 10
439.6741747852757
 20
254.3258252147244
 30
0.0
 40
2.5
 41
0.0
 46
0.0
 71
     5
 72
     1
  1
∅9
 11
0.7071067811865821
 21
0.707106781186513
 31
0.0
 73
     1
 44
1.0
  0
LINE
  5
1E3C
330
102A
100
AcDbEntity
  8
Dimensions
 62
     0
440
 16777216
370
    -2
100
AcDbLine
 10
427.8180194846603
 20
239.8180194846607
 30
0.0
 11
434.1819805153396
 21
246.1819805153394
 31
0.0
  0
SOLID
  5
1E3D
330
102A
100
AcDbEntity
  8
Dimensions
 62
     0
440
 16777216
100
AcDbTrace
 10
425.7556247061994
 20
238.3448803571888
 30
0.0
 11
426.3448803571882
 21
237.7556247061999
 31
0.0
 12
427.8180194846603
 22
239.8180194846607
 32
0.0
 13
427.8180194846603
 23
239.8180194846607
 33
0.0
  0
SOLID
  5
1E3E
330
102A
100
AcDbEntity
  8
Dimensions
 62
     0
440
 16777216
100
AcDbTrace
 10
435.6551196428116
 20
248.2443752938001
 30
0.0
 11
436.2443752938005
 21
247.6551196428113
 31
0.0
 12
434.1819805153396
 22
246.1819805153394
 32
0.0
 13
434.1819805153396
 23
246.1819805153394
 33
0.0
  0
POINT
  5
1E3F
330
102A
100
AcDbEntity
  8
Defpoints
 62
     0
440
 16777216
100
AcDbPoint
 10
434.1819805153396
 20
246.1819805153394
 30
0.0
  0
POINT
  5
1E40
330
102A
100
AcDbEntity
  8
Defpoints
 62
     0
440
 16777216
100
AcDbPoint
 10
427.8180194846603
 20
239.8180194846607
 30
0.0
  0
ENDBLK
  5
102C
330
102A
100
AcDbEntity
  8
0
100
AcDbBlockEnd
  0
BLOCK
  5
1036
330
1035
100
AcDbEntity
  8
0
100
AcDbBlockBegin
  2
*D97
 70
     1
 10
0.0
 20
0.0
 30
0.0
  3
*D97
  1

  0
LINE
  5
1E41
330
1035
100
AcDbEntity
  8
Dimensions
 62
     0
440
 16777216
370
    -2
100
AcDbLine
 10
395.9150808657141
 20
254.9150808657134
 30
0.0
 11
388.9497474683061
 21
247.9497474683058
 31
0.0
  0
LINE
  5
1E42
330
1035
100
AcDbEntity
  8
Dimensions
 62
     0
440
 16777216
370
    -2
100
AcDbLine
 10
379.050252531694
 20
238.0502525316943
 30
0.0
 11
377.2824855787276
 21
236.282485578728
 31
0.0
  0
MTEXT
  5
1E43
330
1035
100
AcDbEntity
  8
Dimensions
 62
     0
440
 16777216
100
AcDbMText
 10
392.6741747852757
 20
254.3258252147247
 30
0.0
 40
2.5
 41
0.0
 46
0.0
 71
     5
 72
     1
  1
∅9
 11
0.70710678118657
 21
0.7071067811865253
 31
0.0
 73
     1
 44
1.0
  0
LINE
  5
1E44
330
1035
100
AcDbEntity
  8
Dimensions
 62
     0
440
 16777216
370
    -2
100
AcDbLine
 10
380.8180194846605
 20
239.8180194846606
 30
0.0
 11
387.1819805153397
 21
246.1819805153394
 31
0.0
  0
SOLID
  5
1E45
330
1035
100
AcDbEntity
  8
Dimensions
 62
     0
440
 16777216
100
AcDbTrace
 10
378.7556247061996
 20
238.3448803571887
 30
0.0
 11
379.3448803571884
 21
237.7556247061999
 31
0.0
 12
380.8180194846605
 22
239.8180194846606
 32
0.0
 13
380.8180194846605
 23
239.8180194846606
 33
0.0
  0
SOLID
  5
1E46
330
1035
100
AcDbEntity
  8
Dimensions
 62
     0
440
 16777216
100
AcDbTrace
 10
388.6551196428117
 20
248.2443752938002
 30
0.0
 11
389.2443752938005
 21
247.6551196428114
 31
0.0
 12
387.1819805153397
 22
246.1819805153394
 32
0.0
 13
387.1819805153397
 23
246.1819805153394
 33
0.0
  0
POINT
  5
1E47
330
1035
100
AcDbEntity
  8
Defpoints
 62
     0
440
 16777216
100
AcDbPoint
 10
387.1819805153397
 20
246.1819805153394
 30
0.0
  0
POINT
  5
1E48
330
1035
100
AcDbEntity
  8
Defpoints
 62
     0
440
 16777216
100
AcDbPoint
 10
380.8180194846605
 20
239.8180194846606
 30
0.0
  0
ENDBLK
  5
1037
330
1035
100
AcDbEntity
  8
0
100
AcDbBlockEnd
  0
BLOCK
  5
19F4
330
19F3
100
AcDbEntity
  8
0
100
AcDbBlockBegin
  2
*D98
 70
     1
 10
0.0
 20
0.0
 30
0.0
  3
*D98
  1

  0
LINE
  5
19FF
330
19F3
100
AcDbEntity
  8
Dimensions
 62
     0
440
 16777216
370
    -2
100
AcDbLine
 10
500.625
 20
500.0
 30
0.0
 11
521.25
 21
500.0
 31
0.0
  0
LINE
  5
1A00
330
19F3
100
AcDbEntity
  8
Dimensions
 62
     0
440
 16777216
370
    -2
100
AcDbLine
 10
65.625
 20
488.0
 30
0.0
 11
521.25
 21
487.9999999999999
 31
0.0
  0
LINE
  5
1A01
330
19F3
100
AcDbEntity
  8
Dimensions
 62
     0
440
 16777216
370
    -2
100
AcDbLine
 10
520.0
 20
497.5
 30
0.0
 11
520.0
 21
490.4999999999999
 31
0.0
  0
SOLID
  5
1A02
330
19F3
100
AcDbEntity
  8
Dimensions
 62
     0
440
 16777216
100
AcDbTrace
 10
519.5833333333333
 20
497.5
 30
0.0
 11
520.4166666666666
 21
497.5
 31
0.0
 12
520.0
 22
500.0
 32
0.0
 13
520.0
 23
500.0
 33
0.0
  0
SOLID
  5
1A03
330
19F3
100
AcDbEntity
  8
Dimensions
 62
     0
440
 16777216
100
AcDbTrace
 10
519.5833333333333
 20
490.4999999999999
 30
0.0
 11
520.4166666666666
 21
490.4999999999999
 31
0.0
 12
520.0
 22
487.9999999999999
 32
0.0
 13
520.0
 23
487.9999999999999
 33
0.0
  0
MTEXT
  5
1A04
330
19F3
100
AcDbEntity
  8
Dimensions
 62
     0
440
 16777216
100
AcDbMText
 10
518.1249999999998
 20
494.0
 30
0.0
 40
2.5
 41
0.0
 46
0.0
 71
     5
 72
     1
  1
12
 11
0.0000000000000001
 21
1.0
 31
0.0
 73
     1
 44
1.0
  0
POINT
  5
1A05
330
19F3
100
AcDbEntity
  8
Defpoints
 62
     0
440
 16777216
100
AcDbPoint
 10
500.0
 20
500.0
 30
0.0
  0
POINT
  5
1A06
330
19F3
100
AcDbEntity
  8
Defpoints
 62
     0
440
 16777216
100
AcDbPoint
 10
65.0
 20
488.0
 30
0.0
  0
POINT
  5
1A07
330
19F3
100
AcDbEntity
  8
Defpoints
 62
     0
440
 16777216
100
AcDbPoint
 10
520.0
 20
487.9999999999999
 30
0.0
  0
ENDBLK
  5
19F5
330
19F3
100
AcDbEntity
  8
0
100
AcDbBlockEnd
  0
BLOCK
  5
1A0A
330
1A09
100
AcDbEntity
  8
0
100
AcDbBlockBegin
  2
*D99
 70
     1
 10
0.0
 20
0.0
 30
0.0
  3
*D99
  1

  0
LINE
  5
21C7
330
1A09
100
AcDbEntity
  8
Dimensions
 62
     0
440
 16777216
370
    -2
100
AcDbLine
 10
65.0
 20
500.625
 30
0.0
 11
65.0
 21
531.25
 31
0.0
  0
LINE
  5
21C8
330
1A09
100
AcDbEntity
  8
Dimensions
 62
     0
440
 16777216
370
    -2
100
AcDbLine
 10
265.0
 20
488.625
 30
0.0
 11
265.0
 21
531.25
 31
0.0
  0
LINE
  5
21C9
330
1A09
100
AcDbEntity
  8
Dimensions
 62
     0
440
 16777216
370
    -2
100
AcDbLine
 10
67.5
 20
530.0
 30
0.0
 11
262.5
 21
530.0
 31
0.0
  0
SOLID
  5
21CA
330
1A09
100
AcDbEntity
  8
Dimensions
 62
     0
440
 16777216
100
AcDbTrace
 10
67.5
 20
530.4166666666666
 30
0.0
 11
67.5
 21
529.5833333333333
 31
0.0
 12
65.0
 22
530.0
 32
0.0
 13
65.0
 23
530.0
 33
0.0
  0
SOLID
  5
21CB
330
1A09
100
AcDbEntity
  8
Dimensions
 62
     0
440
 16777216
100
AcDbTrace
 10
262.5
 20
530.4166666666666
 30
0.0
 11
262.5
 21
529.5833333333333
 31
0.0
 12
265.0
 22
530.0
 32
0.0
 13
265.0
 23
530.0
 33
0.0
  0
MTEXT
  5
21CC
330
1A09
100
AcDbEntity
  8
Dimensions
 62
     0
440
 16777216
100
AcDbMText
 10
165.0
 20
531.875
 30
0.0
 40
2.5
 41
0.0
 46
0.0
 71
     5
 72
     1
  1
200
 73
     1
 44
1.0
  0
POINT
  5
21CD
330
1A09
100
AcDbEntity
  8
Defpoints
 62
     0
440
 16777216
100
AcDbPoint
 10
65.0
 20
500.0
 30
0.0
  0
POINT
  5
21CE
330
1A09
100
AcDbEntity
  8
Defpoints
 62
     0
440
 16777216
100
AcDbPoint
 10
265.0
 20
488.0
 30
0.0
  0
POINT
  5
21CF
330
1A09
100
AcDbEntity
  8
Defpoints
 62
     0
440
 16777216
100
AcDbPoint
 10
265.0
 20
530.0
 30
0.0
  0
ENDBLK
  5
1A0B
330
1A09
100
AcDbEntity
  8
0
100
AcDbBlockEnd
  0
BLOCK
  5
1A20
330
1A1F
100
AcDbEntity
  8
0
100
AcDbBlockBegin
  2
*D100
 70
     1
 10
0.0
 20
0.0
 30
0.0
  3
*D100
  1

  0
LINE
  5
21D5
330
1A1F
100
AcDbEntity
  8
Dimensions
 62
     0
440
 16777216
370
    -2
100
AcDbLine
 10
265.0
 20
500.625
 30
0.0
 11
265.0
 21
531.25
 31
0.0
  0
LINE
  5
21D6
330
1A1F
100
AcDbEntity
  8
Dimensions
 62
     0
440
 16777216
370
    -2
100
AcDbLine
 10
415.0
 20
488.625
 30
0.0
 11
415.0
 21
531.25
 31
0.0
  0
LINE
  5
21D7
330
1A1F
100
AcDbEntity
  8
Dimensions
 62
     0
440
 16777216
370
    -2
100
AcDbLine
 10
267.5
 20
530.0
 30
0.0
 11
412.5
 21
530.0
 31
0.0
  0
SOLID
  5
21D8
330
1A1F
100
AcDbEntity
  8
Dimensions
 62
     0
440
 16777216
100
AcDbTrace
 10
267.5
 20
530.4166666666666
 30
0.0
 11
267.5
 21
529.5833333333333
 31
0.0
 12
265.0
 22
530.0
 32
0.0
 13
265.0
 23
530.0
 33
0.0
  0
SOLID
  5
21D9
330
1A1F
100
AcDbEntity
  8
Dimensions
 62
     0
440
 16777216
100
AcDbTrace
 10
412.5
 20
530.4166666666666
 30
0.0
 11
412.5
 21
529.5833333333333
 31
0.0
 12
415.0
 22
530.0
 32
0.0
 13
415.0
 23
530.0
 33
0.0
  0
MTEXT
  5
21DA
330
1A1F
100
AcDbEntity
  8
Dimensions
 62
     0
440
 16777216
100
AcDbMText
 10
340.0
 20
531.875
 30
0.0
 40
2.5
 41
0.0
 46
0.0
 71
     5
 72
     1
  1
150
 73
     1
 44
1.0
  0
POINT
  5
21DB
330
1A1F
100
AcDbEntity
  8
Defpoints
 62
     0
440
 16777216
100
AcDbPoint
 10
265.0
 20
500.0
 30
0.0
  0
POINT
  5
21DC
330
1A1F
100
AcDbEntity
  8
Defpoints
 62
     0
440
 16777216
100
AcDbPoint
 10
415.0
 20
488.0
 30
0.0
  0
POINT
  5
21DD
330
1A1F
100
AcDbEntity
  8
Defpoints
 62
     0
440
 16777216
100
AcDbPoint
 10
415.0
 20
530.0
 30
0.0
  0
ENDBLK
  5
1A21
330
1A1F
100
AcDbEntity
  8
0
100
AcDbBlockEnd
  0
BLOCK
  5
1A39
330
1A38
100
AcDbEntity
  8
0
100
AcDbBlockBegin
  2
*D101
 70
     1
 10
0.0
 20
0.0
 30
0.0
  3
*D101
  1

  0
LINE
  5
1A3B
330
1A38
100
AcDbEntity
  8
Dimensions
 62
     0
440
 16777216
370
    -2
100
AcDbLine
 10
426.9150808657137
 20
499.9150808657138
 30
0.0
 11
417.8284271247462
 21
490.8284271247463
 31
0.0
  0
LINE
  5
1A3C
330
1A38
100
AcDbEntity
  8
Dimensions
 62
     0
440
 16777216
370
    -2
100
AcDbLine
 10
412.1715728752539
 20
485.171572875254
 30
0.0
 11
410.4038059222875
 21
483.4038059222876
 31
0.0
  0
MTEXT
  5
1A3D
330
1A38
100
AcDbEntity
  8
Dimensions
 62
     0
440
 16777216
100
AcDbMText
 10
423.6741747852754
 20
499.3258252147249
 30
0.0
 40
2.5
 41
0.0
 46
0.0
 71
     5
 72
     1
  1
∅3
 11
0.7071067811865476
 21
0.7071067811865475
 31
0.0
 73
     1
 44
1.0
  0
LINE
  5
1A3E
330
1A38
100
AcDbEntity
  8
Dimensions
 62
     0
440
 16777216
370
    -2
100
AcDbLine
 10
413.9393398282203
 20
486.9393398282203
 30
0.0
 11
416.0606601717798
 21
489.0606601717799
 31
0.0
  0
SOLID
  5
1A3F
330
1A38
100
AcDbEntity
  8
Dimensions
 62
     0
440
 16777216
100
AcDbTrace
 10
411.8769450497596
 20
485.4662007007483
 30
0.0
 11
412.4662007007483
 21
484.8769450497595
 31
0.0
 12
413.9393398282203
 22
486.9393398282203
 32
0.0
 13
413.9393398282203
 23
486.9393398282203
 33
0.0
  0
SOLID
  5
1A40
330
1A38
100
AcDbEntity
  8
Dimensions
 62
     0
440
 16777216
100
AcDbTrace
 10
417.5337992992519
 20
491.1230549502406
 30
0.0
 11
418.1230549502406
 21
490.5337992992519
 31
0.0
 12
416.0606601717798
 22
489.0606601717799
 32
0.0
 13
416.0606601717798
 23
489.0606601717799
 33
0.0
  0
POINT
  5
1A41
330
1A38
100
AcDbEntity
  8
Defpoints
 62
     0
440
 16777216
100
AcDbPoint
 10
416.0606601717798
 20
489.0606601717799
 30
0.0
  0
POINT
  5
1A42
330
1A38
100
AcDbEntity
  8
Defpoints
 62
     0
440
 16777216
100
AcDbPoint
 10
413.9393398282203
 20
486.9393398282203
 30
0.0
  0
ENDBLK
  5
1A3A
330
1A38
100
AcDbEntity
  8
0
100
AcDbBlockEnd
  0
BLOCK
  5
1A48
330
1A47
100
AcDbEntity
  8
0
100
AcDbBlockBegin
  2
*D102
 70
     1
 10
0.0
 20
0.0
 30
0.0
  3
*D102
  1

  0
LINE
  5
1E49
330
1A47
100
AcDbEntity
  8
Dimensions
 62
     0
440
 16777216
370
    -2
100
AcDbLine
 10
276.9150808657138
 20
499.9150808657138
 30
0.0
 11
267.8284271247462
 21
490.8284271247462
 31
0.0
  0
LINE
  5
1E4A
330
1A47
100
AcDbEntity
  8
Dimensions
 62
     0
440
 16777216
370
    -2
100
AcDbLine
 10
262.171572875254
 20
485.1715728752541
 30
0.0
 11
260.4038059222877
 21
483.4038059222877
 31
0.0
  0
MTEXT
  5
1E4B
330
1A47
100
AcDbEntity
  8
Dimensions
 62
     0
440
 16777216
100
AcDbMText
 10
273.6741747852755
 20
499.3258252147249
 30
0.0
 40
2.5
 41
0.0
 46
0.0
 71
     5
 72
     1
  1
∅3
 11
0.7071067811865476
 21
0.7071067811865475
 31
0.0
 73
     1
 44
1.0
  0
LINE
  5
1E4C
330
1A47
100
AcDbEntity
  8
Dimensions
 62
     0
440
 16777216
370
    -2
100
AcDbLine
 10
263.9393398282205
 20
486.9393398282205
 30
0.0
 11
266.0606601717798
 21
489.0606601717799
 31
0.0
  0
SOLID
  5
1E4D
330
1A47
100
AcDbEntity
  8
Dimensions
 62
     0
440
 16777216
100
AcDbTrace
 10
261.8769450497597
 20
485.4662007007485
 30
0.0
 11
262.4662007007485
 21
484.8769450497597
 31
0.0
 12
263.9393398282205
 22
486.9393398282205
 32
0.0
 13
263.9393398282205
 23
486.9393398282205
 33
0.0
  0
SOLID
  5
1E4E
330
1A47
100
AcDbEntity
  8
Dimensions
 62
     0
440
 16777216
100
AcDbTrace
 10
267.5337992992518
 20
491.1230549502406
 30
0.0
 11
268.1230549502406
 21
490.5337992992518
 31
0.0
 12
266.0606601717798
 22
489.0606601717799
 32
0.0
 13
266.0606601717798
 23
489.0606601717799
 33
0.0
  0
POINT
  5
1E4F
330
1A47
100
AcDbEntity
  8
Defpoints
 62
     0
440
 16777216
100
AcDbPoint
 10
266.0606601717798
 20
489.0606601717799
 30
0.0
  0
POINT
  5
1E50
330
1A47
100
AcDbEntity
  8
Defpoints
 62
     0
440
 16777216
100
AcDbPoint
 10
263.9393398282205
 20
486.9393398282205
 30
0.0
  0
ENDBLK
  5
1A49
330
1A47
100
AcDbEntity
  8
0
100
AcDbBlockEnd
  0
BLOCK
  5
1A57
330
1A56
100
AcDbEntity
  8
0
100
AcDbBlockBegin
  2
*D103
 70
     1
 10
0.0
 20
0.0
 30
0.0
  3
*D103
  1

  0
LINE
  5
1E51
330
1A56
100
AcDbEntity
  8
Dimensions
 62
     0
440
 16777216
370
    -2
100
AcDbLine
 10
76.91508086571369
 20
499.9150808657137
 30
0.0
 11
67.82842712474624
 21
490.8284271247463
 31
0.0
  0
LINE
  5
1E52
330
1A56
100
AcDbEntity
  8
Dimensions
 62
     0
440
 16777216
370
    -2
100
AcDbLine
 10
62.17157287525393
 20
485.171572875254
 30
0.0
 11
60.40380592228754
 21
483.4038059222875
 31
0.0
  0
MTEXT
  5
1E53
330
1A56
100
AcDbEntity
  8
Dimensions
 62
     0
440
 16777216
100
AcDbMText
 10
73.67417478527546
 20
499.3258252147249
 30
0.0
 40
2.5
 41
0.0
 46
0.0
 71
     5
 72
     1
  1
∅3
 11
0.7071067811865476
 21
0.7071067811865475
 31
0.0
 73
     1
 44
1.0
  0
LINE
  5
1E54
330
1A56
100
AcDbEntity
  8
Dimensions
 62
     0
440
 16777216
370
    -2
100
AcDbLine
 10
63.93933982822031
 20
486.9393398282204
 30
0.0
 11
66.06066017177986
 21
489.0606601717799
 31
0.0
  0
SOLID
  5
1E55
330
1A56
100
AcDbEntity
  8
Dimensions
 62
     0
440
 16777216
100
AcDbTrace
 10
61.87694504975951
 20
485.4662007007484
 30
0.0
 11
62.46620070074834
 21
484.8769450497595
 31
0.0
 12
63.93933982822031
 22
486.9393398282204
 32
0.0
 13
63.93933982822031
 23
486.9393398282204
 33
0.0
  0
SOLID
  5
1E56
330
1A56
100
AcDbEntity
  8
Dimensions
 62
     0
440
 16777216
100
AcDbTrace
 10
67.53379929925182
 20
491.1230549502407
 30
0.0
 11
68.12305495024066
 21
490.5337992992518
 31
0.0
 12
66.06066017177986
 22
489.0606601717799
 32
0.0
 13
66.06066017177986
 23
489.0606601717799
 33
0.0
  0
POINT
  5
1E57
330
1A56
100
AcDbEntity
  8
Defpoints
 62
     0
440
 16777216
100
AcDbPoint
 10
66.06066017177986
 20
489.0606601717799
 30
0.0
  0
POINT
  5
1E58
330
1A56
100
AcDbEntity
  8
Defpoints
 62
     0
440
 16777216
100
AcDbPoint
 10
63.93933982822031
 20
486.9393398282204
 30
0.0
  0
ENDBLK
  5
1A58
330
1A56
100
AcDbEntity
  8
0
100
AcDbBlockEnd
  0
BLOCK
  5
1A94
330
1A93
100
AcDbEntity
  8
0
100
AcDbBlockBegin
  2
*D104
 70
     1
 10
0.0
 20
0.0
 30
0.0
  3
*D104
  1

  0
LINE
  5
22D5
330
1A93
100
AcDbEntity
  8
Dimensions
 62
     0
440
 16777216
370
    -2
100
AcDbLine
 10
500.6250000000002
 20
500.0000000000002
 30
0.0
 11
521.2500000000003
 21
500.0000000000002
 31
0.0
  0
LINE
  5
22D6
330
1A93
100
AcDbEntity
  8
Dimensions
 62
     0
440
 16777216
370
    -2
100
AcDbLine
 10
368.6250000000001
 20
335.0000000000001
 30
0.0
 11
521.2500000000003
 21
335.0000000000002
 31
0.0
  0
LINE
  5
22D7
330
1A93
100
AcDbEntity
  8
Dimensions
 62
     0
440
 16777216
370
    -2
100
AcDbLine
 10
520.0000000000003
 20
497.5000000000002
 30
0.0
 11
520.0000000000003
 21
337.5000000000002
 31
0.0
  0
SOLID
  5
22D8
330
1A93
100
AcDbEntity
  8
Dimensions
 62
     0
440
 16777216
100
AcDbTrace
 10
519.5833333333337
 20
497.5000000000002
 30
0.0
 11
520.416666666667
 21
497.5000000000002
 31
0.0
 12
520.0000000000003
 22
500.0000000000002
 32
0.0
 13
520.0000000000003
 23
500.0000000000002
 33
0.0
  0
SOLID
  5
22D9
330
1A93
100
AcDbEntity
  8
Dimensions
 62
     0
440
 16777216
100
AcDbTrace
 10
519.5833333333337
 20
337.5000000000002
 30
0.0
 11
520.416666666667
 21
337.5000000000002
 31
0.0
 12
520.0000000000003
 22
335.0000000000002
 32
0.0
 13
520.0000000000003
 23
335.0000000000002
 33
0.0
  0
MTEXT
  5
22DA
330
1A93
100
AcDbEntity
  8
Dimensions
 62
     0
440
 16777216
100
AcDbMText
 10
518.1250000000003
 20
417.4999999999999
 30
0.0
 40
2.5
 41
0.0
 46
0.0
 71
     5
 72
     1
  1
165
 11
0.0000000000000001
 21
1.0
 31
0.0
 73
     1
 44
1.0
  0
POINT
  5
22DB
330
1A93
100
AcDbEntity
  8
Defpoints
 62
     0
440
 16777216
100
AcDbPoint
 10
500.0000000000002
 20
500.0000000000002
 30
0.0
  0
POINT
  5
22DC
330
1A93
100
AcDbEntity
  8
Defpoints
 62
     0
440
 16777216
100
AcDbPoint
 10
368.0000000000001
 20
335.0000000000001
 30
0.0
  0
POINT
  5
22DD
330
1A93
100
AcDbEntity
  8
Defpoints
 62
     0
440
 16777216
100
AcDbPoint
 10
520.0000000000003
 20
335.0000000000002
 30
0.0
  0
ENDBLK
  5
1A95
330
1A93
100
AcDbEntity
  8
0
100
AcDbBlockEnd
  0
BLOCK
  5
1AB3
330
1AB2
100
AcDbEntity
  8
0
100
AcDbBlockBegin
  2
*D105
 70
     1
 10
0.0
 20
0.0
 30
0.0
  3
*D105
  1

  0
LINE
  5
1C2B
330
1AB2
100
AcDbEntity
  8
Dimensions
 62
     0
440
 16777216
370
    -2
100
AcDbLine
 10
500.0
 20
0.625
 30
0.0
 11
500.0
 21
171.25
 31
0.0
  0
LINE
  5
1C2C
330
1AB2
100
AcDbEntity
  8
Dimensions
 62
     0
440
 16777216
370
    -2
100
AcDbLine
 10
493.0
 20
334.375
 30
0.0
 11
493.0
 21
168.75
 31
0.0
  0
LINE
  5
1C2D
330
1AB2
100
AcDbEntity
  8
Dimensions
 62
     0
440
 16777216
370
    -2
100
AcDbLine
 10
497.5
 20
170.0
 30
0.0
 11
495.5
 21
170.0
 31
0.0
  0
SOLID
  5
1C2E
330
1AB2
100
AcDbEntity
  8
Dimensions
 62
     0
440
 16777216
100
AcDbTrace
 10
497.5
 20
170.4166666666666
 30
0.0
 11
497.5
 21
169.5833333333333
 31
0.0
 12
500.0
 22
170.0
 32
0.0
 13
500.0
 23
170.0
 33
0.0
  0
SOLID
  5
1C2F
330
1AB2
100
AcDbEntity
  8
Dimensions
 62
     0
440
 16777216
100
AcDbTrace
 10
495.5
 20
170.4166666666666
 30
0.0
 11
495.5
 21
169.5833333333333
 31
0.0
 12
493.0
 22
170.0
 32
0.0
 13
493.0
 23
170.0
 33
0.0
  0
MTEXT
  5
1C30
330
1AB2
100
AcDbEntity
  8
Dimensions
 62
     0
440
 16777216
100
AcDbMText
 10
496.4999999999999
 20
171.875
 30
0.0
 40
2.5
 41
0.0
 46
0.0
 71
     5
 72
     1
  1
7
 73
     1
 44
1.0
  0
POINT
  5
1C31
330
1AB2
100
AcDbEntity
  8
Defpoints
 62
     0
440
 16777216
100
AcDbPoint
 10
500.0
 20
0.0
 30
0.0
  0
POINT
  5
1C32
330
1AB2
100
AcDbEntity
  8
Defpoints
 62
     0
440
 16777216
100
AcDbPoint
 10
493.0
 20
335.0
 30
0.0
  0
POINT
  5
1C33
330
1AB2
100
AcDbEntity
  8
Defpoints
 62
     0
440
 16777216
100
AcDbPoint
 10
493.0
 20
170.0
 30
0.0
  0
ENDBLK
  5
1AB4
330
1AB2
100
AcDbEntity
  8
0
100
AcDbBlockEnd
  0
BLOCK
  5
1AD3
330
1AD2
100
AcDbEntity
  8
0
100
AcDbBlockBegin
  2
*D106
 70
     1
 10
0.0
 20
0.0
 30
0.0
  3
*D106
  1

  0
LINE
  5
1C3D
330
1AD2
100
AcDbEntity
  8
Dimensions
 62
     0
440
 16777216
370
    -2
100
AcDbLine
 10
493.0
 20
170.625
 30
0.0
 11
493.0
 21
171.25
 31
0.0
  0
LINE
  5
1C3E
330
1AD2
100
AcDbEntity
  8
Dimensions
 62
     0
440
 16777216
370
    -2
100
AcDbLine
 10
368.0
 20
334.375
 30
0.0
 11
368.0
 21
168.75
 31
0.0
  0
LINE
  5
1C3F
330
1AD2
100
AcDbEntity
  8
Dimensions
 62
     0
440
 16777216
370
    -2
100
AcDbLine
 10
490.5
 20
170.0
 30
0.0
 11
370.5
 21
170.0
 31
0.0
  0
SOLID
  5
1C40
330
1AD2
100
AcDbEntity
  8
Dimensions
 62
     0
440
 16777216
100
AcDbTrace
 10
490.5
 20
170.4166666666666
 30
0.0
 11
490.5
 21
169.5833333333333
 31
0.0
 12
493.0
 22
170.0
 32
0.0
 13
493.0
 23
170.0
 33
0.0
  0
SOLID
  5
1C41
330
1AD2
100
AcDbEntity
  8
Dimensions
 62
     0
440
 16777216
100
AcDbTrace
 10
370.5
 20
170.4166666666666
 30
0.0
 11
370.5
 21
169.5833333333333
 31
0.0
 12
368.0
 22
170.0
 32
0.0
 13
368.0
 23
170.0
 33
0.0
  0
MTEXT
  5
1C42
330
1AD2
100
AcDbEntity
  8
Dimensions
 62
     0
440
 16777216
100
AcDbMText
 10
430.4999999999999
 20
171.875
 30
0.0
 40
2.5
 41
0.0
 46
0.0
 71
     5
 72
     1
  1
125
 73
     1
 44
1.0
  0
POINT
  5
1C43
330
1AD2
100
AcDbEntity
  8
Defpoints
 62
     0
440
 16777216
100
AcDbPoint
 10
493.0
 20
170.0
 30
0.0
  0
POINT
  5
1C44
330
1AD2
100
AcDbEntity
  8
Defpoints
 62
     0
440
 16777216
100
AcDbPoint
 10
368.0
 20
335.0
 30
0.0
  0
POINT
  5
1C45
330
1AD2
100
AcDbEntity
  8
Defpoints
 62
     0
440
 16777216
100
AcDbPoint
 10
368.0
 20
170.0
 30
0.0
  0
ENDBLK
  5
1AD4
330
1AD2
100
AcDbEntity
  8
0
100
AcDbBlockEnd
  0
BLOCK
  5
1AFE
330
1AFD
100
AcDbEntity
  8
0
100
AcDbBlockBegin
  2
*D107
 70
     1
 10
0.0
 20
0.0
 30
0.0
  3
*D107
  1

  0
LINE
  5
1E59
330
1AFD
100
AcDbEntity
  8
Dimensions
 62
     0
440
 16777216
370
    -2
100
AcDbLine
 10
375.719577730801
 20
191.5793665962018
 30
0.0
 11
371.3282011773514
 21
184.9923017660272
 31
0.0
  0
LINE
  5
1E5A
330
1AFD
100
AcDbEntity
  8
Dimensions
 62
     0
440
 16777216
370
    -2
100
AcDbLine
 10
364.6717988226487
 20
175.0076982339731
 30
0.0
 11
363.2850483320856
 21
172.9275724981285
 31
0.0
  0
MTEXT
  5
1E5B
330
1AFD
100
AcDbEntity
  8
Dimensions
 62
     0
440
 16777216
100
AcDbMText
 10
372.6571703974743
 20
190.3659599169591
 30
0.0
 40
2.5
 41
0.0
 46
0.0
 71
     5
 72
     1
  1
∅7
 11
0.5547001962252272
 21
0.832050294337845
 31
0.0
 73
     1
 44
1.0
  0
LINE
  5
1E5C
330
1AFD
100
AcDbEntity
  8
Dimensions
 62
     0
440
 16777216
370
    -2
100
AcDbLine
 10
366.0585493132118
 20
177.0878239698177
 30
0.0
 11
369.9414506867882
 21
182.9121760301826
 31
0.0
  0
SOLID
  5
1E5D
330
1AFD
100
AcDbEntity
  8
Dimensions
 62
     0
440
 16777216
100
AcDbTrace
 10
364.3251112000079
 20
175.2388233157336
 30
0.0
 11
365.0184864452894
 21
174.7765731522126
 31
0.0
 12
366.0585493132118
 22
177.0878239698177
 32
0.0
 13
366.0585493132118
 23
177.0878239698177
 33
0.0
  0
SOLID
  5
1E5E
330
1AFD
100
AcDbEntity
  8
Dimensions
 62
     0
440
 16777216
100
AcDbTrace
 10
370.9815135547105
 20
185.2234268477877
 30
0.0
 11
371.6748887999921
 21
184.7611766842667
 31
0.0
 12
369.9414506867882
 22
182.9121760301826
 32
0.0
 13
369.9414506867882
 23
182.9121760301826
 33
0.0
  0
POINT
  5
1E5F
330
1AFD
100
AcDbEntity
  8
Defpoints
 62
     0
440
 16777216
100
AcDbPoint
 10
369.9414506867882
 20
182.9121760301826
 30
0.0
  0
POINT
  5
1E60
330
1AFD
100
AcDbEntity
  8
Defpoints
 62
     0
440
 16777216
100
AcDbPoint
 10
366.0585493132118
 20
177.0878239698177
 30
0.0
  0
ENDBLK
  5
1AFF
330
1AFD
100
AcDbEntity
  8
0
100
AcDbBlockEnd
  0
BLOCK
  5
1B0D
330
1B0C
100
AcDbEntity
  8
0
100
AcDbBlockBegin
  2
*D108
 70
     1
 10
0.0
 20
0.0
 30
0.0
  3
*D108
  1

  0
LINE
  5
1E61
330
1B0C
100
AcDbEntity
  8
Dimensions
 62
     0
440
 16777216
370
    -2
100
AcDbLine
 10
500.7195777308009
 20
191.5793665962018
 30
0.0
 11
496.3282011773513
 21
184.9923017660272
 31
0.0
  0
LINE
  5
1E62
330
1B0C
100
AcDbEntity
  8
Dimensions
 62
     0
440
 16777216
370
    -2
100
AcDbLine
 10
489.6717988226488
 20
175.0076982339731
 30
0.0
 11
488.2850483320858
 21
172.9275724981285
 31
0.0
  0
MTEXT
  5
1E63
330
1B0C
100
AcDbEntity
  8
Dimensions
 62
     0
440
 16777216
100
AcDbMText
 10
497.657170397474
 20
190.3659599169591
 30
0.0
 40
2.5
 41
0.0
 46
0.0
 71
     5
 72
     1
  1
∅7
 11
0.5547001962252121
 21
0.8320502943378549
 31
0.0
 73
     1
 44
1.0
  0
LINE
  5
1E64
330
1B0C
100
AcDbEntity
  8
Dimensions
 62
     0
440
 16777216
370
    -2
100
AcDbLine
 10
491.0585493132118
 20
177.0878239698178
 30
0.0
 11
494.9414506867882
 21
182.9121760301826
 31
0.0
  0
SOLID
  5
1E65
330
1B0C
100
AcDbEntity
  8
Dimensions
 62
     0
440
 16777216
100
AcDbTrace
 10
489.3251112000079
 20
175.2388233157336
 30
0.0
 11
490.0184864452895
 21
174.7765731522126
 31
0.0
 12
491.0585493132118
 22
177.0878239698178
 32
0.0
 13
491.0585493132118
 23
177.0878239698178
 33
0.0
  0
SOLID
  5
1E66
330
1B0C
100
AcDbEntity
  8
Dimensions
 62
     0
440
 16777216
100
AcDbTrace
 10
495.9815135547105
 20
185.2234268477877
 30
0.0
 11
496.6748887999921
 21
184.7611766842667
 31
0.0
 12
494.9414506867882
 22
182.9121760301826
 32
0.0
 13
494.9414506867882
 23
182.9121760301826
 33
0.0
  0
POINT
  5
1E67
330
1B0C
100
AcDbEntity
  8
Defpoints
 62
     0
440
 16777216
100
AcDbPoint
 10
494.9414506867882
 20
182.9121760301826
 30
0.0
  0
POINT
  5
1E68
330
1B0C
100
AcDbEntity
  8
Defpoints
 62
     0
440
 16777216
100
AcDbPoint
 10
491.0585493132118
 20
177.0878239698178
 30
0.0
  0
ENDBLK
  5
1B0E
330
1B0C
100
AcDbEntity
  8
0
100
AcDbBlockEnd
  0
BLOCK
  5
1B1C
330
1B1B
100
AcDbEntity
  8
0
100
AcDbBlockBegin
  2
*D109
 70
     1
 10
0.0
 20
0.0
 30
0.0
  3
*D109
  1

  0
LINE
  5
1E69
330
1B1B
100
AcDbEntity
  8
Dimensions
 62
     0
440
 16777216
370
    -2
100
AcDbLine
 10
500.7195777308012
 20
346.579366596202
 30
0.0
 11
496.3282011773515
 21
339.9923017660273
 31
0.0
  0
LINE
  5
1E6A
330
1B1B
100
AcDbEntity
  8
Dimensions
 62
     0
440
 16777216
370
    -2
100
AcDbLine
 10
489.6717988226488
 20
330.0076982339731
 30
0.0
 11
488.2850483320858
 21
327.9275724981285
 31
0.0
  0
MTEXT
  5
1E6B
330
1B1B
100
AcDbEntity
  8
Dimensions
 62
     0
440
 16777216
100
AcDbMText
 10
497.6571703974743
 20
345.3659599169593
 30
0.0
 40
2.5
 41
0.0
 46
0.0
 71
     5
 72
     1
  1
∅7
 11
0.5547001962252213
 21
0.8320502943378489
 31
0.0
 73
     1
 44
1.0
  0
LINE
  5
1E6C
330
1B1B
100
AcDbEntity
  8
Dimensions
 62
     0
440
 16777216
370
    -2
100
AcDbLine
 10
491.0585493132118
 20
332.0878239698178
 30
0.0
 11
494.9414506867884
 21
337.9121760301826
 31
0.0
  0
SOLID
  5
1E6D
330
1B1B
100
AcDbEntity
  8
Dimensions
 62
     0
440
 16777216
100
AcDbTrace
 10
489.325111200008
 20
330.2388233157336
 30
0.0
 11
490.0184864452895
 21
329.7765731522126
 31
0.0
 12
491.0585493132118
 22
332.0878239698178
 32
0.0
 13
491.0585493132118
 23
332.0878239698178
 33
0.0
  0
SOLID
  5
1E6E
330
1B1B
100
AcDbEntity
  8
Dimensions
 62
     0
440
 16777216
100
AcDbTrace
 10
495.9815135547107
 20
340.2234268477879
 30
0.0
 11
496.6748887999922
 21
339.7611766842668
 31
0.0
 12
494.9414506867884
 22
337.9121760301826
 32
0.0
 13
494.9414506867884
 23
337.9121760301826
 33
0.0
  0
POINT
  5
1E6F
330
1B1B
100
AcDbEntity
  8
Defpoints
 62
     0
440
 16777216
100
AcDbPoint
 10
494.9414506867884
 20
337.9121760301826
 30
0.0
  0
POINT
  5
1E70
330
1B1B
100
AcDbEntity
  8
Defpoints
 62
     0
440
 16777216
100
AcDbPoint
 10
491.0585493132118
 20
332.0878239698178
 30
0.0
  0
ENDBLK
  5
1B1D
330
1B1B
100
AcDbEntity
  8
0
100
AcDbBlockEnd
  0
BLOCK
  5
1B2B
330
1B2A
100
AcDbEntity
  8
0
100
AcDbBlockBegin
  2
*D110
 70
     1
 10
0.0
 20
0.0
 30
0.0
  3
*D110
  1

  0
LINE
  5
1B2D
330
1B2A
100
AcDbEntity
  8
Dimensions
 62
     0
440
 16777216
370
    -2
100
AcDbLine
 10
375.719577730801
 20
346.5793665962018
 30
0.0
 11
371.3282011773513
 21
339.9923017660272
 31
0.0
  0
LINE
  5
1B2E
330
1B2A
100
AcDbEntity
  8
Dimensions
 62
     0
440
 16777216
370
    -2
100
AcDbLine
 10
364.6717988226488
 20
330.0076982339732
 30
0.0
 11
363.2850483320857
 21
327.9275724981285
 31
0.0
  0
MTEXT
  5
1B2F
330
1B2A
100
AcDbEntity
  8
Dimensions
 62
     0
440
 16777216
100
AcDbMText
 10
372.6571703974741
 20
345.3659599169591
 30
0.0
 40
2.5
 41
0.0
 46
0.0
 71
     5
 72
     1
  1
∅7
 11
0.5547001962252213
 21
0.8320502943378489
 31
0.0
 73
     1
 44
1.0
  0
LINE
  5
1B30
330
1B2A
100
AcDbEntity
  8
Dimensions
 62
     0
440
 16777216
370
    -2
100
AcDbLine
 10
366.0585493132118
 20
332.0878239698178
 30
0.0
 11
369.9414506867882
 21
337.9121760301826
 31
0.0
  0
SOLID
  5
1B31
330
1B2A
100
AcDbEntity
  8
Dimensions
 62
     0
440
 16777216
100
AcDbTrace
 10
364.325111200008
 20
330.2388233157336
 30
0.0
 11
365.0184864452896
 21
329.7765731522126
 31
0.0
 12
366.0585493132118
 22
332.0878239698178
 32
0.0
 13
366.0585493132118
 23
332.0878239698178
 33
0.0
  0
SOLID
  5
1B32
330
1B2A
100
AcDbEntity
  8
Dimensions
 62
     0
440
 16777216
100
AcDbTrace
 10
370.9815135547105
 20
340.2234268477877
 30
0.0
 11
371.6748887999921
 21
339.7611766842667
 31
0.0
 12
369.9414506867882
 22
337.9121760301826
 32
0.0
 13
369.9414506867882
 23
337.9121760301826
 33
0.0
  0
POINT
  5
1B33
330
1B2A
100
AcDbEntity
  8
Defpoints
 62
     0
440
 16777216
100
AcDbPoint
 10
369.9414506867882
 20
337.9121760301826
 30
0.0
  0
POINT
  5
1B34
330
1B2A
100
AcDbEntity
  8
Defpoints
 62
     0
440
 16777216
100
AcDbPoint
 10
366.0585493132118
 20
332.0878239698178
 30
0.0
  0
ENDBLK
  5
1B2C
330
1B2A
100
AcDbEntity
  8
0
100
AcDbBlockEnd
  0
BLOCK
  5
1B52
330
1B51
100
AcDbEntity
  8
0
100
AcDbBlockBegin
  2
*D111
 70
     1
 10
0.0
 20
0.0
 30
0.0
  3
*D111
  1

  0
LINE
  5
1BF5
330
1B51
100
AcDbEntity
  8
Dimensions
 62
     0
440
 16777216
370
    -2
100
AcDbLine
 10
500.0
 20
242.375
 30
0.0
 11
500.0
 21
231.75
 31
0.0
  0
LINE
  5
1BF6
330
1B51
100
AcDbEntity
  8
Dimensions
 62
     0
440
 16777216
370
    -2
100
AcDbLine
 10
478.0
 20
314.375
 30
0.0
 11
478.0
 21
231.75
 31
0.0
  0
LINE
  5
1BF7
330
1B51
100
AcDbEntity
  8
Dimensions
 62
     0
440
 16777216
370
    -2
100
AcDbLine
 10
497.5
 20
233.0
 30
0.0
 11
480.4999999999999
 21
233.0
 31
0.0
  0
SOLID
  5
1BF8
330
1B51
100
AcDbEntity
  8
Dimensions
 62
     0
440
 16777216
100
AcDbTrace
 10
497.5
 20
233.4166666666666
 30
0.0
 11
497.5
 21
232.5833333333334
 31
0.0
 12
500.0
 22
233.0
 32
0.0
 13
500.0
 23
233.0
 33
0.0
  0
SOLID
  5
1BF9
330
1B51
100
AcDbEntity
  8
Dimensions
 62
     0
440
 16777216
100
AcDbTrace
 10
480.4999999999999
 20
233.4166666666666
 30
0.0
 11
480.4999999999999
 21
232.5833333333334
 31
0.0
 12
478.0
 22
233.0
 32
0.0
 13
478.0
 23
233.0
 33
0.0
  0
MTEXT
  5
1BFA
330
1B51
100
AcDbEntity
  8
Dimensions
 62
     0
440
 16777216
100
AcDbMText
 10
489.0
 20
234.875
 30
0.0
 40
2.5
 41
0.0
 46
0.0
 71
     5
 72
     1
  1
22
 73
     1
 44
1.0
  0
POINT
  5
1BFB
330
1B51
100
AcDbEntity
  8
Defpoints
 62
     0
440
 16777216
100
AcDbPoint
 10
500.0
 20
243.0
 30
0.0
  0
POINT
  5
1BFC
330
1B51
100
AcDbEntity
  8
Defpoints
 62
     0
440
 16777216
100
AcDbPoint
 10
478.0
 20
315.0
 30
0.0
  0
POINT
  5
1BFD
330
1B51
100
AcDbEntity
  8
Defpoints
 62
     0
440
 16777216
100
AcDbPoint
 10
478.0
 20
233.0
 30
0.0
  0
ENDBLK
  5
1B53
330
1B51
100
AcDbEntity
  8
0
100
AcDbBlockEnd
  0
BLOCK
  5
1C48
330
1C47
100
AcDbEntity
  8
0
100
AcDbBlockBegin
  2
*D112
 70
     1
 10
0.0
 20
0.0
 30
0.0
  3
*D112
  1

  0
LINE
  5
1C60
330
1C47
100
AcDbEntity
  8
Dimensions
 62
     0
440
 16777216
370
    -2
100
AcDbLine
 10
478.0
 20
242.375
 30
0.0
 11
478.0
 21
231.75
 31
0.0
  0
LINE
  5
1C61
330
1C47
100
AcDbEntity
  8
Dimensions
 62
     0
440
 16777216
370
    -2
100
AcDbLine
 10
431.0
 20
314.375
 30
0.0
 11
431.0
 21
231.75
 31
0.0
  0
LINE
  5
1C62
330
1C47
100
AcDbEntity
  8
Dimensions
 62
     0
440
 16777216
370
    -2
100
AcDbLine
 10
475.4999999999999
 20
233.0
 30
0.0
 11
433.4999999999999
 21
233.0
 31
0.0
  0
SOLID
  5
1C63
330
1C47
100
AcDbEntity
  8
Dimensions
 62
     0
440
 16777216
100
AcDbTrace
 10
475.4999999999999
 20
233.4166666666666
 30
0.0
 11
475.4999999999999
 21
232.5833333333334
 31
0.0
 12
478.0
 22
233.0
 32
0.0
 13
478.0
 23
233.0
 33
0.0
  0
SOLID
  5
1C64
330
1C47
100
AcDbEntity
  8
Dimensions
 62
     0
440
 16777216
100
AcDbTrace
 10
433.4999999999999
 20
233.4166666666666
 30
0.0
 11
433.4999999999999
 21
232.5833333333334
 31
0.0
 12
431.0
 22
233.0
 32
0.0
 13
431.0
 23
233.0
 33
0.0
  0
MTEXT
  5
1C65
330
1C47
100
AcDbEntity
  8
Dimensions
 62
     0
440
 16777216
100
AcDbMText
 10
454.4999999999999
 20
234.875
 30
0.0
 40
2.5
 41
0.0
 46
0.0
 71
     5
 72
     1
  1
47
 73
     1
 44
1.0
  0
POINT
  5
1C66
330
1C47
100
AcDbEntity
  8
Defpoints
 62
     0
440
 16777216
100
AcDbPoint
 10
478.0
 20
243.0
 30
0.0
  0
POINT
  5
1C67
330
1C47
100
AcDbEntity
  8
Defpoints
 62
     0
440
 16777216
100
AcDbPoint
 10
431.0
 20
315.0
 30
0.0
  0
POINT
  5
1C68
330
1C47
100
AcDbEntity
  8
Defpoints
 62
     0
440
 16777216
100
AcDbPoint
 10
431.0
 20
233.0
 30
0.0
  0
ENDBLK
  5
1C49
330
1C47
100
AcDbEntity
  8
0
100
AcDbBlockEnd
  0
BLOCK
  5
1C55
330
1C54
100
AcDbEntity
  8
0
100
AcDbBlockBegin
  2
*D113
 70
     1
 10
0.0
 20
0.0
 30
0.0
  3
*D113
  1

  0
LINE
  5
1C69
330
1C54
100
AcDbEntity
  8
Dimensions
 62
     0
440
 16777216
370
    -2
100
AcDbLine
 10
431.0
 20
242.375
 30
0.0
 11
431.0
 21
231.75
 31
0.0
  0
LINE
  5
1C6A
330
1C54
100
AcDbEntity
  8
Dimensions
 62
     0
440
 16777216
370
    -2
100
AcDbLine
 10
384.0
 20
314.375
 30
0.0
 11
384.0
 21
231.75
 31
0.0
  0
LINE
  5
1C6B
330
1C54
100
AcDbEntity
  8
Dimensions
 62
     0
440
 16777216
370
    -2
100
AcDbLine
 10
428.5
 20
233.0
 30
0.0
 11
386.5
 21
233.0
 31
0.0
  0
SOLID
  5
1C6C
330
1C54
100
AcDbEntity
  8
Dimensions
 62
     0
440
 16777216
100
AcDbTrace
 10
428.5
 20
233.4166666666666
 30
0.0
 11
428.5
 21
232.5833333333334
 31
0.0
 12
431.0
 22
233.0
 32
0.0
 13
431.0
 23
233.0
 33
0.0
  0
SOLID
  5
1C6D
330
1C54
100
AcDbEntity
  8
Dimensions
 62
     0
440
 16777216
100
AcDbTrace
 10
386.5
 20
233.4166666666666
 30
0.0
 11
386.5
 21
232.5833333333334
 31
0.0
 12
384.0
 22
233.0
 32
0.0
 13
384.0
 23
233.0
 33
0.0
  0
MTEXT
  5
1C6E
330
1C54
100
AcDbEntity
  8
Dimensions
 62
     0
440
 16777216
100
AcDbMText
 10
407.5
 20
234.875
 30
0.0
 40
2.5
 41
0.0
 46
0.0
 71
     5
 72
     1
  1
47
 73
     1
 44
1.0
  0
POINT
  5
1C6F
330
1C54
100
AcDbEntity
  8
Defpoints
 62
     0
440
 16777216
100
AcDbPoint
 10
431.0
 20
243.0
 30
0.0
  0
POINT
  5
1C70
330
1C54
100
AcDbEntity
  8
Defpoints
 62
     0
440
 16777216
100
AcDbPoint
 10
384.0
 20
315.0
 30
0.0
  0
POINT
  5
1C71
330
1C54
100
AcDbEntity
  8
Defpoints
 62
     0
440
 16777216
100
AcDbPoint
 10
384.0
 20
233.0
 30
0.0
  0
ENDBLK
  5
1C56
330
1C54
100
AcDbEntity
  8
0
100
AcDbBlockEnd
  0
BLOCK
  5
1C81
330
1C80
100
AcDbEntity
  8
0
100
AcDbBlockBegin
  2
*D114
 70
     1
 10
0.0
 20
0.0
 30
0.0
  3
*D114
  1

  0
LINE
  5
1C8D
330
1C80
100
AcDbEntity
  8
Dimensions
 62
     0
440
 16777216
370
    -2
100
AcDbLine
 10
500.0
 20
169.375
 30
0.0
 11
500.0
 21
158.75
 31
0.0
  0
LINE
  5
1C8E
330
1C80
100
AcDbEntity
  8
Dimensions
 62
     0
440
 16777216
370
    -2
100
AcDbLine
 10
434.0
 20
334.375
 30
0.0
 11
434.0
 21
158.75
 31
0.0
  0
LINE
  5
1C8F
330
1C80
100
AcDbEntity
  8
Dimensions
 62
     0
440
 16777216
370
    -2
100
AcDbLine
 10
497.5
 20
160.0
 30
0.0
 11
436.5
 21
160.0
 31
0.0
  0
SOLID
  5
1C90
330
1C80
100
AcDbEntity
  8
Dimensions
 62
     0
440
 16777216
100
AcDbTrace
 10
497.5
 20
160.4166666666666
 30
0.0
 11
497.5
 21
159.5833333333333
 31
0.0
 12
500.0
 22
160.0
 32
0.0
 13
500.0
 23
160.0
 33
0.0
  0
SOLID
  5
1C91
330
1C80
100
AcDbEntity
  8
Dimensions
 62
     0
440
 16777216
100
AcDbTrace
 10
436.5
 20
160.4166666666666
 30
0.0
 11
436.5
 21
159.5833333333333
 31
0.0
 12
434.0
 22
160.0
 32
0.0
 13
434.0
 23
160.0
 33
0.0
  0
MTEXT
  5
1C92
330
1C80
100
AcDbEntity
  8
Dimensions
 62
     0
440
 16777216
100
AcDbMText
 10
467.0
 20
161.875
 30
0.0
 40
2.5
 41
0.0
 46
0.0
 71
     5
 72
     1
  1
66
 73
     1
 44
1.0
  0
POINT
  5
1C93
330
1C80
100
AcDbEntity
  8
Defpoints
 62
     0
440
 16777216
100
AcDbPoint
 10
500.0
 20
170.0
 30
0.0
  0
POINT
  5
1C94
330
1C80
100
AcDbEntity
  8
Defpoints
 62
     0
440
 16777216
100
AcDbPoint
 10
434.0
 20
335.0
 30
0.0
  0
POINT
  5
1C95
330
1C80
100
AcDbEntity
  8
Defpoints
 62
     0
440
 16777216
100
AcDbPoint
 10
434.0
 20
160.0
 30
0.0
  0
ENDBLK
  5
1C82
330
1C80
100
AcDbEntity
  8
0
100
AcDbBlockEnd
  0
BLOCK
  5
1EAB
330
1EAA
100
AcDbEntity
  8
0
100
AcDbBlockBegin
  2
*D115
 70
     1
 10
0.0
 20
0.0
 30
0.0
  3
*D115
  1

  0
LINE
  5
1EBF
330
1EAA
100
AcDbEntity
  8
Inscriptions
 62
     0
440
 16777216
370
    -2
100
AcDbLine
 10
0.0
 20
65.625
 30
0.0
 11
0.0000000000000007
 21
76.25
 31
0.0
  0
LINE
  5
1EC0
330
1EAA
100
AcDbEntity
  8
Inscriptions
 62
     0
440
 16777216
370
    -2
100
AcDbLine
 10
280.0
 20
65.625
 30
0.0
 11
280.0
 21
76.25
 31
0.0
  0
LINE
  5
1EC1
330
1EAA
100
AcDbEntity
  8
Inscriptions
 62
     0
440
 16777216
370
    -2
100
AcDbLine
 10
2.5
 20
75.0
 30
0.0
 11
277.5
 21
75.0
 31
0.0
  0
SOLID
  5
1EC2
330
1EAA
100
AcDbEntity
  8
Inscriptions
 62
     0
440
 16777216
100
AcDbTrace
 10
2.5
 20
75.41666666666667
 30
0.0
 11
2.5
 21
74.58333333333333
 31
0.0
 12
0.0000000000000006
 22
75.0
 32
0.0
 13
0.0000000000000006
 23
75.0
 33
0.0
  0
SOLID
  5
1EC3
330
1EAA
100
AcDbEntity
  8
Inscriptions
 62
     0
440
 16777216
100
AcDbTrace
 10
277.5
 20
75.41666666666667
 30
0.0
 11
277.5
 21
74.58333333333333
 31
0.0
 12
280.0
 22
75.0
 32
0.0
 13
280.0
 23
75.0
 33
0.0
  0
MTEXT
  5
1EC4
330
1EAA
100
AcDbEntity
  8
Inscriptions
 62
     0
440
 16777216
100
AcDbMText
 10
140.0
 20
76.875
 30
0.0
 40
2.5
 41
0.0
 46
0.0
 71
     5
 72
     1
  1
280
 73
     1
 44
1.0
  0
POINT
  5
1EC5
330
1EAA
100
AcDbEntity
  8
Defpoints
 62
     0
440
 16777216
100
AcDbPoint
 10
0.0
 20
65.0
 30
0.0
  0
POINT
  5
1EC6
330
1EAA
100
AcDbEntity
  8
Defpoints
 62
     0
440
 16777216
100
AcDbPoint
 10
280.0
 20
65.0
 30
0.0
  0
POINT
  5
1EC7
330
1EAA
100
AcDbEntity
  8
Defpoints
 62
     0
440
 16777216
100
AcDbPoint
 10
280.0
 20
75.0
 30
0.0
  0
ENDBLK
  5
1EAC
330
1EAA
100
AcDbEntity
  8
0
100
AcDbBlockEnd
  0
BLOCK
  5
1ECA
330
1EC9
100
AcDbEntity
  8
0
100
AcDbBlockBegin
  2
*D116
 70
     1
 10
0.0
 20
0.0
 30
0.0
  3
*D116
  1

  0
LINE
  5
1F4E
330
1EC9
100
AcDbEntity
  8
Inscriptions
 62
     0
440
 16777216
370
    -2
100
AcDbLine
 10
0.0
 20
135.625
 30
0.0
 11
0.000000000000023
 21
511.2499999999999
 31
0.0
  0
LINE
  5
1F4F
330
1EC9
100
AcDbEntity
  8
Inscriptions
 62
     0
440
 16777216
370
    -2
100
AcDbLine
 10
25.0
 20
135.625
 30
0.0
 11
25.00000000000002
 21
511.2499999999999
 31
0.0
  0
LINE
  5
1F50
330
1EC9
100
AcDbEntity
  8
Inscriptions
 62
     0
440
 16777216
370
    -2
100
AcDbLine
 10
2.500000000000023
 20
510.0
 30
0.0
 11
22.50000000000002
 21
510.0
 31
0.0
  0
SOLID
  5
1F51
330
1EC9
100
AcDbEntity
  8
Inscriptions
 62
     0
440
 16777216
100
AcDbTrace
 10
2.500000000000023
 20
510.4166666666666
 30
0.0
 11
2.500000000000023
 21
509.5833333333333
 31
0.0
 12
0.000000000000023
 22
510.0
 32
0.0
 13
0.000000000000023
 23
510.0
 33
0.0
  0
SOLID
  5
1F52
330
1EC9
100
AcDbEntity
  8
Inscriptions
 62
     0
440
 16777216
100
AcDbTrace
 10
22.50000000000002
 20
510.4166666666666
 30
0.0
 11
22.50000000000002
 21
509.5833333333333
 31
0.0
 12
25.00000000000002
 22
510.0
 32
0.0
 13
25.00000000000002
 23
510.0
 33
0.0
  0
MTEXT
  5
1F53
330
1EC9
100
AcDbEntity
  8
Inscriptions
 62
     0
440
 16777216
100
AcDbMText
 10
12.50000000000002
 20
511.875
 30
0.0
 40
2.5
 41
0.0
 46
0.0
 71
     5
 72
     1
  1
25
 73
     1
 44
1.0
  0
POINT
  5
1F54
330
1EC9
100
AcDbEntity
  8
Defpoints
 62
     0
440
 16777216
100
AcDbPoint
 10
0.0
 20
135.0
 30
0.0
  0
POINT
  5
1F55
330
1EC9
100
AcDbEntity
  8
Defpoints
 62
     0
440
 16777216
100
AcDbPoint
 10
25.0
 20
135.0
 30
0.0
  0
POINT
  5
1F56
330
1EC9
100
AcDbEntity
  8
Defpoints
 62
     0
440
 16777216
100
AcDbPoint
 10
25.00000000000002
 20
510.0
 30
0.0
  0
ENDBLK
  5
1ECB
330
1EC9
100
AcDbEntity
  8
0
100
AcDbBlockEnd
  0
BLOCK
  5
1EED
330
1EEC
100
AcDbEntity
  8
0
100
AcDbBlockBegin
  2
*D117
 70
     1
 10
0.0
 20
0.0
 30
0.0
  3
*D117
  1

  0
LINE
  5
1F26
330
1EEC
100
AcDbEntity
  8
Inscriptions
 62
     0
440
 16777216
370
    -2
100
AcDbLine
 10
25.0
 20
202.625
 30
0.0
 11
25.00000000000001
 21
351.25
 31
0.0
  0
LINE
  5
1F27
330
1EEC
100
AcDbEntity
  8
Inscriptions
 62
     0
440
 16777216
370
    -2
100
AcDbLine
 10
354.0
 20
135.625
 30
0.0
 11
354.0
 21
351.25
 31
0.0
  0
LINE
  5
1F28
330
1EEC
100
AcDbEntity
  8
Inscriptions
 62
     0
440
 16777216
370
    -2
100
AcDbLine
 10
27.50000000000001
 20
350.0
 30
0.0
 11
351.5
 21
350.0
 31
0.0
  0
SOLID
  5
1F29
330
1EEC
100
AcDbEntity
  8
Inscriptions
 62
     0
440
 16777216
100
AcDbTrace
 10
27.50000000000001
 20
350.4166666666667
 30
0.0
 11
27.50000000000001
 21
349.5833333333333
 31
0.0
 12
25.00000000000001
 22
350.0
 32
0.0
 13
25.00000000000001
 23
350.0
 33
0.0
  0
SOLID
  5
1F2A
330
1EEC
100
AcDbEntity
  8
Inscriptions
 62
     0
440
 16777216
100
AcDbTrace
 10
351.5
 20
350.4166666666667
 30
0.0
 11
351.5
 21
349.5833333333333
 31
0.0
 12
354.0
 22
350.0
 32
0.0
 13
354.0
 23
350.0
 33
0.0
  0
MTEXT
  5
1F2B
330
1EEC
100
AcDbEntity
  8
Inscriptions
 62
     0
440
 16777216
100
AcDbMText
 10
189.5
 20
351.875
 30
0.0
 40
2.5
 41
0.0
 46
0.0
 71
     5
 72
     1
  1
329
 73
     1
 44
1.0
  0
POINT
  5
1F2C
330
1EEC
100
AcDbEntity
  8
Defpoints
 62
     0
440
 16777216
100
AcDbPoint
 10
25.0
 20
202.0
 30
0.0
  0
POINT
  5
1F2D
330
1EEC
100
AcDbEntity
  8
Defpoints
 62
     0
440
 16777216
100
AcDbPoint
 10
354.0
 20
135.0
 30
0.0
  0
POINT
  5
1F2E
330
1EEC
100
AcDbEntity
  8
Defpoints
 62
     0
440
 16777216
100
AcDbPoint
 10
354.0
 20
350.0
 30
0.0
  0
ENDBLK
  5
1EEE
330
1EEC
100
AcDbEntity
  8
0
100
AcDbBlockEnd
  0
BLOCK
  5
1F31
330
1F30
100
AcDbEntity
  8
0
100
AcDbBlockBegin
  2
*D118
 70
     1
 10
0.0
 20
0.0
 30
0.0
  3
*D118
  1

  0
LINE
  5
1F3C
330
1F30
100
AcDbEntity
  8
Inscriptions
 62
     0
440
 16777216
370
    -2
100
AcDbLine
 10
500.0
 20
415.625
 30
0.0
 11
500.0
 21
426.25
 31
0.0
  0
LINE
  5
1F3D
330
1F30
100
AcDbEntity
  8
Inscriptions
 62
     0
440
 16777216
370
    -2
100
AcDbLine
 10
80.0
 20
415.625
 30
0.0
 11
80.0
 21
426.25
 31
0.0
  0
LINE
  5
1F3E
330
1F30
100
AcDbEntity
  8
Inscriptions
 62
     0
440
 16777216
370
    -2
100
AcDbLine
 10
497.5
 20
425.0
 30
0.0
 11
82.5
 21
425.0
 31
0.0
  0
SOLID
  5
1F3F
330
1F30
100
AcDbEntity
  8
Inscriptions
 62
     0
440
 16777216
100
AcDbTrace
 10
497.5
 20
425.4166666666667
 30
0.0
 11
497.5
 21
424.5833333333333
 31
0.0
 12
500.0
 22
425.0
 32
0.0
 13
500.0
 23
425.0
 33
0.0
  0
SOLID
  5
1F40
330
1F30
100
AcDbEntity
  8
Inscriptions
 62
     0
440
 16777216
100
AcDbTrace
 10
82.5
 20
425.4166666666667
 30
0.0
 11
82.5
 21
424.5833333333333
 31
0.0
 12
80.0
 22
425.0
 32
0.0
 13
80.0
 23
425.0
 33
0.0
  0
MTEXT
  5
1F41
330
1F30
100
AcDbEntity
  8
Inscriptions
 62
     0
440
 16777216
100
AcDbMText
 10
290.0
 20
426.8749999999999
 30
0.0
 40
2.5
 41
0.0
 46
0.0
 71
     5
 72
     1
  1
420
 73
     1
 44
1.0
  0
POINT
  5
1F42
330
1F30
100
AcDbEntity
  8
Defpoints
 62
     0
440
 16777216
100
AcDbPoint
 10
500.0
 20
415.0
 30
0.0
  0
POINT
  5
1F43
330
1F30
100
AcDbEntity
  8
Defpoints
 62
     0
440
 16777216
100
AcDbPoint
 10
80.0
 20
415.0
 30
0.0
  0
POINT
  5
1F44
330
1F30
100
AcDbEntity
  8
Defpoints
 62
     0
440
 16777216
100
AcDbPoint
 10
80.0
 20
425.0
 30
0.0
  0
ENDBLK
  5
1F32
330
1F30
100
AcDbEntity
  8
0
100
AcDbBlockEnd
  0
BLOCK
  5
1F59
330
1F58
100
AcDbEntity
  8
0
100
AcDbBlockBegin
  2
*D119
 70
     1
 10
0.0
 20
0.0
 30
0.0
  3
*D119
  1

  0
LINE
  5
1F76
330
1F58
100
AcDbEntity
  8
Inscriptions
 62
     0
440
 16777216
370
    -2
100
AcDbLine
 10
500.0
 20
500.625
 30
0.0
 11
500.0
 21
511.2499999999999
 31
0.0
  0
LINE
  5
1F77
330
1F58
100
AcDbEntity
  8
Inscriptions
 62
     0
440
 16777216
370
    -2
100
AcDbLine
 10
420.0
 20
488.625
 30
0.0
 11
420.0
 21
511.2499999999999
 31
0.0
  0
LINE
  5
1F78
330
1F58
100
AcDbEntity
  8
Inscriptions
 62
     0
440
 16777216
370
    -2
100
AcDbLine
 10
497.5
 20
510.0
 30
0.0
 11
422.4999999999999
 21
510.0
 31
0.0
  0
SOLID
  5
1F79
330
1F58
100
AcDbEntity
  8
Inscriptions
 62
     0
440
 16777216
100
AcDbTrace
 10
497.5
 20
510.4166666666666
 30
0.0
 11
497.5
 21
509.5833333333333
 31
0.0
 12
500.0
 22
510.0
 32
0.0
 13
500.0
 23
510.0
 33
0.0
  0
SOLID
  5
1F7A
330
1F58
100
AcDbEntity
  8
Inscriptions
 62
     0
440
 16777216
100
AcDbTrace
 10
422.4999999999999
 20
510.4166666666666
 30
0.0
 11
422.4999999999999
 21
509.5833333333333
 31
0.0
 12
420.0
 22
510.0
 32
0.0
 13
420.0
 23
510.0
 33
0.0
  0
MTEXT
  5
1F7B
330
1F58
100
AcDbEntity
  8
Inscriptions
 62
     0
440
 16777216
100
AcDbMText
 10
460.0
 20
511.875
 30
0.0
 40
2.5
 41
0.0
 46
0.0
 71
     5
 72
     1
  1
80
 73
     1
 44
1.0
  0
POINT
  5
1F7C
330
1F58
100
AcDbEntity
  8
Defpoints
 62
     0
440
 16777216
100
AcDbPoint
 10
500.0
 20
500.0
 30
0.0
  0
POINT
  5
1F7D
330
1F58
100
AcDbEntity
  8
Defpoints
 62
     0
440
 16777216
100
AcDbPoint
 10
420.0
 20
488.0
 30
0.0
  0
POINT
  5
1F7E
330
1F58
100
AcDbEntity
  8
Defpoints
 62
     0
440
 16777216
100
AcDbPoint
 10
420.0
 20
510.0
 30
0.0
  0
ENDBLK
  5
1F5A
330
1F58
100
AcDbEntity
  8
0
100
AcDbBlockEnd
  0
BLOCK
  5
1F81
330
1F80
100
AcDbEntity
  8
0
100
AcDbBlockBegin
  2
*D120
 70
     1
 10
0.0
 20
0.0
 30
0.0
  3
*D120
  1

  0
LINE
  5
1F9F
330
1F80
100
AcDbEntity
  8
Inscriptions
 62
     0
440
 16777216
370
    -2
100
AcDbLine
 10
-0.625
 20
500.0
 30
0.0
 11
-11.25
 21
500.0
 31
0.0
  0
LINE
  5
1FA0
330
1F80
100
AcDbEntity
  8
Inscriptions
 62
     0
440
 16777216
370
    -2
100
AcDbLine
 10
11.375
 20
475.0
 30
0.0
 11
-11.25
 21
475.0
 31
0.0
  0
LINE
  5
1FA1
330
1F80
100
AcDbEntity
  8
Inscriptions
 62
     0
440
 16777216
370
    -2
100
AcDbLine
 10
-9.999999999999998
 20
497.5
 30
0.0
 11
-10.0
 21
477.5
 31
0.0
  0
SOLID
  5
1FA2
330
1F80
100
AcDbEntity
  8
Inscriptions
 62
     0
440
 16777216
100
AcDbTrace
 10
-10.41666666666666
 20
497.5
 30
0.0
 11
-9.583333333333332
 21
497.5
 31
0.0
 12
-9.999999999999996
 22
500.0
 32
0.0
 13
-9.999999999999996
 23
500.0
 33
0.0
  0
SOLID
  5
1FA3
330
1F80
100
AcDbEntity
  8
Inscriptions
 62
     0
440
 16777216
100
AcDbTrace
 10
-10.41666666666666
 20
477.5
 30
0.0
 11
-9.583333333333335
 21
477.5
 31
0.0
 12
-10.0
 22
475.0
 32
0.0
 13
-10.0
 23
475.0
 33
0.0
  0
MTEXT
  5
1FA4
330
1F80
100
AcDbEntity
  8
Inscriptions
 62
     0
440
 16777216
100
AcDbMText
 10
-11.87500000000007
 20
487.5
 30
0.0
 40
2.5
 41
0.0
 46
0.0
 71
     5
 72
     1
  1
25
 11
0.0000000000000001
 21
1.0
 31
0.0
 73
     1
 44
1.0
  0
POINT
  5
1FA5
330
1F80
100
AcDbEntity
  8
Defpoints
 62
     0
440
 16777216
100
AcDbPoint
 10
0.0
 20
500.0
 30
0.0
  0
POINT
  5
1FA6
330
1F80
100
AcDbEntity
  8
Defpoints
 62
     0
440
 16777216
100
AcDbPoint
 10
12.0
 20
475.0
 30
0.0
  0
POINT
  5
1FA7
330
1F80
100
AcDbEntity
  8
Defpoints
 62
     0
440
 16777216
100
AcDbPoint
 10
-10.0
 20
475.0
 30
0.0
  0
ENDBLK
  5
1F82
330
1F80
100
AcDbEntity
  8
0
100
AcDbBlockEnd
  0
BLOCK
  5
1FAA
330
1FA9
100
AcDbEntity
  8
0
100
AcDbBlockBegin
  2
*D121
 70
     1
 10
0.0
 20
0.0
 30
0.0
  3
*D121
  1

  0
LINE
  5
1FBE
330
1FA9
100
AcDbEntity
  8
Inscriptions
 62
     0
440
 16777216
370
    -2
100
AcDbLine
 10
24.375
 20
135.0
 30
0.0
 11
-11.25
 21
135.0
 31
0.0
  0
LINE
  5
1FBF
330
1FA9
100
AcDbEntity
  8
Inscriptions
 62
     0
440
 16777216
370
    -2
100
AcDbLine
 10
11.37500000000005
 20
123.0
 30
0.0
 11
-11.25
 21
123.0
 31
0.0
  0
LINE
  5
1FC0
330
1FA9
100
AcDbEntity
  8
Inscriptions
 62
     0
440
 16777216
370
    -2
100
AcDbLine
 10
-9.999999999999998
 20
132.5
 30
0.0
 11
-10.0
 21
125.5
 31
0.0
  0
SOLID
  5
1FC1
330
1FA9
100
AcDbEntity
  8
Inscriptions
 62
     0
440
 16777216
100
AcDbTrace
 10
-10.41666666666666
 20
132.5
 30
0.0
 11
-9.583333333333332
 21
132.5
 31
0.0
 12
-9.999999999999998
 22
135.0
 32
0.0
 13
-9.999999999999998
 23
135.0
 33
0.0
  0
SOLID
  5
1FC2
330
1FA9
100
AcDbEntity
  8
Inscriptions
 62
     0
440
 16777216
100
AcDbTrace
 10
-10.41666666666666
 20
125.5
 30
0.0
 11
-9.583333333333333
 21
125.5
 31
0.0
 12
-10.0
 22
123.0
 32
0.0
 13
-10.0
 23
123.0
 33
0.0
  0
MTEXT
  5
1FC3
330
1FA9
100
AcDbEntity
  8
Inscriptions
 62
     0
440
 16777216
100
AcDbMText
 10
-11.87500000000002
 20
129.0
 30
0.0
 40
2.5
 41
0.0
 46
0.0
 71
     5
 72
     1
  1
12
 11
0.0000000000000001
 21
1.0
 31
0.0
 73
     1
 44
1.0
  0
POINT
  5
1FC4
330
1FA9
100
AcDbEntity
  8
Defpoints
 62
     0
440
 16777216
100
AcDbPoint
 10
25.0
 20
135.0
 30
0.0
  0
POINT
  5
1FC5
330
1FA9
100
AcDbEntity
  8
Defpoints
 62
     0
440
 16777216
100
AcDbPoint
 10
12.00000000000005
 20
123.0
 30
0.0
  0
POINT
  5
1FC6
330
1FA9
100
AcDbEntity
  8
Defpoints
 62
     0
440
 16777216
100
AcDbPoint
 10
-10.0
 20
123.0
 30
0.0
  0
ENDBLK
  5
1FAB
330
1FA9
100
AcDbEntity
  8
0
100
AcDbBlockEnd
  0
BLOCK
  5
1FC9
330
1FC8
100
AcDbEntity
  8
0
100
AcDbBlockBegin
  2
*D122
 70
     1
 10
0.0
 20
0.0
 30
0.0
  3
*D122
  1

  0
LINE
  5
1FDD
330
1FC8
100
AcDbEntity
  8
Inscriptions
 62
     0
440
 16777216
370
    -2
100
AcDbLine
 10
11.375
 20
475.0
 30
0.0
 11
-11.24999999999992
 21
475.0
 31
0.0
  0
LINE
  5
1FDE
330
1FC8
100
AcDbEntity
  8
Inscriptions
 62
     0
440
 16777216
370
    -2
100
AcDbLine
 10
-0.625
 20
135.0
 30
0.0
 11
-11.25
 21
135.0
 31
0.0
  0
LINE
  5
1FDF
330
1FC8
100
AcDbEntity
  8
Inscriptions
 62
     0
440
 16777216
370
    -2
100
AcDbLine
 10
-9.999999999999925
 20
472.5
 30
0.0
 11
-10.0
 21
137.5
 31
0.0
  0
SOLID
  5
1FE0
330
1FC8
100
AcDbEntity
  8
Inscriptions
 62
     0
440
 16777216
100
AcDbTrace
 10
-10.41666666666659
 20
472.5
 30
0.0
 11
-9.583333333333259
 21
472.5
 31
0.0
 12
-9.999999999999925
 22
475.0
 32
0.0
 13
-9.999999999999925
 23
475.0
 33
0.0
  0
SOLID
  5
1FE1
330
1FC8
100
AcDbEntity
  8
Inscriptions
 62
     0
440
 16777216
100
AcDbTrace
 10
-10.41666666666666
 20
137.5
 30
0.0
 11
-9.583333333333333
 21
137.5
 31
0.0
 12
-10.0
 22
135.0
 32
0.0
 13
-10.0
 23
135.0
 33
0.0
  0
MTEXT
  5
1FE2
330
1FC8
100
AcDbEntity
  8
Inscriptions
 62
     0
440
 16777216
100
AcDbMText
 10
-11.87500000000001
 20
305.0
 30
0.0
 40
2.5
 41
0.0
 46
0.0
 71
     5
 72
     1
  1
340
 11
0.0000000000000001
 21
1.0
 31
0.0
 73
     1
 44
1.0
  0
POINT
  5
1FE3
330
1FC8
100
AcDbEntity
  8
Defpoints
 62
     0
440
 16777216
100
AcDbPoint
 10
12.0
 20
475.0
 30
0.0
  0
POINT
  5
1FE4
330
1FC8
100
AcDbEntity
  8
Defpoints
 62
     0
440
 16777216
100
AcDbPoint
 10
0.0
 20
135.0
 30
0.0
  0
POINT
  5
1FE5
330
1FC8
100
AcDbEntity
  8
Defpoints
 62
     0
440
 16777216
100
AcDbPoint
 10
-10.0
 20
135.0
 30
0.0
  0
ENDBLK
  5
1FCA
330
1FC8
100
AcDbEntity
  8
0
100
AcDbBlockEnd
  0
BLOCK
  5
208F
330
208E
100
AcDbEntity
  8
0
100
AcDbBlockBegin
  2
*D123
 70
     1
 10
0.0
 20
0.0
 30
0.0
  3
*D123
  1

  0
LINE
  5
20DC
330
208E
100
AcDbEntity
  8
Dimensions
 62
     0
440
 16777216
370
    -2
100
AcDbLine
 10
338.9150808657134
 20
283.9150808657139
 30
0.0
 11
329.8284271247462
 21
274.8284271247462
 31
0.0
  0
LINE
  5
20DD
330
208E
100
AcDbEntity
  8
Dimensions
 62
     0
440
 16777216
370
    -2
100
AcDbLine
 10
324.1715728752541
 20
269.1715728752539
 30
0.0
 11
322.4038059222877
 21
267.4038059222874
 31
0.0
  0
MTEXT
  5
20DE
330
208E
100
AcDbEntity
  8
Dimensions
 62
     0
440
 16777216
100
AcDbMText
 10
335.6741747852751
 20
283.3258252147251
 30
0.0
 40
2.5
 41
0.0
 46
0.0
 71
     5
 72
     1
  1
∅3
 11
0.7071067811865288
 21
0.7071067811865664
 31
0.0
 73
     1
 44
1.0
  0
LINE
  5
20DF
330
208E
100
AcDbEntity
  8
Dimensions
 62
     0
440
 16777216
370
    -2
100
AcDbLine
 10
325.9393398282204
 20
270.9393398282202
 30
0.0
 11
328.0606601717798
 21
273.0606601717799
 31
0.0
  0
SOLID
  5
20E0
330
208E
100
AcDbEntity
  8
Dimensions
 62
     0
440
 16777216
100
AcDbTrace
 10
323.8769450497597
 20
269.4662007007482
 30
0.0
 11
324.4662007007485
 21
268.8769450497594
 31
0.0
 12
325.9393398282204
 22
270.9393398282202
 32
0.0
 13
325.9393398282204
 23
270.9393398282202
 33
0.0
  0
SOLID
  5
20E1
330
208E
100
AcDbEntity
  8
Dimensions
 62
     0
440
 16777216
100
AcDbTrace
 10
329.5337992992518
 20
275.1230549502406
 30
0.0
 11
330.1230549502406
 21
274.5337992992518
 31
0.0
 12
328.0606601717798
 22
273.0606601717799
 32
0.0
 13
328.0606601717798
 23
273.0606601717799
 33
0.0
  0
POINT
  5
20E2
330
208E
100
AcDbEntity
  8
Defpoints
 62
     0
440
 16777216
100
AcDbPoint
 10
328.0606601717798
 20
273.0606601717799
 30
0.0
  0
POINT
  5
20E3
330
208E
100
AcDbEntity
  8
Defpoints
 62
     0
440
 16777216
100
AcDbPoint
 10
325.9393398282204
 20
270.9393398282202
 30
0.0
  0
ENDBLK
  5
2090
330
208E
100
AcDbEntity
  8
0
100
AcDbBlockEnd
  0
BLOCK
  5
209A
330
2099
100
AcDbEntity
  8
0
100
AcDbBlockBegin
  2
*D124
 70
     1
 10
0.0
 20
0.0
 30
0.0
  3
*D124
  1

  0
LINE
  5
20E4
330
2099
100
AcDbEntity
  8
Dimensions
 62
     0
440
 16777216
370
    -2
100
AcDbLine
 10
238.9150808657136
 20
283.9150808657134
 30
0.0
 11
229.8284271247463
 21
274.8284271247462
 31
0.0
  0
LINE
  5
20E5
330
2099
100
AcDbEntity
  8
Dimensions
 62
     0
440
 16777216
370
    -2
100
AcDbLine
 10
224.171572875254
 20
269.1715728752539
 30
0.0
 11
222.4038059222876
 21
267.4038059222876
 31
0.0
  0
MTEXT
  5
20E6
330
2099
100
AcDbEntity
  8
Dimensions
 62
     0
440
 16777216
100
AcDbMText
 10
235.6741747852753
 20
283.3258252147247
 30
0.0
 40
2.5
 41
0.0
 46
0.0
 71
     5
 72
     1
  1
∅3
 11
0.7071067811865526
 21
0.7071067811865425
 31
0.0
 73
     1
 44
1.0
  0
LINE
  5
20E7
330
2099
100
AcDbEntity
  8
Dimensions
 62
     0
440
 16777216
370
    -2
100
AcDbLine
 10
225.9393398282203
 20
270.9393398282204
 30
0.0
 11
228.0606601717799
 21
273.0606601717799
 31
0.0
  0
SOLID
  5
20E8
330
2099
100
AcDbEntity
  8
Dimensions
 62
     0
440
 16777216
100
AcDbTrace
 10
223.8769450497596
 20
269.4662007007484
 30
0.0
 11
224.4662007007484
 21
268.8769450497596
 31
0.0
 12
225.9393398282203
 22
270.9393398282204
 32
0.0
 13
225.9393398282203
 23
270.9393398282204
 33
0.0
  0
SOLID
  5
20E9
330
2099
100
AcDbEntity
  8
Dimensions
 62
     0
440
 16777216
100
AcDbTrace
 10
229.5337992992519
 20
275.1230549502407
 30
0.0
 11
230.1230549502407
 21
274.5337992992518
 31
0.0
 12
228.0606601717799
 22
273.0606601717799
 32
0.0
 13
228.0606601717799
 23
273.0606601717799
 33
0.0
  0
POINT
  5
20EA
330
2099
100
AcDbEntity
  8
Defpoints
 62
     0
440
 16777216
100
AcDbPoint
 10
228.0606601717799
 20
273.0606601717799
 30
0.0
  0
POINT
  5
20EB
330
2099
100
AcDbEntity
  8
Defpoints
 62
     0
440
 16777216
100
AcDbPoint
 10
225.9393398282203
 20
270.9393398282204
 30
0.0
  0
ENDBLK
  5
209B
330
2099
100
AcDbEntity
  8
0
100
AcDbBlockEnd
  0
BLOCK
  5
20A5
330
20A4
100
AcDbEntity
  8
0
100
AcDbBlockBegin
  2
*D125
 70
     1
 10
0.0
 20
0.0
 30
0.0
  3
*D125
  1

  0
LINE
  5
20EC
330
20A4
100
AcDbEntity
  8
Dimensions
 62
     0
440
 16777216
370
    -2
100
AcDbLine
 10
88.91508086571333
 20
283.9150808657138
 30
0.0
 11
79.82842712474623
 21
274.8284271247463
 31
0.0
  0
LINE
  5
20ED
330
20A4
100
AcDbEntity
  8
Dimensions
 62
     0
440
 16777216
370
    -2
100
AcDbLine
 10
74.17157287525395
 20
269.1715728752538
 30
0.0
 11
72.40380592228762
 21
267.4038059222874
 31
0.0
  0
MTEXT
  5
20EE
330
20A4
100
AcDbEntity
  8
Dimensions
 62
     0
440
 16777216
100
AcDbMText
 10
85.67417478527504
 20
283.325825214725
 30
0.0
 40
2.5
 41
0.0
 46
0.0
 71
     5
 72
     1
  1
∅3
 11
0.7071067811865332
 21
0.7071067811865621
 31
0.0
 73
     1
 44
1.0
  0
LINE
  5
20EF
330
20A4
100
AcDbEntity
  8
Dimensions
 62
     0
440
 16777216
370
    -2
100
AcDbLine
 10
75.93933982822027
 20
270.9393398282202
 30
0.0
 11
78.0606601717799
 21
273.0606601717799
 31
0.0
  0
SOLID
  5
20F0
330
20A4
100
AcDbEntity
  8
Dimensions
 62
     0
440
 16777216
100
AcDbTrace
 10
73.87694504975955
 20
269.4662007007482
 30
0.0
 11
74.46620070074833
 21
268.8769450497594
 31
0.0
 12
75.93933982822027
 22
270.9393398282202
 32
0.0
 13
75.93933982822027
 23
270.9393398282202
 33
0.0
  0
SOLID
  5
20F1
330
20A4
100
AcDbEntity
  8
Dimensions
 62
     0
440
 16777216
100
AcDbTrace
 10
79.53379929925183
 20
275.1230549502407
 30
0.0
 11
80.12305495024062
 21
274.533799299252
 31
0.0
 12
78.0606601717799
 22
273.0606601717799
 32
0.0
 13
78.0606601717799
 23
273.0606601717799
 33
0.0
  0
POINT
  5
20F2
330
20A4
100
AcDbEntity
  8
Defpoints
 62
     0
440
 16777216
100
AcDbPoint
 10
78.0606601717799
 20
273.0606601717799
 30
0.0
  0
POINT
  5
20F3
330
20A4
100
AcDbEntity
  8
Defpoints
 62
     0
440
 16777216
100
AcDbPoint
 10
75.93933982822027
 20
270.9393398282202
 30
0.0
  0
ENDBLK
  5
20A6
330
20A4
100
AcDbEntity
  8
0
100
AcDbBlockEnd
  0
BLOCK
  5
20BC
330
20BB
100
AcDbEntity
  8
0
100
AcDbBlockBegin
  2
*D126
 70
     1
 10
0.0
 20
0.0
 30
0.0
  3
*D126
  1

  0
LINE
  5
20F4
330
20BB
100
AcDbEntity
  8
Dimensions
 62
     0
440
 16777216
370
    -2
100
AcDbLine
 10
338.9150808657132
 20
351.9150808657141
 30
0.0
 11
329.8284271247461
 21
342.8284271247463
 31
0.0
  0
LINE
  5
20F5
330
20BB
100
AcDbEntity
  8
Dimensions
 62
     0
440
 16777216
370
    -2
100
AcDbLine
 10
324.171572875254
 20
337.1715728752538
 30
0.0
 11
322.4038059222877
 21
335.4038059222873
 31
0.0
  0
MTEXT
  5
20F6
330
20BB
100
AcDbEntity
  8
Dimensions
 62
     0
440
 16777216
100
AcDbMText
 10
335.6741747852749
 20
351.3258252147252
 30
0.0
 40
2.5
 41
0.0
 46
0.0
 71
     5
 72
     1
  1
∅3
 11
0.7071067811865193
 21
0.7071067811865758
 31
0.0
 73
     1
 44
1.0
  0
LINE
  5
20F7
330
20BB
100
AcDbEntity
  8
Dimensions
 62
     0
440
 16777216
370
    -2
100
AcDbLine
 10
325.9393398282203
 20
338.9393398282202
 30
0.0
 11
328.0606601717798
 21
341.0606601717799
 31
0.0
  0
SOLID
  5
20F8
330
20BB
100
AcDbEntity
  8
Dimensions
 62
     0
440
 16777216
100
AcDbTrace
 10
323.8769450497596
 20
337.4662007007482
 30
0.0
 11
324.4662007007484
 21
336.8769450497594
 31
0.0
 12
325.9393398282203
 22
338.9393398282202
 32
0.0
 13
325.9393398282203
 23
338.9393398282202
 33
0.0
  0
SOLID
  5
20F9
330
20BB
100
AcDbEntity
  8
Dimensions
 62
     0
440
 16777216
100
AcDbTrace
 10
329.5337992992517
 20
343.1230549502406
 30
0.0
 11
330.1230549502406
 21
342.533799299252
 31
0.0
 12
328.0606601717798
 22
341.0606601717799
 32
0.0
 13
328.0606601717798
 23
341.0606601717799
 33
0.0
  0
POINT
  5
20FA
330
20BB
100
AcDbEntity
  8
Defpoints
 62
     0
440
 16777216
100
AcDbPoint
 10
328.0606601717798
 20
341.0606601717799
 30
0.0
  0
POINT
  5
20FB
330
20BB
100
AcDbEntity
  8
Defpoints
 62
     0
440
 16777216
100
AcDbPoint
 10
325.9393398282203
 20
338.9393398282202
 30
0.0
  0
ENDBLK
  5
20BD
330
20BB
100
AcDbEntity
  8
0
100
AcDbBlockEnd
  0
BLOCK
  5
20C7
330
20C6
100
AcDbEntity
  8
0
100
AcDbBlockBegin
  2
*D127
 70
     1
 10
0.0
 20
0.0
 30
0.0
  3
*D127
  1

  0
LINE
  5
20FC
330
20C6
100
AcDbEntity
  8
Dimensions
 62
     0
440
 16777216
370
    -2
100
AcDbLine
 10
238.9150808657133
 20
351.9150808657138
 30
0.0
 11
229.8284271247462
 21
342.8284271247464
 31
0.0
  0
LINE
  5
20FD
330
20C6
100
AcDbEntity
  8
Dimensions
 62
     0
440
 16777216
370
    -2
100
AcDbLine
 10
224.171572875254
 20
337.171572875254
 30
0.0
 11
222.4038059222877
 21
335.4038059222875
 31
0.0
  0
MTEXT
  5
20FE
330
20C6
100
AcDbEntity
  8
Dimensions
 62
     0
440
 16777216
100
AcDbMText
 10
235.674174785275
 20
351.325825214725
 30
0.0
 40
2.5
 41
0.0
 46
0.0
 71
     5
 72
     1
  1
∅3
 11
0.7071067811865332
 21
0.7071067811865621
 31
0.0
 73
     1
 44
1.0
  0
LINE
  5
20FF
330
20C6
100
AcDbEntity
  8
Dimensions
 62
     0
440
 16777216
370
    -2
100
AcDbLine
 10
225.9393398282204
 20
338.9393398282203
 30
0.0
 11
228.0606601717799
 21
341.06066017178
 31
0.0
  0
SOLID
  5
2100
330
20C6
100
AcDbEntity
  8
Dimensions
 62
     0
440
 16777216
100
AcDbTrace
 10
223.8769450497596
 20
337.4662007007483
 30
0.0
 11
224.4662007007484
 21
336.8769450497596
 31
0.0
 12
225.9393398282204
 22
338.9393398282203
 32
0.0
 13
225.9393398282204
 23
338.9393398282203
 33
0.0
  0
SOLID
  5
2101
330
20C6
100
AcDbEntity
  8
Dimensions
 62
     0
440
 16777216
100
AcDbTrace
 10
229.5337992992518
 20
343.1230549502408
 30
0.0
 11
230.1230549502406
 21
342.533799299252
 31
0.0
 12
228.0606601717799
 22
341.06066017178
 32
0.0
 13
228.0606601717799
 23
341.06066017178
 33
0.0
  0
POINT
  5
2102
330
20C6
100
AcDbEntity
  8
Defpoints
 62
     0
440
 16777216
100
AcDbPoint
 10
228.0606601717799
 20
341.06066017178
 30
0.0
  0
POINT
  5
2103
330
20C6
100
AcDbEntity
  8
Defpoints
 62
     0
440
 16777216
100
AcDbPoint
 10
225.9393398282204
 20
338.9393398282203
 30
0.0
  0
ENDBLK
  5
20C8
330
20C6
100
AcDbEntity
  8
0
100
AcDbBlockEnd
  0
BLOCK
  5
20D2
330
20D1
100
AcDbEntity
  8
0
100
AcDbBlockBegin
  2
*D128
 70
     1
 10
0.0
 20
0.0
 30
0.0
  3
*D128
  1

  0
LINE
  5
2104
330
20D1
100
AcDbEntity
  8
Dimensions
 62
     0
440
 16777216
370
    -2
100
AcDbLine
 10
88.91508086571324
 20
351.9150808657139
 30
0.0
 11
79.82842712474615
 21
342.8284271247463
 31
0.0
  0
LINE
  5
2105
330
20D1
100
AcDbEntity
  8
Dimensions
 62
     0
440
 16777216
370
    -2
100
AcDbLine
 10
74.17157287525395
 20
337.1715728752538
 30
0.0
 11
72.40380592228763
 21
335.4038059222875
 31
0.0
  0
MTEXT
  5
2106
330
20D1
100
AcDbEntity
  8
Dimensions
 62
     0
440
 16777216
100
AcDbMText
 10
85.67417478527488
 20
351.325825214725
 30
0.0
 40
2.5
 41
0.0
 46
0.0
 71
     5
 72
     1
  1
∅3
 11
0.7071067811865288
 21
0.7071067811865664
 31
0.0
 73
     1
 44
1.0
  0
LINE
  5
2107
330
20D1
100
AcDbEntity
  8
Dimensions
 62
     0
440
 16777216
370
    -2
100
AcDbLine
 10
75.93933982822028
 20
338.9393398282202
 30
0.0
 11
78.06066017177982
 21
341.0606601717799
 31
0.0
  0
SOLID
  5
2108
330
20D1
100
AcDbEntity
  8
Dimensions
 62
     0
440
 16777216
100
AcDbTrace
 10
73.87694504975957
 20
337.4662007007482
 30
0.0
 11
74.46620070074837
 21
336.8769450497595
 31
0.0
 12
75.93933982822028
 22
338.9393398282202
 32
0.0
 13
75.93933982822028
 23
338.9393398282202
 33
0.0
  0
SOLID
  5
2109
330
20D1
100
AcDbEntity
  8
Dimensions
 62
     0
440
 16777216
100
AcDbTrace
 10
79.53379929925176
 20
343.1230549502407
 30
0.0
 11
80.12305495024056
 21
342.533799299252
 31
0.0
 12
78.06066017177982
 22
341.0606601717799
 32
0.0
 13
78.06066017177982
 23
341.0606601717799
 33
0.0
  0
POINT
  5
210A
330
20D1
100
AcDbEntity
  8
Defpoints
 62
     0
440
 16777216
100
AcDbPoint
 10
78.06066017177982
 20
341.0606601717799
 30
0.0
  0
POINT
  5
210B
330
20D1
100
AcDbEntity
  8
Defpoints
 62
     0
440
 16777216
100
AcDbPoint
 10
75.93933982822028
 20
338.9393398282202
 30
0.0
  0
ENDBLK
  5
20D3
330
20D1
100
AcDbEntity
  8
0
100
AcDbBlockEnd
  0
BLOCK
  5
2304
330
2303
100
AcDbEntity
  8
0
100
AcDbBlockBegin
  2
*D130
 70
     1
 10
0.0
 20
0.0
 30
0.0
  3
*D130
  1

  0
LINE
  5
2338
330
2303
100
AcDbEntity
  8
Dimensions
 62
     0
440
 16777216
370
    -2
100
AcDbLine
 10
500.6250000000002
 20
243.0000000000001
 30
0.0
 11
521.2500000000006
 21
243.0000000000001
 31
0.0
  0
LINE
  5
2339
330
2303
100
AcDbEntity
  8
Dimensions
 62
     0
440
 16777216
370
    -2
100
AcDbLine
 10
368.6250000000001
 20
180.0
 30
0.0
 11
521.2500000000006
 21
180.0000000000001
 31
0.0
  0
LINE
  5
233A
330
2303
100
AcDbEntity
  8
Dimensions
 62
     0
440
 16777216
370
    -2
100
AcDbLine
 10
520.0000000000007
 20
240.5000000000001
 30
0.0
 11
520.0000000000007
 21
182.5000000000001
 31
0.0
  0
SOLID
  5
233B
330
2303
100
AcDbEntity
  8
Dimensions
 62
     0
440
 16777216
100
AcDbTrace
 10
519.583333333334
 20
240.5000000000001
 30
0.0
 11
520.4166666666672
 21
240.5000000000001
 31
0.0
 12
520.0000000000007
 22
243.0000000000001
 32
0.0
 13
520.0000000000007
 23
243.0000000000001
 33
0.0
  0
SOLID
  5
233C
330
2303
100
AcDbEntity
  8
Dimensions
 62
     0
440
 16777216
100
AcDbTrace
 10
519.583333333334
 20
182.5000000000001
 30
0.0
 11
520.4166666666672
 21
182.5000000000001
 31
0.0
 12
520.0000000000007
 22
180.0000000000001
 32
0.0
 13
520.0000000000007
 23
180.0000000000001
 33
0.0
  0
MTEXT
  5
233D
330
2303
100
AcDbEntity
  8
Dimensions
 62
     0
440
 16777216
100
AcDbMText
 10
518.1250000000005
 20
211.4999999999999
 30
0.0
 40
2.5
 41
0.0
 46
0.0
 71
     5
 72
     1
  1
63
 11
0.0000000000000001
 21
1.0
 31
0.0
 73
     1
 44
1.0
  0
POINT
  5
233E
330
2303
100
AcDbEntity
  8
Defpoints
 62
     0
440
 16777216
100
AcDbPoint
 10
500.0000000000002
 20
243.0000000000001
 30
0.0
  0
POINT
  5
233F
330
2303
100
AcDbEntity
  8
Defpoints
 62
     0
440
 16777216
100
AcDbPoint
 10
368.0000000000001
 20
180.0
 30
0.0
  0
POINT
  5
2340
330
2303
100
AcDbEntity
  8
Defpoints
 62
     0
440
 16777216
100
AcDbPoint
 10
520.0000000000007
 20
180.0000000000001
 30
0.0
  0
ENDBLK
  5
2305
330
2303
100
AcDbEntity
  8
0
100
AcDbBlockEnd
  0
BLOCK
  5
2401
330
2400
100
AcDbEntity
  8
0
100
AcDbBlockBegin
  2
*D131
 70
     1
 10
0.0
 20
0.0
 30
0.0
  3
*D131
  1

  0
LINE
  5
2442
330
2400
100
AcDbEntity
  8
Dimensions
 62
     0
440
 16777216
370
    -2
100
AcDbLine
 10
292.6250000000001
 20
27.00000000000001
 30
0.0
 11
521.2500000000009
 21
27.00000000000005
 31
0.0
  0
LINE
  5
2443
330
2400
100
AcDbEntity
  8
Dimensions
 62
     0
440
 16777216
370
    -2
100
AcDbLine
 10
500.6250000000002
 20
0.0000000000000001
 30
0.0
 11
521.2500000000009
 21
0.0000000000000034
 31
0.0
  0
LINE
  5
2444
330
2400
100
AcDbEntity
  8
Dimensions
 62
     0
440
 16777216
370
    -2
100
AcDbLine
 10
520.0000000000009
 20
24.50000000000005
 30
0.0
 11
520.0000000000009
 21
2.500000000000003
 31
0.0
  0
SOLID
  5
2445
330
2400
100
AcDbEntity
  8
Dimensions
 62
     0
440
 16777216
100
AcDbTrace
 10
519.5833333333342
 20
24.50000000000005
 30
0.0
 11
520.4166666666675
 21
24.50000000000005
 31
0.0
 12
520.0000000000009
 22
27.00000000000005
 32
0.0
 13
520.0000000000009
 23
27.00000000000005
 33
0.0
  0
SOLID
  5
2446
330
2400
100
AcDbEntity
  8
Dimensions
 62
     0
440
 16777216
100
AcDbTrace
 10
519.5833333333342
 20
2.500000000000003
 30
0.0
 11
520.4166666666675
 21
2.500000000000003
 31
0.0
 12
520.0000000000009
 22
0.0000000000000032
 32
0.0
 13
520.0000000000009
 23
0.0000000000000032
 33
0.0
  0
MTEXT
  5
2447
330
2400
100
AcDbEntity
  8
Dimensions
 62
     0
440
 16777216
100
AcDbMText
 10
518.1250000000008
 20
13.49999999999987
 30
0.0
 40
2.5
 41
0.0
 46
0.0
 71
     5
 72
     1
  1
27
 11
0.0000000000000001
 21
1.0
 31
0.0
 73
     1
 44
1.0
  0
POINT
  5
2448
330
2400
100
AcDbEntity
  8
Defpoints
 62
     0
440
 16777216
100
AcDbPoint
 10
292.0000000000001
 20
27.00000000000001
 30
0.0
  0
POINT
  5
2449
330
2400
100
AcDbEntity
  8
Defpoints
 62
     0
440
 16777216
100
AcDbPoint
 10
500.0000000000002
 20
0.0
 30
0.0
  0
POINT
  5
244A
330
2400
100
AcDbEntity
  8
Defpoints
 62
     0
440
 16777216
100
AcDbPoint
 10
520.0000000000009
 20
0.0000000000000032
 30
0.0
  0
ENDBLK
  5
2402
330
2400
100
AcDbEntity
  8
0
100
AcDbBlockEnd
  0
BLOCK
  5
244D
330
244C
100
AcDbEntity
  8
0
100
AcDbBlockBegin
  2
*D132
 70
     1
 10
0.0
 20
0.0
 30
0.0
  3
*D132
  1

  0
LINE
  5
24EC
330
244C
100
AcDbEntity
  8
Dimensions
 62
     0
440
 16777216
370
    -2
100
AcDbLine
 10
500.6250000000002
 20
0.0000000000000001
 30
0.0
 11
541.2500000000006
 21
0.0000000000000066
 31
0.0
  0
LINE
  5
24ED
330
244C
100
AcDbEntity
  8
Dimensions
 62
     0
440
 16777216
370
    -2
100
AcDbLine
 10
384.6250000000002
 20
147.0000000000001
 30
0.0
 11
541.2500000000006
 21
147.0000000000001
 31
0.0
  0
LINE
  5
24EE
330
244C
100
AcDbEntity
  8
Dimensions
 62
     0
440
 16777216
370
    -2
100
AcDbLine
 10
540.0000000000006
 20
2.500000000000006
 30
0.0
 11
540.0000000000006
 21
144.5000000000001
 31
0.0
  0
SOLID
  5
24EF
330
244C
100
AcDbEntity
  8
Dimensions
 62
     0
440
 16777216
100
AcDbTrace
 10
539.5833333333341
 20
2.500000000000006
 30
0.0
 11
540.4166666666673
 21
2.500000000000006
 31
0.0
 12
540.0000000000006
 22
0.0000000000000064
 32
0.0
 13
540.0000000000006
 23
0.0000000000000064
 33
0.0
  0
SOLID
  5
24F0
330
244C
100
AcDbEntity
  8
Dimensions
 62
     0
440
 16777216
100
AcDbTrace
 10
539.5833333333341
 20
144.5000000000001
 30
0.0
 11
540.4166666666673
 21
144.5000000000001
 31
0.0
 12
540.0000000000006
 22
147.0000000000001
 32
0.0
 13
540.0000000000006
 23
147.0000000000001
 33
0.0
  0
MTEXT
  5
24F1
330
244C
100
AcDbEntity
  8
Dimensions
 62
     0
440
 16777216
100
AcDbMText
 10
538.1250000000005
 20
73.4999999999999
 30
0.0
 40
2.5
 41
0.0
 46
0.0
 71
     5
 72
     1
  1
147
 11
0.0000000000000001
 21
1.0
 31
0.0
 73
     1
 44
1.0
  0
POINT
  5
24F2
330
244C
100
AcDbEntity
  8
Defpoints
 62
     0
440
 16777216
100
AcDbPoint
 10
500.0000000000002
 20
0.0
 30
0.0
  0
POINT
  5
24F3
330
244C
100
AcDbEntity
  8
Defpoints
 62
     0
440
 16777216
100
AcDbPoint
 10
384.0000000000003
 20
147.0000000000001
 30
0.0
  0
POINT
  5
24F4
330
244C
100
AcDbEntity
  8
Defpoints
 62
     0
440
 16777216
100
AcDbPoint
 10
540.0000000000006
 20
147.0000000000001
 30
0.0
  0
ENDBLK
  5
244E
330
244C
100
AcDbEntity
  8
0
100
AcDbBlockEnd
  0
BLOCK
  5
245A
330
2459
100
AcDbEntity
  8
0
100
AcDbBlockBegin
  2
*D133
 70
     1
 10
0.0
 20
0.0
 30
0.0
  3
*D133
  1

  0
LINE
  5
24E3
330
2459
100
AcDbEntity
  8
Dimensions
 62
     0
440
 16777216
370
    -2
100
AcDbLine
 10
500.6250000000002
 20
147.0000000000001
 30
0.0
 11
541.2500000000011
 21
147.0000000000001
 31
0.0
  0
LINE
  5
24E4
330
2459
100
AcDbEntity
  8
Dimensions
 62
     0
440
 16777216
370
    -2
100
AcDbLine
 10
384.6250000000002
 20
167.0
 30
0.0
 11
541.2500000000011
 21
167.0000000000001
 31
0.0
  0
LINE
  5
24E5
330
2459
100
AcDbEntity
  8
Dimensions
 62
     0
440
 16777216
370
    -2
100
AcDbLine
 10
540.0000000000011
 20
149.5000000000001
 30
0.0
 11
540.0000000000011
 21
164.5000000000001
 31
0.0
  0
SOLID
  5
24E6
330
2459
100
AcDbEntity
  8
Dimensions
 62
     0
440
 16777216
100
AcDbTrace
 10
539.5833333333345
 20
149.5000000000001
 30
0.0
 11
540.4166666666677
 21
149.5000000000001
 31
0.0
 12
540.0000000000011
 22
147.0000000000001
 32
0.0
 13
540.0000000000011
 23
147.0000000000001
 33
0.0
  0
SOLID
  5
24E7
330
2459
100
AcDbEntity
  8
Dimensions
 62
     0
440
 16777216
100
AcDbTrace
 10
539.5833333333345
 20
164.5000000000001
 30
0.0
 11
540.4166666666677
 21
164.5000000000001
 31
0.0
 12
540.0000000000011
 22
167.0000000000001
 32
0.0
 13
540.0000000000011
 23
167.0000000000001
 33
0.0
  0
MTEXT
  5
24E8
330
2459
100
AcDbEntity
  8
Dimensions
 62
     0
440
 16777216
100
AcDbMText
 10
538.125000000001
 20
156.9999999999999
 30
0.0
 40
2.5
 41
0.0
 46
0.0
 71
     5
 72
     1
  1
20
 11
0.0000000000000001
 21
1.0
 31
0.0
 73
     1
 44
1.0
  0
POINT
  5
24E9
330
2459
100
AcDbEntity
  8
Defpoints
 62
     0
440
 16777216
100
AcDbPoint
 10
500.0000000000002
 20
147.0000000000001
 30
0.0
  0
POINT
  5
24EA
330
2459
100
AcDbEntity
  8
Defpoints
 62
     0
440
 16777216
100
AcDbPoint
 10
384.0000000000003
 20
167.0
 30
0.0
  0
POINT
  5
24EB
330
2459
100
AcDbEntity
  8
Defpoints
 62
     0
440
 16777216
100
AcDbPoint
 10
540.0000000000011
 20
167.0000000000001
 30
0.0
  0
ENDBLK
  5
245B
330
2459
100
AcDbEntity
  8
0
100
AcDbBlockEnd
  0
BLOCK
  5
24FA
330
24F9
100
AcDbEntity
  8
0
100
AcDbBlockBegin
  2
*D134
 70
     1
 10
0.0
 20
0.0
 30
0.0
  3
*D134
  1

  0
LINE
  5
2522
330
24F9
100
AcDbEntity
  8
Dimensions
 62
     0
440
 16777216
370
    -2
100
AcDbLine
 10
395.9150808657132
 20
158.9150808657142
 30
0.0
 11
386.8284271247461
 21
149.8284271247463
 31
0.0
  0
LINE
  5
2523
330
24F9
100
AcDbEntity
  8
Dimensions
 62
     0
440
 16777216
370
    -2
100
AcDbLine
 10
381.1715728752541
 20
144.1715728752538
 30
0.0
 11
379.4038059222878
 21
142.4038059222874
 31
0.0
  0
MTEXT
  5
2524
330
24F9
100
AcDbEntity
  8
Dimensions
 62
     0
440
 16777216
100
AcDbMText
 10
392.6741747852749
 20
158.3258252147253
 30
0.0
 40
2.5
 41
0.0
 46
0.0
 71
     5
 72
     1
  1
∅3
 11
0.7071067811865193
 21
0.7071067811865758
 31
0.0
 73
     1
 44
1.0
  0
LINE
  5
2525
330
24F9
100
AcDbEntity
  8
Dimensions
 62
     0
440
 16777216
370
    -2
100
AcDbLine
 10
382.9393398282203
 20
145.9393398282203
 30
0.0
 11
385.0606601717798
 21
148.0606601717799
 31
0.0
  0
SOLID
  5
2526
330
24F9
100
AcDbEntity
  8
Dimensions
 62
     0
440
 16777216
100
AcDbTrace
 10
380.8769450497597
 20
144.4662007007482
 30
0.0
 11
381.4662007007484
 21
143.8769450497594
 31
0.0
 12
382.9393398282203
 22
145.9393398282203
 32
0.0
 13
382.9393398282203
 23
145.9393398282203
 33
0.0
  0
SOLID
  5
2527
330
24F9
100
AcDbEntity
  8
Dimensions
 62
     0
440
 16777216
100
AcDbTrace
 10
386.5337992992516
 20
150.1230549502407
 30
0.0
 11
387.1230549502405
 21
149.533799299252
 31
0.0
 12
385.0606601717798
 22
148.0606601717799
 32
0.0
 13
385.0606601717798
 23
148.0606601717799
 33
0.0
  0
POINT
  5
2528
330
24F9
100
AcDbEntity
  8
Defpoints
 62
     0
440
 16777216
100
AcDbPoint
 10
385.0606601717798
 20
148.0606601717799
 30
0.0
  0
POINT
  5
2529
330
24F9
100
AcDbEntity
  8
Defpoints
 62
     0
440
 16777216
100
AcDbPoint
 10
382.9393398282203
 20
145.9393398282203
 30
0.0
  0
ENDBLK
  5
24FB
330
24F9
100
AcDbEntity
  8
0
100
AcDbBlockEnd
  0
BLOCK
  5
2509
330
2508
100
AcDbEntity
  8
0
100
AcDbBlockBegin
  2
*D135
 70
     1
 10
0.0
 20
0.0
 30
0.0
  3
*D135
  1

  0
LINE
  5
252A
330
2508
100
AcDbEntity
  8
Dimensions
 62
     0
440
 16777216
370
    -2
100
AcDbLine
 10
442.9150808657134
 20
158.915080865714
 30
0.0
 11
433.8284271247461
 21
149.8284271247463
 31
0.0
  0
LINE
  5
252B
330
2508
100
AcDbEntity
  8
Dimensions
 62
     0
440
 16777216
370
    -2
100
AcDbLine
 10
428.1715728752541
 20
144.1715728752539
 30
0.0
 11
426.4038059222877
 21
142.4038059222875
 31
0.0
  0
MTEXT
  5
252C
330
2508
100
AcDbEntity
  8
Dimensions
 62
     0
440
 16777216
100
AcDbMText
 10
439.6741747852749
 20
158.3258252147252
 30
0.0
 40
2.5
 41
0.0
 46
0.0
 71
     5
 72
     1
  1
∅3
 11
0.7071067811865288
 21
0.7071067811865664
 31
0.0
 73
     1
 44
1.0
  0
LINE
  5
252D
330
2508
100
AcDbEntity
  8
Dimensions
 62
     0
440
 16777216
370
    -2
100
AcDbLine
 10
429.9393398282203
 20
145.9393398282203
 30
0.0
 11
432.0606601717797
 21
148.0606601717799
 31
0.0
  0
SOLID
  5
252E
330
2508
100
AcDbEntity
  8
Dimensions
 62
     0
440
 16777216
100
AcDbTrace
 10
427.8769450497597
 20
144.4662007007483
 30
0.0
 11
428.4662007007484
 21
143.8769450497595
 31
0.0
 12
429.9393398282203
 22
145.9393398282203
 32
0.0
 13
429.9393398282203
 23
145.9393398282203
 33
0.0
  0
SOLID
  5
252F
330
2508
100
AcDbEntity
  8
Dimensions
 62
     0
440
 16777216
100
AcDbTrace
 10
433.5337992992517
 20
150.1230549502407
 30
0.0
 11
434.1230549502405
 21
149.5337992992519
 31
0.0
 12
432.0606601717797
 22
148.0606601717799
 32
0.0
 13
432.0606601717797
 23
148.0606601717799
 33
0.0
  0
POINT
  5
2530
330
2508
100
AcDbEntity
  8
Defpoints
 62
     0
440
 16777216
100
AcDbPoint
 10
432.0606601717797
 20
148.0606601717799
 30
0.0
  0
POINT
  5
2531
330
2508
100
AcDbEntity
  8
Defpoints
 62
     0
440
 16777216
100
AcDbPoint
 10
429.9393398282203
 20
145.9393398282203
 30
0.0
  0
ENDBLK
  5
250A
330
2508
100
AcDbEntity
  8
0
100
AcDbBlockEnd
  0
BLOCK
  5
2518
330
2517
100
AcDbEntity
  8
0
100
AcDbBlockBegin
  2
*D136
 70
     1
 10
0.0
 20
0.0
 30
0.0
  3
*D136
  1

  0
LINE
  5
2532
330
2517
100
AcDbEntity
  8
Dimensions
 62
     0
440
 16777216
370
    -2
100
AcDbLine
 10
489.9150808657132
 20
158.9150808657142
 30
0.0
 11
480.828427124746
 21
149.8284271247463
 31
0.0
  0
LINE
  5
2533
330
2517
100
AcDbEntity
  8
Dimensions
 62
     0
440
 16777216
370
    -2
100
AcDbLine
 10
475.171572875254
 20
144.1715728752539
 30
0.0
 11
473.4038059222877
 21
142.4038059222875
 31
0.0
  0
MTEXT
  5
2534
330
2517
100
AcDbEntity
  8
Dimensions
 62
     0
440
 16777216
100
AcDbMText
 10
486.6741747852748
 20
158.3258252147253
 30
0.0
 40
2.5
 41
0.0
 46
0.0
 71
     5
 72
     1
  1
∅3
 11
0.7071067811865193
 21
0.7071067811865758
 31
0.0
 73
     1
 44
1.0
  0
LINE
  5
2535
330
2517
100
AcDbEntity
  8
Dimensions
 62
     0
440
 16777216
370
    -2
100
AcDbLine
 10
476.9393398282203
 20
145.9393398282204
 30
0.0
 11
479.0606601717796
 21
148.0606601717799
 31
0.0
  0
SOLID
  5
2536
330
2517
100
AcDbEntity
  8
Dimensions
 62
     0
440
 16777216
100
AcDbTrace
 10
474.8769450497596
 20
144.4662007007483
 30
0.0
 11
475.4662007007484
 21
143.8769450497595
 31
0.0
 12
476.9393398282203
 22
145.9393398282204
 32
0.0
 13
476.9393398282203
 23
145.9393398282204
 33
0.0
  0
SOLID
  5
2537
330
2517
100
AcDbEntity
  8
Dimensions
 62
     0
440
 16777216
100
AcDbTrace
 10
480.5337992992516
 20
150.1230549502407
 30
0.0
 11
481.1230549502404
 21
149.533799299252
 31
0.0
 12
479.0606601717796
 22
148.0606601717799
 32
0.0
 13
479.0606601717796
 23
148.0606601717799
 33
0.0
  0
POINT
  5
2538
330
2517
100
AcDbEntity
  8
Defpoints
 62
     0
440
 16777216
100
AcDbPoint
 10
479.0606601717796
 20
148.0606601717799
 30
0.0
  0
POINT
  5
2539
330
2517
100
AcDbEntity
  8
Defpoints
 62
     0
440
 16777216
100
AcDbPoint
 10
476.9393398282203
 20
145.9393398282204
 30
0.0
  0
ENDBLK
  5
2519
330
2517
100
AcDbEntity
  8
0
100
AcDbBlockEnd
  0
BLOCK
  5
2542
330
2541
100
AcDbEntity
  8
0
100
AcDbBlockBegin
  2
*D137
 70
     1
 10
0.0
 20
0.0
 30
0.0
  3
*D137
  1

  0
LINE
  5
254D
330
2541
100
AcDbEntity
  8
0
 62
     0
440
 16777216
370
    -2
100
AcDbLine
 10
394.0
 20
180.3333333333333
 30
0.0
 11
388.5
 21
173.0
 31
0.0
  0
LINE
  5
254E
330
2541
100
AcDbEntity
  8
0
 62
     0
440
 16777216
370
    -2
100
AcDbLine
 10
379.4999999999999
 20
161.0
 30
0.0
 11
377.9999999999999
 21
159.0
 31
0.0
  0
MTEXT
  5
254F
330
2541
100
AcDbEntity
  8
0
 62
     0
440
 16777216
100
AcDbMText
 10
390.5
 20
178.7916666666666
 30
0.0
 40
2.5
 41
0.0
 46
0.0
 71
     5
 72
     1
  1
∅10
 11
0.6000000000000039
 21
0.7999999999999971
 31
0.0
 73
     1
 44
1.0
  0
LINE
  5
2550
330
2541
100
AcDbEntity
  8
0
 62
     0
440
 16777216
370
    -2
100
AcDbLine
 10
380.9999999999999
 20
163.0
 30
0.0
 11
387.0
 21
171.0
 31
0.0
  0
SOLID
  5
2551
330
2541
100
AcDbEntity
  8
0
 62
     0
440
 16777216
100
AcDbTrace
 10
379.1666666666666
 20
161.25
 30
0.0
 11
379.8333333333332
 21
160.75
 31
0.0
 12
380.9999999999999
 22
163.0
 32
0.0
 13
380.9999999999999
 23
163.0
 33
0.0
  0
SOLID
  5
2552
330
2541
100
AcDbEntity
  8
0
 62
     0
440
 16777216
100
AcDbTrace
 10
388.1666666666666
 20
173.25
 30
0.0
 11
388.8333333333333
 21
172.75
 31
0.0
 12
387.0
 22
171.0
 32
0.0
 13
387.0
 23
171.0
 33
0.0
  0
POINT
  5
2553
330
2541
100
AcDbEntity
  8
Defpoints
 62
     0
440
 16777216
100
AcDbPoint
 10
387.0
 20
171.0
 30
0.0
  0
POINT
  5
2554
330
2541
100
AcDbEntity
  8
Defpoints
 62
     0
440
 16777216
100
AcDbPoint
 10
380.9999999999999
 20
163.0
 30
0.0
  0
ENDBLK
  5
2543
330
2541
100
AcDbEntity
  8
0
100
AcDbBlockEnd
  0
BLOCK
  5
2559
330
2558
100
AcDbEntity
  8
0
100
AcDbBlockBegin
  2
*D138
 70
     1
 10
0.0
 20
0.0
 30
0.0
  3
*D138
  1

  0
LINE
  5
2585
330
2558
100
AcDbEntity
  8
Dimensions
 62
     0
440
 16777216
370
    -2
100
AcDbLine
 10
393.1334625903263
 20
176.1334625903262
 30
0.0
 11
387.5355339059328
 21
170.5355339059327
 31
0.0
  0
LINE
  5
2586
330
2558
100
AcDbEntity
  8
Dimensions
 62
     0
440
 16777216
370
    -2
100
AcDbLine
 10
380.4644660940672
 20
163.4644660940671
 30
0.0
 11
378.6966991411008
 21
161.6966991411008
 31
0.0
  0
MTEXT
  5
2587
330
2558
100
AcDbEntity
  8
Dimensions
 62
     0
440
 16777216
100
AcDbMText
 10
389.8925565098878
 20
175.5442069393374
 30
0.0
 40
2.5
 41
0.0
 46
0.0
 71
     5
 72
     1
  1
∅5
 11
0.7071067811865447
 21
0.7071067811865504
 31
0.0
 73
     1
 44
1.0
  0
LINE
  5
2588
330
2558
100
AcDbEntity
  8
Dimensions
 62
     0
440
 16777216
370
    -2
100
AcDbLine
 10
382.2322330470336
 20
165.2322330470335
 30
0.0
 11
385.7677669529664
 21
168.7677669529664
 31
0.0
  0
SOLID
  5
2589
330
2558
100
AcDbEntity
  8
Dimensions
 62
     0
440
 16777216
100
AcDbTrace
 10
380.1698382685728
 20
163.7590939195615
 30
0.0
 11
380.7590939195616
 21
163.1698382685728
 31
0.0
 12
382.2322330470336
 22
165.2322330470335
 32
0.0
 13
382.2322330470336
 23
165.2322330470335
 33
0.0
  0
SOLID
  5
258A
330
2558
100
AcDbEntity
  8
Dimensions
 62
     0
440
 16777216
100
AcDbTrace
 10
387.2409060804383
 20
170.8301617314271
 30
0.0
 11
387.8301617314272
 21
170.2409060804384
 31
0.0
 12
385.7677669529664
 22
168.7677669529664
 32
0.0
 13
385.7677669529664
 23
168.7677669529664
 33
0.0
  0
POINT
  5
258B
330
2558
100
AcDbEntity
  8
Defpoints
 62
     0
440
 16777216
100
AcDbPoint
 10
385.7677669529664
 20
168.7677669529664
 30
0.0
  0
POINT
  5
258C
330
2558
100
AcDbEntity
  8
Defpoints
 62
     0
440
 16777216
100
AcDbPoint
 10
382.2322330470336
 20
165.2322330470335
 30
0.0
  0
ENDBLK
  5
255A
330
2558
100
AcDbEntity
  8
0
100
AcDbBlockEnd
  0
BLOCK
  5
2596
330
2595
100
AcDbEntity
  8
0
100
AcDbBlockBegin
  2
*D139
 70
     1
 10
0.0
 20
0.0
 30
0.0
  3
*D139
  1

  0
LINE
  5
2598
330
2595
100
AcDbEntity
  8
Dimensions
 62
     0
440
 16777216
370
    -2
100
AcDbLine
 10
440.1334625903262
 20
176.1334625903262
 30
0.0
 11
434.5355339059328
 21
170.5355339059327
 31
0.0
  0
LINE
  5
2599
330
2595
100
AcDbEntity
  8
Dimensions
 62
     0
440
 16777216
370
    -2
100
AcDbLine
 10
427.4644660940671
 20
163.4644660940672
 30
0.0
 11
425.6966991411007
 21
161.6966991411008
 31
0.0
  0
MTEXT
  5
259A
330
2595
100
AcDbEntity
  8
Dimensions
 62
     0
440
 16777216
100
AcDbMText
 10
436.892556509888
 20
175.5442069393374
 30
0.0
 40
2.5
 41
0.0
 46
0.0
 71
     5
 72
     1
  1
∅5
 11
0.7071067811865529
 21
0.7071067811865422
 31
0.0
 73
     1
 44
1.0
  0
LINE
  5
259B
330
2595
100
AcDbEntity
  8
Dimensions
 62
     0
440
 16777216
370
    -2
100
AcDbLine
 10
429.2322330470335
 20
165.2322330470336
 30
0.0
 11
432.7677669529664
 21
168.7677669529664
 31
0.0
  0
SOLID
  5
259C
330
2595
100
AcDbEntity
  8
Dimensions
 62
     0
440
 16777216
100
AcDbTrace
 10
427.1698382685728
 20
163.7590939195616
 30
0.0
 11
427.7590939195615
 21
163.1698382685728
 31
0.0
 12
429.2322330470335
 22
165.2322330470336
 32
0.0
 13
429.2322330470335
 23
165.2322330470336
 33
0.0
  0
SOLID
  5
259D
330
2595
100
AcDbEntity
  8
Dimensions
 62
     0
440
 16777216
100
AcDbTrace
 10
434.2409060804384
 20
170.8301617314271
 30
0.0
 11
434.8301617314271
 21
170.2409060804383
 31
0.0
 12
432.7677669529664
 22
168.7677669529664
 32
0.0
 13
432.7677669529664
 23
168.7677669529664
 33
0.0
  0
POINT
  5
259E
330
2595
100
AcDbEntity
  8
Defpoints
 62
     0
440
 16777216
100
AcDbPoint
 10
432.7677669529664
 20
168.7677669529664
 30
0.0
  0
POINT
  5
259F
330
2595
100
AcDbEntity
  8
Defpoints
 62
     0
440
 16777216
100
AcDbPoint
 10
429.2322330470335
 20
165.2322330470336
 30
0.0
  0
ENDBLK
  5
2597
330
2595
100
AcDbEntity
  8
0
100
AcDbBlockEnd
  0
BLOCK
  5
25A5
330
25A4
100
AcDbEntity
  8
0
100
AcDbBlockBegin
  2
*D140
 70
     1
 10
0.0
 20
0.0
 30
0.0
  3
*D140
  1

  0
LINE
  5
25A7
330
25A4
100
AcDbEntity
  8
Dimensions
 62
     0
440
 16777216
370
    -2
100
AcDbLine
 10
487.1334625903261
 20
176.1334625903261
 30
0.0
 11
481.5355339059327
 21
170.5355339059327
 31
0.0
  0
LINE
  5
25A8
330
25A4
100
AcDbEntity
  8
Dimensions
 62
     0
440
 16777216
370
    -2
100
AcDbLine
 10
474.4644660940671
 20
163.4644660940672
 30
0.0
 11
472.6966991411006
 21
161.6966991411008
 31
0.0
  0
MTEXT
  5
25A9
330
25A4
100
AcDbEntity
  8
Dimensions
 62
     0
440
 16777216
100
AcDbMText
 10
483.892556509888
 20
175.5442069393373
 30
0.0
 40
2.5
 41
0.0
 46
0.0
 71
     5
 72
     1
  1
∅5
 11
0.7071067811865529
 21
0.7071067811865422
 31
0.0
 73
     1
 44
1.0
  0
LINE
  5
25AA
330
25A4
100
AcDbEntity
  8
Dimensions
 62
     0
440
 16777216
370
    -2
100
AcDbLine
 10
476.2322330470334
 20
165.2322330470335
 30
0.0
 11
479.7677669529663
 21
168.7677669529663
 31
0.0
  0
SOLID
  5
25AB
330
25A4
100
AcDbEntity
  8
Dimensions
 62
     0
440
 16777216
100
AcDbTrace
 10
474.1698382685727
 20
163.7590939195616
 30
0.0
 11
474.7590939195614
 21
163.1698382685728
 31
0.0
 12
476.2322330470334
 22
165.2322330470335
 32
0.0
 13
476.2322330470334
 23
165.2322330470335
 33
0.0
  0
SOLID
  5
25AC
330
25A4
100
AcDbEntity
  8
Dimensions
 62
     0
440
 16777216
100
AcDbTrace
 10
481.2409060804383
 20
170.830161731427
 30
0.0
 11
481.830161731427
 21
170.2409060804383
 31
0.0
 12
479.7677669529663
 22
168.7677669529663
 32
0.0
 13
479.7677669529663
 23
168.7677669529663
 33
0.0
  0
POINT
  5
25AD
330
25A4
100
AcDbEntity
  8
Defpoints
 62
     0
440
 16777216
100
AcDbPoint
 10
479.7677669529663
 20
168.7677669529663
 30
0.0
  0
POINT
  5
25AE
330
25A4
100
AcDbEntity
  8
Defpoints
 62
     0
440
 16777216
100
AcDbPoint
 10
476.2322330470334
 20
165.2322330470335
 30
0.0
  0
ENDBLK
  5
25A6
330
25A4
100
AcDbEntity
  8
0
100
AcDbBlockEnd
  0
BLOCK
  5
25FD
330
25FC
100
AcDbEntity
  8
0
100
AcDbBlockBegin
  2
Insert8
 70
     0
 10
0.0
 20
0.0
 30
0.0
  3
Insert8
  1

  0
LINE
  5
25FE
330
25FC
100
AcDbEntity
  8
0
 62
     0
100
AcDbLine
 10
-3296.476965907245
 20
4182.678582361375
 30
0.0
 11
-3296.476965907245
 21
4199.678582361375
 31
0.0
  0
LINE
  5
25FF
330
25FC
100
AcDbEntity
  8
0
 62
     0
100
AcDbLine
 10
-3296.476965907245
 20
4199.678582361375
 30
0.0
 11
-3282.476965907245
 21
4199.678582361375
 31
0.0
  0
LINE
  5
2600
330
25FC
100
AcDbEntity
  8
0
 62
     0
100
AcDbLine
 10
-3296.476965907245
 20
4694.678582361375
 30
0.0
 11
-3296.476965907245
 21
4677.678582361376
 31
0.0
  0
LINE
  5
2601
330
25FC
100
AcDbEntity
  8
0
 62
     0
100
AcDbLine
 10
-3296.476965907245
 20
4677.678582361376
 30
0.0
 11
-3282.476965907245
 21
4677.678582361376
 31
0.0
  0
LWPOLYLINE
  5
2602
330
25FC
100
AcDbEntity
  8
0
 62
     0
100
AcDbPolyline
 90
        4
 70
     1
 43
0.0
 10
-3282.476965907245
 20
4694.678582361375
 10
-3494.476965907244
 20
4694.678582361375
 10
-3494.476965907244
 20
4182.678582361375
 10
-3282.476965907245
 20
4182.678582361375
  0
ENDBLK
  5
2603
330
25FC
100
AcDbEntity
  8
0
100
AcDbBlockEnd
  0
BLOCK
  5
2605
330
2604
100
AcDbEntity
  8
0
100
AcDbBlockBegin
  2
Insert9
 70
     0
 10
0.0
 20
0.0
 30
0.0
  3
Insert9
  1

  0
LINE
  5
2606
330
2604
100
AcDbEntity
  8
0
 62
     0
100
AcDbLine
 10
-3067.610311471076
 20
4182.621658539714
 30
0.0
 11
-3067.610311471076
 21
4199.621658539714
 31
0.0
  0
LINE
  5
2607
330
2604
100
AcDbEntity
  8
0
 62
     0
100
AcDbLine
 10
-3067.610311471076
 20
4199.621658539714
 30
0.0
 11
-3053.610311471076
 21
4199.621658539714
 31
0.0
  0
LINE
  5
2608
330
2604
100
AcDbEntity
  8
0
 62
     0
100
AcDbLine
 10
-3067.610311471076
 20
4694.621658539715
 30
0.0
 11
-3067.610311471076
 21
4677.621658539714
 31
0.0
  0
LINE
  5
2609
330
2604
100
AcDbEntity
  8
0
 62
     0
100
AcDbLine
 10
-3067.610311471076
 20
4677.621658539714
 30
0.0
 11
-3053.610311471076
 21
4677.621658539714
 31
0.0
  0
LWPOLYLINE
  5
260A
330
2604
100
AcDbEntity
  8
0
 62
     0
100
AcDbPolyline
 90
        4
 70
     1
 43
0.0
 10
-3053.610311471076
 20
4694.621658539715
 10
-3265.610311471076
 20
4694.621658539715
 10
-3265.610311471076
 20
4182.621658539716
 10
-3053.610311471076
 20
4182.621658539716
  0
ENDBLK
  5
260B
330
2604
100
AcDbEntity
  8
0
100
AcDbBlockEnd
  0
BLOCK
  5
261C
330
261B
100
AcDbEntity
  8
0
100
AcDbBlockBegin
  2
*D144
 70
     1
 10
0.0
 20
0.0
 30
0.0
  3
*D144
  1

  0
LINE
  5
2628
330
261B
100
AcDbEntity
  8
Dimensions
 62
     0
440
 16777216
370
    -2
100
AcDbLine
 10
-0.6249999999998296
 20
500.0000000000004
 30
0.0
 11
-77.25000000000017
 21
500.0000000000004
 31
0.0
  0
LINE
  5
2629
330
261B
100
AcDbEntity
  8
Dimensions
 62
     0
440
 16777216
370
    -2
100
AcDbLine
 10
-0.6250000000000001
 20
0.0000000000001136
 30
0.0
 11
-77.25000000000005
 21
0.0000000000001013
 31
0.0
  0
LINE
  5
262A
330
261B
100
AcDbEntity
  8
Dimensions
 62
     0
440
 16777216
370
    -2
100
AcDbLine
 10
-76.00000000000017
 20
497.5000000000004
 30
0.0
 11
-76.00000000000005
 21
2.500000000000101
 31
0.0
  0
SOLID
  5
262B
330
261B
100
AcDbEntity
  8
Dimensions
 62
     0
440
 16777216
100
AcDbTrace
 10
-76.41666666666684
 20
497.5000000000004
 30
0.0
 11
-75.5833333333335
 21
497.5000000000004
 31
0.0
 12
-76.00000000000017
 22
500.0000000000004
 32
0.0
 13
-76.00000000000017
 23
500.0000000000004
 33
0.0
  0
SOLID
  5
262C
330
261B
100
AcDbEntity
  8
Dimensions
 62
     0
440
 16777216
100
AcDbTrace
 10
-76.41666666666672
 20
2.500000000000101
 30
0.0
 11
-75.58333333333338
 21
2.500000000000101
 31
0.0
 12
-76.00000000000005
 22
0.0000000000001015
 32
0.0
 13
-76.00000000000005
 23
0.0000000000001015
 33
0.0
  0
MTEXT
  5
262D
330
261B
100
AcDbEntity
  8
Dimensions
 62
     0
440
 16777216
100
AcDbMText
 10
-77.87500000000003
 20
250.0000000000002
 30
0.0
 40
2.5
 41
0.0
 46
0.0
 71
     5
 72
     1
  1
500
 11
0.0000000000000001
 21
1.0
 31
0.0
 73
     1
 44
1.0
  0
POINT
  5
262E
330
261B
100
AcDbEntity
  8
Defpoints
 62
     0
440
 16777216
100
AcDbPoint
 10
0.0000000000001705
 20
500.0000000000004
 30
0.0
  0
POINT
  5
262F
330
261B
100
AcDbEntity
  8
Defpoints
 62
     0
440
 16777216
100
AcDbPoint
 10
0.0
 20
0.0000000000001137
 30
0.0
  0
POINT
  5
2630
330
261B
100
AcDbEntity
  8
Defpoints
 62
     0
440
 16777216
100
AcDbPoint
 10
-76.00000000000005
 20
0.0000000000001015
 30
0.0
  0
ENDBLK
  5
261D
330
261B
100
AcDbEntity
  8
0
100
AcDbBlockEnd
  0
BLOCK
  5
2634
330
2633
100
AcDbEntity
  8
0
100
AcDbBlockBegin
  2
*D145
 70
     1
 10
0.0
 20
0.0
 30
0.0
  3
*D145
  1

  0
LINE
  5
2653
330
2633
100
AcDbEntity
  8
Dimensions
 62
     0
440
 16777216
370
    -2
100
AcDbLine
 10
-368.3750000000001
 20
214.2266317364875
 30
0.0
 11
-314.7500000000006
 21
214.2266317364875
 31
0.0
  0
LINE
  5
2654
330
2633
100
AcDbEntity
  8
Dimensions
 62
     0
440
 16777216
370
    -2
100
AcDbLine
 10
-368.3750000000002
 20
-250.0000000000001
 30
0.0
 11
-314.7500000000004
 21
-250.0000000000001
 31
0.0
  0
LINE
  5
2655
330
2633
100
AcDbEntity
  8
Dimensions
 62
     0
440
 16777216
370
    -2
100
AcDbLine
 10
-316.0000000000006
 20
211.7266317364875
 30
0.0
 11
-316.0000000000005
 21
-247.5000000000001
 31
0.0
  0
SOLID
  5
2656
330
2633
100
AcDbEntity
  8
Dimensions
 62
     0
440
 16777216
100
AcDbTrace
 10
-316.4166666666673
 20
211.7266317364875
 30
0.0
 11
-315.5833333333339
 21
211.7266317364875
 31
0.0
 12
-316.0000000000006
 22
214.2266317364875
 32
0.0
 13
-316.0000000000006
 23
214.2266317364875
 33
0.0
  0
SOLID
  5
2657
330
2633
100
AcDbEntity
  8
Dimensions
 62
     0
440
 16777216
100
AcDbTrace
 10
-316.4166666666671
 20
-247.5000000000001
 30
0.0
 11
-315.5833333333338
 21
-247.5000000000001
 31
0.0
 12
-316.0000000000005
 22
-250.0000000000001
 32
0.0
 13
-316.0000000000005
 23
-250.0000000000001
 33
0.0
  0
MTEXT
  5
2658
330
2633
100
AcDbEntity
  8
Dimensions
 62
     0
440
 16777216
100
AcDbMText
 10
-318.0833333333338
 20
-17.88668413175624
 30
0.0
 40
2.5
 41
0.0
 46
0.0
 71
     5
 72
     1
  1
464,23
 11
0.0000000000000001
 21
1.0
 31
0.0
 73
     1
 44
1.0
  0
POINT
  5
2659
330
2633
100
AcDbEntity
  8
Defpoints
 62
     0
440
 16777216
100
AcDbPoint
 10
-369.0000000000001
 20
214.2266317364875
 30
0.0
  0
POINT
  5
265A
330
2633
100
AcDbEntity
  8
Defpoints
 62
     0
440
 16777216
100
AcDbPoint
 10
-369.0000000000002
 20
-250.0000000000001
 30
0.0
  0
POINT
  5
265B
330
2633
100
AcDbEntity
  8
Defpoints
 62
     0
440
 16777216
100
AcDbPoint
 10
-316.0000000000005
 20
-250.0000000000001
 30
0.0
  0
ENDBLK
  5
2635
330
2633
100
AcDbEntity
  8
0
100
AcDbBlockEnd
  0
BLOCK
  5
265F
330
265E
100
AcDbEntity
  8
0
100
AcDbBlockBegin
  2
*D146
 70
     1
 10
0.0
 20
0.0
 30
0.0
  3
*D146
  1

  0
LINE
  5
266B
330
265E
100
AcDbEntity
  8
Dimensions
 62
     0
440
 16777216
370
    -2
100
AcDbLine
 10
-0.6250000000000001
 20
0.0000000000001704
 30
0.0
 11
-76.25000000000003
 21
0.0000000000001583
 31
0.0
  0
LINE
  5
266C
330
265E
100
AcDbEntity
  8
Dimensions
 62
     0
440
 16777216
370
    -2
100
AcDbLine
 10
-0.6250000000000001
 20
250.0000000000003
 30
0.0
 11
-76.25000000000008
 21
250.0000000000003
 31
0.0
  0
LINE
  5
266D
330
265E
100
AcDbEntity
  8
Dimensions
 62
     0
440
 16777216
370
    -2
100
AcDbLine
 10
-75.00000000000003
 20
2.500000000000158
 30
0.0
 11
-75.00000000000008
 21
247.5000000000003
 31
0.0
  0
SOLID
  5
266E
330
265E
100
AcDbEntity
  8
Dimensions
 62
     0
440
 16777216
100
AcDbTrace
 10
-75.4166666666667
 20
2.500000000000158
 30
0.0
 11
-74.58333333333335
 21
2.500000000000158
 31
0.0
 12
-75.00000000000003
 22
0.0000000000001585
 32
0.0
 13
-75.00000000000003
 23
0.0000000000001585
 33
0.0
  0
SOLID
  5
266F
330
265E
100
AcDbEntity
  8
Dimensions
 62
     0
440
 16777216
100
AcDbTrace
 10
-75.41666666666675
 20
247.5000000000003
 30
0.0
 11
-74.58333333333341
 21
247.5000000000003
 31
0.0
 12
-75.00000000000008
 22
250.0000000000003
 32
0.0
 13
-75.00000000000008
 23
250.0000000000003
 33
0.0
  0
MTEXT
  5
2670
330
265E
100
AcDbEntity
  8
Dimensions
 62
     0
440
 16777216
100
AcDbMText
 10
-76.875
 20
125.0000000000002
 30
0.0
 40
2.5
 41
0.0
 46
0.0
 71
     5
 72
     1
  1
250
 11
0.0000000000000001
 21
1.0
 31
0.0
 73
     1
 44
1.0
  0
POINT
  5
2671
330
265E
100
AcDbEntity
  8
Defpoints
 62
     0
440
 16777216
100
AcDbPoint
 10
0.0
 20
0.0000000000001705
 30
0.0
  0
POINT
  5
2672
330
265E
100
AcDbEntity
  8
Defpoints
 62
     0
440
 16777216
100
AcDbPoint
 10
0.0
 20
250.0000000000003
 30
0.0
  0
POINT
  5
2673
330
265E
100
AcDbEntity
  8
Defpoints
 62
     0
440
 16777216
100
AcDbPoint
 10
-75.00000000000008
 20
250.0000000000003
 30
0.0
  0
ENDBLK
  5
2660
330
265E
100
AcDbEntity
  8
0
100
AcDbBlockEnd
  0
BLOCK
  5
2678
330
2677
100
AcDbEntity
  8
0
100
AcDbBlockBegin
  2
*D147
 70
     1
 10
0.0
 20
0.0
 30
0.0
  3
*D147
  1

  0
LINE
  5
269C
330
2677
100
AcDbEntity
  8
Dimensions
 62
     0
440
 16777216
370
    -2
100
AcDbLine
 10
-368.3750000000002
 20
-213.0000000000001
 30
0.0
 11
-326.7500000000001
 21
-213.0000000000001
 31
0.0
  0
LINE
  5
269D
330
2677
100
AcDbEntity
  8
Dimensions
 62
     0
440
 16777216
370
    -2
100
AcDbLine
 10
-368.3750000000001
 20
713.0000000000002
 30
0.0
 11
-326.7500000000004
 21
713.0000000000002
 31
0.0
  0
LINE
  5
269E
330
2677
100
AcDbEntity
  8
Dimensions
 62
     0
440
 16777216
370
    -2
100
AcDbLine
 10
-328.0000000000001
 20
-210.5000000000001
 30
0.0
 11
-328.0000000000003
 21
710.5000000000002
 31
0.0
  0
SOLID
  5
269F
330
2677
100
AcDbEntity
  8
Dimensions
 62
     0
440
 16777216
100
AcDbTrace
 10
-328.4166666666668
 20
-210.5000000000001
 30
0.0
 11
-327.5833333333334
 21
-210.5000000000001
 31
0.0
 12
-328.0000000000001
 22
-213.0000000000001
 32
0.0
 13
-328.0000000000001
 23
-213.0000000000001
 33
0.0
  0
SOLID
  5
26A0
330
2677
100
AcDbEntity
  8
Dimensions
 62
     0
440
 16777216
100
AcDbTrace
 10
-328.416666666667
 20
710.5000000000002
 30
0.0
 11
-327.5833333333336
 21
710.5000000000002
 31
0.0
 12
-328.0000000000003
 22
713.0000000000002
 32
0.0
 13
-328.0000000000003
 23
713.0000000000002
 33
0.0
  0
MTEXT
  5
26A1
330
2677
100
AcDbEntity
  8
Dimensions
 62
     0
440
 16777216
100
AcDbMText
 10
-329.8750000000001
 20
250.0000000000001
 30
0.0
 40
2.5
 41
0.0
 46
0.0
 71
     5
 72
     1
  1
926
 11
0.0000000000000001
 21
1.0
 31
0.0
 73
     1
 44
1.0
  0
POINT
  5
26A2
330
2677
100
AcDbEntity
  8
Defpoints
 62
     0
440
 16777216
100
AcDbPoint
 10
-369.0000000000002
 20
-213.0000000000001
 30
0.0
  0
POINT
  5
26A3
330
2677
100
AcDbEntity
  8
Defpoints
 62
     0
440
 16777216
100
AcDbPoint
 10
-369.0000000000001
 20
713.0000000000002
 30
0.0
  0
POINT
  5
26A4
330
2677
100
AcDbEntity
  8
Defpoints
 62
     0
440
 16777216
100
AcDbPoint
 10
-328.0000000000003
 20
713.0000000000002
 30
0.0
  0
ENDBLK
  5
2679
330
2677
100
AcDbEntity
  8
0
100
AcDbBlockEnd
  0
BLOCK
  5
2690
330
268F
100
AcDbEntity
  8
0
100
AcDbBlockBegin
  2
*D148
 70
     1
 10
0.0
 20
0.0
 30
0.0
  3
*D148
  1

  0
LINE
  5
26A5
330
268F
100
AcDbEntity
  8
Dimensions
 62
     0
440
 16777216
370
    -2
100
AcDbLine
 10
-368.3750000000002
 20
-213.0000000000001
 30
0.0
 11
-251.7500000000001
 21
-213.0000000000001
 31
0.0
  0
LINE
  5
26A6
330
268F
100
AcDbEntity
  8
Dimensions
 62
     0
440
 16777216
370
    -2
100
AcDbLine
 10
-368.3750000000002
 20
250.0000000000001
 30
0.0
 11
-251.7500000000003
 21
250.0000000000001
 31
0.0
  0
LINE
  5
26A7
330
268F
100
AcDbEntity
  8
Dimensions
 62
     0
440
 16777216
370
    -2
100
AcDbLine
 10
-253.0000000000002
 20
-210.5000000000001
 30
0.0
 11
-253.0000000000002
 21
247.5000000000001
 31
0.0
  0
SOLID
  5
26A8
330
268F
100
AcDbEntity
  8
Dimensions
 62
     0
440
 16777216
100
AcDbTrace
 10
-253.4166666666668
 20
-210.5000000000001
 30
0.0
 11
-252.5833333333335
 21
-210.5000000000001
 31
0.0
 12
-253.0000000000002
 22
-213.0000000000001
 32
0.0
 13
-253.0000000000002
 23
-213.0000000000001
 33
0.0
  0
SOLID
  5
26A9
330
268F
100
AcDbEntity
  8
Dimensions
 62
     0
440
 16777216
100
AcDbTrace
 10
-253.4166666666669
 20
247.5000000000001
 30
0.0
 11
-252.5833333333336
 21
247.5000000000001
 31
0.0
 12
-253.0000000000002
 22
250.0000000000001
 32
0.0
 13
-253.0000000000002
 23
250.0000000000001
 33
0.0
  0
MTEXT
  5
26AA
330
268F
100
AcDbEntity
  8
Dimensions
 62
     0
440
 16777216
100
AcDbMText
 10
-254.8750000000001
 20
18.5000000000001
 30
0.0
 40
2.5
 41
0.0
 46
0.0
 71
     5
 72
     1
  1
463
 11
0.0000000000000001
 21
1.0
 31
0.0
 73
     1
 44
1.0
  0
POINT
  5
26AB
330
268F
100
AcDbEntity
  8
Defpoints
 62
     0
440
 16777216
100
AcDbPoint
 10
-369.0000000000002
 20
-213.0000000000001
 30
0.0
  0
POINT
  5
26AC
330
268F
100
AcDbEntity
  8
Defpoints
 62
     0
440
 16777216
100
AcDbPoint
 10
-369.0000000000002
 20
250.0000000000001
 30
0.0
  0
POINT
  5
26AD
330
268F
100
AcDbEntity
  8
Defpoints
 62
     0
440
 16777216
100
AcDbPoint
 10
-253.0000000000002
 20
250.0000000000001
 30
0.0
  0
ENDBLK
  5
2691
330
268F
100
AcDbEntity
  8
0
100
AcDbBlockEnd
  0
BLOCK
  5
26B0
330
26AF
100
AcDbEntity
  8
0
100
AcDbBlockBegin
  2
*D149
 70
     1
 10
0.0
 20
0.0
 30
0.0
  3
*D149
  1

  0
LINE
  5
2736
330
26AF
100
AcDbEntity
  8
Dimensions
 62
     0
440
 16777216
370
    -2
100
AcDbLine
 10
-1167.508345563832
 20
-6.000000000000002
 30
0.0
 11
-1143.750000000002
 21
-5.999999999999999
 31
0.0
  0
LINE
  5
2737
330
26AF
100
AcDbEntity
  8
Dimensions
 62
     0
440
 16777216
370
    -2
100
AcDbLine
 10
-1167.508345563832
 20
506.0000000000002
 30
0.0
 11
-1143.750000000002
 21
506.0000000000003
 31
0.0
  0
LINE
  5
2738
330
26AF
100
AcDbEntity
  8
Dimensions
 62
     0
440
 16777216
370
    -2
100
AcDbLine
 10
-1145.000000000002
 20
-3.499999999999999
 30
0.0
 11
-1145.000000000002
 21
503.5000000000002
 31
0.0
  0
SOLID
  5
2739
330
26AF
100
AcDbEntity
  8
Dimensions
 62
     0
440
 16777216
100
AcDbTrace
 10
-1145.416666666668
 20
-3.499999999999999
 30
0.0
 11
-1144.583333333335
 21
-3.499999999999999
 31
0.0
 12
-1145.000000000002
 22
-5.999999999999999
 32
0.0
 13
-1145.000000000002
 23
-5.999999999999999
 33
0.0
  0
SOLID
  5
273A
330
26AF
100
AcDbEntity
  8
Dimensions
 62
     0
440
 16777216
100
AcDbTrace
 10
-1145.416666666668
 20
503.5000000000002
 30
0.0
 11
-1144.583333333335
 21
503.5000000000002
 31
0.0
 12
-1145.000000000002
 22
506.0000000000003
 32
0.0
 13
-1145.000000000002
 23
506.0000000000003
 33
0.0
  0
MTEXT
  5
273B
330
26AF
100
AcDbEntity
  8
Dimensions
 62
     0
440
 16777216
100
AcDbMText
 10
-1146.875000000001
 20
250.0000000000004
 30
0.0
 40
2.5
 41
0.0
 46
0.0
 71
     5
 72
     1
  1
512
 11
0.0000000000000001
 21
1.0
 31
0.0
 73
     1
 44
1.0
  0
POINT
  5
273C
330
26AF
100
AcDbEntity
  8
Defpoints
 62
     0
440
 16777216
100
AcDbPoint
 10
-1168.133345563832
 20
-6.000000000000002
 30
0.0
  0
POINT
  5
273D
330
26AF
100
AcDbEntity
  8
Defpoints
 62
     0
440
 16777216
100
AcDbPoint
 10
-1168.133345563832
 20
506.0000000000002
 30
0.0
  0
POINT
  5
273E
330
26AF
100
AcDbEntity
  8
Defpoints
 62
     0
440
 16777216
100
AcDbPoint
 10
-1145.000000000002
 20
506.0000000000003
 30
0.0
  0
ENDBLK
  5
26B1
330
26AF
100
AcDbEntity
  8
0
100
AcDbBlockEnd
  0
BLOCK
  5
26C8
330
26C7
100
AcDbEntity
  8
0
100
AcDbBlockBegin
  2
*D150
 70
     1
 10
0.0
 20
0.0
 30
0.0
  3
*D150
  1

  0
LINE
  5
2703
330
26C7
100
AcDbEntity
  8
Dimensions
 62
     0
440
 16777216
370
    -2
100
AcDbLine
 10
-1167.508345563832
 20
-16.99999999999819
 30
0.0
 11
-1163.750000000003
 21
-16.99999999999819
 31
0.0
  0
LINE
  5
2704
330
26C7
100
AcDbEntity
  8
Dimensions
 62
     0
440
 16777216
370
    -2
100
AcDbLine
 10
-1167.508345563832
 20
250.0000000000002
 30
0.0
 11
-1163.750000000003
 21
250.0000000000002
 31
0.0
  0
LINE
  5
2705
330
26C7
100
AcDbEntity
  8
Dimensions
 62
     0
440
 16777216
370
    -2
100
AcDbLine
 10
-1165.000000000003
 20
-14.49999999999819
 30
0.0
 11
-1165.000000000003
 21
247.5000000000002
 31
0.0
  0
SOLID
  5
2706
330
26C7
100
AcDbEntity
  8
Dimensions
 62
     0
440
 16777216
100
AcDbTrace
 10
-1165.41666666667
 20
-14.49999999999819
 30
0.0
 11
-1164.583333333336
 21
-14.49999999999819
 31
0.0
 12
-1165.000000000003
 22
-16.99999999999819
 32
0.0
 13
-1165.000000000003
 23
-16.99999999999819
 33
0.0
  0
SOLID
  5
2707
330
26C7
100
AcDbEntity
  8
Dimensions
 62
     0
440
 16777216
100
AcDbTrace
 10
-1165.41666666667
 20
247.5000000000002
 30
0.0
 11
-1164.583333333336
 21
247.5000000000002
 31
0.0
 12
-1165.000000000003
 22
250.0000000000002
 32
0.0
 13
-1165.000000000003
 23
250.0000000000002
 33
0.0
  0
MTEXT
  5
2708
330
26C7
100
AcDbEntity
  8
Dimensions
 62
     0
440
 16777216
100
AcDbMText
 10
-1166.875000000003
 20
116.5000000000013
 30
0.0
 40
2.5
 41
0.0
 46
0.0
 71
     5
 72
     1
  1
267
 11
0.0000000000000001
 21
1.0
 31
0.0
 73
     1
 44
1.0
  0
POINT
  5
2709
330
26C7
100
AcDbEntity
  8
Defpoints
 62
     0
440
 16777216
100
AcDbPoint
 10
-1168.133345563832
 20
-16.99999999999819
 30
0.0
  0
POINT
  5
270A
330
26C7
100
AcDbEntity
  8
Defpoints
 62
     0
440
 16777216
100
AcDbPoint
 10
-1168.133345563832
 20
250.0000000000002
 30
0.0
  0
POINT
  5
270B
330
26C7
100
AcDbEntity
  8
Defpoints
 62
     0
440
 16777216
100
AcDbPoint
 10
-1165.000000000003
 20
250.0000000000002
 30
0.0
  0
ENDBLK
  5
26C9
330
26C7
100
AcDbEntity
  8
0
100
AcDbBlockEnd
  0
BLOCK
  5
270E
330
270D
100
AcDbEntity
  8
0
100
AcDbBlockBegin
  2
*D151
 70
     1
 10
0.0
 20
0.0
 30
0.0
  3
*D151
  1

  0
LINE
  5
273F
330
270D
100
AcDbEntity
  8
Dimensions
 62
     0
440
 16777216
370
    -2
100
AcDbLine
 10
-1167.508345563832
 20
-5.999999999999888
 30
0.0
 11
-1162.750000000002
 21
-5.999999999999887
 31
0.0
  0
LINE
  5
2740
330
270D
100
AcDbEntity
  8
Dimensions
 62
     0
440
 16777216
370
    -2
100
AcDbLine
 10
-1167.508345563832
 20
250.0000000000002
 30
0.0
 11
-1162.750000000002
 21
250.0000000000002
 31
0.0
  0
LINE
  5
2741
330
270D
100
AcDbEntity
  8
Dimensions
 62
     0
440
 16777216
370
    -2
100
AcDbLine
 10
-1164.000000000002
 20
-3.499999999999887
 30
0.0
 11
-1164.000000000002
 21
247.5000000000002
 31
0.0
  0
SOLID
  5
2742
330
270D
100
AcDbEntity
  8
Dimensions
 62
     0
440
 16777216
100
AcDbTrace
 10
-1164.416666666668
 20
-3.499999999999887
 30
0.0
 11
-1163.583333333335
 21
-3.499999999999887
 31
0.0
 12
-1164.000000000002
 22
-5.999999999999887
 32
0.0
 13
-1164.000000000002
 23
-5.999999999999887
 33
0.0
  0
SOLID
  5
2743
330
270D
100
AcDbEntity
  8
Dimensions
 62
     0
440
 16777216
100
AcDbTrace
 10
-1164.416666666668
 20
247.5000000000002
 30
0.0
 11
-1163.583333333335
 21
247.5000000000002
 31
0.0
 12
-1164.000000000002
 22
250.0000000000002
 32
0.0
 13
-1164.000000000002
 23
250.0000000000002
 33
0.0
  0
MTEXT
  5
2744
330
270D
100
AcDbEntity
  8
Dimensions
 62
     0
440
 16777216
100
AcDbMText
 10
-1165.875000000001
 20
122.0000000000004
 30
0.0
 40
2.5
 41
0.0
 46
0.0
 71
     5
 72
     1
  1
256
 11
0.0000000000000001
 21
1.0
 31
0.0
 73
     1
 44
1.0
  0
POINT
  5
2745
330
270D
100
AcDbEntity
  8
Defpoints
 62
     0
440
 16777216
100
AcDbPoint
 10
-1168.133345563832
 20
-5.999999999999888
 30
0.0
  0
POINT
  5
2746
330
270D
100
AcDbEntity
  8
Defpoints
 62
     0
440
 16777216
100
AcDbPoint
 10
-1168.133345563832
 20
250.0000000000002
 30
0.0
  0
POINT
  5
2747
330
270D
100
AcDbEntity
  8
Defpoints
 62
     0
440
 16777216
100
AcDbPoint
 10
-1164.000000000002
 20
250.0000000000002
 30
0.0
  0
ENDBLK
  5
270F
330
270D
100
AcDbEntity
  8
0
100
AcDbBlockEnd
  0
BLOCK
  5
274A
330
2749
100
AcDbEntity
  8
0
100
AcDbBlockBegin
  2
*D152
 70
     1
 10
0.0
 20
0.0
 30
0.0
  3
*D152
  1

  0
LINE
  5
2769
330
2749
100
AcDbEntity
  8
Dimensions
 62
     0
440
 16777216
370
    -2
100
AcDbLine
 10
-339.0
 20
-6.625
 30
0.0
 11
-339.0
 21
-15.25
 31
0.0
  0
LINE
  5
276A
330
2749
100
AcDbEntity
  8
Dimensions
 62
     0
440
 16777216
370
    -2
100
AcDbLine
 10
-369.0000000000001
 20
-6.625
 30
0.0
 11
-369.0000000000001
 21
-15.25
 31
0.0
  0
LINE
  5
276B
330
2749
100
AcDbEntity
  8
Dimensions
 62
     0
440
 16777216
370
    -2
100
AcDbLine
 10
-341.5
 20
-14.0
 30
0.0
 11
-366.5000000000001
 21
-14.0
 31
0.0
  0
SOLID
  5
276C
330
2749
100
AcDbEntity
  8
Dimensions
 62
     0
440
 16777216
100
AcDbTrace
 10
-341.5
 20
-13.58333333333333
 30
0.0
 11
-341.5
 21
-14.41666666666666
 31
0.0
 12
-339.0
 22
-14.0
 32
0.0
 13
-339.0
 23
-14.0
 33
0.0
  0
SOLID
  5
276D
330
2749
100
AcDbEntity
  8
Dimensions
 62
     0
440
 16777216
100
AcDbTrace
 10
-366.5000000000001
 20
-13.58333333333333
 30
0.0
 11
-366.5000000000001
 21
-14.41666666666666
 31
0.0
 12
-369.0000000000001
 22
-14.0
 32
0.0
 13
-369.0000000000001
 23
-14.0
 33
0.0
  0
MTEXT
  5
276E
330
2749
100
AcDbEntity
  8
Dimensions
 62
     0
440
 16777216
100
AcDbMText
 10
-354.0
 20
-12.125
 30
0.0
 40
2.5
 41
0.0
 46
0.0
 71
     5
 72
     1
  1
30
 73
     1
 44
1.0
  0
POINT
  5
276F
330
2749
100
AcDbEntity
  8
Defpoints
 62
     0
440
 16777216
100
AcDbPoint
 10
-339.0
 20
-6.0
 30
0.0
  0
POINT
  5
2770
330
2749
100
AcDbEntity
  8
Defpoints
 62
     0
440
 16777216
100
AcDbPoint
 10
-369.0000000000001
 20
-6.0
 30
0.0
  0
POINT
  5
2771
330
2749
100
AcDbEntity
  8
Defpoints
 62
     0
440
 16777216
100
AcDbPoint
 10
-369.0000000000001
 20
-14.0
 30
0.0
  0
ENDBLK
  5
274B
330
2749
100
AcDbEntity
  8
0
100
AcDbBlockEnd
  0
BLOCK
  5
2776
330
2775
100
AcDbEntity
  8
0
100
AcDbBlockBegin
  2
*D153
 70
     1
 10
0.0
 20
0.0
 30
0.0
  3
*D153
  1

  0
LINE
  5
28E0
330
2775
100
AcDbEntity
  8
Dimensions
 62
     0
440
 16777216
370
    -2
100
AcDbLine
 10
-903.0
 20
-213.625
 30
0.0
 11
-903.0
 21
-224.25
 31
0.0
  0
LINE
  5
28E1
330
2775
100
AcDbEntity
  8
Dimensions
 62
     0
440
 16777216
370
    -2
100
AcDbLine
 10
-890.0
 20
712.375
 30
0.0
 11
-890.0000000000002
 21
-224.25
 31
0.0
  0
LINE
  5
28E2
330
2775
100
AcDbEntity
  8
Dimensions
 62
     0
440
 16777216
370
    -2
100
AcDbLine
 10
-900.5
 20
-223.0
 30
0.0
 11
-892.5
 21
-223.0
 31
0.0
  0
SOLID
  5
28E3
330
2775
100
AcDbEntity
  8
Dimensions
 62
     0
440
 16777216
100
AcDbTrace
 10
-900.5
 20
-222.5833333333333
 30
0.0
 11
-900.5
 21
-223.4166666666666
 31
0.0
 12
-903.0
 22
-223.0
 32
0.0
 13
-903.0
 23
-223.0
 33
0.0
  0
SOLID
  5
28E4
330
2775
100
AcDbEntity
  8
Dimensions
 62
     0
440
 16777216
100
AcDbTrace
 10
-892.5
 20
-222.5833333333333
 30
0.0
 11
-892.5
 21
-223.4166666666666
 31
0.0
 12
-890.0000000000002
 22
-223.0
 32
0.0
 13
-890.0000000000002
 23
-223.0
 33
0.0
  0
MTEXT
  5
28E5
330
2775
100
AcDbEntity
  8
Dimensions
 62
     0
440
 16777216
100
AcDbMText
 10
-896.4999999999999
 20
-221.125
 30
0.0
 40
2.5
 41
0.0
 46
0.0
 71
     5
 72
     1
  1
13
 73
     1
 44
1.0
  0
POINT
  5
28E6
330
2775
100
AcDbEntity
  8
Defpoints
 62
     0
440
 16777216
100
AcDbPoint
 10
-903.0
 20
-213.0
 30
0.0
  0
POINT
  5
28E7
330
2775
100
AcDbEntity
  8
Defpoints
 62
     0
440
 16777216
100
AcDbPoint
 10
-890.0
 20
713.0
 30
0.0
  0
POINT
  5
28E8
330
2775
100
AcDbEntity
  8
Defpoints
 62
     0
440
 16777216
100
AcDbPoint
 10
-890.0000000000002
 20
-223.0
 30
0.0
  0
ENDBLK
  5
2777
330
2775
100
AcDbEntity
  8
0
100
AcDbBlockEnd
  0
BLOCK
  5
27A5
330
27A4
100
AcDbEntity
  8
0
100
AcDbBlockBegin
  2
*D154
 70
     1
 10
0.0
 20
0.0
 30
0.0
  3
*D154
  1

  0
LINE
  5
2890
330
27A4
100
AcDbEntity
  8
Dimensions
 62
     0
440
 16777216
370
    -2
100
AcDbLine
 10
-932.3750000000003
 20
-6.000000000000002
 30
0.0
 11
-350.7500000000005
 21
-5.999999999999909
 31
0.0
  0
LINE
  5
2891
330
27A4
100
AcDbEntity
  8
Dimensions
 62
     0
440
 16777216
370
    -2
100
AcDbLine
 10
-889.3750000000004
 20
6.000000000000003
 30
0.0
 11
-350.7500000000005
 21
6.000000000000089
 31
0.0
  0
LINE
  5
2892
330
27A4
100
AcDbEntity
  8
Dimensions
 62
     0
440
 16777216
370
    -2
100
AcDbLine
 10
-352.0000000000006
 20
-3.499999999999909
 30
0.0
 11
-352.0000000000006
 21
3.500000000000088
 31
0.0
  0
SOLID
  5
2893
330
27A4
100
AcDbEntity
  8
Dimensions
 62
     0
440
 16777216
100
AcDbTrace
 10
-352.4166666666673
 20
-3.499999999999909
 30
0.0
 11
-351.5833333333339
 21
-3.499999999999909
 31
0.0
 12
-352.0000000000006
 22
-5.999999999999909
 32
0.0
 13
-352.0000000000006
 23
-5.999999999999909
 33
0.0
  0
SOLID
  5
2894
330
27A4
100
AcDbEntity
  8
Dimensions
 62
     0
440
 16777216
100
AcDbTrace
 10
-352.4166666666673
 20
3.500000000000088
 30
0.0
 11
-351.5833333333339
 21
3.500000000000088
 31
0.0
 12
-352.0000000000006
 22
6.000000000000089
 32
0.0
 13
-352.0000000000006
 23
6.000000000000089
 33
0.0
  0
MTEXT
  5
2895
330
27A4
100
AcDbEntity
  8
Dimensions
 62
     0
440
 16777216
100
AcDbMText
 10
-353.8750000000005
 20
0.0000000000001896
 30
0.0
 40
2.5
 41
0.0
 46
0.0
 71
     5
 72
     1
  1
12
 11
0.0000000000000001
 21
1.0
 31
0.0
 73
     1
 44
1.0
  0
POINT
  5
2896
330
27A4
100
AcDbEntity
  8
Defpoints
 62
     0
440
 16777216
100
AcDbPoint
 10
-933.0000000000005
 20
-6.000000000000002
 30
0.0
  0
POINT
  5
2897
330
27A4
100
AcDbEntity
  8
Defpoints
 62
     0
440
 16777216
100
AcDbPoint
 10
-890.0000000000003
 20
6.000000000000002
 30
0.0
  0
POINT
  5
2898
330
27A4
100
AcDbEntity
  8
Defpoints
 62
     0
440
 16777216
100
AcDbPoint
 10
-352.0000000000006
 20
6.000000000000089
 30
0.0
  0
ENDBLK
  5
27A6
330
27A4
100
AcDbEntity
  8
0
100
AcDbBlockEnd
  0
BLOCK
  5
2805
330
2804
100
AcDbEntity
  8
0
100
AcDbBlockBegin
  2
*D155
 70
     1
 10
0.0
 20
0.0
 30
0.0
  3
*D155
  1

  0
LINE
  5
2867
330
2804
100
AcDbEntity
  8
Dimensions
 62
     0
440
 16777216
370
    -2
100
AcDbLine
 10
-880.5129840190799
 20
15.48701598091935
 30
0.0
 11
-886.1109127034737
 21
9.889087296526042
 31
0.0
  0
LINE
  5
2868
330
2804
100
AcDbEntity
  8
Dimensions
 62
     0
440
 16777216
370
    -2
100
AcDbLine
 10
-893.8890872965261
 20
2.110912703474411
 30
0.0
 11
-895.6568542494926
 21
0.3431457505080857
 31
0.0
  0
MTEXT
  5
2869
330
2804
100
AcDbEntity
  8
Dimensions
 62
     0
440
 16777216
100
AcDbMText
 10
-883.7538900995184
 20
14.89776032993069
 30
0.0
 40
2.5
 41
0.0
 46
0.0
 71
     5
 72
     1
  1
∅6
 11
0.7071067811865762
 21
0.707106781186519
 31
0.0
 73
     1
 44
1.0
  0
LINE
  5
286A
330
2804
100
AcDbEntity
  8
Dimensions
 62
     0
440
 16777216
370
    -2
100
AcDbLine
 10
-892.1213203435597
 20
3.878679656440681
 30
0.0
 11
-887.8786796564401
 21
8.121320343559716
 31
0.0
  0
SOLID
  5
286B
330
2804
100
AcDbEntity
  8
Dimensions
 62
     0
440
 16777216
100
AcDbTrace
 10
-894.1837151220203
 20
2.405540528968799
 30
0.0
 11
-893.5944594710317
 21
1.816284877980024
 31
0.0
 12
-892.1213203435597
 22
3.878679656440681
 32
0.0
 13
-892.1213203435597
 23
3.878679656440681
 33
0.0
  0
SOLID
  5
286C
330
2804
100
AcDbEntity
  8
Dimensions
 62
     0
440
 16777216
100
AcDbTrace
 10
-886.4055405289683
 20
10.18371512202043
 30
0.0
 11
-885.8162848779794
 21
9.594459471031655
 31
0.0
 12
-887.8786796564401
 22
8.121320343559716
 32
0.0
 13
-887.8786796564401
 23
8.121320343559716
 33
0.0
  0
POINT
  5
286D
330
2804
100
AcDbEntity
  8
Defpoints
 62
     0
440
 16777216
100
AcDbPoint
 10
-887.8786796564401
 20
8.121320343559716
 30
0.0
  0
POINT
  5
286E
330
2804
100
AcDbEntity
  8
Defpoints
 62
     0
440
 16777216
100
AcDbPoint
 10
-892.1213203435597
 20
3.878679656440681
 30
0.0
  0
ENDBLK
  5
2806
330
2804
100
AcDbEntity
  8
0
100
AcDbBlockEnd
  0
BLOCK
  5
283E
330
283D
100
AcDbEntity
  8
0
100
AcDbBlockBegin
  2
*D156
 70
     1
 10
0.0
 20
0.0
 30
0.0
  3
*D156
  1

  0
LINE
  5
286F
330
283D
100
AcDbEntity
  8
Dimensions
 62
     0
440
 16777216
370
    -2
100
AcDbLine
 10
-880.5129840190801
 20
503.4870159809192
 30
0.0
 11
-886.1109127034739
 21
497.8890872965259
 31
0.0
  0
LINE
  5
2870
330
283D
100
AcDbEntity
  8
Dimensions
 62
     0
440
 16777216
370
    -2
100
AcDbLine
 10
-893.8890872965261
 20
490.1109127034741
 30
0.0
 11
-895.6568542494926
 21
488.3431457505079
 31
0.0
  0
MTEXT
  5
2871
330
283D
100
AcDbEntity
  8
Dimensions
 62
     0
440
 16777216
100
AcDbMText
 10
-883.7538900995186
 20
502.8977603299305
 30
0.0
 40
2.5
 41
0.0
 46
0.0
 71
     5
 72
     1
  1
∅6
 11
0.7071067811865762
 21
0.707106781186519
 31
0.0
 73
     1
 44
1.0
  0
LINE
  5
2872
330
283D
100
AcDbEntity
  8
Dimensions
 62
     0
440
 16777216
370
    -2
100
AcDbLine
 10
-892.1213203435597
 20
491.8786796564404
 30
0.0
 11
-887.8786796564403
 21
496.1213203435596
 31
0.0
  0
SOLID
  5
2873
330
283D
100
AcDbEntity
  8
Dimensions
 62
     0
440
 16777216
100
AcDbTrace
 10
-894.1837151220205
 20
490.4055405289686
 30
0.0
 11
-893.5944594710319
 21
489.8162848779798
 31
0.0
 12
-892.1213203435597
 22
491.8786796564404
 32
0.0
 13
-892.1213203435597
 23
491.8786796564404
 33
0.0
  0
SOLID
  5
2874
330
283D
100
AcDbEntity
  8
Dimensions
 62
     0
440
 16777216
100
AcDbTrace
 10
-886.4055405289683
 20
498.1837151220203
 30
0.0
 11
-885.8162848779796
 21
497.5944594710315
 31
0.0
 12
-887.8786796564403
 22
496.1213203435596
 32
0.0
 13
-887.8786796564403
 23
496.1213203435596
 33
0.0
  0
POINT
  5
2875
330
283D
100
AcDbEntity
  8
Defpoints
 62
     0
440
 16777216
100
AcDbPoint
 10
-887.8786796564403
 20
496.1213203435596
 30
0.0
  0
POINT
  5
2876
330
283D
100
AcDbEntity
  8
Defpoints
 62
     0
440
 16777216
100
AcDbPoint
 10
-892.1213203435597
 20
491.8786796564404
 30
0.0
  0
ENDBLK
  5
283F
330
283D
100
AcDbEntity
  8
0
100
AcDbBlockEnd
  0
BLOCK
  5
284D
330
284C
100
AcDbEntity
  8
0
100
AcDbBlockBegin
  2
*D157
 70
     1
 10
0.0
 20
0.0
 30
0.0
  3
*D157
  1

  0
LINE
  5
2877
330
284C
100
AcDbEntity
  8
Dimensions
 62
     0
440
 16777216
370
    -2
100
AcDbLine
 10
-392.5129840190799
 20
503.4870159809189
 30
0.0
 11
-398.1109127034738
 21
497.8890872965258
 31
0.0
  0
LINE
  5
2878
330
284C
100
AcDbEntity
  8
Dimensions
 62
     0
440
 16777216
370
    -2
100
AcDbLine
 10
-405.8890872965263
 20
490.1109127034742
 30
0.0
 11
-407.6568542494928
 21
488.343145750508
 31
0.0
  0
MTEXT
  5
2879
330
284C
100
AcDbEntity
  8
Dimensions
 62
     0
440
 16777216
100
AcDbMText
 10
-395.7538900995183
 20
502.8977603299303
 30
0.0
 40
2.5
 41
0.0
 46
0.0
 71
     5
 72
     1
  1
∅6
 11
0.707106781186595
 21
0.7071067811865001
 31
0.0
 73
     1
 44
1.0
  0
LINE
  5
287A
330
284C
100
AcDbEntity
  8
Dimensions
 62
     0
440
 16777216
370
    -2
100
AcDbLine
 10
-404.1213203435598
 20
491.8786796564405
 30
0.0
 11
-399.8786796564403
 21
496.1213203435595
 31
0.0
  0
SOLID
  5
287B
330
284C
100
AcDbEntity
  8
Dimensions
 62
     0
440
 16777216
100
AcDbTrace
 10
-406.1837151220207
 20
490.4055405289686
 30
0.0
 11
-405.594459471032
 21
489.8162848779799
 31
0.0
 12
-404.1213203435598
 22
491.8786796564405
 32
0.0
 13
-404.1213203435598
 23
491.8786796564405
 33
0.0
  0
SOLID
  5
287C
330
284C
100
AcDbEntity
  8
Dimensions
 62
     0
440
 16777216
100
AcDbTrace
 10
-398.4055405289682
 20
498.1837151220202
 30
0.0
 11
-397.8162848779795
 21
497.5944594710314
 31
0.0
 12
-399.8786796564403
 22
496.1213203435595
 32
0.0
 13
-399.8786796564403
 23
496.1213203435595
 33
0.0
  0
POINT
  5
287D
330
284C
100
AcDbEntity
  8
Defpoints
 62
     0
440
 16777216
100
AcDbPoint
 10
-399.8786796564403
 20
496.1213203435595
 30
0.0
  0
POINT
  5
287E
330
284C
100
AcDbEntity
  8
Defpoints
 62
     0
440
 16777216
100
AcDbPoint
 10
-404.1213203435598
 20
491.8786796564405
 30
0.0
  0
ENDBLK
  5
284E
330
284C
100
AcDbEntity
  8
0
100
AcDbBlockEnd
  0
BLOCK
  5
285C
330
285B
100
AcDbEntity
  8
0
100
AcDbBlockBegin
  2
*D158
 70
     1
 10
0.0
 20
0.0
 30
0.0
  3
*D158
  1

  0
LINE
  5
287F
330
285B
100
AcDbEntity
  8
Dimensions
 62
     0
440
 16777216
370
    -2
100
AcDbLine
 10
-392.5129840190803
 20
15.48701598091929
 30
0.0
 11
-398.1109127034739
 21
9.889087296526042
 31
0.0
  0
LINE
  5
2880
330
285B
100
AcDbEntity
  8
Dimensions
 62
     0
440
 16777216
370
    -2
100
AcDbLine
 10
-405.8890872965261
 20
2.110912703474326
 30
0.0
 11
-407.6568542494926
 21
0.3431457505080289
 31
0.0
  0
MTEXT
  5
2881
330
285B
100
AcDbEntity
  8
Dimensions
 62
     0
440
 16777216
100
AcDbMText
 10
-395.7538900995186
 20
14.89776032993063
 30
0.0
 40
2.5
 41
0.0
 46
0.0
 71
     5
 72
     1
  1
∅6
 11
0.7071067811865762
 21
0.707106781186519
 31
0.0
 73
     1
 44
1.0
  0
LINE
  5
2882
330
285B
100
AcDbEntity
  8
Dimensions
 62
     0
440
 16777216
370
    -2
100
AcDbLine
 10
-404.1213203435597
 20
3.878679656440624
 30
0.0
 11
-399.8786796564403
 21
8.121320343559744
 31
0.0
  0
SOLID
  5
2883
330
285B
100
AcDbEntity
  8
Dimensions
 62
     0
440
 16777216
100
AcDbTrace
 10
-406.1837151220205
 20
2.405540528968771
 30
0.0
 11
-405.5944594710317
 21
1.81628487797991
 31
0.0
 12
-404.1213203435597
 22
3.878679656440624
 32
0.0
 13
-404.1213203435597
 23
3.878679656440624
 33
0.0
  0
SOLID
  5
2884
330
285B
100
AcDbEntity
  8
Dimensions
 62
     0
440
 16777216
100
AcDbTrace
 10
-398.4055405289683
 20
10.18371512202046
 30
0.0
 11
-397.8162848779795
 21
9.594459471031626
 31
0.0
 12
-399.8786796564403
 22
8.121320343559744
 32
0.0
 13
-399.8786796564403
 23
8.121320343559744
 33
0.0
  0
POINT
  5
2885
330
285B
100
AcDbEntity
  8
Defpoints
 62
     0
440
 16777216
100
AcDbPoint
 10
-399.8786796564403
 20
8.121320343559744
 30
0.0
  0
POINT
  5
2886
330
285B
100
AcDbEntity
  8
Defpoints
 62
     0
440
 16777216
100
AcDbPoint
 10
-404.1213203435597
 20
3.878679656440624
 30
0.0
  0
ENDBLK
  5
285D
330
285B
100
AcDbEntity
  8
0
100
AcDbBlockEnd
  0
BLOCK
  5
289B
330
289A
100
AcDbEntity
  8
0
100
AcDbBlockBegin
  2
*D159
 70
     1
 10
0.0
 20
0.0
 30
0.0
  3
*D159
  1

  0
LINE
  5
289D
330
289A
100
AcDbEntity
  8
Dimensions
 62
     0
440
 16777216
370
    -2
100
AcDbLine
 10
-890.6250000000005
 20
494.0000000000002
 30
0.0
 11
-941.2500000000004
 21
494.0000000000002
 31
0.0
  0
LINE
  5
289E
330
289A
100
AcDbEntity
  8
Dimensions
 62
     0
440
 16777216
370
    -2
100
AcDbLine
 10
-890.6250000000005
 20
506.0000000000002
 30
0.0
 11
-941.2500000000004
 21
506.0000000000001
 31
0.0
  0
LINE
  5
289F
330
289A
100
AcDbEntity
  8
Dimensions
 62
     0
440
 16777216
370
    -2
100
AcDbLine
 10
-940.0000000000003
 20
496.5000000000001
 30
0.0
 11
-940.0000000000003
 21
503.5000000000001
 31
0.0
  0
SOLID
  5
28A0
330
289A
100
AcDbEntity
  8
Dimensions
 62
     0
440
 16777216
100
AcDbTrace
 10
-940.416666666667
 20
496.5000000000001
 30
0.0
 11
-939.5833333333339
 21
496.5000000000001
 31
0.0
 12
-940.0000000000003
 22
494.0000000000002
 32
0.0
 13
-940.0000000000003
 23
494.0000000000002
 33
0.0
  0
SOLID
  5
28A1
330
289A
100
AcDbEntity
  8
Dimensions
 62
     0
440
 16777216
100
AcDbTrace
 10
-940.416666666667
 20
503.5000000000001
 30
0.0
 11
-939.5833333333339
 21
503.5000000000001
 31
0.0
 12
-940.0000000000003
 22
506.0000000000001
 32
0.0
 13
-940.0000000000003
 23
506.0000000000001
 33
0.0
  0
MTEXT
  5
28A2
330
289A
100
AcDbEntity
  8
Dimensions
 62
     0
440
 16777216
100
AcDbMText
 10
-941.8750000000001
 20
500.0000000000003
 30
0.0
 40
2.5
 41
0.0
 46
0.0
 71
     5
 72
     1
  1
12
 11
0.0000000000000001
 21
1.0
 31
0.0
 73
     1
 44
1.0
  0
POINT
  5
28A3
330
289A
100
AcDbEntity
  8
Defpoints
 62
     0
440
 16777216
100
AcDbPoint
 10
-890.0000000000003
 20
494.0000000000002
 30
0.0
  0
POINT
  5
28A4
330
289A
100
AcDbEntity
  8
Defpoints
 62
     0
440
 16777216
100
AcDbPoint
 10
-890.0000000000003
 20
506.0000000000002
 30
0.0
  0
POINT
  5
28A5
330
289A
100
AcDbEntity
  8
Defpoints
 62
     0
440
 16777216
100
AcDbPoint
 10
-940.0000000000003
 20
506.0000000000001
 30
0.0
  0
ENDBLK
  5
289C
330
289A
100
AcDbEntity
  8
0
100
AcDbBlockEnd
  0
BLOCK
  5
28A8
330
28A7
100
AcDbEntity
  8
0
100
AcDbBlockBegin
  2
*D160
 70
     1
 10
0.0
 20
0.0
 30
0.0
  3
*D160
  1

  0
LINE
  5
28BC
330
28A7
100
AcDbEntity
  8
Dimensions
 62
     0
440
 16777216
370
    -2
100
AcDbLine
 10
-903.6250000000004
 20
-213.0000000000001
 30
0.0
 11
-914.2500000000014
 21
-213.0000000000001
 31
0.0
  0
LINE
  5
28BD
330
28A7
100
AcDbEntity
  8
Dimensions
 62
     0
440
 16777216
370
    -2
100
AcDbLine
 10
-369.6250000000001
 20
-109.0
 30
0.0
 11
-914.2500000000014
 21
-109.0000000000001
 31
0.0
  0
LINE
  5
28BE
330
28A7
100
AcDbEntity
  8
Dimensions
 62
     0
440
 16777216
370
    -2
100
AcDbLine
 10
-913.0000000000013
 20
-210.5000000000001
 30
0.0
 11
-913.0000000000013
 21
-111.5000000000001
 31
0.0
  0
SOLID
  5
28BF
330
28A7
100
AcDbEntity
  8
Dimensions
 62
     0
440
 16777216
100
AcDbTrace
 10
-913.4166666666679
 20
-210.5000000000001
 30
0.0
 11
-912.5833333333346
 21
-210.5000000000001
 31
0.0
 12
-913.0000000000013
 22
-213.0000000000001
 32
0.0
 13
-913.0000000000013
 23
-213.0000000000001
 33
0.0
  0
SOLID
  5
28C0
330
28A7
100
AcDbEntity
  8
Dimensions
 62
     0
440
 16777216
100
AcDbTrace
 10
-913.4166666666679
 20
-111.5000000000001
 30
0.0
 11
-912.5833333333346
 21
-111.5000000000001
 31
0.0
 12
-913.0000000000013
 22
-109.0000000000001
 32
0.0
 13
-913.0000000000013
 23
-109.0000000000001
 33
0.0
  0
MTEXT
  5
28C1
330
28A7
100
AcDbEntity
  8
Dimensions
 62
     0
440
 16777216
100
AcDbMText
 10
-914.8750000000012
 20
-160.9999999999998
 30
0.0
 40
2.5
 41
0.0
 46
0.0
 71
     5
 72
     1
  1
104
 11
0.0000000000000001
 21
1.0
 31
0.0
 73
     1
 44
1.0
  0
POINT
  5
28C2
330
28A7
100
AcDbEntity
  8
Defpoints
 62
     0
440
 16777216
100
AcDbPoint
 10
-903.0000000000004
 20
-213.0000000000001
 30
0.0
  0
POINT
  5
28C3
330
28A7
100
AcDbEntity
  8
Defpoints
 62
     0
440
 16777216
100
AcDbPoint
 10
-369.0000000000001
 20
-109.0
 30
0.0
  0
POINT
  5
28C4
330
28A7
100
AcDbEntity
  8
Defpoints
 62
     0
440
 16777216
100
AcDbPoint
 10
-913.0000000000013
 20
-109.0000000000001
 30
0.0
  0
ENDBLK
  5
28A9
330
28A7
100
AcDbEntity
  8
0
100
AcDbBlockEnd
  0
BLOCK
  5
28C7
330
28C6
100
AcDbEntity
  8
0
100
AcDbBlockBegin
  2
*D161
 70
     1
 10
0.0
 20
0.0
 30
0.0
  3
*D161
  1

  0
LINE
  5
28E9
330
28C6
100
AcDbEntity
  8
Dimensions
 62
     0
440
 16777216
370
    -2
100
AcDbLine
 10
-903.0
 20
-213.625
 30
0.0
 11
-903.0
 21
-234.25
 31
0.0
  0
LINE
  5
28EA
330
28C6
100
AcDbEntity
  8
Dimensions
 62
     0
440
 16777216
370
    -2
100
AcDbLine
 10
-369.0
 20
-213.625
 30
0.0
 11
-369.0
 21
-234.25
 31
0.0
  0
LINE
  5
28EB
330
28C6
100
AcDbEntity
  8
Dimensions
 62
     0
440
 16777216
370
    -2
100
AcDbLine
 10
-900.5
 20
-233.0
 30
0.0
 11
-371.5
 21
-233.0
 31
0.0
  0
SOLID
  5
28EC
330
28C6
100
AcDbEntity
  8
Dimensions
 62
     0
440
 16777216
100
AcDbTrace
 10
-900.5
 20
-232.5833333333334
 30
0.0
 11
-900.5
 21
-233.4166666666666
 31
0.0
 12
-903.0
 22
-233.0
 32
0.0
 13
-903.0
 23
-233.0
 33
0.0
  0
SOLID
  5
28ED
330
28C6
100
AcDbEntity
  8
Dimensions
 62
     0
440
 16777216
100
AcDbTrace
 10
-371.5
 20
-232.5833333333334
 30
0.0
 11
-371.5
 21
-233.4166666666666
 31
0.0
 12
-369.0
 22
-233.0
 32
0.0
 13
-369.0
 23
-233.0
 33
0.0
  0
MTEXT
  5
28EE
330
28C6
100
AcDbEntity
  8
Dimensions
 62
     0
440
 16777216
100
AcDbMText
 10
-636.0
 20
-231.125
 30
0.0
 40
2.5
 41
0.0
 46
0.0
 71
     5
 72
     1
  1
534
 73
     1
 44
1.0
  0
POINT
  5
28EF
330
28C6
100
AcDbEntity
  8
Defpoints
 62
     0
440
 16777216
100
AcDbPoint
 10
-903.0
 20
-213.0
 30
0.0
  0
POINT
  5
28F0
330
28C6
100
AcDbEntity
  8
Defpoints
 62
     0
440
 16777216
100
AcDbPoint
 10
-369.0
 20
-213.0
 30
0.0
  0
POINT
  5
28F1
330
28C6
100
AcDbEntity
  8
Defpoints
 62
     0
440
 16777216
100
AcDbPoint
 10
-369.0
 20
-233.0
 30
0.0
  0
ENDBLK
  5
28C8
330
28C6
100
AcDbEntity
  8
0
100
AcDbBlockEnd
  0
BLOCK
  5
28D4
330
28D3
100
AcDbEntity
  8
0
100
AcDbBlockBegin
  2
*D162
 70
     1
 10
0.0
 20
0.0
 30
0.0
  3
*D162
  1

  0
LINE
  5
2927
330
28D3
100
AcDbEntity
  8
Dimensions
 62
     0
440
 16777216
370
    -2
100
AcDbLine
 10
-801.0
 20
-213.625
 30
0.0
 11
-801.0
 21
-224.25
 31
0.0
  0
LINE
  5
2928
330
28D3
100
AcDbEntity
  8
Dimensions
 62
     0
440
 16777216
370
    -2
100
AcDbLine
 10
-623.0
 20
-109.625
 30
0.0
 11
-623.0
 21
-224.25
 31
0.0
  0
LINE
  5
2929
330
28D3
100
AcDbEntity
  8
Dimensions
 62
     0
440
 16777216
370
    -2
100
AcDbLine
 10
-798.5
 20
-223.0
 30
0.0
 11
-625.4999999999999
 21
-223.0
 31
0.0
  0
SOLID
  5
292A
330
28D3
100
AcDbEntity
  8
Dimensions
 62
     0
440
 16777216
100
AcDbTrace
 10
-798.5
 20
-222.5833333333333
 30
0.0
 11
-798.5
 21
-223.4166666666666
 31
0.0
 12
-801.0
 22
-223.0
 32
0.0
 13
-801.0
 23
-223.0
 33
0.0
  0
SOLID
  5
292B
330
28D3
100
AcDbEntity
  8
Dimensions
 62
     0
440
 16777216
100
AcDbTrace
 10
-625.4999999999999
 20
-222.5833333333333
 30
0.0
 11
-625.4999999999999
 21
-223.4166666666666
 31
0.0
 12
-623.0
 22
-223.0
 32
0.0
 13
-623.0
 23
-223.0
 33
0.0
  0
MTEXT
  5
292C
330
28D3
100
AcDbEntity
  8
Dimensions
 62
     0
440
 16777216
100
AcDbMText
 10
-712.0
 20
-221.125
 30
0.0
 40
2.5
 41
0.0
 46
0.0
 71
     5
 72
     1
  1
178
 73
     1
 44
1.0
  0
POINT
  5
292D
330
28D3
100
AcDbEntity
  8
Defpoints
 62
     0
440
 16777216
100
AcDbPoint
 10
-801.0
 20
-213.0
 30
0.0
  0
POINT
  5
292E
330
28D3
100
AcDbEntity
  8
Defpoints
 62
     0
440
 16777216
100
AcDbPoint
 10
-623.0
 20
-109.0
 30
0.0
  0
POINT
  5
292F
330
28D3
100
AcDbEntity
  8
Defpoints
 62
     0
440
 16777216
100
AcDbPoint
 10
-623.0
 20
-223.0
 30
0.0
  0
ENDBLK
  5
28D5
330
28D3
100
AcDbEntity
  8
0
100
AcDbBlockEnd
  0
BLOCK
  5
28F4
330
28F3
100
AcDbEntity
  8
0
100
AcDbBlockBegin
  2
*D163
 70
     1
 10
0.0
 20
0.0
 30
0.0
  3
*D163
  1

  0
LINE
  5
291E
330
28F3
100
AcDbEntity
  8
Dimensions
 62
     0
440
 16777216
370
    -2
100
AcDbLine
 10
-890.0
 20
-213.625
 30
0.0
 11
-890.0
 21
-224.25
 31
0.0
  0
LINE
  5
291F
330
28F3
100
AcDbEntity
  8
Dimensions
 62
     0
440
 16777216
370
    -2
100
AcDbLine
 10
-801.0
 20
-109.625
 30
0.0
 11
-801.0
 21
-224.25
 31
0.0
  0
LINE
  5
2920
330
28F3
100
AcDbEntity
  8
Dimensions
 62
     0
440
 16777216
370
    -2
100
AcDbLine
 10
-887.5
 20
-223.0
 30
0.0
 11
-803.5
 21
-223.0
 31
0.0
  0
SOLID
  5
2921
330
28F3
100
AcDbEntity
  8
Dimensions
 62
     0
440
 16777216
100
AcDbTrace
 10
-887.5
 20
-222.5833333333333
 30
0.0
 11
-887.5
 21
-223.4166666666666
 31
0.0
 12
-890.0
 22
-223.0
 32
0.0
 13
-890.0
 23
-223.0
 33
0.0
  0
SOLID
  5
2922
330
28F3
100
AcDbEntity
  8
Dimensions
 62
     0
440
 16777216
100
AcDbTrace
 10
-803.5
 20
-222.5833333333333
 30
0.0
 11
-803.5
 21
-223.4166666666666
 31
0.0
 12
-801.0
 22
-223.0
 32
0.0
 13
-801.0
 23
-223.0
 33
0.0
  0
MTEXT
  5
2923
330
28F3
100
AcDbEntity
  8
Dimensions
 62
     0
440
 16777216
100
AcDbMText
 10
-845.5
 20
-221.125
 30
0.0
 40
2.5
 41
0.0
 46
0.0
 71
     5
 72
     1
  1
89
 73
     1
 44
1.0
  0
POINT
  5
2924
330
28F3
100
AcDbEntity
  8
Defpoints
 62
     0
440
 16777216
100
AcDbPoint
 10
-890.0
 20
-213.0
 30
0.0
  0
POINT
  5
2925
330
28F3
100
AcDbEntity
  8
Defpoints
 62
     0
440
 16777216
100
AcDbPoint
 10
-801.0
 20
-109.0
 30
0.0
  0
POINT
  5
2926
330
28F3
100
AcDbEntity
  8
Defpoints
 62
     0
440
 16777216
100
AcDbPoint
 10
-801.0
 20
-223.0
 30
0.0
  0
ENDBLK
  5
28F5
330
28F3
100
AcDbEntity
  8
0
100
AcDbBlockEnd
  0
BLOCK
  5
290A
330
2909
100
AcDbEntity
  8
0
100
AcDbBlockBegin
  2
*D164
 70
     1
 10
0.0
 20
0.0
 30
0.0
  3
*D164
  1

  0
LINE
  5
2930
330
2909
100
AcDbEntity
  8
Dimensions
 62
     0
440
 16777216
370
    -2
100
AcDbLine
 10
-623.0
 20
-213.625
 30
0.0
 11
-623.0
 21
-224.25
 31
0.0
  0
LINE
  5
2931
330
2909
100
AcDbEntity
  8
Dimensions
 62
     0
440
 16777216
370
    -2
100
AcDbLine
 10
-445.0
 20
-109.625
 30
0.0
 11
-445.0
 21
-224.25
 31
0.0
  0
LINE
  5
2932
330
2909
100
AcDbEntity
  8
Dimensions
 62
     0
440
 16777216
370
    -2
100
AcDbLine
 10
-620.5
 20
-223.0
 30
0.0
 11
-447.5
 21
-223.0
 31
0.0
  0
SOLID
  5
2933
330
2909
100
AcDbEntity
  8
Dimensions
 62
     0
440
 16777216
100
AcDbTrace
 10
-620.5
 20
-222.5833333333333
 30
0.0
 11
-620.5
 21
-223.4166666666666
 31
0.0
 12
-623.0
 22
-223.0
 32
0.0
 13
-623.0
 23
-223.0
 33
0.0
  0
SOLID
  5
2934
330
2909
100
AcDbEntity
  8
Dimensions
 62
     0
440
 16777216
100
AcDbTrace
 10
-447.5
 20
-222.5833333333333
 30
0.0
 11
-447.5
 21
-223.4166666666666
 31
0.0
 12
-445.0
 22
-223.0
 32
0.0
 13
-445.0
 23
-223.0
 33
0.0
  0
MTEXT
  5
2935
330
2909
100
AcDbEntity
  8
Dimensions
 62
     0
440
 16777216
100
AcDbMText
 10
-534.0
 20
-221.125
 30
0.0
 40
2.5
 41
0.0
 46
0.0
 71
     5
 72
     1
  1
178
 73
     1
 44
1.0
  0
POINT
  5
2936
330
2909
100
AcDbEntity
  8
Defpoints
 62
     0
440
 16777216
100
AcDbPoint
 10
-623.0
 20
-213.0
 30
0.0
  0
POINT
  5
2937
330
2909
100
AcDbEntity
  8
Defpoints
 62
     0
440
 16777216
100
AcDbPoint
 10
-445.0
 20
-109.0
 30
0.0
  0
POINT
  5
2938
330
2909
100
AcDbEntity
  8
Defpoints
 62
     0
440
 16777216
100
AcDbPoint
 10
-445.0
 20
-223.0
 30
0.0
  0
ENDBLK
  5
290B
330
2909
100
AcDbEntity
  8
0
100
AcDbBlockEnd
  0
BLOCK
  5
293C
330
293B
100
AcDbEntity
  8
0
100
AcDbBlockBegin
  2
*D165
 70
     1
 10
0.0
 20
0.0
 30
0.0
  3
*D165
  1

  0
LINE
  5
2968
330
293B
100
AcDbEntity
  8
Dimensions
 62
     0
440
 16777216
370
    -2
100
AcDbLine
 10
-792.5736441908606
 20
-100.5736441908598
 30
0.0
 11
-798.171572875254
 21
-106.1715728752536
 31
0.0
  0
LINE
  5
2969
330
293B
100
AcDbEntity
  8
Dimensions
 62
     0
440
 16777216
370
    -2
100
AcDbLine
 10
-803.828427124746
 20
-111.8284271247462
 30
0.0
 11
-805.5961940777123
 21
-113.5961940777127
 31
0.0
  0
MTEXT
  5
296A
330
293B
100
AcDbEntity
  8
Dimensions
 62
     0
440
 16777216
100
AcDbMText
 10
-795.8145502712989
 20
-101.1628998418487
 30
0.0
 40
2.5
 41
0.0
 46
0.0
 71
     5
 72
     1
  1
∅3
 11
0.7071067811865193
 21
0.7071067811865758
 31
0.0
 73
     1
 44
1.0
  0
LINE
  5
296B
330
293B
100
AcDbEntity
  8
Dimensions
 62
     0
440
 16777216
370
    -2
100
AcDbLine
 10
-802.0606601717798
 20
-110.0606601717798
 30
0.0
 11
-799.9393398282202
 21
-107.9393398282201
 31
0.0
  0
SOLID
  5
296C
330
293B
100
AcDbEntity
  8
Dimensions
 62
     0
440
 16777216
100
AcDbTrace
 10
-804.1230549502405
 20
-111.5337992992518
 30
0.0
 11
-803.5337992992516
 21
-112.1230549502406
 31
0.0
 12
-802.0606601717798
 22
-110.0606601717798
 32
0.0
 13
-802.0606601717798
 23
-110.0606601717798
 33
0.0
  0
SOLID
  5
296D
330
293B
100
AcDbEntity
  8
Dimensions
 62
     0
440
 16777216
100
AcDbTrace
 10
-798.4662007007483
 20
-105.8769450497592
 30
0.0
 11
-797.8769450497595
 21
-106.466200700748
 31
0.0
 12
-799.9393398282202
 22
-107.9393398282201
 32
0.0
 13
-799.9393398282202
 23
-107.9393398282201
 33
0.0
  0
POINT
  5
296E
330
293B
100
AcDbEntity
  8
Defpoints
 62
     0
440
 16777216
100
AcDbPoint
 10
-799.9393398282202
 20
-107.9393398282201
 30
0.0
  0
POINT
  5
296F
330
293B
100
AcDbEntity
  8
Defpoints
 62
     0
440
 16777216
100
AcDbPoint
 10
-802.0606601717798
 20
-110.0606601717798
 30
0.0
  0
ENDBLK
  5
293D
330
293B
100
AcDbEntity
  8
0
100
AcDbBlockEnd
  0
BLOCK
  5
2975
330
2974
100
AcDbEntity
  8
0
100
AcDbBlockBegin
  2
*D166
 70
     1
 10
0.0
 20
0.0
 30
0.0
  3
*D166
  1

  0
LINE
  5
2977
330
2974
100
AcDbEntity
  8
Dimensions
 62
     0
440
 16777216
370
    -2
100
AcDbLine
 10
-614.5736441908606
 20
-100.5736441908601
 30
0.0
 11
-620.171572875254
 21
-106.1715728752538
 31
0.0
  0
LINE
  5
2978
330
2974
100
AcDbEntity
  8
Dimensions
 62
     0
440
 16777216
370
    -2
100
AcDbLine
 10
-625.8284271247459
 20
-111.8284271247462
 30
0.0
 11
-627.5961940777123
 21
-113.5961940777127
 31
0.0
  0
MTEXT
  5
2979
330
2974
100
AcDbEntity
  8
Dimensions
 62
     0
440
 16777216
100
AcDbMText
 10
-617.814550271299
 20
-101.1628998418489
 30
0.0
 40
2.5
 41
0.0
 46
0.0
 71
     5
 72
     1
  1
∅3
 11
0.7071067811865193
 21
0.7071067811865758
 31
0.0
 73
     1
 44
1.0
  0
LINE
  5
297A
330
2974
100
AcDbEntity
  8
Dimensions
 62
     0
440
 16777216
370
    -2
100
AcDbLine
 10
-624.0606601717797
 20
-110.0606601717798
 30
0.0
 11
-621.9393398282202
 21
-107.9393398282202
 31
0.0
  0
SOLID
  5
297B
330
2974
100
AcDbEntity
  8
Dimensions
 62
     0
440
 16777216
100
AcDbTrace
 10
-626.1230549502404
 20
-111.5337992992518
 30
0.0
 11
-625.5337992992515
 21
-112.1230549502406
 31
0.0
 12
-624.0606601717797
 22
-110.0606601717798
 32
0.0
 13
-624.0606601717797
 23
-110.0606601717798
 33
0.0
  0
SOLID
  5
297C
330
2974
100
AcDbEntity
  8
Dimensions
 62
     0
440
 16777216
100
AcDbTrace
 10
-620.4662007007483
 20
-105.8769450497593
 30
0.0
 11
-619.8769450497596
 21
-106.4662007007481
 31
0.0
 12
-621.9393398282202
 22
-107.9393398282202
 32
0.0
 13
-621.9393398282202
 23
-107.9393398282202
 33
0.0
  0
POINT
  5
297D
330
2974
100
AcDbEntity
  8
Defpoints
 62
     0
440
 16777216
100
AcDbPoint
 10
-621.9393398282202
 20
-107.9393398282202
 30
0.0
  0
POINT
  5
297E
330
2974
100
AcDbEntity
  8
Defpoints
 62
     0
440
 16777216
100
AcDbPoint
 10
-624.0606601717797
 20
-110.0606601717798
 30
0.0
  0
ENDBLK
  5
2976
330
2974
100
AcDbEntity
  8
0
100
AcDbBlockEnd
  0
BLOCK
  5
2984
330
2983
100
AcDbEntity
  8
0
100
AcDbBlockBegin
  2
*D167
 70
     1
 10
0.0
 20
0.0
 30
0.0
  3
*D167
  1

  0
LINE
  5
2986
330
2983
100
AcDbEntity
  8
Dimensions
 62
     0
440
 16777216
370
    -2
100
AcDbLine
 10
-436.5736441908607
 20
-100.5736441908599
 30
0.0
 11
-442.1715728752539
 21
-106.1715728752536
 31
0.0
  0
LINE
  5
2987
330
2983
100
AcDbEntity
  8
Dimensions
 62
     0
440
 16777216
370
    -2
100
AcDbLine
 10
-447.8284271247461
 20
-111.8284271247463
 30
0.0
 11
-449.5961940777123
 21
-113.5961940777127
 31
0.0
  0
MTEXT
  5
2988
330
2983
100
AcDbEntity
  8
Dimensions
 62
     0
440
 16777216
100
AcDbMText
 10
-439.814550271299
 20
-101.1628998418488
 30
0.0
 40
2.5
 41
0.0
 46
0.0
 71
     5
 72
     1
  1
∅3
 11
0.7071067811865193
 21
0.7071067811865758
 31
0.0
 73
     1
 44
1.0
  0
LINE
  5
2989
330
2983
100
AcDbEntity
  8
Dimensions
 62
     0
440
 16777216
370
    -2
100
AcDbLine
 10
-446.0606601717797
 20
-110.0606601717798
 30
0.0
 11
-443.9393398282202
 21
-107.9393398282201
 31
0.0
  0
SOLID
  5
298A
330
2983
100
AcDbEntity
  8
Dimensions
 62
     0
440
 16777216
100
AcDbTrace
 10
-448.1230549502405
 20
-111.5337992992519
 30
0.0
 11
-447.5337992992516
 21
-112.1230549502407
 31
0.0
 12
-446.0606601717797
 22
-110.0606601717798
 32
0.0
 13
-446.0606601717797
 23
-110.0606601717798
 33
0.0
  0
SOLID
  5
298B
330
2983
100
AcDbEntity
  8
Dimensions
 62
     0
440
 16777216
100
AcDbTrace
 10
-442.4662007007483
 20
-105.8769450497593
 30
0.0
 11
-441.8769450497594
 21
-106.466200700748
 31
0.0
 12
-443.9393398282202
 22
-107.9393398282201
 32
0.0
 13
-443.9393398282202
 23
-107.9393398282201
 33
0.0
  0
POINT
  5
298C
330
2983
100
AcDbEntity
  8
Defpoints
 62
     0
440
 16777216
100
AcDbPoint
 10
-443.9393398282202
 20
-107.9393398282201
 30
0.0
  0
POINT
  5
298D
330
2983
100
AcDbEntity
  8
Defpoints
 62
     0
440
 16777216
100
AcDbPoint
 10
-446.0606601717797
 20
-110.0606601717798
 30
0.0
  0
ENDBLK
  5
2985
330
2983
100
AcDbEntity
  8
0
100
AcDbBlockEnd
  0
BLOCK
  5
2990
330
298F
100
AcDbEntity
  8
0
100
AcDbBlockBegin
  2
*D168
 70
     1
 10
0.0
 20
0.0
 30
0.0
  3
*D168
  1

  0
LINE
  5
29A6
330
298F
100
AcDbEntity
  8
Dimensions
 62
     0
440
 16777216
370
    -2
100
AcDbLine
 10
-339.0
 20
506.625
 30
0.0
 11
-339.0
 21
517.25
 31
0.0
  0
LINE
  5
29A7
330
298F
100
AcDbEntity
  8
Dimensions
 62
     0
440
 16777216
370
    -2
100
AcDbLine
 10
-249.0
 20
-5.375
 30
0.0
 11
-249.0
 21
517.25
 31
0.0
  0
LINE
  5
29A8
330
298F
100
AcDbEntity
  8
Dimensions
 62
     0
440
 16777216
370
    -2
100
AcDbLine
 10
-336.5
 20
516.0
 30
0.0
 11
-251.5
 21
516.0
 31
0.0
  0
SOLID
  5
29A9
330
298F
100
AcDbEntity
  8
Dimensions
 62
     0
440
 16777216
100
AcDbTrace
 10
-336.5
 20
516.4166666666666
 30
0.0
 11
-336.5
 21
515.5833333333333
 31
0.0
 12
-339.0
 22
516.0
 32
0.0
 13
-339.0
 23
516.0
 33
0.0
  0
SOLID
  5
29AA
330
298F
100
AcDbEntity
  8
Dimensions
 62
     0
440
 16777216
100
AcDbTrace
 10
-251.5
 20
516.4166666666666
 30
0.0
 11
-251.5
 21
515.5833333333333
 31
0.0
 12
-249.0
 22
516.0
 32
0.0
 13
-249.0
 23
516.0
 33
0.0
  0
MTEXT
  5
29AB
330
298F
100
AcDbEntity
  8
Dimensions
 62
     0
440
 16777216
100
AcDbMText
 10
-294.0
 20
517.8749999999999
 30
0.0
 40
2.5
 41
0.0
 46
0.0
 71
     5
 72
     1
  1
90
 73
     1
 44
1.0
  0
POINT
  5
29AC
330
298F
100
AcDbEntity
  8
Defpoints
 62
     0
440
 16777216
100
AcDbPoint
 10
-339.0
 20
506.0
 30
0.0
  0
POINT
  5
29AD
330
298F
100
AcDbEntity
  8
Defpoints
 62
     0
440
 16777216
100
AcDbPoint
 10
-249.0
 20
-6.0
 30
0.0
  0
POINT
  5
29AE
330
298F
100
AcDbEntity
  8
Defpoints
 62
     0
440
 16777216
100
AcDbPoint
 10
-249.0
 20
516.0
 30
0.0
  0
ENDBLK
  5
2991
330
298F
100
AcDbEntity
  8
0
100
AcDbBlockEnd
  0
BLOCK
  5
29B1
330
29B0
100
AcDbEntity
  8
0
100
AcDbBlockBegin
  2
*D169
 70
     1
 10
0.0
 20
0.0
 30
0.0
  3
*D169
  1

  0
LINE
  5
29BD
330
29B0
100
AcDbEntity
  8
Dimensions
 62
     0
440
 16777216
370
    -2
100
AcDbLine
 10
-249.0
 20
506.625
 30
0.0
 11
-249.0
 21
517.25
 31
0.0
  0
LINE
  5
29BE
330
29B0
100
AcDbEntity
  8
Dimensions
 62
     0
440
 16777216
370
    -2
100
AcDbLine
 10
-239.0
 20
-5.375
 30
0.0
 11
-239.0
 21
517.25
 31
0.0
  0
LINE
  5
29BF
330
29B0
100
AcDbEntity
  8
Dimensions
 62
     0
440
 16777216
370
    -2
100
AcDbLine
 10
-246.5
 20
516.0
 30
0.0
 11
-241.5
 21
516.0
 31
0.0
  0
SOLID
  5
29C0
330
29B0
100
AcDbEntity
  8
Dimensions
 62
     0
440
 16777216
100
AcDbTrace
 10
-246.5
 20
516.4166666666666
 30
0.0
 11
-246.5
 21
515.5833333333333
 31
0.0
 12
-249.0
 22
516.0
 32
0.0
 13
-249.0
 23
516.0
 33
0.0
  0
SOLID
  5
29C1
330
29B0
100
AcDbEntity
  8
Dimensions
 62
     0
440
 16777216
100
AcDbTrace
 10
-241.5
 20
516.4166666666666
 30
0.0
 11
-241.5
 21
515.5833333333333
 31
0.0
 12
-239.0
 22
516.0
 32
0.0
 13
-239.0
 23
516.0
 33
0.0
  0
MTEXT
  5
29C2
330
29B0
100
AcDbEntity
  8
Dimensions
 62
     0
440
 16777216
100
AcDbMText
 10
-244.0
 20
517.8749999999999
 30
0.0
 40
2.5
 41
0.0
 46
0.0
 71
     5
 72
     1
  1
10
 73
     1
 44
1.0
  0
POINT
  5
29C3
330
29B0
100
AcDbEntity
  8
Defpoints
 62
     0
440
 16777216
100
AcDbPoint
 10
-249.0
 20
506.0
 30
0.0
  0
POINT
  5
29C4
330
29B0
100
AcDbEntity
  8
Defpoints
 62
     0
440
 16777216
100
AcDbPoint
 10
-239.0
 20
-6.0
 30
0.0
  0
POINT
  5
29C5
330
29B0
100
AcDbEntity
  8
Defpoints
 62
     0
440
 16777216
100
AcDbPoint
 10
-239.0
 20
516.0
 30
0.0
  0
ENDBLK
  5
29B2
330
29B0
100
AcDbEntity
  8
0
100
AcDbBlockEnd
  0
BLOCK
  5
29C8
330
29C7
100
AcDbEntity
  8
0
100
AcDbBlockBegin
  2
*D170
 70
     1
 10
0.0
 20
0.0
 30
0.0
  3
*D170
  1

  0
LINE
  5
29D3
330
29C7
100
AcDbEntity
  8
Dimensions
 62
     0
440
 16777216
370
    -2
100
AcDbLine
 10
-339.6250000000001
 20
506.0000000000002
 30
0.0
 11
-350.2500000000002
 21
506.0000000000002
 31
0.0
  0
LINE
  5
29D4
330
29C7
100
AcDbEntity
  8
Dimensions
 62
     0
440
 16777216
370
    -2
100
AcDbLine
 10
-249.6250000000001
 20
466.0000000000002
 30
0.0
 11
-350.2500000000002
 21
466.0000000000002
 31
0.0
  0
LINE
  5
29D5
330
29C7
100
AcDbEntity
  8
Dimensions
 62
     0
440
 16777216
370
    -2
100
AcDbLine
 10
-349.0000000000002
 20
503.5000000000002
 30
0.0
 11
-349.0000000000002
 21
468.5000000000002
 31
0.0
  0
SOLID
  5
29D6
330
29C7
100
AcDbEntity
  8
Dimensions
 62
     0
440
 16777216
100
AcDbTrace
 10
-349.4166666666669
 20
503.5000000000002
 30
0.0
 11
-348.5833333333336
 21
503.5000000000002
 31
0.0
 12
-349.0000000000002
 22
506.0000000000002
 32
0.0
 13
-349.0000000000002
 23
506.0000000000002
 33
0.0
  0
SOLID
  5
29D7
330
29C7
100
AcDbEntity
  8
Dimensions
 62
     0
440
 16777216
100
AcDbTrace
 10
-349.4166666666669
 20
468.5000000000002
 30
0.0
 11
-348.5833333333336
 21
468.5000000000002
 31
0.0
 12
-349.0000000000002
 22
466.0000000000002
 32
0.0
 13
-349.0000000000002
 23
466.0000000000002
 33
0.0
  0
MTEXT
  5
29D8
330
29C7
100
AcDbEntity
  8
Dimensions
 62
     0
440
 16777216
100
AcDbMText
 10
-350.875
 20
486.0000000000002
 30
0.0
 40
2.5
 41
0.0
 46
0.0
 71
     5
 72
     1
  1
40
 11
0.0000000000000001
 21
1.0
 31
0.0
 73
     1
 44
1.0
  0
POINT
  5
29D9
330
29C7
100
AcDbEntity
  8
Defpoints
 62
     0
440
 16777216
100
AcDbPoint
 10
-339.0000000000001
 20
506.0000000000002
 30
0.0
  0
POINT
  5
29DA
330
29C7
100
AcDbEntity
  8
Defpoints
 62
     0
440
 16777216
100
AcDbPoint
 10
-249.0000000000001
 20
466.0000000000002
 30
0.0
  0
POINT
  5
29DB
330
29C7
100
AcDbEntity
  8
Defpoints
 62
     0
440
 16777216
100
AcDbPoint
 10
-349.0000000000002
 20
466.0000000000002
 30
0.0
  0
ENDBLK
  5
29C9
330
29C7
100
AcDbEntity
  8
0
100
AcDbBlockEnd
  0
BLOCK
  5
29DE
330
29DD
100
AcDbEntity
  8
0
100
AcDbBlockBegin
  2
*D171
 70
     1
 10
0.0
 20
0.0
 30
0.0
  3
*D171
  1

  0
LINE
  5
29FF
330
29DD
100
AcDbEntity
  8
Dimensions
 62
     0
440
 16777216
370
    -2
100
AcDbLine
 10
-249.6250000000001
 20
466.0000000000002
 30
0.0
 11
-350.2500000000002
 21
466.0000000000002
 31
0.0
  0
LINE
  5
2A00
330
29DD
100
AcDbEntity
  8
Dimensions
 62
     0
440
 16777216
370
    -2
100
AcDbLine
 10
-239.6250000000001
 20
356.0000000000001
 30
0.0
 11
-350.2500000000002
 21
356.0000000000001
 31
0.0
  0
LINE
  5
2A01
330
29DD
100
AcDbEntity
  8
Dimensions
 62
     0
440
 16777216
370
    -2
100
AcDbLine
 10
-349.0000000000002
 20
463.5000000000002
 30
0.0
 11
-349.0000000000002
 21
358.5000000000001
 31
0.0
  0
SOLID
  5
2A02
330
29DD
100
AcDbEntity
  8
Dimensions
 62
     0
440
 16777216
100
AcDbTrace
 10
-349.4166666666669
 20
463.5000000000002
 30
0.0
 11
-348.5833333333336
 21
463.5000000000002
 31
0.0
 12
-349.0000000000002
 22
466.0000000000002
 32
0.0
 13
-349.0000000000002
 23
466.0000000000002
 33
0.0
  0
SOLID
  5
2A03
330
29DD
100
AcDbEntity
  8
Dimensions
 62
     0
440
 16777216
100
AcDbTrace
 10
-349.4166666666668
 20
358.5000000000001
 30
0.0
 11
-348.5833333333335
 21
358.5000000000001
 31
0.0
 12
-349.0000000000002
 22
356.0000000000001
 32
0.0
 13
-349.0000000000002
 23
356.0000000000001
 33
0.0
  0
MTEXT
  5
2A04
330
29DD
100
AcDbEntity
  8
Dimensions
 62
     0
440
 16777216
100
AcDbMText
 10
-350.875
 20
411.0000000000001
 30
0.0
 40
2.5
 41
0.0
 46
0.0
 71
     5
 72
     1
  1
110
 11
0.0000000000000001
 21
1.0
 31
0.0
 73
     1
 44
1.0
  0
POINT
  5
2A05
330
29DD
100
AcDbEntity
  8
Defpoints
 62
     0
440
 16777216
100
AcDbPoint
 10
-249.0000000000001
 20
466.0000000000002
 30
0.0
  0
POINT
  5
2A06
330
29DD
100
AcDbEntity
  8
Defpoints
 62
     0
440
 16777216
100
AcDbPoint
 10
-239.0000000000001
 20
356.0000000000001
 30
0.0
  0
POINT
  5
2A07
330
29DD
100
AcDbEntity
  8
Defpoints
 62
     0
440
 16777216
100
AcDbPoint
 10
-349.0000000000002
 20
356.0000000000001
 30
0.0
  0
ENDBLK
  5
29DF
330
29DD
100
AcDbEntity
  8
0
100
AcDbBlockEnd
  0
BLOCK
  5
29EB
330
29EA
100
AcDbEntity
  8
0
100
AcDbBlockBegin
  2
*D172
 70
     1
 10
0.0
 20
0.0
 30
0.0
  3
*D172
  1

  0
LINE
  5
29F6
330
29EA
100
AcDbEntity
  8
Dimensions
 62
     0
440
 16777216
370
    -2
100
AcDbLine
 10
-339.6250000000001
 20
-6.000000000000002
 30
0.0
 11
-350.2500000000002
 21
-6.000000000000004
 31
0.0
  0
LINE
  5
29F7
330
29EA
100
AcDbEntity
  8
Dimensions
 62
     0
440
 16777216
370
    -2
100
AcDbLine
 10
-249.6250000000001
 20
114.0
 30
0.0
 11
-350.2500000000002
 21
114.0
 31
0.0
  0
LINE
  5
29F8
330
29EA
100
AcDbEntity
  8
Dimensions
 62
     0
440
 16777216
370
    -2
100
AcDbLine
 10
-349.0000000000002
 20
-3.500000000000003
 30
0.0
 11
-349.0000000000002
 21
111.5
 31
0.0
  0
SOLID
  5
29F9
330
29EA
100
AcDbEntity
  8
Dimensions
 62
     0
440
 16777216
100
AcDbTrace
 10
-349.4166666666669
 20
-3.500000000000003
 30
0.0
 11
-348.5833333333336
 21
-3.500000000000003
 31
0.0
 12
-349.0000000000002
 22
-6.000000000000003
 32
0.0
 13
-349.0000000000002
 23
-6.000000000000003
 33
0.0
  0
SOLID
  5
29FA
330
29EA
100
AcDbEntity
  8
Dimensions
 62
     0
440
 16777216
100
AcDbTrace
 10
-349.4166666666669
 20
111.5
 30
0.0
 11
-348.5833333333336
 21
111.5
 31
0.0
 12
-349.0000000000002
 22
114.0
 32
0.0
 13
-349.0000000000002
 23
114.0
 33
0.0
  0
MTEXT
  5
29FB
330
29EA
100
AcDbEntity
  8
Dimensions
 62
     0
440
 16777216
100
AcDbMText
 10
-350.8750000000002
 20
54.00000000000009
 30
0.0
 40
2.5
 41
0.0
 46
0.0
 71
     5
 72
     1
  1
120
 11
0.0000000000000001
 21
1.0
 31
0.0
 73
     1
 44
1.0
  0
POINT
  5
29FC
330
29EA
100
AcDbEntity
  8
Defpoints
 62
     0
440
 16777216
100
AcDbPoint
 10
-339.0000000000001
 20
-6.000000000000002
 30
0.0
  0
POINT
  5
29FD
330
29EA
100
AcDbEntity
  8
Defpoints
 62
     0
440
 16777216
100
AcDbPoint
 10
-249.0000000000001
 20
114.0
 30
0.0
  0
POINT
  5
29FE
330
29EA
100
AcDbEntity
  8
Defpoints
 62
     0
440
 16777216
100
AcDbPoint
 10
-349.0000000000002
 20
114.0
 30
0.0
  0
ENDBLK
  5
29EC
330
29EA
100
AcDbEntity
  8
0
100
AcDbBlockEnd
  0
BLOCK
  5
2A0D
330
2A0C
100
AcDbEntity
  8
0
100
AcDbBlockBegin
  2
*D173
 70
     1
 10
0.0
 20
0.0
 30
0.0
  3
*D173
  1

  0
LINE
  5
2A39
330
2A0C
100
AcDbEntity
  8
Dimensions
 62
     0
440
 16777216
370
    -2
100
AcDbLine
 10
-226.1302105753556
 20
487.7262999534125
 30
0.0
 11
-234.1375116113146
 21
480.1193639692513
 31
0.0
  0
LINE
  5
2A3A
330
2A0C
100
AcDbEntity
  8
Dimensions
 62
     0
440
 16777216
370
    -2
100
AcDbLine
 10
-263.8624883886854
 20
451.8806360307487
 30
0.0
 11
-265.6749869726714
 21
450.1587623759619
 31
0.0
  0
MTEXT
  5
2A3B
330
2A0C
100
AcDbEntity
  8
Dimensions
 62
     0
440
 16777216
100
AcDbMText
 10
-230.2914052410902
 20
486.3593739379897
 30
0.0
 40
2.5
 41
0.0
 46
0.0
 71
     5
 72
     1
  1
∅36
 11
0.7249994335944095
 21
0.6887494619146978
 31
0.0
 73
     1
 44
1.0
  0
LINE
  5
2A3C
330
2A0C
100
AcDbEntity
  8
Dimensions
 62
     0
440
 16777216
370
    -2
100
AcDbLine
 10
-262.0499898046994
 20
453.6025096855355
 30
0.0
 11
-235.9500101953007
 21
478.3974903144645
 31
0.0
  0
SOLID
  5
2A3D
330
2A0C
100
AcDbEntity
  8
Dimensions
 62
     0
440
 16777216
100
AcDbTrace
 10
-264.1494673311499
 20
452.1827191280798
 30
0.0
 11
-263.575509446221
 21
451.5785529334177
 31
0.0
 12
-262.0499898046994
 22
453.6025096855355
 32
0.0
 13
-262.0499898046994
 23
453.6025096855355
 33
0.0
  0
SOLID
  5
2A3E
330
2A0C
100
AcDbEntity
  8
Dimensions
 62
     0
440
 16777216
100
AcDbTrace
 10
-234.4244905537791
 20
480.4214470665824
 30
0.0
 11
-233.8505326688502
 21
479.8172808719203
 31
0.0
 12
-235.9500101953007
 22
478.3974903144645
 32
0.0
 13
-235.9500101953007
 23
478.3974903144645
 33
0.0
  0
POINT
  5
2A3F
330
2A0C
100
AcDbEntity
  8
Defpoints
 62
     0
440
 16777216
100
AcDbPoint
 10
-235.9500101953007
 20
478.3974903144645
 30
0.0
  0
POINT
  5
2A40
330
2A0C
100
AcDbEntity
  8
Defpoints
 62
     0
440
 16777216
100
AcDbPoint
 10
-262.0499898046994
 20
453.6025096855355
 30
0.0
  0
ENDBLK
  5
2A0E
330
2A0C
100
AcDbEntity
  8
0
100
AcDbBlockEnd
  0
BLOCK
  5
2A43
330
2A42
100
AcDbEntity
  8
0
100
AcDbBlockBegin
  2
*D174
 70
     1
 10
0.0
 20
0.0
 30
0.0
  3
*D174
  1

  0
LINE
  5
2A6F
330
2A42
100
AcDbEntity
  8
Dimensions
 62
     0
440
 16777216
370
    -2
100
AcDbLine
 10
-227.1386153483159
 20
135.861384651684
 30
0.0
 11
-234.5043109856758
 21
128.4956890143241
 31
0.0
  0
LINE
  5
2A70
330
2A42
100
AcDbEntity
  8
Dimensions
 62
     0
440
 16777216
370
    -2
100
AcDbLine
 10
-263.4956890143242
 20
99.50431098567579
 30
0.0
 11
-265.2634559672906
 21
97.73654403270942
 31
0.0
  0
MTEXT
  5
2A71
330
2A42
100
AcDbEntity
  8
Dimensions
 62
     0
440
 16777216
100
AcDbMText
 10
-231.2634049052374
 20
134.3882455242121
 30
0.0
 40
2.5
 41
0.0
 46
0.0
 71
     5
 72
     1
  1
∅36
 11
0.7071067811865483
 21
0.707106781186547
 31
0.0
 73
     1
 44
1.0
  0
LINE
  5
2A72
330
2A42
100
AcDbEntity
  8
Dimensions
 62
     0
440
 16777216
370
    -2
100
AcDbLine
 10
-261.7279220613578
 20
101.2720779386421
 30
0.0
 11
-236.2720779386421
 21
126.7279220613578
 31
0.0
  0
SOLID
  5
2A73
330
2A42
100
AcDbEntity
  8
Dimensions
 62
     0
440
 16777216
100
AcDbTrace
 10
-263.7903168398186
 20
99.79893881117021
 30
0.0
 11
-263.2010611888298
 21
99.20968316018139
 31
0.0
 12
-261.7279220613578
 22
101.2720779386421
 32
0.0
 13
-261.7279220613578
 23
101.2720779386421
 33
0.0
  0
SOLID
  5
2A74
330
2A42
100
AcDbEntity
  8
Dimensions
 62
     0
440
 16777216
100
AcDbTrace
 10
-234.7989388111702
 20
128.7903168398186
 30
0.0
 11
-234.2096831601814
 21
128.2010611888298
 31
0.0
 12
-236.2720779386421
 22
126.7279220613578
 32
0.0
 13
-236.2720779386421
 23
126.7279220613578
 33
0.0
  0
POINT
  5
2A75
330
2A42
100
AcDbEntity
  8
Defpoints
 62
     0
440
 16777216
100
AcDbPoint
 10
-236.2720779386421
 20
126.7279220613578
 30
0.0
  0
POINT
  5
2A76
330
2A42
100
AcDbEntity
  8
Defpoints
 62
     0
440
 16777216
100
AcDbPoint
 10
-261.7279220613578
 20
101.2720779386421
 30
0.0
  0
ENDBLK
  5
2A44
330
2A42
100
AcDbEntity
  8
0
100
AcDbBlockEnd
  0
BLOCK
  5
2A79
330
2A78
100
AcDbEntity
  8
0
100
AcDbBlockBegin
  2
*D175
 70
     1
 10
0.0
 20
0.0
 30
0.0
  3
*D175
  1

  0
LINE
  5
2AA5
330
2A78
100
AcDbEntity
  8
Dimensions
 62
     0
440
 16777216
370
    -2
100
AcDbLine
 10
-222.0883628166216
 20
372.9116371833783
 30
0.0
 11
-229.4540584539815
 21
365.5459415460184
 31
0.0
  0
LINE
  5
2AA6
330
2A78
100
AcDbEntity
  8
Dimensions
 62
     0
440
 16777216
370
    -2
100
AcDbLine
 10
-248.5459415460184
 20
346.4540584539815
 30
0.0
 11
-250.3137084989848
 21
344.6862915010151
 31
0.0
  0
MTEXT
  5
2AA7
330
2A78
100
AcDbEntity
  8
Dimensions
 62
     0
440
 16777216
100
AcDbMText
 10
-226.2131523735432
 20
371.4384980559064
 30
0.0
 40
2.5
 41
0.0
 46
0.0
 71
     5
 72
     1
  1
∅22
 11
0.7071067811865476
 21
0.7071067811865476
 31
0.0
 73
     1
 44
1.0
  0
LINE
  5
2AA8
330
2A78
100
AcDbEntity
  8
Dimensions
 62
     0
440
 16777216
370
    -2
100
AcDbLine
 10
-246.778174593052
 20
348.2218254069479
 30
0.0
 11
-231.2218254069479
 21
363.778174593052
 31
0.0
  0
SOLID
  5
2AA9
330
2A78
100
AcDbEntity
  8
Dimensions
 62
     0
440
 16777216
100
AcDbTrace
 10
-248.8405693715129
 20
346.748686279476
 30
0.0
 11
-248.251313720524
 21
346.1594306284871
 31
0.0
 12
-246.778174593052
 22
348.2218254069479
 32
0.0
 13
-246.778174593052
 23
348.2218254069479
 33
0.0
  0
SOLID
  5
2AAA
330
2A78
100
AcDbEntity
  8
Dimensions
 62
     0
440
 16777216
100
AcDbTrace
 10
-229.748686279476
 20
365.8405693715129
 30
0.0
 11
-229.1594306284872
 21
365.251313720524
 31
0.0
 12
-231.2218254069479
 22
363.778174593052
 32
0.0
 13
-231.2218254069479
 23
363.778174593052
 33
0.0
  0
POINT
  5
2AAB
330
2A78
100
AcDbEntity
  8
Defpoints
 62
     0
440
 16777216
100
AcDbPoint
 10
-231.2218254069479
 20
363.778174593052
 30
0.0
  0
POINT
  5
2AAC
330
2A78
100
AcDbEntity
  8
Defpoints
 62
     0
440
 16777216
100
AcDbPoint
 10
-246.778174593052
 20
348.2218254069479
 30
0.0
  0
ENDBLK
  5
2A7A
330
2A78
100
AcDbEntity
  8
0
100
AcDbBlockEnd
  0
BLOCK
  5
2AB0
330
2AAF
100
AcDbEntity
  8
0
100
AcDbBlockBegin
  2
*D176
 70
     1
 10
0.0
 20
0.0
 30
0.0
  3
*D176
  1

  0
LINE
  5
2B53
330
2AAF
100
AcDbEntity
  8
Dimensions
 62
     0
440
 16777216
370
    -2
100
AcDbLine
 10
-1145.625
 20
-6.000000000000002
 30
0.0
 11
-1156.250000000001
 21
-6.000000000000004
 31
0.0
  0
LINE
  5
2B54
330
2AAF
100
AcDbEntity
  8
Dimensions
 62
     0
440
 16777216
370
    -2
100
AcDbLine
 10
-933.6250000000005
 20
149.0
 30
0.0
 11
-1156.250000000001
 21
149.0
 31
0.0
  0
LINE
  5
2B55
330
2AAF
100
AcDbEntity
  8
Dimensions
 62
     0
440
 16777216
370
    -2
100
AcDbLine
 10
-1155.000000000002
 20
-3.500000000000004
 30
0.0
 11
-1155.000000000002
 21
146.5
 31
0.0
  0
SOLID
  5
2B56
330
2AAF
100
AcDbEntity
  8
Dimensions
 62
     0
440
 16777216
100
AcDbTrace
 10
-1155.416666666668
 20
-3.500000000000004
 30
0.0
 11
-1154.583333333335
 21
-3.500000000000003
 31
0.0
 12
-1155.000000000002
 22
-6.000000000000004
 32
0.0
 13
-1155.000000000002
 23
-6.000000000000004
 33
0.0
  0
SOLID
  5
2B57
330
2AAF
100
AcDbEntity
  8
Dimensions
 62
     0
440
 16777216
100
AcDbTrace
 10
-1155.416666666668
 20
146.5
 30
0.0
 11
-1154.583333333335
 21
146.5
 31
0.0
 12
-1155.000000000002
 22
149.0
 32
0.0
 13
-1155.000000000002
 23
149.0
 33
0.0
  0
MTEXT
  5
2B58
330
2AAF
100
AcDbEntity
  8
Dimensions
 62
     0
440
 16777216
100
AcDbMText
 10
-1156.875000000001
 20
71.50000000000031
 30
0.0
 40
2.5
 41
0.0
 46
0.0
 71
     5
 72
     1
  1
155
 11
0.0000000000000001
 21
1.0
 31
0.0
 73
     1
 44
1.0
  0
POINT
  5
2B59
330
2AAF
100
AcDbEntity
  8
Defpoints
 62
     0
440
 16777216
100
AcDbPoint
 10
-1145.0
 20
-6.000000000000002
 30
0.0
  0
POINT
  5
2B5A
330
2AAF
100
AcDbEntity
  8
Defpoints
 62
     0
440
 16777216
100
AcDbPoint
 10
-933.0000000000005
 20
149.0
 30
0.0
  0
POINT
  5
2B5B
330
2AAF
100
AcDbEntity
  8
Defpoints
 62
     0
440
 16777216
100
AcDbPoint
 10
-1155.000000000002
 20
149.0
 30
0.0
  0
ENDBLK
  5
2AB1
330
2AAF
100
AcDbEntity
  8
0
100
AcDbBlockEnd
  0
BLOCK
  5
2AEA
330
2AE9
100
AcDbEntity
  8
0
100
AcDbBlockBegin
  2
*D177
 70
     1
 10
0.0
 20
0.0
 30
0.0
  3
*D177
  1

  0
LINE
  5
2AEC
330
2AE9
100
AcDbEntity
  8
Defpoints
 62
     0
440
 16777216
370
    -2
100
AcDbLine
 10
-1243.0
 20
158.625
 30
0.0
 11
-1243.0
 21
166.25
 31
0.0
  0
LINE
  5
2AED
330
2AE9
100
AcDbEntity
  8
Defpoints
 62
     0
440
 16777216
370
    -2
100
AcDbLine
 10
-1223.0
 20
158.625
 30
0.0
 11
-1223.0
 21
166.25
 31
0.0
  0
LINE
  5
2AEE
330
2AE9
100
AcDbEntity
  8
Defpoints
 62
     0
440
 16777216
370
    -2
100
AcDbLine
 10
-1240.5
 20
165.0
 30
0.0
 11
-1225.5
 21
165.0
 31
0.0
  0
SOLID
  5
2AEF
330
2AE9
100
AcDbEntity
  8
Defpoints
 62
     0
440
 16777216
100
AcDbTrace
 10
-1240.5
 20
165.4166666666666
 30
0.0
 11
-1240.5
 21
164.5833333333333
 31
0.0
 12
-1243.0
 22
165.0
 32
0.0
 13
-1243.0
 23
165.0
 33
0.0
  0
SOLID
  5
2AF0
330
2AE9
100
AcDbEntity
  8
Defpoints
 62
     0
440
 16777216
100
AcDbTrace
 10
-1225.5
 20
165.4166666666666
 30
0.0
 11
-1225.5
 21
164.5833333333333
 31
0.0
 12
-1223.0
 22
165.0
 32
0.0
 13
-1223.0
 23
165.0
 33
0.0
  0
MTEXT
  5
2AF1
330
2AE9
100
AcDbEntity
  8
Defpoints
 62
     0
440
 16777216
100
AcDbMText
 10
-1233.0
 20
166.875
 30
0.0
 40
2.5
 41
0.0
 46
0.0
 71
     5
 72
     1
  1
20
 73
     1
 44
1.0
  0
POINT
  5
2AF2
330
2AE9
100
AcDbEntity
  8
Defpoints
 62
     0
440
 16777216
100
AcDbPoint
 10
-1243.0
 20
158.0
 30
0.0
  0
POINT
  5
2AF3
330
2AE9
100
AcDbEntity
  8
Defpoints
 62
     0
440
 16777216
100
AcDbPoint
 10
-1223.0
 20
158.0
 30
0.0
  0
POINT
  5
2AF4
330
2AE9
100
AcDbEntity
  8
Defpoints
 62
     0
440
 16777216
100
AcDbPoint
 10
-1223.0
 20
165.0
 30
0.0
  0
ENDBLK
  5
2AEB
330
2AE9
100
AcDbEntity
  8
0
100
AcDbBlockEnd
  0
BLOCK
  5
2AF9
330
2AF8
100
AcDbEntity
  8
0
100
AcDbBlockBegin
  2
*D178
 70
     1
 10
0.0
 20
0.0
 30
0.0
  3
*D178
  1

  0
LINE
  5
2AFB
330
2AF8
100
AcDbEntity
  8
Defpoints
 62
     0
440
 16777216
370
    -2
100
AcDbLine
 10
-1204.0
 20
159.625
 30
0.0
 11
-1204.0
 21
164.25
 31
0.0
  0
LINE
  5
2AFC
330
2AF8
100
AcDbEntity
  8
Defpoints
 62
     0
440
 16777216
370
    -2
100
AcDbLine
 10
-1197.0
 20
159.625
 30
0.0
 11
-1197.0
 21
164.25
 31
0.0
  0
LINE
  5
2AFD
330
2AF8
100
AcDbEntity
  8
Defpoints
 62
     0
440
 16777216
370
    -2
100
AcDbLine
 10
-1201.5
 20
163.0
 30
0.0
 11
-1199.5
 21
163.0
 31
0.0
  0
SOLID
  5
2AFE
330
2AF8
100
AcDbEntity
  8
Defpoints
 62
     0
440
 16777216
100
AcDbTrace
 10
-1201.5
 20
163.4166666666666
 30
0.0
 11
-1201.5
 21
162.5833333333333
 31
0.0
 12
-1204.0
 22
163.0
 32
0.0
 13
-1204.0
 23
163.0
 33
0.0
  0
SOLID
  5
2AFF
330
2AF8
100
AcDbEntity
  8
Defpoints
 62
     0
440
 16777216
100
AcDbTrace
 10
-1199.5
 20
163.4166666666666
 30
0.0
 11
-1199.5
 21
162.5833333333333
 31
0.0
 12
-1197.0
 22
163.0
 32
0.0
 13
-1197.0
 23
163.0
 33
0.0
  0
MTEXT
  5
2B00
330
2AF8
100
AcDbEntity
  8
Defpoints
 62
     0
440
 16777216
100
AcDbMText
 10
-1200.5
 20
164.875
 30
0.0
 40
2.5
 41
0.0
 46
0.0
 71
     5
 72
     1
  1
7
 73
     1
 44
1.0
  0
POINT
  5
2B01
330
2AF8
100
AcDbEntity
  8
Defpoints
 62
     0
440
 16777216
100
AcDbPoint
 10
-1204.0
 20
159.0
 30
0.0
  0
POINT
  5
2B02
330
2AF8
100
AcDbEntity
  8
Defpoints
 62
     0
440
 16777216
100
AcDbPoint
 10
-1197.0
 20
159.0
 30
0.0
  0
POINT
  5
2B03
330
2AF8
100
AcDbEntity
  8
Defpoints
 62
     0
440
 16777216
100
AcDbPoint
 10
-1197.0
 20
163.0
 30
0.0
  0
ENDBLK
  5
2AFA
330
2AF8
100
AcDbEntity
  8
0
100
AcDbBlockEnd
  0
BLOCK
  5
2B06
330
2B05
100
AcDbEntity
  8
0
100
AcDbBlockBegin
  2
*D179
 70
     1
 10
0.0
 20
0.0
 30
0.0
  3
*D179
  1

  0
LINE
  5
2B08
330
2B05
100
AcDbEntity
  8
Defpoints
 62
     0
440
 16777216
370
    -2
100
AcDbLine
 10
-1204.625
 20
159.0
 30
0.0
 11
-1210.25
 21
159.0
 31
0.0
  0
LINE
  5
2B09
330
2B05
100
AcDbEntity
  8
Defpoints
 62
     0
440
 16777216
370
    -2
100
AcDbLine
 10
-1204.625
 20
152.0
 30
0.0
 11
-1210.25
 21
152.0
 31
0.0
  0
LINE
  5
2B0A
330
2B05
100
AcDbEntity
  8
Defpoints
 62
     0
440
 16777216
370
    -2
100
AcDbLine
 10
-1209.0
 20
156.5
 30
0.0
 11
-1209.0
 21
154.5
 31
0.0
  0
SOLID
  5
2B0B
330
2B05
100
AcDbEntity
  8
Defpoints
 62
     0
440
 16777216
100
AcDbTrace
 10
-1209.416666666667
 20
156.5
 30
0.0
 11
-1208.583333333334
 21
156.5
 31
0.0
 12
-1209.0
 22
159.0
 32
0.0
 13
-1209.0
 23
159.0
 33
0.0
  0
SOLID
  5
2B0C
330
2B05
100
AcDbEntity
  8
Defpoints
 62
     0
440
 16777216
100
AcDbTrace
 10
-1209.416666666667
 20
154.5
 30
0.0
 11
-1208.583333333334
 21
154.5
 31
0.0
 12
-1209.0
 22
152.0
 32
0.0
 13
-1209.0
 23
152.0
 33
0.0
  0
MTEXT
  5
2B0D
330
2B05
100
AcDbEntity
  8
Defpoints
 62
     0
440
 16777216
100
AcDbMText
 10
-1210.875
 20
155.5000000000003
 30
0.0
 40
2.5
 41
0.0
 46
0.0
 71
     5
 72
     1
  1
7
 11
0.0000000000000001
 21
1.0
 31
0.0
 73
     1
 44
1.0
  0
POINT
  5
2B0E
330
2B05
100
AcDbEntity
  8
Defpoints
 62
     0
440
 16777216
100
AcDbPoint
 10
-1204.0
 20
159.0
 30
0.0
  0
POINT
  5
2B0F
330
2B05
100
AcDbEntity
  8
Defpoints
 62
     0
440
 16777216
100
AcDbPoint
 10
-1204.0
 20
152.0
 30
0.0
  0
POINT
  5
2B10
330
2B05
100
AcDbEntity
  8
Defpoints
 62
     0
440
 16777216
100
AcDbPoint
 10
-1209.0
 20
152.0
 30
0.0
  0
ENDBLK
  5
2B07
330
2B05
100
AcDbEntity
  8
0
100
AcDbBlockEnd
  0
BLOCK
  5
2B19
330
2B18
100
AcDbEntity
  8
0
100
AcDbBlockBegin
  2
*D180
 70
     1
 10
0.0
 20
0.0
 30
0.0
  3
*D180
  1

  0
LINE
  5
2B4A
330
2B18
100
AcDbEntity
  8
Dimensions
 62
     0
440
 16777216
370
    -2
100
AcDbLine
 10
-1145.0
 20
149.625
 30
0.0
 11
-1145.0
 21
150.25
 31
0.0
  0
LINE
  5
2B4B
330
2B18
100
AcDbEntity
  8
Dimensions
 62
     0
440
 16777216
370
    -2
100
AcDbLine
 10
-1078.0
 20
149.625
 30
0.0
 11
-1078.0
 21
150.25
 31
0.0
  0
LINE
  5
2B4C
330
2B18
100
AcDbEntity
  8
Dimensions
 62
     0
440
 16777216
370
    -2
100
AcDbLine
 10
-1142.5
 20
149.0
 30
0.0
 11
-1080.5
 21
149.0
 31
0.0
  0
SOLID
  5
2B4D
330
2B18
100
AcDbEntity
  8
Dimensions
 62
     0
440
 16777216
100
AcDbTrace
 10
-1142.5
 20
149.4166666666666
 30
0.0
 11
-1142.5
 21
148.5833333333333
 31
0.0
 12
-1145.0
 22
149.0
 32
0.0
 13
-1145.0
 23
149.0
 33
0.0
  0
SOLID
  5
2B4E
330
2B18
100
AcDbEntity
  8
Dimensions
 62
     0
440
 16777216
100
AcDbTrace
 10
-1080.5
 20
149.4166666666666
 30
0.0
 11
-1080.5
 21
148.5833333333333
 31
0.0
 12
-1078.0
 22
149.0
 32
0.0
 13
-1078.0
 23
149.0
 33
0.0
  0
MTEXT
  5
2B4F
330
2B18
100
AcDbEntity
  8
Dimensions
 62
     0
440
 16777216
100
AcDbMText
 10
-1111.5
 20
150.875
 30
0.0
 40
2.5
 41
0.0
 46
0.0
 71
     5
 72
     1
  1
67
 73
     1
 44
1.0
  0
POINT
  5
2B50
330
2B18
100
AcDbEntity
  8
Defpoints
 62
     0
440
 16777216
100
AcDbPoint
 10
-1145.0
 20
149.0
 30
0.0
  0
POINT
  5
2B51
330
2B18
100
AcDbEntity
  8
Defpoints
 62
     0
440
 16777216
100
AcDbPoint
 10
-1078.0
 20
149.0
 30
0.0
  0
POINT
  5
2B52
330
2B18
100
AcDbEntity
  8
Defpoints
 62
     0
440
 16777216
100
AcDbPoint
 10
-1078.0
 20
149.0
 30
0.0
  0
ENDBLK
  5
2B1A
330
2B18
100
AcDbEntity
  8
0
100
AcDbBlockEnd
  0
BLOCK
  5
2B5F
330
2B5E
100
AcDbEntity
  8
0
100
AcDbBlockBegin
  2
*D181
 70
     1
 10
0.0
 20
0.0
 30
0.0
  3
*D181
  1

  0
LINE
  5
2C5F
330
2B5E
100
AcDbEntity
  8
Dimensions
 62
     0
440
 16777216
370
    -2
100
AcDbLine
 10
-369.0
 20
713.625
 30
0.0
 11
-369.0
 21
734.25
 31
0.0
  0
LINE
  5
2C60
330
2B5E
100
AcDbEntity
  8
Dimensions
 62
     0
440
 16777216
370
    -2
100
AcDbLine
 10
-578.0
 20
657.6249999999999
 30
0.0
 11
-578.0
 21
734.25
 31
0.0
  0
LINE
  5
2C61
330
2B5E
100
AcDbEntity
  8
Dimensions
 62
     0
440
 16777216
370
    -2
100
AcDbLine
 10
-371.5
 20
733.0
 30
0.0
 11
-575.4999999999999
 21
733.0
 31
0.0
  0
SOLID
  5
2C62
330
2B5E
100
AcDbEntity
  8
Dimensions
 62
     0
440
 16777216
100
AcDbTrace
 10
-371.5
 20
733.4166666666666
 30
0.0
 11
-371.5
 21
732.5833333333333
 31
0.0
 12
-369.0
 22
733.0
 32
0.0
 13
-369.0
 23
733.0
 33
0.0
  0
SOLID
  5
2C63
330
2B5E
100
AcDbEntity
  8
Dimensions
 62
     0
440
 16777216
100
AcDbTrace
 10
-575.4999999999999
 20
733.4166666666666
 30
0.0
 11
-575.4999999999999
 21
732.5833333333333
 31
0.0
 12
-578.0
 22
733.0
 32
0.0
 13
-578.0
 23
733.0
 33
0.0
  0
MTEXT
  5
2C64
330
2B5E
100
AcDbEntity
  8
Dimensions
 62
     0
440
 16777216
100
AcDbMText
 10
-473.5
 20
734.8749999999999
 30
0.0
 40
2.5
 41
0.0
 46
0.0
 71
     5
 72
     1
  1
209
 73
     1
 44
1.0
  0
POINT
  5
2C65
330
2B5E
100
AcDbEntity
  8
Defpoints
 62
     0
440
 16777216
100
AcDbPoint
 10
-369.0
 20
713.0
 30
0.0
  0
POINT
  5
2C66
330
2B5E
100
AcDbEntity
  8
Defpoints
 62
     0
440
 16777216
100
AcDbPoint
 10
-578.0
 20
657.0
 30
0.0
  0
POINT
  5
2C67
330
2B5E
100
AcDbEntity
  8
Defpoints
 62
     0
440
 16777216
100
AcDbPoint
 10
-578.0
 20
733.0
 30
0.0
  0
ENDBLK
  5
2B60
330
2B5E
100
AcDbEntity
  8
0
100
AcDbBlockEnd
  0
BLOCK
  5
2B79
330
2B78
100
AcDbEntity
  8
0
100
AcDbBlockBegin
  2
*D182
 70
     1
 10
0.0
 20
0.0
 30
0.0
  3
*D182
  1

  0
LINE
  5
2B90
330
2B78
100
AcDbEntity
  8
Defpoints
 62
     0
440
 16777216
370
    -2
100
AcDbLine
 10
-970.0
 20
712.6249999999999
 30
0.0
 11
-970.0
 21
717.25
 31
0.0
  0
LINE
  5
2B91
330
2B78
100
AcDbEntity
  8
Defpoints
 62
     0
440
 16777216
370
    -2
100
AcDbLine
 10
-963.0
 20
712.6249999999999
 30
0.0
 11
-963.0
 21
717.25
 31
0.0
  0
LINE
  5
2B92
330
2B78
100
AcDbEntity
  8
Defpoints
 62
     0
440
 16777216
370
    -2
100
AcDbLine
 10
-967.5
 20
716.0
 30
0.0
 11
-965.4999999999999
 21
716.0
 31
0.0
  0
SOLID
  5
2B93
330
2B78
100
AcDbEntity
  8
Defpoints
 62
     0
440
 16777216
100
AcDbTrace
 10
-967.5
 20
716.4166666666666
 30
0.0
 11
-967.5
 21
715.5833333333333
 31
0.0
 12
-970.0
 22
716.0
 32
0.0
 13
-970.0
 23
716.0
 33
0.0
  0
SOLID
  5
2B94
330
2B78
100
AcDbEntity
  8
Defpoints
 62
     0
440
 16777216
100
AcDbTrace
 10
-965.4999999999999
 20
716.4166666666666
 30
0.0
 11
-965.4999999999999
 21
715.5833333333333
 31
0.0
 12
-963.0
 22
716.0
 32
0.0
 13
-963.0
 23
716.0
 33
0.0
  0
MTEXT
  5
2B95
330
2B78
100
AcDbEntity
  8
Defpoints
 62
     0
440
 16777216
100
AcDbMText
 10
-966.5
 20
717.8749999999999
 30
0.0
 40
2.5
 41
0.0
 46
0.0
 71
     5
 72
     1
  1
7
 73
     1
 44
1.0
  0
POINT
  5
2B96
330
2B78
100
AcDbEntity
  8
Defpoints
 62
     0
440
 16777216
100
AcDbPoint
 10
-970.0
 20
712.0
 30
0.0
  0
POINT
  5
2B97
330
2B78
100
AcDbEntity
  8
Defpoints
 62
     0
440
 16777216
100
AcDbPoint
 10
-963.0
 20
712.0
 30
0.0
  0
POINT
  5
2B98
330
2B78
100
AcDbEntity
  8
Defpoints
 62
     0
440
 16777216
100
AcDbPoint
 10
-963.0
 20
716.0
 30
0.0
  0
ENDBLK
  5
2B7A
330
2B78
100
AcDbEntity
  8
0
100
AcDbBlockEnd
  0
BLOCK
  5
2B85
330
2B84
100
AcDbEntity
  8
0
100
AcDbBlockBegin
  2
*D183
 70
     1
 10
0.0
 20
0.0
 30
0.0
  3
*D183
  1

  0
LINE
  5
2B99
330
2B84
100
AcDbEntity
  8
Defpoints
 62
     0
440
 16777216
370
    -2
100
AcDbLine
 10
-970.6250000000004
 20
712.0000000000002
 30
0.0
 11
-976.2500000000013
 21
712.0000000000002
 31
0.0
  0
LINE
  5
2B9A
330
2B84
100
AcDbEntity
  8
Defpoints
 62
     0
440
 16777216
370
    -2
100
AcDbLine
 10
-970.6250000000004
 20
705.0000000000002
 30
0.0
 11
-976.2500000000013
 21
705.0000000000002
 31
0.0
  0
LINE
  5
2B9B
330
2B84
100
AcDbEntity
  8
Defpoints
 62
     0
440
 16777216
370
    -2
100
AcDbLine
 10
-975.0000000000014
 20
709.5000000000002
 30
0.0
 11
-975.0000000000014
 21
707.5000000000002
 31
0.0
  0
SOLID
  5
2B9C
330
2B84
100
AcDbEntity
  8
Defpoints
 62
     0
440
 16777216
100
AcDbTrace
 10
-975.416666666668
 20
709.5000000000002
 30
0.0
 11
-974.5833333333347
 21
709.5000000000002
 31
0.0
 12
-975.0000000000014
 22
712.0000000000002
 32
0.0
 13
-975.0000000000014
 23
712.0000000000002
 33
0.0
  0
SOLID
  5
2B9D
330
2B84
100
AcDbEntity
  8
Defpoints
 62
     0
440
 16777216
100
AcDbTrace
 10
-975.416666666668
 20
707.5000000000002
 30
0.0
 11
-974.5833333333347
 21
707.5000000000002
 31
0.0
 12
-975.0000000000014
 22
705.0000000000002
 32
0.0
 13
-975.0000000000014
 23
705.0000000000002
 33
0.0
  0
MTEXT
  5
2B9E
330
2B84
100
AcDbEntity
  8
Defpoints
 62
     0
440
 16777216
100
AcDbMText
 10
-976.8750000000009
 20
708.5000000000004
 30
0.0
 40
2.5
 41
0.0
 46
0.0
 71
     5
 72
     1
  1
7
 11
0.0000000000000001
 21
1.0
 31
0.0
 73
     1
 44
1.0
  0
POINT
  5
2B9F
330
2B84
100
AcDbEntity
  8
Defpoints
 62
     0
440
 16777216
100
AcDbPoint
 10
-970.0000000000004
 20
712.0000000000002
 30
0.0
  0
POINT
  5
2BA0
330
2B84
100
AcDbEntity
  8
Defpoints
 62
     0
440
 16777216
100
AcDbPoint
 10
-970.0000000000004
 20
705.0000000000002
 30
0.0
  0
POINT
  5
2BA1
330
2B84
100
AcDbEntity
  8
Defpoints
 62
     0
440
 16777216
100
AcDbPoint
 10
-975.0000000000014
 20
705.0000000000002
 30
0.0
  0
ENDBLK
  5
2B86
330
2B84
100
AcDbEntity
  8
0
100
AcDbBlockEnd
  0
BLOCK
  5
2BA4
330
2BA3
100
AcDbEntity
  8
0
100
AcDbBlockBegin
  2
*D184
 70
     1
 10
0.0
 20
0.0
 30
0.0
  3
*D184
  1

  0
LINE
  5
2BC1
330
2BA3
100
AcDbEntity
  8
Defpoints
 62
     0
440
 16777216
370
    -2
100
AcDbLine
 10
-963.6250000000003
 20
712.0000000000002
 30
0.0
 11
-985.2500000000009
 21
712.0000000000002
 31
0.0
  0
LINE
  5
2BC2
330
2BA3
100
AcDbEntity
  8
Defpoints
 62
     0
440
 16777216
370
    -2
100
AcDbLine
 10
-963.6250000000003
 20
703.0000000000002
 30
0.0
 11
-985.2500000000009
 21
703.0000000000002
 31
0.0
  0
LINE
  5
2BC3
330
2BA3
100
AcDbEntity
  8
Defpoints
 62
     0
440
 16777216
370
    -2
100
AcDbLine
 10
-984.0000000000008
 20
709.5000000000002
 30
0.0
 11
-984.0000000000008
 21
705.5000000000002
 31
0.0
  0
SOLID
  5
2BC4
330
2BA3
100
AcDbEntity
  8
Defpoints
 62
     0
440
 16777216
100
AcDbTrace
 10
-984.4166666666675
 20
709.5000000000002
 30
0.0
 11
-983.5833333333342
 21
709.5000000000002
 31
0.0
 12
-984.0000000000008
 22
712.0000000000002
 32
0.0
 13
-984.0000000000008
 23
712.0000000000002
 33
0.0
  0
SOLID
  5
2BC5
330
2BA3
100
AcDbEntity
  8
Defpoints
 62
     0
440
 16777216
100
AcDbTrace
 10
-984.4166666666675
 20
705.5000000000002
 30
0.0
 11
-983.5833333333342
 21
705.5000000000002
 31
0.0
 12
-984.0000000000008
 22
703.0000000000002
 32
0.0
 13
-984.0000000000008
 23
703.0000000000002
 33
0.0
  0
MTEXT
  5
2BC6
330
2BA3
100
AcDbEntity
  8
Defpoints
 62
     0
440
 16777216
100
AcDbMText
 10
-985.8750000000005
 20
707.5000000000004
 30
0.0
 40
2.5
 41
0.0
 46
0.0
 71
     5
 72
     1
  1
9
 11
0.0000000000000001
 21
1.0
 31
0.0
 73
     1
 44
1.0
  0
POINT
  5
2BC7
330
2BA3
100
AcDbEntity
  8
Defpoints
 62
     0
440
 16777216
100
AcDbPoint
 10
-963.0000000000004
 20
712.0000000000002
 30
0.0
  0
POINT
  5
2BC8
330
2BA3
100
AcDbEntity
  8
Defpoints
 62
     0
440
 16777216
100
AcDbPoint
 10
-963.0000000000004
 20
703.0000000000002
 30
0.0
  0
POINT
  5
2BC9
330
2BA3
100
AcDbEntity
  8
Defpoints
 62
     0
440
 16777216
100
AcDbPoint
 10
-984.0000000000008
 20
703.0000000000002
 30
0.0
  0
ENDBLK
  5
2BA5
330
2BA3
100
AcDbEntity
  8
0
100
AcDbBlockEnd
  0
BLOCK
  5
2BCC
330
2BCB
100
AcDbEntity
  8
0
100
AcDbBlockBegin
  2
*D185
 70
     1
 10
0.0
 20
0.0
 30
0.0
  3
*D185
  1

  0
LINE
  5
2C91
330
2BCB
100
AcDbEntity
  8
Dimensions
 62
     0
440
 16777216
370
    -2
100
AcDbLine
 10
-903.6250000000004
 20
713.0000000000002
 30
0.0
 11
-924.2500000000005
 21
713.0000000000002
 31
0.0
  0
LINE
  5
2C92
330
2BCB
100
AcDbEntity
  8
Dimensions
 62
     0
440
 16777216
370
    -2
100
AcDbLine
 10
-578.6250000000002
 20
687.0000000000002
 30
0.0
 11
-924.2500000000005
 21
687.0
 31
0.0
  0
LINE
  5
2C93
330
2BCB
100
AcDbEntity
  8
Dimensions
 62
     0
440
 16777216
370
    -2
100
AcDbLine
 10
-923.0000000000003
 20
710.5000000000002
 30
0.0
 11
-923.0000000000003
 21
689.5000000000001
 31
0.0
  0
SOLID
  5
2C94
330
2BCB
100
AcDbEntity
  8
Dimensions
 62
     0
440
 16777216
100
AcDbTrace
 10
-923.416666666667
 20
710.5000000000002
 30
0.0
 11
-922.5833333333339
 21
710.5000000000002
 31
0.0
 12
-923.0000000000003
 22
713.0000000000002
 32
0.0
 13
-923.0000000000003
 23
713.0000000000002
 33
0.0
  0
SOLID
  5
2C95
330
2BCB
100
AcDbEntity
  8
Dimensions
 62
     0
440
 16777216
100
AcDbTrace
 10
-923.416666666667
 20
689.5000000000001
 30
0.0
 11
-922.5833333333339
 21
689.5000000000001
 31
0.0
 12
-923.0000000000003
 22
687.0
 32
0.0
 13
-923.0000000000003
 23
687.0
 33
0.0
  0
MTEXT
  5
2C96
330
2BCB
100
AcDbEntity
  8
Dimensions
 62
     0
440
 16777216
100
AcDbMText
 10
-924.8750000000001
 20
700.0000000000002
 30
0.0
 40
2.5
 41
0.0
 46
0.0
 71
     5
 72
     1
  1
26
 11
0.0000000000000001
 21
1.0
 31
0.0
 73
     1
 44
1.0
  0
POINT
  5
2C97
330
2BCB
100
AcDbEntity
  8
Defpoints
 62
     0
440
 16777216
100
AcDbPoint
 10
-903.0000000000004
 20
713.0000000000002
 30
0.0
  0
POINT
  5
2C98
330
2BCB
100
AcDbEntity
  8
Defpoints
 62
     0
440
 16777216
100
AcDbPoint
 10
-578.0000000000002
 20
687.0000000000002
 30
0.0
  0
POINT
  5
2C99
330
2BCB
100
AcDbEntity
  8
Defpoints
 62
     0
440
 16777216
100
AcDbPoint
 10
-923.0000000000003
 20
687.0
 30
0.0
  0
ENDBLK
  5
2BCD
330
2BCB
100
AcDbEntity
  8
0
100
AcDbBlockEnd
  0
BLOCK
  5
2BF6
330
2BF5
100
AcDbEntity
  8
0
100
AcDbBlockBegin
  2
*D186
 70
     1
 10
0.0
 20
0.0
 30
0.0
  3
*D186
  1

  0
LINE
  5
2C88
330
2BF5
100
AcDbEntity
  8
Dimensions
 62
     0
440
 16777216
370
    -2
100
AcDbLine
 10
-903.6250000000004
 20
687.0000000000002
 30
0.0
 11
-924.2500000000005
 21
687.0000000000002
 31
0.0
  0
LINE
  5
2C89
330
2BF5
100
AcDbEntity
  8
Dimensions
 62
     0
440
 16777216
370
    -2
100
AcDbLine
 10
-578.6250000000002
 20
657.0000000000002
 30
0.0
 11
-924.2500000000005
 21
657.0000000000001
 31
0.0
  0
LINE
  5
2C8A
330
2BF5
100
AcDbEntity
  8
Dimensions
 62
     0
440
 16777216
370
    -2
100
AcDbLine
 10
-923.0000000000003
 20
684.5000000000002
 30
0.0
 11
-923.0000000000003
 21
659.5000000000001
 31
0.0
  0
SOLID
  5
2C8B
330
2BF5
100
AcDbEntity
  8
Dimensions
 62
     0
440
 16777216
100
AcDbTrace
 10
-923.416666666667
 20
684.5000000000002
 30
0.0
 11
-922.5833333333339
 21
684.5000000000002
 31
0.0
 12
-923.0000000000003
 22
687.0000000000002
 32
0.0
 13
-923.0000000000003
 23
687.0000000000002
 33
0.0
  0
SOLID
  5
2C8C
330
2BF5
100
AcDbEntity
  8
Dimensions
 62
     0
440
 16777216
100
AcDbTrace
 10
-923.416666666667
 20
659.5000000000001
 30
0.0
 11
-922.5833333333339
 21
659.5000000000001
 31
0.0
 12
-923.0000000000003
 22
657.0000000000001
 32
0.0
 13
-923.0000000000003
 23
657.0000000000001
 33
0.0
  0
MTEXT
  5
2C8D
330
2BF5
100
AcDbEntity
  8
Dimensions
 62
     0
440
 16777216
100
AcDbMText
 10
-924.8750000000001
 20
672.0000000000002
 30
0.0
 40
2.5
 41
0.0
 46
0.0
 71
     5
 72
     1
  1
30
 11
0.0000000000000001
 21
1.0
 31
0.0
 73
     1
 44
1.0
  0
POINT
  5
2C8E
330
2BF5
100
AcDbEntity
  8
Defpoints
 62
     0
440
 16777216
100
AcDbPoint
 10
-903.0000000000004
 20
687.0000000000002
 30
0.0
  0
POINT
  5
2C8F
330
2BF5
100
AcDbEntity
  8
Defpoints
 62
     0
440
 16777216
100
AcDbPoint
 10
-578.0000000000002
 20
657.0000000000002
 30
0.0
  0
POINT
  5
2C90
330
2BF5
100
AcDbEntity
  8
Defpoints
 62
     0
440
 16777216
100
AcDbPoint
 10
-923.0000000000003
 20
657.0000000000001
 30
0.0
  0
ENDBLK
  5
2BF7
330
2BF5
100
AcDbEntity
  8
0
100
AcDbBlockEnd
  0
BLOCK
  5
2C15
330
2C14
100
AcDbEntity
  8
0
100
AcDbBlockBegin
  2
*D187
 70
     1
 10
0.0
 20
0.0
 30
0.0
  3
*D187
  1

  0
LINE
  5
2C56
330
2C14
100
AcDbEntity
  8
Dimensions
 62
     0
440
 16777216
370
    -2
100
AcDbLine
 10
-638.0
 20
657.6249999999999
 30
0.0
 11
-638.0
 21
734.25
 31
0.0
  0
LINE
  5
2C57
330
2C14
100
AcDbEntity
  8
Dimensions
 62
     0
440
 16777216
370
    -2
100
AcDbLine
 10
-578.0
 20
713.625
 30
0.0
 11
-578.0
 21
734.25
 31
0.0
  0
LINE
  5
2C58
330
2C14
100
AcDbEntity
  8
Dimensions
 62
     0
440
 16777216
370
    -2
100
AcDbLine
 10
-635.5
 20
733.0
 30
0.0
 11
-580.4999999999999
 21
733.0
 31
0.0
  0
SOLID
  5
2C59
330
2C14
100
AcDbEntity
  8
Dimensions
 62
     0
440
 16777216
100
AcDbTrace
 10
-635.5
 20
733.4166666666666
 30
0.0
 11
-635.5
 21
732.5833333333333
 31
0.0
 12
-638.0
 22
733.0
 32
0.0
 13
-638.0
 23
733.0
 33
0.0
  0
SOLID
  5
2C5A
330
2C14
100
AcDbEntity
  8
Dimensions
 62
     0
440
 16777216
100
AcDbTrace
 10
-580.4999999999999
 20
733.4166666666666
 30
0.0
 11
-580.4999999999999
 21
732.5833333333333
 31
0.0
 12
-578.0
 22
733.0
 32
0.0
 13
-578.0
 23
733.0
 33
0.0
  0
MTEXT
  5
2C5B
330
2C14
100
AcDbEntity
  8
Dimensions
 62
     0
440
 16777216
100
AcDbMText
 10
-608.0
 20
734.8749999999999
 30
0.0
 40
2.5
 41
0.0
 46
0.0
 71
     5
 72
     1
  1
60
 73
     1
 44
1.0
  0
POINT
  5
2C5C
330
2C14
100
AcDbEntity
  8
Defpoints
 62
     0
440
 16777216
100
AcDbPoint
 10
-638.0
 20
657.0
 30
0.0
  0
POINT
  5
2C5D
330
2C14
100
AcDbEntity
  8
Defpoints
 62
     0
440
 16777216
100
AcDbPoint
 10
-578.0
 20
713.0
 30
0.0
  0
POINT
  5
2C5E
330
2C14
100
AcDbEntity
  8
Defpoints
 62
     0
440
 16777216
100
AcDbPoint
 10
-578.0
 20
733.0
 30
0.0
  0
ENDBLK
  5
2C16
330
2C14
100
AcDbEntity
  8
0
100
AcDbBlockEnd
  0
BLOCK
  5
2C6A
330
2C69
100
AcDbEntity
  8
0
100
AcDbBlockBegin
  2
*D188
 70
     1
 10
0.0
 20
0.0
 30
0.0
  3
*D188
  1

  0
LINE
  5
2C7E
330
2C69
100
AcDbEntity
  8
Dimensions
 62
     0
440
 16777216
370
    -2
100
AcDbLine
 10
-638.0
 20
723.625
 30
0.0
 11
-638.0
 21
724.2499999999999
 31
0.0
  0
LINE
  5
2C7F
330
2C69
100
AcDbEntity
  8
Dimensions
 62
     0
440
 16777216
370
    -2
100
AcDbLine
 10
-582.0
 20
657.6249999999999
 30
0.0
 11
-582.0
 21
724.2499999999999
 31
0.0
  0
LINE
  5
2C80
330
2C69
100
AcDbEntity
  8
Dimensions
 62
     0
440
 16777216
370
    -2
100
AcDbLine
 10
-635.5
 20
723.0
 30
0.0
 11
-584.4999999999999
 21
723.0
 31
0.0
  0
SOLID
  5
2C81
330
2C69
100
AcDbEntity
  8
Dimensions
 62
     0
440
 16777216
100
AcDbTrace
 10
-635.5
 20
723.4166666666666
 30
0.0
 11
-635.5
 21
722.5833333333333
 31
0.0
 12
-638.0
 22
723.0
 32
0.0
 13
-638.0
 23
723.0
 33
0.0
  0
SOLID
  5
2C82
330
2C69
100
AcDbEntity
  8
Dimensions
 62
     0
440
 16777216
100
AcDbTrace
 10
-584.4999999999999
 20
723.4166666666666
 30
0.0
 11
-584.4999999999999
 21
722.5833333333333
 31
0.0
 12
-582.0
 22
723.0
 32
0.0
 13
-582.0
 23
723.0
 33
0.0
  0
MTEXT
  5
2C83
330
2C69
100
AcDbEntity
  8
Dimensions
 62
     0
440
 16777216
100
AcDbMText
 10
-610.0
 20
724.875
 30
0.0
 40
2.5
 41
0.0
 46
0.0
 71
     5
 72
     1
  1
56
 73
     1
 44
1.0
  0
POINT
  5
2C84
330
2C69
100
AcDbEntity
  8
Defpoints
 62
     0
440
 16777216
100
AcDbPoint
 10
-638.0
 20
723.0
 30
0.0
  0
POINT
  5
2C85
330
2C69
100
AcDbEntity
  8
Defpoints
 62
     0
440
 16777216
100
AcDbPoint
 10
-582.0
 20
657.0
 30
0.0
  0
POINT
  5
2C86
330
2C69
100
AcDbEntity
  8
Defpoints
 62
     0
440
 16777216
100
AcDbPoint
 10
-582.0
 20
723.0
 30
0.0
  0
ENDBLK
  5
2C6B
330
2C69
100
AcDbEntity
  8
0
100
AcDbBlockEnd
  0
BLOCK
  5
2C9C
330
2C9B
100
AcDbEntity
  8
0
100
AcDbBlockBegin
  2
*D189
 70
     1
 10
0.0
 20
0.0
 30
0.0
  3
*D189
  1

  0
LINE
  5
2CA7
330
2C9B
100
AcDbEntity
  8
Dimensions
 62
     0
440
 16777216
370
    -2
100
AcDbLine
 10
-903.6250000000004
 20
687.0000000000002
 30
0.0
 11
-914.2500000000008
 21
687.0000000000002
 31
0.0
  0
LINE
  5
2CA8
330
2C9B
100
AcDbEntity
  8
Dimensions
 62
     0
440
 16777216
370
    -2
100
AcDbLine
 10
-582.6250000000002
 20
666.0000000000002
 30
0.0
 11
-914.2500000000008
 21
666.0000000000001
 31
0.0
  0
LINE
  5
2CA9
330
2C9B
100
AcDbEntity
  8
Dimensions
 62
     0
440
 16777216
370
    -2
100
AcDbLine
 10
-913.0000000000009
 20
684.5000000000002
 30
0.0
 11
-913.0000000000009
 21
668.5000000000001
 31
0.0
  0
SOLID
  5
2CAA
330
2C9B
100
AcDbEntity
  8
Dimensions
 62
     0
440
 16777216
100
AcDbTrace
 10
-913.4166666666676
 20
684.5000000000002
 30
0.0
 11
-912.5833333333343
 21
684.5000000000002
 31
0.0
 12
-913.0000000000009
 22
687.0000000000002
 32
0.0
 13
-913.0000000000009
 23
687.0000000000002
 33
0.0
  0
SOLID
  5
2CAB
330
2C9B
100
AcDbEntity
  8
Dimensions
 62
     0
440
 16777216
100
AcDbTrace
 10
-913.4166666666676
 20
668.5000000000001
 30
0.0
 11
-912.5833333333343
 21
668.5000000000001
 31
0.0
 12
-913.0000000000009
 22
666.0000000000001
 32
0.0
 13
-913.0000000000009
 23
666.0000000000001
 33
0.0
  0
MTEXT
  5
2CAC
330
2C9B
100
AcDbEntity
  8
Dimensions
 62
     0
440
 16777216
100
AcDbMText
 10
-914.8750000000005
 20
676.5000000000002
 30
0.0
 40
2.5
 41
0.0
 46
0.0
 71
     5
 72
     1
  1
21
 11
0.0000000000000001
 21
1.0
 31
0.0
 73
     1
 44
1.0
  0
POINT
  5
2CAD
330
2C9B
100
AcDbEntity
  8
Defpoints
 62
     0
440
 16777216
100
AcDbPoint
 10
-903.0000000000004
 20
687.0000000000002
 30
0.0
  0
POINT
  5
2CAE
330
2C9B
100
AcDbEntity
  8
Defpoints
 62
     0
440
 16777216
100
AcDbPoint
 10
-582.0000000000002
 20
666.0000000000002
 30
0.0
  0
POINT
  5
2CAF
330
2C9B
100
AcDbEntity
  8
Defpoints
 62
     0
440
 16777216
100
AcDbPoint
 10
-913.0000000000009
 20
666.0000000000001
 30
0.0
  0
ENDBLK
  5
2C9D
330
2C9B
100
AcDbEntity
  8
0
100
AcDbBlockEnd
  0
BLOCK
  5
2CB3
330
2CB2
100
AcDbEntity
  8
0
100
AcDbBlockBegin
  2
*D190
 70
     1
 10
0.0
 20
0.0
 30
0.0
  3
*D190
  1

  0
LINE
  5
2CBB
330
2CB2
100
AcDbEntity
  8
Dimensions
 62
     0
440
 16777216
370
    -2
100
AcDbLine
 10
-645.9166666666667
 20
687.0000000000002
 30
0.0
 11
-638.0
 21
687.0000000000002
 31
0.0
  0
MTEXT
  5
2CBC
330
2CB2
100
AcDbEntity
  8
Dimensions
 62
     0
440
 16777216
100
AcDbMText
 10
-643.2083333333333
 20
688.8750000000002
 30
0.0
 40
2.5
 41
0.0
 46
0.0
 71
     5
 72
     1
  1
∅5
 73
     1
 44
1.0
  0
SOLID
  5
2CBD
330
2CB2
100
AcDbEntity
  8
Dimensions
 62
     0
440
 16777216
100
AcDbTrace
 10
-638.0
 20
687.4166666666668
 30
0.0
 11
-638.0
 21
686.5833333333336
 31
0.0
 12
-635.5
 22
687.0000000000002
 32
0.0
 13
-635.5
 23
687.0000000000002
 33
0.0
  0
POINT
  5
2CBE
330
2CB2
100
AcDbEntity
  8
Defpoints
 62
     0
440
 16777216
100
AcDbPoint
 10
-635.5
 20
687.0000000000002
 30
0.0
  0
POINT
  5
2CBF
330
2CB2
100
AcDbEntity
  8
Defpoints
 62
     0
440
 16777216
100
AcDbPoint
 10
-640.5
 20
687.0000000000002
 30
0.0
  0
ENDBLK
  5
2CB4
330
2CB2
100
AcDbEntity
  8
0
100
AcDbBlockEnd
  0
BLOCK
  5
2CC3
330
2CC2
100
AcDbEntity
  8
0
100
AcDbBlockBegin
  2
*D191
 70
     1
 10
0.0
 20
0.0
 30
0.0
  3
*D191
  1

  0
LINE
  5
2CCE
330
2CC2
100
AcDbEntity
  8
Dimensions
 62
     0
440
 16777216
370
    -2
100
AcDbLine
 10
-628.8665374096734
 20
696.1334625903262
 30
0.0
 11
-634.4644660940671
 21
690.5355339059329
 31
0.0
  0
LINE
  5
2CCF
330
2CC2
100
AcDbEntity
  8
Dimensions
 62
     0
440
 16777216
370
    -2
100
AcDbLine
 10
-641.5355339059328
 20
683.4644660940675
 30
0.0
 11
-643.3033008588993
 21
681.6966991411012
 31
0.0
  0
MTEXT
  5
2CD0
330
2CC2
100
AcDbEntity
  8
Dimensions
 62
     0
440
 16777216
100
AcDbMText
 10
-632.107443490112
 20
695.5442069393374
 30
0.0
 40
2.5
 41
0.0
 46
0.0
 71
     5
 72
     1
  1
∅5
 11
0.7071067811865701
 21
0.7071067811865249
 31
0.0
 73
     1
 44
1.0
  0
LINE
  5
2CD1
330
2CC2
100
AcDbEntity
  8
Dimensions
 62
     0
440
 16777216
370
    -2
100
AcDbLine
 10
-639.7677669529664
 20
685.2322330470339
 30
0.0
 11
-636.2322330470335
 21
688.7677669529665
 31
0.0
  0
SOLID
  5
2CD2
330
2CC2
100
AcDbEntity
  8
Dimensions
 62
     0
440
 16777216
100
AcDbTrace
 10
-641.8301617314272
 20
683.759093919562
 30
0.0
 11
-641.2409060804385
 21
683.1698382685732
 31
0.0
 12
-639.7677669529664
 22
685.2322330470339
 32
0.0
 13
-639.7677669529664
 23
685.2322330470339
 33
0.0
  0
SOLID
  5
2CD3
330
2CC2
100
AcDbEntity
  8
Dimensions
 62
     0
440
 16777216
100
AcDbTrace
 10
-634.7590939195614
 20
690.8301617314273
 30
0.0
 11
-634.1698382685727
 21
690.2409060804385
 31
0.0
 12
-636.2322330470335
 22
688.7677669529665
 32
0.0
 13
-636.2322330470335
 23
688.7677669529665
 33
0.0
  0
POINT
  5
2CD4
330
2CC2
100
AcDbEntity
  8
Defpoints
 62
     0
440
 16777216
100
AcDbPoint
 10
-636.2322330470335
 20
688.7677669529665
 30
0.0
  0
POINT
  5
2CD5
330
2CC2
100
AcDbEntity
  8
Defpoints
 62
     0
440
 16777216
100
AcDbPoint
 10
-639.7677669529664
 20
685.2322330470339
 30
0.0
  0
ENDBLK
  5
2CC4
330
2CC2
100
AcDbEntity
  8
0
100
AcDbBlockEnd
  0
BLOCK
  5
2CDC
330
2CDB
100
AcDbEntity
  8
0
100
AcDbBlockBegin
  2
*D192
 70
     1
 10
0.0
 20
0.0
 30
0.0
  3
*D192
  1

  0
LINE
  5
2CDE
330
2CDB
100
AcDbEntity
  8
Dimensions
 62
     0
440
 16777216
370
    -2
100
AcDbLine
 10
-572.8665374096734
 20
696.1334625903262
 30
0.0
 11
-578.4644660940671
 21
690.5355339059329
 31
0.0
  0
LINE
  5
2CDF
330
2CDB
100
AcDbEntity
  8
Dimensions
 62
     0
440
 16777216
370
    -2
100
AcDbLine
 10
-585.5355339059328
 20
683.4644660940675
 30
0.0
 11
-587.3033008588993
 21
681.6966991411012
 31
0.0
  0
MTEXT
  5
2CE0
330
2CDB
100
AcDbEntity
  8
Dimensions
 62
     0
440
 16777216
100
AcDbMText
 10
-576.1074434901119
 20
695.5442069393374
 30
0.0
 40
2.5
 41
0.0
 46
0.0
 71
     5
 72
     1
  1
∅5
 11
0.7071067811865701
 21
0.7071067811865249
 31
0.0
 73
     1
 44
1.0
  0
LINE
  5
2CE1
330
2CDB
100
AcDbEntity
  8
Dimensions
 62
     0
440
 16777216
370
    -2
100
AcDbLine
 10
-583.7677669529664
 20
685.2322330470339
 30
0.0
 11
-580.2322330470335
 21
688.7677669529665
 31
0.0
  0
SOLID
  5
2CE2
330
2CDB
100
AcDbEntity
  8
Dimensions
 62
     0
440
 16777216
100
AcDbTrace
 10
-585.8301617314272
 20
683.759093919562
 30
0.0
 11
-585.2409060804385
 21
683.1698382685732
 31
0.0
 12
-583.7677669529664
 22
685.2322330470339
 32
0.0
 13
-583.7677669529664
 23
685.2322330470339
 33
0.0
  0
SOLID
  5
2CE3
330
2CDB
100
AcDbEntity
  8
Dimensions
 62
     0
440
 16777216
100
AcDbTrace
 10
-578.7590939195614
 20
690.8301617314273
 30
0.0
 11
-578.1698382685727
 21
690.2409060804385
 31
0.0
 12
-580.2322330470335
 22
688.7677669529665
 32
0.0
 13
-580.2322330470335
 23
688.7677669529665
 33
0.0
  0
POINT
  5
2CE4
330
2CDB
100
AcDbEntity
  8
Defpoints
 62
     0
440
 16777216
100
AcDbPoint
 10
-580.2322330470335
 20
688.7677669529665
 30
0.0
  0
POINT
  5
2CE5
330
2CDB
100
AcDbEntity
  8
Defpoints
 62
     0
440
 16777216
100
AcDbPoint
 10
-583.7677669529664
 20
685.2322330470339
 30
0.0
  0
ENDBLK
  5
2CDD
330
2CDB
100
AcDbEntity
  8
0
100
AcDbBlockEnd
  0
BLOCK
  5
2CEB
330
2CEA
100
AcDbEntity
  8
0
100
AcDbBlockBegin
  2
*D193
 70
     1
 10
0.0
 20
0.0
 30
0.0
  3
*D193
  1

  0
LINE
  5
2CED
330
2CEA
100
AcDbEntity
  8
Dimensions
 62
     0
440
 16777216
370
    -2
100
AcDbLine
 10
-568.8665374096733
 20
696.1334625903262
 30
0.0
 11
-574.464466094067
 21
690.5355339059329
 31
0.0
  0
LINE
  5
2CEE
330
2CEA
100
AcDbEntity
  8
Dimensions
 62
     0
440
 16777216
370
    -2
100
AcDbLine
 10
-581.5355339059327
 20
683.4644660940675
 30
0.0
 11
-583.3033008588992
 21
681.6966991411013
 31
0.0
  0
MTEXT
  5
2CEF
330
2CEA
100
AcDbEntity
  8
Dimensions
 62
     0
440
 16777216
100
AcDbMText
 10
-572.1074434901119
 20
695.5442069393373
 30
0.0
 40
2.5
 41
0.0
 46
0.0
 71
     5
 72
     1
  1
∅5
 11
0.7071067811865701
 21
0.7071067811865249
 31
0.0
 73
     1
 44
1.0
  0
LINE
  5
2CF0
330
2CEA
100
AcDbEntity
  8
Dimensions
 62
     0
440
 16777216
370
    -2
100
AcDbLine
 10
-579.7677669529663
 20
685.2322330470339
 30
0.0
 11
-576.2322330470334
 21
688.7677669529665
 31
0.0
  0
SOLID
  5
2CF1
330
2CEA
100
AcDbEntity
  8
Dimensions
 62
     0
440
 16777216
100
AcDbTrace
 10
-581.830161731427
 20
683.7590939195619
 30
0.0
 11
-581.2409060804384
 21
683.1698382685731
 31
0.0
 12
-579.7677669529663
 22
685.2322330470339
 32
0.0
 13
-579.7677669529663
 23
685.2322330470339
 33
0.0
  0
SOLID
  5
2CF2
330
2CEA
100
AcDbEntity
  8
Dimensions
 62
     0
440
 16777216
100
AcDbTrace
 10
-574.7590939195613
 20
690.8301617314272
 30
0.0
 11
-574.1698382685727
 21
690.2409060804384
 31
0.0
 12
-576.2322330470334
 22
688.7677669529665
 32
0.0
 13
-576.2322330470334
 23
688.7677669529665
 33
0.0
  0
POINT
  5
2CF3
330
2CEA
100
AcDbEntity
  8
Defpoints
 62
     0
440
 16777216
100
AcDbPoint
 10
-576.2322330470334
 20
688.7677669529665
 30
0.0
  0
POINT
  5
2CF4
330
2CEA
100
AcDbEntity
  8
Defpoints
 62
     0
440
 16777216
100
AcDbPoint
 10
-579.7677669529663
 20
685.2322330470339
 30
0.0
  0
ENDBLK
  5
2CEC
330
2CEA
100
AcDbEntity
  8
0
100
AcDbBlockEnd
  0
BLOCK
  5
2CFA
330
2CF9
100
AcDbEntity
  8
0
100
AcDbBlockBegin
  2
*D194
 70
     1
 10
0.0
 20
0.0
 30
0.0
  3
*D194
  1

  0
LINE
  5
2CFC
330
2CF9
100
AcDbEntity
  8
Dimensions
 62
     0
440
 16777216
370
    -2
100
AcDbLine
 10
-628.8665374096734
 20
675.1334625903261
 30
0.0
 11
-634.4644660940671
 21
669.5355339059329
 31
0.0
  0
LINE
  5
2CFD
330
2CF9
100
AcDbEntity
  8
Dimensions
 62
     0
440
 16777216
370
    -2
100
AcDbLine
 10
-641.5355339059328
 20
662.4644660940675
 30
0.0
 11
-643.3033008588993
 21
660.6966991411012
 31
0.0
  0
MTEXT
  5
2CFE
330
2CF9
100
AcDbEntity
  8
Dimensions
 62
     0
440
 16777216
100
AcDbMText
 10
-632.107443490112
 20
674.5442069393374
 30
0.0
 40
2.5
 41
0.0
 46
0.0
 71
     5
 72
     1
  1
∅5
 11
0.7071067811865701
 21
0.7071067811865249
 31
0.0
 73
     1
 44
1.0
  0
LINE
  5
2CFF
330
2CF9
100
AcDbEntity
  8
Dimensions
 62
     0
440
 16777216
370
    -2
100
AcDbLine
 10
-639.7677669529664
 20
664.2322330470339
 30
0.0
 11
-636.2322330470335
 21
667.7677669529665
 31
0.0
  0
SOLID
  5
2D00
330
2CF9
100
AcDbEntity
  8
Dimensions
 62
     0
440
 16777216
100
AcDbTrace
 10
-641.8301617314272
 20
662.759093919562
 30
0.0
 11
-641.2409060804385
 21
662.1698382685732
 31
0.0
 12
-639.7677669529664
 22
664.2322330470339
 32
0.0
 13
-639.7677669529664
 23
664.2322330470339
 33
0.0
  0
SOLID
  5
2D01
330
2CF9
100
AcDbEntity
  8
Dimensions
 62
     0
440
 16777216
100
AcDbTrace
 10
-634.7590939195614
 20
669.8301617314273
 30
0.0
 11
-634.1698382685727
 21
669.2409060804386
 31
0.0
 12
-636.2322330470335
 22
667.7677669529665
 32
0.0
 13
-636.2322330470335
 23
667.7677669529665
 33
0.0
  0
POINT
  5
2D02
330
2CF9
100
AcDbEntity
  8
Defpoints
 62
     0
440
 16777216
100
AcDbPoint
 10
-636.2322330470335
 20
667.7677669529665
 30
0.0
  0
POINT
  5
2D03
330
2CF9
100
AcDbEntity
  8
Defpoints
 62
     0
440
 16777216
100
AcDbPoint
 10
-639.7677669529664
 20
664.2322330470339
 30
0.0
  0
ENDBLK
  5
2CFB
330
2CF9
100
AcDbEntity
  8
0
100
AcDbBlockEnd
  0
BLOCK
  5
2D09
330
2D08
100
AcDbEntity
  8
0
100
AcDbBlockBegin
  2
*D195
 70
     1
 10
0.0
 20
0.0
 30
0.0
  3
*D195
  1

  0
LINE
  5
2D0B
330
2D08
100
AcDbEntity
  8
Dimensions
 62
     0
440
 16777216
370
    -2
100
AcDbLine
 10
-628.8665374096734
 20
666.133462590326
 30
0.0
 11
-634.4644660940671
 21
660.5355339059327
 31
0.0
  0
LINE
  5
2D0C
330
2D08
100
AcDbEntity
  8
Dimensions
 62
     0
440
 16777216
370
    -2
100
AcDbLine
 10
-641.5355339059328
 20
653.4644660940675
 30
0.0
 11
-643.3033008588993
 21
651.6966991411012
 31
0.0
  0
MTEXT
  5
2D0D
330
2D08
100
AcDbEntity
  8
Dimensions
 62
     0
440
 16777216
100
AcDbMText
 10
-632.1074434901118
 20
665.5442069393374
 30
0.0
 40
2.5
 41
0.0
 46
0.0
 71
     5
 72
     1
  1
∅5
 11
0.7071067811865701
 21
0.7071067811865249
 31
0.0
 73
     1
 44
1.0
  0
LINE
  5
2D0E
330
2D08
100
AcDbEntity
  8
Dimensions
 62
     0
440
 16777216
370
    -2
100
AcDbLine
 10
-639.7677669529664
 20
655.2322330470339
 30
0.0
 11
-636.2322330470335
 21
658.7677669529664
 31
0.0
  0
SOLID
  5
2D0F
330
2D08
100
AcDbEntity
  8
Dimensions
 62
     0
440
 16777216
100
AcDbTrace
 10
-641.8301617314272
 20
653.759093919562
 30
0.0
 11
-641.2409060804384
 21
653.1698382685732
 31
0.0
 12
-639.7677669529664
 22
655.2322330470339
 32
0.0
 13
-639.7677669529664
 23
655.2322330470339
 33
0.0
  0
SOLID
  5
2D10
330
2D08
100
AcDbEntity
  8
Dimensions
 62
     0
440
 16777216
100
AcDbTrace
 10
-634.7590939195614
 20
660.8301617314272
 30
0.0
 11
-634.1698382685726
 21
660.2409060804384
 31
0.0
 12
-636.2322330470335
 22
658.7677669529664
 32
0.0
 13
-636.2322330470335
 23
658.7677669529664
 33
0.0
  0
POINT
  5
2D11
330
2D08
100
AcDbEntity
  8
Defpoints
 62
     0
440
 16777216
100
AcDbPoint
 10
-636.2322330470335
 20
658.7677669529664
 30
0.0
  0
POINT
  5
2D12
330
2D08
100
AcDbEntity
  8
Defpoints
 62
     0
440
 16777216
100
AcDbPoint
 10
-639.7677669529664
 20
655.2322330470339
 30
0.0
  0
ENDBLK
  5
2D0A
330
2D08
100
AcDbEntity
  8
0
100
AcDbBlockEnd
  0
BLOCK
  5
2D18
330
2D17
100
AcDbEntity
  8
0
100
AcDbBlockBegin
  2
*D196
 70
     1
 10
0.0
 20
0.0
 30
0.0
  3
*D196
  1

  0
LINE
  5
2D1A
330
2D17
100
AcDbEntity
  8
Dimensions
 62
     0
440
 16777216
370
    -2
100
AcDbLine
 10
-572.8665374096734
 20
675.1334625903261
 30
0.0
 11
-578.4644660940671
 21
669.5355339059329
 31
0.0
  0
LINE
  5
2D1B
330
2D17
100
AcDbEntity
  8
Dimensions
 62
     0
440
 16777216
370
    -2
100
AcDbLine
 10
-585.5355339059328
 20
662.4644660940675
 30
0.0
 11
-587.3033008588993
 21
660.6966991411012
 31
0.0
  0
MTEXT
  5
2D1C
330
2D17
100
AcDbEntity
  8
Dimensions
 62
     0
440
 16777216
100
AcDbMText
 10
-576.1074434901119
 20
674.5442069393375
 30
0.0
 40
2.5
 41
0.0
 46
0.0
 71
     5
 72
     1
  1
∅5
 11
0.7071067811865701
 21
0.7071067811865249
 31
0.0
 73
     1
 44
1.0
  0
LINE
  5
2D1D
330
2D17
100
AcDbEntity
  8
Dimensions
 62
     0
440
 16777216
370
    -2
100
AcDbLine
 10
-583.7677669529665
 20
664.2322330470339
 30
0.0
 11
-580.2322330470335
 21
667.7677669529665
 31
0.0
  0
SOLID
  5
2D1E
330
2D17
100
AcDbEntity
  8
Dimensions
 62
     0
440
 16777216
100
AcDbTrace
 10
-585.8301617314272
 20
662.759093919562
 30
0.0
 11
-585.2409060804385
 21
662.1698382685732
 31
0.0
 12
-583.7677669529665
 22
664.2322330470339
 32
0.0
 13
-583.7677669529665
 23
664.2322330470339
 33
0.0
  0
SOLID
  5
2D1F
330
2D17
100
AcDbEntity
  8
Dimensions
 62
     0
440
 16777216
100
AcDbTrace
 10
-578.7590939195614
 20
669.8301617314273
 30
0.0
 11
-578.1698382685727
 21
669.2409060804386
 31
0.0
 12
-580.2322330470335
 22
667.7677669529665
 32
0.0
 13
-580.2322330470335
 23
667.7677669529665
 33
0.0
  0
POINT
  5
2D20
330
2D17
100
AcDbEntity
  8
Defpoints
 62
     0
440
 16777216
100
AcDbPoint
 10
-580.2322330470335
 20
667.7677669529665
 30
0.0
  0
POINT
  5
2D21
330
2D17
100
AcDbEntity
  8
Defpoints
 62
     0
440
 16777216
100
AcDbPoint
 10
-583.7677669529665
 20
664.2322330470339
 30
0.0
  0
ENDBLK
  5
2D19
330
2D17
100
AcDbEntity
  8
0
100
AcDbBlockEnd
  0
BLOCK
  5
2D27
330
2D26
100
AcDbEntity
  8
0
100
AcDbBlockBegin
  2
*D197
 70
     1
 10
0.0
 20
0.0
 30
0.0
  3
*D197
  1

  0
LINE
  5
2D29
330
2D26
100
AcDbEntity
  8
Dimensions
 62
     0
440
 16777216
370
    -2
100
AcDbLine
 10
-568.8665374096735
 20
666.133462590326
 30
0.0
 11
-574.4644660940671
 21
660.5355339059327
 31
0.0
  0
LINE
  5
2D2A
330
2D26
100
AcDbEntity
  8
Dimensions
 62
     0
440
 16777216
370
    -2
100
AcDbLine
 10
-581.5355339059329
 20
653.4644660940675
 30
0.0
 11
-583.3033008588992
 21
651.6966991411012
 31
0.0
  0
MTEXT
  5
2D2B
330
2D26
100
AcDbEntity
  8
Dimensions
 62
     0
440
 16777216
100
AcDbMText
 10
-572.1074434901119
 20
665.5442069393374
 30
0.0
 40
2.5
 41
0.0
 46
0.0
 71
     5
 72
     1
  1
∅5
 11
0.7071067811865701
 21
0.7071067811865249
 31
0.0
 73
     1
 44
1.0
  0
LINE
  5
2D2C
330
2D26
100
AcDbEntity
  8
Dimensions
 62
     0
440
 16777216
370
    -2
100
AcDbLine
 10
-579.7677669529664
 20
655.2322330470339
 30
0.0
 11
-576.2322330470335
 21
658.7677669529664
 31
0.0
  0
SOLID
  5
2D2D
330
2D26
100
AcDbEntity
  8
Dimensions
 62
     0
440
 16777216
100
AcDbTrace
 10
-581.8301617314272
 20
653.759093919562
 30
0.0
 11
-581.2409060804384
 21
653.1698382685732
 31
0.0
 12
-579.7677669529664
 22
655.2322330470339
 32
0.0
 13
-579.7677669529664
 23
655.2322330470339
 33
0.0
  0
SOLID
  5
2D2E
330
2D26
100
AcDbEntity
  8
Dimensions
 62
     0
440
 16777216
100
AcDbTrace
 10
-574.7590939195614
 20
660.8301617314272
 30
0.0
 11
-574.1698382685727
 21
660.2409060804384
 31
0.0
 12
-576.2322330470335
 22
658.7677669529664
 32
0.0
 13
-576.2322330470335
 23
658.7677669529664
 33
0.0
  0
POINT
  5
2D2F
330
2D26
100
AcDbEntity
  8
Defpoints
 62
     0
440
 16777216
100
AcDbPoint
 10
-576.2322330470335
 20
658.7677669529664
 30
0.0
  0
POINT
  5
2D30
330
2D26
100
AcDbEntity
  8
Defpoints
 62
     0
440
 16777216
100
AcDbPoint
 10
-579.7677669529664
 20
655.2322330470339
 30
0.0
  0
ENDBLK
  5
2D28
330
2D26
100
AcDbEntity
  8
0
100
AcDbBlockEnd
  0
ENDSEC
  0
SECTION
  2
ENTITIES
  0
LWPOLYLINE
  5
1B8
102
{ACAD_REACTORS
330
1CAC
102
}
330
1F
100
AcDbEntity
  8
Dimension
100
AcDbPolyline
 90
        4
 70
     1
 43
0.0
 10
0.0
 20
0.0000000000001705
 10
500.0
 20
0.0
 10
500.0
 20
500.0
 10
0.0000000000001705
 20
500.0000000000001
  0
DIMENSION
  5
1BB
330
1F
100
AcDbEntity
  8
Dimensions
100
AcDbDimension
  2
*D0
 10
478.0
 20
-10.0
 30
0.0
 11
489.0
 21
-8.125
 31
0.0
 70
    32
 71
     5
 42
21.99999999999994
 73
     0
 74
     0
 75
     0
  3
ISO-25
100
AcDbAlignedDimension
 13
500.0
 23
0.0
 33
0.0
 14
478.0
 24
315.0
 34
0.0
100
AcDbRotatedDimension
  0
DIMENSION
  5
1D4
330
1F
100
AcDbEntity
  8
Dimensions
100
AcDbDimension
  2
*D1
 10
431.0
 20
-9.999999999999943
 30
0.0
 11
454.4999999999999
 21
-8.124999999999943
 31
0.0
 70
    32
 71
     5
 42
46.99999999999994
 73
     0
 74
     0
 75
     0
  3
ISO-25
100
AcDbAlignedDimension
 13
478.0
 23
0.0
 33
0.0
 14
431.0
 24
315.0
 34
0.0
100
AcDbRotatedDimension
  0
DIMENSION
  5
1E1
330
1F
100
AcDbEntity
  8
Dimensions
100
AcDbDimension
  2
*D2
 10
384.0000000000001
 20
-9.999999999999943
 30
0.0
 11
407.5
 21
-8.124999999999943
 31
0.0
 70
    32
 71
     5
 42
46.99999999999994
 73
     0
 74
     0
 75
     0
  3
ISO-25
100
AcDbAlignedDimension
 13
431.0
 23
0.0000000000000568
 33
0.0
 14
384.0000000000001
 24
315.0
 34
0.0
100
AcDbRotatedDimension
  0
DIMENSION
  5
1EE
330
1F
100
AcDbEntity
  8
Dimensions
100
AcDbDimension
  2
*D3
 10
337.0
 20
-9.999999999999886
 30
0.0
 11
360.5
 21
-8.124999999999886
 31
0.0
 70
    32
 71
     5
 42
47.0
 73
     0
 74
     0
 75
     0
  3
ISO-25
100
AcDbAlignedDimension
 13
384.0
 23
0.0000000000000568
 33
0.0
 14
337.0
 24
92.00000000000011
 34
0.0
100
AcDbRotatedDimension
  0
DIMENSION
  5
1FB
330
1F
100
AcDbEntity
  8
Dimensions
100
AcDbDimension
  2
*D4
 10
292.0
 20
-9.999999999999886
 30
0.0
 11
314.5
 21
-8.124999999999886
 31
0.0
 70
    32
 71
     5
 42
45.0
 73
     0
 74
     0
 75
     0
  3
ISO-25
100
AcDbAlignedDimension
 13
337.0
 23
0.0000000000001137
 33
0.0
 14
292.0
 24
115.0000000000001
 34
0.0
100
AcDbRotatedDimension
  0
DIMENSION
  5
208
330
1F
100
AcDbEntity
  8
Dimensions
100
AcDbDimension
  2
*D5
 10
510.0
 20
20.00000000000007
 30
0.0
 11
508.1249999999999
 21
10.00000000000011
 31
0.0
 70
    32
 71
     5
 42
20.00000000000008
 73
     0
 74
     0
 75
     0
  3
ISO-25
100
AcDbAlignedDimension
 13
500.0
 23
0.0
 33
0.0
 14
334.0
 24
20.00000000000011
 34
0.0
 50
90.0
100
AcDbRotatedDimension
  0
DIMENSION
  5
215
330
1F
100
AcDbEntity
  8
Dimensions
100
AcDbDimension
  2
*D6
 10
510.0
 20
92.00000000000006
 30
0.0
 11
508.125
 21
56.00000000000012
 31
0.0
 70
    32
 71
     5
 42
72.00000000000007
 73
     0
 74
     0
 75
     0
  3
ISO-25
100
AcDbAlignedDimension
 13
500.0
 23
20.0
 33
0.0
 14
334.0
 24
92.00000000000011
 34
0.0
 50
90.0
100
AcDbRotatedDimension
  0
DIMENSION
  5
22F
330
1F
100
AcDbEntity
  8
Dimensions
100
AcDbDimension
  2
*D8
 10
520.0000000000007
 20
115.0000000000002
 30
0.0
 11
518.1250000000005
 21
71.0
 31
0.0
 70
    32
 71
     5
 42
88.00000000000006
 73
     0
 74
     0
 75
     0
  3
ISO-25
100
AcDbAlignedDimension
 13
500.0
 23
27.00000000000012
 33
0.0
 14
292.0
 24
115.0000000000001
 34
0.0
 50
90.0
100
AcDbRotatedDimension
  0
CIRCLE
  5
295
102
{ACAD_REACTORS
330
1CAC
102
}
330
1F
100
AcDbEntity
  8
Dimension
100
AcDbCircle
 10
334.0
 20
92.00000000000011
 30
0.0
 40
4.5
  0
DIMENSION
  5
297
330
1F
100
AcDbEntity
  8
Dimensions
100
AcDbDimension
  2
*D9
 10
333.8180194846604
 20
88.81801948466058
 30
0.0
 11
347.0000000000001
 21
101.9999999999998
 31
0.0
 70
   163
 71
     5
 42
9.00000000000017
 73
     0
 74
     0
 75
     0
  3
ISO-25
100
AcDbDiametricDimension
 15
340.1819805153396
 25
95.18198051533955
 35
0.0
 40
0.0
1001
ACAD
1000
DSTYLE
1002
{
1070
   288
1070
     1
1002
}
1001
ACAD_DSTYLE_DIMRADIAL_EXTENSION
1070
   387
1070
     1
1070
   388
1040
0.0
1070
   390
1040
0.0
  0
CIRCLE
  5
2AD
102
{ACAD_REACTORS
330
1CAC
102
}
330
1F
100
AcDbEntity
  8
Dimension
100
AcDbCircle
 10
381.0
 20
92.0
 30
0.0
 40
4.5
  0
DIMENSION
  5
2AE
330
1F
100
AcDbEntity
  8
Dimensions
100
AcDbDimension
  2
*D10
 10
380.8180194846606
 20
88.81801948466057
 30
0.0
 11
394.0000000000001
 21
101.9999999999999
 31
0.0
 70
   163
 71
     5
 42
9.0
 73
     0
 74
     0
 75
     0
  3
ISO-25
100
AcDbDiametricDimension
 15
387.1819805153395
 25
95.18198051533943
 35
0.0
 40
0.0
1001
ACAD
1000
DSTYLE
1002
{
1070
   288
1070
     1
1002
}
1001
ACAD_DSTYLE_DIMRADIAL_EXTENSION
1070
   387
1070
     1
1070
   388
1040
0.0
1070
   390
1040
0.0
  0
CIRCLE
  5
2BC
102
{ACAD_REACTORS
330
1CAC
102
}
330
1F
100
AcDbEntity
  8
Dimension
100
AcDbCircle
 10
428.0
 20
92.0
 30
0.0
 40
4.5
  0
DIMENSION
  5
2BD
330
1F
100
AcDbEntity
  8
Dimensions
100
AcDbDimension
  2
*D11
 10
427.8180194846605
 20
88.81801948466065
 30
0.0
 11
441.0000000000002
 21
101.9999999999996
 31
0.0
 70
   163
 71
     5
 42
8.999999999999886
 73
     0
 74
     0
 75
     0
  3
ISO-25
100
AcDbDiametricDimension
 15
434.1819805153395
 25
95.18198051533932
 35
0.0
 40
0.0
1001
ACAD
1000
DSTYLE
1002
{
1070
   288
1070
     1
1002
}
1001
ACAD_DSTYLE_DIMRADIAL_EXTENSION
1070
   387
1070
     1
1070
   388
1040
0.0
1070
   390
1040
0.0
  0
CIRCLE
  5
2CB
102
{ACAD_REACTORS
330
1CAC
102
}
330
1F
100
AcDbEntity
  8
Dimension
100
AcDbCircle
 10
475.0
 20
92.0
 30
0.0
 40
4.5
  0
DIMENSION
  5
2CC
330
1F
100
AcDbEntity
  8
Dimensions
100
AcDbDimension
  2
*D12
 10
474.8180194846603
 20
88.81801948466018
 30
0.0
 11
487.9999999999996
 21
101.9999999999998
 31
0.0
 70
   163
 71
     5
 42
9.000000000000568
 73
     0
 74
     0
 75
     0
  3
ISO-25
100
AcDbDiametricDimension
 15
481.1819805153395
 25
95.18198051533955
 35
0.0
 40
0.0
1001
ACAD
1000
DSTYLE
1002
{
1070
   288
1070
     1
1002
}
1001
ACAD_DSTYLE_DIMRADIAL_EXTENSION
1070
   387
1070
     1
1070
   388
1040
0.0
1070
   390
1040
0.0
  0
CIRCLE
  5
2DA
102
{ACAD_REACTORS
330
1CAC
102
}
330
1F
100
AcDbEntity
  8
Dimension
100
AcDbCircle
 10
475.0
 20
20.0
 30
0.0
 40
4.5
  0
DIMENSION
  5
2DB
330
1F
100
AcDbEntity
  8
Dimensions
100
AcDbDimension
  2
*D13
 10
474.8180194846603
 20
16.81801948466059
 30
0.0
 11
488.0000000000004
 21
29.9999999999996
 31
0.0
 70
   163
 71
     5
 42
9.000000000000056
 73
     0
 74
     0
 75
     0
  3
ISO-25
100
AcDbDiametricDimension
 15
481.1819805153395
 25
23.18198051533929
 35
0.0
 40
0.0
1001
ACAD
1000
DSTYLE
1002
{
1070
   288
1070
     1
1002
}
1001
ACAD_DSTYLE_DIMRADIAL_EXTENSION
1070
   387
1070
     1
1070
   388
1040
0.0
1070
   390
1040
0.0
  0
CIRCLE
  5
2E9
102
{ACAD_REACTORS
330
1CAC
102
}
330
1F
100
AcDbEntity
  8
Dimension
100
AcDbCircle
 10
428.0
 20
20.00000000000006
 30
0.0
 40
4.5
  0
DIMENSION
  5
2EA
330
1F
100
AcDbEntity
  8
Dimensions
100
AcDbDimension
  2
*D14
 10
427.8180194846604
 20
16.81801948466071
 30
0.0
 11
441.0000000000004
 21
29.99999999999926
 31
0.0
 70
   163
 71
     5
 42
9.000000000000056
 73
     0
 74
     0
 75
     0
  3
ISO-25
100
AcDbDiametricDimension
 15
434.1819805153397
 25
23.18198051533932
 35
0.0
 40
0.0
1001
ACAD
1000
DSTYLE
1002
{
1070
   288
1070
     1
1002
}
1001
ACAD_DSTYLE_DIMRADIAL_EXTENSION
1070
   387
1070
     1
1070
   388
1040
0.0
1070
   390
1040
0.0
  0
CIRCLE
  5
2F8
102
{ACAD_REACTORS
330
1CAC
102
}
330
1F
100
AcDbEntity
  8
Dimension
100
AcDbCircle
 10
381.0
 20
20.00000000000006
 30
0.0
 40
4.5
  0
DIMENSION
  5
2F9
330
1F
100
AcDbEntity
  8
Dimensions
100
AcDbDimension
  2
*D15
 10
380.8180194846603
 20
16.81801948466059
 30
0.0
 11
394.0000000000006
 21
29.99999999999946
 31
0.0
 70
   163
 71
     5
 42
9.000000000000227
 73
     0
 74
     0
 75
     0
  3
ISO-25
100
AcDbDiametricDimension
 15
387.1819805153398
 25
23.18198051533935
 35
0.0
 40
0.0
1001
ACAD
1000
DSTYLE
1002
{
1070
   288
1070
     1
1002
}
1001
ACAD_DSTYLE_DIMRADIAL_EXTENSION
1070
   387
1070
     1
1070
   388
1040
0.0
1070
   390
1040
0.0
  0
CIRCLE
  5
307
102
{ACAD_REACTORS
330
1CAC
102
}
330
1F
100
AcDbEntity
  8
Dimension
100
AcDbCircle
 10
334.0
 20
20.00000000000011
 30
0.0
 40
4.5
  0
DIMENSION
  5
308
330
1F
100
AcDbEntity
  8
Dimensions
100
AcDbDimension
  2
*D16
 10
333.8180194846606
 20
16.81801948466065
 30
0.0
 11
346.9999999999995
 21
29.99999999999986
 31
0.0
 70
   163
 71
     5
 42
9.0
 73
     0
 74
     0
 75
     0
  3
ISO-25
100
AcDbDiametricDimension
 15
340.1819805153394
 25
23.18198051533963
 35
0.0
 40
0.0
1001
ACAD
1000
DSTYLE
1002
{
1070
   288
1070
     1
1002
}
1001
ACAD_DSTYLE_DIMRADIAL_EXTENSION
1070
   387
1070
     1
1070
   388
1040
0.0
1070
   390
1040
0.0
  0
CIRCLE
  5
316
102
{ACAD_REACTORS
330
1CAC
102
}
330
1F
100
AcDbEntity
  8
Dimension
100
AcDbCircle
 10
289.0
 20
115.0000000000001
 30
0.0
 40
3.5
  0
DIMENSION
  5
317
330
1F
100
AcDbEntity
  8
Dimensions
100
AcDbDimension
  2
*D17
 10
290.0585493132119
 20
112.0878239698178
 30
0.0
 11
296.6571703974744
 21
125.365959916959
 31
0.0
 70
    35
 71
     5
 42
6.999999999999829
 73
     0
 74
     0
 75
     0
  3
ISO-25
100
AcDbDiametricDimension
 15
293.9414506867883
 25
117.9121760301825
 35
0.0
 40
0.0
1001
ACAD
1000
DSTYLE
1002
{
1070
   288
1070
     1
1002
}
1001
ACAD_DSTYLE_DIMRADIAL_EXTENSION
1070
   387
1070
     1
1070
   388
1040
0.0
1070
   390
1040
0.0
  0
CIRCLE
  5
335
102
{ACAD_REACTORS
330
1CAC
102
}
330
1F
100
AcDbEntity
  8
Dimension
100
AcDbCircle
 10
289.0
 20
27.00000000000012
 30
0.0
 40
3.5
  0
DIMENSION
  5
336
330
1F
100
AcDbEntity
  8
Dimensions
100
AcDbDimension
  2
*D18
 10
290.0585493132114
 20
24.08782396981761
 30
0.0
 11
296.6571703974744
 21
37.36595991695896
 31
0.0
 70
    35
 71
     5
 42
7.000000000000113
 73
     0
 74
     0
 75
     0
  3
ISO-25
100
AcDbDiametricDimension
 15
293.9414506867882
 25
29.91217603018248
 35
0.0
 40
0.0
1001
ACAD
1000
DSTYLE
1002
{
1070
   288
1070
     1
1002
}
1001
ACAD_DSTYLE_DIMRADIAL_EXTENSION
1070
   387
1070
     1
1070
   388
1040
0.0
1070
   390
1040
0.0
  0
DIMENSION
  5
35E
330
1F
100
AcDbEntity
  8
Dimensions
100
AcDbDimension
  2
*D19
 10
520.0
 20
315.0000000000002
 30
0.0
 11
520.0
 21
279.0000000000001
 31
0.0
 70
   160
 71
     5
 42
72.00000000000009
 73
     0
 74
     0
 75
     0
  3
ISO-25
100
AcDbAlignedDimension
 13
384.0
 23
243.0
 33
0.0
 14
384.0000000000001
 24
315.0000000000001
 34
0.0
 50
90.0
100
AcDbRotatedDimension
  0
DIMENSION
  5
36C
330
1F
100
AcDbEntity
  8
Dimensions
100
AcDbDimension
  2
*D20
 10
520.0
 20
335.0000000000002
 30
0.0
 11
520.0
 21
325.0
 31
0.0
 70
   160
 71
     5
 42
20.00000000000006
 73
     0
 74
     0
 75
     0
  3
ISO-25
100
AcDbAlignedDimension
 13
384.0
 23
315.0
 33
0.0
 14
500.0
 24
335.0000000000001
 34
0.0
 50
90.0
100
AcDbRotatedDimension
  0
DIMENSION
  5
3B7
330
1F
100
AcDbEntity
  8
Dimensions
100
AcDbDimension
  2
*D21
 10
-29.99999999999989
 20
202.0000000000002
 30
0.0
 11
-31.87499999999993
 21
101.0000000000002
 31
0.0
 70
    32
 71
     5
 42
202.0
 73
     0
 74
     0
 75
     0
  3
ISO-25
100
AcDbAlignedDimension
 13
0.0
 23
0.0000000000001705
 33
0.0
 14
320.0000000000001
 24
202.0
 34
0.0
 50
90.0
100
AcDbRotatedDimension
  0
DIMENSION
  5
3C4
330
1F
100
AcDbEntity
  8
Dimensions
100
AcDbDimension
  2
*D22
 10
-39.99999999999977
 20
272.0000000000002
 30
0.0
 11
-41.87499999999983
 21
136.0000000000001
 31
0.0
 70
    32
 71
     5
 42
272.0
 73
     0
 74
     0
 75
     0
  3
ISO-25
100
AcDbAlignedDimension
 13
0.0
 23
0.0000000000001705
 33
0.0
 14
335.0000000000001
 24
272.0000000000001
 34
0.0
 50
90.0
100
AcDbRotatedDimension
  0
DIMENSION
  5
3D1
330
1F
100
AcDbEntity
  8
Dimensions
100
AcDbDimension
  2
*D23
 10
-9.999999999999946
 20
306.0
 30
0.0
 11
-11.87499999999985
 21
403.0000000000001
 31
0.0
 70
    32
 71
     5
 42
194.0000000000003
 73
     0
 74
     0
 75
     0
  3
ISO-25
100
AcDbAlignedDimension
 13
0.0000000000001705
 23
500.0000000000001
 33
0.0
 14
333.0000000000001
 24
306.0
 34
0.0
 50
90.0
100
AcDbRotatedDimension
  0
DIMENSION
  5
3DE
330
1F
100
AcDbEntity
  8
Dimensions
100
AcDbDimension
  2
*D24
 10
-19.99999999999989
 20
340.0000000000002
 30
0.0
 11
-21.87499999999979
 21
420.0000000000001
 31
0.0
 70
    32
 71
     5
 42
160.0000000000001
 73
     0
 74
     0
 75
     0
  3
ISO-25
100
AcDbAlignedDimension
 13
0.0000000000001705
 23
500.0000000000001
 33
0.0
 14
327.0
 24
340.0000000000001
 34
0.0
 50
90.0
100
AcDbRotatedDimension
  0
DIMENSION
  5
3EB
330
1F
100
AcDbEntity
  8
Dimensions
100
AcDbDimension
  2
*D25
 10
-29.99999999999989
 20
415.0000000000002
 30
0.0
 11
-31.87499999999995
 21
457.5000000000001
 31
0.0
 70
    32
 71
     5
 42
85.00000000000005
 73
     0
 74
     0
 75
     0
  3
ISO-25
100
AcDbAlignedDimension
 13
0.0000000000001705
 23
500.0000000000001
 33
0.0
 14
484.0000000000001
 24
415.0
 34
0.0
 50
90.0
100
AcDbRotatedDimension
  0
DIMENSION
  5
3FA
330
1F
100
AcDbEntity
  8
Dimensions
100
AcDbDimension
  2
*D26
 10
-39.99999999999989
 20
460.0000000000001
 30
0.0
 11
-41.87499999999995
 21
480.0000000000001
 31
0.0
 70
    32
 71
     5
 42
40.00000000000006
 73
     0
 74
     0
 75
     0
  3
ISO-25
100
AcDbAlignedDimension
 13
0.0000000000001705
 23
500.0000000000001
 33
0.0
 14
65.00000000000011
 24
460.0000000000001
 34
0.0
 50
90.0
100
AcDbRotatedDimension
  0
DIMENSION
  5
407
330
1F
100
AcDbEntity
  8
Dimensions
100
AcDbDimension
  2
*D27
 10
-39.99999999999989
 20
370.0000000000001
 30
0.0
 11
-41.87499999999994
 21
415.0000000000001
 31
0.0
 70
    32
 71
     5
 42
90.00000000000005
 73
     0
 74
     0
 75
     0
  3
ISO-25
100
AcDbAlignedDimension
 13
0.0000000000001137
 23
460.0000000000001
 33
0.0
 14
65.00000000000011
 24
370.0000000000001
 34
0.0
 50
90.0
100
AcDbRotatedDimension
  0
DIMENSION
  5
414
330
1F
100
AcDbEntity
  8
Dimensions
100
AcDbDimension
  2
*D28
 10
60.00000000000007
 20
510.0000000000001
 30
0.0
 11
30.00000000000012
 21
511.8750000000001
 31
0.0
 70
    32
 71
     5
 42
59.99999999999989
 73
     0
 74
     0
 75
     0
  3
ISO-25
100
AcDbAlignedDimension
 13
0.0000000000001705
 23
500.0000000000001
 33
0.0
 14
60.00000000000006
 24
305.0000000000001
 34
0.0
100
AcDbRotatedDimension
  0
DIMENSION
  5
421
330
1F
100
AcDbEntity
  8
Dimensions
100
AcDbDimension
  2
*D29
 10
65.00000000000013
 20
520.0000000000001
 30
0.0
 11
32.50000000000015
 21
521.875
 31
0.0
 70
    32
 71
     5
 42
64.99999999999994
 73
     0
 74
     0
 75
     0
  3
ISO-25
100
AcDbAlignedDimension
 13
0.0000000000001705
 23
500.0000000000001
 33
0.0
 14
65.00000000000011
 24
370.0000000000001
 34
0.0
100
AcDbRotatedDimension
  0
CIRCLE
  5
449
102
{ACAD_REACTORS
330
44C
330
1CAC
102
}
330
1F
100
AcDbEntity
  8
Dimension
100
AcDbCircle
 10
65.00000000000011
 20
460.0000000000001
 30
0.0
 40
3.5
  0
DIMENSION
  5
44A
102
{ACAD_XDICTIONARY
360
44B
102
}
102
{ACAD_REACTORS
330
44C
102
}
330
1F
100
AcDbEntity
  8
Dimensions
100
AcDbDimension
  2
*D30
 10
63.05854931321167
 20
457.0878239698175
 30
0.0
 11
69.6571703974746
 21
470.3659599169589
 31
0.0
 70
    35
 71
     5
 42
7.000000000000113
 73
     0
 74
     0
 75
     0
  3
ISO-25
100
AcDbDiametricDimension
 15
66.94145068678844
 25
462.9121760301824
 35
0.0
 40
0.0
1001
ACAD
1000
DSTYLE
1002
{
1070
   288
1070
     1
1002
}
1001
ACAD_DSTYLE_DIMRADIAL_EXTENSION
1070
   387
1070
     1
1070
   388
1040
0.0
1070
   390
1040
0.0
  0
CIRCLE
  5
458
102
{ACAD_REACTORS
330
45B
330
1CAC
102
}
330
1F
100
AcDbEntity
  8
Dimension
100
AcDbCircle
 10
65.00000000000011
 20
370.0000000000001
 30
0.0
 40
3.5
  0
DIMENSION
  5
459
102
{ACAD_XDICTIONARY
360
45A
102
}
102
{ACAD_REACTORS
330
45B
102
}
330
1F
100
AcDbEntity
  8
Dimensions
100
AcDbDimension
  2
*D31
 10
63.0585493132119
 20
367.0878239698177
 30
0.0
 11
69.65717039747433
 21
380.3659599169591
 31
0.0
 70
    35
 71
     5
 42
6.999999999999886
 73
     0
 74
     0
 75
     0
  3
ISO-25
100
AcDbDiametricDimension
 15
66.94145068678839
 25
372.9121760301826
 35
0.0
 40
0.0
1001
ACAD
1000
DSTYLE
1002
{
1070
   288
1070
     1
1002
}
1001
ACAD_DSTYLE_DIMRADIAL_EXTENSION
1070
   387
1070
     1
1070
   388
1040
0.0
1070
   390
1040
0.0
  0
DIMENSION
  5
470
330
1F
100
AcDbEntity
  8
Dimensions
100
AcDbDimension
  2
*D32
 10
333.0000000000001
 20
510.0000000000001
 30
0.0
 11
196.5000000000001
 21
511.8750000000001
 31
0.0
 70
    32
 71
     5
 42
273.0
 73
     0
 74
     0
 75
     0
  3
ISO-25
100
AcDbAlignedDimension
 13
60.00000000000011
 23
500.0
 33
0.0
 14
333.0000000000001
 24
305.0000000000001
 34
0.0
100
AcDbRotatedDimension
  0
CIRCLE
  5
4A1
102
{ACAD_REACTORS
330
1CAC
102
}
330
1F
100
AcDbEntity
  8
Dimension
100
AcDbCircle
 10
60.00000000000006
 20
305.0000000000001
 30
0.0
 40
1.5
  0
DIMENSION
  5
4A4
330
1F
100
AcDbEntity
  8
Dimensions
100
AcDbDimension
  2
*D33
 10
58.93933982822024
 20
304.9393398282202
 30
0.0
 11
69.99999999999961
 21
316.0000000000004
 31
0.0
 70
   163
 71
     5
 42
3.0
 73
     0
 74
     0
 75
     0
  3
ISO-25
100
AcDbDiametricDimension
 15
61.06066017177981
 25
307.0606601717799
 35
0.0
 40
0.0
1001
ACAD
1000
DSTYLE
1002
{
1070
   288
1070
     1
1002
}
1001
ACAD_DSTYLE_DIMRADIAL_EXTENSION
1070
   387
1070
     1
1070
   388
1040
0.0
1070
   390
1040
0.0
  0
CIRCLE
  5
4BA
102
{ACAD_REACTORS
330
1CAC
102
}
330
1F
100
AcDbEntity
  8
Dimension
100
AcDbCircle
 10
333.0000000000001
 20
305.0000000000001
 30
0.0
 40
1.5
  0
DIMENSION
  5
4BB
330
1F
100
AcDbEntity
  8
Dimensions
100
AcDbDimension
  2
*D34
 10
331.9393398282203
 20
304.9393398282202
 30
0.0
 11
343.0000000000005
 21
316.0
 31
0.0
 70
   163
 71
     5
 42
3.000000000000056
 73
     0
 74
     0
 75
     0
  3
ISO-25
100
AcDbDiametricDimension
 15
334.0606601717801
 25
307.0606601717799
 35
0.0
 40
0.0
1001
ACAD
1000
DSTYLE
1002
{
1070
   288
1070
     1
1002
}
1001
ACAD_DSTYLE_DIMRADIAL_EXTENSION
1070
   387
1070
     1
1070
   388
1040
0.0
1070
   390
1040
0.0
  0
DIMENSION
  5
4C9
330
1F
100
AcDbEntity
  8
Dimensions
100
AcDbDimension
  2
*D35
 10
530.0000000000002
 20
6.000000000000258
 30
0.0
 11
528.125
 21
3.000000000000065
 31
0.0
 70
    32
 71
     5
 42
6.000000000000111
 73
     0
 74
     0
 75
     0
  3
ISO-25
100
AcDbAlignedDimension
 13
500.0
 23
0.0000000000001705
 33
0.0
 14
6.0
 24
6.00000000000017
 34
0.0
 50
90.0
100
AcDbRotatedDimension
  0
DIMENSION
  5
4D8
330
1F
100
AcDbEntity
  8
Dimensions
100
AcDbDimension
  2
*D36
 10
5.999999999999967
 20
-40.0
 30
0.0
 11
2.999999999999982
 21
-38.125
 31
0.0
 70
    32
 71
     5
 42
6.0
 73
     0
 74
     0
 75
     0
  3
ISO-25
100
AcDbAlignedDimension
 13
0.0
 23
0.0000000000001705
 33
0.0
 14
6.0
 24
494.0
 34
0.0
100
AcDbRotatedDimension
  0
CIRCLE
  5
4E7
102
{ACAD_REACTORS
330
4FD
330
1CAC
102
}
330
1F
100
AcDbEntity
  8
Dimension
100
AcDbCircle
 10
6.0
 20
6.00000000000017
 30
0.0
 40
3.0
  0
DIMENSION
  5
4E8
102
{ACAD_XDICTIONARY
360
4F4
102
}
102
{ACAD_REACTORS
330
4FD
102
}
330
1F
100
AcDbEntity
  8
Dimensions
100
AcDbDimension
  2
*D37
 10
3.878679656440296
 20
3.878679656440412
 30
0.0
 11
12.24610990048106
 21
14.89776032993097
 31
0.0
 70
    35
 71
     5
 42
6.000000000000126
 73
     0
 74
     0
 75
     0
  3
ISO-25
100
AcDbDiametricDimension
 15
8.121320343559615
 25
8.121320343559842
 35
0.0
 40
0.0
1001
ACAD
1000
DSTYLE
1002
{
1070
   288
1070
     1
1002
}
1001
ACAD_DSTYLE_DIMRADIAL_EXTENSION
1070
   387
1070
     1
1070
   388
1040
0.0
1070
   390
1040
0.0
  0
DIMENSION
  5
4FE
330
1F
100
AcDbEntity
  8
Dimensions
100
AcDbDimension
  2
*D38
 10
494.0
 20
510.0
 30
0.0
 11
497.0
 21
511.875
 31
0.0
 70
    32
 71
     5
 42
6.0
 73
     0
 74
     0
 75
     0
  3
ISO-25
100
AcDbAlignedDimension
 13
500.0
 23
500.0
 33
0.0
 14
494.0
 24
0.0
 34
0.0
100
AcDbRotatedDimension
  0
DIMENSION
  5
50D
330
1F
100
AcDbEntity
  8
Dimensions
100
AcDbDimension
  2
*D39
 10
510.0000000000005
 20
494.0000000000004
 30
0.0
 11
508.1250000000006
 21
497.0000000000001
 31
0.0
 70
    32
 71
     5
 42
5.999999999999886
 73
     0
 74
     0
 75
     0
  3
ISO-25
100
AcDbAlignedDimension
 13
500.0
 23
500.0000000000001
 33
0.0
 14
6.0
 24
494.0000000000002
 34
0.0
 50
90.0
100
AcDbRotatedDimension
  0
CIRCLE
  5
532
102
{ACAD_REACTORS
330
535
330
1CAC
102
}
330
1F
100
AcDbEntity
  8
Dimension
100
AcDbCircle
 10
494.0
 20
6.0
 30
0.0
 40
3.0
  0
DIMENSION
  5
533
102
{ACAD_XDICTIONARY
360
534
102
}
102
{ACAD_REACTORS
330
535
102
}
330
1F
100
AcDbEntity
  8
Dimensions
100
AcDbDimension
  2
*D40
 10
491.87867965644
 20
3.878679656440226
 30
0.0
 11
500.2461099004814
 21
14.89776032993049
 31
0.0
 70
    35
 71
     5
 42
6.000000000000284
 73
     0
 74
     0
 75
     0
  3
ISO-25
100
AcDbDiametricDimension
 15
496.1213203435597
 25
8.121320343559574
 35
0.0
 40
0.0
1001
ACAD
1000
DSTYLE
1002
{
1070
   288
1070
     1
1002
}
1001
ACAD_DSTYLE_DIMRADIAL_EXTENSION
1070
   387
1070
     1
1070
   388
1040
0.0
1070
   390
1040
0.0
  0
CIRCLE
  5
541
102
{ACAD_REACTORS
330
544
330
1CAC
102
}
330
1F
100
AcDbEntity
  8
Dimension
100
AcDbCircle
 10
6.00000000000017
 20
494.0000000000002
 30
0.0
 40
3.0
  0
DIMENSION
  5
542
102
{ACAD_XDICTIONARY
360
543
102
}
102
{ACAD_REACTORS
330
544
102
}
330
1F
100
AcDbEntity
  8
Dimensions
100
AcDbDimension
  2
*D41
 10
3.87867965644051
 20
491.8786796564404
 30
0.0
 11
12.24610990048114
 21
502.8977603299311
 31
0.0
 70
    35
 71
     5
 42
6.000000000000113
 73
     0
 74
     0
 75
     0
  3
ISO-25
100
AcDbDiametricDimension
 15
8.121320343559773
 25
496.1213203435598
 35
0.0
 40
0.0
1001
ACAD
1000
DSTYLE
1002
{
1070
   288
1070
     1
1002
}
1001
ACAD_DSTYLE_DIMRADIAL_EXTENSION
1070
   387
1070
     1
1070
   388
1040
0.0
1070
   390
1040
0.0
  0
CIRCLE
  5
550
102
{ACAD_REACTORS
330
553
330
1CAC
102
}
330
1F
100
AcDbEntity
  8
Dimension
100
AcDbCircle
 10
494.0000000000001
 20
494.0
 30
0.0
 40
3.0
  0
DIMENSION
  5
551
102
{ACAD_XDICTIONARY
360
552
102
}
102
{ACAD_REACTORS
330
553
102
}
330
1F
100
AcDbEntity
  8
Dimensions
100
AcDbDimension
  2
*D42
 10
491.8786796564407
 20
491.8786796564403
 30
0.0
 11
500.2461099004811
 21
502.8977603299307
 31
0.0
 70
    35
 71
     5
 42
5.999999999999772
 73
     0
 74
     0
 75
     0
  3
ISO-25
100
AcDbDiametricDimension
 15
496.1213203435598
 25
496.1213203435596
 35
0.0
 40
0.0
1001
ACAD
1000
DSTYLE
1002
{
1070
   288
1070
     1
1002
}
1001
ACAD_DSTYLE_DIMRADIAL_EXTENSION
1070
   387
1070
     1
1070
   388
1040
0.0
1070
   390
1040
0.0
  0
DIMENSION
  5
562
330
1F
100
AcDbEntity
  8
Dimensions
100
AcDbDimension
  2
*D43
 10
20.00000000000005
 20
-9.999999999999829
 30
0.0
 11
10.00000000000002
 21
-8.124999999999829
 31
0.0
 70
    32
 71
     5
 42
20.00000000000006
 73
     0
 74
     0
 75
     0
  3
ISO-25
100
AcDbAlignedDimension
 13
0.0
 23
0.0000000000001705
 33
0.0
 14
20.00000000000006
 24
65.00000000000017
 34
0.0
100
AcDbRotatedDimension
  0
DIMENSION
  5
56F
330
1F
100
AcDbEntity
  8
Dimensions
100
AcDbDimension
  2
*D44
 10
128.0
 20
-9.999999999999886
 30
0.0
 11
74.00000000000003
 21
-8.124999999999886
 31
0.0
 70
    32
 71
     5
 42
108.0
 73
     0
 74
     0
 75
     0
  3
ISO-25
100
AcDbAlignedDimension
 13
20.0
 23
0.0000000000001705
 33
0.0
 14
128.0
 24
65.00000000000011
 34
0.0
100
AcDbRotatedDimension
  0
DIMENSION
  5
57C
330
1F
100
AcDbEntity
  8
Dimensions
100
AcDbDimension
  2
*D45
 10
249.0
 20
-9.999999999999886
 30
0.0
 11
188.5
 21
-8.124999999999886
 31
0.0
 70
    32
 71
     5
 42
121.0
 73
     0
 74
     0
 75
     0
  3
ISO-25
100
AcDbAlignedDimension
 13
128.0
 23
0.0000000000001137
 33
0.0
 14
249.0
 24
65.00000000000011
 34
0.0
100
AcDbRotatedDimension
  0
CIRCLE
  5
5AE
102
{ACAD_REACTORS
330
5B1
330
1CAC
102
}
330
1F
100
AcDbEntity
  8
Dimension
100
AcDbCircle
 10
249.0
 20
65.00000000000011
 30
0.0
 40
3.5
  0
DIMENSION
  5
5AF
102
{ACAD_XDICTIONARY
360
5B0
102
}
102
{ACAD_REACTORS
330
5B1
102
}
330
1F
100
AcDbEntity
  8
Dimensions
100
AcDbDimension
  2
*D46
 10
247.0585493132118
 20
62.08782396981773
 30
0.0
 11
253.6571703974741
 21
75.36595991695918
 31
0.0
 70
    35
 71
     5
 42
6.999999999999886
 73
     0
 74
     0
 75
     0
  3
ISO-25
100
AcDbDiametricDimension
 15
250.9414506867883
 25
67.91217603018259
 35
0.0
 40
0.0
1001
ACAD
1000
DSTYLE
1002
{
1070
   288
1070
     1
1002
}
1001
ACAD_DSTYLE_DIMRADIAL_EXTENSION
1070
   387
1070
     1
1070
   388
1040
0.0
1070
   390
1040
0.0
  0
CIRCLE
  5
5BD
102
{ACAD_REACTORS
330
5C0
330
1CAC
102
}
330
1F
100
AcDbEntity
  8
Dimension
100
AcDbCircle
 10
128.0
 20
65.00000000000011
 30
0.0
 40
3.5
  0
DIMENSION
  5
5BE
102
{ACAD_XDICTIONARY
360
5BF
102
}
102
{ACAD_REACTORS
330
5C0
102
}
330
1F
100
AcDbEntity
  8
Dimensions
100
AcDbDimension
  2
*D47
 10
126.0585493132116
 20
62.0878239698177
 30
0.0
 11
132.6571703974747
 21
75.36595991695896
 31
0.0
 70
    35
 71
     5
 42
7.000000000000028
 73
     0
 74
     0
 75
     0
  3
ISO-25
100
AcDbDiametricDimension
 15
129.9414506867884
 25
67.9121760301825
 35
0.0
 40
0.0
1001
ACAD
1000
DSTYLE
1002
{
1070
   288
1070
     1
1002
}
1001
ACAD_DSTYLE_DIMRADIAL_EXTENSION
1070
   387
1070
     1
1070
   388
1040
0.0
1070
   390
1040
0.0
  0
CIRCLE
  5
5CC
102
{ACAD_REACTORS
330
5CF
330
1CAC
102
}
330
1F
100
AcDbEntity
  8
Dimension
100
AcDbCircle
 10
20.00000000000006
 20
65.00000000000017
 30
0.0
 40
3.5
  0
DIMENSION
  5
5CD
102
{ACAD_XDICTIONARY
360
5CE
102
}
102
{ACAD_REACTORS
330
5CF
102
}
330
1F
100
AcDbEntity
  8
Dimensions
100
AcDbDimension
  2
*D48
 10
18.05854931321162
 20
62.08782396981746
 30
0.0
 11
24.65717039747426
 21
75.36595991695918
 31
0.0
 70
    35
 71
     5
 42
7.000000000000284
 73
     0
 74
     0
 75
     0
  3
ISO-25
100
AcDbDiametricDimension
 15
21.94145068678833
 25
67.91217603018264
 35
0.0
 40
0.0
1001
ACAD
1000
DSTYLE
1002
{
1070
   288
1070
     1
1002
}
1001
ACAD_DSTYLE_DIMRADIAL_EXTENSION
1070
   387
1070
     1
1070
   388
1040
0.0
1070
   390
1040
0.0
  0
DIMENSION
  5
5E4
330
1F
100
AcDbEntity
  8
Dimensions
100
AcDbDimension
  2
*D49
 10
-20.0
 20
135.0000000000001
 30
0.0
 11
-21.87500000000003
 21
67.50000000000017
 31
0.0
 70
    32
 71
     5
 42
134.9999999999999
 73
     0
 74
     0
 75
     0
  3
ISO-25
100
AcDbAlignedDimension
 13
0.0
 23
0.0000000000001705
 33
0.0
 14
327.0
 24
135.0
 34
0.0
 50
90.0
100
AcDbRotatedDimension
  0
DIMENSION
  5
5FA
330
1F
100
AcDbEntity
  8
Dimensions
100
AcDbDimension
  2
*D50
 10
50.00000000000004
 20
-19.99999999999988
 30
0.0
 11
25.00000000000002
 21
-18.12499999999988
 31
0.0
 70
    32
 71
     5
 42
50.00000000000006
 73
     0
 74
     0
 75
     0
  3
ISO-25
100
AcDbAlignedDimension
 13
0.0
 23
0.0000000000001705
 33
0.0
 14
50.00000000000006
 24
202.0000000000001
 34
0.0
100
AcDbRotatedDimension
  0
DIMENSION
  5
607
330
1F
100
AcDbEntity
  8
Dimensions
100
AcDbDimension
  2
*D51
 10
170.0
 20
-19.99999999999988
 30
0.0
 11
110.0
 21
-18.12499999999988
 31
0.0
 70
    32
 71
     5
 42
120.0
 73
     0
 74
     0
 75
     0
  3
ISO-25
100
AcDbAlignedDimension
 13
50.0
 23
0.0000000000001137
 33
0.0
 14
170.0
 24
202.0000000000001
 34
0.0
100
AcDbRotatedDimension
  0
DIMENSION
  5
614
330
1F
100
AcDbEntity
  8
Dimensions
100
AcDbDimension
  2
*D52
 10
320.0000000000001
 20
-20.0
 30
0.0
 11
245.0
 21
-18.125
 31
0.0
 70
    32
 71
     5
 42
150.0
 73
     0
 74
     0
 75
     0
  3
ISO-25
100
AcDbAlignedDimension
 13
170.0
 23
0.0000000000001137
 33
0.0
 14
320.0000000000001
 24
202.0
 34
0.0
100
AcDbRotatedDimension
  0
CIRCLE
  5
647
102
{ACAD_REACTORS
330
64A
330
1CAC
102
}
330
1F
100
AcDbEntity
  8
Dimension
100
AcDbCircle
 10
50.00000000000006
 20
202.0000000000001
 30
0.0
 40
3.5
  0
DIMENSION
  5
648
102
{ACAD_XDICTIONARY
360
649
102
}
102
{ACAD_REACTORS
330
64A
102
}
330
1F
100
AcDbEntity
  8
Dimensions
100
AcDbDimension
  2
*D53
 10
48.05854931321166
 20
199.0878239698175
 30
0.0
 11
54.65717039747441
 21
212.3659599169591
 31
0.0
 70
    35
 71
     5
 42
7.000000000000142
 73
     0
 74
     0
 75
     0
  3
ISO-25
100
AcDbDiametricDimension
 15
51.94145068678836
 25
204.9121760301825
 35
0.0
 40
0.0
1001
ACAD
1000
DSTYLE
1002
{
1070
   288
1070
     1
1002
}
1001
ACAD_DSTYLE_DIMRADIAL_EXTENSION
1070
   387
1070
     1
1070
   388
1040
0.0
1070
   390
1040
0.0
  0
CIRCLE
  5
656
102
{ACAD_REACTORS
330
659
330
1CAC
102
}
330
1F
100
AcDbEntity
  8
Dimension
100
AcDbCircle
 10
170.0
 20
202.0000000000001
 30
0.0
 40
3.5
  0
DIMENSION
  5
657
102
{ACAD_XDICTIONARY
360
658
102
}
102
{ACAD_REACTORS
330
659
102
}
330
1F
100
AcDbEntity
  8
Dimensions
100
AcDbDimension
  2
*D54
 10
168.0585493132118
 20
199.0878239698176
 30
0.0
 11
174.6571703974741
 21
212.3659599169592
 31
0.0
 70
    35
 71
     5
 42
7.0
 73
     0
 74
     0
 75
     0
  3
ISO-25
100
AcDbDiametricDimension
 15
171.9414506867883
 25
204.9121760301826
 35
0.0
 40
0.0
1001
ACAD
1000
DSTYLE
1002
{
1070
   288
1070
     1
1002
}
1001
ACAD_DSTYLE_DIMRADIAL_EXTENSION
1070
   387
1070
     1
1070
   388
1040
0.0
1070
   390
1040
0.0
  0
CIRCLE
  5
665
102
{ACAD_REACTORS
330
668
330
1CAC
102
}
330
1F
100
AcDbEntity
  8
Dimension
100
AcDbCircle
 10
320.0000000000001
 20
202.0
 30
0.0
 40
3.5
  0
DIMENSION
  5
666
102
{ACAD_XDICTIONARY
360
667
102
}
102
{ACAD_REACTORS
330
668
102
}
330
1F
100
AcDbEntity
  8
Dimensions
100
AcDbDimension
  2
*D55
 10
318.0585493132117
 20
199.0878239698174
 30
0.0
 11
324.6571703974743
 21
212.3659599169589
 31
0.0
 70
    35
 71
     5
 42
7.000000000000113
 73
     0
 74
     0
 75
     0
  3
ISO-25
100
AcDbDiametricDimension
 15
321.9414506867884
 25
204.9121760301825
 35
0.0
 40
0.0
1001
ACAD
1000
DSTYLE
1002
{
1070
   288
1070
     1
1002
}
1001
ACAD_DSTYLE_DIMRADIAL_EXTENSION
1070
   387
1070
     1
1070
   388
1040
0.0
1070
   390
1040
0.0
  0
DIMENSION
  5
67D
330
1F
100
AcDbEntity
  8
Dimensions
100
AcDbDimension
  2
*D56
 10
94.00000000000011
 20
520.0000000000001
 30
0.0
 11
79.50000000000011
 21
521.875
 31
0.0
 70
    32
 71
     5
 42
29.0
 73
     0
 74
     0
 75
     0
  3
ISO-25
100
AcDbAlignedDimension
 13
65.00000000000011
 23
500.0
 33
0.0
 14
94.00000000000011
 24
415.0000000000001
 34
0.0
100
AcDbRotatedDimension
  0
DIMENSION
  5
68A
330
1F
100
AcDbEntity
  8
Dimensions
100
AcDbDimension
  2
*D57
 10
304.0000000000001
 20
520.0000000000001
 30
0.0
 11
199.0000000000001
 21
521.875
 31
0.0
 70
    32
 71
     5
 42
210.0
 73
     0
 74
     0
 75
     0
  3
ISO-25
100
AcDbAlignedDimension
 13
94.00000000000011
 23
500.0
 33
0.0
 14
304.0000000000001
 24
415.0000000000001
 34
0.0
100
AcDbRotatedDimension
  0
DIMENSION
  5
697
330
1F
100
AcDbEntity
  8
Dimensions
100
AcDbDimension
  2
*D58
 10
484.0000000000001
 20
520.0000000000001
 30
0.0
 11
394.0000000000001
 21
521.875
 31
0.0
 70
    32
 71
     5
 42
180.0
 73
     0
 74
     0
 75
     0
  3
ISO-25
100
AcDbAlignedDimension
 13
304.0000000000001
 23
500.0
 33
0.0
 14
484.0000000000001
 24
415.0
 34
0.0
100
AcDbRotatedDimension
  0
CIRCLE
  5
6C8
102
{ACAD_REACTORS
330
6CB
330
1CAC
102
}
330
1F
100
AcDbEntity
  8
Dimension
100
AcDbCircle
 10
94.00000000000011
 20
415.0000000000001
 30
0.0
 40
3.5
  0
DIMENSION
  5
6C9
102
{ACAD_XDICTIONARY
360
6CA
102
}
102
{ACAD_REACTORS
330
6CB
102
}
330
1F
100
AcDbEntity
  8
Dimensions
100
AcDbDimension
  2
*D59
 10
92.05854931321185
 20
412.0878239698174
 30
0.0
 11
98.65717039747401
 21
425.3659599169592
 31
0.0
 70
    35
 71
     5
 42
7.000000000000113
 73
     0
 74
     0
 75
     0
  3
ISO-25
100
AcDbDiametricDimension
 15
95.9414506867883
 25
417.9121760301826
 35
0.0
 40
0.0
1001
ACAD
1000
DSTYLE
1002
{
1070
   288
1070
     1
1002
}
1001
ACAD_DSTYLE_DIMRADIAL_EXTENSION
1070
   387
1070
     1
1070
   388
1040
0.0
1070
   390
1040
0.0
  0
CIRCLE
  5
6D7
102
{ACAD_REACTORS
330
6DA
330
1CAC
102
}
330
1F
100
AcDbEntity
  8
Dimension
100
AcDbCircle
 10
304.0000000000001
 20
415.0000000000001
 30
0.0
 40
3.5
  0
DIMENSION
  5
6D8
102
{ACAD_XDICTIONARY
360
6D9
102
}
102
{ACAD_REACTORS
330
6DA
102
}
330
1F
100
AcDbEntity
  8
Dimensions
100
AcDbDimension
  2
*D60
 10
302.0585493132116
 20
412.0878239698177
 30
0.0
 11
308.6571703974749
 21
425.365959916959
 31
0.0
 70
    35
 71
     5
 42
7.000000000000113
 73
     0
 74
     0
 75
     0
  3
ISO-25
100
AcDbDiametricDimension
 15
305.9414506867886
 25
417.9121760301825
 35
0.0
 40
0.0
1001
ACAD
1000
DSTYLE
1002
{
1070
   288
1070
     1
1002
}
1001
ACAD_DSTYLE_DIMRADIAL_EXTENSION
1070
   387
1070
     1
1070
   388
1040
0.0
1070
   390
1040
0.0
  0
CIRCLE
  5
6E6
102
{ACAD_REACTORS
330
6E9
330
1CAC
102
}
330
1F
100
AcDbEntity
  8
Dimension
100
AcDbCircle
 10
484.0000000000001
 20
415.0
 30
0.0
 40
3.5
  0
DIMENSION
  5
6E7
102
{ACAD_XDICTIONARY
360
6E8
102
}
102
{ACAD_REACTORS
330
6E9
102
}
330
1F
100
AcDbEntity
  8
Dimensions
100
AcDbDimension
  2
*D61
 10
482.058549313212
 20
412.0878239698178
 30
0.0
 11
488.6571703974746
 21
425.3659599169587
 31
0.0
 70
    35
 71
     5
 42
6.999999999999545
 73
     0
 74
     0
 75
     0
  3
ISO-25
100
AcDbDiametricDimension
 15
485.9414506867884
 25
417.9121760301823
 35
0.0
 40
0.0
1001
ACAD
1000
DSTYLE
1002
{
1070
   288
1070
     1
1002
}
1001
ACAD_DSTYLE_DIMRADIAL_EXTENSION
1070
   387
1070
     1
1070
   388
1040
0.0
1070
   390
1040
0.0
  0
DIMENSION
  5
70F
330
1F
100
AcDbEntity
  8
Dimensions
100
AcDbDimension
  2
*D62
 10
-9.999999999999943
 20
65.00000000000018
 30
0.0
 11
-11.87499999999995
 21
32.50000000000018
 31
0.0
 70
    32
 71
     5
 42
65.0
 73
     0
 74
     0
 75
     0
  3
ISO-25
100
AcDbAlignedDimension
 13
0.0
 23
0.0000000000001705
 33
0.0
 14
249.0
 24
65.00000000000011
 34
0.0
 50
90.0
100
AcDbRotatedDimension
  0
DIMENSION
  5
D68
330
1F
100
AcDbEntity
  8
Dimensions
100
AcDbDimension
  2
*D63
 10
12.00000000000008
 20
530.0000000000001
 30
0.0
 11
6.000000000000096
 21
531.8750000000001
 31
0.0
 70
    32
 71
     5
 42
11.99999999999994
 73
     0
 74
     0
 75
     0
  3
ISO-25
100
AcDbAlignedDimension
 13
0.0000000000001137
 23
500.0
 33
0.0
 14
12.00000000000005
 24
187.0000000000001
 34
0.0
 50
180.0
100
AcDbRotatedDimension
  0
DIMENSION
  5
D7E
330
1F
100
AcDbEntity
  8
Dimensions
100
AcDbDimension
  2
*D64
 10
-49.99999999999989
 20
420.0000000000001
 30
0.0
 11
-51.87499999999995
 21
460.0000000000001
 31
0.0
 70
    32
 71
     5
 42
80.0
 73
     0
 74
     0
 75
     0
  3
ISO-25
100
AcDbAlignedDimension
 13
0.0000000000001137
 23
500.0
 33
0.0
 14
12.00000000000011
 24
420.0000000000001
 34
0.0
 50
270.0
100
AcDbRotatedDimension
  0
DIMENSION
  5
D95
330
1F
100
AcDbEntity
  8
Dimensions
100
AcDbDimension
  2
*D65
 10
-49.99999999999989
 20
287.0000000000001
 30
0.0
 11
-51.87499999999992
 21
353.5000000000001
 31
0.0
 70
    32
 71
     5
 42
133.0
 73
     0
 74
     0
 75
     0
  3
ISO-25
100
AcDbAlignedDimension
 13
0.0000000000001137
 23
420.0000000000001
 33
0.0
 14
12.00000000000005
 24
287.0000000000001
 34
0.0
 50
270.0
100
AcDbRotatedDimension
  0
DIMENSION
  5
DAB
330
1F
100
AcDbEntity
  8
Dimensions
100
AcDbDimension
  2
*D66
 10
-50.0
 20
187.0000000000001
 30
0.0
 11
-51.87500000000003
 21
237.0000000000001
 31
0.0
 70
    32
 71
     5
 42
100.0
 73
     0
 74
     0
 75
     0
  3
ISO-25
100
AcDbAlignedDimension
 13
0.0000000000000568
 23
287.0000000000001
 33
0.0
 14
12.00000000000005
 24
187.0000000000001
 34
0.0
 50
270.0
100
AcDbRotatedDimension
  0
CIRCLE
  5
DC1
102
{ACAD_REACTORS
330
DC4
330
1CAC
102
}
330
1F
100
AcDbEntity
  8
Dimension
100
AcDbCircle
 10
12.00000000000011
 20
420.0000000000001
 30
0.0
 40
1.5
  0
DIMENSION
  5
DC2
102
{ACAD_XDICTIONARY
360
DC3
102
}
102
{ACAD_REACTORS
330
DC4
102
}
330
1F
100
AcDbEntity
  8
Dimensions
100
AcDbDimension
  2
*D67
 10
10.93933982822031
 20
418.9393398282202
 30
0.0
 11
21.9999999999998
 21
430.0000000000004
 31
0.0
 70
   163
 71
     5
 42
3.000000000000056
 73
     0
 74
     0
 75
     0
  3
ISO-25
100
AcDbDiametricDimension
 15
13.06066017177991
 25
421.06066017178
 35
0.0
 40
0.0
1001
ACAD
1000
DSTYLE
1002
{
1070
   288
1070
     1
1002
}
1001
ACAD_DSTYLE_DIMRADIAL_EXTENSION
1070
   387
1070
     1
1070
   388
1040
0.0
1070
   390
1040
0.0
  0
CIRCLE
  5
DD0
102
{ACAD_REACTORS
330
DD3
330
1CAC
102
}
330
1F
100
AcDbEntity
  8
Dimension
100
AcDbCircle
 10
12.00000000000005
 20
287.0000000000001
 30
0.0
 40
1.5
  0
DIMENSION
  5
DD1
102
{ACAD_XDICTIONARY
360
DD2
102
}
102
{ACAD_REACTORS
330
DD3
102
}
330
1F
100
AcDbEntity
  8
Dimensions
100
AcDbDimension
  2
*D68
 10
10.9393398282204
 20
285.9393398282204
 30
0.0
 11
21.99999999999963
 21
297.0000000000005
 31
0.0
 70
   163
 71
     5
 42
2.999999999999857
 73
     0
 74
     0
 75
     0
  3
ISO-25
100
AcDbDiametricDimension
 15
13.06066017177983
 25
288.06066017178
 35
0.0
 40
0.0
1001
ACAD
1000
DSTYLE
1002
{
1070
   288
1070
     1
1002
}
1001
ACAD_DSTYLE_DIMRADIAL_EXTENSION
1070
   387
1070
     1
1070
   388
1040
0.0
1070
   390
1040
0.0
  0
CIRCLE
  5
DDF
102
{ACAD_REACTORS
330
DE2
330
1CAC
102
}
330
1F
100
AcDbEntity
  8
Dimension
100
AcDbCircle
 10
12.00000000000005
 20
187.0000000000001
 30
0.0
 40
1.5
  0
DIMENSION
  5
DE0
102
{ACAD_XDICTIONARY
360
DE1
102
}
102
{ACAD_REACTORS
330
DE2
102
}
330
1F
100
AcDbEntity
  8
Dimensions
100
AcDbDimension
  2
*D69
 10
10.93933982822027
 20
185.9393398282204
 30
0.0
 11
22.00000000000001
 21
197.0000000000003
 31
0.0
 70
   163
 71
     5
 42
2.999999999999971
 73
     0
 74
     0
 75
     0
  3
ISO-25
100
AcDbDiametricDimension
 15
13.06066017177987
 25
188.06066017178
 35
0.0
 40
0.0
1001
ACAD
1000
DSTYLE
1002
{
1070
   288
1070
     1
1002
}
1001
ACAD_DSTYLE_DIMRADIAL_EXTENSION
1070
   387
1070
     1
1070
   388
1040
0.0
1070
   390
1040
0.0
  0
LINE
  5
E02
330
1F
100
AcDbEntity
  8
Inscriptions
100
AcDbLine
 10
12.00000000000011
 20
475.0
 30
0.0
 11
12.00000000000005
 21
123.0
 31
0.0
  0
LINE
  5
E03
330
1F
100
AcDbEntity
  8
Inscriptions
100
AcDbLine
 10
0.0
 20
65.00000000000011
 30
0.0
 11
280.0
 21
65.00000000000006
 31
0.0
  0
LINE
  5
E04
330
1F
100
AcDbEntity
  8
Inscriptions
100
AcDbLine
 10
80.0
 20
415.0
 30
0.0
 11
500.0
 21
415.0
 31
0.0
  0
LINE
  5
E05
330
1F
100
AcDbEntity
  8
Inscriptions
 62
   200
100
AcDbLine
 10
65.00000000000011
 20
460.0
 30
0.0
 11
65.00000000000011
 21
370.0000000000001
 31
0.0
  0
LINE
  5
E06
330
1F
100
AcDbEntity
  8
Inscriptions
100
AcDbLine
 10
25.0
 20
202.0
 30
0.0
 11
354.0
 21
202.0
 31
0.0
  0
LINE
  5
E08
330
1F
100
AcDbEntity
  8
Inscriptions
 62
   200
100
AcDbLine
 10
60.00000000000006
 20
306.0000000000001
 30
0.0
 11
333.0000000000001
 21
306.0
 31
0.0
  0
CIRCLE
  5
E54
102
{ACAD_REACTORS
330
1CAC
102
}
330
1F
100
AcDbEntity
  8
Dimension
100
AcDbCircle
 10
72.00000000000006
 20
340.0000000000001
 30
0.0
 40
1.5
  0
CIRCLE
  5
E63
102
{ACAD_REACTORS
330
1CAC
102
}
330
1F
100
AcDbEntity
  8
Dimension
100
AcDbCircle
 10
222.0000000000001
 20
340.0000000000001
 30
0.0
 40
1.5
  0
CIRCLE
  5
E72
102
{ACAD_REACTORS
330
1CAC
102
}
330
1F
100
AcDbEntity
  8
Dimension
100
AcDbCircle
 10
322.0000000000001
 20
340.0000000000001
 30
0.0
 40
1.5
  0
LINE
  5
E81
330
1F
100
AcDbEntity
  8
Inscriptions
100
AcDbLine
 10
25.0
 20
340.0000000000001
 30
0.0
 11
354.0
 21
340.0
 31
0.0
  0
DIMENSION
  5
EE4
330
1F
100
AcDbEntity
  8
Dimensions
100
AcDbDimension
  2
*D80
 10
347.0000000000002
 20
306.0000000000001
 30
0.0
 11
345.1250000000002
 21
323.0
 31
0.0
 70
    32
 71
     5
 42
34.0
 73
     0
 74
     0
 75
     0
  3
ISO-25
100
AcDbAlignedDimension
 13
327.0
 23
340.0
 33
0.0
 14
333.0000000000001
 24
306.0
 34
0.0
 50
270.0
100
AcDbRotatedDimension
  0
DIMENSION
  5
EFB
330
1F
100
AcDbEntity
  8
Dimensions
100
AcDbDimension
  2
*D81
 10
347.0000000000002
 20
272.0000000000001
 30
0.0
 11
345.1250000000002
 21
289.0
 31
0.0
 70
    32
 71
     5
 42
34.0
 73
     0
 74
     0
 75
     0
  3
ISO-25
100
AcDbAlignedDimension
 13
333.0000000000001
 23
306.0
 33
0.0
 14
333.0000000000001
 24
272.0
 34
0.0
 50
270.0
100
AcDbRotatedDimension
  0
CIRCLE
  5
F11
102
{ACAD_REACTORS
330
1CAC
102
}
330
1F
100
AcDbEntity
  8
Dimension
100
AcDbCircle
 10
85.00000000000005
 20
272.0000000000001
 30
0.0
 40
1.5
  0
CIRCLE
  5
F20
102
{ACAD_REACTORS
330
1CAC
102
}
330
1F
100
AcDbEntity
  8
Dimension
100
AcDbCircle
 10
185.0
 20
272.0000000000001
 30
0.0
 40
1.5
  0
CIRCLE
  5
F2F
102
{ACAD_REACTORS
330
1CAC
102
}
330
1F
100
AcDbEntity
  8
Dimension
100
AcDbCircle
 10
335.0000000000001
 20
272.0000000000001
 30
0.0
 40
1.5
  0
LINE
  5
F3E
330
1F
100
AcDbEntity
  8
Inscriptions
100
AcDbLine
 10
354.0
 20
272.0
 30
0.0
 11
25.0
 21
272.0000000000001
 31
0.0
  0
DIMENSION
  5
F4C
330
1F
100
AcDbEntity
  8
Dimensions
100
AcDbDimension
  2
*D85
 10
-20.00000000000001
 20
135.0
 30
0.0
 11
-21.87499999999996
 21
203.5000000000001
 31
0.0
 70
    32
 71
     5
 42
137.0000000000001
 73
     0
 74
     0
 75
     0
  3
ISO-25
100
AcDbAlignedDimension
 13
0.0000000000000568
 23
272.0000000000001
 33
0.0
 14
327.0
 24
135.0
 34
0.0
 50
270.0
100
AcDbRotatedDimension
  0
DIMENSION
  5
F63
330
1F
100
AcDbEntity
  8
Dimensions
100
AcDbDimension
  2
*D86
 10
77.00000000000002
 20
-29.99999999999989
 30
0.0
 11
38.50000000000001
 21
-28.12499999999989
 31
0.0
 70
    32
 71
     5
 42
77.00000000000006
 73
     0
 74
     0
 75
     0
  3
ISO-25
100
AcDbAlignedDimension
 13
0.0
 23
0.0000000000001137
 33
0.0
 14
77.00000000000006
 24
340.0
 34
0.0
 50
180.0
100
AcDbRotatedDimension
  0
DIMENSION
  5
F79
330
1F
100
AcDbEntity
  8
Dimensions
100
AcDbDimension
  2
*D87
 10
227.0
 20
-30.0
 30
0.0
 11
152.0
 21
-28.125
 31
0.0
 70
    32
 71
     5
 42
150.0
 73
     0
 74
     0
 75
     0
  3
ISO-25
100
AcDbAlignedDimension
 13
77.0
 23
0.0000000000000568
 33
0.0
 14
227.0
 24
340.0
 34
0.0
 50
180.0
100
AcDbRotatedDimension
  0
DIMENSION
  5
F8F
330
1F
100
AcDbEntity
  8
Dimensions
100
AcDbDimension
  2
*D88
 10
327.0
 20
-29.99999999999989
 30
0.0
 11
277.0
 21
-28.12499999999989
 31
0.0
 70
    32
 71
     5
 42
100.0
 73
     0
 74
     0
 75
     0
  3
ISO-25
100
AcDbAlignedDimension
 13
227.0
 23
0.0000000000000568
 33
0.0
 14
327.0
 24
340.0
 34
0.0
 50
180.0
100
AcDbRotatedDimension
  0
LINE
  5
FB7
330
1F
100
AcDbEntity
  8
Inscriptions
100
AcDbLine
 10
25.0
 20
135.0
 30
0.0
 11
354.0
 21
135.0
 31
0.0
  0
CIRCLE
  5
FB8
102
{ACAD_REACTORS
330
FBB
330
1CAC
102
}
330
1F
100
AcDbEntity
  8
Dimension
100
AcDbCircle
 10
327.0
 20
135.0000000000001
 30
0.0
 40
1.5
  0
DIMENSION
  5
FB9
102
{ACAD_XDICTIONARY
360
FBA
102
}
102
{ACAD_REACTORS
330
FBB
102
}
330
1F
100
AcDbEntity
  8
Dimensions
100
AcDbDimension
  2
*D89
 10
325.9393398282203
 20
133.9393398282203
 30
0.0
 11
336.9999999999998
 21
145.0000000000004
 31
0.0
 70
   163
 71
     5
 42
2.999999999999886
 73
     0
 74
     0
 75
     0
  3
ISO-25
100
AcDbDiametricDimension
 15
328.0606601717798
 25
136.0606601717799
 35
0.0
 40
0.0
1001
ACAD
1000
DSTYLE
1002
{
1070
   288
1070
     1
1002
}
1001
ACAD_DSTYLE_DIMRADIAL_EXTENSION
1070
   387
1070
     1
1070
   388
1040
0.0
1070
   390
1040
0.0
  0
CIRCLE
  5
FC7
102
{ACAD_REACTORS
330
FCA
330
1CAC
102
}
330
1F
100
AcDbEntity
  8
Dimension
100
AcDbCircle
 10
227.0
 20
135.0000000000001
 30
0.0
 40
1.5
  0
DIMENSION
  5
FC8
102
{ACAD_XDICTIONARY
360
FC9
102
}
102
{ACAD_REACTORS
330
FCA
102
}
330
1F
100
AcDbEntity
  8
Dimensions
100
AcDbDimension
  2
*D90
 10
225.9393398282203
 20
133.9393398282204
 30
0.0
 11
237.0
 21
145.0
 31
0.0
 70
   163
 71
     5
 42
2.999999999999886
 73
     0
 74
     0
 75
     0
  3
ISO-25
100
AcDbDiametricDimension
 15
228.0606601717799
 25
136.0606601717799
 35
0.0
 40
0.0
1001
ACAD
1000
DSTYLE
1002
{
1070
   288
1070
     1
1002
}
1001
ACAD_DSTYLE_DIMRADIAL_EXTENSION
1070
   387
1070
     1
1070
   388
1040
0.0
1070
   390
1040
0.0
  0
CIRCLE
  5
FD6
102
{ACAD_REACTORS
330
FD9
330
1CAC
102
}
330
1F
100
AcDbEntity
  8
Dimension
100
AcDbCircle
 10
77.00000000000006
 20
135.0000000000001
 30
0.0
 40
1.5
  0
DIMENSION
  5
FD7
102
{ACAD_XDICTIONARY
360
FD8
102
}
102
{ACAD_REACTORS
330
FD9
102
}
330
1F
100
AcDbEntity
  8
Dimensions
100
AcDbDimension
  2
*D91
 10
75.93933982822027
 20
133.9393398282203
 30
0.0
 11
86.99999999999979
 21
145.0000000000003
 31
0.0
 70
   163
 71
     5
 42
3.0
 73
     0
 74
     0
 75
     0
  3
ISO-25
100
AcDbDiametricDimension
 15
78.06066017177986
 25
136.06066017178
 35
0.0
 40
0.0
1001
ACAD
1000
DSTYLE
1002
{
1070
   288
1070
     1
1002
}
1001
ACAD_DSTYLE_DIMRADIAL_EXTENSION
1070
   387
1070
     1
1070
   388
1040
0.0
1070
   390
1040
0.0
  0
CIRCLE
  5
FE6
102
{ACAD_REACTORS
330
FE9
330
1CAC
102
}
330
1F
100
AcDbEntity
  8
Dimension
100
AcDbCircle
 10
384.0000000000001
 20
315.0
 30
0.0
 40
4.5
  0
DIMENSION
  5
FE7
102
{ACAD_XDICTIONARY
360
FE8
102
}
102
{ACAD_REACTORS
330
FE9
102
}
330
1F
100
AcDbEntity
  8
Dimensions
100
AcDbDimension
  2
*D92
 10
380.8180194846606
 20
311.8180194846605
 30
0.0
 11
394.0000000000001
 21
325.0000000000001
 31
0.0
 70
   163
 71
     5
 42
9.000000000000113
 73
     0
 74
     0
 75
     0
  3
ISO-25
100
AcDbDiametricDimension
 15
387.1819805153395
 25
318.1819805153395
 35
0.0
 40
0.0
1001
ACAD
1000
DSTYLE
1002
{
1070
   288
1070
     1
1002
}
1001
ACAD_DSTYLE_DIMRADIAL_EXTENSION
1070
   387
1070
     1
1070
   388
1040
0.0
1070
   390
1040
0.0
  0
CIRCLE
  5
FEA
102
{ACAD_REACTORS
330
FED
330
1CAC
102
}
330
1F
100
AcDbEntity
  8
Dimension
100
AcDbCircle
 10
431.0000000000001
 20
315.0
 30
0.0
 40
4.5
  0
DIMENSION
  5
FEB
102
{ACAD_XDICTIONARY
360
FEC
102
}
102
{ACAD_REACTORS
330
FED
102
}
330
1F
100
AcDbEntity
  8
Dimensions
100
AcDbDimension
  2
*D93
 10
427.8180194846605
 20
311.8180194846606
 30
0.0
 11
441.0000000000001
 21
324.9999999999996
 31
0.0
 70
   163
 71
     5
 42
9.0
 73
     0
 74
     0
 75
     0
  3
ISO-25
100
AcDbDiametricDimension
 15
434.1819805153396
 25
318.1819805153394
 35
0.0
 40
0.0
1001
ACAD
1000
DSTYLE
1002
{
1070
   288
1070
     1
1002
}
1001
ACAD_DSTYLE_DIMRADIAL_EXTENSION
1070
   387
1070
     1
1070
   388
1040
0.0
1070
   390
1040
0.0
  0
CIRCLE
  5
FEE
102
{ACAD_REACTORS
330
FF1
330
1CAC
102
}
330
1F
100
AcDbEntity
  8
Dimension
100
AcDbCircle
 10
478.0
 20
315.0
 30
0.0
 40
4.5
  0
DIMENSION
  5
FEF
102
{ACAD_XDICTIONARY
360
FF0
102
}
102
{ACAD_REACTORS
330
FF1
102
}
330
1F
100
AcDbEntity
  8
Dimensions
100
AcDbDimension
  2
*D94
 10
474.8180194846604
 20
311.8180194846602
 30
0.0
 11
487.9999999999996
 21
324.9999999999998
 31
0.0
 70
   163
 71
     5
 42
9.000000000000341
 73
     0
 74
     0
 75
     0
  3
ISO-25
100
AcDbDiametricDimension
 15
481.1819805153395
 25
318.1819805153395
 35
0.0
 40
0.0
1001
ACAD
1000
DSTYLE
1002
{
1070
   288
1070
     1
1002
}
1001
ACAD_DSTYLE_DIMRADIAL_EXTENSION
1070
   387
1070
     1
1070
   388
1040
0.0
1070
   390
1040
0.0
  0
CIRCLE
  5
FF2
102
{ACAD_REACTORS
330
FF5
330
1CAC
102
}
330
1F
100
AcDbEntity
  8
Dimension
100
AcDbCircle
 10
478.0
 20
243.0
 30
0.0
 40
4.5
  0
DIMENSION
  5
FF3
102
{ACAD_XDICTIONARY
360
FF4
102
}
102
{ACAD_REACTORS
330
FF5
102
}
330
1F
100
AcDbEntity
  8
Dimensions
100
AcDbDimension
  2
*D95
 10
474.8180194846605
 20
239.8180194846609
 30
0.0
 11
488.0000000000004
 21
252.999999999999
 31
0.0
 70
   163
 71
     5
 42
9.0
 73
     0
 74
     0
 75
     0
  3
ISO-25
100
AcDbDiametricDimension
 15
481.1819805153398
 25
246.1819805153393
 35
0.0
 40
0.0
1001
ACAD
1000
DSTYLE
1002
{
1070
   288
1070
     1
1002
}
1001
ACAD_DSTYLE_DIMRADIAL_EXTENSION
1070
   387
1070
     1
1070
   388
1040
0.0
1070
   390
1040
0.0
  0
CIRCLE
  5
FF6
102
{ACAD_REACTORS
330
FF9
330
1CAC
102
}
330
1F
100
AcDbEntity
  8
Dimension
100
AcDbCircle
 10
431.0
 20
243.0000000000001
 30
0.0
 40
4.5
  0
DIMENSION
  5
FF7
102
{ACAD_XDICTIONARY
360
FF8
102
}
102
{ACAD_REACTORS
330
FF9
102
}
330
1F
100
AcDbEntity
  8
Dimensions
100
AcDbDimension
  2
*D96
 10
427.8180194846603
 20
239.8180194846607
 30
0.0
 11
441.0000000000005
 21
252.9999999999995
 31
0.0
 70
   163
 71
     5
 42
9.000000000000113
 73
     0
 74
     0
 75
     0
  3
ISO-25
100
AcDbDiametricDimension
 15
434.1819805153396
 25
246.1819805153394
 35
0.0
 40
0.0
1001
ACAD
1000
DSTYLE
1002
{
1070
   288
1070
     1
1002
}
1001
ACAD_DSTYLE_DIMRADIAL_EXTENSION
1070
   387
1070
     1
1070
   388
1040
0.0
1070
   390
1040
0.0
  0
CIRCLE
  5
FFA
102
{ACAD_REACTORS
330
FFD
330
1CAC
102
}
330
1F
100
AcDbEntity
  8
Dimension
100
AcDbCircle
 10
384.0000000000001
 20
243.0000000000001
 30
0.0
 40
4.5
  0
DIMENSION
  5
FFB
102
{ACAD_XDICTIONARY
360
FFC
102
}
102
{ACAD_REACTORS
330
FFD
102
}
330
1F
100
AcDbEntity
  8
Dimensions
100
AcDbDimension
  2
*D97
 10
380.8180194846605
 20
239.8180194846606
 30
0.0
 11
394.0000000000005
 21
252.9999999999999
 31
0.0
 70
   163
 71
     5
 42
9.000000000000113
 73
     0
 74
     0
 75
     0
  3
ISO-25
100
AcDbDiametricDimension
 15
387.1819805153397
 25
246.1819805153394
 35
0.0
 40
0.0
1001
ACAD
1000
DSTYLE
1002
{
1070
   288
1070
     1
1002
}
1001
ACAD_DSTYLE_DIMRADIAL_EXTENSION
1070
   387
1070
     1
1070
   388
1040
0.0
1070
   390
1040
0.0
  0
LINE
  5
19EF
330
1F
100
AcDbEntity
  8
Inscriptions
 62
   200
100
AcDbLine
 10
292.0
 20
115.0000000000001
 30
0.0
 11
292.0
 21
27.00000000000012
 31
0.0
  0
TEXT
  5
19F1
330
1F
100
AcDbEntity
  8
Inscriptions
100
AcDbText
 10
27.0
 20
234.0
 30
0.0
 40
12.0
  1
вид "сверху" (где компоненты)
100
AcDbText
  0
DIMENSION
  5
19F2
330
1F
100
AcDbEntity
  8
Dimensions
100
AcDbDimension
  2
*D98
 10
520.0
 20
487.9999999999999
 30
0.0
 11
518.1249999999998
 21
494.0
 31
0.0
 70
    32
 71
     5
 42
12.00000000000011
 73
     0
 74
     0
 75
     0
  3
ISO-25
100
AcDbAlignedDimension
 13
500.0
 23
500.0
 33
0.0
 14
65.0
 24
488.0
 34
0.0
 50
90.0
100
AcDbRotatedDimension
  0
DIMENSION
  5
1A08
330
1F
100
AcDbEntity
  8
Dimensions
100
AcDbDimension
  2
*D99
 10
265.0
 20
530.0
 30
0.0
 11
165.0
 21
531.875
 31
0.0
 70
    32
 71
     5
 42
200.0
 73
     0
 74
     0
 75
     0
  3
ISO-25
100
AcDbAlignedDimension
 13
65.0
 23
500.0
 33
0.0
 14
265.0
 24
488.0
 34
0.0
100
AcDbRotatedDimension
  0
DIMENSION
  5
1A1E
330
1F
100
AcDbEntity
  8
Dimensions
100
AcDbDimension
  2
*D100
 10
415.0
 20
530.0
 30
0.0
 11
340.0
 21
531.875
 31
0.0
 70
    32
 71
     5
 42
150.0
 73
     0
 74
     0
 75
     0
  3
ISO-25
100
AcDbAlignedDimension
 13
265.0
 23
500.0
 33
0.0
 14
415.0
 24
488.0
 34
0.0
100
AcDbRotatedDimension
  0
DIMENSION
  5
1A34
102
{ACAD_XDICTIONARY
360
1A35
102
}
102
{ACAD_REACTORS
330
1A36
102
}
330
1F
100
AcDbEntity
  8
Dimensions
100
AcDbDimension
  2
*D101
 10
413.9393398282203
 20
486.9393398282203
 30
0.0
 11
425.0000000000002
 21
498.0000000000002
 31
0.0
 70
   163
 71
     5
 42
2.999999999999886
 73
     0
 74
     0
 75
     0
  3
ISO-25
100
AcDbDiametricDimension
 15
416.0606601717798
 25
489.0606601717799
 35
0.0
 40
0.0
1001
ACAD
1000
DSTYLE
1002
{
1070
   288
1070
     1
1002
}
1001
ACAD_DSTYLE_DIMRADIAL_EXTENSION
1070
   387
1070
     1
1070
   388
1040
0.0
1070
   390
1040
0.0
  0
CIRCLE
  5
1A37
102
{ACAD_REACTORS
330
1A36
330
1CAC
102
}
330
1F
100
AcDbEntity
  8
Dimension
100
AcDbCircle
 10
415.0
 20
488.0000000000001
 30
0.0
 40
1.5
  0
DIMENSION
  5
1A43
102
{ACAD_XDICTIONARY
360
1A44
102
}
102
{ACAD_REACTORS
330
1A45
102
}
330
1F
100
AcDbEntity
  8
Dimensions
100
AcDbDimension
  2
*D102
 10
263.9393398282205
 20
486.9393398282205
 30
0.0
 11
275.0000000000002
 21
498.0000000000002
 31
0.0
 70
   163
 71
     5
 42
2.999999999999658
 73
     0
 74
     0
 75
     0
  3
ISO-25
100
AcDbDiametricDimension
 15
266.0606601717798
 25
489.0606601717799
 35
0.0
 40
0.0
1001
ACAD
1000
DSTYLE
1002
{
1070
   288
1070
     1
1002
}
1001
ACAD_DSTYLE_DIMRADIAL_EXTENSION
1070
   387
1070
     1
1070
   388
1040
0.0
1070
   390
1040
0.0
  0
CIRCLE
  5
1A46
102
{ACAD_REACTORS
330
1A45
330
1CAC
102
}
330
1F
100
AcDbEntity
  8
Dimension
100
AcDbCircle
 10
265.0000000000001
 20
488.0000000000001
 30
0.0
 40
1.5
  0
DIMENSION
  5
1A52
102
{ACAD_XDICTIONARY
360
1A53
102
}
102
{ACAD_REACTORS
330
1A54
102
}
330
1F
100
AcDbEntity
  8
Dimensions
100
AcDbDimension
  2
*D103
 10
63.93933982822031
 20
486.9393398282204
 30
0.0
 11
75.00000000000023
 21
498.0000000000002
 31
0.0
 70
   163
 71
     5
 42
2.999999999999886
 73
     0
 74
     0
 75
     0
  3
ISO-25
100
AcDbDiametricDimension
 15
66.06066017177986
 25
489.0606601717799
 35
0.0
 40
0.0
1001
ACAD
1000
DSTYLE
1002
{
1070
   288
1070
     1
1002
}
1001
ACAD_DSTYLE_DIMRADIAL_EXTENSION
1070
   387
1070
     1
1070
   388
1040
0.0
1070
   390
1040
0.0
  0
CIRCLE
  5
1A55
102
{ACAD_REACTORS
330
1A54
330
1CAC
102
}
330
1F
100
AcDbEntity
  8
Dimension
100
AcDbCircle
 10
65.00000000000006
 20
488.0000000000001
 30
0.0
 40
1.5
  0
LINE
  5
1A62
330
1F
100
AcDbEntity
  8
Inscriptions
100
AcDbLine
 10
25.0
 20
488.0
 30
0.0
 11
420.0
 21
488.0
 31
0.0
  0
DIMENSION
  5
1A92
330
1F
100
AcDbEntity
  8
Dimensions
100
AcDbDimension
  2
*D104
 10
520.0000000000003
 20
335.0000000000002
 30
0.0
 11
518.1250000000003
 21
417.4999999999999
 31
0.0
 70
    32
 71
     5
 42
165.0
 73
     0
 74
     0
 75
     0
  3
ISO-25
100
AcDbAlignedDimension
 13
500.0
 23
500.0
 33
0.0
 14
368.0
 24
335.0
 34
0.0
 50
90.0
100
AcDbRotatedDimension
  0
DIMENSION
  5
1AB1
330
1F
100
AcDbEntity
  8
Dimensions
100
AcDbDimension
  2
*D105
 10
493.0
 20
170.0
 30
0.0
 11
496.4999999999999
 21
170.0
 31
0.0
 70
   160
 71
     5
 42
7.0
 73
     0
 74
     0
 75
     0
  3
ISO-25
100
AcDbAlignedDimension
 13
500.0
 23
0.0
 33
0.0
 14
493.0
 24
335.0
 34
0.0
100
AcDbRotatedDimension
  0
DIMENSION
  5
1AD1
330
1F
100
AcDbEntity
  8
Dimensions
100
AcDbDimension
  2
*D106
 10
368.0
 20
170.0
 30
0.0
 11
430.4999999999999
 21
170.0
 31
0.0
 70
   160
 71
     5
 42
125.0
 73
     0
 74
     0
 75
     0
  3
ISO-25
100
AcDbAlignedDimension
 13
493.0
 23
170.0
 33
0.0
 14
368.0
 24
335.0
 34
0.0
100
AcDbRotatedDimension
  0
DIMENSION
  5
1AF9
102
{ACAD_XDICTIONARY
360
1AFA
102
}
102
{ACAD_REACTORS
330
1AFB
102
}
330
1F
100
AcDbEntity
  8
Dimensions
100
AcDbDimension
  2
*D107
 10
366.0585493132118
 20
177.0878239698177
 30
0.0
 11
372.6571703974743
 21
190.3659599169591
 31
0.0
 70
    35
 71
     5
 42
6.999999999999943
 73
     0
 74
     0
 75
     0
  3
ISO-25
100
AcDbDiametricDimension
 15
369.9414506867882
 25
182.9121760301826
 35
0.0
 40
0.0
1001
ACAD
1000
DSTYLE
1002
{
1070
   288
1070
     1
1002
}
1001
ACAD_DSTYLE_DIMRADIAL_EXTENSION
1070
   387
1070
     1
1070
   388
1040
0.0
1070
   390
1040
0.0
  0
CIRCLE
  5
1AFC
102
{ACAD_REACTORS
330
1AFB
330
1CAC
102
}
330
1F
100
AcDbEntity
  8
Dimension
100
AcDbCircle
 10
368.0
 20
180.0000000000001
 30
0.0
 40
3.5
  0
DIMENSION
  5
1B08
102
{ACAD_XDICTIONARY
360
1B09
102
}
102
{ACAD_REACTORS
330
1B0A
102
}
330
1F
100
AcDbEntity
  8
Dimensions
100
AcDbDimension
  2
*D108
 10
491.0585493132118
 20
177.0878239698178
 30
0.0
 11
497.657170397474
 21
190.3659599169591
 31
0.0
 70
    35
 71
     5
 42
6.999999999999829
 73
     0
 74
     0
 75
     0
  3
ISO-25
100
AcDbDiametricDimension
 15
494.9414506867882
 25
182.9121760301826
 35
0.0
 40
0.0
1001
ACAD
1000
DSTYLE
1002
{
1070
   288
1070
     1
1002
}
1001
ACAD_DSTYLE_DIMRADIAL_EXTENSION
1070
   387
1070
     1
1070
   388
1040
0.0
1070
   390
1040
0.0
  0
CIRCLE
  5
1B0B
102
{ACAD_REACTORS
330
1B0A
330
1CAC
102
}
330
1F
100
AcDbEntity
  8
Dimension
100
AcDbCircle
 10
493.0
 20
180.0000000000001
 30
0.0
 40
3.5
  0
DIMENSION
  5
1B17
102
{ACAD_XDICTIONARY
360
1B18
102
}
102
{ACAD_REACTORS
330
1B19
102
}
330
1F
100
AcDbEntity
  8
Dimensions
100
AcDbDimension
  2
*D109
 10
491.0585493132118
 20
332.0878239698178
 30
0.0
 11
497.6571703974743
 21
345.3659599169593
 31
0.0
 70
    35
 71
     5
 42
7.0
 73
     0
 74
     0
 75
     0
  3
ISO-25
100
AcDbDiametricDimension
 15
494.9414506867884
 25
337.9121760301826
 35
0.0
 40
0.0
1001
ACAD
1000
DSTYLE
1002
{
1070
   288
1070
     1
1002
}
1001
ACAD_DSTYLE_DIMRADIAL_EXTENSION
1070
   387
1070
     1
1070
   388
1040
0.0
1070
   390
1040
0.0
  0
CIRCLE
  5
1B1A
102
{ACAD_REACTORS
330
1B19
330
1CAC
102
}
330
1F
100
AcDbEntity
  8
Dimension
100
AcDbCircle
 10
493.0
 20
335.0000000000001
 30
0.0
 40
3.5
  0
DIMENSION
  5
1B26
102
{ACAD_XDICTIONARY
360
1B27
102
}
102
{ACAD_REACTORS
330
1B28
102
}
330
1F
100
AcDbEntity
  8
Dimensions
100
AcDbDimension
  2
*D110
 10
366.0585493132118
 20
332.0878239698178
 30
0.0
 11
372.6571703974741
 21
345.3659599169591
 31
0.0
 70
    35
 71
     5
 42
6.999999999999886
 73
     0
 74
     0
 75
     0
  3
ISO-25
100
AcDbDiametricDimension
 15
369.9414506867882
 25
337.9121760301826
 35
0.0
 40
0.0
1001
ACAD
1000
DSTYLE
1002
{
1070
   288
1070
     1
1002
}
1001
ACAD_DSTYLE_DIMRADIAL_EXTENSION
1070
   387
1070
     1
1070
   388
1040
0.0
1070
   390
1040
0.0
  0
CIRCLE
  5
1B29
102
{ACAD_REACTORS
330
1B28
330
1CAC
102
}
330
1F
100
AcDbEntity
  8
Dimension
100
AcDbCircle
 10
368.0
 20
335.0000000000001
 30
0.0
 40
3.5
  0
LINE
  5
1C9E
330
1F
100
AcDbEntity
  8
Inscriptions
 62
     1
100
AcDbLine
 10
337.0
 20
20.0
 30
0.0
 11
337.0
 21
92.0
 31
0.0
  0
LINE
  5
1C9F
330
1F
100
AcDbEntity
  8
Inscriptions
 62
     1
100
AcDbLine
 10
384.0
 20
20.0
 30
0.0
 11
384.0
 21
92.0
 31
0.0
  0
LINE
  5
1CA0
330
1F
100
AcDbEntity
  8
Inscriptions
 62
     1
100
AcDbLine
 10
431.0
 20
20.0
 30
0.0
 11
431.0
 21
92.0
 31
0.0
  0
LINE
  5
1CA1
330
1F
100
AcDbEntity
  8
Inscriptions
 62
     1
100
AcDbLine
 10
478.0
 20
20.0
 30
0.0
 11
478.0
 21
92.0
 31
0.0
  0
LINE
  5
1CA2
330
1F
100
AcDbEntity
  8
Inscriptions
 62
     1
100
AcDbLine
 10
384.0
 20
315.0
 30
0.0
 11
384.0
 21
243.0
 31
0.0
  0
LINE
  5
1CA3
330
1F
100
AcDbEntity
  8
Inscriptions
 62
     1
100
AcDbLine
 10
431.0
 20
315.0
 30
0.0
 11
431.0
 21
243.0
 31
0.0
  0
LINE
  5
1CA4
330
1F
100
AcDbEntity
  8
Inscriptions
 62
     1
100
AcDbLine
 10
478.0
 20
315.0
 30
0.0
 11
478.0
 21
243.0
 31
0.0
  0
LINE
  5
1CA5
330
1F
100
AcDbEntity
  8
Inscriptions
 62
   200
100
AcDbLine
 10
368.0
 20
335.0
 30
0.0
 11
493.0
 21
335.0
 31
0.0
  0
LINE
  5
1CA6
330
1F
100
AcDbEntity
  8
Inscriptions
 62
   200
100
AcDbLine
 10
368.0
 20
180.0
 30
0.0
 11
493.0
 21
180.0
 31
0.0
  0
CIRCLE
  5
1CAD
102
{ACAD_REACTORS
330
1CE2
102
}
330
1F
100
AcDbEntity
  8
Dimension
100
AcDbCircle
 10
334.0
 20
92.00000000000011
 30
0.0
 40
4.5
  0
CIRCLE
  5
1CAE
102
{ACAD_REACTORS
330
1CE2
102
}
330
1F
100
AcDbEntity
  8
Dimension
100
AcDbCircle
 10
381.0
 20
92.0
 30
0.0
 40
4.5
  0
CIRCLE
  5
1CAF
102
{ACAD_REACTORS
330
1CE2
102
}
330
1F
100
AcDbEntity
  8
Dimension
100
AcDbCircle
 10
428.0
 20
92.0
 30
0.0
 40
4.5
  0
CIRCLE
  5
1CB0
102
{ACAD_REACTORS
330
1CE2
102
}
330
1F
100
AcDbEntity
  8
Dimension
100
AcDbCircle
 10
475.0
 20
92.0
 30
0.0
 40
4.5
  0
CIRCLE
  5
1CB1
102
{ACAD_REACTORS
330
1CE2
102
}
330
1F
100
AcDbEntity
  8
Dimension
100
AcDbCircle
 10
475.0
 20
20.0
 30
0.0
 40
4.5
  0
CIRCLE
  5
1CB2
102
{ACAD_REACTORS
330
1CE2
102
}
330
1F
100
AcDbEntity
  8
Dimension
100
AcDbCircle
 10
428.0
 20
20.00000000000006
 30
0.0
 40
4.5
  0
CIRCLE
  5
1CB3
102
{ACAD_REACTORS
330
1CE2
102
}
330
1F
100
AcDbEntity
  8
Dimension
100
AcDbCircle
 10
381.0
 20
20.00000000000006
 30
0.0
 40
4.5
  0
CIRCLE
  5
1CB4
102
{ACAD_REACTORS
330
1CE2
102
}
330
1F
100
AcDbEntity
  8
Dimension
100
AcDbCircle
 10
334.0
 20
20.00000000000011
 30
0.0
 40
4.5
  0
CIRCLE
  5
1CB5
102
{ACAD_REACTORS
330
1CE2
102
}
330
1F
100
AcDbEntity
  8
Dimension
100
AcDbCircle
 10
289.0
 20
115.0000000000001
 30
0.0
 40
3.5
  0
CIRCLE
  5
1CB6
102
{ACAD_REACTORS
330
1CE2
102
}
330
1F
100
AcDbEntity
  8
Dimension
100
AcDbCircle
 10
289.0
 20
27.00000000000012
 30
0.0
 40
3.5
  0
CIRCLE
  5
1CB7
102
{ACAD_REACTORS
330
1CE2
102
}
330
1F
100
AcDbEntity
  8
Dimension
100
AcDbCircle
 10
65.00000000000011
 20
460.0000000000001
 30
0.0
 40
3.5
  0
CIRCLE
  5
1CB8
102
{ACAD_REACTORS
330
1CE2
102
}
330
1F
100
AcDbEntity
  8
Dimension
100
AcDbCircle
 10
65.00000000000011
 20
370.0000000000001
 30
0.0
 40
3.5
  0
CIRCLE
  5
1CB9
102
{ACAD_REACTORS
330
1CE2
102
}
330
1F
100
AcDbEntity
  8
Dimension
100
AcDbCircle
 10
60.00000000000006
 20
305.0000000000001
 30
0.0
 40
1.5
  0
CIRCLE
  5
1CBA
102
{ACAD_REACTORS
330
1CE2
102
}
330
1F
100
AcDbEntity
  8
Dimension
100
AcDbCircle
 10
333.0000000000001
 20
305.0000000000001
 30
0.0
 40
1.5
  0
CIRCLE
  5
1CBB
102
{ACAD_REACTORS
330
1CE2
102
}
330
1F
100
AcDbEntity
  8
Dimension
100
AcDbCircle
 10
6.0
 20
6.00000000000017
 30
0.0
 40
3.0
  0
CIRCLE
  5
1CBC
102
{ACAD_REACTORS
330
1CE2
102
}
330
1F
100
AcDbEntity
  8
Dimension
100
AcDbCircle
 10
494.0
 20
6.0
 30
0.0
 40
3.0
  0
CIRCLE
  5
1CBD
102
{ACAD_REACTORS
330
1CE2
102
}
330
1F
100
AcDbEntity
  8
Dimension
100
AcDbCircle
 10
6.00000000000017
 20
494.0000000000002
 30
0.0
 40
3.0
  0
CIRCLE
  5
1CBE
102
{ACAD_REACTORS
330
1CE2
102
}
330
1F
100
AcDbEntity
  8
Dimension
100
AcDbCircle
 10
494.0000000000001
 20
494.0
 30
0.0
 40
3.0
  0
CIRCLE
  5
1CBF
102
{ACAD_REACTORS
330
1CE2
102
}
330
1F
100
AcDbEntity
  8
Dimension
100
AcDbCircle
 10
249.0
 20
65.00000000000011
 30
0.0
 40
3.5
  0
CIRCLE
  5
1CC0
102
{ACAD_REACTORS
330
1CE2
102
}
330
1F
100
AcDbEntity
  8
Dimension
100
AcDbCircle
 10
128.0
 20
65.00000000000011
 30
0.0
 40
3.5
  0
CIRCLE
  5
1CC1
102
{ACAD_REACTORS
330
1CE2
102
}
330
1F
100
AcDbEntity
  8
Dimension
100
AcDbCircle
 10
20.00000000000006
 20
65.00000000000017
 30
0.0
 40
3.5
  0
CIRCLE
  5
1CC2
102
{ACAD_REACTORS
330
1CE2
102
}
330
1F
100
AcDbEntity
  8
Dimension
100
AcDbCircle
 10
50.00000000000006
 20
202.0000000000001
 30
0.0
 40
3.5
  0
CIRCLE
  5
1CC3
102
{ACAD_REACTORS
330
1CE2
102
}
330
1F
100
AcDbEntity
  8
Dimension
100
AcDbCircle
 10
170.0
 20
202.0000000000001
 30
0.0
 40
3.5
  0
CIRCLE
  5
1CC4
102
{ACAD_REACTORS
330
1CE2
102
}
330
1F
100
AcDbEntity
  8
Dimension
100
AcDbCircle
 10
320.0000000000001
 20
202.0
 30
0.0
 40
3.5
  0
CIRCLE
  5
1CC5
102
{ACAD_REACTORS
330
1CE2
102
}
330
1F
100
AcDbEntity
  8
Dimension
100
AcDbCircle
 10
94.00000000000011
 20
415.0000000000001
 30
0.0
 40
3.5
  0
CIRCLE
  5
1CC6
102
{ACAD_REACTORS
330
1CE2
102
}
330
1F
100
AcDbEntity
  8
Dimension
100
AcDbCircle
 10
304.0000000000001
 20
415.0000000000001
 30
0.0
 40
3.5
  0
CIRCLE
  5
1CC7
102
{ACAD_REACTORS
330
1CE2
102
}
330
1F
100
AcDbEntity
  8
Dimension
100
AcDbCircle
 10
484.0000000000001
 20
415.0
 30
0.0
 40
3.5
  0
CIRCLE
  5
1CC8
102
{ACAD_REACTORS
330
1CE2
102
}
330
1F
100
AcDbEntity
  8
Dimension
100
AcDbCircle
 10
12.00000000000011
 20
420.0000000000001
 30
0.0
 40
1.5
  0
CIRCLE
  5
1CC9
102
{ACAD_REACTORS
330
1CE2
102
}
330
1F
100
AcDbEntity
  8
Dimension
100
AcDbCircle
 10
12.00000000000005
 20
287.0000000000001
 30
0.0
 40
1.5
  0
CIRCLE
  5
1CCA
102
{ACAD_REACTORS
330
1CE2
102
}
330
1F
100
AcDbEntity
  8
Dimension
100
AcDbCircle
 10
12.00000000000005
 20
187.0000000000001
 30
0.0
 40
1.5
  0
LWPOLYLINE
  5
1CCB
102
{ACAD_REACTORS
330
1CE2
102
}
330
1F
100
AcDbEntity
  8
Dimension
100
AcDbPolyline
 90
        4
 70
     1
 43
0.0
 10
0.0
 20
0.0000000000001705
 10
500.0
 20
0.0
 10
500.0
 20
500.0
 10
0.0000000000001705
 20
500.0000000000001
  0
CIRCLE
  5
1CCC
102
{ACAD_REACTORS
330
1CE2
102
}
330
1F
100
AcDbEntity
  8
Dimension
100
AcDbCircle
 10
72.00000000000006
 20
340.0000000000001
 30
0.0
 40
1.5
  0
CIRCLE
  5
1CCD
102
{ACAD_REACTORS
330
1CE2
102
}
330
1F
100
AcDbEntity
  8
Dimension
100
AcDbCircle
 10
222.0000000000001
 20
340.0000000000001
 30
0.0
 40
1.5
  0
CIRCLE
  5
1CCE
102
{ACAD_REACTORS
330
1CE2
102
}
330
1F
100
AcDbEntity
  8
Dimension
100
AcDbCircle
 10
322.0000000000001
 20
340.0000000000001
 30
0.0
 40
1.5
  0
CIRCLE
  5
1CCF
102
{ACAD_REACTORS
330
1CE2
102
}
330
1F
100
AcDbEntity
  8
Dimension
100
AcDbCircle
 10
85.00000000000005
 20
272.0000000000001
 30
0.0
 40
1.5
  0
CIRCLE
  5
1CD0
102
{ACAD_REACTORS
330
1CE2
102
}
330
1F
100
AcDbEntity
  8
Dimension
100
AcDbCircle
 10
185.0
 20
272.0000000000001
 30
0.0
 40
1.5
  0
CIRCLE
  5
1CD1
102
{ACAD_REACTORS
330
1CE2
102
}
330
1F
100
AcDbEntity
  8
Dimension
100
AcDbCircle
 10
335.0000000000001
 20
272.0000000000001
 30
0.0
 40
1.5
  0
CIRCLE
  5
1CD2
102
{ACAD_REACTORS
330
1CE2
102
}
330
1F
100
AcDbEntity
  8
Dimension
100
AcDbCircle
 10
327.0
 20
135.0000000000001
 30
0.0
 40
1.5
  0
CIRCLE
  5
1CD3
102
{ACAD_REACTORS
330
1CE2
102
}
330
1F
100
AcDbEntity
  8
Dimension
100
AcDbCircle
 10
227.0
 20
135.0000000000001
 30
0.0
 40
1.5
  0
CIRCLE
  5
1CD4
102
{ACAD_REACTORS
330
1CE2
102
}
330
1F
100
AcDbEntity
  8
Dimension
100
AcDbCircle
 10
77.00000000000006
 20
135.0000000000001
 30
0.0
 40
1.5
  0
CIRCLE
  5
1CD5
102
{ACAD_REACTORS
330
1CE2
102
}
330
1F
100
AcDbEntity
  8
Dimension
100
AcDbCircle
 10
384.0000000000001
 20
315.0
 30
0.0
 40
4.5
  0
CIRCLE
  5
1CD6
102
{ACAD_REACTORS
330
1CE2
102
}
330
1F
100
AcDbEntity
  8
Dimension
100
AcDbCircle
 10
431.0000000000001
 20
315.0
 30
0.0
 40
4.5
  0
CIRCLE
  5
1CD7
102
{ACAD_REACTORS
330
1CE2
102
}
330
1F
100
AcDbEntity
  8
Dimension
100
AcDbCircle
 10
478.0
 20
315.0
 30
0.0
 40
4.5
  0
CIRCLE
  5
1CD8
102
{ACAD_REACTORS
330
1CE2
102
}
330
1F
100
AcDbEntity
  8
Dimension
100
AcDbCircle
 10
478.0
 20
243.0
 30
0.0
 40
4.5
  0
CIRCLE
  5
1CD9
102
{ACAD_REACTORS
330
1CE2
102
}
330
1F
100
AcDbEntity
  8
Dimension
100
AcDbCircle
 10
431.0
 20
243.0000000000001
 30
0.0
 40
4.5
  0
CIRCLE
  5
1CDA
102
{ACAD_REACTORS
330
1CE2
102
}
330
1F
100
AcDbEntity
  8
Dimension
100
AcDbCircle
 10
384.0000000000001
 20
243.0000000000001
 30
0.0
 40
4.5
  0
CIRCLE
  5
1CDB
102
{ACAD_REACTORS
330
1CE2
102
}
330
1F
100
AcDbEntity
  8
Dimension
100
AcDbCircle
 10
415.0
 20
488.0000000000001
 30
0.0
 40
1.5
  0
CIRCLE
  5
1CDC
102
{ACAD_REACTORS
330
1CE2
102
}
330
1F
100
AcDbEntity
  8
Dimension
100
AcDbCircle
 10
265.0000000000001
 20
488.0000000000001
 30
0.0
 40
1.5
  0
CIRCLE
  5
1CDD
102
{ACAD_REACTORS
330
1CE2
102
}
330
1F
100
AcDbEntity
  8
Dimension
100
AcDbCircle
 10
65.00000000000006
 20
488.0000000000001
 30
0.0
 40
1.5
  0
CIRCLE
  5
1CDE
102
{ACAD_REACTORS
330
1CE2
102
}
330
1F
100
AcDbEntity
  8
Dimension
100
AcDbCircle
 10
368.0
 20
180.0000000000001
 30
0.0
 40
3.5
  0
CIRCLE
  5
1CDF
102
{ACAD_REACTORS
330
1CE2
102
}
330
1F
100
AcDbEntity
  8
Dimension
100
AcDbCircle
 10
493.0
 20
180.0000000000001
 30
0.0
 40
3.5
  0
CIRCLE
  5
1CE0
102
{ACAD_REACTORS
330
1CE2
102
}
330
1F
100
AcDbEntity
  8
Dimension
100
AcDbCircle
 10
493.0
 20
335.0000000000001
 30
0.0
 40
3.5
  0
CIRCLE
  5
1CE1
102
{ACAD_REACTORS
330
1CE2
102
}
330
1F
100
AcDbEntity
  8
Dimension
100
AcDbCircle
 10
368.0
 20
335.0000000000001
 30
0.0
 40
3.5
  0
CIRCLE
  5
1CE3
102
{ACAD_REACTORS
330
25FB
102
}
330
1F
100
AcDbEntity
  8
0
100
AcDbCircle
 10
337.0
 20
92.00000000000011
 30
0.0
 40
4.5
  0
CIRCLE
  5
1CE4
102
{ACAD_REACTORS
330
25FB
102
}
330
1F
100
AcDbEntity
  8
0
100
AcDbCircle
 10
384.0000000000001
 20
92.0
 30
0.0
 40
4.5
  0
CIRCLE
  5
1CE5
102
{ACAD_REACTORS
330
25FB
102
}
330
1F
100
AcDbEntity
  8
0
100
AcDbCircle
 10
431.0
 20
92.0
 30
0.0
 40
4.5
  0
CIRCLE
  5
1CE6
102
{ACAD_REACTORS
330
25FB
102
}
330
1F
100
AcDbEntity
  8
0
100
AcDbCircle
 10
478.0
 20
92.0
 30
0.0
 40
4.5
  0
CIRCLE
  5
1CE7
102
{ACAD_REACTORS
330
25FB
102
}
330
1F
100
AcDbEntity
  8
0
100
AcDbCircle
 10
478.0
 20
20.0
 30
0.0
 40
4.5
  0
CIRCLE
  5
1CE8
102
{ACAD_REACTORS
330
25FB
102
}
330
1F
100
AcDbEntity
  8
0
100
AcDbCircle
 10
431.0
 20
20.00000000000006
 30
0.0
 40
4.5
  0
CIRCLE
  5
1CE9
102
{ACAD_REACTORS
330
25FB
102
}
330
1F
100
AcDbEntity
  8
0
100
AcDbCircle
 10
384.0
 20
20.00000000000006
 30
0.0
 40
4.5
  0
CIRCLE
  5
1CEA
102
{ACAD_REACTORS
330
25FB
102
}
330
1F
100
AcDbEntity
  8
0
100
AcDbCircle
 10
337.0
 20
20.00000000000011
 30
0.0
 40
4.5
  0
CIRCLE
  5
1CEB
102
{ACAD_REACTORS
330
25FB
102
}
330
1F
100
AcDbEntity
  8
0
100
AcDbCircle
 10
292.0
 20
115.0000000000001
 30
0.0
 40
3.5
  0
CIRCLE
  5
1CEC
102
{ACAD_REACTORS
330
25FB
102
}
330
1F
100
AcDbEntity
  8
0
100
AcDbCircle
 10
292.0
 20
27.00000000000012
 30
0.0
 40
3.5
  0
CIRCLE
  5
1CED
102
{ACAD_REACTORS
330
25FB
102
}
330
1F
100
AcDbEntity
  8
0
100
AcDbCircle
 10
65.00000000000011
 20
460.0000000000001
 30
0.0
 40
3.5
  0
CIRCLE
  5
1CEE
102
{ACAD_REACTORS
330
25FB
102
}
330
1F
100
AcDbEntity
  8
0
100
AcDbCircle
 10
65.00000000000011
 20
370.0000000000001
 30
0.0
 40
3.5
  0
CIRCLE
  5
1CEF
102
{ACAD_REACTORS
330
25FB
102
}
330
1F
100
AcDbEntity
  8
0
100
AcDbCircle
 10
60.00000000000006
 20
306.0
 30
0.0
 40
1.5
  0
CIRCLE
  5
1CF0
102
{ACAD_REACTORS
330
25FB
102
}
330
1F
100
AcDbEntity
  8
0
100
AcDbCircle
 10
333.0000000000001
 20
306.0
 30
0.0
 40
1.5
  0
CIRCLE
  5
1CF1
102
{ACAD_REACTORS
330
25FB
102
}
330
1F
100
AcDbEntity
  8
0
100
AcDbCircle
 10
6.0
 20
6.00000000000017
 30
0.0
 40
3.0
  0
CIRCLE
  5
1CF2
102
{ACAD_REACTORS
330
25FB
102
}
330
1F
100
AcDbEntity
  8
0
100
AcDbCircle
 10
494.0
 20
6.0
 30
0.0
 40
3.0
  0
CIRCLE
  5
1CF3
102
{ACAD_REACTORS
330
25FB
102
}
330
1F
100
AcDbEntity
  8
0
100
AcDbCircle
 10
6.00000000000017
 20
494.0000000000002
 30
0.0
 40
3.0
  0
CIRCLE
  5
1CF4
102
{ACAD_REACTORS
330
25FB
102
}
330
1F
100
AcDbEntity
  8
0
100
AcDbCircle
 10
494.0000000000001
 20
494.0
 30
0.0
 40
3.0
  0
CIRCLE
  5
1CF5
102
{ACAD_REACTORS
330
25FB
102
}
330
1F
100
AcDbEntity
  8
0
100
AcDbCircle
 10
249.0
 20
65.00000000000011
 30
0.0
 40
3.5
  0
CIRCLE
  5
1CF6
102
{ACAD_REACTORS
330
25FB
102
}
330
1F
100
AcDbEntity
  8
0
100
AcDbCircle
 10
128.0
 20
65.00000000000011
 30
0.0
 40
3.5
  0
CIRCLE
  5
1CF7
102
{ACAD_REACTORS
330
25FB
102
}
330
1F
100
AcDbEntity
  8
0
100
AcDbCircle
 10
20.00000000000006
 20
65.00000000000017
 30
0.0
 40
3.5
  0
CIRCLE
  5
1CF8
102
{ACAD_REACTORS
330
25FB
102
}
330
1F
100
AcDbEntity
  8
0
100
AcDbCircle
 10
50.00000000000006
 20
202.0000000000001
 30
0.0
 40
3.5
  0
CIRCLE
  5
1CF9
102
{ACAD_REACTORS
330
25FB
102
}
330
1F
100
AcDbEntity
  8
0
100
AcDbCircle
 10
170.0
 20
202.0000000000001
 30
0.0
 40
3.5
  0
CIRCLE
  5
1CFA
102
{ACAD_REACTORS
330
25FB
102
}
330
1F
100
AcDbEntity
  8
0
100
AcDbCircle
 10
320.0000000000001
 20
202.0
 30
0.0
 40
3.5
  0
CIRCLE
  5
1CFB
102
{ACAD_REACTORS
330
25FB
102
}
330
1F
100
AcDbEntity
  8
0
100
AcDbCircle
 10
94.00000000000011
 20
415.0000000000001
 30
0.0
 40
3.5
  0
CIRCLE
  5
1CFC
102
{ACAD_REACTORS
330
25FB
102
}
330
1F
100
AcDbEntity
  8
0
100
AcDbCircle
 10
304.0000000000001
 20
415.0000000000001
 30
0.0
 40
3.5
  0
CIRCLE
  5
1CFD
102
{ACAD_REACTORS
330
25FB
102
}
330
1F
100
AcDbEntity
  8
0
100
AcDbCircle
 10
484.0000000000001
 20
415.0
 30
0.0
 40
3.5
  0
CIRCLE
  5
1CFE
102
{ACAD_REACTORS
330
25FB
102
}
330
1F
100
AcDbEntity
  8
0
100
AcDbCircle
 10
12.00000000000011
 20
420.0000000000001
 30
0.0
 40
1.5
  0
CIRCLE
  5
1CFF
102
{ACAD_REACTORS
330
25FB
102
}
330
1F
100
AcDbEntity
  8
0
100
AcDbCircle
 10
12.00000000000005
 20
287.0000000000001
 30
0.0
 40
1.5
  0
CIRCLE
  5
1D00
102
{ACAD_REACTORS
330
25FB
102
}
330
1F
100
AcDbEntity
  8
0
100
AcDbCircle
 10
12.00000000000005
 20
187.0000000000001
 30
0.0
 40
1.5
  0
LWPOLYLINE
  5
1D01
102
{ACAD_REACTORS
330
25FB
102
}
330
1F
100
AcDbEntity
  8
0
100
AcDbPolyline
 90
        4
 70
     1
 43
0.0
 10
0.0
 20
0.0000000000001705
 10
500.0
 20
0.0
 10
500.0
 20
500.0
 10
0.0000000000001705
 20
500.0000000000001
  0
CIRCLE
  5
1D08
102
{ACAD_REACTORS
330
25FB
102
}
330
1F
100
AcDbEntity
  8
0
100
AcDbCircle
 10
327.0
 20
135.0000000000001
 30
0.0
 40
1.5
  0
CIRCLE
  5
1D09
102
{ACAD_REACTORS
330
25FB
102
}
330
1F
100
AcDbEntity
  8
0
100
AcDbCircle
 10
227.0
 20
135.0000000000001
 30
0.0
 40
1.5
  0
CIRCLE
  5
1D0A
102
{ACAD_REACTORS
330
25FB
102
}
330
1F
100
AcDbEntity
  8
0
100
AcDbCircle
 10
77.00000000000006
 20
135.0000000000001
 30
0.0
 40
1.5
  0
CIRCLE
  5
1D0B
102
{ACAD_REACTORS
330
25FB
102
}
330
1F
100
AcDbEntity
  8
0
100
AcDbCircle
 10
384.0000000000001
 20
315.0
 30
0.0
 40
4.5
  0
CIRCLE
  5
1D0C
102
{ACAD_REACTORS
330
25FB
102
}
330
1F
100
AcDbEntity
  8
0
100
AcDbCircle
 10
431.0000000000001
 20
315.0
 30
0.0
 40
4.5
  0
CIRCLE
  5
1D0D
102
{ACAD_REACTORS
330
25FB
102
}
330
1F
100
AcDbEntity
  8
0
100
AcDbCircle
 10
478.0
 20
315.0
 30
0.0
 40
4.5
  0
CIRCLE
  5
1D0E
102
{ACAD_REACTORS
330
25FB
102
}
330
1F
100
AcDbEntity
  8
0
100
AcDbCircle
 10
478.0
 20
243.0
 30
0.0
 40
4.5
  0
CIRCLE
  5
1D0F
102
{ACAD_REACTORS
330
25FB
102
}
330
1F
100
AcDbEntity
  8
0
100
AcDbCircle
 10
431.0
 20
243.0000000000001
 30
0.0
 40
4.5
  0
CIRCLE
  5
1D10
102
{ACAD_REACTORS
330
25FB
102
}
330
1F
100
AcDbEntity
  8
0
100
AcDbCircle
 10
384.0000000000001
 20
243.0000000000001
 30
0.0
 40
4.5
  0
CIRCLE
  5
1D11
102
{ACAD_REACTORS
330
25FB
102
}
330
1F
100
AcDbEntity
  8
0
100
AcDbCircle
 10
415.0
 20
488.0000000000001
 30
0.0
 40
1.5
  0
CIRCLE
  5
1D12
102
{ACAD_REACTORS
330
25FB
102
}
330
1F
100
AcDbEntity
  8
0
100
AcDbCircle
 10
265.0000000000001
 20
488.0000000000001
 30
0.0
 40
1.5
  0
CIRCLE
  5
1D13
102
{ACAD_REACTORS
330
25FB
102
}
330
1F
100
AcDbEntity
  8
0
100
AcDbCircle
 10
65.00000000000006
 20
488.0000000000001
 30
0.0
 40
1.5
  0
CIRCLE
  5
1D14
102
{ACAD_REACTORS
330
25FB
102
}
330
1F
100
AcDbEntity
  8
0
100
AcDbCircle
 10
368.0
 20
180.0000000000001
 30
0.0
 40
3.5
  0
CIRCLE
  5
1D15
102
{ACAD_REACTORS
330
25FB
102
}
330
1F
100
AcDbEntity
  8
0
100
AcDbCircle
 10
493.0
 20
180.0000000000001
 30
0.0
 40
3.5
  0
CIRCLE
  5
1D16
102
{ACAD_REACTORS
330
25FB
102
}
330
1F
100
AcDbEntity
  8
0
100
AcDbCircle
 10
493.0
 20
335.0000000000001
 30
0.0
 40
3.5
  0
CIRCLE
  5
1D17
102
{ACAD_REACTORS
330
25FB
102
}
330
1F
100
AcDbEntity
  8
0
100
AcDbCircle
 10
368.0
 20
335.0000000000001
 30
0.0
 40
3.5
  0
DIMENSION
  5
1EA9
330
1F
100
AcDbEntity
  8
Inscriptions
 62
     3
100
AcDbDimension
  2
*D115
 10
280.0
 20
75.0
 30
0.0
 11
140.0
 21
76.875
 31
0.0
 70
    32
 71
     5
 42
280.0
 73
     0
 74
     0
 75
     0
  3
ISO-25
100
AcDbAlignedDimension
 13
0.0
 23
65.0
 33
0.0
 14
280.0
 24
65.0
 34
0.0
100
AcDbRotatedDimension
  0
DIMENSION
  5
1EC8
330
1F
100
AcDbEntity
  8
Inscriptions
 62
     3
100
AcDbDimension
  2
*D116
 10
25.00000000000002
 20
510.0
 30
0.0
 11
12.50000000000002
 21
511.875
 31
0.0
 70
    32
 71
     5
 42
25.0
 73
     0
 74
     0
 75
     0
  3
ISO-25
100
AcDbAlignedDimension
 13
0.0
 23
135.0
 33
0.0
 14
25.0
 24
135.0
 34
0.0
100
AcDbRotatedDimension
  0
DIMENSION
  5
1EEB
330
1F
100
AcDbEntity
  8
Inscriptions
 62
     3
100
AcDbDimension
  2
*D117
 10
354.0
 20
350.0
 30
0.0
 11
189.5
 21
351.875
 31
0.0
 70
    32
 71
     5
 42
329.0
 73
     0
 74
     0
 75
     0
  3
ISO-25
100
AcDbAlignedDimension
 13
25.0
 23
202.0
 33
0.0
 14
354.0
 24
135.0
 34
0.0
100
AcDbRotatedDimension
  0
DIMENSION
  5
1F2F
330
1F
100
AcDbEntity
  8
Inscriptions
 62
     3
100
AcDbDimension
  2
*D118
 10
80.0
 20
425.0
 30
0.0
 11
290.0
 21
426.8749999999999
 31
0.0
 70
    32
 71
     5
 42
420.0
 73
     0
 74
     0
 75
     0
  3
ISO-25
100
AcDbAlignedDimension
 13
500.0
 23
415.0
 33
0.0
 14
80.0
 24
415.0
 34
0.0
100
AcDbRotatedDimension
  0
DIMENSION
  5
1F57
330
1F
100
AcDbEntity
  8
Inscriptions
 62
     3
100
AcDbDimension
  2
*D119
 10
420.0
 20
510.0
 30
0.0
 11
460.0
 21
511.875
 31
0.0
 70
    32
 71
     5
 42
80.0
 73
     0
 74
     0
 75
     0
  3
ISO-25
100
AcDbAlignedDimension
 13
500.0
 23
500.0
 33
0.0
 14
420.0
 24
488.0
 34
0.0
100
AcDbRotatedDimension
  0
DIMENSION
  5
1F7F
330
1F
100
AcDbEntity
  8
Inscriptions
 62
     3
100
AcDbDimension
  2
*D120
 10
-10.0
 20
475.0
 30
0.0
 11
-11.87500000000007
 21
487.5
 31
0.0
 70
    32
 71
     5
 42
25.0
 73
     0
 74
     0
 75
     0
  3
ISO-25
100
AcDbAlignedDimension
 13
0.0
 23
500.0
 33
0.0
 14
12.0
 24
475.0
 34
0.0
 50
90.0
100
AcDbRotatedDimension
  0
DIMENSION
  5
1FA8
330
1F
100
AcDbEntity
  8
Inscriptions
 62
     3
100
AcDbDimension
  2
*D121
 10
-10.0
 20
123.0
 30
0.0
 11
-11.87500000000002
 21
129.0
 31
0.0
 70
    32
 71
     5
 42
12.0
 73
     0
 74
     0
 75
     0
  3
ISO-25
100
AcDbAlignedDimension
 13
25.0
 23
135.0
 33
0.0
 14
12.00000000000005
 24
123.0
 34
0.0
 50
90.0
100
AcDbRotatedDimension
  0
DIMENSION
  5
1FC7
330
1F
100
AcDbEntity
  8
Inscriptions
 62
     3
100
AcDbDimension
  2
*D122
 10
-10.0
 20
135.0
 30
0.0
 11
-11.87500000000001
 21
305.0
 31
0.0
 70
    32
 71
     5
 42
340.0
 73
     0
 74
     0
 75
     0
  3
ISO-25
100
AcDbAlignedDimension
 13
12.0
 23
475.0
 33
0.0
 14
0.0
 24
135.0
 34
0.0
 50
90.0
100
AcDbRotatedDimension
  0
DIMENSION
  5
2082
330
1F
100
AcDbEntity
  8
Dimensions
100
AcDbDimension
  2
*D123
 10
325.9393398282204
 20
270.9393398282202
 30
0.0
 11
336.9999999999998
 21
282.0000000000003
 31
0.0
 70
   163
 71
     5
 42
2.999999999999829
 73
     0
 74
     0
 75
     0
  3
ISO-25
100
AcDbDiametricDimension
 15
328.0606601717798
 25
273.0606601717799
 35
0.0
 40
0.0
1001
ACAD
1000
DSTYLE
1002
{
1070
   288
1070
     1
1002
}
1001
ACAD_DSTYLE_DIMRADIAL_EXTENSION
1070
   387
1070
     1
1070
   388
1040
0.0
1070
   390
1040
0.0
  0
DIMENSION
  5
2085
330
1F
100
AcDbEntity
  8
Dimensions
100
AcDbDimension
  2
*D124
 10
225.9393398282203
 20
270.9393398282204
 30
0.0
 11
237.0000000000001
 21
281.9999999999999
 31
0.0
 70
   163
 71
     5
 42
2.999999999999886
 73
     0
 74
     0
 75
     0
  3
ISO-25
100
AcDbDiametricDimension
 15
228.0606601717799
 25
273.0606601717799
 35
0.0
 40
0.0
1001
ACAD
1000
DSTYLE
1002
{
1070
   288
1070
     1
1002
}
1001
ACAD_DSTYLE_DIMRADIAL_EXTENSION
1070
   387
1070
     1
1070
   388
1040
0.0
1070
   390
1040
0.0
  0
DIMENSION
  5
2088
330
1F
100
AcDbEntity
  8
Dimensions
100
AcDbDimension
  2
*D125
 10
75.93933982822027
 20
270.9393398282202
 30
0.0
 11
86.99999999999985
 21
282.0000000000002
 31
0.0
 70
   163
 71
     5
 42
3.000000000000028
 73
     0
 74
     0
 75
     0
  3
ISO-25
100
AcDbDiametricDimension
 15
78.0606601717799
 25
273.0606601717799
 35
0.0
 40
0.0
1001
ACAD
1000
DSTYLE
1002
{
1070
   288
1070
     1
1002
}
1001
ACAD_DSTYLE_DIMRADIAL_EXTENSION
1070
   387
1070
     1
1070
   388
1040
0.0
1070
   390
1040
0.0
  0
CIRCLE
  5
208B
102
{ACAD_REACTORS
330
25FB
102
}
330
1F
100
AcDbEntity
  8
0
100
AcDbCircle
 10
327.0
 20
272.0000000000001
 30
0.0
 40
1.5
  0
CIRCLE
  5
208C
102
{ACAD_REACTORS
330
25FB
102
}
330
1F
100
AcDbEntity
  8
0
100
AcDbCircle
 10
227.0
 20
272.0000000000001
 30
0.0
 40
1.5
  0
CIRCLE
  5
208D
102
{ACAD_REACTORS
330
25FB
102
}
330
1F
100
AcDbEntity
  8
0
100
AcDbCircle
 10
77.00000000000006
 20
272.0000000000001
 30
0.0
 40
1.5
  0
DIMENSION
  5
20AF
330
1F
100
AcDbEntity
  8
Dimensions
100
AcDbDimension
  2
*D126
 10
325.9393398282203
 20
338.9393398282202
 30
0.0
 11
336.9999999999997
 21
350.0000000000005
 31
0.0
 70
   163
 71
     5
 42
2.999999999999886
 73
     0
 74
     0
 75
     0
  3
ISO-25
100
AcDbDiametricDimension
 15
328.0606601717798
 25
341.0606601717799
 35
0.0
 40
0.0
1001
ACAD
1000
DSTYLE
1002
{
1070
   288
1070
     1
1002
}
1001
ACAD_DSTYLE_DIMRADIAL_EXTENSION
1070
   387
1070
     1
1070
   388
1040
0.0
1070
   390
1040
0.0
  0
DIMENSION
  5
20B2
330
1F
100
AcDbEntity
  8
Dimensions
100
AcDbDimension
  2
*D127
 10
225.9393398282204
 20
338.9393398282203
 30
0.0
 11
236.9999999999998
 21
350.0000000000002
 31
0.0
 70
   163
 71
     5
 42
2.999999999999886
 73
     0
 74
     0
 75
     0
  3
ISO-25
100
AcDbDiametricDimension
 15
228.0606601717799
 25
341.06066017178
 35
0.0
 40
0.0
1001
ACAD
1000
DSTYLE
1002
{
1070
   288
1070
     1
1002
}
1001
ACAD_DSTYLE_DIMRADIAL_EXTENSION
1070
   387
1070
     1
1070
   388
1040
0.0
1070
   390
1040
0.0
  0
DIMENSION
  5
20B5
330
1F
100
AcDbEntity
  8
Dimensions
100
AcDbDimension
  2
*D128
 10
75.93933982822028
 20
338.9393398282202
 30
0.0
 11
86.99999999999969
 21
350.0000000000002
 31
0.0
 70
   163
 71
     5
 42
2.999999999999943
 73
     0
 74
     0
 75
     0
  3
ISO-25
100
AcDbDiametricDimension
 15
78.06066017177982
 25
341.0606601717799
 35
0.0
 40
0.0
1001
ACAD
1000
DSTYLE
1002
{
1070
   288
1070
     1
1002
}
1001
ACAD_DSTYLE_DIMRADIAL_EXTENSION
1070
   387
1070
     1
1070
   388
1040
0.0
1070
   390
1040
0.0
  0
CIRCLE
  5
20B8
102
{ACAD_REACTORS
330
25FB
102
}
330
1F
100
AcDbEntity
  8
0
100
AcDbCircle
 10
327.0
 20
340.0000000000001
 30
0.0
 40
1.5
  0
CIRCLE
  5
20B9
102
{ACAD_REACTORS
330
25FB
102
}
330
1F
100
AcDbEntity
  8
0
100
AcDbCircle
 10
227.0
 20
340.0000000000001
 30
0.0
 40
1.5
  0
CIRCLE
  5
20BA
102
{ACAD_REACTORS
330
25FB
102
}
330
1F
100
AcDbEntity
  8
0
100
AcDbCircle
 10
77.00000000000006
 20
340.0000000000001
 30
0.0
 40
1.5
  0
DIMENSION
  5
2302
330
1F
100
AcDbEntity
  8
Dimensions
100
AcDbDimension
  2
*D130
 10
520.0000000000007
 20
180.0000000000001
 30
0.0
 11
518.1250000000005
 21
211.4999999999999
 31
0.0
 70
    32
 71
     5
 42
63.0
 73
     0
 74
     0
 75
     0
  3
ISO-25
100
AcDbAlignedDimension
 13
500.0
 23
243.0
 33
0.0
 14
368.0
 24
180.0
 34
0.0
 50
90.0
100
AcDbRotatedDimension
  0
DIMENSION
  5
23FF
330
1F
100
AcDbEntity
  8
Dimensions
100
AcDbDimension
  2
*D131
 10
520.0000000000009
 20
0.0000000000000032
 30
0.0
 11
518.1250000000008
 21
13.49999999999987
 31
0.0
 70
    32
 71
     5
 42
27.00000000000005
 73
     0
 74
     0
 75
     0
  3
ISO-25
100
AcDbAlignedDimension
 13
292.0
 23
27.0
 33
0.0
 14
500.0
 24
0.0
 34
0.0
 50
90.0
100
AcDbRotatedDimension
  0
DIMENSION
  5
244B
330
1F
100
AcDbEntity
  8
Dimensions
100
AcDbDimension
  2
*D132
 10
540.0000000000006
 20
147.0000000000001
 30
0.0
 11
538.1250000000005
 21
73.4999999999999
 31
0.0
 70
    32
 71
     5
 42
147.0000000000001
 73
     0
 74
     0
 75
     0
  3
ISO-25
100
AcDbAlignedDimension
 13
500.0
 23
0.0
 33
0.0
 14
384.0
 24
147.0
 34
0.0
 50
90.0
100
AcDbRotatedDimension
  0
DIMENSION
  5
2458
330
1F
100
AcDbEntity
  8
Dimensions
100
AcDbDimension
  2
*D133
 10
540.0000000000011
 20
167.0000000000001
 30
0.0
 11
538.125000000001
 21
156.9999999999999
 31
0.0
 70
    32
 71
     5
 42
20.00000000000003
 73
     0
 74
     0
 75
     0
  3
ISO-25
100
AcDbAlignedDimension
 13
500.0
 23
147.0
 33
0.0
 14
384.0
 24
167.0
 34
0.0
 50
90.0
100
AcDbRotatedDimension
  0
DIMENSION
  5
24F5
330
1F
100
AcDbEntity
  8
Dimensions
100
AcDbDimension
  2
*D134
 10
382.9393398282203
 20
145.9393398282203
 30
0.0
 11
393.9999999999997
 21
157.0000000000005
 31
0.0
 70
   163
 71
     5
 42
2.999999999999886
 73
     0
 74
     0
 75
     0
  3
ISO-25
100
AcDbDiametricDimension
 15
385.0606601717798
 25
148.0606601717799
 35
0.0
 40
0.0
1001
ACAD
1000
DSTYLE
1002
{
1070
   288
1070
     1
1002
}
1001
ACAD_DSTYLE_DIMRADIAL_EXTENSION
1070
   387
1070
     1
1070
   388
1040
0.0
1070
   390
1040
0.0
  0
CIRCLE
  5
24F8
102
{ACAD_REACTORS
330
25FB
102
}
330
1F
100
AcDbEntity
  8
0
100
AcDbCircle
 10
384.0000000000001
 20
147.0000000000001
 30
0.0
 40
1.5
  0
DIMENSION
  5
2504
330
1F
100
AcDbEntity
  8
Dimensions
100
AcDbDimension
  2
*D135
 10
429.9393398282203
 20
145.9393398282203
 30
0.0
 11
440.9999999999998
 21
157.0000000000004
 31
0.0
 70
   163
 71
     5
 42
2.999999999999829
 73
     0
 74
     0
 75
     0
  3
ISO-25
100
AcDbDiametricDimension
 15
432.0606601717797
 25
148.0606601717799
 35
0.0
 40
0.0
1001
ACAD
1000
DSTYLE
1002
{
1070
   288
1070
     1
1002
}
1001
ACAD_DSTYLE_DIMRADIAL_EXTENSION
1070
   387
1070
     1
1070
   388
1040
0.0
1070
   390
1040
0.0
  0
CIRCLE
  5
2507
102
{ACAD_REACTORS
330
25FB
102
}
330
1F
100
AcDbEntity
  8
0
100
AcDbCircle
 10
431.0
 20
147.0000000000001
 30
0.0
 40
1.5
  0
DIMENSION
  5
2513
330
1F
100
AcDbEntity
  8
Dimensions
100
AcDbDimension
  2
*D136
 10
476.9393398282203
 20
145.9393398282204
 30
0.0
 11
487.9999999999996
 21
157.0000000000006
 31
0.0
 70
   163
 71
     5
 42
2.999999999999772
 73
     0
 74
     0
 75
     0
  3
ISO-25
100
AcDbDiametricDimension
 15
479.0606601717796
 25
148.0606601717799
 35
0.0
 40
0.0
1001
ACAD
1000
DSTYLE
1002
{
1070
   288
1070
     1
1002
}
1001
ACAD_DSTYLE_DIMRADIAL_EXTENSION
1070
   387
1070
     1
1070
   388
1040
0.0
1070
   390
1040
0.0
  0
CIRCLE
  5
2516
102
{ACAD_REACTORS
330
25FB
102
}
330
1F
100
AcDbEntity
  8
0
100
AcDbCircle
 10
478.0
 20
147.0000000000001
 30
0.0
 40
1.5
  0
CIRCLE
  5
2556
102
{ACAD_REACTORS
330
256C
330
25FB
102
}
330
1F
100
AcDbEntity
  8
0
100
AcDbCircle
 10
384.0
 20
167.0
 30
0.0
 40
2.5
  0
DIMENSION
  5
2557
102
{ACAD_XDICTIONARY
360
2563
102
}
102
{ACAD_REACTORS
330
256C
102
}
330
1F
100
AcDbEntity
  8
Dimensions
100
AcDbDimension
  2
*D138
 10
382.2322330470336
 20
165.2322330470335
 30
0.0
 11
389.8925565098878
 21
175.5442069393374
 31
0.0
 70
    35
 71
     5
 42
5.000000000000113
 73
     0
 74
     0
 75
     0
  3
ISO-25
100
AcDbDiametricDimension
 15
385.7677669529664
 25
168.7677669529664
 35
0.0
 40
0.0
1001
ACAD
1000
DSTYLE
1002
{
1070
   288
1070
     1
1002
}
1001
ACAD_DSTYLE_DIMRADIAL_EXTENSION
1070
   387
1070
     1
1070
   388
1040
0.0
1070
   390
1040
0.0
  0
CIRCLE
  5
2591
102
{ACAD_REACTORS
330
2594
330
25FB
102
}
330
1F
100
AcDbEntity
  8
0
100
AcDbCircle
 10
431.0
 20
167.0
 30
0.0
 40
2.5
  0
DIMENSION
  5
2592
102
{ACAD_XDICTIONARY
360
2593
102
}
102
{ACAD_REACTORS
330
2594
102
}
330
1F
100
AcDbEntity
  8
Dimensions
100
AcDbDimension
  2
*D139
 10
429.2322330470335
 20
165.2322330470336
 30
0.0
 11
436.892556509888
 21
175.5442069393374
 31
0.0
 70
    35
 71
     5
 42
5.00000000000017
 73
     0
 74
     0
 75
     0
  3
ISO-25
100
AcDbDiametricDimension
 15
432.7677669529664
 25
168.7677669529664
 35
0.0
 40
0.0
1001
ACAD
1000
DSTYLE
1002
{
1070
   288
1070
     1
1002
}
1001
ACAD_DSTYLE_DIMRADIAL_EXTENSION
1070
   387
1070
     1
1070
   388
1040
0.0
1070
   390
1040
0.0
  0
CIRCLE
  5
25A0
102
{ACAD_REACTORS
330
25A3
330
25FB
102
}
330
1F
100
AcDbEntity
  8
0
100
AcDbCircle
 10
478.0
 20
167.0
 30
0.0
 40
2.5
  0
DIMENSION
  5
25A1
102
{ACAD_XDICTIONARY
360
25A2
102
}
102
{ACAD_REACTORS
330
25A3
102
}
330
1F
100
AcDbEntity
  8
Dimensions
100
AcDbDimension
  2
*D140
 10
476.2322330470334
 20
165.2322330470335
 30
0.0
 11
483.892556509888
 21
175.5442069393373
 31
0.0
 70
    35
 71
     5
 42
5.000000000000113
 73
     0
 74
     0
 75
     0
  3
ISO-25
100
AcDbDiametricDimension
 15
479.7677669529663
 25
168.7677669529663
 35
0.0
 40
0.0
1001
ACAD
1000
DSTYLE
1002
{
1070
   288
1070
     1
1002
}
1001
ACAD_DSTYLE_DIMRADIAL_EXTENSION
1070
   387
1070
     1
1070
   388
1040
0.0
1070
   390
1040
0.0
  0
LWPOLYLINE
  5
2616
102
{ACAD_REACTORS
330
278B
330
2B74
330
2BE1
330
2D50
102
}
330
1F
100
AcDbEntity
  8
0
 62
     0
100
AcDbPolyline
 90
        4
 70
     1
 43
0.0
 10
-903.0
 20
-213.0
 10
-369.0000000000001
 20
-213.0
 10
-369.0
 20
713.0
 10
-903.0
 20
713.0
  0
INSERT
  5
2617
102
{ACAD_REACTORS
330
2D51
102
}
330
1F
100
AcDbEntity
  8
0
100
AcDbBlockReference
  2
Insert8
 10
-4427.476965907245
 20
-4188.678582361375
 30
0.0
 41
-1.0
  0
INSERT
  5
2618
102
{ACAD_REACTORS
330
29A5
330
2D4F
102
}
330
1F
100
AcDbEntity
  8
0
100
AcDbBlockReference
  2
Insert9
 10
2926.610311471076
 20
-4188.621658539715
 30
0.0
  0
LWPOLYLINE
  5
2773
330
1F
100
AcDbEntity
  8
Defpoints
100
AcDbPolyline
 90
        4
 70
     1
 43
0.0
 10
-890.0000000000002
 20
6.000000000000181
 10
-402.0
 20
6.000000000000181
 10
-402.0
 20
494.0
 10
-890.0000000000002
 20
494.0
  0
DIMENSION
  5
2774
102
{ACAD_XDICTIONARY
360
2781
102
}
102
{ACAD_REACTORS
330
278B
102
}
330
1F
100
AcDbEntity
  8
Dimensions
100
AcDbDimension
  2
*D153
 10
-890.0000000000002
 20
-223.0
 30
0.0
 11
-896.4999999999999
 21
-221.125
 31
0.0
 70
    32
 71
     5
 42
13.0
 73
     0
 74
     0
 75
     0
  3
ISO-25
100
AcDbAlignedDimension
 13
-903.0
 23
-213.0
 33
0.0
 14
-890.0
 24
713.0
 34
0.0
100
AcDbRotatedDimension
  0
DIMENSION
  5
27A3
330
1F
100
AcDbEntity
  8
Dimensions
100
AcDbDimension
  2
*D154
 10
-352.0000000000006
 20
6.000000000000089
 30
0.0
 11
-353.8750000000005
 21
0.0000000000001896
 31
0.0
 70
    32
 71
     5
 42
11.99999999999999
 73
     0
 74
     0
 75
     0
  3
ISO-25
100
AcDbAlignedDimension
 13
-933.0
 23
-6.0
 33
0.0
 14
-890.0
 24
6.0
 34
0.0
 50
90.0
100
AcDbRotatedDimension
  0
CIRCLE
  5
2802
102
{ACAD_REACTORS
330
2818
330
2D50
102
}
330
1F
100
AcDbEntity
  8
0
100
AcDbCircle
 10
-890.0000000000002
 20
6.000000000000181
 30
0.0
 40
3.0
  0
DIMENSION
  5
2803
102
{ACAD_XDICTIONARY
360
280F
102
}
102
{ACAD_REACTORS
330
2818
102
}
330
1F
100
AcDbEntity
  8
Dimensions
100
AcDbDimension
  2
*D155
 10
-892.1213203435597
 20
3.878679656440681
 30
0.0
 11
-883.7538900995184
 21
14.89776032993069
 31
0.0
 70
    35
 71
     5
 42
5.999999999999886
 73
     0
 74
     0
 75
     0
  3
ISO-25
100
AcDbDiametricDimension
 15
-887.8786796564401
 25
8.121320343559716
 35
0.0
 40
0.0
1001
ACAD
1000
DSTYLE
1002
{
1070
   288
1070
     1
1002
}
1001
ACAD_DSTYLE_DIMRADIAL_EXTENSION
1070
   387
1070
     1
1070
   388
1040
0.0
1070
   390
1040
0.0
  0
CIRCLE
  5
2839
102
{ACAD_REACTORS
330
283C
330
2D50
102
}
330
1F
100
AcDbEntity
  8
0
100
AcDbCircle
 10
-890.0000000000002
 20
494.0
 30
0.0
 40
3.0
  0
DIMENSION
  5
283A
102
{ACAD_XDICTIONARY
360
283B
102
}
102
{ACAD_REACTORS
330
283C
102
}
330
1F
100
AcDbEntity
  8
Dimensions
100
AcDbDimension
  2
*D156
 10
-892.1213203435597
 20
491.8786796564404
 30
0.0
 11
-883.7538900995186
 21
502.8977603299305
 31
0.0
 70
    35
 71
     5
 42
6.0
 73
     0
 74
     0
 75
     0
  3
ISO-25
100
AcDbDiametricDimension
 15
-887.8786796564403
 25
496.1213203435596
 35
0.0
 40
0.0
1001
ACAD
1000
DSTYLE
1002
{
1070
   288
1070
     1
1002
}
1001
ACAD_DSTYLE_DIMRADIAL_EXTENSION
1070
   387
1070
     1
1070
   388
1040
0.0
1070
   390
1040
0.0
  0
CIRCLE
  5
2848
102
{ACAD_REACTORS
330
284B
330
2D50
102
}
330
1F
100
AcDbEntity
  8
0
100
AcDbCircle
 10
-402.0
 20
494.0
 30
0.0
 40
3.0
  0
DIMENSION
  5
2849
102
{ACAD_XDICTIONARY
360
284A
102
}
102
{ACAD_REACTORS
330
284B
102
}
330
1F
100
AcDbEntity
  8
Dimensions
100
AcDbDimension
  2
*D157
 10
-404.1213203435598
 20
491.8786796564405
 30
0.0
 11
-395.7538900995183
 21
502.8977603299303
 31
0.0
 70
    35
 71
     5
 42
6.0
 73
     0
 74
     0
 75
     0
  3
ISO-25
100
AcDbDiametricDimension
 15
-399.8786796564403
 25
496.1213203435595
 35
0.0
 40
0.0
1001
ACAD
1000
DSTYLE
1002
{
1070
   288
1070
     1
1002
}
1001
ACAD_DSTYLE_DIMRADIAL_EXTENSION
1070
   387
1070
     1
1070
   388
1040
0.0
1070
   390
1040
0.0
  0
CIRCLE
  5
2857
102
{ACAD_REACTORS
330
285A
330
2D50
102
}
330
1F
100
AcDbEntity
  8
0
100
AcDbCircle
 10
-402.0
 20
6.000000000000181
 30
0.0
 40
3.0
  0
DIMENSION
  5
2858
102
{ACAD_XDICTIONARY
360
2859
102
}
102
{ACAD_REACTORS
330
285A
102
}
330
1F
100
AcDbEntity
  8
Dimensions
100
AcDbDimension
  2
*D158
 10
-404.1213203435597
 20
3.878679656440624
 30
0.0
 11
-395.7538900995186
 21
14.89776032993063
 31
0.0
 70
    35
 71
     5
 42
5.999999999999943
 73
     0
 74
     0
 75
     0
  3
ISO-25
100
AcDbDiametricDimension
 15
-399.8786796564403
 25
8.121320343559744
 35
0.0
 40
0.0
1001
ACAD
1000
DSTYLE
1002
{
1070
   288
1070
     1
1002
}
1001
ACAD_DSTYLE_DIMRADIAL_EXTENSION
1070
   387
1070
     1
1070
   388
1040
0.0
1070
   390
1040
0.0
  0
DIMENSION
  5
2899
330
1F
100
AcDbEntity
  8
Dimensions
100
AcDbDimension
  2
*D159
 10
-940.0000000000003
 20
506.0000000000001
 30
0.0
 11
-941.8750000000001
 21
500.0000000000003
 31
0.0
 70
    32
 71
     5
 42
12.0
 73
     0
 74
     0
 75
     0
  3
ISO-25
100
AcDbAlignedDimension
 13
-890.0
 23
494.0
 33
0.0
 14
-890.0
 24
506.0
 34
0.0
 50
90.0
100
AcDbRotatedDimension
  0
DIMENSION
  5
28A6
330
1F
100
AcDbEntity
  8
Dimensions
100
AcDbDimension
  2
*D160
 10
-913.0000000000013
 20
-109.0000000000001
 30
0.0
 11
-914.8750000000012
 21
-160.9999999999998
 31
0.0
 70
    32
 71
     5
 42
103.9999999999999
 73
     0
 74
     0
 75
     0
  3
ISO-25
100
AcDbAlignedDimension
 13
-903.0
 23
-213.0
 33
0.0
 14
-369.0
 24
-109.0
 34
0.0
 50
90.0
100
AcDbRotatedDimension
  0
DIMENSION
  5
28C5
330
1F
100
AcDbEntity
  8
Dimensions
100
AcDbDimension
  2
*D161
 10
-369.0
 20
-233.0
 30
0.0
 11
-636.0
 21
-231.125
 31
0.0
 70
    32
 71
     5
 42
534.0
 73
     0
 74
     0
 75
     0
  3
ISO-25
100
AcDbAlignedDimension
 13
-903.0
 23
-213.0
 33
0.0
 14
-369.0
 24
-213.0
 34
0.0
100
AcDbRotatedDimension
  0
DIMENSION
  5
28D2
330
1F
100
AcDbEntity
  8
Dimensions
100
AcDbDimension
  2
*D162
 10
-623.0
 20
-223.0
 30
0.0
 11
-712.0
 21
-221.125
 31
0.0
 70
    32
 71
     5
 42
178.0
 73
     0
 74
     0
 75
     0
  3
ISO-25
100
AcDbAlignedDimension
 13
-801.0
 23
-213.0
 33
0.0
 14
-623.0
 24
-109.0
 34
0.0
100
AcDbRotatedDimension
  0
DIMENSION
  5
28F2
330
1F
100
AcDbEntity
  8
Dimensions
100
AcDbDimension
  2
*D163
 10
-801.0
 20
-223.0
 30
0.0
 11
-845.5
 21
-221.125
 31
0.0
 70
    32
 71
     5
 42
89.0
 73
     0
 74
     0
 75
     0
  3
ISO-25
100
AcDbAlignedDimension
 13
-890.0
 23
-213.0
 33
0.0
 14
-801.0
 24
-109.0
 34
0.0
100
AcDbRotatedDimension
  0
DIMENSION
  5
2908
330
1F
100
AcDbEntity
  8
Dimensions
100
AcDbDimension
  2
*D164
 10
-445.0
 20
-223.0
 30
0.0
 11
-534.0
 21
-221.125
 31
0.0
 70
    32
 71
     5
 42
178.0
 73
     0
 74
     0
 75
     0
  3
ISO-25
100
AcDbAlignedDimension
 13
-623.0
 23
-213.0
 33
0.0
 14
-445.0
 24
-109.0
 34
0.0
100
AcDbRotatedDimension
  0
CIRCLE
  5
2939
102
{ACAD_REACTORS
330
294F
330
2D50
102
}
330
1F
100
AcDbEntity
  8
0
100
AcDbCircle
 10
-801.0
 20
-109.0
 30
0.0
 40
1.5
  0
DIMENSION
  5
293A
102
{ACAD_XDICTIONARY
360
2946
102
}
102
{ACAD_REACTORS
330
294F
102
}
330
1F
100
AcDbEntity
  8
Dimensions
100
AcDbDimension
  2
*D165
 10
-802.0606601717798
 20
-110.0606601717798
 30
0.0
 11
-795.8145502712989
 21
-101.1628998418487
 31
0.0
 70
    35
 71
     5
 42
3.0
 73
     0
 74
     0
 75
     0
  3
ISO-25
100
AcDbDiametricDimension
 15
-799.9393398282202
 25
-107.9393398282201
 35
0.0
 40
0.0
1001
ACAD
1000
DSTYLE
1002
{
1070
   288
1070
     1
1002
}
1001
ACAD_DSTYLE_DIMRADIAL_EXTENSION
1070
   387
1070
     1
1070
   388
1040
0.0
1070
   390
1040
0.0
  0
CIRCLE
  5
2970
102
{ACAD_REACTORS
330
2973
330
2D50
102
}
330
1F
100
AcDbEntity
  8
0
100
AcDbCircle
 10
-623.0
 20
-109.0
 30
0.0
 40
1.5
  0
DIMENSION
  5
2971
102
{ACAD_XDICTIONARY
360
2972
102
}
102
{ACAD_REACTORS
330
2973
102
}
330
1F
100
AcDbEntity
  8
Dimensions
100
AcDbDimension
  2
*D166
 10
-624.0606601717797
 20
-110.0606601717798
 30
0.0
 11
-617.814550271299
 21
-101.1628998418489
 31
0.0
 70
    35
 71
     5
 42
2.999999999999886
 73
     0
 74
     0
 75
     0
  3
ISO-25
100
AcDbDiametricDimension
 15
-621.9393398282202
 25
-107.9393398282202
 35
0.0
 40
0.0
1001
ACAD
1000
DSTYLE
1002
{
1070
   288
1070
     1
1002
}
1001
ACAD_DSTYLE_DIMRADIAL_EXTENSION
1070
   387
1070
     1
1070
   388
1040
0.0
1070
   390
1040
0.0
  0
CIRCLE
  5
297F
102
{ACAD_REACTORS
330
2982
330
2D50
102
}
330
1F
100
AcDbEntity
  8
0
100
AcDbCircle
 10
-445.0
 20
-109.0
 30
0.0
 40
1.5
  0
DIMENSION
  5
2980
102
{ACAD_XDICTIONARY
360
2981
102
}
102
{ACAD_REACTORS
330
2982
102
}
330
1F
100
AcDbEntity
  8
Dimensions
100
AcDbDimension
  2
*D167
 10
-446.0606601717797
 20
-110.0606601717798
 30
0.0
 11
-439.814550271299
 21
-101.1628998418488
 31
0.0
 70
    35
 71
     5
 42
3.0
 73
     0
 74
     0
 75
     0
  3
ISO-25
100
AcDbDiametricDimension
 15
-443.9393398282202
 25
-107.9393398282201
 35
0.0
 40
0.0
1001
ACAD
1000
DSTYLE
1002
{
1070
   288
1070
     1
1002
}
1001
ACAD_DSTYLE_DIMRADIAL_EXTENSION
1070
   387
1070
     1
1070
   388
1040
0.0
1070
   390
1040
0.0
  0
DIMENSION
  5
298E
102
{ACAD_XDICTIONARY
360
299B
102
}
102
{ACAD_REACTORS
330
29A5
102
}
330
1F
100
AcDbEntity
  8
Dimensions
100
AcDbDimension
  2
*D168
 10
-249.0
 20
516.0
 30
0.0
 11
-294.0
 21
517.8749999999999
 31
0.0
 70
    32
 71
     5
 42
90.0
 73
     0
 74
     0
 75
     0
  3
ISO-25
100
AcDbAlignedDimension
 13
-339.0
 23
506.0
 33
0.0
 14
-249.0
 24
-6.0
 34
0.0
100
AcDbRotatedDimension
  0
DIMENSION
  5
29AF
330
1F
100
AcDbEntity
  8
Dimensions
100
AcDbDimension
  2
*D169
 10
-239.0
 20
516.0
 30
0.0
 11
-244.0
 21
517.8749999999999
 31
0.0
 70
    32
 71
     5
 42
10.0
 73
     0
 74
     0
 75
     0
  3
ISO-25
100
AcDbAlignedDimension
 13
-249.0
 23
506.0
 33
0.0
 14
-239.0
 24
-6.0
 34
0.0
100
AcDbRotatedDimension
  0
DIMENSION
  5
29C6
330
1F
100
AcDbEntity
  8
Dimensions
100
AcDbDimension
  2
*D170
 10
-349.0000000000002
 20
466.0000000000002
 30
0.0
 11
-350.875
 21
486.0000000000002
 31
0.0
 70
    32
 71
     5
 42
40.0
 73
     0
 74
     0
 75
     0
  3
ISO-25
100
AcDbAlignedDimension
 13
-339.0
 23
506.0
 33
0.0
 14
-249.0
 24
466.0
 34
0.0
 50
90.0
100
AcDbRotatedDimension
  0
DIMENSION
  5
29DC
330
1F
100
AcDbEntity
  8
Dimensions
100
AcDbDimension
  2
*D171
 10
-349.0000000000002
 20
356.0000000000001
 30
0.0
 11
-350.875
 21
411.0000000000001
 31
0.0
 70
    32
 71
     5
 42
110.0
 73
     0
 74
     0
 75
     0
  3
ISO-25
100
AcDbAlignedDimension
 13
-249.0
 23
466.0
 33
0.0
 14
-239.0
 24
356.0
 34
0.0
 50
90.0
100
AcDbRotatedDimension
  0
DIMENSION
  5
29E9
330
1F
100
AcDbEntity
  8
Dimensions
100
AcDbDimension
  2
*D172
 10
-349.0000000000002
 20
114.0
 30
0.0
 11
-350.8750000000002
 21
54.00000000000009
 31
0.0
 70
    32
 71
     5
 42
120.0
 73
     0
 74
     0
 75
     0
  3
ISO-25
100
AcDbAlignedDimension
 13
-339.0
 23
-6.0
 33
0.0
 14
-249.0
 24
114.0
 34
0.0
 50
90.0
100
AcDbRotatedDimension
  0
CIRCLE
  5
2A08
102
{ACAD_REACTORS
330
2A20
330
2D4F
102
}
330
1F
100
AcDbEntity
  8
0
100
AcDbCircle
 10
-249.0
 20
466.0
 30
0.0
 40
18.0
  0
CIRCLE
  5
2A09
102
{ACAD_REACTORS
330
2A8C
330
2D4F
102
}
330
1F
100
AcDbEntity
  8
0
100
AcDbCircle
 10
-239.0
 20
356.0
 30
0.0
 40
11.0
  0
CIRCLE
  5
2A0A
102
{ACAD_REACTORS
330
2A56
330
2D4F
102
}
330
1F
100
AcDbEntity
  8
0
100
AcDbCircle
 10
-249.0
 20
114.0
 30
0.0
 40
18.0
  0
DIMENSION
  5
2A0B
102
{ACAD_XDICTIONARY
360
2A17
102
}
102
{ACAD_REACTORS
330
2A20
102
}
330
1F
100
AcDbEntity
  8
Dimensions
100
AcDbDimension
  2
*D173
 10
-262.0499898046994
 20
453.6025096855355
 30
0.0
 11
-229.0
 21
485.0000000000002
 31
0.0
 70
   163
 71
     5
 42
36.0
 73
     0
 74
     0
 75
     0
  3
ISO-25
100
AcDbDiametricDimension
 15
-235.9500101953007
 25
478.3974903144645
 35
0.0
 40
0.0
1001
ACAD
1000
DSTYLE
1002
{
1070
   288
1070
     1
1002
}
1001
ACAD_DSTYLE_DIMRADIAL_EXTENSION
1070
   387
1070
     1
1070
   388
1040
0.0
1070
   390
1040
0.0
  0
DIMENSION
  5
2A41
102
{ACAD_XDICTIONARY
360
2A4D
102
}
102
{ACAD_REACTORS
330
2A56
102
}
330
1F
100
AcDbEntity
  8
Dimensions
100
AcDbDimension
  2
*D174
 10
-261.7279220613578
 20
101.2720779386421
 30
0.0
 11
-231.2634049052374
 21
134.3882455242121
 31
0.0
 70
    35
 71
     5
 42
35.99999999999996
 73
     0
 74
     0
 75
     0
  3
ISO-25
100
AcDbDiametricDimension
 15
-236.2720779386421
 25
126.7279220613578
 35
0.0
 40
0.0
1001
ACAD
1000
DSTYLE
1002
{
1070
   288
1070
     1
1002
}
1001
ACAD_DSTYLE_DIMRADIAL_EXTENSION
1070
   387
1070
     1
1070
   388
1040
0.0
1070
   390
1040
0.0
  0
DIMENSION
  5
2A77
102
{ACAD_XDICTIONARY
360
2A83
102
}
102
{ACAD_REACTORS
330
2A8C
102
}
330
1F
100
AcDbEntity
  8
Dimensions
100
AcDbDimension
  2
*D175
 10
-246.778174593052
 20
348.2218254069479
 30
0.0
 11
-226.2131523735432
 21
371.4384980559064
 31
0.0
 70
    35
 71
     5
 42
22.00000000000011
 73
     0
 74
     0
 75
     0
  3
ISO-25
100
AcDbDiametricDimension
 15
-231.2218254069479
 25
363.778174593052
 35
0.0
 40
0.0
1001
ACAD
1000
DSTYLE
1002
{
1070
   288
1070
     1
1002
}
1001
ACAD_DSTYLE_DIMRADIAL_EXTENSION
1070
   387
1070
     1
1070
   388
1040
0.0
1070
   390
1040
0.0
  0
DIMENSION
  5
2AAE
330
1F
100
AcDbEntity
  8
Dimensions
100
AcDbDimension
  2
*D176
 10
-1155.000000000002
 20
149.0
 30
0.0
 11
-1156.875000000001
 21
71.50000000000031
 31
0.0
 70
    32
 71
     5
 42
155.0
 73
     0
 74
     0
 75
     0
  3
ISO-25
100
AcDbAlignedDimension
 13
-1145.0
 23
-6.0
 33
0.0
 14
-933.0
 24
149.0
 34
0.0
 50
90.0
100
AcDbRotatedDimension
  0
DIMENSION
  5
2AF7
330
1F
100
AcDbEntity
  8
Defpoints
100
AcDbDimension
  2
*D178
 10
-1197.0
 20
163.0
 30
0.0
 11
-1200.5
 21
164.875
 31
0.0
 70
    32
 71
     5
 42
7.0
 73
     0
 74
     0
 75
     0
  3
ISO-25
100
AcDbAlignedDimension
 13
-1204.0
 23
159.0
 33
0.0
 14
-1197.0
 24
159.0
 34
0.0
100
AcDbRotatedDimension
  0
DIMENSION
  5
2B04
330
1F
100
AcDbEntity
  8
Defpoints
100
AcDbDimension
  2
*D179
 10
-1209.0
 20
152.0
 30
0.0
 11
-1210.875
 21
155.5000000000003
 31
0.0
 70
    32
 71
     5
 42
7.0
 73
     0
 74
     0
 75
     0
  3
ISO-25
100
AcDbAlignedDimension
 13
-1204.0
 23
159.0
 33
0.0
 14
-1204.0
 24
152.0
 34
0.0
 50
90.0
100
AcDbRotatedDimension
  0
DIMENSION
  5
2B17
330
1F
100
AcDbEntity
  8
Dimensions
100
AcDbDimension
  2
*D180
 10
-1078.0
 20
149.0
 30
0.0
 11
-1111.5
 21
150.875
 31
0.0
 70
    32
 71
     5
 42
67.0
 73
     0
 74
     0
 75
     0
  3
ISO-25
100
AcDbAlignedDimension
 13
-1145.0
 23
149.0
 33
0.0
 14
-1078.0
 24
149.0
 34
0.0
100
AcDbRotatedDimension
  0
LWPOLYLINE
  5
2B48
330
1F
100
AcDbEntity
  8
Defpoints
100
AcDbPolyline
 90
        4
 70
     0
 43
0.0
 10
-1204.0
 20
109.0
 10
-1204.0
 20
152.0
 42
-0.4142135623730959
 10
-1197.0
 20
159.0
 10
-1184.0
 20
159.0
  0
CIRCLE
  5
2B49
102
{ACAD_REACTORS
330
2D51
102
}
330
1F
100
AcDbEntity
  8
0
100
AcDbCircle
 10
-1078.0
 20
149.0
 30
0.0
 40
25.0
  0
DIMENSION
  5
2B5D
102
{ACAD_XDICTIONARY
360
2B6A
102
}
102
{ACAD_REACTORS
330
2B74
102
}
330
1F
100
AcDbEntity
  8
Dimensions
100
AcDbDimension
  2
*D181
 10
-578.0
 20
733.0
 30
0.0
 11
-473.5
 21
734.8749999999999
 31
0.0
 70
    32
 71
     5
 42
209.0
 73
     0
 74
     0
 75
     0
  3
ISO-25
100
AcDbAlignedDimension
 13
-369.0
 23
713.0
 33
0.0
 14
-578.0
 24
657.0
 34
0.0
100
AcDbRotatedDimension
  0
DIMENSION
  5
2B75
330
1F
100
AcDbEntity
  8
Defpoints
100
AcDbDimension
  2
*D182
 10
-963.0
 20
716.0
 30
0.0
 11
-966.5
 21
717.8749999999999
 31
0.0
 70
    32
 71
     5
 42
7.0
 73
     0
 74
     0
 75
     0
  3
ISO-25
100
AcDbAlignedDimension
 13
-970.0
 23
712.0
 33
0.0
 14
-963.0
 24
712.0
 34
0.0
100
AcDbRotatedDimension
  0
DIMENSION
  5
2B76
330
1F
100
AcDbEntity
  8
Defpoints
100
AcDbDimension
  2
*D183
 10
-975.0000000000014
 20
705.0000000000002
 30
0.0
 11
-976.8750000000009
 21
708.5000000000004
 31
0.0
 70
    32
 71
     5
 42
7.0
 73
     0
 74
     0
 75
     0
  3
ISO-25
100
AcDbAlignedDimension
 13
-970.0
 23
712.0
 33
0.0
 14
-970.0
 24
705.0
 34
0.0
 50
90.0
100
AcDbRotatedDimension
  0
LWPOLYLINE
  5
2B77
330
1F
100
AcDbEntity
  8
Defpoints
100
AcDbPolyline
 90
        4
 70
     0
 43
0.0
 10
-970.0
 20
703.0
 10
-970.0
 20
705.0
 42
-0.4142135623730959
 10
-963.0
 20
712.0
 10
-950.0
 20
712.0
  0
DIMENSION
  5
2BA2
330
1F
100
AcDbEntity
  8
Defpoints
100
AcDbDimension
  2
*D184
 10
-984.0000000000008
 20
703.0000000000002
 30
0.0
 11
-985.8750000000005
 21
707.5000000000004
 31
0.0
 70
    32
 71
     5
 42
9.0
 73
     0
 74
     0
 75
     0
  3
ISO-25
100
AcDbAlignedDimension
 13
-963.0
 23
712.0
 33
0.0
 14
-963.0
 24
703.0
 34
0.0
 50
90.0
100
AcDbRotatedDimension
  0
DIMENSION
  5
2BCA
102
{ACAD_XDICTIONARY
360
2BD7
102
}
102
{ACAD_REACTORS
330
2BE1
102
}
330
1F
100
AcDbEntity
  8
Dimensions
100
AcDbDimension
  2
*D185
 10
-923.0000000000003
 20
687.0
 30
0.0
 11
-924.8750000000001
 21
700.0000000000002
 31
0.0
 70
    32
 71
     5
 42
26.00000000000012
 73
     0
 74
     0
 75
     0
  3
ISO-25
100
AcDbAlignedDimension
 13
-903.0
 23
713.0
 33
0.0
 14
-578.0
 24
687.0
 34
0.0
 50
90.0
100
AcDbRotatedDimension
  0
DIMENSION
  5
2BF4
330
1F
100
AcDbEntity
  8
Dimensions
100
AcDbDimension
  2
*D186
 10
-923.0000000000003
 20
657.0000000000001
 30
0.0
 11
-924.8750000000001
 21
672.0000000000002
 31
0.0
 70
    32
 71
     5
 42
30.00000000000011
 73
     0
 74
     0
 75
     0
  3
ISO-25
100
AcDbAlignedDimension
 13
-903.0
 23
687.0
 33
0.0
 14
-578.0
 24
657.0
 34
0.0
 50
90.0
100
AcDbRotatedDimension
  0
DIMENSION
  5
2C13
330
1F
100
AcDbEntity
  8
Dimensions
100
AcDbDimension
  2
*D187
 10
-578.0
 20
733.0
 30
0.0
 11
-608.0
 21
734.8749999999999
 31
0.0
 70
    32
 71
     5
 42
60.0
 73
     0
 74
     0
 75
     0
  3
ISO-25
100
AcDbAlignedDimension
 13
-638.0
 23
657.0
 33
0.0
 14
-578.0
 24
713.0
 34
0.0
100
AcDbRotatedDimension
  0
DIMENSION
  5
2C68
330
1F
100
AcDbEntity
  8
Dimensions
100
AcDbDimension
  2
*D188
 10
-582.0
 20
723.0
 30
0.0
 11
-610.0
 21
724.875
 31
0.0
 70
    32
 71
     5
 42
56.0
 73
     0
 74
     0
 75
     0
  3
ISO-25
100
AcDbAlignedDimension
 13
-638.0
 23
723.0
 33
0.0
 14
-582.0
 24
657.0
 34
0.0
100
AcDbRotatedDimension
  0
DIMENSION
  5
2C9A
330
1F
100
AcDbEntity
  8
Dimensions
100
AcDbDimension
  2
*D189
 10
-913.0000000000009
 20
666.0000000000001
 30
0.0
 11
-914.8750000000005
 21
676.5000000000002
 31
0.0
 70
    32
 71
     5
 42
21.00000000000012
 73
     0
 74
     0
 75
     0
  3
ISO-25
100
AcDbAlignedDimension
 13
-903.0
 23
687.0
 33
0.0
 14
-582.0
 24
666.0
 34
0.0
 50
90.0
100
AcDbRotatedDimension
  0
CIRCLE
  5
2CB0
102
{ACAD_REACTORS
330
2CD6
330
2D50
102
}
330
1F
100
AcDbEntity
  8
0
100
AcDbCircle
 10
-638.0
 20
687.0000000000002
 30
0.0
 40
2.5
  0
DIMENSION
  5
2CC1
102
{ACAD_XDICTIONARY
360
2CCD
102
}
102
{ACAD_REACTORS
330
2CD6
102
}
330
1F
100
AcDbEntity
  8
Dimensions
100
AcDbDimension
  2
*D191
 10
-639.7677669529664
 20
685.2322330470339
 30
0.0
 11
-632.107443490112
 21
695.5442069393374
 31
0.0
 70
    35
 71
     5
 42
5.0
 73
     0
 74
     0
 75
     0
  3
ISO-25
100
AcDbDiametricDimension
 15
-636.2322330470335
 25
688.7677669529665
 35
0.0
 40
0.0
1001
ACAD
1000
DSTYLE
1002
{
1070
   288
1070
     1
1002
}
1001
ACAD_DSTYLE_DIMRADIAL_EXTENSION
1070
   387
1070
     1
1070
   388
1040
0.0
1070
   390
1040
0.0
  0
CIRCLE
  5
2CF5
102
{ACAD_REACTORS
330
2CF8
330
2D50
102
}
330
1F
100
AcDbEntity
  8
0
100
AcDbCircle
 10
-638.0
 20
666.0000000000002
 30
0.0
 40
2.5
  0
DIMENSION
  5
2CF6
102
{ACAD_XDICTIONARY
360
2CF7
102
}
102
{ACAD_REACTORS
330
2CF8
102
}
330
1F
100
AcDbEntity
  8
Dimensions
100
AcDbDimension
  2
*D194
 10
-639.7677669529664
 20
664.2322330470339
 30
0.0
 11
-632.107443490112
 21
674.5442069393374
 31
0.0
 70
    35
 71
     5
 42
5.000000000000056
 73
     0
 74
     0
 75
     0
  3
ISO-25
100
AcDbDiametricDimension
 15
-636.2322330470335
 25
667.7677669529665
 35
0.0
 40
0.0
1001
ACAD
1000
DSTYLE
1002
{
1070
   288
1070
     1
1002
}
1001
ACAD_DSTYLE_DIMRADIAL_EXTENSION
1070
   387
1070
     1
1070
   388
1040
0.0
1070
   390
1040
0.0
  0
CIRCLE
  5
2D04
102
{ACAD_REACTORS
330
2D07
330
2D50
102
}
330
1F
100
AcDbEntity
  8
0
100
AcDbCircle
 10
-638.0
 20
657.0000000000002
 30
0.0
 40
2.5
  0
DIMENSION
  5
2D05
102
{ACAD_XDICTIONARY
360
2D06
102
}
102
{ACAD_REACTORS
330
2D07
102
}
330
1F
100
AcDbEntity
  8
Dimensions
100
AcDbDimension
  2
*D195
 10
-639.7677669529664
 20
655.2322330470339
 30
0.0
 11
-632.1074434901118
 21
665.5442069393374
 31
0.0
 70
    35
 71
     5
 42
5.0
 73
     0
 74
     0
 75
     0
  3
ISO-25
100
AcDbDiametricDimension
 15
-636.2322330470335
 25
658.7677669529664
 35
0.0
 40
0.0
1001
ACAD
1000
DSTYLE
1002
{
1070
   288
1070
     1
1002
}
1001
ACAD_DSTYLE_DIMRADIAL_EXTENSION
1070
   387
1070
     1
1070
   388
1040
0.0
1070
   390
1040
0.0
  0
CIRCLE
  5
2D13
102
{ACAD_REACTORS
330
2D16
330
2D50
102
}
330
1F
100
AcDbEntity
  8
0
100
AcDbCircle
 10
-582.0
 20
666.0000000000002
 30
0.0
 40
2.5
  0
DIMENSION
  5
2D14
102
{ACAD_XDICTIONARY
360
2D15
102
}
102
{ACAD_REACTORS
330
2D16
102
}
330
1F
100
AcDbEntity
  8
Dimensions
100
AcDbDimension
  2
*D196
 10
-583.7677669529665
 20
664.2322330470339
 30
0.0
 11
-576.1074434901119
 21
674.5442069393375
 31
0.0
 70
    35
 71
     5
 42
5.000000000000113
 73
     0
 74
     0
 75
     0
  3
ISO-25
100
AcDbDiametricDimension
 15
-580.2322330470335
 25
667.7677669529665
 35
0.0
 40
0.0
1001
ACAD
1000
DSTYLE
1002
{
1070
   288
1070
     1
1002
}
1001
ACAD_DSTYLE_DIMRADIAL_EXTENSION
1070
   387
1070
     1
1070
   388
1040
0.0
1070
   390
1040
0.0
  0
CIRCLE
  5
2D22
102
{ACAD_REACTORS
330
2D25
330
2D50
102
}
330
1F
100
AcDbEntity
  8
0
100
AcDbCircle
 10
-578.0
 20
657.0000000000002
 30
0.0
 40
2.5
  0
DIMENSION
  5
2D23
102
{ACAD_XDICTIONARY
360
2D24
102
}
102
{ACAD_REACTORS
330
2D25
102
}
330
1F
100
AcDbEntity
  8
Dimensions
100
AcDbDimension
  2
*D197
 10
-579.7677669529664
 20
655.2322330470339
 30
0.0
 11
-572.1074434901119
 21
665.5442069393374
 31
0.0
 70
    35
 71
     5
 42
5.0
 73
     0
 74
     0
 75
     0
  3
ISO-25
100
AcDbDiametricDimension
 15
-576.2322330470335
 25
658.7677669529664
 35
0.0
 40
0.0
1001
ACAD
1000
DSTYLE
1002
{
1070
   288
1070
     1
1002
}
1001
ACAD_DSTYLE_DIMRADIAL_EXTENSION
1070
   387
1070
     1
1070
   388
1040
0.0
1070
   390
1040
0.0
  0
LWPOLYLINE
  5
2D36
102
{ACAD_REACTORS
330
2D50
102
}
330
1F
100
AcDbEntity
  8
0
100
AcDbPolyline
 90
        4
 70
     1
 43
0.0
 10
-578.0
 20
684.5000000000002
 42
0.9999999999999998
 10
-578.0
 20
689.4999999999997
 10
-582.0
 20
689.5000000000002
 42
1.000000000000022
 10
-581.9999999999999
 20
684.5000000000002
  0
VIEWPORT
  5
1E7A
102
{ACAD_XDICTIONARY
360
1E7B
102
}
330
1E73
100
AcDbEntity
 67
     1
  8
0
100
AcDbViewport
 10
389.3588768878248
 20
141.3593189568732
 30
0.0
 40
1001.77267388887
 41
525.1323107516626
 68
     1
 69
     1
 12
389.3588768878248
 22
141.3593189568732
 13
0.0
 23
0.0
 14
1.0
 24
1.0
 15
10.0
 25
10.0
 16
0.0
 26
0.0
 36
1.0
 17
0.0
 27
0.0
 37
0.0
 42
50.0
 43
0.0
 44
0.0
 45
525.1323107516626
 50
0.0
 51
0.0
 72
  1000
 90
   819488
  1

281
     0
 71
     1
 74
     0
110
0.0
120
0.0
130
0.0
111
1.0
121
0.0
131
0.0
112
0.0
122
1.0
132
0.0
 79
     0
146
0.0
170
     0
 61
     5
348
F5
292
     1
282
     1
141
0.0
142
0.0
 63
   250
421
  3355443
  0
VIEWPORT
  5
1E7E
102
{ACAD_XDICTIONARY
360
1E7F
102
}
330
1E73
100
AcDbEntity
 67
     1
  8
Defpoints
100
AcDbViewport
 10
206.9041687250137
 20
145.351510643959
 30
0.0
 40
413.8083374500274
 41
290.7030212879181
 68
     2
 69
     2
 12
243.4603862641948
 22
256.5640662917597
 13
0.0
 23
0.0
 14
1.0
 24
1.0
 15
10.0
 25
10.0
 16
0.0
 26
0.0
 36
1.0
 17
0.0
 27
0.0
 37
0.0
 42
50.0
 43
0.0
 44
0.0
 45
517.1244276478817
 50
0.0
 51
0.0
 72
  1000
 90
   557408
  1

281
     0
 71
     1
 74
     0
110
0.0
120
0.0
130
0.0
111
1.0
121
0.0
131
0.0
112
0.0
122
1.0
132
0.0
 79
     0
146
0.0
170
     0
 61
     5
348
F5
292
     1
282
     1
141
0.0
142
0.0
 63
   250
421
  3355443
  0
TEXT
  5
1FEF
330
1E73
100
AcDbEntity
 67
     1
  8
Inscriptions
100
AcDbText
 10
3.0
 20
272.0
 30
0.0
 40
7.0
  1
046 plate
100
AcDbText
  0
ENDSEC
  0
SECTION
  2
OBJECTS
  0
DICTIONARY
  5
C
330
0
100
AcDbDictionary
281
     1
  3
ACAD_CIP_PREVIOUS_PRODUCT_INFO
350
201F
  3
ACAD_COLOR
350
6B
  3
ACAD_DETAILVIEWSTYLE
350
2017
  3
ACAD_GROUP
350
D
  3
ACAD_LAYOUT
350
1A
  3
ACAD_MATERIAL
350
6A
  3
ACAD_MLEADERSTYLE
350
12D
  3
ACAD_MLINESTYLE
350
17
  3
ACAD_PLOTSETTINGS
350
19
  3
ACAD_PLOTSTYLENAME
350
E
  3
ACAD_SCALELIST
350
10C
  3
ACAD_SECTIONVIEWSTYLE
350
2015
  3
ACAD_TABLESTYLE
350
7E
  3
ACAD_VISUALSTYLE
350
EF
  3
ACDB_RECOMPOSE_DATA
350
2DE3
  3
AcDbVariableDictionary
350
5E
  3
AcDsDecomposeData
350
2DE9
  0
DICTIONARY
  5
1B5
330
2
100
AcDbDictionary
280
     1
281
     1
  3
ACAD_LAYERFILTERS
360
1ED8
  3
ACAD_LAYERSTATES
360
1E90
  3
ACLYDICTIONARY
360
1ED7
  0
DICTIONARY
  5
13C
330
10
100
AcDbDictionary
280
     1
281
     1
  3
ADSK_XREC_LAYER_RECONCILED
360
1B0
  0
DICTIONARY
  5
DEE
330
1F
100
AcDbDictionary
280
     1
281
     1
  3
ACAD_SORTENTS
360
DEF
  0
DICTIONARY
  5
44B
330
44A
100
AcDbDictionary
280
     1
281
     1
  3
ACAD_DIMASSOC
360
44C
  0
DICTIONARY
  5
45A
330
459
100
AcDbDictionary
280
     1
281
     1
  3
ACAD_DIMASSOC
360
45B
  0
DICTIONARY
  5
4F4
330
4E8
100
AcDbDictionary
280
     1
281
     1
  3
ACAD_DIMASSOC
360
4FD
  0
DICTIONARY
  5
534
330
533
100
AcDbDictionary
280
     1
281
     1
  3
ACAD_DIMASSOC
360
535
  0
DICTIONARY
  5
543
330
542
100
AcDbDictionary
280
     1
281
     1
  3
ACAD_DIMASSOC
360
544
  0
DICTIONARY
  5
552
330
551
100
AcDbDictionary
280
     1
281
     1
  3
ACAD_DIMASSOC
360
553
  0
DICTIONARY
  5
5B0
330
5AF
100
AcDbDictionary
280
     1
281
     1
  3
ACAD_DIMASSOC
360
5B1
  0
DICTIONARY
  5
5BF
330
5BE
100
AcDbDictionary
280
     1
281
     1
  3
ACAD_DIMASSOC
360
5C0
  0
DICTIONARY
  5
5CE
330
5CD
100
AcDbDictionary
280
     1
281
     1
  3
ACAD_DIMASSOC
360
5CF
  0
DICTIONARY
  5
649
330
648
100
AcDbDictionary
280
     1
281
     1
  3
ACAD_DIMASSOC
360
64A
  0
DICTIONARY
  5
658
330
657
100
AcDbDictionary
280
     1
281
     1
  3
ACAD_DIMASSOC
360
659
  0
DICTIONARY
  5
667
330
666
100
AcDbDictionary
280
     1
281
     1
  3
ACAD_DIMASSOC
360
668
  0
DICTIONARY
  5
6CA
330
6C9
100
AcDbDictionary
280
     1
281
     1
  3
ACAD_DIMASSOC
360
6CB
  0
DICTIONARY
  5
6D9
330
6D8
100
AcDbDictionary
280
     1
281
     1
  3
ACAD_DIMASSOC
360
6DA
  0
DICTIONARY
  5
6E8
330
6E7
100
AcDbDictionary
280
     1
281
     1
  3
ACAD_DIMASSOC
360
6E9
  0
DICTIONARY
  5
DC3
330
DC2
100
AcDbDictionary
280
     1
281
     1
  3
ACAD_DIMASSOC
360
DC4
  0
DICTIONARY
  5
DD2
330
DD1
100
AcDbDictionary
280
     1
281
     1
  3
ACAD_DIMASSOC
360
DD3
  0
DICTIONARY
  5
DE1
330
DE0
100
AcDbDictionary
280
     1
281
     1
  3
ACAD_DIMASSOC
360
DE2
  0
DICTIONARY
  5
FBA
330
FB9
100
AcDbDictionary
280
     1
281
     1
  3
ACAD_DIMASSOC
360
FBB
  0
DICTIONARY
  5
FC9
330
FC8
100
AcDbDictionary
280
     1
281
     1
  3
ACAD_DIMASSOC
360
FCA
  0
DICTIONARY
  5
FD8
330
FD7
100
AcDbDictionary
280
     1
281
     1
  3
ACAD_DIMASSOC
360
FD9
  0
DICTIONARY
  5
FE8
330
FE7
100
AcDbDictionary
280
     1
281
     1
  3
ACAD_DIMASSOC
360
FE9
  0
DICTIONARY
  5
FEC
330
FEB
100
AcDbDictionary
280
     1
281
     1
  3
ACAD_DIMASSOC
360
FED
  0
DICTIONARY
  5
FF0
330
FEF
100
AcDbDictionary
280
     1
281
     1
  3
ACAD_DIMASSOC
360
FF1
  0
DICTIONARY
  5
FF4
330
FF3
100
AcDbDictionary
280
     1
281
     1
  3
ACAD_DIMASSOC
360
FF5
  0
DICTIONARY
  5
FF8
330
FF7
100
AcDbDictionary
280
     1
281
     1
  3
ACAD_DIMASSOC
360
FF9
  0
DICTIONARY
  5
FFC
330
FFB
100
AcDbDictionary
280
     1
281
     1
  3
ACAD_DIMASSOC
360
FFD
  0
DICTIONARY
  5
1A35
330
1A34
100
AcDbDictionary
280
     1
281
     1
  3
ACAD_DIMASSOC
360
1A36
  0
DICTIONARY
  5
1A44
330
1A43
100
AcDbDictionary
280
     1
281
     1
  3
ACAD_DIMASSOC
360
1A45
  0
DICTIONARY
  5
1A53
330
1A52
100
AcDbDictionary
280
     1
281
     1
  3
ACAD_DIMASSOC
360
1A54
  0
DICTIONARY
  5
1AFA
330
1AF9
100
AcDbDictionary
280
     1
281
     1
  3
ACAD_DIMASSOC
360
1AFB
  0
DICTIONARY
  5
1B09
330
1B08
100
AcDbDictionary
280
     1
281
     1
  3
ACAD_DIMASSOC
360
1B0A
  0
DICTIONARY
  5
1B18
330
1B17
100
AcDbDictionary
280
     1
281
     1
  3
ACAD_DIMASSOC
360
1B19
  0
DICTIONARY
  5
1B27
330
1B26
100
AcDbDictionary
280
     1
281
     1
  3
ACAD_DIMASSOC
360
1B28
  0
DICTIONARY
  5
2563
330
2557
100
AcDbDictionary
280
     1
281
     1
  3
ACAD_DIMASSOC
360
256C
  0
DICTIONARY
  5
2593
330
2592
100
AcDbDictionary
280
     1
281
     1
  3
ACAD_DIMASSOC
360
2594
  0
DICTIONARY
  5
25A2
330
25A1
100
AcDbDictionary
280
     1
281
     1
  3
ACAD_DIMASSOC
360
25A3
  0
DICTIONARY
  5
2781
330
2774
100
AcDbDictionary
280
     1
281
     1
  3
ACAD_DIMASSOC
360
278B
  0
DICTIONARY
  5
280F
330
2803
100
AcDbDictionary
280
     1
281
     1
  3
ACAD_DIMASSOC
360
2818
  0
DICTIONARY
  5
283B
330
283A
100
AcDbDictionary
280
     1
281
     1
  3
ACAD_DIMASSOC
360
283C
  0
DICTIONARY
  5
284A
330
2849
100
AcDbDictionary
280
     1
281
     1
  3
ACAD_DIMASSOC
360
284B
  0
DICTIONARY
  5
2859
330
2858
100
AcDbDictionary
280
     1
281
     1
  3
ACAD_DIMASSOC
360
285A
  0
DICTIONARY
  5
2946
330
293A
100
AcDbDictionary
280
     1
281
     1
  3
ACAD_DIMASSOC
360
294F
  0
DICTIONARY
  5
2972
330
2971
100
AcDbDictionary
280
     1
281
     1
  3
ACAD_DIMASSOC
360
2973
  0
DICTIONARY
  5
2981
330
2980
100
AcDbDictionary
280
     1
281
     1
  3
ACAD_DIMASSOC
360
2982
  0
DICTIONARY
  5
299B
330
298E
100
AcDbDictionary
280
     1
281
     1
  3
ACAD_DIMASSOC
360
29A5
  0
DICTIONARY
  5
2A17
330
2A0B
100
AcDbDictionary
280
     1
281
     1
  3
ACAD_DIMASSOC
360
2A20
  0
DICTIONARY
  5
2A4D
330
2A41
100
AcDbDictionary
280
     1
281
     1
  3
ACAD_DIMASSOC
360
2A56
  0
DICTIONARY
  5
2A83
330
2A77
100
AcDbDictionary
280
     1
281
     1
  3
ACAD_DIMASSOC
360
2A8C
  0
DICTIONARY
  5
2B6A
330
2B5D
100
AcDbDictionary
280
     1
281
     1
  3
ACAD_DIMASSOC
360
2B74
  0
DICTIONARY
  5
2BD7
330
2BCA
100
AcDbDictionary
280
     1
281
     1
  3
ACAD_DIMASSOC
360
2BE1
  0
DICTIONARY
  5
2CCD
330
2CC1
100
AcDbDictionary
280
     1
281
     1
  3
ACAD_DIMASSOC
360
2CD6
  0
DICTIONARY
  5
2CF7
330
2CF6
100
AcDbDictionary
280
     1
281
     1
  3
ACAD_DIMASSOC
360
2CF8
  0
DICTIONARY
  5
2D06
330
2D05
100
AcDbDictionary
280
     1
281
     1
  3
ACAD_DIMASSOC
360
2D07
  0
DICTIONARY
  5
2D15
330
2D14
100
AcDbDictionary
280
     1
281
     1
  3
ACAD_DIMASSOC
360
2D16
  0
DICTIONARY
  5
2D24
330
2D23
100
AcDbDictionary
280
     1
281
     1
  3
ACAD_DIMASSOC
360
2D25
  0
DICTIONARY
  5
1E7B
330
1E7A
100
AcDbDictionary
280
     1
281
     1
  3
ASDK_XREC_ANNOTATION_SCALE_INFO
360
1E7C
  0
DICTIONARY
  5
1E7F
330
1E7E
100
AcDbDictionary
280
     1
281
     1
  3
ASDK_XREC_ANNOTATION_SCALE_INFO
360
1E80
  0
XRECORD
  5
201F
102
{ACAD_REACTORS
330
C
102
}
330
C
100
AcDbXrecord
280
     1
300
ACD
300
2024
300
87798ACD_2024_0F
  0
DICTIONARY
  5
6B
102
{ACAD_REACTORS
330
C
102
}
330
C
100
AcDbDictionary
281
     1
  0
DICTIONARY
  5
2017
102
{ACAD_REACTORS
330
C
102
}
330
C
100
AcDbDictionary
281
     1
  3
Imperial24
350
260E
  3
Metric50
350
2018
  0
DICTIONARY
  5
D
102
{ACAD_REACTORS
330
C
102
}
330
C
100
AcDbDictionary
281
     1
  3
*A1
350
1CE2
  3
*A3
350
25FB
  3
*A4
350
2D4F
  3
*A5
350
2D50
  3
*A6
350
2D51
  3
PLATE
350
1CAC
  0
DICTIONARY
  5
1A
102
{ACAD_REACTORS
330
C
102
}
330
C
100
AcDbDictionary
281
     1
  3
A3land
350
1E74
  3
Model
350
22
  0
DICTIONARY
  5
6A
102
{ACAD_REACTORS
330
C
102
}
330
C
100
AcDbDictionary
281
     1
  3
ByBlock
350
ED
  3
ByLayer
350
EC
  3
Global
350
EE
  0
DICTIONARY
  5
12D
102
{ACAD_REACTORS
330
C
102
}
330
C
100
AcDbDictionary
281
     1
  3
Standard
350
12E
  3
Аннотативный
350
13B
  0
DICTIONARY
  5
17
102
{ACAD_REACTORS
330
C
102
}
330
C
100
AcDbDictionary
281
     1
  3
Standard
350
18
  0
DICTIONARY
  5
19
102
{ACAD_REACTORS
330
C
102
}
330
C
100
AcDbDictionary
281
     1
  0
ACDBDICTIONARYWDFLT
  5
E
102
{ACAD_REACTORS
330
C
102
}
330
C
100
AcDbDictionary
281
     1
  3
Normal
350
F
100
AcDbDictionaryWithDefault
340
F
  0
DICTIONARY
  5
10C
102
{ACAD_REACTORS
330
C
102
}
330
C
100
AcDbDictionary
281
     1
  3
A0
350
10D
  3
A1
350
188
  3
A2
350
189
  3
A3
350
18A
  3
A4
350
18B
  3
A5
350
18C
  3
A6
350
18D
  3
A7
350
18E
  3
A8
350
18F
  3
A9
350
190
  3
B0
350
191
  3
B1
350
192
  3
B2
350
193
  3
B3
350
194
  3
B4
350
195
  3
B5
350
196
  3
B6
350
197
  3
B7
350
198
  3
B8
350
199
  3
B9
350
19A
  3
C0
350
19B
  3
C1
350
19C
  3
C2
350
19D
  3
C3
350
19E
  3
C4
350
19F
  3
C5
350
1A0
  3
C6
350
1A1
  3
C7
350
1A2
  3
C8
350
1A3
  3
C9
350
1A4
  3
D0
350
1A5
  3
D1
350
1A6
  3
D2
350
1A7
  0
DICTIONARY
  5
2015
102
{ACAD_REACTORS
330
C
102
}
330
C
100
AcDbDictionary
281
     1
  3
Imperial24
350
260D
  3
Metric50
350
2016
  0
DICTIONARY
  5
7E
102
{ACAD_REACTORS
330
C
102
}
330
C
100
AcDbDictionary
281
     1
  3
Standard
350
7F
  0
DICTIONARY
  5
EF
102
{ACAD_REACTORS
330
C
102
}
330
C
100
AcDbDictionary
281
     1
  3
2dWireframe
350
F5
  3
3D Hidden
350
F7
  3
3dWireframe
350
F6
  3
Basic
350
F4
  3
Brighten
350
FB
  3
ColorChange
350
FF
  3
Conceptual
350
F8
  3
Dim
350
FA
  3
EdgeColorOff
350
2014
  3
Facepattern
350
FE
  3
Flat
350
F0
  3
FlatWithEdges
350
F1
  3
Gouraud
350
F2
  3
GouraudWithEdges
350
F3
  3
Hidden
350
200C
  3
JitterOff
350
2012
  3
Linepattern
350
FD
  3
OverhangOff
350
2013
  3
Realistic
350
F9
  3
Shaded
350
2011
  3
Shaded with edges
350
2010
  3
Shades of Gray
350
200D
  3
Sketchy
350
200E
  3
Thicken
350
FC
  3
Wireframe
350
200B
  3
X-Ray
350
200F
  0
XRECORD
  5
2DE3
102
{ACAD_REACTORS
330
C
102
}
330
C
100
AcDbXrecord
280
     1
 90
        1
330
7F
  0
DICTIONARY
  5
5E
102
{ACAD_REACTORS
330
C
102
}
330
C
100
AcDbDictionary
281
     1
  3
CANNOSCALE
350
146
  3
CMLEADERSTYLE
350
145
  3
CTABLESTYLE
350
84
  3
CVIEWDETAILSTYLE
350
258D
  3
CVIEWSECTIONSTYLE
350
258E
  3
DIMASSOC
350
5F
  3
HIDETEXT
350
63
  3
LAYEREVAL
350
258F
  3
LAYERNOTIFY
350
2590
  0
DICTIONARY
  5
2DE9
102
{ACAD_REACTORS
330
C
102
}
330
C
100
AcDbDictionary
281
     1
  3
AcDsRecords
350
2DEB
  3
AcDsSchemas
350
2DEA
1001
ACAD
1070
     2
  0
DICTIONARY
  5
1ED8
102
{ACAD_REACTORS
330
1B5
102
}
330
1B5
100
AcDbDictionary
281
     1
  0
DICTIONARY
  5
1E90
102
{ACAD_REACTORS
330
1B5
102
}
330
1B5
100
AcDbDictionary
281
     1
  0
DICTIONARY
  5
1ED7
102
{ACAD_REACTORS
330
1B5
102
}
330
1B5
100
AcDbDictionary
281
     1
1001
ACAD
1000
<All
  0
XRECORD
  5
1B0
102
{ACAD_REACTORS
330
13C
102
}
330
13C
100
AcDbXrecord
280
     1
290
     1
  0
SORTENTSTABLE
  5
DEF
102
{ACAD_REACTORS
330
DEE
102
}
330
DEE
100
AcDbSortentsTable
330
1F
331
1B8
  5
FB9
331
1BB
  5
222
331
1D4
  5
22F
331
1E1
  5
295
331
1EE
  5
297
331
1FB
  5
2AD
331
208
  5
2AE
331
215
  5
2BC
331
22F
  5
2CB
331
295
  5
E08
331
297
  5
2CC
331
2AD
  5
E09
331
2AE
  5
2DA
331
2BC
  5
E1F
331
2BD
  5
2EA
331
2CB
  5
E35
331
2CC
  5
2F8
331
2DA
  5
E54
331
2DB
  5
2F9
331
2E9
  5
E55
331
2EA
  5
307
331
2F8
  5
E63
331
2F9
  5
308
331
307
  5
E64
331
308
  5
316
331
316
  5
E72
331
335
  5
E73
331
336
  5
335
331
35E
  5
336
331
36C
  5
344
331
3B7
  5
351
331
3C4
  5
35E
331
3D1
  5
36C
331
3DE
  5
3B7
331
3EB
  5
3C4
331
3FA
  5
3D1
331
407
  5
3DE
331
414
  5
3EB
331
421
  5
3FA
331
449
  5
E81
331
44A
  5
407
331
458
  5
E83
331
459
  5
414
331
470
  5
421
331
4A1
  5
E99
331
4A4
  5
449
331
4BA
  5
EAF
331
4BB
  5
44A
331
4C9
  5
458
331
4D8
  5
459
331
4E7
  5
EC5
331
4E8
  5
470
331
4FE
  5
4A1
331
50D
  5
4A4
331
532
  5
EE4
331
533
  5
4BA
331
541
  5
EFB
331
542
  5
4BB
331
550
  5
F11
331
551
  5
4C9
331
562
  5
4D8
331
56F
  5
4E7
331
57C
  5
4E8
331
5AE
  5
F12
331
5AF
  5
4FE
331
5BD
  5
F20
331
5BE
  5
50D
331
5CC
  5
F21
331
5CD
  5
532
331
5E4
  5
533
331
5FA
  5
541
331
607
  5
542
331
614
  5
550
331
647
  5
F2F
331
648
  5
551
331
656
  5
F30
331
657
  5
562
331
665
  5
F3E
331
666
  5
56F
331
67D
  5
57C
331
68A
  5
5AE
331
697
  5
5AF
331
6C8
  5
F4C
331
6C9
  5
5BD
331
6D7
  5
F63
331
6D8
  5
5BE
331
6E6
  5
F79
331
6E7
  5
5CC
331
70F
  5
5CD
331
D68
  5
5E4
331
D7E
  5
5FA
331
D95
  5
607
331
DAB
  5
614
331
DC1
  5
F8F
331
DC2
  5
647
331
DD0
  5
FB7
331
DD1
  5
648
331
DDF
  5
FB8
331
DE0
  5
656
331
E02
  5
FC7
331
E03
  5
FC8
331
E04
  5
FD6
331
E05
  5
FD7
331
E06
  5
FE6
331
E08
  5
FE7
331
E54
  5
FEA
331
E63
  5
FEB
331
E72
  5
FEE
331
E81
  5
FEF
331
EE4
  5
6E6
331
EFB
  5
6E7
331
F11
  5
FF2
331
F20
  5
FF3
331
F2F
  5
FF6
331
F3E
  5
FF7
331
F4C
  5
D95
331
F63
  5
DAB
331
F79
  5
DC1
331
F8F
  5
DC2
331
FB7
  5
FFA
331
FB8
  5
FFB
331
FB9
  5
DD0
331
FC7
  5
19EF
331
FC8
  5
DD1
331
FD6
  5
19F1
331
FD7
  5
DDF
331
FE6
  5
19F2
331
FE7
  5
DE0
331
FEA
  5
1A08
331
FEB
  5
E02
331
FEE
  5
1A1E
331
FEF
  5
E03
331
FF2
  5
1A34
331
FF3
  5
E04
331
FF6
  5
1A37
331
FF7
  5
E05
331
FFA
  5
1A43
331
FFB
  5
E06
331
19EF
  5
1A46
331
19F1
  5
1A52
331
19F2
  5
1A55
331
1A08
  5
1A62
331
1A1E
  5
1A92
331
1A34
  5
1AB1
331
1A37
  5
1AD1
331
1A43
  5
1AF9
331
1A46
  5
1AFC
331
1A52
  5
1B08
331
1A55
  5
1B0B
331
1A62
  5
1B17
331
1A92
  5
1B1A
331
1AB1
  5
1B26
331
1AD1
  5
1B29
331
1AF9
  5
1B50
331
1AFC
  5
1C46
331
1B08
  5
1C53
331
1B0B
  5
1C7F
331
1B17
  5
1C9E
331
1B1A
  5
1C9F
331
1B26
  5
1CA0
331
1B29
  5
1CA1
331
1C9E
  5
1CA6
331
1C9F
  5
1CAD
331
1CA0
  5
1CAE
331
1CA1
  5
1CAF
331
1CA2
  5
1CB0
331
1CA3
  5
1CB1
331
1CA4
  5
1CB2
331
1CA5
  5
1CB3
331
1CA6
  5
1CB4
331
1CAD
  5
1CB5
331
1CAE
  5
1CB6
331
1CAF
  5
1CB7
331
1CB0
  5
1CB8
331
1CB1
  5
1CB9
331
1CB2
  5
1CBA
331
1CB3
  5
1CBB
331
1CB4
  5
1CBC
331
1CB5
  5
1CBD
331
1CB6
  5
1CBE
331
1CB7
  5
1CBF
331
1CB8
  5
1CC0
331
1CB9
  5
1CC1
331
1CBA
  5
1CC2
331
1CBB
  5
1CC3
331
1CBC
  5
1CC4
331
1CBD
  5
1CC5
331
1CBE
  5
1CC6
331
1CBF
  5
1CC7
331
1CC0
  5
1CC8
331
1CC1
  5
1CC9
331
1CC2
  5
1CCA
331
1CC3
  5
1CCB
331
1CC4
  5
1CCC
331
1CC5
  5
1CCD
331
1CC6
  5
1CCE
331
1CC7
  5
1CCF
331
1CC8
  5
1CD0
331
1CC9
  5
1CD1
331
1CCA
  5
1CD2
331
1CCB
  5
1CD3
331
1CCC
  5
1CD4
331
1CCD
  5
1CD5
331
1CCE
  5
1CD6
331
1CCF
  5
1CD7
331
1CD0
  5
1CD8
331
1CD1
  5
1CD9
331
1CD2
  5
1CDA
331
1CD3
  5
1CDB
331
1CD4
  5
1CDC
331
1CD5
  5
1CDD
331
1CD6
  5
1CDE
331
1CD7
  5
1CDF
331
1CD8
  5
1CE0
331
1CD9
  5
1CE1
331
1CDA
  5
1CE3
331
1CDB
  5
1CE4
331
1CDC
  5
1CE5
331
1CDD
  5
1CE6
331
1CDE
  5
1CE7
331
1CDF
  5
1CE8
331
1CE0
  5
1CE9
331
1CE1
  5
1CEA
331
1CE3
  5
1CEB
331
1CE4
  5
1CEC
331
1CE5
  5
1CED
331
1CE6
  5
1CEE
331
1CE7
  5
1CEF
331
1CE8
  5
1CF0
331
1CE9
  5
1CF1
331
1CEA
  5
1CF2
331
1CEB
  5
1CF3
331
1CEC
  5
1CF4
331
1CED
  5
1CF5
331
1CEE
  5
1CF6
331
1CEF
  5
1CF7
331
1CF0
  5
1CF8
331
1CF1
  5
1CF9
331
1CF2
  5
1CFA
331
1CF3
  5
1CFB
331
1CF4
  5
1CFC
331
1CF5
  5
1CFD
331
1CF6
  5
1CFE
331
1CF7
  5
1CFF
331
1CF8
  5
1D00
331
1CF9
  5
1D01
331
1CFA
  5
1D02
331
1CFB
  5
1D03
331
1CFC
  5
1D04
331
1CFD
  5
1D05
331
1CFE
  5
1D06
331
1CFF
  5
1D07
331
1D00
  5
1D08
331
1D01
  5
1D09
331
1D08
  5
1D10
331
1D09
  5
1D11
331
1D0A
  5
1D12
331
1D0B
  5
1D13
331
1D0C
  5
1D14
331
1D0D
  5
1D15
331
1D0E
  5
1D16
331
1D0F
  5
1D17
331
1D10
  5
1EA9
331
1D11
  5
1EC8
331
1D12
  5
1EEB
331
1D13
  5
1F2F
331
1D14
  5
1F57
331
1D15
  5
1F7F
331
1D16
  5
1FA8
331
1D17
  5
1FC7
331
1EA9
  5
1B8
331
1EC8
  5
1BB
331
1EEB
  5
1D4
331
1F2F
  5
1E1
331
1F57
  5
1EE
331
1F7F
  5
1FB
331
1FA8
  5
208
331
1FC7
  5
215
331
2B48
  5
2B13
331
2D36
  5
2D32
  0
DIMASSOC
  5
44C
102
{ACAD_REACTORS
330
44B
102
}
330
44B
100
AcDbDimAssoc
330
44A
 90
        2
 70
     0
 71
     0
  1
AcDbOsnapPointRef
 72
     3
331
449
 73
     2
 91
        0
 40
0.0
 10
0.0
 20
0.0
 30
0.0
 75
     0
  0
DIMASSOC
  5
45B
102
{ACAD_REACTORS
330
45A
102
}
330
45A
100
AcDbDimAssoc
330
459
 90
        2
 70
     0
 71
     0
  1
AcDbOsnapPointRef
 72
     3
331
458
 73
     2
 91
        0
 40
0.0
 10
0.0
 20
0.0
 30
0.0
 75
     0
  0
DIMASSOC
  5
4FD
102
{ACAD_REACTORS
330
4F4
102
}
330
4F4
100
AcDbDimAssoc
330
4E8
 90
        2
 70
     0
 71
     0
  1
AcDbOsnapPointRef
 72
     3
331
4E7
 73
     2
 91
        0
 40
0.0
 10
0.0
 20
0.0
 30
0.0
 75
     0
  0
DIMASSOC
  5
535
102
{ACAD_REACTORS
330
534
102
}
330
534
100
AcDbDimAssoc
330
533
 90
        2
 70
     0
 71
     0
  1
AcDbOsnapPointRef
 72
     3
331
532
 73
     2
 91
        0
 40
0.0
 10
0.0
 20
0.0
 30
0.0
 75
     0
  0
DIMASSOC
  5
544
102
{ACAD_REACTORS
330
543
102
}
330
543
100
AcDbDimAssoc
330
542
 90
        2
 70
     0
 71
     0
  1
AcDbOsnapPointRef
 72
     3
331
541
 73
     2
 91
        0
 40
0.0
 10
0.0
 20
0.0
 30
0.0
 75
     0
  0
DIMASSOC
  5
553
102
{ACAD_REACTORS
330
552
102
}
330
552
100
AcDbDimAssoc
330
551
 90
        2
 70
     0
 71
     0
  1
AcDbOsnapPointRef
 72
     3
331
550
 73
     2
 91
        0
 40
0.0
 10
0.0
 20
0.0
 30
0.0
 75
     0
  0
DIMASSOC
  5
5B1
102
{ACAD_REACTORS
330
5B0
102
}
330
5B0
100
AcDbDimAssoc
330
5AF
 90
        2
 70
     0
 71
     0
  1
AcDbOsnapPointRef
 72
     3
331
5AE
 73
     2
 91
        0
 40
0.0
 10
0.0
 20
0.0
 30
0.0
 75
     0
  0
DIMASSOC
  5
5C0
102
{ACAD_REACTORS
330
5BF
102
}
330
5BF
100
AcDbDimAssoc
330
5BE
 90
        2
 70
     0
 71
     0
  1
AcDbOsnapPointRef
 72
     3
331
5BD
 73
     2
 91
        0
 40
0.0
 10
0.0
 20
0.0
 30
0.0
 75
     0
  0
DIMASSOC
  5
5CF
102
{ACAD_REACTORS
330
5CE
102
}
330
5CE
100
AcDbDimAssoc
330
5CD
 90
        2
 70
     0
 71
     0
  1
AcDbOsnapPointRef
 72
     3
331
5CC
 73
     2
 91
        0
 40
0.0
 10
0.0
 20
0.0
 30
0.0
 75
     0
  0
DIMASSOC
  5
64A
102
{ACAD_REACTORS
330
649
102
}
330
649
100
AcDbDimAssoc
330
648
 90
        2
 70
     0
 71
     0
  1
AcDbOsnapPointRef
 72
     3
331
647
 73
     2
 91
        0
 40
0.0
 10
0.0
 20
0.0
 30
0.0
 75
     0
  0
DIMASSOC
  5
659
102
{ACAD_REACTORS
330
658
102
}
330
658
100
AcDbDimAssoc
330
657
 90
        2
 70
     0
 71
     0
  1
AcDbOsnapPointRef
 72
     3
331
656
 73
     2
 91
        0
 40
0.0
 10
0.0
 20
0.0
 30
0.0
 75
     0
  0
DIMASSOC
  5
668
102
{ACAD_REACTORS
330
667
102
}
330
667
100
AcDbDimAssoc
330
666
 90
        2
 70
     0
 71
     0
  1
AcDbOsnapPointRef
 72
     3
331
665
 73
     2
 91
        0
 40
0.0
 10
0.0
 20
0.0
 30
0.0
 75
     0
  0
DIMASSOC
  5
6CB
102
{ACAD_REACTORS
330
6CA
102
}
330
6CA
100
AcDbDimAssoc
330
6C9
 90
        2
 70
     0
 71
     0
  1
AcDbOsnapPointRef
 72
     3
331
6C8
 73
     2
 91
        0
 40
0.0
 10
0.0
 20
0.0
 30
0.0
 75
     0
  0
DIMASSOC
  5
6DA
102
{ACAD_REACTORS
330
6D9
102
}
330
6D9
100
AcDbDimAssoc
330
6D8
 90
        2
 70
     0
 71
     0
  1
AcDbOsnapPointRef
 72
     3
331
6D7
 73
     2
 91
        0
 40
0.0
 10
0.0
 20
0.0
 30
0.0
 75
     0
  0
DIMASSOC
  5
6E9
102
{ACAD_REACTORS
330
6E8
102
}
330
6E8
100
AcDbDimAssoc
330
6E7
 90
        2
 70
     0
 71
     0
  1
AcDbOsnapPointRef
 72
     3
331
6E6
 73
     2
 91
        0
 40
0.0
 10
0.0
 20
0.0
 30
0.0
 75
     0
  0
DIMASSOC
  5
DC4
102
{ACAD_REACTORS
330
DC3
102
}
330
DC3
100
AcDbDimAssoc
330
DC2
 90
        2
 70
     0
 71
     0
  1
AcDbOsnapPointRef
 72
     3
331
DC1
 73
     2
 91
        0
 40
0.0
 10
0.0
 20
0.0
 30
0.0
 75
     0
  0
DIMASSOC
  5
DD3
102
{ACAD_REACTORS
330
DD2
102
}
330
DD2
100
AcDbDimAssoc
330
DD1
 90
        2
 70
     0
 71
     0
  1
AcDbOsnapPointRef
 72
     3
331
DD0
 73
     2
 91
        0
 40
0.0
 10
0.0
 20
0.0
 30
0.0
 75
     0
  0
DIMASSOC
  5
DE2
102
{ACAD_REACTORS
330
DE1
102
}
330
DE1
100
AcDbDimAssoc
330
DE0
 90
        2
 70
     0
 71
     0
  1
AcDbOsnapPointRef
 72
     3
331
DDF
 73
     2
 91
        0
 40
0.0
 10
0.0
 20
0.0
 30
0.0
 75
     0
  0
DIMASSOC
  5
FBB
102
{ACAD_REACTORS
330
FBA
102
}
330
FBA
100
AcDbDimAssoc
330
FB9
 90
        2
 70
     0
 71
     0
  1
AcDbOsnapPointRef
 72
     3
331
FB8
 73
     2
 91
        0
 40
0.0
 10
0.0
 20
0.0
 30
0.0
 75
     0
  0
DIMASSOC
  5
FCA
102
{ACAD_REACTORS
330
FC9
102
}
330
FC9
100
AcDbDimAssoc
330
FC8
 90
        2
 70
     0
 71
     0
  1
AcDbOsnapPointRef
 72
     3
331
FC7
 73
     2
 91
        0
 40
0.0
 10
0.0
 20
0.0
 30
0.0
 75
     0
  0
DIMASSOC
  5
FD9
102
{ACAD_REACTORS
330
FD8
102
}
330
FD8
100
AcDbDimAssoc
330
FD7
 90
        2
 70
     0
 71
     0
  1
AcDbOsnapPointRef
 72
     3
331
FD6
 73
     2
 91
        0
 40
0.0
 10
0.0
 20
0.0
 30
0.0
 75
     0
  0
DIMASSOC
  5
FE9
102
{ACAD_REACTORS
330
FE8
102
}
330
FE8
100
AcDbDimAssoc
330
FE7
 90
        2
 70
     0
 71
     0
  1
AcDbOsnapPointRef
 72
     3
331
FE6
 73
     2
 91
        0
 40
0.0
 10
0.0
 20
0.0
 30
0.0
 75
     0
  0
DIMASSOC
  5
FED
102
{ACAD_REACTORS
330
FEC
102
}
330
FEC
100
AcDbDimAssoc
330
FEB
 90
        2
 70
     0
 71
     0
  1
AcDbOsnapPointRef
 72
     3
331
FEA
 73
     2
 91
        0
 40
0.0
 10
0.0
 20
0.0
 30
0.0
 75
     0
  0
DIMASSOC
  5
FF1
102
{ACAD_REACTORS
330
FF0
102
}
330
FF0
100
AcDbDimAssoc
330
FEF
 90
        2
 70
     0
 71
     0
  1
AcDbOsnapPointRef
 72
     3
331
FEE
 73
     2
 91
        0
 40
0.0
 10
0.0
 20
0.0
 30
0.0
 75
     0
  0
DIMASSOC
  5
FF5
102
{ACAD_REACTORS
330
FF4
102
}
330
FF4
100
AcDbDimAssoc
330
FF3
 90
        2
 70
     0
 71
     0
  1
AcDbOsnapPointRef
 72
     3
331
FF2
 73
     2
 91
        0
 40
0.0
 10
0.0
 20
0.0
 30
0.0
 75
     0
  0
DIMASSOC
  5
FF9
102
{ACAD_REACTORS
330
FF8
102
}
330
FF8
100
AcDbDimAssoc
330
FF7
 90
        2
 70
     0
 71
     0
  1
AcDbOsnapPointRef
 72
     3
331
FF6
 73
     2
 91
        0
 40
0.0
 10
0.0
 20
0.0
 30
0.0
 75
     0
  0
DIMASSOC
  5
FFD
102
{ACAD_REACTORS
330
FFC
102
}
330
FFC
100
AcDbDimAssoc
330
FFB
 90
        2
 70
     0
 71
     0
  1
AcDbOsnapPointRef
 72
     3
331
FFA
 73
     2
 91
        0
 40
0.0
 10
0.0
 20
0.0
 30
0.0
 75
     0
  0
DIMASSOC
  5
1A36
102
{ACAD_REACTORS
330
1A35
102
}
330
1A35
100
AcDbDimAssoc
330
1A34
 90
        2
 70
     0
 71
     0
  1
AcDbOsnapPointRef
 72
     3
331
1A37
 73
     2
 91
        0
 40
0.0
 10
0.0
 20
0.0
 30
0.0
 75
     0
  0
DIMASSOC
  5
1A45
102
{ACAD_REACTORS
330
1A44
102
}
330
1A44
100
AcDbDimAssoc
330
1A43
 90
        2
 70
     0
 71
     0
  1
AcDbOsnapPointRef
 72
     3
331
1A46
 73
     2
 91
        0
 40
0.0
 10
0.0
 20
0.0
 30
0.0
 75
     0
  0
DIMASSOC
  5
1A54
102
{ACAD_REACTORS
330
1A53
102
}
330
1A53
100
AcDbDimAssoc
330
1A52
 90
        2
 70
     0
 71
     0
  1
AcDbOsnapPointRef
 72
     3
331
1A55
 73
     2
 91
        0
 40
0.0
 10
0.0
 20
0.0
 30
0.0
 75
     0
  0
DIMASSOC
  5
1AFB
102
{ACAD_REACTORS
330
1AFA
102
}
330
1AFA
100
AcDbDimAssoc
330
1AF9
 90
        2
 70
     0
 71
     0
  1
AcDbOsnapPointRef
 72
     3
331
1AFC
 73
     2
 91
        0
 40
0.0
 10
0.0
 20
0.0
 30
0.0
 75
     0
  0
DIMASSOC
  5
1B0A
102
{ACAD_REACTORS
330
1B09
102
}
330
1B09
100
AcDbDimAssoc
330
1B08
 90
        2
 70
     0
 71
     0
  1
AcDbOsnapPointRef
 72
     3
331
1B0B
 73
     2
 91
        0
 40
0.0
 10
0.0
 20
0.0
 30
0.0
 75
     0
  0
DIMASSOC
  5
1B19
102
{ACAD_REACTORS
330
1B18
102
}
330
1B18
100
AcDbDimAssoc
330
1B17
 90
        2
 70
     0
 71
     0
  1
AcDbOsnapPointRef
 72
     3
331
1B1A
 73
     2
 91
        0
 40
0.0
 10
0.0
 20
0.0
 30
0.0
 75
     0
  0
DIMASSOC
  5
1B28
102
{ACAD_REACTORS
330
1B27
102
}
330
1B27
100
AcDbDimAssoc
330
1B26
 90
        2
 70
     0
 71
     0
  1
AcDbOsnapPointRef
 72
     3
331
1B29
 73
     2
 91
        0
 40
0.0
 10
0.0
 20
0.0
 30
0.0
 75
     0
  0
DIMASSOC
  5
256C
102
{ACAD_REACTORS
330
2563
102
}
330
2563
100
AcDbDimAssoc
330
2557
 90
        2
 70
     0
 71
     0
  1
AcDbOsnapPointRef
 72
     3
331
2556
 73
     2
 91
        0
 40
0.0
 10
0.0
 20
0.0
 30
0.0
 75
     0
  0
DIMASSOC
  5
2594
102
{ACAD_REACTORS
330
2593
102
}
330
2593
100
AcDbDimAssoc
330
2592
 90
        2
 70
     0
 71
     0
  1
AcDbOsnapPointRef
 72
     3
331
2591
 73
     2
 91
        0
 40
0.0
 10
0.0
 20
0.0
 30
0.0
 75
     0
  0
DIMASSOC
  5
25A3
102
{ACAD_REACTORS
330
25A2
102
}
330
25A2
100
AcDbDimAssoc
330
25A1
 90
        2
 70
     0
 71
     0
  1
AcDbOsnapPointRef
 72
     3
331
25A0
 73
     2
 91
        0
 40
0.0
 10
0.0
 20
0.0
 30
0.0
 75
     0
  0
DIMASSOC
  5
278B
102
{ACAD_REACTORS
330
2781
102
}
330
2781
100
AcDbDimAssoc
330
2774
 90
        1
 70
     0
 71
     0
  1
AcDbOsnapPointRef
 72
    13
331
2616
 73
     2
 91
        1
 40
0.0
 10
0.0
 20
0.0
 30
2.000000000000000E+50
 75
     0
  0
DIMASSOC
  5
2818
102
{ACAD_REACTORS
330
280F
102
}
330
280F
100
AcDbDimAssoc
330
2803
 90
        2
 70
     0
 71
     0
  1
AcDbOsnapPointRef
 72
     3
331
2802
 73
     2
 91
        0
 40
0.0
 10
0.0
 20
0.0
 30
0.0
 75
     0
  0
DIMASSOC
  5
283C
102
{ACAD_REACTORS
330
283B
102
}
330
283B
100
AcDbDimAssoc
330
283A
 90
        2
 70
     0
 71
     0
  1
AcDbOsnapPointRef
 72
     3
331
2839
 73
     2
 91
        0
 40
0.0
 10
0.0
 20
0.0
 30
0.0
 75
     0
  0
DIMASSOC
  5
284B
102
{ACAD_REACTORS
330
284A
102
}
330
284A
100
AcDbDimAssoc
330
2849
 90
        2
 70
     0
 71
     0
  1
AcDbOsnapPointRef
 72
     3
331
2848
 73
     2
 91
        0
 40
0.0
 10
0.0
 20
0.0
 30
0.0
 75
     0
  0
DIMASSOC
  5
285A
102
{ACAD_REACTORS
330
2859
102
}
330
2859
100
AcDbDimAssoc
330
2858
 90
        2
 70
     0
 71
     0
  1
AcDbOsnapPointRef
 72
     3
331
2857
 73
     2
 91
        0
 40
0.0
 10
0.0
 20
0.0
 30
0.0
 75
     0
  0
DIMASSOC
  5
294F
102
{ACAD_REACTORS
330
2946
102
}
330
2946
100
AcDbDimAssoc
330
293A
 90
        2
 70
     0
 71
     0
  1
AcDbOsnapPointRef
 72
     3
331
2939
 73
     2
 91
        0
 40
0.0
 10
0.0
 20
0.0
 30
0.0
 75
     0
  0
DIMASSOC
  5
2973
102
{ACAD_REACTORS
330
2972
102
}
330
2972
100
AcDbDimAssoc
330
2971
 90
        2
 70
     0
 71
     0
  1
AcDbOsnapPointRef
 72
     3
331
2970
 73
     2
 91
        0
 40
0.0
 10
0.0
 20
0.0
 30
0.0
 75
     0
  0
DIMASSOC
  5
2982
102
{ACAD_REACTORS
330
2981
102
}
330
2981
100
AcDbDimAssoc
330
2980
 90
        2
 70
     0
 71
     0
  1
AcDbOsnapPointRef
 72
     3
331
297F
 73
     2
 91
        0
 40
0.0
 10
0.0
 20
0.0
 30
0.0
 75
     0
  0
DIMASSOC
  5
29A5
102
{ACAD_REACTORS
330
299B
102
}
330
299B
100
AcDbDimAssoc
330
298E
 90
        1
 70
     0
 71
     0
  1
AcDbOsnapPointRef
 72
     1
331
2618
331
260A
 73
     2
 91
        1
 40
1.0
 10
0.0
 20
0.0
 30
2.000000000000000E+50
 75
     0
  0
DIMASSOC
  5
2A20
102
{ACAD_REACTORS
330
2A17
102
}
330
2A17
100
AcDbDimAssoc
330
2A0B
 90
        2
 70
     0
 71
     0
  1
AcDbOsnapPointRef
 72
     3
331
2A08
 73
     2
 91
        0
 40
0.0
 10
0.0
 20
0.0
 30
0.0
 75
     0
  0
DIMASSOC
  5
2A56
102
{ACAD_REACTORS
330
2A4D
102
}
330
2A4D
100
AcDbDimAssoc
330
2A41
 90
        2
 70
     0
 71
     0
  1
AcDbOsnapPointRef
 72
     3
331
2A0A
 73
     2
 91
        0
 40
0.0
 10
0.0
 20
0.0
 30
0.0
 75
     0
  0
DIMASSOC
  5
2A8C
102
{ACAD_REACTORS
330
2A83
102
}
330
2A83
100
AcDbDimAssoc
330
2A77
 90
        2
 70
     0
 71
     0
  1
AcDbOsnapPointRef
 72
     3
331
2A09
 73
     2
 91
        0
 40
0.0
 10
0.0
 20
0.0
 30
0.0
 75
     0
  0
DIMASSOC
  5
2B74
102
{ACAD_REACTORS
330
2B6A
102
}
330
2B6A
100
AcDbDimAssoc
330
2B5D
 90
        1
 70
     0
 71
     0
  1
AcDbOsnapPointRef
 72
     1
331
2616
 73
     2
 91
        2
 40
1.0
 10
0.0
 20
0.0
 30
2.000000000000000E+50
 75
     0
  0
DIMASSOC
  5
2BE1
102
{ACAD_REACTORS
330
2BD7
102
}
330
2BD7
100
AcDbDimAssoc
330
2BCA
 90
        1
 70
     0
 71
     0
  1
AcDbOsnapPointRef
 72
     1
331
2616
 73
     2
 91
        3
 40
1.0
 10
0.0
 20
0.0
 30
2.000000000000000E+50
 75
     0
  0
DIMASSOC
  5
2CD6
102
{ACAD_REACTORS
330
2CCD
102
}
330
2CCD
100
AcDbDimAssoc
330
2CC1
 90
        2
 70
     0
 71
     0
  1
AcDbOsnapPointRef
 72
     3
331
2CB0
 73
     2
 91
        0
 40
0.0
 10
0.0
 20
0.0
 30
0.0
 75
     0
  0
DIMASSOC
  5
2CF8
102
{ACAD_REACTORS
330
2CF7
102
}
330
2CF7
100
AcDbDimAssoc
330
2CF6
 90
        2
 70
     0
 71
     0
  1
AcDbOsnapPointRef
 72
     3
331
2CF5
 73
     2
 91
        0
 40
0.0
 10
0.0
 20
0.0
 30
0.0
 75
     0
  0
DIMASSOC
  5
2D07
102
{ACAD_REACTORS
330
2D06
102
}
330
2D06
100
AcDbDimAssoc
330
2D05
 90
        2
 70
     0
 71
     0
  1
AcDbOsnapPointRef
 72
     3
331
2D04
 73
     2
 91
        0
 40
0.0
 10
0.0
 20
0.0
 30
0.0
 75
     0
  0
DIMASSOC
  5
2D16
102
{ACAD_REACTORS
330
2D15
102
}
330
2D15
100
AcDbDimAssoc
330
2D14
 90
        2
 70
     0
 71
     0
  1
AcDbOsnapPointRef
 72
     3
331
2D13
 73
     2
 91
        0
 40
0.0
 10
0.0
 20
0.0
 30
0.0
 75
     0
  0
DIMASSOC
  5
2D25
102
{ACAD_REACTORS
330
2D24
102
}
330
2D24
100
AcDbDimAssoc
330
2D23
 90
        2
 70
     0
 71
     0
  1
AcDbOsnapPointRef
 72
     3
331
2D22
 73
     2
 91
        0
 40
0.0
 10
0.0
 20
0.0
 30
0.0
 75
     0
  0
XRECORD
  5
1E7C
102
{ACAD_REACTORS
330
1E7B
102
}
330
1E7B
100
AcDbXrecord
280
     1
 90
        1
340
10D
  0
XRECORD
  5
1E80
102
{ACAD_REACTORS
330
1E7F
102
}
330
1E7F
100
AcDbXrecord
280
     1
 90
        1
340
10D
  0
ACDBDETAILVIEWSTYLE
  5
260E
102
{ACAD_XDICTIONARY
360
2E26
102
}
102
{ACAD_REACTORS
330
2017
102
}
330
2017
100
AcDbModelDocViewStyle
 70
     0
  3
Imperial24
290
     0
100
AcDbDetailViewStyle
 70
     0
 71
     0
 90
        3
 71
     1
340
11
 62
   256
 40
0.24
340
0
 62
   256
 40
0.24
300

 40
0.36
280
     3
 71
     2
340
16
 90
       25
 62
   256
 71
     3
340
11
 62
   256
 40
0.24
 90
        1
 40
0.75
 90
        1
300
%<\AcVar ViewType \f "%tc1">% %<\AcVar ViewDetailId>%\PМАСШТАБ %<\AcVar ViewScale \f "%sn">%
 71
     4
340
16
 90
       25
 62
   256
340
16
 90
       25
 62
   256
280
     0
  0
ACDBDETAILVIEWSTYLE
  5
2018
102
{ACAD_XDICTIONARY
360
2E22
102
}
102
{ACAD_REACTORS
330
2017
102
}
330
2017
100
AcDbModelDocViewStyle
 70
     0
  3
Metric50
290
     0
100
AcDbDetailViewStyle
 70
     0
 71
     0
 90
        3
 71
     1
340
11
 62
   256
 40
5.0
340
0
 62
   256
 40
5.0
300

 40
0.0
280
     1
 71
     2
340
16
 90
       25
 62
   256
 71
     3
340
11
 62
   256
 40
5.0
 90
        0
 40
15.0
 90
        1
300
%<\AcVar ViewDetailId>% (%<\AcVar ViewScale \f "%sn">%)
 71
     4
340
16
 90
       25
 62
   256
340
16
 90
       25
 62
   256
280
     0
  0
GROUP
  5
1CE2
102
{ACAD_REACTORS
330
D
102
}
330
D
100
AcDbGroup
300

 70
     1
 71
     1
340
1CE1
340
1CE0
340
1CDF
340
1CDE
340
1CDD
340
1CDC
340
1CDB
340
1CDA
340
1CD9
340
1CD8
340
1CD7
340
1CD6
340
1CD5
340
1CD4
340
1CD3
340
1CD2
340
1CD1
340
1CD0
340
1CCF
340
1CCE
340
1CCD
340
1CCC
340
1CCB
340
1CCA
340
1CC9
340
1CC8
340
1CC7
340
1CC6
340
1CC5
340
1CC4
340
1CC3
340
1CC2
340
1CC1
340
1CC0
340
1CBF
340
1CBE
340
1CBD
340
1CBC
340
1CBB
340
1CBA
340
1CB9
340
1CB8
340
1CB7
340
1CB6
340
1CB5
340
1CB4
340
1CB3
340
1CB2
340
1CB1
340
1CB0
340
1CAF
340
1CAE
340
1CAD
  0
GROUP
  5
25FB
102
{ACAD_REACTORS
330
D
102
}
330
D
100
AcDbGroup
300

 70
     1
 71
     1
340
25A0
340
2591
340
2556
340
2516
340
2507
340
24F8
340
20BA
340
20B9
340
20B8
340
208D
340
208C
340
208B
340
1D17
340
1D16
340
1D15
340
1D14
340
1D13
340
1D12
340
1D11
340
1D10
340
1D0F
340
1D0E
340
1D0D
340
1D0C
340
1D0B
340
1D0A
340
1D09
340
1D08
340
1D01
340
1D00
340
1CFF
340
1CFE
340
1CFD
340
1CFC
340
1CFB
340
1CFA
340
1CF9
340
1CF8
340
1CF7
340
1CF6
340
1CF5
340
1CF4
340
1CF3
340
1CF2
340
1CF1
340
1CF0
340
1CEF
340
1CEE
340
1CED
340
1CEC
340
1CEB
340
1CEA
340
1CE9
340
1CE8
340
1CE7
340
1CE6
340
1CE5
340
1CE4
340
1CE3
  0
GROUP
  5
2D4F
102
{ACAD_REACTORS
330
D
102
}
330
D
100
AcDbGroup
300

 70
     1
 71
     1
340
2A0A
340
2A09
340
2A08
340
2618
  0
GROUP
  5
2D50
102
{ACAD_REACTORS
330
D
102
}
330
D
100
AcDbGroup
300

 70
     1
 71
     1
340
2D36
340
2D22
340
2D13
340
2D04
340
2CF5
340
2CB0
340
297F
340
2970
340
2939
340
2857
340
2848
340
2839
340
2802
340
2616
  0
GROUP
  5
2D51
102
{ACAD_REACTORS
330
D
102
}
330
D
100
AcDbGroup
300

 70
     1
 71
     1
340
2B49
340
2617
  0
GROUP
  5
1CAC
102
{ACAD_REACTORS
330
D
102
}
330
D
100
AcDbGroup
300

 70
     0
 71
     1
340
1B29
340
1B1A
340
1B0B
340
1AFC
340
1A55
340
1A46
340
1A37
340
FFA
340
FF6
340
FF2
340
FEE
340
FEA
340
FE6
340
FD6
340
FC7
340
FB8
340
F2F
340
F20
340
F11
340
E72
340
E63
340
E54
340
1B8
340
DDF
340
DD0
340
DC1
340
6E6
340
6D7
340
6C8
340
665
340
656
340
647
340
5CC
340
5BD
340
5AE
340
550
340
541
340
532
340
4E7
340
4BA
340
4A1
340
458
340
449
340
335
340
316
340
307
340
2F8
340
2E9
340
2DA
340
2CB
340
2BC
340
2AD
340
295
  0
LAYOUT
  5
1E74
102
{ACAD_XDICTIONARY
360
1E94
102
}
102
{ACAD_REACTORS
330
1A
102
}
330
1A
100
AcDbPlotSettings
  1

  2
PDFCreator
  4
A3
  6

 40
3.174999952316284
 41
3.174999952316284
 42
3.17498779296875
 43
3.17498779296875
 44
297.0530090332031
 45
420.1583251953125
 46
0.0
 47
0.0
 48
0.0
 49
0.0
140
0.0
141
0.0
142
1.0
143
1.0
 70
   688
 72
     1
 73
     1
 74
     5
  7

 75
    16
147
1.0
 76
     0
 77
     2
 78
   300
148
0.0
149
0.0
100
AcDbLayout
  1
A3land
 70
     1
 71
     1
 10
-3.17498779296875
 20
-3.174999952316284
 11
416.9833374023437
 21
293.8780090808868
 12
0.0
 22
0.0
 32
0.0
 14
-0.0143109333266693
 24
-0.0111961517601458
 34
-0.0015258207003583
 15
413.8226624992164
 25
290.7142066635917
 35
0.0000000349246037
146
0.0
 13
0.0
 23
0.0
 33
0.0
 16
1.0
 26
0.0
 36
0.0
 17
0.0
 27
1.0
 37
0.0
 76
     0
330
1E73
331
1E7A
1001
ACAD_PSEXT
1000
PDFCreator
1000
PDFCreator
1000
pdfcmon
1000
eDoc Printer
1070
     0
  0
LAYOUT
  5
22
102
{ACAD_REACTORS
330
1A
102
}
330
1A
100
AcDbPlotSettings
  1

  2
none_device
  4
ISO_A4_(210.00_x_297.00_MM)
  6

 40
7.5
 41
20.0
 42
7.5
 43
20.0
 44
210.0
 45
297.0
 46
11.54999923706054
 47
-13.65000009536743
 48
0.0
 49
0.0
140
0.0
141
0.0
142
1.0
143
8.704084754739808
 70
 11952
 72
     1
 73
     0
 74
     0
  7

 75
     0
147
0.1148885871608098
 76
     0
 77
     2
 78
   300
148
0.0
149
0.0
100
AcDbLayout
  1
Model
 70
     1
 71
     0
 10
0.0
 20
0.0
 11
12.0
 21
9.0
 12
0.0
 22
0.0
 32
0.0
 14
0.0
 24
0.0
 34
0.0
 15
0.0
 25
0.0
 35
0.0
146
0.0
 13
0.0
 23
0.0
 33
0.0
 16
1.0
 26
0.0
 36
0.0
 17
0.0
 27
1.0
 37
0.0
 76
     0
330
1F
331
EA
1001
ACAD_PSEXT
1000
None
1000
None
1000
Not applicable
1000
The layout will not be plotted unless a new plotter configuration name is selected.
1070
     0
  0
MATERIAL
  5
ED
102
{ACAD_REACTORS
330
6A
102
}
330
6A
100
AcDbMaterial
  1
ByBlock
 94
       63
  0
MATERIAL
  5
EC
102
{ACAD_REACTORS
330
6A
102
}
330
6A
100
AcDbMaterial
  1
ByLayer
 94
       63
  0
MATERIAL
  5
EE
102
{ACAD_XDICTIONARY
360
173
102
}
102
{ACAD_REACTORS
330
6A
102
}
330
6A
100
AcDbMaterial
  1
Global
 43
0.0007999999797903
 43
0.0
 43
0.0
 43
0.0
 43
0.0
 43
0.0007999999797903
 43
0.0
 43
0.0
 43
0.0
 43
0.0
 43
1.0
 43
0.0
 43
0.0
 43
0.0
 43
0.0
 43
1.0
 49
0.0007999999797903
 49
0.0
 49
0.0
 49
0.0
 49
0.0
 49
0.0007999999797903
 49
0.0
 49
0.0
 49
0.0
 49
0.0
 49
1.0
 49
0.0
 49
0.0
 49
0.0
 49
0.0
 49
1.0
142
0.0007999999797903
142
0.0
142
0.0
142
0.0
142
0.0
142
0.0007999999797903
142
0.0
142
0.0
142
0.0
142
0.0
142
1.0
142
0.0
142
0.0
142
0.0
142
0.0
142
1.0
144
0.0007999999797903
144
0.0
144
0.0
144
0.0
144
0.0
144
0.0007999999797903
144
0.0
144
0.0
144
0.0
144
0.0
144
1.0
144
0.0
144
0.0
144
0.0
144
0.0
144
1.0
 94
       63
1001
ACAD
1070
    -1
1070
     3
1070
     0
1000

1071
        0
1070
     0
  0
MLEADERSTYLE
  5
12E
102
{ACAD_REACTORS
330
12D
102
}
330
12D
100
AcDbMLeaderStyle
170
     2
171
     1
172
     0
 90
        2
 40
0.0
 41
0.0
173
     1
 91
-1056964608
340
14
 92
       -2
290
     1
 42
2.0
291
     1
 43
8.0
  3
Standard
 44
4.0
300

342
11
174
     1
178
     1
175
     1
176
     0
 93
-1056964608
 45
4.0
292
     0
297
     0
 46
4.0
 94
-1056964608
 47
1.0
 49
1.0
140
1.0
293
     1
141
0.0
294
     1
177
     0
142
1.0
295
     0
296
     0
143
3.75
1001
ACAD_MLEADERVER
1070
     2
  0
MLEADERSTYLE
  5
13B
102
{ACAD_REACTORS
330
12D
102
}
330
12D
100
AcDbMLeaderStyle
170
     2
171
     1
172
     0
 90
        2
 40
0.0
 41
0.0
173
     1
 91
-1056964608
340
14
 92
       -2
290
     1
 42
2.0
291
     1
 43
8.0
  3
Standard
 44
4.0
300

342
11
174
     1
178
     1
175
     1
176
     0
 93
-1056964608
 45
4.0
292
     0
297
     0
 46
4.0
 94
-1056964608
 47
1.0
 49
1.0
140
1.0
293
     1
141
0.0
294
     1
177
     0
142
1.0
295
     0
296
     1
143
3.75
1001
ACAD_MLEADERVER
1070
     2
  0
MLINESTYLE
  5
18
102
{ACAD_REACTORS
330
17
102
}
330
17
100
AcDbMlineStyle
  2
STANDARD
 70
     0
  3

 62
   256
 51
90.0
 52
90.0
 71
     2
 49
0.5
 62
   256
  6
BYLAYER
 49
-0.5
 62
   256
  6
BYLAYER
  0
ACDBPLACEHOLDER
  5
F
102
{ACAD_REACTORS
330
E
102
}
330
E
  0
SCALE
  5
10D
102
{ACAD_REACTORS
330
10C
102
}
330
10C
100
AcDbScale
 70
     0
300
1:1
140
1.0
141
1.0
290
     1
  0
SCALE
  5
188
102
{ACAD_REACTORS
330
10C
102
}
330
10C
100
AcDbScale
 70
     0
300
1:2
140
1.0
141
2.0
290
     0
  0
SCALE
  5
189
102
{ACAD_REACTORS
330
10C
102
}
330
10C
100
AcDbScale
 70
     0
300
1:4
140
1.0
141
4.0
290
     0
  0
SCALE
  5
18A
102
{ACAD_REACTORS
330
10C
102
}
330
10C
100
AcDbScale
 70
     0
300
1:5
140
1.0
141
5.0
290
     0
  0
SCALE
  5
18B
102
{ACAD_REACTORS
330
10C
102
}
330
10C
100
AcDbScale
 70
     0
300
1:8
140
1.0
141
8.0
290
     0
  0
SCALE
  5
18C
102
{ACAD_REACTORS
330
10C
102
}
330
10C
100
AcDbScale
 70
     0
300
1:10
140
1.0
141
10.0
290
     0
  0
SCALE
  5
18D
102
{ACAD_REACTORS
330
10C
102
}
330
10C
100
AcDbScale
 70
     0
300
1:16
140
1.0
141
16.0
290
     0
  0
SCALE
  5
18E
102
{ACAD_REACTORS
330
10C
102
}
330
10C
100
AcDbScale
 70
     0
300
1:20
140
1.0
141
20.0
290
     0
  0
SCALE
  5
18F
102
{ACAD_REACTORS
330
10C
102
}
330
10C
100
AcDbScale
 70
     0
300
1:30
140
1.0
141
30.0
290
     0
  0
SCALE
  5
190
102
{ACAD_REACTORS
330
10C
102
}
330
10C
100
AcDbScale
 70
     0
300
1:40
140
1.0
141
40.0
290
     0
  0
SCALE
  5
191
102
{ACAD_REACTORS
330
10C
102
}
330
10C
100
AcDbScale
 70
     0
300
1:50
140
1.0
141
50.0
290
     0
  0
SCALE
  5
192
102
{ACAD_REACTORS
330
10C
102
}
330
10C
100
AcDbScale
 70
     0
300
1:100
140
1.0
141
100.0
290
     0
  0
SCALE
  5
193
102
{ACAD_REACTORS
330
10C
102
}
330
10C
100
AcDbScale
 70
     0
300
2:1
140
2.0
141
1.0
290
     0
  0
SCALE
  5
194
102
{ACAD_REACTORS
330
10C
102
}
330
10C
100
AcDbScale
 70
     0
300
4:1
140
4.0
141
1.0
290
     0
  0
SCALE
  5
195
102
{ACAD_REACTORS
330
10C
102
}
330
10C
100
AcDbScale
 70
     0
300
8:1
140
8.0
141
1.0
290
     0
  0
SCALE
  5
196
102
{ACAD_REACTORS
330
10C
102
}
330
10C
100
AcDbScale
 70
     0
300
10:1
140
10.0
141
1.0
290
     0
  0
SCALE
  5
197
102
{ACAD_REACTORS
330
10C
102
}
330
10C
100
AcDbScale
 70
     0
300
100:1
140
100.0
141
1.0
290
     0
  0
SCALE
  5
198
102
{ACAD_REACTORS
330
10C
102
}
330
10C
100
AcDbScale
 70
     0
300
1/128" = 1'-0"
140
0.0078125
141
12.0
290
     0
  0
SCALE
  5
199
102
{ACAD_REACTORS
330
10C
102
}
330
10C
100
AcDbScale
 70
     0
300
1/64" = 1'-0"
140
0.015625
141
12.0
290
     0
  0
SCALE
  5
19A
102
{ACAD_REACTORS
330
10C
102
}
330
10C
100
AcDbScale
 70
     0
300
1/32" = 1'-0"
140
0.03125
141
12.0
290
     0
  0
SCALE
  5
19B
102
{ACAD_REACTORS
330
10C
102
}
330
10C
100
AcDbScale
 70
     0
300
1/16" = 1'-0"
140
0.0625
141
12.0
290
     0
  0
SCALE
  5
19C
102
{ACAD_REACTORS
330
10C
102
}
330
10C
100
AcDbScale
 70
     0
300
3/32" = 1'-0"
140
0.09375
141
12.0
290
     0
  0
SCALE
  5
19D
102
{ACAD_REACTORS
330
10C
102
}
330
10C
100
AcDbScale
 70
     0
300
1/8" = 1'-0"
140
0.125
141
12.0
290
     0
  0
SCALE
  5
19E
102
{ACAD_REACTORS
330
10C
102
}
330
10C
100
AcDbScale
 70
     0
300
3/16" = 1'-0"
140
0.1875
141
12.0
290
     0
  0
SCALE
  5
19F
102
{ACAD_REACTORS
330
10C
102
}
330
10C
100
AcDbScale
 70
     0
300
1/4" = 1'-0"
140
0.25
141
12.0
290
     0
  0
SCALE
  5
1A0
102
{ACAD_REACTORS
330
10C
102
}
330
10C
100
AcDbScale
 70
     0
300
3/8" = 1'-0"
140
0.375
141
12.0
290
     0
  0
SCALE
  5
1A1
102
{ACAD_REACTORS
330
10C
102
}
330
10C
100
AcDbScale
 70
     0
300
1/2" = 1'-0"
140
0.5
141
12.0
290
     0
  0
SCALE
  5
1A2
102
{ACAD_REACTORS
330
10C
102
}
330
10C
100
AcDbScale
 70
     0
300
3/4" = 1'-0"
140
0.75
141
12.0
290
     0
  0
SCALE
  5
1A3
102
{ACAD_REACTORS
330
10C
102
}
330
10C
100
AcDbScale
 70
     0
300
1" = 1'-0"
140
1.0
141
12.0
290
     0
  0
SCALE
  5
1A4
102
{ACAD_REACTORS
330
10C
102
}
330
10C
100
AcDbScale
 70
     0
300
1-1/2" = 1'-0"
140
1.5
141
12.0
290
     0
  0
SCALE
  5
1A5
102
{ACAD_REACTORS
330
10C
102
}
330
10C
100
AcDbScale
 70
     0
300
3" = 1'-0"
140
3.0
141
12.0
290
     0
  0
SCALE
  5
1A6
102
{ACAD_REACTORS
330
10C
102
}
330
10C
100
AcDbScale
 70
     0
300
6" = 1'-0"
140
6.0
141
12.0
290
     0
  0
SCALE
  5
1A7
102
{ACAD_REACTORS
330
10C
102
}
330
10C
100
AcDbScale
 70
     0
300
1'-0" = 1'-0"
140
12.0
141
12.0
290
     0
  0
ACDBSECTIONVIEWSTYLE
  5
260D
102
{ACAD_XDICTIONARY
360
2E24
102
}
102
{ACAD_REACTORS
330
2015
102
}
330
2015
100
AcDbModelDocViewStyle
 70
     0
  3
Imperial24
290
     0
100
AcDbSectionViewStyle
 70
     0
 71
     0
 90
       78
 71
     1
340
11
 62
   256
 40
0.24
340
0
340
0
 62
   256
 40
0.24
300
I, O, Q, S, X, Z
 40
0.48
 90
        3
 40
0.18
 90
        1
 71
     2
340
16
 90
       25
 62
   256
340
16
 90
       50
 62
   256
 40
0.24
 40
0.0
 40
0.24
 71
     3
340
11
 62
   256
 40
0.24
 90
        1
 40
0.75
 90
        1
300
%<\AcVar ViewType \f "%tc1">% %<\AcVar ViewSectionStartId>%-%<\AcVar ViewSectionEndId>%\PМАСШТАБ %<\AcVar ViewScale \f "%sn">%
 71
     4
 62
   256
 62
   257
300
ANSI31
 40
1.0
 90
        0
290
     0
290
     0
 90
        6
 40
0.0
 40
1.570796326794896
 40
0.2617993877991494
 40
1.308996938995747
 40
-0.2617993877991494
 40
1.832595714594046
  0
ACDBSECTIONVIEWSTYLE
  5
2016
102
{ACAD_XDICTIONARY
360
2E20
102
}
102
{ACAD_REACTORS
330
2015
102
}
330
2015
100
AcDbModelDocViewStyle
 70
     0
  3
Metric50
290
     0
100
AcDbSectionViewStyle
 70
     0
 71
     0
 90
      102
 71
     1
340
11
 62
   256
 40
5.0
340
0
340
0
 62
   256
 40
5.0
300
I, O, Q, S, X, Z
 40
10.0
 90
        0
 40
2.5
 90
        0
 71
     2
340
16
 90
       25
 62
   256
340
16
 90
       50
 62
   256
 40
5.0
 40
2.5
 40
5.0
 71
     3
340
11
 62
   256
 40
5.0
 90
        0
 40
15.0
 90
        1
300
%<\AcVar ViewSectionStartId>%-%<\AcVar ViewSectionEndId>% (%<\AcVar ViewScale \f "%sn">%)
 71
     4
 62
   256
 62
   257
300
ANSI31
 40
1.0
 90
        0
290
     0
290
     0
 90
        6
 40
0.0
 40
1.570796326794896
 40
0.2617993877991494
 40
1.308996938995747
 40
-0.2617993877991494
 40
1.832595714594046
  0
TABLESTYLE
  5
7F
102
{ACAD_XDICTIONARY
360
162
102
}
102
{ACAD_REACTORS
330
7E
102
}
330
7E
100
AcDbTableStyle
  3
Standard
 70
     0
 71
     0
 40
1.5
 41
1.5
280
     0
281
     0
  7
Standard
140
4.5
170
     2
 62
     0
 63
     7
283
     0
 90
      512
 91
        0
  1

274
    -2
284
     1
 64
     0
275
    -2
285
     1
 65
     0
276
    -2
286
     1
 66
     0
277
    -2
287
     1
 67
     0
278
    -2
288
     1
 68
     0
279
    -2
289
     1
 69
     0
  7
Standard
140
6.0
170
     5
 62
     0
 63
     7
283
     0
 90
      512
 91
        0
  1

274
    -2
284
     1
 64
     0
275
    -2
285
     1
 65
     0
276
    -2
286
     1
 66
     0
277
    -2
287
     1
 67
     0
278
    -2
288
     1
 68
     0
279
    -2
289
     1
 69
     0
  7
Standard
140
4.5
170
     5
 62
     0
 63
     7
283
     0
 90
      512
 91
        0
  1

274
    -2
284
     1
 64
     0
275
    -2
285
     1
 65
     0
276
    -2
286
     1
 66
     0
277
    -2
287
     1
 67
     0
278
    -2
288
     1
 68
     0
279
    -2
289
     1
 69
     0
  0
VISUALSTYLE
  5
F5
102
{ACAD_XDICTIONARY
360
2DF6
102
}
102
{ACAD_REACTORS
330
EF
102
}
330
EF
100
AcDbVisualStyle
  2
2dWireframe
 70
     4
 71
     0
 72
     2
 73
     1
 90
        0
 40
-0.6
 41
-30.0
 62
     5
 63
     7
421
 16777215
 74
     1
 91
        4
 64
     7
 65
   257
 75
     1
175
     1
 42
1.0
 92
        0
 66
   257
 43
1.0
 76
     1
 77
     6
 78
     2
 67
     7
 79
     5
170
     0
171
     0
290
     0
174
     0
 93
        1
 44
0.0
173
     0
291
     0
 45
0.0
1001
ACAD
1000
AcDbSavedByObjectVersion
1070
     0
  0
VISUALSTYLE
  5
F7
102
{ACAD_XDICTIONARY
360
2DFA
102
}
102
{ACAD_REACTORS
330
EF
102
}
330
EF
100
AcDbVisualStyle
  2
3D Hidden
 70
     6
 71
     1
 72
     2
 73
     2
 90
        0
 40
-0.6
 41
-30.0
 62
     5
 63
     7
421
 16777215
 74
     2
 91
        2
 64
     7
 65
   257
 75
     2
175
     1
 42
40.0
 92
        0
 66
   257
 43
1.0
 76
     1
 77
     6
 78
     2
 67
     7
 79
     3
170
     0
171
     0
290
     0
174
     0
 93
        1
 44
0.0
173
     0
291
     0
 45
0.0
1001
ACAD
1000
AcDbSavedByObjectVersion
1070
     0
  0
VISUALSTYLE
  5
F6
102
{ACAD_XDICTIONARY
360
2DF8
102
}
102
{ACAD_REACTORS
330
EF
102
}
330
EF
100
AcDbVisualStyle
  2
3dWireframe
 70
     5
 71
     0
 72
     2
 73
     1
 90
        0
 40
-0.6
 41
-30.0
 62
     5
 63
     7
421
 16777215
 74
     1
 91
        4
 64
     7
 65
   257
 75
     1
175
     1
 42
1.0
 92
        0
 66
   257
 43
1.0
 76
     1
 77
     6
 78
     2
 67
     7
 79
     5
170
     0
171
     0
290
     0
174
     0
 93
        1
 44
0.0
173
     0
291
     0
 45
0.0
1001
ACAD
1000
AcDbSavedByObjectVersion
1070
     0
  0
VISUALSTYLE
  5
F4
102
{ACAD_XDICTIONARY
360
2DF4
102
}
102
{ACAD_REACTORS
330
EF
102
}
330
EF
100
AcDbVisualStyle
  2
Basic
 70
     7
 71
     1
 72
     0
 73
     1
 90
        0
 40
-0.6
 41
-30.0
 62
     5
 63
     7
421
 16777215
 74
     0
 91
        4
 64
     7
 65
   257
 75
     1
175
     1
 42
1.0
 92
        8
 66
     7
 43
1.0
 76
     1
 77
     6
 78
     2
 67
     7
 79
     5
170
     0
171
     0
290
     0
174
     0
 93
        1
 44
0.0
173
     0
291
     1
 45
0.0
1001
ACAD
1000
AcDbSavedByObjectVersion
1070
     0
  0
VISUALSTYLE
  5
FB
102
{ACAD_XDICTIONARY
360
2E02
102
}
102
{ACAD_REACTORS
330
EF
102
}
330
EF
100
AcDbVisualStyle
  2
Brighten
 70
    12
 71
     2
 72
     2
 73
     1
 90
        0
 40
-0.6
 41
-30.0
 62
     5
 63
     7
421
 16777215
 74
     1
 91
        4
 64
     7
 65
   257
 75
     1
175
     1
 42
1.0
 92
        8
 66
     7
 43
1.0
 76
     1
 77
     6
 78
     2
 67
     7
 79
     5
170
     0
171
     0
290
     0
174
     0
 93
        1
 44
50.0
173
     0
291
     1
 45
0.0
1001
ACAD
1000
AcDbSavedByObjectVersion
1070
     0
  0
VISUALSTYLE
  5
FF
102
{ACAD_XDICTIONARY
360
2E0A
102
}
102
{ACAD_REACTORS
330
EF
102
}
330
EF
100
AcDbVisualStyle
  2
ColorChange
 70
    16
 71
     2
 72
     2
 73
     3
 90
        0
 40
-0.6
 41
-30.0
 62
     5
 63
     8
421
  8421504
 74
     1
 91
        4
 64
     7
 65
   257
 75
     1
175
     1
 42
1.0
 92
        8
 66
     8
424
  8421504
 43
1.0
 76
     1
 77
     6
 78
     2
 67
     7
 79
     5
170
     0
171
     0
290
     0
174
     0
 93
        1
 44
0.0
173
     0
291
     1
 45
0.0
1001
ACAD
1000
AcDbSavedByObjectVersion
1070
     0
  0
VISUALSTYLE
  5
F8
102
{ACAD_XDICTIONARY
360
2DFC
102
}
102
{ACAD_REACTORS
330
EF
102
}
330
EF
100
AcDbVisualStyle
  2
Conceptual
 70
     9
 71
     3
 72
     2
 73
     1
 90
        0
 40
-0.6
 41
-30.0
 62
     5
 63
     7
421
 16777215
 74
     2
 91
        2
 64
     7
 65
   257
 75
     1
175
     1
 42
40.0
 92
        8
 66
     7
 43
1.0
 76
     1
 77
     6
 78
     2
 67
     7
 79
     3
170
     0
171
     0
290
     0
174
     0
 93
        1
 44
0.0
173
     0
291
     0
 45
0.0
1001
ACAD
1000
AcDbSavedByObjectVersion
1070
     0
  0
VISUALSTYLE
  5
FA
102
{ACAD_XDICTIONARY
360
2E00
102
}
102
{ACAD_REACTORS
330
EF
102
}
330
EF
100
AcDbVisualStyle
  2
Dim
 70
    11
 71
     2
 72
     2
 73
     1
 90
        0
 40
-0.6
 41
-30.0
 62
     5
 63
     7
421
 16777215
 74
     1
 91
        4
 64
     7
 65
   257
 75
     1
175
     1
 42
1.0
 92
        8
 66
     7
 43
1.0
 76
     1
 77
     6
 78
     2
 67
     7
 79
     5
170
     0
171
     0
290
     0
174
     0
 93
        1
 44
-50.0
173
     0
291
     1
 45
0.0
1001
ACAD
1000
AcDbSavedByObjectVersion
1070
     0
  0
VISUALSTYLE
  5
2014
102
{ACAD_XDICTIONARY
360
2E1E
102
}
102
{ACAD_REACTORS
330
EF
102
}
330
EF
100
AcDbVisualStyle
  2
EdgeColorOff
 70
    22
 71
     2
 72
     2
 73
     0
 90
        0
 40
-0.6
 41
-30.0
 62
     5
 63
     7
421
 16777215
 74
     1
 91
        4
 64
     7
 65
   257
 75
     1
175
     1
 42
1.0
 92
        8
 66
     7
 43
1.0
 76
     1
 77
     6
 78
     2
 67
     7
 79
     5
170
     0
171
     0
290
     0
174
     0
 93
        1
 44
0.0
173
     0
291
     1
 45
0.0
1001
ACAD
1000
AcDbSavedByObjectVersion
1070
     0
  0
VISUALSTYLE
  5
FE
102
{ACAD_XDICTIONARY
360
2E08
102
}
102
{ACAD_REACTORS
330
EF
102
}
330
EF
100
AcDbVisualStyle
  2
Facepattern
 70
    15
 71
     2
 72
     2
 73
     1
 90
        0
 40
-0.6
 41
-30.0
 62
     5
 63
     7
421
 16777215
 74
     1
 91
        4
 64
     7
 65
   257
 75
     1
175
     1
 42
1.0
 92
        8
 66
     7
 43
1.0
 76
     1
 77
     6
 78
     2
 67
     7
 79
     5
170
     0
171
     0
290
     0
174
     0
 93
        1
 44
0.0
173
     0
291
     1
 45
0.0
1001
ACAD
1000
AcDbSavedByObjectVersion
1070
     0
  0
VISUALSTYLE
  5
F0
102
{ACAD_XDICTIONARY
360
2DEC
102
}
102
{ACAD_REACTORS
330
EF
102
}
330
EF
100
AcDbVisualStyle
  2
Flat
 70
     0
 71
     2
 72
     1
 73
     1
 90
        2
 40
-0.6
 41
30.0
 62
     5
 63
     7
421
 16777215
 74
     0
 91
        4
 64
     7
 65
   257
 75
     1
175
     1
 42
1.0
 92
        8
 66
     7
 43
1.0
 76
     1
 77
     6
 78
     2
 67
     7
 79
     5
170
     0
171
     0
290
     0
174
     0
 93
        1
 44
0.0
173
     0
291
     1
 45
0.0
1001
ACAD
1000
AcDbSavedByObjectVersion
1070
     0
  0
VISUALSTYLE
  5
F1
102
{ACAD_XDICTIONARY
360
2DEE
102
}
102
{ACAD_REACTORS
330
EF
102
}
330
EF
100
AcDbVisualStyle
  2
FlatWithEdges
 70
     1
 71
     2
 72
     1
 73
     1
 90
        2
 40
-0.6
 41
30.0
 62
     5
 63
     7
421
 16777215
 74
     1
 91
        4
 64
     7
 65
   257
 75
     1
175
     1
 42
1.0
 92
        0
 66
   257
 43
1.0
 76
     1
 77
     6
 78
     2
 67
     7
 79
     5
170
     0
171
     0
290
     0
174
     0
 93
        1
 44
0.0
173
     0
291
     1
 45
0.0
1001
ACAD
1000
AcDbSavedByObjectVersion
1070
     0
  0
VISUALSTYLE
  5
F2
102
{ACAD_XDICTIONARY
360
2DF0
102
}
102
{ACAD_REACTORS
330
EF
102
}
330
EF
100
AcDbVisualStyle
  2
Gouraud
 70
     2
 71
     2
 72
     2
 73
     1
 90
        2
 40
-0.6
 41
30.0
 62
     5
 63
     7
421
 16777215
 74
     0
 91
        4
 64
     7
 65
   257
 75
     1
175
     1
 42
1.0
 92
        0
 66
     7
 43
1.0
 76
     1
 77
     6
 78
     2
 67
     7
 79
     5
170
     0
171
     0
290
     0
174
     0
 93
        1
 44
0.0
173
     0
291
     1
 45
0.0
1001
ACAD
1000
AcDbSavedByObjectVersion
1070
     0
  0
VISUALSTYLE
  5
F3
102
{ACAD_XDICTIONARY
360
2DF2
102
}
102
{ACAD_REACTORS
330
EF
102
}
330
EF
100
AcDbVisualStyle
  2
GouraudWithEdges
 70
     3
 71
     2
 72
     2
 73
     1
 90
        2
 40
-0.6
 41
30.0
 62
     5
 63
     7
421
 16777215
 74
     1
 91
        4
 64
     7
 65
   257
 75
     1
175
     1
 42
1.0
 92
        0
 66
   257
 43
1.0
 76
     1
 77
     6
 78
     2
 67
     7
 79
     5
170
     0
171
     0
290
     0
174
     0
 93
        1
 44
0.0
173
     0
291
     1
 45
0.0
1001
ACAD
1000
AcDbSavedByObjectVersion
1070
     0
  0
VISUALSTYLE
  5
200C
102
{ACAD_XDICTIONARY
360
2E0E
102
}
102
{ACAD_REACTORS
330
EF
102
}
330
EF
100
AcDbVisualStyle
  2
Hidden
 70
     6
 71
     1
 72
     2
 73
     2
 90
        0
 40
-0.6
 41
-30.0
 62
     5
 63
     7
421
 16777215
 74
     2
 91
        2
 64
     7
 65
   257
 75
     2
175
     1
 42
40.0
 92
        0
 66
   257
 43
1.0
 76
     1
 77
     6
 78
     2
 67
     7
 79
     3
170
     0
171
     0
290
     0
174
     0
 93
        1
 44
0.0
173
     0
291
     0
 45
0.0
1001
ACAD
1000
AcDbSavedByObjectVersion
1070
     0
  0
VISUALSTYLE
  5
2012
102
{ACAD_XDICTIONARY
360
2E1A
102
}
102
{ACAD_REACTORS
330
EF
102
}
330
EF
100
AcDbVisualStyle
  2
JitterOff
 70
    20
 71
     2
 72
     2
 73
     0
 90
        0
 40
-0.6
 41
-30.0
 62
     5
 63
     7
421
 16777215
 74
     1
 91
        4
 64
     7
 65
   257
 75
     1
175
     1
 42
1.0
 92
       10
 66
     7
 43
1.0
 76
     1
 77
     6
 78
     2
 67
     7
 79
     5
170
     0
171
     0
290
     0
174
     0
 93
        1
 44
0.0
173
     0
291
     1
 45
0.0
1001
ACAD
1000
AcDbSavedByObjectVersion
1070
     0
  0
VISUALSTYLE
  5
FD
102
{ACAD_XDICTIONARY
360
2E06
102
}
102
{ACAD_REACTORS
330
EF
102
}
330
EF
100
AcDbVisualStyle
  2
Linepattern
 70
    14
 71
     2
 72
     2
 73
     1
 90
        0
 40
-0.6
 41
-30.0
 62
     5
 63
     7
421
 16777215
 74
     1
 91
        4
 64
     7
 65
   257
 75
     7
175
     7
 42
1.0
 92
        8
 66
     7
 43
1.0
 76
     1
 77
     6
 78
     2
 67
     7
 79
     5
170
     0
171
     0
290
     0
174
     0
 93
        1
 44
0.0
173
     0
291
     1
 45
0.0
1001
ACAD
1000
AcDbSavedByObjectVersion
1070
     0
  0
VISUALSTYLE
  5
2013
102
{ACAD_XDICTIONARY
360
2E1C
102
}
102
{ACAD_REACTORS
330
EF
102
}
330
EF
100
AcDbVisualStyle
  2
OverhangOff
 70
    21
 71
     2
 72
     2
 73
     0
 90
        0
 40
-0.6
 41
-30.0
 62
     5
 63
     7
421
 16777215
 74
     1
 91
        4
 64
     7
 65
   257
 75
     1
175
     1
 42
1.0
 92
        9
 66
     7
 43
1.0
 76
     1
 77
     6
 78
     2
 67
     7
 79
     5
170
     0
171
     0
290
     0
174
     0
 93
        1
 44
0.0
173
     0
291
     1
 45
0.0
1001
ACAD
1000
AcDbSavedByObjectVersion
1070
     0
  0
VISUALSTYLE
  5
F9
102
{ACAD_XDICTIONARY
360
2DFE
102
}
102
{ACAD_REACTORS
330
EF
102
}
330
EF
100
AcDbVisualStyle
  2
Realistic
 70
     8
 71
     2
 72
     2
 73
     1
 90
        0
 40
-0.6
 41
-30.0
 62
     5
 63
     7
421
 16777215
 74
     1
 91
        0
 64
     7
 65
   257
 75
     1
175
     1
 42
1.0
 92
        8
 66
     8
424
  7895160
 43
1.0
 76
     1
 77
     6
 78
     2
 67
     7
 79
     5
170
     0
171
     0
290
     0
174
     0
 93
       13
 44
0.0
173
     0
291
     0
 45
0.0
1001
ACAD
1000
AcDbSavedByObjectVersion
1070
     0
  0
VISUALSTYLE
  5
2011
102
{ACAD_XDICTIONARY
360
2E18
102
}
102
{ACAD_REACTORS
330
EF
102
}
330
EF
100
AcDbVisualStyle
  2
Shaded
 70
    27
 71
     2
 72
     2
 73
     1
 90
        2
 40
-0.6
 41
30.0
 62
     5
 63
     7
421
 16777215
 74
     0
 91
        4
 64
     7
 65
   257
 75
     1
175
     1
 42
1.0
 92
        8
 66
   257
 43
1.0
 76
     1
 77
     6
 78
     2
 67
     8
425
  7895160
 79
     3
170
     0
171
     0
290
     0
174
     0
 93
        5
 44
0.0
173
     0
291
     0
 45
0.0
1001
ACAD
1000
AcDbSavedByObjectVersion
1070
     0
  0
VISUALSTYLE
  5
2010
102
{ACAD_XDICTIONARY
360
2E16
102
}
102
{ACAD_REACTORS
330
EF
102
}
330
EF
100
AcDbVisualStyle
  2
Shaded with edges
 70
    26
 71
     2
 72
     2
 73
     1
 90
        2
 40
-0.6
 41
30.0
 62
     5
 63
     7
421
 16777215
 74
     1
 91
        2
 64
     7
 65
   257
 75
     2
175
     1
 42
1.0
 92
        8
 66
   257
 43
1.0
 76
     1
 77
     6
 78
     2
 67
     7
 79
     3
170
     0
171
     0
290
     0
174
     0
 93
        5
 44
0.0
173
     0
291
     0
 45
0.0
1001
ACAD
1000
AcDbSavedByObjectVersion
1070
     0
  0
VISUALSTYLE
  5
200D
102
{ACAD_XDICTIONARY
360
2E10
102
}
102
{ACAD_REACTORS
330
EF
102
}
330
EF
100
AcDbVisualStyle
  2
Shades of Gray
 70
    23
 71
     2
 72
     2
 73
     3
 90
        0
 40
-0.6
 41
-30.0
 62
     5
 63
     7
421
 16777215
 74
     2
 91
        2
 64
     7
 65
     7
 75
     1
175
     1
 42
40.0
 92
        8
 66
     7
 43
1.0
 76
     1
 77
     6
 78
     2
 67
     7
 79
     3
170
     0
171
     0
290
     0
174
     0
 93
        1
 44
0.0
173
     0
291
     0
 45
0.0
1001
ACAD
1000
AcDbSavedByObjectVersion
1070
     0
  0
VISUALSTYLE
  5
200E
102
{ACAD_XDICTIONARY
360
2E12
102
}
102
{ACAD_REACTORS
330
EF
102
}
330
EF
100
AcDbVisualStyle
  2
Sketchy
 70
    24
 71
     1
 72
     2
 73
     2
 90
        0
 40
-0.6
 41
-30.0
 62
     5
 63
     7
421
 16777215
 74
     2
 91
        2
 64
     7
 65
     7
 75
     1
175
     1
 42
40.0
 92
       11
 66
     7
 43
1.0
 76
     1
 77
     6
 78
     2
 67
     7
 79
     6
170
     0
171
     0
290
     0
174
     0
 93
        1
 44
0.0
173
     0
291
     0
 45
0.0
1001
ACAD
1000
AcDbSavedByObjectVersion
1070
     0
  0
VISUALSTYLE
  5
FC
102
{ACAD_XDICTIONARY
360
2E04
102
}
102
{ACAD_REACTORS
330
EF
102
}
330
EF
100
AcDbVisualStyle
  2
Thicken
 70
    13
 71
     2
 72
     2
 73
     1
 90
        0
 40
-0.6
 41
-30.0
 62
     5
 63
     7
421
 16777215
 74
     1
 91
        4
 64
     7
 65
   257
 75
     1
175
     1
 42
1.0
 92
       12
 66
     7
 43
1.0
 76
     1
 77
     6
 78
     2
 67
     7
 79
     5
170
     0
171
     0
290
     0
174
     0
 93
        1
 44
0.0
173
     0
291
     1
 45
0.0
1001
ACAD
1000
AcDbSavedByObjectVersion
1070
     0
  0
VISUALSTYLE
  5
200B
102
{ACAD_XDICTIONARY
360
2E0C
102
}
102
{ACAD_REACTORS
330
EF
102
}
330
EF
100
AcDbVisualStyle
  2
Wireframe
 70
     5
 71
     0
 72
     2
 73
     0
 90
        0
 40
-0.6
 41
-30.0
 62
     5
 63
     7
421
 16777215
 74
     1
 91
        4
 64
     7
 65
   257
 75
     1
175
     1
 42
1.0
 92
        0
 66
   257
 43
1.0
 76
     1
 77
     6
 78
     2
 67
     7
 79
     3
170
     0
171
     0
290
     0
174
     0
 93
        1
 44
0.0
173
     0
291
     0
 45
0.0
1001
ACAD
1000
AcDbSavedByObjectVersion
1070
     0
  0
VISUALSTYLE
  5
200F
102
{ACAD_XDICTIONARY
360
2E14
102
}
102
{ACAD_REACTORS
330
EF
102
}
330
EF
100
AcDbVisualStyle
  2
X-Ray
 70
    25
 71
     2
 72
     2
 73
     1
 90
        1
 40
0.5
 41
-30.0
 62
     5
 63
     7
421
 16777215
 74
     1
 91
        0
 64
     7
 65
   257
 75
     1
175
     1
 42
1.0
 92
        8
 66
     7
 43
1.0
 76
     1
 77
     6
 78
     2
 67
     7
 79
     3
170
     0
171
     0
290
     0
174
     0
 93
       13
 44
0.0
173
     0
291
     0
 45
0.0
1001
ACAD
1000
AcDbSavedByObjectVersion
1070
     0
  0
DICTIONARYVAR
  5
146
102
{ACAD_REACTORS
330
5E
102
}
330
5E
100
DictionaryVariables
280
     0
  1
1:1
  0
DICTIONARYVAR
  5
145
102
{ACAD_REACTORS
330
5E
102
}
330
5E
100
DictionaryVariables
280
     0
  1
STANDARD
  0
DICTIONARYVAR
  5
84
102
{ACAD_REACTORS
330
5E
102
}
330
5E
100
DictionaryVariables
280
     0
  1
STANDARD
  0
DICTIONARYVAR
  5
258D
102
{ACAD_REACTORS
330
5E
102
}
330
5E
100
DictionaryVariables
280
     0
  1
Metric50
  0
DICTIONARYVAR
  5
258E
102
{ACAD_REACTORS
330
5E
102
}
330
5E
100
DictionaryVariables
280
     0
  1
Metric50
  0
DICTIONARYVAR
  5
5F
102
{ACAD_REACTORS
330
5E
102
}
330
5E
100
DictionaryVariables
280
     0
  1
2
  0
DICTIONARYVAR
  5
63
102
{ACAD_REACTORS
330
5E
102
}
330
5E
100
DictionaryVariables
280
     0
  1
1
  0
DICTIONARYVAR
  5
258F
102
{ACAD_REACTORS
330
5E
102
}
330
5E
100
DictionaryVariables
280
     0
  1
1
  0
DICTIONARYVAR
  5
2590
102
{ACAD_REACTORS
330
5E
102
}
330
5E
100
DictionaryVariables
280
     0
  1
15
  0
DICTIONARY
  5
2DEB
102
{ACAD_REACTORS
330
2DE9
102
}
330
2DE9
100
AcDbDictionary
281
     1
  0
DICTIONARY
  5
2DEA
102
{ACAD_REACTORS
330
2DE9
102
}
330
2DE9
100
AcDbDictionary
281
     1
  3
2096385359296
350
2DE4
  3
2096385359312
350
2DE5
  3
2096385359328
350
2DE6
  3
2096385359344
350
2DE7
  3
2096385359360
350
2DE8
  0
DICTIONARY
  5
2E26
330
260E
100
AcDbDictionary
280
     1
281
     1
  3
ACAD_XREC_ROUNDTRIP
360
2E27
  0
DICTIONARY
  5
2E22
330
2018
100
AcDbDictionary
280
     1
281
     1
  3
ACAD_XREC_ROUNDTRIP
360
2E23
  0
DICTIONARY
  5
1E94
330
1E74
100
AcDbDictionary
280
     1
281
     1
  3
ADSK_XREC_LAYOUTTHUMBNAIL
360
1E95
  0
DICTIONARY
  5
173
330
EE
100
AcDbDictionary
280
     1
281
     1
  3
BUMPTILE
360
175
  3
DIFFUSETILE
360
174
  3
FBXASSET
360
2D47
  3
OPACITYTILE
360
176
  3
REFLECTIONTILE
360
177
  0
DICTIONARY
  5
2E24
330
260D
100
AcDbDictionary
280
     1
281
     1
  3
ACAD_XREC_ROUNDTRIP
360
2E25
  0
DICTIONARY
  5
2E20
330
2016
100
AcDbDictionary
280
     1
281
     1
  3
ACAD_XREC_ROUNDTRIP
360
2E21
  0
DICTIONARY
  5
162
330
7F
100
AcDbDictionary
280
     1
281
     1
  3
ACAD_ROUNDTRIP_2008_TABLESTYLE_CELLSTYLEMAP
360
2DE2
  0
DICTIONARY
  5
2DF6
330
F5
100
AcDbDictionary
280
     1
281
     1
  3
ACAD_XREC_ROUNDTRIP
360
2DF7
  0
DICTIONARY
  5
2DFA
330
F7
100
AcDbDictionary
280
     1
281
     1
  3
ACAD_XREC_ROUNDTRIP
360
2DFB
  0
DICTIONARY
  5
2DF8
330
F6
100
AcDbDictionary
280
     1
281
     1
  3
ACAD_XREC_ROUNDTRIP
360
2DF9
  0
DICTIONARY
  5
2DF4
330
F4
100
AcDbDictionary
280
     1
281
     1
  3
ACAD_XREC_ROUNDTRIP
360
2DF5
  0
DICTIONARY
  5
2E02
330
FB
100
AcDbDictionary
280
     1
281
     1
  3
ACAD_XREC_ROUNDTRIP
360
2E03
  0
DICTIONARY
  5
2E0A
330
FF
100
AcDbDictionary
280
     1
281
     1
  3
ACAD_XREC_ROUNDTRIP
360
2E0B
  0
DICTIONARY
  5
2DFC
330
F8
100
AcDbDictionary
280
     1
281
     1
  3
ACAD_XREC_ROUNDTRIP
360
2DFD
  0
DICTIONARY
  5
2E00
330
FA
100
AcDbDictionary
280
     1
281
     1
  3
ACAD_XREC_ROUNDTRIP
360
2E01
  0
DICTIONARY
  5
2E1E
330
2014
100
AcDbDictionary
280
     1
281
     1
  3
ACAD_XREC_ROUNDTRIP
360
2E1F
  0
DICTIONARY
  5
2E08
330
FE
100
AcDbDictionary
280
     1
281
     1
  3
ACAD_XREC_ROUNDTRIP
360
2E09
  0
DICTIONARY
  5
2DEC
330
F0
100
AcDbDictionary
280
     1
281
     1
  3
ACAD_XREC_ROUNDTRIP
360
2DED
  0
DICTIONARY
  5
2DEE
330
F1
100
AcDbDictionary
280
     1
281
     1
  3
ACAD_XREC_ROUNDTRIP
360
2DEF
  0
DICTIONARY
  5
2DF0
330
F2
100
AcDbDictionary
280
     1
281
     1
  3
ACAD_XREC_ROUNDTRIP
360
2DF1
  0
DICTIONARY
  5
2DF2
330
F3
100
AcDbDictionary
280
     1
281
     1
  3
ACAD_XREC_ROUNDTRIP
360
2DF3
  0
DICTIONARY
  5
2E0E
330
200C
100
AcDbDictionary
280
     1
281
     1
  3
ACAD_XREC_ROUNDTRIP
360
2E0F
  0
DICTIONARY
  5
2E1A
330
2012
100
AcDbDictionary
280
     1
281
     1
  3
ACAD_XREC_ROUNDTRIP
360
2E1B
  0
DICTIONARY
  5
2E06
330
FD
100
AcDbDictionary
280
     1
281
     1
  3
ACAD_XREC_ROUNDTRIP
360
2E07
  0
DICTIONARY
  5
2E1C
330
2013
100
AcDbDictionary
280
     1
281
     1
  3
ACAD_XREC_ROUNDTRIP
360
2E1D
  0
DICTIONARY
  5
2DFE
330
F9
100
AcDbDictionary
280
     1
281
     1
  3
ACAD_XREC_ROUNDTRIP
360
2DFF
  0
DICTIONARY
  5
2E18
330
2011
100
AcDbDictionary
280
     1
281
     1
  3
ACAD_XREC_ROUNDTRIP
360
2E19
  0
DICTIONARY
  5
2E16
330
2010
100
AcDbDictionary
280
     1
281
     1
  3
ACAD_XREC_ROUNDTRIP
360
2E17
  0
DICTIONARY
  5
2E10
330
200D
100
AcDbDictionary
280
     1
281
     1
  3
ACAD_XREC_ROUNDTRIP
360
2E11
  0
DICTIONARY
  5
2E12
330
200E
100
AcDbDictionary
280
     1
281
     1
  3
ACAD_XREC_ROUNDTRIP
360
2E13
  0
DICTIONARY
  5
2E04
330
FC
100
AcDbDictionary
280
     1
281
     1
  3
ACAD_XREC_ROUNDTRIP
360
2E05
  0
DICTIONARY
  5
2E0C
330
200B
100
AcDbDictionary
280
     1
281
     1
  3
ACAD_XREC_ROUNDTRIP
360
2E0D
  0
DICTIONARY
  5
2E14
330
200F
100
AcDbDictionary
280
     1
281
     1
  3
ACAD_XREC_ROUNDTRIP
360
2E15
  0
XRECORD
  5
2DE4
102
{ACAD_REACTORS
330
2DEA
102
}
330
2DEA
100
AcDbXrecord
280
     1
  1
AcDb_Thumbnail_Schema
102
{ATTRRECORD
341
2DE5
  2
AcDbDs::TreatedAsObjectData
280
     1
291
     1
102
ATTRRECORD}
102
{ATTRRECORD
341
2DE6
  2
AcDbDs::Legacy
280
     1
291
     1
102
ATTRRECORD}
  2
AcDbDs::ID
280
    10
 91
        8
102
{ATTRRECORD
341
2DE7
  2
AcDs:Indexable
280
     1
291
     1
102
ATTRRECORD}
102
{ATTRRECORD
341
2DE8
  2
AcDbDs::HandleAttribute
280
     7
282
     1
102
ATTRRECORD}
  2
Thumbnail_Data
280
    15
 91
        0
  0
XRECORD
  5
2DE5
102
{ACAD_REACTORS
330
2DEA
102
}
330
2DEA
100
AcDbXrecord
280
     1
  1
AcDbDs::TreatedAsObjectDataSchema
  2
AcDbDs::TreatedAsObjectData
280
     1
 91
        0
  0
XRECORD
  5
2DE6
102
{ACAD_REACTORS
330
2DEA
102
}
330
2DEA
100
AcDbXrecord
280
     1
  1
AcDbDs::LegacySchema
  2
AcDbDs::Legacy
280
     1
 91
        0
  0
XRECORD
  5
2DE7
102
{ACAD_REACTORS
330
2DEA
102
}
330
2DEA
100
AcDbXrecord
280
     1
  1
AcDbDs::IndexedPropertySchema
  2
AcDs:Indexable
280
     1
 91
        0
  0
XRECORD
  5
2DE8
102
{ACAD_REACTORS
330
2DEA
102
}
330
2DEA
100
AcDbXrecord
280
     1
  1
AcDbDs::HandleAttributeSchema
  2
AcDbDs::HandleAttribute
280
     7
 91
        1
284
     1
  0
XRECORD
  5
2E27
102
{ACAD_REACTORS
330
2E26
102
}
330
2E26
100
AcDbXrecord
280
     1
102
DISPLAYNAME
  1
Imperial24
102
FLAGS
 90
        0
  0
XRECORD
  5
2E23
102
{ACAD_REACTORS
330
2E22
102
}
330
2E22
100
AcDbXrecord
280
     1
102
DISPLAYNAME
  1
Metric50
102
FLAGS
 90
        0
  0
XRECORD
  5
1E95
102
{ACAD_REACTORS
330
1E94
102
}
330
1E94
100
AcDbXrecord
280
     1
310
28000000B40000007F00000001000800000000004C59000000000000000000000001000000000000FFFFFF0000000000FFFFFF000000000000000000000000000000000000000000000000000000000000000000330000006600000099000000CC000000FF00000000330000333300006633000099330000CC330000FF3300
310
0000660000336600006666000099660000CC660000FF66000000990000339900006699000099990000CC990000FF99000000CC000033CC000066CC000099CC0000CCCC0000FFCC000000FF000033FF000066FF000099FF0000CCFF0000FFFF000000003300330033006600330099003300CC003300FF003300003333003333
310
33006633330099333300CC333300FF33330000663300336633006666330099663300CC663300FF66330000993300339933006699330099993300CC993300FF99330000CC330033CC330066CC330099CC3300CCCC3300FFCC330000FF330033FF330066FF330099FF3300CCFF3300FFFF330000006600330066006600660099
310
006600CC006600FF00660000336600333366006633660099336600CC336600FF33660000666600336666006666660099666600CC666600FF66660000996600339966006699660099996600CC996600FF99660000CC660033CC660066CC660099CC6600CCCC6600FFCC660000FF660033FF660066FF660099FF6600CCFF6600
310
FFFF660000009900330099006600990099009900CC009900FF00990000339900333399006633990099339900CC339900FF33990000669900336699006666990099669900CC669900FF66990000999900339999006699990099999900CC999900FF99990000CC990033CC990066CC990099CC9900CCCC9900FFCC990000FF99
310
0033FF990066FF990099FF9900CCFF9900FFFF99000000CC003300CC006600CC009900CC00CC00CC00FF00CC000033CC003333CC006633CC009933CC00CC33CC00FF33CC000066CC003366CC006666CC009966CC00CC66CC00FF66CC000099CC003399CC006699CC009999CC00CC99CC00FF99CC0000CCCC0033CCCC0066CC
310
CC0099CCCC00CCCCCC00FFCCCC0000FFCC0033FFCC0066FFCC0099FFCC00CCFFCC00FFFFCC000000FF003300FF006600FF009900FF00CC00FF00FF00FF000033FF003333FF006633FF009933FF00CC33FF00FF33FF000066FF003366FF006666FF009966FF00CC66FF00FF66FF000099FF003399FF006699FF009999FF00CC
310
99FF00FF99FF0000CCFF0033CCFF0066CCFF0099CCFF00CCCCFF00FFCCFF0000FFFF0033FFFF0066FFFF0099FFFF00CCFFFF00FFFFFF00000000000D0D0D001A1A1A00282828003535350043434300505050005D5D5D006B6B6B00787878008686860093939300A1A1A100AEAEAE00BBBBBB00C9C9C900D6D6D600E4E4E400
310
F1F1F100FFFFFF0000000000000000000000000000000000000000000000000000000000000000000000000000000000E2E2E2E2E2E2E2E2E2E2E2E2E2E2E2E2E2E2E2E2E2E2E2E2E2E2E2E2E2E2E2E2E2E2E2E2E2E2E2E2E2E2E2E2E2E2E2E2E2E2E2E2E2E2E2E2E2E2E2E2E2E2E2E2E2E2E2E2E2E2E2E2E2E2E2E2E2E2E2
310
E2E2E2E2E2E2E2E2E2E2E2E2E2E2E2E2E2E2E2E2E2E2E2E2E2E2E2E2E2E2E2E2E2E2E2E2E2E2E2E2E2E2E2E2E2E2E2E2E2E2E2E2E2E2E2E2E2E2E2E2E2E2E2E2E2E2E2E2E2E2E2E2E2E2E2E2E2E2E2E2E2E2E2E2E2E2E2E2E2E2E2E2E2E2E2E2E2E2E2E2E2E2E2E2E2E2E2E2E2E2E2F5F5F5F5F5F5F5F5F5E2E2E2E2E2E2E2
310
E2E2E2E2E2E2E2E2E2F5F5F5F5F5F5F5F5F5E2E2E2E2E2E2E2E2E2E2E2E2E2E2E2E2F5F5F5F5F5F5F5F5F5E2E2E2E2E2E2E2E2E2E2E2E2E2E2E2E2F5F5F5F5F5F5F5F5F5E2E2E2E2E2E2E2E2E2E2E2E2E2E2E2E2F5F5F5F5F5F5F5F5F5E2E2E2E2E2E2E2E2E2E2E2E2E2E2E2E2F5F5F5F5F5F5F5F5F5E2E2E2E2E2E2E2E2E2
310
E2E2E2E2E2E2E2F5F5F5F5F5F5F5F5F5E2E2E2E2E2E2E2E2E2E2E2E2E2F5F5F5F5F5F5F5F5F5F5F5F5F5F5F5F5F5F5F5F5F5F5F5F5F5F5F5F5F5E2E2E2E2E2E2E2E2E2E2E2E2E2E2E2E2E2E2E2E2E2E2E2E2E2E2E2E2E2E2E2E2E2E2E2E2E2E2E2E2E2E2E2E2E2E2E2E2E2E2E2E2E2E2E2E2E2E2E2E2E2E2E2E2E2E2E2E2E2
310
E2E2E2E2E2E2E2E2E2E2E2E2E2E2E2E2E2E2E2E2E2E2E2E2E2E2E2E2E2E2E2E2E2E2E2E2E2E2E2E2E2E2E2E2E2E2E2E2E2E2E2F5F5F5F5F5F5F5F5F5F5F5F5F5F5F5F5F5F5F5F5F5F5F5F5F5F5E2E2E2E2E2F5F5F5F5F5F5F5F5F5F5F5F5F5F5F5F5F5F5F5F5F5F5F5F5F5F5F5F5F5E2E2E2F5F5F5F5F5F5F5F5F5F5F5F5F5
310
F5F5F5F5F5F5F5F5F5F5F5F5F5F5F5F5F5F5F5F5F5F5F5F5F5F5F5F5F5F5F5F5F5F5F5F5F5F5F5F5F5F5F5F5F5F5F5F5F5F5F5F5F5F5F5F5F5F5F5F5F5F5F5F5F5F5F5F5F5F5F5F5F5F5F5F5F5F5F5F5F5F5F5F5F5F5F5F5F5F5F5F5F5F5F5F5F5F5F5F5F5E2E2E2F5F5F5F5F5F5F5F5F5F5F5F5F5F5F5F5F5F5F5F5F5F5F5
310
F5F5F5E2E2E2E2E2F5F5F5F5F5F5F5F5F5F5F5F5F5F5F5F5F5F5F5F5F5F5F5F5F5F5F5F5F5E2E2E2E2F5F5F5F5F5F5F5F5F5F5F5F5F5F5F5F5F5F5F5F5F5F5F5F5F5F5F5F5F5F5F5F5F5F5F5F5F5F5F5F5F5F5F5F5F5F5F5F5F5F5F5F5F5F5F5F5F5F5F5F5F5F5F5F5F5F5F5F5F5F5F5F5F5F5F5F5F5F5F5F5F5F5F5F5F5F5
310
F5F5F5F5F5F5F5F5F5F5F5F5F5F5F5F5F5F5F5F5F5F5F5F5F5F5F5E2E2E2F5F5F5F5F5F5F5F5F5F5F5F5F5F5F5F5F5F5F5F5F5F5F5F5F5F5E2E2E2E2E2F5F5F5F5F5F5F5F5F5F5F5F5F5F5F5F5F5F5F5F5F5F5F5F5F5F5F5F5F5E2F5E2F5F5F5F5F5F5F5F5F5F5F5F5F5F5F5F5F5F5F5F5F5F5F5F5F5F5F5F5F5F5F5F5F5F5
310
F5F5F5F5F5F5F5F5F5F5F5F5F5F5F5F5F5F5F5F5F5F5F5F5F5F5F5F5F5F5F5F5F5F5F5F5F5F5F5F5F5F5F5F5F5F5F5F5F5F5F5F5F5F5F5F5F5F5F5F5F5F5F5F5F5F5F5F5F5F5F5F5F5F5F5F5F5F5F5F5E2F5E2F5F5F5F5F5F5F5F5F5F5F5F5F5F5F5F5F5F5F5F5F5F5F5F5F5F5E2E2E2E2E2F5F5F5F5F5F5F5F5F5F5F5F5F5
310
F5F5F5F5F5F5F5F5F5F5F5F5F5F5F5F5E2F5F5F5F5F5F5F5F5F5F5F5F5F5F5F5F5F5F5F5F5F5F5F5F5F5F5F5F5F5F5F5F5F5F5F5F5F5F5F5F5F5F5F5F5F5F5F5F5F5F5F5F5F5F5F5F5F5F5F5F5F5F5F5F5F5F5F5F5F5F5F5F5F5F5F5F5F5F5E2E2F5F5F5F5F5F5F5F5F5E2E2F5F5F5F5F5F5F5F5F5E2E2F5F5F5F5F5F5F5F5
310
F5E2E2F5F5F5F5F5E2F5F5F5F5F5F5F5F5F5F5F5F5F5F5F5F5F5F5F5F5F5F5F5F5F5F5E2E2E2E2E2F5F5F5F5F5F5F5F5F5F5F5F5F5F5F5F5F5F5F5F5F5F5F5F5F5F5F5F5F5E2F5F5F5F5F5F5F5F5F5F5F5F5F5F5F5F5F5F5F5F5F5F5F5F5F5F5F5F5F5F5F5F5F5F5F5F5F5F5F5F5F5F5F5F5F5F5F5F5F5F5F5F5F5F5F5F5F5
310
F5F5F5F5F5F5F5F5F5F5F5F5F5F5F5F5F5F5F5F5E2E2E2F5F5F5F5F5F5F5F5E2E2E2E2F5F5F5F5F5F5F5F5E2E2E2F5F5F5F5F5F5F5F5E2BEE2F5F5F5F5E2F5F5F5F5F5F5F5F5F5F5F5F5F5F5F5F5F5F5F5F5F5F5F5F5F5F5E2E2E2E2E2F5F5F5F5F5F5F5F5F5F5F5F5F5F5F5F5F5F5F5F5F5F5F5F5F5F5F5F5F5E2F5F5F5F5
310
F5F5F5F5F5F5F5F5F5F5F5F5F5F5F5F5F5F5F5F5F5F5F5F5F5F5F5F5F5F5F5F5F5F5F5F5F5F5F5F5F5F5F5F5F5F5F5F5F5F5F5F5F5F5F5F5F5F5F5F5F5F5F5E2E2E2F5F5F5F5F5F5F5F5E2E2F5F5F5F5F5F5F5F5F5E2E2F5F5F5F5F5F5F5F5F5E2E2F5F5F5F5F5F5F5F5F5E2E2E2F5F5F5F5E2F5F5F5F5F5F5F5F5F5F5F5F5
310
F5F5F5F5F5F5F5F5F5F5F5F5F5F5E2E2E2E2F5F5F5F5F5F5F5F5F5F5F5F5F5F5F5F5F5F5F5F5F5F5F5F5F5F5F5F5F5F5E2F5F5F5F5F5F5F5F5F5F5F5F5F5F5F5F5F5F5F5F5F5F5F5F5F5F5F5F5F5F5F5F5F5F5F5F5F5F5F5F5F5F5F5F5F5F5F5F5F5F5F5F5F5F5F5F5F5F5F5F5F5F5F5F5F5F5F5E2E2E2F5F5F5F5F5F5F5F5
310
BEF5F5F5F5F5F5F5F5F5F5F5BEF5F5F5F5F5F5F5F5F5F5BEF5F5F5F5F5F5F5F5F5F5BEF5F5F5F5F5E2F5F5F5F5F5F5F5F5F5F5F5F5F5F5F5F5F5F5F5F5F5F5F5F5F5F5F5E2E2E2F5F5F5F5F5F5F5F5F5F5F5F5F5F5F5F5F5F5F5F5F5F5F5F5F5F5F5F5F5F5E2F5F5F5F5F5F5F5F5F5F5F5F5F5F5F5F5F5F5F5F5F5F5F5F5F5
310
F5F5F5F5F5F5F5F5F5F5F5F5F5F5F5F5F5F5F5F5F5F5F5F5F5F5F5F5F5F5F5F5F5F5F5F5F5F5F5F5F5F5E2E2F5F5F5F5F5F5F5F5F5BEF5F5F5F5F5F5F5F5F5F5F5BEF5F5F5F5F5F5F5F5F5F5BEF5F5F5F5F5F5F5F5F5F5BEF5F5F5F5F5E2F5F5F5F5F5F5F5F5F5F5F5F5F5F5F5F5F5F5F5F5F5F5F5F5F5F5F5E2E2E2F5F5F5
310
F5F5F5F5F5F5F5F5F5F5F5F5F5F5F5F5F5F5F5F5F5F5F5F5F5F5F5E2F5F5F5F5F5F5F5F5F5F5F5F5F5F5F5F5F5F5F5F5F5F5F5F5F5F5F5F5F5F5F5F5F5F5F5F5F5F5F5F5F5F5F5F5F5F5F5F5F5F5F5F5F5F5F5F5F5F5F5F5F5F5F5F5F5F5F5F59FF5F5F5F5F5F5F5F5F5BEF5F5F5F5F5F5F5F5F5F5F5BEF5F5F5F5F5F5F5F5
310
F5F5BEF5F5F5F5F5F5F5F5F5F5BEF5F5F5F5F5E2F5F5F5F5F5F5F5F5F5F5F5F5F5F5F5F5F5F5F5F5F5F5F5F5F5F5F5E2E2E2F5F5F5F5F5F5F5F5F5F5F5F5F5F5F5F5F5F5F5F5F5F5F5F5F5F5F5F5F5F5E2F5F5F5F5F5F5F5F5F5F5F5F5F5F5F5F5F5F5F5F5F5F5F5F5F5F5F5F5F5F5F5F5F5F5F5F5F5F5F5F5F5F5F5F5F5F5
310
F5F5F5F5F5F5F5F5F5F5F5F5F5F5F5F5F5F5F5F5F5F59FF5F5F5F5F5F5F5F5F5BEF5F5F5F5F5F5F5F5F5F5F5BEF5F5F5F5F5F5F5F5F5F5BEF5F5F5F5F5F5F5F5F5F5BEF5F5F5F5F5E2F5F5F5F5F5F5F5F5F5F5F5F5F5F5F5F5F5F5F5F5F5F5F5F5F5F5F5E2E2E2F5F5F5F5F5F5F5F5F5F5F5F5F5F5F5F5F5F5F5F5F5F5F5F5
310
F5F5F5F5F5F5E2F5F5F5F5F5F5F5F5F5F5F5F5F5F5F5F5F5F5F5F5F5F5F5F5F5F5F5F5F5F5F5F5F5F5F5F5F5F5F5F5F5F5F5F5F5F5F5F5F5F5F5F5F5F5F5F5F5F5F5F5F5F5F5F5F5F5F5F59FF5F5F5F5F5F5F5F5F5BEF5F5F5F5F5F5F5F5F5F5F5BEF5F5F5F5F5F5F5F5F5F5BEF5F5F5F5F5F5F5F5F5F5BEF5F5F5F5F5E2F5
310
F5F5F5F5F5F5F5F5F5F5F5F5F5F5F5F5F5F5F5F5F5F5F5F5F5F5E2E2E2F5F5F5F5F5F5F5F5F5F5F5F5F5F5F5F5F5F5F5F5F5F5F5F5F5F5F5F5F5F5E2F5F5F5F5F5F5F5F5F5F5F5F5F5F5F5F5F5F5F5F5F5F5F5F5F5F5F5F5F5F5F5F5F5F5F5F5F5F5F5F5F5F5F5F5F5F5F5F5F5F5F5F5F5F5F5F5F5F5F5F5F5F5F5F5F5F5F5
310
F59FF5F5F5F5F5F5F5F5F5BEF5F5F5F5F5F5F5F5F5F5F5BEF5F5F5F5F5F5F5F5F5F5BEF5F5F5F5F5F5F5F5F5F5BEF5F5F5F5F5E2F5F5F5F5F5F5F5F5F5F5F5F5F5F5F5F5F5F5F5F5F5F5F5F5F5F5F5E2E2E2F5F5F5F5F5F5F5F5F5F5F5F5F5F5F5F5F5F5F5F5F5F5F5F5F5F5F5F5F5F5E2F5F5F5F5F5F5F5F5F5F5F5F5F5F5
310
F5F5F5F5F5F5F5F5F5F5F5F5F5F5F5F5F5F5F5F5F5F5F5F5F5F5F5F5F5F5F5F5F5F5F5F5F5F5F5F5F5F5F5F5F5F5F5F5F5F5F5F5F5F59FF5F5F5F5F5F5F5F5F5BEF5F5F5F5F5F5F5F5F5F5F5BEF5F5F5F5F5F5F5F5F5F5BEF5F5F5F5F5F5F5F5F5F5BEF5F5F5F5F5E2F5F5F5F5F5F5F5F5F5F5F5F5F5F5F5F5F5F5F5F5F5F5
310
F5F5F5F5F5E2E2E2F5F5F5F5F5F5F5F5F5F5F5F5F5F5F5F5F5F5F5F5F5F5F5F5F5F5F5F5F5F5E2F5F5F5F5F5F5F5F5F5F5F5F5F5F5F5F5F5F5F5F5F5F5F5F5F5F5F5F5F5F5F5F5F5F5F5F5F5F5F5F5F5F5F5F5F5F5F5F5F5F5F5F5F5F5F5F5F5F5F5F5F5F5F5F5F5F5F5F59FF5F5F5F5F5F5F5F5F5BEF5F5F5F5F5F5F5F5F5
310
F5F5BEF5F5F5F5F5F5F5F5F5F5BEF5F5F5F5F5F5F5F5F5F5BEF5F5F5F5F5E2F5F5F5F5F5F5F5F5F5F5F5F5F5F5F5F5F5F5F5F5F5F5F5F5F5F5F5E2E2E2F5F5F5F5F5F5F5F5F5F5F5F5F5F5F5F5F5F5F5F5F5F5F5F5F5F5F5F5F5F5E2F5F5F5E2E2E2F5F5F5F5F5F5F5F5F5F5F5F5F5F5F5F5F5F5F5F5F5F5F5E2E2F5F5F5F5
310
F5F5F5F5F5F5F5F5F5F5F5F5F5F5F5F5F5F5F5F5F5F5F5E2E2F5F5F5F5F5F5F5F59FF5F5F5F5F5F5F5F5F5BEF5F5F5F5F5F5F5F5F5F5F5BEF5F5F5F5F5F5F5F5F5F5BEF5F5F5F5F5F5F5F5F5F5BEF5F5F5F5F5E2F5F5F5F5F5F5F5F5F5F5F5F5F5F5F5F5F5F5F5F5F5F5F5F5F5F5F5E2E2E2E2F5F5F5F5F5F5F5F5F5F5F5F5
310
F5F5F5F5F5F5F5F5F5F5F5F5F5F5F5F5F5E20F0F0FE2E2E20F0F0F0F0F0F0F0F0F0F0F0F0F0F0F0F0F0F0F0F0F0F0FE2E2E20F0F0F0F0F0F0F0F0F0F0F0F0F0F0F0F0F0F0F0F0F0F0F0F0FE2E2E20F0F0F0F0F0F0FF59FF5F5F5F5F5F5F5F5F5BEF5F5F5F5F5F5F5F5F5F5F5BEF5F5F5F5F5F5F5F5F5F5BEF5F5F5F5F5F5F5
310
F5F5F5BEF5F5F5F5F5E2F5F5F5F5F5F5F5F5F5F5F5F5F5F5F5F5F5F5F5F5F5F5F5F5F5F5E2E2E2E2E2F5F5F5F5F5F5F5F5F5F5F5F5F5F5F5F5F5F5F5F5F5F5F5F5F5F5F5F5F5E2F5F5F5F5E2E2F5F5F5F5F5F5F5F5F5F5F5F5F5F5F5F5F5F5F5F5F5F5F5E2E2F5F5F5F5F5F5F5F5F5F5F5F5F5F5F5F5F5F5F5F5F5F5F5F5F5
310
F5F5E2E2F5F5F5F5F5F528F59FF5F5F5F5F5F5F5F5F5BEF5F5F5F5F5F5F5F5F5F5F5BEF5F5F5F5F5F5F5F5F5F5BEF5F5F5F5F5F5F5F5F5F5BEF5F5F5F5F5E2F5F5F5F5F5F5F5F5F5F5F5F5F5F5F5F5F5F5F5F5F5F5F5F5F5F5E2E2E2E2E2F5F5F5F5F5F5F5F5F5F5F5F5F5F5F5F5F5F5F5F5F5F5F5F5F5F5F5F5F5E2282828
310
28282828282828282828282828282828282828282828282828282828282828282828282828282828282828282828282828282828282828282828282828282828F59FF5F5F5F5F5F5F5F5F5BEF5F5F5F5F5F5F5F5F5F5F5BEF5F5F5F5F5F5F5F5F5F5BEF5F5F5F5F5F5F5F5F5F5BEF5F5F5F5F5E2F5F5F5F5F5F5F5F5F5F5F5
310
F5F5F5F5F5F5F5F5F5F5F5F5F5F5F5E2E2E2E2E2F5F5F5F5F5F5F5F5F5F5F5F5F5F5F5F5F5F5F5F5F5F5F5F5F5F5F5F5F5E2F5F5F5F5F5F5F5F5F5F5F5F5F5F5F5F5F5F5F5F5F5F5F5F5F5F5F5F5F5F5F5F52828F5F5F5F5F5F5F5F5F5F5F5F5F5F5F5F5F5F5F5F5F5F5F5F5F5F5F5F5F5F5F5F5F5F59FF5F5F5F5F5F5F5F5
310
F5BEF5F5F5F5F5F5F5F5F5F5F5BEF5F5F5F5F5F5F5F5F5F5BEF5F5F5F5F5F5F5F5F5F5BEF5F5F5F5F5E2F5F5F5F5F5F5F5F5F5F5F5F5F5F5F5F5F5F5F5F5F5F5F5F5F5F5E2E2E2E2E2F5F5F5F5F5F5F5F5F5F5F5F5F5F5F5F5F5F5F5F5F5F5F5F5F5F5F5F5F5E2F5F5F5F5F5F5F5F5F5F5F5F5F5F5F5F5F5F5F5F5F5F5F5F5
310
F5F5F5F5F5F5F5F5F5F5F5F5F5F5F5F5F5F5F5F5F5F5F5F5F5F5F5F5F5F5F5F5F5F5F5F5F5F5F5F5F5F5F5F59FF5F5F5F5F5F5F5F5F5BEF5F5F5F5F5F5F5F5F5F5F5BEF5F5F5F5F5F5F5F5F5F5BEF5F5F5F5F5F5F5F5F5F5BEF5F5F5F5F5E2F5F5F5F5F5F5F5F5F5F5F5F5F5F5F5F5F5F5F5F5F5F5F5F5F5F5E2E2E2E2E2F5
310
F5F5F5F5F5F5F5F5F5F5F5F5F5F5F5F5F5F5F5F5F5F5F5F5F5F5F5F5E2F5F5F5F5F5F5F5F5F5F5F5F5F5F5F5F5F5F5F5F5F5F5F5F5F5F5F5F5F5F5F5F5F5F5F5F5F5F5F5F5F5F5F5F5F5F5F5F5F5F5F5F5F5F5F5F5F5F5F5F5F5F5F5F5F5F5F5F59FF5F5F5F5F5F5F5F5F5E2E2F5F5F5F5F5F5F5F5F5E2E2F5F5F5F5F5F5F5
310
F5F5E2E2F5F5F5F5F5F5F5F5F5E2E2F5F5F5F5F5E2F5F5F5F5F5F5F5F5F5F5F5F5F5F5F5F5F5F5F5F5F5F5F5F5F5F5E2E2E2E2E2F5F5F5F5F5F5F5F5F5F5F5F5F5F5F5F5F5F5F5F5F5F5F5F5F5F5F5F5F5E2F5F5F5F5F5F5F5F5F5F5F5F5F5F5F5F5F5F5F5F5F5F5F5F5F5F5F5F5F5F5F5F5F5F5F5F5F5F5F5F5F5F5F5F5F5
310
F5F5F5F5F5F5F5F5F5F5F5F5F5F5F5F5F5F5F5F5F5F5F59FF5F5F5F5F5F5F5F5E2E2E2F5F5F5F5F5F5F5F5E2E2E2E2F5F5F5F5F5F5F5F5E2E2E2F5F5F5F5F5F5F5F5E2BEE2F5F5F5F5E2F5F5F5F5F5F5F5F5F5F5F5F5F5F5F5F5F5F5F5F5F5F5F5F5F5F5E2E2E2E2E2F5F5F5F5F5F5F5F5F5F5F5F5F5F5F5F5F5F5F5F5F5F5
310
F5F5F5F5F5F5F5E2F5F5F5F5F5F5F5F5F5F5F5F5F5F5F5F5F5F5F5F5F5F5F5F5F5F5F5F5F5F5F5F5F5F5F5F5F5F5F5F5F5F5F5F5F5F5F5F5F5F5F5F5F5F5F5F5F5F5F5F5F5F5F5F5F5F5F5F59FF5F5F5F5F5F5F5F5F5E2E2F5F5F5F5F5F5F5F5F5E2E2F5F5F5F5F5F5F5F5F5E2E2F5F5F5F5F5F5F5F5F5E2E2E2F5F5F5F5E2
310
F5F5F5F5F5F5F5F5F5F5F5F5F5F5F5F5F5F5F5F5F5F5F5F5F5F5E2E2E2E2E2F5F5F5F5F5F5F5F5F5F5F5F5F5F5F5F5F5F5F5F5F5F5F5F5F5F5F5F5F5E2F5F5F5F5F5F5F5F5F5F5F5F5F5F5F5F5F5F5F5F5F5F5F5F5F5F5F5F5F5F5F5F5F5F5F5F5F5F5F5F5F5F5F5F5F5F5F5F5F5F5F5F5F5F5F5F5F5F5F5F5F5F5F5F5F5F5
310
F5F59FF5F5F5F5F5F5F5F5F5F5F5F5F5F5F5F5F5F5F5F5F5F5F5F5F5F5F5F5F5F5F5F5F5F5F5F5F5F5F5F5F5F5F5F5F5F5F5F5F5E2F5F5F5F5F5F5F5F5F5F5F5F5F5F5F5F5F5F5F5F5F5F5F5F5F5F5E2E2E2E2E2F5F5F5F5F5F5F5F5F5F5F5F5F5F5F5F5F5F5F5F5F5F5F5F5F5F5F5F5F5E2F5F5F5F5F5F5F5F5F5F5F5F5F5
310
F5F5F5F5F5F5F5F5F5F5F5F5F5F5F5F5F5F5F5F5F5F5F5F5F5F5F5F5F5F5F5F5F5F5F5F5F5F5F5F5F5F5F5F5F5F5F5F5F5F5F5F5F5F5F59FF5F5F5F5F5F5F5F5F5F5F5F5F5F5F5F5F5F5F5F5F5F5F5F5F5F5F5F5F5F5F5F5F5F5F5F5F5F5F5F5F5F5F5F5F5F5F5F5F5E2F5F5F5F5F5F5F5F5F5F5F5F5F5F5F5F5F5F5F5F5F5
310
F5F5F5F5F5E2E2E2E2E2F5F5F5F5F5F5F5F5F5F5F5F5F5F5F5F5F5F5F5F5F5F5F5F5F5F5F5F5F5E2F5F5F5F5F5F5F5F5F5F5F5F5F5F5F5F5F5F5F5F5F5F5F5F5F5F5F5F5F5F5F5F5F5F5F5F5F5F5F5F5F5F5F5F5F5F5F5F5F5F5F5F5F5F5F5F5F5F5F5F5F5F5F5F5F5F5F5F59FF5F5F5F5F5F5F5F5F5F5F5F5F5F5F5F5F5F5
310
F5F5F5F5F5F5F5F5F5F5F5F5F5F5F5F5F5F5F5F5F5F5F5F5F5F5F5F5F5F5F5E2F5F5F5F5F5F5F5F5F5F5F5F5F5F5F5F5F5F5F5F5F5F5F5F5F5F5E2E2E2E2E2F5F5F5F5F5F5F5F5F5F5F5F5F5F5F5F5F5F5F5F5F5F5F5F5F5F5F5F5F5E2F5F5F5F5F5F5F5F5F5F5F5F5F5F5F5F5F5F5F5F5F5F5F5F5F5F5F5F5F5F5F5F5F5F5
310
F5F5F5F5F5F5F5F5F5F5F5F5F5F5F5F5F5F5F5F5F5F5F5F5F5F5F5F5F5F5F5F5F5E2E2E2F5F5F5F5F5F5F5F5F5F5F5F5F5F5F5F5F5F5F5F5F5F5F5F5F5F5F5F5F5F5F5F5F5F5F5F5F5F5F5F5F5F5F5F5F5F5F5F5E2F5F5F5F5F5F5F5F5F5F5F5F5F5F5F5F5F5F5F5F5F5F5F5F5F5F5E2E2E2E2E2F5F5F5F5F5F5F5F5F5F5F5
310
F5F5F5F5F5F5F5F5F5F5F5F5F5F5F5F5F5F5E2F5F5F5F5F5F5F5F5F5F5F5F5F5F5F5F5F5F5F5F5F5F5F5F5F5F5F5F5F5F5F5F5F5F5F5F5F5F5F5F5F5F5F5F5F5F5F5F5F5F5F5F5F5F5F5F5F5F5F5F5F5F5F5F5F5F5F5E2E2E2F5F5F5F5F5F5F5F5F5F5F5F5F5F5F5F5F5F5F5F5F5F5F5F5F5F5F5F5F5F5F5F5F5F5F5F5F5F5
310
F5F5F5F5F5F5F5F5F5F5E2F5F5F5F5F5F5F5F5F5F5F5F5F5F5F5F5F5F5F5F5F5F5F5F5F5F5E2E2E2E2E2F5F5F5F5F5F5F5F5F5F5F5F5F5F5F5F5F5F5F5F5F5F5F5F5F5F5F52828E228280FF5F5F5F5F5F5F5F5F5F5F5F5F5F5F5F5F5F5F5F5F5F5F5F5F5F5F5F5F5F5F5F5F5F5F5F5F5F5F5F5F5F5F5F5F5F5F5F5F5F5F5F5
310
F5F5F5F5F5F5F5F5F5F5F5F5F5F5F5F5F5F5F5F5F5F5F5F5F5F5F5F5F5F5F5F5F5F5F5F5F5F5F5F5F5F5F5F5F5F5F5F5F5F5F5F5F5F5F5F5F5F5F5F5F5F5F5E2F5F5F5F5F5F5F5F5F5F5F5F5F5F5F5F5F5F5F5F5F5F5F5F5F5F5E2E2E2E2E2F5F5F5F5F5F5F5F5F5F5F5F5F5F5F5F5F5F5F5F5F5F5F5F5F5F52828F5E2F5F5
310
0FF5F5F5F5F5F5F5F5F5F5F5F5F5F5F5F5F5F5F5F5F5F5F5F5F5F5F5F5F5F5F5F5F5F5F5F5F5F5F5F5F5F5F5F5F5F5F5F5F5F5F5F5F5F5F5F5F5F5F5F5F5F5F5F5F5F5F5F5F5F5F5F5F5F5F5F5F5F5F5F5F5F5F5F5F5F5F5F5F5F5F5F5F5F5F5F5F5F5F5F5F5F5F5F5F5F5F5F5F5F5F5F5F5F5F5E2F5F5F5F5F5F5F5F5F5F5
310
F5F5F5F5F5F5F5F5F5F5F5F5F5F5F5F5E2E2E2E2E2F5F5F5F5F5F5F5F5F5F5F5F5F5F5F5F5F5F5F5F5F5F5F5F5F5F52828F5E2F5F50FF5F5F5F5F5F5F5F5F5F5F5F5F5F5F5F5F5F5F5F5F5F5F5F5F5F5F5F5F5F5F5F5F5F5F5F5F5F5F5F5F5F5F5F5F5F5F5F5F5F5F5F5F5F5F5F5F5F5F5F5F5F5F5F5F5F5F5F5F5F5F5F5F5
310
F5F5F5F5F5F5F5F5F5F5F5F5F5F5F5F5F5F5F5F5F5F5F5F5F5F5F5F5F5F5F5F5F5F5F5F5F5F5F5F5F5F5E2F5F5F5F5F5F5F5F5F5F5F5F5F5F5F5F5F5F5F5F5F5F5F5F5F5F5E2E2E2E2F5F5F5F5F5F5F5F5F5F5F5F5F5F5F5F5F5F5F5F5F5F5F5F5F5F5F5F52828E228280F28280F0F0F0F0F0F0F0F0F0F0F0FE2E20F0F0F0F
310
0F0F0F0F0F0F0F0F0F0F0F0F0F0F0F0F0F0F0F0F0F0F0F0F0F0F0F0F0F0FE20F0F0F0F0F0F0F0F0F0F0F0F0F0F0F0F0F0F0F0F0F0FE2E20F0F0F0F0F0FF5F5F5F5F5F5F5F5F5F5F5F5F5F5F5F5F5F5F5F5F5F5F5F5F5F5F5F5F5F5F5F5F5F5E2F5F5F5F5F5F5F5F5F5F5F5F5F5F5F5F5F5F5F5F5F5F5F5F5F5F5F5E2E2E2F5
310
F5F5F5F5F5F5F5F5F5F5F5F5F5F5F5F5F5F5F5F5F5F5F5F5F5F5F528F5E2F5F50FF5F528F5F5F5F5F5F5F5F5F5F5F5E2E2F5F5F5F5F5F5F5F5F5F5F5F5F5F5F5F5F5F5F5F5F5F5F5F5F5F5F5F5F5F5F5F5F5F5E2F5F5F5F5F5F5F5F5F5F5F5F5F5F5F5F5F5F5F5F5F5F5F5E2F5F5F5F5F528F5F5F5F5F5F5F5F5F5F5F5F5F5
310
F5F5F5F5F5F5F5F5F5F5F5F5F5F5F5F5F5F5F5F5F5E2F5F5F5F5F5F5F5F5F5F5F5F5F5F5F5F5F5F5F5F5F5F5F5F5F5F5F5E2E2E2F5F5F5F5F5F5F5F5F5F5F5F5F5F5F5F5F5F5F5F5F5F5F5F5F5F5F5F528F5E2F5F50FF5F528F5F5F5F5F5F5F5F5F5F5F5F5F5F5F5F5F5F5F5F5F5F5F5F5F5F5F5F5F5F5F5F5F5F5F5F5F5F5
310
F5F5F5F5F5F5F5F5F5F5F5F5F5F5F5F5F5F5F5F5F5F5F5F5F5F5F5F5F5F5F5F5F5F5F5F5F5F5F528F5F5F5F5F5F5F5F5F5F5F5F5F5F5F5F5F5F5F5F5F5F5F5F5F5F5F5F5F5F5F5F5F5F5E2F5F5F5F5F5F5F5F5F5F5F5F5F5F5F5F5F5F5F5F5F5F5F5F5F5F5F5E2E2E2F5F5F5F5F5F5F5F5F5F5F5F5F5F5F5F5F5F5F5F5F5F5
310
F5F5F5F5F5F528F5E2F5F50FF5F528F5F5F5F5F5F5F5F5F5F5F5F5F5F5F5F5F5F5F5F5F5F5F5F5F5F5F5F5F5F5F5F5F5F5F5F5F5F5F5F5F5F5F5F5F5F5F5F5F5F5F5F5F5F5F5F5F5F5F5F5F5F5F5F5F5F5F5F5F5F5F5F5F5F5F5F5F528F5F5F5F5F5F5F5F5F5F5F5F5F5F5F5F5F5F5F5F5F5F5F5F5F5F5F5F5F5F5F5F5F5F5
310
E2F5F5F5F5F5F5F5F5F5F5F5F5F5F5F5F5F5F5F5F5F5F5F5F5F5F5F5E2E2E2F5F5F5F5F5F5F5F5F5F5F5F5F5F5F5F5F5F5F5F5F5F5F5F5F5F5F5F528F5E2F5F50FF5F528F5F5F5F5F5F5F5F5F5F5F5F5F5F5F5F5F5F5F5F5F5F5F5F5F5F5F5F5F5F5F5F5F5F5F5F5F5F5F5F5F5F5F5F5F5F5F5F5F5F5F5F5F5F5F5F5F5F5F5
310
F5F5F5F5F5F5F5F5F5F5F5F5F5F5F5F5F5F528F5F5F5F5F5F5F5F5F5F5F5F5F5F5F5F5F5F5F5F5F5F5F5F5F5F5F5F5F5F5F5F5F5F5E2F5F5F5F5F5F5F5F5F5F5F5F5F5F5F5F5F5F5F5F5F5F5F5F5F5F5F5E2E2E2F5F5F5F5F5F5F5F5F5F5F5F5F5F5F5F5F5F5F5F5F5F5F5F5F5F5F5F528F5E2F5F50FF5F528F5F5F5F5F5F5
310
F5F5F5F5F5F5F5F5F5F5F5F5F5F5F5F5F5F5F5F5F5F5F5F5F5F5F5F5F5F5F5F5F5F5F5F5F5F5F5F5F5F5F5F5F5F5F5F5F5F5F5F5F5F5F5F5F5F5F5F5F5F5F5F5F5F5F5F5F5F5F528F5F5F5F5F5F5F5F5F5F5F5F5F5F5F5F5F5F5F5F5F5F5F5F5F5F5F5F5F5F5F5F5F5F5E2F5F5F5F5F5F5F5F5F5F5F5F5F5F5F5F5F5F5F5F5
310
F5F5F5F5F5F5F5E2E2E2F5F5F5F5F5F5F5F5F5F5F5F5F5F5F5F5F5F5F5F5F5F5F5F5F5F5F5F528F5E2F5F50FF5F528F5F5F5F5F5F5F5F5F5F5F5F5F5F5F5F5F5F5F5F5F5F5F5F5F5F5F5F5F5F5F5F5F5F5F5F5F5F5F5F5F5F5F5F5F5F5F5F5F5F5F5F5F5F5F5F5F5F5F5F5F5F5F5F5F5F5F5F5F5F5F5F5F5F5F5F5F528F5F5
310
F5F5F5F5F5F5F5F5F5F5F5F5F5F5F5F5F5F5F5F5F5F5F5F5F5F5F5F5F5F5F5F5E2F5F5F5F5F5F5F5F5F5F5F5F5F5F5F5F5F5F5F5F5F5F5F5F5F5F5F5E2E2E2F5F5F5F5F5F5F5F5F5F5F5F5F5F5F5F5F5F5F5F5F5F5F5F5F5F5F5F528F5E2F5F50FF5F528F5F5F5F5F5F5F5F5F5F5F5F5F5F5F5F5F5F5F5F5F5F5F5F5F5F5F5
310
F5F5F5F5F5F5F5F5F5F5F5F5F5F5F5F5F5F5F5F5F5F5F5F5F5F5F5F5F5F5F5F5F5F5F5F5F5F5F5F5F5F5F5F5F5F5F5F5F5F528F5F5F5F5F5F5F5F5F5F5F5F5F5F5F5F5F5F5F5F5F5F5F5F5F5F5F5F5F5F5F5F5F5F5E2F5F5F5F5F5F5F5F5F5F5F5F5F5F5F5F5F5F5F5F5F5F5F5F5F5F5F5E2E2E2F5F5F5F5F5F5F5F5F5F5F5
310
F5F5F5F5F5F5F5F5F5F5F5F5F5F5F5F5F528F5E2F5F50FF5F528F5F5F5F5F5F5F5F5F5F5F5F5F5F5F5F5F5F5F5F5F5F5F5F5F5F5F5F5F5F5F5F5F5F5F5F5F5F5F5F5F5F5F5F5F5F5F5F5F5F5F5F5F5F5F5F5F5F5F5F5F5F5F5F5F5F5F5F5F5F5F5F5F5F5F5F5F528F5F5F5F5F5F5F5F5F5F5F5F5F5F5F5F5F5F5F5F5F5F5F5
310
F5F5F5F5F5F5F5F5F5F5F5E2F5F5F5F5F5F5F5F5F5F5F5F5F5F5F5F5F5F5F5F5F5F5F5F5F5F5F5E2E2E2E2F5F5F5F5F5F5F5F5F5F5F5F5F5F5F5F5F5F5F5F5F5F5F5F5F5F5F528F5E2F5F50FF5F528F5F5F5F5F5F5F5F5F5F5F5F5F5F5F5F5F5F5F5F5F5F5F5F5F5F5F5F5F5F5F5F5F5F5F5F5F5F5F5F5F5F5F5F5F5F5F5F5
310
F5F5F5F5F5F5F5F5F5F5F5F5F5F5F5F5F5F5F5F5F5F5F5F5F5F5F5F5F528F5F5F5F5F5F5F5F5F5F5F5F5F5F5F5F5F5F5F5F5F5F5F5F5F5F5F5F5F5F5F5F5F5F5E2F5F5F5F5F5F5F5F5F5F5F5F5F5F5F5F5F5F5F5F5F5F5F5F5F5F5E2E2E2E2E2F5F5F5F5F5F5F5F5F5F5F5F5F5F5F5F5F5F5F5F5F5F5F5F5F5F5F528F5E2F5
310
F50FF5F528F5F5F5F5F5F5F5F5F5F5F5F5F5F5F5F5F5F5F5F5F5F5F5F5F5F5F5F5F5F5F5F5F5F5F5F5F5F5F5F5F5F5F5F5F5F5F5F5F5F5F5F5F5F5F5F5F5F5F5F5F5F5F5F5F5F5F5F5F5F5F5F5F5F5F5F5F528F5F5E2E2F5F5F5F5F5F5F5F5F5F5F5F5F5F5F5F5F5F5F5F5F5F5F5F5F5F5F5E2E2E2E2F5F5F5F5F5F5F5F5F5
310
F5F5F5F5F5F5F5F5F5F5F5F5F5F5F5F5F5E2E2E2E2E2F5F5F5F5F5F5F5F5F5F5F5F5F5F5F5F5F5F5F5F5F5F5F5F5F5F5F528F5E2F5F50FF5F528F5F5F5F5F5F5F5F5F5F5F5F5F5F5F5F5F5F5F5F5F5F5F5F5F5F5F5F5F5F5F5F5F5F5F5F5F5F5F5F5F5F5F5F5F5F5F5F5F5F5F5F5F5F5F5F5F5F5F5F5F5F5F5F5F5F5F5F5F5
310
F5F5F5F5F5F5F5F528F5F5E2E29F9F9F9F9F9F9F9F9F9F9F9F9F9F9F9F9F9F9F9F9F9F9F9F9F9F9FE29FE2E2F5F5F5F5F5F5F5F5F5F5F5F5F5F5F5F5F5F5F5F5F5F5F5F5F5F5E2E2E2E2E2F5F5F5F5F5F5F5F5F5F5F5F5F5F5F5F5F5F5F5F5F5F5F5F5F5F5F528F5E2F5F5E2E2F528F5F5F5F5F5F5F5F5F5F5F5F5F5F5F5F5
310
F5F5F5F5F5F5F5F5F5F5F5F5F5F5F5F5F5F5F5F5F5F5F5F5F5F5F5F5F5F5F5F5F5F5F5F5F5F5F5F5F5F5F5F5F5F5F5F5F5F5F5F5F5F5F5F5F5F5F5F5F528F5F5E2E2F5F5F5F5F5F5F5F5F5F5F5F5F5F5F5F5F5F5F5F5F5F5F5F5F5F5F5E2E2E2E2F5F5F5F5F5F5F5F5F5F5F5F5F5F5F5F5F5F5F5F5F5F5F5F5F5F5E2E2E2E2
310
E2F5F5F5F5F5F5F5F5F5F5F5F5F5F5F5F5F5F5F5F5F5F5F5F5F5F5F528F5E2F5F5E2E2F528F5F5F5F5F5F5F5F5F5F5F5F5F5F5F5F5F5F5F5F5F5F5F5F5F5F5F5F5F5F5F5F5F5F5F5F5F5F5F5F5F5F5F5F5F5F5F5F5F5F5F5F5F5F5F5F5F5F5F5F5F5F5F5F5F5F5F5F5F5F5F5F5F5F5F5F5F528F5F5F5F5F5F5F5F5F5F5F5F5
310
F5F5F5F5F5F5F5F5F5F5F5F5F5F5F5F5F5F5F5F5F5F5E2F5F5F5F5F5F5F5F5F5F5F5F5F5F5F5F5F5F5F5F5F5F5F5F5F5F5E2E2E2E2E2F5F5F5F5F5F5F5F5F5F5F5F5F5F5F5F5F5F5F5F5F5F5F5F5F5F5F528F5E2F5F50FF5F528F5F5F5F5F5F5F5F5F5F5F5F5F5F5F5F5F5F5F5F5F5F5F5F5F5F5F5F5F5F5F5F5F5F5F5F5F5
310
F5F5F5F5F5F5F5F5F5F5F5F5F5F5F5F5F5F5F5F5F5F5F5F5F5F5F5F5F5F5F5F5F5F5F5F5F5F5F5F528F5F5F5F5F5F5F5F5F5F5F5F5F5F5F5F5F5F5F5F5F5F5F5F5F5F5F5F5F5F5F5F5F5F5E2F5F5F5F5F5F5F5F5F5F5F5F5F5F5F5F5F5F5F5F5F5F5F5F5F5F5E2E2E2E2E2F5F5F5F5F5F5F5F5F5F5F5F5F5F5F5F5F5F5F5F5
310
F5F5F5F5F5F5F528F5E2F5F50FF5F528F5F5F5F5F5E2E2F5F5F5F5F5F5F5F5F5F5F5F5F5F5F5F5F5F5F5F5F5F5F5F5F5F5E2E2F5F5F5F5F5F5F5F5F5F5F5F5F5F5F5F5F5F5F5F5F5F5F5F5F5F5F5F5F5F5F5F5F5F5E2F5F5F5F5F5F5F528F5F5F5F5F5F5F5F5F5F5F5F5F5F5F5F5F5F5F5F5F5F5F5F5F5F5F5F5F5F5F5F5F5
310
F5E2F5F5F5F5F5F5F5F5F5F5F5F5F5F5F5F5F5F5F5F5F5F5F5F5F5F5E2E2E2E2E2F5F5F5F5F5F5F5F5F5F5F5F5F5F5F5F5F5F5F5F5F5F5F5F5F5F5F528F5E2F5F50FF5F50F0F0F0F0FE2E2E20F0F0F0F0F0F0F0F0F0F0F0F0F0F0F0F0F0F0F0F0F0F0F0F0F0FE2E20F0F0F0F0F0F0F0F0F0F0F0F0F0F0F0F0F0F0F0F0F0F0F
310
0F0F0F0F0F0F0F0F0F0FE2E2E20F0F0F0F0F0F0FF5F5F5F5F5F5F5F5F5F5F5F5F5F5F5F5F5F5F5F5F5F5F5F5F5F5F5F5F5F5F5F5F5F5E2F5F5F5F5F5F5F5F5F5F5F5F5F5F5F5F5F5F5F5F5F5F5F5F5F5F5E2E2E2E2E2F5F5F5F5F5F5F5F5F5F5F5F5F5F5F5F5F5F5F5F5F5F5F5F5F5F5F528F5E2F5F50FF5F528F5F5F5F5F5
310
E2E2F5F5F5F5F5F5F5F5F5F5F5F5F5F5F5F5F5F5F5F5F5F5F5F5F5F5E2E2F5F5F5F5F5F5F5F5F5F5F5F5F5F5F5F5F5F5F5F5F5F5F5F5F5F5F5F5F5F5F5F5F5F5E2E2F5F5F5F5F5F528F5F5F5F5F5F5F5F5F5F5F5F5F5F5F5F5F5F5F5F5F5F5F5F5F5F5F5F5F5F5F5F5F5F5E2F5F5F5F5F5F5F5F5F5F5F5F5F5F5F5F5F5F5F5
310
F5F5F5F5F5F5F5E2E2E2E2E2F5F5F5F5F5F5F5F5F5F5F5F5F5F5F5F5F5F5F5F5F5F5F5F5F5F5F528F5E2F5F50FF5F528F5F5F5F5F5F5F5F5F5F5F5F5F5F5F5F5F5F5F5F5F5F5F5F5F5F5F5F5F5F5F5F5F5F5F5F5F5F5F5F5F5F5F5F5F5F5F5F5F5F5F5F5F5F5F5F5F5F5F5F5F5F5F5F5F5F5F5F5F5F5F5F5F5F5F5F5F528F5
310
F5F5F5F5F5F5F5F5F5F5F5F5F5F5F5F5F5F5F5F5F5F5F5F5F5F5F5F5F5F5F5F5F5E2F5F5F5F5F5F5F5F5F5F5F5F5F5F5F5F5F5F5F5F5F5F5F5F5F5F5E2E2E2E2E2F5F5F5F5F5F5F5F5F5F5F5F5F5F5F5F5F5F5F5F5F5F5F5F5F5F5F528F5E2F5F50FF5F528F5F5F5F5F5F5F5F5F5F5F5F5F5F5F5F5F5F5F5F5F5F5F5F5F5F5
310
F5F5F5F5F5F5F5F5F5F5F5F5F5F5F5F5F5F5F5F5F5F5F5F5F5F5F5F5F5F5F5F5F5F5F5F5F5F5F5F5F5F5F5F5F5F5F5F5F5F5F528F5F5F5F5F5F5F5F5F5F5F5F5F5F5F5F5F5F5F5F5F5F5F5F5F5F5F5F5F5F5F5F5F5F5E2F5F5F5F5F5F5F5F5F5F5F5F5F5F5F5F5F5F5F5F5F5F5F5F5F5F5E2E2E2E2E2F5F5F5F5F5F5F5F5F5
310
F5F5F5F5F5F5F5F5F5F5F5F5F5F5F5F5F5F528F5E2F5F50FF5F528F5F5F5F5F5F5F5F5F5F5F5F5F5F5F5F5F5F5F5F5F5F5F5F5F5F5F5F5F5F5F5F5F5F5F5F5F5F5F5F5F5F5F5F5F5F5F5F5F5F5F5F5F5F5F5F5F5F5F5F5F5F5F5F5F5F5F5F5F5F5F5F5F5F5F5F5F528F5F5F5F5F5F5F5F5F5F5F5F5F5F5F5F5F5F5F5F5F5F5
310
F5F5F5F5F5F5F5F5F5F5F5F5E2F5F5F5F5F5F5F5F5F5F5F5F5F5F5F5F5F5F5F5F5F5F5F5F5F5F5E2E2E2E2E2F5F5F5F5F5F5F5F5F5F5F5F5F5F5F5F5F5F5F5F5F5F5F5F5F5F5F528F5E2F5F50FF5F528F5F5F5F5F5F5F5F5F5F5F5F5F5F5F5F5F5F5F5F5F5F5F5F5F5F5F5F5F5F5F5F5F5F5F5F5F5F5F5F5F5F5F5F5F5F5F5
310
F5F5F5F5F5F5F5F5F5F5F5F5F5F5F5F5F5F5F5F5F5F5F5F5F5F5F5F5F5F528F5F5F5F5F5F5F5F5F5F5F5F5F5F5F5F5F5F5F5F5F5F5F5F5F5F5F5F5F5F5F5F5F5F5E2F5F5F5F5F5F5F5F5F5F5F5F5F5F5F5F5F5F5F5F5F5F5F5F5F5F5E2E2E2E2E2F5F5F5F5F5F5F5F5F5F5F5F5F5F5F5F5F5F5F5F5F5F5F5F5F5F5F528F5E2
310
F5F50FF5F528F5F5F5F5F5F5F5F5F5F5F5F5F5F5F5F5F5F5F5F5F5F5F5F5F5F5F5F5F5F5F5F5F5F5F5F5F5F5F5F5F5F5F5F5F5F5F5F5F5F5F5F5F5F5F5F5F5F5F5F5F5F5F5F5F5F5F5F5F5F5F5F5F5F5F5F5F528F5F5F5F5F5F5F5F5F5F5F5F5F5F5F5F5F5F5F5F5F5F5F5F5F5F5F5F5F5F5F5F5F5F5E2F5F5F5F5F5F5F5F5
310
F5F5F5F5F5F5F5F5F5F5F5F5F5F5F5F5F5F5E2E2E2E2E2F5F5F5F5F5F5F5F5F5F5F5F5F5F5F5F5F5F5F5F5F5F5F5F5F5F5F528F5E2F5F50FF5F528F5F5F5F5F5F50F0FF5F5F5F5F5F5F5F5F5F5F5F5F5F5F5F5F5F5F5F5F5F5F5F5F5F5F5F5F5F5F50FF50FF5F5F5F5F5F5F5F5F5F5F5F5F5F5F5F5F5F5F5F5F5F5F5F5F5F5
310
F5F5F5F5F5F5F5F5F528F5F5F5F5F5F5F5F5F5F5F5F5F5F5F5F5F5F5F5F5F5F5F5F5F5F5F5F5F5F5F5F5F5F5E2F5F5F5F5F5F5F5F5F5F5F5F5F5F5F5F5F5F5F5F5F5F5F5F5F5F5E2E2E2E2E2F5F5F5F5F5F5F5F5F5F5F5F5F5F5F5F5F5F5F5F5F5F5F5F5F5F5F528F5E2F5F50FF5F5280F0F0F0FF50F0F0FF5F5F5F5F50F0F
310
0F0F0F0F0F0FF50F0F0FF50F0F0F0FF5F5F5F5F5F50F0FF50F0F0F0F0FF5F5F5F50F0F0F0F0F0FF50F0FF50F0F0F0F0FF50F0F0F0FF50FF50FF50F0F0F0F28F5F5F5F5F5F5F5F5F5F5F5F5F5F5F5F5F5F5F5F5F5F5F5F5F5F5F5F5F5F5F5F5F5F5E2F5F5F5F5F5F5F5F5F5F5F5F5F5F5F5F5F5F5F5F5F5F5F5F5F5F5E2E2E2
310
E2F5F5F5F5F5F5F5F5F5F5F5F5F5F5F5F5F5F5F5F5F5F5F5F5F5F5F5F528F5E2F5F50FF5F5280F0F0F0F0F0F0F0FF5F5F5F5F50FF50F0F0F0F0F0F0F0F0FF50FF5F50F0FF5F5F5F5F50FF50FF5F50FF50F0F0FF5F5F50F0F0FF50F0F0F0F0FF50F0FF50F0F0F0F0F0F0F0F0FF50FF50F0F0FF50FF5F5F5F5F5E2E2E2F5F5F5
310
F5F5F5F5F5E2E2E2F5F5F5F5F5F5F5F5E2E2E2F5F5F5F5E2F5F5F5F5F5F5F5F5F5F5F5F5F5F5F5F5F5F5F5F5F5F5F5F5F5F5F5E2E2E2F5F5F5F5F5F5F5F5F5F5F5F5F5F5F5F5F5F5F5F5F5F5F5F5F5F5F5F528F5E2F5F50FF5F5280F0FF50FF50F0F0FF5F5F50F0FF50F0F0F0FF50F0FF50F0F0FF50F0FF50F0F0FF5F5F50F
310
F50F0FF50FF50F0FF5F5F5F50F0FF50F0F0FF50F0F0F0F0F0FF50FF50F0F0F0FF50F0F0F0F0FF50FF50FF5F5F5F5F5E2BEE2F5F5F5F5F5F5F5F5E2BEE2F5F5F5F5F5F5F5F5E2E2E2F5F5F5F5E2F5F5F5F5F5F5F5F5F5F5F5F5F5F5F5F5F5F5F5F5F5F5F5F5F5F5F5E2E2E2F5F5F5F5F5F5F5F5F5F5F5F5F5F5F5F5F5F5F5F5
310
F5F5F5F5F5F5F5F528F5E2F5F50FF5F528F5F5F5F5F5F5F5F5F5F5F5F50FF5F5F5F5F5F5F5F5F5F5F5F5F5F5F5F5F5F50FF5F5F5F50FF5F5F5F5F5F5F5F5F5F5F5F5F5F5F5F5F5F5F5F5F5F5F5F5F5F5F5F5F5F5F5F5F5F5F5F5F5F5F50F28F5F5F5F5F5F5E2E2F5F5F5F5F5F5F5F5F5E2E2F5F5F5F5F5F5F5F5F5E2E2F5F5
310
F5F5E2F5F5F5F5F5F5F5F5F5F5F5F5F5F5F5F5F5F5F5F5F5F5F5F5F5F5F5E2E2E2F5F5F5F5F5F5F5F5F5F5F5F5F5F5F5F5F5F5F5F5F5F5F5F5F5F5F5F528F5E2F5F50FF5F528F5F5F5F5F5F5F5F5F5F5F5F5F5F5F5F5F5F5F5F5F5F5F5F5F5F5F5F5F5F5F5F5F5F5F5F5F5F5F5F5F5F5F5F5F5F5F5F5F5F5F5F5F5F5F5F5F5
310
F5F5F5F5F5F5F5F5F5F5F5F5F5F5F5F5F5F5F5F528F5F5F5F5F5F5BEF5F5F5F5F5F5F5F5F5F5BEF5F5F5F5F5F5F5F5F5F5BEF5F5F5F5F5E2F5F5F5F5F5F5F5F5F5F5F5F5F5F5F5F5F5F5F5F5F5F5F5F5F5F5F5E2E2E2F5F5F5F5F5F5F5F5F5F5F5F5F5F5F5F5F5F5F5F5F5F5F5F5F5F5F5F528F5E2F5F50FF5F528F5F5F5F5
310
F5F5F5F5F5F5F5F5F5F5F5F5F5F5F5F5F5F5F5F5F5F5F5F5F5F5F5F5F5F5F5F5F5F5F5F5F5F5F5F5F5F5F5F5F5F5F5F5F5F5F5F5F5F5F5F5F5F5F5F5F5F5F5F5F5F5F5F5F5F5F5F5F528F5F5F5F5F5F5BEF5F5F5F5F5F5F5F5F5F5BEF5F5F5F5F5F5F5F5F5F5BEF5F5F5F5F5E2F5F5F5F5F5F5F5F5F5F5F5F5F5F5F5F5F5F5
310
F5F5F5F5F5F5F5F5F5E2E2E2F5F5F5F5F5F5F5F5F5F5F5F5F5F5F5F5F5F5F5F5F5F5F5F5F5F5F5F528F5E2F5F50FF5F528F5F5F5F5F5F5F5F5F5F5F5F5F5F5F5F5F5F5F5F5F5F5F5F5F5F5F5F5F5F5F5F5F5F5F5F5F5F5F5F5F5F5F5F5F5F5F5F5F5F5F5F5F5F5F5F5F5F5F5F5F5F5F5F5F5F5F5F5F5F5F5F5F5F5F5F5F528
310
F5F5F5F5F5F5BEF5F5F5F5F5F5F5F5F5F5BEF5F5F5F5F5F5F5F5F5F5BEF5F5F5F5F5E2F5F5F5F5F5F5F5F5F5F5F5F5F5F5F5F5F5F5F5F5F5F5F5F5F5F5F5E2E2E2F5F5F5F5F5F5F5F5F5F5F5F5F5F5F5F5F5F5F5F5F5F5F5F5F5F5F5F528F5E2F5F50FF5F528F5F5F5F5F5F5F5F5F5F5F5F5F5F5F5F5F5F5F5F5F5F5F5F5F5
310
F5F5F5F5F5F5F5F5F5F5F5F5F5F5F5F5F5F5F5F5F5F5F5F5F5F5F5F5F5F5F5F5F5F5F5F5F5F5F5F5F5F5F5F5F5F5F5F5F5F5F5F528F5F5F5F5F5F5BEF5F5F5F5F5F5F5F5F5F5BEF5F5F5F5F5F5F5F5F5F5BEF5F5F5F5F5E2F5F5F5F5F5F5F5F5F5F5F5F5F5F5F5F5F5F5F5F5F5F5F5F5F5F5F5E2E2E2F5F5F5F5F5F5F5F5F5
310
F5F5F5F5F5F5F5F5F5F5F5F5F5F5F5F5F5F5F528F5E2F5F50FF5F528F5F5F5F5F5F5F5F5F5F5F5F5F5E2E2F5F5F5F5F5F5F5F5F5F5F5F5F5F5F5F5F5F5F5F5F5F5E2F5F5F5F5F5F5F5F5F5F5F5F5F5F5F5F5F5F5F5F5F5F5F5F5F5F5F5F5F5F5F5F5F5F5E2E2F5F5F528F5F5F5F5F5F5BEF5F5F5F5F5F5F5F5F5F5BEF5F5F5
310
F5F5F5F5F5F5F5BEF5F5F5F5F5E2F5F5F5F5F5F5F5F5F5F5F5F5F5F5F5F5F5F5F5F5F5F5F5F5F5F5F5E2E2E2F5F5F5F5F5F5F5F5F5F5F5F5F5F5F5F5F5F5F5F5F5F5F5F5F5F5F5F528F5E2F5F50FF5F50F0F0F0F0F0F0F0F0F0F0F0F0F0FE2E20F0F0F0F0F0F0F0F0F0F0F0F0F0F0F0F0F0F0F0F0F0FE2E20F0F0F0F0F0F0F
310
0F0F0F0F0F0F0F0F0F0F0F0F0F0F0F0F0F0F0F0F0F0F0F0F0F0FE2E20F0F0F0FF5F5F5F5F5F5BEF5F5F5F5F5F5F5F5F5F5BEF5F5F5F5F5F5F5F5F5F5BEF5F5F5F5F5E2F5F5F5F5F5F5F5F5F5F5F5F5F5F5F5F5F5F5F5F5F5F5F5F5F5F5F5E2E2E2E2F5F5F5F5F5F5F5F5F5F5F5F5F5F5F5F5F5F5F5F5F5F5F5F5F5F5F528F5
310
E2F5F50FF5F528F5F5F5F5F5F5F5F5F5F5F5F5F5F5F5F5F5F5F5F5F5F5F5F5F5F5F5F5F5F5F5F5F5F5F5F5F5F5F5F5F5F5F5F5F5F5F5F5F5F5F5F5F5F5F5F5F5F5F5F5F5F5F5F5F5F5F5F5F5F5F5F5F5F5F5F5F528F5F5F5F5F5F5BEF5F5F5F5F5F5F5F5F5F5BEF5F5F5F5F5F5F5F5F5F5BEF5F5F5F5F5E2F5F5F5F5F5F5F5
310
F5F5F5F5F5F5F5F5F5F5F5F5F5F5F5F5F5F5F5E2E2E2E2E2F5F5F5F5F5F5F5F5F5F5F5F5F5F5F5F5F5F5F5F5F5F5F5F5F5F5F528F5E2F5F50FF5F528F5F5F5F5F5F5F5F5F5F5F5F5F5F5F5F5F5F5F5F5F5F5F5F5F5F5F5F5F5F5F5F5F5F5F5F5F5F5F5F5F5F5F5F5F5F5F5F5F5F5F5F5F5F5F5F5F5F5F5F5F5F5F5F5F5F5F5
310
F5F5F5F5F5F5F5F5F5F528F5F5F5F5F5F5BEF5F5F5F5F5F5F5F5F5F5BEF5F5F5F5F5F5F5F5F5F5BEF5F5F5F5F5E2F5F5F5F5F5F5F5F5F5F5F5F5F5F5F5F5F5F5F5F5F5F5F5F5F5F5E2E2E2E2E2F5F5F5F5F5F5F5F5F5F5F5F5F5F5F5F5F5F5F5F5F5F5F5F5F5F5F528F5E2F5F5E2E2F528F5F5F5F5F5F5F5F5F5F5F5F5F5F5
310
F5F5F5F5F5F5F5F5F5F5F5F5F5F5F5F5F5F5F5F5F5F5F5F5F5F5F5F5F5F5F5F5F5F5F5F5F5F5F5F5F5F5F5F5F5F5F5F5F5F5F5F5F5F5F5F5F5F5F5F5F5F5F528F5F5F5F5F5F5BEF5F5F5F5F5F5F5F5F5F5BEF5F5F5F5F5F5F5F5F5F5BEF5F5F5F5F5E2F5F5F5F5F5F5F5F5F5F5F5F5F5F5F5F5F5F5F5F5F5F5F5F5F5F5E2E2
310
E2E2E2F5F5F5F5F5F5F5F5F5F5F5F5F5F5F5F5F5F5F5F5F5F5F5F5F5F5F528F5E2F5F5E2F5F528F5F5F5F5F5F5F5F5F5F5F5F5F5F5F5F5F5F5F5F5F5F5F5F5F5F5F5F5F5F5F5F5F5F5F5F5F5F5F5F5F5F5F5F5F5F5F5F5F5F5F5F5F5F5F5F5F5F5F5F5F5F5F5F5F5F5F5F5F5F5F5F5F5F5F5F5F528F5F5F5F5F5F5BEF5F5F5
310
F5F5F5F5F5F5F5BEF5F5F5F5F5F5F5F5F5F5BEF5F5F5F5F5E2F5F5F5F5F5F5F5F5F5F5F5F5F5F5F5F5F5F5F5F5F5F5F5F5F5F5E2E2E2E2E2F5F5F5F5F5F5F5F5F5F5F5F5F5F5F5F5F5F5F5F5F5F5F5F5F5F5F528F5E2F5F50FF5F528F5F5F5F5F5F5F5F5F5F5F5F5F5F5F5F5F5F5F5F5F5F5F5F5F5F5F5F5F5F5F5F5F5F5F5
310
F5F5F5F5F5F5F5F5F5F5F5F5F5F5F5F5F5F5F5F5F5F5F5F5F5F5F5F5F5F5F5F5F5F5F5F5F5F5F5F5F5F528F5F5F5F5F5F5BEF5F5F5F5F5F5F5F5F5F5BEF5F5F5F5F5F5F5F5F5F5BEF5F5F5F5F5E2F5F5F5F5F5F5F5F5F5F5F5F5F5F5F5F5F5F5F5F5F5F5F5F5F5F5E2E2E2E2E2F5F5F5F5F5F5F5F5F5F5F5F5F5F5F5F5F5F5
310
F5F5F5F5F5F5F5F5F528F5E2F5F50FF5F528F5F5F5F5F5F5F5F5F5F5F5F5F5F5F5F5F5F5F5F5F5F5F5F5F5F5F5F5F5F5F5F5F5F5F5F5F5F5F5F5F5F5F5F5F5F5F5F5F5F5F5F5F5F5F5F5F5F5F5F5F5F5F5F5F5F5F5F5F5F5F5F5F5F5F5F5F528F5F5F5F5F5F5BEF5F5F5F5F5F5F5F5F5F5BEF5F5F5F5F5F5F5F5F5F5BEF5F5
310
F5F5F5E2F5F5F5F5F5F5F5F5F5F5F5F5F5F5F5F5F5F5F5F5F5F5F5F5F5F5E2E2E2E2E2F5F5F5F5F5F5F5F5F5F5F5F5F5F5F5F5F5F5F5F5F5F5F5F5F5F52828F5E2F5F50FF5F528F5F5F5F5F5F5F5E2E29F9F9F9F9F9F9F9F9F9F9F9F9F9F9F9F9F9F9F9F9F9F9F9F9F9F9F9F9F9F9F9F9F9F9F9F9F9F9F9F9F9F9F9F9F9F9F
310
9F9F9F9F9F9F9F9F9F9F9F9F9F9F9F9FE2E2F5F5F528F5F5F5F5F5F5BEF5F5F5F5F5F5F5F5F5F5BEF5F5F5F5F5F5F5F5F5F5BEF5F5F5F5F5E2F5F5F5F5F5F5F5F5F5F5F5F5F5F5F5F5F5F5F5F5F5F5F5F5F5F5E2E2E2E2E2F5F5F5F5F5F5F5F5F5F5F5F5F5F5F5F5F5F5F5F5F5F5F5F5F5F52828F5E2F5F50FF5F528F5F5F5
310
F5F5F5F5E2E2F5F5F5F5F5F5F5F5F5F5F5F5F5F5F5F5F5F5F5F5F5F5F5F5F5F5F5F5F5F5F5F5F5F5F5F5F5F5F5F5F5F5F5F5F5F5F5F5F5F5F5F5F5F5F5F5F5F5F5F5F5F5F5E2F5F5F5F528F5F5F5F5F5F5BEF5F5F5F5F5F5F5F5F5F5BEF5F5F5F5F5F5F5F5F5F5BEF5F5F5F5F5E2F5F5F5F5F5F5F5F5F5F5F5F5F5F5F5F5F5
310
F5F5F5F5F5F5F5F5F5E2E2E2E2E2F5F5F5F5F5F5F5F5F5F5F5F5F5F5F5F5F5F5F5F5F5F5F5F5F5F5F528F5E2F5F50FF5F528F5F5F5F5F5F5F5F5F5F5F5F5F5F5F5F5F5F5F5F5F5F5F5F5F5F5F5F5F5F5F5F5F5F5F5F5F5F5F5F5F5F5F5F5F5F5F5F5F5F5F5F5F5F5F5F5F5F5F5F5F5F5F5F5F5F5F5F5F5F5F5F5F5F5F5F5F5
310
28F5F5F5F5F5E2E2E2F5F5F5F5F5F5F5F5E2E2E2F5F5F5F5F5F5F5F5E2E2E2F5F5F5F5E2F5F5F5F5F5F5F5F5F5F5F5F5F5F5F5F5F5F5F5F5F5F5F5F5F5F5E2E2E2E2E2F5F5F5F5F5F5F5F5F5F5F5F5F5F5F5F5F5F5F5F5F5F5F5F5F5F5F528F5E2F5F50FF5F528F5F5F5F5F5F5F5F5F5F5F5F5F5F5F5F5F5F5F5F5F5F5F5F5
310
F5F5F5F5F5F5F5F5F5F5F5F5F5F5F5F5F5F5F5F5F5F5F5F5F5F5F5F5F5F5F5F5F5F5F5F5F5F5F5F5F5F5F5F5F5F5F5F5F5F5F5F5F528F5F5F5F5F5E2BEE2F5F5F5F5F5F5F5F5E2BEE2F5F5F5F5F5F5F5F5E2E2E2F5F5F5F5E2F5F5F5F5F5F5F5F5F5F5F5F5F5F5F5F5F5F5F5F5F5F5F5F5F5F5E2E2E2E2E2F5F5F5F5F5F5F5
310
F5F5F5F5F5F5F5F5F5F5F5F5F5F5F5F5F5F5F5F528F5E2F5F50FF5F528F5F5F5F5F5F5F5F5F5F5F5F5F5F5F5F5F5F5F5F5F5F5F5F5F5F5F5F5F5F5F5F5F5F5F5F5F5F5F5F5F5F5F5F5F5F5F5F5F5F5F5F5F5F5F5F5F5F5F5F5F5F5F5F5F5F5F5F5F5F5F5F5F5F5F5F5F528F5F5F5F5F5F5E2E2F5F5F5F5F5F5F5F5F5E2E2F5
310
F5F5F5F5F5F5F5F5E2E2F5F5F5F5E2F5F5F5F5F5F5F5F5F5F5F5F5F5F5F5F5F5F5F5F5F5F5F5F5F5F5E2E2E2E2E2F5F5F5F5F5F5F5F5F5F5F5F5F5F5F5F5F5F5F5F5F5F5F5F5F5F5F528F5E2F5F50FF5F528F5F5F5F5F5F5F5F5F5F5F5F5F5F5F5F5F5F5F5F5F5F5F5F5F5F5F5F5F5F5F5F5F5F5F5F5F5F5F5F5F5F5F5F5F5
310
F5F5F5F5F5F5F5F5F5F5F5F5F5F5F5F5F5F5F5F5F5F5F5F5F5F5F5F5F5F5F5F528F5F5F5F5F5F5F5F5F5F5F5F5F5F5F5F5F5F5F5F5F5F5F5F5F5F5F5F5F5F5F5F5F5F5E2F5F5F5F5F5F5F5F5F5F5F5F5F5F5F5F5F5F5F5F5F5F5F5F5F5F5E2E2E2E2E2F5F5F5F5F5F5F5F5F5F5F5F5F5F5F5F5F5F5F5F5F5F5F5F5F5F5F528
310
F5E2F5F50FF5F528F5F5F5F5F5F5F5F5F5F5F5F5F5F5F5F5F5F5F5F5F5F5F5F5F5F5F5F5F5F5F5F5F5F5F5F5F5F5F5F5F5F5F5F5F5F5F5F5F5F5F5F5F5F5F5F5F5F5F5F5F5F5F5F5F5F5F5F5F5F5F5F5F5F5F5F5F528F5F5F5F5F5F5F5F5F5F5F5F5F5F5F5F5F5F5F5F5F5F5F5F5F5F5F5F5F5F5F5F5F5F5E2F5F5F5F5F5F5
310
F5F5F5F5F5F5F5F5F5F5F5F5F5F5F5F5F5F5F5F5E2E2E2E2E2F5F5F5F5F5F5F5F5F5F5F5F5F5F5F5F5F5F5F5F5F5F5F5F5F5F5F528F5E2F5F50FF5F528F5F5F5F5F5F5F5F5F5F5F5F5F5F5F5F5F5F5F5F5F5F5F5F5F5F5F5F5F5F5F5F5F5F5F5F5F5F5F5F5F5F5F5F5F5F5F5F5F5F5F5F5F5F5F5F5F5F5F5F5F5F5F5F5F5F5
310
F5F5F5F5F5F5F5F5F5F5F528F5F5E2E2F5F5F5F5F5F5F5F5F5F5F5F5F5F5F5F5F5F5F5F5F5F5F5F5F5F5F5E2E2E2E2F5F5F5F5F5F5F5F5F5F5F5F5F5F5F5F5F5F5F5F5F5F5F5F5F5F5E2E2E2E2E2F5F5F5F5F5F5F5F5F5F5F5F5F5F5F5F5F5F5F5F5F5F5F5F5F5F5F528F5E2F5F50FF5F528F5F5F5F5F5F5F5F5F5F5E2E2F5
310
F5F5F5F5F5F5F5F5F5F5F5F5F5F5F5F5F5F5F5F5F5F5F5F5F5F5F5F5F5F5F5F5F5E2F5F5F5F5F5F5F5F5F5F5F5F5F5F5F5F5F5F5F5F5F5F5E2E2F5F5F5F5F5F528F5F5E2E29F9F9F9F9F9F9F9F9F9F9F9F9F9F9F9F9F9F9F9F9F9F9F9F9F9F9FE2E2E2E2F5F5F5F5F5F5F5F5F5F5F5F5F5F5F5F5F5F5F5F5F5F5F5F5F5F5E2
310
E2E2E2E2F5F5F5F5F5F5F5F5F5F5F5F5F5F5F5F5F5F5F5F5F5F5F5F5F5F5F528F5E2F5F50FF5F50F0F0F0F0F0F0F0F0F0F0FE2E20F0F0F0F0F0F0F0F0F0F0F0F0F0F0F0F0F0F0F0F0F0F0F0F0F0F0F0F0F0F0F0F0F0FE20F0F0F0F0F0F0F0F0F0F0F0F0F0F0F0F0F0F0F0F0F0FE2E20F0F0F0F0F0F0FF5F5F5F5F5F5F5F5F5
310
F5F5F5F5F5F5F5F5F5F5F5F5F5F5F5F5F5F5F5F5F5F5F5F5F5E2F5F5F5F5F5F5F5F5F5F5F5F5F5F5F5F5F5F5F5F5F5F5F5F5F5F5E2E2E2E2F5F5F5F5F5F5F5F5F5F5F5F5F5F5F5F5F5F5F5F5F5F5F5F5F5F5F5F528F5E2F5F50FF5F528F5F5F5F5F5F5F5F5F5F5F5F5F5F5F5F5F5F5F5F5F5F5F5F5F5F5F5F5F5F5F5F5F5F5
310
F5F5F5F5F5F5F5F5F5F5F5F5F5F5F5F5F5F5F5F5F5F5F5F5F5F5F5F5F5F5F5F5F5F5F5F5F5F5F5F5F5F5F528F5F5F5F5F5F5F5F5F5F5F5F5F5F5F5F5F5F5F5F5F5F5F5F5F5F5F5F5F5F5F5F5F5F5E2F5F5F5F5F5F5F5F5F5F5F5F5F5F5F5F5F5F5F5F5F5F5F5F5F5F5F5E2E2E2F5F5F5F5F5F5F5F5F5F5F5F5F5F5F5F5F5F5
310
F5F5F5F5F5F5F5F5F5F528F5E2F5F50FF5F528282828282828282828282828282828282828282828282828282828282828282828282828282828282828282828282828282828282828282828282828282828282828282828282828282828282828F5F5F5F5F5F5F5F5F5F5F5F5F5F5F5F5F5F5F5F5F5F5F5F5F5F5F5F5F5F5
310
F5F5F5F5E2F5F5F5F5F5F5F5F5F5F5F5F5F5F5F5F5F5F5F5F5F5F5F5F5F5F5F5E2E2E2F5F5F5F5F5F5F5F5F5F5F5F5F5F5F5F5F5F5F5F5F5F5F5F5F5F5F5F528F5E2F5F50FF5F528F5F5F5F5F5F5F5F5F5F5F5F5F5F5F5F5F5F5F5F5F5F5F5F5F5F5F5F5F5F5F5F5F5F5F5F5F5282828F5F5F5F5F5F5F5F5F5F5F5F5F5F5F5
310
F5F5F5F5F5F5F5F5F5F5F5F5F5F5F5F5F5F5F5F5F5F5F5F5F5F5F5F5F5F5F5F5F5F5F5F5F5F5F5F5F5F5F5F5F5F5F5F5F5F5F5F5F5F5F5F5F5E2F5F5F5F5F5F5F5F5F5F5F5F5F5F5F5F5F5F5F5F5F5F5F5F5F5F5F5E2E2E2F5F5F5F5F5F5F5F5F5F5F5F5F5F5F5F5F5F5F5F5F5F5F5F5F5F5F5F528F5E2F5F50FF5F528F5F5
310
F5F5F5F5F5F5F5F5F5F5F5F5F5F5F5F5F5F5F5F5F5F5F5F5F5F5F5F5F5F5F5F5F5F5F5F5F5F5F5F5F5F5F5F5F5F5F5F5F5F5F5F5F5F5F5F5F5F5F5F5F5F5F5F5F5F5F5F5F5F5F5F5F5F5F5F5F5F5F5F5F5F5F5F5F5F5F5F5F5F5F5F5F5F5F5F5F5F5F5F5F5F5F5F5F5F5F5F5F5F5E2F5F5F5F5F5F5F5F5F5F5F5F5F5F5F5F5
310
F5F5F5F5F5F5F5F5F5F5F5E2E2E2F5F5F5F5F5F5F5F5F5F5F5F5F5F5F5F5F5F5F5F5F5F5F5F5F5F5F5F528F5E2F5F50FF5F528F5F5F5F5F5F5F5F5F5F5F5F5F5F5F5F5F5F5F5F5F5F5F5F5F5F5F5F5F5F5F5F5F5F5F5F5F5F5F5F5F5F5F5F5F5F5F5F5F5F5F5F5F5F5F5F5F5F5F5F5F5F5F5F5F5F5F5F5F5F5F5F5F5F5F5F5
310
F5F5F5F5F5F5F5F5F5F5F5F5F5F5F5F5F5F5F5F5F5F5F5F5F5F5F5F5F5F5F5F5F5F5F5F5E2F5F5F5F5F5F5F5F5F5F5F5F5F5F5F5F5F5F5F5F5F5F5F5F5F5F5F5E2E2E2F5F5F5F5F5F5F5F5F5F5F5F5F5F5F5F5F5F5F5F5F5F5F5F5F5F5F5F528F5E2F5F50FF5F528F5F5F5F5F5F5F5F5E2E2E2F5F5F5F5F5F5F5F5F5F5F5F5
310
F5F5F5F5F5F5F5F5F5F5F5F5F5F5F5F5F5F5F5F5F5F5F5F5F5F5F5F5F5F5F5F5F5F5F5F5F5F5F5F5F5F5F5F5F5F5F5F5F5F5F5F5F5F5F5F5F5F5F5F5F5F5F5F5F5F5F5F5F5F5F5F5F5F5F5F5F5F5F5F5F5F5F5F5F5F5F5F5F5E2F5F5F5F5F5F5F5F5F5F5F5F5F5F5F5F5F5F5F5F5F5F5F5F5F5F5F5E2E2E2F5F5F5F5F5F5F5
310
F5F5F5F5F5F5F5F5F5F5F5F5F5F5F5F5F5F5F5F5F528F5E2F5F50FF5F528F5F5F5F5F5F5F5F5E2E2E2F5F5F5F5F5F5F5F5F5F5F5F5F5F5F5F5F5F5F5F5F5F5F5F5F5F5F5F5F5F5F5F5F5F5F5F5F5F5F5F5F5F5F5F5F5F5F5F5F5F5F5F5F5F5F5F5F5F5F5F5F5F5F5F5F5F5F5F5F5F5F5F5F5F5F5F5F5F5F5F5F5F5F5F5F5F5
310
F5F5F5F5F5F5F5F5F5F5F5F5F5F5F5E2F5F5F5F5F5F5F5F5F5F5F5F5F5F5F5F5F5F5F5F5F5F5F5F5F5F5F5E2E2E2F5F5F5F5F5F5F5F5F5F5F5F5F5F5F5F5F5F5F5F5F5F5F5F5F5F5F5F528F5E2F5F50FF5F528F5F5F5F5F5F5F5F5F5E2F5F5F5F5F5F5F5F5F5F5F5F5F5F5F5F5F5F5F5F5F5F5F5F5F5F5F5F5F5F5F5F5F5F5
310
F5F5F5F5F5F5F5F5F5F5F5F5F5F5F5F5F5F5F5F5F5F5F5F5F5F5F5F5F5F5F5F5F5F5F5F5F5F5F5F5F5F5F5F5F5F5F5F5F5F5F5F5F5F5F5F5F5F5F5F5F5F5F5F5F5F5F5F5E2F5F5F5F5F5F5F5F5F5F5F5F5F5F5F5F5F5F5F5F5F5F5F5F5F5F5F5E2E2E2F5F5F5F5F5F5F5F5F5F5F5F5F5F5F5F5F5F5F5F5F5F5F5F5F5F5F5F5
310
28F5E2F5F50FF5F528F5F5F5F5F5F5F5F5F59FF5F5F5F5F5F5F5F5F5F5F5F5F5F5F5F5F5F5F5F5F5F5F5F5F5F5F5F5F5F5F5F5F5F5F5F5F5F5F5F5F5F5F5F5F5F5F5F5F5F5F5F5F5F5F5F5F5F5F5F5F5F5F5F5F5F5F5F5F5F5F5F5F5F5F5F5F5F5F5F5F5F5F5F5F5F5F5F5F5F5F5F5F5F5F5F5F5F5F5F5F5F5E2F5F5F5F5F5
310
F5F5F5F5F5F5F5F5F5F5F5F5F5F5F5F5F5F5F5F5F5F5E2E2E2E2F5F5F5F5F5F5F5F5F5F5F5F5F5F5F5F5F5F5F5F5F5F5F5F5F5F5F528F5E2F5F50FF5F528F5F5F5F5F5F5F5F5F59FF5F5F5F5F5F5F5F5F5F5F5F5F5F5F5F5F5F5F5F5F5F5F5F5F5F5F5F5F5F5F5F5F5F5F5F5F5F5F5F5F5F5F5F5F5F5F5F5F5F5F5F5F5F5F5
310
F5F5F5F5F5F5F5F5F5F5F5F5F5F5F5F5F5F5F5F5F5F5F5F5F5F5F5F5F5F5F5F5F5F5F5F5F5F5F5F5F5F5F5F5F5F5F5E2F5F5F5F5F5F5F5F5F5F5F5F5F5F5F5F5F5F5F5F5F5F5F5F5F5F5E2E2E2E2E2F5F5F5F5F5F5F5F5F5F5F5F5F5F5F5F5F5F5F5F5F5F5F5F5F5F5F528F5E2F5F50FF5F528F5F5F5F5F5F5F5F5F59FF5F5
310
F5F5F5F5F5F5F5F5F5F5F5F5F5F5F5F5F5F5F5F5F5F5F5F5F5F5F5F5F5F5F5F5F5F5F5F5F5F5F5F5F5F5F5F5F5F5F5F5F5F5F5F5F5F5F5F5F5F5F5F5F5F5F5F5F5F5F5F5F5F5F5F5F5F5F5F5F5F5F5F5F5F5F5F5F5F5F5F5F5F5F5F5F5F5F5F5F5F5F5F5E2F5F5F5F5F5F5F5F5F5F5F5F5F5F5F5F5F5F5F5F5F5F5F5F5F5F5
310
E2E2E2E2E2F5F5F5F5F5F5F5F5F5F5F5F5F5F5F5F5F5F5F5F5F5F5F5F5F5F5F528F5E2F5F50FF5F528F5F5F5F5F5F5F5F5F59FF5F5F5F5F5F5F5F5F5F5F5F5F5F5F5F5F5F5F5F5F5F5F5F5F5F5F5F5F5F5F5F5F5F5F5F5F5F5F5F5F5F5F5F5F5F5F5F5F5F5F5F5F5F5F5F5F5F5F5F5F5F5F5F5F5F5F5F5F5F5F5F5F5F5F5F5
310
F5F5F5F5F5F5F5F5F5F5F5F5F5F5F5F5F5F5F5F5F5F5F5F5F5F5E2F5F5F5F5F5F5F5F5F5F5F5F5F5F5F5F5F5F5F5F5F5F5F5F5F5F5E2E2E2E2E2F5F5F5F5F5F5F5F5F5F5F5F5F5F5F5F5F5F5F5F5F5F5F5F5F5F5F528F5E2F5F50FF5F528F5F5F5F5F5F5F5F5F59FF5F5F5F5F5F5F5F5F5F5F5F5F5F5F5F5F5F5F5F5F5F5F5
310
F5F5F5F5F5F5F5F5F5F5F5F5F5F5F5F5F5F5F5F5F5F5F5F5F5F5F5F5F5F5F5F5F5F5F5F5F5F5F5F5F5F5F5F5F5F5F5F5F5F5F5F5F5F5F5F5F5F5F5F5F5F5F5F5F5F5F5F5F5F5F5F5F5F5F5F5F5F5F5E2F5F5F5F5F5F5F5F5F5F5F5F5F5F5F5F5F5F5F5F5F5F5F5F5F5F5E2E2E2E2E2F5F5F5F5F5F5F5F5F5F5F5F5F5F5F5F5
310
F5F5F5F5F5F5F5F5F5F5F528F5E2F5F50FF5F528F5F5F5F5F5F5F5F5F59FF5F5F5F5F5F5F5F5F5F5F5F5F5F5F5F5F5F5F5F5F5F5F5F5F5F5F5F5F5F5F5F5F5F5F5F5F5F5F5F5F5F5F5F5F5F5F5F5F5F5F5F5F5F5F5F5F5F5F5F5F5F5F5F5F5F5F5F5F5F5F5F5F5F5F5F5F5F5F5F5F5F5F5F5F5F5F5F5F5F5F5F5F5F5F5F5F5
310
F5F5F5F5F5E2F5F5F5F5F5F5F5F5F5F5F5F5F5F5F5F5F5F5F5F5F5F5F5F5F5F5E2E2E2E2E2F5F5F5F5F5F5F5F5F5F5F5F5F5F5F5F5F5F5F5F5F5F5F5F5F5F5F528F5E2F5F50FF5F528F5F5F5F5F5F5F5F5F59FF5F5F5F5F5F5F5F5F5F5F5F5F5F5F5F5F5F5F5F5F5F5F5F5F5F5F5F5F5F5F5F5F5F5F5F5F5F5F5F5F5F5F5F5
310
F5F5F5F5F5F5F5F5F5F5F5F5F5F5F5F5F5F5F5F5F5F5F5F5F5F5F5F5F5F5F5F5F5F5F5F5F5F5F5F5F5F5F5F5F5F5F5F5F5F5F5F5F5F5F5F5F5F5E2F5F5F5F5F5F5F5F5F5F5F5F5F5F5F5F5F5F5F5F5F5F5F5F5F5F5E2E2E2E2E2F5F5F5F5F5F5F5F5F5F5F5F5F5F5F5F5F5F5F5F5F5F5F5F5F5F5F528F5E2F5F50FF5F528F5
310
F5F5F5F5F5F5F5F59FF5F5F5F5F5F5F5F5F5F5F5F5F5F5F5F5F5F5F5F5F5F5F5F5F5F5F5F5F5F5F5F5F5F5F5F5F5F5F5F5F5F5F5F5F5F5F5F5F5F5F5F5F5F5F5F5F5F5F5F5F5F5F5F5F5F5F5F5F5F5F5F5F5F5F5F5F5F5F5F5F5F5F5F5F5F5F5F5F5F5F5F5F5F5F5F5F5F5F5F5F5F5E2F5F5F5F5F5F5F5F5F5F5F5F5F5F5F5
310
F5F5F5F5F5F5F5F5F5F5F5E2E2E2E2E2F5F5F5F5F5F5F5F5F5F5F5F5F5F5F5F5F5F5F5F5F5F5F5F5F5F5F528F5E2F5F50FF5F528F5F5F5F5F5F5F5F5F59FF5F50F0F0FE2E2E20F0F0F0F0F0F0F0F0F0F0F0F0F0F0F0F0F0F0F0F0F0F0F0F0F0F0F0F0F0F0F0F0F0F0F0F0F0F0F0F0F0F0F0F0F0FE2E2E20F0F0F0F0F0F0F0F
310
0F0F0F0F0F0F0F0F0F0F0F0F0F0F0F0F0F0F0F0F0F0F0F0F0F0F0F0F0F0F0F0FE2E2E20F0FE2F5F5F5F5F5F5F5F5F5F5F5F5F5F5F5F5F5F5F5F5F5F5F5F5F5F5E2E2E2E2E2F5F5F5F5F5F5F5F5F5F5F5F5F5F5F5F5F5F5F5F5F5F5F5F5F5F5F528F5E2F5F5E2E2F528F5F5F5F5F5F5F5F5F59FF5F528F5F5E2E2F5F5F5F5F5
310
F5F5F5F5F5F5F5F5F5F5F5F5F5F5F5F5F5F5F5F5F5F5F5F5F5F5F5F5F5F5F5F5F5F5F5F5F5F5F5F5F5F5F5E2E2F5F5F5F5F5F5F5F5F5F5F5F5F5F5F5F5F5F5F5F5F5F5F5F5F5F5F5F5F5F5F5F5F5F5F5F5F5F5F5F5E2E2E2F5F5E2F5F5F5F5F5F5F5F5F5F5F5F5F5F5F5F5F5F5F5F5F5F5F5F5F5F5E2E2E2E2E2F5F5F5F5F5
310
F5F5F5F5F5F5F5F5F5F5F5F5F5F5F5F5F5F5F5F5F5F528F5E2F5F5E2E2F528F5F5F5F5F5F5F5F5F59FF5F528F5F5F5F5F5F5F5F5F5F5F5F5F5F5F5F5F5F5F5F5F5F5F5F5F5F5F5F5F5F5F5F5F5F5F5F5F5F5F5F5F5F5F5F5F5F5F5F5F5F5F5F5F5F5F5F5F5F5F5F5F5F5F5F5F5F5F5F5F5F5F5F5F5F5F5F5F5F5F5F5F5F5F5
310
F5F5F5F5F5F5F5F5F5F5F5F5F5F5F5F5E2F5F5F5F5F5F5F5F5F5F5F5F5F5F5F5F5F5F5F5F5F5F5F5F5F5F5E2E2E2E2E2F5F5F5F5F5F5F5F5F5F5F5F5F5F5F5F5F5F5F5F5F5F5F5F5F5F5F528F5E2F5F50FF5F528F5F5F5F5F5F5F5F5F59FF5F528282828282828282828282828282828282828282828282828282828282828
310
282828282828282828282828282828282828282828282828282828282828282828282828282828282828282828282828282828282828282828282828282828282828282828E2F5F5F5F5F5F5F5F5F5F5F5F5F5F5F5F5F5F5F5F5F5F5F5F5F5F5E2E2E2E2E2F5F5F5F5F5F5F5F5F5F5F5F5F5F5F5F5F5F5F5F5F5F5F5F5F5F5
310
F528F5E2F5F50FF5F528F5F5F5F5F5F5F5F5F59FF5F5F5F5F5F5F5F5F5F5F5F5F5F5F5F5F5F5F5F5F5F5F5F5F5F5F5F5F5F5F5F5F5F5F5F5F5F5F5F5F5F5F5F5F5F5F5F5F5F5F5F52828F5F5F5F5F5F5F5F5F5F5F5F5F5F5F5F5F5F5F5F5F5F5F5F5F5F5F5F5F5F5F5F5F5F5F5F5F5F5F5F5F5F5F5F5F5F5F5F5E2F5F5F5F5
310
F5F5F5F5F5F5F5F5F5F5F5F5F5F5F5F5F5F5F5F5F5F5E2E2E2E2E2F5F5F5F5F5F5F5F5F5F5F5F5F5F5F5F5F5F5F5F5F5F5F5F5F5F5F528F5E2F5F50FF5F528F5F5F5F5F5F5F5F5F59FF5F5F5F5F5F5F5F5F5F5F5F5F5F5F5F5F5F5F5F5F5F5F5F5F5F5F5F5F5F5F5F5F5F5F5F5F5F5F5F5F5F5F5F5F5F5F5F5F5F5F5F5F5F5
310
F5F5F5F5F5F5F5F5F5F5F5F5F5F5F5F5F5F5F5F5F5F5F5F5F5F5F5F5F5F5F5F5F5F5F5F5F5F5F5F5F5F5F5F5F5F5F5F5E2F5F5F5F5F5F5F5F5F5F5F5F5F5F5F5F5F5F5F5F5F5F5F5F5F5F5E2E2E2E2E2F5F5F5F5F5F5F5F5F5F5F5F5F5F5F5F5F5F5F5F5F5F5F5F5F5F5F528F5E2F5F50FF5F528F5F5F5F5F5F5F5F5F59FF5
310
F5F5F5F5F5F5F5F5F5F5F5F5F5F5F5F5F5F5F5F5F5F5F5F5F5F5F5F5F5F5F5F5F5F5F5F5F5F5F5F5F5F5F5F5F5F5F5F5F5F5F5F5F5F5F5F5F5F5F5F5F5F5F5F5F5F5F5F5F5F5F5F5F5F5F5F5F5F5F5F5F5F5F5F5F5F5F5F5F5F5F5F5F5F5F5F5F5F5F5F5F5E2F5F5F5F5F5F5F5F5F5F5F5F5F5F5F5F5F5F5F5F5F5F5F5F5F5
310
F5E2E2E2E2E2F5F5F5F5F5F5F5F5F5F5F5F5F5F5F5F5F5F5F5F5F5F5F5F5F5F5F528F5E2F5F50FF5F528F5F5F5F5F5F5F5F5F59FF5F5F5F5F5F5F5F5F5F5F5F5F5F5F5F5F5F5F5F5F5F5F5F5F5F5F5F5F5F5F5F5F5F5F5F5F5F5F5F5F5F5F5F5F5F5F5F5F5F5F5F5F5F5F5F5F5F5F5F5F5F5F5F5F5F5F5F5F5F5F5F5F5F5F5
310
F5F5F5F5F5F5F5F5F5F5F5F5F5F5F5F5F5F5F5F5F5F5F5F5F5F5F5E2F5F5F5F5F5F5F5F5F5F5F5F5F5F5F5F5F5F5F5F5F5F5F5F5F5F5E2E2E2E2E2F5F5F5F5F5F5F5F5F5F5F5F5F5F5F5F5F5F5F5F5F5F5F5F5F5F5F528F5E2F5F50FF5F528F5F5F5F5F5F5F5F5F59FF5F5F5F5F5F5F5F5F5F5F5F5F5F5F5F5F5F5F5F5F5F5
310
F5F5F5F5F5F5F5F5F5F5F5F5F5F5F5F5F5F5F5F5F5F5F5F5F5F5F5F5F5F5F5F5F5F5F5F5F5F5F5F5F5F5F5F5F5F5F5F5F5F5F5F5F5F5F5F5F5F5F5F5F5F5F5F5F5F5F5F5F5F5F5F5F5F5F5F5F5F5F5F5E2F5F5F5F5F5F5F5F5F5F5F5F5F5F5F5F5F5F5F5F5F5F5F5F5F5F5E2E2E2E2F5F5F5F5F5F5F5F5F5F5F5F5F5F5F5F5
310
F5F5F5F5F5F5F5F5F5F5F5F528F5E2F5F50FF5F528F5F5F5F5F5F5F5F5F59FF5F5F5F5F5F5F5F5F5F5F5F5F5F5F5F5F5F5F5F5F5F5F5F5F5F5F5F5F5F5F5F5F5F5F5F5F5F5F5F5F5F5F5F5F5F5F5F5F5F5F5F5F5F5F5F5F5F5F5F5F5F5F5F5F5F5F5F5F5F5F5F5F5F5F5F5F5F5F5F5F5F5F5F5F5F5F5F5F5F5F5F5F5F5F5F5
310
F5F5F5F5F5F5E2F5F5F5F5F5F5F5F5F5F5F5F5F5F5F5F5F5F5F5F5F5F5F5F5F5F5F5E2E2E2F5F5F5F5F5F5F5F5F5F5F5F5F5F5F5F5F5F5F5F5F5F5F5F5F5F5F5F528F5E2F5F50FF5F528F5F5F5F5F5F5F5F5E2E2F5F5F5F5F5F5F5F5F5F5F5F5F5F5F5F5F5F5F5F5F5F5F5F5F5F5F5F5F5F5F5F5F5F5F5F5F5F5F5F5F5F5F5
310
F5F5F5F5F5F5F5F5F5F5F5F5F5F5F5F5F5F5F5F5F5F5F5F5F5F5F5F5F5F5F5F5F5F5F5F5F5F5F5F5F5F5F5F5F5F5F5F5F5F5F5F5F5F5F5F5F5F5F5E2F5F5F5F5F5F5F5F5F5F5F5F5F5F5F5F5F5F5F5F5F5F5F5F5F5F5F5E2E2E2F5F5F5F5F5F5F5F5F5F5F5F5F5F5F5F5F5F5F5F5F5F5F5F5F5F5F5F528F5E2F5F50FF5F528
310
F5F5F5F5F5F5F5F5E29FE2F5F5F5F5F5F5F5F5F5F5F5F5F5F5F5F5F5F5F5F5F5F5F5F5F5F5F5F5F5F5F5F5F5F5F5F5F5F5F5F5F5F5F5F5F5F5F5F5F5F5F5F5F5F5F5F5F5F5F5F5F5F5F5F5F5F5F5F5F5F5F5F5F5F5F5F5F5F5F5F5F5F5F5F5F5F5F5F5F5F5F5F5F5F5F5F5F5F5F5F5F5E2F5F5F5F5F5F5F5F5F5F5F5F5F5F5
310
F5F5F5F5F5F5F5F5F5F5F5F5F5E2E2E2F5F5F5F5F5F5F5F5F5F5F5F5F5F5F5F5F5F5F5F5F5F5F5F5F5F5F5F528F5E2F5F50FF5F528F5F5F5F5F5F5F5F5E2E2F5F5F5F5F5F5F5F5F5F5F5F5F5F5F5F5F5F5F5F5F5F5F5F5F5F5F5F5F5F5F5F5F5F5F5F5F5F5F5F5F5F5F5F5F5F5F5F5F5F5F5F5F5F5F5F5F5F5F5F5F5F5F5F5
310
F5F5F5F5F5F5F5F5F5F5F5F5F5F5F5F5F5F5F5F5F5F5F5F5F5F5F5F5F5F5F5F5F5F5F5F5F5F5E2F5F5F5F5F5F5F5F5F5F5F5F5F5F5F5F5F5F5F5F5F5F5F5F5F5F5F5E2E2E2F5F5F5F5F5F5F5F5F5F5F5F5F5F5F5F5F5F5F5F5F5F5F5F5F5F5F5F528F5E2F5F50FF5F528F5F5F5F5F5F5F5F5F5F5F5F5F5F5F5F5F5F5F5F5F5
310
F5F5F5F5F5F5F5F5F5F5F5F5F5F5F5F5F5F5F5F5F5F5F5F5F5F5F5F5F5F5F5F5F5F5F5F5F5F5F5F5F5F5F5F5F5F5F5F5F5F5F5F5F5F5F5F5F5F5F5F5F5F5F5F5F5F5F5F5F5F5F5F5F5F5F5F5F5F5F5F5F5F5F5F5F5F5F5F5F5F5F5E2F5F5F5F5F5F5F5F5F5F5F5F5F5F5F5F5F5F5F5F5F5F5F5F5F5F5F5E2E2E2F5F5F5F5F5
310
F5F5F5F5F5F5F5F5F5F5F5F5F5F5F5F5F5F5F5F5F5F5F528F5E2F5F50FF5F528F5F5F5F5F5F5F5F5F5F5F5F5F5F5F5F5F5F5F5F5F5F5F5F5F5F5F5F5F5F5F5F5F5F5F5F5F5F5F5F5F5F5F5F5F5F5F5F5F5F5F5F5F5F5F5F5F5F5F5F5F5F5F5F5F5F5F5F5F5F5F5F5F5F5F5F5F5F5F5F5F5F5F5F5F5F5F5F5F5F5F5F5F5F5F5
310
F5F5F5F5F5F5F5F5F5F5F5F5F5F5F5F5F5E2F5F5F5F5F5F5F5F5F5F5F5F5F5F5F5F5F5F5F5F5F5F5F5F5F5F5F5E2E2E2F5F5F5F5F5F5F5F5F5F5F5F5F5F5F5F5F5F5F5F5F5F5F5F5F5F5F5F52828E228280FF5F528F5F5F5F5F5F5F5F5F5F5F5F5F5F5F5F5F5F5F5F5F5F5F5F5F5F5F5F5F5F5F5F5F5F5F5F5F5F5F5F5F5F5
310
F5F5F5F5F5F5F5F5F5F5F5F5F5F5F5F5F5F5F5F5F5F5F5F5F5F5F5F5F5F5F5F5F5F5F5F5F5F5F5F5F5F5F5F5F5F5F5F5F5F5F5F5F5F5F5F5F5F5F5F5F5F5F5F5F5F5F5F5F5F5E2F5F5F5F5F5F5F5F5F5F5F5F5F5F5F5F5F5F5F5F5F5F5F5F5F5F5F5E2E2E2F5F5F5F5F5F5F5F5F5F5F5F5F50FF5F5F5F5F5F5F5F5F5F5F5F5
310
F5F528F5E2F5F5F5F5F528F5F5F5F5F5F5F5F5F5F5F5F5F5F5F5F5F5F5F5F5F5F5F5F5F5F5F5F5F5F5F5F5F5F5F5F5F5F5F5F5F5F5F5F5F5F5F5F5F5F5F5F5F5F5F5F5F5F5F5F5F5F5F5F5F5F5F5F5F5F5F5F5F5F5F5F5F5F5F5F5F5F5F5F5F5F5F5F5F5F5F5F5F5F5F5F5F5F5F5F5F5F5F5F5F5F5F5F5F5F5F5F5E2F5F5F5
310
F5F5F5F5F5F5F5F5F5F5F5F5F5F5F5F5F5F5F5F5F5F5F5F5E2E2E2F5F50F0FF5F50F0F0F0FF5F5F50F0F0F0F0F0F0FF50F0F0F0F0FF52828F5E2F5F5F5F5F528F5F5F5F5F5F5F5F5F5E2F5F5F5F5F5F5F5F5F5F5F5F5F5F5F5F5F5F5F5F5F5F5F5F5F5F5F5F5F5F5F5F5F5F5F5F5F5F5F5F5F5F5F5F5F5F5E2F5F5F5F5F5F5
310
F5F5F5F5F5F5F5F5F5F5F5F5F5F5F5F5F5F5F5F5F5F5F5F5F5F5F5F5E2E2F5F5F5F5F5F5F5F5F5F5F5F5F5F5F5F5F5F5F5E2F5F5F5F5F5F5F5F5F5F5F5F5F5F5F5F5F5F5F5F5F5F5F5F5F5F5F5E2E2E2E2F50F0F0F0F0F0F0F0FF5F5F50FF50F0F0FF50FF50FF50F0F0FF52828F5E2F5E2F5F5F50F0F0F0F0F0F0F0F0FE2E2
310
0F0F0F0F0F0F0F0F0F0F0F0F0F0F0F0F0F0F0F0F0F0F0F0F0F0F0F0F0F0F0F0F0F0F0F0F0F0F0F0F0F0F0F0F0F0FE20F0F0F0F0F0F0F0F0F0F0F0F0F0F0F0F0F0F0F0F0F0F0F0F0F0F0F0F0F0F0F0F0F0FE2E20FF5F5F5F5F5F5F5F5F5F5F5F5F5F5F5F5E2F5E2F5F5F5F5F5F5F5F5F5F5F5F5F5F5F5F5F5F5F5F5F5F5F5F5
310
F5F5E2E2E2E2E2F50F0FF50F0F0FF5F5F5F5F50F0FF50FF50FF50F0F0FF50F0FF5F528F5E2E2E2E2F5F528F5F5F5F5F5F5F5F5F5F5F5F5F5F5F5F5F5F5F5F5F5F5F5F5F5F5F5F5F5F5F5F5F5F5F5F5F5F5F5F5F5F5F5F5F5F5F5F5F5F5F5F5F5F5F5F5F5F5F5F5F5F5F5F5F5F5F5F5F5F5F5F5F5F5F5F5F5F5F5F5F5F5F5F5
310
F5F5F5F5F5F5F5F5F528F5F5F5F5F5F5F5F5F5F5F5F5F5F5F5F5E2E2E2F5F5F5F5F5F5F5F5F5F5F5F5F5F5F5F5F5F5F5F5F5F5F5F5F5F5E2E2E2E2E2F50F0FF5F50FF50F0FF5F5F5F5F5F50FF5F5F5F50FF5F5F5F5F5F52828E2E2E2E2E2E2E2E2E2E2E2E2E2E2E2E2E2E2E2E2E2E2E2E2E2E2E2E2E2E2E2E2E2E2E2E2E2E2
310
E2E2E2E2E2E2E2E2E2E2E2E2E2E2E2E2E2E2E2E2E2E2E2E2E2E2E2E2E2E2E2E2E2E2E2E2E2E2E2E2E2E2E2E2E2E2E2E2E2E2E2E2E2E2E2E2E2E2E2E2E2E2E2E2E2E2E2E2E2E2E2E2E2E2E2E2E2E2E2E2E2E2F5F5F5F5F5F5F5F5F5F5F5F5F5F5F5F5F5F5F5F5F5F5F5F5F5F5E2E2E2E2E2F5F5F5F5F5F5F5F5F5F5F5F5F5F5
310
F5F5F5F5F5F5F5F5F5F5F5F5F5F5F528F5F5F5F5F528F5F5F5F5F5F5F5F5F5F5F5F5F5F5F5F5F5F5F5F5F5F5F5F5F5F5F5F5F5F5F5F5F5F5F5F5F5F5F5F5F5F5F5F5F5F5F5F5F5F5F5F5F5F5F5F5F5F5F5F5F5F5F5F5F5F5F5F5F5F5F5F5F5F5F5F5F5F5F5F5F5F5F5F5F5F5F5F5F5F5F5F5F528F5F5F5F5F5F5F5F5F5F5F5
310
F5F5F5F5F5F5F528F5F5F5F5F5F5F5F5F5F5F5F5F5F5F5F5F5F5F5F5F5F5F5F5F5F5E2E2E2E2E2F5F5F5F5F5F5F5F5F5F5F5F5F5F5F5F5F5F5F5F5F5F5F5F5F5F5F5F5F528F5F5F5F5F528F5F5F5F5F5F5F5F5F5F5F5F5F5F5F5F5F5F5F5F5F5F5F5F5F5F5F5F5F5F5F5F5F5F5F5F5F5F5F5F5F5F5F5F5F5F5F5F5F5F5F5F5
310
F5F5F5F5F5F5F5F5F5F5F5F5F5F5F5F5F5F5F5F5F5F5F5F5F5F5F5F5F5F5F5F5F5F5F5F5F5F5F5F5F528F5F5F5F5F5F5F5F5F5F5F5F5F5F5F5F5F5F528F5F5F5F5F5F5F5F5F5F5F5F5F5F5F5F5F5F5F5F5F5F5F5F5F5F5E2E2E2E2E2F5F5F5F5F5F5F5F5F5F5F5F5F5F5F5F5F5F5F5F5F5F5F5F5F5F5F5F5F5282828282828
310
28F5F5F5F5F5F5F5F5F5F5F5F5F5F5F5F5F5F5F5F5F5F5F5F5F5F5F5F5F5F5F5F5F5F5F5F5F5F5F5F5F5F5F5F5F5F5F5F5F5F5F5F5F5F5F5F5F5F5F5F5F5F5F5F5F5F5F5F5F5F5F5F5F5F5F5F5F5F5F5F5F5F5F5F5F5F5F5F5F5F5F5F5F52828282828282828282828282828282828282828F5F5F5F5F5F5F5F5F5F5F5F5F5
310
F5F5F5F5F5F5F5F5F5F5F5F5F5E2E2E2E2E2F5F5F5F5F5F5F5F5F5F5F5F5F5F5F5F5F5F5F5F5F5F5F5F5F5F5F5F5F5F5F5F52828F5F5F5F5F5F5F5F5F5F5F5F5F5F5F5F5F5F5F5F5F5F5F5F5F5F5F5F5F5F5F5F5F5F5F5F5F5F5F5F5F5F5F5F5F5F5F5F5F5F5F5F5F5F5F5F5F5F5F5F5F5F5F5F5F5F5F5F5F5F5F5F5F5F5F5
310
F5F5F5F5F5F5F5F5F5F5F5F5F5F5F5F5F5F5F5F5F5F5F5F5F5F5F5F5F52828F5F5F5F5F5F5F5F5F5F5F5F5F5F5F5F5F5F5F5F5F5F5F5F5F5F5F5F5F5F5F5F5F5F5F5E2E2E2E2E2E2E2E2E2E2E2E2E2F5F5F5F5F5F5F5F5F5E2E2E2E2E2E2E2E2E2E2E2E2E2E2E2E2F5F5F5F5F5F5F5F5F5E2E2E2E2E2E2E2E2E2E2E2E2E2E2
310
E2E2F5F5F5F5F5F5F5F5F5E2E2E2E2E2E2E2E2E2E2E2E2E2E2E2E2F5F5F5F5F5F5F5F5F5E2E2E2E2E2E2E2E2E2E2E2E2E2E2E2E2F5F5F5F5F5F5F5F5F5E2E2E2E2E2E2E2E2E2E2E2E2E2E2E2E2F5F5F5F5F5F5F5F5F5E2E2E2E2E2E2E2E2E2E2E2E2E2E2E2E2F5F5F5F5F5F5F5F5F5E2E2E2E2E2E2E2E2E2E2EFE2E2E2E2E2
310
E2E2E2E2E2E2E2E2E2E2E2E2E2E2E2E2E2E2E2E2E2E2E2E2E2E2E2E2E2E2E2E2E2E2E2E2E2E2E2E2E2E2E2E2E2E2E2E2E2E2E2E2E2E2E2E2E2E2E2E2E2E2E2E2E2E2E2E2E2E2E2E2E2E2E2E2E2E2E2E2E2E2E2E2E2E2E2E2E2E2E2E2E2E2E2E2E2E2E2E2E2E2E2E2E2E2E2E2E2E2E2E2E2E2E2E2E2E2E2E2E2E2E2E2E2E2E2
310
E2E2E2E2E2E2E2E2E2E2E2E2E2E2E2E2E2E2E2E2E2E2E2E2E2E2E2E2E2E2E2E2E2E2E2E2E2E2E2E2E2E2E2E2E2E2E2EF
  0
XRECORD
  5
175
102
{ACAD_REACTORS
330
173
102
}
330
173
100
AcDbXrecord
280
     1
270
     1
271
     1
  0
XRECORD
  5
174
102
{ACAD_REACTORS
330
173
102
}
330
173
100
AcDbXrecord
280
     1
270
     1
271
     1
  0
XRECORD
  5
2D47
102
{ACAD_REACTORS
330
173
102
}
330
173
100
AcDbXrecord
280
     1
 70
     1
 90
1673772943
 71
     1
  1
EAD0D99E-658F-4D51-AE36-8E03C5B07B59
311
504B030414000608080017B4D55AB5BBE68C03010000A80100004F00000036393836414242372D303444462D344132432D383330452D4132303045433439314435362F4173736574446174612F446566696E6974696F6E4974657261746F7250726F706572746965732E62696EBD904F4EC42014C6D185C6850B130F300B17
311
6E105AA02D26C640A1AEDCE8010C5371A609D34E86366E27AE3C8A47F316E323D62B48F2F1BD3CDE9F5FF844081DE603213A02EDE13E077FF0BDDF75ED73BBF61B874E52260C4B17AE201225D7B42A33AC9B92619E5385755D375873C332CB94AC393D86BA5390F16F6E0A631AF9D8C5D687E07A3F4CF10212F38EC5C68DB0
311
CB859BD4748650B23D08FD3DC43469F54B9420DF41EE757B7BEF62F4E31D29645528AD4B4CB9693057798D2B462D5639A5B6E63233A2204F3E0ED3AEF5915865A891D2E24254506E4486956505AE2C65B5D0B4D44292713DA5AFB94C18CBDE7581503223BC6CFBD537707C5D7F2CFEC37F00504B030414000608080017B4D5
311
5AFE1F224BFE000000300200004500000036393836414242372D303444462D344132432D383330452D4132303045433439314435362F4173736574446174612F496E7374616E636550726F706572746965732E62696EEB606060F80F0540260323103700495E20ED9E9A975A94991C9C9C919A9BA802147075743170B1B474
311
D53533B570D335713135D475743536D3B570353076367532307732B5644768046931363471713532B5D435353131D635313332D475727372D13534373670367376B67474B5042A03DBCBA019D37FE8ABC6157B20CD04146B0062181F4C03F940F0C11E2409D1C1C020E0C02000E242808A038C8583FE600F9580337028045A
311
C300B4871928DD805002D3F5006A0C0F420A89050A4F840C4C0F9202283365A703A620B208C40D2011909126C85248EC0FF62C401E28E6F88038B83CB1243943D7A928312F25350524C3C050EF0CC1C86C9018E97C00504B030414000608080017B4D55AB5A795FFE3790000DE7900006B00000036393836414242372D3034
311
44462D344132432D383330452D4132303045433439314435362F5265736F75726365732F45414430443939452D363538462D344435312D414533362D3845303343354230374235392F7468756D626E61696C2F302F67656E657269635F706E6701DE79218689504E470D0A1A0A0000000D4948445200000100000001000803
311
0000006BAC58540000000467414D410000B18F0BFC6105000000017352474200AECE1CE900000192504C5445818181B3B3B35A5A5A4848486060605C5C5C6464648383835E5E5E6262624E4E4EAFAFAF4A4A4AB5B5B54C4C4CB1B1B1858585B7B7B7585858ADADAD7C7C7C464646787878ABABAB747474A7A7A76868687070
311
70B9B9B96E6E6E6A6A6A8B8B8B666666545454565656A5A5A5505050A1A1A1BBBBBB8F8F8F9F9F9F4242425252527676764040403E3E3E9B9B9B7A7A7A8989897E7E7E9393939797974444448787873C3C3C727272BDBDBD3A3A3A6C6C6CA9A9A9A3A3A32020209D9D9DBFBFBF8D8D8D959595919191262626999999222222
311
2424241E1E1EC1C1C1282828C3C3C32C2C2C2A2A2A2E2E2E303030C5C5C53232321C1C1C363636383838343434C7C7C71A1A1A0E0E0E121212484A484C4E4C1616160A0A0A4A4C4A787A781414147C7E7C9193915E605E464846838583878987B1B3B18587856668665A5C5A626462818381A7A7A5A3A3A1B1B1AFADAFAD70
311
72705C5E5C9D9D9BABADAB7E817EB7B9B7585A58BBBDBB4C4C4A8D8F8D747674B5B5B3B7B7B59FA19F606260ABABA9A5A5A39B9B99A9A9A78F8F8D6C6C6AC7C7C5451AD12700002000494441547801DCBD89771BD7B5A70B8EE04C702641712605CE034890E220088028C93245451215B713AF388E7DFD9EEDB8DDCE6ABFF4
311
B57D97137BE50FEFEFDBA74049B6AEED74869B7E87404D2814EBB7F76F0F67A8835CEEBFA0E42B854AA5B2BB5B6BCC951A8D52A93657A914FE0BEEE39FFE2FF395B9B9C6CAD2D4C4606F4B7FFF8D1B37EEDCB97587F7CD9B4343BD134BABE7DB48E3FFA7A228ECD6F6574E4786C0FC8B5FFCE2CD5FFCE297BF7CF3CD5FFC92
311
B52FFE58BFF9E69B776E0EF5F79E55CBBBF9FC3F5D3DFFB07F5898ABAF7CDA3B74E74EC0CE20230561BF096E97E05712BFFCC59BC80539DCE83DDD6E54FE61B7747DE17FB8980BBBFB2BBD4337DF487881AAE6C5ACC6AF25207877B2B527BFF1CB3B77FA47561ABBD7F7FA7FE146A5B6BD74E3164C7F51449AE95DB412200E
311
C539418717E7F2F11B376FF62E95FEAF1442BED0581DBCA1BD2780D23F506AFA16E1A7AD974EF17876F00DD7BCB187A1A97AE51FCED5BF2BC1F2BBE5B3C19BE27B43CF26DE00933658FE129B109C2FFF922CC22C4260FA01BEFB462A77DEBC35F42F600C3F5B0795D2E9E02DAD5E650B4438A92801B65C35CBAB7B1EE5041C
311
E69D3B6F1822DFB873EBD6AD3B6FBC71EBC6C86AE967DFC2DFA4CEBFF1BF54F6276EBC114E2F43FEC60B01A0D440A868B2920E5C4BC10D60931ADCB871F3268B21D3851B08E1D6AD9BFD4BF57F7577909FAB86F29B982571136AF01DF5FE32AC3BD9406CAAF2440A54CF176EDD01FBADA1FEFEFE21FE4C9858DFF4183458A9
311
FD2B6708A5A5A137E0EE1D11A9EC0C7C58B2C73C0AD6B479BD76B7790CF899E287FA5B06FB7B07C9195B7851FA8794031EF1FC5F9406BBFB23375420286399B631E93B08022A785C4DBF9996EC3551874094D71B6F487E80F6837E50F483BDBDBD83232323AC420A18C68DA196EDDADF68A77F938F78FD972BABBDB7B87FB1
311
64AC6FC2CB760365821ACB74AED44FFAD7E7431ECD7E08AC421F391D199998989A383D9D98E8E56F84A318C58D9BFD2DAB73FF5222C8EFAEF4DE7AF30D756E5108683DA471E70D0502099A7240F19E4089D3FD203E620F1B47BF43501E85031AE44B4B9F2E4D2D9D4D51D8970983FA861B3706FF950CA170DE82F6B312CC4F
311
42C8966295F7D725ED29882415DC055F36DEA1FE96FEC141493F05FAA9A9A5A595B333DED5B3D5A533F62183323032F46EFF13EA0AAFA5FBF7C8976F8C10F7280A014832593B90004D52341980D907EAEB73411EB2F1EBC9F507F92746C40E7AE0AFAE54292BAB2BAB67CAE0746264A277B06508168C94BF772BE9765F7BF0
311
B548FE1E07F3B5A521340A5CB5297C4B12811B89E82191ECF3E41B3259C529F135E23CF4C7F961FB13537F5A02ECCAEA76B5BA5D3D3FDF3F2FEFEFB3AA22053E5008833428DC6C59FA2F770595F311F235D427F379BB8A121BD901B96076A388DC4C3C61C7933CCCD770FF375A6E0CE9F535FE2534BF5ADD3E3FAFD71BF57A
311
A951B6D4CFEBFB8864758A26154430080B06ABFF557610ECC93726224F155D1471041E0D42F82F4891C926C1355B0831649FF365F46FF05300A7A790BD8ADEEB0D4AA9569A9BDBADCCD56AA55AE377F5F3F3EA2A34983A1DE91D810543138D7F28E57FF4E2B5335A3928B76EA1CB9B00BF158C8F63A2E788826896D0B5E7C4
311
61949ECE089144F8EBEFC7FB4D8C9C4E9DAD60F7FBE572B416C2F2423ECF8B86C439E450DA970634ACFDA977629098D0B2FAF313A36B3869E37AF7853378CDA1171FBEBA95DF1E44FD5144A420588641B0055A79ED91CC0DC41E27064512FB33F1F04D09D0D2DF0203A646A6CECE80DF28356A348CED8C4F1EF137B9319E1B
311
CD29867CA556AA97F7B757567006A447FD375A26CAAFDED9CFDCFB2BB0BEEE8AA5911BC2C7F85DF88A3775389990AA72219D582409210F85A4E66F2987D875C30848023088FDF77E87F96FD7CBA5B9DCCEF4F4C9FC7C676777577B7B7B67E7ECCCE4E8DEE85E81A6D55AA3BC7FBEB242589CE8ED4770E785D7DDE23FF2587E
311
BF57F50B9E820527316488E5C32D50F979BCA58207297E2B6D658702FFCD211840FE43FC9F3A5BAD9E97E6F21B9FCF16BBBB3A3A5A175B5B1787875B5B3B86DFEFFC687A72674F19D46A8DFDF3EACA59E405375ACE76FFA922C817CE86A89BDD92F400F2C55B7462F610459837D3A61ACF50C7471C8F2F2A9D38C3DA2F0680
311
07F80EFCDBFBE5DCC674B1D83EBCBEB8BCBCBC3ED0D3D333D0B3DE33BCBEB0D8DA35FBF9F8CECE68AE020BCE61C112A4C1138CD47F9AD13F7DC6AB9CF9CFCFAF9D0E01FFE6CD503F5B91C5218E2899CA15098714848B04FCE5654884ABF0E554F11F6C21D73D5D5AADD64B7B9327DDAD8B0B7D7D6D6D07070763BC0F3E38E8
311
EB4310EBEB8BC3DDB347E3E37B5842B97C4E44A0C630427E5CFDFB71E03F471E12CA9FF70E055AE141042DD81234B879EB4606361D9328149037D7D76A571A7E974FA20AD0323832713AB5BA7ABE3B3E3D3FBC30307070B0B9B645D93C3CDC3CDCA41CFC6AAC2D64D0D579B4B1B397A7C1BDBEBD7D36657A3CD4B2F44F4909
311
F2B9CA597F4245C59DEC354316F0587020D0C661742BC02869435FD12CF195C422DB3C5A3E2305C000CE6B7B27ED8B7D63079B5B5B878787C787C7C7C757C76C51B60ED60EDAFA06D67B965B3B672677080BB5329E60E9B477847AE2E9EB53E35779FD37EFCD2D0DDD68AA355B6B0D81860502B8B68C801F5C697E9AD62F4B
311
406244CB975560BAC756AAA577675B07C6D03778C17E7C95CAF1B3ABABE3E3ADADE3CDB1B1B6B681014470343EBA979F8B90383545727C63E43549D14FD0F927E5F1FDEFD7263058FE02EBCD1BDCBCA053496BD58E69BC44F9F854D4D979AE9ADB908824382AC1D4014E9756EAF9CE85B6B54DB01F02F8EA5908E0D9D5F1B3
311
E72188C3C3AB67879B07C8A0A767B8B831FE5E7EB754DEAE5261460243FFF07858D8EF0D658BDC563A2C5EF5833C13C90B69248C4DD97842B61DFA7F210A2F6108A0F96B62E2D3B3F3DD939EA47E30ABF5AB2B903F4BE5F9B36757CF65021E616DAC6F60A1FB647274B4B05B2E5341B082D43278F67D8DFDA48AFF9A13F22B
311
34C7586C9992BA6E66CABC190E313E7C811AA57304B421A75B289B9D174CC868C24548823E230B9A5A2DCD2CAFE1F98E61C015CA7E96B083FC59F3ED06EE60F360B3AD6F79787ED278D0A86FAFE00BA9220EAEFE1D5DE1F7855939C3FCC1332426B377F692406E022C010DB437EF009803F0DCFD3B7C94440571D8F2C328F1
311
15F47FD324802070BAB43FBA80EFDB92FCA1F7E7CF9FA875CBB327CF9EB08C4DE4815BC4210E2CB7CF1CEDECEDCED5B757490968286899FAF95583BF46F9393CEE6A86D6F618CAAD9BFF0BE22B042412C5CFB50556815CC5BBE33E9F61ECEC26A9BCB8145FD10590078F9C9E953B513FAE1FE387FAC246E14F9E3CE7F5F819
311
4BD6594140876B6B84C5D6799C61A16434201E5237582AFD75C07EEED9863F463284E2E13425A036BD41061259289B6BDC1ED656FC8B8592C9D00701E27CEA749F0D8EF44EAD8C1F80FFF8F8F9D513191F6803384C800097F24069C407CFAE88136B7DCB3D5D4A60B711F19070D83235F77331FD35E715966889038E2E0B34
311
6EAB7936C4162043E1A1F144093695443A570144898BC4079CEF1912809A3035A1D3F361235F90FFF1E3E0FB93C7E2750719F88E7D8E68123883ADB5B18185AE99F1D11C1238A792DC4BEDE8EC6FF503DF377E0445F68FAF4E08D43082D02170F30131A154206CC559A8D9CFDD762B31273E4947A581E0D9BB71E33FFA07CD
311
02CE2A6BE1EC80167497F2A81CFA3F7EFE58D0CF5D5D170DE4F89070B0BC4040CC17BEAC6B0586C3D3FF0309BC06F44B04A1E13729929B4DF73C44070692C810B08AC3012E8EE9EAE22067796288C193B2139B970B86F47FAD0F98382B1E035D9C32FD318A4FAFCB274F2E1FA772F94411B0CD42493C23393A685B5FEF3E1A
311
CF554AF5F3552A478383374E6B2FDDFC4F6DFE38F4F4ED7A7FE838F488EA852482F412D3CB07E293D02C9F074F12E84C5AAC423271450572A385449844706475FD38DC3C22486A0639E5F1E38B0CFE93CB4B25910EF309A2224BD8DAD40C682C28341AD69047E8539A6AFC14EC573F7FAD10AE0FE6EB13E87B28E093B513B5
311
803514DE408809BC12A14876DE0A25F643009E9176D9F0C330164285A7444DC8CAF0E9FE41429EE0A2F6A6DE91C0856C501272404A8468822E24C807030B1D33D40D4AFBDBABB411D093D88C86D7205E05FC57EDD1F805FA4CED5920F0CED39157E007CE21757C5DE440ECBCB46CD283E378029B43FB077B4F47E60E9F61E8
311
D01BE017D7E843EB49F50A2028F1E442FCC90C9EE308E4C0C2C94EAE30B75FAD3A0EAFA57FE9EF960F14BE15638840EAF3BA490BB6850EDB38EECAFD21A0C746D0C4234DBD035EFC7EDD121FA585FAB73DB89FE6A03CF833AB0730E5E2F1A36CE3F202A128934B44E396961121E1F2C9F32BFCC0C140CFE22C1CA8E109B182
311
919696BFB98120234F61B59F7BF46EC30CF067B21A33B0FB3E402448EE266CCD93135A8E823DB31F85E677434E608F53F8100BC0098EA2FD6BC01770E0F2F2D1E5452A711C4BB8486248FAD756D852026B6DC90A2AA5C6B69E9068B8F27AFABFFEE8AB36F1D23985D5960014FD711940800B560250D2272CC54FF1D3A660B2
311
75AC3881E349689C1616E1E9044129D032313509DE4700BC867C71F128C400159407C761022BA8A040F40A244788808C60B3AD67A17576279F6F946923191921B0545FC2F12AC0EFEFBD7262B6935679FC7F80629160ABFAEC88E8430E76D82A8DE62ACE50BD4A42FBF03B387B37FD321B37E31C3F063D99703F5160E6C9E5
311
A300CF32A91E0A085A29C0FC507F6C21012303C6104B82C1F1E156DB3229D1A855A32A8352C9077AF733A0AFE0FB3EF81FDF2F0F82C21B0EB06998866878B103305E31EC17F4FD43831E570A2118D1667632D4FFFFB125782F96168A833DBE78C3F11F8383A79D49F58F1E3DBC780417AE6581381E8610604888E2913E1249
311
2881274822C221AD04CB0B1D273B8542837460898C686864FF6F801E8269F40AD0481DFAF5E6E9C1F3BE391C325004DF0746A4E4448F7B52C0D5EAD39EC46896B888C4210D68E99DFA2820DF7FF850EC407EB55C3EBC5028611409BFCB8889C90F1C52355AEF98B18100094C9D0EF6F64FD47E5CBF3FF5293DDFB4B50DDD54
311
F351446FA1F14580DC3902C085F593CB24ACC917B213BBC11B3F0A61042FD8B24F4FB9C4556D0CB9E1A880DE89934CE9607F18F81FDD950DD0E1D143F41D56110E227C250621FF098838042BC85B5B6BCBCBC31DD37B34966E9FFD9936A2FEFEA9EBA4182E5CD3E17AE35501FCE0707E5525A7DBC64DFD077825BE37CE0BBE
311
1BBEC061410C660B6E49912665E2B3749C7C9F93834022F74CDE6CA5EB501D9CBC04B768292C5CCB84478F3CA83074092C6082169015E5800D5839DC6C1B58EFE83ECA513BDE3EFB8EF1242D2D4B3FD55AFE03D42F8492AF8A3F21444FA2FA9ABBF525EAF84C09F0168527B0138A85D1EC0443C467B28BF844EAF76323BE13
311
D7C11F72FED783837B970FEFDE7D7817E077C17EF7E2A1C2C0FE851FE4C008388C15E818958746129E1009D054B67530D6B3D8DA3D59D82D9D57CF70039FF50FFE0DE94089DB269C3655A4F25B38C49D0BD48E59F1526887C18FC5272197F85CA72862A593A4843CD25F920487DDF7AA0441A2C0600D062001F103FCEEA3D8
311
560CEC3EBACB01CAE5A51E420349F602191E5F901893142381351CE17047E764BE50DEAF9E4D8C38B6ECFFACEB141E54A6865A88A60133EE9CBB4C256930B0B168C1C3AB59FE1743FB422C7166082E934AFA5EFA3E4BCE0B69362FA7041818B7FDECE1DDFB4D022007CA23E521F0700AAEB5888BBBF08023E128B404538154
311
2FA256B0D04E28A0C3804E233A1BFB476A2F48FD135BAF9843BEDA3264EB42BA499601F16B566E72C7EA35908ABCB9176BBED43204C696AFD3D7B24B08D3AFA44BE243D88A6D9D0B6562B52F741E1610C0EFBBAF2B0829289A640EC4C8A4FF66A24430786CEBE1E1E61AF9507BFB496EAEB64F8F49B4129EBDEC065EC1F8A3
311
F228A3CD0950883B41BEC6D1944AE06147289600A7726313AC69A3F91197F1438BCB743E76F01F6EF1D1C854071670FFFE43FF1EDED702EE5A14C85D0C42DF90B86068800659AC88981855E3E774A71C0CAC2F76754EE7CC87C808D1E1E0F6CF47FD4224731337BE1E39C5010823EE997B1491BBD99FC8D8EF77482BEB5EB2
311
CF66499A8E0F7511B19B3EFBDACB6507BC78731B1B383D02FFDD7BE8DD9256F7D0BA7B46015941097B80018F700FFA024CC08078F51806100ADBFA163ABA8A3B95B9D2F92AC30BC908ED31FABE0CBEBFFF0279B675868F9AA24E9530B08C174055B7F48E4F58002F3E82F0BDFA003E8B431EB6C4A91E4D9B5FFB791265BA88
311
27BBE5F1BCFA7F789F72F75EC800F8AE43FFAEC42F13009FB905A9A0132015D0068ED7682AC608BA6771038DEDB3B33082891FAB1ABF5614F93238079726B833958796B845B731FCB86316713C1DC581B1E19B424EE32674093F80776F7E27C6FBFAC85C536CD955B96EDA2A3FBF770FF4BE11845470EB3E42D022000E0FE0
311
7D161811020742162444668308801E133A4C163BE68F6826A5523071CA78B2FED51F28F8C70FE4190073A3E5D3259D7A288CD19BDE623F10021BAB0C6E327FD507B2741627727EA00D31856492F9F009D7F152D930704E642795C1C1B336E0DEBB7F0FDCB79318543B25341F36802D64A981A690B94259607DE0B19D466BF8
311
C1C5E1CEF9A3FC5C639FD6117B4BAEAB453F8EFBDA500A67E8BAF76C8A06566E36EE1184E8329419161F83D843D5DE7D8221163E145F56921C3EE383978072129E290A9B7166E63D26BAB1FCDBF710009E4051842390031845F20077CD079407C575F20364C4910ED2A574BC357630B0BCD8DE39335EB175646A698458F6A3
311
46F003A93002E846FFE0C459B8006E506D79BF902908A0AA05CB5E73530E33BA1D3C2EF99C712B7C8B41DF4D2A7830BE8707485FCFAEEB85A09AB6D39BBF7B4F23E00509C20DB04E240822A4B810E04D8D53D10D504C059ED86BB8697F514777717A8F8144D48A4C89077F7EDB00E2D89DC02A7B975640A282C49A4AA84B70
311
B12BFED8EA6584860DFB7EE23FCB00C6BAF7332FF259FA3C9346508813E372F1DDE425065BB61FDF8300F7EEDDBE8D0C6EDF46F7D8823478590AE23759D60DA6B7A9F125EDE8F4A5D2B37470D0B63C30DCDE3D3D59A8D1501EB1B0A5377517BDD6E301F995E3F955F0F58FAC2E81CE172A8344AC03DC6781939D2484B8FFC1
311
5E8F3ACCD3954CE19576B942D0A029188EC7013FE59AE90B71292DE774F1F63D60230180B30A2EDC65291B6211B4081128856001A680015CE000708254891851D4B3BED0FA4D7166B466BFF1D2A924885AD12B387FC0FCE6819AC3AE06A7AA4B715F0927B74D119D4A668FB54B8A8C268D8B038A207D10A7B1E95E42195B69
311
5BE0240F7408B311257C23F581E987C180140C584A02B1670CB817CEC0A080F259F1360E58452013200E3EC107AC1DF4FD7B0F6D23F33347F9527D9F51E6138E31AF35F1BDAAEEEBA3D71BB402E2FB47CECEE96B4DB85536772B07C82A34F3E66D0BCEC207FEB9E70643761276F7B50D5EE963CFF80C7AF4A2130F5BF8C4EB
311
FB5F07B709840480DBD8007FB7EF3F90104908BA457D43AA2A6A02C91422285E5AAC143F3313A0CB74D9D164933B86C25587134E8D342B453FC982860D09FD13ABE72055ED020E85D3E312F74C25CB0293D978A1C4001927C80B86FD06349126EC219F0C735C8053D8F5F310817EA01F1B7851F406144C211C6362C27DD51F
311
1E310C0102280ADB891E9B085CC528A2B1369A46BA195B9A2B351862CE43174BA73FB7CBB430A5798F4C54B7333B96C3224A9863AD02B9FBD8E63092191924E77C199D92887DA594B6DCF0112857162FD0949FE6A441F5E62E42FB2105BC405A2301A3424601DC807912CB2C39C604A27908021CDA30C4C8C2019A883B3A8B
311
D393BB3546136EAF561980FB63E9E035FF73B96D09A905ACB2C11D79571C5159026227DDBDB81396EB03F14100BEB66DE1FA9EF82C3ECCBE318119C4269FD014E66361FC8BB0B4EA9A98EF3D8848A01360430284335004C183CC25BCA82D2302EB03B8419241C64DF4F5ADAF77B533BE786334BFCBB8DA72BDBEFFC36103AF
311
B30608A0B39B58D93F0BF42180841DD26BDC22CF0A770E90240006BAC65197D90920131C7B2EB3CFD3C71C6378A305EE8488FC1FF8D391E2BDDB0F6E3F45E7C8207C419800DB410073A3173942CA8D5242642A74496FF115832A6314D9FA4257577BF7FCF8F8E8CEE8DEDE5EBE76DD3CF892BA7FB8B90F629431B5525E92A1
311
5A3A4A6FEA3FDD73136172060959206591F4C927196CF645AA285CF3014630121754261C0D31E1A7E3DA2DBDB54B04703BDE3A4209F02045C4BB0F529A14BED07098A2A1CD47513DA64B512F409BC01663090796D787173B5AA141B1B39BB470EEBCF1E30F9D263ACC4D05110797CEF7B923B027F089F74D1D06F0A4D8C0CD
311
A6604023FCA45B76C5CDE0BF3845ECBE13E0C0ED73700A8A753C1AC8AEFFF1B407FC8A20F42F0D94019121DE304077A027D4112283BB8FF0072444D68AAD111D6F591BC0061854BBC048EBBE9E81F6A33A95C21BFD13AF3C7E7DCDFFEB0DE8903F77B41DF178E99C289895B0EA8CD640549D68935BA7C5294E0A1D66DA0CC4
311
19BD398E6265789CA1241441AC94532A3C19C95340BEFC68703077EFC1D307B71F3C500859C11494838E902203A2BE90EACC5135B80B078804340C920C2300BCC06F7A1C71B875DC572C9BD1D84BD5FB9363CA6BA7D03E5C40FDFC54FC23C9B4B9DDD028787D89219038523BF64E638BB37CC25335937A00DFD32869C5B390
311
C8C32FF25C8C47A7181B4A599A224A9DADB0E0406FEFF9F183B7448F081E3C55024FB33828784AB61704482CD0160C04174F9E33BA9291D58C2F1F1B1B3B5863B0D9F3E51C35C253D54A23E560E2C0CB3A6F7A81382601C2079CAE96B7B1560D20A341E85A928A4E01083256420576C2ED477E2E565FD9223BCC691CF394D3
311
D8E281501E0EE5C1C8159E92585D255CF30CC854C75318006EA4A01028EC853F9407C6053910BE105348324002260254886C156260F9189EE0F8C9A3CBAE9D5A992184568A69D5183A7DB97DB089FDC57AEE54F858FE54F577DBA85309640290F2D220952620750C5811FB772A7876D1E4040FBFC6474D51246D8B3FB37828
311
3FB514F8AB3C20B8BF7DBE5DE541C9A5D3D38DDB30E00151E02523081BC89C2214103E0BC1B3D0199A08E002681A2613A2616CEDF0F0F9C5DDC75DA395C25C0309C03DEC8091A4AFD3FEB504AAC6633930556DAC86EE3561941E862C4A75DD6B6BB3A0C59BE153DFA73EDFCBC3CE2188D3D378FC976D0EF9A95B7C8532F527
311
CE3CF539581E0FE501291E9139FFB65EFF5DBD8E0C18DE3077170A64E033FD278F18068028802F156C3809FDEB11B1019C208D020C9BA2870457F0F8E1FDC7EDD393E3B9FC9C4308E9315704233F960E554802C14716B0B45DAB5EAB5E25AB7830EBB8D25E6CA94E4AA01794FB1EE164FE9F040FE82C940A4BCEF913075D08
311
7E85A7237D3CF29C47E4E676777779528C4781761F0BFBC1D3A77880E40C9A2E5109180D5255317890394229F0F082010354082D574F1E3FBAB7D6553C2113DACB97BEB5526C7C6F69F9310A94C46CD89FF8F379AD1AA035FD00FF3F320180F01417A6F255A3A8D86319FE0C0B0E06A0DCD33F79841339C01E5BBE1911AFCF
311
F7C1E0A540BFBDBFCF2372352686D863F83F59CB6865F43104007EE06F52406F680341102048A01BB048823082CBCB0B6AC48C313F3E7CFEF8F2D1FDC3D6F6F9F9D9E98D9D7CAE5EADE2A6512FAD7AB526E17F600C85550DDE9ACFE9D97E694513103BC69F8A2813176032C890C1E9C49FC09C61670FF8705B1D7386260E7C
311
8E7122C7F8208A55139E8C8D4763F7EBF5728DF9C34677364E3A3F9AEFDEC9CD95470788834F9FBEC512379890B38C94205B2557987C4186DF5C0837608DF0F9F3CB87B7EF6E920475752A01460E556919B2B64296FB9FB70DD5F47232A0F77465BF140CD001F00ADCA175090E2665A14E6329B62660E02A1CB50C6025E3DA
311
252A670B3F0FFAA5EAD94A509FE7036B159E0D1D9F2E76B7AE1FD5A606198D3A747AF450023CBDFD162278B9446688111009B4029B0F2180AE20A542D40610C073B47FEFE1416B2B12200F3C991C2F54EC2491027A816B0A34A9D05C6F437AC23462385DADD75642EDDA738AF1600DBE07EE8437804D2D011A94DF71C2085E
311
DD40266A407FFA1D1C00B0C03927E60338E3B9D8C47D1F8CAED578E06F7CFAA4BB63B175FA7C301B747CB377F45192003CB8FD34B12009224543D8604494011A80C1903CE0518C986208E1C5FDDB8FDA161686873BBABABAE74FA637BEA894A44078C19696F326E057D7F95D061A6B0394A9D5F2DCAAFE4C2388D8A6E9AB76
311
95CB0BDD0A332430F1A9333DA41D1FFB97FA09AE84E738C75C407C260408F8DBD5EDED7DE1570A7BE333C54F16963B46AB0C2B71208EA3D16EF4EEDCD7005241166C005A73C03164792151205C007288AE337B4D7103741BDE7B7AC913350B348B2D767515674EC6F72A0402BBCB41C81305AFCF05F2758D3ECAC8D26AB976
311
06DB9581A4B7A8FFB068CD5C0604E6849046B70C2B60FF0CDDF93C13822B4E82FA0479A68220E66D9FD775FB3C1A9CDBDB9829B6AF2F77EC9E0678FB20ED8D1B1A1A39D10F9812E20D6281F5673121AACAA9C53424000DAC173F7E18C3052EEE3E78E7F1160F5AAEAFB70E0F7775CFCE4EF384DDEEBEB9C0889D5243BDF557
311
559FEDE5F17AB21E118C4C31A3DF6A96B56AC62180293910ECD6B721047664BCFCC6B2DD3C65CA0F0C823DFEF84083C7ECCDF05898EEF158F4FEF97EB9C123F1B9D1D1A3D9F9AEC5F5CEDA84A3C96C14A55584D62893D6A54D8D2028D05C8B1F124884543F3223B29D208B04910D3FC43F5C52196AEB5B5F5E58E8E82610F0
311
8C21BD443801233C0CE8BD1E40F84A1CA86001990048031ABBAB11EF83F9283EA89F181F2A0D9A9F62D94B7F625FD727E6A93F63F200F614F7CF100D4511C07DB45FC5F0CB4CA359ABE4774631FDAE85E599EA0878A3C33D5AD6430CF4C055EE5FDB80629000D7855DED3F436F3B61B3DC7FFACEFD2B1BC6FB0696312CFA47
311
7CE87A87070C7998E04FBA78AE3F915A065E819FCF35B410321D9ABB308146A11AD5196CDDD7C477A171C8AFC74B45CBC6F641AB53C8D4ADA5870C02379BC0470CF83DB55F073E29CF5CE5F7A3F8FD62EB7AEB1774C2C6780B9523F9287193FD23DDB79FBEA513B45200E2E0C1B51350163AC19043C600F2C1DBF7DEBA7BB9
311
B5457BC0D840CF325EB0BBABBB786D301437000020004944415472B491ABCCEDAFC0591201CAC8EBFACBF367FE7B6E40E69F551BBBE7123E3C00AC560CE20C62436E8C3C54CC225EE08C0D74CE26148877689EDD004FB2BFBFFFBB984035373A7954EC5EE8591FE531348654514DB1D1C56411DFA2A7C212BE5ED91278F285
311
1A432244C6822C29C85A8B320ADCBDFDD63BF71FD32648E7D098CD018BC35D7FE89E250EF2AC75F96C15271602687965C844B8807C6E7729D93F22E81D39ABD62A0820C1FE9F11CFA7208125D33E96FD69E83AF6052DD32D49FF0802CD9F9DFD39260389A950887A647CCC99BAB17132DFB5DED35138FB3A060F6295AA5E19
311
5BF0BB56495A5A4A8FA440026E46A047D40ED2520A441C302D240F201FB8F7E0EDDB0E12A04D8816215A0579E8FE1B1281E9F19C9900DE79842E2A7CCD48E9876EB01C75DBA0E0C8D44AB5512947A00BE7CF5DE9E1A6A6BE43CF1A78783DFD5A404E4477336C1ED8B18908B2A847B2AFE9839E891137A6673BBB96FBBA2A4B
311
8E9373B001F08369BA11BE8ABC4302FD2345FD6014A127068427D007BE28B41D9B0D40FFB7EE531FA673C8870A69135B1CEEE8D009C08042A5B4EDA314920B635BF941E7487E45256439DFE9D276295F87E698389CD49FB394FE19720412DEDDC40E9CE9C6DD605E0B719FADC416CB15AB3A61F9B5B9B9426E54F81D8B03DD
311
950946D432B40CEDAB7BB5AF11213CBA73C9BCCCDAFBCF06127C7980FE6D1DC9B4DF14832D6568FEAEEBA76FBF438300B541064ED33F3AC0B0D10505306FD370AED02859234402F6C3FED006766DDED2034D90D119057225EEE3DAF787EBF30EC51ACB4F551678BD6728E1944730C095F13E4D81A4DFFBF67C5BEE37E62A85
311
FCCEC6CC6C7BC77A5B477E22223ECA4FCC0F87E2A5E3EB782BDB25B8CFC6736A044DE5A7CDA604526361D650484FE283B77EFBD65D52C1C73C4F48E7D0D81ACF572F2E2280F98FB230508FA906B42DE240ED651B301CEC83DE1790C9FD96B6CBF986BECF3BD332C18EF627A0B6EECD5B152E02088D03D828AFFAD26B05BF67
311
1B4F9A09A8CE0CD2707F67F2A4B3BB75B9ADA331C1305BBAC182FB4A79820B7EEAF73199B8404C0B81231CDCBB871B80FC41FF5860E8E108222A1A076C29E6E03B6F3FBD4F1F295DC457573C7ADED636D6B7B8C88413DDF3B327E1046AA51040B40CB50C7E3F1D2E44DAD34CFA604029BFFBE714DF0C069908027EB275F1F3
311
66C132E1A7450B04011CF82B2B647CE754F650FF6E25BF37AAF65B7BDA16CAA791F1D09F6CAB989EC5AB7809BE145FA459E8D3E4B0FB47DAEF093B946FED585B80FE1A0305FD5330FEDB4FDF79FBF6BDE81D8300CF6815E5F9896552412A03F31FCDCC7CB5E32365550CD9365FDCCEC8752E943161D78047336F8AF6539840
311
A1F2E764FDA2970999F205CD2BD1F5CF496571F76EAEFA0E1CF8FD2A55FD06391F9EEF8B9DC9994E72BEBEE1FC928E2F223EBA0FBFBFB4F2DF137BC894B8087643D64ADE6EDED67F7680FAC9060239E845FC94AE93D880F994FBF71FBCF5F66F9F32C292EA900F9C1E6F1105E81C5B5F58A067A448143842008D7275EA3BBA
311
3D2516FDF02FF79260020D6B3C714711F3CFB61BFF56A826E627E82256F7400FB387FEF23C1C1E77FD6A21EBB1B2B35F2F95E7760BE1FA3ABB3A981423477517EEE36FF96F122B942F6FB64D9502BD1B9089162532A2FEFED255028FE653C9F46FA321E0B588B7DE79FBED07C44106CC85133CA65190543004D01D02D8181D
311
DDA5A9C91A7110805B7875B689FC3902200FB192E7DFD936B37B57D9C338BD49E99E181F4E5FCAB2ABC1CA7AAB382CBC7D515457CFABE6FBC63D525E5CDF74B16378B9AD6774A58531912D232DF01BAA913DFB7D3AAFF912984302B84D0500077800D26C60A4742101DE420C610C2E92FA93056022EFBCFD5BB6B38651470C
311
D33BD87630C05831BA864C85997B8754B05167F0706499DC442FCD22592AEC2ABF3FF13F950039BF159FA9B36ABDB2778EFF83F70972B83BFD3F4899E64DD8346AA495CB155A7499F2CE39B0AAE755125EB84FD8CF8D8E4F4E9FB4B72E8F1DBCCB98B31BC4607C2CFF21C8145FB48EA0F2159F86A3098415609554DEFA7B27
311
EF1301033DD06D274BAF6821D220DEF96FA4CBB60B3CA241C021D38E1AA76B4406B4767576166766A6C7F77273F5F395291BBA19F64F2E3095C14F3E60371827741CB27E89543857D6D96BF9A47C6A9A26057840332EB843717AAD171880217B71FCCC0355AED3D4819911F79D0EA8AD6DA31A83E36C5DC2D470295C011302
311
387069158F6C9966022367ECF1D00BA9BB95C389AE7B6105A1FB640689033A7FCCFFEDB762189103A61C3A4FEFE0D6A6B5A19EC5755A443AE78BC5E9235B047890A65919A0D2F96AA3C01CEE913BB3ED239C3E0CD8DDAB99E4348BF3F8B977B6C43DEBEFBD7721A839A63B94C06A10DB87FCBFA3C2932F8C26F88B6D6BB30C
311
3C4E09AFE40FAB52EFAA1EC0316920E031A46D65A0FFE45A673432E907FBCF86717AC04F2CD0EF512D665FF53F05BFCDC43489F150890C60A8E0314E70A06F619D30D841189CA15D3417F3CD50191AE4396543F0C42BCFD696C58DF163F5B46D708BD5FDDA5E5E5FDF9401BC4F7E00E8A17520833D1CBFF495B5D1CE037C66
311
4123EEE74737268B5D1D3DBFDA6AAD8C08DF2C0BC7A737E10AAB2A7B958990CEBF556CDBEE823CB09FB344143463C630CFFF585D330CF0320E921744A7918280FEEF981161008E9FBC78C830217A07B7D6985E83F9A79884ABB5AB383B4D7D788F9FB3D867A2112A43F19042B33A108690CF6F472F8661CFAC971478757F6E
311
6F2F7AEB82FEA85E5715941778B278281F28C268AB24BDB470EF3303E09C359E9DF1CF990D8A096106E6A66C8620DDE7D281DF0B2831F20439A30D68386CE13E002F7EDA8D7806162B205D6A19AA1FABFD6B1B400EC2BFFDD66FDF7E8755B4883C043F43046C1326136680404F1F934EBDDFDD39CB58A98DF1BD7880E0532E
311
671FA1435E9D6EA5E9071000BE8F262E7C4044FD95D5FD526EB40A05A634775F32205C3D779FDC168CD5E56BF982508BF572BDA4F6F57D3304BE9EB18149461B12F760D7485891CA47CFC44909136FBF4931716A2E100123FC6CCAA6A644F25EDF4AC980B14039009BECE8B798BF69A05DC5B6885CD23F8E13A46FF0C0A986
311
D617F001C52241801E87C2974C31411DA3A5D7B6175472763D637D3E57C33B908F867F4A59CFCA7923375E5F027A983E18BD7BD4E6FDDBB2250C1529F4202EFAAF979DFFB1F2612E87EBEFEC58581EDB9AA95AD1D7C1905F7305BF8182D5BBB524D47C4E3B81CD843220DE1E6536497C0962C225F75A2D6A998303B23FC501
311
F0B3F736EE1FF01200FC8C99F5515207C9C40081DF304C0A17D06E26CCBC5B3C47459308178301FA8057C2C0AE9D99B05F038828B08400F2E3251254DD7EB8BC4853B101F99AB48E387457C96951E5DB670648BAB70A7B04FE93EEC5F5B183F9739C98952C6845C380D401B8FC86E70A20744EC720E09D35955D96A9041720
311
196D183AC2CFE6AEA816652D0234883D788BEC8F5DF2615261DB031C2381092401B48D8D2D870FECEA9C3D99DDB036C8A051058030E32190976718C89F031DFBFF2EEA3D88606A8A19BD0AE305BDFD12BA4FF46F1A0002B07137989C748936E9DB2C91F43B07E4E4D16C3779CF5A4FFE8CC981F07C29E34B7C012AF0054FAE
311
A4A6A3D49D3A16D2B3CF220A029003366663053C89B3FB1827080DEC2780076FBFFD8E39810CB0593CC68B5D9009F2D400418028B0BC6CC74067E7C9CC0C2690FBB084AA5254A12AF63543B35EB40D17B693F7E3464D5094C00AA9E04E0E0524F5C35C5EC6BA94B21AAF2440725E2A9FF94FE7A8F0E769EB83FDEB039B631B
311
18BF396F5C13CF89ACC02C387DA56DC3B1CD84B96CFAAA37B55FE723B611062258257D331F186AC93D8AD600B4FEF4AD777E4BF68F2168FF08C081A37AC13446C859964803961928476D78F68419390D830C1935B5C2A0A22A3AB17D3D6428BF12DC373B8D464E04C0A496BB3B3B75639DCC2500E0F0B15FB6F47B5A7ED018
311
3A87CAE8D535F2EDBD4B3B7FC762DFE65A07C30B2851DB890082ADC07131EEEFA3DB7DD5CD32C0860CA83CD4B7993A175F422A8149B1C1D94C1145059D9C78A8A572A90B7C8B1E3392FF77A80C50220880FF3669004E90F101740D2B808181455A044904674E7482CC3EC85C4BCE339404C0B0BF6A5611E4F9B8157BAB6DE3
311
27EC9BFBA1B4557ECB609C1F45326499EFB90EE78F18227F09E563C9E63D847EDB3B68EB9C39E95AC4F7ADCF7D87F6752BB6912040281E4A0D8A8314E80D60470999B8A51FB1488A66A9F3F81FFA61C83F4FA6969E472288FADFD61B005E0EA4284822E018911828E868614DA0C36E11F3A051070BF2F0840E35F200E2C0C8
311
0A776CC9E7E6841C0503D0EDF15ED9AFE527E798D23BEE5F0604E58DFB7099D739BF0BA5D332EF29F1535995BDBD0DE681C4F71DFE6A7AC5A13554AE6910963E9ABC9A0DB5B202225545F5CFACC942B5B93C207352B6E5310BF349AF200175D7DFDF78F6D683B7C87E087FA9B35812C4F8F13452CED610A2207541E6D659A7
311
39441F3833CD0C9C3C3DC2B0712F62333C4FA9327C9CA1124904B4FDE0FE21C119776CB0C212AAFBA5CAF80EB43772ADFE77CD9FA8A4144C54C2FB2304C65F62FC3678E4F6C68F30FEE1BE8383CE7DB86F58B1AE0C51F0F055E188D02F00911DDB0991832228B3172B3E623E513FF1734FF414A611A603163F401BEA790FC9
311
FF7FC3FD3DB02DC00184145B850D01D120424DC03C00FCEB7880EEEE939399F1F18DBD4AA54C939899304D913CC2D5CFBC55E50C7FBE4C0E14AEEF53D6843DFF56BE2D554637EA047D3C210E2C61077875FB5B40E19F43AB7470CAFE1C0D3ED3B3B4778D1DF6D4F837C08747180FE8394F2CA1E0A46B6DA62CE2B2DABEDE0B
311
1924098580FC16B369730E9E90541D3730D47FDE16EE1FFAD3419CDA05ED1F2715C607F2E81893AFC5936303F40EB776F1D808BDE393A3FA401E1C706E154C892860AD74A2949C409E28A8FB3349C764D13E4D1D3468952B7B1B35001BF41142CAD58D6011C8B78961EACAB66E9AFBC627673B61FFDA4167950A274145BF11
311
EA17BA9AA60815C2C43AE1F648E3772E53C94E6364AF826019E723069A8AA353A3BF7FB5359281700061FF64C28C10B9AF0B70B0B0D30A31CD1CFD22F68C76DA1E44558869257892363C091D313EFA46B57C3BEB252E9C6BF5B4799EC58F1910F469E25AA17B343799DB3E33CF410061F96C6D63FA91B1000CEBB7D2971BDD
311
39A2A76361E000F5DBC1688D47CB812DD60F8001AF25B328D173A9E4BAC18CE9F1F628704330741B2649B92E9714447C68559C6CD2F681919367E4811100750058809D0230C087A89FF3C80C23C4C60882E481F48D531764BABD5CCECA308DE2F63D3BB50373D630796126803C2D1FBAC148F7592881B395ED7D26B7DD38D7
311
096AF98841CB37592561D9C6565317AFBE9FC4AF7371E060736C7635E0CBA1809FC80F544DBAA1F2F9393D970D44C0615A0C6930E758B9E63AE690F73045F0C8C0731DE9CD80F718E94652383458799E02C06D328010011C7090D8C5E5336A83D4059953877EA1E1D66FBE994F04608C4C991917230FB61F9AEE183A40AB91
311
08D032449FD1A7283DD25ED15360EF7EA9303EDDC0043403531EDEAB10DFF87F5E2FD56DF0F1B701A9F614DB17FA0E0EDF6FD0B1622A81FA3D1DE5A33F551930335C353A87F9AB05C60455193448246944A232C5D07636D864CDD7A50D0B4440CDCC465D1C418321F50E1648D500294065D869559EF3C40C8FCC6C323E989A
311
D0F0C73142480B200842802C061008B480A9954AF282052B3AF67350FD0DD30D1F4075AC303A5D490250F5400ACF479656861E4C77AFF327F3EBECA4B57B6B6C8FF62602BF150744656A87DABD7BC6BED50527B2120C001A0B3718C74F0C65CD34F275164D7968148DDF259AB8AD6CA81CDA4E8819509B996A7F642D987A40
311
1A2B04018C01E6C169A8700F9DE3B489DB2BC49C9B7B858A4F50D22AE15428FCA4A1EDB20C83492690CFE361CC7F8C8066FFD0D77AEE797977F468A36E0B0DFC87F90EE6348BC748F7CB73B5B9DD5C6EE7AB19ADBF6DF359F1DC2A0F9E44F213F8041F64274C0859A2AB7C37440FEDDD2F95BE44065F22067E3EA0CC3BD8C0
311
D8194EAB291CCEE20B9CD8E02950AD806080047A279F19024C837C848816719AC4A34DF8F0706CED904E8185753A458A27E4C1E37B5F30A104932BE140E0BF4E400160F320B054A8705042FFC47B4940810173F9C9E97240C7FCC3F3813EA239B745DE9F1B1F3FC2F9330374DBD1A7B475923F9A2ED81716D18D1B577DAAB9
311
D1A0458655AD3CA7E211867AE7C702DCACCD291E0F798013DC01BC326087775C0833E04EA3778FBCB8DA4687A0255CA0AD210C15661E4E92001A4449031D1DD27D327334BE830B64DAD90CBF537A45FBD4E94A7A88888E715B7E74FCD040E818BDC1BF5AC609CCCC015DED23877080FCDC47BD8EF3A7B783A17D33F3ADEB6D
311
6BC7AD75EA7C7852C5B6FDADA6AFEFC2D181C03F8C40DD8A4AB5024F0B72E34B57BC1182472DC80946789AFB711DB7F1193C03C893B0345F420246114D3EA71D04FBA731C0DAB0D3CD311B218F0D5A15ECC105D02F3AC32F13600084731A83220040019B03180634B5923D438300B05BAC80881F061095FED5D572A3323ABD
311
83F1D37A2301A8C930AB3F66ADF7CBEFED30BAAD7D78A06DEB6A87F15491F5AB7E25842B6B34BEFC12C8A159F187C64B3CBD2356DE5FBAB98BBE9583F0E3280C0076DA15BF34C15238145742B07080B1EFB83382F9FEF2239D003541041083C5AF9EF3C8944DC2030BC3ADEDDD9D27475800693049E05413BFB3FEB4308731
311
512F13400D06F813368A0101D8D863EB3E75FCCADED124F532AD3F123F131AB46A93DF1ECE7F96CE9EB6C365C6D6A07EEC461FC919FE288AF7AE1A7D012D291EB073735FF26BBB1C99FB706E972192819B7A34BF22424BEA1CC7958AC2E04BFC8E02DB90A4A1DD04811ACDBC181037864672C78F6C0EC3073A40CC49D5E813
311
593B7002763BC6A909D31AC86F3F6E335C9E1C309BC58F16418642E2AF6B290A34FEDC0CFEE08FCA0F56700699CB73B9C99302AA17BD516D7F1FD755A2B32B3FBE7134D3BEC813195BD355020A7DBB541539CD2C06E45F46FC0EE08293E6C0E1972176D9B678340AA1A4823404EF79B1E2347E47C35D0A2260730E0B513025
311
DC0BD1C07E3366E9B9D17F767405FB531070700035618606F0B40C73C974CFD321B0C174A80C0F3AA54945FFEF348F5488895713E89B5C98DA501E06D8D24FF04FF0CD7ECD7BAA755A854EC6A180AD13BE094E8D5D63BFD6DFA5F5D3E4DB1BA18FD8473DC6E17FFC9832B71A2A94D96E808BB53F9192955D62C82E282B0516
311
8AA0927D54AB20A20A74800B7CC9655C8B15F62377CA4C91641F9F4D0478F4FEFDCE273A002CC0A725EC165CE3A149F0333E8E9600B2C05A7D15FD831F0938DBE5D0FF13E3C0F0765965A0961C3FA86DEEB0E28304747BFBA5FCDEE44C23544F7BB7BF7A132DDE34F99E44EC3FEEAE92F667A10F7E90B0E8C6442DF5A5318B
311
0F816311DB2E6DC6F172C363FC800EE09186BB9EC82A24C0117700CD884AA42023B81EA6E0CF8B3056411110D78606EBC5AD5417B45BCC8E61EA01C4006AC233933E35D860BC1B6CB9C9CCCE7840D2E0C1C1FFC11CCE54D59300F2B47D66A10F09D8E24B71B9BDDF98FB62A3B897C53EC88D16D1FFE8C649B17BB8E760EB20
311
B784F52F992544753F2CBF642CD3C9C70D8722C197142C567E74FB431EE248A8F3FC00377F5142144A82FFC28AC2970A780C85A7EE9146FA4B2981F3C93BCB0F3FBCB6DD3DE69C72B6073B99140DE28B8E919D9D9E7C2F5FA99FC1FFD07E9AC0965CDAEA0A945FADE52C791EA989E8E7A21A355FB37E44405D171B98A6E946
311
DB26AE71DBD01FEF07FD378F5B4B518724481820890E7486E3FCE61A60E096D577701890EE07CA5D7F2B086040749FCEF3F81972E510A86359C9BB579883035887542090614E5C4461705D7CA1CF84DB564838606CF1597E8119790D021080C935A908324EDE9F60A04B7830A33F0670CB08605B8D01BF9A3D435693FAB4FD
311
84EF6754930640C1F9D74B052A7ABBA9F502B39DA3BF6BC7514EA4BEC71D752BFDC198EDA8DFE8F32B3EF811E4576B0A2074B99B070A069F60173E7427BDF285024E35A4418B7A412914F2800F1965C4F1120A2D5D2C64400563D5942044807BE7C738EBF3034C4A6F4D70C04ED1F97673C039FABC4CFF18866E08200BB66B
311
DC9CCDCC3FFD1E43BEFC52C317F0F5E64900FBFCDA4DEE68768FFF46350E0EDADB7B34DBBEDE3776BC55599AF84E312229F931E700D04478D66A0D88D09B2276141AF0F8811C5F8067DC04C0F90929F7F1AC9CCD368488AFB965C97B855A3E2E93AE5B4866502E55991B82D4388614F2C36B8484A5FA06E3EFFA984A6AF17D
311
5C2073299D9F12FD63826F67FC460E54030981684E9FBFC22009A3006962285FDF4FC84B699FB5BEF3736C6072F6844C15EDF25883037DE6BB7AFAD6AE164B367812FA8CFCA6FA25725D99AEC5C6EDEEC64ADDA2BE0056002032E1D7A20A54CF444E360D520A5B69816C0A953CE0434A8A898BF18E2B704588C01BDB213334
311
2F5404FEE698957C200EF54E31BE6DF4E888C9C67F5F3F1B41F922777E7FA6332677C20098C59F762F5DFE4A23F9801A3BB6F8A4F66E0D40EC867E92DEFCE84C714FC7CE8DD3DD3BDBF9C781B1C3B549FAD2C89D711808CAB100E09700BB85240374A7209212F320CA577222A7020E7824500179FC7096C714884BDFD9499E
311
027ABEB3CB0226CD293CAE6E0C41A6788F396606A073E28CBE5CC67D584D36CA39D37974FE1023253E3FFB007A26F657FFC901D851130DDC2BF54884F20D5D40A0B7E5C7BCC7CC87B84F2ED820192CCE1AABA1FF24ADBE1D03635B5B3B53D4A5F84120125FADC36A0E792D3AD7E255792CD5241A4C84171F1104090017DA49
311
3D0A7790A7BDE6DF326180398E4B0DEADA5C2763825E43E05C388E184678C88CE6422606C017F030366981353DF03A753DBF6370879F79889DD0BF75408724DB53C5B0063AB6568D02DC47AE4627B58D7E367A6000267E7840C23A0940B992DB98ED1C4731B4FB4DCFB6D3EAFB6CAC7646F0335C5031888CD74E2103380260
311
AD47176D703960230370FBBF28813524C17FFFBD6288BB28E4F905ADB4A788B40B4A6201C1878BED224DE9906C4C79EF32EE679B9F5D3B5DFA137327320643909A823F62106CB8F9BFE4BFEAFF0FC7A6393EC7F64A698EFF8ACE31BA05ECE6DAB6DF124118D1D13F892F3D3530602E3F3ED3D59DFB821ECFA3D9AE85B1ADAB
311
9E328DE738BF55D5DFD039445AE76D0194180F57B15BEE5F09C07F952F9A10372BC894CF7DA12CF6507E2A8916E0DF430C519485C55D61EFE209912D8C32866214E121611E22A0B1238DB18E86636A3BFAFD5B4EE02FF1E505F902BDF424D0516907BFC95EF3A76B6B3872769D67E25B548F0DA46E2B93DFDFD5F2B9E9EEE1
311
EE1DCC7FBE6380DFBF38A165CAC73DF912AD76A4690D2B766A3EB4AFA2D05BE543EA20B095FB17AE3F1928D84482049B659E671A4763CFA567C08824913D37F2F92F841FC244085C1681225C04AD6DE1684831682CE0D6096B56101C0D4FB3A1BD3F11FC1105AECF5660BD3FEEDF162B0D9DEC6DB55AF27FC98050BDDEDFF6
311
3ED14B01336053A19DE9AEF5F5D9E9D9F9E19ECDADCD497BCC57681922F327EB41FF681E17C1921B04FBAE371AC69E53F98183E91B84897A5DB164158BD1D12FF6F6BEF0E02847727BF2628F9FD48B6FB11DF6928C868B29590A0606F92140D0C08850DAA7DD8A5FE8A50389F61288AEB743E9C801BB67DBE0A7F64F63BC87
311
770FDF57AA73FE1F5A84F8DD3AADDFC32087FBC0A7D645C327B97D65E7A8BBA76DFD9BCEE1B1CDE3F5F7CE4E6DF4013ECD7CB60BD1239E8A4E9A5722AD9C4FAC8F7FF17B214AF8801950430639A08E3ABD05A0D94E253BD5951C885B0CE750309070555FF21F2EF83FF53F4E15038B8D8A244740A5C9CBC120043DA0B323FB
311
1DA0A4EDA268C05A304619505000BE10415DE898809DB6B66896E60AE347ED3D6DC707CB7D5B5BC374A158EDC343D0EA61C217D4878CBBDC1D85686782C3CF4272E7DCFB5E9EF628F5A95AC1AC0C6848F5771329EF8DF2BB79EFEDEC8DBEC72EB7F245287FD4B31008AB38EA4D52F2BF57167159E3004CD8950E217DDD6F69
311
9FC763E9D1A0AECC701F7BD4430A3E030374066938F883C01DE40E7DAFD609345E33570F4CE6BE467FBD7F793B5AF2A9D331D86DBA7BF98067918F9FCDD609A0384B523F4413B574B818C6889FAEFC5E7B8F90CEFD62BC2C85B2478D54DD076635BE434FCADE68B3ECF1C8708E27863DBEC352D87BCC7A92A8E135700CDE65
311
BC114026DE5DB68275E656D2C0D4087293D43BB4C9C14EA83C0D806783B40DD7CD4F19EE9F33801F55A3F1FD600017A6CD5DE607783D5F74E34680E7DAB98D99F6E5B5ABC7F7DF19D8278322F6A97FDB2FADE1539BD945DDF868EE2B8B70D9EDAA45D1BB0A5801198CF1DA891540474745BF0317F8A3703E02510AE94B0842
311
21F887FE950272D62D4232781054A87C58D015CD45EBF9B70E60820A2056E9D4D619E8494BBFA68B61EBDD8CF52CCBA124BACD4A4077E8420A7F36FCDAF661E577B792A7E1B7E337C7CF1FDEBB3B49F501F3C7366C1730E793F51FA20A9C3D2E9F18E63DC277449054CEADA36DA0807467D45F8A744E1BDED725A033868703
311
F1392BBE221158220588F30574A0B0893D0515B0B7C404AD0E7F40C11D504C49BD7DA39A85A19CD7357DFC966E5D92272FF06D59CA5A6A1C8AE30E52F1247C1F1D78F81887F9F3E387075B170F9F5EEE4A7F5BFC69DF02FD8795FCFFAB472E7C88D563DA514861B85BD41594A75F5E866BE69471110A9F75C8609C7E6BF6C7
311
C727431EE3E9E3773D2378C25226E82C08104A57ED273FE0921D6990E02B006BD038263BA360355E8DC446A380F0BA35FA9945A80CF60DFD54054202F91897C241C147D59F8E0FC67CD0F2BF377A3463F8BBBABCFBD6833C57E214AC3F5AE9C2FDE88852968F20337972C7E04EE5658223008AE82D93BC37D8DDD900BD6B16
311
EF221F0D4149045D740A8A215D4FC186C658E01994B8CCD317465828704BB630DA2243B3B4ADD3EA554A97408454148C04A1A0CAAC2E04033C04073851F54380E0BF2DFFA43FAD3D6B574F2E1E5EF6E5F4FEFBD1CA87C161FCBCF5C7AAE2F726F814027BAE10F79BC3D765D61D1803952210A9AA07F8C6BB2105B61145B324
311
F96014EF223D4A9261080239F03FF6F4DD4975C183B887E081F7A467A25EAA0C94028FEB808637768B07400A8235D4EF33143253198900E079E3FACB0C59B00F827A5785A6FFE2FCF0C0E6F1714F11CDE5140D931D707950631F3DE877F300002000494441540ADFB08704E252AADE1BD4E8DF55796A32B9B6F17737C67702
311
E5C638682737286CB0E0A89B624D5BF28222432848C9AB8C07170C97B814FF492A61072407D638006F7C8400860444C01B1930A522788045633DFA9507267A3A42BA05925BAD705CDD3792FA23C1075C6EE768A673919EB6C3FCFE7629B7310AA794CC9C0D14A1FB88F95C845BF22543F57996E0B26C9E4C2ADF187F979F8A
311
55F11B47BC26594C52588518D25E6C2B1CCED231EA1B748F093E5726A21A54C91EF95789041030C20FD5AD68613432E19A4D0DA2505B6BD843516E10BB00AF9AC315EE9FDB39CC1F9EA59CD88F9CD071D470C86C4647FDEDDBB1CDAB81DA94034747A779F4CED497CFF817348F69F52E55490840E48840BA72DB71F3E84F6D
311
A2F4717AA928F153DA6E4C7E8E00363CEC9A2E1C8E65F298FC4A52F087FCDEE5CBA38A80CBE11FF7BC2AFF249203FFAB77A128A001B1987BD334AD9B901890A8C2005B6B248196AD09C0025ED841325B31845032E327C531C839E66DBAB39566B631C2FF0A1DA5A3CC47E665AD8751B47CFE33899DF047C9F3C365E3B11278
311
D49DF939298E09002F6430F9958803309827A7C791048CA070061B7E9A64C557D235F83EE24822E5EAB805F9862F20FC58F483DC0EF02181F572930205107E00E523861895A2811309808F2B6C14B2AA579E893753C155D2F54302007E9FF36AC5FEDBCAD47E182D91A73920CFA5C18E01F8FFF4C3F1FF553BCAD0E58DEF85
311
DD63B91BE38ECE1A9FFC4AD4A1FBA30D462C328C5A0340DFD393D3D3D3C0659195C96990F391EFF4175213BC74C020922D4830FE215E76940962BC0713A3B82784C0CB6623DC40D6E1485BAD454F6892200B225096127FBD82D2B12006BAE2E329C771E25FEBC0DAB3B5395289D56D7A8A89081B34EE06F80F819EFE75C67D
311
EEE95D227E283FE98A7B9F1C97D2D05B4D07A469153C3DA3048EA68FA667A6D90E291C7D7E2D063E4D044964D055F2DBF3E31BB851AE9F78A0A7314F0AD24901F581D74A6929142039C65AF5830D1C809536CDC05E4BA51038F79D713DA930CF18BA3010E385351CF47F74D439BCBC793556A1F99814926AF12835E251C59B
311
EA3C083EC2B2760FEBDF4304C9EB87B35769E1EB24B648542CFA4EBA9EF93CD42F03C08F249A2C98897D8E2225E90077823F4A52171A61219998CED6FA050992B6B0A74A2220ED12123004FB977084208F8E2AFC80F456CB110BCA647A3A0F854085D84FE0052BE31FFE7F925610BAFEC06FC33F9931BF063F39DB3D1BB20E
311
E357F594045F4226131578582CB055A59A073AE0413989D215019B6EB8A21CF154D71164E0D8F4E730C2CD382D098DA5261456A425643686BC8301710F2C50665881399156AA2B4C3191BC555728384800CE10040F746A3D8A80A5F0E500A93456FEC52833BBB45203DACCA37FE1D3EE4B9BF0EC27ED47D89B8266F11EA2DB
311
8B5A8BB93EAEDF0C06B7AD0402B9EAC6E787365535AF19F15158308A9D9785C1BC1C01377F8C6B4D07B50DAD25649764A91DC9812C7B34CA98184084F7C01055466B48058CD44085AF26648520C85C41C67805462D8425680425559F4440F3ABBE1F3F81B1EC72708767DDC8FFB6465796C8FE310FEABE0C9B242A74137EC3
311
E0427091967023299BE5D6D4D0C6D15747DC2AEA4ECC57C72856E827D33CBD319D70FF854369EB841282F84B7CA4881447ACFCB257E252E00FBB3272120A75B99119840858486615636E0E0334031AAA8C08A62E080053A0AAA4158431EC727A084021D41CF5D630C94184F6FE7432E8F5F9A4FCDF3EA7CF136FC2988093F9
311
8ED622E38E4976E1BF0CF49D2889E6DF3566719FE1F9B47A2D3BF89C69155DCF24F88C609EE551160F0415900B4C48FB013D8900A9192A700748002924771A3686A0A580FE4009E00ACC090253E280B90AC15048E047020483A038A60ED232831F2CC90498648690D960C48E439F18F4DDBEB0B6F5AC7B7B89F6230243B4FA
311
160A7B9327F3AD5D937C8BFFE5FF8B3A5E64283BEF8EAB9F71159514CFED62DBC880614AA1F7994CCFAE7D8C87057F451733699B8DF87056E1F0654B5021E38097E4E23221B810DE20559AD183A61C2C88A648DB096081E9801CA00BC1DA0124E08DAAC15FD2936905CA8DA1C40E42B13F1764E0C4015EAD7F8BFEC99A310B
311
1B7C0BCC7746D3C0702759C89EAD57122092122D1F857067684A578F1DAB7EAC400841F493A468113282FFE42316CC74C756B1C880FE78795C692813CF4644480EE9B02991BCA257A71861F00666D9410288487618D120D0E80D7773E2B7DD180E100EC98B221C94BFC4FF531A09B986230F1CD08378A8E4D0FDD7D9B1BC75
311
F5C12EAD7FF83F3ED19EB018620303C217A6A35D826E72ABF2D8E2BB1B783F6E48D2E3F360806E1D192085D022103473A10375B63853EC54F500B5B064DBC20945B88160DCF7E4F83A0200BF6FAEAC88E9F54D22D898E43F378D20B51B5D6B1457000922202800DD401A9266483029C0D6D57ED80D42A0E6E08835F0F3AC73
311
D7FAE6D56185F04FC44472B854EB7D9CBF7134DF3DDC35A9F6B38417DD6F508B37C1A718B0D054124176F7222F62DFB327F34D451799D56216880193254FF782D7DDE26C271BF38C6E422E271CE4AB8823C9510F021126A7A944E00DB4031D013C88EA0746C96D4574069BD5439C4110403B40020C30B07A604F1E41D19C21
311
A93FD9002DFC35F23B1E7B98E95E38387E3603FE7393680410D702FF9ED5A3C5E5CE68B5827D721FA78F3A9A0C08A79722D9C9B418F46C0057BB1640C70AA4A03D29CECF33987596D53CFB27B32C3BE304C540E14BF8464E080918268D254838C91A01F0FFB99154FD8A9C0495EAA6534A6C464440B4A71E16100E74050881
311
22A35F7A511DC003D002E6C8E7E15F6D1D2FD09014139EC11FDC89394621F77B9F88EB5A583C41E2FEDBC8F82334494C0BFA97FF3C3A34ADE60385B60E5A30CF036E5E75370BE3B83AE73B3B7DC0BB337DA0045299ED0C66681E4AE223D01B1BC3BD4C921E2005FEB5114739040758189BA8A320067B62A3995E4720055065
311
AC2B4A8006BF8CFCC907C0063EACE41813C5F017065AD46CFDC6FF1BFEE052932CA3478C8E5A6F25DC8503D40F61FC1B047E4DFFE8E84407C81F1AC7B5C79DA358551CD0D13785A9AEB38D6EB68A0A8087FC6543E7471082873CDCE5CBEA1EFC5CC0579469E225428E9A43D6A6000B4219DE52E8DF00A55F4BF5035960661C
311
2DB88AC1F67C2890A93FC420193C8326409E7B595FBBBA9AE1D1511B3F6D65B09AC10A71C2317201A603E88C56CC68C91279E83F5C147787EFE6C675F00941D23EF092920330982DF38C65EDFCA89DA98E8ADDECCD77CB86D85118F3DD9884820B1128010D02F1060F582871CC8FF42024C02239273A1CC3BF71E770DFB7E9
311
6081682803188118B50310BD620234F230B12711B063E0F0490FCDA9248B580D3D3DE944A30CFCF2A1E0F6E59E8FBEA289CCCC943785BB8880ADA9C2FD70F6A13F5418444E3A669273C006C4B4EEEC067827539FFBEA9CFF04D84E7F170480037005AAC8829084329899F90B5E013927F8E646514B4824B01D11F72C012CEA
311
CD163B6358A4454A4221D06E68A71062520649BF9E9127D0772D6E5EADED52FF216BC2FC513C7D3C5CC4C8AF009811826AE20203B076A2AA66D8D32E317DEE0EFC000FCE16D9E0BEB17C74AB009256C5D8AD1CBABBDA61402612C675FBD72D07E633B1A42F2421208CE01397560811204306617A5141706105C9F4984C459F
311
2D0F6C392FA05BED808512B0B9A8A9FC6CED89640EA347D31F0DF76D3D9E61E800FE9F7601BE4C9614A1C58E6C839F13A12D0EB426DE6386B82369A9E6A7F1F9146EB578A2EF4289AA109B4F6CEFEC0463E0072A05CC9DEDEDFE08407B173B8AA65399C80B2911252E6290C82CC1B8909140C11B7AE161B42B93905045D017
311
E00CED6D27AAA15F2C2179F1E83D411A7020B9408D202381E7E5DEE5A9E7E5CDE3B186433F488AC81554BEC09BC579018ADD1DCB3D9D70F02B14BF9159A4DA376225FE43DA224FED327941705DA582B2FD1BB5DC0540667B650BECDD1D5DDFB0C7F36DEE2B94F6EE2EE4E426F20A1174C31DF153321A24114C4FFF25E50547
311
5F6906D4149B21F1BD9D9DF7B059F8E0FD83323CB97991FE80EE131A9003B81C491B218B1D42C0C0D593D9D548003839DC29A740298B0C23F0CE14BB167BD61989AEF0B985C8FAC8F923A73F31953989F0F6C96CA6C4D0A9A88184BEDBBBDA3BBADE77CD8E2FFEDEEF46184A86671D7DDC51417477BE9F04804F305AC82C2D
311
018A21EA903866A0F959FBD4139916D036635EE03DDB7408BCF0627A03027AD314C09B0A27F0A79490D53839D0DAF1416995CAB24101FA63F75029D57A4CBBA9FB4D120ADB17FB5A999FC9420DFE04FA670430B90FE7F589F7FE8D50A4B5F004CE5F07EB4EA007F8AEAE8E8EF7DB3BE2F81F42166C7246FA9E62D02C8209BA
311
1024414C483498B50229FD923F2414040B2081390AAC353B5283EADA12A30B1080866D746B9ABF5BC107F33C2A015B275480759334B83AB02175EFD0DEC785DFC505E0064F4EBA5A97073A74C5C9FEC97BD25D819E28AEE661FD2732B8BBFB1BF13441B3C1F45E8AC1752BBF80C113DE960E0AC7D9D02C58C80505A19BA0E8
311
4B14402601A590A4AE00A825E98C3212342302EE10FC5100681F86834A2804BC409D70270A2091DCE874B16BE0706C974EB3D26EFEDFFCA6C4579AA4DB781708469F055532A7046C6BEB0CF39F3ED2EC4FBCA3D00EA91CA68FD2B87B5C191E0EB2C300F00A1C9881F263571C6CFD83D079D09F176FAD839340CF030F70458F
311
81F09AEE1329505150CA0A00576B56C06D58070B23086F685E44232D9D53DE3FC3731044F286D19F459351863F749F1104198D6E14BBC68E17CAE70D7AFD958E350BEBBC70C9C4DFBA075240DA27D40AD7DB063A097DD3F041EDB3E4B682A7A12A548F3393DB01945547175879989302521EEB1431B08759B632B174E0F700
311
E774FCA1BB83F95029ED1A084288C8893520E49415E00DA080AE8027C34206D35491D050A4C6B080F6A20889A2FF82379AB6234F6710C05F9080ADF002B9C9F9C583AB220F45D618D7E7F7547FB27CED8A8B7A7D24EDA4988B0C1C2A1AFB53FDC61BF3DE50D63C560F0120B0372F0839DDDAF13E583B868717C1CB8CC71D1D
311
7F440CC82184803144196EFD58BBE00B7EE77DE8C015942357FB06FC906A5E2B8882CCF9FFE184B0035A5CF186A962A63F84B3AAEE3D5A2C830008807568B6A9F424086D2095A3E262DBF124350082C4B5DF4704A9D2C93553DE47BD6766B69349610716999FA25854F759CA9792599D3837ACF6247CE8597B0F960FA3EC45
311
B61715050260C5844FCCFEC9666BC71F875B17E3BCB4CB151405D7D08F846B4CB952248B4603CC402B609E90F0044A007FA800EC46D07A51232B00E5683C55D5096E1374DA4FCBBDE2C25A5B8D26008227CA7758033D7D70DF12CAF7F247939F93F1CC63047D63ADA0B7CC8771B234D8095FCDB577B586D1834062035670E2
311
04B245EC093FCBE15626C10D210CB38A13F50E10A0D5C0814B0C4B30AA9858516001669002229618F100767AA3D6D2528595FE7A398C2D2300ED0013A0AE60B91644A057327BD3C36BEBF48C91279B45F8BD145494674AFB211A91977CB838DF35DCB3D6D6AA2FB2784B591ED785DFD7DB77747DAC9D2F7674810EFC2895F9
311
ED8007EC7885101679C06F21E4B1C8A6120956F80518D1DAF1717BEBFB5803E20C6F2A11B2E48AFF4AD2810A70054623E341B3D1ACD92DA91150DE631EEB2C28882D092049C0DD38E262A7BD6F98549930C9D44B7C37028AEA9F8C5628A2BEF5704C0DCB2B428181B1BE766F43014498D2E57791E4C8DA6BD2ABF5003F0C40
311
202E2E32EDFB02852D16C30B7F646B98FDF86C7891690043128B0A0DE6B4EA27F08C30CA34C9D0AA0852A5997F8D11A6EE84E040B20472020256F4AFEBBB74E6705A12083B249089218E6452C8E5A69717E904A3F5EF3D5D08EC1F4D4E85086B238CFFC11AB9AE972CB775616C6D1DE04DDF073B4DE3747C41FBAE6072901C
311
AD0237100670C5A00C2C3CE063610ED824826C1F6650700E88C00B62468903A0D71D3A390255AD7040048348C56C4647413C2C2561216E0C469203EF06A5B101AD40D0E207F78B124747DB5B4BBB4E88B1C373C114E0470B345156EDDBCE1B4DBDF81DBC400746B0B54E05F693707B89A5E430982C2AC7D10DFF11D5B102B9
311
505034B35D07E8E5F585757F088B390F2D4C85CF7218E8418BB4F25B885053D07D5A908326809F31D6CC6B77CC948413B28664484439D118DBAC27DB5AC40C1AD166F25E6A2F0AE82100C0BF220405323E1FF80DFC518CACA8DE1003F3C9FAE9C7B2D60703A0004F8EAEAD2DE0F5485452D15B77B4B67F4C2403B8D8F9C533
311
558ADE058A9E177A1698F75DC0EB4C800F74C0270178C8579C1FACD025F0560844502D2BBC01E620030CB93636C1041636A693949CD80139FD15BE107F905590A292840F8860706D07E2970A2F15E5B13B87C3143CB2930374CC46A6F9B9D7A5CCCC14E11B9E879A49FBE27ADBD6DA82410FBB94FAA8487D61B51F4BE0A03F
311
D08743C31020D6628ED20305A22C2C2FAFA7ED1E7881C438AA5B9035F20759E243C51F34D0D5F02F11403B9E204CC1686C0B6C9000470561519CBE1B0E4FBEAB37A39EE4B84C05F023858779341991F36D9D9F351E7BB3B5ADF00148D9D05784F9AD8B037D48C01BFA83D4247F03BB768BEEF973A14E610090D4B96B1EEC5C
311
5E66928F28EBEB6CF578B067DD83086081579848E60DFC7684044D8174993C39F886043481F6A2B743B18749E52447CD4D230513032D20D20206E536E15BCF7B7D211634F98FF9986287F33F9A94615A5A0A7CACF8DF5DCC1AC6EF9AF1945EB78E0A2FED1DA2ACC00EF983F9A012260BD722EF61C9DBCDD8719703ECF83902
311
9010CA0B9F100B1D2842153E01A1A3837AB579516A31982FD2908A09100DAE591016CBCD4B011A2F4DE299E1338CE065DC4841BF9895D8C81714800CD08F5AD39601BC929B55D291F6CDCEF2AB40DD5D98F4E6F107C47AEE4A09A079C05316F479DAF4C2BAB83221BCC0CE23FE3D3D4C7BC9AB673D89A3677D6020F6E18233
311
2028012FA0FBE0B2668FB85485902A8E7FA0BA2105C213E20BC2169211A4BABA7D693C3F1DA961F203694853137073AD5CD25F1C017DE0477626D7BA55B88F83B5EE513C41D814639FD1BF759171F4577D3CAB0C3DFF68B2D3B1F8478C18F67BEBB2598FA76A4545E9E961BACF657E0791D2373030E0EC9FAEDD17BEA7703A
311
738185D08236C407448A4CB504CBF01FF43859D3115488EA01B55078000DF085911805790DE1B41B6F8CB2889C3834FE02AFE07D85143C6C008438A944EA63E047023A7EF37E13B0903AFEA7BBAB9579330FAFDAACD540022980B65A75FBA17D388F1E6576405CCE7032D95BDA420E7DC0EFA320879E5F8B3B04C1D2D9C111
311
4210C19FCC49DC6A855E12010184DB8968109ED016E4683CD552A36B3AFA13BFC2114068935A7E774CD2C7225642B73325938052D8634ABC18DC9442BF9E0402E85B42F9F3273672DA8E8F1070405D1DC3248487574CD98092B8B956E6AFE1566530B78FAE05B4A0DE51FBAF85DD075C7E11939F80E015A58D1F87E400CFFD
311
2306C4D1D3C634380A201545A92BE01F445800BE12302AB477BD6F62600D211232EB061448A0D2B877BB940D63D059C37E0569A83DE93E214F4BD86209FF6F479C640AFF8AF6D1BFD987D029A94DB7C329B4184D4BB013BF912FB88FEEF913071A8D82B651BC10DB067A7EC52FE1B421883144C00F64FA23A11CF708BF16CA
311
59F18D4C04B8085964B2D8DA4A855187000BE440BC816FFB13374640B0EB1D0998AF38A1AEF503F14302E2811081FC12EA6CD38A63B33035125F40F170C0B0AA45E9FCA38FC6D688D48563B5C4B4B7C359D3C7AE0EFB16ACD5E2FAA47EF8307044B4EBE1C71E84E742D81431FB06B90B600B9C239E277A57C94C427EE10E78
311
26980C0136600D916A06058CBE8604DB4D314FBC014EDAACD0820F14BF75449B70339490FE5A0491221BF95F949DF1235380E969AABDBE2D32EB4403D3FDF17F42F9A0A7C28ED75BE86BDB7C7EC80C76F86B8800F77B305EB88F00A4352E0F8089EF811EA02A3DF08F7DA008F803BE4B4EF5F41E56087099E920708C3D7209
311
16444440FDFA013D4E1201414123A09290F5BD7AB729298209C4306D007BB0829FD4EC3A6D7E4F00B67DF38CA0764F832F0448E58439B952CB4F70DF964AFA74CCFDBABBDF273E2FF4F56D3DBFF2A78D42FFF2755DF307066497F44062AADFC0CC546F6DCCFECECFA232E14F408F05477D311B683A35BC245FCF8A5CD2AF20
311
022C21022266905A5BCC8B20235D6FF04019CC04058AC80023662E25F342063165956320BE50370F2A657BACC817DDA3DDD3EFE04028645780A768FE38DBA88BF2EF3ADADFC7FEACA952E5A77568ECF0C971DF32BF1D24F8486B22A649EC81B1B60315CBEFC026091CA45F858D7D04C1B437079431E63E38F880758842E780
311
A9E03791C0FAAFE10012588C3C592FE35461A6047802BA18686887023A422A49599399893103942CF6DA53A8E387825FA0678B261F139F801E2B17C901D0F5217E07AC2401A87D0480F753FBED44FE949C93A1D042B879FCE499B3D861AEB23F9C1F372F0C24D0B7D6E70FE1AAF60F84BAE642D82F0A9F53E2278391551849
311
4FDBC0AFAE7DA282E5050B703570E06319A015E00D693A6BEFFAE493941C3B08C13B96BD20D0115A9565701DC58568A3009DA13E965765C03091F0FF339F7309D44F6E61F837F1B1FF920450EB8FC48F9B40158BE89C81A597CFB0DAF5F5755D3886DC13D4479599B583758CBF35663AA234F133F91D3BCCFCE0A794367F38
311
5C59B19431780F1C099131384056616E15A1563B50021D369C593FB292685A68A8B2A50A0A2085CF05434617E05FC24A6B077B990014421A68401AC4D65788EE25F737EB780D08A6E38F060F2ABD889E1B889C44852C2FF368C1E3E710D73B6589EA83F7417B341ADA1F639A23D15298F087AD0326410E116C3A1B32521843
311
3C71AE62C07C1480F1C045629724A076A4BB8D622D24690486727F56108D07046DAB065000678E04C4F8C342DE27F4AC102D854F2D08D59B4ED0E4F697B0FF62F113646BC5B7F3131D4EA8BF8B265EA3F2026E7061B96F6DF3D993276B2180B8E57067587428579460551049049B074CF8B1066C7E14C705F0B39298C0997C
311
17F701097023BAC31081390196801FB0C2A12380042927503D5A01CA127F9841B460310639C674BC8CDF1A320501448E0068905B07F6E5602F8C1F07786253438CEC51AE61FDB25FF71B09893AC026A9EAE3F30F369F5D5EAEA5801FBAD3C98B38C13EE017B054F81A56F05259DBDA64FE270B1FC4C77200FE276FE814B916
311
E222575ED717A62A92956504605268408CFE13FD61F84252228376060206802B9550F00B9D47E6AF1022538A752CF4FFF1F5931384A9FF8700EDD4FFA2B93FCBFABB3EA6C607FF714B0B8B04EBBE83B52B246092AB018C0D0002FC490849F1E214AE6FC42009D6D86616C835B65DB9862EFC4480C14137603C3089D0A5588F
311
A27E693DD184131BA4E88C35045ACEF1CDE1A82323C20B842F2419604821196EE8185BC834AD44F8E9B7549A32900196E9ECBBE20FFB4706861AACADBBFD9B56A23FFD3AB8BFACC18B1B5AC0ECD7B6AE2E2E9CCD2BE8AF1B1BC3A813B94107E82DE67A42E7CC7D4A6116700B5B2EE3C338A09B840F07C40A64800D7C605AC4
311
2B72227C4C7020AB1F20056E26F542717F56534261DE3766AC10A6ED2D006DD03BA9DBA507AE0510A8B385C92363B9154167F1230C40D76AF6F3BE0CA08F8BA2FFBBCEFB09D0986550E0F0EAE2F2780CDF850CB0F88CFC2815FE87BD83909F474F45DD47F1C821DB2107A8817FD45384F57891B65F2543D0C1E20A89B4A8DF
311
806862AC27C60F6A054627FD344250718AC0FA21CDC4E28DBF2650D1B39D8B8A420C348A4F846E2BE824BF8C45E1DB8EEB52F576F47A75FF95F90FCE0FD3A7A08D48D5B9AFBE3EA658E1676FE3372FB57F0AD8D70ED4AEBA3D4C2BE0AAF1C3AD63A6004D12900CFC481A47430C9EACB390038642C8C41B1330316661421059
311
2736B8603AD4FAB17189DBB32F3915F0C380795A089A15228460BDE8E52203527D41B5470901B088D84FF8B3FE2BA7F4FD30ACAB3DE0B7E2FF95807AB0010FFDE3A048F7360F9F3FB9380EE537F16F8673131325D3351A3F664022020811A0FE8C019CA17370725CBFF64132025DA1BE2555102212E80A907FB43ED80A991A
311
8AAC183932C19AE17524B06590B6AD286EB99BAD18FF4BD64BAB519202F992A963648ED30E7521F909F090C0213E367A77D8836BEB6F34D92EDA624183070248351F1A079E5D3E7A9EE81F2CE6678F92E299EE312B6C0572C0A7B5EEE07853612403813152C7125E2022A20C18F855DBAFA399817FC97FB6E1CDCA31D34843
311
4ACD0012F0D32A5456B4007E6E92D72B1A4E9971223A42C1042819E4049C0C5801300C0013FA48F8944FBAE71DAFC27F1826FA2304ECDF3F6C10FF47D5C7E49748DDD687DE8E91C09394EE0682A4F84CFD6067EEDF43E67EA46CB2F4070160439245F00343D03BF25D7E2F26FC400A896DBF19FB8D4D0A66DA669C3D608F9C
311
D048A0533621B25690EE19D5D15248E390F042B12C682511B02BFE3E5700E4C9A9B2107A8F45248FA48234FD23005ED1F4EFE80D1320836F04003BF42856D478D1DCA3ABEEE3C68F9F30C3A16E5C238EA5DE3FF37DACC2F8B7980033F47FAC34421EF0418A045394802CE032D61C70023D788136788613887C0011A4EA316E
311
005718AE191F8D0D841B9C679CD2FC478442D005429166F5A24403B1E6ACF3298F388B6D0BA933D92339D48969A5C11F09B4FF017A9900A4F887010C474717E10F36468032FF33F4AD610517777104CD920C3CD15FC5F3B3A0C75BBCA3B00F2724863C10BCD4A0E00736C7981F2F72E4B001438B99714FCFAF713A2603BC71
311
0376A1715FC602022202E06FDEBBC680A3DF1C4C095A12C50B554FE7623B50374FB2129DDEA4C392C9188077658C87F55FF92FFA507FF03FC8DFD3F31BDAB46DD51AEB03F7E1B38B8B87CFF47EA1479C3EBAD5C6B382C221C0F1B358B39D76D9D3142C4A20935F541E492E0EF081BA41B3620A8E172B584EA1485632E22A82
311
21CEDAC6110AFA4B6D43E2B76A18AB240BB24337721C9321D2C033B2D3E2641A55A400A28403C12D1DADE39AD23FC5FC08C47A64DC3FF6DFF76B5235124022D7E6D6D5F3CB870F9F31C96FE477FAFE54100068A3A87FA5908A2C08011CF31309C10025B089FEF9C510522B8DC07C30AA469841723A10C08E27F00F7FBC181C
311
083F2809EC3B2B328E294AEAD5A071B3A95C81D2DE3F930372D022C9C793535B92FDAD5426E90490C3C81D000017C6494441544698C416520C1C40C71FC204B22448FD9303782FBA67089A1A7D4CE38E89050FEF5F1E078A4DCCFADA058032C34C1CBC2E1202B1F8962B1A8024F0EB7A11F209E96FB369D4B64202FE7BA230
311
AD24C46413536EAE955B341B726C593B5D4630C0BE822480908522B0D85430230352618DCD4F7BA6D568BF4343801480006658EA3EDCBFFA9702B4FDE9022163C43F9B72B58001A23FCE6F0B3FF0E4E1DDFB9801A6FC42FD0132CC1F2224F89933107AD30B6C9131A53818AE944BE25A70810821C38F098411980E46D108F4
311
83DC63F49B91B852351604091D60546702F58A3872A1716411B642C7629C267E64E77719F46B0548FD6BFFFC86A38DBFADFCDF700228C124C8664FAA02BFB1F92B09800876FCE4F2D1C3FB4FD0A44E0106A8DB8079751CBF0BD9340066C3D52BC64706467C05B5A54401BE4A1B0132A55EAC1CCCB10D378A3DFEB981202232
311
7745EF2102886A9142C812A1A2C9708027BB55B7006357459F9C2080E0BC34489FC629510F3017B62D5073E2A2C64048A0A42580E413BA9E08274091A398EA80B5BF31C87BF5ECF8F1C5DDFB4F22AAC181F070AAFDDAE5650C4000516440D8806786D874215149E69ABEC43FF0EFC820FEA112B0522003C84BE03FB7662351
311
3B6D840820358B084119B0CEC8C00AE888826339A54091F5FCA513AFE147975BB1A86FC50618D9D74502F0C7C8815AA306602FEE3A5E79E0D7DED1B221001118B73182CD439A092FF801105D1AA14E1918EC282F6260869D55108065988BD67F68E5581720A708051F7C8070F582389C682BE53F2AFD85853F2A013D215640
311
28E06E79B7A71E43212180A81541EBC88F451E02385100491AB0C4A3BC5309A95911E66D04C0B448366988ECD204C2FC930F8CEE8FA410EE4C25B58DD1B6EBAD83F6196670F7DE635282C0A56A851AB035831725F0471A10FE52097089C80495804100318405F0DFC2136004B4C40705EC9154315129205EC357930035688F
311
61AC02188250CFA9A980233925F16A117A48CA54DAB6400221976B75D863330942E20EE3B00B08FBB71AA813B0E502FD2B023DF70114E0D7DF2E2EEEDE7B789504200112075478F2FBD6897835C91F0C20782401E801A2F9142700B74805703426023A81CC0BE88B537D0003E0C5181D29EB8D83050964DD2580910A1E7A81
311
38F76253DC01DC2F3824391AD748276C0B0CDF12366625D038603D0003E0266CB42704C8CE7FA7F11B4D59C0BF454A78F8FCF1E50513715D469607031272358F04E0003C90107223A581218F10008B10247CD20D860FF0BF48801040B361808148714764028EAC137E871501EFDD97C89B52107FF1235B0928C56253008257
311
3CE137840EFEF82A0BDC602736C595912FBEC69E6A3A26903B3A300C5A098A9E3F1810CDFFBA019D97B4E7A7A075850F2E92569BD960CA7B8304995FD006FC4213BB1448A6F4BFBB3A9F9FC4962D0A1369129B10073771FEDA38B1737B663A71C088D8848027FC3008DAC4E4397A6F76271DFFFCF77D6BD7F1F67DA51E0E08
311
875A6BAFBD6BD7AE52CC04A0B4A2206F650EC412841A48258258E8662C3838FBE21E25172C2A15A4F78D82DCF68A005DCF07047C183E1CE47731BBCCB5469D9169E0D588945BEB637E87802A03D88FB82486210D28FB3B858D13DC7CE75F5E6F3B03C1744D30CC58C7C7A256146853A05243060B850072A7010CA47CFBF9A1
311
E24F414037B8781E8E9F219A774B36481CB43E48A79819D638C8760D672FAC19FB9D3FC5EA9158DBD0159C27860409682E8FF2595652FE189D2CC2D7C023E944158355806FC320087CC74116030CC376C559C098B93A041C5DDA48AF33827D2327DC761D19C17CC62780D82A170E6CE7415A5E7FE825E053048F88D2AC2A56
311
1CA4D4C60098DA28EF1A01382772484698F60C8DD24BF396EA76260542810A625978C03580A9CAB91D10249BE579B0377A3DD15749A45F24C4D81FF3D7D7996F6A1690288008C0FF6CC186DA9D5FC95BB09B1301004B016E707FDFED306A1BE8FA208828F00BF342186839839F1F6FA338DC5A0200FF383DE92614C03A4508
311
DA18F4D85F9354F7E867AA77A42FF49BBE6757A1A7454448D0BFC3C220714FE43A3D8F1547BE10F0BC5A05985AC3C28829A06FE24CD062700601F4AF12AF99099B08E7071DC4626A97C920C3FF96E190C9D1FD7CB6163E800D79E5F3F10A9306C02B799E80F1AB380E0571A584C0370A220C3125000B500900D96FEA40409F
311
980E2083E4EDF4D8D2480AE5667222E020BCDAD4EF19682120818FE18EC7FD6AAD67C03F7DF1955E697456F517AC4F24700C30171C67E9168B109A4F60AFA60F98BE30941BF776DBC7C70792A2FBE98AAA97224F8BEA39B47BFD14A8CD03320DA2B676E3AA397E652E30A42CE2987B7DA1EF7F75242413800A04C0270C62A1
311
3372400B435ACD84B8B5009208F5AC73EB149FFF3508E21C2201E0338BE07E50EB47E7FF6D97724A601028C5519073E7978EC88834410450E074DD58AD13A4900103A6444A9CB99103229F0EF8C0C78161EBC68137240734CDCFC349807851E0EB46CE864D2E405ED341B71A390CF2DE20CF5193189E1901E866D023040968
311
4B193D17E2928534D04240937D3C84477494FC5E0FE0B448E35AFC19007926C1C6A6E622FDB8A12E30993C6710E070397C4B26304C0AE38218D19F01FFB15BAE1C0E7E74DF75F2406E373C414E848FF8E500EFAF3C1029C9C0ADAB2313A7426CA9B2C1B9E30032C84EF31A09A88A386F136E8C2F1D582EA0459207015F10F1
311
F001F0B1B7DF7222011EA2001F00BFD36BAEE0850928B08C077030FE3806C880EAA74BCE0863A952812E6008B3A89199C1EE918AF96AF583F1A073B0A355B9D861AF1460DCFB3BFC6B7EFDC834B09700CBED3510E48DC7129041C991F06BA5006CA6B5B34EE21501374E8DFC910042036111EC9C7CFA1C05D48A7270F7F835
311
BF04A4194DA4CF76CEC66718C84CD020D04C412AC848F03E3C61A1C8D50D0EA6838A00376054D3DF61A0E393E1F8B058A6C994093476D601A4A06F0CFD3C0A6BFA910E75CC10400A80FDA93AC9B5EA4303F6C0D188B559086091CC5910137772E14F2376D03181B5CFE74C0EA38440D0AC256D6C4D104CE05302FCC00B60B9
311
CD4D71E08BD40C144A025E60D4C1F45FE846A2105D717EEA84808A5DD90A168E133640311CF05DD870768683F5D2F1800F485AEBE5CABD8FFA3C0BEB33702493AEB551B1EB035EF5C8E5757FA7832141F88E8578A363802B560007AF93D7D470B478C4D00B412D634C9140C4F9275C00DCE8DFE3C7F8C0AFBC5B2CE82E3C3B
311
DF393D4375D50C43CD1C17E3777CD2C170725B7B42B41DF15BFC344DAD089C1E9118522B4A2C60B794E4E8F33081BB7C8CFCEEA0B2015E49D586429C6C78646180B7710E06018A3082243C275F077FBE412C17DE80D3E6B9462C5204C5D980D1DF84A864401C483CD01B143F4A4868087A0F780F37230200A4FBF6AED32511
311
4C367C22512750A5C7C3E32D545CE20A0904183BA10015DCAD89864B3E1EE97EBAE8B204266A48E010511838E2FE413FB116E60880C2D8440AC3880DDA6DF6618C138CF1CB2A09637E18D00F80CB0DC05322E31EADB8081C29410903F06BFCDF5AB46024E4A75828056440503C707856EF0C037623DD4922A400E8A6BD75E4
311
D2800905F18450A00CEE88860C8964C7B3F90F56528BA18F71CFBBBCD2D05797E168FC37DB26DBE0DD2EAEF39686C18440820013C1444055402A541400DD362A0A402F1FE51246404E098249FEE30708C10CA0B54601053159480C00BAA9B1223A773234FE72FD5C3BD81804D8D196FE3D5315A0C981D88D04FA01DFC185CA
311
93F9120E1F480B08063364A0A318F08DF95056E4C91F1150D31B011200383502E079EE43CC18603AE2F88FD139C802A739F208E88D06DC78267C448C27C4113C19B0F51B0E9C1C021CF8F9167C6B1F2E10E461002910105D1042792D1CA303F469714C018C23D72179E165049C40E801CB96CF334562E5807291D1E0C70FE6
311
CAD91656715F0E5C5E70F8D7F83290549B1BAA6F781D25180EBCA93EC84E72A74081CE3020789B3790E1A9E478E658C099BECFF01E530E80EC5FE31204ACFF70AF8177A03059240CD074978A002A878BF883FEEC81DD684E406CA630ACFDE87292822A11953710F000885D6F68A67ED40CD772B0828359B753F7CE23D9479A
311
B9845771B389D6A77130F8C134EFC83947392029B10E4425440A84AF0E54825228FC1634D369874739C837A9DDC83C20D320C36042610ECDFA750303710224D01202488012CA847424F8D53F78AB6BECE9B3B35A7F32396AC6B7444566327DBB4DF06FD9616744F4D3A397EB3B0A3FBA8D763702883ED742FE5CD24146D8E3
311
53ACCF811C806AE09914D8446E93840FF4D6C963FF32BFB6AB015D1D3B0C9A0968776F021F21404B6260CF84A14F35180CE20B5E85BDA2EC91FD5A7DBA7E5705F4F0F97AF26CE18E3BA078138202400A62930FA6CC7882F911A92F33E547E64990B0F27323D73B6222863F86425153FA8009361C675554C25382CE148420C8
311
DCC47A20122806CA178A0918C14CBD33440289078A00EC6070184CA9907FD0A1270478E0B325B67C2193694EDB7DD0F3C238447C8A11485562FB4902134E6AC952FD5320A4F7C780882DA9684285CD81D278C0E8FF8DEC9F45D22DC3C2CA99C2728110888799575B6834BF22B0F01EDE72D7F21B672C40F0A972999E2200B7
311
C91403F9BB3D09C01990819238CBAE5E7510D7D57450507E3DB04AAA0A3C280064E0775380C8C16EEA4834346A04BF0CE847B4B3AF760D06D24BBB267C32E2C9257DE5EB748AD101AF1FD33265E2B674EED8C01A0AC901392211011AC810560F77778E85B13BAFE3E25C95B70919A4862C15928BD8989664AD8638101D009A
311
80F00BDC41AF27602A4BDA0C077E550048E7F1011410F01405045E1C140B4D0E70E0F6E034171C3D6FD12004FCC1FA304312518910356628A4A326EC9ADF5DFFD1B2C0399503F14B4F8E3E0E4E39A06ABCB56A8014687E86E462BDDE5124615ECDB412B7314F62E6E0C76ADEC0F717B360E741960104CF1706CFA18E060500
311
4B01AE007869B095ED92144A807841EFF2811C047889A04901C809062057192688C92346F97F279449F89B113500BAD282D1DA80A55C27EFFE02C8D4F395003F285B617BBF0831F49B055342DDDD414378E8888E92C16789F269A27C9A221FAA4A0DFDDB9F935B2ECC04DC51481558A69301E0460B02665AC4DD30C03D4808
311
66C3409400051811876014C0F294C542821AB045011A3E3F09001FF304E3A0BED05CC11A811B865001769507FC01ADC611F400CF68C7B093606E30F3C7E0F00C1D10C31951C1E2D7252181DA00345842A19130715C736EC9ECE686A712FDB31E4D3E50AB336E5666D7B212C0113C4A4406029709B43D0228F3FBAF49921B19
311
CA0C82A2D5BC4A2079809240F37D3E10F9637607C3983F0458508A98B8B4EFC92AC13530180CF55359500080061DF59B98BB3FEACEE881DC8127F182A885A86FB12B43C590A4380504E32305E3148BBEEB2D2782029765428092545BA5C2C681FC5F8E869C0EE1034A822FF09A12C94084505AA868080303473F8161F7AA0A
311
6610745E280BE4427FB770106F8800EADABA19F453210435BDB2348471B13B65F2FCB554827632C4C44467333E4127095D22092ED492009930413251B5408345065065E415266E20279A40B3F520370BE2050C8360E6BB4601C1673B9BFE007EF5200B6483CD195400A783E6DEA0653515B0FCE8E86D1618FC1EFC15C2E727
311
F24F2A2DAB57326D8D0877D4E298894E7A0C3C7D9CE8A0E2D17AA2020FA1097D6372F2A9F955060FDD467AD0426368C24A8340FD0D6687A76316DEF5179ED9042005A2BF02A5DD810A4DEFA4A8F700EFC50FF4FB8C06410F0303C106ADF8852ACC6A2CA9046E9ED070739339857222CC009E206479886EA26227BF7A341A15
311
C351A8404A6C10080A2140FA4B4E8D9B9A11645899332363FD69887F436A660566964250FD752E787B64BCF8E6C8190DF8EA0C854C062D8A5A1346F810414313E606ECA0AC3A01D6928544029D5F42E202C0CB386F880F7842A31287061F32F3CBE09F2950783394F2F2B23D85386C6F51943E99DD10C8A0000BA9569A1480
311
5693274BD0E4F4DC3F28E331EEA91C4F33ABE057889BFB92819187840A08E57A276A8BFCB75B0342668C70C565C8059996D209C2800941A21FB82B2F520BC2E6FE6F1A8827043DE17000DACC8193E78BBB8DF1467978C06F6AFE986123E3A95272CAC122046F4C65C4B88FED2F1CD1D918F7CDBF8903BF1A90057D42F4DC13
311
3AF804ACBB58446A0DB78806FC053FA1E45D0AF1112613CC0DD976C5E70AD3282F42725C0D02AC8588DE451B1C01ABF063E7748A3882F0DD484BB78D037F9812240EB88B6034C0AD53E5116D4C6D920C6A89F084E6D0598AD7EB6930CC7B293E27A666E5CDFE9A3FA52FEB3C97976FDAAE9A60008FCA6B33099CF9880D35D4
311
19FC687D424378E3099441E110C5B3C6DC311E6653514A67A530D863326C4D8430E0C28024803B5B069B0E60C10EDB6DF087034171DF01F1F3404B27B1056D8C0E56E7CA6056E7798147BE4C2F01CED5987E413AC6A724876DE3F599E0601CE7B9CEF3BEB3671E12DCE8AF9631B8031D3F360B6955DC2342B2A0E4632A0026
311
4C0DA002220CFEC3E10D9BADC8904D88DC51928593AA16C91DF6FFF82B3234404C7214D0F8608E0052283EFB2B0563F1D072936C4017706010BCF1B16CDE0C1FA9C777E44E1F5259B0C9BBC8794A82A6C182A3AF56B16921405351FDDC91B5BAAA617860E8D76C97C377FE701A4EB4378FA97C2C8E3CC8950886C6FD93AF70
311
A1F5F676B7ED16CBC56AF5D09110EEB8607CC08A795882358280DDB98AFFE7087C6EB593D62F041CDB4018935238E73F1098100D0C8769818F777057F64C703C6530E142FDF5C837AE1CF66C94C4887D3A3726AB990DEA248F73B5D32C8E04F6714B1E67C53FC52040252E605B322407CBF8C7F05453462A295ABF4D95592D
311
DD76AC23512E9A2DF964715C80DD752CA8E263AC36F02C3C28A133EB22AC8D099BDEFDE28C3E8FFEE3815D5D00C17C00511058354D62443C1A546280E43572A9C661A34FA5891F8E7570608C8DF21DF51DF9D2A84D4501F41B8CD4F4C9DEB2F901E810C0E4CEB6EC08DFB06341C864CF8D0EEE779A606545E1E64AAF30A432
311
4C20FDD3BD558BD966BA994FA915CD162B1978642AD01694E533EC190368A68234657085B5F88E27A0805E04B8BB6A00A51646EE3C10A50FF007FF410F1963CA69BE2002F0F902E701AEC995FD41F83A3F0C3809A3288A083003A6CC2A20E6D703EE48E3777AC07ADD51EB6101603A9FCF17B3D5928F6D742EE7E4CF38AE2B
311
03C5FB39C81D7B2978FAFE85AF3D2710B0582C970F0FEB0E4D1103B8BE2B4D560CA10002FC8F334C891C07B44FE06B2E3ACE5E1E2D1FC32203110ABF9CA0E8381F68EC3C06701328E5A38278A5FCD944CEA5283DA933DF2A2448BD23F1C5D8BE04CC2DC3B43B3EEC29F8B5FF926D11D3E97EBF7FA1BD1E5E5F5FE6D3D972F5
311
48547783146ECD84873F377C5820F7F9FCE5E07378D6CBCB7E036DF7F7104079A05B77C6942D1BA95D47424BFC3DB6411009A42E207871B7EE9B06614BBD20F22F7523FB985F3F7068E37600273A3ED0C1CCC380F6EC4AF01CC1CF95E4848B7BF950AD14C44F10460221E02D21D01DAE800F323704C00035DFE97CB37F797D
311
3D1C0E4FBF35EE1E5E9E0E879FBF3DF6F474780A01FB3DAF01FE0C0798218007C2090A3008BA7682A338F4A8804A06CBFE6A80CEC766F49853F15B2F45FCEA3F8250012841315016E75E797EFEEC4ACA6C79F515CF1738F7C36E2406071051043817C9E8C5888D49D0332E800062FF54FA562BF7446CC0BFDFBF8603D1FEFC
311
C9F7FFB5A7F000430755C2D3F72F2D02A022820897ABDD44594475BDCCA4A10AF34C06B08B4AB58BBFAE30999DC66C7CE903A83CF8EB006EEEAA063430F84B05F0ECF644825F5E95073870E72A0771AB89B080022A0C5A9FAF34C89286257FB7BEA000EC65B59750C68E0815B0D9834B15606328F80709DE09018AC2A7817F
311
83F96DB3D562C10A0A31300230CD4200B87F85808BAF64D04600254047F9C14DE93464009E7F5AABB4FDD6D55142A2C0BF1541FCE19C20C899BF4F76AB54B84CB97F88F48ECC029FD253F0C70DF4816B9AC94BCBD653B1A283C4001A0337955E4AFED3FB790B6B1F5EA0B5514074103A38D84280EE0F5F9BE974EAB2D16AB1
311
EA969684B6E4166CA28264B300474C7308D20013B204A65F82970718D05678B3315D442E1C0A327E2F56556040C005D2FAB1326A68A07507C9E46A3648555A7080F5F50219A00E6222E3E0862CE95B5680930530742F1D041805E69B788161F015944D041182B861A2C17F3AF01CF5BFDF6C343F9171F5B004BF59C0167191
311
64B888EA206A02AD05E8464D06B48E4381A0E9345FD171625AC22198F57C003BEA5510F81FF78D31C9B033D0030000000049454E44AE426082504B030414000608080017B4D55A28BB58AF800100009E0500003D00000036393836414242372D303444462D344132432D383330452D4132303045433439314435362F536368
311
656D61732F436F6D6D6F6E536368656D612E786D6CBD544D4FC23018BEFB2B96DE15493C78601010A34B880709DEDFB52FD0D8B54BD70DF6EFED3AC0B12E6442E2716BFB3CEFF3D18E26FB440405EA8C2B1992E1C323095052C5B8DC842437EBFB673219DF8DA659866649B798C078B48AE6410122242F2A4994AC7F93815D
311
F85C049C8564CA0A901499DD886B2EB9B1E02448F358701A9235880C49A0119892A20C89D1B9FD768815CAD268CB5E0355B40B1E47F3E37A2020464BED06AA57CE8FCC20C3C3446D46761A2632A8C1283D07031EFF2AE7CCB1BFEEE916E406DFAC8E36FFD99A9D60A6944090EEDC3B670C7DC13DE86B6B2C5C240D6E503BB8
311
5ACD579D513F1B9F9A69DC9CC22AFA80C426D40AF0B21EA168559156B6276F0F726A6BFF04DCD513A87A62CAD41FB24FCB2858B3952E3D852084DA25B9303C15687973CC8E8AAE11DF2836C38C6A9E765E8C1BA1BFB1DC29CDFE518C8B5A7655A4ED7E77291ABEB80DBD82EC866ADE1B8D05AF9E35CF09D7A061F38A986D9E
311
C412B8F0F65E5D81534D9B231D1E5A8FE577A241F3A5FD01504B030414000608080017B4D55A1004A04F380500005C1700003E00000036393836414242372D303444462D344132432D383330452D4132303045433439314435362F536368656D61732F47656E65726963536368656D612E786D6CED585B6FDB36147EDFAF20
311
F41EC7F69A2005E214768278069665709ABE0A3445D9DCA80B44CA89F7EB7B0E2FBAC4B2A32643D10E33505411A9C373BEF39D1B2F3F3D27926C79A144964E82D16018109EB22C12E97A12943A3EB9083E5DFD7239558AEB07B6E109BDBA7C5CDC902D959360CE535E0866DF07A7579733AAB85D5AF234E2C51DD5B081CA7A
311
87DEE56E47E2D6689E735AD0947194500A22A249308DB6F82682A3782C52A141BD80E4E54A0A3609622A150F48C16994A57237097451C2DF462738529D3AC5FCFFB5B401988BC78824973CE1A9A628D91CB968BDBAC335B9A4BB379C6ABF5D2474CD7B9F773F7F78C349F055EF13FE2CF856F0A7379CE2BEBCCE6456F8E316
311
A9E66B5E18E4AC77BF5812F5937FDEF0F5BFE3E3C785576D96659253EB54863A87AB5D98ADFEE24C3B8E38FE48BAE2C062631799EDC8BDDD833C6E88585B9287340B23AEA990CA49B1A473421E81F856D06D9125E45E6F001C4F7F85D6DECA8C6A835753A250DA50DF92F743409CBC3BFA4C6EFCE2618D302A0CEDDB264D93
311
950002937BC66489A18D0A345DD650415124BE376A745EA9F0E016108E328D14C979C1302CD6BC0A4191B2C2C49112FFC0DB51401288D6A44C26C1B87A160AB6A11E5BD862514BE8B3DB750607BABFF6F781D6A74EED6EA7AC28FB3BA68C87AC94B2138A99DB41AE7147A71F56659287340123812054CAEC8965690A74E111
311
C5BCA7260158B0963EC50C07E38FEDDFC5C5C70AB6A915F446D44E46C321E46087E23E221E2BC0DA6EB440EE6F44E80CE5AE2E2D2F31AD7AB71B8B139AF730773909401FE0D8DC3FCCFCC3D438DC1176062076C3CB4A9D953ACC72CA84867CDA0361E0910F4EF3B109A07D332211C72556825745A215835F47678059E33706
311
8E3ACB0E2EA2B507175B0818FD1082EB4D26186F85BAD33464988F1420E1B9E43D522F8452A450106B04F01362BFF1B2BF5059B60F687C9F663A54396722163C7231012E7480FE916910E6572B6D8F4A54CBF92C5CD324A163C8508058D3F16A399B13B348C6830FB5FD47257A1B8D2CF08253EE776B3A72D782D895363D96
311
020B6C18D3C86359B3C6D45E728B4B9D716893D091E4D533045F495D2EFEF633FF5A660A520A5790765FE52E12F0AC82685E7FFA0398D65528850A132894DDE9F837B1DE48F8A74D487795A482C7122A6DAE377BDC5DC212A465ECD8B03E7E2E208EC88DD9DA89456CFBC477FB798C74389668AB1A75C820AB7568FCBE0B5F
311
94DC9AFF0D038D9F77E49D45B8278FC7177D0DDCE732FA0BCDDB42720FA90E87115FF76375C5696F368AF83103F6A5911FFF03561EE06AD10ABE933AA9DEC398588888137017449E09C377051FCAEED1E8BC3BFA9CB27DA2CFDBF533459F374FC0C4FDECCBF3E06CDC6874E0710421EEAA6CEDBFEE60EB913607436C3F5BBF
311
713F6F42253B9A4A0FD64C08416FA986EB02254B1846D82E7CE2584EBE31E340E9A8247483F07D5B84AE3A5AE0D4C5B202EE585468BA84105B1F5EC00C16FADB133FB7399F390FCF245CBF9027A137FD26D1D651058D44D9B331A93985CAC2046CB4ED9E0314977128A42C13DB06879A273052525D16BE833B8706BD1269FA
311
69F2B9B109BB55D30D37679986D85848B86F026CF21E74809100180B0D280C36F6015A7DFBD06AEB6F8D503BDCD7DD6DABBBEF54E1FF5EDF0E3AD53C03509B5B816FE9F51BC8026F44DAB82BA989F200C4220B24166C3037854094FD46C5648D9C42F8B07E53687D824917FED3CE56F3FBA68BE3C6853FCD64F4A00BB85831
311
B1243346654A134805AF5CF39A9DFE22C9906A6EAFE8303A5F4AC4FBE637489CB62EA59B9D529255F326CCC28ECB77F812A7D6E63DF957504B030414000608080017B4D55AF702076DC3010000E60400004500000036393836414242372D303444462D344132432D383330452D4132303045433439314435362F536368656D
311
61732F52656E6465724D6174657269616C536368656D612E786D6CA554CB4EC33010BCF31596EFF405481C9AA2A64851255E4A816BB438DBD4926347B15BE0EFF1236982021512B925E39D9D9D59677EF3510A72C05A7325233A1D4D2841C954CE6511D1BDD99E5FD39BC5D97CA9359A0DDB61098BF9CBFA961C4044344599
311
637D0F066B0E22C074BC98C7A0319C58A9B254B2435ED23BC2F388AECB4A6089D280B18D139496815152EDDF046711DD82D048498D902B293E236AEABD7DF74D5D839F69EE1D9F48E1F3BF448FC9E6BF144F351E38BEFF9D662D0D16587B77825FAF2195BF515C395B563BC5197A0AE68DCF363BA831CF7C7C8D7F0DA23D42
311
898037B451BA833673DA92BC82D87F636ACFFB0CEC96F4EA30EF9A0FEAB85D91CAED89348D80E9B178DDC3ACFC71D06F2528A182138DD8672E4DC6DC57CF91467432BA985E4DBE3DB399079353607C0A5CDA0B70D4E65A122FA41BAEEF6C272908D315B076451BD55EB0FF9E092E11ACF8C6B5306028F9D5F15EB95426D315
311
32BEE5D6EC700FBA0C1E94211D7ADC8341143D429D2671564059C2EC72108B4EE3847890CC4697DDF8A708DB01FD7AD8209A41EFC2DCFD7063A504821C7869545188D6C16DF801342CCE6B276363DC8EFA4AFD0E86ED0677C3B77747C7FD3FD617504B030414000608080017B4D55ABDE7CFA1510000005700000047000000
311
36393836414242372D303444462D344132432D383330452D4132303045433439314435362F4173736574446174612F41737365745461626C654F66436F6E74656E74732E62696E536160607075743170B1B474D53533B570D335713135D475743536D3B570353076367532307732B51402AACB4D2C492DCA4CCC492C28484D
311
2C4ACC4B4E050A82012F90744FCD03CA26072767A4E6260200504B030414000608080017B4D55AC55C663656000000680000004500000036393836414242372D303444462D344132432D383330452D4132303045433439314435362F4173736574446174612F53747265616D56657273696F6E5461626C652E696E665D8CBD
311
0A80300C06F73E4B29FE6CDD8A2E82A083B8B7F209014925C9FBA3AEAEC7DD2555D896CB85E51C2A1BD834F6A1F56EC4494C4695278364ABB24ABD2146F88CCEBB89D5321FF8F3F43D672A3B44DF3CB6A1710F504B030414000608080017B4D55AE63369D737010000A20400003600000036393836414242372D303444462D
311
344132432D383330452D4132303045433439314435362F4173736574446174612F636E782E786D6CCD94314FC3301085FF4A648931766AA04295E30AC1D209242A06B6AB732956133BB22F08FE3D769B0154C4D421EBE9BBBBE727BF53EBCFBE2B3E3044EB5DCD16BC62053AE31BEBF6351BA92DEF58B1D62A784F3F305638
311
E8B166B9CCB4DA073F0E53A9C116C62E573BEB0E53F13E46A42DEC3A7C6A1FBC23741459613A88B166D1BC630F1C46F20DC6036F80802F78C0E8C760304D22DBE334C90404C2866959C9DBB25A9672B19572752D5737CB372532A9D5CEFB6EE26D5A16FC70252B73DACB74A54406B41A839DA8FC1AA6FF52C977D6299148AD
311
2285E4CAD4415F43EA8061E8AC014AE6096F08A94C1042AFC409D64A64177E79F188AD7536B76C9234201F9E93400C6471869EFCA7F6F2DE6C5C247006E7ECC8B9C6CBFBF072FC45AFA7581E7333BFB49C6BE4D6B517C88A389E93149D7C5DF437504B030414000608080017B4D55AC458581EE70000006001000067000000
311
36393836414242372D303444462D344132432D383330452D4132303045433439314435362F5265736F75726365732F45414430443939452D363538462D344435312D414533362D3845303343354230374235392F7468756D626E61696C2F302F636E782E786D6C4D90C16EC4200C447F2542EA3121A1EDAA5A39EC4FF4D44B
311
458937454B300253B57F5F6839EC69ACF193E519B87C1F7EF8C2941D85552CD32C060C963617F65514BE8E2F62B86848447C878921980357D16CA1614F5462B736BC9AE29BEB5DB87573C780C9D9F7187631586F725E45B69F7898C914A60DF36DDA0C9B699912662AC9623DC0EEC07EC026348C9BD06A56CFE37C1AD5F2AA
311
D4F9519D9F4E6F201BA9E183C877DE05C644F141CD96EA18EA3F33C8066828C975AA8510FAEE399075A92173AAF93BC43FB1422646EFACE15A9324CBC86385D01C20FF610DB2E5ADF25746D5D68DFE05504B030414000608080017B4D55AA233C2345D000000800000006500000036393836414242372D303444462D344132
311
432D383330452D4132303045433439314435362F5265736F75726365732F45414430443939452D363538462D344435312D414533362D3845303343354230374235392F7468756D626E61696C2F636E782E786D6C4D8B490E80201004BF42E6EE76F3C0F216234B883063108CCF170C074F95AE5473F5C4C06E932E4F286019
311
67600677D21E9D8092EDB002539227A2FCCB80E1168D80A6417297A89C5D6963B7129A0D1E8F2EE73AA7B62BBEB8B27DE50B504B030414000608080017B4D55ABE89762363000000880000005B00000036393836414242372D303444462D344132432D383330452D4132303045433439314435362F5265736F75726365732F
311
45414430443939452D363538462D344435312D414533362D3845303343354230374235392F636E782E786D6C4DCC3B0E80201004D0AB90EDFD75167CCE820A4A845D83603CBE602CAC26799919AEEEE0D965E2E908050C6D0FCCE04C8BC355404EB6198129C92351FAD580A10E464065907C8D948F8F166375F655BDC3FDC3
311
B4E530A176BE7057BDC43B2A593FE403504B030414000608080017B4D55AE77659F77F000000A30000003600000036393836414242372D303444462D344132432D383330452D4132303045433439314435362F5265736F75726365732F636E782E786D6C4D8CD10E822018465F85FDF714CE30D810A741EFE1121D13A191B4
311
1E3F685E74F56D67DF39A2FB6C0EBD4D7CD9E05BA84E0490F18F3059BFB490F61933409D143184FDEF06C88F9B69A160906289213D0F3499794CAE5067FD7A40DD2BA238D7B8A1EC8E2F8A56B8D775839926F58D0EE43A509E8D7351F2FC7A794B5E7E01504B030414000608080017B4D55A512CB2730B0100005503000034
311
00000036393836414242372D303444462D344132432D383330452D4132303045433439314435362F536368656D61732F636E782E786D6CCD93BD4E042114855F654262393083BA311B862D2CAC6CD4CA0E99BB2B59E04EF831FAF6C248B19BD869B11D9C7CB939E7C015BB4F67BB0F08D1A09FC84807D281D7381B7F98484E
311
FBFE8E743B2902623AC148E79583895499487108989726CDB057D956D51A7F6CE23D3A87FE59BF8353A4D356C53891B85EA9CA096788473AABA4E8480344CC414399908C8336410750096622F9C06FFB61D3F3F185F3ED35DFDE6C5E05ABA4146F88B6F1C62708B85CF1416339FA626810AC0252E4601A55531079EA8E963E
311
042B84143185D24223D3D75248B52CD668954A596C057F1829580D7B16F9013C04A32F35F399BD7F0BFD047E86F0585E2A18652F35FB6F2EFF56015B37A07C83BA10F21B504B030414000608080017B4D55AE3603EBE7A000000C20000002C00000036393836414242372D303444462D344132432D383330452D4132303045
311
433439314435362F636E782E786D6C6DCD410EC2201085E1AB90D9DBEACE05D09878023D01A1D34A8419C380F1F82DA68B9AB8FDFEC93C3D7C52546FCC12980C9CBA232824CF63A0D9402DD3E10C6AB03A3397DD192872090D3406ABE7CCF5B5D18893ABB1690CF4DCF02282E5EA8A5BB96FFE536F285CB347F95BEFFE81C9
311
ED5AFF9D5B1FB575BB00504B030414000608080017B4D55A16E57C697F000000A300000007000000636E782E786D6C4D8CDF0E82201C465F85FDEE293422DC00877F7A0F97E89C088DA4F5F841F3A2AB6F3BFBCE11F567B3E86DC26BF14E427122808C7BF87171B384B84F9803AA9508DEEF7F37406ED88C848C418939F8F8
311
3CD068A621DA4CEDE2D603B28A33DD34374C6877C754972DE617D2635D12D2B7B42ABA2B4BC6392B697EBDB439AFBE504B030414000608080017B4D55ACA1DF9C9A900000073010000130000005B436F6E74656E745F54797065735D2E786D6CA590410EC2300C04BF12E5DEBA70400835E500FC800F84E0B411AD13252E2A
311
BF27A55740421CEDDDD9B55CEFA7A117778CC979527255565220197F75D42A39B22DB652EC9BFAFC089844F65252B2630E3B80643A1C742A7D40CA8AF571D09CC7D842D0E6A65B8475556DC07862242E78CE904D7D44ABC79EC569CAEBA537E3521C16DF5CA5A40EA17746733E0B6615DE7217475F386F18B9481C510F1F02
311
1CD9FF027EA0E1F5C4E609504B030414000608080017B4D55A3DEE336E64000000790000001B0000006175746F6465736B2D64657369676E2D7061636B6167652E786D6C35CBC10E83200C00D05F21DCA56CA76D41FC96062B120735B69A7DBE268BB7777961F8D5AF396893C2ADB70FE7ADA196782C2DF776D7A97B5933C4
311
30F15651E5469C55D70F80A4992A3ADC954792C525AE70A1E4D6AD9816CC044FEFDF01FE3FDE907802504B030414000608080017B4D55A5203787EF7000000960100003700000036393836414242372D303444462D344132432D383330452D4132303045433439314435362F4173736574446174612F636F72652E786D6C85
311
50C96EC32014FC15EBDDF18297361126A271F3053DF58680B82831582C553FBF10BB527BEA699EE6CDCC5BC8E96BB9179FCA796DCD084D5943A18CB0529B798418AEE8198A1325CEDAF04B0685E18B1A21D340C9EC6C5C774A581394C9ACB152ED24F75E0528C43D152378F1A1165EF21892C2DFCA958B1B9F55D9949B8E92
311
18B5DCAD5AA6347DD5CA0165136B58FF744643D777A863EC8C0E1DC3E8D21E86842FAFFD742155365312F4F2335D38C5839240718D7B540F08376F181F5B7CEC8677526525253EB874F33E345F97C6E5AD271E38A9B6EE9FD4B8CAFF53A336A1C57BEAE6F0409BB4E4A3414995BF94E0F1C284F9A3F41B504B030414000608
311
080017B4D55ACB540F94F30000008E0100006800000036393836414242372D303444462D344132432D383330452D4132303045433439314435362F5265736F75726365732F45414430443939452D363538462D344435312D414533362D3845303343354230374235392F7468756D626E61696C2F302F636F72652E786D6C85
311
50CB6EC32010FC156BEFF8811F6D224C4493E60B7AEA0D01715162B07844F9FC42EC4AEDA9A741C3CCECEE90C363BE1577E5BCB66684A6ACA1504658A9CD34420C17F40AC58112676DF82583C2F0598D9069A06472362E1B25AC09CA64D658A936927BAF0214E2961E2378F1A5665EF21892C25FCB858B2B9F54D994AB8E92
311
18B5DCAC5AA6347DD1CA016527D6B0FEE58886AEEF50C7D811ED3A86D1B9DD0D09DFDEFBD39954D94C49D0F3CF74E1140F4A02C535EE513D20DC7C60BC6FF1BE1B3E49959594F8E0D2CDDBD07C1DD09A542BFB272D2EF2FFB4A84D68F196B63A3CD0262DF7FCA0A4CAED24785697303749BF01504B030414000608080017B4
311
D55A32CD497CF9000000960100006600000036393836414242372D303444462D344132432D383330452D4132303045433439314435362F5265736F75726365732F45414430443939452D363538462D344435312D414533362D3845303343354230374235392F7468756D626E61696C2F636F72652E786D6C8550CB6EC32010
311
FC156BEFD8317EB48930114D9A2FE8A9370AC441B1C1E251F5F30BB12BB5A79E06CDCECCB2438E5FF3547C2AE7B53503D4E50E0A658495DA8C03C47045CF501C2971D6865F32280C9FD50099064A4667E3B251C29AA04C668D956A23B9F72A4021A6F418C08B9B9A79C963480A7F2F172EEE7C54655DAE3A4A62D472B36A99
311
D2F4552B07949D59CDBAA713EADBAE452D6327B46F19469766DF277C79EDCE175265332541CF3FDB85533C280914EF7087763DC2F51BC687061FDAFE9D545949890F2EDDBC2DCDD7010DB7387F18AE2752ADD33FA97191FFA7466D4283B7D4D5E181D6E9938F0125556E29C1A3C284B951FA0D504B030414000608080017B4
311
D55A34FC7D9F0D010000B10100005C00000036393836414242372D303444462D344132432D383330452D4132303045433439314435362F5265736F75726365732F45414430443939452D363538462D344435312D414533362D3845303343354230374235392F636F72652E786D6C8550CB6EC32010FC156BEFF8818D134798
311
08BFBEA0A7DE904D5294182203553FBF90B8527BEA6956C3CC0E3BF4FCB5DE934FB95965740B459A4322F56C16A5AF2D7877414748CE8C6EC6B85F3248B458650B910646AF9BF18F9D9A8D765247569B45EEA4B0563A48E67B185AB0F3875C452ABC0B0A7B4B1F62BE89AB4C8BF4A563D47BB5EC56B5846DEAA2E4068C0FBC
311
E0E4D0A3BA2215AA38EF5153718CA6B2A903762319269A4533A34EAD3FE9F32685930B309C6382F21AE1E20DE353894F55FD4EB3A864D4BA2DDCBC87C6EB808D7CC887A619514D8E13AA0652203E96353A8E79D9932E3F74A4A1D9CBF827D03F96FF03BDD2AEC47BE0CB618115E1FFCF0746B358608067BB0163D9EC1B504B
311
030414000608080017B4D55AC65F1F23F9000000960100003700000036393836414242372D303444462D344132432D383330452D4132303045433439314435362F5265736F75726365732F636F72652E786D6C8550CB6EC32010FC156BEFF8811F6D224CE426CD07543DF586F0C64189C1E251F5F30BB12BB5A79E06CDCECC
311
B2C30E5FF33DFB44EB94D13D547909196A6946A5A71E82BF9067C80E9C5963FC2F19645ACCD843A281B3C99AB06C9434DAA34EAC36236EA4700E3D64F21E1F3D3879C559E422F8A870B77C11F22626CCAB7CD57116821A37AB1A639ABA28B4C087D3500DEDD391744DDB9066188E64D70C949CEB5D17F1E5B53D9D5991CC9C
311
7935FF6C971685C711382D694BCA8ED0EA9DD27D4DF74DF7C18AA4E4CC791B6FDE96A6EB80BFA133C14A74AC58A77F52C332FE9F1A94F635DD525787035EC54F3E069C15A9A5088F0A23A646F937504B030414000608080017B4D55A3AC0D632F7000000940100003500000036393836414242372D303444462D344132432D
311
383330452D4132303045433439314435362F536368656D61732F636F72652E786D6C8550CB6EC32010FC156BEFD8317EB48930114D9A1F684FBD21200E4A0C168FAA9F5FB05DA93DF534ABD9D9D9DD21C7AFE9517C2AE7B53503D4E50E0A658495DA8C03C47045CF501C2971D6865F32280C9FD40099064A4667E3BC51C29A
311
A04C668D956A23B9F72A40211EA918C08B9B9A78C963480A7F2F672EEE7C54655DAE3A4A62D4721BD532B9E9AB560E283BB39A754F27D4B75D8B5AC64E68DF328C2ECDBE4FF8F2DA9D2FA4CAC394043DFD6C174EF1A02450BCC31DDAF508D7EF181F1A7C68FB0F526525253EB8F4F3B6347F07F46DB9D3936AEDFDF18CB3FC
311
DF336A131ABC79AE131E689D4E5C1A945439A3044B8009739EF41B504B030414000608080017B4D55AB0A1CD0903010000D80100002D00000036393836414242372D303444462D344132432D383330452D4132303045433439314435362F636F72652E786D6C9591CB52C42010457F85EA3D09210F335384A9CCC32F70E50E
311
434FA46602A9402C3F5F6262A93B5D415DCEEDE6768BC3FB70276F3879E36C0359C280A0ED9C36B66F600E575A0339483139177E6040AC1AB081450629FAC9CDE32675CE06B48B6A9DC64D54DE6300D2DDE3A501DFBDE2A012358748F85B32AAEEA67A4CB264E5A40866F8B27613AA801A2467BCA4ACA23C7BE27C9FF37D51
311
3D8B7421A5988D0D39DF9AE1F0829AB831C44820CB5CA4EB73C466A337C8E8F84973353881AC7675D51E8F0F9415E7475AB4FC44EB9C5D68CB19BB9C8A5D762EAB58249AA5F0618AA3D98A2C43F8AB7D35FE8A368FFA9FD1568707997D874A97394B917E2E219ECB4EE407504B030414000608080017B4D55AA67FB34B0701
311
0000B201000008000000636F72652E786D6C8D50CB6EC32010FC15B477FCC08F3611267293E60B7AEA8D1AE2A0D860018EDABF2FC4546A6F3D2D9A9DD919861E3EE709DDA575CAE80ECAAC0024F56084D26307ABBFE067400746AD31FE170D90E6B3EC20C2C0E868CDBA246830DA4B1D516D844C20774E7A40C3141E1DB8E1
311
2A679EF1D50786BB650B1F6E7C9459996D3C46BD9A7FA48395DC4B018C14A4C1458B49F946C8BE22FBBA7DA7796432BAAE4A242B2582BBBA286981F5A7BEEC9BA7236EEBA6C675DF1FF1AEEE093E57BB36CC97D7E674A6791433EABC0D7F4E47424E8F1CBF475F9A6F2B463F8C9912218412C8E8E90B5841F3B8F8137A5DC4
311
3F422BED2B920E6E0A07AC0C811E8B601C1B0CE3516F98B16DF60D504B0102140014000608080017B4D55AB5BBE68C03010000A80100004F000000000000000000000000000000000036393836414242372D303444462D344132432D383330452D4132303045433439314435362F4173736574446174612F446566696E6974
311
696F6E4974657261746F7250726F706572746965732E62696E504B0102140014000608080017B4D55AFE1F224BFE0000003002000045000000000000000000000000007001000036393836414242372D303444462D344132432D383330452D4132303045433439314435362F4173736574446174612F496E7374616E636550
311
726F706572746965732E62696E504B0102140014000608080017B4D55AB5A795FFE3790000DE7900006B00000000000000000000000000D102000036393836414242372D303444462D344132432D383330452D4132303045433439314435362F5265736F75726365732F45414430443939452D363538462D344435312D4145
311
33362D3845303343354230374235392F7468756D626E61696C2F302F67656E657269635F706E67504B0102140014000608080017B4D55A28BB58AF800100009E0500003D000000000000000000000000003D7D000036393836414242372D303444462D344132432D383330452D4132303045433439314435362F536368656D
311
61732F436F6D6D6F6E536368656D612E786D6C504B0102140014000608080017B4D55A1004A04F380500005C1700003E00000000000000000000000000187F000036393836414242372D303444462D344132432D383330452D4132303045433439314435362F536368656D61732F47656E65726963536368656D612E786D6C
311
504B0102140014000608080017B4D55AF702076DC3010000E60400004500000000000000000000000000AC84000036393836414242372D303444462D344132432D383330452D4132303045433439314435362F536368656D61732F52656E6465724D6174657269616C536368656D612E786D6C504B01021400140006080800
311
17B4D55ABDE7CFA151000000570000004700000000000000000000000000D286000036393836414242372D303444462D344132432D383330452D4132303045433439314435362F4173736574446174612F41737365745461626C654F66436F6E74656E74732E62696E504B0102140014000608080017B4D55AC55C66365600
311
00006800000045000000000000000000000000008887000036393836414242372D303444462D344132432D383330452D4132303045433439314435362F4173736574446174612F53747265616D56657273696F6E5461626C652E696E66504B0102140014000608080017B4D55AE63369D737010000A2040000360000000000
311
00000000000000004188000036393836414242372D303444462D344132432D383330452D4132303045433439314435362F4173736574446174612F636E782E786D6C504B0102140014000608080017B4D55AC458581EE7000000600100006700000000000000000000000000CC89000036393836414242372D303444462D34
311
4132432D383330452D4132303045433439314435362F5265736F75726365732F45414430443939452D363538462D344435312D414533362D3845303343354230374235392F7468756D626E61696C2F302F636E782E786D6C504B0102140014000608080017B4D55AA233C2345D000000800000006500000000000000000000
311
000000388B000036393836414242372D303444462D344132432D383330452D4132303045433439314435362F5265736F75726365732F45414430443939452D363538462D344435312D414533362D3845303343354230374235392F7468756D626E61696C2F636E782E786D6C504B0102140014000608080017B4D55ABE8976
311
2363000000880000005B00000000000000000000000000188C000036393836414242372D303444462D344132432D383330452D4132303045433439314435362F5265736F75726365732F45414430443939452D363538462D344435312D414533362D3845303343354230374235392F636E782E786D6C504B01021400140006
311
08080017B4D55AE77659F77F000000A30000003600000000000000000000000000F48C000036393836414242372D303444462D344132432D383330452D4132303045433439314435362F5265736F75726365732F636E782E786D6C504B0102140014000608080017B4D55A512CB2730B010000550300003400000000000000
311
000000000000C78D000036393836414242372D303444462D344132432D383330452D4132303045433439314435362F536368656D61732F636E782E786D6C504B0102140014000608080017B4D55AE3603EBE7A000000C20000002C00000000000000000000000000248F000036393836414242372D303444462D344132432D
311
383330452D4132303045433439314435362F636E782E786D6C504B0102140014000608080017B4D55A16E57C697F000000A30000000700000000000000000000000000E88F0000636E782E786D6C504B0102140014000608080017B4D55ACA1DF9C9A90000007301000013000000000000000000000000008C9000005B436F
311
6E74656E745F54797065735D2E786D6C504B0102140014000608080017B4D55A3DEE336E64000000790000001B00000000000000000000000000669100006175746F6465736B2D64657369676E2D7061636B6167652E786D6C504B0102140014000608080017B4D55A5203787EF70000009601000037000000000000000000
311
000000000392000036393836414242372D303444462D344132432D383330452D4132303045433439314435362F4173736574446174612F636F72652E786D6C504B0102140014000608080017B4D55ACB540F94F30000008E01000068000000000000000000000000004F93000036393836414242372D303444462D34413243
311
2D383330452D4132303045433439314435362F5265736F75726365732F45414430443939452D363538462D344435312D414533362D3845303343354230374235392F7468756D626E61696C2F302F636F72652E786D6C504B0102140014000608080017B4D55A32CD497CF90000009601000066000000000000000000000000
311
00C894000036393836414242372D303444462D344132432D383330452D4132303045433439314435362F5265736F75726365732F45414430443939452D363538462D344435312D414533362D3845303343354230374235392F7468756D626E61696C2F636F72652E786D6C504B0102140014000608080017B4D55A34FC7D9F
311
0D010000B10100005C000000000000000000000000004596000036393836414242372D303444462D344132432D383330452D4132303045433439314435362F5265736F75726365732F45414430443939452D363538462D344435312D414533362D3845303343354230374235392F636F72652E786D6C504B01021400140006
311
08080017B4D55AC65F1F23F9000000960100003700000000000000000000000000CC97000036393836414242372D303444462D344132432D383330452D4132303045433439314435362F5265736F75726365732F636F72652E786D6C504B0102140014000608080017B4D55A3AC0D632F70000009401000035000000000000
311
000000000000001A99000036393836414242372D303444462D344132432D383330452D4132303045433439314435362F536368656D61732F636F72652E786D6C504B0102140014000608080017B4D55AB0A1CD0903010000D80100002D00000000000000000000000000649A000036393836414242372D303444462D344132
311
432D383330452D4132303045433439314435362F636F72652E786D6C504B0102140014000608080017B4D55AA67FB34B07010000B20100000800000000000000000000000000B29B0000636F72652E786D6C504B0506000000001A001A00210B0000DF9C00000000
310
504B030414000608080017B4D55A000000000000000000000000370000006662782F45434132383945312D353446322D344643432D393830422D4336324532463641453834312F617474726962757465732E62696E504B030414000608080017B4D55A000000000000000000000000350000006662782F4543413238394531
310
2D353446322D344643432D393830422D4336324532463641453834312F76657274696365732E62696E504B030414000608080017B4D55AF270F1330600000004000000360000006662782F45434132383945312D353446322D344643432D393830422D4336324532463641453834312F747269616E676C65732E62696E6366
310
60600000504B030414000608080017B4D55AB5A795FFE3790000DE790000420000006662782F45434132383945312D353446322D344643432D393830422D4336324532463641453834312F7265736F75726365732F322F305F67656E657269632E706E6701DE79218689504E470D0A1A0A0000000D49484452000001000000
310
010008030000006BAC58540000000467414D410000B18F0BFC6105000000017352474200AECE1CE900000192504C5445818181B3B3B35A5A5A4848486060605C5C5C6464648383835E5E5E6262624E4E4EAFAFAF4A4A4AB5B5B54C4C4CB1B1B1858585B7B7B7585858ADADAD7C7C7C464646787878ABABAB747474A7A7A768
310
6868707070B9B9B96E6E6E6A6A6A8B8B8B666666545454565656A5A5A5505050A1A1A1BBBBBB8F8F8F9F9F9F4242425252527676764040403E3E3E9B9B9B7A7A7A8989897E7E7E9393939797974444448787873C3C3C727272BDBDBD3A3A3A6C6C6CA9A9A9A3A3A32020209D9D9DBFBFBF8D8D8D9595959191912626269999
310
992222222424241E1E1EC1C1C1282828C3C3C32C2C2C2A2A2A2E2E2E303030C5C5C53232321C1C1C363636383838343434C7C7C71A1A1A0E0E0E121212484A484C4E4C1616160A0A0A4A4C4A787A781414147C7E7C9193915E605E464846838583878987B1B3B18587856668665A5C5A626462818381A7A7A5A3A3A1B1B1AF
310
ADAFAD7072705C5E5C9D9D9BABADAB7E817EB7B9B7585A58BBBDBB4C4C4A8D8F8D747674B5B5B3B7B7B59FA19F606260ABABA9A5A5A39B9B99A9A9A78F8F8D6C6C6AC7C7C5451AD12700002000494441547801DCBD89771BD7B5A70B8EE04C702641712605CE034890E220088028C93245451215B713AF388E7DFD9EEDB8DD
310
CE6ABFF4B57D97137BE50FEFEFDBA74049B6AEED74869B7E87404D2814EBB7F76F0F67A8835CEEBFA0E42B854AA5B2BB5B6BCC951A8D52A93657A914FE0BEEE39FFE2FF395B9B9C6CAD2D4C4606F4B7FFF8D1B37EEDCB97587F7CD9B4343BD134BABE7DB48E3FFA7A228ECD6F6574E4786C0FC8B5FFCE2CD5FFCE297BF7CF3
310
CD5FFC92B52FFE58BFF9E69B776E0EF5F79E55CBBBF9FC3F5D3DFFB07F5898ABAF7CDA3B74E74EC0CE20230561BF096E97E05712BFFCC59BC80539DCE83DDD6E54FE61B7747DE17FB8980BBBFB2BBD4337DF487881AAE6C5ACC6AF25207877B2B527BFF1CB3B77FA47561ABBD7F7FA7FE146A5B6BD74E3164C7F51449AE95D
310
B412200EC539418717E7F2F11B376FF62E95FEAF1442BED0581DBCA1BD2780D23F506AFA16E1A7AD974EF17876F00DD7BCB187A1A97AE51FCED5BF2BC1F2BBE5B3C19BE27B43CF26DE00933658FE129B109C2FFF922CC22C4260FA01BEFB462A77DEBC35F42F600C3F5B0795D2E9E02DAD5E650B4438A92801B65C35CBAB7B
310
1EE5041CE69D3B6F1822DFB873EBD6AD3B6FBC71EBC6C86AE967DFC2DFA4CEBFF1BF54F6276EBC114E2F43FEC60B01A0D440A868B2920E5C4BC10D60931ADCB871F3268B21D3851B08E1D6AD9BFD4BF57F7577909FAB86F29B982571136AF01DF5FE32AC3BD9406CAAF2440A54CF176EDD01FBADA1FEFEFE21FE4C9858DFF4
310
183458A9FD2B6708A5A5A137E0EE1D11A9EC0C7C58B2C73C0AD6B479BD76B7790CF899E287FA5B06FB7B07C9195B7851FA8794031EF1FC5F9406BBFB23375420286399B631E93B08022A785C4DBF9996EC3551874094D71B6F487E80F6837E50F483BDBDBD83232323AC420A18C68DA196EDDADF68A77F938F78FD972BABBD
310
B7B87FB164AC6FC2CB760365821ACB74AED44FFAD7E7431ECD7E08AC421F391D199998989A383D9D98E8E56F84A318C58D9BFD2DAB73FF5222C8EFAEF4DE7AF30D756E5108683DA471E70D0502099A7240F19E4089D3FD203E620F1B47BF43501E85031AE44B4B9F2E4D2D9D4D51D8970983FA861B3706FF950CA170DE82F6
310
B312CC4F42C8966295F7D725ED29882415DC055F36DEA1FE96FEC141493F05FAA9A9A5A595B333DED5B3D5A533F62183323032F46EFF13EA0AAFA5FBF7C8976F8C10F7280A014832593B90004D52341980D907EAEB73411EB2F1EBC9F507F92746C40E7AE0AFAE54292BAB2BAB67CAE0746264A277B06508168C94BF772BE9
310
765F7BF0B548FE1E07F3B5A521340A5CB5297C4B12811B89E82191ECF3E41B3259C529F135E23CF4C7F961FB13537F5A02ECCAEA76B5BA5D3D3FDF3F2FEFEFB3AA22053E5008833428DC6C59FA2F770595F311F235D427F379BB8A121BD901B96076A388DC4C3C61C7933CCCD770FF375A6E0CE9F535FE2534BF5ADD3E3FAF
310
D71BF57AA951B6D4CFEBFB8864758A26154430080B06ABFF557610ECC93726224F155D1471041E0D42F82F4891C926C1355B0831649FF365F46FF05300A7A790BD8ADEEB0D4AA9569A9BDBADCCD56AA55AE377F5F3F3EA2A34983A1DE91D810543138D7F28E57FF4E2B5335A3928B76EA1CB9B00BF158C8F63A2E788826896
310
D0B5E7C461949ECE089144F8EBEFC7FB4D8C9C4E9DAD60F7FBE572B416C2F2423ECF8B86C439E450DA970634ACFDA977629098D0B2FAF313A36B3869E37AF7853378CDA1171FBEBA95DF1E44FD5144A420588641B0055A79ED91CC0DC41E27064512FB33F1F04D09D0D2DF0203A646A6CECE80DF28356A348CED8C4F1EF137
310
B9319E1BCD29867CA556AA97F7B757567006A447FD375A26CAAFDED9CFDCFB2BB0BEEE8AA5911BC2C7F85DF88A3775389990AA72219D582409210F85A4E66F2987D875C30848023088FDF77E87F96FD7CBA5B9DCCEF4F4C9FC7C676777577B7B7B67E7ECCCE4E8DEE85E81A6D55AA3BC7FBEB242589CE8ED4770E785D7DDE2
310
3FF2587EBF57F50B9E820527316488E5C32D50F979BCA58207297E2B6D658702FFCD211840FE43FC9F3A5BAD9E97E6F21B9FCF16BBBB3A3A5A175B5B1787875B5B3B86DFEFFC687A72674F19D46A8DFDF3EACA59E405375ACE76FFA922C817CE86A89BDD92F400F2C55B7462F610459837D3A61ACF50C7471C8F2F2A9D38C3
310
DA2F068007F80EFCDBFBE5DCC674B1D83EBCBEB8BCBCBC3ED0D3D333D0B3DE33BCBEB0D8DA35FBF9F8CECE68AE020BCE61C112A4C1138CD47F9AD13F7DC6AB9CF9CFCFAF9D0E01FFE6CD503F5B91C5218E2899CA15098714848B04FCE5654884ABF0E554F11F6C21D73D5D5AADD64B7B9327DDAD8B0B7D7D6D6D07070763BC
310
0F3E38E8EB4310EBEB8BC3DDB347E3E37B5842B97C4E44A0C630427E5CFDFB71E03F471E12CA9FF70E055AE141042DD81234B879EB4606361D9328149037D7D76A571A7E974FA20AD0323832713AB5BA7ABE3B3E3D3FBC30307070B0B9B645D93C3CDC3CDCA41CFC6AAC2D64D0D579B4B1B397A7C1BDBEBD7D36657A3CD4B2
310
F44F4909F2B9CA597F4245C59DEC354316F0587020D0C661742BC02869435FD12CF195C422DB3C5A3E2305C000CE6B7B27ED8B7D63079B5B5B878787C787C7C7C757C76C51B60ED60EDAFA06D67B965B3B672677080BB5329E60E9B477847AE2E9EB53E35779FD37EFCD2D0DDD68AA355B6B0D81860502B8B68C801F5C697E
310
9AD62F4B406244CB975560BAC756AAA577675B07C6D03778C17E7C95CAF1B3ABABE3E3ADADE3CDB1B1B6B681014470343EBA979F8B90383545727C63E43549D14FD0F927E5F1FDEFD7263058FE02EBCD1BDCBCA053496BD58E69BC44F9F854D4D979AE9ADB908824382AC1D4014E9756EAF9CE85B6B54DB01F02F8EA5908E0
310
D9D5F1B3E72188C3C3AB67879B07C8A0A767B8B831FE5E7EB754DEAE5261460243FFF07858D8EF0D658BDC563A2C5EF5833C13C90B69248C4DD97842B61DFA7F210A2F6108A0F96B62E2D3B3F3DD939EA47E30ABF5AB2B903F4BE5F9B36757CF65021E616DAC6F60A1FB647274B4B05B2E5341B082D43278F67D8DFDA48AFF
310
9A13F22B34C7586C9992BA6E66CABC190E313E7C811AA57304B421A75B289B9D174CC868C24548823E230B9A5A2DCD2CAFE1F98E61C015CA7E96B083FC59F3ED06EE60F360B3AD6F79787ED278D0A86FAFE00BA9220EAEFE1D5DE1F7855939C3FCC1332426B377F692406E022C010DB437EF009803F0DCFD3B7C94440571D8
310
F2C328F115F47FD324802070BAB43FBA80EFDB92FCA1F7E7CF9FA875CBB327CF9EB08C4DE4815BC4210E2CB7CF1CEDECEDCED5B757490968286899FAF95583BF46F9393CEE6A86D6F618CAAD9BFF0BE22B042412C5CFB50556815CC5BBE33E9F61ECEC26A9BCB8145FD10590078F9C9E953B513FAE1FE387FAC246E14F9E3C
310
E7F5F8194BD6594140876B6B84C5D6799C61A16434201E5237582AFD75C07EEED9863F463284E2E13425A036BD41061259289B6BDC1ED656FC8B8592C9D00701E27CEA749F0D8EF44EAD8C1F80FFF8F8F9D513191F6803384C800097F24069C407CFAE88136B7DCB3D5D4A60B711F19070D83235F77331FD35E71596688903
310
8E2E0B346EAB7936C4162043E1A1F144093695443A570144898BC4079CEF1912809A3035A1D3F361235F90FFF1E3E0FB93C7E2750719F88E7D8E68123883ADB5B18185AE99F1D11C1238A792DC4BEDE8EC6FF503DF377E0445F68FAF4E08D43082D02170F30131A154206CC559A8D9CFDD762B31273E4947A581E0D9BB71E3
310
3FFA07CD02CE2A6BE1EC80167497F2A81CFA3F7EFE58D0CF5D5D170DE4F89070B0BC4040CC17BEAC6B0586C3D3FF0309BC06F44B04A1E13729929B4DF73C44070692C810B08AC3012E8EE9EAE22067796288C193B2139B970B86F47FAD0F98382B1E035D9C32FD318A4FAFCB274F2E1FA772F94411B0CD42493C23393A685B
310
5FEF3E1ACF554AF5F3552A478383374E6B2FDDFC4F6DFE38F4F4ED7A7FE838F488EA852482F412D3CB07E293D02C9F074F12E84C5AAC423271450572A385449844706475FD38DC3C22486A0639E5F1E38B0CFE93CB4B25910EF309A2224BD8DAD40C682C28341AD69047E8539A6AFC14EC573F7FAD10AE0FE6EB13E87B28E0
310
93B513B5803514DE408809BC12A14876DE0A25F643009E9176D9F0C330164285A7444DC8CAF0E9FE41429EE0A2F6A6DE91C0856C501272404A8468822E24C807030B1D33D40D4AFBDBABB411D093D88C86D7205E05FC57EDD1F805FA4CED5920F0CED39157E007CE21757C5DE440ECBCB46CD283E378029B43FB077B4F47E6
310
0E9F61E8D01BE017D7E843EB49F50A2028F1E442FCC90C9EE308E4C0C2C94EAE30B75FAD3A0EAFA57FE9EF960F14BE15638840EAF3BA490BB6850EDB38EECAFD21A0C746D0C4234DBD035EFC7EDD121FA585FAB73DB89FE6A03CF833AB0730E5E2F1A36CE3F202A128934B44E396961121E1F2C9F32BFCC0C140CFE22C1CA8
310
E109B182919696BFB98120234F61B59F7BF46EC30CF067B21A33B0FB3E402448EE266CCD93135A8E823DB31F85E677434E608F53F8100BC0098EA2FD6BC01770E0F2F2D1E5452A711C4BB8486248FAD756D852026B6DC90A2AA5C6B69E9068B8F27AFABFFEE8AB36F1D23985D5960014FD711940800B560250D2272CC54FF1
310
D3A660B275AC3881E349689C1616E1E9044129D032313509DE4700BC867C71F128C400159407C761022BA8A040F40A244788808C60B3AD67A17576279F6F946923191921B0545FC2F12AC0EFEFBD7262B6935679FC7F80629160ABFAEC88E8430E76D82A8DE62ACE50BD4A42FBF03B387B37FD321B37E31C3F063D99703F51
310
60E6C9E5A300CF32A91E0A085A29C0FC507F6C21012303C6104B82C1F1E156DB3229D1A855A32A8352C9077AF733A0AFE0FB3EF81FDF2F0F82C21B0EB06998866878B103305E31EC17F4FD43831E570A2118D1667632D4FFFFB125782F96168A833DBE78C3F11F8383A79D49F58F1E3DBC780417AE6581381E8610604888E2
310
913E12492881274822C221AD04CB0B1D273B8542837460898C686864FF6F801E8269F40AD0481DFAF5E6E9C1F3BE391C325004DF0746A4E4448F7B52C0D5EAD39EC46896B888C4210D68E99DFA2820DF7FF850EC407EB55C3EBC5028611409BFCB8889C90F1C52355AEF98B18100094C9D0EF6F64FD47E5CBF3FF5293DDFB4
310
B50DDD54F351446FA1F14580DC3902C085F593CB24ACC917B213BBC11B3F0A61042FD8B24F4FB9C4556D0CB9E1A880DE89934CE9607F18F81FDD950DD0E1D143F41D56110E227C250621FF098838042BC85B5B6BCBCBC31DD37B34966E9FFD9936A2FEFEA9EBA4182E5CD3E17AE35501FCE0707E5525A7DBC64DFD077825BE
310
37CE0BBE1BBEC061410C660B6E49912665E2B3749C7C9F93834022F74CDE6CA5EB501D9CBC04B768292C5CCB84478F3CA83074092C6082169015E5800D5839DC6C1B58EFE83ECA513BDE3EFB8EF1242D2D4B3FD55AFE03D42F8492AF8A3F21444FA2FA9ABBF525EAF84C09F0168527B0138A85D1EC0443C467B28BF844EAF7
310
6323BE13D7C11F72FED783837B970FEFDE7D7817E077C17EF7E2A1C2C0FE851FE4C008388C15E818958746129E1009D054B67530D6B3D8DA3D59D82D9D57CF70039FF50FFE0DE94089DB269C3655A4F25B38C49D0BD48E59F1526887C18FC5272197F85CA72862A593A4843CD25F920487DDF7AA0441A2C0600D062001F103
310
FCEEA3D8560CEC3EBACB01CAE5A51E420349F602191E5F901893142381351CE17047E764BE50DEAF9E4D8C38B6ECFFACEB141E54A6865A88A60133EE9CBB4C256930B0B168C1C3AB59FE1743FB422C7166082E934AFA5EFA3E4BCE0B69362FA7041818B7FDECE1DDFB4D022007CA23E521F0700AAEB5888BBBF08023E128B4
310
045381542FA256B0D04E28A0C3804E233A1BFB476A2F48FD135BAF9843BEDA3264EB42BA499601F16B566E72C7EA35908ABCB9176BBED43204C696AFD3D7B24B08D3AFA44BE243D88A6D9D0B6562B52F741E1610C0EFBBAF2B0829289A640EC4C8A4FF66A24430786CEBE1E1E61AF9507BFB496EAEB64F8F49B4129EBDEC06
310
5EC1F8A3F228A3CD0950883B41BEC6D1944AE06147289600A7726313AC69A3F91197F1438BCB743E76F01F6EF1D1C854071670FFFE43FF1EDED702EE5A14C85D0C42DF90B86068800659AC88981855E3E774A71C0CAC2F76754EE7CC87C808D1E1E0F6CF47FD4224731337BE1E39C5010823EE997B1491BBD99FC8D8EF7748
310
2BEB5EB2CF66499A8E0F7511B19B3EFBDACB6507BC78731B1B383D02FFDD7BE8DD9256F7D0BA7B46015941097B80018F700FFA024CC08078F51806100ADBFA163ABA8A3B95B9D2F92AC30BC908ED31FABE0CBEBFFF0279B675868F9AA24E9530B08C174055B7F48E4F58002F3E82F0BDFA003E8B431EB6C4A91E4D9B5FFB79
310
1265BA8827BBE5F1BCFA7F789F72F75EC800F8AE43FFAEC42F13009FB905A9A0132015D0068ED7682AC608BA6771038DEDB3B33082891FAB1ABF5614F93238079726B833958796B845B731FCB86316713C1DC581B1E19B424EE32674093F80776F7E27C6FBFAC85C536CD955B96EDA2A3FBF770FF4BE11845470EB3E42D022
310
000E0FE07D161811020742162444668308801E133A4C163BE68F6826A5523071CA78B2FED51F28F8C70FE4190073A3E5D3259D7A288CD19BDE623F10021BAB0C6E327FD507B2741627727EA00D31856492F9F009D7F152D930704E642795C1C1B336E0DEBB7F0FDCB79318543B25341F36802D64A981A690B94259607DE0B1
310
9D466BF8C1C5E1CEF9A3FC5C639FD6117B4BAEAB453F8EFBDA500A67E8BAF76C8A06566E36EE1184E8329419161F83D843D5DE7D8221163E145F56921C3EE383978072129E290A9B7166E63D26BAB1FCDBF710009E4051842390031845F20077CD079407C575F20364C4910ED2A574BC357630B0BCD8DE39335EB175646A69
310
8458F6A346F003A93002E846FFE0C459B8006E506D79BF902908A0AA05CB5E73530E33BA1D3C2EF99C712B7C8B41DF4D2A7830BE8707485FCFAEEB85A09AB6D39BBF7B4F23E00509C20DB04E240822A4B810E04D8D53D10D504C059ED86BB8697F514777717A8F8144D48A4C89077F7EDB00E2D89DC02A7B975640A282C49A
310
4AA84B70B12BFED8EA6584860DFB7EE23FCB00C6BAF7332FF259FA3C9346508813E372F1DDE425065BB61FDF8300F7EEDDBE8D0C6EDF46F7D8823478590AE23759D60DA6B7A9F125EDE8F4A5D2B37470D0B63C30DCDE3D3D59A8D1501EB1B0A5377517BDD6E301F995E3F955F0F58FAC2E81CE172A8344AC03DC6781939D24
310
84B8FFC15E8F3ACCD3954CE19576B942D0A029188EC7013FE59AE90B71292DE774F1F63D60230180B30A2EDC65291B6211B4081128856001A680015CE000708254891851D4B3BED0FA4D7166B466BFF1D2A924885AD12B387FC0FCE6819AC3AE06A7AA4B715F0927B74D119D4A668FB54B8A8C268D8B038A207D10A7B1E95E
310
42195B695BE0240F7408B311257C23F581E987C180140C584A02B1670CB817CEC0A080F259F1360E58452013200E3EC107AC1DF4FD7B0F6D23F33347F9527D9F51E6138E31AF35F1BDAAEEEBA3D71BB402E2FB47CECEE96B4DB85536772B07C82A34F3E66D0BCEC207FEB9E70643761276F7B50D5EE963CFF80C7AF4A2130F
310
5BF8C4EBFB5F07B709840480DBD8007FB7EF3F90104908BA457D43AA2A6A02C91422285E5AAC143F3313A0CB74D9D164933B86C25587134E8D342B453FC982860D09FD13ABE72055ED020E85D3E312F74C25CB0293D978A1C4001927C80B86FD06349126EC219F0C735C8053D8F5F310817EA01F1B7851F406144C211C6362
310
C27DD51F1E310C0102280ADB891E9B085CC528A2B1369A46BA195B9A2B351862CE43174BA73FB7CBB430A5798F4C54B7333B96C3224A9863AD02B9FBD8E63092191924E77C199D92887DA594B6DCF0112857162FD0949FE6A441F5E62E42FB2105BC405A2301A3424601DC807912CB2C39C604A27908021CDA30C4C8C2019A
310
883B3A8BD393BB3546136EAF561980FB63E9E035FF73B96D09A905ACB2C11D79571C5159026227DDBDB81396EB03F14100BEB66DE1FA9EF82C3ECCBE318119C4269FD014E66361FC8BB0B4EA9A98EF3D8848A01360430284335004C183CC25BCA82D2302EB03B8419241C64DF4F5ADAF77B533BE786334BFCBB8DA72BDBEFF
310
C36103AFB30608A0B39B58D93F0BF42180841DD26BDC22CF0A770E90240006BAC65197D90920131C7B2EB3CFD3C71C6378A305EE8488FC1FF8D391E2BDDB0F6E3F45E7C8207C419800DB410073A3173942CA8D5242642A74496FF115832A6314D9FA4257577BF7FCF8F8E8CEE8DEDE5EBE76DD3CF892BA7FB8B90F629431B5
310
525E92A15A3A4A6FEA3FDD73136172060959206591F4C927196CF645AA285CF3014630121754261C0D31E1A7E3DA2DBDB54B04703BDE3A4209F02045C4BB0F529A14BED07098A2A1CD47513DA64B512F409BC01663090796D787173B5AA141B1B39BB470EEBCF1E30F9D263ACC4D05110797CEF7B923B027F089F74D1D06F0
310
A4D8C0CDA6604023FCA45B76C5CDE0BF3845ECBE13E0C0ED73700A8A753C1AC8AEFFF1B407FC8A20F42F0D94019121DE304077A027D4112283BB8FF0072444D68AAD111D6F591BC0061854BBC048EBBE9E81F6A33A95C21BFD13AF3C7E7DCDFFEB0DE8903F77B41DF178E99C289895B0EA8CD640549D68935BA7C5294E0A1D
310
66DA0CC419BD398E6265789CA1241441AC94532A3C19C95340BEFC68703077EFC1D307B71F3C500859C11494838E902203A2BE90EACC5135B80B078804340C920C2300BCC06F7A1C71B875DC572C9BD1D84BD5FB9363CA6BA7D03E5C40FDFC54FC23C9B4B9DDD028787D89219038523BF64E638BB37CC25335937A00DFD328
310
69C5B390C8C32FF25C8C47A7181B4A599A224A9DADB0E0406FEFF9F183B7448F081E3C55024FB33828784AB61704482CD0160C04174F9E33BA9291D58C2F1F1B1B3B5863B0D9F3E51C35C253D54A23E560E2C0CB3A6F7A81382601C2079CAE96B7B1560D20A341E85A928A4E01083256420576C2ED477E2E565FD9223BCC69
310
1CF394D3D8E281501E0EE5C1C8159E92585D255CF30CC854C75318006EA4A01028EC853F9407C6053910BE105348324002260254886C156260F9189EE0F8C9A3CBAE9D5A992184568A69D5183A7DB97DB089FDC57AEE54F858FE54F577DBA85309640290F2D220952620750C5811FB772A7876D1E4040FBFC6474D51246D8B
310
3FB378283FB514F8AB3C20B8BF7DBE5DE541C9A5D3D38DDB30E00151E02523081BC89C2214103E0BC1B3D0199A08E002681A2613A2616CEDF0F0F9C5DDC75DA395C25C0309C03DEC8091A4AFD3FEB504AAC6633930556DAC86EE3561941E862C4A75DD6B6BB3A0C59BE153DFA73EDFCBC3CE2188D3D378FC976D0EF9A95B7C
310
8532F527CE3CF539581E0FE501291E9139FFB65EFF5DBD8E0C18DE3077170A64E033FD278F18068028802F156C3809FDEB11B1019C208D020C9BA2870457F0F8E1FDC7EDD393E3B9FC9C4308E9315704233F960E554802C14716B0B45DAB5EAB5E25AB7830EBB8D25E6CA94E4AA01794FB1EE164FE9F040FE82C940A4BCEF9
310
13075D087E85A7237D3CF29C47E4E676777779528C4781761F0BFBC1D3A77880E40C9A2E5109180D5255317890394229F0F082010354082D574F1E3FBAB7D6553C2113DACB97BEB5526C7C6F69F9310A94C46CD89FF8F379AD1AA035FD00FF3F320180F01417A6F255A3A8D86319FE0C0B0E06A0DCD33F79841339C01E5BBE
310
1911AFCFF7C1E0A540BFBDBFCF2372352686D863F83F59CB6865F43104007EE06F52406F680341102048A01BB048823082CBCB0B6AC48C313F3E7CFEF8F2D1FDC3D6F6F9F9D9E98D9D7CAE5EADE2A6512FAD7AB526E17F600C85550DDE9ACFE9D97E694513103BC69F8A2813176032C890C1E9C49FC09C61670FF8705B1D73
310
86260E7C8E7122C7F8208A55139E8C8D4763F7EBF5728DF9C34677364E3A3F9AEFDEC9CD95470788834F9FBEC512379890B38C94205B2557987C4186DF5C0837608DF0F9F3CB87B7EF6E920475752A01460E556919B2B64296FB9FB70DD5F47232A0F77465BF140CD001F00ADCA175090E2665A14E6329B62660E02A1CB50C
310
6025E3DA252A670B3F0FFAA5EAD94A509FE7036B159E0D1D9F2E76B7AE1FD5A606198D3A747AF450023CBDFD162278B9446688111009B4029B0F2180AE20A542D40610C073B47FEFE1416B2B12200F3C991C2F54EC2491027A816B0A34A9D05C6F437AC23462385DADD75642EDDA738AF1600DBE07EE8437804D2D011A94DF
310
71C2085EDD40266A407FFA1D1C00B0C03927E60338E3B9D8C47D1F8CAED578E06F7CFAA4BB63B175FA7C301B747CB377F45192003CB8FD34B12009224543D8604494011A80C1903CE0518C986208E1C5FDDB8FDA161686873BBABABAE74FA637BEA894A44078C19696F326E057D7F95D061A6B0394A9D5F2DCAAFE4C2388D8
310
A6E9AB7695CB0BDD0A332430F1A9333DA41D1FFB97FA09AE84E738C75C407C260408F8DBD5EDED7DE1570A7BE333C54F16963B46AB0C2B71208EA3D16EF4EEDCD7005241166C005A73C03164792151205C007288AE337B4D7103741BDE7B7AC913350B348B2D767515674EC6F72A0402BBCB41C81305AFCF05F2758D3ECAC8
310
D26AB97606DB9581A4B7A8FFB068CD5C0604E6849046B70C2B60FF0CDDF93C13822B4E82FA0479A68220E66D9FD775FB3C1A9CDBDB9829B6AF2F77EC9E0678FB20ED8D1B1A1A39D10F9812E20D6281F5673121AACAA9C53424000DAC173F7E18C3052EEE3E78E7F1160F5AAEAFB70E0F7775CFCE4EF384DDEEBEB9C0889D52
310
43BDF557559FEDE5F17AB21E118C4C31A3DF6A96B56AC62180293910ECD6B721047664BCFCC6B2DD3C65CA0F0C823DFEF84083C7ECCDF05898EEF158F4FEF97EB9C123F1B9D1D1A3D9F9AEC5F5CEDA84A3C96C14A55584D62893D6A54D8D2028D05C8B1F124884543F3223B29D208B04910D3FC43F5C52196AEB5B5F5E58E8
310
E82610F08C21BD443801233C0CE8BD1E40F84A1CA86001990048031ABBAB11EF83F9283EA89F181F2A0D9A9F62D94B7F625FD727E6A93F63F200F614F7CF100D4511C07DB45FC5F0CB4CA359ABE4774631FDAE85E599EA0878A3C33D5AD6430CF4C055EE5FDB80629000D7855DED3F436F3B61B3DC7FFACEFD2B1BC6FB0696
310
312CFA477CE87A87070C7998E04FBA78AE3F915A065E819FCF35B410321D9ABB308146A11AD5196CDDD7C477A171C8AFC74B45CBC6F641AB53C8D4ADA5870C02379BC0470CF83DB55F073E29CF5CE5F7A3F8FD62EB7AEB1774C2C6780B9523F9287193FD23DDB79FBEA513B45200E2E0C1B51350163AC19043C600F2C1DBF7
310
DEBA7BB9B5457BC0D840CF325EB0BBABBB786D301437000020004944415472B491ABCCEDAFC0591201CAC8EBFACBF367FE7B6E40E69F551BBBE7123E3C00AC560CE20C62436E8C3C54CC225EE08C0D74CE26148877689EDD004FB2BFBFFFBB984035373A7954EC5EE8591FE531348654514DB1D1C56411DFA2A7C212BE5ED9
310
1278F2851A432244C6822C29C85A8B320ADCBDFDD63BF71FD32648E7D098CD018BC35D7FE89E250EF2AC75F96C15271602687965C844B8807C6E7729D93F22E81D39ABD62A0820C1FE9F11CFA7208125D33E96FD69E83AF6052DD32D49FF0802CD9F9DFD39260389A950887A647CCC99BAB17132DFB5DED35138FB3A060F62
310
95AA5E195BF0BB56495A5A4A8FA440026E46A047D40ED2520A441C302D240F201FB8F7E0EDDB0E12A04D8816215A0579E8FE1B1281E9F19C9900DE79842E2A7CCD48E9876EB01C75DBA0E0C8D44AB5512947A00BE7CF5DE9E1A6A6BE43CF1A78783DFD5A404E4477336C1ED8B18908B2A847B2AFE9839E891137A6673BBB96
310
FBBA2A4B8E9373B001F08369BA11BE8ABC4302FD2345FD6014A127068427D007BE28B41D9B0D40FFB7EE531FA673C8870A69135B1CEEE8D009C08042A5B4EDA314920B635BF941E7487E45256439DFE9D276295F87E698389CD49FB394FE19720412DEDDC40E9CE9C6DD605E0B719FADC416CB15AB3A61F9B5B9B9426E54F8
310
1D8B03DD950946D432B40CEDAB7BB5AF11213CBA73C9BCCCDAFBCF06127C7980FE6D1DC9B4DF14832D6568FEAEEBA76FBF438300B541064ED33F3AC0B0D10505306FD370AED02859234402F6C3FED006766DDED2034D90D119057225EEE3DAF787EBF30EC51ACB4F551678BD6728E1944730C095F13E4D81A4DFFBF67C5BEE
310
37E62A85FCCEC6CC6C7BC77A5B477E22223ECA4FCC0F87E2A5E3EB782BDB25B8CFC6736A044DE5A7CDA604526361D650484FE283B77EFBD65D52C1C73C4F48E7D0D81ACF572F2E2280F98FB230508FA906B42DE240ED651B301CEC83DE1790C9FD96B6CBF986BECF3BD332C18EF627A0B6EECD5B152E02088D03D828AFFAD2
310
6B05BF671B4F9A09A8CE0CD2707F67F2A4B3BB75B9ADA331C1305BBAC182FB4A79820B7EEAF73199B8404C0B81231CDCBB871B80FC41FF5860E8E108222A1A076C29E6E03B6F3FBD4F1F295DC457573C7ADED636D6B7B8C88413DDF3B327E1046AA51040B40CB50C7E3F1D2E44DAD34CFA604029BFFBE714DF0C069908027E
310
B275F1F366C132E1A7450B04011CF82B2B647CE754F650FF6E25BF37AAF65B7BDA16CAA791F1D09F6CAB989EC5AB7809BE145FA459E8D3E4B0FB47DAEF093B946FED585B80FE1A0305FD5330FEDB4FDF79FBF6BDE81D8300CF6815E5F9896552412A03F31FCDCC7CB5E32365550CD9365FDCCEC8752E943161D78047336F8A
310
F6539840A1F2E764FDA2970999F205CD2BD1F5CF496571F76EAEFA0E1CF8FD2A55FD06391F9EEF8B9DC9994E72BEBEE1FC928E2F223EBA0FBFBFB4F2DF137BC894B8087643D64ADE6EDED67F7680FAC9060239E845FC94AE93D880F994FBF71FBCF5F66F9F32C292EA900F9C1E6F1105E81C5B5F58A067A448143842008D72
310
75EA3BBA3D2516FDF02FF79260020D6B3C714711F3CFB61BFF56A826E627E82256F7400FB387FEF23C1C1E77FD6A21EBB1B2B35F2F95E7760BE1FA3ABB3A981423477517EEE36FF96F122B942F6FB64D9502BD1B9089162532A2FEFED255028FE653C9F46FA321E0B588B7DE79FBED07C44106CC85133CA65190543004D01D
310
02D8181DDDA5A9C91A7110805B7875B689FC3902200FB192E7DFD936B37B57D9C338BD49E99E181F4E5FCAB2ABC1CA7AAB382CBC7D515457CFABE6FBC63D525E5CDF74B16378B9AD6774A58531912D232DF01BAA913DFB7D3AAFF912984302B84D0500077800D26C60A4742101DE420C610C2E92FA93056022EFBCFD5BB6B3
310
8651470CD33BD87630C05831BA864C85997B8754B05167F0706499DC442FCD22592AEC2ABF3FF13F950039BF159FA9B36ABDB2778EFF83F70972B83BFD3F4899E64DD8346AA495CB155A7499F2CE39B0AAE755125EB84FD8CF8D8E4F4E9FB4B72E8F1DBCCB98B31BC4607C2CFF21C8145FB48EA0F2159F86A3098415609554
310
DEFA7B27EF1301033DD06D274BAF6821D220DEF96FA4CBB60B3CA241C021D38E1AA76B4406B4767576166766A6C7F77273F5F395291BBA19F64F2E3095C14F3E60371827741CB27E89543857D6D96BF9A47C6A9A26057840332EB843717AAD171880217B71FCCC0355AED3D4819911F79D0EA8AD6DA31A83E36C5DC2D47029
310
5C011302387069158F6C9966022367ECF1D00BA9BB95C389AE7B6105A1FB640689033A7FCCFFEDB762189103A61C3A4FEFE0D6A6B5A19EC5755A443AE78BC5E9235B047890A65919A0D2F96AA3C01CEE913BB3ED239C3E0CD8DDAB99E4348BF3F8B977B6C43DEBEFBD7721A839A63B94C06A10DB87FCBFA3C2932F8C26F88B
310
6D6BB30C3C4E09AFE40FAB52EFAA1EC0316920E031A46D65A0FFE45A673432E907FBCF86717AC04F2CD0EF512D665FF53F05BFCDC43489F150890C60A8E0314E70A06F619D30D841189CA15D3417F3CD50191AE4396543F0C42BCFD696C58DF163F5B46D708BD5FDDA5E5E5FDF9401BC4F7E00E8A17520833D1CBFF495B5D1
310
CE037C664123EEE74737268B5D1D3DBFDA6AAD8C08DF2C0BC7A737E10AAB2A7B958990CEBF556CDBEE823CB09FB344143463C630CFFF585D330CF0320E921744A7918280FEEF981161008E9FBC78C830217A07B7D6985E83F9A79884ABB5AB383B4D7D788F9FB3D867A2112A43F19042B33A108690CF6F472F8661CFAC9714
310
78757F6E6F2F7AEB82FEA85E5715941778B278281F28C268AB24BDB470EF3303E09C359E9DF1CF990D8A096106E6A66C8620DDE7D281DF0B2831F20439A30D68386CE13E002F7EDA8D7806162B205D6A19AA1FABFD6B1B400EC2BFFDD66FDF7E8755B4883C043F43046C1326136680404F1F934EBDDFDD39CB58A98DF1BD78
310
80E0532E671FA1435E9D6EA5E9071000BE8F262E7C4044FD95D5FD526EB40A05A634775F32205C3D779FDC168CD5E56BF982508BF572BDA4F6F57D3304BE9EB18149461B12F760D7485891CA47CFC44909136FBF4931716A2E100123FC6CCAA6A644F25EDF4AC980B14039009BECE8B798BF69A05DC5B6885CD23F8E13A46F
310
F0C0A986D617F001C52241801E87C2974C31411DA3A5D7B6175472763D637D3E57C33B908F867F4A59CFCA7923375E5F027A983E18BD7BD4E6FDDBB2250C1529F4202EFAAF979DFFB1F2612E87EBEFEC58581EDB9AA95AD1D7C1905F7305BF8182D5BBB524D47C4E3B81CD843220DE1E6536497C0962C225F75A2D6A998303
310
B23FC501F0B3F736EE1FF01200FC8C99F5515207C9C40081DF304C0A17D06E26CCBC5B3C47459308178301FA8057C2C0AE9D99B05F038828B08400F2E3251254DD7EB8BC4853B101F99AB48E387457C96951E5DB670648BAB70A7B04FE93EEC5F5B183F9739C98952C6845C380D401B8FC86E70A20744EC720E09D35955D96
310
A9041720196D183AC2CFE6AEA816652D0234883D788BEC8F5DF2615261DB031C2381092401B48D8D2D870FECEA9C3D99DDB036C8A051058030E32190976718C89F031DFBFF2EEA3D88606A8A19BD0AE305BDFD12BA4FF46F1A0002B07137989C748936E9DB2C91F43B07E4E4D16C3779CF5A4FFE8CC981F07C29E34B7C012A
310
F0054FAEA4A6A3D49D3A16D2B3CF220A029003366663053C89B3FB1827080DEC2780076FBFFD8E39810CB0593CC68B5D9009F2D400418028B0BC6CC74067E7C9CC0C2690FBB084AA5254A12AF63543B35EB40D17B693F7E3464D5094C00AA9E04E0E0524F5C35C5EC6BA94B21AAF2440725E2A9FF94FE7A8F0E769EB83FDEB
310
039B631B18BF396F5C13CF89ACC02C387DA56DC3B1CD84B96CFAAA37B55FE723B611062258257D331F186AC93D8AD600B4FEF4AD777E4BF68F2168FF08C081A37AC13446C859964803961928476D78F68419390D830C1935B5C2A0A22A3AB17D3D6428BF12DC373B8D464E04C0A496BB3B3B75639DCC2500E0F0B15FB6F47B
310
5A7ED0183A87CAE8D535F2EDBD4B3B7FC762DFE65A07C30B2851DB890082ADC07131EEEFA3DB7DD5CD32C0860CA83CD4B7993A175F422A8149B1C1D94C1145059D9C78A8A572A90B7C8B1E3392FF77A80C50220880FF3669004E90F101740D2B808181455A044904674E7482CC3EC85C4BCE339404C0B0BF6A5611E4F9B815
310
7BAB6DE327EC9BFBA1B4557ECB609C1F45326499EFB90EE78F18227F09E563C9E63D847EDB3B68EB9C39E95AC4F7ADCF7D87F6752BB6912040281E4A0D8A8314E80D60470999B8A51FB1488A66A9F3F81FFA61C83F4FA6969E472288FADFD61B005E0EA4284822E018911828E868614DA0C36E11F3A051070BF2F0840E35F2
310
00E2C0C80A776CC9E7E6841C0503D0EDF15ED9AFE527E798D23BEE5F0604E58DFB7099D739BF0BA5D332EF29F1535995BDBD0DE681C4F71DFE6A7AC5A13554AE6910963E9ABC9A0DB5B202225545F5CFACC942B5B93C207352B6E5310BF349AF200175D7DFDF78F6D683B7C87E087FA9B35812C4F8F13452CED610A2207541
310
E6D659A739441F3833CD0C9C3C3DC2B0712F62333C4FA9327C9CA1124904B4FDE0FE21C119776CB0C212AAFBA5CAF80EB43772ADFE77CD9FA8A4144C54C2FB2304C65F62FC3678E4F6C68F30FEE1BE8383CE7DB86F58B1AE0C51F0F055E188D02F00911DDB0991832228B3172B3E623E513FF1734FF414A611A603163F401B
310
EA790FC9FF7FC3FD3DB02DC00184145B850D01D120424DC03C00FCEB7880EEEE939399F1F18DBD4AA54C939899304D913CC2D5CFBC55E50C7FBE4C0E14AEEF53D6843DFF56BE2D554637EA047D3C210E2C61077875FB5B40E19F43AB7470CAFE1C0D3ED3B3B4778D1DF6D4F837C08747180FE8394F2CA1E0A46B6DA62CE2B2
310
DABEDE0B1924098580FC16B369730E9E90541D3730D47FDE16EE1FFAD3419CDA05ED1F2715C607F2E81893AFC5936303F40EB776F1D808BDE393A3FA401E1C706E154C892860AD74A2949C409E28A8FB3349C764D13E4D1D3468952B7B1B35001BF41142CAD58D6011C8B78961EACAB66E9AFBC627673B61FFDA4167950A27
310
4145BF11EA17BA9AA60815C2C43AE1F648E3772E53C94E6364AF826019E723069A8AA353A3BF7FB5359281700061FF64C28C10B9AF0B70B0B0D30A31CD1CFD22F68C76DA1E44558869257892363C091D313EFA46B57C3BEB252E9C6BF5B4799EC58F1910F469E25AA17B343799DB3E33CF410061F96C6D63FA91B1000CEBB7
310
D2971BDD39A2A76361E000F5DBC1688D47CB812DD60F8001AF25B328D173A9E4BAC18CE9F1F628704330741B2649B92E9714447C68559C6CD2F681919367E4811100750058809D0230C087A89FF3C80C23C4C60882E481F48D531764BABD5CCECA308DE2F63D3BB50373D630796126803C2D1FBAC148F7592881B395ED7D26
310
B7DD38D7096AF98841CB37592561D9C6565317AFBE9FC4AF7371E060736C7635E0CBA1809FC80F544DBAA1F2F9393D970D44C0615A0C6930E758B9E63AE690F73045F0C8C0731DE9CD80F718E94652383458799E02C06D328010011C7090D8C5E5336A83D4059953877EA1E1D66FBE994F04608C4C991917230FB61F9AEE18
310
3A40AB9108D032449FD1A7283DD25ED15360EF7EA9303EDDC0043403531EDEAB10DFF87F5E2FD56DF0F1B701A9F614DB17FA0E0EDF6FD0B1622A81FA3D1DE5A33F551930335C353A87F9AB05C60455193448246944A232C5D07636D864CDD7A50D0B4440CDCC465D1C418321F50E1648D500294065D869559EF3C40C8FCC6C
310
323E989AD0F0C73142480B200842802C061008B480A9954AF282052B3AF67350FD0DD30D1F4075AC303A5D490250F5400ACF479656861E4C77AFF327F3EBECA4B57B6B6C8FF62602BF150744656A87DABD7BC6BED50527B2120C001A0B3718C74F0C65CD34F275164D7968148DDF259AB8AD6CA81CDA4E8819509B996A7F64
310
2D987A401A2B04018C01E6C169A8700F9DE3B489DB2BC49C9B7B858A4F50D22AE15428FCA4A1EDB20C83492690CFE361CC7F8C8066FFD0D77AEE797977F468A36E0B0DFC87F90EE6348BC748F7CB73B5B9DD5C6EE7AB19ADBF6DF359F1DC2A0F9E44F213F8041F64274C0859A2AB7C37440FEDDD2F95BE44065F22067E3EA0
310
CC3BD8C0D8194EAB291CCEE20B9CD8E02950AD806080047A279F19024C837C848816719AC4A34DF8F0706CED904E8185753A458A27E4C1E37B5F30A104932BE140E0BF4E400160F320B054A8705042FFC47B4940810173F9C9E97240C7FCC3F3813EA239B745DE9F1B1F3FC2F9330374DBD1A7B475923F9A2ED81716D18D1B
310
577DAAB9D1A0458655AD3CA7E211867AE7C702DCACCD291E0F798013DC01BC326087775C0833E04EA3778FBCB8DA4687A0255CA0AD210C15661E4E92001A4449031D1DD27D327334BE830B64DAD90CBF537A45FBD4E94A7A88888E715B7E74FCD040E818BDC1BF5AC609CCCC015DED23877080FCDC47BD8EF3A7B783A17D33
310
F3ADEB6D6BC7AD75EA7C7852C5B6FDADA6AFEFC2D181C03F8C40DD8A4AB5024F0B72E34B57BC1182472DC80946789AFB711DB7F1193C03C893B0345F420246114D3EA71D04FBA731C0DAB0D3CD311B218F0D5A15ECC105D02F3AC32F13600084731A83220040019B03180634B5923D438300B05BAC80881F061095FED5D572
310
A3323ABD83F1D37A2301A8C930AB3F66ADF7CBEFED30BAAD7D78A06DEB6A87F15491F5AB7E25842B6B34BEFC12C8A159F187C64B3CBD2356DE5FBAB98BBE9583F0E3280C0076DA15BF34C15238145742B07080B1EFB83382F9FEF2239D003541041083C5AF9EF3C8944DC2030BC3ADEDDD9D27475800693049E05413BFB3FE
310
B4308731512F13400D06F813368A0101D8D863EB3E75FCCADED124F532AD3F123F131AB46A93DF1ECE7F96CE9EB6C365C6D6A07EEC461FC919FE288AF7AE1A7D012D291EB073735FF26BBB1C99FB706E972192819B7A34BF22424BEA1CC7958AC2E04BFC8E02DB90A4A1DD04811ACDBC181037864672C78F6C0EC3073A40CC
310
49D5E813593B7002763BC6A909D31AC86F3F6E335C9E1C309BC58F16418642E2AF6B290A34FEDC0CFEE08FCA0F56700699CB73B9C99302AA17BD516D7F1FD755A2B32B3FBE7134D3BEC813195BD355020A7DBB541539CD2C06E45F46FC0EE08293E6C0E1972176D9B678340AA1A4823404EF79B1E2347E47C35D0A2260730E
310
0B513025DC0BD1C07E3366E9B9D17F767405FB531070700035618606F0B40C73C974CFD321B0C174A80C0F3AA54945FFEF348F5488895713E89B5C98DA501E06D8D24FF04FF0CD7ECD7BAA755A854EC6A180AD13BE094E8D5D63BFD6DFA5F5D3E4DB1BA18FD8473DC6E17FFC9832B71A2A94D96E808BB53F9192955D62C82E
310
282B05168AA0927D54AB20A20A74800B7CC9655C8B15F62377CA4C91641F9F4D0478F4FEFDCE273A002CC0A725EC165CE3A149F0333E8E9600B2C05A7D15FD831F0938DBE5D0FF13E3C0F0765965A0961C3FA86DEEB0E28304747BFBA5FCDEE44C23544F7BB7BF7A132DDE34F99E44EC3FEEAE92F667A10F7E90B0E8C6442D
310
F5A5318B0F816311DB2E6DC6F172C363FC800EE09186BB9EC82A24C0117700CD884AA42023B81EA6E0CF8B3056411110D78606EBC5AD5417B45BCC8E61EA01C4006AC233933E35D860BC1B6CB9C9CCCE7840D2E0C1C1FFC11CCE54D59300F2B47D66A10F09D8E24B71B9BDDF98FB62A3B897C53EC88D16D1FFE8C649B17BB8
310
E760EB20B784F52F992544753F2CBF642CD3C9C70D8722C197142C567E74FB431EE248A8F3FC00377F5142144A82FFC28AC2970A780C85A7EE9146FA4B2981F3C93BCB0F3FBCB6DD3DE69C72B6073B99140DE28B8E919D9D9E7C2F5FA99FC1FFD07E9AC0965CDAEA0A945FADE52C791EA989E8E7A21A355FB37E44405D171B
310
98A6E946DB26AE71DBD01FEF07FD378F5B4B518724481820890E7486E3FCE61A60E096D577701890EE07CA5D7F2B086040749FCEF3F81972E510A86359C9BB579883035887542090614E5C4461705D7CA1CF84DB564838606CF1597E8119790D021080C935A908324EDE9F60A04B7830A33F0670CB08605B8D01BF9A3D4356
310
93FAB4FD84EF6754930640C1F9D74B052A7ABBA9F502B39DA3BF6BC7514EA4BEC71D752BFDC198EDA8DFE8F32B3EF811E4576B0A2074B99B070A069F60173E7427BDF285024E35A4418B7A412914F2800F1965C4F1120A2D5D2C64400563D5942044807BE7C738EBF3034C4A6F4D70C04ED1F97673C039FABC4CFF18866E08
310
200BB66BDC9CCDCC3FFD1E43BEFC52C317F0F5E64900FBFCDA4DEE68768FFF46350E0EDADB7B34DBBEDE3776BC55599AF84E312229F931E700D04478D66A0D88D09B2276141AF0F8811C5F8067DC04C0F90929F7F1AC9CCD368488AFB965C97B855A3E2E93AE5B4866502E55991B82D4388614F2C36B8484A5FA06E3EFFA98
310
4A6AF17D5C2073299D9F12FD63826F67FC460E54030981684E9FBFC22009A3006962285FDF4FC84B699FB5BEF3736C6072F6844C15EDF25883037DE6BB7AFAD6AE164B367812FA8CFCA6FA25725D99AEC5C6EDEEC64ADDA2BE0056002032E1D7A20A54CF444E360D520A5B69816C0A953CE0434A8A898BF18E2B704588C01B
310
DB2133342F5404FEE698957C200EF54E31BE6DF4E888C9C67F5F3F1B41F922777E7FA6332677C20098C59F762F5DFE4A23F9801A3BB6F8A4F66E0D40EC867E92DEFCE84C714FC7CE8DD3DD3BDBF9C781B1C3B549FAD2C89D711808CAB100E09700BB85240374A7209212F320CA577222A7020E7824500179FC7096C714884B
310
DFD9499E027ABEB3CB0226CD293CAE6E0C41A6788F396606A073E28CBE5CC67D584D36CA39D37974FE1023253E3FFB007A26F657FFC901D851130DDC2BF54884F20D5D40A0B7E5C7BCC7CC87B84F2ED820192CCE1AABA1FF24ADBE1D03635B5B3B53D4A5F84120125FADC36A0E792D3AD7E255792CD5241A4C84171F110409
310
0017DA493D0A7790A7BDE6DF326180398E4B0DEADA5C2763825E43E05C388E184678C88CE6422606C017F030366981353DF03A753DBF6370879F79889DD0BF75408724DB53C5B0063AB6568D02DC47AE4627B58D7E367A6000267E7840C23A0940B992DB98ED1C4731B4FB4DCFB6D3EAFB6CAC7646F0335C5031888CD74E21
310
03380260AD47176D703960230370FBBF28813524C17FFFBD6288BB28E4F905ADB4A788B40B4A6201C1878BED224DE9906C4C79EF32EE679B9F5D3B5DFA137327320643909A823F62106CB8F9BFE4BFEAFF0FC7A6393EC7F64A698EFF8ACE31BA05ECE6DAB6DF124118D1D13F892F3D3530602E3F3ED3D59DFB821ECFA3D9AE
310
85B1ADAB9E328DE738BF55D5DFD039445AE76D0194180F57B15BEE5F09C07F952F9A10372BC894CF7DA12CF6507E2A8916E0DF430C519485C55D61EFE209912D8C32866214E121611E22A0B1238DB18E86636A3BFAFD5B4EE02FF1E505F902BDF424D0516907BFC95EF3A76B6B3872769D67E25B548F0DA46E2B93DFDFD5F2
310
B9E9EEE1EE1DCC7FBE6380DFBF38A165CAC73DF912AD76A4690D2B766A3EB4AFA2D05BE543EA20B095FB17AE3F1928D84482049B659E671A4763CFA567C08824913D37F2F92F841FC244085C1681225C04AD6DE1684831682CE0D6096B56101C0D4FB3A1BD3F11FC1105AECF5660BD3FEEDF162B0D9DEC6DB55AF27FC98050
310
BDDEDFF63ED14B01336053A19DE9AEF5F5D9E9D9F9E19ECDADCD497BCC57681922F327EB41FF681E17C1921B04FBAE371AC69E53F98183E91B84897A5DB164158BD1D12FF6F6BEF0E02847727BF2628F9FD48B6FB11DF6928C868B29590A0606F92140D0C08850DAA7DD8A5FE8A50389F61288AEB743E9C801BB67DBE0A7F6
310
4F63BC87770FDF57AA73FE1F5A84F8DD3AADDFC32087FBC0A7D645C327B97D65E7A8BBA76DFD9BCEE1B1CDE3F5F7CE4E6DF4013ECD7CB60BD1239E8A4E9A5722AD9C4FAC8F7FF17B214AF8801950430639A08E3ABD05A0D94E253BD5951C885B0CE750309070555FF21F2EF83FF53F4E15038B8D8A244740A5C9CBC120043D
310
A0B323FB1DA0A4EDA268C05A304619505000BE10415DE898809DB6B66896E60AE347ED3D6DC707CB7D5B5BC374A158EDC343D0EA61C217D4878CBBDC1D85686782C3CF4272E7DCFB5E9EF628F5A95AC1AC0C6848F5771329EF8DF2BB79EFEDEC8DBEC72EB7F245287FD4B31008AB38EA4D52F2BF57167159E3004CD8950E21
310
7DDD6F699FC763E9D1A0AECC701F7BD4430A3E030374066938F883C01DE40E7DAFD609345E33570F4CE6BE467FBD7F793B5AF2A9D331D86DBA7BF98067918F9FCDD609A0384B523F4413B574B818C6889FAEFC5E7B8F90CEFD62BC2C85B2478D54DD076635BE434FCADE68B3ECF1C8708E27863DBEC352D87BCC7A92A8E135
310
700CDE65BC114026DE5DB68275E656D2C0D4087293D43BB4C9C14EA83C0D806783B40DD7CD4F19EE9F33801F55A3F1FD600017A6CD5DE607783D5F74E34680E7DAB98D99F6E5B5ABC7F7DF19D8278322F6A97FDB2FADE1539BD945DDF868EE2B8B70D9EDAA45D1BB0A5801198CF1DA891540474745BF0317F8A3703E02510A
310
E94B084221F887FE950272D62D4232781054A87C58D015CD45EBF9B70E60820A2056E9D4D619E8494BBFA68B61EBDD8CF52CCBA124BACD4A4077E8420A7F36FCDAF661E577B792A7E1B7E337C7CF1FDEBB3B49F501F3C7366C1730E793F51FA20A9C3D2E9F18E63DC277449054CEADA36DA0807467D45F8A744E1BDED725A0
310
33868703F1392BBE221158220588F30574A0B0893D0515B0B7C404AD0E7F40C11D504C49BD7DA39A85A19CD7357DFC966E5D92272FF06D59CA5A6A1C8AE30E52F1247C1F1D78F81887F9F3E387075B170F9F5EEE4A7F5BFC69DF02FD8795FCFFAB472E7C88D563DA514861B85BD41594A75F5E866BE69471110A9F75C8609C
310
7E6BF6C7C727431EE3E9E3773D2378C25226E82C08104A57ED273FE0921D6990E02B006BD038263BA360355E8DC446A380F0BA35FA9945A80CF60DFD54054202F91897C241C147D59F8E0FC67CD0F2BF377A3463F8BBBABCFBD6833C57E214AC3F5AE9C2FDE88852968F20337972C7E04EE5658223008AE82D93BC37D8DDD9
310
00BD6B16EF221F0D4149045D740A8A215D4FC186C658E01994B8CCD317465828704BB630DA2243B3B4ADD3EA554A97408454148C04A1A0CAAC2E04033C04073851F54380E0BF2DFFA43FAD3D6B574F2E1E5EF6E5F4FEFBD1CA87C161FCBCF5C7AAE2F726F814027BAE10F79BC3D765D61D1803952210A9AA07F8C6BB2105B6
310
1145B324F96014EF223D4A9261080239F03FF6F4DD4975C183B887E081F7A467A25EAA0C94028FEB808637768B07400A8235D4EF33143253198900E079E3FACB0C59B00F827A5785A6FFE2FCF0C0E6F1714F11CDE5140D931D707950631F3DE877F300002000494441540ADFB08704E252AADE1BD4E8DF55796A32B9B6F177
310
37C67702E5C638682737286CB0E0A89B624D5BF28222432848C9AB8C07170C97B814FF492A61072407D638006F7C8400860444C01B1930A522788045633DFA9507267A3A42BA05925BAD705CDD3792FA23C1075C6EE768A673919EB6C3FCFE7629B7310AA794CC9C0D14A1FB88F95C845BF22543F57996E0B26C9E4C2ADF18
310
7F979F8A55F11B47BC26594C52588518D25E6C2B1CCED231EA1B748F093E5726A21A54C91EF95789041030C20FD5AD68613432E19A4D0DA2505B6BD843516E10BB00AF9AC315EE9FDB39CC1F9EA59CD88F9CD071D470C86C4647FDEDDBB1CDAB81DA94034747A779F4CED497CFF817348F69F52E55490840E48840BA72DB71
310
F3E84F6DA2F4717AA928F153DA6E4C7E8E00363CEC9A2E1C8E65F298FC4A52F087FCDEE5CBA38A80CBE11FF7BC2AFF249203FFAB77A128A001B1987BD334AD9B901890A8C2005B6B248196AD09C0025ED841325B31845032E327C531C839E66DBAB39566B631C2FF0A1DA5A3CC47E665AD8751B47CFE33899DF047C9F3C365
310
E3B11278D49DF939298E09002F6430F9958803309827A7C791048CA070061B7E9A64C557D235F83EE24822E5EAB805F9862F20FC58F483DC0EF02181F572930205107E00E523861895A2811309808F2B6C14B2AA579E893753C155D2F54302007E9FF36AC5FEDBCAD47E182D91A73920CFA5C18E01F8FFF4C3F1FF553BCAD0
310
E58DEF85DD63B91BE38ECE1A9FFC4AD4A1FBA30D462C328C5A0340DFD393D3D3D3C0659195C96990F391EFF4175213BC74C020922D4830FE215E76940962BC0713A3B82784C0CB6623DC40D6E1485BAD454F6892200B225096127FBD82D2B12006BAE2E329C771E25FEBC0DAB3B5395289D56D7A8A89081B34EE06F80F819E
310
FE75C67DEEE95D227E283FE98A7B9F1C97D2D05B4D07A469153C3DA3048EA68FA667A6D90E291C7D7E2D063E4D044964D055F2DBF3E31BB851AE9F78A0A7314F0AD24901F581D74A6929142039C65AF5830D1C809536CDC05E4BA51038F79D713DA930CF18BA3010E385351CF47F74D439BCBC793556A1F99814926AF12835
310
E251C59BEA3C083EC2B2760FEBDF4304C9EB87B35769E1EB24B648542CFA4EBA9EF93CD42F03C08F249A2C98897D8E2225E90077823F4A52171A61219998CED6FA050992B6B0A74A2220ED12123004FB977084208F8E2AFC80F456CB110BCA647A3A0F854085D84FE0052BE31FFE7F925610BAFEC06FC33F9931BF063F39DB
310
3D1BB20EE357F594045F4226131578582CB055A59A073AE0413989D215019B6EB8A21CF154D71164E0D8F4E730C2CD382D098DA5261456A425643686BC8301710F2C50665881399156AA2B4C3191BC555728384800CE10040F746A3D8A80A5F0E500A93456FEC52833BBB45203DACCA37FE1D3EE4B9BF0EC27ED47D89B8266
310
F11EA2DB8B5A8BB93EAEDF0C06B7AD0402B9EAC6E787365535AF19F15158308A9D9785C1BC1C01377F8C6B4D07B50DAD25649764A91DC9812C7B34CA98184084F7C01055466B48058CD44085AF26648520C85C41C67805462D8425680425559F4440F3ABBE1F3F81B1EC72708767DDC8FFB6465796C8FE310FEABE0C9B242A
310
74137EC3E0427091967023299BE5D6D4D0C6D15747DC2AEA4ECC57C72856E827D33CBD319D70FF854369EB841282F84B7CA4881447ACFCB257E252E00FBB3272120A75B99119840858486615636E0E0334031AAA8C08A62E080053A0AAA4158431EC727A084021D41CF5D630C94184F6FE7432E8F5F9A4FCDF3EA7CF136FC2
310
988093F98ED622E38E4976E1BF0CF49D2889E6DF3566719FE1F9B47A2D3BF89C69155DCF24F88C609EE551160F0415900B4C48FB013D8900A9192A700748002924771A3686A0A580FE4009E00ACC090253E280B90AC15048E047020483A038A60ED232831F2CC90498648690D960C48E439F18F4DDBEB0B6F5AC7B7B89F623
310
0243B4FA160A7B9327F3AD5D937C8BFFE5FF8B3A5E64283BEF8EAB9F71159514CFED62DBC880614AA1F7994CCFAE7D8C87057F451733699B8DF87056E1F0654B5021E38097E4E23221B810DE20559AD183A61C2C88A648DB096081E9801CA00BC1DA0124E08DAAC15FD2936905CA8DA1C40E42B13F1764E0C4015EAD7F8BFE
310
C99A310B1B7C0BCC7746D3C0702759C89EAD57122092122D1F857067684A578F1DAB7EAC400841F493A468113282FFE42316CC74C756B1C880FE78795C692813CF4644480EE9B02991BCA257A71861F00666D9410288487618D120D0E80D7773E2B7DD180E100EC98B221C94BFC4FF531A09B986230F1CD08378A8E4D0FDD7
310
D9B1BC75F5C12EAD7FF83F3ED19EB018620303C217A6A35D826E72ABF2D8E2BB1B783F6E48D2E3F360806E1D192085D022103473A10375B63853EC54F500B5B064DBC20945B88160DCF7E4F83A0200BF6FAEAC88E9F54D22D898E43F378D20B51B5D6B1457000922202800DD401A9266483029C0D6D57ED80D42A0E6E08835
310
F0F3AC73D7FAE6D56185F04FC44472B854EB7D9CBF7134DF3DDC35A9F6B38417DD6F508B37C1A718B0D054124176F7222F62DFB327F34D451799D56216880193254FF782D7DDE26C271BF38C6E422E271CE4AB8823C9510F021126A7A944E00DB4031D013C88EA0746C96D4574069BD5439C4110403B40020C30B07A604F1E
310
41D19C21A93FD9002DFC35F23B1E7B98E95E38387E3603FE7393680410D702FF9ED5A3C5E5CE68B5827D721FA78F3A9A0C08A79722D9C9B418F46C0057BB1640C70AA4A03D29CECF33987596D53CFB27B32C3BE304C540E14BF8464E080918268D254838C91A01F0FFB99154FD8A9C0495EAA6534A6C464440B4A71E16100E
310
7405088122A35F7A511DC003D002E6C8E7E15F6D1D2FD09014139EC11FDC89394621F77B9F88EB5A583C41E2FEDBC8F82334494C0BFA97FF3C3A34ADE60385B60E5A30CF036E5E75370BE3B83AE73B3B7DC0BB337DA0045299ED0C66681E4AE223D01B1BC3BD4C921E2005FEB5114739040758189BA8A320067B62A3995E47
310
20055065AC2B4A8006BF8CFCC907C0063EACE41813C5F017065AD46CFDC6FF1BFEE052932CA3478C8E5A6F25DC8503D40F61FC1B047E4DFFE8E84407C81F1AC7B5C79DA358551CD0D13785A9AEB38D6EB68A0A8087FC6543E7471082873CDCE5CBEA1EFC5CC0579469E225428E9A43D6A6000B4219DE52E8DF00A55F4BF503
310
5960661C2DB88AC1F67C2890A93FC420193C8326409E7B595FBBBA9AE1D1511B3F6D65B09AC10A71C2317201A603E88C56CC68C91279E83F5C147787EFE6C675F00941D23EF092920330982DF38C65EDFCA89DA98E8ADDECCD77CB86D85118F3DD9884820B1128010D02F1060F582871CC8FF42024C02239273A1CC3BF71E7
310
70DFB7E96081682803188118B50310BD620234F230B12711B063E0F0490FCDA9248B580D3D3DE944A30CFCF2A1E0F6E59E8FBEA289CCCC943785BB8880ADA9C2FD70F6A13F5418444E3A669273C006C4B4EEEC067827539FFBEA9CFF04D84E7F170480037005AAC8829084329899F90B5E013927F8E646514B4824B01D11F7
310
2C012CEACD163B6358A4454A4221D06E68A71062520649BF9E9127D0772D6E5EADED52FF216BC2FC513C7D3C5CC4C8AF009811826AE20203B076A2AA66D8D32E317DEE0EFC000FCE16D9E0BEB17C74AB009256C5D8AD1CBABBDA61402612C675FBD72D07E633B1A42F2421208CE01397560811204306617A5141706105C9F4
310
984C459F2D0F6C392FA05BED808512B0B9A8A9FC6CED89640EA347D31F0DF76D3D9E61E800FE9F7601BE4C9614A1C58E6C839F13A12D0EB426DE6386B82369A9E6A7F1F9146EB578A2EF4289AA109B4F6CEFEC0463E0072A05CC9DEDEDFE08407B173B8AA65399C80B2911252E6290C82CC1B8909140C11B7AE161B42B9390
310
5045D017E00CED6D27AAA15F2C2179F1E83D411A7020B9408D202381E7E5DEE5A9E7E5CDE3B186433F488AC81554BEC09BC579018ADD1DCB3D9D70F02B14BF9159A4DA376225FE43DA224FED327941705DA582B2FD1BB5DC0540667B650BECDD1D5DDFB0C7F36DEE2B94F6EE2EE4E426F20A1174C31DF153321A24114C4FFF
310
25E505475F6906D4149B21F1BD9D9DF7B059F8E0FD83323CB97991FE80EE131A9003B81C491B218B1D42C0C0D593D9D548003839DC29A740298B0C23F0CE14BB167BD61989AEF0B985C8FAC8F923A73F31953989F0F6C96CA6C4D0A9A88184BEDBBBDA3BBADE77CD8E2FFEDEEF46184A86671D7DDC51417477BE9F04804F30
310
5AC82C2D018A21EA903866A0F959FBD4139916D036635EE03DDB7408BCF0627A03027AD314C09B0A27F0A79490D53839D0DAF1416995CAB24101FA63F75029D57A4CBBA9FB4D120ADB17FB5A999FC9420DFE04FA670430B90FE7F589F7FE8D50A4B5F004CE5F07EB4EA007F8AEAE8E8EF7DB3BE2F81F42166C7246FA9E62D0
310
2C8209BA1024414C483498B50229FD923F2414040B2081390AAC353B5283EADA12A30B1080866D746B9ABF5BC107F33C2A015B275480759334B83AB02175EFD0DEC785DFC505E0064F4EBA5A97073A74C5C9FEC97BD25D819E28AEE661FD2732B8BBFB1BF13441B3C1F45E8AC1752BBF80C113DE960E0AC7D9D02C58C80505
310
A19BA0E84B14402601A590A4AE00A825E98C3212342302EE10FC5100681F86834A2804BC409D70270A2091DCE874B16BE0706C974EB3D26EFEDFFCA6C4579AA4DB781708469F055532A7046C6BEB0CF39F3ED2EC4FBCA3D00EA91CA68FD2B87B5C191E0EB2C300F00A1C9881F263571C6CFD83D079D09F176FAD839340CF03
310
0F70458F81F09AEE1329505150CA0A00576B56C06D58070B23086F685E44232D9D53DE3FC3731044F286D19F459351863F749F1104198D6E14BBC68E17CAE70D7AFD958E350BEBBC70C9C4DFBA075240DA27D40AD7DB063A097DD3F041EDB3E4B682A7A12A548F3393DB01945547175879989302521EEB1431B08759B632B1
310
74E0F700E774FCA1BB83F95029ED1A084288C8893520E49415E00DA080AE8027C34206D35491D050A4C6B080F6A20889A2FF82379AB6234F6710C05F9080ADF002B9C9F9C583AB220F45D618D7E7F7547FB27CED8A8B7A7D24EDA4988B0C1C2A1AFB53FDC61BF3DE50D63C560F0120B0372F0839DDDAF13E583B868717C1CB
310
8CC71D1D7F440CC82184803144196EFD58BBE00B7EE77DE8C015942357FB06FC906A5E2B8882CCF9FFE184B0035A5CF186A962A63F84B3AAEE3D5A2C830008807568B6A9F424086D2095A3E262DBF124350082C4B5DF4704A9D2C93553DE47BD6766B69349610716999FA25854F759CA9792599D3837ACF6247CE8597B0F96
310
0FA3EC45B61715050260C5844FCCFEC9666BC71F875B17E3BCB4CB151405D7D08F846B4CB952248B4603CC402B609E90F0044A007FA800EC46D07A51232B00E5683C55D5096E1374DA4FCBBDE2C25A5B8D26008227CA7758033D7D70DF12CAF7F247939F93F1CC63047D63ADA0B7CC8771B234D8095FCDB577B586D1834062
310
035670E204B245EC093FCBE15626C10D210CB38A13F50E10A0D5C0814B0C4B30AA9858516001669002229618F100767AA3D6D2528595FE7A398C2D2300ED0013A0AE60B91644A057327BD3C36BEBF48C91279B45F8BD145494674AFB211A91977CB838DF35DCB3D6D6AA2FB2784B591ED785DFD7DB77747DAC9D2F7674810E
310
FC2895F9ED8007EC7885101679C06F21E4B1C8A6120956F80518D1DAF1717BEBFB5803E20C6F2A11B2E48AFF4AD2810A70054623E341B3D1ACD92DA91150DE631EEB2C28882D092049C0DD38E262A7BD6F98549930C9D44B7C37028AEA9F8C5628A2BEF5704C0DCB2B428181B1BE766F43014498D2E57791E4C8DA6BD2ABF5
310
003F0C40202E2E32EDFB02852D16C30B7F646B98FDF86C7891690043128B0A0DE6B4EA27F08C30CA34C9D0AA0852A5997F8D11A6EE84E040B20472020256F4AFEBBB74E6705A12083B249089218E6452C8E5A69717E904A3F5EF3D5D08EC1F4D4E85086B238CFFC11AB9AE972CB775616C6D1DE04DDF073B4DE3747C41FBAE
310
6072901CAD0237100670C5A00C2C3CE063610ED824826C1F6650700E88C00B62468903A0D71D3A390255AD7040048348C56C4647413C2C2561216E0C469203EF06A5B101AD40D0E207F78B124747DB5B4BBB4E88B1C373C114E0470B345156EDDBCE1B4DBDF81DBC400746B0B54E05F693707B89A5E430982C2AC7D10DFF11
310
D5B102B9505034B35D07E8E5F585757F088B390F2D4C85CF7218E8418BB4F25B885053D07D5A908326809F31D6CC6B77CC948413B28664484439D118DBAC27DB5AC40C1AD166F25E6A2F0AE82100C0BF220405323E1FF80DFC518CACA8DE1003F3C9FAE9C7B2D60703A0004F8EAEAD2DE0F5485452D15B77B4B67F4C2403B8
310
D8F9C533558ADE058A9E177A1698F75DC0EB4C800F74C0270178C8579C1FACD025F0560844502D2BBC01E620030CB93636C1041636A693949CD80139FD15BE107F905590A292840F8860706D07E2970A2F15E5B13B87C3143CB2930374CC46A6F9B9D7A5CCCC14E11B9E879A49FBE27ADBD6DA82410FBB94FAA8487D61B51F
310
4BE0A03FD08743C31020D6628ED20305A22C2C2FAFA7ED1E7881C438AA5B9035F20759E243C51F34D0D5F02F11403B9E204CC1686C0B6C9000470561519CBE1B0E4FBEAB37A39EE4B84C05F023858779341991F36D9D9F351E7BB3B5ADF00148D9D05784F9AD8B037D48C01BFA83D4247F03BB768BEEF973A14E610090D4B9
310
6B1EEC5C5E66928F28EBEB6CF578B067DD83086081579848E60DFC7684044D8174993C39F886043481F6A2B743B18749E52447CD4D230513032D20D20206E536E15BCF7B7D211634F98FF9986287F33F9A94615A5A0A7CACF8DF5DCC1AC6EF9AF1945EB78E0A2FED1DA2ACC00EF983F9A012260BD722EF61C9DBCDD8719703
310
ECF839029010CA0B9F100B1D2842153E01A1A3837AB579516A31982FD2908A09100DAE591016CBCD4B011A2F4DE299E1338CE065DC4841BF9895D8C81714800CD08F5AD39601BC929B55D291F6CDCEF2AB40DD5D98F4E6F107C47AEE4A09A079C05316F479DAF4C2BAB83221BCC0CE23FE3D3D4C7BC9AB673D89A3677D6020
310
F6E182332028012FA0FBE0B2668FB85485902A8E7FA0BA2105C213E20BC2169211A4BABA7D693C3F1DA961F203694853137073AD5CD25F1C017DE0477626D7BA55B88F83B5EE513C41D814639FD1BF759171F4577D3CAB0C3DFF68B2D3B1F8478C18F67BEBB2598FA76A4545E9E961BACF657E0791D2373030E0EC9FAEDD17
310
BEA7703A738185D08236C407448A4CB504CBF01FF43859D3115488EA01B55078000DF085911805790DE1B41B6F8CB2889C3834FE02AFE07D85143C6C008438A944EA63E047023A7EF37E13B0903AFEA7BBAB9579330FAFDAACD540022980B65A75FBA17D388F1E6576405CCE7032D95BDA420E7DC0EFA320879E5F8B3B04C1
310
D2D9C1114210C19FCC49DC6A855E12010184DB8968109ED016E4683CD552A36B3AFA13BFC2114068935A7E774CD2C7225642B73325938052D8634ABC18DC9442BF9E0402E85B42F9F3273672DA8E8F1070405D1DC3248487574CD98092B8B956E6AFE1566530B78FAE05B4A0DE51FBAF85DD075C7E11939F80E015A58D1F87
310
E400CFFD2306C4D1D3C634380A201545A92BE01F445800BE12302AB477BD6F62600D211232EB061448A0D2B877BB940D63D059C37E0569A83DE93E214F4BD86209FF6F479C640AFF8AF6D1BFD987D029A94DB7C329B4184D4BB013BF912FB88FEEF913071A8D82B651BC10DB067A7EC52FE1B421883144C00F64FA23A11CF7
310
08BF16CA59F18D4C04B8085964B2D8DA4A855187000BE440BC816FFB13374640B0EB1D0998AF38A1AEF503F14302E2811081FC12EA6CD38A63B33035125F40F170C0B0AA45E9FCA38FC6D688D48563B5C4B4B7C359D3C7AE0EFB16ACD5E2FAA47EF8307044B4EBE1C71E84E742D81431FB06B90B600B9C239E277A57C94C42
310
7EE10E7826980C0136600D916A06058CBE8604DB4D314FBC014EDAACD0820F14BF75449B70339490FE5A0491221BF95F949DF1235380E969AABDBE2D32EB4403D3FDF17F42F9A0A7C28ED75BE86BDB7C7EC80C76F86B8800F77B305EB88F00A4352E0F8089EF811EA02A3DF08F7DA008F803BE4B4EF5F41E56087099E92070
310
8C3D720916444440FDFA013D4E1201414123A09290F5BD7AB729298209C4306D007BB0829FD4EC3A6D7E4F00B67DF38CA0764F832F0448E58439B952CB4F70DF964AFA74CCFDBABBDF273E2FF4F56D3DBFF2A78D42FFF2755DF307066497F44062AADFC0CC546F6DCCFECECFA232E14F408F05477D311B683A35BC245FCF8A
310
5CD2AF20022C21022266905A5BCC8B20235D6FF04019CC04058AC80023662E25F342063165956320BE50370F2A657BACC817DDA3DDD3EFE04028645780A768FE38DBA88BF2EF3ADADFC7FEACA952E5A77568ECF0C971DF32BF1D24F8486B22A649EC81B1B60315CBEFC026091CA45F858D7D04C1B437079431E63E38F88075
310
8842E780A9E03791C0FAAFE10012588C3C592FE35461A6047802BA18686887023A422A49599399893103942CF6DA53A8E387825FA0678B261F139F801E2B17C901D0F5217E07AC2401A87D0480F753FBED44FE949C93A1D042B879FCE499B3D861AEB23F9C1F372F0C24D0B7D6E70FE1AAF60F84BAE642D82F0A9F53E22783
310
915518494FDBC0AFAE7DA282E5050B703570E06319A015E00D693A6BEFFAE493941C3B08C13B96BD20D0115A9565701DC58568A3009DA13E965765C03091F0FF339F7309D44F6E61F837F1B1FF920450EB8FC48F9B40158BE89C81A597CFB0DAF5F5755D3886DC13D4479599B583758CBF35663AA234F133F91D3BCCFCE0A7
310
94367F385C59B19431780F1C099131384056616E15A1563B50021D369C593FB292685A68A8B2A50A0A2085CF05434617E05FC24A6B077B990014421A68401AC4D65788EE25F737EB780D08A6E38F060F2ABD889E1B889C44852C2FF368C1E3E710D73B6589EA83F7417B341ADA1F639A23D15298F087AD0326410E116C3A1B
310
325218433C71AE62C07C1480F1C045629724A076A4BB8D622D24690486727F56108D07046DAB065000678E04C4F8C342DE27F4AC102D854F2D08D59B4ED0E4F697B0FF62F113646BC5B7F3131D4EA8BF8B265EA3F2026E7061B96F6DF3D993276B2180B8E57067587428579460551049049B074CF8B1066C7E14C705F0B392
310
98C0997C17F701097023BAC31081390196801FB0C2A12380042927503D5A01CA127F9841B460310639C674BC8CDF1A320501448E0068905B07F6E5602F8C1F07786253438CEC51AE61FDB25FF71B09893AC026A9EAE3F30F369F5D5EAEA5801FBAD3C98B38C13EE017B054F81A56F05259DBDA64FE270B1FC4C77200FE276F
310
E814B916E222575ED717A62A92956504605268408CFE13FD61F84252228376060206802B9550F00B9D47E6AF1022538A752CF4FFF1F5931384A9FF8700EDD4FFA2B93FCBFABB3EA6C607FF714B0B8B04EBBE83B52B246092AB018C0D0002FC490849F1E214AE6FC42009D6D86616C835B65DB9862EFC4480C14137603C3089
310
D0A5588FA27E693DD184131BA4E88C35045ACEF1CDE1A82323C20B842F2419604821196EE8185BC834AD44F8E9B7549A32900196E9ECBBE20FFB4706861AACADBBFD9B56A23FFD3AB8BFACC18B1B5AC0ECD7B6AE2E2E9CCD2BE8AF1B1BC3A813B94107E82DE67A42E7CC7D4A6116700B5B2EE3C338A09B840F07C40A64800D
310
7C605AC42B72227C4C7020AB1F20056E26F542717F56534261DE3766AC10A6ED2D006DD03BA9DBA507AE0510A8B385C92363B9154167F1230C40D76AF6F3BE0CA08F8BA2FFBBCEFB09D0986550E0F0EAE2F2780CDF850CB0F88CFC2815FE87BD83909F474F45DD47F1C821DB2107A8817FD45384F57891B65F2543D0C1E20A
310
89B4A8DF806862AC27C60F6A054627FD344250718AC0FA21CDC4E28DBF2650D1B39D8B8A420C348A4F846E2BE824BF8C45E1DB8EEB52F576F47A75FF95F90FCE0FD3A7A08D48D5B9AFBE3EA658E1676FE3372FB57F0AD8D70ED4AEBA3D4C2BE0AAF1C3AD63A6004D12900CFC481A47430C9EACB390038642C8C41B13303166
310
614210592736B8603AD4FAB17189DBB32F3915F0C380795A089A15228460BDE8E52203527D41B5470901B088D84FF8B3FE2BA7F4FD30ACAB3DE0B7E2FF95807AB0010FFDE3A048F7360F9F3FB9380EE537F16F8673131325D3351A3F664022020811A0FE8C019CA17370725CBFF64132025DA1BE2555102212E80A907FB43E
310
D80A991A8AAC183932C19AE17524B06590B6AD286EB99BAD18FF4BD64BAB519202F992A963648ED30E7521F909F090C0213E367A77D8836BEB6F34D92EDA624183070248351F1A079E5D3E7A9EE81F2CE6678F92E299EE312B6C0572C0A7B5EEE07853612403813152C7125E2022A20C18F855DBAFA399817FC97FB6E1CDCA
310
31D348434ACD0012F0D32A5456B4007E6E92D72B1A4E9971223A42C1042819E4049C0C5801300C0013FA48F8944FBAE71DAFC27F1826FA2304ECDF3F6C10FF47D5C7E49748DDD687DE8E91C09394EE0682A4F84CFD6067EEDF43E67EA46CB2F4070160439245F00343D03BF25D7E2F26FC400A896DBF19FB8D4D0A66DA669C
310
3D608F9CD048A0533621B25690EE19D5D15248E390F042B12C682511B02BFE3E5700E4C9A9B2107A8F45248FA48234FD23005ED1F4EFE80D1320836F04003BF42856D478D1DCA3ABEEE3C68F9F30C3A16E5C238EA5DE3FF37DACC2F8B7980033F47FAC34421EF0418A045394802CE032D61C70023D788136788613887C0011
310
A4EA316E005718AE191F8D0D841B9C679CD2FC478442D005429166F5A24403B1E6ACF3298F388B6D0BA933D92339D48969A5C11F09B4FF017A9900A4F887010C474717E10F36468032FF33F4AD610517777104CD920C3CD15FC5F3B3A0C75BBCA3B00F2724863C10BCD4A0E00736C7981F2F72E4B001438B99714FCFAF713A
310
2603BC710376A1715FC602022202E06FDEBBC680A3DF1C4C095A12C50B554FE7623B50374FB2129DDEA4C392C9188077658C87F55FF92FFA507FF03FC8DFD3F31BDAB46DD51AEB03F7E1B38B8B87CFF47EA1479C3EBAD5C6B382C221C0F1B358B39D76D9D3142C4A20935F541E492E0EF081BA41B3620A8E172B584EA14856
310
32E22A8221CEDAC6110AFA4B6D43E2B76A18AB240BB24337721C9321D2C033B2D3E2641A55A400A28403C12D1DADE39AD23FC5FC08C47A64DC3FF6DFF76B5235124022D7E6D6D5F3CB870F9F31C96FE477FAFE54100068A3A87FA5908A2C08011CF31309C10025B089FEF9C510522B8DC07C30AA469841723A10C08E27F00F
310
7FBC181C083F2809EC3B2B328E294AEAD5A071B3A95C81D2DE3F930372D022C9C793535B92FDAD5426E90490C3C81D000017C6494441544698C416520C1C40C71FC204B22448FD9303782FBA67089A1A7D4CE38E89050FEF5F1E078A4DCCFADA058032C34C1CBC2E1202B1F8962B1A8024F0EB7A11F209E96FB369D4B64202
310
FE7BA230AD24C46413536EAE955B341B726C593B5D4630C0BE822480908522B0D85430230352618DCD4F7BA6D568BF4343801480006658EA3EDCBFFA9702B4FDE9022163C43F9B72B58001A23FCE6F0B3FF0E4E1DDFB9801A6FC42FD0132CC1F2224F89933107AD30B6C9131A53818AE944BE25A70810821C38F098411980E
310
46D108F483DC63F49B91B852351604091D60546702F58A3872A1716411B642C7629C267E64E77719F46B0548FD6BFFFC86A38DBFADFCDF700228C124C8664FAA02BFB1F92B09800876FCE4F2D1C3FB4FD0A44E0106A8DB8079751CBF0BD9340066C3D52BC64706467C05B5A54401BE4A1B0132A55EAC1CCCB10D378A3DFEB9
310
812022327745EF2102886A9142C812A1A2C9708027BB55B7006357459F9C2080E0BC34489FC629510F3017B62D5073E2A2C64048A0A42580E413BA9E08274091A398EA80B5BF31C87BF5ECF8F1C5DDFB4F22AAC181F070AAFDDAE5650C4000516440D8806786D874215149E69ABEC43FF0EFC820FEA112B0522003C84BE03F
310
B76623513B6D840820358B084119B0CEC8C00AE888826339A54091F5FCA513AFE147975BB1A86FC50618D9D74502F0C7C8815AA306602FEE3A5E79E0D7DED1B221001118B73182CD439A092FF801105D1AA14E1918EC282F6260869D55108065988BD67F68E5581720A708051F7C8070F582389C682BE53F2AFD85853F2A01
310
3D21564028E06E79B7A71E43212180A81541EBC88F451E02385100491AB0C4A3BC5309A95911E66D04C0B448366988ECD204C2FC930F8CEE8FA410EE4C25B58DD1B6EBAD83F6196670F7DE635282C0A56A851AB035831725F0471A10FE52097089C80495804100318405F0DFC2136004B4C40705EC9154315129205EC35793
310
0035688F61AC02188250CFA9A980233925F16A117A48CA54DAB6400221976B75D863330942E20EE3B00B08FBB71AA813B0E502FD2B023DF70114E0D7DF2E2EEEDE7B789504200112075478F2FBD6897835C91F0C20782401E801A2F9142700B74805703426023A81CC0BE88B537D0003E0C5181D29EB8D83050964DD258091
310
0A1E7A8138F76253DC01DC2F3824391AD748276C0B0CDF12366625D038603D0003E0266CB42704C8CE7FA7F11B4D59C0BF454A78F8FCF1E50513715D469607031272358F04E0003C90107223A581218F10008B10247CD20D860FF0BF48801040B361808148714764028EAC137E871501EFDD97C89B52107FF1235B0928C562
310
530082573CE137840EFEF82A0BDC602736C595912FBEC69E6A3A26903B3A300C5A098A9E3F1810CDFFBA019D97B4E7A7A075850F2E92569BD960CA7B8304995FD006FC4213BB1448A6F4BFBB3A9F9FC4962D0A1369129B10073771FEDA38B1737B663A71C088D8848027FC3008DAC4E4397A6F76271DFFFCF77D6BD7F1F67D
310
A51E0E08875A6BAFBD6BD7AE52CC04A0B4A2206F650EC412841A48258258E8662C3838FBE21E25172C2A15A4F78D82DCF68A005DCF07047C183E1CE47731BBCCB5469D9169E0D588945BEB637E87802A03D88FB82486210D28FB3B858D13DC7CE75F5E6F3B03C1744D30CC58C7C7A256146853A05243060B850072A7010CA4
310
7CFBF9A1E24F414037B8781E8E9F219A774B36481CB43E48A79819D638C8760D672FAC19FB9D3FC5EA9158DBD0159C27860409682E8FF2595652FE189D2CC2D7C023E944158355806FC320087CC74116030CC376C559C098B93A041C5DDA48AF33827D2327DC761D19C17CC62780D82A170E6CE7415A5E7FE825E053048F88
310
D2AC2A561CA4D4C60098DA28EF1A01382772484698F60C8DD24BF396EA76260542810A625978C03580A9CAB91D10249BE579B0377A3DD15749A45F24C4D81FF3D7D7996F6A1690288008C0FF6CC186DA9D5FC95BB09B1301004B016E707FDFED306A1BE8FA208828F00BF342186839839F1F6FA338DC5A0200FF383DE92614
310
C03A4508DA18F4D85F9354F7E867AA77A42FF49BBE6757A1A7454448D0BFC3C220714FE43A3D8F1547BE10F0BC5A05985AC3C28829A06FE24CD062700601F4AF12AF99099B08E7071DC4626A97C920C3FF96E190C9D1FD7CB6163E800D79E5F3F10A9306C02B799E80F1AB380E0571A584C0370A220C3125000B500900D96F
310
EA40409F980E2083E4EDF4D8D2480AE5667222E020BCDAD4EF19682120818FE18EC7FD6AAD67C03F7DF1955E697456F517AC4F24700C30171C67E9168B109A4F60AFA60F98BE30941BF776DBC7C70792A2FBE98AAA97224F8BEA39B47BFD14A8CD03320DA2B676E3AA397E652E30A42CE2987B7DA1EF7F75242413800A04C0
310
270C62A13372400B435ACD84B8B5009208F5AC73EB149FFF3508E21C2201E0338BE07E50EB47E7FF6D97724A601028C5519073E7978EC88834410450E074DD58AD13A4900103A6444A9CB99103229F0EF8C0C78161EBC68137240734CDCFC349807851E0EB46CE864D2E405ED341B71A390CF2DE20CF5193189E1901E866D0
310
230409684B193D17E2928534D04240937D3C84477494FC5E0FE0B448E35AFC19007926C1C6A6E622FDB8A12E30993C6710E070397C4B26304C0AE38218D19F01FFB15BAE1C0E7E74DF75F2406E373C414E848FF8E500EFAF3C1029C9C0ADAB2313A7426CA9B2C1B9E30032C84EF31A09A88A386F136E8C2F1D582EA0459207
310
015F10F1F001F0B1B7DF7222011EA2001F00BFD36BAEE0850928B08C077030FE3806C880EAA74BCE0863A952812E6008B3A89199C1EE918AF96AF583F1A073B0A355B9D861AF1460DCFB3BFC6B7EFDC834B09700CBED3510E48DC7129041C991F06BA5006CA6B5B34EE21501374E8DFC910042036111EC9C7CFA1C05D48A72
310
70F7F835BF04A4194DA4CF76CEC66718C84CD020D04C412AC848F03E3C61A1C8D50D0EA6838A00376054D3DF61A0E393E1F8B058A6C994093476D601A4A06F0CFD3C0A6BFA910E75CC10400A80FDA93AC9B5EA4303F6C0D188B559086091CC5910137772E14F2376D03181B5CFE74C0EA38440D0AC256D6C4D104CE05302FC
310
C00B60B9CD4D71E08BD40C144A025E60D4C1F45FE846A2105D717EEA84808A5DD90A168E133640311CF05DD870768683F5D2F1800F485AEBE5CABD8FFA3C0BEB33702493AEB551B1EB035EF5C8E5757FA7832141F88E8578A363802B560007AF93D7D470B478C4D00B412D634C9140C4F9275C00DCE8DFE3C7F8C0AFBC5B2C
310
E82E3C3BDF393D4375D50C43CD1C17E3777CD2C170725B7B42B41DF15BFC344DAD089C1E9118522B4A2C60B794E4E8F33081BB7C8CFCEEA0B2015E49D586429C6C78646180B7710E06018A3082243C275F077FBE412C17DE80D3E6B9462C5204C5D980D1DF84A864401C483CD01B143F4A4868087A0F780F37230200A4FBF6
310
AED325114C367C22512750A5C7C3E32D545CE20A0904183BA10015DCAD89864B3E1EE97EBAE8B204266A48E010511838E2FE413FB116E60880C2D8440AC3880DDA6DF6618C138CF1CB2A09637E18D00F80CB0DC05322E31EADB8081C29410903F06BFCDF5AB46024E4A75828056440503C707856EF0C037623DD4922A400E8
310
A6BD75E4D2800905F18450A00CEE88860C8964C7B3F90F56528BA18F71CFBBBCD2D05797E168FC37DB26DBE0DD2EAEF39686C18440820013C1444055402A541400DD362A0A402F1FE51246404E098249FEE30708C10CA0B54601053159480C00BAA9B1223A773234FE72FD5C3BD81804D8D196FE3D5315A0C981D88D04FA01
310
DFC185CA93F9120E1F480B08063364A0A318F08DF95056E4C91F1150D31B011200383502E079EE43CC18603AE2F88FD139C802A739F208E88D06DC78267C448C27C4113C19B0F51B0E9C1C021CF8F9167C6B1F2E10E461002910105D1042792D1CA303F469714C018C23D72179E165049C40E801CB96CF334562E5807291D1
310
E0C70FE6CAD91656715F0E5C5E70F8D7F83290549B1BAA6F781D25180EBCA93EC84E72A74081CE3020789B3790E1A9E478E658C099BECFF01E530E80EC5FE31204ACFF70AF8177A03059240CD074978A002A878BF883FEEC81DD684E406CA630ACFDE87292822A11953710F000885D6F68A67ED40CD772B0828359B753F7CE
310
23D9479AB9845771B389D6A77130F8C134EFC83947392029B10E4425440A84AF0E54825228FC1634D369874739C837A9DDC83C20D320C36042610ECDFA750303710224D01202488012CA847424F8D53F78AB6BECE9B3B35A7F32396AC6B7444566327DBB4DF06FD9616744F4D3A397EB3B0A3FBA8D763702883ED742FE5CD2
310
4146D8E353ACCF811C806AE09914D8446E93840FF4D6C963FF32BFB6AB015D1D3B0C9A0968776F021F21404B6260CF84A14F35180CE20B5E85BDA2EC91FD5A7DBA7E5705F4F0F97AF26CE18E3BA078138202400A62930FA6CC7882F911A92F33E547E64990B0F27323D73B6222863F86425153FA8009361C675554C25382CE
310
148420C8DCC47A20122806CA178A0918C14CBD33440289078A00EC6070184CA9907FD0A1270478E0B325B67C2193694EDB7DD0F3C238447C8A11485562FB4902134E6AC952FD5320A4F7C780882DA9684285CD81D278C0E8FF8DEC9F45D22DC3C2CA99C2728110888799575B6834BF22B0F01EDE72D7F21B672C40F0A97299
310
9E2200B7C91403F9BB3D09C01990819238CBAE5E7510D7D57450507E3DB04AAA0A3C280064E0775380C8C16EEA4834346A04BF0CE847B4B3AF760D06D24BBB267C32E2C9257DE5EB748AD101AF1FD33265E2B674EED8C01A0AC901392211011AC810560F77778E85B13BAFE3E25C95B70919A4862C15928BD8989664AD8638
310
101D009A80F00BDC41AF27602A4BDA0C077E550048E7F1011410F01405045E1C140B4D0E70E0F6E034171C3D6FD12004FCC1FA304312518910356628A4A326EC9ADF5DFFD1B2C0399503F14B4F8E3E0E4E39A06ABCB56A8014687E86E462BDDE5124615ECDB412B7314F62E6E0C76ADEC0F717B360E741960104CF1706CFA1
310
8E0605004B01AE007869B095ED92144A807841EFF2811C047889A04901C809062057192688C92346F97F279449F89B113500BAD282D1DA80A55C27EFFE02C8D4F395003F285B617BBF0831F49B055342DDDD414378E8888E92C16789F269A27C9A221FAA4A0DFDDB9F935B2ECC04DC51481558A69301E0460B02665AC4DD30
310
C03D480866C3409400051811876014C0F294C542821AB045011A3E3F09001FF304E3A0BED05CC11A811B865001769507FC01ADC611F400CF68C7B093606E30F3C7E0F00C1D10C31951C1E2D7252181DA00345842A19130715C736EC9ECE686A712FDB31E4D3E50AB336E5666D7B212C0113C4A4406029709B43D0228F3FBAF
310
49921B19CA0C82A2D5BC4A2079809240F37D3E10F9637607C3983F0458508A98B8B4EFC92AC13530180CF55359500080061DF59B98BB3FEACEE881DC8127F182A885A86FB12B43C590A4380504E32305E3148BBEEB2D2782029765428092545BA5C2C681FC5F8E869C0EE1034A822FF09A12C94084505AA868080303473F81
310
61F7AA0A6610745E280BE4427FB770106F8800EADABA19F453210435BDB2348471B13B65F2FCB554827632C4C44467333E4127095D22092ED492009930413251B5408345065065E415266E20279A40B3F520370BE2050C8360E6BB4601C1673B9BFE007EF5200B6483CD195400A783E6DEA0653515B0FCE8E86D1618FC1EFC
310
15C2E727F24F2A2DAB57326D8D0877D4E298894E7A0C3C7D9CE8A0E2D17AA2020FA1097D6372F2A9F955060FDD467AD0426368C24A8340FD0D6687A76316DEF5179ED9042005A2BF02A5DD810A4DEFA4A8F700EFC50FF4FB8C06410F0303C106ADF8852ACC6A2CA9046E9ED070739339857222CC009E206479886EA26227BF
310
7A341A15C351A8404A6C10080A2140FA4B4E8D9B9A11645899332363FD69887F436A660566964250FD752E787B64BCF8E6C8190DF8EA0C854C062D8A5A1346F810414313E606ECA0AC3A01D6928544029D5F42E202C0CB386F880F7842A31287061F32F3CBE09F2950783394F2F2B23D85386C6F51943E99DD10C8A0000BA9
310
569A14805693274BD0E4F4DC3F28E331EEA91C4F33ABE057889BFB92819187840A08E57A276A8BFCB75B0342668C70C565C8059996D209C2800941A21FB82B2F520BC2E6FE6F1A8827043DE17000DACC8193E78BBB8DF1467978C06F6AFE986123E3A95272CAC122046F4C65C4B88FED2F1CD1D918F7CDBF8903BF1A90057D
310
42F4DC133AF804ACBB58446A0DB78806FC053FA1E45D0AF1112613CC0DD976C5E70AD3282F42725C0D02AC8588DE451B1C01ABF063E7748A3882F0DD484BB78D037F9812240EB88B6034C0AD53E5116D4C6D920C6A89F084E6D0598AD7EB6930CC7B293E27A666E5CDFE9A3FA52FEB3C97976FDAAE9A60008FCA6B33099CF9
310
880D35D419FC687D424378E3099441E110C5B3C6DC311E6653514A67A530D863326C4D8430E0C28024803B5B069B0E60C10EDB6DF087034171DF01F1F3404B27B1056D8C0E56E7CA6056E7798147BE4C2F01CED5987E413AC6A724876DE3F599E0601CE7B9CEF3BEB3671E12DCE8AF9631B8031D3F360B6955DC2342B2A0E4
310
632A00264C0DA002220CFEC3E10D9BADC8904D88DC51928593AA16C91DF6FFF82B3234404C7214D0F8608E0052283EFB2B0563F1D072936C4017706010BCF1B16CDE0C1FA9C777E44E1F5259B0C9BBC8794A82A6C182A3AF56B16921405351FDDC91B5BAAA617860E8D76C97C377FE701A4EB4378FA97C2C8E3CC8950886C6
310
FD93AF70A1F5F676B7ED16CBC56AF5D09110EEB8607CC08A795882358280DDB98AFFE7087C6EB593D62F041CDB4018935238E73F1098100D0C8769818F777057F64C703C6530E142FDF5C837AE1CF66C94C4887D3A3726AB990DEA248F73B5D32C8E04F6714B1E67C53FC52040252E605B322407CBF8C7F05453462A295ABF
310
4D95592DDD76AC23512E9A2DF964715C80DD752CA8E263AC36F02C3C28A133EB22AC8D099BDEFDE28C3E8FFEE3815D5D00C17C00511058354D62443C1A546280E43572A9C661A34FA5891F8E7570608C8DF21DF51DF9D2A84D4501F41B8CD4F4C9DEB2F901E810C0E4CEB6EC08DFB06341C864CF8D0EEE779A606545E1E64A
310
AF30A4324C20FDD3BD558BD966BA994FA915CD162B1978642AD01694E533EC190368A68234657085B5F88E27A0805E04B8BB6A00A51646EE3C10A50FF007FF410F1963CA69BE2002F0F902E701AEC995FD41F83A3F0C3809A3288A083003A6CC2A20E6D703EE48E3777AC07ADD51EB6101603A9FCF17B3D5928F6D742EE7E4
310
CF38AE2B03C5FB39C81D7B2978FAFE85AF3D2710B0582C970F0FEB0E4D1103B8BE2B4D560CA10002FC8F334C891C07B44FE06B2E3ACE5E1E2D1FC32203110ABF9CA0E8381F68EC3C06701328E5A38278A5FCD944CEA5283DA933DF2A2448BD23F1C5D8BE04CC2DC3B43B3EEC29F8B5FF926D11D3E97EBF7FA1BD1E5E5F5FE6
310
D3D972F548547783146ECD84873F377C5820F7F9FCE5E07378D6CBCB7E036DF7F7104079A05B77C6942D1BA95D47424BFC3DB6411009A42E207871B7EE9B06614BBD20F22F7523FB985F3F7068E37600273A3ED0C1CCC380F6EC4AF01CC1CF95E4848B7BF950AD14C44F10460221E02D21D01DAE800F323704C00035DFE97C
310
B37F797D3D1C0E4FBF35EE1E5E9E0E879FBF3DF6F474780A01FB3DAF01FE0C0798218007C2090A3008BA7682A338F4A8804A06CBFE6A80CEC766F49853F15B2F45FCEA3F8250012841315016E75E797EFEEC4ACA6C79F515CF1738F7C36E2406071051043817C9E8C5888D49D0332E800062FF54FA562BF7446CC0BFDFBF86
310
03D1FEFCC9F7FFB5A7F000430755C2D3F72F2D02A022820897ABDD44594475BDCCA4A10AF34C06B08B4AB58BBFAE30999DC66C7CE903A83CF8EB006EEEAA063430F84B05F0ECF644825F5E95073870E72A0771AB89B080022A0C5A9FAF34C89286257FB7BEA000EC65B59750C68E0815B0D9834B15606328F80709DE09018A
310
C2A7817F83F96DB3D562C10A0A31300230CD4200B87F85808BAF64D04600254047F9C14DE93464009E7F5AABB4FDD6D55142A2C0BF1541FCE19C20C899BF4F76AB54B84CB97F88F48ECC029FD253F0C70DF4816B9AC94BCBD653B1A283C4001A0337955E4AFED3FB790B6B1F5EA0B5514074103A38D84280EE0F5F9BE974EA
310
B2D16AB1EA969684B6E4166CA28264B300474C7308D20013B204A65F82970718D05678B3315D442E1C0A327E2F56556040C005D2FAB1326A68A07507C9E46A3648555A7080F5F50219A00E6222E3E0862CE95B5680930530742F1D041805E69B788161F015944D041182B861A2C17F3AF01CF5BFDF6C343F9171F5B004BF59
310
C016719164B888EA206A02AD05E8464D06B48E4381A0E9345FD171625AC22198F57C003BEA5510F81FF78D31C9B033D0030000000049454E44AE426082504B030414000608080017B4D55A51464CB48900000043010000360000006662782F45434132383945312D353446322D344643432D393830422D4336324532463641
310
453834312F6469726563746F72792E786D6C9D8F310EC2300C45AF127987122606C71DD918B841D4B851A43646695A717C52A85029031293A5A76FBF6FACEF7DA7264E43906840EF0FA03836E242F406C6DCEE4EA06AC22492573150D1F66C60C640E8938CB705396EEDD86DE9B5042FE27813D640EA63BB001C722AF6E55C
310
B61E4863F58284D5D3F53DD715CE1C3985E63FD7F1B7EBDD617E9F1E504B030414000608080017B4D55A4D0B7F4C3C0700004B1C0000340000006662782F45434132383945312D353446322D344643432D393830422D4336324532463641453834312F6F626A656374732E786D6CDD59598FE23810FE2B51F63917D7C08866
310
4473B4D06A0E0D9AD5BE452618DADBCE213BE9637FFD961D3BC4E900E939A4D1764B101CA75CF5D55D997E788EA9F588192769726307AE6F5B3889D23D498E3776911F9CB16D7D98595396A6796D9F6D2528C637B658B667D3234B8B4C2DEDF10115B4B9BABEFDDBE2114EB06D4514717E63F3E81EC7C845459EEE317F70F7
310
2847EEF1F0EC066EB9D1247B6428BB6F1C952186931C5885F504A8280E02F32788E4CDA69ED8606CEB77DBD6BBB0CD93829B8C9284E728895E71D538AE7786ABC671FD60B05CF58613673818F49DC1A81738B7EBDBA513BCEBFB8BD1623199AF26B6359BEED294560AC870B2072DBED8B360EA893B95F80A8536BEA3344970
310
A4D06CDBB0C78A2EC1BC8989016C2045AB29A494B5B6D0EF28FC996D9D40315832D0D6C2E9EFBAF5A6BB7F0004DEC54A19C7C2CA79CE40D70AFBD21FFCA957AE1A7A21DC8A518E1941D4A264C7100305C1D652410619E12D82942530935AD4F4EABC82615FF7A5362E0F05A5C27FED99F4B410FC11E75C7246FEC5ECC47DFD
310
34E009A42D48928F95B0F94B062426534F2E96F7FA3D75B304D23A5074046B0131C5A67EAF81D742C482CDD29EFDB9DE3D6F457C683F3C636986592E2C4F3AB3F23BADC19A6981F17500A5C4D5D4DD0995AF00FD2740BEE2C59A82E618791E3C0FB4EC0C25FC90B218B463F996E3C3876F89CB575753AF7A78665946AC3C87
310
29B8ED4FC2D410C338BB06E96CFA08469FB2BE126E1B210A36FD9124C2CFC1502C9AC212C4FBC3EED99E6D2098C2223C8528480FFF534F5C5AF055D28178D3D0505BF8EDA028ED304D3F3BE9EA0E6C8691A8529521E3397C873F05DFF972FBE7B6600714E18FCAB197F840129243326D67C800DD70F96F9B4FD223EF68BA43
310
F4F4B4B12982638EA9881B2D6AD92AB558522FC08948C3A566E4CA4702DE4E294A705A70B5DE16A7A294A62CDCBD84A50BB79EF597B681F2306500ADB10C927BC4482630B1674A5B5520746B82828521A62CF0586A35DC157116A2382D12116A5F9B62930F8833C21281AAA4A60D5B7BAD26BB278743C12178B5925C18402A
310
7FD6844B0B1F401C6BE397E103439044D324249083C1595A4F300EA8C0BBCC33C7F410124A8B383C100A79248C5176867E4709EA99EB01BF3CA56CDF4AD0B42CED93DA8604E00A580D92CE5665CC573A65F891883253E6339D0D8C1DAA0EB5678333E942648A1640B5314A335FCD97FE72325939A3E178ED0C96C3C099AFFA
310
2367BCF2FB8BE1ADFFEE7608294B598944E014ADEAF90E5429CA1CC3FFF2FB22DE258850B82128A07DF6FE83CC9E371E84466FB598F7C6935500D5DABAE70CD68B853319FBB7CE62D45BF5D6A3F96A3C083C86795AB00873AFE7F9A136C92C399EE3AA8AA5226B81FCF0A92085B2E67AB2D3FA6A0AF33F8EA1CD9C6028F177
310
0DA255EC6A2908BB0651F1683384A2E841A4A83082AAAFD57D1A41B4C9475B9C7B635CF6DDBE2FFF8260D2F327E023C361C7B0274FFAE148D72643049D67918769862292B7A7D406321D597E537671FBC1B0C4467FF67A16E0D579B562EA7266524C852446471C1E90E82B5A42E935895BB3DE91A69C930473D917BEAA171B
310
347D17CA2F334BB7982DE1618C73F43D162B1B8D86174034A72174B0B998215CAD232A17503DCB398AA25F86542FE57F09398A335AF6C6D730087A1A02DD15B559A8605A1CF108F619A23CF4F7588E3AAE51AFD8D71545ABD69AD427DF4DFE0C3CBA12FA85F0E823BA175BEE309888BF3184A1D130E88FDE55AAB886963E2C
310
17BD1F2DA05B8D5EC2274C8EF79D8AD36E5AA9957965219EE3185A5F9417AC93C78E209A68DBD202A9C8D07089DA496F2C2865CFA7BB3E384C367DE74AE2DA3150BB920466639D04792545AB114B5DC839A01877BDC1B3353657A9FE70C4FCE55576DDFD62280EBBE0001576198255FC31EAF0D64ADDA8A1F813CA2308A55B
310
F9EDDC8247ECF1FED4CC19E4DACA7A5DD35EABB83722A4C630E54522D27E1417F42B025543C7CDBDBBB2D0F3CAF58D486D2E0CB44F7C184C9BB43EDF6D1B5460A5F3D35F0446F8A94141AD2E44077D81D4B7CD694ED0A0A024FAB6B9F0F86FD1856805D6BA119820F3941218E4E3BD75C429E46F185574E850588CB9CCCBA7
310
CE46BF45E8F0F4633987CDD18EEABE28BA4730CCA6AA7F2B2218A442CEBCB1D5BAF5078C4EC5F4520EB4DC0768DD540CB3AD82911B1B2C3627D0A1B93B1881C981A3A4DE18718263A3E428327EF954F5FBF4D8AB8EADDAD305172599E14C500A67F2DD02D47DE58DD9F4FB45D7EC582887CB5D9157C29C164ED22810F44B84
310
523898143E28789FA1A4B82C57E0CA3D4613DB699A7FD10E4AAA4E8ED8518EE46B36395F7EF1C4347DF3D9CA687114EABCD4311B941CD1A9D3A29C5C4DC1309498191255E4E2BDF785A5F05A2AB6D6048CC05BA4719C26EAC75CBDD6B2B6F7F0926AEFE90121F7069E1C18A83700E10E71ECA23D7F8005D02823628C5A226B
310
E8BD0AA235BD6B450815C063C6FECDD25245516D98528FB6021539FEB7C07FC46B1FE12DF50DB55925B80070256F9E2EF4C2D463302F9FFD07504B030414000608080017B4D55A30031BB0E2000000550100003C0000006662782F45434132383945312D353446322D344643432D393830422D433632453246364145383431
310
2F7265736F75726365732F322F636E782E786D6C4D90CD6AC33010845FC5087AB42C2B6D2861ADBC444FBD0455DEB82292D6E8A7346F5F2955A1A75D663E96D981F3B777C317C664292C6CE6820D180CAD366C0B2BF93ABEB2E1AC2012E57F181B82F6B8B02633055BA4B27769C5AB2EAEA9CE865B17C565C380D19ACB1E36
310
3618A7535A58329FE835D725D38AE9C6579D359F79C444251AAC27B2F5D84F98883AE3CA9414F26514C751CE6F529E0EF2F47C7C87A9910A3E885CE76DC818697F92C2505D434D24606A8082126DA7DA1BD5F88BC76B3C98AAAD20E5583BE858BEEF15B35E6F383D905F57C1D49EACE3D1409DAD10F503504B030414000608
310
080017B4D55AFF15A4A45D000000800000003A0000006662782F45434132383945312D353446322D344643432D393830422D4336324532463641453834312F7265736F75726365732F636E782E786D6C4D8B3B0E80201005AF42B6F75B59F0390B113044D83508C6E30BC6C26AF226F3B8BA6360974DA7271430F523308B2B
310
198F9B80925DB700539227A2FCCB80A18E5640D320F996A81C9F32D6E9129A0D1EF74FCE750E6D57BC7165FBCA07504B030414000608080017B4D55ADF054EEB4301000056050000300000006662782F45434132383945312D353446322D344643432D393830422D4336324532463641453834312F636E782E786D6CCD94C1
310
4E032110865F6543E2716117B53186A589079FC083F1C6B2D315BB0B1B9835F6ED854A5B8D69F4D0A4BD91E123F9FF999F11CB8F7128DEC107E36C436A5A9102AC769DB17D43665C9577A4584AE19DC36F1829AC1AA121A94CA4E8BD9BA75CEA60A5E621550763D7B9A810BD696784400A3DA8101A12F42B8C8AAA195D0761
310
4D3B858AD6D44370B3D710DFA31921BFD71E14424724AFF86D592D4A5E3F717E7FCDEF6F162F8225528AD6B921F3C62278375DF14ABB78B4514E255802A498BDC954F240E4411B6D8D152CDE4B11A25EDB670E3753E2A669305A616C14731A01CB08811A05FB82A560C9F10FDF8F0FCF070DF1D4190F1A9DDF9CAD0DF5B136
310
ECA5D19888FF75610BFE65DEB56FD1F2F9E67ED470167632BBBBE48618DDDF49887952B61F2EF103ECA59D3EFF71B1A0D197687AA7EC449ED97605C6C1A78D283F01504B030414000608080017B4D55A07A6B7AA7E000000A30000000B0000006662782F636E782E786D6C4D8CD10A832018465F45FE7BB71217066A34D1F7
310
886521330D97638F3F1D5DECEA83C3770E1F3E9B476F9B5E2E0601EDA50164C323CE2EAC02F2B1600668903CC578FCDD008569B3022A06C9D714F37EA2D92E53F6957A179E27D46A24ACD72DBE514330354AE19E3577AC3AA289E946CD685B8C6B55CAFC7A656B5E7E01504B030414000608080017B4D55AA6D797065F0000
310
008200000007000000636E782E786D6C4DCB3B0E80201045D1AD90E9FD7516806B51190811670C8A61F982B1B0BAC9C97B72CA7B1037C6D3332918DA1E04D2CAC69353902EDB8C20262D23F3F59B81A079470595414B17391D1F19B4730A5583A7ED43BBE4025D9592775E5ADFFA01504B030414000608080017B4D55AECFD
310
112DA800000026010000130000005B436F6E74656E745F54797065735D2E786D6C7D4F4B0EC22010BD0A61DF525D18634ABB506FE00510A79458060253536F2FD89D5197F3FED3F68B9BD80362B21E25DFD40D6780DADF2C1AC9671AAA3D677DD75E9E0112CB5A4C928F44E12044D22338956A1F003333F8E814E5331A1194
310
BE2B0362DB343BA13D122055543278D79E6050F344ECBC6478EDCD76CE8EABAE5449AE4298AC56946789C28AAFBEABC53F3EAF09A84A1441B91F0101CD4780756578C173A578FFDDBD00504B030414000608080017B4D55A3DEE336E64000000790000001B0000006175746F6465736B2D64657369676E2D7061636B616765
310
2E786D6C35CBC10E83200C00D05F21DCA56CA76D41FC96062B120735B69A7DBE268BB7777961F8D5AF396893C2ADB70FE7ADA196782C2DF776D7A97B5933C430F15651E5469C55D70F80A4992A3ADC954792C525AE70A1E4D6AD9816CC044FEFDF01FE3FDE907802504B030414000608080017B4D55ABDDBA96AF40000008E
310
0100003D0000006662782F45434132383945312D353446322D344643432D393830422D4336324532463641453834312F7265736F75726365732F322F636F72652E786D6C8550CB6E833010FC15B47703369086C8386A52F2053DF566D90EB5126CE447D4CFAF1DA8D49E7ADAD5ECCCECEED0E3D77C2F1ECA796DCD00B8ACA1
310
504658A9CD34400C57B487E2C8A8B336FCA24161F8AC06C830303A391B970D12D60465326AAC541BC8BD57010A714FCD005E7CAA99973C86C4F0B772E1E2C62755E272E5311AA3969B54CBE4A6AF5A39605D73A9CFA7B145FD4BDFA1F6EDDCA37D338EA8C1A4EFC8A523787CA55516331AF4FCB35D38C58392C0484D3A54EF
310
10C1EF841C1A7268771FB4CA4C467D70E9E76D69FE2ED169B5A27FDCE222FF778BDA84866C6EABC203C3E9B8E780D12AA793CA33BA547392EC1B504B030414000608080017B4D55AC443E424F9000000960100003B0000006662782F45434132383945312D353446322D344643432D393830422D4336324532463641453834
310
312F7265736F75726365732F636F72652E786D6C8550CB6E833010FC15B47703369086C8386A53F2053DF566990DB5126CE447D5CFAF9D50A93DF5B4ABD999D9DDE1C7AFE5567CA2F3DA9A016859438146D9499B7980182E640FC55170676DF84583C2C80507C830083E3B1BD70D52D60434193576C20D94DE638042DD5233
310
80571FB8C852C69018FE5AAE525DE58C252D1F3CC163D4D326D55372D3178D0E44D79CEBD3CBD892FEA9EF48FB7AEAC9BE1947D250D677ECDC313A3EF32A8B050F7AF9D9AE1CCA80130856B38ED43BC2E81B6387861DDADD3BAF3253701F5CFA795B9ABF03E1D0DBE8147A5E3DA67F5CE33AFDEF1AB5090DDB5C1F0A0F82A6
310
23EF03C1AB9C522AF70853CD898A6F504B030414000608080017B4D55ADC79C4B9F1000000B1010000310000006662782F45434132383945312D353446322D344643432D393830422D4336324532463641453834312F636F72652E786D6C8D50CB6EC32010FC156BEF609B38961361A2D4B2BFA0A7DE10101725068B47D5CF
310
2FC4AED4DE725A343BC3CC0EBD7C2F8FE24B39AFADE9A1C61514CA082BB5997B88E1863A282E8C3A6BC31F1A14862FAA870C03A3B3B371DD21614D5026A3C64AB583DC7B15A0108FF4E8C18B4FB570CC63480C7FC72B17773E2B5CE38DC768D0CBAF5438C58392C048458EA86A11A9DF09391FC8B9693F6899998CC6A8E56E
310
A56572D737AD1CB071B892EE34D6E8D84C0435D330A05357BDA1A1252399DAEBD835352DB398511F5CBA79FF245FF7AA7C13FECB1C57F942666DC281EC869BC203CB799E0B46CB5C601ACF76D3CC65B31F504B030414000608080017B4D55A42E9C8E454010000DD0200000C0000006662782F636F72652E786D6C8D525D6F
310
832014FD2B8677FC40EDDA0669B6CEFE823DED8D2275A40A06C1F4E70FFC88F361DD6282E4DC7BCFB9E7047C7AB44D3070DD0B250B90843108B864AA12B22E803537B807C18960AD94F9D10602495B5E000F03826BAD6C37434C49C3A547A5AAF80CD2BEE70604AC719702F4EC8BB734A4D6B88EFE1E7694DD69CDC3249CFA
310
08B65654F3A8A81C9BB809AE01C9D34B7C7E2B33787839E4307B3F1FE03E2D4B9826E890A34B8E92F215477E986023DA459D694E0DAF004131CA61BC8328F940E898A263B6FBC491EF24B837DA799E45BD3B406ED7078E267CC367BBEA6F3E2BA449D1CC374DF480246EBDB14070E4F371BF31BC6D864ED8E567E8B5592CDC
310
1D34706694CE5CA552762D0DB4B1DC51C7C1F8E168AA3AE691E0371EF484E739870B8ACADAAD468DBB5EADF1EADB9D3AAEE1601E8154BAA5CDBADCB4E27AAE421B4BCB38538DD2FF995EAC2E6146FE61926F504B030414000608080017B4D55AEB80035408010000B201000008000000636F72652E786D6C8D50C172832014
310
FC15E6DD51414D6306C9B4A9F9829E7AA3420C13054720D3FE7D21DA99F6D6D36376F7BD5D961D3FA711DDD5E2B4352D90AC00A44C6FA536430BC15FF01ED091B3C55AFF4B06C88849B59060E06C586C9837A8B7C62B935063A5DA40E19CF280FA313E5A70FD554D2213C14785BB65B3E86F625019C9561D675E4F3FABFDA2
310
845712382D688D8B1DA6E48DD243490FD5EE9DE549C959085A6E565A46777DD16A015E97E7E2F4D255B8796A6A5CBD9E1ABC2FBB0E978436353DD79474CF2C4FCB9C39BFC43F6F47624E8F9CB8275F96AF14671FD68E9B208692C89AF10B78C1F244FC091D66F98FD0DAF8926E07D70D079CC4400F221AA706E378D41B676A
310
9B7F03504B0102140014000608080017B4D55A0000000000000000000000003700000000000000000000000000000000006662782F45434132383945312D353446322D344643432D393830422D4336324532463641453834312F617474726962757465732E62696E504B0102140014000608080017B4D55A00000000000000
310
00000000003500000000000000000000000000550000006662782F45434132383945312D353446322D344643432D393830422D4336324532463641453834312F76657274696365732E62696E504B0102140014000608080017B4D55AF270F13306000000040000003600000000000000000000000000A80000006662782F45
310
434132383945312D353446322D344643432D393830422D4336324532463641453834312F747269616E676C65732E62696E504B0102140014000608080017B4D55AB5A795FFE3790000DE7900004200000000000000000000000000020100006662782F45434132383945312D353446322D344643432D393830422D43363245
310
32463641453834312F7265736F75726365732F322F305F67656E657269632E706E67504B0102140014000608080017B4D55A51464CB489000000430100003600000000000000000000000000457B00006662782F45434132383945312D353446322D344643432D393830422D4336324532463641453834312F646972656374
310
6F72792E786D6C504B0102140014000608080017B4D55A4D0B7F4C3C0700004B1C00003400000000000000000000000000227C00006662782F45434132383945312D353446322D344643432D393830422D4336324532463641453834312F6F626A656374732E786D6C504B0102140014000608080017B4D55A30031BB0E200
310
0000550100003C00000000000000000000000000B08300006662782F45434132383945312D353446322D344643432D393830422D4336324532463641453834312F7265736F75726365732F322F636E782E786D6C504B0102140014000608080017B4D55AFF15A4A45D000000800000003A00000000000000000000000000EC
310
8400006662782F45434132383945312D353446322D344643432D393830422D4336324532463641453834312F7265736F75726365732F636E782E786D6C504B0102140014000608080017B4D55ADF054EEB43010000560500003000000000000000000000000000A18500006662782F45434132383945312D353446322D3446
310
43432D393830422D4336324532463641453834312F636E782E786D6C504B0102140014000608080017B4D55A07A6B7AA7E000000A30000000B00000000000000000000000000328700006662782F636E782E786D6C504B0102140014000608080017B4D55AA6D797065F000000820000000700000000000000000000000000
310
D9870000636E782E786D6C504B0102140014000608080017B4D55AECFD112DA80000002601000013000000000000000000000000005D8800005B436F6E74656E745F54797065735D2E786D6C504B0102140014000608080017B4D55A3DEE336E64000000790000001B00000000000000000000000000368900006175746F64
310
65736B2D64657369676E2D7061636B6167652E786D6C504B0102140014000608080017B4D55ABDDBA96AF40000008E0100003D00000000000000000000000000D38900006662782F45434132383945312D353446322D344643432D393830422D4336324532463641453834312F7265736F75726365732F322F636F72652E78
310
6D6C504B0102140014000608080017B4D55AC443E424F9000000960100003B00000000000000000000000000228B00006662782F45434132383945312D353446322D344643432D393830422D4336324532463641453834312F7265736F75726365732F636F72652E786D6C504B0102140014000608080017B4D55ADC79C4B9
310
F1000000B10100003100000000000000000000000000748C00006662782F45434132383945312D353446322D344643432D393830422D4336324532463641453834312F636F72652E786D6C504B0102140014000608080017B4D55A42E9C8E454010000DD0200000C00000000000000000000000000B48D00006662782F636F
310
72652E786D6C504B0102140014000608080017B4D55AEB80035408010000B20100000800000000000000000000000000328F0000636F72652E786D6C504B050600000000120012002D060000609000000000
  0
XRECORD
  5
176
102
{ACAD_REACTORS
330
173
102
}
330
173
100
AcDbXrecord
280
     1
270
     1
271
     1
  0
XRECORD
  5
177
102
{ACAD_REACTORS
330
173
102
}
330
173
100
AcDbXrecord
280
     1
270
     1
271
     1
  0
XRECORD
  5
2E25
102
{ACAD_REACTORS
330
2E24
102
}
330
2E24
100
AcDbXrecord
280
     1
102
DISPLAYNAME
  1
Imperial24
102
FLAGS
 90
        0
  0
XRECORD
  5
2E21
102
{ACAD_REACTORS
330
2E20
102
}
330
2E20
100
AcDbXrecord
280
     1
102
DISPLAYNAME
  1
Metric50
102
FLAGS
 90
        0
  0
CELLSTYLEMAP
  5
2DE2
102
{ACAD_REACTORS
330
162
102
}
330
162
100
AcDbCellStyleMap
 90
        3
300
CELLSTYLE
  1
TABLEFORMAT_BEGIN
 90
        5
170
     1
 91
        0
 92
    32768
 62
   257
 93
        1
300
CONTENTFORMAT
  1
CONTENTFORMAT_BEGIN
 90
        0
 91
        0
 92
      512
 93
        0
300

 40
0.0
140
1.0
 94
        5
 62
     0
340
11
144
6.0
309
CONTENTFORMAT_END
171
     1
301
MARGIN
  1
CELLMARGIN_BEGIN
 40
1.5
 40
1.5
 40
1.5
 40
1.5
 40
4.5
 40
4.5
309
CELLMARGIN_END
 94
        6
 95
        1
302
GRIDFORMAT
  1
GRIDFORMAT_BEGIN
 90
        0
 91
        1
 62
     0
 92
       -2
340
14
 93
        0
 40
1.125
309
GRIDFORMAT_END
 95
        2
302
GRIDFORMAT
  1
GRIDFORMAT_BEGIN
 90
        0
 91
        1
 62
     0
 92
       -2
340
14
 93
        0
 40
1.125
309
GRIDFORMAT_END
 95
        4
302
GRIDFORMAT
  1
GRIDFORMAT_BEGIN
 90
        0
 91
        1
 62
     0
 92
       -2
340
14
 93
        0
 40
1.125
309
GRIDFORMAT_END
 95
        8
302
GRIDFORMAT
  1
GRIDFORMAT_BEGIN
 90
        0
 91
        1
 62
     0
 92
       -2
340
14
 93
        0
 40
1.125
309
GRIDFORMAT_END
 95
       16
302
GRIDFORMAT
  1
GRIDFORMAT_BEGIN
 90
        0
 91
        1
 62
     0
 92
       -2
340
14
 93
        0
 40
1.125
309
GRIDFORMAT_END
 95
       32
302
GRIDFORMAT
  1
GRIDFORMAT_BEGIN
 90
        0
 91
        1
 62
     0
 92
       -2
340
14
 93
        0
 40
1.125
309
GRIDFORMAT_END
309
TABLEFORMAT_END
  1
CELLSTYLE_BEGIN
 90
        1
 91
        1
300
_TITLE
309
CELLSTYLE_END
300
CELLSTYLE
  1
TABLEFORMAT_BEGIN
 90
        5
170
     1
 91
        0
 92
        0
 62
   257
 93
        1
300
CONTENTFORMAT
  1
CONTENTFORMAT_BEGIN
 90
        0
 91
        0
 92
      512
 93
        0
300

 40
0.0
140
1.0
 94
        5
 62
     0
340
11
144
4.5
309
CONTENTFORMAT_END
171
     1
301
MARGIN
  1
CELLMARGIN_BEGIN
 40
1.5
 40
1.5
 40
1.5
 40
1.5
 40
4.5
 40
4.5
309
CELLMARGIN_END
 94
        6
 95
        1
302
GRIDFORMAT
  1
GRIDFORMAT_BEGIN
 90
        0
 91
        1
 62
     0
 92
       -2
340
14
 93
        0
 40
1.125
309
GRIDFORMAT_END
 95
        2
302
GRIDFORMAT
  1
GRIDFORMAT_BEGIN
 90
        0
 91
        1
 62
     0
 92
       -2
340
14
 93
        0
 40
1.125
309
GRIDFORMAT_END
 95
        4
302
GRIDFORMAT
  1
GRIDFORMAT_BEGIN
 90
        0
 91
        1
 62
     0
 92
       -2
340
14
 93
        0
 40
1.125
309
GRIDFORMAT_END
 95
        8
302
GRIDFORMAT
  1
GRIDFORMAT_BEGIN
 90
        0
 91
        1
 62
     0
 92
       -2
340
14
 93
        0
 40
1.125
309
GRIDFORMAT_END
 95
       16
302
GRIDFORMAT
  1
GRIDFORMAT_BEGIN
 90
        0
 91
        1
 62
     0
 92
       -2
340
14
 93
        0
 40
1.125
309
GRIDFORMAT_END
 95
       32
302
GRIDFORMAT
  1
GRIDFORMAT_BEGIN
 90
        0
 91
        1
 62
     0
 92
       -2
340
14
 93
        0
 40
1.125
309
GRIDFORMAT_END
309
TABLEFORMAT_END
  1
CELLSTYLE_BEGIN
 90
        2
 91
        1
300
_HEADER
309
CELLSTYLE_END
300
CELLSTYLE
  1
TABLEFORMAT_BEGIN
 90
        5
170
     1
 91
        0
 92
        0
 62
   257
 93
        1
300
CONTENTFORMAT
  1
CONTENTFORMAT_BEGIN
 90
        0
 91
        0
 92
      512
 93
        0
300

 40
0.0
140
1.0
 94
        2
 62
     0
340
11
144
4.5
309
CONTENTFORMAT_END
171
     1
301
MARGIN
  1
CELLMARGIN_BEGIN
 40
1.5
 40
1.5
 40
1.5
 40
1.5
 40
4.5
 40
4.5
309
CELLMARGIN_END
 94
        6
 95
        1
302
GRIDFORMAT
  1
GRIDFORMAT_BEGIN
 90
        0
 91
        1
 62
     0
 92
       -2
340
14
 93
        0
 40
1.125
309
GRIDFORMAT_END
 95
        2
302
GRIDFORMAT
  1
GRIDFORMAT_BEGIN
 90
        0
 91
        1
 62
     0
 92
       -2
340
14
 93
        0
 40
1.125
309
GRIDFORMAT_END
 95
        4
302
GRIDFORMAT
  1
GRIDFORMAT_BEGIN
 90
        0
 91
        1
 62
     0
 92
       -2
340
14
 93
        0
 40
1.125
309
GRIDFORMAT_END
 95
        8
302
GRIDFORMAT
  1
GRIDFORMAT_BEGIN
 90
        0
 91
        1
 62
     0
 92
       -2
340
14
 93
        0
 40
1.125
309
GRIDFORMAT_END
 95
       16
302
GRIDFORMAT
  1
GRIDFORMAT_BEGIN
 90
        0
 91
        1
 62
     0
 92
       -2
340
14
 93
        0
 40
1.125
309
GRIDFORMAT_END
 95
       32
302
GRIDFORMAT
  1
GRIDFORMAT_BEGIN
 90
        0
 91
        1
 62
     0
 92
       -2
340
14
 93
        0
 40
1.125
309
GRIDFORMAT_END
309
TABLEFORMAT_END
  1
CELLSTYLE_BEGIN
 90
        3
 91
        2
300
_DATA
309
CELLSTYLE_END
  0
XRECORD
  5
2DF7
102
{ACAD_REACTORS
330
2DF6
102
}
330
2DF6
100
AcDbXrecord
280
     1
102
RTVSPost2010Prop28
280
     1
102
RTVSPost2010PropOp28
 70
     1
102
RTVSPost2010Prop29
280
     1
102
RTVSPost2010PropOp29
 70
     1
102
RTVSPost2010Prop30
280
     0
102
RTVSPost2010PropOp30
 70
     1
102
RTVSPost2010Prop31
280
     0
102
RTVSPost2010PropOp31
 70
     1
102
RTVSPost2010Prop32
280
     0
102
RTVSPost2010PropOp32
 70
     1
102
RTVSPost2010Prop33
280
     0
102
RTVSPost2010PropOp33
 70
     1
102
RTVSPost2010Prop34
280
     0
102
RTVSPost2010PropOp34
 70
     1
102
RTVSPost2010Prop35
280
     0
102
RTVSPost2010PropOp35
 70
     1
102
RTVSPost2010Prop36
280
     0
102
RTVSPost2010PropOp36
 70
     1
102
RTVSPost2010Prop37
 90
       50
102
RTVSPost2010PropOp37
 70
     1
102
RTVSPost2010Prop38
140
0.0
102
RTVSPost2010PropOp38
 70
     1
102
RTVSPost2010Prop39
140
1.0
102
RTVSPost2010PropOp39
 70
     1
102
RTVSPost2010Prop40
 90
        0
102
RTVSPost2010PropOp40
 70
     1
102
RTVSPost2010Prop41ColorIndex
 90
       18
102
RTVSPost2010Prop41ColorRGB
 90
        0
102
RTVSPost2010PropOp41
 70
     1
102
RTVSPost2010Prop42
 90
       50
102
RTVSPost2010PropOp42
 70
     1
102
RTVSPost2010Prop43
 90
        3
102
RTVSPost2010PropOp43
 70
     1
102
RTVSPost2010Prop44ColorIndex
 90
        5
102
RTVSPost2010Prop44ColorRGB
 90
      255
102
RTVSPost2010PropOp44
 70
     1
102
RTVSPost2010Prop45
280
     0
102
RTVSPost2010PropOp45
 70
     1
102
RTVSPost2010Prop46
 90
       50
102
RTVSPost2010PropOp46
 70
     1
102
RTVSPost2010Prop47
 90
       50
102
RTVSPost2010PropOp47
 70
     1
102
RTVSPost2010Prop48
 90
       50
102
RTVSPost2010PropOp48
 70
     1
102
RTVSPost2010Prop49
280
     0
102
RTVSPost2010PropOp49
 70
     1
102
RTVSPost2010Prop50
 90
       50
102
RTVSPost2010PropOp50
 70
     1
102
RTVSPost2010Prop51ColorIndex
 90
      256
102
RTVSPost2010Prop51ColorRGB
 90
-16777216
102
RTVSPost2010PropOp51
 70
     0
102
RTVSPost2010Prop52
140
1.0
102
RTVSPost2010PropOp52
 70
     0
102
RTVSPost2010Prop53
 90
        2
102
RTVSPost2010PropOp53
 70
     1
102
RTVSPost2010Prop54
  1
strokes_ogs.tif
102
RTVSPost2010PropOp54
 70
     1
102
RTVSPost2010Prop55
280
     0
102
RTVSPost2010PropOp55
 70
     1
102
RTVSPost2010Prop56
140
1.0
102
RTVSPost2010PropOp56
 70
     1
102
RTVSPost2010Prop57
140
1.0
102
RTVSPost2010PropOp57
 70
     1
102
RTVSPropertyOp0
 70
     1
102
RTVSPropertyOp1
 70
     1
102
RTVSPropertyOp2
 70
     1
102
RTVSPropertyOp3
 70
     1
102
RTVSPropertyOp4
 70
     1
102
RTVSPropertyOp5
 70
     1
102
RTVSPropertyOp6
 70
     1
102
RTVSPropertyOp7
 70
     1
102
RTVSPropertyOp8
 70
     1
102
RTVSPropertyOp9
 70
     1
102
RTVSPropertyOp10
 70
     1
102
RTVSPropertyOp11
 70
     1
102
RTVSPropertyOp12
 70
     1
102
RTVSPropertyOp13
 70
     1
102
RTVSPropertyOp14
 70
     1
102
RTVSPropertyOp15
 70
     1
102
RTVSPropertyOp16
 70
     1
102
RTVSPropertyOp17
 70
     1
102
RTVSPropertyOp18
 70
     1
102
RTVSPropertyOp19
 70
     1
102
RTVSPropertyOp20
 70
     1
102
RTVSPropertyOp21
 70
     1
102
RTVSPropertyOp22
 70
     1
102
RTVSPropertyOp23
 70
     1
102
RTVSPropertyOp24
 70
     1
102
RTVSPropertyOp25
 70
     1
102
RTVSPropertyOp26
 70
     1
102
RTVSPropertyOp27
 70
     1
102
RTVSPropertyOp28
 70
     1
102
RTVSPropertyOp29
 70
     1
102
RTVSPropertyOp30
 70
     1
102
RTVSPropertyOp31
 70
     1
102
RTVSPropertyOp32
 70
     1
102
RTVSPropertyOp33
 70
     1
102
RTVSPropertyOp34
 70
     1
102
RTVSPropertyOp35
 70
     1
102
RTVSPropertyOp36
 70
     1
102
RTVSPropertyOp37
 70
     1
102
RTVSPropertyOp38
 70
     1
102
RTVSPropertyOp39
 70
     1
102
RTVSPropertyOp40
 70
     1
102
RTVSPropertyOp41
 70
     1
102
RTVSPropertyOp42
 70
     1
102
RTVSPropertyOp43
 70
     1
102
RTVSPropertyOp44
 70
     1
102
RTVSPropertyOp45
 70
     1
102
RTVSPropertyOp46
 70
     1
102
RTVSPropertyOp47
 70
     1
102
RTVSPropertyOp48
 70
     1
102
RTVSPropertyOp49
 70
     1
102
RTVSPropertyOp50
 70
     1
102
RTVSPropertyOp51
 70
     0
102
RTVSPropertyOp52
 70
     0
102
RTVSPropertyOp53
 70
     1
102
RTVSPropertyOp54
 70
     1
102
RTVSPropertyOp55
 70
     1
102
RTVSPropertyOp56
 70
     1
102
RTVSPropertyOp57
 70
     1
102
RTVSPropertyOp58
 70
     1
102
RTVSPropertyOp59
 70
     1
102
RTVSPropertyOp60
 70
     1
102
RTVSPropertyOp61
 70
     1
102
RTVSPropertyOp62
 70
     1
  0
XRECORD
  5
2DFB
102
{ACAD_REACTORS
330
2DFA
102
}
330
2DFA
100
AcDbXrecord
280
     1
102
RTVSPost2010Prop28
280
     0
102
RTVSPost2010PropOp28
 70
     1
102
RTVSPost2010Prop29
280
     1
102
RTVSPost2010PropOp29
 70
     1
102
RTVSPost2010Prop30
280
     1
102
RTVSPost2010PropOp30
 70
     1
102
RTVSPost2010Prop31
280
     0
102
RTVSPost2010PropOp31
 70
     1
102
RTVSPost2010Prop32
280
     0
102
RTVSPost2010PropOp32
 70
     1
102
RTVSPost2010Prop33
280
     0
102
RTVSPost2010PropOp33
 70
     1
102
RTVSPost2010Prop34
280
     0
102
RTVSPost2010PropOp34
 70
     1
102
RTVSPost2010Prop35
280
     0
102
RTVSPost2010PropOp35
 70
     1
102
RTVSPost2010Prop36
280
     0
102
RTVSPost2010PropOp36
 70
     1
102
RTVSPost2010Prop37
 90
       50
102
RTVSPost2010PropOp37
 70
     1
102
RTVSPost2010Prop38
140
0.0
102
RTVSPost2010PropOp38
 70
     1
102
RTVSPost2010Prop39
140
1.0
102
RTVSPost2010PropOp39
 70
     1
102
RTVSPost2010Prop40
 90
        0
102
RTVSPost2010PropOp40
 70
     1
102
RTVSPost2010Prop41ColorIndex
 90
       18
102
RTVSPost2010Prop41ColorRGB
 90
        0
102
RTVSPost2010PropOp41
 70
     1
102
RTVSPost2010Prop42
 90
       50
102
RTVSPost2010PropOp42
 70
     1
102
RTVSPost2010Prop43
 90
        3
102
RTVSPost2010PropOp43
 70
     1
102
RTVSPost2010Prop44ColorIndex
 90
        5
102
RTVSPost2010Prop44ColorRGB
 90
      255
102
RTVSPost2010PropOp44
 70
     1
102
RTVSPost2010Prop45
280
     0
102
RTVSPost2010PropOp45
 70
     1
102
RTVSPost2010Prop46
 90
       50
102
RTVSPost2010PropOp46
 70
     1
102
RTVSPost2010Prop47
 90
       50
102
RTVSPost2010PropOp47
 70
     1
102
RTVSPost2010Prop48
 90
       50
102
RTVSPost2010PropOp48
 70
     1
102
RTVSPost2010Prop49
280
     0
102
RTVSPost2010PropOp49
 70
     1
102
RTVSPost2010Prop50
 90
       50
102
RTVSPost2010PropOp50
 70
     1
102
RTVSPost2010Prop51ColorIndex
 90
      256
102
RTVSPost2010Prop51ColorRGB
 90
-16777216
102
RTVSPost2010PropOp51
 70
     0
102
RTVSPost2010Prop52
140
1.0
102
RTVSPost2010PropOp52
 70
     0
102
RTVSPost2010Prop53
 90
        2
102
RTVSPost2010PropOp53
 70
     1
102
RTVSPost2010Prop54
  1
strokes_ogs.tif
102
RTVSPost2010PropOp54
 70
     1
102
RTVSPost2010Prop55
280
     0
102
RTVSPost2010PropOp55
 70
     1
102
RTVSPost2010Prop56
140
1.0
102
RTVSPost2010PropOp56
 70
     1
102
RTVSPost2010Prop57
140
1.0
102
RTVSPost2010PropOp57
 70
     1
102
RTVSPropertyOp0
 70
     1
102
RTVSPropertyOp1
 70
     1
102
RTVSPropertyOp2
 70
     1
102
RTVSPropertyOp3
 70
     1
102
RTVSPropertyOp4
 70
     1
102
RTVSPropertyOp5
 70
     1
102
RTVSPropertyOp6
 70
     1
102
RTVSPropertyOp7
 70
     1
102
RTVSPropertyOp8
 70
     1
102
RTVSPropertyOp9
 70
     1
102
RTVSPropertyOp10
 70
     1
102
RTVSPropertyOp11
 70
     1
102
RTVSPropertyOp12
 70
     1
102
RTVSPropertyOp13
 70
     1
102
RTVSPropertyOp14
 70
     1
102
RTVSPropertyOp15
 70
     1
102
RTVSPropertyOp16
 70
     1
102
RTVSPropertyOp17
 70
     1
102
RTVSPropertyOp18
 70
     1
102
RTVSPropertyOp19
 70
     1
102
RTVSPropertyOp20
 70
     1
102
RTVSPropertyOp21
 70
     1
102
RTVSPropertyOp22
 70
     1
102
RTVSPropertyOp23
 70
     1
102
RTVSPropertyOp24
 70
     1
102
RTVSPropertyOp25
 70
     1
102
RTVSPropertyOp26
 70
     1
102
RTVSPropertyOp27
 70
     1
102
RTVSPropertyOp28
 70
     1
102
RTVSPropertyOp29
 70
     1
102
RTVSPropertyOp30
 70
     1
102
RTVSPropertyOp31
 70
     1
102
RTVSPropertyOp32
 70
     1
102
RTVSPropertyOp33
 70
     1
102
RTVSPropertyOp34
 70
     1
102
RTVSPropertyOp35
 70
     1
102
RTVSPropertyOp36
 70
     1
102
RTVSPropertyOp37
 70
     1
102
RTVSPropertyOp38
 70
     1
102
RTVSPropertyOp39
 70
     1
102
RTVSPropertyOp40
 70
     1
102
RTVSPropertyOp41
 70
     1
102
RTVSPropertyOp42
 70
     1
102
RTVSPropertyOp43
 70
     1
102
RTVSPropertyOp44
 70
     1
102
RTVSPropertyOp45
 70
     1
102
RTVSPropertyOp46
 70
     1
102
RTVSPropertyOp47
 70
     1
102
RTVSPropertyOp48
 70
     1
102
RTVSPropertyOp49
 70
     1
102
RTVSPropertyOp50
 70
     1
102
RTVSPropertyOp51
 70
     0
102
RTVSPropertyOp52
 70
     0
102
RTVSPropertyOp53
 70
     1
102
RTVSPropertyOp54
 70
     1
102
RTVSPropertyOp55
 70
     1
102
RTVSPropertyOp56
 70
     1
102
RTVSPropertyOp57
 70
     1
102
RTVSPropertyOp58
 70
     1
102
RTVSPropertyOp59
 70
     1
102
RTVSPropertyOp60
 70
     1
102
RTVSPropertyOp61
 70
     1
102
RTVSPropertyOp62
 70
     1
  0
XRECORD
  5
2DF9
102
{ACAD_REACTORS
330
2DF8
102
}
330
2DF8
100
AcDbXrecord
280
     1
102
RTVSPost2010Prop28
280
     0
102
RTVSPost2010PropOp28
 70
     1
102
RTVSPost2010Prop29
280
     1
102
RTVSPost2010PropOp29
 70
     1
102
RTVSPost2010Prop30
280
     1
102
RTVSPost2010PropOp30
 70
     1
102
RTVSPost2010Prop31
280
     0
102
RTVSPost2010PropOp31
 70
     1
102
RTVSPost2010Prop32
280
     0
102
RTVSPost2010PropOp32
 70
     1
102
RTVSPost2010Prop33
280
     0
102
RTVSPost2010PropOp33
 70
     1
102
RTVSPost2010Prop34
280
     0
102
RTVSPost2010PropOp34
 70
     1
102
RTVSPost2010Prop35
280
     0
102
RTVSPost2010PropOp35
 70
     1
102
RTVSPost2010Prop36
280
     0
102
RTVSPost2010PropOp36
 70
     1
102
RTVSPost2010Prop37
 90
       50
102
RTVSPost2010PropOp37
 70
     1
102
RTVSPost2010Prop38
140
0.0
102
RTVSPost2010PropOp38
 70
     1
102
RTVSPost2010Prop39
140
1.0
102
RTVSPost2010PropOp39
 70
     1
102
RTVSPost2010Prop40
 90
        0
102
RTVSPost2010PropOp40
 70
     1
102
RTVSPost2010Prop41ColorIndex
 90
       18
102
RTVSPost2010Prop41ColorRGB
 90
        0
102
RTVSPost2010PropOp41
 70
     1
102
RTVSPost2010Prop42
 90
       50
102
RTVSPost2010PropOp42
 70
     1
102
RTVSPost2010Prop43
 90
        3
102
RTVSPost2010PropOp43
 70
     1
102
RTVSPost2010Prop44ColorIndex
 90
        5
102
RTVSPost2010Prop44ColorRGB
 90
      255
102
RTVSPost2010PropOp44
 70
     1
102
RTVSPost2010Prop45
280
     0
102
RTVSPost2010PropOp45
 70
     1
102
RTVSPost2010Prop46
 90
       50
102
RTVSPost2010PropOp46
 70
     1
102
RTVSPost2010Prop47
 90
       50
102
RTVSPost2010PropOp47
 70
     1
102
RTVSPost2010Prop48
 90
       50
102
RTVSPost2010PropOp48
 70
     1
102
RTVSPost2010Prop49
280
     0
102
RTVSPost2010PropOp49
 70
     1
102
RTVSPost2010Prop50
 90
       50
102
RTVSPost2010PropOp50
 70
     1
102
RTVSPost2010Prop51ColorIndex
 90
      256
102
RTVSPost2010Prop51ColorRGB
 90
-16777216
102
RTVSPost2010PropOp51
 70
     0
102
RTVSPost2010Prop52
140
1.0
102
RTVSPost2010PropOp52
 70
     0
102
RTVSPost2010Prop53
 90
        2
102
RTVSPost2010PropOp53
 70
     1
102
RTVSPost2010Prop54
  1
strokes_ogs.tif
102
RTVSPost2010PropOp54
 70
     1
102
RTVSPost2010Prop55
280
     0
102
RTVSPost2010PropOp55
 70
     1
102
RTVSPost2010Prop56
140
1.0
102
RTVSPost2010PropOp56
 70
     1
102
RTVSPost2010Prop57
140
1.0
102
RTVSPost2010PropOp57
 70
     1
102
RTVSPropertyOp0
 70
     1
102
RTVSPropertyOp1
 70
     1
102
RTVSPropertyOp2
 70
     1
102
RTVSPropertyOp3
 70
     1
102
RTVSPropertyOp4
 70
     1
102
RTVSPropertyOp5
 70
     1
102
RTVSPropertyOp6
 70
     1
102
RTVSPropertyOp7
 70
     1
102
RTVSPropertyOp8
 70
     1
102
RTVSPropertyOp9
 70
     1
102
RTVSPropertyOp10
 70
     1
102
RTVSPropertyOp11
 70
     1
102
RTVSPropertyOp12
 70
     1
102
RTVSPropertyOp13
 70
     1
102
RTVSPropertyOp14
 70
     1
102
RTVSPropertyOp15
 70
     1
102
RTVSPropertyOp16
 70
     1
102
RTVSPropertyOp17
 70
     1
102
RTVSPropertyOp18
 70
     1
102
RTVSPropertyOp19
 70
     1
102
RTVSPropertyOp20
 70
     1
102
RTVSPropertyOp21
 70
     1
102
RTVSPropertyOp22
 70
     1
102
RTVSPropertyOp23
 70
     1
102
RTVSPropertyOp24
 70
     1
102
RTVSPropertyOp25
 70
     1
102
RTVSPropertyOp26
 70
     1
102
RTVSPropertyOp27
 70
     1
102
RTVSPropertyOp28
 70
     1
102
RTVSPropertyOp29
 70
     1
102
RTVSPropertyOp30
 70
     1
102
RTVSPropertyOp31
 70
     1
102
RTVSPropertyOp32
 70
     1
102
RTVSPropertyOp33
 70
     1
102
RTVSPropertyOp34
 70
     1
102
RTVSPropertyOp35
 70
     1
102
RTVSPropertyOp36
 70
     1
102
RTVSPropertyOp37
 70
     1
102
RTVSPropertyOp38
 70
     1
102
RTVSPropertyOp39
 70
     1
102
RTVSPropertyOp40
 70
     1
102
RTVSPropertyOp41
 70
     1
102
RTVSPropertyOp42
 70
     1
102
RTVSPropertyOp43
 70
     1
102
RTVSPropertyOp44
 70
     1
102
RTVSPropertyOp45
 70
     1
102
RTVSPropertyOp46
 70
     1
102
RTVSPropertyOp47
 70
     1
102
RTVSPropertyOp48
 70
     1
102
RTVSPropertyOp49
 70
     1
102
RTVSPropertyOp50
 70
     1
102
RTVSPropertyOp51
 70
     0
102
RTVSPropertyOp52
 70
     0
102
RTVSPropertyOp53
 70
     1
102
RTVSPropertyOp54
 70
     1
102
RTVSPropertyOp55
 70
     1
102
RTVSPropertyOp56
 70
     1
102
RTVSPropertyOp57
 70
     1
102
RTVSPropertyOp58
 70
     1
102
RTVSPropertyOp59
 70
     1
102
RTVSPropertyOp60
 70
     1
102
RTVSPropertyOp61
 70
     1
102
RTVSPropertyOp62
 70
     1
  0
XRECORD
  5
2DF5
102
{ACAD_REACTORS
330
2DF4
102
}
330
2DF4
100
AcDbXrecord
280
     1
102
RTVSPost2010Prop28
280
     0
102
RTVSPost2010PropOp28
 70
     1
102
RTVSPost2010Prop29
280
     1
102
RTVSPost2010PropOp29
 70
     1
102
RTVSPost2010Prop30
280
     1
102
RTVSPost2010PropOp30
 70
     1
102
RTVSPost2010Prop31
280
     0
102
RTVSPost2010PropOp31
 70
     1
102
RTVSPost2010Prop32
280
     0
102
RTVSPost2010PropOp32
 70
     1
102
RTVSPost2010Prop33
280
     0
102
RTVSPost2010PropOp33
 70
     1
102
RTVSPost2010Prop34
280
     0
102
RTVSPost2010PropOp34
 70
     1
102
RTVSPost2010Prop35
280
     0
102
RTVSPost2010PropOp35
 70
     1
102
RTVSPost2010Prop36
280
     0
102
RTVSPost2010PropOp36
 70
     1
102
RTVSPost2010Prop37
 90
       50
102
RTVSPost2010PropOp37
 70
     1
102
RTVSPost2010Prop38
140
0.0
102
RTVSPost2010PropOp38
 70
     1
102
RTVSPost2010Prop39
140
1.0
102
RTVSPost2010PropOp39
 70
     1
102
RTVSPost2010Prop40
 90
        0
102
RTVSPost2010PropOp40
 70
     1
102
RTVSPost2010Prop41ColorIndex
 90
       18
102
RTVSPost2010Prop41ColorRGB
 90
        0
102
RTVSPost2010PropOp41
 70
     1
102
RTVSPost2010Prop42
 90
       50
102
RTVSPost2010PropOp42
 70
     1
102
RTVSPost2010Prop43
 90
        3
102
RTVSPost2010PropOp43
 70
     1
102
RTVSPost2010Prop44ColorIndex
 90
        5
102
RTVSPost2010Prop44ColorRGB
 90
      255
102
RTVSPost2010PropOp44
 70
     1
102
RTVSPost2010Prop45
280
     0
102
RTVSPost2010PropOp45
 70
     1
102
RTVSPost2010Prop46
 90
       50
102
RTVSPost2010PropOp46
 70
     1
102
RTVSPost2010Prop47
 90
       50
102
RTVSPost2010PropOp47
 70
     1
102
RTVSPost2010Prop48
 90
       50
102
RTVSPost2010PropOp48
 70
     1
102
RTVSPost2010Prop49
280
     0
102
RTVSPost2010PropOp49
 70
     1
102
RTVSPost2010Prop50
 90
       50
102
RTVSPost2010PropOp50
 70
     1
102
RTVSPost2010Prop51ColorIndex
 90
      256
102
RTVSPost2010Prop51ColorRGB
 90
-16777216
102
RTVSPost2010PropOp51
 70
     0
102
RTVSPost2010Prop52
140
1.0
102
RTVSPost2010PropOp52
 70
     0
102
RTVSPost2010Prop53
 90
        2
102
RTVSPost2010PropOp53
 70
     1
102
RTVSPost2010Prop54
  1
strokes_ogs.tif
102
RTVSPost2010PropOp54
 70
     1
102
RTVSPost2010Prop55
280
     0
102
RTVSPost2010PropOp55
 70
     1
102
RTVSPost2010Prop56
140
1.0
102
RTVSPost2010PropOp56
 70
     1
102
RTVSPost2010Prop57
140
1.0
102
RTVSPost2010PropOp57
 70
     1
102
RTVSPropertyOp0
 70
     1
102
RTVSPropertyOp1
 70
     1
102
RTVSPropertyOp2
 70
     1
102
RTVSPropertyOp3
 70
     1
102
RTVSPropertyOp4
 70
     1
102
RTVSPropertyOp5
 70
     1
102
RTVSPropertyOp6
 70
     1
102
RTVSPropertyOp7
 70
     1
102
RTVSPropertyOp8
 70
     1
102
RTVSPropertyOp9
 70
     1
102
RTVSPropertyOp10
 70
     1
102
RTVSPropertyOp11
 70
     1
102
RTVSPropertyOp12
 70
     1
102
RTVSPropertyOp13
 70
     1
102
RTVSPropertyOp14
 70
     1
102
RTVSPropertyOp15
 70
     1
102
RTVSPropertyOp16
 70
     1
102
RTVSPropertyOp17
 70
     1
102
RTVSPropertyOp18
 70
     1
102
RTVSPropertyOp19
 70
     1
102
RTVSPropertyOp20
 70
     1
102
RTVSPropertyOp21
 70
     1
102
RTVSPropertyOp22
 70
     1
102
RTVSPropertyOp23
 70
     1
102
RTVSPropertyOp24
 70
     1
102
RTVSPropertyOp25
 70
     1
102
RTVSPropertyOp26
 70
     1
102
RTVSPropertyOp27
 70
     1
102
RTVSPropertyOp28
 70
     1
102
RTVSPropertyOp29
 70
     1
102
RTVSPropertyOp30
 70
     1
102
RTVSPropertyOp31
 70
     1
102
RTVSPropertyOp32
 70
     1
102
RTVSPropertyOp33
 70
     1
102
RTVSPropertyOp34
 70
     1
102
RTVSPropertyOp35
 70
     1
102
RTVSPropertyOp36
 70
     1
102
RTVSPropertyOp37
 70
     1
102
RTVSPropertyOp38
 70
     1
102
RTVSPropertyOp39
 70
     1
102
RTVSPropertyOp40
 70
     1
102
RTVSPropertyOp41
 70
     1
102
RTVSPropertyOp42
 70
     1
102
RTVSPropertyOp43
 70
     1
102
RTVSPropertyOp44
 70
     1
102
RTVSPropertyOp45
 70
     1
102
RTVSPropertyOp46
 70
     1
102
RTVSPropertyOp47
 70
     1
102
RTVSPropertyOp48
 70
     1
102
RTVSPropertyOp49
 70
     1
102
RTVSPropertyOp50
 70
     1
102
RTVSPropertyOp51
 70
     0
102
RTVSPropertyOp52
 70
     0
102
RTVSPropertyOp53
 70
     1
102
RTVSPropertyOp54
 70
     1
102
RTVSPropertyOp55
 70
     1
102
RTVSPropertyOp56
 70
     1
102
RTVSPropertyOp57
 70
     1
102
RTVSPropertyOp58
 70
     1
102
RTVSPropertyOp59
 70
     1
102
RTVSPropertyOp60
 70
     1
102
RTVSPropertyOp61
 70
     1
102
RTVSPropertyOp62
 70
     1
  0
XRECORD
  5
2E03
102
{ACAD_REACTORS
330
2E02
102
}
330
2E02
100
AcDbXrecord
280
     1
102
RTVSPost2010Prop28
280
     0
102
RTVSPost2010PropOp28
 70
     1
102
RTVSPost2010Prop29
280
     1
102
RTVSPost2010PropOp29
 70
     1
102
RTVSPost2010Prop30
280
     1
102
RTVSPost2010PropOp30
 70
     1
102
RTVSPost2010Prop31
280
     0
102
RTVSPost2010PropOp31
 70
     1
102
RTVSPost2010Prop32
280
     0
102
RTVSPost2010PropOp32
 70
     1
102
RTVSPost2010Prop33
280
     0
102
RTVSPost2010PropOp33
 70
     1
102
RTVSPost2010Prop34
280
     0
102
RTVSPost2010PropOp34
 70
     1
102
RTVSPost2010Prop35
280
     0
102
RTVSPost2010PropOp35
 70
     1
102
RTVSPost2010Prop36
280
     0
102
RTVSPost2010PropOp36
 70
     1
102
RTVSPost2010Prop37
 90
       50
102
RTVSPost2010PropOp37
 70
     1
102
RTVSPost2010Prop38
140
0.0
102
RTVSPost2010PropOp38
 70
     1
102
RTVSPost2010Prop39
140
1.0
102
RTVSPost2010PropOp39
 70
     1
102
RTVSPost2010Prop40
 90
        0
102
RTVSPost2010PropOp40
 70
     1
102
RTVSPost2010Prop41ColorIndex
 90
       18
102
RTVSPost2010Prop41ColorRGB
 90
        0
102
RTVSPost2010PropOp41
 70
     1
102
RTVSPost2010Prop42
 90
       50
102
RTVSPost2010PropOp42
 70
     1
102
RTVSPost2010Prop43
 90
        3
102
RTVSPost2010PropOp43
 70
     1
102
RTVSPost2010Prop44ColorIndex
 90
        5
102
RTVSPost2010Prop44ColorRGB
 90
      255
102
RTVSPost2010PropOp44
 70
     1
102
RTVSPost2010Prop45
280
     0
102
RTVSPost2010PropOp45
 70
     1
102
RTVSPost2010Prop46
 90
       50
102
RTVSPost2010PropOp46
 70
     1
102
RTVSPost2010Prop47
 90
       50
102
RTVSPost2010PropOp47
 70
     1
102
RTVSPost2010Prop48
 90
       50
102
RTVSPost2010PropOp48
 70
     1
102
RTVSPost2010Prop49
280
     0
102
RTVSPost2010PropOp49
 70
     1
102
RTVSPost2010Prop50
 90
       50
102
RTVSPost2010PropOp50
 70
     1
102
RTVSPost2010Prop51ColorIndex
 90
      256
102
RTVSPost2010Prop51ColorRGB
 90
-16777216
102
RTVSPost2010PropOp51
 70
     0
102
RTVSPost2010Prop52
140
1.0
102
RTVSPost2010PropOp52
 70
     0
102
RTVSPost2010Prop53
 90
        2
102
RTVSPost2010PropOp53
 70
     1
102
RTVSPost2010Prop54
  1
strokes_ogs.tif
102
RTVSPost2010PropOp54
 70
     1
102
RTVSPost2010Prop55
280
     0
102
RTVSPost2010PropOp55
 70
     1
102
RTVSPost2010Prop56
140
1.0
102
RTVSPost2010PropOp56
 70
     1
102
RTVSPost2010Prop57
140
1.0
102
RTVSPost2010PropOp57
 70
     1
102
RTVSPropertyOp0
 70
     1
102
RTVSPropertyOp1
 70
     1
102
RTVSPropertyOp2
 70
     1
102
RTVSPropertyOp3
 70
     1
102
RTVSPropertyOp4
 70
     1
102
RTVSPropertyOp5
 70
     1
102
RTVSPropertyOp6
 70
     1
102
RTVSPropertyOp7
 70
     1
102
RTVSPropertyOp8
 70
     1
102
RTVSPropertyOp9
 70
     1
102
RTVSPropertyOp10
 70
     1
102
RTVSPropertyOp11
 70
     1
102
RTVSPropertyOp12
 70
     1
102
RTVSPropertyOp13
 70
     1
102
RTVSPropertyOp14
 70
     1
102
RTVSPropertyOp15
 70
     1
102
RTVSPropertyOp16
 70
     1
102
RTVSPropertyOp17
 70
     1
102
RTVSPropertyOp18
 70
     1
102
RTVSPropertyOp19
 70
     1
102
RTVSPropertyOp20
 70
     1
102
RTVSPropertyOp21
 70
     1
102
RTVSPropertyOp22
 70
     1
102
RTVSPropertyOp23
 70
     1
102
RTVSPropertyOp24
 70
     1
102
RTVSPropertyOp25
 70
     1
102
RTVSPropertyOp26
 70
     1
102
RTVSPropertyOp27
 70
     1
102
RTVSPropertyOp28
 70
     1
102
RTVSPropertyOp29
 70
     1
102
RTVSPropertyOp30
 70
     1
102
RTVSPropertyOp31
 70
     1
102
RTVSPropertyOp32
 70
     1
102
RTVSPropertyOp33
 70
     1
102
RTVSPropertyOp34
 70
     1
102
RTVSPropertyOp35
 70
     1
102
RTVSPropertyOp36
 70
     1
102
RTVSPropertyOp37
 70
     1
102
RTVSPropertyOp38
 70
     1
102
RTVSPropertyOp39
 70
     1
102
RTVSPropertyOp40
 70
     1
102
RTVSPropertyOp41
 70
     1
102
RTVSPropertyOp42
 70
     1
102
RTVSPropertyOp43
 70
     1
102
RTVSPropertyOp44
 70
     1
102
RTVSPropertyOp45
 70
     1
102
RTVSPropertyOp46
 70
     1
102
RTVSPropertyOp47
 70
     1
102
RTVSPropertyOp48
 70
     1
102
RTVSPropertyOp49
 70
     1
102
RTVSPropertyOp50
 70
     1
102
RTVSPropertyOp51
 70
     0
102
RTVSPropertyOp52
 70
     0
102
RTVSPropertyOp53
 70
     1
102
RTVSPropertyOp54
 70
     1
102
RTVSPropertyOp55
 70
     1
102
RTVSPropertyOp56
 70
     1
102
RTVSPropertyOp57
 70
     1
102
RTVSPropertyOp58
 70
     1
102
RTVSPropertyOp59
 70
     1
102
RTVSPropertyOp60
 70
     1
102
RTVSPropertyOp61
 70
     1
102
RTVSPropertyOp62
 70
     1
  0
XRECORD
  5
2E0B
102
{ACAD_REACTORS
330
2E0A
102
}
330
2E0A
100
AcDbXrecord
280
     1
102
RTVSPost2010Prop28
280
     0
102
RTVSPost2010PropOp28
 70
     1
102
RTVSPost2010Prop29
280
     1
102
RTVSPost2010PropOp29
 70
     1
102
RTVSPost2010Prop30
280
     1
102
RTVSPost2010PropOp30
 70
     1
102
RTVSPost2010Prop31
280
     0
102
RTVSPost2010PropOp31
 70
     1
102
RTVSPost2010Prop32
280
     0
102
RTVSPost2010PropOp32
 70
     1
102
RTVSPost2010Prop33
280
     0
102
RTVSPost2010PropOp33
 70
     1
102
RTVSPost2010Prop34
280
     0
102
RTVSPost2010PropOp34
 70
     1
102
RTVSPost2010Prop35
280
     0
102
RTVSPost2010PropOp35
 70
     1
102
RTVSPost2010Prop36
280
     0
102
RTVSPost2010PropOp36
 70
     1
102
RTVSPost2010Prop37
 90
       50
102
RTVSPost2010PropOp37
 70
     1
102
RTVSPost2010Prop38
140
0.0
102
RTVSPost2010PropOp38
 70
     1
102
RTVSPost2010Prop39
140
1.0
102
RTVSPost2010PropOp39
 70
     1
102
RTVSPost2010Prop40
 90
        0
102
RTVSPost2010PropOp40
 70
     1
102
RTVSPost2010Prop41ColorIndex
 90
       18
102
RTVSPost2010Prop41ColorRGB
 90
        0
102
RTVSPost2010PropOp41
 70
     1
102
RTVSPost2010Prop42
 90
       50
102
RTVSPost2010PropOp42
 70
     1
102
RTVSPost2010Prop43
 90
        3
102
RTVSPost2010PropOp43
 70
     1
102
RTVSPost2010Prop44ColorIndex
 90
        5
102
RTVSPost2010Prop44ColorRGB
 90
      255
102
RTVSPost2010PropOp44
 70
     1
102
RTVSPost2010Prop45
280
     0
102
RTVSPost2010PropOp45
 70
     1
102
RTVSPost2010Prop46
 90
       50
102
RTVSPost2010PropOp46
 70
     1
102
RTVSPost2010Prop47
 90
       50
102
RTVSPost2010PropOp47
 70
     1
102
RTVSPost2010Prop48
 90
       50
102
RTVSPost2010PropOp48
 70
     1
102
RTVSPost2010Prop49
280
     0
102
RTVSPost2010PropOp49
 70
     1
102
RTVSPost2010Prop50
 90
       50
102
RTVSPost2010PropOp50
 70
     1
102
RTVSPost2010Prop51ColorIndex
 90
      256
102
RTVSPost2010Prop51ColorRGB
 90
-16777216
102
RTVSPost2010PropOp51
 70
     0
102
RTVSPost2010Prop52
140
1.0
102
RTVSPost2010PropOp52
 70
     0
102
RTVSPost2010Prop53
 90
        2
102
RTVSPost2010PropOp53
 70
     1
102
RTVSPost2010Prop54
  1
strokes_ogs.tif
102
RTVSPost2010PropOp54
 70
     1
102
RTVSPost2010Prop55
280
     0
102
RTVSPost2010PropOp55
 70
     1
102
RTVSPost2010Prop56
140
1.0
102
RTVSPost2010PropOp56
 70
     1
102
RTVSPost2010Prop57
140
1.0
102
RTVSPost2010PropOp57
 70
     1
102
RTVSPropertyOp0
 70
     1
102
RTVSPropertyOp1
 70
     1
102
RTVSPropertyOp2
 70
     1
102
RTVSPropertyOp3
 70
     1
102
RTVSPropertyOp4
 70
     1
102
RTVSPropertyOp5
 70
     1
102
RTVSPropertyOp6
 70
     1
102
RTVSPropertyOp7
 70
     1
102
RTVSPropertyOp8
 70
     1
102
RTVSPropertyOp9
 70
     1
102
RTVSPropertyOp10
 70
     1
102
RTVSPropertyOp11
 70
     1
102
RTVSPropertyOp12
 70
     1
102
RTVSPropertyOp13
 70
     1
102
RTVSPropertyOp14
 70
     1
102
RTVSPropertyOp15
 70
     1
102
RTVSPropertyOp16
 70
     1
102
RTVSPropertyOp17
 70
     1
102
RTVSPropertyOp18
 70
     1
102
RTVSPropertyOp19
 70
     1
102
RTVSPropertyOp20
 70
     1
102
RTVSPropertyOp21
 70
     1
102
RTVSPropertyOp22
 70
     1
102
RTVSPropertyOp23
 70
     1
102
RTVSPropertyOp24
 70
     1
102
RTVSPropertyOp25
 70
     1
102
RTVSPropertyOp26
 70
     1
102
RTVSPropertyOp27
 70
     1
102
RTVSPropertyOp28
 70
     1
102
RTVSPropertyOp29
 70
     1
102
RTVSPropertyOp30
 70
     1
102
RTVSPropertyOp31
 70
     1
102
RTVSPropertyOp32
 70
     1
102
RTVSPropertyOp33
 70
     1
102
RTVSPropertyOp34
 70
     1
102
RTVSPropertyOp35
 70
     1
102
RTVSPropertyOp36
 70
     1
102
RTVSPropertyOp37
 70
     1
102
RTVSPropertyOp38
 70
     1
102
RTVSPropertyOp39
 70
     1
102
RTVSPropertyOp40
 70
     1
102
RTVSPropertyOp41
 70
     1
102
RTVSPropertyOp42
 70
     1
102
RTVSPropertyOp43
 70
     1
102
RTVSPropertyOp44
 70
     1
102
RTVSPropertyOp45
 70
     1
102
RTVSPropertyOp46
 70
     1
102
RTVSPropertyOp47
 70
     1
102
RTVSPropertyOp48
 70
     1
102
RTVSPropertyOp49
 70
     1
102
RTVSPropertyOp50
 70
     1
102
RTVSPropertyOp51
 70
     0
102
RTVSPropertyOp52
 70
     0
102
RTVSPropertyOp53
 70
     1
102
RTVSPropertyOp54
 70
     1
102
RTVSPropertyOp55
 70
     1
102
RTVSPropertyOp56
 70
     1
102
RTVSPropertyOp57
 70
     1
102
RTVSPropertyOp58
 70
     1
102
RTVSPropertyOp59
 70
     1
102
RTVSPropertyOp60
 70
     1
102
RTVSPropertyOp61
 70
     1
102
RTVSPropertyOp62
 70
     1
  0
XRECORD
  5
2DFD
102
{ACAD_REACTORS
330
2DFC
102
}
330
2DFC
100
AcDbXrecord
280
     1
102
RTVSPost2010Prop28
280
     0
102
RTVSPost2010PropOp28
 70
     1
102
RTVSPost2010Prop29
280
     1
102
RTVSPost2010PropOp29
 70
     1
102
RTVSPost2010Prop30
280
     1
102
RTVSPost2010PropOp30
 70
     1
102
RTVSPost2010Prop31
280
     0
102
RTVSPost2010PropOp31
 70
     1
102
RTVSPost2010Prop32
280
     0
102
RTVSPost2010PropOp32
 70
     1
102
RTVSPost2010Prop33
280
     0
102
RTVSPost2010PropOp33
 70
     1
102
RTVSPost2010Prop34
280
     0
102
RTVSPost2010PropOp34
 70
     1
102
RTVSPost2010Prop35
280
     0
102
RTVSPost2010PropOp35
 70
     1
102
RTVSPost2010Prop36
280
     0
102
RTVSPost2010PropOp36
 70
     1
102
RTVSPost2010Prop37
 90
       50
102
RTVSPost2010PropOp37
 70
     1
102
RTVSPost2010Prop38
140
0.0
102
RTVSPost2010PropOp38
 70
     1
102
RTVSPost2010Prop39
140
1.0
102
RTVSPost2010PropOp39
 70
     1
102
RTVSPost2010Prop40
 90
        0
102
RTVSPost2010PropOp40
 70
     1
102
RTVSPost2010Prop41ColorIndex
 90
       18
102
RTVSPost2010Prop41ColorRGB
 90
        0
102
RTVSPost2010PropOp41
 70
     1
102
RTVSPost2010Prop42
 90
       50
102
RTVSPost2010PropOp42
 70
     1
102
RTVSPost2010Prop43
 90
        3
102
RTVSPost2010PropOp43
 70
     1
102
RTVSPost2010Prop44ColorIndex
 90
        5
102
RTVSPost2010Prop44ColorRGB
 90
      255
102
RTVSPost2010PropOp44
 70
     1
102
RTVSPost2010Prop45
280
     0
102
RTVSPost2010PropOp45
 70
     1
102
RTVSPost2010Prop46
 90
       50
102
RTVSPost2010PropOp46
 70
     1
102
RTVSPost2010Prop47
 90
       50
102
RTVSPost2010PropOp47
 70
     1
102
RTVSPost2010Prop48
 90
       50
102
RTVSPost2010PropOp48
 70
     1
102
RTVSPost2010Prop49
280
     0
102
RTVSPost2010PropOp49
 70
     1
102
RTVSPost2010Prop50
 90
       50
102
RTVSPost2010PropOp50
 70
     1
102
RTVSPost2010Prop51ColorIndex
 90
      256
102
RTVSPost2010Prop51ColorRGB
 90
-16777216
102
RTVSPost2010PropOp51
 70
     0
102
RTVSPost2010Prop52
140
1.0
102
RTVSPost2010PropOp52
 70
     0
102
RTVSPost2010Prop53
 90
        2
102
RTVSPost2010PropOp53
 70
     1
102
RTVSPost2010Prop54
  1
strokes_ogs.tif
102
RTVSPost2010PropOp54
 70
     1
102
RTVSPost2010Prop55
280
     0
102
RTVSPost2010PropOp55
 70
     1
102
RTVSPost2010Prop56
140
1.0
102
RTVSPost2010PropOp56
 70
     1
102
RTVSPost2010Prop57
140
1.0
102
RTVSPost2010PropOp57
 70
     1
102
RTVSPropertyOp0
 70
     1
102
RTVSPropertyOp1
 70
     1
102
RTVSPropertyOp2
 70
     1
102
RTVSPropertyOp3
 70
     1
102
RTVSPropertyOp4
 70
     1
102
RTVSPropertyOp5
 70
     1
102
RTVSPropertyOp6
 70
     1
102
RTVSPropertyOp7
 70
     1
102
RTVSPropertyOp8
 70
     1
102
RTVSPropertyOp9
 70
     1
102
RTVSPropertyOp10
 70
     1
102
RTVSPropertyOp11
 70
     1
102
RTVSPropertyOp12
 70
     1
102
RTVSPropertyOp13
 70
     1
102
RTVSPropertyOp14
 70
     1
102
RTVSPropertyOp15
 70
     1
102
RTVSPropertyOp16
 70
     1
102
RTVSPropertyOp17
 70
     1
102
RTVSPropertyOp18
 70
     1
102
RTVSPropertyOp19
 70
     1
102
RTVSPropertyOp20
 70
     1
102
RTVSPropertyOp21
 70
     1
102
RTVSPropertyOp22
 70
     1
102
RTVSPropertyOp23
 70
     1
102
RTVSPropertyOp24
 70
     1
102
RTVSPropertyOp25
 70
     1
102
RTVSPropertyOp26
 70
     1
102
RTVSPropertyOp27
 70
     1
102
RTVSPropertyOp28
 70
     1
102
RTVSPropertyOp29
 70
     1
102
RTVSPropertyOp30
 70
     1
102
RTVSPropertyOp31
 70
     1
102
RTVSPropertyOp32
 70
     1
102
RTVSPropertyOp33
 70
     1
102
RTVSPropertyOp34
 70
     1
102
RTVSPropertyOp35
 70
     1
102
RTVSPropertyOp36
 70
     1
102
RTVSPropertyOp37
 70
     1
102
RTVSPropertyOp38
 70
     1
102
RTVSPropertyOp39
 70
     1
102
RTVSPropertyOp40
 70
     1
102
RTVSPropertyOp41
 70
     1
102
RTVSPropertyOp42
 70
     1
102
RTVSPropertyOp43
 70
     1
102
RTVSPropertyOp44
 70
     1
102
RTVSPropertyOp45
 70
     1
102
RTVSPropertyOp46
 70
     1
102
RTVSPropertyOp47
 70
     1
102
RTVSPropertyOp48
 70
     1
102
RTVSPropertyOp49
 70
     1
102
RTVSPropertyOp50
 70
     1
102
RTVSPropertyOp51
 70
     0
102
RTVSPropertyOp52
 70
     0
102
RTVSPropertyOp53
 70
     1
102
RTVSPropertyOp54
 70
     1
102
RTVSPropertyOp55
 70
     1
102
RTVSPropertyOp56
 70
     1
102
RTVSPropertyOp57
 70
     1
102
RTVSPropertyOp58
 70
     1
102
RTVSPropertyOp59
 70
     1
102
RTVSPropertyOp60
 70
     1
102
RTVSPropertyOp61
 70
     1
102
RTVSPropertyOp62
 70
     1
  0
XRECORD
  5
2E01
102
{ACAD_REACTORS
330
2E00
102
}
330
2E00
100
AcDbXrecord
280
     1
102
RTVSPost2010Prop28
280
     0
102
RTVSPost2010PropOp28
 70
     1
102
RTVSPost2010Prop29
280
     1
102
RTVSPost2010PropOp29
 70
     1
102
RTVSPost2010Prop30
280
     1
102
RTVSPost2010PropOp30
 70
     1
102
RTVSPost2010Prop31
280
     0
102
RTVSPost2010PropOp31
 70
     1
102
RTVSPost2010Prop32
280
     0
102
RTVSPost2010PropOp32
 70
     1
102
RTVSPost2010Prop33
280
     0
102
RTVSPost2010PropOp33
 70
     1
102
RTVSPost2010Prop34
280
     0
102
RTVSPost2010PropOp34
 70
     1
102
RTVSPost2010Prop35
280
     0
102
RTVSPost2010PropOp35
 70
     1
102
RTVSPost2010Prop36
280
     0
102
RTVSPost2010PropOp36
 70
     1
102
RTVSPost2010Prop37
 90
       50
102
RTVSPost2010PropOp37
 70
     1
102
RTVSPost2010Prop38
140
0.0
102
RTVSPost2010PropOp38
 70
     1
102
RTVSPost2010Prop39
140
1.0
102
RTVSPost2010PropOp39
 70
     1
102
RTVSPost2010Prop40
 90
        0
102
RTVSPost2010PropOp40
 70
     1
102
RTVSPost2010Prop41ColorIndex
 90
       18
102
RTVSPost2010Prop41ColorRGB
 90
        0
102
RTVSPost2010PropOp41
 70
     1
102
RTVSPost2010Prop42
 90
       50
102
RTVSPost2010PropOp42
 70
     1
102
RTVSPost2010Prop43
 90
        3
102
RTVSPost2010PropOp43
 70
     1
102
RTVSPost2010Prop44ColorIndex
 90
        5
102
RTVSPost2010Prop44ColorRGB
 90
      255
102
RTVSPost2010PropOp44
 70
     1
102
RTVSPost2010Prop45
280
     0
102
RTVSPost2010PropOp45
 70
     1
102
RTVSPost2010Prop46
 90
       50
102
RTVSPost2010PropOp46
 70
     1
102
RTVSPost2010Prop47
 90
       50
102
RTVSPost2010PropOp47
 70
     1
102
RTVSPost2010Prop48
 90
       50
102
RTVSPost2010PropOp48
 70
     1
102
RTVSPost2010Prop49
280
     0
102
RTVSPost2010PropOp49
 70
     1
102
RTVSPost2010Prop50
 90
       50
102
RTVSPost2010PropOp50
 70
     1
102
RTVSPost2010Prop51ColorIndex
 90
      256
102
RTVSPost2010Prop51ColorRGB
 90
-16777216
102
RTVSPost2010PropOp51
 70
     0
102
RTVSPost2010Prop52
140
1.0
102
RTVSPost2010PropOp52
 70
     0
102
RTVSPost2010Prop53
 90
        2
102
RTVSPost2010PropOp53
 70
     1
102
RTVSPost2010Prop54
  1
strokes_ogs.tif
102
RTVSPost2010PropOp54
 70
     1
102
RTVSPost2010Prop55
280
     0
102
RTVSPost2010PropOp55
 70
     1
102
RTVSPost2010Prop56
140
1.0
102
RTVSPost2010PropOp56
 70
     1
102
RTVSPost2010Prop57
140
1.0
102
RTVSPost2010PropOp57
 70
     1
102
RTVSPropertyOp0
 70
     1
102
RTVSPropertyOp1
 70
     1
102
RTVSPropertyOp2
 70
     1
102
RTVSPropertyOp3
 70
     1
102
RTVSPropertyOp4
 70
     1
102
RTVSPropertyOp5
 70
     1
102
RTVSPropertyOp6
 70
     1
102
RTVSPropertyOp7
 70
     1
102
RTVSPropertyOp8
 70
     1
102
RTVSPropertyOp9
 70
     1
102
RTVSPropertyOp10
 70
     1
102
RTVSPropertyOp11
 70
     1
102
RTVSPropertyOp12
 70
     1
102
RTVSPropertyOp13
 70
     1
102
RTVSPropertyOp14
 70
     1
102
RTVSPropertyOp15
 70
     1
102
RTVSPropertyOp16
 70
     1
102
RTVSPropertyOp17
 70
     1
102
RTVSPropertyOp18
 70
     1
102
RTVSPropertyOp19
 70
     1
102
RTVSPropertyOp20
 70
     1
102
RTVSPropertyOp21
 70
     1
102
RTVSPropertyOp22
 70
     1
102
RTVSPropertyOp23
 70
     1
102
RTVSPropertyOp24
 70
     1
102
RTVSPropertyOp25
 70
     1
102
RTVSPropertyOp26
 70
     1
102
RTVSPropertyOp27
 70
     1
102
RTVSPropertyOp28
 70
     1
102
RTVSPropertyOp29
 70
     1
102
RTVSPropertyOp30
 70
     1
102
RTVSPropertyOp31
 70
     1
102
RTVSPropertyOp32
 70
     1
102
RTVSPropertyOp33
 70
     1
102
RTVSPropertyOp34
 70
     1
102
RTVSPropertyOp35
 70
     1
102
RTVSPropertyOp36
 70
     1
102
RTVSPropertyOp37
 70
     1
102
RTVSPropertyOp38
 70
     1
102
RTVSPropertyOp39
 70
     1
102
RTVSPropertyOp40
 70
     1
102
RTVSPropertyOp41
 70
     1
102
RTVSPropertyOp42
 70
     1
102
RTVSPropertyOp43
 70
     1
102
RTVSPropertyOp44
 70
     1
102
RTVSPropertyOp45
 70
     1
102
RTVSPropertyOp46
 70
     1
102
RTVSPropertyOp47
 70
     1
102
RTVSPropertyOp48
 70
     1
102
RTVSPropertyOp49
 70
     1
102
RTVSPropertyOp50
 70
     1
102
RTVSPropertyOp51
 70
     0
102
RTVSPropertyOp52
 70
     0
102
RTVSPropertyOp53
 70
     1
102
RTVSPropertyOp54
 70
     1
102
RTVSPropertyOp55
 70
     1
102
RTVSPropertyOp56
 70
     1
102
RTVSPropertyOp57
 70
     1
102
RTVSPropertyOp58
 70
     1
102
RTVSPropertyOp59
 70
     1
102
RTVSPropertyOp60
 70
     1
102
RTVSPropertyOp61
 70
     1
102
RTVSPropertyOp62
 70
     1
  0
XRECORD
  5
2E1F
102
{ACAD_REACTORS
330
2E1E
102
}
330
2E1E
100
AcDbXrecord
280
     1
102
RTVSPost2010Prop28
280
     0
102
RTVSPost2010PropOp28
 70
     0
102
RTVSPost2010Prop29
280
     1
102
RTVSPost2010PropOp29
 70
     0
102
RTVSPost2010Prop30
280
     1
102
RTVSPost2010PropOp30
 70
     0
102
RTVSPost2010Prop31
280
     0
102
RTVSPost2010PropOp31
 70
     0
102
RTVSPost2010Prop32
280
     0
102
RTVSPost2010PropOp32
 70
     0
102
RTVSPost2010Prop33
280
     0
102
RTVSPost2010PropOp33
 70
     0
102
RTVSPost2010Prop34
280
     0
102
RTVSPost2010PropOp34
 70
     0
102
RTVSPost2010Prop35
280
     0
102
RTVSPost2010PropOp35
 70
     0
102
RTVSPost2010Prop36
280
     0
102
RTVSPost2010PropOp36
 70
     0
102
RTVSPost2010Prop37
 90
       50
102
RTVSPost2010PropOp37
 70
     0
102
RTVSPost2010Prop38
140
0.0
102
RTVSPost2010PropOp38
 70
     0
102
RTVSPost2010Prop39
140
1.0
102
RTVSPost2010PropOp39
 70
     0
102
RTVSPost2010Prop40
 90
        0
102
RTVSPost2010PropOp40
 70
     0
102
RTVSPost2010Prop41ColorIndex
 90
       18
102
RTVSPost2010Prop41ColorRGB
 90
        0
102
RTVSPost2010PropOp41
 70
     0
102
RTVSPost2010Prop42
 90
       50
102
RTVSPost2010PropOp42
 70
     0
102
RTVSPost2010Prop43
 90
        3
102
RTVSPost2010PropOp43
 70
     0
102
RTVSPost2010Prop44ColorIndex
 90
        5
102
RTVSPost2010Prop44ColorRGB
 90
      255
102
RTVSPost2010PropOp44
 70
     0
102
RTVSPost2010Prop45
280
     0
102
RTVSPost2010PropOp45
 70
     0
102
RTVSPost2010Prop46
 90
       50
102
RTVSPost2010PropOp46
 70
     0
102
RTVSPost2010Prop47
 90
       50
102
RTVSPost2010PropOp47
 70
     0
102
RTVSPost2010Prop48
 90
       50
102
RTVSPost2010PropOp48
 70
     0
102
RTVSPost2010Prop49
280
     0
102
RTVSPost2010PropOp49
 70
     0
102
RTVSPost2010Prop50
 90
       50
102
RTVSPost2010PropOp50
 70
     0
102
RTVSPost2010Prop51ColorIndex
 90
      256
102
RTVSPost2010Prop51ColorRGB
 90
-16777216
102
RTVSPost2010PropOp51
 70
     0
102
RTVSPost2010Prop52
140
1.0
102
RTVSPost2010PropOp52
 70
     0
102
RTVSPost2010Prop53
 90
        2
102
RTVSPost2010PropOp53
 70
     0
102
RTVSPost2010Prop54
  1
strokes_ogs.tif
102
RTVSPost2010PropOp54
 70
     0
102
RTVSPost2010Prop55
280
     0
102
RTVSPost2010PropOp55
 70
     0
102
RTVSPost2010Prop56
140
1.0
102
RTVSPost2010PropOp56
 70
     0
102
RTVSPost2010Prop57
140
1.0
102
RTVSPost2010PropOp57
 70
     0
102
RTVSPropertyOp0
 70
     0
102
RTVSPropertyOp1
 70
     0
102
RTVSPropertyOp2
 70
     0
102
RTVSPropertyOp3
 70
     0
102
RTVSPropertyOp4
 70
     0
102
RTVSPropertyOp5
 70
     0
102
RTVSPropertyOp6
 70
     0
102
RTVSPropertyOp7
 70
     0
102
RTVSPropertyOp8
 70
     0
102
RTVSPropertyOp9
 70
     0
102
RTVSPropertyOp10
 70
     0
102
RTVSPropertyOp11
 70
     0
102
RTVSPropertyOp12
 70
     0
102
RTVSPropertyOp13
 70
     0
102
RTVSPropertyOp14
 70
     2
102
RTVSPropertyOp15
 70
     0
102
RTVSPropertyOp16
 70
     0
102
RTVSPropertyOp17
 70
     0
102
RTVSPropertyOp18
 70
     0
102
RTVSPropertyOp19
 70
     0
102
RTVSPropertyOp20
 70
     0
102
RTVSPropertyOp21
 70
     0
102
RTVSPropertyOp22
 70
     0
102
RTVSPropertyOp23
 70
     0
102
RTVSPropertyOp24
 70
     0
102
RTVSPropertyOp25
 70
     0
102
RTVSPropertyOp26
 70
     0
102
RTVSPropertyOp27
 70
     0
102
RTVSPropertyOp28
 70
     0
102
RTVSPropertyOp29
 70
     0
102
RTVSPropertyOp30
 70
     0
102
RTVSPropertyOp31
 70
     0
102
RTVSPropertyOp32
 70
     0
102
RTVSPropertyOp33
 70
     0
102
RTVSPropertyOp34
 70
     0
102
RTVSPropertyOp35
 70
     0
102
RTVSPropertyOp36
 70
     0
102
RTVSPropertyOp37
 70
     0
102
RTVSPropertyOp38
 70
     0
102
RTVSPropertyOp39
 70
     0
102
RTVSPropertyOp40
 70
     0
102
RTVSPropertyOp41
 70
     0
102
RTVSPropertyOp42
 70
     0
102
RTVSPropertyOp43
 70
     0
102
RTVSPropertyOp44
 70
     0
102
RTVSPropertyOp45
 70
     0
102
RTVSPropertyOp46
 70
     0
102
RTVSPropertyOp47
 70
     0
102
RTVSPropertyOp48
 70
     0
102
RTVSPropertyOp49
 70
     0
102
RTVSPropertyOp50
 70
     0
102
RTVSPropertyOp51
 70
     0
102
RTVSPropertyOp52
 70
     0
102
RTVSPropertyOp53
 70
     0
102
RTVSPropertyOp54
 70
     0
102
RTVSPropertyOp55
 70
     0
102
RTVSPropertyOp56
 70
     0
102
RTVSPropertyOp57
 70
     0
102
RTVSPropertyOp58
 70
     0
102
RTVSPropertyOp59
 70
     0
102
RTVSPropertyOp60
 70
     0
102
RTVSPropertyOp61
 70
     0
102
RTVSPropertyOp62
 70
     0
  0
XRECORD
  5
2E09
102
{ACAD_REACTORS
330
2E08
102
}
330
2E08
100
AcDbXrecord
280
     1
102
RTVSPost2010Prop28
280
     0
102
RTVSPost2010PropOp28
 70
     1
102
RTVSPost2010Prop29
280
     1
102
RTVSPost2010PropOp29
 70
     1
102
RTVSPost2010Prop30
280
     1
102
RTVSPost2010PropOp30
 70
     1
102
RTVSPost2010Prop31
280
     0
102
RTVSPost2010PropOp31
 70
     1
102
RTVSPost2010Prop32
280
     0
102
RTVSPost2010PropOp32
 70
     1
102
RTVSPost2010Prop33
280
     0
102
RTVSPost2010PropOp33
 70
     1
102
RTVSPost2010Prop34
280
     0
102
RTVSPost2010PropOp34
 70
     1
102
RTVSPost2010Prop35
280
     0
102
RTVSPost2010PropOp35
 70
     1
102
RTVSPost2010Prop36
280
     0
102
RTVSPost2010PropOp36
 70
     1
102
RTVSPost2010Prop37
 90
       50
102
RTVSPost2010PropOp37
 70
     1
102
RTVSPost2010Prop38
140
0.0
102
RTVSPost2010PropOp38
 70
     1
102
RTVSPost2010Prop39
140
1.0
102
RTVSPost2010PropOp39
 70
     1
102
RTVSPost2010Prop40
 90
        0
102
RTVSPost2010PropOp40
 70
     1
102
RTVSPost2010Prop41ColorIndex
 90
       18
102
RTVSPost2010Prop41ColorRGB
 90
        0
102
RTVSPost2010PropOp41
 70
     1
102
RTVSPost2010Prop42
 90
       50
102
RTVSPost2010PropOp42
 70
     1
102
RTVSPost2010Prop43
 90
        3
102
RTVSPost2010PropOp43
 70
     1
102
RTVSPost2010Prop44ColorIndex
 90
        5
102
RTVSPost2010Prop44ColorRGB
 90
      255
102
RTVSPost2010PropOp44
 70
     1
102
RTVSPost2010Prop45
280
     0
102
RTVSPost2010PropOp45
 70
     1
102
RTVSPost2010Prop46
 90
       50
102
RTVSPost2010PropOp46
 70
     1
102
RTVSPost2010Prop47
 90
       50
102
RTVSPost2010PropOp47
 70
     1
102
RTVSPost2010Prop48
 90
       50
102
RTVSPost2010PropOp48
 70
     1
102
RTVSPost2010Prop49
280
     0
102
RTVSPost2010PropOp49
 70
     1
102
RTVSPost2010Prop50
 90
       50
102
RTVSPost2010PropOp50
 70
     1
102
RTVSPost2010Prop51ColorIndex
 90
      256
102
RTVSPost2010Prop51ColorRGB
 90
-16777216
102
RTVSPost2010PropOp51
 70
     0
102
RTVSPost2010Prop52
140
1.0
102
RTVSPost2010PropOp52
 70
     0
102
RTVSPost2010Prop53
 90
        2
102
RTVSPost2010PropOp53
 70
     1
102
RTVSPost2010Prop54
  1
strokes_ogs.tif
102
RTVSPost2010PropOp54
 70
     1
102
RTVSPost2010Prop55
280
     0
102
RTVSPost2010PropOp55
 70
     1
102
RTVSPost2010Prop56
140
1.0
102
RTVSPost2010PropOp56
 70
     1
102
RTVSPost2010Prop57
140
1.0
102
RTVSPost2010PropOp57
 70
     1
102
RTVSPropertyOp0
 70
     1
102
RTVSPropertyOp1
 70
     1
102
RTVSPropertyOp2
 70
     1
102
RTVSPropertyOp3
 70
     1
102
RTVSPropertyOp4
 70
     1
102
RTVSPropertyOp5
 70
     1
102
RTVSPropertyOp6
 70
     1
102
RTVSPropertyOp7
 70
     1
102
RTVSPropertyOp8
 70
     1
102
RTVSPropertyOp9
 70
     1
102
RTVSPropertyOp10
 70
     1
102
RTVSPropertyOp11
 70
     1
102
RTVSPropertyOp12
 70
     1
102
RTVSPropertyOp13
 70
     1
102
RTVSPropertyOp14
 70
     1
102
RTVSPropertyOp15
 70
     1
102
RTVSPropertyOp16
 70
     1
102
RTVSPropertyOp17
 70
     1
102
RTVSPropertyOp18
 70
     1
102
RTVSPropertyOp19
 70
     1
102
RTVSPropertyOp20
 70
     1
102
RTVSPropertyOp21
 70
     1
102
RTVSPropertyOp22
 70
     1
102
RTVSPropertyOp23
 70
     1
102
RTVSPropertyOp24
 70
     1
102
RTVSPropertyOp25
 70
     1
102
RTVSPropertyOp26
 70
     1
102
RTVSPropertyOp27
 70
     1
102
RTVSPropertyOp28
 70
     1
102
RTVSPropertyOp29
 70
     1
102
RTVSPropertyOp30
 70
     1
102
RTVSPropertyOp31
 70
     1
102
RTVSPropertyOp32
 70
     1
102
RTVSPropertyOp33
 70
     1
102
RTVSPropertyOp34
 70
     1
102
RTVSPropertyOp35
 70
     1
102
RTVSPropertyOp36
 70
     1
102
RTVSPropertyOp37
 70
     1
102
RTVSPropertyOp38
 70
     1
102
RTVSPropertyOp39
 70
     1
102
RTVSPropertyOp40
 70
     1
102
RTVSPropertyOp41
 70
     1
102
RTVSPropertyOp42
 70
     1
102
RTVSPropertyOp43
 70
     1
102
RTVSPropertyOp44
 70
     1
102
RTVSPropertyOp45
 70
     1
102
RTVSPropertyOp46
 70
     1
102
RTVSPropertyOp47
 70
     1
102
RTVSPropertyOp48
 70
     1
102
RTVSPropertyOp49
 70
     1
102
RTVSPropertyOp50
 70
     1
102
RTVSPropertyOp51
 70
     0
102
RTVSPropertyOp52
 70
     0
102
RTVSPropertyOp53
 70
     1
102
RTVSPropertyOp54
 70
     1
102
RTVSPropertyOp55
 70
     1
102
RTVSPropertyOp56
 70
     1
102
RTVSPropertyOp57
 70
     1
102
RTVSPropertyOp58
 70
     1
102
RTVSPropertyOp59
 70
     1
102
RTVSPropertyOp60
 70
     1
102
RTVSPropertyOp61
 70
     1
102
RTVSPropertyOp62
 70
     1
  0
XRECORD
  5
2DED
102
{ACAD_REACTORS
330
2DEC
102
}
330
2DEC
100
AcDbXrecord
280
     1
102
RTVSPost2010Prop28
280
     0
102
RTVSPost2010PropOp28
 70
     1
102
RTVSPost2010Prop29
280
     1
102
RTVSPost2010PropOp29
 70
     1
102
RTVSPost2010Prop30
280
     1
102
RTVSPost2010PropOp30
 70
     1
102
RTVSPost2010Prop31
280
     0
102
RTVSPost2010PropOp31
 70
     1
102
RTVSPost2010Prop32
280
     0
102
RTVSPost2010PropOp32
 70
     1
102
RTVSPost2010Prop33
280
     0
102
RTVSPost2010PropOp33
 70
     1
102
RTVSPost2010Prop34
280
     0
102
RTVSPost2010PropOp34
 70
     1
102
RTVSPost2010Prop35
280
     0
102
RTVSPost2010PropOp35
 70
     1
102
RTVSPost2010Prop36
280
     0
102
RTVSPost2010PropOp36
 70
     1
102
RTVSPost2010Prop37
 90
       50
102
RTVSPost2010PropOp37
 70
     1
102
RTVSPost2010Prop38
140
0.0
102
RTVSPost2010PropOp38
 70
     1
102
RTVSPost2010Prop39
140
1.0
102
RTVSPost2010PropOp39
 70
     1
102
RTVSPost2010Prop40
 90
        0
102
RTVSPost2010PropOp40
 70
     1
102
RTVSPost2010Prop41ColorIndex
 90
       18
102
RTVSPost2010Prop41ColorRGB
 90
        0
102
RTVSPost2010PropOp41
 70
     1
102
RTVSPost2010Prop42
 90
       50
102
RTVSPost2010PropOp42
 70
     1
102
RTVSPost2010Prop43
 90
        3
102
RTVSPost2010PropOp43
 70
     1
102
RTVSPost2010Prop44ColorIndex
 90
        5
102
RTVSPost2010Prop44ColorRGB
 90
      255
102
RTVSPost2010PropOp44
 70
     1
102
RTVSPost2010Prop45
280
     0
102
RTVSPost2010PropOp45
 70
     1
102
RTVSPost2010Prop46
 90
       50
102
RTVSPost2010PropOp46
 70
     1
102
RTVSPost2010Prop47
 90
       50
102
RTVSPost2010PropOp47
 70
     1
102
RTVSPost2010Prop48
 90
       50
102
RTVSPost2010PropOp48
 70
     1
102
RTVSPost2010Prop49
280
     0
102
RTVSPost2010PropOp49
 70
     1
102
RTVSPost2010Prop50
 90
       50
102
RTVSPost2010PropOp50
 70
     1
102
RTVSPost2010Prop51ColorIndex
 90
      256
102
RTVSPost2010Prop51ColorRGB
 90
-16777216
102
RTVSPost2010PropOp51
 70
     0
102
RTVSPost2010Prop52
140
1.0
102
RTVSPost2010PropOp52
 70
     0
102
RTVSPost2010Prop53
 90
        2
102
RTVSPost2010PropOp53
 70
     1
102
RTVSPost2010Prop54
  1
strokes_ogs.tif
102
RTVSPost2010PropOp54
 70
     1
102
RTVSPost2010Prop55
280
     0
102
RTVSPost2010PropOp55
 70
     1
102
RTVSPost2010Prop56
140
1.0
102
RTVSPost2010PropOp56
 70
     1
102
RTVSPost2010Prop57
140
1.0
102
RTVSPost2010PropOp57
 70
     1
102
RTVSPropertyOp0
 70
     1
102
RTVSPropertyOp1
 70
     1
102
RTVSPropertyOp2
 70
     1
102
RTVSPropertyOp3
 70
     1
102
RTVSPropertyOp4
 70
     1
102
RTVSPropertyOp5
 70
     1
102
RTVSPropertyOp6
 70
     1
102
RTVSPropertyOp7
 70
     1
102
RTVSPropertyOp8
 70
     1
102
RTVSPropertyOp9
 70
     1
102
RTVSPropertyOp10
 70
     1
102
RTVSPropertyOp11
 70
     1
102
RTVSPropertyOp12
 70
     1
102
RTVSPropertyOp13
 70
     1
102
RTVSPropertyOp14
 70
     1
102
RTVSPropertyOp15
 70
     1
102
RTVSPropertyOp16
 70
     1
102
RTVSPropertyOp17
 70
     1
102
RTVSPropertyOp18
 70
     1
102
RTVSPropertyOp19
 70
     1
102
RTVSPropertyOp20
 70
     1
102
RTVSPropertyOp21
 70
     1
102
RTVSPropertyOp22
 70
     1
102
RTVSPropertyOp23
 70
     1
102
RTVSPropertyOp24
 70
     1
102
RTVSPropertyOp25
 70
     1
102
RTVSPropertyOp26
 70
     1
102
RTVSPropertyOp27
 70
     1
102
RTVSPropertyOp28
 70
     1
102
RTVSPropertyOp29
 70
     1
102
RTVSPropertyOp30
 70
     1
102
RTVSPropertyOp31
 70
     1
102
RTVSPropertyOp32
 70
     1
102
RTVSPropertyOp33
 70
     1
102
RTVSPropertyOp34
 70
     1
102
RTVSPropertyOp35
 70
     1
102
RTVSPropertyOp36
 70
     1
102
RTVSPropertyOp37
 70
     1
102
RTVSPropertyOp38
 70
     1
102
RTVSPropertyOp39
 70
     1
102
RTVSPropertyOp40
 70
     1
102
RTVSPropertyOp41
 70
     1
102
RTVSPropertyOp42
 70
     1
102
RTVSPropertyOp43
 70
     1
102
RTVSPropertyOp44
 70
     1
102
RTVSPropertyOp45
 70
     1
102
RTVSPropertyOp46
 70
     1
102
RTVSPropertyOp47
 70
     1
102
RTVSPropertyOp48
 70
     1
102
RTVSPropertyOp49
 70
     1
102
RTVSPropertyOp50
 70
     1
102
RTVSPropertyOp51
 70
     0
102
RTVSPropertyOp52
 70
     0
102
RTVSPropertyOp53
 70
     1
102
RTVSPropertyOp54
 70
     1
102
RTVSPropertyOp55
 70
     1
102
RTVSPropertyOp56
 70
     1
102
RTVSPropertyOp57
 70
     1
102
RTVSPropertyOp58
 70
     1
102
RTVSPropertyOp59
 70
     1
102
RTVSPropertyOp60
 70
     1
102
RTVSPropertyOp61
 70
     1
102
RTVSPropertyOp62
 70
     1
  0
XRECORD
  5
2DEF
102
{ACAD_REACTORS
330
2DEE
102
}
330
2DEE
100
AcDbXrecord
280
     1
102
RTVSPost2010Prop28
280
     0
102
RTVSPost2010PropOp28
 70
     1
102
RTVSPost2010Prop29
280
     1
102
RTVSPost2010PropOp29
 70
     1
102
RTVSPost2010Prop30
280
     1
102
RTVSPost2010PropOp30
 70
     1
102
RTVSPost2010Prop31
280
     0
102
RTVSPost2010PropOp31
 70
     1
102
RTVSPost2010Prop32
280
     0
102
RTVSPost2010PropOp32
 70
     1
102
RTVSPost2010Prop33
280
     0
102
RTVSPost2010PropOp33
 70
     1
102
RTVSPost2010Prop34
280
     0
102
RTVSPost2010PropOp34
 70
     1
102
RTVSPost2010Prop35
280
     0
102
RTVSPost2010PropOp35
 70
     1
102
RTVSPost2010Prop36
280
     0
102
RTVSPost2010PropOp36
 70
     1
102
RTVSPost2010Prop37
 90
       50
102
RTVSPost2010PropOp37
 70
     1
102
RTVSPost2010Prop38
140
0.0
102
RTVSPost2010PropOp38
 70
     1
102
RTVSPost2010Prop39
140
1.0
102
RTVSPost2010PropOp39
 70
     1
102
RTVSPost2010Prop40
 90
        0
102
RTVSPost2010PropOp40
 70
     1
102
RTVSPost2010Prop41ColorIndex
 90
       18
102
RTVSPost2010Prop41ColorRGB
 90
        0
102
RTVSPost2010PropOp41
 70
     1
102
RTVSPost2010Prop42
 90
       50
102
RTVSPost2010PropOp42
 70
     1
102
RTVSPost2010Prop43
 90
        3
102
RTVSPost2010PropOp43
 70
     1
102
RTVSPost2010Prop44ColorIndex
 90
        5
102
RTVSPost2010Prop44ColorRGB
 90
      255
102
RTVSPost2010PropOp44
 70
     1
102
RTVSPost2010Prop45
280
     0
102
RTVSPost2010PropOp45
 70
     1
102
RTVSPost2010Prop46
 90
       50
102
RTVSPost2010PropOp46
 70
     1
102
RTVSPost2010Prop47
 90
       50
102
RTVSPost2010PropOp47
 70
     1
102
RTVSPost2010Prop48
 90
       50
102
RTVSPost2010PropOp48
 70
     1
102
RTVSPost2010Prop49
280
     0
102
RTVSPost2010PropOp49
 70
     1
102
RTVSPost2010Prop50
 90
       50
102
RTVSPost2010PropOp50
 70
     1
102
RTVSPost2010Prop51ColorIndex
 90
      256
102
RTVSPost2010Prop51ColorRGB
 90
-16777216
102
RTVSPost2010PropOp51
 70
     0
102
RTVSPost2010Prop52
140
1.0
102
RTVSPost2010PropOp52
 70
     0
102
RTVSPost2010Prop53
 90
        2
102
RTVSPost2010PropOp53
 70
     1
102
RTVSPost2010Prop54
  1
strokes_ogs.tif
102
RTVSPost2010PropOp54
 70
     1
102
RTVSPost2010Prop55
280
     0
102
RTVSPost2010PropOp55
 70
     1
102
RTVSPost2010Prop56
140
1.0
102
RTVSPost2010PropOp56
 70
     1
102
RTVSPost2010Prop57
140
1.0
102
RTVSPost2010PropOp57
 70
     1
102
RTVSPropertyOp0
 70
     1
102
RTVSPropertyOp1
 70
     1
102
RTVSPropertyOp2
 70
     1
102
RTVSPropertyOp3
 70
     1
102
RTVSPropertyOp4
 70
     1
102
RTVSPropertyOp5
 70
     1
102
RTVSPropertyOp6
 70
     1
102
RTVSPropertyOp7
 70
     1
102
RTVSPropertyOp8
 70
     1
102
RTVSPropertyOp9
 70
     1
102
RTVSPropertyOp10
 70
     1
102
RTVSPropertyOp11
 70
     1
102
RTVSPropertyOp12
 70
     1
102
RTVSPropertyOp13
 70
     1
102
RTVSPropertyOp14
 70
     1
102
RTVSPropertyOp15
 70
     1
102
RTVSPropertyOp16
 70
     1
102
RTVSPropertyOp17
 70
     1
102
RTVSPropertyOp18
 70
     1
102
RTVSPropertyOp19
 70
     1
102
RTVSPropertyOp20
 70
     1
102
RTVSPropertyOp21
 70
     1
102
RTVSPropertyOp22
 70
     1
102
RTVSPropertyOp23
 70
     1
102
RTVSPropertyOp24
 70
     1
102
RTVSPropertyOp25
 70
     1
102
RTVSPropertyOp26
 70
     1
102
RTVSPropertyOp27
 70
     1
102
RTVSPropertyOp28
 70
     1
102
RTVSPropertyOp29
 70
     1
102
RTVSPropertyOp30
 70
     1
102
RTVSPropertyOp31
 70
     1
102
RTVSPropertyOp32
 70
     1
102
RTVSPropertyOp33
 70
     1
102
RTVSPropertyOp34
 70
     1
102
RTVSPropertyOp35
 70
     1
102
RTVSPropertyOp36
 70
     1
102
RTVSPropertyOp37
 70
     1
102
RTVSPropertyOp38
 70
     1
102
RTVSPropertyOp39
 70
     1
102
RTVSPropertyOp40
 70
     1
102
RTVSPropertyOp41
 70
     1
102
RTVSPropertyOp42
 70
     1
102
RTVSPropertyOp43
 70
     1
102
RTVSPropertyOp44
 70
     1
102
RTVSPropertyOp45
 70
     1
102
RTVSPropertyOp46
 70
     1
102
RTVSPropertyOp47
 70
     1
102
RTVSPropertyOp48
 70
     1
102
RTVSPropertyOp49
 70
     1
102
RTVSPropertyOp50
 70
     1
102
RTVSPropertyOp51
 70
     0
102
RTVSPropertyOp52
 70
     0
102
RTVSPropertyOp53
 70
     1
102
RTVSPropertyOp54
 70
     1
102
RTVSPropertyOp55
 70
     1
102
RTVSPropertyOp56
 70
     1
102
RTVSPropertyOp57
 70
     1
102
RTVSPropertyOp58
 70
     1
102
RTVSPropertyOp59
 70
     1
102
RTVSPropertyOp60
 70
     1
102
RTVSPropertyOp61
 70
     1
102
RTVSPropertyOp62
 70
     1
  0
XRECORD
  5
2DF1
102
{ACAD_REACTORS
330
2DF0
102
}
330
2DF0
100
AcDbXrecord
280
     1
102
RTVSPost2010Prop28
280
     0
102
RTVSPost2010PropOp28
 70
     1
102
RTVSPost2010Prop29
280
     1
102
RTVSPost2010PropOp29
 70
     1
102
RTVSPost2010Prop30
280
     1
102
RTVSPost2010PropOp30
 70
     1
102
RTVSPost2010Prop31
280
     0
102
RTVSPost2010PropOp31
 70
     1
102
RTVSPost2010Prop32
280
     0
102
RTVSPost2010PropOp32
 70
     1
102
RTVSPost2010Prop33
280
     0
102
RTVSPost2010PropOp33
 70
     1
102
RTVSPost2010Prop34
280
     0
102
RTVSPost2010PropOp34
 70
     1
102
RTVSPost2010Prop35
280
     0
102
RTVSPost2010PropOp35
 70
     1
102
RTVSPost2010Prop36
280
     0
102
RTVSPost2010PropOp36
 70
     1
102
RTVSPost2010Prop37
 90
       50
102
RTVSPost2010PropOp37
 70
     1
102
RTVSPost2010Prop38
140
0.0
102
RTVSPost2010PropOp38
 70
     1
102
RTVSPost2010Prop39
140
1.0
102
RTVSPost2010PropOp39
 70
     1
102
RTVSPost2010Prop40
 90
        0
102
RTVSPost2010PropOp40
 70
     1
102
RTVSPost2010Prop41ColorIndex
 90
       18
102
RTVSPost2010Prop41ColorRGB
 90
        0
102
RTVSPost2010PropOp41
 70
     1
102
RTVSPost2010Prop42
 90
       50
102
RTVSPost2010PropOp42
 70
     1
102
RTVSPost2010Prop43
 90
        3
102
RTVSPost2010PropOp43
 70
     1
102
RTVSPost2010Prop44ColorIndex
 90
        5
102
RTVSPost2010Prop44ColorRGB
 90
      255
102
RTVSPost2010PropOp44
 70
     1
102
RTVSPost2010Prop45
280
     0
102
RTVSPost2010PropOp45
 70
     1
102
RTVSPost2010Prop46
 90
       50
102
RTVSPost2010PropOp46
 70
     1
102
RTVSPost2010Prop47
 90
       50
102
RTVSPost2010PropOp47
 70
     1
102
RTVSPost2010Prop48
 90
       50
102
RTVSPost2010PropOp48
 70
     1
102
RTVSPost2010Prop49
280
     0
102
RTVSPost2010PropOp49
 70
     1
102
RTVSPost2010Prop50
 90
       50
102
RTVSPost2010PropOp50
 70
     1
102
RTVSPost2010Prop51ColorIndex
 90
      256
102
RTVSPost2010Prop51ColorRGB
 90
-16777216
102
RTVSPost2010PropOp51
 70
     0
102
RTVSPost2010Prop52
140
1.0
102
RTVSPost2010PropOp52
 70
     0
102
RTVSPost2010Prop53
 90
        2
102
RTVSPost2010PropOp53
 70
     1
102
RTVSPost2010Prop54
  1
strokes_ogs.tif
102
RTVSPost2010PropOp54
 70
     1
102
RTVSPost2010Prop55
280
     0
102
RTVSPost2010PropOp55
 70
     1
102
RTVSPost2010Prop56
140
1.0
102
RTVSPost2010PropOp56
 70
     1
102
RTVSPost2010Prop57
140
1.0
102
RTVSPost2010PropOp57
 70
     1
102
RTVSPropertyOp0
 70
     1
102
RTVSPropertyOp1
 70
     1
102
RTVSPropertyOp2
 70
     1
102
RTVSPropertyOp3
 70
     1
102
RTVSPropertyOp4
 70
     1
102
RTVSPropertyOp5
 70
     1
102
RTVSPropertyOp6
 70
     1
102
RTVSPropertyOp7
 70
     1
102
RTVSPropertyOp8
 70
     1
102
RTVSPropertyOp9
 70
     1
102
RTVSPropertyOp10
 70
     1
102
RTVSPropertyOp11
 70
     1
102
RTVSPropertyOp12
 70
     1
102
RTVSPropertyOp13
 70
     1
102
RTVSPropertyOp14
 70
     1
102
RTVSPropertyOp15
 70
     1
102
RTVSPropertyOp16
 70
     1
102
RTVSPropertyOp17
 70
     1
102
RTVSPropertyOp18
 70
     1
102
RTVSPropertyOp19
 70
     1
102
RTVSPropertyOp20
 70
     1
102
RTVSPropertyOp21
 70
     1
102
RTVSPropertyOp22
 70
     1
102
RTVSPropertyOp23
 70
     1
102
RTVSPropertyOp24
 70
     1
102
RTVSPropertyOp25
 70
     1
102
RTVSPropertyOp26
 70
     1
102
RTVSPropertyOp27
 70
     1
102
RTVSPropertyOp28
 70
     1
102
RTVSPropertyOp29
 70
     1
102
RTVSPropertyOp30
 70
     1
102
RTVSPropertyOp31
 70
     1
102
RTVSPropertyOp32
 70
     1
102
RTVSPropertyOp33
 70
     1
102
RTVSPropertyOp34
 70
     1
102
RTVSPropertyOp35
 70
     1
102
RTVSPropertyOp36
 70
     1
102
RTVSPropertyOp37
 70
     1
102
RTVSPropertyOp38
 70
     1
102
RTVSPropertyOp39
 70
     1
102
RTVSPropertyOp40
 70
     1
102
RTVSPropertyOp41
 70
     1
102
RTVSPropertyOp42
 70
     1
102
RTVSPropertyOp43
 70
     1
102
RTVSPropertyOp44
 70
     1
102
RTVSPropertyOp45
 70
     1
102
RTVSPropertyOp46
 70
     1
102
RTVSPropertyOp47
 70
     1
102
RTVSPropertyOp48
 70
     1
102
RTVSPropertyOp49
 70
     1
102
RTVSPropertyOp50
 70
     1
102
RTVSPropertyOp51
 70
     0
102
RTVSPropertyOp52
 70
     0
102
RTVSPropertyOp53
 70
     1
102
RTVSPropertyOp54
 70
     1
102
RTVSPropertyOp55
 70
     1
102
RTVSPropertyOp56
 70
     1
102
RTVSPropertyOp57
 70
     1
102
RTVSPropertyOp58
 70
     1
102
RTVSPropertyOp59
 70
     1
102
RTVSPropertyOp60
 70
     1
102
RTVSPropertyOp61
 70
     1
102
RTVSPropertyOp62
 70
     1
  0
XRECORD
  5
2DF3
102
{ACAD_REACTORS
330
2DF2
102
}
330
2DF2
100
AcDbXrecord
280
     1
102
RTVSPost2010Prop28
280
     0
102
RTVSPost2010PropOp28
 70
     1
102
RTVSPost2010Prop29
280
     1
102
RTVSPost2010PropOp29
 70
     1
102
RTVSPost2010Prop30
280
     1
102
RTVSPost2010PropOp30
 70
     1
102
RTVSPost2010Prop31
280
     0
102
RTVSPost2010PropOp31
 70
     1
102
RTVSPost2010Prop32
280
     0
102
RTVSPost2010PropOp32
 70
     1
102
RTVSPost2010Prop33
280
     0
102
RTVSPost2010PropOp33
 70
     1
102
RTVSPost2010Prop34
280
     0
102
RTVSPost2010PropOp34
 70
     1
102
RTVSPost2010Prop35
280
     0
102
RTVSPost2010PropOp35
 70
     1
102
RTVSPost2010Prop36
280
     0
102
RTVSPost2010PropOp36
 70
     1
102
RTVSPost2010Prop37
 90
       50
102
RTVSPost2010PropOp37
 70
     1
102
RTVSPost2010Prop38
140
0.0
102
RTVSPost2010PropOp38
 70
     1
102
RTVSPost2010Prop39
140
1.0
102
RTVSPost2010PropOp39
 70
     1
102
RTVSPost2010Prop40
 90
        0
102
RTVSPost2010PropOp40
 70
     1
102
RTVSPost2010Prop41ColorIndex
 90
       18
102
RTVSPost2010Prop41ColorRGB
 90
        0
102
RTVSPost2010PropOp41
 70
     1
102
RTVSPost2010Prop42
 90
       50
102
RTVSPost2010PropOp42
 70
     1
102
RTVSPost2010Prop43
 90
        3
102
RTVSPost2010PropOp43
 70
     1
102
RTVSPost2010Prop44ColorIndex
 90
        5
102
RTVSPost2010Prop44ColorRGB
 90
      255
102
RTVSPost2010PropOp44
 70
     1
102
RTVSPost2010Prop45
280
     0
102
RTVSPost2010PropOp45
 70
     1
102
RTVSPost2010Prop46
 90
       50
102
RTVSPost2010PropOp46
 70
     1
102
RTVSPost2010Prop47
 90
       50
102
RTVSPost2010PropOp47
 70
     1
102
RTVSPost2010Prop48
 90
       50
102
RTVSPost2010PropOp48
 70
     1
102
RTVSPost2010Prop49
280
     0
102
RTVSPost2010PropOp49
 70
     1
102
RTVSPost2010Prop50
 90
       50
102
RTVSPost2010PropOp50
 70
     1
102
RTVSPost2010Prop51ColorIndex
 90
      256
102
RTVSPost2010Prop51ColorRGB
 90
-16777216
102
RTVSPost2010PropOp51
 70
     0
102
RTVSPost2010Prop52
140
1.0
102
RTVSPost2010PropOp52
 70
     0
102
RTVSPost2010Prop53
 90
        2
102
RTVSPost2010PropOp53
 70
     1
102
RTVSPost2010Prop54
  1
strokes_ogs.tif
102
RTVSPost2010PropOp54
 70
     1
102
RTVSPost2010Prop55
280
     0
102
RTVSPost2010PropOp55
 70
     1
102
RTVSPost2010Prop56
140
1.0
102
RTVSPost2010PropOp56
 70
     1
102
RTVSPost2010Prop57
140
1.0
102
RTVSPost2010PropOp57
 70
     1
102
RTVSPropertyOp0
 70
     1
102
RTVSPropertyOp1
 70
     1
102
RTVSPropertyOp2
 70
     1
102
RTVSPropertyOp3
 70
     1
102
RTVSPropertyOp4
 70
     1
102
RTVSPropertyOp5
 70
     1
102
RTVSPropertyOp6
 70
     1
102
RTVSPropertyOp7
 70
     1
102
RTVSPropertyOp8
 70
     1
102
RTVSPropertyOp9
 70
     1
102
RTVSPropertyOp10
 70
     1
102
RTVSPropertyOp11
 70
     1
102
RTVSPropertyOp12
 70
     1
102
RTVSPropertyOp13
 70
     1
102
RTVSPropertyOp14
 70
     1
102
RTVSPropertyOp15
 70
     1
102
RTVSPropertyOp16
 70
     1
102
RTVSPropertyOp17
 70
     1
102
RTVSPropertyOp18
 70
     1
102
RTVSPropertyOp19
 70
     1
102
RTVSPropertyOp20
 70
     1
102
RTVSPropertyOp21
 70
     1
102
RTVSPropertyOp22
 70
     1
102
RTVSPropertyOp23
 70
     1
102
RTVSPropertyOp24
 70
     1
102
RTVSPropertyOp25
 70
     1
102
RTVSPropertyOp26
 70
     1
102
RTVSPropertyOp27
 70
     1
102
RTVSPropertyOp28
 70
     1
102
RTVSPropertyOp29
 70
     1
102
RTVSPropertyOp30
 70
     1
102
RTVSPropertyOp31
 70
     1
102
RTVSPropertyOp32
 70
     1
102
RTVSPropertyOp33
 70
     1
102
RTVSPropertyOp34
 70
     1
102
RTVSPropertyOp35
 70
     1
102
RTVSPropertyOp36
 70
     1
102
RTVSPropertyOp37
 70
     1
102
RTVSPropertyOp38
 70
     1
102
RTVSPropertyOp39
 70
     1
102
RTVSPropertyOp40
 70
     1
102
RTVSPropertyOp41
 70
     1
102
RTVSPropertyOp42
 70
     1
102
RTVSPropertyOp43
 70
     1
102
RTVSPropertyOp44
 70
     1
102
RTVSPropertyOp45
 70
     1
102
RTVSPropertyOp46
 70
     1
102
RTVSPropertyOp47
 70
     1
102
RTVSPropertyOp48
 70
     1
102
RTVSPropertyOp49
 70
     1
102
RTVSPropertyOp50
 70
     1
102
RTVSPropertyOp51
 70
     0
102
RTVSPropertyOp52
 70
     0
102
RTVSPropertyOp53
 70
     1
102
RTVSPropertyOp54
 70
     1
102
RTVSPropertyOp55
 70
     1
102
RTVSPropertyOp56
 70
     1
102
RTVSPropertyOp57
 70
     1
102
RTVSPropertyOp58
 70
     1
102
RTVSPropertyOp59
 70
     1
102
RTVSPropertyOp60
 70
     1
102
RTVSPropertyOp61
 70
     1
102
RTVSPropertyOp62
 70
     1
  0
XRECORD
  5
2E0F
102
{ACAD_REACTORS
330
2E0E
102
}
330
2E0E
100
AcDbXrecord
280
     1
102
RTVSPost2010Prop28
280
     0
102
RTVSPost2010PropOp28
 70
     1
102
RTVSPost2010Prop29
280
     1
102
RTVSPost2010PropOp29
 70
     1
102
RTVSPost2010Prop30
280
     1
102
RTVSPost2010PropOp30
 70
     1
102
RTVSPost2010Prop31
280
     0
102
RTVSPost2010PropOp31
 70
     1
102
RTVSPost2010Prop32
280
     0
102
RTVSPost2010PropOp32
 70
     1
102
RTVSPost2010Prop33
280
     0
102
RTVSPost2010PropOp33
 70
     1
102
RTVSPost2010Prop34
280
     0
102
RTVSPost2010PropOp34
 70
     1
102
RTVSPost2010Prop35
280
     0
102
RTVSPost2010PropOp35
 70
     1
102
RTVSPost2010Prop36
280
     0
102
RTVSPost2010PropOp36
 70
     1
102
RTVSPost2010Prop37
 90
       50
102
RTVSPost2010PropOp37
 70
     1
102
RTVSPost2010Prop38
140
0.0
102
RTVSPost2010PropOp38
 70
     1
102
RTVSPost2010Prop39
140
1.0
102
RTVSPost2010PropOp39
 70
     1
102
RTVSPost2010Prop40
 90
        0
102
RTVSPost2010PropOp40
 70
     1
102
RTVSPost2010Prop41ColorIndex
 90
       18
102
RTVSPost2010Prop41ColorRGB
 90
        0
102
RTVSPost2010PropOp41
 70
     1
102
RTVSPost2010Prop42
 90
       50
102
RTVSPost2010PropOp42
 70
     1
102
RTVSPost2010Prop43
 90
        3
102
RTVSPost2010PropOp43
 70
     1
102
RTVSPost2010Prop44ColorIndex
 90
        5
102
RTVSPost2010Prop44ColorRGB
 90
      255
102
RTVSPost2010PropOp44
 70
     1
102
RTVSPost2010Prop45
280
     0
102
RTVSPost2010PropOp45
 70
     1
102
RTVSPost2010Prop46
 90
       50
102
RTVSPost2010PropOp46
 70
     1
102
RTVSPost2010Prop47
 90
       50
102
RTVSPost2010PropOp47
 70
     1
102
RTVSPost2010Prop48
 90
       50
102
RTVSPost2010PropOp48
 70
     1
102
RTVSPost2010Prop49
280
     0
102
RTVSPost2010PropOp49
 70
     1
102
RTVSPost2010Prop50
 90
       50
102
RTVSPost2010PropOp50
 70
     1
102
RTVSPost2010Prop51ColorIndex
 90
      256
102
RTVSPost2010Prop51ColorRGB
 90
-16777216
102
RTVSPost2010PropOp51
 70
     0
102
RTVSPost2010Prop52
140
1.0
102
RTVSPost2010PropOp52
 70
     0
102
RTVSPost2010Prop53
 90
        2
102
RTVSPost2010PropOp53
 70
     1
102
RTVSPost2010Prop54
  1
strokes_ogs.tif
102
RTVSPost2010PropOp54
 70
     1
102
RTVSPost2010Prop55
280
     0
102
RTVSPost2010PropOp55
 70
     1
102
RTVSPost2010Prop56
140
1.0
102
RTVSPost2010PropOp56
 70
     1
102
RTVSPost2010Prop57
140
1.0
102
RTVSPost2010PropOp57
 70
     1
102
RTVSPropertyOp0
 70
     1
102
RTVSPropertyOp1
 70
     1
102
RTVSPropertyOp2
 70
     1
102
RTVSPropertyOp3
 70
     1
102
RTVSPropertyOp4
 70
     1
102
RTVSPropertyOp5
 70
     1
102
RTVSPropertyOp6
 70
     1
102
RTVSPropertyOp7
 70
     1
102
RTVSPropertyOp8
 70
     1
102
RTVSPropertyOp9
 70
     1
102
RTVSPropertyOp10
 70
     1
102
RTVSPropertyOp11
 70
     1
102
RTVSPropertyOp12
 70
     1
102
RTVSPropertyOp13
 70
     1
102
RTVSPropertyOp14
 70
     1
102
RTVSPropertyOp15
 70
     1
102
RTVSPropertyOp16
 70
     1
102
RTVSPropertyOp17
 70
     1
102
RTVSPropertyOp18
 70
     1
102
RTVSPropertyOp19
 70
     1
102
RTVSPropertyOp20
 70
     1
102
RTVSPropertyOp21
 70
     1
102
RTVSPropertyOp22
 70
     1
102
RTVSPropertyOp23
 70
     1
102
RTVSPropertyOp24
 70
     1
102
RTVSPropertyOp25
 70
     1
102
RTVSPropertyOp26
 70
     1
102
RTVSPropertyOp27
 70
     1
102
RTVSPropertyOp28
 70
     1
102
RTVSPropertyOp29
 70
     1
102
RTVSPropertyOp30
 70
     1
102
RTVSPropertyOp31
 70
     1
102
RTVSPropertyOp32
 70
     1
102
RTVSPropertyOp33
 70
     1
102
RTVSPropertyOp34
 70
     1
102
RTVSPropertyOp35
 70
     1
102
RTVSPropertyOp36
 70
     1
102
RTVSPropertyOp37
 70
     1
102
RTVSPropertyOp38
 70
     1
102
RTVSPropertyOp39
 70
     1
102
RTVSPropertyOp40
 70
     1
102
RTVSPropertyOp41
 70
     1
102
RTVSPropertyOp42
 70
     1
102
RTVSPropertyOp43
 70
     1
102
RTVSPropertyOp44
 70
     1
102
RTVSPropertyOp45
 70
     1
102
RTVSPropertyOp46
 70
     1
102
RTVSPropertyOp47
 70
     1
102
RTVSPropertyOp48
 70
     1
102
RTVSPropertyOp49
 70
     1
102
RTVSPropertyOp50
 70
     1
102
RTVSPropertyOp51
 70
     0
102
RTVSPropertyOp52
 70
     0
102
RTVSPropertyOp53
 70
     1
102
RTVSPropertyOp54
 70
     1
102
RTVSPropertyOp55
 70
     1
102
RTVSPropertyOp56
 70
     1
102
RTVSPropertyOp57
 70
     1
102
RTVSPropertyOp58
 70
     1
102
RTVSPropertyOp59
 70
     1
102
RTVSPropertyOp60
 70
     1
102
RTVSPropertyOp61
 70
     1
102
RTVSPropertyOp62
 70
     1
  0
XRECORD
  5
2E1B
102
{ACAD_REACTORS
330
2E1A
102
}
330
2E1A
100
AcDbXrecord
280
     1
102
RTVSPost2010Prop28
280
     0
102
RTVSPost2010PropOp28
 70
     0
102
RTVSPost2010Prop29
280
     1
102
RTVSPost2010PropOp29
 70
     0
102
RTVSPost2010Prop30
280
     1
102
RTVSPost2010PropOp30
 70
     0
102
RTVSPost2010Prop31
280
     0
102
RTVSPost2010PropOp31
 70
     0
102
RTVSPost2010Prop32
280
     0
102
RTVSPost2010PropOp32
 70
     0
102
RTVSPost2010Prop33
280
     0
102
RTVSPost2010PropOp33
 70
     0
102
RTVSPost2010Prop34
280
     0
102
RTVSPost2010PropOp34
 70
     0
102
RTVSPost2010Prop35
280
     0
102
RTVSPost2010PropOp35
 70
     0
102
RTVSPost2010Prop36
280
     0
102
RTVSPost2010PropOp36
 70
     0
102
RTVSPost2010Prop37
 90
       50
102
RTVSPost2010PropOp37
 70
     0
102
RTVSPost2010Prop38
140
0.0
102
RTVSPost2010PropOp38
 70
     0
102
RTVSPost2010Prop39
140
1.0
102
RTVSPost2010PropOp39
 70
     0
102
RTVSPost2010Prop40
 90
        0
102
RTVSPost2010PropOp40
 70
     0
102
RTVSPost2010Prop41ColorIndex
 90
       18
102
RTVSPost2010Prop41ColorRGB
 90
        0
102
RTVSPost2010PropOp41
 70
     0
102
RTVSPost2010Prop42
 90
       50
102
RTVSPost2010PropOp42
 70
     0
102
RTVSPost2010Prop43
 90
        3
102
RTVSPost2010PropOp43
 70
     0
102
RTVSPost2010Prop44ColorIndex
 90
        5
102
RTVSPost2010Prop44ColorRGB
 90
      255
102
RTVSPost2010PropOp44
 70
     0
102
RTVSPost2010Prop45
280
     0
102
RTVSPost2010PropOp45
 70
     0
102
RTVSPost2010Prop46
 90
       50
102
RTVSPost2010PropOp46
 70
     0
102
RTVSPost2010Prop47
 90
       50
102
RTVSPost2010PropOp47
 70
     0
102
RTVSPost2010Prop48
 90
       50
102
RTVSPost2010PropOp48
 70
     0
102
RTVSPost2010Prop49
280
     0
102
RTVSPost2010PropOp49
 70
     0
102
RTVSPost2010Prop50
 90
       50
102
RTVSPost2010PropOp50
 70
     0
102
RTVSPost2010Prop51ColorIndex
 90
      256
102
RTVSPost2010Prop51ColorRGB
 90
-16777216
102
RTVSPost2010PropOp51
 70
     0
102
RTVSPost2010Prop52
140
1.0
102
RTVSPost2010PropOp52
 70
     0
102
RTVSPost2010Prop53
 90
        2
102
RTVSPost2010PropOp53
 70
     0
102
RTVSPost2010Prop54
  1
strokes_ogs.tif
102
RTVSPost2010PropOp54
 70
     0
102
RTVSPost2010Prop55
280
     0
102
RTVSPost2010PropOp55
 70
     0
102
RTVSPost2010Prop56
140
1.0
102
RTVSPost2010PropOp56
 70
     0
102
RTVSPost2010Prop57
140
1.0
102
RTVSPost2010PropOp57
 70
     0
102
RTVSPropertyOp0
 70
     0
102
RTVSPropertyOp1
 70
     0
102
RTVSPropertyOp2
 70
     0
102
RTVSPropertyOp3
 70
     0
102
RTVSPropertyOp4
 70
     0
102
RTVSPropertyOp5
 70
     0
102
RTVSPropertyOp6
 70
     0
102
RTVSPropertyOp7
 70
     0
102
RTVSPropertyOp8
 70
     0
102
RTVSPropertyOp9
 70
     0
102
RTVSPropertyOp10
 70
     0
102
RTVSPropertyOp11
 70
     0
102
RTVSPropertyOp12
 70
     0
102
RTVSPropertyOp13
 70
     0
102
RTVSPropertyOp14
 70
     2
102
RTVSPropertyOp15
 70
     0
102
RTVSPropertyOp16
 70
     0
102
RTVSPropertyOp17
 70
     0
102
RTVSPropertyOp18
 70
     0
102
RTVSPropertyOp19
 70
     0
102
RTVSPropertyOp20
 70
     0
102
RTVSPropertyOp21
 70
     0
102
RTVSPropertyOp22
 70
     0
102
RTVSPropertyOp23
 70
     0
102
RTVSPropertyOp24
 70
     0
102
RTVSPropertyOp25
 70
     0
102
RTVSPropertyOp26
 70
     0
102
RTVSPropertyOp27
 70
     0
102
RTVSPropertyOp28
 70
     0
102
RTVSPropertyOp29
 70
     0
102
RTVSPropertyOp30
 70
     0
102
RTVSPropertyOp31
 70
     0
102
RTVSPropertyOp32
 70
     0
102
RTVSPropertyOp33
 70
     0
102
RTVSPropertyOp34
 70
     0
102
RTVSPropertyOp35
 70
     0
102
RTVSPropertyOp36
 70
     0
102
RTVSPropertyOp37
 70
     0
102
RTVSPropertyOp38
 70
     0
102
RTVSPropertyOp39
 70
     0
102
RTVSPropertyOp40
 70
     0
102
RTVSPropertyOp41
 70
     0
102
RTVSPropertyOp42
 70
     0
102
RTVSPropertyOp43
 70
     0
102
RTVSPropertyOp44
 70
     0
102
RTVSPropertyOp45
 70
     0
102
RTVSPropertyOp46
 70
     0
102
RTVSPropertyOp47
 70
     0
102
RTVSPropertyOp48
 70
     0
102
RTVSPropertyOp49
 70
     0
102
RTVSPropertyOp50
 70
     0
102
RTVSPropertyOp51
 70
     0
102
RTVSPropertyOp52
 70
     0
102
RTVSPropertyOp53
 70
     0
102
RTVSPropertyOp54
 70
     0
102
RTVSPropertyOp55
 70
     0
102
RTVSPropertyOp56
 70
     0
102
RTVSPropertyOp57
 70
     0
102
RTVSPropertyOp58
 70
     0
102
RTVSPropertyOp59
 70
     0
102
RTVSPropertyOp60
 70
     0
102
RTVSPropertyOp61
 70
     0
102
RTVSPropertyOp62
 70
     0
  0
XRECORD
  5
2E07
102
{ACAD_REACTORS
330
2E06
102
}
330
2E06
100
AcDbXrecord
280
     1
102
RTVSPost2010Prop28
280
     0
102
RTVSPost2010PropOp28
 70
     1
102
RTVSPost2010Prop29
280
     1
102
RTVSPost2010PropOp29
 70
     1
102
RTVSPost2010Prop30
280
     1
102
RTVSPost2010PropOp30
 70
     1
102
RTVSPost2010Prop31
280
     0
102
RTVSPost2010PropOp31
 70
     1
102
RTVSPost2010Prop32
280
     0
102
RTVSPost2010PropOp32
 70
     1
102
RTVSPost2010Prop33
280
     0
102
RTVSPost2010PropOp33
 70
     1
102
RTVSPost2010Prop34
280
     0
102
RTVSPost2010PropOp34
 70
     1
102
RTVSPost2010Prop35
280
     0
102
RTVSPost2010PropOp35
 70
     1
102
RTVSPost2010Prop36
280
     0
102
RTVSPost2010PropOp36
 70
     1
102
RTVSPost2010Prop37
 90
       50
102
RTVSPost2010PropOp37
 70
     1
102
RTVSPost2010Prop38
140
0.0
102
RTVSPost2010PropOp38
 70
     1
102
RTVSPost2010Prop39
140
1.0
102
RTVSPost2010PropOp39
 70
     1
102
RTVSPost2010Prop40
 90
        0
102
RTVSPost2010PropOp40
 70
     1
102
RTVSPost2010Prop41ColorIndex
 90
       18
102
RTVSPost2010Prop41ColorRGB
 90
        0
102
RTVSPost2010PropOp41
 70
     1
102
RTVSPost2010Prop42
 90
       50
102
RTVSPost2010PropOp42
 70
     1
102
RTVSPost2010Prop43
 90
        3
102
RTVSPost2010PropOp43
 70
     1
102
RTVSPost2010Prop44ColorIndex
 90
        5
102
RTVSPost2010Prop44ColorRGB
 90
      255
102
RTVSPost2010PropOp44
 70
     1
102
RTVSPost2010Prop45
280
     0
102
RTVSPost2010PropOp45
 70
     1
102
RTVSPost2010Prop46
 90
       50
102
RTVSPost2010PropOp46
 70
     1
102
RTVSPost2010Prop47
 90
       50
102
RTVSPost2010PropOp47
 70
     1
102
RTVSPost2010Prop48
 90
       50
102
RTVSPost2010PropOp48
 70
     1
102
RTVSPost2010Prop49
280
     0
102
RTVSPost2010PropOp49
 70
     1
102
RTVSPost2010Prop50
 90
       50
102
RTVSPost2010PropOp50
 70
     1
102
RTVSPost2010Prop51ColorIndex
 90
      256
102
RTVSPost2010Prop51ColorRGB
 90
-16777216
102
RTVSPost2010PropOp51
 70
     0
102
RTVSPost2010Prop52
140
1.0
102
RTVSPost2010PropOp52
 70
     0
102
RTVSPost2010Prop53
 90
        2
102
RTVSPost2010PropOp53
 70
     1
102
RTVSPost2010Prop54
  1
strokes_ogs.tif
102
RTVSPost2010PropOp54
 70
     1
102
RTVSPost2010Prop55
280
     0
102
RTVSPost2010PropOp55
 70
     1
102
RTVSPost2010Prop56
140
1.0
102
RTVSPost2010PropOp56
 70
     1
102
RTVSPost2010Prop57
140
1.0
102
RTVSPost2010PropOp57
 70
     1
102
RTVSPropertyOp0
 70
     1
102
RTVSPropertyOp1
 70
     1
102
RTVSPropertyOp2
 70
     1
102
RTVSPropertyOp3
 70
     1
102
RTVSPropertyOp4
 70
     1
102
RTVSPropertyOp5
 70
     1
102
RTVSPropertyOp6
 70
     1
102
RTVSPropertyOp7
 70
     1
102
RTVSPropertyOp8
 70
     1
102
RTVSPropertyOp9
 70
     1
102
RTVSPropertyOp10
 70
     1
102
RTVSPropertyOp11
 70
     1
102
RTVSPropertyOp12
 70
     1
102
RTVSPropertyOp13
 70
     1
102
RTVSPropertyOp14
 70
     1
102
RTVSPropertyOp15
 70
     1
102
RTVSPropertyOp16
 70
     1
102
RTVSPropertyOp17
 70
     1
102
RTVSPropertyOp18
 70
     1
102
RTVSPropertyOp19
 70
     1
102
RTVSPropertyOp20
 70
     1
102
RTVSPropertyOp21
 70
     1
102
RTVSPropertyOp22
 70
     1
102
RTVSPropertyOp23
 70
     1
102
RTVSPropertyOp24
 70
     1
102
RTVSPropertyOp25
 70
     1
102
RTVSPropertyOp26
 70
     1
102
RTVSPropertyOp27
 70
     1
102
RTVSPropertyOp28
 70
     1
102
RTVSPropertyOp29
 70
     1
102
RTVSPropertyOp30
 70
     1
102
RTVSPropertyOp31
 70
     1
102
RTVSPropertyOp32
 70
     1
102
RTVSPropertyOp33
 70
     1
102
RTVSPropertyOp34
 70
     1
102
RTVSPropertyOp35
 70
     1
102
RTVSPropertyOp36
 70
     1
102
RTVSPropertyOp37
 70
     1
102
RTVSPropertyOp38
 70
     1
102
RTVSPropertyOp39
 70
     1
102
RTVSPropertyOp40
 70
     1
102
RTVSPropertyOp41
 70
     1
102
RTVSPropertyOp42
 70
     1
102
RTVSPropertyOp43
 70
     1
102
RTVSPropertyOp44
 70
     1
102
RTVSPropertyOp45
 70
     1
102
RTVSPropertyOp46
 70
     1
102
RTVSPropertyOp47
 70
     1
102
RTVSPropertyOp48
 70
     1
102
RTVSPropertyOp49
 70
     1
102
RTVSPropertyOp50
 70
     1
102
RTVSPropertyOp51
 70
     0
102
RTVSPropertyOp52
 70
     0
102
RTVSPropertyOp53
 70
     1
102
RTVSPropertyOp54
 70
     1
102
RTVSPropertyOp55
 70
     1
102
RTVSPropertyOp56
 70
     1
102
RTVSPropertyOp57
 70
     1
102
RTVSPropertyOp58
 70
     1
102
RTVSPropertyOp59
 70
     1
102
RTVSPropertyOp60
 70
     1
102
RTVSPropertyOp61
 70
     1
102
RTVSPropertyOp62
 70
     1
  0
XRECORD
  5
2E1D
102
{ACAD_REACTORS
330
2E1C
102
}
330
2E1C
100
AcDbXrecord
280
     1
102
RTVSPost2010Prop28
280
     0
102
RTVSPost2010PropOp28
 70
     0
102
RTVSPost2010Prop29
280
     1
102
RTVSPost2010PropOp29
 70
     0
102
RTVSPost2010Prop30
280
     1
102
RTVSPost2010PropOp30
 70
     0
102
RTVSPost2010Prop31
280
     0
102
RTVSPost2010PropOp31
 70
     0
102
RTVSPost2010Prop32
280
     0
102
RTVSPost2010PropOp32
 70
     0
102
RTVSPost2010Prop33
280
     0
102
RTVSPost2010PropOp33
 70
     0
102
RTVSPost2010Prop34
280
     0
102
RTVSPost2010PropOp34
 70
     0
102
RTVSPost2010Prop35
280
     0
102
RTVSPost2010PropOp35
 70
     0
102
RTVSPost2010Prop36
280
     0
102
RTVSPost2010PropOp36
 70
     0
102
RTVSPost2010Prop37
 90
       50
102
RTVSPost2010PropOp37
 70
     0
102
RTVSPost2010Prop38
140
0.0
102
RTVSPost2010PropOp38
 70
     0
102
RTVSPost2010Prop39
140
1.0
102
RTVSPost2010PropOp39
 70
     0
102
RTVSPost2010Prop40
 90
        0
102
RTVSPost2010PropOp40
 70
     0
102
RTVSPost2010Prop41ColorIndex
 90
       18
102
RTVSPost2010Prop41ColorRGB
 90
        0
102
RTVSPost2010PropOp41
 70
     0
102
RTVSPost2010Prop42
 90
       50
102
RTVSPost2010PropOp42
 70
     0
102
RTVSPost2010Prop43
 90
        3
102
RTVSPost2010PropOp43
 70
     0
102
RTVSPost2010Prop44ColorIndex
 90
        5
102
RTVSPost2010Prop44ColorRGB
 90
      255
102
RTVSPost2010PropOp44
 70
     0
102
RTVSPost2010Prop45
280
     0
102
RTVSPost2010PropOp45
 70
     0
102
RTVSPost2010Prop46
 90
       50
102
RTVSPost2010PropOp46
 70
     0
102
RTVSPost2010Prop47
 90
       50
102
RTVSPost2010PropOp47
 70
     0
102
RTVSPost2010Prop48
 90
       50
102
RTVSPost2010PropOp48
 70
     0
102
RTVSPost2010Prop49
280
     0
102
RTVSPost2010PropOp49
 70
     0
102
RTVSPost2010Prop50
 90
       50
102
RTVSPost2010PropOp50
 70
     0
102
RTVSPost2010Prop51ColorIndex
 90
      256
102
RTVSPost2010Prop51ColorRGB
 90
-16777216
102
RTVSPost2010PropOp51
 70
     0
102
RTVSPost2010Prop52
140
1.0
102
RTVSPost2010PropOp52
 70
     0
102
RTVSPost2010Prop53
 90
        2
102
RTVSPost2010PropOp53
 70
     0
102
RTVSPost2010Prop54
  1
strokes_ogs.tif
102
RTVSPost2010PropOp54
 70
     0
102
RTVSPost2010Prop55
280
     0
102
RTVSPost2010PropOp55
 70
     0
102
RTVSPost2010Prop56
140
1.0
102
RTVSPost2010PropOp56
 70
     0
102
RTVSPost2010Prop57
140
1.0
102
RTVSPost2010PropOp57
 70
     0
102
RTVSPropertyOp0
 70
     0
102
RTVSPropertyOp1
 70
     0
102
RTVSPropertyOp2
 70
     0
102
RTVSPropertyOp3
 70
     0
102
RTVSPropertyOp4
 70
     0
102
RTVSPropertyOp5
 70
     0
102
RTVSPropertyOp6
 70
     0
102
RTVSPropertyOp7
 70
     0
102
RTVSPropertyOp8
 70
     0
102
RTVSPropertyOp9
 70
     0
102
RTVSPropertyOp10
 70
     0
102
RTVSPropertyOp11
 70
     0
102
RTVSPropertyOp12
 70
     0
102
RTVSPropertyOp13
 70
     0
102
RTVSPropertyOp14
 70
     2
102
RTVSPropertyOp15
 70
     0
102
RTVSPropertyOp16
 70
     0
102
RTVSPropertyOp17
 70
     0
102
RTVSPropertyOp18
 70
     0
102
RTVSPropertyOp19
 70
     0
102
RTVSPropertyOp20
 70
     0
102
RTVSPropertyOp21
 70
     0
102
RTVSPropertyOp22
 70
     0
102
RTVSPropertyOp23
 70
     0
102
RTVSPropertyOp24
 70
     0
102
RTVSPropertyOp25
 70
     0
102
RTVSPropertyOp26
 70
     0
102
RTVSPropertyOp27
 70
     0
102
RTVSPropertyOp28
 70
     0
102
RTVSPropertyOp29
 70
     0
102
RTVSPropertyOp30
 70
     0
102
RTVSPropertyOp31
 70
     0
102
RTVSPropertyOp32
 70
     0
102
RTVSPropertyOp33
 70
     0
102
RTVSPropertyOp34
 70
     0
102
RTVSPropertyOp35
 70
     0
102
RTVSPropertyOp36
 70
     0
102
RTVSPropertyOp37
 70
     0
102
RTVSPropertyOp38
 70
     0
102
RTVSPropertyOp39
 70
     0
102
RTVSPropertyOp40
 70
     0
102
RTVSPropertyOp41
 70
     0
102
RTVSPropertyOp42
 70
     0
102
RTVSPropertyOp43
 70
     0
102
RTVSPropertyOp44
 70
     0
102
RTVSPropertyOp45
 70
     0
102
RTVSPropertyOp46
 70
     0
102
RTVSPropertyOp47
 70
     0
102
RTVSPropertyOp48
 70
     0
102
RTVSPropertyOp49
 70
     0
102
RTVSPropertyOp50
 70
     0
102
RTVSPropertyOp51
 70
     0
102
RTVSPropertyOp52
 70
     0
102
RTVSPropertyOp53
 70
     0
102
RTVSPropertyOp54
 70
     0
102
RTVSPropertyOp55
 70
     0
102
RTVSPropertyOp56
 70
     0
102
RTVSPropertyOp57
 70
     0
102
RTVSPropertyOp58
 70
     0
102
RTVSPropertyOp59
 70
     0
102
RTVSPropertyOp60
 70
     0
102
RTVSPropertyOp61
 70
     0
102
RTVSPropertyOp62
 70
     0
  0
XRECORD
  5
2DFF
102
{ACAD_REACTORS
330
2DFE
102
}
330
2DFE
100
AcDbXrecord
280
     1
102
RTVSPost2010Prop28
280
     0
102
RTVSPost2010PropOp28
 70
     1
102
RTVSPost2010Prop29
280
     1
102
RTVSPost2010PropOp29
 70
     1
102
RTVSPost2010Prop30
280
     1
102
RTVSPost2010PropOp30
 70
     1
102
RTVSPost2010Prop31
280
     0
102
RTVSPost2010PropOp31
 70
     1
102
RTVSPost2010Prop32
280
     0
102
RTVSPost2010PropOp32
 70
     1
102
RTVSPost2010Prop33
280
     0
102
RTVSPost2010PropOp33
 70
     1
102
RTVSPost2010Prop34
280
     0
102
RTVSPost2010PropOp34
 70
     1
102
RTVSPost2010Prop35
280
     0
102
RTVSPost2010PropOp35
 70
     1
102
RTVSPost2010Prop36
280
     0
102
RTVSPost2010PropOp36
 70
     1
102
RTVSPost2010Prop37
 90
       50
102
RTVSPost2010PropOp37
 70
     1
102
RTVSPost2010Prop38
140
0.0
102
RTVSPost2010PropOp38
 70
     1
102
RTVSPost2010Prop39
140
1.0
102
RTVSPost2010PropOp39
 70
     1
102
RTVSPost2010Prop40
 90
        0
102
RTVSPost2010PropOp40
 70
     1
102
RTVSPost2010Prop41ColorIndex
 90
       18
102
RTVSPost2010Prop41ColorRGB
 90
        0
102
RTVSPost2010PropOp41
 70
     1
102
RTVSPost2010Prop42
 90
       50
102
RTVSPost2010PropOp42
 70
     1
102
RTVSPost2010Prop43
 90
        3
102
RTVSPost2010PropOp43
 70
     1
102
RTVSPost2010Prop44ColorIndex
 90
        5
102
RTVSPost2010Prop44ColorRGB
 90
      255
102
RTVSPost2010PropOp44
 70
     1
102
RTVSPost2010Prop45
280
     0
102
RTVSPost2010PropOp45
 70
     1
102
RTVSPost2010Prop46
 90
       50
102
RTVSPost2010PropOp46
 70
     1
102
RTVSPost2010Prop47
 90
       50
102
RTVSPost2010PropOp47
 70
     1
102
RTVSPost2010Prop48
 90
       50
102
RTVSPost2010PropOp48
 70
     1
102
RTVSPost2010Prop49
280
     0
102
RTVSPost2010PropOp49
 70
     1
102
RTVSPost2010Prop50
 90
       50
102
RTVSPost2010PropOp50
 70
     1
102
RTVSPost2010Prop51ColorIndex
 90
      256
102
RTVSPost2010Prop51ColorRGB
 90
-16777216
102
RTVSPost2010PropOp51
 70
     0
102
RTVSPost2010Prop52
140
1.0
102
RTVSPost2010PropOp52
 70
     0
102
RTVSPost2010Prop53
 90
        2
102
RTVSPost2010PropOp53
 70
     1
102
RTVSPost2010Prop54
  1
strokes_ogs.tif
102
RTVSPost2010PropOp54
 70
     1
102
RTVSPost2010Prop55
280
     0
102
RTVSPost2010PropOp55
 70
     1
102
RTVSPost2010Prop56
140
1.0
102
RTVSPost2010PropOp56
 70
     1
102
RTVSPost2010Prop57
140
1.0
102
RTVSPost2010PropOp57
 70
     1
102
RTVSPropertyOp0
 70
     1
102
RTVSPropertyOp1
 70
     1
102
RTVSPropertyOp2
 70
     1
102
RTVSPropertyOp3
 70
     1
102
RTVSPropertyOp4
 70
     1
102
RTVSPropertyOp5
 70
     1
102
RTVSPropertyOp6
 70
     1
102
RTVSPropertyOp7
 70
     1
102
RTVSPropertyOp8
 70
     1
102
RTVSPropertyOp9
 70
     1
102
RTVSPropertyOp10
 70
     1
102
RTVSPropertyOp11
 70
     1
102
RTVSPropertyOp12
 70
     1
102
RTVSPropertyOp13
 70
     1
102
RTVSPropertyOp14
 70
     1
102
RTVSPropertyOp15
 70
     1
102
RTVSPropertyOp16
 70
     1
102
RTVSPropertyOp17
 70
     1
102
RTVSPropertyOp18
 70
     1
102
RTVSPropertyOp19
 70
     1
102
RTVSPropertyOp20
 70
     1
102
RTVSPropertyOp21
 70
     1
102
RTVSPropertyOp22
 70
     1
102
RTVSPropertyOp23
 70
     1
102
RTVSPropertyOp24
 70
     1
102
RTVSPropertyOp25
 70
     1
102
RTVSPropertyOp26
 70
     1
102
RTVSPropertyOp27
 70
     1
102
RTVSPropertyOp28
 70
     1
102
RTVSPropertyOp29
 70
     1
102
RTVSPropertyOp30
 70
     1
102
RTVSPropertyOp31
 70
     1
102
RTVSPropertyOp32
 70
     1
102
RTVSPropertyOp33
 70
     1
102
RTVSPropertyOp34
 70
     1
102
RTVSPropertyOp35
 70
     1
102
RTVSPropertyOp36
 70
     1
102
RTVSPropertyOp37
 70
     1
102
RTVSPropertyOp38
 70
     1
102
RTVSPropertyOp39
 70
     1
102
RTVSPropertyOp40
 70
     1
102
RTVSPropertyOp41
 70
     1
102
RTVSPropertyOp42
 70
     1
102
RTVSPropertyOp43
 70
     1
102
RTVSPropertyOp44
 70
     1
102
RTVSPropertyOp45
 70
     1
102
RTVSPropertyOp46
 70
     1
102
RTVSPropertyOp47
 70
     1
102
RTVSPropertyOp48
 70
     1
102
RTVSPropertyOp49
 70
     1
102
RTVSPropertyOp50
 70
     1
102
RTVSPropertyOp51
 70
     0
102
RTVSPropertyOp52
 70
     0
102
RTVSPropertyOp53
 70
     1
102
RTVSPropertyOp54
 70
     1
102
RTVSPropertyOp55
 70
     1
102
RTVSPropertyOp56
 70
     1
102
RTVSPropertyOp57
 70
     1
102
RTVSPropertyOp58
 70
     1
102
RTVSPropertyOp59
 70
     1
102
RTVSPropertyOp60
 70
     1
102
RTVSPropertyOp61
 70
     1
102
RTVSPropertyOp62
 70
     1
  0
XRECORD
  5
2E19
102
{ACAD_REACTORS
330
2E18
102
}
330
2E18
100
AcDbXrecord
280
     1
102
RTVSPost2010Prop28
280
     0
102
RTVSPost2010PropOp28
 70
     1
102
RTVSPost2010Prop29
280
     1
102
RTVSPost2010PropOp29
 70
     1
102
RTVSPost2010Prop30
280
     1
102
RTVSPost2010PropOp30
 70
     1
102
RTVSPost2010Prop31
280
     0
102
RTVSPost2010PropOp31
 70
     1
102
RTVSPost2010Prop32
280
     0
102
RTVSPost2010PropOp32
 70
     1
102
RTVSPost2010Prop33
280
     0
102
RTVSPost2010PropOp33
 70
     1
102
RTVSPost2010Prop34
280
     0
102
RTVSPost2010PropOp34
 70
     1
102
RTVSPost2010Prop35
280
     0
102
RTVSPost2010PropOp35
 70
     1
102
RTVSPost2010Prop36
280
     0
102
RTVSPost2010PropOp36
 70
     1
102
RTVSPost2010Prop37
 90
       50
102
RTVSPost2010PropOp37
 70
     1
102
RTVSPost2010Prop38
140
0.0
102
RTVSPost2010PropOp38
 70
     1
102
RTVSPost2010Prop39
140
1.0
102
RTVSPost2010PropOp39
 70
     1
102
RTVSPost2010Prop40
 90
        0
102
RTVSPost2010PropOp40
 70
     1
102
RTVSPost2010Prop41ColorIndex
 90
       18
102
RTVSPost2010Prop41ColorRGB
 90
        0
102
RTVSPost2010PropOp41
 70
     1
102
RTVSPost2010Prop42
 90
       50
102
RTVSPost2010PropOp42
 70
     1
102
RTVSPost2010Prop43
 90
        3
102
RTVSPost2010PropOp43
 70
     1
102
RTVSPost2010Prop44ColorIndex
 90
        5
102
RTVSPost2010Prop44ColorRGB
 90
      255
102
RTVSPost2010PropOp44
 70
     1
102
RTVSPost2010Prop45
280
     0
102
RTVSPost2010PropOp45
 70
     1
102
RTVSPost2010Prop46
 90
       50
102
RTVSPost2010PropOp46
 70
     1
102
RTVSPost2010Prop47
 90
       50
102
RTVSPost2010PropOp47
 70
     1
102
RTVSPost2010Prop48
 90
       50
102
RTVSPost2010PropOp48
 70
     1
102
RTVSPost2010Prop49
280
     0
102
RTVSPost2010PropOp49
 70
     1
102
RTVSPost2010Prop50
 90
       50
102
RTVSPost2010PropOp50
 70
     1
102
RTVSPost2010Prop51ColorIndex
 90
      256
102
RTVSPost2010Prop51ColorRGB
 90
-16777216
102
RTVSPost2010PropOp51
 70
     0
102
RTVSPost2010Prop52
140
1.0
102
RTVSPost2010PropOp52
 70
     0
102
RTVSPost2010Prop53
 90
        2
102
RTVSPost2010PropOp53
 70
     1
102
RTVSPost2010Prop54
  1
strokes_ogs.tif
102
RTVSPost2010PropOp54
 70
     1
102
RTVSPost2010Prop55
280
     0
102
RTVSPost2010PropOp55
 70
     1
102
RTVSPost2010Prop56
140
1.0
102
RTVSPost2010PropOp56
 70
     1
102
RTVSPost2010Prop57
140
1.0
102
RTVSPost2010PropOp57
 70
     1
102
RTVSPropertyOp0
 70
     1
102
RTVSPropertyOp1
 70
     1
102
RTVSPropertyOp2
 70
     1
102
RTVSPropertyOp3
 70
     1
102
RTVSPropertyOp4
 70
     1
102
RTVSPropertyOp5
 70
     1
102
RTVSPropertyOp6
 70
     1
102
RTVSPropertyOp7
 70
     1
102
RTVSPropertyOp8
 70
     1
102
RTVSPropertyOp9
 70
     1
102
RTVSPropertyOp10
 70
     1
102
RTVSPropertyOp11
 70
     1
102
RTVSPropertyOp12
 70
     1
102
RTVSPropertyOp13
 70
     1
102
RTVSPropertyOp14
 70
     1
102
RTVSPropertyOp15
 70
     1
102
RTVSPropertyOp16
 70
     1
102
RTVSPropertyOp17
 70
     1
102
RTVSPropertyOp18
 70
     1
102
RTVSPropertyOp19
 70
     1
102
RTVSPropertyOp20
 70
     1
102
RTVSPropertyOp21
 70
     1
102
RTVSPropertyOp22
 70
     1
102
RTVSPropertyOp23
 70
     1
102
RTVSPropertyOp24
 70
     1
102
RTVSPropertyOp25
 70
     1
102
RTVSPropertyOp26
 70
     1
102
RTVSPropertyOp27
 70
     1
102
RTVSPropertyOp28
 70
     1
102
RTVSPropertyOp29
 70
     1
102
RTVSPropertyOp30
 70
     1
102
RTVSPropertyOp31
 70
     1
102
RTVSPropertyOp32
 70
     1
102
RTVSPropertyOp33
 70
     1
102
RTVSPropertyOp34
 70
     1
102
RTVSPropertyOp35
 70
     1
102
RTVSPropertyOp36
 70
     1
102
RTVSPropertyOp37
 70
     1
102
RTVSPropertyOp38
 70
     1
102
RTVSPropertyOp39
 70
     1
102
RTVSPropertyOp40
 70
     1
102
RTVSPropertyOp41
 70
     1
102
RTVSPropertyOp42
 70
     1
102
RTVSPropertyOp43
 70
     1
102
RTVSPropertyOp44
 70
     1
102
RTVSPropertyOp45
 70
     1
102
RTVSPropertyOp46
 70
     1
102
RTVSPropertyOp47
 70
     1
102
RTVSPropertyOp48
 70
     1
102
RTVSPropertyOp49
 70
     1
102
RTVSPropertyOp50
 70
     1
102
RTVSPropertyOp51
 70
     0
102
RTVSPropertyOp52
 70
     0
102
RTVSPropertyOp53
 70
     1
102
RTVSPropertyOp54
 70
     1
102
RTVSPropertyOp55
 70
     1
102
RTVSPropertyOp56
 70
     1
102
RTVSPropertyOp57
 70
     1
102
RTVSPropertyOp58
 70
     1
102
RTVSPropertyOp59
 70
     1
102
RTVSPropertyOp60
 70
     1
102
RTVSPropertyOp61
 70
     1
102
RTVSPropertyOp62
 70
     1
  0
XRECORD
  5
2E17
102
{ACAD_REACTORS
330
2E16
102
}
330
2E16
100
AcDbXrecord
280
     1
102
RTVSPost2010Prop28
280
     0
102
RTVSPost2010PropOp28
 70
     1
102
RTVSPost2010Prop29
280
     1
102
RTVSPost2010PropOp29
 70
     1
102
RTVSPost2010Prop30
280
     1
102
RTVSPost2010PropOp30
 70
     1
102
RTVSPost2010Prop31
280
     0
102
RTVSPost2010PropOp31
 70
     1
102
RTVSPost2010Prop32
280
     0
102
RTVSPost2010PropOp32
 70
     1
102
RTVSPost2010Prop33
280
     0
102
RTVSPost2010PropOp33
 70
     1
102
RTVSPost2010Prop34
280
     0
102
RTVSPost2010PropOp34
 70
     1
102
RTVSPost2010Prop35
280
     0
102
RTVSPost2010PropOp35
 70
     1
102
RTVSPost2010Prop36
280
     0
102
RTVSPost2010PropOp36
 70
     1
102
RTVSPost2010Prop37
 90
       50
102
RTVSPost2010PropOp37
 70
     1
102
RTVSPost2010Prop38
140
0.0
102
RTVSPost2010PropOp38
 70
     1
102
RTVSPost2010Prop39
140
1.0
102
RTVSPost2010PropOp39
 70
     1
102
RTVSPost2010Prop40
 90
        0
102
RTVSPost2010PropOp40
 70
     1
102
RTVSPost2010Prop41ColorIndex
 90
       18
102
RTVSPost2010Prop41ColorRGB
 90
        0
102
RTVSPost2010PropOp41
 70
     1
102
RTVSPost2010Prop42
 90
       50
102
RTVSPost2010PropOp42
 70
     1
102
RTVSPost2010Prop43
 90
        3
102
RTVSPost2010PropOp43
 70
     1
102
RTVSPost2010Prop44ColorIndex
 90
        5
102
RTVSPost2010Prop44ColorRGB
 90
      255
102
RTVSPost2010PropOp44
 70
     1
102
RTVSPost2010Prop45
280
     0
102
RTVSPost2010PropOp45
 70
     1
102
RTVSPost2010Prop46
 90
       50
102
RTVSPost2010PropOp46
 70
     1
102
RTVSPost2010Prop47
 90
       50
102
RTVSPost2010PropOp47
 70
     1
102
RTVSPost2010Prop48
 90
       50
102
RTVSPost2010PropOp48
 70
     1
102
RTVSPost2010Prop49
280
     0
102
RTVSPost2010PropOp49
 70
     1
102
RTVSPost2010Prop50
 90
       50
102
RTVSPost2010PropOp50
 70
     1
102
RTVSPost2010Prop51ColorIndex
 90
      256
102
RTVSPost2010Prop51ColorRGB
 90
-16777216
102
RTVSPost2010PropOp51
 70
     0
102
RTVSPost2010Prop52
140
1.0
102
RTVSPost2010PropOp52
 70
     0
102
RTVSPost2010Prop53
 90
        2
102
RTVSPost2010PropOp53
 70
     1
102
RTVSPost2010Prop54
  1
strokes_ogs.tif
102
RTVSPost2010PropOp54
 70
     1
102
RTVSPost2010Prop55
280
     0
102
RTVSPost2010PropOp55
 70
     1
102
RTVSPost2010Prop56
140
1.0
102
RTVSPost2010PropOp56
 70
     1
102
RTVSPost2010Prop57
140
1.0
102
RTVSPost2010PropOp57
 70
     1
102
RTVSPropertyOp0
 70
     1
102
RTVSPropertyOp1
 70
     1
102
RTVSPropertyOp2
 70
     1
102
RTVSPropertyOp3
 70
     1
102
RTVSPropertyOp4
 70
     1
102
RTVSPropertyOp5
 70
     1
102
RTVSPropertyOp6
 70
     1
102
RTVSPropertyOp7
 70
     1
102
RTVSPropertyOp8
 70
     1
102
RTVSPropertyOp9
 70
     1
102
RTVSPropertyOp10
 70
     1
102
RTVSPropertyOp11
 70
     1
102
RTVSPropertyOp12
 70
     1
102
RTVSPropertyOp13
 70
     1
102
RTVSPropertyOp14
 70
     1
102
RTVSPropertyOp15
 70
     1
102
RTVSPropertyOp16
 70
     1
102
RTVSPropertyOp17
 70
     1
102
RTVSPropertyOp18
 70
     1
102
RTVSPropertyOp19
 70
     1
102
RTVSPropertyOp20
 70
     1
102
RTVSPropertyOp21
 70
     1
102
RTVSPropertyOp22
 70
     1
102
RTVSPropertyOp23
 70
     1
102
RTVSPropertyOp24
 70
     1
102
RTVSPropertyOp25
 70
     1
102
RTVSPropertyOp26
 70
     1
102
RTVSPropertyOp27
 70
     1
102
RTVSPropertyOp28
 70
     1
102
RTVSPropertyOp29
 70
     1
102
RTVSPropertyOp30
 70
     1
102
RTVSPropertyOp31
 70
     1
102
RTVSPropertyOp32
 70
     1
102
RTVSPropertyOp33
 70
     1
102
RTVSPropertyOp34
 70
     1
102
RTVSPropertyOp35
 70
     1
102
RTVSPropertyOp36
 70
     1
102
RTVSPropertyOp37
 70
     1
102
RTVSPropertyOp38
 70
     1
102
RTVSPropertyOp39
 70
     1
102
RTVSPropertyOp40
 70
     1
102
RTVSPropertyOp41
 70
     1
102
RTVSPropertyOp42
 70
     1
102
RTVSPropertyOp43
 70
     1
102
RTVSPropertyOp44
 70
     1
102
RTVSPropertyOp45
 70
     1
102
RTVSPropertyOp46
 70
     1
102
RTVSPropertyOp47
 70
     1
102
RTVSPropertyOp48
 70
     1
102
RTVSPropertyOp49
 70
     1
102
RTVSPropertyOp50
 70
     1
102
RTVSPropertyOp51
 70
     0
102
RTVSPropertyOp52
 70
     0
102
RTVSPropertyOp53
 70
     1
102
RTVSPropertyOp54
 70
     1
102
RTVSPropertyOp55
 70
     1
102
RTVSPropertyOp56
 70
     1
102
RTVSPropertyOp57
 70
     1
102
RTVSPropertyOp58
 70
     1
102
RTVSPropertyOp59
 70
     1
102
RTVSPropertyOp60
 70
     1
102
RTVSPropertyOp61
 70
     1
102
RTVSPropertyOp62
 70
     1
  0
XRECORD
  5
2E11
102
{ACAD_REACTORS
330
2E10
102
}
330
2E10
100
AcDbXrecord
280
     1
102
RTVSPost2010Prop28
280
     0
102
RTVSPost2010PropOp28
 70
     1
102
RTVSPost2010Prop29
280
     1
102
RTVSPost2010PropOp29
 70
     1
102
RTVSPost2010Prop30
280
     1
102
RTVSPost2010PropOp30
 70
     1
102
RTVSPost2010Prop31
280
     0
102
RTVSPost2010PropOp31
 70
     1
102
RTVSPost2010Prop32
280
     0
102
RTVSPost2010PropOp32
 70
     1
102
RTVSPost2010Prop33
280
     0
102
RTVSPost2010PropOp33
 70
     1
102
RTVSPost2010Prop34
280
     0
102
RTVSPost2010PropOp34
 70
     1
102
RTVSPost2010Prop35
280
     0
102
RTVSPost2010PropOp35
 70
     1
102
RTVSPost2010Prop36
280
     0
102
RTVSPost2010PropOp36
 70
     1
102
RTVSPost2010Prop37
 90
       50
102
RTVSPost2010PropOp37
 70
     1
102
RTVSPost2010Prop38
140
0.0
102
RTVSPost2010PropOp38
 70
     1
102
RTVSPost2010Prop39
140
1.0
102
RTVSPost2010PropOp39
 70
     1
102
RTVSPost2010Prop40
 90
        0
102
RTVSPost2010PropOp40
 70
     1
102
RTVSPost2010Prop41ColorIndex
 90
       18
102
RTVSPost2010Prop41ColorRGB
 90
        0
102
RTVSPost2010PropOp41
 70
     1
102
RTVSPost2010Prop42
 90
       50
102
RTVSPost2010PropOp42
 70
     1
102
RTVSPost2010Prop43
 90
        3
102
RTVSPost2010PropOp43
 70
     1
102
RTVSPost2010Prop44ColorIndex
 90
        5
102
RTVSPost2010Prop44ColorRGB
 90
      255
102
RTVSPost2010PropOp44
 70
     1
102
RTVSPost2010Prop45
280
     0
102
RTVSPost2010PropOp45
 70
     1
102
RTVSPost2010Prop46
 90
       50
102
RTVSPost2010PropOp46
 70
     1
102
RTVSPost2010Prop47
 90
       50
102
RTVSPost2010PropOp47
 70
     1
102
RTVSPost2010Prop48
 90
       50
102
RTVSPost2010PropOp48
 70
     1
102
RTVSPost2010Prop49
280
     0
102
RTVSPost2010PropOp49
 70
     1
102
RTVSPost2010Prop50
 90
       50
102
RTVSPost2010PropOp50
 70
     1
102
RTVSPost2010Prop51ColorIndex
 90
      256
102
RTVSPost2010Prop51ColorRGB
 90
-16777216
102
RTVSPost2010PropOp51
 70
     0
102
RTVSPost2010Prop52
140
1.0
102
RTVSPost2010PropOp52
 70
     0
102
RTVSPost2010Prop53
 90
        2
102
RTVSPost2010PropOp53
 70
     1
102
RTVSPost2010Prop54
  1
strokes_ogs.tif
102
RTVSPost2010PropOp54
 70
     1
102
RTVSPost2010Prop55
280
     0
102
RTVSPost2010PropOp55
 70
     1
102
RTVSPost2010Prop56
140
1.0
102
RTVSPost2010PropOp56
 70
     1
102
RTVSPost2010Prop57
140
1.0
102
RTVSPost2010PropOp57
 70
     1
102
RTVSPropertyOp0
 70
     1
102
RTVSPropertyOp1
 70
     1
102
RTVSPropertyOp2
 70
     1
102
RTVSPropertyOp3
 70
     1
102
RTVSPropertyOp4
 70
     1
102
RTVSPropertyOp5
 70
     1
102
RTVSPropertyOp6
 70
     1
102
RTVSPropertyOp7
 70
     1
102
RTVSPropertyOp8
 70
     1
102
RTVSPropertyOp9
 70
     1
102
RTVSPropertyOp10
 70
     1
102
RTVSPropertyOp11
 70
     1
102
RTVSPropertyOp12
 70
     1
102
RTVSPropertyOp13
 70
     1
102
RTVSPropertyOp14
 70
     1
102
RTVSPropertyOp15
 70
     1
102
RTVSPropertyOp16
 70
     1
102
RTVSPropertyOp17
 70
     1
102
RTVSPropertyOp18
 70
     1
102
RTVSPropertyOp19
 70
     1
102
RTVSPropertyOp20
 70
     1
102
RTVSPropertyOp21
 70
     1
102
RTVSPropertyOp22
 70
     1
102
RTVSPropertyOp23
 70
     1
102
RTVSPropertyOp24
 70
     1
102
RTVSPropertyOp25
 70
     1
102
RTVSPropertyOp26
 70
     1
102
RTVSPropertyOp27
 70
     1
102
RTVSPropertyOp28
 70
     1
102
RTVSPropertyOp29
 70
     1
102
RTVSPropertyOp30
 70
     1
102
RTVSPropertyOp31
 70
     1
102
RTVSPropertyOp32
 70
     1
102
RTVSPropertyOp33
 70
     1
102
RTVSPropertyOp34
 70
     1
102
RTVSPropertyOp35
 70
     1
102
RTVSPropertyOp36
 70
     1
102
RTVSPropertyOp37
 70
     1
102
RTVSPropertyOp38
 70
     1
102
RTVSPropertyOp39
 70
     1
102
RTVSPropertyOp40
 70
     1
102
RTVSPropertyOp41
 70
     1
102
RTVSPropertyOp42
 70
     1
102
RTVSPropertyOp43
 70
     1
102
RTVSPropertyOp44
 70
     1
102
RTVSPropertyOp45
 70
     1
102
RTVSPropertyOp46
 70
     1
102
RTVSPropertyOp47
 70
     1
102
RTVSPropertyOp48
 70
     1
102
RTVSPropertyOp49
 70
     1
102
RTVSPropertyOp50
 70
     1
102
RTVSPropertyOp51
 70
     0
102
RTVSPropertyOp52
 70
     0
102
RTVSPropertyOp53
 70
     1
102
RTVSPropertyOp54
 70
     1
102
RTVSPropertyOp55
 70
     1
102
RTVSPropertyOp56
 70
     1
102
RTVSPropertyOp57
 70
     1
102
RTVSPropertyOp58
 70
     1
102
RTVSPropertyOp59
 70
     1
102
RTVSPropertyOp60
 70
     1
102
RTVSPropertyOp61
 70
     1
102
RTVSPropertyOp62
 70
     1
  0
XRECORD
  5
2E13
102
{ACAD_REACTORS
330
2E12
102
}
330
2E12
100
AcDbXrecord
280
     1
102
RTVSPost2010Prop28
280
     0
102
RTVSPost2010PropOp28
 70
     1
102
RTVSPost2010Prop29
280
     1
102
RTVSPost2010PropOp29
 70
     1
102
RTVSPost2010Prop30
280
     1
102
RTVSPost2010PropOp30
 70
     1
102
RTVSPost2010Prop31
280
     0
102
RTVSPost2010PropOp31
 70
     1
102
RTVSPost2010Prop32
280
     0
102
RTVSPost2010PropOp32
 70
     1
102
RTVSPost2010Prop33
280
     0
102
RTVSPost2010PropOp33
 70
     1
102
RTVSPost2010Prop34
280
     0
102
RTVSPost2010PropOp34
 70
     1
102
RTVSPost2010Prop35
280
     0
102
RTVSPost2010PropOp35
 70
     1
102
RTVSPost2010Prop36
280
     0
102
RTVSPost2010PropOp36
 70
     1
102
RTVSPost2010Prop37
 90
       50
102
RTVSPost2010PropOp37
 70
     1
102
RTVSPost2010Prop38
140
0.0
102
RTVSPost2010PropOp38
 70
     1
102
RTVSPost2010Prop39
140
1.0
102
RTVSPost2010PropOp39
 70
     1
102
RTVSPost2010Prop40
 90
        0
102
RTVSPost2010PropOp40
 70
     1
102
RTVSPost2010Prop41ColorIndex
 90
       18
102
RTVSPost2010Prop41ColorRGB
 90
        0
102
RTVSPost2010PropOp41
 70
     1
102
RTVSPost2010Prop42
 90
       50
102
RTVSPost2010PropOp42
 70
     1
102
RTVSPost2010Prop43
 90
        3
102
RTVSPost2010PropOp43
 70
     1
102
RTVSPost2010Prop44ColorIndex
 90
        5
102
RTVSPost2010Prop44ColorRGB
 90
      255
102
RTVSPost2010PropOp44
 70
     1
102
RTVSPost2010Prop45
280
     0
102
RTVSPost2010PropOp45
 70
     1
102
RTVSPost2010Prop46
 90
       50
102
RTVSPost2010PropOp46
 70
     1
102
RTVSPost2010Prop47
 90
       50
102
RTVSPost2010PropOp47
 70
     1
102
RTVSPost2010Prop48
 90
       50
102
RTVSPost2010PropOp48
 70
     1
102
RTVSPost2010Prop49
280
     0
102
RTVSPost2010PropOp49
 70
     1
102
RTVSPost2010Prop50
 90
       50
102
RTVSPost2010PropOp50
 70
     1
102
RTVSPost2010Prop51ColorIndex
 90
      256
102
RTVSPost2010Prop51ColorRGB
 90
-16777216
102
RTVSPost2010PropOp51
 70
     0
102
RTVSPost2010Prop52
140
1.0
102
RTVSPost2010PropOp52
 70
     0
102
RTVSPost2010Prop53
 90
        2
102
RTVSPost2010PropOp53
 70
     1
102
RTVSPost2010Prop54
  1
strokes_ogs.tif
102
RTVSPost2010PropOp54
 70
     1
102
RTVSPost2010Prop55
280
     0
102
RTVSPost2010PropOp55
 70
     1
102
RTVSPost2010Prop56
140
1.0
102
RTVSPost2010PropOp56
 70
     1
102
RTVSPost2010Prop57
140
1.0
102
RTVSPost2010PropOp57
 70
     1
102
RTVSPropertyOp0
 70
     1
102
RTVSPropertyOp1
 70
     1
102
RTVSPropertyOp2
 70
     1
102
RTVSPropertyOp3
 70
     1
102
RTVSPropertyOp4
 70
     1
102
RTVSPropertyOp5
 70
     1
102
RTVSPropertyOp6
 70
     1
102
RTVSPropertyOp7
 70
     1
102
RTVSPropertyOp8
 70
     1
102
RTVSPropertyOp9
 70
     1
102
RTVSPropertyOp10
 70
     1
102
RTVSPropertyOp11
 70
     1
102
RTVSPropertyOp12
 70
     1
102
RTVSPropertyOp13
 70
     1
102
RTVSPropertyOp14
 70
     1
102
RTVSPropertyOp15
 70
     1
102
RTVSPropertyOp16
 70
     1
102
RTVSPropertyOp17
 70
     1
102
RTVSPropertyOp18
 70
     1
102
RTVSPropertyOp19
 70
     1
102
RTVSPropertyOp20
 70
     1
102
RTVSPropertyOp21
 70
     1
102
RTVSPropertyOp22
 70
     1
102
RTVSPropertyOp23
 70
     1
102
RTVSPropertyOp24
 70
     1
102
RTVSPropertyOp25
 70
     1
102
RTVSPropertyOp26
 70
     1
102
RTVSPropertyOp27
 70
     1
102
RTVSPropertyOp28
 70
     1
102
RTVSPropertyOp29
 70
     1
102
RTVSPropertyOp30
 70
     1
102
RTVSPropertyOp31
 70
     1
102
RTVSPropertyOp32
 70
     1
102
RTVSPropertyOp33
 70
     1
102
RTVSPropertyOp34
 70
     1
102
RTVSPropertyOp35
 70
     1
102
RTVSPropertyOp36
 70
     1
102
RTVSPropertyOp37
 70
     1
102
RTVSPropertyOp38
 70
     1
102
RTVSPropertyOp39
 70
     1
102
RTVSPropertyOp40
 70
     1
102
RTVSPropertyOp41
 70
     1
102
RTVSPropertyOp42
 70
     1
102
RTVSPropertyOp43
 70
     1
102
RTVSPropertyOp44
 70
     1
102
RTVSPropertyOp45
 70
     1
102
RTVSPropertyOp46
 70
     1
102
RTVSPropertyOp47
 70
     1
102
RTVSPropertyOp48
 70
     1
102
RTVSPropertyOp49
 70
     1
102
RTVSPropertyOp50
 70
     1
102
RTVSPropertyOp51
 70
     0
102
RTVSPropertyOp52
 70
     0
102
RTVSPropertyOp53
 70
     1
102
RTVSPropertyOp54
 70
     1
102
RTVSPropertyOp55
 70
     1
102
RTVSPropertyOp56
 70
     1
102
RTVSPropertyOp57
 70
     1
102
RTVSPropertyOp58
 70
     1
102
RTVSPropertyOp59
 70
     1
102
RTVSPropertyOp60
 70
     1
102
RTVSPropertyOp61
 70
     1
102
RTVSPropertyOp62
 70
     1
  0
XRECORD
  5
2E05
102
{ACAD_REACTORS
330
2E04
102
}
330
2E04
100
AcDbXrecord
280
     1
102
RTVSPost2010Prop28
280
     0
102
RTVSPost2010PropOp28
 70
     1
102
RTVSPost2010Prop29
280
     1
102
RTVSPost2010PropOp29
 70
     1
102
RTVSPost2010Prop30
280
     1
102
RTVSPost2010PropOp30
 70
     1
102
RTVSPost2010Prop31
280
     0
102
RTVSPost2010PropOp31
 70
     1
102
RTVSPost2010Prop32
280
     0
102
RTVSPost2010PropOp32
 70
     1
102
RTVSPost2010Prop33
280
     0
102
RTVSPost2010PropOp33
 70
     1
102
RTVSPost2010Prop34
280
     0
102
RTVSPost2010PropOp34
 70
     1
102
RTVSPost2010Prop35
280
     0
102
RTVSPost2010PropOp35
 70
     1
102
RTVSPost2010Prop36
280
     0
102
RTVSPost2010PropOp36
 70
     1
102
RTVSPost2010Prop37
 90
       50
102
RTVSPost2010PropOp37
 70
     1
102
RTVSPost2010Prop38
140
0.0
102
RTVSPost2010PropOp38
 70
     1
102
RTVSPost2010Prop39
140
1.0
102
RTVSPost2010PropOp39
 70
     1
102
RTVSPost2010Prop40
 90
        0
102
RTVSPost2010PropOp40
 70
     1
102
RTVSPost2010Prop41ColorIndex
 90
       18
102
RTVSPost2010Prop41ColorRGB
 90
        0
102
RTVSPost2010PropOp41
 70
     1
102
RTVSPost2010Prop42
 90
       50
102
RTVSPost2010PropOp42
 70
     1
102
RTVSPost2010Prop43
 90
        3
102
RTVSPost2010PropOp43
 70
     1
102
RTVSPost2010Prop44ColorIndex
 90
        5
102
RTVSPost2010Prop44ColorRGB
 90
      255
102
RTVSPost2010PropOp44
 70
     1
102
RTVSPost2010Prop45
280
     0
102
RTVSPost2010PropOp45
 70
     1
102
RTVSPost2010Prop46
 90
       50
102
RTVSPost2010PropOp46
 70
     1
102
RTVSPost2010Prop47
 90
       50
102
RTVSPost2010PropOp47
 70
     1
102
RTVSPost2010Prop48
 90
       50
102
RTVSPost2010PropOp48
 70
     1
102
RTVSPost2010Prop49
280
     0
102
RTVSPost2010PropOp49
 70
     1
102
RTVSPost2010Prop50
 90
       50
102
RTVSPost2010PropOp50
 70
     1
102
RTVSPost2010Prop51ColorIndex
 90
      256
102
RTVSPost2010Prop51ColorRGB
 90
-16777216
102
RTVSPost2010PropOp51
 70
     0
102
RTVSPost2010Prop52
140
1.0
102
RTVSPost2010PropOp52
 70
     0
102
RTVSPost2010Prop53
 90
        2
102
RTVSPost2010PropOp53
 70
     1
102
RTVSPost2010Prop54
  1
strokes_ogs.tif
102
RTVSPost2010PropOp54
 70
     1
102
RTVSPost2010Prop55
280
     0
102
RTVSPost2010PropOp55
 70
     1
102
RTVSPost2010Prop56
140
1.0
102
RTVSPost2010PropOp56
 70
     1
102
RTVSPost2010Prop57
140
1.0
102
RTVSPost2010PropOp57
 70
     1
102
RTVSPropertyOp0
 70
     1
102
RTVSPropertyOp1
 70
     1
102
RTVSPropertyOp2
 70
     1
102
RTVSPropertyOp3
 70
     1
102
RTVSPropertyOp4
 70
     1
102
RTVSPropertyOp5
 70
     1
102
RTVSPropertyOp6
 70
     1
102
RTVSPropertyOp7
 70
     1
102
RTVSPropertyOp8
 70
     1
102
RTVSPropertyOp9
 70
     1
102
RTVSPropertyOp10
 70
     1
102
RTVSPropertyOp11
 70
     1
102
RTVSPropertyOp12
 70
     1
102
RTVSPropertyOp13
 70
     1
102
RTVSPropertyOp14
 70
     1
102
RTVSPropertyOp15
 70
     1
102
RTVSPropertyOp16
 70
     1
102
RTVSPropertyOp17
 70
     1
102
RTVSPropertyOp18
 70
     1
102
RTVSPropertyOp19
 70
     1
102
RTVSPropertyOp20
 70
     1
102
RTVSPropertyOp21
 70
     1
102
RTVSPropertyOp22
 70
     1
102
RTVSPropertyOp23
 70
     1
102
RTVSPropertyOp24
 70
     1
102
RTVSPropertyOp25
 70
     1
102
RTVSPropertyOp26
 70
     1
102
RTVSPropertyOp27
 70
     1
102
RTVSPropertyOp28
 70
     1
102
RTVSPropertyOp29
 70
     1
102
RTVSPropertyOp30
 70
     1
102
RTVSPropertyOp31
 70
     1
102
RTVSPropertyOp32
 70
     1
102
RTVSPropertyOp33
 70
     1
102
RTVSPropertyOp34
 70
     1
102
RTVSPropertyOp35
 70
     1
102
RTVSPropertyOp36
 70
     1
102
RTVSPropertyOp37
 70
     1
102
RTVSPropertyOp38
 70
     1
102
RTVSPropertyOp39
 70
     1
102
RTVSPropertyOp40
 70
     1
102
RTVSPropertyOp41
 70
     1
102
RTVSPropertyOp42
 70
     1
102
RTVSPropertyOp43
 70
     1
102
RTVSPropertyOp44
 70
     1
102
RTVSPropertyOp45
 70
     1
102
RTVSPropertyOp46
 70
     1
102
RTVSPropertyOp47
 70
     1
102
RTVSPropertyOp48
 70
     1
102
RTVSPropertyOp49
 70
     1
102
RTVSPropertyOp50
 70
     1
102
RTVSPropertyOp51
 70
     0
102
RTVSPropertyOp52
 70
     0
102
RTVSPropertyOp53
 70
     1
102
RTVSPropertyOp54
 70
     1
102
RTVSPropertyOp55
 70
     1
102
RTVSPropertyOp56
 70
     1
102
RTVSPropertyOp57
 70
     1
102
RTVSPropertyOp58
 70
     1
102
RTVSPropertyOp59
 70
     1
102
RTVSPropertyOp60
 70
     1
102
RTVSPropertyOp61
 70
     1
102
RTVSPropertyOp62
 70
     1
  0
XRECORD
  5
2E0D
102
{ACAD_REACTORS
330
2E0C
102
}
330
2E0C
100
AcDbXrecord
280
     1
102
RTVSPost2010Prop28
280
     0
102
RTVSPost2010PropOp28
 70
     1
102
RTVSPost2010Prop29
280
     1
102
RTVSPost2010PropOp29
 70
     1
102
RTVSPost2010Prop30
280
     1
102
RTVSPost2010PropOp30
 70
     1
102
RTVSPost2010Prop31
280
     0
102
RTVSPost2010PropOp31
 70
     1
102
RTVSPost2010Prop32
280
     0
102
RTVSPost2010PropOp32
 70
     1
102
RTVSPost2010Prop33
280
     0
102
RTVSPost2010PropOp33
 70
     1
102
RTVSPost2010Prop34
280
     0
102
RTVSPost2010PropOp34
 70
     1
102
RTVSPost2010Prop35
280
     0
102
RTVSPost2010PropOp35
 70
     1
102
RTVSPost2010Prop36
280
     0
102
RTVSPost2010PropOp36
 70
     1
102
RTVSPost2010Prop37
 90
       50
102
RTVSPost2010PropOp37
 70
     1
102
RTVSPost2010Prop38
140
0.0
102
RTVSPost2010PropOp38
 70
     1
102
RTVSPost2010Prop39
140
1.0
102
RTVSPost2010PropOp39
 70
     1
102
RTVSPost2010Prop40
 90
        0
102
RTVSPost2010PropOp40
 70
     1
102
RTVSPost2010Prop41ColorIndex
 90
       18
102
RTVSPost2010Prop41ColorRGB
 90
        0
102
RTVSPost2010PropOp41
 70
     1
102
RTVSPost2010Prop42
 90
       50
102
RTVSPost2010PropOp42
 70
     1
102
RTVSPost2010Prop43
 90
        3
102
RTVSPost2010PropOp43
 70
     1
102
RTVSPost2010Prop44ColorIndex
 90
        5
102
RTVSPost2010Prop44ColorRGB
 90
      255
102
RTVSPost2010PropOp44
 70
     1
102
RTVSPost2010Prop45
280
     0
102
RTVSPost2010PropOp45
 70
     1
102
RTVSPost2010Prop46
 90
       50
102
RTVSPost2010PropOp46
 70
     1
102
RTVSPost2010Prop47
 90
       50
102
RTVSPost2010PropOp47
 70
     1
102
RTVSPost2010Prop48
 90
       50
102
RTVSPost2010PropOp48
 70
     1
102
RTVSPost2010Prop49
280
     0
102
RTVSPost2010PropOp49
 70
     1
102
RTVSPost2010Prop50
 90
       50
102
RTVSPost2010PropOp50
 70
     1
102
RTVSPost2010Prop51ColorIndex
 90
      256
102
RTVSPost2010Prop51ColorRGB
 90
-16777216
102
RTVSPost2010PropOp51
 70
     0
102
RTVSPost2010Prop52
140
1.0
102
RTVSPost2010PropOp52
 70
     0
102
RTVSPost2010Prop53
 90
        2
102
RTVSPost2010PropOp53
 70
     1
102
RTVSPost2010Prop54
  1
strokes_ogs.tif
102
RTVSPost2010PropOp54
 70
     1
102
RTVSPost2010Prop55
280
     0
102
RTVSPost2010PropOp55
 70
     1
102
RTVSPost2010Prop56
140
1.0
102
RTVSPost2010PropOp56
 70
     1
102
RTVSPost2010Prop57
140
1.0
102
RTVSPost2010PropOp57
 70
     1
102
RTVSPropertyOp0
 70
     1
102
RTVSPropertyOp1
 70
     1
102
RTVSPropertyOp2
 70
     1
102
RTVSPropertyOp3
 70
     1
102
RTVSPropertyOp4
 70
     1
102
RTVSPropertyOp5
 70
     1
102
RTVSPropertyOp6
 70
     1
102
RTVSPropertyOp7
 70
     1
102
RTVSPropertyOp8
 70
     1
102
RTVSPropertyOp9
 70
     1
102
RTVSPropertyOp10
 70
     1
102
RTVSPropertyOp11
 70
     1
102
RTVSPropertyOp12
 70
     1
102
RTVSPropertyOp13
 70
     1
102
RTVSPropertyOp14
 70
     1
102
RTVSPropertyOp15
 70
     1
102
RTVSPropertyOp16
 70
     1
102
RTVSPropertyOp17
 70
     1
102
RTVSPropertyOp18
 70
     1
102
RTVSPropertyOp19
 70
     1
102
RTVSPropertyOp20
 70
     1
102
RTVSPropertyOp21
 70
     1
102
RTVSPropertyOp22
 70
     1
102
RTVSPropertyOp23
 70
     1
102
RTVSPropertyOp24
 70
     1
102
RTVSPropertyOp25
 70
     1
102
RTVSPropertyOp26
 70
     1
102
RTVSPropertyOp27
 70
     1
102
RTVSPropertyOp28
 70
     1
102
RTVSPropertyOp29
 70
     1
102
RTVSPropertyOp30
 70
     1
102
RTVSPropertyOp31
 70
     1
102
RTVSPropertyOp32
 70
     1
102
RTVSPropertyOp33
 70
     1
102
RTVSPropertyOp34
 70
     1
102
RTVSPropertyOp35
 70
     1
102
RTVSPropertyOp36
 70
     1
102
RTVSPropertyOp37
 70
     1
102
RTVSPropertyOp38
 70
     1
102
RTVSPropertyOp39
 70
     1
102
RTVSPropertyOp40
 70
     1
102
RTVSPropertyOp41
 70
     1
102
RTVSPropertyOp42
 70
     1
102
RTVSPropertyOp43
 70
     1
102
RTVSPropertyOp44
 70
     1
102
RTVSPropertyOp45
 70
     1
102
RTVSPropertyOp46
 70
     1
102
RTVSPropertyOp47
 70
     1
102
RTVSPropertyOp48
 70
     1
102
RTVSPropertyOp49
 70
     1
102
RTVSPropertyOp50
 70
     1
102
RTVSPropertyOp51
 70
     0
102
RTVSPropertyOp52
 70
     0
102
RTVSPropertyOp53
 70
     1
102
RTVSPropertyOp54
 70
     1
102
RTVSPropertyOp55
 70
     1
102
RTVSPropertyOp56
 70
     1
102
RTVSPropertyOp57
 70
     1
102
RTVSPropertyOp58
 70
     1
102
RTVSPropertyOp59
 70
     1
102
RTVSPropertyOp60
 70
     1
102
RTVSPropertyOp61
 70
     1
102
RTVSPropertyOp62
 70
     1
  0
XRECORD
  5
2E15
102
{ACAD_REACTORS
330
2E14
102
}
330
2E14
100
AcDbXrecord
280
     1
102
RTVSPost2010Prop28
280
     0
102
RTVSPost2010PropOp28
 70
     1
102
RTVSPost2010Prop29
280
     1
102
RTVSPost2010PropOp29
 70
     1
102
RTVSPost2010Prop30
280
     1
102
RTVSPost2010PropOp30
 70
     1
102
RTVSPost2010Prop31
280
     0
102
RTVSPost2010PropOp31
 70
     1
102
RTVSPost2010Prop32
280
     0
102
RTVSPost2010PropOp32
 70
     1
102
RTVSPost2010Prop33
280
     0
102
RTVSPost2010PropOp33
 70
     1
102
RTVSPost2010Prop34
280
     0
102
RTVSPost2010PropOp34
 70
     1
102
RTVSPost2010Prop35
280
     0
102
RTVSPost2010PropOp35
 70
     1
102
RTVSPost2010Prop36
280
     0
102
RTVSPost2010PropOp36
 70
     1
102
RTVSPost2010Prop37
 90
       50
102
RTVSPost2010PropOp37
 70
     1
102
RTVSPost2010Prop38
140
0.0
102
RTVSPost2010PropOp38
 70
     1
102
RTVSPost2010Prop39
140
1.0
102
RTVSPost2010PropOp39
 70
     1
102
RTVSPost2010Prop40
 90
        0
102
RTVSPost2010PropOp40
 70
     1
102
RTVSPost2010Prop41ColorIndex
 90
       18
102
RTVSPost2010Prop41ColorRGB
 90
        0
102
RTVSPost2010PropOp41
 70
     1
102
RTVSPost2010Prop42
 90
       50
102
RTVSPost2010PropOp42
 70
     1
102
RTVSPost2010Prop43
 90
        3
102
RTVSPost2010PropOp43
 70
     1
102
RTVSPost2010Prop44ColorIndex
 90
        5
102
RTVSPost2010Prop44ColorRGB
 90
      255
102
RTVSPost2010PropOp44
 70
     1
102
RTVSPost2010Prop45
280
     0
102
RTVSPost2010PropOp45
 70
     1
102
RTVSPost2010Prop46
 90
       50
102
RTVSPost2010PropOp46
 70
     1
102
RTVSPost2010Prop47
 90
       50
102
RTVSPost2010PropOp47
 70
     1
102
RTVSPost2010Prop48
 90
       50
102
RTVSPost2010PropOp48
 70
     1
102
RTVSPost2010Prop49
280
     0
102
RTVSPost2010PropOp49
 70
     1
102
RTVSPost2010Prop50
 90
       50
102
RTVSPost2010PropOp50
 70
     1
102
RTVSPost2010Prop51ColorIndex
 90
      256
102
RTVSPost2010Prop51ColorRGB
 90
-16777216
102
RTVSPost2010PropOp51
 70
     0
102
RTVSPost2010Prop52
140
1.0
102
RTVSPost2010PropOp52
 70
     0
102
RTVSPost2010Prop53
 90
        2
102
RTVSPost2010PropOp53
 70
     1
102
RTVSPost2010Prop54
  1
strokes_ogs.tif
102
RTVSPost2010PropOp54
 70
     1
102
RTVSPost2010Prop55
280
     0
102
RTVSPost2010PropOp55
 70
     1
102
RTVSPost2010Prop56
140
1.0
102
RTVSPost2010PropOp56
 70
     1
102
RTVSPost2010Prop57
140
1.0
102
RTVSPost2010PropOp57
 70
     1
102
RTVSPropertyOp0
 70
     1
102
RTVSPropertyOp1
 70
     1
102
RTVSPropertyOp2
 70
     1
102
RTVSPropertyOp3
 70
     1
102
RTVSPropertyOp4
 70
     1
102
RTVSPropertyOp5
 70
     1
102
RTVSPropertyOp6
 70
     1
102
RTVSPropertyOp7
 70
     1
102
RTVSPropertyOp8
 70
     1
102
RTVSPropertyOp9
 70
     1
102
RTVSPropertyOp10
 70
     1
102
RTVSPropertyOp11
 70
     1
102
RTVSPropertyOp12
 70
     1
102
RTVSPropertyOp13
 70
     1
102
RTVSPropertyOp14
 70
     1
102
RTVSPropertyOp15
 70
     1
102
RTVSPropertyOp16
 70
     1
102
RTVSPropertyOp17
 70
     1
102
RTVSPropertyOp18
 70
     1
102
RTVSPropertyOp19
 70
     1
102
RTVSPropertyOp20
 70
     1
102
RTVSPropertyOp21
 70
     1
102
RTVSPropertyOp22
 70
     1
102
RTVSPropertyOp23
 70
     1
102
RTVSPropertyOp24
 70
     1
102
RTVSPropertyOp25
 70
     1
102
RTVSPropertyOp26
 70
     1
102
RTVSPropertyOp27
 70
     1
102
RTVSPropertyOp28
 70
     1
102
RTVSPropertyOp29
 70
     1
102
RTVSPropertyOp30
 70
     1
102
RTVSPropertyOp31
 70
     1
102
RTVSPropertyOp32
 70
     1
102
RTVSPropertyOp33
 70
     1
102
RTVSPropertyOp34
 70
     1
102
RTVSPropertyOp35
 70
     1
102
RTVSPropertyOp36
 70
     1
102
RTVSPropertyOp37
 70
     1
102
RTVSPropertyOp38
 70
     1
102
RTVSPropertyOp39
 70
     1
102
RTVSPropertyOp40
 70
     1
102
RTVSPropertyOp41
 70
     1
102
RTVSPropertyOp42
 70
     1
102
RTVSPropertyOp43
 70
     1
102
RTVSPropertyOp44
 70
     1
102
RTVSPropertyOp45
 70
     1
102
RTVSPropertyOp46
 70
     1
102
RTVSPropertyOp47
 70
     1
102
RTVSPropertyOp48
 70
     1
102
RTVSPropertyOp49
 70
     1
102
RTVSPropertyOp50
 70
     1
102
RTVSPropertyOp51
 70
     0
102
RTVSPropertyOp52
 70
     0
102
RTVSPropertyOp53
 70
     1
102
RTVSPropertyOp54
 70
     1
102
RTVSPropertyOp55
 70
     1
102
RTVSPropertyOp56
 70
     1
102
RTVSPropertyOp57
 70
     1
102
RTVSPropertyOp58
 70
     1
102
RTVSPropertyOp59
 70
     1
102
RTVSPropertyOp60
 70
     1
102
RTVSPropertyOp61
 70
     1
102
RTVSPropertyOp62
 70
     1
  0
ENDSEC
  0
EOF
