  0
SECTION
  2
HEADER
  9
$ACADVER
  1
AC1021
  9
$ACADMAINTVER
 70
    50
  9
$DWGCODEPAGE
  3
ANSI_1251
  9
$LASTSAVEDBY
  1
mc
  9
$INSBASE
 10
0.0
 20
0.0
 30
0.0
  9
$EXTMIN
 10
-562.0
 20
-151.0000043552098
 30
0.0
  9
$EXTMAX
 10
3520.999999999999
 20
684.1250000000001
 30
0.0
  9
$LIMMIN
 10
0.0
 20
0.0
  9
$LIMMAX
 10
420.0
 20
297.0
  9
$ORTHOMODE
 70
     1
  9
$REGENMODE
 70
     1
  9
$FILLMODE
 70
     1
  9
$QTEXTMODE
 70
     0
  9
$MIRRTEXT
 70
     0
  9
$LTSCALE
 40
1.0
  9
$ATTMODE
 70
     1
  9
$TEXTSIZE
 40
20.0
  9
$TRACEWID
 40
1.0
  9
$TEXTSTYLE
  7
Standard
  9
$CLAYER
  8
0
  9
$CELTYPE
  6
ByLayer
  9
$CECOLOR
 62
   256
  9
$CELTSCALE
 40
1.0
  9
$DISPSILH
 70
     0
  9
$DIMSCALE
 40
1.0
  9
$DIMASZ
 40
2.5
  9
$DIMEXO
 40
0.625
  9
$DIMDLI
 40
3.75
  9
$DIMRND
 40
0.0
  9
$DIMDLE
 40
0.0
  9
$DIMEXE
 40
1.25
  9
$DIMTP
 40
0.0
  9
$DIMTM
 40
0.0
  9
$DIMTXT
 40
2.5
  9
$DIMCEN
 40
2.5
  9
$DIMTSZ
 40
0.0
  9
$DIMTOL
 70
     0
  9
$DIMLIM
 70
     0
  9
$DIMTIH
 70
     0
  9
$DIMTOH
 70
     0
  9
$DIMSE1
 70
     0
  9
$DIMSE2
 70
     0
  9
$DIMTAD
 70
     1
  9
$DIMZIN
 70
     8
  9
$DIMBLK
  1

  9
$DIMASO
 70
     1
  9
$DIMSHO
 70
     1
  9
$DIMPOST
  1

  9
$DIMAPOST
  1

  9
$DIMALT
 70
     0
  9
$DIMALTD
 70
     3
  9
$DIMALTF
 40
0.03937007874016
  9
$DIMLFAC
 40
1.0
  9
$DIMTOFL
 70
     1
  9
$DIMTVP
 40
0.0
  9
$DIMTIX
 70
     0
  9
$DIMSOXD
 70
     0
  9
$DIMSAH
 70
     0
  9
$DIMBLK1
  1

  9
$DIMBLK2
  1

  9
$DIMSTYLE
  2
ISO-25
  9
$DIMCLRD
 70
     0
  9
$DIMCLRE
 70
     0
  9
$DIMCLRT
 70
     0
  9
$DIMTFAC
 40
1.0
  9
$DIMGAP
 40
0.625
  9
$DIMJUST
 70
     0
  9
$DIMSD1
 70
     0
  9
$DIMSD2
 70
     0
  9
$DIMTOLJ
 70
     0
  9
$DIMTZIN
 70
     8
  9
$DIMALTZ
 70
     0
  9
$DIMALTTZ
 70
     0
  9
$DIMUPT
 70
     0
  9
$DIMDEC
 70
     2
  9
$DIMTDEC
 70
     2
  9
$DIMALTU
 70
     2
  9
$DIMALTTD
 70
     3
  9
$DIMTXSTY
  7
Standard
  9
$DIMAUNIT
 70
     0
  9
$DIMADEC
 70
     0
  9
$DIMALTRND
 40
0.0
  9
$DIMAZIN
 70
     0
  9
$DIMDSEP
 70
    44
  9
$DIMATFIT
 70
     3
  9
$DIMFRAC
 70
     0
  9
$DIMLDRBLK
  1

  9
$DIMLUNIT
 70
     2
  9
$DIMLWD
 70
    -2
  9
$DIMLWE
 70
    -2
  9
$DIMTMOVE
 70
     0
  9
$DIMFXL
 40
1.0
  9
$DIMFXLON
 70
     0
  9
$DIMJOGANG
 40
0.7853981633974483
  9
$DIMTFILL
 70
     0
  9
$DIMTFILLCLR
 70
     0
  9
$DIMARCSYM
 70
     0
  9
$DIMLTYPE
  6

  9
$DIMLTEX1
  6

  9
$DIMLTEX2
  6

  9
$LUNITS
 70
     2
  9
$LUPREC
 70
     1
  9
$SKETCHINC
 40
1.0
  9
$FILLETRAD
 40
0.0
  9
$AUNITS
 70
     0
  9
$AUPREC
 70
     0
  9
$MENU
  1
.
  9
$ELEVATION
 40
0.0
  9
$PELEVATION
 40
0.0
  9
$THICKNESS
 40
0.0
  9
$LIMCHECK
 70
     0
  9
$CHAMFERA
 40
0.0
  9
$CHAMFERB
 40
0.0
  9
$CHAMFERC
 40
0.0
  9
$CHAMFERD
 40
0.0
  9
$SKPOLY
 70
     0
  9
$TDCREATE
 40
2460820.440682871
  9
$TDUCREATE
 40
2460820.315688831
  9
$TDUPDATE
 40
2460853.952002315
  9
$TDUUPDATE
 40
2460853.827002315
  9
$TDINDWG
 40
0.4804329398
  9
$TDUSRTIMER
 40
0.4804318403
  9
$USRTIMER
 70
     1
  9
$ANGBASE
 50
0.0
  9
$ANGDIR
 70
     0
  9
$PDMODE
 70
     0
  9
$PDSIZE
 40
0.0
  9
$PLINEWID
 40
0.0
  9
$SPLFRAME
 70
     0
  9
$SPLINETYPE
 70
     6
  9
$SPLINESEGS
 70
     8
  9
$HANDSEED
  5
48B6
  9
$SURFTAB1
 70
     6
  9
$SURFTAB2
 70
     6
  9
$SURFTYPE
 70
     6
  9
$SURFU
 70
     6
  9
$SURFV
 70
     6
  9
$UCSBASE
  2

  9
$UCSNAME
  2

  9
$UCSORG
 10
0.0
 20
0.0
 30
0.0
  9
$UCSXDIR
 10
1.0
 20
0.0
 30
0.0
  9
$UCSYDIR
 10
0.0
 20
1.0
 30
0.0
  9
$UCSORTHOREF
  2

  9
$UCSORTHOVIEW
 70
     0
  9
$UCSORGTOP
 10
0.0
 20
0.0
 30
0.0
  9
$UCSORGBOTTOM
 10
0.0
 20
0.0
 30
0.0
  9
$UCSORGLEFT
 10
0.0
 20
0.0
 30
0.0
  9
$UCSORGRIGHT
 10
0.0
 20
0.0
 30
0.0
  9
$UCSORGFRONT
 10
0.0
 20
0.0
 30
0.0
  9
$UCSORGBACK
 10
0.0
 20
0.0
 30
0.0
  9
$PUCSBASE
  2

  9
$PUCSNAME
  2

  9
$PUCSORG
 10
0.0
 20
0.0
 30
0.0
  9
$PUCSXDIR
 10
1.0
 20
0.0
 30
0.0
  9
$PUCSYDIR
 10
0.0
 20
1.0
 30
0.0
  9
$PUCSORTHOREF
  2

  9
$PUCSORTHOVIEW
 70
     0
  9
$PUCSORGTOP
 10
0.0
 20
0.0
 30
0.0
  9
$PUCSORGBOTTOM
 10
0.0
 20
0.0
 30
0.0
  9
$PUCSORGLEFT
 10
0.0
 20
0.0
 30
0.0
  9
$PUCSORGRIGHT
 10
0.0
 20
0.0
 30
0.0
  9
$PUCSORGFRONT
 10
0.0
 20
0.0
 30
0.0
  9
$PUCSORGBACK
 10
0.0
 20
0.0
 30
0.0
  9
$USERI1
 70
     0
  9
$USERI2
 70
     0
  9
$USERI3
 70
     0
  9
$USERI4
 70
     0
  9
$USERI5
 70
     0
  9
$USERR1
 40
0.0
  9
$USERR2
 40
0.0
  9
$USERR3
 40
0.0
  9
$USERR4
 40
0.0
  9
$USERR5
 40
0.0
  9
$WORLDVIEW
 70
     1
  9
$SHADEDGE
 70
     3
  9
$SHADEDIF
 70
    70
  9
$TILEMODE
 70
     1
  9
$MAXACTVP
 70
    64
  9
$PINSBASE
 10
0.0
 20
0.0
 30
0.0
  9
$PLIMCHECK
 70
     0
  9
$PEXTMIN
 10
0.0
 20
0.0
 30
0.0
  9
$PEXTMAX
 10
413.8083374500274
 20
290.7030212879181
 30
0.0
  9
$PLIMMIN
 10
0.0
 20
0.0
  9
$PLIMMAX
 10
420.0
 20
297.0
  9
$UNITMODE
 70
     0
  9
$VISRETAIN
 70
     1
  9
$PLINEGEN
 70
     0
  9
$PSLTSCALE
 70
     1
  9
$TREEDEPTH
 70
  3020
  9
$CMLSTYLE
  2
Standard
  9
$CMLJUST
 70
     0
  9
$CMLSCALE
 40
20.0
  9
$PROXYGRAPHICS
 70
     1
  9
$MEASUREMENT
 70
     1
  9
$CELWEIGHT
370
    -1
  9
$ENDCAPS
280
     0
  9
$JOINSTYLE
280
     0
  9
$LWDISPLAY
290
     0
  9
$INSUNITS
 70
     4
  9
$HYPERLINKBASE
  1

  9
$STYLESHEET
  1

  9
$XEDIT
290
     1
  9
$CEPSNTYPE
380
     0
  9
$PSTYLEMODE
290
     1
  9
$FINGERPRINTGUID
  2
{A7D90E8E-DA48-4ABA-9127-6F50B909DF67}
  9
$VERSIONGUID
  2
{920D15EA-99AD-0F45-84AB-88775F3B4F99}
  9
$EXTNAMES
290
     1
  9
$PSVPSCALE
 40
0.0
  9
$OLESTARTUP
290
     0
  9
$SORTENTS
280
   127
  9
$INDEXCTL
280
     0
  9
$HIDETEXT
280
     1
  9
$XCLIPFRAME
290
     0
  9
$HALOGAP
280
     0
  9
$OBSCOLOR
 70
   257
  9
$OBSLTYPE
280
     0
  9
$INTERSECTIONDISPLAY
280
     0
  9
$INTERSECTIONCOLOR
 70
   257
  9
$DIMASSOC
280
     2
  9
$PROJECTNAME
  1

  9
$CAMERADISPLAY
290
     0
  9
$LENSLENGTH
 40
50.0
  9
$CAMERAHEIGHT
 40
0.0
  9
$STEPSPERSEC
 40
2.0
  9
$STEPSIZE
 40
6.0
  9
$3DDWFPREC
 40
2.0
  9
$PSOLWIDTH
 40
5.0
  9
$PSOLHEIGHT
 40
80.0
  9
$LOFTANG1
 40
1.570796326794896
  9
$LOFTANG2
 40
1.570796326794896
  9
$LOFTMAG1
 40
0.0
  9
$LOFTMAG2
 40
0.0
  9
$LOFTPARAM
 70
     7
  9
$LOFTNORMALS
280
     1
  9
$LATITUDE
 40
37.795
  9
$LONGITUDE
 40
-122.394
  9
$NORTHDIRECTION
 40
0.0
  9
$TIMEZONE
 70
 -8000
  9
$LIGHTGLYPHDISPLAY
280
     1
  9
$TILEMODELIGHTSYNCH
280
     1
  9
$CMATERIAL
347
EC
  9
$SOLIDHIST
280
     1
  9
$SHOWHIST
280
     1
  9
$DWFFRAME
280
     2
  9
$DGNFRAME
280
     0
  9
$REALWORLDSCALE
290
     1
  9
$INTERFERECOLOR
 62
     1
  9
$INTERFEREOBJVS
345
F9
  9
$INTERFEREVPVS
346
16D2
  9
$CSHADOW
280
     0
  9
$SHADOWPLANELOCATION
 40
0.0
  0
ENDSEC
  0
SECTION
  2
CLASSES
  0
CLASS
  1
ACDBDICTIONARYWDFLT
  2
AcDbDictionaryWithDefault
  3
ObjectDBX Classes
 90
        0
 91
        1
280
     0
281
     0
  0
CLASS
  1
DICTIONARYVAR
  2
AcDbDictionaryVar
  3
ObjectDBX Classes
 90
        0
 91
       14
280
     0
281
     0
  0
CLASS
  1
TABLESTYLE
  2
AcDbTableStyle
  3
ObjectDBX Classes
 90
     4095
 91
        1
280
     0
281
     0
  0
CLASS
  1
MATERIAL
  2
AcDbMaterial
  3
ObjectDBX Classes
 90
     1153
 91
        3
280
     0
281
     0
  0
CLASS
  1
VISUALSTYLE
  2
AcDbVisualStyle
  3
ObjectDBX Classes
 90
     4095
 91
       26
280
     0
281
     0
  0
CLASS
  1
SCALE
  2
AcDbScale
  3
ObjectDBX Classes
 90
     1153
 91
       33
280
     0
281
     0
  0
CLASS
  1
MLEADERSTYLE
  2
AcDbMLeaderStyle
  3
ACDB_MLEADERSTYLE_CLASS
 90
     4095
 91
        2
280
     0
281
     0
  0
CLASS
  1
CELLSTYLEMAP
  2
AcDbCellStyleMap
  3
ObjectDBX Classes
 90
     1152
 91
        2
280
     0
281
     0
  0
CLASS
  1
DIMASSOC
  2
AcDbDimAssoc
  3
"AcDbDimAssoc|Product Desc:     AcDim ARX App For Dimension|Company:          Autodesk, Inc.|WEB Address:      www.autodesk.com"
 90
        0
 91
       69
280
     0
281
     0
  0
CLASS
  1
SORTENTSTABLE
  2
AcDbSortentsTable
  3
ObjectDBX Classes
 90
        0
 91
        2
280
     0
281
     0
  0
CLASS
  1
ACDBSECTIONVIEWSTYLE
  2
AcDbSectionViewStyle
  3
ObjectDBX Classes
 90
     1025
 91
        2
280
     0
281
     0
  0
CLASS
  1
ACDBDETAILVIEWSTYLE
  2
AcDbDetailViewStyle
  3
ObjectDBX Classes
 90
     1025
 91
        2
280
     0
281
     0
  0
CLASS
  1
ACDB_TEXTOBJECTCONTEXTDATA_CLASS
  2
AcDbTextObjectContextData
  3
ObjectDBX Classes
 90
     1153
 91
        0
280
     0
281
     0
  0
ENDSEC
  0
SECTION
  2
TABLES
  0
TABLE
  2
VPORT
  5
8
330
0
100
AcDbSymbolTable
 70
     1
  0
VPORT
  5
EA
330
8
100
AcDbSymbolTableRecord
100
AcDbViewportTableRecord
  2
*Active
 70
     0
 10
0.0
 20
0.0
 11
1.0
 21
1.0
 12
559.4606026126544
 22
259.9998566738102
 13
0.0
 23
0.0
 14
1.0
 24
1.0
 15
10.0
 25
10.0
 16
0.0
 26
0.0
 36
1.0
 17
0.0
 27
0.0
 37
0.0
 40
1168.07709206558
 41
1.927189988623436
 42
50.0
 43
0.0
 44
0.0
 50
0.0
 51
0.0
 71
     0
 72
  1000
 73
     1
 74
     3
 75
     0
 76
     1
 77
     0
 78
     0
281
     0
 65
     1
110
0.0
120
0.0
130
0.0
111
1.0
121
0.0
131
0.0
112
0.0
122
1.0
132
0.0
 79
     0
146
0.0
348
F5
 60
     2
 61
     5
292
     1
282
     1
141
0.0
142
0.0
 63
   250
421
  3355443
1001
ACAD_NAV_VCDISPLAY
1070
     3
  0
ENDTAB
  0
TABLE
  2
LTYPE
  5
5
330
0
100
AcDbSymbolTable
 70
     2
  0
LTYPE
  5
14
330
5
100
AcDbSymbolTableRecord
100
AcDbLinetypeTableRecord
  2
ByBlock
 70
     0
  3

 72
    65
 73
     0
 40
0.0
  0
LTYPE
  5
15
330
5
100
AcDbSymbolTableRecord
100
AcDbLinetypeTableRecord
  2
ByLayer
 70
     0
  3

 72
    65
 73
     0
 40
0.0
  0
LTYPE
  5
16
330
5
100
AcDbSymbolTableRecord
100
AcDbLinetypeTableRecord
  2
Continuous
 70
     0
  3
Solid line
 72
    65
 73
     0
 40
0.0
  0
ENDTAB
  0
TABLE
  2
LAYER
  5
2
102
{ACAD_XDICTIONARY
360
1CF
102
}
330
0
100
AcDbSymbolTable
 70
     8
  0
LAYER
  5
10
102
{ACAD_XDICTIONARY
360
13C
102
}
330
2
100
AcDbSymbolTableRecord
100
AcDbLayerTableRecord
  2
0
 70
     0
 62
     7
  6
Continuous
370
    -3
390
F
347
EE
  0
LAYER
  5
1CD
330
2
100
AcDbSymbolTableRecord
100
AcDbLayerTableRecord
  2
Source
 70
     1
 62
    -7
  6
Continuous
370
    -3
390
F
347
EE
1001
AcAecLayerStandard
1000

1000

  0
LAYER
  5
1D2
330
2
100
AcDbSymbolTableRecord
100
AcDbLayerTableRecord
  2
Dimension
 70
     0
 62
   -20
  6
Continuous
370
    -3
390
F
347
EE
1001
AcAecLayerStandard
1000

1000

  0
LAYER
  5
1E5
330
2
100
AcDbSymbolTableRecord
100
AcDbLayerTableRecord
  2
Defpoints
 70
     1
 62
    -6
  6
Continuous
290
     0
370
    -3
390
F
347
EE
  0
LAYER
  5
20F
330
2
100
AcDbSymbolTableRecord
100
AcDbLayerTableRecord
  2
Dimensions
 70
     0
 62
    -3
  6
Continuous
370
    -3
390
F
347
EE
1001
AcAecLayerStandard
1000

1000

  0
LAYER
  5
67A
330
2
100
AcDbSymbolTableRecord
100
AcDbLayerTableRecord
  2
Inscription
 70
     0
 62
    -5
  6
Continuous
370
    -3
390
F
347
EE
1001
AcAecLayerStandard
1000

1000

  0
LAYER
  5
2C71
330
2
100
AcDbSymbolTableRecord
100
AcDbLayerTableRecord
  2
Dimension2
 70
     0
 62
   -62
  6
Continuous
370
    -3
390
F
347
EE
1001
AcAecLayerStandard
1000

1000

1001
AcCmTransparency
1071
        0
  0
LAYER
  5
4700
330
2
100
AcDbSymbolTableRecord
100
AcDbLayerTableRecord
  2
VPort
 70
     0
 62
    -8
  6
Continuous
290
     0
370
    -3
390
F
347
EE
1001
AcAecLayerStandard
1000

1000

1001
AcCmTransparency
1071
        0
  0
ENDTAB
  0
TABLE
  2
STYLE
  5
3
330
0
100
AcDbSymbolTable
 70
     2
  0
STYLE
  5
11
330
3
100
AcDbSymbolTableRecord
100
AcDbTextStyleTableRecord
  2
Standard
 70
     0
 40
0.0
 41
1.0
 50
0.0
 71
     0
 42
20.0
  3
txt.shx
  4

  0
STYLE
  5
132
330
3
100
AcDbSymbolTableRecord
100
AcDbTextStyleTableRecord
  2
Аннотативный
 70
     0
 40
0.0
 41
1.0
 50
0.0
 71
     0
 42
2.5
  3
txt.shx
  4

1001
AcadAnnotative
1000
AnnotativeData
1002
{
1070
     1
1070
     1
1002
}
  0
ENDTAB
  0
TABLE
  2
VIEW
  5
6
330
0
100
AcDbSymbolTable
 70
     2
  0
ENDTAB
  0
TABLE
  2
UCS
  5
7
330
0
100
AcDbSymbolTable
 70
     0
  0
ENDTAB
  0
TABLE
  2
APPID
  5
9
330
0
100
AcDbSymbolTable
 70
    12
  0
APPID
  5
12
330
9
100
AcDbSymbolTableRecord
100
AcDbRegAppTableRecord
  2
ACAD
 70
     0
  0
APPID
  5
9E
330
9
100
AcDbSymbolTableRecord
100
AcDbRegAppTableRecord
  2
ACAD_PSEXT
 70
     0
  0
APPID
  5
133
330
9
100
AcDbSymbolTableRecord
100
AcDbRegAppTableRecord
  2
AcadAnnoPO
 70
     0
  0
APPID
  5
134
330
9
100
AcDbSymbolTableRecord
100
AcDbRegAppTableRecord
  2
AcadAnnotative
 70
     0
  0
APPID
  5
135
330
9
100
AcDbSymbolTableRecord
100
AcDbRegAppTableRecord
  2
ACAD_DSTYLE_DIMJAG
 70
     0
  0
APPID
  5
136
330
9
100
AcDbSymbolTableRecord
100
AcDbRegAppTableRecord
  2
ACAD_DSTYLE_DIMTALN
 70
     0
  0
APPID
  5
165
330
9
100
AcDbSymbolTableRecord
100
AcDbRegAppTableRecord
  2
ACAD_MLEADERVER
 70
     0
  0
APPID
  5
1CE
330
9
100
AcDbSymbolTableRecord
100
AcDbRegAppTableRecord
  2
AcAecLayerStandard
 70
     0
  0
APPID
  5
1D8
330
9
100
AcDbSymbolTableRecord
100
AcDbRegAppTableRecord
  2
ACAD_EXEMPT_FROM_CAD_STANDARDS
 70
     0
  0
APPID
  5
432
330
9
100
AcDbSymbolTableRecord
100
AcDbRegAppTableRecord
  2
ACAD_DSTYLE_DIMRADIAL_EXTENSION
 70
     0
  0
APPID
  5
16E8
330
9
100
AcDbSymbolTableRecord
100
AcDbRegAppTableRecord
  2
ACAD_NAV_VCDISPLAY
 70
     0
  0
APPID
  5
2C72
330
9
100
AcDbSymbolTableRecord
100
AcDbRegAppTableRecord
  2
AcCmTransparency
 70
     0
  0
ENDTAB
  0
TABLE
  2
DIMSTYLE
  5
A
330
0
100
AcDbSymbolTable
 70
     4
100
AcDbDimStyleTable
 71
     2
340
27
340
137
  0
DIMSTYLE
105
27
102
{ACAD_REACTORS
330
3F1
330
40A
330
422
330
433
330
452
330
495
330
4B6
330
4DE
330
514
330
52A
330
550
330
568
330
5A5
330
5B2
330
5BF
330
5EA
330
600
330
616
330
62C
330
65B
330
68F
330
69C
330
6C6
330
6DF
330
6FF
330
71E
330
72D
330
73C
330
74B
330
7BE
330
7CB
330
7E5
330
80E
330
82D
330
83C
330
84B
330
866
330
88F
330
8AE
330
8FB
330
91A
330
929
330
938
330
AF0
330
B3E
330
B66
330
B7C
330
BFC
330
C12
330
C28
330
C40
330
C56
330
C6C
330
C8C
330
CA2
330
CB8
330
CE0
330
CF6
330
D0D
330
D1C
330
D2B
330
D3A
330
D49
330
D58
330
D67
330
D76
330
D8D
330
DAF
330
DC5
330
DDC
330
DF3
330
E1A
330
E30
330
E46
330
E5C
330
E7D
330
E94
330
EA3
330
EB1
330
EC7
330
EDD
330
EFE
330
F0D
330
F1C
330
F32
330
F48
330
F5E
330
F6B
330
F78
330
FB4
330
FC3
330
FD2
330
FE1
330
FF0
330
FFF
330
100D
330
1023
330
1047
330
1061
330
1079
330
108F
330
10A5
330
10CE
330
10DD
330
10EB
330
10F8
330
1105
330
1137
330
1146
330
1156
330
116C
330
1179
330
1186
330
11B8
330
11C7
330
11D6
330
11E4
330
11FA
330
1210
330
124F
330
126F
330
127E
330
128D
330
129B
330
12B1
330
12C7
330
12DF
330
12EE
330
12FD
330
130C
330
131A
330
1330
330
1346
330
135C
330
1369
330
1376
330
13C3
330
13D2
330
13E1
330
1408
330
141F
330
1435
330
1437
330
145A
330
145C
102
}
330
A
100
AcDbSymbolTableRecord
100
AcDbDimStyleTableRecord
  2
ISO-25
 70
     0
 41
2.5
 42
0.625
 43
3.75
 44
1.25
 73
     0
 74
     0
 77
     1
 78
     8
140
2.5
141
2.5
143
0.03937007874016
147
0.625
171
     3
172
     1
271
     2
272
     2
274
     3
278
    44
283
     0
284
     8
340
11
  0
DIMSTYLE
105
137
330
A
100
AcDbSymbolTableRecord
100
AcDbDimStyleTableRecord
  2
Аннотативный
 70
     0
 40
0.0
 41
2.5
 42
0.625
 43
3.75
 44
1.25
 73
     0
 74
     0
 77
     1
 78
     8
140
2.5
141
2.5
143
0.03937007874016
147
0.625
171
     3
172
     1
271
     2
272
     2
274
     3
278
    44
283
     0
284
     8
340
11
1001
AcadAnnotative
1000
AnnotativeData
1002
{
1070
     1
1070
     1
1002
}
1001
ACAD_DSTYLE_DIMJAG
1070
   388
1040
1.5
1001
ACAD_DSTYLE_DIMTALN
1070
   392
1070
     0
  0
DIMSTYLE
105
1BA
330
A
100
AcDbSymbolTableRecord
100
AcDbDimStyleTableRecord
  2
Standard
 70
     0
340
11
  0
ENDTAB
  0
TABLE
  2
BLOCK_RECORD
  5
1
330
0
100
AcDbSymbolTable
 70
   154
  0
BLOCK_RECORD
  5
1F
102
{ACAD_XDICTIONARY
360
2AD
102
}
330
1
100
AcDbSymbolTableRecord
100
AcDbBlockTableRecord
  2
*Model_Space
340
22
 70
     0
280
     1
281
     0
  0
BLOCK_RECORD
  5
169D
330
1
100
AcDbSymbolTableRecord
100
AcDbBlockTableRecord
  2
*Paper_Space
340
169E
 70
     0
280
     1
281
     0
  0
BLOCK_RECORD
  5
1B2
330
1
100
AcDbSymbolTableRecord
100
AcDbBlockTableRecord
  2
Insert4
340
0
102
{BLKREFS
331
1CC
102
}
 70
     0
280
     1
281
     0
  0
BLOCK_RECORD
  5
3F2
330
1
100
AcDbSymbolTableRecord
100
AcDbBlockTableRecord
  2
*D1
340
0
 70
     0
280
     1
281
     0
  0
BLOCK_RECORD
  5
40B
330
1
100
AcDbSymbolTableRecord
100
AcDbBlockTableRecord
  2
*D2
340
0
 70
     0
280
     1
281
     0
  0
BLOCK_RECORD
  5
423
330
1
100
AcDbSymbolTableRecord
100
AcDbBlockTableRecord
  2
*D3
340
0
 70
     0
280
     1
281
     0
  0
BLOCK_RECORD
  5
434
330
1
100
AcDbSymbolTableRecord
100
AcDbBlockTableRecord
  2
*D4
340
0
 70
     0
280
     1
281
     0
  0
BLOCK_RECORD
  5
453
330
1
100
AcDbSymbolTableRecord
100
AcDbBlockTableRecord
  2
*D5
340
0
 70
     0
280
     1
281
     0
  0
BLOCK_RECORD
  5
496
330
1
100
AcDbSymbolTableRecord
100
AcDbBlockTableRecord
  2
*D6
340
0
 70
     0
280
     1
281
     0
  0
BLOCK_RECORD
  5
4B7
330
1
100
AcDbSymbolTableRecord
100
AcDbBlockTableRecord
  2
*D7
340
0
 70
     0
280
     1
281
     0
  0
BLOCK_RECORD
  5
4DF
330
1
100
AcDbSymbolTableRecord
100
AcDbBlockTableRecord
  2
*D8
340
0
 70
     0
280
     1
281
     0
  0
BLOCK_RECORD
  5
515
330
1
100
AcDbSymbolTableRecord
100
AcDbBlockTableRecord
  2
*D9
340
0
 70
     0
280
     1
281
     0
  0
BLOCK_RECORD
  5
52B
330
1
100
AcDbSymbolTableRecord
100
AcDbBlockTableRecord
  2
*D10
340
0
 70
     0
280
     1
281
     0
  0
BLOCK_RECORD
  5
551
330
1
100
AcDbSymbolTableRecord
100
AcDbBlockTableRecord
  2
*D11
340
0
 70
     0
280
     1
281
     0
  0
BLOCK_RECORD
  5
569
330
1
100
AcDbSymbolTableRecord
100
AcDbBlockTableRecord
  2
*D12
340
0
 70
     0
280
     1
281
     0
  0
BLOCK_RECORD
  5
5A6
330
1
100
AcDbSymbolTableRecord
100
AcDbBlockTableRecord
  2
*D13
340
0
 70
     0
280
     1
281
     0
  0
BLOCK_RECORD
  5
5B3
330
1
100
AcDbSymbolTableRecord
100
AcDbBlockTableRecord
  2
*D14
340
0
 70
     0
280
     1
281
     0
  0
BLOCK_RECORD
  5
5C0
330
1
100
AcDbSymbolTableRecord
100
AcDbBlockTableRecord
  2
*D15
340
0
 70
     0
280
     1
281
     0
  0
BLOCK_RECORD
  5
5EB
330
1
100
AcDbSymbolTableRecord
100
AcDbBlockTableRecord
  2
*D16
340
0
 70
     0
280
     1
281
     0
  0
BLOCK_RECORD
  5
601
330
1
100
AcDbSymbolTableRecord
100
AcDbBlockTableRecord
  2
*D17
340
0
 70
     0
280
     1
281
     0
  0
BLOCK_RECORD
  5
617
330
1
100
AcDbSymbolTableRecord
100
AcDbBlockTableRecord
  2
*D18
340
0
 70
     0
280
     1
281
     0
  0
BLOCK_RECORD
  5
62D
330
1
100
AcDbSymbolTableRecord
100
AcDbBlockTableRecord
  2
*D19
340
0
 70
     0
280
     1
281
     0
  0
BLOCK_RECORD
  5
65C
330
1
100
AcDbSymbolTableRecord
100
AcDbBlockTableRecord
  2
*D20
340
0
 70
     0
280
     1
281
     0
  0
BLOCK_RECORD
  5
690
330
1
100
AcDbSymbolTableRecord
100
AcDbBlockTableRecord
  2
*D21
340
0
 70
     0
280
     1
281
     0
  0
BLOCK_RECORD
  5
69D
330
1
100
AcDbSymbolTableRecord
100
AcDbBlockTableRecord
  2
*D22
340
0
 70
     0
280
     1
281
     0
  0
BLOCK_RECORD
  5
6C7
330
1
100
AcDbSymbolTableRecord
100
AcDbBlockTableRecord
  2
*D23
340
0
 70
     0
280
     1
281
     0
  0
BLOCK_RECORD
  5
6E0
330
1
100
AcDbSymbolTableRecord
100
AcDbBlockTableRecord
  2
*D24
340
0
 70
     0
280
     1
281
     0
  0
BLOCK_RECORD
  5
700
330
1
100
AcDbSymbolTableRecord
100
AcDbBlockTableRecord
  2
*D25
340
0
 70
     0
280
     1
281
     0
  0
BLOCK_RECORD
  5
721
330
1
100
AcDbSymbolTableRecord
100
AcDbBlockTableRecord
  2
*D26
340
0
 70
     0
280
     1
281
     0
  0
BLOCK_RECORD
  5
730
330
1
100
AcDbSymbolTableRecord
100
AcDbBlockTableRecord
  2
*D27
340
0
 70
     0
280
     1
281
     0
  0
BLOCK_RECORD
  5
73F
330
1
100
AcDbSymbolTableRecord
100
AcDbBlockTableRecord
  2
*D28
340
0
 70
     0
280
     1
281
     0
  0
BLOCK_RECORD
  5
74C
330
1
100
AcDbSymbolTableRecord
100
AcDbBlockTableRecord
  2
*D29
340
0
 70
     0
280
     1
281
     0
  0
BLOCK_RECORD
  5
7BF
330
1
100
AcDbSymbolTableRecord
100
AcDbBlockTableRecord
  2
*D30
340
0
 70
     0
280
     1
281
     0
  0
BLOCK_RECORD
  5
7CC
330
1
100
AcDbSymbolTableRecord
100
AcDbBlockTableRecord
  2
*D31
340
0
 70
     0
280
     1
281
     0
  0
BLOCK_RECORD
  5
7E6
330
1
100
AcDbSymbolTableRecord
100
AcDbBlockTableRecord
  2
*D32
340
0
 70
     0
280
     1
281
     0
  0
BLOCK_RECORD
  5
80F
330
1
100
AcDbSymbolTableRecord
100
AcDbBlockTableRecord
  2
*D33
340
0
 70
     0
280
     1
281
     0
  0
BLOCK_RECORD
  5
830
330
1
100
AcDbSymbolTableRecord
100
AcDbBlockTableRecord
  2
*D34
340
0
 70
     0
280
     1
281
     0
  0
BLOCK_RECORD
  5
83F
330
1
100
AcDbSymbolTableRecord
100
AcDbBlockTableRecord
  2
*D35
340
0
 70
     0
280
     1
281
     0
  0
BLOCK_RECORD
  5
84C
330
1
100
AcDbSymbolTableRecord
100
AcDbBlockTableRecord
  2
*D36
340
0
 70
     0
280
     1
281
     0
  0
BLOCK_RECORD
  5
867
330
1
100
AcDbSymbolTableRecord
100
AcDbBlockTableRecord
  2
*D37
340
0
 70
     0
280
     1
281
     0
  0
BLOCK_RECORD
  5
890
330
1
100
AcDbSymbolTableRecord
100
AcDbBlockTableRecord
  2
*D38
340
0
 70
     0
280
     1
281
     0
  0
BLOCK_RECORD
  5
8AF
330
1
100
AcDbSymbolTableRecord
100
AcDbBlockTableRecord
  2
*D39
340
0
 70
     0
280
     1
281
     0
  0
BLOCK_RECORD
  5
8FC
330
1
100
AcDbSymbolTableRecord
100
AcDbBlockTableRecord
  2
*D40
340
0
 70
     0
280
     1
281
     0
  0
BLOCK_RECORD
  5
91D
330
1
100
AcDbSymbolTableRecord
100
AcDbBlockTableRecord
  2
*D41
340
0
 70
     0
280
     1
281
     0
  0
BLOCK_RECORD
  5
92C
330
1
100
AcDbSymbolTableRecord
100
AcDbBlockTableRecord
  2
*D42
340
0
 70
     0
280
     1
281
     0
  0
BLOCK_RECORD
  5
93B
330
1
100
AcDbSymbolTableRecord
100
AcDbBlockTableRecord
  2
*D43
340
0
 70
     0
280
     1
281
     0
  0
BLOCK_RECORD
  5
AF1
330
1
100
AcDbSymbolTableRecord
100
AcDbBlockTableRecord
  2
*D44
340
0
 70
     0
280
     1
281
     0
  0
BLOCK_RECORD
  5
B3F
330
1
100
AcDbSymbolTableRecord
100
AcDbBlockTableRecord
  2
*D45
340
0
 70
     0
280
     1
281
     0
  0
BLOCK_RECORD
  5
B67
330
1
100
AcDbSymbolTableRecord
100
AcDbBlockTableRecord
  2
*D46
340
0
 70
     0
280
     1
281
     0
  0
BLOCK_RECORD
  5
B7D
330
1
100
AcDbSymbolTableRecord
100
AcDbBlockTableRecord
  2
*D47
340
0
 70
     0
280
     1
281
     0
  0
BLOCK_RECORD
  5
BFD
330
1
100
AcDbSymbolTableRecord
100
AcDbBlockTableRecord
  2
*D48
340
0
 70
     0
280
     1
281
     0
  0
BLOCK_RECORD
  5
C13
330
1
100
AcDbSymbolTableRecord
100
AcDbBlockTableRecord
  2
*D49
340
0
 70
     0
280
     1
281
     0
  0
BLOCK_RECORD
  5
C29
330
1
100
AcDbSymbolTableRecord
100
AcDbBlockTableRecord
  2
*D50
340
0
 70
     0
280
     1
281
     0
  0
BLOCK_RECORD
  5
C41
330
1
100
AcDbSymbolTableRecord
100
AcDbBlockTableRecord
  2
*D51
340
0
 70
     0
280
     1
281
     0
  0
BLOCK_RECORD
  5
C57
330
1
100
AcDbSymbolTableRecord
100
AcDbBlockTableRecord
  2
*D52
340
0
 70
     0
280
     1
281
     0
  0
BLOCK_RECORD
  5
C6D
330
1
100
AcDbSymbolTableRecord
100
AcDbBlockTableRecord
  2
*D53
340
0
 70
     0
280
     1
281
     0
  0
BLOCK_RECORD
  5
C8D
330
1
100
AcDbSymbolTableRecord
100
AcDbBlockTableRecord
  2
*D54
340
0
 70
     0
280
     1
281
     0
  0
BLOCK_RECORD
  5
CA3
330
1
100
AcDbSymbolTableRecord
100
AcDbBlockTableRecord
  2
*D55
340
0
 70
     0
280
     1
281
     0
  0
BLOCK_RECORD
  5
CB9
330
1
100
AcDbSymbolTableRecord
100
AcDbBlockTableRecord
  2
*D56
340
0
 70
     0
280
     1
281
     0
  0
BLOCK_RECORD
  5
CE1
330
1
100
AcDbSymbolTableRecord
100
AcDbBlockTableRecord
  2
*D57
340
0
 70
     0
280
     1
281
     0
  0
BLOCK_RECORD
  5
CF7
330
1
100
AcDbSymbolTableRecord
100
AcDbBlockTableRecord
  2
*D58
340
0
 70
     0
280
     1
281
     0
  0
BLOCK_RECORD
  5
D10
330
1
100
AcDbSymbolTableRecord
100
AcDbBlockTableRecord
  2
*D59
340
0
 70
     0
280
     1
281
     0
  0
BLOCK_RECORD
  5
D1F
330
1
100
AcDbSymbolTableRecord
100
AcDbBlockTableRecord
  2
*D60
340
0
 70
     0
280
     1
281
     0
  0
BLOCK_RECORD
  5
D2E
330
1
100
AcDbSymbolTableRecord
100
AcDbBlockTableRecord
  2
*D61
340
0
 70
     0
280
     1
281
     0
  0
BLOCK_RECORD
  5
D3D
330
1
100
AcDbSymbolTableRecord
100
AcDbBlockTableRecord
  2
*D62
340
0
 70
     0
280
     1
281
     0
  0
BLOCK_RECORD
  5
D4C
330
1
100
AcDbSymbolTableRecord
100
AcDbBlockTableRecord
  2
*D63
340
0
 70
     0
280
     1
281
     0
  0
BLOCK_RECORD
  5
D5B
330
1
100
AcDbSymbolTableRecord
100
AcDbBlockTableRecord
  2
*D64
340
0
 70
     0
280
     1
281
     0
  0
BLOCK_RECORD
  5
D6A
330
1
100
AcDbSymbolTableRecord
100
AcDbBlockTableRecord
  2
*D65
340
0
 70
     0
280
     1
281
     0
  0
BLOCK_RECORD
  5
D79
330
1
100
AcDbSymbolTableRecord
100
AcDbBlockTableRecord
  2
*D66
340
0
 70
     0
280
     1
281
     0
  0
BLOCK_RECORD
  5
D8E
330
1
100
AcDbSymbolTableRecord
100
AcDbBlockTableRecord
  2
*D67
340
0
 70
     0
280
     1
281
     0
  0
BLOCK_RECORD
  5
DB0
330
1
100
AcDbSymbolTableRecord
100
AcDbBlockTableRecord
  2
*D68
340
0
 70
     0
280
     1
281
     0
  0
BLOCK_RECORD
  5
DC6
330
1
100
AcDbSymbolTableRecord
100
AcDbBlockTableRecord
  2
*D69
340
0
 70
     0
280
     1
281
     0
  0
BLOCK_RECORD
  5
DDD
330
1
100
AcDbSymbolTableRecord
100
AcDbBlockTableRecord
  2
*D70
340
0
 70
     0
280
     1
281
     0
  0
BLOCK_RECORD
  5
DF6
330
1
100
AcDbSymbolTableRecord
100
AcDbBlockTableRecord
  2
*D71
340
0
 70
     0
280
     1
281
     0
  0
BLOCK_RECORD
  5
E1B
330
1
100
AcDbSymbolTableRecord
100
AcDbBlockTableRecord
  2
*D72
340
0
 70
     0
280
     1
281
     0
  0
BLOCK_RECORD
  5
E31
330
1
100
AcDbSymbolTableRecord
100
AcDbBlockTableRecord
  2
*D73
340
0
 70
     0
280
     1
281
     0
  0
BLOCK_RECORD
  5
E47
330
1
100
AcDbSymbolTableRecord
100
AcDbBlockTableRecord
  2
*D74
340
0
 70
     0
280
     1
281
     0
  0
BLOCK_RECORD
  5
E5D
330
1
100
AcDbSymbolTableRecord
100
AcDbBlockTableRecord
  2
*D75
340
0
 70
     0
280
     1
281
     0
  0
BLOCK_RECORD
  5
E7E
330
1
100
AcDbSymbolTableRecord
100
AcDbBlockTableRecord
  2
*D76
340
0
 70
     0
280
     1
281
     0
  0
BLOCK_RECORD
  5
E97
330
1
100
AcDbSymbolTableRecord
100
AcDbBlockTableRecord
  2
*D77
340
0
 70
     0
280
     1
281
     0
  0
BLOCK_RECORD
  5
EA6
330
1
100
AcDbSymbolTableRecord
100
AcDbBlockTableRecord
  2
*D78
340
0
 70
     0
280
     1
281
     0
  0
BLOCK_RECORD
  5
EB2
330
1
100
AcDbSymbolTableRecord
100
AcDbBlockTableRecord
  2
*D79
340
0
 70
     0
280
     1
281
     0
  0
BLOCK_RECORD
  5
EC8
330
1
100
AcDbSymbolTableRecord
100
AcDbBlockTableRecord
  2
*D80
340
0
 70
     0
280
     1
281
     0
  0
BLOCK_RECORD
  5
EDE
330
1
100
AcDbSymbolTableRecord
100
AcDbBlockTableRecord
  2
*D81
340
0
 70
     0
280
     1
281
     0
  0
BLOCK_RECORD
  5
F01
330
1
100
AcDbSymbolTableRecord
100
AcDbBlockTableRecord
  2
*D82
340
0
 70
     0
280
     1
281
     0
  0
BLOCK_RECORD
  5
F10
330
1
100
AcDbSymbolTableRecord
100
AcDbBlockTableRecord
  2
*D83
340
0
 70
     0
280
     1
281
     0
  0
BLOCK_RECORD
  5
F1D
330
1
100
AcDbSymbolTableRecord
100
AcDbBlockTableRecord
  2
*D84
340
0
 70
     0
280
     1
281
     0
  0
BLOCK_RECORD
  5
F33
330
1
100
AcDbSymbolTableRecord
100
AcDbBlockTableRecord
  2
*D85
340
0
 70
     0
280
     1
281
     0
  0
BLOCK_RECORD
  5
F49
330
1
100
AcDbSymbolTableRecord
100
AcDbBlockTableRecord
  2
*D86
340
0
 70
     0
280
     1
281
     0
  0
BLOCK_RECORD
  5
F5F
330
1
100
AcDbSymbolTableRecord
100
AcDbBlockTableRecord
  2
*D87
340
0
 70
     0
280
     1
281
     0
  0
BLOCK_RECORD
  5
F6C
330
1
100
AcDbSymbolTableRecord
100
AcDbBlockTableRecord
  2
*D88
340
0
 70
     0
280
     1
281
     0
  0
BLOCK_RECORD
  5
F79
330
1
100
AcDbSymbolTableRecord
100
AcDbBlockTableRecord
  2
*D89
340
0
 70
     0
280
     1
281
     0
  0
BLOCK_RECORD
  5
FB7
330
1
100
AcDbSymbolTableRecord
100
AcDbBlockTableRecord
  2
*D90
340
0
 70
     0
280
     1
281
     0
  0
BLOCK_RECORD
  5
FC6
330
1
100
AcDbSymbolTableRecord
100
AcDbBlockTableRecord
  2
*D91
340
0
 70
     0
280
     1
281
     0
  0
BLOCK_RECORD
  5
FD5
330
1
100
AcDbSymbolTableRecord
100
AcDbBlockTableRecord
  2
*D92
340
0
 70
     0
280
     1
281
     0
  0
BLOCK_RECORD
  5
FE4
330
1
100
AcDbSymbolTableRecord
100
AcDbBlockTableRecord
  2
*D93
340
0
 70
     0
280
     1
281
     0
  0
BLOCK_RECORD
  5
FF3
330
1
100
AcDbSymbolTableRecord
100
AcDbBlockTableRecord
  2
*D94
340
0
 70
     0
280
     1
281
     0
  0
BLOCK_RECORD
  5
1002
330
1
100
AcDbSymbolTableRecord
100
AcDbBlockTableRecord
  2
*D95
340
0
 70
     0
280
     1
281
     0
  0
BLOCK_RECORD
  5
100E
330
1
100
AcDbSymbolTableRecord
100
AcDbBlockTableRecord
  2
*D96
340
0
 70
     0
280
     1
281
     0
  0
BLOCK_RECORD
  5
1024
330
1
100
AcDbSymbolTableRecord
100
AcDbBlockTableRecord
  2
*D97
340
0
 70
     0
280
     1
281
     0
  0
BLOCK_RECORD
  5
1055
330
1
100
AcDbSymbolTableRecord
100
AcDbBlockTableRecord
  2
*D98
340
0
 70
     0
280
     1
281
     0
  0
BLOCK_RECORD
  5
1064
330
1
100
AcDbSymbolTableRecord
100
AcDbBlockTableRecord
  2
*D99
340
0
 70
     0
280
     1
281
     0
  0
BLOCK_RECORD
  5
107A
330
1
100
AcDbSymbolTableRecord
100
AcDbBlockTableRecord
  2
*D100
340
0
 70
     0
280
     1
281
     0
  0
BLOCK_RECORD
  5
1090
330
1
100
AcDbSymbolTableRecord
100
AcDbBlockTableRecord
  2
*D101
340
0
 70
     0
280
     1
281
     0
  0
BLOCK_RECORD
  5
10A6
330
1
100
AcDbSymbolTableRecord
100
AcDbBlockTableRecord
  2
*D102
340
0
 70
     0
280
     1
281
     0
  0
BLOCK_RECORD
  5
10D1
330
1
100
AcDbSymbolTableRecord
100
AcDbBlockTableRecord
  2
*D103
340
0
 70
     0
280
     1
281
     0
  0
BLOCK_RECORD
  5
10E0
330
1
100
AcDbSymbolTableRecord
100
AcDbBlockTableRecord
  2
*D104
340
0
 70
     0
280
     1
281
     0
  0
BLOCK_RECORD
  5
10EC
330
1
100
AcDbSymbolTableRecord
100
AcDbBlockTableRecord
  2
*D105
340
0
 70
     0
280
     1
281
     0
  0
BLOCK_RECORD
  5
10F9
330
1
100
AcDbSymbolTableRecord
100
AcDbBlockTableRecord
  2
*D106
340
0
 70
     0
280
     1
281
     0
  0
BLOCK_RECORD
  5
1106
330
1
100
AcDbSymbolTableRecord
100
AcDbBlockTableRecord
  2
*D107
340
0
 70
     0
280
     1
281
     0
  0
BLOCK_RECORD
  5
113A
330
1
100
AcDbSymbolTableRecord
100
AcDbBlockTableRecord
  2
*D108
340
0
 70
     0
280
     1
281
     0
  0
BLOCK_RECORD
  5
1149
330
1
100
AcDbSymbolTableRecord
100
AcDbBlockTableRecord
  2
*D109
340
0
 70
     0
280
     1
281
     0
  0
BLOCK_RECORD
  5
1157
330
1
100
AcDbSymbolTableRecord
100
AcDbBlockTableRecord
  2
*D110
340
0
 70
     0
280
     1
281
     0
  0
BLOCK_RECORD
  5
116D
330
1
100
AcDbSymbolTableRecord
100
AcDbBlockTableRecord
  2
*D111
340
0
 70
     0
280
     1
281
     0
  0
BLOCK_RECORD
  5
117A
330
1
100
AcDbSymbolTableRecord
100
AcDbBlockTableRecord
  2
*D112
340
0
 70
     0
280
     1
281
     0
  0
BLOCK_RECORD
  5
1187
330
1
100
AcDbSymbolTableRecord
100
AcDbBlockTableRecord
  2
*D113
340
0
 70
     0
280
     1
281
     0
  0
BLOCK_RECORD
  5
11BB
330
1
100
AcDbSymbolTableRecord
100
AcDbBlockTableRecord
  2
*D114
340
0
 70
     0
280
     1
281
     0
  0
BLOCK_RECORD
  5
11CA
330
1
100
AcDbSymbolTableRecord
100
AcDbBlockTableRecord
  2
*D115
340
0
 70
     0
280
     1
281
     0
  0
BLOCK_RECORD
  5
11D9
330
1
100
AcDbSymbolTableRecord
100
AcDbBlockTableRecord
  2
*D116
340
0
 70
     0
280
     1
281
     0
  0
BLOCK_RECORD
  5
11E5
330
1
100
AcDbSymbolTableRecord
100
AcDbBlockTableRecord
  2
*D117
340
0
 70
     0
280
     1
281
     0
  0
BLOCK_RECORD
  5
11FB
330
1
100
AcDbSymbolTableRecord
100
AcDbBlockTableRecord
  2
*D118
340
0
 70
     0
280
     1
281
     0
  0
BLOCK_RECORD
  5
1211
330
1
100
AcDbSymbolTableRecord
100
AcDbBlockTableRecord
  2
*D119
340
0
 70
     0
280
     1
281
     0
  0
BLOCK_RECORD
  5
1250
330
1
100
AcDbSymbolTableRecord
100
AcDbBlockTableRecord
  2
*D120
340
0
 70
     0
280
     1
281
     0
  0
BLOCK_RECORD
  5
1272
330
1
100
AcDbSymbolTableRecord
100
AcDbBlockTableRecord
  2
*D121
340
0
 70
     0
280
     1
281
     0
  0
BLOCK_RECORD
  5
1281
330
1
100
AcDbSymbolTableRecord
100
AcDbBlockTableRecord
  2
*D122
340
0
 70
     0
280
     1
281
     0
  0
BLOCK_RECORD
  5
1290
330
1
100
AcDbSymbolTableRecord
100
AcDbBlockTableRecord
  2
*D123
340
0
 70
     0
280
     1
281
     0
  0
BLOCK_RECORD
  5
129C
330
1
100
AcDbSymbolTableRecord
100
AcDbBlockTableRecord
  2
*D124
340
0
 70
     0
280
     1
281
     0
  0
BLOCK_RECORD
  5
12B2
330
1
100
AcDbSymbolTableRecord
100
AcDbBlockTableRecord
  2
*D125
340
0
 70
     0
280
     1
281
     0
  0
BLOCK_RECORD
  5
12C8
330
1
100
AcDbSymbolTableRecord
100
AcDbBlockTableRecord
  2
*D126
340
0
 70
     0
280
     1
281
     0
  0
BLOCK_RECORD
  5
12E2
330
1
100
AcDbSymbolTableRecord
100
AcDbBlockTableRecord
  2
*D127
340
0
 70
     0
280
     1
281
     0
  0
BLOCK_RECORD
  5
12F1
330
1
100
AcDbSymbolTableRecord
100
AcDbBlockTableRecord
  2
*D128
340
0
 70
     0
280
     1
281
     0
  0
BLOCK_RECORD
  5
1300
330
1
100
AcDbSymbolTableRecord
100
AcDbBlockTableRecord
  2
*D129
340
0
 70
     0
280
     1
281
     0
  0
BLOCK_RECORD
  5
130F
330
1
100
AcDbSymbolTableRecord
100
AcDbBlockTableRecord
  2
*D130
340
0
 70
     0
280
     1
281
     0
  0
BLOCK_RECORD
  5
131B
330
1
100
AcDbSymbolTableRecord
100
AcDbBlockTableRecord
  2
*D131
340
0
 70
     0
280
     1
281
     0
  0
BLOCK_RECORD
  5
1331
330
1
100
AcDbSymbolTableRecord
100
AcDbBlockTableRecord
  2
*D132
340
0
 70
     0
280
     1
281
     0
  0
BLOCK_RECORD
  5
1347
330
1
100
AcDbSymbolTableRecord
100
AcDbBlockTableRecord
  2
*D133
340
0
 70
     0
280
     1
281
     0
  0
BLOCK_RECORD
  5
135D
330
1
100
AcDbSymbolTableRecord
100
AcDbBlockTableRecord
  2
*D134
340
0
 70
     0
280
     1
281
     0
  0
BLOCK_RECORD
  5
136A
330
1
100
AcDbSymbolTableRecord
100
AcDbBlockTableRecord
  2
*D135
340
0
 70
     0
280
     1
281
     0
  0
BLOCK_RECORD
  5
1377
330
1
100
AcDbSymbolTableRecord
100
AcDbBlockTableRecord
  2
*D136
340
0
 70
     0
280
     1
281
     0
  0
BLOCK_RECORD
  5
13C7
330
1
100
AcDbSymbolTableRecord
100
AcDbBlockTableRecord
  2
*D137
340
0
 70
     0
280
     1
281
     0
  0
BLOCK_RECORD
  5
13D6
330
1
100
AcDbSymbolTableRecord
100
AcDbBlockTableRecord
  2
*D138
340
0
 70
     0
280
     1
281
     0
  0
BLOCK_RECORD
  5
13E5
330
1
100
AcDbSymbolTableRecord
100
AcDbBlockTableRecord
  2
*D139
340
0
 70
     0
280
     1
281
     0
  0
BLOCK_RECORD
  5
1409
330
1
100
AcDbSymbolTableRecord
100
AcDbBlockTableRecord
  2
*D140
340
0
 70
     0
280
     1
281
     0
  0
BLOCK_RECORD
  5
1420
330
1
100
AcDbSymbolTableRecord
100
AcDbBlockTableRecord
  2
*D141
340
0
 70
     0
280
     1
281
     0
  0
BLOCK_RECORD
  5
143A
330
1
100
AcDbSymbolTableRecord
100
AcDbBlockTableRecord
  2
*D142
340
0
 70
     0
280
     1
281
     0
  0
BLOCK_RECORD
  5
144F
330
1
100
AcDbSymbolTableRecord
100
AcDbBlockTableRecord
  2
*D143
340
0
 70
     0
280
     1
281
     0
  0
BLOCK_RECORD
  5
145F
330
1
100
AcDbSymbolTableRecord
100
AcDbBlockTableRecord
  2
*D144
340
0
 70
     0
280
     1
281
     0
  0
BLOCK_RECORD
  5
1474
330
1
100
AcDbSymbolTableRecord
100
AcDbBlockTableRecord
  2
*D145
340
0
 70
     0
280
     1
281
     0
  0
BLOCK_RECORD
  5
481D
330
1
100
AcDbSymbolTableRecord
100
AcDbBlockTableRecord
  2
*D150
340
0
 70
     0
280
     1
281
     0
  0
BLOCK_RECORD
  5
4835
330
1
100
AcDbSymbolTableRecord
100
AcDbBlockTableRecord
  2
*D151
340
0
 70
     0
280
     1
281
     0
  0
BLOCK_RECORD
  5
486B
330
1
100
AcDbSymbolTableRecord
100
AcDbBlockTableRecord
  2
A$C0918d488
340
0
 70
     1
280
     1
281
     0
  0
ENDTAB
  0
ENDSEC
  0
SECTION
  2
BLOCKS
  0
BLOCK
  5
20
330
1F
100
AcDbEntity
  8
0
100
AcDbBlockBegin
  2
*Model_Space
 70
     0
 10
0.0
 20
0.0
 30
0.0
  3
*Model_Space
  1

  0
ENDBLK
  5
21
330
1F
100
AcDbEntity
  8
0
100
AcDbBlockEnd
  0
BLOCK
  5
169F
330
169D
100
AcDbEntity
 67
     1
  8
0
100
AcDbBlockBegin
  2
*Paper_Space
 70
     0
 10
0.0
 20
0.0
 30
0.0
  3
*Paper_Space
  1

  0
ENDBLK
  5
16A0
330
169D
100
AcDbEntity
 67
     1
  8
0
100
AcDbBlockEnd
  0
BLOCK
  5
1B3
330
1B2
100
AcDbEntity
  8
0
100
AcDbBlockBegin
  2
Insert4
 70
     0
 10
0.0
 20
0.0
 30
0.0
  3
Insert4
  1

  0
LINE
  5
1B4
330
1B2
100
AcDbEntity
  8
0
 62
     0
100
AcDbLine
 10
1327.56667436979
 20
-1817.352002606234
 30
0.0
 11
1327.56667436979
 21
-1835.352002606234
 31
0.0
  0
LINE
  5
1B5
330
1B2
100
AcDbEntity
  8
0
 62
     0
100
AcDbLine
 10
1327.56667436979
 20
-1835.352002606234
 30
0.0
 11
1341.56667436979
 21
-1835.352002606234
 31
0.0
  0
LINE
  5
1B6
330
1B2
100
AcDbEntity
  8
0
 62
     0
100
AcDbLine
 10
1327.56667436979
 20
-2312.352002606234
 30
0.0
 11
1327.56667436979
 21
-2294.352002606234
 31
0.0
  0
LINE
  5
1B7
330
1B2
100
AcDbEntity
  8
0
 62
     0
100
AcDbLine
 10
1327.56667436979
 20
-2294.352002606234
 30
0.0
 11
1341.56667436979
 21
-2294.352002606234
 31
0.0
  0
LWPOLYLINE
  5
1B8
330
1B2
100
AcDbEntity
  8
0
 62
     0
100
AcDbPolyline
 90
        4
 70
     1
 43
0.0
 10
1341.56667436979
 20
-2312.352002606234
 10
1341.56667436979
 20
-1817.352002606234
 10
1171.56667436979
 20
-1817.352002606234
 10
1171.56667436979
 20
-2312.352002606234
  0
ENDBLK
  5
1B9
330
1B2
100
AcDbEntity
  8
0
100
AcDbBlockEnd
  0
BLOCK
  5
3F3
330
3F2
100
AcDbEntity
  8
0
100
AcDbBlockBegin
  2
*D1
 70
     1
 10
0.0
 20
0.0
 30
0.0
  3
*D1
  1

  0
LINE
  5
46B1
330
3F2
100
AcDbEntity
  8
Dimensions
 62
     0
440
 16777216
370
    -2
100
AcDbLine
 10
2768.999996845228
 20
508.6249956447901
 30
0.0
 11
2768.999996845228
 21
519.2499999999999
 31
0.0
  0
LINE
  5
46B2
330
3F2
100
AcDbEntity
  8
Dimensions
 62
     0
440
 16777216
370
    -2
100
AcDbLine
 10
2661.999996845228
 20
13.625
 30
0.0
 11
2661.999996845228
 21
519.2499999999999
 31
0.0
  0
LINE
  5
46B3
330
3F2
100
AcDbEntity
  8
Dimensions
 62
     0
440
 16777216
370
    -2
100
AcDbLine
 10
2766.499996845228
 20
518.0
 30
0.0
 11
2664.499996845228
 21
518.0
 31
0.0
  0
SOLID
  5
46B4
330
3F2
100
AcDbEntity
  8
Dimensions
 62
     0
440
 16777216
100
AcDbTrace
 10
2766.499996845228
 20
518.4166666666666
 30
0.0
 11
2766.499996845228
 21
517.5833333333334
 31
0.0
 12
2768.999996845228
 22
518.0
 32
0.0
 13
2768.999996845228
 23
518.0
 33
0.0
  0
SOLID
  5
46B5
330
3F2
100
AcDbEntity
  8
Dimensions
 62
     0
440
 16777216
100
AcDbTrace
 10
2664.499996845228
 20
518.4166666666666
 30
0.0
 11
2664.499996845228
 21
517.5833333333334
 31
0.0
 12
2661.999996845228
 22
518.0
 32
0.0
 13
2661.999996845228
 23
518.0
 33
0.0
  0
MTEXT
  5
46B6
330
3F2
100
AcDbEntity
  8
Dimensions
 62
     0
440
 16777216
100
AcDbMText
 10
2715.499996845228
 20
519.875
 30
0.0
 40
2.5
 41
0.0
 46
0.0
 71
     5
 72
     1
  1
107
 73
     1
 44
1.0
  0
POINT
  5
46B7
330
3F2
100
AcDbEntity
  8
Defpoints
 62
     0
440
 16777216
100
AcDbPoint
 10
2768.999996845228
 20
507.9999956447901
 30
0.0
  0
POINT
  5
46B8
330
3F2
100
AcDbEntity
  8
Defpoints
 62
     0
440
 16777216
100
AcDbPoint
 10
2661.999996845228
 20
13.0
 30
0.0
  0
POINT
  5
46B9
330
3F2
100
AcDbEntity
  8
Defpoints
 62
     0
440
 16777216
100
AcDbPoint
 10
2661.999996845228
 20
518.0
 30
0.0
  0
ENDBLK
  5
3F4
330
3F2
100
AcDbEntity
  8
0
100
AcDbBlockEnd
  0
BLOCK
  5
40C
330
40B
100
AcDbEntity
  8
0
100
AcDbBlockBegin
  2
*D2
 70
     1
 10
0.0
 20
0.0
 30
0.0
  3
*D2
  1

  0
LINE
  5
46BA
330
40B
100
AcDbEntity
  8
Dimensions
 62
     0
440
 16777216
370
    -2
100
AcDbLine
 10
2661.374996845229
 20
13.0
 30
0.0
 11
2650.749996845229
 21
13.0
 31
0.0
  0
LINE
  5
46BB
330
40B
100
AcDbEntity
  8
Dimensions
 62
     0
440
 16777216
370
    -2
100
AcDbLine
 10
2661.374996845229
 20
213.0000000000001
 30
0.0
 11
2650.749996845229
 21
213.0000000000001
 31
0.0
  0
LINE
  5
46BC
330
40B
100
AcDbEntity
  8
Dimensions
 62
     0
440
 16777216
370
    -2
100
AcDbLine
 10
2651.999996845229
 20
15.5
 30
0.0
 11
2651.999996845229
 21
210.5000000000001
 31
0.0
  0
SOLID
  5
46BD
330
40B
100
AcDbEntity
  8
Dimensions
 62
     0
440
 16777216
100
AcDbTrace
 10
2651.583330178562
 20
15.5
 30
0.0
 11
2652.416663511895
 21
15.5
 31
0.0
 12
2651.999996845229
 22
13.0
 32
0.0
 13
2651.999996845229
 23
13.0
 33
0.0
  0
SOLID
  5
46BE
330
40B
100
AcDbEntity
  8
Dimensions
 62
     0
440
 16777216
100
AcDbTrace
 10
2651.583330178562
 20
210.5000000000001
 30
0.0
 11
2652.416663511895
 21
210.5000000000001
 31
0.0
 12
2651.999996845229
 22
213.0000000000001
 32
0.0
 13
2651.999996845229
 23
213.0000000000001
 33
0.0
  0
MTEXT
  5
46BF
330
40B
100
AcDbEntity
  8
Dimensions
 62
     0
440
 16777216
100
AcDbMText
 10
2650.124996845228
 20
112.9999999999993
 30
0.0
 40
2.5
 41
0.0
 46
0.0
 71
     5
 72
     1
  1
200
 11
0.0000000000000001
 21
1.0
 31
0.0
 73
     1
 44
1.0
  0
POINT
  5
46C0
330
40B
100
AcDbEntity
  8
Defpoints
 62
     0
440
 16777216
100
AcDbPoint
 10
2661.999996845228
 20
13.0
 30
0.0
  0
POINT
  5
46C1
330
40B
100
AcDbEntity
  8
Defpoints
 62
     0
440
 16777216
100
AcDbPoint
 10
2661.999996845228
 20
213.0000000000001
 30
0.0
  0
POINT
  5
46C2
330
40B
100
AcDbEntity
  8
Defpoints
 62
     0
440
 16777216
100
AcDbPoint
 10
2651.999996845229
 20
213.0000000000001
 30
0.0
  0
ENDBLK
  5
40D
330
40B
100
AcDbEntity
  8
0
100
AcDbBlockEnd
  0
BLOCK
  5
424
330
423
100
AcDbEntity
  8
0
100
AcDbBlockBegin
  2
*D3
 70
     1
 10
0.0
 20
0.0
 30
0.0
  3
*D3
  1

  0
LINE
  5
46C3
330
423
100
AcDbEntity
  8
Dimensions
 62
     0
440
 16777216
370
    -2
100
AcDbLine
 10
2661.374996845229
 20
213.0000000000001
 30
0.0
 11
2650.749996845229
 21
213.0000000000001
 31
0.0
  0
LINE
  5
46C4
330
423
100
AcDbEntity
  8
Dimensions
 62
     0
440
 16777216
370
    -2
100
AcDbLine
 10
2661.374996845229
 20
263.0000000000001
 30
0.0
 11
2650.749996845229
 21
263.0000000000001
 31
0.0
  0
LINE
  5
46C5
330
423
100
AcDbEntity
  8
Dimensions
 62
     0
440
 16777216
370
    -2
100
AcDbLine
 10
2651.999996845229
 20
215.5000000000001
 30
0.0
 11
2651.999996845229
 21
260.5000000000001
 31
0.0
  0
SOLID
  5
46C6
330
423
100
AcDbEntity
  8
Dimensions
 62
     0
440
 16777216
100
AcDbTrace
 10
2651.583330178562
 20
215.5000000000001
 30
0.0
 11
2652.416663511895
 21
215.5000000000001
 31
0.0
 12
2651.999996845229
 22
213.0000000000001
 32
0.0
 13
2651.999996845229
 23
213.0000000000001
 33
0.0
  0
SOLID
  5
46C7
330
423
100
AcDbEntity
  8
Dimensions
 62
     0
440
 16777216
100
AcDbTrace
 10
2651.583330178562
 20
260.5000000000001
 30
0.0
 11
2652.416663511895
 21
260.5000000000001
 31
0.0
 12
2651.999996845229
 22
263.0000000000001
 32
0.0
 13
2651.999996845229
 23
263.0000000000001
 33
0.0
  0
MTEXT
  5
46C8
330
423
100
AcDbEntity
  8
Dimensions
 62
     0
440
 16777216
100
AcDbMText
 10
2650.124996845228
 20
237.9999999999993
 30
0.0
 40
2.5
 41
0.0
 46
0.0
 71
     5
 72
     1
  1
50
 11
0.0000000000000001
 21
1.0
 31
0.0
 73
     1
 44
1.0
  0
POINT
  5
46C9
330
423
100
AcDbEntity
  8
Defpoints
 62
     0
440
 16777216
100
AcDbPoint
 10
2661.999996845228
 20
213.0000000000001
 30
0.0
  0
POINT
  5
46CA
330
423
100
AcDbEntity
  8
Defpoints
 62
     0
440
 16777216
100
AcDbPoint
 10
2661.999996845228
 20
263.0000000000001
 30
0.0
  0
POINT
  5
46CB
330
423
100
AcDbEntity
  8
Defpoints
 62
     0
440
 16777216
100
AcDbPoint
 10
2651.999996845229
 20
263.0000000000001
 30
0.0
  0
ENDBLK
  5
425
330
423
100
AcDbEntity
  8
0
100
AcDbBlockEnd
  0
BLOCK
  5
435
330
434
100
AcDbEntity
  8
0
100
AcDbBlockBegin
  2
*D4
 70
     1
 10
0.0
 20
0.0
 30
0.0
  3
*D4
  1

  0
LINE
  5
46DC
330
434
100
AcDbEntity
  8
Dimensions
 62
     0
440
 16777216
370
    -2
100
AcDbLine
 10
2631.201032503031
 20
243.798964342199
 30
0.0
 11
2647.504307830904
 21
227.4956890143248
 31
0.0
  0
LINE
  5
46DD
330
434
100
AcDbEntity
  8
Dimensions
 62
     0
440
 16777216
370
    -2
100
AcDbLine
 10
2676.495685859551
 20
198.5043109856758
 30
0.0
 11
2678.263452812518
 21
196.7365440327094
 31
0.0
  0
MTEXT
  5
46DE
330
434
100
AcDbEntity
  8
Dimensions
 62
     0
440
 16777216
100
AcDbMText
 10
2635.325822059952
 20
242.325825214727
 30
0.0
 40
2.5
 41
0.0
 46
0.0
 71
     5
 72
     1
  1
∅36
 11
0.7071067811865257
 21
-0.7071067811865694
 31
0.0
 73
     1
 44
1.0
  0
LINE
  5
46DF
330
434
100
AcDbEntity
  8
Dimensions
 62
     0
440
 16777216
370
    -2
100
AcDbLine
 10
2674.727918906585
 20
200.2720779386423
 30
0.0
 11
2649.27207478387
 21
225.7279220613584
 31
0.0
  0
SOLID
  5
46E0
330
434
100
AcDbEntity
  8
Dimensions
 62
     0
440
 16777216
100
AcDbTrace
 10
2676.790313685046
 20
198.7989388111703
 30
0.0
 11
2676.201058034056
 21
198.2096831601814
 31
0.0
 12
2674.727918906585
 22
200.2720779386423
 32
0.0
 13
2674.727918906585
 23
200.2720779386423
 33
0.0
  0
SOLID
  5
46E1
330
434
100
AcDbEntity
  8
Dimensions
 62
     0
440
 16777216
100
AcDbTrace
 10
2647.798935656398
 20
227.7903168398193
 30
0.0
 11
2647.20968000541
 21
227.2010611888304
 31
0.0
 12
2649.27207478387
 22
225.7279220613584
 32
0.0
 13
2649.27207478387
 23
225.7279220613584
 33
0.0
  0
POINT
  5
46E2
330
434
100
AcDbEntity
  8
Defpoints
 62
     0
440
 16777216
100
AcDbPoint
 10
2649.27207478387
 20
225.7279220613584
 30
0.0
  0
POINT
  5
46E3
330
434
100
AcDbEntity
  8
Defpoints
 62
     0
440
 16777216
100
AcDbPoint
 10
2674.727918906585
 20
200.2720779386423
 30
0.0
  0
ENDBLK
  5
436
330
434
100
AcDbEntity
  8
0
100
AcDbBlockEnd
  0
BLOCK
  5
454
330
453
100
AcDbEntity
  8
0
100
AcDbBlockBegin
  2
*D5
 70
     1
 10
0.0
 20
0.0
 30
0.0
  3
*D5
  1

  0
LINE
  5
46E4
330
453
100
AcDbEntity
  8
Dimensions
 62
     0
440
 16777216
370
    -2
100
AcDbLine
 10
2645.08835966185
 20
279.9116371833782
 30
0.0
 11
2652.454055299209
 21
272.5459415460184
 31
0.0
  0
LINE
  5
46E5
330
453
100
AcDbEntity
  8
Dimensions
 62
     0
440
 16777216
370
    -2
100
AcDbLine
 10
2671.545938391247
 20
253.4540584539814
 30
0.0
 11
2673.313705344213
 21
251.6862915010149
 31
0.0
  0
MTEXT
  5
46E6
330
453
100
AcDbEntity
  8
Dimensions
 62
     0
440
 16777216
100
AcDbMText
 10
2649.213149218771
 20
278.4384980559059
 30
0.0
 40
2.5
 41
0.0
 46
0.0
 71
     5
 72
     1
  1
∅22
 11
0.7071067811865319
 21
-0.7071067811865632
 31
0.0
 73
     1
 44
1.0
  0
LINE
  5
46E7
330
453
100
AcDbEntity
  8
Dimensions
 62
     0
440
 16777216
370
    -2
100
AcDbLine
 10
2669.77817143828
 20
255.2218254069478
 30
0.0
 11
2654.221822252176
 21
270.778174593052
 31
0.0
  0
SOLID
  5
46E8
330
453
100
AcDbEntity
  8
Dimensions
 62
     0
440
 16777216
100
AcDbTrace
 10
2671.840566216741
 20
253.7486862794756
 30
0.0
 11
2671.251310565752
 21
253.1594306284871
 31
0.0
 12
2669.77817143828
 22
255.2218254069478
 32
0.0
 13
2669.77817143828
 23
255.2218254069478
 33
0.0
  0
SOLID
  5
46E9
330
453
100
AcDbEntity
  8
Dimensions
 62
     0
440
 16777216
100
AcDbTrace
 10
2652.748683124704
 20
272.8405693715128
 30
0.0
 11
2652.159427473716
 21
272.2513137205242
 31
0.0
 12
2654.221822252176
 22
270.778174593052
 32
0.0
 13
2654.221822252176
 23
270.778174593052
 33
0.0
  0
POINT
  5
46EA
330
453
100
AcDbEntity
  8
Defpoints
 62
     0
440
 16777216
100
AcDbPoint
 10
2654.221822252176
 20
270.778174593052
 30
0.0
  0
POINT
  5
46EB
330
453
100
AcDbEntity
  8
Defpoints
 62
     0
440
 16777216
100
AcDbPoint
 10
2669.77817143828
 20
255.2218254069478
 30
0.0
  0
ENDBLK
  5
455
330
453
100
AcDbEntity
  8
0
100
AcDbBlockEnd
  0
BLOCK
  5
497
330
496
100
AcDbEntity
  8
0
100
AcDbBlockBegin
  2
*D6
 70
     1
 10
0.0
 20
0.0
 30
0.0
  3
*D6
  1

  0
LINE
  5
4676
330
496
100
AcDbEntity
  8
Dimensions
 62
     0
440
 16777216
370
    -2
100
AcDbLine
 10
3353.999996845228
 20
508.6249999999999
 30
0.0
 11
3353.999996845228
 21
519.2499999999999
 31
0.0
  0
LINE
  5
4677
330
496
100
AcDbEntity
  8
Dimensions
 62
     0
440
 16777216
370
    -2
100
AcDbLine
 10
3413.999996845228
 20
13.625
 30
0.0
 11
3413.999996845228
 21
519.2499999999999
 31
0.0
  0
LINE
  5
4678
330
496
100
AcDbEntity
  8
Dimensions
 62
     0
440
 16777216
370
    -2
100
AcDbLine
 10
3356.499996845228
 20
518.0
 30
0.0
 11
3411.499996845228
 21
518.0
 31
0.0
  0
SOLID
  5
4679
330
496
100
AcDbEntity
  8
Dimensions
 62
     0
440
 16777216
100
AcDbTrace
 10
3356.499996845228
 20
518.4166666666666
 30
0.0
 11
3356.499996845228
 21
517.5833333333334
 31
0.0
 12
3353.999996845228
 22
518.0
 32
0.0
 13
3353.999996845228
 23
518.0
 33
0.0
  0
SOLID
  5
467A
330
496
100
AcDbEntity
  8
Dimensions
 62
     0
440
 16777216
100
AcDbTrace
 10
3411.499996845228
 20
518.4166666666666
 30
0.0
 11
3411.499996845228
 21
517.5833333333334
 31
0.0
 12
3413.999996845228
 22
518.0
 32
0.0
 13
3413.999996845228
 23
518.0
 33
0.0
  0
MTEXT
  5
467B
330
496
100
AcDbEntity
  8
Dimensions
 62
     0
440
 16777216
100
AcDbMText
 10
3383.999996845228
 20
519.875
 30
0.0
 40
2.5
 41
0.0
 46
0.0
 71
     5
 72
     1
  1
60
 73
     1
 44
1.0
  0
POINT
  5
467C
330
496
100
AcDbEntity
  8
Defpoints
 62
     0
440
 16777216
100
AcDbPoint
 10
3353.999996845228
 20
508.0
 30
0.0
  0
POINT
  5
467D
330
496
100
AcDbEntity
  8
Defpoints
 62
     0
440
 16777216
100
AcDbPoint
 10
3413.999996845228
 20
13.0
 30
0.0
  0
POINT
  5
467E
330
496
100
AcDbEntity
  8
Defpoints
 62
     0
440
 16777216
100
AcDbPoint
 10
3413.999996845228
 20
518.0
 30
0.0
  0
ENDBLK
  5
498
330
496
100
AcDbEntity
  8
0
100
AcDbBlockEnd
  0
BLOCK
  5
4B8
330
4B7
100
AcDbEntity
  8
0
100
AcDbBlockBegin
  2
*D7
 70
     1
 10
0.0
 20
0.0
 30
0.0
  3
*D7
  1

  0
LINE
  5
467F
330
4B7
100
AcDbEntity
  8
Dimensions
 62
     0
440
 16777216
370
    -2
100
AcDbLine
 10
3413.999996845228
 20
508.6249999999999
 30
0.0
 11
3413.999996845228
 21
519.2499999999999
 31
0.0
  0
LINE
  5
4680
330
4B7
100
AcDbEntity
  8
Dimensions
 62
     0
440
 16777216
370
    -2
100
AcDbLine
 10
3468.999996845228
 20
13.625
 30
0.0
 11
3468.999996845228
 21
519.2499999999999
 31
0.0
  0
LINE
  5
4681
330
4B7
100
AcDbEntity
  8
Dimensions
 62
     0
440
 16777216
370
    -2
100
AcDbLine
 10
3416.499996845228
 20
518.0
 30
0.0
 11
3466.499996845228
 21
518.0
 31
0.0
  0
SOLID
  5
4682
330
4B7
100
AcDbEntity
  8
Dimensions
 62
     0
440
 16777216
100
AcDbTrace
 10
3416.499996845228
 20
518.4166666666666
 30
0.0
 11
3416.499996845228
 21
517.5833333333334
 31
0.0
 12
3413.999996845228
 22
518.0
 32
0.0
 13
3413.999996845228
 23
518.0
 33
0.0
  0
SOLID
  5
4683
330
4B7
100
AcDbEntity
  8
Dimensions
 62
     0
440
 16777216
100
AcDbTrace
 10
3466.499996845228
 20
518.4166666666666
 30
0.0
 11
3466.499996845228
 21
517.5833333333334
 31
0.0
 12
3468.999996845228
 22
518.0
 32
0.0
 13
3468.999996845228
 23
518.0
 33
0.0
  0
MTEXT
  5
4684
330
4B7
100
AcDbEntity
  8
Dimensions
 62
     0
440
 16777216
100
AcDbMText
 10
3441.499996845228
 20
519.875
 30
0.0
 40
2.5
 41
0.0
 46
0.0
 71
     5
 72
     1
  1
55
 73
     1
 44
1.0
  0
POINT
  5
4685
330
4B7
100
AcDbEntity
  8
Defpoints
 62
     0
440
 16777216
100
AcDbPoint
 10
3413.999996845228
 20
508.0
 30
0.0
  0
POINT
  5
4686
330
4B7
100
AcDbEntity
  8
Defpoints
 62
     0
440
 16777216
100
AcDbPoint
 10
3468.999996845228
 20
13.0
 30
0.0
  0
POINT
  5
4687
330
4B7
100
AcDbEntity
  8
Defpoints
 62
     0
440
 16777216
100
AcDbPoint
 10
3468.999996845228
 20
518.0
 30
0.0
  0
ENDBLK
  5
4B9
330
4B7
100
AcDbEntity
  8
0
100
AcDbBlockEnd
  0
BLOCK
  5
4E0
330
4DF
100
AcDbEntity
  8
0
100
AcDbBlockBegin
  2
*D8
 70
     1
 10
0.0
 20
0.0
 30
0.0
  3
*D8
  1

  0
LINE
  5
4688
330
4DF
100
AcDbEntity
  8
Dimensions
 62
     0
440
 16777216
370
    -2
100
AcDbLine
 10
3354.62499684523
 20
13.0
 30
0.0
 11
3498.24999684524
 21
13.00000000000003
 31
0.0
  0
LINE
  5
4689
330
4DF
100
AcDbEntity
  8
Dimensions
 62
     0
440
 16777216
370
    -2
100
AcDbLine
 10
3354.62499684523
 20
58.00000000000003
 30
0.0
 11
3498.24999684524
 21
58.00000000000005
 31
0.0
  0
LINE
  5
468A
330
4DF
100
AcDbEntity
  8
Dimensions
 62
     0
440
 16777216
370
    -2
100
AcDbLine
 10
3496.999996845241
 20
15.50000000000003
 30
0.0
 11
3496.999996845241
 21
55.50000000000005
 31
0.0
  0
SOLID
  5
468B
330
4DF
100
AcDbEntity
  8
Dimensions
 62
     0
440
 16777216
100
AcDbTrace
 10
3496.583330178574
 20
15.50000000000003
 30
0.0
 11
3497.416663511907
 21
15.50000000000003
 31
0.0
 12
3496.999996845241
 22
13.00000000000003
 32
0.0
 13
3496.999996845241
 23
13.00000000000003
 33
0.0
  0
SOLID
  5
468C
330
4DF
100
AcDbEntity
  8
Dimensions
 62
     0
440
 16777216
100
AcDbTrace
 10
3496.583330178574
 20
55.50000000000005
 30
0.0
 11
3497.416663511907
 21
55.50000000000005
 31
0.0
 12
3496.999996845241
 22
58.00000000000005
 32
0.0
 13
3496.999996845241
 23
58.00000000000005
 33
0.0
  0
MTEXT
  5
468D
330
4DF
100
AcDbEntity
  8
Dimensions
 62
     0
440
 16777216
100
AcDbMText
 10
3495.12499684524
 20
35.49999999999904
 30
0.0
 40
2.5
 41
0.0
 46
0.0
 71
     5
 72
     1
  1
45
 11
0.0000000000000001
 21
1.0
 31
0.0
 73
     1
 44
1.0
  0
POINT
  5
468E
330
4DF
100
AcDbEntity
  8
Defpoints
 62
     0
440
 16777216
100
AcDbPoint
 10
3353.999996845229
 20
13.0
 30
0.0
  0
POINT
  5
468F
330
4DF
100
AcDbEntity
  8
Defpoints
 62
     0
440
 16777216
100
AcDbPoint
 10
3353.999996845229
 20
58.00000000000003
 30
0.0
  0
POINT
  5
4690
330
4DF
100
AcDbEntity
  8
Defpoints
 62
     0
440
 16777216
100
AcDbPoint
 10
3496.999996845241
 20
58.00000000000005
 30
0.0
  0
ENDBLK
  5
4E1
330
4DF
100
AcDbEntity
  8
0
100
AcDbBlockEnd
  0
BLOCK
  5
516
330
515
100
AcDbEntity
  8
0
100
AcDbBlockBegin
  2
*D9
 70
     1
 10
0.0
 20
0.0
 30
0.0
  3
*D9
  1

  0
LINE
  5
46A1
330
515
100
AcDbEntity
  8
Dimensions
 62
     0
440
 16777216
370
    -2
100
AcDbLine
 10
3443.20103250303
 20
83.79896434219721
 30
0.0
 11
3454.504307830904
 21
72.49568901432417
 31
0.0
  0
LINE
  5
46A2
330
515
100
AcDbEntity
  8
Dimensions
 62
     0
440
 16777216
370
    -2
100
AcDbLine
 10
3483.495685859553
 20
43.50431098567606
 30
0.0
 11
3485.263452812519
 21
41.73654403270984
 31
0.0
  0
MTEXT
  5
46A3
330
515
100
AcDbEntity
  8
Dimensions
 62
     0
440
 16777216
100
AcDbMText
 10
3447.325822059951
 20
82.32582521472522
 30
0.0
 40
2.5
 41
0.0
 46
0.0
 71
     5
 72
     1
  1
∅36
 11
0.707106781186557
 21
-0.7071067811865382
 31
0.0
 73
     1
 44
1.0
  0
LINE
  5
46A4
330
515
100
AcDbEntity
  8
Dimensions
 62
     0
440
 16777216
370
    -2
100
AcDbLine
 10
3481.727918906586
 20
45.27207793864249
 30
0.0
 11
3456.27207478387
 21
70.72792206135773
 31
0.0
  0
SOLID
  5
46A5
330
515
100
AcDbEntity
  8
Dimensions
 62
     0
440
 16777216
100
AcDbTrace
 10
3483.790313685047
 20
43.79893881117027
 30
0.0
 11
3483.201058034058
 21
43.20968316018183
 31
0.0
 12
3481.727918906586
 22
45.27207793864249
 32
0.0
 13
3481.727918906586
 23
45.27207793864249
 33
0.0
  0
SOLID
  5
46A6
330
515
100
AcDbEntity
  8
Dimensions
 62
     0
440
 16777216
100
AcDbTrace
 10
3454.798935656397
 20
72.79031683981838
 30
0.0
 11
3454.209680005409
 21
72.20106118882995
 31
0.0
 12
3456.27207478387
 22
70.72792206135773
 32
0.0
 13
3456.27207478387
 23
70.72792206135773
 33
0.0
  0
POINT
  5
46A7
330
515
100
AcDbEntity
  8
Defpoints
 62
     0
440
 16777216
100
AcDbPoint
 10
3456.27207478387
 20
70.72792206135773
 30
0.0
  0
POINT
  5
46A8
330
515
100
AcDbEntity
  8
Defpoints
 62
     0
440
 16777216
100
AcDbPoint
 10
3481.727918906586
 20
45.27207793864249
 30
0.0
  0
ENDBLK
  5
517
330
515
100
AcDbEntity
  8
0
100
AcDbBlockEnd
  0
BLOCK
  5
52C
330
52B
100
AcDbEntity
  8
0
100
AcDbBlockBegin
  2
*D10
 70
     1
 10
0.0
 20
0.0
 30
0.0
  3
*D10
  1

  0
LINE
  5
46A9
330
52B
100
AcDbEntity
  8
Dimensions
 62
     0
440
 16777216
370
    -2
100
AcDbLine
 10
3388.201032503029
 20
83.7989643421954
 30
0.0
 11
3399.504307830902
 21
72.49568901432303
 31
0.0
  0
LINE
  5
46AA
330
52B
100
AcDbEntity
  8
Dimensions
 62
     0
440
 16777216
370
    -2
100
AcDbLine
 10
3428.495685859554
 20
43.50431098567582
 30
0.0
 11
3430.26345281252
 21
41.73654403270961
 31
0.0
  0
MTEXT
  5
46AB
330
52B
100
AcDbEntity
  8
Dimensions
 62
     0
440
 16777216
100
AcDbMText
 10
3392.325822059951
 20
82.32582521472364
 30
0.0
 40
2.5
 41
0.0
 46
0.0
 71
     5
 72
     1
  1
∅36
 11
0.7071067811865821
 21
-0.707106781186513
 31
0.0
 73
     1
 44
1.0
  0
LINE
  5
46AC
330
52B
100
AcDbEntity
  8
Dimensions
 62
     0
440
 16777216
370
    -2
100
AcDbLine
 10
3426.727918906587
 20
45.27207793864204
 30
0.0
 11
3401.272074783869
 21
70.72792206135682
 31
0.0
  0
SOLID
  5
46AD
330
52B
100
AcDbEntity
  8
Dimensions
 62
     0
440
 16777216
100
AcDbTrace
 10
3428.790313685047
 20
43.79893881117005
 30
0.0
 11
3428.20105803406
 21
43.20968316018138
 31
0.0
 12
3426.727918906587
 22
45.27207793864204
 32
0.0
 13
3426.727918906587
 23
45.27207793864204
 33
0.0
  0
SOLID
  5
46AE
330
52B
100
AcDbEntity
  8
Dimensions
 62
     0
440
 16777216
100
AcDbTrace
 10
3399.798935656397
 20
72.79031683981748
 30
0.0
 11
3399.209680005409
 21
72.20106118882881
 31
0.0
 12
3401.272074783869
 22
70.72792206135682
 32
0.0
 13
3401.272074783869
 23
70.72792206135682
 33
0.0
  0
POINT
  5
46AF
330
52B
100
AcDbEntity
  8
Defpoints
 62
     0
440
 16777216
100
AcDbPoint
 10
3401.272074783869
 20
70.72792206135682
 30
0.0
  0
POINT
  5
46B0
330
52B
100
AcDbEntity
  8
Defpoints
 62
     0
440
 16777216
100
AcDbPoint
 10
3426.727918906587
 20
45.27207793864204
 30
0.0
  0
ENDBLK
  5
52D
330
52B
100
AcDbEntity
  8
0
100
AcDbBlockEnd
  0
BLOCK
  5
552
330
551
100
AcDbEntity
  8
0
100
AcDbBlockBegin
  2
*D11
 70
     1
 10
0.0
 20
0.0
 30
0.0
  3
*D11
  1

  0
LINE
  5
2494
330
551
100
AcDbEntity
  8
Dimensions
 62
     0
440
 16777216
370
    -2
100
AcDbLine
 10
3324.624993690456
 20
505.0000000000002
 30
0.0
 11
3335.249993690454
 21
505.0000000000002
 31
0.0
  0
LINE
  5
2495
330
551
100
AcDbEntity
  8
Dimensions
 62
     0
440
 16777216
370
    -2
100
AcDbLine
 10
2799.624993690455
 20
555.0000000000002
 30
0.0
 11
3335.249993690454
 21
555.0000000000004
 31
0.0
  0
LINE
  5
2496
330
551
100
AcDbEntity
  8
Dimensions
 62
     0
440
 16777216
370
    -2
100
AcDbLine
 10
3333.999993690454
 20
507.5000000000001
 30
0.0
 11
3333.999993690454
 21
552.5000000000004
 31
0.0
  0
SOLID
  5
2497
330
551
100
AcDbEntity
  8
Dimensions
 62
     0
440
 16777216
100
AcDbTrace
 10
3333.583327023788
 20
507.5000000000001
 30
0.0
 11
3334.416660357121
 21
507.5000000000001
 31
0.0
 12
3333.999993690454
 22
505.0000000000002
 32
0.0
 13
3333.999993690454
 23
505.0000000000002
 33
0.0
  0
SOLID
  5
2498
330
551
100
AcDbEntity
  8
Dimensions
 62
     0
440
 16777216
100
AcDbTrace
 10
3333.583327023788
 20
552.5000000000004
 30
0.0
 11
3334.416660357121
 21
552.5000000000004
 31
0.0
 12
3333.999993690454
 22
555.0000000000004
 32
0.0
 13
3333.999993690454
 23
555.0000000000004
 33
0.0
  0
MTEXT
  5
2499
330
551
100
AcDbEntity
  8
Dimensions
 62
     0
440
 16777216
100
AcDbMText
 10
3332.124993690454
 20
529.9999999999991
 30
0.0
 40
2.5
 41
0.0
 46
0.0
 71
     5
 72
     1
  1
50
 11
0.0000000000000001
 21
1.0
 31
0.0
 73
     1
 44
1.0
  0
POINT
  5
249A
330
551
100
AcDbEntity
  8
Defpoints
 62
     0
440
 16777216
100
AcDbPoint
 10
3323.999993690456
 20
505.0000000000002
 30
0.0
  0
POINT
  5
249B
330
551
100
AcDbEntity
  8
Defpoints
 62
     0
440
 16777216
100
AcDbPoint
 10
2798.999993690455
 20
555.0000000000002
 30
0.0
  0
POINT
  5
249C
330
551
100
AcDbEntity
  8
Defpoints
 62
     0
440
 16777216
100
AcDbPoint
 10
3333.999993690454
 20
555.0000000000004
 30
0.0
  0
ENDBLK
  5
553
330
551
100
AcDbEntity
  8
0
100
AcDbBlockEnd
  0
BLOCK
  5
56A
330
569
100
AcDbEntity
  8
0
100
AcDbBlockBegin
  2
*D12
 70
     1
 10
0.0
 20
0.0
 30
0.0
  3
*D12
  1

  0
LINE
  5
249D
330
569
100
AcDbEntity
  8
Dimensions
 62
     0
440
 16777216
370
    -2
100
AcDbLine
 10
3324.624993690456
 20
555.0000000000002
 30
0.0
 11
3335.249993690454
 21
555.0000000000003
 31
0.0
  0
LINE
  5
249E
330
569
100
AcDbEntity
  8
Dimensions
 62
     0
440
 16777216
370
    -2
100
AcDbLine
 10
2799.624993690455
 20
615.0000000000002
 30
0.0
 11
3335.249993690454
 21
615.0000000000004
 31
0.0
  0
LINE
  5
249F
330
569
100
AcDbEntity
  8
Dimensions
 62
     0
440
 16777216
370
    -2
100
AcDbLine
 10
3333.999993690454
 20
557.5000000000003
 30
0.0
 11
3333.999993690454
 21
612.5000000000004
 31
0.0
  0
SOLID
  5
24A0
330
569
100
AcDbEntity
  8
Dimensions
 62
     0
440
 16777216
100
AcDbTrace
 10
3333.583327023788
 20
557.5000000000003
 30
0.0
 11
3334.416660357121
 21
557.5000000000003
 31
0.0
 12
3333.999993690454
 22
555.0000000000003
 32
0.0
 13
3333.999993690454
 23
555.0000000000003
 33
0.0
  0
SOLID
  5
24A1
330
569
100
AcDbEntity
  8
Dimensions
 62
     0
440
 16777216
100
AcDbTrace
 10
3333.583327023788
 20
612.5000000000004
 30
0.0
 11
3334.416660357121
 21
612.5000000000004
 31
0.0
 12
3333.999993690454
 22
615.0000000000004
 32
0.0
 13
3333.999993690454
 23
615.0000000000004
 33
0.0
  0
MTEXT
  5
24A2
330
569
100
AcDbEntity
  8
Dimensions
 62
     0
440
 16777216
100
AcDbMText
 10
3332.124993690454
 20
584.9999999999993
 30
0.0
 40
2.5
 41
0.0
 46
0.0
 71
     5
 72
     1
  1
60
 11
0.0000000000000001
 21
1.0
 31
0.0
 73
     1
 44
1.0
  0
POINT
  5
24A3
330
569
100
AcDbEntity
  8
Defpoints
 62
     0
440
 16777216
100
AcDbPoint
 10
3323.999993690456
 20
555.0000000000002
 30
0.0
  0
POINT
  5
24A4
330
569
100
AcDbEntity
  8
Defpoints
 62
     0
440
 16777216
100
AcDbPoint
 10
2798.999993690455
 20
615.0000000000002
 30
0.0
  0
POINT
  5
24A5
330
569
100
AcDbEntity
  8
Defpoints
 62
     0
440
 16777216
100
AcDbPoint
 10
3333.999993690454
 20
615.0000000000004
 30
0.0
  0
ENDBLK
  5
56B
330
569
100
AcDbEntity
  8
0
100
AcDbBlockEnd
  0
BLOCK
  5
5A7
330
5A6
100
AcDbEntity
  8
0
100
AcDbBlockBegin
  2
*D13
 70
     1
 10
0.0
 20
0.0
 30
0.0
  3
*D13
  1

  0
LINE
  5
24A6
330
5A6
100
AcDbEntity
  8
Dimensions
 62
     0
440
 16777216
370
    -2
100
AcDbLine
 10
3323.999993690454
 20
555.625
 30
0.0
 11
3323.999993690454
 21
566.25
 31
0.0
  0
LINE
  5
24A7
330
5A6
100
AcDbEntity
  8
Dimensions
 62
     0
440
 16777216
370
    -2
100
AcDbLine
 10
3293.999993690454
 20
555.625
 30
0.0
 11
3293.999993690454
 21
566.25
 31
0.0
  0
LINE
  5
24A8
330
5A6
100
AcDbEntity
  8
Dimensions
 62
     0
440
 16777216
370
    -2
100
AcDbLine
 10
3321.499993690454
 20
565.0
 30
0.0
 11
3296.499993690454
 21
565.0
 31
0.0
  0
SOLID
  5
24A9
330
5A6
100
AcDbEntity
  8
Dimensions
 62
     0
440
 16777216
100
AcDbTrace
 10
3321.499993690454
 20
565.4166666666666
 30
0.0
 11
3321.499993690454
 21
564.5833333333333
 31
0.0
 12
3323.999993690454
 22
565.0
 32
0.0
 13
3323.999993690454
 23
565.0
 33
0.0
  0
SOLID
  5
24AA
330
5A6
100
AcDbEntity
  8
Dimensions
 62
     0
440
 16777216
100
AcDbTrace
 10
3296.499993690454
 20
565.4166666666666
 30
0.0
 11
3296.499993690454
 21
564.5833333333333
 31
0.0
 12
3293.999993690454
 22
565.0
 32
0.0
 13
3293.999993690454
 23
565.0
 33
0.0
  0
MTEXT
  5
24AB
330
5A6
100
AcDbEntity
  8
Dimensions
 62
     0
440
 16777216
100
AcDbMText
 10
3308.999993690454
 20
566.875
 30
0.0
 40
2.5
 41
0.0
 46
0.0
 71
     5
 72
     1
  1
30
 73
     1
 44
1.0
  0
POINT
  5
24AC
330
5A6
100
AcDbEntity
  8
Defpoints
 62
     0
440
 16777216
100
AcDbPoint
 10
3323.999993690454
 20
555.0
 30
0.0
  0
POINT
  5
24AD
330
5A6
100
AcDbEntity
  8
Defpoints
 62
     0
440
 16777216
100
AcDbPoint
 10
3293.999993690454
 20
555.0
 30
0.0
  0
POINT
  5
24AE
330
5A6
100
AcDbEntity
  8
Defpoints
 62
     0
440
 16777216
100
AcDbPoint
 10
3293.999993690454
 20
565.0
 30
0.0
  0
ENDBLK
  5
5A8
330
5A6
100
AcDbEntity
  8
0
100
AcDbBlockEnd
  0
BLOCK
  5
5B4
330
5B3
100
AcDbEntity
  8
0
100
AcDbBlockBegin
  2
*D14
 70
     1
 10
0.0
 20
0.0
 30
0.0
  3
*D14
  1

  0
LINE
  5
24AF
330
5B3
100
AcDbEntity
  8
Dimensions
 62
     0
440
 16777216
370
    -2
100
AcDbLine
 10
3293.999993690454
 20
555.625
 30
0.0
 11
3293.999993690454
 21
566.25
 31
0.0
  0
LINE
  5
24B0
330
5B3
100
AcDbEntity
  8
Dimensions
 62
     0
440
 16777216
370
    -2
100
AcDbLine
 10
3258.999993690454
 20
555.625
 30
0.0
 11
3258.999993690454
 21
566.25
 31
0.0
  0
LINE
  5
24B1
330
5B3
100
AcDbEntity
  8
Dimensions
 62
     0
440
 16777216
370
    -2
100
AcDbLine
 10
3291.499993690454
 20
565.0
 30
0.0
 11
3261.499993690454
 21
565.0
 31
0.0
  0
SOLID
  5
24B2
330
5B3
100
AcDbEntity
  8
Dimensions
 62
     0
440
 16777216
100
AcDbTrace
 10
3291.499993690454
 20
565.4166666666666
 30
0.0
 11
3291.499993690454
 21
564.5833333333333
 31
0.0
 12
3293.999993690454
 22
565.0
 32
0.0
 13
3293.999993690454
 23
565.0
 33
0.0
  0
SOLID
  5
24B3
330
5B3
100
AcDbEntity
  8
Dimensions
 62
     0
440
 16777216
100
AcDbTrace
 10
3261.499993690454
 20
565.4166666666666
 30
0.0
 11
3261.499993690454
 21
564.5833333333333
 31
0.0
 12
3258.999993690454
 22
565.0
 32
0.0
 13
3258.999993690454
 23
565.0
 33
0.0
  0
MTEXT
  5
24B4
330
5B3
100
AcDbEntity
  8
Dimensions
 62
     0
440
 16777216
100
AcDbMText
 10
3276.499993690455
 20
566.875
 30
0.0
 40
2.5
 41
0.0
 46
0.0
 71
     5
 72
     1
  1
35
 73
     1
 44
1.0
  0
POINT
  5
24B5
330
5B3
100
AcDbEntity
  8
Defpoints
 62
     0
440
 16777216
100
AcDbPoint
 10
3293.999993690454
 20
555.0
 30
0.0
  0
POINT
  5
24B6
330
5B3
100
AcDbEntity
  8
Defpoints
 62
     0
440
 16777216
100
AcDbPoint
 10
3258.999993690454
 20
555.0
 30
0.0
  0
POINT
  5
24B7
330
5B3
100
AcDbEntity
  8
Defpoints
 62
     0
440
 16777216
100
AcDbPoint
 10
3258.999993690454
 20
565.0
 30
0.0
  0
ENDBLK
  5
5B5
330
5B3
100
AcDbEntity
  8
0
100
AcDbBlockEnd
  0
BLOCK
  5
5C1
330
5C0
100
AcDbEntity
  8
0
100
AcDbBlockBegin
  2
*D15
 70
     1
 10
0.0
 20
0.0
 30
0.0
  3
*D15
  1

  0
LINE
  5
24B8
330
5C0
100
AcDbEntity
  8
Dimensions
 62
     0
440
 16777216
370
    -2
100
AcDbLine
 10
3258.999993690454
 20
555.625
 30
0.0
 11
3258.999993690454
 21
566.25
 31
0.0
  0
LINE
  5
24B9
330
5C0
100
AcDbEntity
  8
Dimensions
 62
     0
440
 16777216
370
    -2
100
AcDbLine
 10
3223.999993690454
 20
555.625
 30
0.0
 11
3223.999993690454
 21
566.25
 31
0.0
  0
LINE
  5
24BA
330
5C0
100
AcDbEntity
  8
Dimensions
 62
     0
440
 16777216
370
    -2
100
AcDbLine
 10
3256.499993690454
 20
565.0
 30
0.0
 11
3226.499993690455
 21
565.0
 31
0.0
  0
SOLID
  5
24BB
330
5C0
100
AcDbEntity
  8
Dimensions
 62
     0
440
 16777216
100
AcDbTrace
 10
3256.499993690454
 20
565.4166666666666
 30
0.0
 11
3256.499993690454
 21
564.5833333333333
 31
0.0
 12
3258.999993690454
 22
565.0
 32
0.0
 13
3258.999993690454
 23
565.0
 33
0.0
  0
SOLID
  5
24BC
330
5C0
100
AcDbEntity
  8
Dimensions
 62
     0
440
 16777216
100
AcDbTrace
 10
3226.499993690455
 20
565.4166666666666
 30
0.0
 11
3226.499993690455
 21
564.5833333333333
 31
0.0
 12
3223.999993690454
 22
565.0
 32
0.0
 13
3223.999993690454
 23
565.0
 33
0.0
  0
MTEXT
  5
24BD
330
5C0
100
AcDbEntity
  8
Dimensions
 62
     0
440
 16777216
100
AcDbMText
 10
3241.499993690454
 20
566.875
 30
0.0
 40
2.5
 41
0.0
 46
0.0
 71
     5
 72
     1
  1
35
 73
     1
 44
1.0
  0
POINT
  5
24BE
330
5C0
100
AcDbEntity
  8
Defpoints
 62
     0
440
 16777216
100
AcDbPoint
 10
3258.999993690454
 20
555.0
 30
0.0
  0
POINT
  5
24BF
330
5C0
100
AcDbEntity
  8
Defpoints
 62
     0
440
 16777216
100
AcDbPoint
 10
3223.999993690454
 20
555.0
 30
0.0
  0
POINT
  5
24C0
330
5C0
100
AcDbEntity
  8
Defpoints
 62
     0
440
 16777216
100
AcDbPoint
 10
3223.999993690454
 20
565.0
 30
0.0
  0
ENDBLK
  5
5C2
330
5C0
100
AcDbEntity
  8
0
100
AcDbBlockEnd
  0
BLOCK
  5
5EC
330
5EB
100
AcDbEntity
  8
0
100
AcDbBlockBegin
  2
*D16
 70
     1
 10
0.0
 20
0.0
 30
0.0
  3
*D16
  1

  0
LINE
  5
2937
330
5EB
100
AcDbEntity
  8
Dimensions
 62
     0
440
 16777216
370
    -2
100
AcDbLine
 10
3273.201029348257
 20
575.7989643421977
 30
0.0
 11
3284.454052144436
 21
564.5459415460186
 31
0.0
  0
LINE
  5
2938
330
5EB
100
AcDbEntity
  8
Dimensions
 62
     0
440
 16777216
370
    -2
100
AcDbLine
 10
3303.545935236473
 20
545.4540584539816
 30
0.0
 11
3305.313702189439
 21
543.6862915010151
 31
0.0
  0
MTEXT
  5
2939
330
5EB
100
AcDbEntity
  8
Dimensions
 62
     0
440
 16777216
100
AcDbMText
 10
3277.325818905179
 20
574.3258252147256
 30
0.0
 40
2.5
 41
0.0
 46
0.0
 71
     5
 72
     1
  1
∅22
 11
0.7071067811865426
 21
-0.7071067811865526
 31
0.0
 73
     1
 44
1.0
  0
LINE
  5
293A
330
5EB
100
AcDbEntity
  8
Dimensions
 62
     0
440
 16777216
370
    -2
100
AcDbLine
 10
3301.778168283507
 20
547.221825406948
 30
0.0
 11
3286.221819097403
 21
562.7781745930522
 31
0.0
  0
SOLID
  5
293B
330
5EB
100
AcDbEntity
  8
Dimensions
 62
     0
440
 16777216
100
AcDbTrace
 10
3303.840563061967
 20
545.7486862794758
 30
0.0
 11
3303.251307410979
 21
545.1594306284873
 31
0.0
 12
3301.778168283507
 22
547.221825406948
 32
0.0
 13
3301.778168283507
 23
547.221825406948
 33
0.0
  0
SOLID
  5
293C
330
5EB
100
AcDbEntity
  8
Dimensions
 62
     0
440
 16777216
100
AcDbTrace
 10
3284.748679969931
 20
564.8405693715128
 30
0.0
 11
3284.159424318942
 21
564.2513137205244
 31
0.0
 12
3286.221819097403
 22
562.7781745930522
 32
0.0
 13
3286.221819097403
 23
562.7781745930522
 33
0.0
  0
POINT
  5
293D
330
5EB
100
AcDbEntity
  8
Defpoints
 62
     0
440
 16777216
100
AcDbPoint
 10
3286.221819097403
 20
562.7781745930522
 30
0.0
  0
POINT
  5
293E
330
5EB
100
AcDbEntity
  8
Defpoints
 62
     0
440
 16777216
100
AcDbPoint
 10
3301.778168283507
 20
547.221825406948
 30
0.0
  0
ENDBLK
  5
5ED
330
5EB
100
AcDbEntity
  8
0
100
AcDbBlockEnd
  0
BLOCK
  5
602
330
601
100
AcDbEntity
  8
0
100
AcDbBlockBegin
  2
*D17
 70
     1
 10
0.0
 20
0.0
 30
0.0
  3
*D17
  1

  0
LINE
  5
293F
330
601
100
AcDbEntity
  8
Dimensions
 62
     0
440
 16777216
370
    -2
100
AcDbLine
 10
3238.201029348258
 20
575.7989643421961
 30
0.0
 11
3249.454052144436
 21
564.5459415460184
 31
0.0
  0
LINE
  5
2940
330
601
100
AcDbEntity
  8
Dimensions
 62
     0
440
 16777216
370
    -2
100
AcDbLine
 10
3268.545935236473
 20
545.454058453982
 30
0.0
 11
3270.313702189439
 21
543.6862915010158
 31
0.0
  0
MTEXT
  5
2941
330
601
100
AcDbEntity
  8
Dimensions
 62
     0
440
 16777216
100
AcDbMText
 10
3242.325818905179
 20
574.325825214724
 30
0.0
 40
2.5
 41
0.0
 46
0.0
 71
     5
 72
     1
  1
∅22
 11
0.7071067811865526
 21
-0.7071067811865425
 31
0.0
 73
     1
 44
1.0
  0
LINE
  5
2942
330
601
100
AcDbEntity
  8
Dimensions
 62
     0
440
 16777216
370
    -2
100
AcDbLine
 10
3266.778168283507
 20
547.2218254069485
 30
0.0
 11
3251.221819097402
 21
562.7781745930519
 31
0.0
  0
SOLID
  5
2943
330
601
100
AcDbEntity
  8
Dimensions
 62
     0
440
 16777216
100
AcDbTrace
 10
3268.840563061966
 20
545.7486862794763
 30
0.0
 11
3268.251307410979
 21
545.1594306284878
 31
0.0
 12
3266.778168283507
 22
547.2218254069485
 32
0.0
 13
3266.778168283507
 23
547.2218254069485
 33
0.0
  0
SOLID
  5
2944
330
601
100
AcDbEntity
  8
Dimensions
 62
     0
440
 16777216
100
AcDbTrace
 10
3249.74867996993
 20
564.8405693715126
 30
0.0
 11
3249.159424318941
 21
564.251313720524
 31
0.0
 12
3251.221819097402
 22
562.7781745930519
 32
0.0
 13
3251.221819097402
 23
562.7781745930519
 33
0.0
  0
POINT
  5
2945
330
601
100
AcDbEntity
  8
Defpoints
 62
     0
440
 16777216
100
AcDbPoint
 10
3251.221819097402
 20
562.7781745930519
 30
0.0
  0
POINT
  5
2946
330
601
100
AcDbEntity
  8
Defpoints
 62
     0
440
 16777216
100
AcDbPoint
 10
3266.778168283507
 20
547.2218254069485
 30
0.0
  0
ENDBLK
  5
603
330
601
100
AcDbEntity
  8
0
100
AcDbBlockEnd
  0
BLOCK
  5
618
330
617
100
AcDbEntity
  8
0
100
AcDbBlockBegin
  2
*D18
 70
     1
 10
0.0
 20
0.0
 30
0.0
  3
*D18
  1

  0
LINE
  5
2947
330
617
100
AcDbEntity
  8
Dimensions
 62
     0
440
 16777216
370
    -2
100
AcDbLine
 10
3203.201029348257
 20
575.7989643421967
 30
0.0
 11
3214.454052144436
 21
564.5459415460181
 31
0.0
  0
LINE
  5
2948
330
617
100
AcDbEntity
  8
Dimensions
 62
     0
440
 16777216
370
    -2
100
AcDbLine
 10
3233.545935236473
 20
545.4540584539825
 30
0.0
 11
3235.313702189439
 21
543.686291501016
 31
0.0
  0
MTEXT
  5
2949
330
617
100
AcDbEntity
  8
Dimensions
 62
     0
440
 16777216
100
AcDbMText
 10
3207.325818905179
 20
574.3258252147249
 30
0.0
 40
2.5
 41
0.0
 46
0.0
 71
     5
 72
     1
  1
∅22
 11
0.7071067811865632
 21
-0.7071067811865319
 31
0.0
 73
     1
 44
1.0
  0
LINE
  5
294A
330
617
100
AcDbEntity
  8
Dimensions
 62
     0
440
 16777216
370
    -2
100
AcDbLine
 10
3231.778168283506
 20
547.2218254069487
 30
0.0
 11
3216.221819097403
 21
562.7781745930517
 31
0.0
  0
SOLID
  5
294B
330
617
100
AcDbEntity
  8
Dimensions
 62
     0
440
 16777216
100
AcDbTrace
 10
3233.840563061967
 20
545.7486862794767
 30
0.0
 11
3233.251307410978
 21
545.1594306284881
 31
0.0
 12
3231.778168283506
 22
547.2218254069487
 32
0.0
 13
3231.778168283506
 23
547.2218254069487
 33
0.0
  0
SOLID
  5
294C
330
617
100
AcDbEntity
  8
Dimensions
 62
     0
440
 16777216
100
AcDbTrace
 10
3214.74867996993
 20
564.8405693715123
 30
0.0
 11
3214.159424318942
 21
564.2513137205237
 31
0.0
 12
3216.221819097403
 22
562.7781745930517
 32
0.0
 13
3216.221819097403
 23
562.7781745930517
 33
0.0
  0
POINT
  5
294D
330
617
100
AcDbEntity
  8
Defpoints
 62
     0
440
 16777216
100
AcDbPoint
 10
3216.221819097403
 20
562.7781745930517
 30
0.0
  0
POINT
  5
294E
330
617
100
AcDbEntity
  8
Defpoints
 62
     0
440
 16777216
100
AcDbPoint
 10
3231.778168283506
 20
547.2218254069487
 30
0.0
  0
ENDBLK
  5
619
330
617
100
AcDbEntity
  8
0
100
AcDbBlockEnd
  0
BLOCK
  5
62E
330
62D
100
AcDbEntity
  8
0
100
AcDbBlockBegin
  2
*D19
 70
     1
 10
0.0
 20
0.0
 30
0.0
  3
*D19
  1

  0
LINE
  5
24D9
330
62D
100
AcDbEntity
  8
Dimensions
 62
     0
440
 16777216
370
    -2
100
AcDbLine
 10
3323.999993690454
 20
615.625
 30
0.0
 11
3323.999993690454
 21
626.25
 31
0.0
  0
LINE
  5
24DA
330
62D
100
AcDbEntity
  8
Dimensions
 62
     0
440
 16777216
370
    -2
100
AcDbLine
 10
3163.999993690454
 20
615.625
 30
0.0
 11
3163.999993690454
 21
626.25
 31
0.0
  0
LINE
  5
24DB
330
62D
100
AcDbEntity
  8
Dimensions
 62
     0
440
 16777216
370
    -2
100
AcDbLine
 10
3321.499993690454
 20
625.0
 30
0.0
 11
3166.499993690454
 21
625.0
 31
0.0
  0
SOLID
  5
24DC
330
62D
100
AcDbEntity
  8
Dimensions
 62
     0
440
 16777216
100
AcDbTrace
 10
3321.499993690454
 20
625.4166666666666
 30
0.0
 11
3321.499993690454
 21
624.5833333333333
 31
0.0
 12
3323.999993690454
 22
625.0
 32
0.0
 13
3323.999993690454
 23
625.0
 33
0.0
  0
SOLID
  5
24DD
330
62D
100
AcDbEntity
  8
Dimensions
 62
     0
440
 16777216
100
AcDbTrace
 10
3166.499993690454
 20
625.4166666666666
 30
0.0
 11
3166.499993690454
 21
624.5833333333333
 31
0.0
 12
3163.999993690454
 22
625.0
 32
0.0
 13
3163.999993690454
 23
625.0
 33
0.0
  0
MTEXT
  5
24DE
330
62D
100
AcDbEntity
  8
Dimensions
 62
     0
440
 16777216
100
AcDbMText
 10
3243.999993690454
 20
626.8749999999999
 30
0.0
 40
2.5
 41
0.0
 46
0.0
 71
     5
 72
     1
  1
160
 73
     1
 44
1.0
  0
POINT
  5
24DF
330
62D
100
AcDbEntity
  8
Defpoints
 62
     0
440
 16777216
100
AcDbPoint
 10
3323.999993690454
 20
615.0000000000001
 30
0.0
  0
POINT
  5
24E0
330
62D
100
AcDbEntity
  8
Defpoints
 62
     0
440
 16777216
100
AcDbPoint
 10
3163.999993690454
 20
615.0000000000001
 30
0.0
  0
POINT
  5
24E1
330
62D
100
AcDbEntity
  8
Defpoints
 62
     0
440
 16777216
100
AcDbPoint
 10
3163.999993690454
 20
625.0
 30
0.0
  0
ENDBLK
  5
62F
330
62D
100
AcDbEntity
  8
0
100
AcDbBlockEnd
  0
BLOCK
  5
65D
330
65C
100
AcDbEntity
  8
0
100
AcDbBlockBegin
  2
*D20
 70
     1
 10
0.0
 20
0.0
 30
0.0
  3
*D20
  1

  0
LINE
  5
294F
330
65C
100
AcDbEntity
  8
Dimensions
 62
     0
440
 16777216
370
    -2
100
AcDbLine
 10
3146.201029348258
 20
632.7989643421967
 30
0.0
 11
3154.454052144436
 21
624.5459415460186
 31
0.0
  0
LINE
  5
2950
330
65C
100
AcDbEntity
  8
Dimensions
 62
     0
440
 16777216
370
    -2
100
AcDbLine
 10
3173.545935236472
 20
605.4540584539827
 30
0.0
 11
3175.313702189438
 21
603.6862915010162
 31
0.0
  0
MTEXT
  5
2951
330
65C
100
AcDbEntity
  8
Dimensions
 62
     0
440
 16777216
100
AcDbMText
 10
3150.32581890518
 20
631.3258252147248
 30
0.0
 40
2.5
 41
0.0
 46
0.0
 71
     5
 72
     1
  1
∅22
 11
0.7071067811865426
 21
-0.7071067811865526
 31
0.0
 73
     1
 44
1.0
  0
LINE
  5
2952
330
65C
100
AcDbEntity
  8
Dimensions
 62
     0
440
 16777216
370
    -2
100
AcDbLine
 10
3171.778168283506
 20
607.2218254069492
 30
0.0
 11
3156.221819097403
 21
622.7781745930522
 31
0.0
  0
SOLID
  5
2953
330
65C
100
AcDbEntity
  8
Dimensions
 62
     0
440
 16777216
100
AcDbTrace
 10
3173.840563061967
 20
605.7486862794769
 30
0.0
 11
3173.251307410978
 21
605.1594306284883
 31
0.0
 12
3171.778168283506
 22
607.2218254069492
 32
0.0
 13
3171.778168283506
 23
607.2218254069492
 33
0.0
  0
SOLID
  5
2954
330
65C
100
AcDbEntity
  8
Dimensions
 62
     0
440
 16777216
100
AcDbTrace
 10
3154.748679969931
 20
624.8405693715128
 30
0.0
 11
3154.159424318943
 21
624.2513137205242
 31
0.0
 12
3156.221819097403
 22
622.7781745930522
 32
0.0
 13
3156.221819097403
 23
622.7781745930522
 33
0.0
  0
POINT
  5
2955
330
65C
100
AcDbEntity
  8
Defpoints
 62
     0
440
 16777216
100
AcDbPoint
 10
3156.221819097403
 20
622.7781745930522
 30
0.0
  0
POINT
  5
2956
330
65C
100
AcDbEntity
  8
Defpoints
 62
     0
440
 16777216
100
AcDbPoint
 10
3171.778168283506
 20
607.2218254069492
 30
0.0
  0
ENDBLK
  5
65E
330
65C
100
AcDbEntity
  8
0
100
AcDbBlockEnd
  0
BLOCK
  5
691
330
690
100
AcDbEntity
  8
0
100
AcDbBlockBegin
  2
*D21
 70
     1
 10
0.0
 20
0.0
 30
0.0
  3
*D21
  1

  0
LINE
  5
24EA
330
690
100
AcDbEntity
  8
Dimensions
 62
     0
440
 16777216
370
    -2
100
AcDbLine
 10
3297.624993690456
 20
485.0000000000002
 30
0.0
 11
3308.249993690454
 21
485.0000000000002
 31
0.0
  0
LINE
  5
24EB
330
690
100
AcDbEntity
  8
Dimensions
 62
     0
440
 16777216
370
    -2
100
AcDbLine
 10
3297.624993690456
 20
505.0000000000002
 30
0.0
 11
3308.249993690454
 21
505.0000000000002
 31
0.0
  0
LINE
  5
24EC
330
690
100
AcDbEntity
  8
Dimensions
 62
     0
440
 16777216
370
    -2
100
AcDbLine
 10
3306.999993690455
 20
487.5000000000002
 30
0.0
 11
3306.999993690455
 21
502.5000000000002
 31
0.0
  0
SOLID
  5
24ED
330
690
100
AcDbEntity
  8
Dimensions
 62
     0
440
 16777216
100
AcDbTrace
 10
3306.583327023787
 20
487.5000000000002
 30
0.0
 11
3307.416660357121
 21
487.5000000000002
 31
0.0
 12
3306.999993690455
 22
485.0000000000002
 32
0.0
 13
3306.999993690455
 23
485.0000000000002
 33
0.0
  0
SOLID
  5
24EE
330
690
100
AcDbEntity
  8
Dimensions
 62
     0
440
 16777216
100
AcDbTrace
 10
3306.583327023787
 20
502.5000000000002
 30
0.0
 11
3307.416660357121
 21
502.5000000000002
 31
0.0
 12
3306.999993690455
 22
505.0000000000002
 32
0.0
 13
3306.999993690455
 23
505.0000000000002
 33
0.0
  0
MTEXT
  5
24EF
330
690
100
AcDbEntity
  8
Dimensions
 62
     0
440
 16777216
100
AcDbMText
 10
3305.124993690454
 20
494.9999999999991
 30
0.0
 40
2.5
 41
0.0
 46
0.0
 71
     5
 72
     1
  1
20
 11
0.0000000000000001
 21
1.0
 31
0.0
 73
     1
 44
1.0
  0
POINT
  5
24F0
330
690
100
AcDbEntity
  8
Defpoints
 62
     0
440
 16777216
100
AcDbPoint
 10
3296.999993690456
 20
485.0000000000002
 30
0.0
  0
POINT
  5
24F1
330
690
100
AcDbEntity
  8
Defpoints
 62
     0
440
 16777216
100
AcDbPoint
 10
3296.999993690456
 20
505.0000000000002
 30
0.0
  0
POINT
  5
24F2
330
690
100
AcDbEntity
  8
Defpoints
 62
     0
440
 16777216
100
AcDbPoint
 10
3306.999993690455
 20
505.0000000000002
 30
0.0
  0
ENDBLK
  5
692
330
690
100
AcDbEntity
  8
0
100
AcDbBlockEnd
  0
BLOCK
  5
69E
330
69D
100
AcDbEntity
  8
0
100
AcDbBlockBegin
  2
*D22
 70
     1
 10
0.0
 20
0.0
 30
0.0
  3
*D22
  1

  0
LINE
  5
4405
330
69D
100
AcDbEntity
  8
Dimensions
 62
     0
440
 16777216
370
    -2
100
AcDbLine
 10
3297.624993690456
 20
35.00000000000002
 30
0.0
 11
3333.250000000005
 21
35.00000000000002
 31
0.0
  0
LINE
  5
4406
330
69D
100
AcDbEntity
  8
Dimensions
 62
     0
440
 16777216
370
    -2
100
AcDbLine
 10
3297.624993690456
 20
485.0000000000002
 30
0.0
 11
3333.250000000005
 21
485.0000000000002
 31
0.0
  0
LINE
  5
4407
330
69D
100
AcDbEntity
  8
Dimensions
 62
     0
440
 16777216
370
    -2
100
AcDbLine
 10
3332.000000000004
 20
37.50000000000002
 30
0.0
 11
3332.000000000004
 21
482.5000000000001
 31
0.0
  0
SOLID
  5
4408
330
69D
100
AcDbEntity
  8
Dimensions
 62
     0
440
 16777216
100
AcDbTrace
 10
3331.583333333338
 20
37.50000000000002
 30
0.0
 11
3332.416666666671
 21
37.50000000000002
 31
0.0
 12
3332.000000000004
 22
35.00000000000002
 32
0.0
 13
3332.000000000004
 23
35.00000000000002
 33
0.0
  0
SOLID
  5
4409
330
69D
100
AcDbEntity
  8
Dimensions
 62
     0
440
 16777216
100
AcDbTrace
 10
3331.583333333338
 20
482.5000000000001
 30
0.0
 11
3332.416666666671
 21
482.5000000000001
 31
0.0
 12
3332.000000000004
 22
485.0000000000002
 32
0.0
 13
3332.000000000004
 23
485.0000000000002
 33
0.0
  0
MTEXT
  5
440A
330
69D
100
AcDbEntity
  8
Dimensions
 62
     0
440
 16777216
100
AcDbMText
 10
3330.125000000004
 20
259.9999999999991
 30
0.0
 40
2.5
 41
0.0
 46
0.0
 71
     5
 72
     1
  1
450
 11
0.0000000000000001
 21
1.0
 31
0.0
 73
     1
 44
1.0
  0
POINT
  5
440B
330
69D
100
AcDbEntity
  8
Defpoints
 62
     0
440
 16777216
100
AcDbPoint
 10
3296.999993690456
 20
35.00000000000002
 30
0.0
  0
POINT
  5
440C
330
69D
100
AcDbEntity
  8
Defpoints
 62
     0
440
 16777216
100
AcDbPoint
 10
3296.999993690456
 20
485.0000000000002
 30
0.0
  0
POINT
  5
440D
330
69D
100
AcDbEntity
  8
Defpoints
 62
     0
440
 16777216
100
AcDbPoint
 10
3332.000000000004
 20
485.0000000000002
 30
0.0
  0
ENDBLK
  5
69F
330
69D
100
AcDbEntity
  8
0
100
AcDbBlockEnd
  0
BLOCK
  5
6C8
330
6C7
100
AcDbEntity
  8
0
100
AcDbBlockBegin
  2
*D23
 70
     1
 10
0.0
 20
0.0
 30
0.0
  3
*D23
  1

  0
LINE
  5
440E
330
6C7
100
AcDbEntity
  8
Dimensions
 62
     0
440
 16777216
370
    -2
100
AcDbLine
 10
3296.999993690454
 20
34.375
 30
0.0
 11
3296.999993690454
 21
3.750000000000682
 31
0.0
  0
LINE
  5
440F
330
6C7
100
AcDbEntity
  8
Dimensions
 62
     0
440
 16777216
370
    -2
100
AcDbLine
 10
2826.999993690454
 20
34.375
 30
0.0
 11
2826.999993690454
 21
3.750000000000682
 31
0.0
  0
LINE
  5
4410
330
6C7
100
AcDbEntity
  8
Dimensions
 62
     0
440
 16777216
370
    -2
100
AcDbLine
 10
3294.499993690454
 20
5.000000000000682
 30
0.0
 11
2829.499993690454
 21
5.000000000000682
 31
0.0
  0
SOLID
  5
4411
330
6C7
100
AcDbEntity
  8
Dimensions
 62
     0
440
 16777216
100
AcDbTrace
 10
3294.499993690454
 20
5.416666666667349
 30
0.0
 11
3294.499993690454
 21
4.583333333334015
 31
0.0
 12
3296.999993690454
 22
5.000000000000682
 32
0.0
 13
3296.999993690454
 23
5.000000000000682
 33
0.0
  0
SOLID
  5
4412
330
6C7
100
AcDbEntity
  8
Dimensions
 62
     0
440
 16777216
100
AcDbTrace
 10
2829.499993690454
 20
5.416666666667349
 30
0.0
 11
2829.499993690454
 21
4.583333333334015
 31
0.0
 12
2826.999993690454
 22
5.000000000000682
 32
0.0
 13
2826.999993690454
 23
5.000000000000682
 33
0.0
  0
MTEXT
  5
4413
330
6C7
100
AcDbEntity
  8
Dimensions
 62
     0
440
 16777216
100
AcDbMText
 10
3061.999993690454
 20
6.875000000000682
 30
0.0
 40
2.5
 41
0.0
 46
0.0
 71
     5
 72
     1
  1
470
 73
     1
 44
1.0
  0
POINT
  5
4414
330
6C7
100
AcDbEntity
  8
Defpoints
 62
     0
440
 16777216
100
AcDbPoint
 10
3296.999993690454
 20
35.0
 30
0.0
  0
POINT
  5
4415
330
6C7
100
AcDbEntity
  8
Defpoints
 62
     0
440
 16777216
100
AcDbPoint
 10
2826.999993690454
 20
35.0
 30
0.0
  0
POINT
  5
4416
330
6C7
100
AcDbEntity
  8
Defpoints
 62
     0
440
 16777216
100
AcDbPoint
 10
2826.999993690454
 20
5.000000000000682
 30
0.0
  0
ENDBLK
  5
6C9
330
6C7
100
AcDbEntity
  8
0
100
AcDbBlockEnd
  0
BLOCK
  5
6E1
330
6E0
100
AcDbEntity
  8
0
100
AcDbBlockBegin
  2
*D24
 70
     1
 10
0.0
 20
0.0
 30
0.0
  3
*D24
  1

  0
LINE
  5
2505
330
6E0
100
AcDbEntity
  8
Dimensions
 62
     0
440
 16777216
370
    -2
100
AcDbLine
 10
2826.999993690455
 20
34.375
 30
0.0
 11
2826.999993690455
 21
23.75
 31
0.0
  0
LINE
  5
2506
330
6E0
100
AcDbEntity
  8
Dimensions
 62
     0
440
 16777216
370
    -2
100
AcDbLine
 10
2798.999993690455
 20
34.375
 30
0.0
 11
2798.999993690455
 21
23.75
 31
0.0
  0
LINE
  5
2507
330
6E0
100
AcDbEntity
  8
Dimensions
 62
     0
440
 16777216
370
    -2
100
AcDbLine
 10
2824.499993690454
 20
25.0
 30
0.0
 11
2801.499993690454
 21
25.0
 31
0.0
  0
SOLID
  5
2508
330
6E0
100
AcDbEntity
  8
Dimensions
 62
     0
440
 16777216
100
AcDbTrace
 10
2824.499993690454
 20
25.41666666666667
 30
0.0
 11
2824.499993690454
 21
24.58333333333333
 31
0.0
 12
2826.999993690455
 22
25.0
 32
0.0
 13
2826.999993690455
 23
25.0
 33
0.0
  0
SOLID
  5
2509
330
6E0
100
AcDbEntity
  8
Dimensions
 62
     0
440
 16777216
100
AcDbTrace
 10
2801.499993690454
 20
25.41666666666667
 30
0.0
 11
2801.499993690454
 21
24.58333333333333
 31
0.0
 12
2798.999993690455
 22
25.0
 32
0.0
 13
2798.999993690455
 23
25.0
 33
0.0
  0
MTEXT
  5
250A
330
6E0
100
AcDbEntity
  8
Dimensions
 62
     0
440
 16777216
100
AcDbMText
 10
2812.999993690454
 20
26.875
 30
0.0
 40
2.5
 41
0.0
 46
0.0
 71
     5
 72
     1
  1
28
 73
     1
 44
1.0
  0
POINT
  5
250B
330
6E0
100
AcDbEntity
  8
Defpoints
 62
     0
440
 16777216
100
AcDbPoint
 10
2826.999993690455
 20
35.0
 30
0.0
  0
POINT
  5
250C
330
6E0
100
AcDbEntity
  8
Defpoints
 62
     0
440
 16777216
100
AcDbPoint
 10
2798.999993690455
 20
35.0
 30
0.0
  0
POINT
  5
250D
330
6E0
100
AcDbEntity
  8
Defpoints
 62
     0
440
 16777216
100
AcDbPoint
 10
2798.999993690455
 20
25.0
 30
0.0
  0
ENDBLK
  5
6E2
330
6E0
100
AcDbEntity
  8
0
100
AcDbBlockEnd
  0
BLOCK
  5
701
330
700
100
AcDbEntity
  8
0
100
AcDbBlockBegin
  2
*D25
 70
     1
 10
0.0
 20
0.0
 30
0.0
  3
*D25
  1

  0
LINE
  5
41D2
330
700
100
AcDbEntity
  8
Dimension2
 62
     0
440
 16777216
370
    -2
100
AcDbLine
 10
2481.497680659011
 20
496.2534695471672
 30
0.0
 11
2485.949142611215
 21
489.5762766188581
 31
0.0
  0
LINE
  5
41D3
330
700
100
AcDbEntity
  8
Dimension2
 62
     0
440
 16777216
370
    -2
100
AcDbLine
 10
2492.050844769692
 20
480.4237233811419
 30
0.0
 11
2493.437595260254
 21
478.343597645297
 31
0.0
  0
MTEXT
  5
41D4
330
700
100
AcDbEntity
  8
Dimension2
 62
     0
440
 16777216
100
AcDbMText
 10
2484.560087992337
 20
495.0400628679242
 30
0.0
 40
2.5
 41
0.0
 46
0.0
 71
     5
 72
     1
  1
∅6
 11
0.5547001962251326
 21
-0.8320502943379079
 31
0.0
 73
     1
 44
1.0
  0
LINE
  5
41D5
330
700
100
AcDbEntity
  8
Dimension2
 62
     0
440
 16777216
370
    -2
100
AcDbLine
 10
2490.664094279129
 20
482.5038491169866
 30
0.0
 11
2487.335893101779
 21
487.4961508830133
 31
0.0
  0
SOLID
  5
41D6
330
700
100
AcDbEntity
  8
Dimension2
 62
     0
440
 16777216
100
AcDbTrace
 10
2492.397532392332
 20
480.6548484629023
 30
0.0
 11
2491.704157147051
 21
480.1925982993815
 31
0.0
 12
2490.664094279129
 22
482.5038491169866
 32
0.0
 13
2490.664094279129
 23
482.5038491169866
 33
0.0
  0
SOLID
  5
41D7
330
700
100
AcDbEntity
  8
Dimension2
 62
     0
440
 16777216
100
AcDbTrace
 10
2486.295830233856
 20
489.8074017006186
 30
0.0
 11
2485.602454988575
 21
489.3451515370977
 31
0.0
 12
2487.335893101779
 22
487.4961508830133
 32
0.0
 13
2487.335893101779
 23
487.4961508830133
 33
0.0
  0
POINT
  5
41D8
330
700
100
AcDbEntity
  8
Defpoints
 62
     0
440
 16777216
100
AcDbPoint
 10
2487.335893101779
 20
487.4961508830133
 30
0.0
  0
POINT
  5
41D9
330
700
100
AcDbEntity
  8
Defpoints
 62
     0
440
 16777216
100
AcDbPoint
 10
2490.664094279129
 20
482.5038491169866
 30
0.0
  0
ENDBLK
  5
702
330
700
100
AcDbEntity
  8
0
100
AcDbBlockEnd
  0
BLOCK
  5
722
330
721
100
AcDbEntity
  8
0
100
AcDbBlockBegin
  2
*D26
 70
     1
 10
0.0
 20
0.0
 30
0.0
  3
*D26
  1

  0
LINE
  5
41E3
330
721
100
AcDbEntity
  8
Dimension2
 62
     0
440
 16777216
370
    -2
100
AcDbLine
 10
2011.49768065901
 20
496.2534695471642
 30
0.0
 11
2015.949142611215
 21
489.5762766188578
 31
0.0
  0
LINE
  5
41E4
330
721
100
AcDbEntity
  8
Dimension2
 62
     0
440
 16777216
370
    -2
100
AcDbLine
 10
2022.050844769693
 20
480.4237233811419
 30
0.0
 11
2023.437595260256
 21
478.3435976452973
 31
0.0
  0
MTEXT
  5
41E5
330
721
100
AcDbEntity
  8
Dimension2
 62
     0
440
 16777216
100
AcDbMText
 10
2014.560087992337
 20
495.0400628679219
 30
0.0
 40
2.5
 41
0.0
 46
0.0
 71
     5
 72
     1
  1
∅6
 11
0.554700196225273
 21
-0.8320502943378144
 31
0.0
 73
     1
 44
1.0
  0
LINE
  5
41E6
330
721
100
AcDbEntity
  8
Dimension2
 62
     0
440
 16777216
370
    -2
100
AcDbLine
 10
2020.66409427913
 20
482.5038491169864
 30
0.0
 11
2017.335893101778
 21
487.4961508830133
 31
0.0
  0
SOLID
  5
41E7
330
721
100
AcDbEntity
  8
Dimension2
 62
     0
440
 16777216
100
AcDbTrace
 10
2022.397532392334
 20
480.6548484629026
 30
0.0
 11
2021.704157147052
 21
480.1925982993813
 31
0.0
 12
2020.66409427913
 22
482.5038491169864
 32
0.0
 13
2020.66409427913
 23
482.5038491169864
 33
0.0
  0
SOLID
  5
41E8
330
721
100
AcDbEntity
  8
Dimension2
 62
     0
440
 16777216
100
AcDbTrace
 10
2016.295830233856
 20
489.8074017006185
 30
0.0
 11
2015.602454988574
 21
489.3451515370972
 31
0.0
 12
2017.335893101778
 22
487.4961508830133
 32
0.0
 13
2017.335893101778
 23
487.4961508830133
 33
0.0
  0
POINT
  5
41E9
330
721
100
AcDbEntity
  8
Defpoints
 62
     0
440
 16777216
100
AcDbPoint
 10
2017.335893101778
 20
487.4961508830133
 30
0.0
  0
POINT
  5
41EA
330
721
100
AcDbEntity
  8
Defpoints
 62
     0
440
 16777216
100
AcDbPoint
 10
2020.66409427913
 20
482.5038491169864
 30
0.0
  0
ENDBLK
  5
723
330
721
100
AcDbEntity
  8
0
100
AcDbBlockEnd
  0
BLOCK
  5
731
330
730
100
AcDbEntity
  8
0
100
AcDbBlockBegin
  2
*D27
 70
     1
 10
0.0
 20
0.0
 30
0.0
  3
*D27
  1

  0
LINE
  5
41EB
330
730
100
AcDbEntity
  8
Dimension2
 62
     0
440
 16777216
370
    -2
100
AcDbLine
 10
2011.49768065901
 20
46.25346954716372
 30
0.0
 11
2015.949142611216
 21
39.57627661885794
 31
0.0
  0
LINE
  5
41EC
330
730
100
AcDbEntity
  8
Dimension2
 62
     0
440
 16777216
370
    -2
100
AcDbLine
 10
2022.050844769694
 20
30.4237233811424
 30
0.0
 11
2023.437595260257
 21
28.34359764529791
 31
0.0
  0
MTEXT
  5
41ED
330
730
100
AcDbEntity
  8
Dimension2
 62
     0
440
 16777216
100
AcDbMText
 10
2014.560087992337
 20
45.04006286792139
 30
0.0
 40
2.5
 41
0.0
 46
0.0
 71
     5
 72
     1
  1
∅6
 11
0.5547001962253077
 21
-0.8320502943377913
 31
0.0
 73
     1
 44
1.0
  0
LINE
  5
41EE
330
730
100
AcDbEntity
  8
Dimension2
 62
     0
440
 16777216
370
    -2
100
AcDbLine
 10
2020.66409427913
 20
32.50384911698688
 30
0.0
 11
2017.335893101778
 21
37.49615088301346
 31
0.0
  0
SOLID
  5
41EF
330
730
100
AcDbEntity
  8
Dimension2
 62
     0
440
 16777216
100
AcDbTrace
 10
2022.397532392334
 20
30.65484846290292
 30
0.0
 11
2021.704157147053
 21
30.19259829938176
 31
0.0
 12
2020.66409427913
 22
32.50384911698688
 32
0.0
 13
2020.66409427913
 23
32.50384911698688
 33
0.0
  0
SOLID
  5
41F0
330
730
100
AcDbEntity
  8
Dimension2
 62
     0
440
 16777216
100
AcDbTrace
 10
2016.295830233856
 20
39.80740170061847
 30
0.0
 11
2015.602454988575
 21
39.34515153709731
 31
0.0
 12
2017.335893101778
 22
37.49615088301346
 32
0.0
 13
2017.335893101778
 23
37.49615088301346
 33
0.0
  0
POINT
  5
41F1
330
730
100
AcDbEntity
  8
Defpoints
 62
     0
440
 16777216
100
AcDbPoint
 10
2017.335893101778
 20
37.49615088301346
 30
0.0
  0
POINT
  5
41F2
330
730
100
AcDbEntity
  8
Defpoints
 62
     0
440
 16777216
100
AcDbPoint
 10
2020.66409427913
 20
32.50384911698688
 30
0.0
  0
ENDBLK
  5
732
330
730
100
AcDbEntity
  8
0
100
AcDbBlockEnd
  0
BLOCK
  5
740
330
73F
100
AcDbEntity
  8
0
100
AcDbBlockBegin
  2
*D28
 70
     1
 10
0.0
 20
0.0
 30
0.0
  3
*D28
  1

  0
LINE
  5
41F3
330
73F
100
AcDbEntity
  8
Dimension2
 62
     0
440
 16777216
370
    -2
100
AcDbLine
 10
2481.49768065901
 20
46.25346954716497
 30
0.0
 11
2485.949142611215
 21
39.57627661885818
 31
0.0
  0
LINE
  5
41F4
330
73F
100
AcDbEntity
  8
Dimension2
 62
     0
440
 16777216
370
    -2
100
AcDbLine
 10
2492.050844769694
 20
30.42372338114228
 30
0.0
 11
2493.437595260258
 21
28.34359764529768
 31
0.0
  0
MTEXT
  5
41F5
330
73F
100
AcDbEntity
  8
Dimension2
 62
     0
440
 16777216
100
AcDbMText
 10
2484.560087992337
 20
45.04006286792264
 30
0.0
 40
2.5
 41
0.0
 46
0.0
 71
     5
 72
     1
  1
∅6
 11
0.5547001962253344
 21
-0.8320502943377736
 31
0.0
 73
     1
 44
1.0
  0
LINE
  5
41F6
330
73F
100
AcDbEntity
  8
Dimension2
 62
     0
440
 16777216
370
    -2
100
AcDbLine
 10
2490.664094279131
 20
32.50384911698666
 30
0.0
 11
2487.335893101779
 21
37.49615088301357
 31
0.0
  0
SOLID
  5
41F7
330
73F
100
AcDbEntity
  8
Dimension2
 62
     0
440
 16777216
100
AcDbTrace
 10
2492.397532392335
 20
30.65484846290269
 30
0.0
 11
2491.704157147054
 21
30.19259829938164
 31
0.0
 12
2490.664094279131
 22
32.50384911698666
 32
0.0
 13
2490.664094279131
 23
32.50384911698666
 33
0.0
  0
SOLID
  5
41F8
330
73F
100
AcDbEntity
  8
Dimension2
 62
     0
440
 16777216
100
AcDbTrace
 10
2486.295830233856
 20
39.80740170061859
 30
0.0
 11
2485.602454988575
 21
39.34515153709753
 31
0.0
 12
2487.335893101779
 22
37.49615088301357
 32
0.0
 13
2487.335893101779
 23
37.49615088301357
 33
0.0
  0
POINT
  5
41F9
330
73F
100
AcDbEntity
  8
Defpoints
 62
     0
440
 16777216
100
AcDbPoint
 10
2487.335893101779
 20
37.49615088301357
 30
0.0
  0
POINT
  5
41FA
330
73F
100
AcDbEntity
  8
Defpoints
 62
     0
440
 16777216
100
AcDbPoint
 10
2490.664094279131
 20
32.50384911698666
 30
0.0
  0
ENDBLK
  5
741
330
73F
100
AcDbEntity
  8
0
100
AcDbBlockEnd
  0
BLOCK
  5
74D
330
74C
100
AcDbEntity
  8
0
100
AcDbBlockBegin
  2
*D29
 70
     1
 10
0.0
 20
0.0
 30
0.0
  3
*D29
  1

  0
LINE
  5
252E
330
74C
100
AcDbEntity
  8
Dimensions
 62
     0
440
 16777216
370
    -2
100
AcDbLine
 10
3323.374993690456
 20
15.00000000000001
 30
0.0
 11
2787.749993690454
 21
14.99999999999992
 31
0.0
  0
LINE
  5
252F
330
74C
100
AcDbEntity
  8
Dimensions
 62
     0
440
 16777216
370
    -2
100
AcDbLine
 10
3323.374993690456
 20
-35.00000000000002
 30
0.0
 11
2787.749993690454
 21
-35.0000000000001
 31
0.0
  0
LINE
  5
2530
330
74C
100
AcDbEntity
  8
Dimensions
 62
     0
440
 16777216
370
    -2
100
AcDbLine
 10
2788.999993690453
 20
12.49999999999992
 30
0.0
 11
2788.999993690453
 21
-32.5000000000001
 31
0.0
  0
SOLID
  5
2531
330
74C
100
AcDbEntity
  8
Dimensions
 62
     0
440
 16777216
100
AcDbTrace
 10
2788.583327023787
 20
12.49999999999992
 30
0.0
 11
2789.41666035712
 21
12.49999999999992
 31
0.0
 12
2788.999993690453
 22
14.99999999999992
 32
0.0
 13
2788.999993690453
 23
14.99999999999992
 33
0.0
  0
SOLID
  5
2532
330
74C
100
AcDbEntity
  8
Dimensions
 62
     0
440
 16777216
100
AcDbTrace
 10
2788.583327023787
 20
-32.5000000000001
 30
0.0
 11
2789.41666035712
 21
-32.5000000000001
 31
0.0
 12
2788.999993690453
 22
-35.0000000000001
 32
0.0
 13
2788.999993690453
 23
-35.0000000000001
 33
0.0
  0
MTEXT
  5
2533
330
74C
100
AcDbEntity
  8
Dimensions
 62
     0
440
 16777216
100
AcDbMText
 10
2787.124993690453
 20
-10.00000000000087
 30
0.0
 40
2.5
 41
0.0
 46
0.0
 71
     5
 72
     1
  1
50
 11
0.0000000000000001
 21
1.0
 31
0.0
 73
     1
 44
1.0
  0
POINT
  5
2534
330
74C
100
AcDbEntity
  8
Defpoints
 62
     0
440
 16777216
100
AcDbPoint
 10
3323.999993690456
 20
15.00000000000001
 30
0.0
  0
POINT
  5
2535
330
74C
100
AcDbEntity
  8
Defpoints
 62
     0
440
 16777216
100
AcDbPoint
 10
3323.999993690456
 20
-35.00000000000002
 30
0.0
  0
POINT
  5
2536
330
74C
100
AcDbEntity
  8
Defpoints
 62
     0
440
 16777216
100
AcDbPoint
 10
2788.999993690453
 20
-35.0000000000001
 30
0.0
  0
ENDBLK
  5
74E
330
74C
100
AcDbEntity
  8
0
100
AcDbBlockEnd
  0
BLOCK
  5
7C0
330
7BF
100
AcDbEntity
  8
0
100
AcDbBlockBegin
  2
*D30
 70
     1
 10
0.0
 20
0.0
 30
0.0
  3
*D30
  1

  0
LINE
  5
2537
330
7BF
100
AcDbEntity
  8
Dimensions
 62
     0
440
 16777216
370
    -2
100
AcDbLine
 10
3323.999993690454
 20
-34.375
 30
0.0
 11
3323.999993690454
 21
-23.75
 31
0.0
  0
LINE
  5
2538
330
7BF
100
AcDbEntity
  8
Dimensions
 62
     0
440
 16777216
370
    -2
100
AcDbLine
 10
3236.999993690454
 20
-34.375
 30
0.0
 11
3236.999993690454
 21
-23.75
 31
0.0
  0
LINE
  5
2539
330
7BF
100
AcDbEntity
  8
Dimensions
 62
     0
440
 16777216
370
    -2
100
AcDbLine
 10
3321.499993690454
 20
-25.0
 30
0.0
 11
3239.499993690454
 21
-25.0
 31
0.0
  0
SOLID
  5
253A
330
7BF
100
AcDbEntity
  8
Dimensions
 62
     0
440
 16777216
100
AcDbTrace
 10
3321.499993690454
 20
-24.58333333333333
 30
0.0
 11
3321.499993690454
 21
-25.41666666666667
 31
0.0
 12
3323.999993690454
 22
-25.0
 32
0.0
 13
3323.999993690454
 23
-25.0
 33
0.0
  0
SOLID
  5
253B
330
7BF
100
AcDbEntity
  8
Dimensions
 62
     0
440
 16777216
100
AcDbTrace
 10
3239.499993690454
 20
-24.58333333333333
 30
0.0
 11
3239.499993690454
 21
-25.41666666666667
 31
0.0
 12
3236.999993690454
 22
-25.0
 32
0.0
 13
3236.999993690454
 23
-25.0
 33
0.0
  0
MTEXT
  5
253C
330
7BF
100
AcDbEntity
  8
Dimensions
 62
     0
440
 16777216
100
AcDbMText
 10
3280.499993690455
 20
-23.125
 30
0.0
 40
2.5
 41
0.0
 46
0.0
 71
     5
 72
     1
  1
87
 73
     1
 44
1.0
  0
POINT
  5
253D
330
7BF
100
AcDbEntity
  8
Defpoints
 62
     0
440
 16777216
100
AcDbPoint
 10
3323.999993690454
 20
-35.0
 30
0.0
  0
POINT
  5
253E
330
7BF
100
AcDbEntity
  8
Defpoints
 62
     0
440
 16777216
100
AcDbPoint
 10
3236.999993690454
 20
-35.0
 30
0.0
  0
POINT
  5
253F
330
7BF
100
AcDbEntity
  8
Defpoints
 62
     0
440
 16777216
100
AcDbPoint
 10
3236.999993690454
 20
-25.0
 30
0.0
  0
ENDBLK
  5
7C1
330
7BF
100
AcDbEntity
  8
0
100
AcDbBlockEnd
  0
BLOCK
  5
7CD
330
7CC
100
AcDbEntity
  8
0
100
AcDbBlockBegin
  2
*D31
 70
     1
 10
0.0
 20
0.0
 30
0.0
  3
*D31
  1

  0
LINE
  5
2540
330
7CC
100
AcDbEntity
  8
Dimensions
 62
     0
440
 16777216
370
    -2
100
AcDbLine
 10
3236.999993690454
 20
-34.375
 30
0.0
 11
3236.999993690454
 21
-23.75
 31
0.0
  0
LINE
  5
2541
330
7CC
100
AcDbEntity
  8
Dimensions
 62
     0
440
 16777216
370
    -2
100
AcDbLine
 10
3061.999993690454
 20
-34.375
 30
0.0
 11
3061.999993690454
 21
-23.75
 31
0.0
  0
LINE
  5
2542
330
7CC
100
AcDbEntity
  8
Dimensions
 62
     0
440
 16777216
370
    -2
100
AcDbLine
 10
3234.499993690454
 20
-25.0
 30
0.0
 11
3064.499993690454
 21
-25.0
 31
0.0
  0
SOLID
  5
2543
330
7CC
100
AcDbEntity
  8
Dimensions
 62
     0
440
 16777216
100
AcDbTrace
 10
3234.499993690454
 20
-24.58333333333333
 30
0.0
 11
3234.499993690454
 21
-25.41666666666667
 31
0.0
 12
3236.999993690454
 22
-25.0
 32
0.0
 13
3236.999993690454
 23
-25.0
 33
0.0
  0
SOLID
  5
2544
330
7CC
100
AcDbEntity
  8
Dimensions
 62
     0
440
 16777216
100
AcDbTrace
 10
3064.499993690454
 20
-24.58333333333333
 30
0.0
 11
3064.499993690454
 21
-25.41666666666667
 31
0.0
 12
3061.999993690454
 22
-25.0
 32
0.0
 13
3061.999993690454
 23
-25.0
 33
0.0
  0
MTEXT
  5
2545
330
7CC
100
AcDbEntity
  8
Dimensions
 62
     0
440
 16777216
100
AcDbMText
 10
3149.499993690454
 20
-23.125
 30
0.0
 40
2.5
 41
0.0
 46
0.0
 71
     5
 72
     1
  1
175
 73
     1
 44
1.0
  0
POINT
  5
2546
330
7CC
100
AcDbEntity
  8
Defpoints
 62
     0
440
 16777216
100
AcDbPoint
 10
3236.999993690454
 20
-35.0
 30
0.0
  0
POINT
  5
2547
330
7CC
100
AcDbEntity
  8
Defpoints
 62
     0
440
 16777216
100
AcDbPoint
 10
3061.999993690454
 20
-35.0
 30
0.0
  0
POINT
  5
2548
330
7CC
100
AcDbEntity
  8
Defpoints
 62
     0
440
 16777216
100
AcDbPoint
 10
3061.999993690454
 20
-25.0
 30
0.0
  0
ENDBLK
  5
7CE
330
7CC
100
AcDbEntity
  8
0
100
AcDbBlockEnd
  0
BLOCK
  5
7E7
330
7E6
100
AcDbEntity
  8
0
100
AcDbBlockBegin
  2
*D32
 70
     1
 10
0.0
 20
0.0
 30
0.0
  3
*D32
  1

  0
LINE
  5
2549
330
7E6
100
AcDbEntity
  8
Dimensions
 62
     0
440
 16777216
370
    -2
100
AcDbLine
 10
3061.999993690454
 20
-34.375
 30
0.0
 11
3061.999993690454
 21
-23.75
 31
0.0
  0
LINE
  5
254A
330
7E6
100
AcDbEntity
  8
Dimensions
 62
     0
440
 16777216
370
    -2
100
AcDbLine
 10
2886.999993690454
 20
-34.375
 30
0.0
 11
2886.999993690454
 21
-23.75
 31
0.0
  0
LINE
  5
254B
330
7E6
100
AcDbEntity
  8
Dimensions
 62
     0
440
 16777216
370
    -2
100
AcDbLine
 10
3059.499993690454
 20
-25.0
 30
0.0
 11
2889.499993690455
 21
-25.0
 31
0.0
  0
SOLID
  5
254C
330
7E6
100
AcDbEntity
  8
Dimensions
 62
     0
440
 16777216
100
AcDbTrace
 10
3059.499993690454
 20
-24.58333333333333
 30
0.0
 11
3059.499993690454
 21
-25.41666666666667
 31
0.0
 12
3061.999993690454
 22
-25.0
 32
0.0
 13
3061.999993690454
 23
-25.0
 33
0.0
  0
SOLID
  5
254D
330
7E6
100
AcDbEntity
  8
Dimensions
 62
     0
440
 16777216
100
AcDbTrace
 10
2889.499993690455
 20
-24.58333333333333
 30
0.0
 11
2889.499993690455
 21
-25.41666666666667
 31
0.0
 12
2886.999993690454
 22
-25.0
 32
0.0
 13
2886.999993690454
 23
-25.0
 33
0.0
  0
MTEXT
  5
254E
330
7E6
100
AcDbEntity
  8
Dimensions
 62
     0
440
 16777216
100
AcDbMText
 10
2974.499993690454
 20
-23.125
 30
0.0
 40
2.5
 41
0.0
 46
0.0
 71
     5
 72
     1
  1
175
 73
     1
 44
1.0
  0
POINT
  5
254F
330
7E6
100
AcDbEntity
  8
Defpoints
 62
     0
440
 16777216
100
AcDbPoint
 10
3061.999993690454
 20
-35.0
 30
0.0
  0
POINT
  5
2550
330
7E6
100
AcDbEntity
  8
Defpoints
 62
     0
440
 16777216
100
AcDbPoint
 10
2886.999993690454
 20
-35.0
 30
0.0
  0
POINT
  5
2551
330
7E6
100
AcDbEntity
  8
Defpoints
 62
     0
440
 16777216
100
AcDbPoint
 10
2886.999993690454
 20
-25.0
 30
0.0
  0
ENDBLK
  5
7E8
330
7E6
100
AcDbEntity
  8
0
100
AcDbBlockEnd
  0
BLOCK
  5
810
330
80F
100
AcDbEntity
  8
0
100
AcDbBlockBegin
  2
*D33
 70
     1
 10
0.0
 20
0.0
 30
0.0
  3
*D33
  1

  0
LINE
  5
2977
330
80F
100
AcDbEntity
  8
Dimensions
 62
     0
440
 16777216
370
    -2
100
AcDbLine
 10
3245.426349499594
 20
-43.42635580913998
 30
0.0
 11
3239.828420815201
 21
-37.82842712474644
 31
0.0
  0
LINE
  5
2978
330
80F
100
AcDbEntity
  8
Dimensions
 62
     0
440
 16777216
370
    -2
100
AcDbLine
 10
3234.171566565708
 20
-32.17157287525401
 30
0.0
 11
3232.403799612742
 21
-30.40380592228757
 31
0.0
  0
MTEXT
  5
2979
330
80F
100
AcDbEntity
  8
Dimensions
 62
     0
440
 16777216
100
AcDbMText
 10
3244.837093848606
 20
-40.18544972870109
 30
0.0
 40
2.5
 41
0.0
 46
0.0
 71
     5
 72
     1
  1
∅3
 11
0.7071067811865476
 21
-0.7071067811865476
 31
0.0
 73
     1
 44
1.0
  0
LINE
  5
297A
330
80F
100
AcDbEntity
  8
Dimensions
 62
     0
440
 16777216
370
    -2
100
AcDbLine
 10
3235.939333518675
 20
-33.93933982822023
 30
0.0
 11
3238.060653862234
 21
-36.06066017178
 31
0.0
  0
SOLID
  5
297B
330
80F
100
AcDbEntity
  8
Dimensions
 62
     0
440
 16777216
100
AcDbTrace
 10
3234.466194391202
 20
-31.87694504975957
 30
0.0
 11
3233.876938740214
 21
-32.46620070074823
 31
0.0
 12
3235.939333518675
 22
-33.93933982822023
 32
0.0
 13
3235.939333518675
 23
-33.93933982822023
 33
0.0
  0
SOLID
  5
297C
330
80F
100
AcDbEntity
  8
Dimensions
 62
     0
440
 16777216
100
AcDbTrace
 10
3240.123048640696
 20
-37.533799299252
 30
0.0
 11
3239.533792989706
 21
-38.12305495024066
 31
0.0
 12
3238.060653862234
 22
-36.06066017178
 32
0.0
 13
3238.060653862234
 23
-36.06066017178
 33
0.0
  0
POINT
  5
297D
330
80F
100
AcDbEntity
  8
Defpoints
 62
     0
440
 16777216
100
AcDbPoint
 10
3238.060653862234
 20
-36.06066017178
 30
0.0
  0
POINT
  5
297E
330
80F
100
AcDbEntity
  8
Defpoints
 62
     0
440
 16777216
100
AcDbPoint
 10
3235.939333518675
 20
-33.93933982822023
 30
0.0
  0
ENDBLK
  5
811
330
80F
100
AcDbEntity
  8
0
100
AcDbBlockEnd
  0
BLOCK
  5
831
330
830
100
AcDbEntity
  8
0
100
AcDbBlockBegin
  2
*D34
 70
     1
 10
0.0
 20
0.0
 30
0.0
  3
*D34
  1

  0
LINE
  5
297F
330
830
100
AcDbEntity
  8
Dimensions
 62
     0
440
 16777216
370
    -2
100
AcDbLine
 10
3070.426349499593
 20
-43.42635580914111
 30
0.0
 11
3064.8284208152
 21
-37.82842712474689
 31
0.0
  0
LINE
  5
2980
330
830
100
AcDbEntity
  8
Dimensions
 62
     0
440
 16777216
370
    -2
100
AcDbLine
 10
3059.171566565709
 20
-32.17157287525379
 30
0.0
 11
3057.403799612743
 21
-30.40380592228712
 31
0.0
  0
MTEXT
  5
2981
330
830
100
AcDbEntity
  8
Dimensions
 62
     0
440
 16777216
100
AcDbMText
 10
3069.837093848605
 20
-40.18544972870245
 30
0.0
 40
2.5
 41
0.0
 46
0.0
 71
     5
 72
     1
  1
∅3
 11
0.7071067811864716
 21
-0.7071067811866235
 31
0.0
 73
     1
 44
1.0
  0
LINE
  5
2982
330
830
100
AcDbEntity
  8
Dimensions
 62
     0
440
 16777216
370
    -2
100
AcDbLine
 10
3060.939333518675
 20
-33.93933982822023
 30
0.0
 11
3063.060653862234
 21
-36.06066017178023
 31
0.0
  0
SOLID
  5
2983
330
830
100
AcDbEntity
  8
Dimensions
 62
     0
440
 16777216
100
AcDbTrace
 10
3059.466194391204
 20
-31.87694504975957
 30
0.0
 11
3058.876938740215
 21
-32.46620070074801
 31
0.0
 12
3060.939333518675
 22
-33.93933982822023
 32
0.0
 13
3060.939333518675
 23
-33.93933982822023
 33
0.0
  0
SOLID
  5
2984
330
830
100
AcDbEntity
  8
Dimensions
 62
     0
440
 16777216
100
AcDbTrace
 10
3065.123048640694
 20
-37.53379929925245
 30
0.0
 11
3064.533792989706
 21
-38.12305495024111
 31
0.0
 12
3063.060653862234
 22
-36.06066017178023
 32
0.0
 13
3063.060653862234
 23
-36.06066017178023
 33
0.0
  0
POINT
  5
2985
330
830
100
AcDbEntity
  8
Defpoints
 62
     0
440
 16777216
100
AcDbPoint
 10
3063.060653862234
 20
-36.06066017178023
 30
0.0
  0
POINT
  5
2986
330
830
100
AcDbEntity
  8
Defpoints
 62
     0
440
 16777216
100
AcDbPoint
 10
3060.939333518675
 20
-33.93933982822023
 30
0.0
  0
ENDBLK
  5
832
330
830
100
AcDbEntity
  8
0
100
AcDbBlockEnd
  0
BLOCK
  5
840
330
83F
100
AcDbEntity
  8
0
100
AcDbBlockBegin
  2
*D35
 70
     1
 10
0.0
 20
0.0
 30
0.0
  3
*D35
  1

  0
LINE
  5
2987
330
83F
100
AcDbEntity
  8
Dimensions
 62
     0
440
 16777216
370
    -2
100
AcDbLine
 10
2895.426349499594
 20
-43.42635580914065
 30
0.0
 11
2889.8284208152
 21
-37.82842712474667
 31
0.0
  0
LINE
  5
2988
330
83F
100
AcDbEntity
  8
Dimensions
 62
     0
440
 16777216
370
    -2
100
AcDbLine
 10
2884.171566565708
 20
-32.17157287525356
 30
0.0
 11
2882.403799612741
 21
-30.40380592228712
 31
0.0
  0
MTEXT
  5
2989
330
83F
100
AcDbEntity
  8
Dimensions
 62
     0
440
 16777216
100
AcDbMText
 10
2894.837093848605
 20
-40.18544972870245
 30
0.0
 40
2.5
 41
0.0
 46
0.0
 71
     5
 72
     1
  1
∅3
 11
0.7071067811865098
 21
-0.7071067811865852
 31
0.0
 73
     1
 44
1.0
  0
LINE
  5
298A
330
83F
100
AcDbEntity
  8
Dimensions
 62
     0
440
 16777216
370
    -2
100
AcDbLine
 10
2885.939333518674
 20
-33.93933982822
 30
0.0
 11
2888.060653862234
 21
-36.06066017178
 31
0.0
  0
SOLID
  5
298B
330
83F
100
AcDbEntity
  8
Dimensions
 62
     0
440
 16777216
100
AcDbTrace
 10
2884.466194391202
 20
-31.87694504975912
 30
0.0
 11
2883.876938740213
 21
-32.46620070074801
 31
0.0
 12
2885.939333518674
 22
-33.93933982822
 32
0.0
 13
2885.939333518674
 23
-33.93933982822
 33
0.0
  0
SOLID
  5
298C
330
83F
100
AcDbEntity
  8
Dimensions
 62
     0
440
 16777216
100
AcDbTrace
 10
2890.123048640695
 20
-37.53379929925222
 30
0.0
 11
2889.533792989706
 21
-38.12305495024111
 31
0.0
 12
2888.060653862234
 22
-36.06066017178
 32
0.0
 13
2888.060653862234
 23
-36.06066017178
 33
0.0
  0
POINT
  5
298D
330
83F
100
AcDbEntity
  8
Defpoints
 62
     0
440
 16777216
100
AcDbPoint
 10
2888.060653862234
 20
-36.06066017178
 30
0.0
  0
POINT
  5
298E
330
83F
100
AcDbEntity
  8
Defpoints
 62
     0
440
 16777216
100
AcDbPoint
 10
2885.939333518674
 20
-33.93933982822
 30
0.0
  0
ENDBLK
  5
841
330
83F
100
AcDbEntity
  8
0
100
AcDbBlockEnd
  0
BLOCK
  5
84D
330
84C
100
AcDbEntity
  8
0
100
AcDbBlockBegin
  2
*D36
 70
     1
 10
0.0
 20
0.0
 30
0.0
  3
*D36
  1

  0
LINE
  5
256A
330
84C
100
AcDbEntity
  8
Dimensions
 62
     0
440
 16777216
370
    -2
100
AcDbLine
 10
2799.624993690455
 20
505.0000000000001
 30
0.0
 11
2966.249993690454
 21
505.0000000000001
 31
0.0
  0
LINE
  5
256B
330
84C
100
AcDbEntity
  8
Dimensions
 62
     0
440
 16777216
370
    -2
100
AcDbLine
 10
2799.624993690455
 20
626.0000000000001
 30
0.0
 11
2966.249993690454
 21
626.0000000000002
 31
0.0
  0
LINE
  5
256C
330
84C
100
AcDbEntity
  8
Dimensions
 62
     0
440
 16777216
370
    -2
100
AcDbLine
 10
2964.999993690453
 20
507.5000000000001
 30
0.0
 11
2964.999993690453
 21
623.5000000000002
 31
0.0
  0
SOLID
  5
256D
330
84C
100
AcDbEntity
  8
Dimensions
 62
     0
440
 16777216
100
AcDbTrace
 10
2964.583327023787
 20
507.5000000000001
 30
0.0
 11
2965.41666035712
 21
507.5000000000001
 31
0.0
 12
2964.999993690453
 22
505.0000000000001
 32
0.0
 13
2964.999993690453
 23
505.0000000000001
 33
0.0
  0
SOLID
  5
256E
330
84C
100
AcDbEntity
  8
Dimensions
 62
     0
440
 16777216
100
AcDbTrace
 10
2964.583327023787
 20
623.5000000000002
 30
0.0
 11
2965.41666035712
 21
623.5000000000002
 31
0.0
 12
2964.999993690453
 22
626.0000000000002
 32
0.0
 13
2964.999993690453
 23
626.0000000000002
 33
0.0
  0
MTEXT
  5
256F
330
84C
100
AcDbEntity
  8
Dimensions
 62
     0
440
 16777216
100
AcDbMText
 10
2963.124993690453
 20
565.4999999999992
 30
0.0
 40
2.5
 41
0.0
 46
0.0
 71
     5
 72
     1
  1
121
 11
0.0000000000000001
 21
1.0
 31
0.0
 73
     1
 44
1.0
  0
POINT
  5
2570
330
84C
100
AcDbEntity
  8
Defpoints
 62
     0
440
 16777216
100
AcDbPoint
 10
2798.999993690455
 20
505.0000000000001
 30
0.0
  0
POINT
  5
2571
330
84C
100
AcDbEntity
  8
Defpoints
 62
     0
440
 16777216
100
AcDbPoint
 10
2798.999993690455
 20
626.0000000000001
 30
0.0
  0
POINT
  5
2572
330
84C
100
AcDbEntity
  8
Defpoints
 62
     0
440
 16777216
100
AcDbPoint
 10
2964.999993690453
 20
626.0000000000002
 30
0.0
  0
ENDBLK
  5
84E
330
84C
100
AcDbEntity
  8
0
100
AcDbBlockEnd
  0
BLOCK
  5
868
330
867
100
AcDbEntity
  8
0
100
AcDbBlockBegin
  2
*D37
 70
     1
 10
0.0
 20
0.0
 30
0.0
  3
*D37
  1

  0
LINE
  5
2573
330
867
100
AcDbEntity
  8
Dimensions
 62
     0
440
 16777216
370
    -2
100
AcDbLine
 10
2798.999993690455
 20
626.625
 30
0.0
 11
2798.999993690455
 21
682.2499999999999
 31
0.0
  0
LINE
  5
2574
330
867
100
AcDbEntity
  8
Dimensions
 62
     0
440
 16777216
370
    -2
100
AcDbLine
 10
2898.999993690454
 20
626.625
 30
0.0
 11
2898.999993690454
 21
682.2499999999999
 31
0.0
  0
LINE
  5
2575
330
867
100
AcDbEntity
  8
Dimensions
 62
     0
440
 16777216
370
    -2
100
AcDbLine
 10
2801.499993690454
 20
681.0
 30
0.0
 11
2896.499993690455
 21
681.0
 31
0.0
  0
SOLID
  5
2576
330
867
100
AcDbEntity
  8
Dimensions
 62
     0
440
 16777216
100
AcDbTrace
 10
2801.499993690454
 20
681.4166666666666
 30
0.0
 11
2801.499993690454
 21
680.5833333333334
 31
0.0
 12
2798.999993690455
 22
681.0
 32
0.0
 13
2798.999993690455
 23
681.0
 33
0.0
  0
SOLID
  5
2577
330
867
100
AcDbEntity
  8
Dimensions
 62
     0
440
 16777216
100
AcDbTrace
 10
2896.499993690455
 20
681.4166666666666
 30
0.0
 11
2896.499993690455
 21
680.5833333333334
 31
0.0
 12
2898.999993690454
 22
681.0
 32
0.0
 13
2898.999993690454
 23
681.0
 33
0.0
  0
MTEXT
  5
2578
330
867
100
AcDbEntity
  8
Dimensions
 62
     0
440
 16777216
100
AcDbMText
 10
2848.999993690454
 20
682.875
 30
0.0
 40
2.5
 41
0.0
 46
0.0
 71
     5
 72
     1
  1
100
 73
     1
 44
1.0
  0
POINT
  5
2579
330
867
100
AcDbEntity
  8
Defpoints
 62
     0
440
 16777216
100
AcDbPoint
 10
2798.999993690455
 20
626.0
 30
0.0
  0
POINT
  5
257A
330
867
100
AcDbEntity
  8
Defpoints
 62
     0
440
 16777216
100
AcDbPoint
 10
2898.999993690454
 20
626.0
 30
0.0
  0
POINT
  5
257B
330
867
100
AcDbEntity
  8
Defpoints
 62
     0
440
 16777216
100
AcDbPoint
 10
2898.999993690454
 20
681.0
 30
0.0
  0
ENDBLK
  5
869
330
867
100
AcDbEntity
  8
0
100
AcDbBlockEnd
  0
BLOCK
  5
891
330
890
100
AcDbEntity
  8
0
100
AcDbBlockBegin
  2
*D38
 70
     1
 10
0.0
 20
0.0
 30
0.0
  3
*D38
  1

  0
LINE
  5
257C
330
890
100
AcDbEntity
  8
Dimensions
 62
     0
440
 16777216
370
    -2
100
AcDbLine
 10
2799.624993690455
 20
626.0000000000002
 30
0.0
 11
2966.249993690454
 21
626.0000000000003
 31
0.0
  0
LINE
  5
257D
330
890
100
AcDbEntity
  8
Dimensions
 62
     0
440
 16777216
370
    -2
100
AcDbLine
 10
2799.624993690455
 20
647.0000000000002
 30
0.0
 11
2966.249993690454
 21
647.0000000000003
 31
0.0
  0
LINE
  5
257E
330
890
100
AcDbEntity
  8
Dimensions
 62
     0
440
 16777216
370
    -2
100
AcDbLine
 10
2964.999993690453
 20
628.5000000000003
 30
0.0
 11
2964.999993690453
 21
644.5000000000003
 31
0.0
  0
SOLID
  5
257F
330
890
100
AcDbEntity
  8
Dimensions
 62
     0
440
 16777216
100
AcDbTrace
 10
2964.583327023787
 20
628.5000000000003
 30
0.0
 11
2965.41666035712
 21
628.5000000000003
 31
0.0
 12
2964.999993690453
 22
626.0000000000003
 32
0.0
 13
2964.999993690453
 23
626.0000000000003
 33
0.0
  0
SOLID
  5
2580
330
890
100
AcDbEntity
  8
Dimensions
 62
     0
440
 16777216
100
AcDbTrace
 10
2964.583327023787
 20
644.5000000000003
 30
0.0
 11
2965.41666035712
 21
644.5000000000003
 31
0.0
 12
2964.999993690453
 22
647.0000000000003
 32
0.0
 13
2964.999993690453
 23
647.0000000000003
 33
0.0
  0
MTEXT
  5
2581
330
890
100
AcDbEntity
  8
Dimensions
 62
     0
440
 16777216
100
AcDbMText
 10
2963.124993690453
 20
636.4999999999993
 30
0.0
 40
2.5
 41
0.0
 46
0.0
 71
     5
 72
     1
  1
21
 11
0.0000000000000001
 21
1.0
 31
0.0
 73
     1
 44
1.0
  0
POINT
  5
2582
330
890
100
AcDbEntity
  8
Defpoints
 62
     0
440
 16777216
100
AcDbPoint
 10
2798.999993690455
 20
626.0000000000002
 30
0.0
  0
POINT
  5
2583
330
890
100
AcDbEntity
  8
Defpoints
 62
     0
440
 16777216
100
AcDbPoint
 10
2798.999993690455
 20
647.0000000000002
 30
0.0
  0
POINT
  5
2584
330
890
100
AcDbEntity
  8
Defpoints
 62
     0
440
 16777216
100
AcDbPoint
 10
2964.999993690453
 20
647.0000000000003
 30
0.0
  0
ENDBLK
  5
892
330
890
100
AcDbEntity
  8
0
100
AcDbBlockEnd
  0
BLOCK
  5
8B0
330
8AF
100
AcDbEntity
  8
0
100
AcDbBlockBegin
  2
*D39
 70
     1
 10
0.0
 20
0.0
 30
0.0
  3
*D39
  1

  0
LINE
  5
2585
330
8AF
100
AcDbEntity
  8
Dimensions
 62
     0
440
 16777216
370
    -2
100
AcDbLine
 10
2898.999993690454
 20
626.625
 30
0.0
 11
2898.999993690454
 21
682.2499999999999
 31
0.0
  0
LINE
  5
2586
330
8AF
100
AcDbEntity
  8
Dimensions
 62
     0
440
 16777216
370
    -2
100
AcDbLine
 10
2954.999993690454
 20
626.625
 30
0.0
 11
2954.999993690454
 21
682.2499999999999
 31
0.0
  0
LINE
  5
2587
330
8AF
100
AcDbEntity
  8
Dimensions
 62
     0
440
 16777216
370
    -2
100
AcDbLine
 10
2901.499993690454
 20
681.0
 30
0.0
 11
2952.499993690454
 21
681.0
 31
0.0
  0
SOLID
  5
2588
330
8AF
100
AcDbEntity
  8
Dimensions
 62
     0
440
 16777216
100
AcDbTrace
 10
2901.499993690454
 20
681.4166666666666
 30
0.0
 11
2901.499993690454
 21
680.5833333333334
 31
0.0
 12
2898.999993690454
 22
681.0
 32
0.0
 13
2898.999993690454
 23
681.0
 33
0.0
  0
SOLID
  5
2589
330
8AF
100
AcDbEntity
  8
Dimensions
 62
     0
440
 16777216
100
AcDbTrace
 10
2952.499993690454
 20
681.4166666666666
 30
0.0
 11
2952.499993690454
 21
680.5833333333334
 31
0.0
 12
2954.999993690454
 22
681.0
 32
0.0
 13
2954.999993690454
 23
681.0
 33
0.0
  0
MTEXT
  5
258A
330
8AF
100
AcDbEntity
  8
Dimensions
 62
     0
440
 16777216
100
AcDbMText
 10
2926.999993690455
 20
682.875
 30
0.0
 40
2.5
 41
0.0
 46
0.0
 71
     5
 72
     1
  1
56
 73
     1
 44
1.0
  0
POINT
  5
258B
330
8AF
100
AcDbEntity
  8
Defpoints
 62
     0
440
 16777216
100
AcDbPoint
 10
2898.999993690454
 20
626.0
 30
0.0
  0
POINT
  5
258C
330
8AF
100
AcDbEntity
  8
Defpoints
 62
     0
440
 16777216
100
AcDbPoint
 10
2954.999993690454
 20
626.0
 30
0.0
  0
POINT
  5
258D
330
8AF
100
AcDbEntity
  8
Defpoints
 62
     0
440
 16777216
100
AcDbPoint
 10
2954.999993690454
 20
681.0
 30
0.0
  0
ENDBLK
  5
8B1
330
8AF
100
AcDbEntity
  8
0
100
AcDbBlockEnd
  0
BLOCK
  5
8FD
330
8FC
100
AcDbEntity
  8
0
100
AcDbBlockBegin
  2
*D40
 70
     1
 10
0.0
 20
0.0
 30
0.0
  3
*D40
  1

  0
LINE
  5
298F
330
8FC
100
AcDbEntity
  8
Dimensions
 62
     0
440
 16777216
370
    -2
100
AcDbLine
 10
2945.866531100126
 20
656.1334625903243
 30
0.0
 11
2951.464459784521
 21
650.5355339059319
 31
0.0
  0
LINE
  5
2990
330
8FC
100
AcDbEntity
  8
Dimensions
 62
     0
440
 16777216
370
    -2
100
AcDbLine
 10
2958.535527596387
 20
643.4644660940677
 30
0.0
 11
2960.303294549353
 21
641.6966991411018
 31
0.0
  0
MTEXT
  5
2991
330
8FC
100
AcDbEntity
  8
Dimensions
 62
     0
440
 16777216
100
AcDbMText
 10
2949.107437180565
 20
655.5442069393364
 30
0.0
 40
2.5
 41
0.0
 46
0.0
 71
     5
 72
     1
  1
∅5
 11
0.7071067811866613
 21
-0.7071067811864339
 31
0.0
 73
     1
 44
1.0
  0
LINE
  5
2992
330
8FC
100
AcDbEntity
  8
Dimensions
 62
     0
440
 16777216
370
    -2
100
AcDbLine
 10
2956.76776064342
 20
645.232233047034
 30
0.0
 11
2953.232226737487
 21
648.7677669529658
 31
0.0
  0
SOLID
  5
2993
330
8FC
100
AcDbEntity
  8
Dimensions
 62
     0
440
 16777216
100
AcDbTrace
 10
2958.83015542188
 20
643.7590939195622
 30
0.0
 11
2958.240899770892
 21
643.1698382685736
 31
0.0
 12
2956.76776064342
 22
645.232233047034
 32
0.0
 13
2956.76776064342
 23
645.232233047034
 33
0.0
  0
SOLID
  5
2994
330
8FC
100
AcDbEntity
  8
Dimensions
 62
     0
440
 16777216
100
AcDbTrace
 10
2951.759087610015
 20
650.8301617314264
 30
0.0
 11
2951.169831959026
 21
650.2409060804377
 31
0.0
 12
2953.232226737487
 22
648.7677669529658
 32
0.0
 13
2953.232226737487
 23
648.7677669529658
 33
0.0
  0
POINT
  5
2995
330
8FC
100
AcDbEntity
  8
Defpoints
 62
     0
440
 16777216
100
AcDbPoint
 10
2953.232226737487
 20
648.7677669529658
 30
0.0
  0
POINT
  5
2996
330
8FC
100
AcDbEntity
  8
Defpoints
 62
     0
440
 16777216
100
AcDbPoint
 10
2956.76776064342
 20
645.232233047034
 30
0.0
  0
ENDBLK
  5
8FE
330
8FC
100
AcDbEntity
  8
0
100
AcDbBlockEnd
  0
BLOCK
  5
91E
330
91D
100
AcDbEntity
  8
0
100
AcDbBlockBegin
  2
*D41
 70
     1
 10
0.0
 20
0.0
 30
0.0
  3
*D41
  1

  0
LINE
  5
2997
330
91D
100
AcDbEntity
  8
Dimensions
 62
     0
440
 16777216
370
    -2
100
AcDbLine
 10
2889.866531100127
 20
656.1334625903241
 30
0.0
 11
2895.464459784521
 21
650.5355339059317
 31
0.0
  0
LINE
  5
2998
330
91D
100
AcDbEntity
  8
Dimensions
 62
     0
440
 16777216
370
    -2
100
AcDbLine
 10
2902.535527596388
 20
643.4644660940677
 30
0.0
 11
2904.303294549354
 21
641.6966991411018
 31
0.0
  0
MTEXT
  5
2999
330
91D
100
AcDbEntity
  8
Dimensions
 62
     0
440
 16777216
100
AcDbMText
 10
2893.107437180565
 20
655.5442069393359
 30
0.0
 40
2.5
 41
0.0
 46
0.0
 71
     5
 72
     1
  1
∅5
 11
0.7071067811866838
 21
-0.7071067811864113
 31
0.0
 73
     1
 44
1.0
  0
LINE
  5
299A
330
91D
100
AcDbEntity
  8
Dimensions
 62
     0
440
 16777216
370
    -2
100
AcDbLine
 10
2900.767760643421
 20
645.2322330470337
 30
0.0
 11
2897.232226737488
 21
648.7677669529658
 31
0.0
  0
SOLID
  5
299B
330
91D
100
AcDbEntity
  8
Dimensions
 62
     0
440
 16777216
100
AcDbTrace
 10
2902.830155421882
 20
643.7590939195622
 30
0.0
 11
2902.240899770894
 21
643.1698382685736
 31
0.0
 12
2900.767760643421
 22
645.2322330470337
 32
0.0
 13
2900.767760643421
 23
645.2322330470337
 33
0.0
  0
SOLID
  5
299C
330
91D
100
AcDbEntity
  8
Dimensions
 62
     0
440
 16777216
100
AcDbTrace
 10
2895.759087610015
 20
650.8301617314262
 30
0.0
 11
2895.169831959027
 21
650.2409060804374
 31
0.0
 12
2897.232226737488
 22
648.7677669529658
 32
0.0
 13
2897.232226737488
 23
648.7677669529658
 33
0.0
  0
POINT
  5
299D
330
91D
100
AcDbEntity
  8
Defpoints
 62
     0
440
 16777216
100
AcDbPoint
 10
2897.232226737488
 20
648.7677669529658
 30
0.0
  0
POINT
  5
299E
330
91D
100
AcDbEntity
  8
Defpoints
 62
     0
440
 16777216
100
AcDbPoint
 10
2900.767760643421
 20
645.2322330470337
 30
0.0
  0
ENDBLK
  5
91F
330
91D
100
AcDbEntity
  8
0
100
AcDbBlockEnd
  0
BLOCK
  5
92D
330
92C
100
AcDbEntity
  8
0
100
AcDbBlockBegin
  2
*D42
 70
     1
 10
0.0
 20
0.0
 30
0.0
  3
*D42
  1

  0
LINE
  5
259E
330
92C
100
AcDbEntity
  8
Dimensions
 62
     0
440
 16777216
370
    -2
100
AcDbLine
 10
2889.866531100127
 20
635.1334625903255
 30
0.0
 11
2895.464459784521
 21
629.5355339059324
 31
0.0
  0
LINE
  5
259F
330
92C
100
AcDbEntity
  8
Dimensions
 62
     0
440
 16777216
370
    -2
100
AcDbLine
 10
2902.535527596388
 20
622.4644660940673
 30
0.0
 11
2904.303294549354
 21
620.6966991411011
 31
0.0
  0
MTEXT
  5
25A0
330
92C
100
AcDbEntity
  8
Dimensions
 62
     0
440
 16777216
100
AcDbMText
 10
2893.107437180566
 20
634.5442069393365
 30
0.0
 40
2.5
 41
0.0
 46
0.0
 71
     5
 72
     1
  1
∅5
 11
0.7071067811865928
 21
-0.7071067811865023
 31
0.0
 73
     1
 44
1.0
  0
LINE
  5
25A1
330
92C
100
AcDbEntity
  8
Dimensions
 62
     0
440
 16777216
370
    -2
100
AcDbLine
 10
2900.767760643421
 20
624.2322330470336
 30
0.0
 11
2897.232226737488
 21
627.7677669529662
 31
0.0
  0
SOLID
  5
25A2
330
92C
100
AcDbEntity
  8
Dimensions
 62
     0
440
 16777216
100
AcDbTrace
 10
2902.830155421881
 20
622.7590939195615
 30
0.0
 11
2902.240899770893
 21
622.1698382685729
 31
0.0
 12
2900.767760643421
 22
624.2322330470336
 32
0.0
 13
2900.767760643421
 23
624.2322330470336
 33
0.0
  0
SOLID
  5
25A3
330
92C
100
AcDbEntity
  8
Dimensions
 62
     0
440
 16777216
100
AcDbTrace
 10
2895.759087610015
 20
629.8301617314266
 30
0.0
 11
2895.169831959027
 21
629.240906080438
 31
0.0
 12
2897.232226737488
 22
627.7677669529662
 32
0.0
 13
2897.232226737488
 23
627.7677669529662
 33
0.0
  0
POINT
  5
25A4
330
92C
100
AcDbEntity
  8
Defpoints
 62
     0
440
 16777216
100
AcDbPoint
 10
2897.232226737488
 20
627.7677669529662
 30
0.0
  0
POINT
  5
25A5
330
92C
100
AcDbEntity
  8
Defpoints
 62
     0
440
 16777216
100
AcDbPoint
 10
2900.767760643421
 20
624.2322330470336
 30
0.0
  0
ENDBLK
  5
92E
330
92C
100
AcDbEntity
  8
0
100
AcDbBlockEnd
  0
BLOCK
  5
93C
330
93B
100
AcDbEntity
  8
0
100
AcDbBlockBegin
  2
*D43
 70
     1
 10
0.0
 20
0.0
 30
0.0
  3
*D43
  1

  0
LINE
  5
299F
330
93B
100
AcDbEntity
  8
Dimensions
 62
     0
440
 16777216
370
    -2
100
AcDbLine
 10
2945.866531100126
 20
635.1334625903243
 30
0.0
 11
2951.464459784521
 21
629.5355339059317
 31
0.0
  0
LINE
  5
29A0
330
93B
100
AcDbEntity
  8
Dimensions
 62
     0
440
 16777216
370
    -2
100
AcDbLine
 10
2958.535527596387
 20
622.4644660940677
 30
0.0
 11
2960.303294549353
 21
620.6966991411018
 31
0.0
  0
MTEXT
  5
29A1
330
93B
100
AcDbEntity
  8
Dimensions
 62
     0
440
 16777216
100
AcDbMText
 10
2949.107437180565
 20
634.5442069393361
 30
0.0
 40
2.5
 41
0.0
 46
0.0
 71
     5
 72
     1
  1
∅5
 11
0.7071067811866613
 21
-0.7071067811864339
 31
0.0
 73
     1
 44
1.0
  0
LINE
  5
29A2
330
93B
100
AcDbEntity
  8
Dimensions
 62
     0
440
 16777216
370
    -2
100
AcDbLine
 10
2956.76776064342
 20
624.2322330470337
 30
0.0
 11
2953.232226737488
 21
627.7677669529658
 31
0.0
  0
SOLID
  5
29A3
330
93B
100
AcDbEntity
  8
Dimensions
 62
     0
440
 16777216
100
AcDbTrace
 10
2958.830155421881
 20
622.7590939195622
 30
0.0
 11
2958.240899770893
 21
622.1698382685736
 31
0.0
 12
2956.76776064342
 22
624.2322330470337
 32
0.0
 13
2956.76776064342
 23
624.2322330470337
 33
0.0
  0
SOLID
  5
29A4
330
93B
100
AcDbEntity
  8
Dimensions
 62
     0
440
 16777216
100
AcDbTrace
 10
2951.759087610015
 20
629.8301617314262
 30
0.0
 11
2951.169831959027
 21
629.2409060804375
 31
0.0
 12
2953.232226737488
 22
627.7677669529658
 32
0.0
 13
2953.232226737488
 23
627.7677669529658
 33
0.0
  0
POINT
  5
29A5
330
93B
100
AcDbEntity
  8
Defpoints
 62
     0
440
 16777216
100
AcDbPoint
 10
2953.232226737488
 20
627.7677669529658
 30
0.0
  0
POINT
  5
29A6
330
93B
100
AcDbEntity
  8
Defpoints
 62
     0
440
 16777216
100
AcDbPoint
 10
2956.76776064342
 20
624.2322330470337
 30
0.0
  0
ENDBLK
  5
93D
330
93B
100
AcDbEntity
  8
0
100
AcDbBlockEnd
  0
BLOCK
  5
AF2
330
AF1
100
AcDbEntity
  8
0
100
AcDbBlockBegin
  2
*D44
 70
     1
 10
0.0
 20
0.0
 30
0.0
  3
*D44
  1

  0
LINE
  5
462B
330
AF1
100
AcDbEntity
  8
Dimension2
 62
     0
440
 16777216
370
    -2
100
AcDbLine
 10
2498.999993690454
 20
495.6249999999999
 30
0.0
 11
2498.999993690454
 21
506.25
 31
0.0
  0
LINE
  5
462C
330
AF1
100
AcDbEntity
  8
Dimension2
 62
     0
440
 16777216
370
    -2
100
AcDbLine
 10
2488.999993690454
 20
35.625
 30
0.0
 11
2488.999993690454
 21
506.25
 31
0.0
  0
LINE
  5
462D
330
AF1
100
AcDbEntity
  8
Dimension2
 62
     0
440
 16777216
370
    -2
100
AcDbLine
 10
2496.499993690454
 20
505.0
 30
0.0
 11
2491.499993690454
 21
505.0
 31
0.0
  0
SOLID
  5
462E
330
AF1
100
AcDbEntity
  8
Dimension2
 62
     0
440
 16777216
100
AcDbTrace
 10
2496.499993690454
 20
505.4166666666667
 30
0.0
 11
2496.499993690454
 21
504.5833333333333
 31
0.0
 12
2498.999993690454
 22
505.0
 32
0.0
 13
2498.999993690454
 23
505.0
 33
0.0
  0
SOLID
  5
462F
330
AF1
100
AcDbEntity
  8
Dimension2
 62
     0
440
 16777216
100
AcDbTrace
 10
2491.499993690454
 20
505.4166666666667
 30
0.0
 11
2491.499993690454
 21
504.5833333333333
 31
0.0
 12
2488.999993690454
 22
505.0
 32
0.0
 13
2488.999993690454
 23
505.0
 33
0.0
  0
MTEXT
  5
4630
330
AF1
100
AcDbEntity
  8
Dimension2
 62
     0
440
 16777216
100
AcDbMText
 10
2493.999993690454
 20
506.875
 30
0.0
 40
2.5
 41
0.0
 46
0.0
 71
     5
 72
     1
  1
10
 73
     1
 44
1.0
  0
POINT
  5
4631
330
AF1
100
AcDbEntity
  8
Defpoints
 62
     0
440
 16777216
100
AcDbPoint
 10
2498.999993690454
 20
495.0
 30
0.0
  0
POINT
  5
4632
330
AF1
100
AcDbEntity
  8
Defpoints
 62
     0
440
 16777216
100
AcDbPoint
 10
2488.999993690454
 20
35.0
 30
0.0
  0
POINT
  5
4633
330
AF1
100
AcDbEntity
  8
Defpoints
 62
     0
440
 16777216
100
AcDbPoint
 10
2488.999993690454
 20
505.0
 30
0.0
  0
ENDBLK
  5
AF3
330
AF1
100
AcDbEntity
  8
0
100
AcDbBlockEnd
  0
BLOCK
  5
B40
330
B3F
100
AcDbEntity
  8
0
100
AcDbBlockBegin
  2
*D45
 70
     1
 10
0.0
 20
0.0
 30
0.0
  3
*D45
  1

  0
LINE
  5
4622
330
B3F
100
AcDbEntity
  8
Dimension2
 62
     0
440
 16777216
370
    -2
100
AcDbLine
 10
2019.624993690455
 20
485.0000000000002
 30
0.0
 11
2510.250000000002
 21
485.0000000000003
 31
0.0
  0
LINE
  5
4623
330
B3F
100
AcDbEntity
  8
Dimension2
 62
     0
440
 16777216
370
    -2
100
AcDbLine
 10
2499.624993690455
 20
495.0000000000001
 30
0.0
 11
2510.250000000002
 21
495.0000000000001
 31
0.0
  0
LINE
  5
4624
330
B3F
100
AcDbEntity
  8
Dimension2
 62
     0
440
 16777216
370
    -2
100
AcDbLine
 10
2509.000000000002
 20
487.5000000000002
 30
0.0
 11
2509.000000000002
 21
492.5000000000002
 31
0.0
  0
SOLID
  5
4625
330
B3F
100
AcDbEntity
  8
Dimension2
 62
     0
440
 16777216
100
AcDbTrace
 10
2508.583333333336
 20
487.5000000000002
 30
0.0
 11
2509.416666666668
 21
487.5000000000002
 31
0.0
 12
2509.000000000002
 22
485.0000000000003
 32
0.0
 13
2509.000000000002
 23
485.0000000000003
 33
0.0
  0
SOLID
  5
4626
330
B3F
100
AcDbEntity
  8
Dimension2
 62
     0
440
 16777216
100
AcDbTrace
 10
2508.583333333336
 20
492.5000000000002
 30
0.0
 11
2509.416666666668
 21
492.5000000000002
 31
0.0
 12
2509.000000000002
 22
495.0000000000001
 32
0.0
 13
2509.000000000002
 23
495.0000000000001
 33
0.0
  0
MTEXT
  5
4627
330
B3F
100
AcDbEntity
  8
Dimension2
 62
     0
440
 16777216
100
AcDbMText
 10
2507.125000000002
 20
489.9999999999994
 30
0.0
 40
2.5
 41
0.0
 46
0.0
 71
     5
 72
     1
  1
10
 11
0.0000000000000001
 21
1.0
 31
0.0
 73
     1
 44
1.0
  0
POINT
  5
4628
330
B3F
100
AcDbEntity
  8
Defpoints
 62
     0
440
 16777216
100
AcDbPoint
 10
2018.999993690455
 20
485.0000000000002
 30
0.0
  0
POINT
  5
4629
330
B3F
100
AcDbEntity
  8
Defpoints
 62
     0
440
 16777216
100
AcDbPoint
 10
2498.999993690456
 20
495.0000000000001
 30
0.0
  0
POINT
  5
462A
330
B3F
100
AcDbEntity
  8
Defpoints
 62
     0
440
 16777216
100
AcDbPoint
 10
2509.000000000002
 20
495.0000000000001
 30
0.0
  0
ENDBLK
  5
B41
330
B3F
100
AcDbEntity
  8
0
100
AcDbBlockEnd
  0
BLOCK
  5
B68
330
B67
100
AcDbEntity
  8
0
100
AcDbBlockBegin
  2
*D46
 70
     1
 10
0.0
 20
0.0
 30
0.0
  3
*D46
  1

  0
LINE
  5
465D
330
B67
100
AcDbEntity
  8
Dimension2
 62
     0
440
 16777216
370
    -2
100
AcDbLine
 10
2488.375000000001
 20
35.00000000000002
 30
0.0
 11
1997.749993690456
 21
34.99999999999993
 31
0.0
  0
LINE
  5
465E
330
B67
100
AcDbEntity
  8
Dimension2
 62
     0
440
 16777216
370
    -2
100
AcDbLine
 10
2008.374993690455
 20
25.00000000000002
 30
0.0
 11
1997.749993690456
 21
25.00000000000001
 31
0.0
  0
LINE
  5
465F
330
B67
100
AcDbEntity
  8
Dimension2
 62
     0
440
 16777216
370
    -2
100
AcDbLine
 10
1998.999993690456
 20
32.49999999999993
 30
0.0
 11
1998.999993690456
 21
27.50000000000001
 31
0.0
  0
SOLID
  5
4660
330
B67
100
AcDbEntity
  8
Dimension2
 62
     0
440
 16777216
100
AcDbTrace
 10
1998.583327023789
 20
32.49999999999993
 30
0.0
 11
1999.416660357123
 21
32.49999999999993
 31
0.0
 12
1998.999993690456
 22
34.99999999999993
 32
0.0
 13
1998.999993690456
 23
34.99999999999993
 33
0.0
  0
SOLID
  5
4661
330
B67
100
AcDbEntity
  8
Dimension2
 62
     0
440
 16777216
100
AcDbTrace
 10
1998.583327023789
 20
27.50000000000001
 30
0.0
 11
1999.416660357123
 21
27.50000000000001
 31
0.0
 12
1998.999993690456
 22
25.00000000000001
 32
0.0
 13
1998.999993690456
 23
25.00000000000001
 33
0.0
  0
MTEXT
  5
4662
330
B67
100
AcDbEntity
  8
Dimension2
 62
     0
440
 16777216
100
AcDbMText
 10
1997.124993690455
 20
29.9999999999994
 30
0.0
 40
2.5
 41
0.0
 46
0.0
 71
     5
 72
     1
  1
10
 11
0.0000000000000001
 21
1.0
 31
0.0
 73
     1
 44
1.0
  0
POINT
  5
4663
330
B67
100
AcDbEntity
  8
Defpoints
 62
     0
440
 16777216
100
AcDbPoint
 10
2489.000000000001
 20
35.00000000000002
 30
0.0
  0
POINT
  5
4664
330
B67
100
AcDbEntity
  8
Defpoints
 62
     0
440
 16777216
100
AcDbPoint
 10
2008.999993690455
 20
25.00000000000002
 30
0.0
  0
POINT
  5
4665
330
B67
100
AcDbEntity
  8
Defpoints
 62
     0
440
 16777216
100
AcDbPoint
 10
1998.999993690456
 20
25.00000000000001
 30
0.0
  0
ENDBLK
  5
B69
330
B67
100
AcDbEntity
  8
0
100
AcDbBlockEnd
  0
BLOCK
  5
B7E
330
B7D
100
AcDbEntity
  8
0
100
AcDbBlockBegin
  2
*D47
 70
     1
 10
0.0
 20
0.0
 30
0.0
  3
*D47
  1

  0
LINE
  5
4666
330
B7D
100
AcDbEntity
  8
Dimension2
 62
     0
440
 16777216
370
    -2
100
AcDbLine
 10
2008.999993690455
 20
24.375
 30
0.0
 11
2008.999993690455
 21
13.75
 31
0.0
  0
LINE
  5
4667
330
B7D
100
AcDbEntity
  8
Dimension2
 62
     0
440
 16777216
370
    -2
100
AcDbLine
 10
2018.999993690454
 20
484.375
 30
0.0
 11
2018.999993690454
 21
13.75
 31
0.0
  0
LINE
  5
4668
330
B7D
100
AcDbEntity
  8
Dimension2
 62
     0
440
 16777216
370
    -2
100
AcDbLine
 10
2011.499993690454
 20
15.0
 30
0.0
 11
2016.499993690454
 21
15.0
 31
0.0
  0
SOLID
  5
4669
330
B7D
100
AcDbEntity
  8
Dimension2
 62
     0
440
 16777216
100
AcDbTrace
 10
2011.499993690454
 20
15.41666666666666
 30
0.0
 11
2011.499993690454
 21
14.58333333333333
 31
0.0
 12
2008.999993690455
 22
15.0
 32
0.0
 13
2008.999993690455
 23
15.0
 33
0.0
  0
SOLID
  5
466A
330
B7D
100
AcDbEntity
  8
Dimension2
 62
     0
440
 16777216
100
AcDbTrace
 10
2016.499993690454
 20
15.41666666666666
 30
0.0
 11
2016.499993690454
 21
14.58333333333333
 31
0.0
 12
2018.999993690454
 22
15.0
 32
0.0
 13
2018.999993690454
 23
15.0
 33
0.0
  0
MTEXT
  5
466B
330
B7D
100
AcDbEntity
  8
Dimension2
 62
     0
440
 16777216
100
AcDbMText
 10
2013.999993690454
 20
16.875
 30
0.0
 40
2.5
 41
0.0
 46
0.0
 71
     5
 72
     1
  1
10
 73
     1
 44
1.0
  0
POINT
  5
466C
330
B7D
100
AcDbEntity
  8
Defpoints
 62
     0
440
 16777216
100
AcDbPoint
 10
2008.999993690455
 20
25.0
 30
0.0
  0
POINT
  5
466D
330
B7D
100
AcDbEntity
  8
Defpoints
 62
     0
440
 16777216
100
AcDbPoint
 10
2018.999993690454
 20
485.0
 30
0.0
  0
POINT
  5
466E
330
B7D
100
AcDbEntity
  8
Defpoints
 62
     0
440
 16777216
100
AcDbPoint
 10
2018.999993690454
 20
15.0
 30
0.0
  0
ENDBLK
  5
B7F
330
B7D
100
AcDbEntity
  8
0
100
AcDbBlockEnd
  0
BLOCK
  5
BFE
330
BFD
100
AcDbEntity
  8
0
100
AcDbBlockBegin
  2
*D48
 70
     1
 10
0.0
 20
0.0
 30
0.0
  3
*D48
  1

  0
LINE
  5
44C7
330
BFD
100
AcDbEntity
  8
Dimension2
 62
     0
440
 16777216
370
    -2
100
AcDbLine
 10
2008.999993690455
 20
24.375
 30
0.0
 11
2008.999993690455
 21
3.749999999999992
 31
0.0
  0
LINE
  5
44C8
330
BFD
100
AcDbEntity
  8
Dimension2
 62
     0
440
 16777216
370
    -2
100
AcDbLine
 10
2033.999993690454
 20
104.375
 30
0.0
 11
2033.999993690454
 21
3.75
 31
0.0
  0
LINE
  5
44C9
330
BFD
100
AcDbEntity
  8
Dimension2
 62
     0
440
 16777216
370
    -2
100
AcDbLine
 10
2011.499993690454
 20
4.999999999999994
 30
0.0
 11
2031.499993690454
 21
4.999999999999994
 31
0.0
  0
SOLID
  5
44CA
330
BFD
100
AcDbEntity
  8
Dimension2
 62
     0
440
 16777216
100
AcDbTrace
 10
2011.499993690454
 20
5.416666666666661
 30
0.0
 11
2011.499993690454
 21
4.583333333333327
 31
0.0
 12
2008.999993690455
 22
4.999999999999994
 32
0.0
 13
2008.999993690455
 23
4.999999999999994
 33
0.0
  0
SOLID
  5
44CB
330
BFD
100
AcDbEntity
  8
Dimension2
 62
     0
440
 16777216
100
AcDbTrace
 10
2031.499993690454
 20
5.416666666666661
 30
0.0
 11
2031.499993690454
 21
4.583333333333327
 31
0.0
 12
2033.999993690454
 22
4.999999999999994
 32
0.0
 13
2033.999993690454
 23
4.999999999999994
 33
0.0
  0
MTEXT
  5
44CC
330
BFD
100
AcDbEntity
  8
Dimension2
 62
     0
440
 16777216
100
AcDbMText
 10
2021.499993690454
 20
6.874999999999994
 30
0.0
 40
2.5
 41
0.0
 46
0.0
 71
     5
 72
     1
  1
25
 73
     1
 44
1.0
  0
POINT
  5
44CD
330
BFD
100
AcDbEntity
  8
Defpoints
 62
     0
440
 16777216
100
AcDbPoint
 10
2008.999993690455
 20
25.0
 30
0.0
  0
POINT
  5
44CE
330
BFD
100
AcDbEntity
  8
Defpoints
 62
     0
440
 16777216
100
AcDbPoint
 10
2033.999993690454
 20
105.0
 30
0.0
  0
POINT
  5
44CF
330
BFD
100
AcDbEntity
  8
Defpoints
 62
     0
440
 16777216
100
AcDbPoint
 10
2033.999993690454
 20
4.999999999999994
 30
0.0
  0
ENDBLK
  5
BFF
330
BFD
100
AcDbEntity
  8
0
100
AcDbBlockEnd
  0
BLOCK
  5
C14
330
C13
100
AcDbEntity
  8
0
100
AcDbBlockBegin
  2
*D49
 70
     1
 10
0.0
 20
0.0
 30
0.0
  3
*D49
  1

  0
LINE
  5
44F4
330
C13
100
AcDbEntity
  8
Dimension2
 62
     0
440
 16777216
370
    -2
100
AcDbLine
 10
2008.374993690455
 20
25.00000000000002
 30
0.0
 11
1987.750000000001
 21
25.00000000000001
 31
0.0
  0
LINE
  5
44F5
330
C13
100
AcDbEntity
  8
Dimension2
 62
     0
440
 16777216
370
    -2
100
AcDbLine
 10
2033.374993690455
 20
80.00000000000003
 30
0.0
 11
1987.750000000001
 21
80.00000000000001
 31
0.0
  0
LINE
  5
44F6
330
C13
100
AcDbEntity
  8
Dimension2
 62
     0
440
 16777216
370
    -2
100
AcDbLine
 10
1989.000000000001
 20
27.50000000000001
 30
0.0
 11
1989.000000000001
 21
77.50000000000001
 31
0.0
  0
SOLID
  5
44F7
330
C13
100
AcDbEntity
  8
Dimension2
 62
     0
440
 16777216
100
AcDbTrace
 10
1988.583333333334
 20
27.50000000000001
 30
0.0
 11
1989.416666666668
 21
27.50000000000001
 31
0.0
 12
1989.000000000001
 22
25.00000000000001
 32
0.0
 13
1989.000000000001
 23
25.00000000000001
 33
0.0
  0
SOLID
  5
44F8
330
C13
100
AcDbEntity
  8
Dimension2
 62
     0
440
 16777216
100
AcDbTrace
 10
1988.583333333334
 20
77.50000000000001
 30
0.0
 11
1989.416666666668
 21
77.50000000000001
 31
0.0
 12
1989.000000000001
 22
80.00000000000001
 32
0.0
 13
1989.000000000001
 23
80.00000000000001
 33
0.0
  0
MTEXT
  5
44F9
330
C13
100
AcDbEntity
  8
Dimension2
 62
     0
440
 16777216
100
AcDbMText
 10
1987.125
 20
52.49999999999944
 30
0.0
 40
2.5
 41
0.0
 46
0.0
 71
     5
 72
     1
  1
55
 11
0.0000000000000001
 21
1.0
 31
0.0
 73
     1
 44
1.0
  0
POINT
  5
44FA
330
C13
100
AcDbEntity
  8
Defpoints
 62
     0
440
 16777216
100
AcDbPoint
 10
2008.999993690455
 20
25.00000000000002
 30
0.0
  0
POINT
  5
44FB
330
C13
100
AcDbEntity
  8
Defpoints
 62
     0
440
 16777216
100
AcDbPoint
 10
2033.999993690455
 20
80.00000000000003
 30
0.0
  0
POINT
  5
44FC
330
C13
100
AcDbEntity
  8
Defpoints
 62
     0
440
 16777216
100
AcDbPoint
 10
1989.000000000001
 20
80.00000000000001
 30
0.0
  0
ENDBLK
  5
C15
330
C13
100
AcDbEntity
  8
0
100
AcDbBlockEnd
  0
BLOCK
  5
C2A
330
C29
100
AcDbEntity
  8
0
100
AcDbBlockBegin
  2
*D50
 70
     1
 10
0.0
 20
0.0
 30
0.0
  3
*D50
  1

  0
LINE
  5
44FD
330
C29
100
AcDbEntity
  8
Dimension2
 62
     0
440
 16777216
370
    -2
100
AcDbLine
 10
2033.374993690455
 20
80.00000000000003
 30
0.0
 11
1987.750000000001
 21
80.00000000000001
 31
0.0
  0
LINE
  5
44FE
330
C29
100
AcDbEntity
  8
Dimension2
 62
     0
440
 16777216
370
    -2
100
AcDbLine
 10
2033.374993690455
 20
105.0
 30
0.0
 11
1987.750000000001
 21
105.0
 31
0.0
  0
LINE
  5
44FF
330
C29
100
AcDbEntity
  8
Dimension2
 62
     0
440
 16777216
370
    -2
100
AcDbLine
 10
1989.000000000001
 20
82.50000000000001
 30
0.0
 11
1989.000000000001
 21
102.5
 31
0.0
  0
SOLID
  5
4500
330
C29
100
AcDbEntity
  8
Dimension2
 62
     0
440
 16777216
100
AcDbTrace
 10
1988.583333333334
 20
82.50000000000001
 30
0.0
 11
1989.416666666668
 21
82.50000000000001
 31
0.0
 12
1989.000000000001
 22
80.00000000000001
 32
0.0
 13
1989.000000000001
 23
80.00000000000001
 33
0.0
  0
SOLID
  5
4501
330
C29
100
AcDbEntity
  8
Dimension2
 62
     0
440
 16777216
100
AcDbTrace
 10
1988.583333333334
 20
102.5
 30
0.0
 11
1989.416666666668
 21
102.5
 31
0.0
 12
1989.000000000001
 22
105.0
 32
0.0
 13
1989.000000000001
 23
105.0
 33
0.0
  0
MTEXT
  5
4502
330
C29
100
AcDbEntity
  8
Dimension2
 62
     0
440
 16777216
100
AcDbMText
 10
1987.125
 20
92.49999999999944
 30
0.0
 40
2.5
 41
0.0
 46
0.0
 71
     5
 72
     1
  1
25
 11
0.0000000000000001
 21
1.0
 31
0.0
 73
     1
 44
1.0
  0
POINT
  5
4503
330
C29
100
AcDbEntity
  8
Defpoints
 62
     0
440
 16777216
100
AcDbPoint
 10
2033.999993690455
 20
80.00000000000003
 30
0.0
  0
POINT
  5
4504
330
C29
100
AcDbEntity
  8
Defpoints
 62
     0
440
 16777216
100
AcDbPoint
 10
2033.999993690455
 20
105.0
 30
0.0
  0
POINT
  5
4505
330
C29
100
AcDbEntity
  8
Defpoints
 62
     0
440
 16777216
100
AcDbPoint
 10
1989.000000000001
 20
105.0
 30
0.0
  0
ENDBLK
  5
C2B
330
C29
100
AcDbEntity
  8
0
100
AcDbBlockEnd
  0
BLOCK
  5
C42
330
C41
100
AcDbEntity
  8
0
100
AcDbBlockBegin
  2
*D51
 70
     1
 10
0.0
 20
0.0
 30
0.0
  3
*D51
  1

  0
LINE
  5
44BE
330
C41
100
AcDbEntity
  8
Dimension2
 62
     0
440
 16777216
370
    -2
100
AcDbLine
 10
2033.999993690454
 20
24.375
 30
0.0
 11
2033.999993690454
 21
3.749999999999992
 31
0.0
  0
LINE
  5
44BF
330
C41
100
AcDbEntity
  8
Dimension2
 62
     0
440
 16777216
370
    -2
100
AcDbLine
 10
2073.999993690454
 20
109.375
 30
0.0
 11
2073.999993690454
 21
3.75
 31
0.0
  0
LINE
  5
44C0
330
C41
100
AcDbEntity
  8
Dimension2
 62
     0
440
 16777216
370
    -2
100
AcDbLine
 10
2036.499993690454
 20
4.999999999999994
 30
0.0
 11
2071.499993690455
 21
4.999999999999994
 31
0.0
  0
SOLID
  5
44C1
330
C41
100
AcDbEntity
  8
Dimension2
 62
     0
440
 16777216
100
AcDbTrace
 10
2036.499993690454
 20
5.416666666666661
 30
0.0
 11
2036.499993690454
 21
4.583333333333327
 31
0.0
 12
2033.999993690454
 22
4.999999999999994
 32
0.0
 13
2033.999993690454
 23
4.999999999999994
 33
0.0
  0
SOLID
  5
44C2
330
C41
100
AcDbEntity
  8
Dimension2
 62
     0
440
 16777216
100
AcDbTrace
 10
2071.499993690455
 20
5.416666666666661
 30
0.0
 11
2071.499993690455
 21
4.583333333333327
 31
0.0
 12
2073.999993690454
 22
4.999999999999994
 32
0.0
 13
2073.999993690454
 23
4.999999999999994
 33
0.0
  0
MTEXT
  5
44C3
330
C41
100
AcDbEntity
  8
Dimension2
 62
     0
440
 16777216
100
AcDbMText
 10
2053.999993690454
 20
6.874999999999994
 30
0.0
 40
2.5
 41
0.0
 46
0.0
 71
     5
 72
     1
  1
40
 73
     1
 44
1.0
  0
POINT
  5
44C4
330
C41
100
AcDbEntity
  8
Defpoints
 62
     0
440
 16777216
100
AcDbPoint
 10
2033.999993690454
 20
25.0
 30
0.0
  0
POINT
  5
44C5
330
C41
100
AcDbEntity
  8
Defpoints
 62
     0
440
 16777216
100
AcDbPoint
 10
2073.999993690454
 20
110.0
 30
0.0
  0
POINT
  5
44C6
330
C41
100
AcDbEntity
  8
Defpoints
 62
     0
440
 16777216
100
AcDbPoint
 10
2073.999993690454
 20
4.999999999999994
 30
0.0
  0
ENDBLK
  5
C43
330
C41
100
AcDbEntity
  8
0
100
AcDbBlockEnd
  0
BLOCK
  5
C58
330
C57
100
AcDbEntity
  8
0
100
AcDbBlockBegin
  2
*D52
 70
     1
 10
0.0
 20
0.0
 30
0.0
  3
*D52
  1

  0
LINE
  5
4506
330
C57
100
AcDbEntity
  8
Dimension2
 62
     0
440
 16777216
370
    -2
100
AcDbLine
 10
2008.374993690455
 20
25.00000000000002
 30
0.0
 11
1977.750000000001
 21
25.00000000000001
 31
0.0
  0
LINE
  5
4507
330
C57
100
AcDbEntity
  8
Dimension2
 62
     0
440
 16777216
370
    -2
100
AcDbLine
 10
2214.374993690455
 20
40.00000000000001
 30
0.0
 11
1977.750000000001
 21
39.99999999999998
 31
0.0
  0
LINE
  5
4508
330
C57
100
AcDbEntity
  8
Dimension2
 62
     0
440
 16777216
370
    -2
100
AcDbLine
 10
1979.000000000001
 20
27.50000000000001
 30
0.0
 11
1979.000000000001
 21
37.49999999999998
 31
0.0
  0
SOLID
  5
4509
330
C57
100
AcDbEntity
  8
Dimension2
 62
     0
440
 16777216
100
AcDbTrace
 10
1978.583333333334
 20
27.50000000000001
 30
0.0
 11
1979.416666666667
 21
27.50000000000001
 31
0.0
 12
1979.000000000001
 22
25.00000000000001
 32
0.0
 13
1979.000000000001
 23
25.00000000000001
 33
0.0
  0
SOLID
  5
450A
330
C57
100
AcDbEntity
  8
Dimension2
 62
     0
440
 16777216
100
AcDbTrace
 10
1978.583333333334
 20
37.49999999999998
 30
0.0
 11
1979.416666666667
 21
37.49999999999998
 31
0.0
 12
1979.000000000001
 22
39.99999999999998
 32
0.0
 13
1979.000000000001
 23
39.99999999999998
 33
0.0
  0
MTEXT
  5
450B
330
C57
100
AcDbEntity
  8
Dimension2
 62
     0
440
 16777216
100
AcDbMText
 10
1977.125
 20
32.49999999999943
 30
0.0
 40
2.5
 41
0.0
 46
0.0
 71
     5
 72
     1
  1
15
 11
0.0000000000000001
 21
1.0
 31
0.0
 73
     1
 44
1.0
  0
POINT
  5
450C
330
C57
100
AcDbEntity
  8
Defpoints
 62
     0
440
 16777216
100
AcDbPoint
 10
2008.999993690455
 20
25.00000000000002
 30
0.0
  0
POINT
  5
450D
330
C57
100
AcDbEntity
  8
Defpoints
 62
     0
440
 16777216
100
AcDbPoint
 10
2214.999993690455
 20
40.00000000000001
 30
0.0
  0
POINT
  5
450E
330
C57
100
AcDbEntity
  8
Defpoints
 62
     0
440
 16777216
100
AcDbPoint
 10
1979.000000000001
 20
39.99999999999998
 30
0.0
  0
ENDBLK
  5
C59
330
C57
100
AcDbEntity
  8
0
100
AcDbBlockEnd
  0
BLOCK
  5
C6E
330
C6D
100
AcDbEntity
  8
0
100
AcDbBlockBegin
  2
*D53
 70
     1
 10
0.0
 20
0.0
 30
0.0
  3
*D53
  1

  0
LINE
  5
450F
330
C6D
100
AcDbEntity
  8
Dimension2
 62
     0
440
 16777216
370
    -2
100
AcDbLine
 10
2008.374993690455
 20
40.00000000000001
 30
0.0
 11
1977.750000000001
 21
40.0
 31
0.0
  0
LINE
  5
4510
330
C6D
100
AcDbEntity
  8
Dimension2
 62
     0
440
 16777216
370
    -2
100
AcDbLine
 10
2214.374993690455
 20
110.0
 30
0.0
 11
1977.750000000001
 21
110.0
 31
0.0
  0
LINE
  5
4511
330
C6D
100
AcDbEntity
  8
Dimension2
 62
     0
440
 16777216
370
    -2
100
AcDbLine
 10
1979.000000000001
 20
42.5
 30
0.0
 11
1979.000000000001
 21
107.5
 31
0.0
  0
SOLID
  5
4512
330
C6D
100
AcDbEntity
  8
Dimension2
 62
     0
440
 16777216
100
AcDbTrace
 10
1978.583333333334
 20
42.5
 30
0.0
 11
1979.416666666667
 21
42.5
 31
0.0
 12
1979.000000000001
 22
40.0
 32
0.0
 13
1979.000000000001
 23
40.0
 33
0.0
  0
SOLID
  5
4513
330
C6D
100
AcDbEntity
  8
Dimension2
 62
     0
440
 16777216
100
AcDbTrace
 10
1978.583333333334
 20
107.5
 30
0.0
 11
1979.416666666667
 21
107.5
 31
0.0
 12
1979.000000000001
 22
110.0
 32
0.0
 13
1979.000000000001
 23
110.0
 33
0.0
  0
MTEXT
  5
4514
330
C6D
100
AcDbEntity
  8
Dimension2
 62
     0
440
 16777216
100
AcDbMText
 10
1977.125
 20
74.99999999999942
 30
0.0
 40
2.5
 41
0.0
 46
0.0
 71
     5
 72
     1
  1
70
 11
0.0000000000000001
 21
1.0
 31
0.0
 73
     1
 44
1.0
  0
POINT
  5
4515
330
C6D
100
AcDbEntity
  8
Defpoints
 62
     0
440
 16777216
100
AcDbPoint
 10
2008.999993690455
 20
40.00000000000001
 30
0.0
  0
POINT
  5
4516
330
C6D
100
AcDbEntity
  8
Defpoints
 62
     0
440
 16777216
100
AcDbPoint
 10
2214.999993690455
 20
110.0
 30
0.0
  0
POINT
  5
4517
330
C6D
100
AcDbEntity
  8
Defpoints
 62
     0
440
 16777216
100
AcDbPoint
 10
1979.000000000001
 20
110.0
 30
0.0
  0
ENDBLK
  5
C6F
330
C6D
100
AcDbEntity
  8
0
100
AcDbBlockEnd
  0
BLOCK
  5
C8E
330
C8D
100
AcDbEntity
  8
0
100
AcDbBlockBegin
  2
*D54
 70
     1
 10
0.0
 20
0.0
 30
0.0
  3
*D54
  1

  0
LINE
  5
44D0
330
C8D
100
AcDbEntity
  8
Dimension2
 62
     0
440
 16777216
370
    -2
100
AcDbLine
 10
2073.999993690454
 20
24.375
 30
0.0
 11
2073.999993690454
 21
3.749999999999992
 31
0.0
  0
LINE
  5
44D1
330
C8D
100
AcDbEntity
  8
Dimension2
 62
     0
440
 16777216
370
    -2
100
AcDbLine
 10
2120.999993690454
 20
109.375
 30
0.0
 11
2120.999993690454
 21
3.75
 31
0.0
  0
LINE
  5
44D2
330
C8D
100
AcDbEntity
  8
Dimension2
 62
     0
440
 16777216
370
    -2
100
AcDbLine
 10
2076.499993690454
 20
4.999999999999994
 30
0.0
 11
2118.499993690454
 21
4.999999999999994
 31
0.0
  0
SOLID
  5
44D3
330
C8D
100
AcDbEntity
  8
Dimension2
 62
     0
440
 16777216
100
AcDbTrace
 10
2076.499993690454
 20
5.416666666666661
 30
0.0
 11
2076.499993690454
 21
4.583333333333327
 31
0.0
 12
2073.999993690454
 22
4.999999999999994
 32
0.0
 13
2073.999993690454
 23
4.999999999999994
 33
0.0
  0
SOLID
  5
44D4
330
C8D
100
AcDbEntity
  8
Dimension2
 62
     0
440
 16777216
100
AcDbTrace
 10
2118.499993690454
 20
5.416666666666661
 30
0.0
 11
2118.499993690454
 21
4.583333333333327
 31
0.0
 12
2120.999993690454
 22
4.999999999999994
 32
0.0
 13
2120.999993690454
 23
4.999999999999994
 33
0.0
  0
MTEXT
  5
44D5
330
C8D
100
AcDbEntity
  8
Dimension2
 62
     0
440
 16777216
100
AcDbMText
 10
2097.499993690454
 20
6.874999999999994
 30
0.0
 40
2.5
 41
0.0
 46
0.0
 71
     5
 72
     1
  1
47
 73
     1
 44
1.0
  0
POINT
  5
44D6
330
C8D
100
AcDbEntity
  8
Defpoints
 62
     0
440
 16777216
100
AcDbPoint
 10
2073.999993690454
 20
25.0
 30
0.0
  0
POINT
  5
44D7
330
C8D
100
AcDbEntity
  8
Defpoints
 62
     0
440
 16777216
100
AcDbPoint
 10
2120.999993690454
 20
110.0
 30
0.0
  0
POINT
  5
44D8
330
C8D
100
AcDbEntity
  8
Defpoints
 62
     0
440
 16777216
100
AcDbPoint
 10
2120.999993690454
 20
4.999999999999994
 30
0.0
  0
ENDBLK
  5
C8F
330
C8D
100
AcDbEntity
  8
0
100
AcDbBlockEnd
  0
BLOCK
  5
CA4
330
CA3
100
AcDbEntity
  8
0
100
AcDbBlockBegin
  2
*D55
 70
     1
 10
0.0
 20
0.0
 30
0.0
  3
*D55
  1

  0
LINE
  5
44D9
330
CA3
100
AcDbEntity
  8
Dimension2
 62
     0
440
 16777216
370
    -2
100
AcDbLine
 10
2120.999993690454
 20
24.375
 30
0.0
 11
2120.999993690454
 21
3.75
 31
0.0
  0
LINE
  5
44DA
330
CA3
100
AcDbEntity
  8
Dimension2
 62
     0
440
 16777216
370
    -2
100
AcDbLine
 10
2167.999993690454
 20
109.375
 30
0.0
 11
2167.999993690454
 21
3.75
 31
0.0
  0
LINE
  5
44DB
330
CA3
100
AcDbEntity
  8
Dimension2
 62
     0
440
 16777216
370
    -2
100
AcDbLine
 10
2123.499993690455
 20
5.0
 30
0.0
 11
2165.499993690454
 21
5.0
 31
0.0
  0
SOLID
  5
44DC
330
CA3
100
AcDbEntity
  8
Dimension2
 62
     0
440
 16777216
100
AcDbTrace
 10
2123.499993690455
 20
5.416666666666666
 30
0.0
 11
2123.499993690455
 21
4.583333333333333
 31
0.0
 12
2120.999993690454
 22
5.0
 32
0.0
 13
2120.999993690454
 23
5.0
 33
0.0
  0
SOLID
  5
44DD
330
CA3
100
AcDbEntity
  8
Dimension2
 62
     0
440
 16777216
100
AcDbTrace
 10
2165.499993690454
 20
5.416666666666666
 30
0.0
 11
2165.499993690454
 21
4.583333333333333
 31
0.0
 12
2167.999993690454
 22
5.0
 32
0.0
 13
2167.999993690454
 23
5.0
 33
0.0
  0
MTEXT
  5
44DE
330
CA3
100
AcDbEntity
  8
Dimension2
 62
     0
440
 16777216
100
AcDbMText
 10
2144.499993690454
 20
6.875
 30
0.0
 40
2.5
 41
0.0
 46
0.0
 71
     5
 72
     1
  1
47
 73
     1
 44
1.0
  0
POINT
  5
44DF
330
CA3
100
AcDbEntity
  8
Defpoints
 62
     0
440
 16777216
100
AcDbPoint
 10
2120.999993690454
 20
25.0
 30
0.0
  0
POINT
  5
44E0
330
CA3
100
AcDbEntity
  8
Defpoints
 62
     0
440
 16777216
100
AcDbPoint
 10
2167.999993690454
 20
110.0
 30
0.0
  0
POINT
  5
44E1
330
CA3
100
AcDbEntity
  8
Defpoints
 62
     0
440
 16777216
100
AcDbPoint
 10
2167.999993690454
 20
5.0
 30
0.0
  0
ENDBLK
  5
CA5
330
CA3
100
AcDbEntity
  8
0
100
AcDbBlockEnd
  0
BLOCK
  5
CBA
330
CB9
100
AcDbEntity
  8
0
100
AcDbBlockBegin
  2
*D56
 70
     1
 10
0.0
 20
0.0
 30
0.0
  3
*D56
  1

  0
LINE
  5
44E2
330
CB9
100
AcDbEntity
  8
Dimension2
 62
     0
440
 16777216
370
    -2
100
AcDbLine
 10
2167.999993690454
 20
24.375
 30
0.0
 11
2167.999993690454
 21
3.75
 31
0.0
  0
LINE
  5
44E3
330
CB9
100
AcDbEntity
  8
Dimension2
 62
     0
440
 16777216
370
    -2
100
AcDbLine
 10
2214.999993690454
 20
109.375
 30
0.0
 11
2214.999993690454
 21
3.75
 31
0.0
  0
LINE
  5
44E4
330
CB9
100
AcDbEntity
  8
Dimension2
 62
     0
440
 16777216
370
    -2
100
AcDbLine
 10
2170.499993690454
 20
5.0
 30
0.0
 11
2212.499993690454
 21
5.0
 31
0.0
  0
SOLID
  5
44E5
330
CB9
100
AcDbEntity
  8
Dimension2
 62
     0
440
 16777216
100
AcDbTrace
 10
2170.499993690454
 20
5.416666666666666
 30
0.0
 11
2170.499993690454
 21
4.583333333333333
 31
0.0
 12
2167.999993690454
 22
5.0
 32
0.0
 13
2167.999993690454
 23
5.0
 33
0.0
  0
SOLID
  5
44E6
330
CB9
100
AcDbEntity
  8
Dimension2
 62
     0
440
 16777216
100
AcDbTrace
 10
2212.499993690454
 20
5.416666666666666
 30
0.0
 11
2212.499993690454
 21
4.583333333333333
 31
0.0
 12
2214.999993690454
 22
5.0
 32
0.0
 13
2214.999993690454
 23
5.0
 33
0.0
  0
MTEXT
  5
44E7
330
CB9
100
AcDbEntity
  8
Dimension2
 62
     0
440
 16777216
100
AcDbMText
 10
2191.499993690454
 20
6.875
 30
0.0
 40
2.5
 41
0.0
 46
0.0
 71
     5
 72
     1
  1
47
 73
     1
 44
1.0
  0
POINT
  5
44E8
330
CB9
100
AcDbEntity
  8
Defpoints
 62
     0
440
 16777216
100
AcDbPoint
 10
2167.999993690454
 20
25.0
 30
0.0
  0
POINT
  5
44E9
330
CB9
100
AcDbEntity
  8
Defpoints
 62
     0
440
 16777216
100
AcDbPoint
 10
2214.999993690454
 20
110.0
 30
0.0
  0
POINT
  5
44EA
330
CB9
100
AcDbEntity
  8
Defpoints
 62
     0
440
 16777216
100
AcDbPoint
 10
2214.999993690454
 20
5.0
 30
0.0
  0
ENDBLK
  5
CBB
330
CB9
100
AcDbEntity
  8
0
100
AcDbBlockEnd
  0
BLOCK
  5
CE2
330
CE1
100
AcDbEntity
  8
0
100
AcDbBlockBegin
  2
*D57
 70
     1
 10
0.0
 20
0.0
 30
0.0
  3
*D57
  1

  0
LINE
  5
41FB
330
CE1
100
AcDbEntity
  8
Dimension2
 62
     0
440
 16777216
370
    -2
100
AcDbLine
 10
2022.084912824741
 20
91.91508086571241
 30
0.0
 11
2029.050246222148
 21
84.94974746830564
 31
0.0
  0
LINE
  5
41FC
330
CE1
100
AcDbEntity
  8
Dimension2
 62
     0
440
 16777216
370
    -2
100
AcDbLine
 10
2038.94974115876
 20
75.05025253169458
 30
0.0
 11
2040.717508111727
 21
73.28248557872825
 31
0.0
  0
MTEXT
  5
41FD
330
CE1
100
AcDbEntity
  8
Dimension2
 62
     0
440
 16777216
100
AcDbMText
 10
2025.325818905179
 20
91.32582521472375
 30
0.0
 40
2.5
 41
0.0
 46
0.0
 71
     5
 72
     1
  1
∅9
 11
0.7071067811865852
 21
-0.7071067811865098
 31
0.0
 73
     1
 44
1.0
  0
LINE
  5
41FE
330
CE1
100
AcDbEntity
  8
Dimension2
 62
     0
440
 16777216
370
    -2
100
AcDbLine
 10
2037.181974205794
 20
76.81801948466079
 30
0.0
 11
2030.818013175114
 21
83.18198051533943
 31
0.0
  0
SOLID
  5
41FF
330
CE1
100
AcDbEntity
  8
Dimension2
 62
     0
440
 16777216
100
AcDbTrace
 10
2039.244368984255
 20
75.34488035718903
 30
0.0
 11
2038.655113333266
 21
74.75562470620014
 31
0.0
 12
2037.181974205794
 22
76.81801948466079
 32
0.0
 13
2037.181974205794
 23
76.81801948466079
 33
0.0
  0
SOLID
  5
4200
330
CE1
100
AcDbEntity
  8
Dimension2
 62
     0
440
 16777216
100
AcDbTrace
 10
2029.344874047643
 20
85.24437529380008
 30
0.0
 11
2028.755618396654
 21
84.6551196428112
 31
0.0
 12
2030.818013175114
 22
83.18198051533943
 32
0.0
 13
2030.818013175114
 23
83.18198051533943
 33
0.0
  0
POINT
  5
4201
330
CE1
100
AcDbEntity
  8
Defpoints
 62
     0
440
 16777216
100
AcDbPoint
 10
2030.818013175114
 20
83.18198051533943
 30
0.0
  0
POINT
  5
4202
330
CE1
100
AcDbEntity
  8
Defpoints
 62
     0
440
 16777216
100
AcDbPoint
 10
2037.181974205794
 20
76.81801948466079
 30
0.0
  0
ENDBLK
  5
CE3
330
CE1
100
AcDbEntity
  8
0
100
AcDbBlockEnd
  0
BLOCK
  5
CF8
330
CF7
100
AcDbEntity
  8
0
100
AcDbBlockBegin
  2
*D58
 70
     1
 10
0.0
 20
0.0
 30
0.0
  3
*D58
  1

  0
LINE
  5
4203
330
CF7
100
AcDbEntity
  8
Dimension2
 62
     0
440
 16777216
370
    -2
100
AcDbLine
 10
2023.084912824741
 20
115.9150808657125
 30
0.0
 11
2029.050246222148
 21
109.9497474683056
 31
0.0
  0
LINE
  5
4204
330
CF7
100
AcDbEntity
  8
Dimension2
 62
     0
440
 16777216
370
    -2
100
AcDbLine
 10
2038.94974115876
 20
100.0502525316947
 30
0.0
 11
2040.717508111727
 21
98.28248557872848
 31
0.0
  0
MTEXT
  5
4205
330
CF7
100
AcDbEntity
  8
Dimension2
 62
     0
440
 16777216
100
AcDbMText
 10
2026.325818905179
 20
115.3258252147238
 30
0.0
 40
2.5
 41
0.0
 46
0.0
 71
     5
 72
     1
  1
∅9
 11
0.7071067811865916
 21
-0.7071067811865035
 31
0.0
 73
     1
 44
1.0
  0
LINE
  5
4206
330
CF7
100
AcDbEntity
  8
Dimension2
 62
     0
440
 16777216
370
    -2
100
AcDbLine
 10
2037.181974205794
 20
101.818019484661
 30
0.0
 11
2030.818013175115
 21
108.1819805153393
 31
0.0
  0
SOLID
  5
4207
330
CF7
100
AcDbEntity
  8
Dimension2
 62
     0
440
 16777216
100
AcDbTrace
 10
2039.244368984255
 20
100.3448803571891
 30
0.0
 11
2038.655113333266
 21
99.75562470620003
 31
0.0
 12
2037.181974205794
 22
101.818019484661
 32
0.0
 13
2037.181974205794
 23
101.818019484661
 33
0.0
  0
SOLID
  5
4208
330
CF7
100
AcDbEntity
  8
Dimension2
 62
     0
440
 16777216
100
AcDbTrace
 10
2029.344874047643
 20
110.2443752938001
 30
0.0
 11
2028.755618396654
 21
109.655119642811
 31
0.0
 12
2030.818013175115
 22
108.1819805153393
 32
0.0
 13
2030.818013175115
 23
108.1819805153393
 33
0.0
  0
POINT
  5
4209
330
CF7
100
AcDbEntity
  8
Defpoints
 62
     0
440
 16777216
100
AcDbPoint
 10
2030.818013175115
 20
108.1819805153393
 30
0.0
  0
POINT
  5
420A
330
CF7
100
AcDbEntity
  8
Defpoints
 62
     0
440
 16777216
100
AcDbPoint
 10
2037.181974205794
 20
101.818019484661
 30
0.0
  0
ENDBLK
  5
CF9
330
CF7
100
AcDbEntity
  8
0
100
AcDbBlockEnd
  0
BLOCK
  5
D11
330
D10
100
AcDbEntity
  8
0
100
AcDbBlockBegin
  2
*D59
 70
     1
 10
0.0
 20
0.0
 30
0.0
  3
*D59
  1

  0
LINE
  5
420B
330
D10
100
AcDbEntity
  8
Dimension2
 62
     0
440
 16777216
370
    -2
100
AcDbLine
 10
2063.084912824741
 20
120.9150808657141
 30
0.0
 11
2069.050246222148
 21
114.9497474683062
 31
0.0
  0
LINE
  5
420C
330
D10
100
AcDbEntity
  8
Dimension2
 62
     0
440
 16777216
370
    -2
100
AcDbLine
 10
2078.94974115876
 20
105.0502525316936
 30
0.0
 11
2080.717508111726
 21
103.2824855787272
 31
0.0
  0
MTEXT
  5
420D
330
D10
100
AcDbEntity
  8
Dimension2
 62
     0
440
 16777216
100
AcDbMText
 10
2066.325818905179
 20
120.3258252147251
 30
0.0
 40
2.5
 41
0.0
 46
0.0
 71
     5
 72
     1
  1
∅9
 11
0.7071067811865224
 21
-0.7071067811865727
 31
0.0
 73
     1
 44
1.0
  0
LINE
  5
420E
330
D10
100
AcDbEntity
  8
Dimension2
 62
     0
440
 16777216
370
    -2
100
AcDbLine
 10
2077.181974205793
 20
106.8180194846601
 30
0.0
 11
2070.818013175114
 21
113.1819805153398
 31
0.0
  0
SOLID
  5
420F
330
D10
100
AcDbEntity
  8
Dimension2
 62
     0
440
 16777216
100
AcDbTrace
 10
2079.244368984254
 20
105.3448803571881
 30
0.0
 11
2078.655113333265
 21
104.7556247061992
 31
0.0
 12
2077.181974205793
 22
106.8180194846601
 32
0.0
 13
2077.181974205793
 23
106.8180194846601
 33
0.0
  0
SOLID
  5
4210
330
D10
100
AcDbEntity
  8
Dimension2
 62
     0
440
 16777216
100
AcDbTrace
 10
2069.344874047642
 20
115.2443752938006
 30
0.0
 11
2068.755618396654
 21
114.6551196428117
 31
0.0
 12
2070.818013175114
 22
113.1819805153398
 32
0.0
 13
2070.818013175114
 23
113.1819805153398
 33
0.0
  0
POINT
  5
4211
330
D10
100
AcDbEntity
  8
Defpoints
 62
     0
440
 16777216
100
AcDbPoint
 10
2070.818013175114
 20
113.1819805153398
 30
0.0
  0
POINT
  5
4212
330
D10
100
AcDbEntity
  8
Defpoints
 62
     0
440
 16777216
100
AcDbPoint
 10
2077.181974205793
 20
106.8180194846601
 30
0.0
  0
ENDBLK
  5
D12
330
D10
100
AcDbEntity
  8
0
100
AcDbBlockEnd
  0
BLOCK
  5
D20
330
D1F
100
AcDbEntity
  8
0
100
AcDbBlockBegin
  2
*D60
 70
     1
 10
0.0
 20
0.0
 30
0.0
  3
*D60
  1

  0
LINE
  5
4213
330
D1F
100
AcDbEntity
  8
Dimension2
 62
     0
440
 16777216
370
    -2
100
AcDbLine
 10
2110.08491282474
 20
120.9150808657147
 30
0.0
 11
2116.050246222148
 21
114.9497474683063
 31
0.0
  0
LINE
  5
4214
330
D1F
100
AcDbEntity
  8
Dimension2
 62
     0
440
 16777216
370
    -2
100
AcDbLine
 10
2125.949741158759
 20
105.050252531695
 30
0.0
 11
2127.717508111725
 21
103.2824855787286
 31
0.0
  0
MTEXT
  5
4215
330
D1F
100
AcDbEntity
  8
Dimension2
 62
     0
440
 16777216
100
AcDbMText
 10
2113.325818905178
 20
120.3258252147255
 30
0.0
 40
2.5
 41
0.0
 46
0.0
 71
     5
 72
     1
  1
∅9
 11
0.7071067811865155
 21
-0.7071067811865796
 31
0.0
 73
     1
 44
1.0
  0
LINE
  5
4216
330
D1F
100
AcDbEntity
  8
Dimension2
 62
     0
440
 16777216
370
    -2
100
AcDbLine
 10
2124.181974205793
 20
106.8180194846614
 30
0.0
 11
2117.818013175114
 21
113.1819805153399
 31
0.0
  0
SOLID
  5
4217
330
D1F
100
AcDbEntity
  8
Dimension2
 62
     0
440
 16777216
100
AcDbTrace
 10
2126.244368984253
 20
105.3448803571894
 30
0.0
 11
2125.655113333264
 21
104.7556247062006
 31
0.0
 12
2124.181974205793
 22
106.8180194846614
 32
0.0
 13
2124.181974205793
 23
106.8180194846614
 33
0.0
  0
SOLID
  5
4218
330
D1F
100
AcDbEntity
  8
Dimension2
 62
     0
440
 16777216
100
AcDbTrace
 10
2116.344874047642
 20
115.2443752938008
 30
0.0
 11
2115.755618396653
 21
114.6551196428118
 31
0.0
 12
2117.818013175114
 22
113.1819805153399
 32
0.0
 13
2117.818013175114
 23
113.1819805153399
 33
0.0
  0
POINT
  5
4219
330
D1F
100
AcDbEntity
  8
Defpoints
 62
     0
440
 16777216
100
AcDbPoint
 10
2117.818013175114
 20
113.1819805153399
 30
0.0
  0
POINT
  5
421A
330
D1F
100
AcDbEntity
  8
Defpoints
 62
     0
440
 16777216
100
AcDbPoint
 10
2124.181974205793
 20
106.8180194846614
 30
0.0
  0
ENDBLK
  5
D21
330
D1F
100
AcDbEntity
  8
0
100
AcDbBlockEnd
  0
BLOCK
  5
D2F
330
D2E
100
AcDbEntity
  8
0
100
AcDbBlockBegin
  2
*D61
 70
     1
 10
0.0
 20
0.0
 30
0.0
  3
*D61
  1

  0
LINE
  5
421B
330
D2E
100
AcDbEntity
  8
Dimension2
 62
     0
440
 16777216
370
    -2
100
AcDbLine
 10
2157.084912824744
 20
120.9150808657135
 30
0.0
 11
2163.050246222149
 21
114.9497474683062
 31
0.0
  0
LINE
  5
421C
330
D2E
100
AcDbEntity
  8
Dimension2
 62
     0
440
 16777216
370
    -2
100
AcDbLine
 10
2172.949741158758
 20
105.0502525316937
 30
0.0
 11
2174.717508111724
 21
103.2824855787271
 31
0.0
  0
MTEXT
  5
421D
330
D2E
100
AcDbEntity
  8
Dimension2
 62
     0
440
 16777216
100
AcDbMText
 10
2160.325818905182
 20
120.3258252147243
 30
0.0
 40
2.5
 41
0.0
 46
0.0
 71
     5
 72
     1
  1
∅9
 11
0.7071067811864339
 21
-0.7071067811866612
 31
0.0
 73
     1
 44
1.0
  0
LINE
  5
421E
330
D2E
100
AcDbEntity
  8
Dimension2
 62
     0
440
 16777216
370
    -2
100
AcDbLine
 10
2171.181974205792
 20
106.8180194846604
 30
0.0
 11
2164.818013175115
 21
113.1819805153398
 31
0.0
  0
SOLID
  5
421F
330
D2E
100
AcDbEntity
  8
Dimension2
 62
     0
440
 16777216
100
AcDbTrace
 10
2173.244368984253
 20
105.3448803571882
 30
0.0
 11
2172.655113333264
 21
104.7556247061995
 31
0.0
 12
2171.181974205792
 22
106.8180194846604
 32
0.0
 13
2171.181974205792
 23
106.8180194846604
 33
0.0
  0
SOLID
  5
4220
330
D2E
100
AcDbEntity
  8
Dimension2
 62
     0
440
 16777216
100
AcDbTrace
 10
2163.344874047643
 20
115.2443752938006
 30
0.0
 11
2162.755618396654
 21
114.655119642812
 31
0.0
 12
2164.818013175115
 22
113.1819805153398
 32
0.0
 13
2164.818013175115
 23
113.1819805153398
 33
0.0
  0
POINT
  5
4221
330
D2E
100
AcDbEntity
  8
Defpoints
 62
     0
440
 16777216
100
AcDbPoint
 10
2164.818013175115
 20
113.1819805153398
 30
0.0
  0
POINT
  5
4222
330
D2E
100
AcDbEntity
  8
Defpoints
 62
     0
440
 16777216
100
AcDbPoint
 10
2171.181974205792
 20
106.8180194846604
 30
0.0
  0
ENDBLK
  5
D30
330
D2E
100
AcDbEntity
  8
0
100
AcDbBlockEnd
  0
BLOCK
  5
D3E
330
D3D
100
AcDbEntity
  8
0
100
AcDbBlockBegin
  2
*D62
 70
     1
 10
0.0
 20
0.0
 30
0.0
  3
*D62
  1

  0
LINE
  5
4223
330
D3D
100
AcDbEntity
  8
Dimension2
 62
     0
440
 16777216
370
    -2
100
AcDbLine
 10
2204.08491282474
 20
120.9150808657161
 30
0.0
 11
2210.050246222149
 21
114.9497474683062
 31
0.0
  0
LINE
  5
4224
330
D3D
100
AcDbEntity
  8
Dimension2
 62
     0
440
 16777216
370
    -2
100
AcDbLine
 10
2219.949741158758
 20
105.0502525316947
 30
0.0
 11
2221.717508111725
 21
103.282485578728
 31
0.0
  0
MTEXT
  5
4225
330
D3D
100
AcDbEntity
  8
Dimension2
 62
     0
440
 16777216
100
AcDbMText
 10
2207.325818905179
 20
120.325825214727
 30
0.0
 40
2.5
 41
0.0
 46
0.0
 71
     5
 72
     1
  1
∅9
 11
0.7071067811864716
 21
-0.7071067811866235
 31
0.0
 73
     1
 44
1.0
  0
LINE
  5
4226
330
D3D
100
AcDbEntity
  8
Dimension2
 62
     0
440
 16777216
370
    -2
100
AcDbLine
 10
2218.181974205792
 20
106.8180194846611
 30
0.0
 11
2211.818013175115
 21
113.1819805153398
 31
0.0
  0
SOLID
  5
4227
330
D3D
100
AcDbEntity
  8
Dimension2
 62
     0
440
 16777216
100
AcDbTrace
 10
2220.244368984253
 20
105.3448803571889
 30
0.0
 11
2219.655113333264
 21
104.7556247062002
 31
0.0
 12
2218.181974205792
 22
106.8180194846611
 32
0.0
 13
2218.181974205792
 23
106.8180194846611
 33
0.0
  0
SOLID
  5
4228
330
D3D
100
AcDbEntity
  8
Dimension2
 62
     0
440
 16777216
100
AcDbTrace
 10
2210.344874047644
 20
115.2443752938004
 30
0.0
 11
2209.755618396655
 21
114.6551196428117
 31
0.0
 12
2211.818013175115
 22
113.1819805153398
 32
0.0
 13
2211.818013175115
 23
113.1819805153398
 33
0.0
  0
POINT
  5
4229
330
D3D
100
AcDbEntity
  8
Defpoints
 62
     0
440
 16777216
100
AcDbPoint
 10
2211.818013175115
 20
113.1819805153398
 30
0.0
  0
POINT
  5
422A
330
D3D
100
AcDbEntity
  8
Defpoints
 62
     0
440
 16777216
100
AcDbPoint
 10
2218.181974205792
 20
106.8180194846611
 30
0.0
  0
ENDBLK
  5
D3F
330
D3D
100
AcDbEntity
  8
0
100
AcDbBlockEnd
  0
BLOCK
  5
D4D
330
D4C
100
AcDbEntity
  8
0
100
AcDbBlockBegin
  2
*D63
 70
     1
 10
0.0
 20
0.0
 30
0.0
  3
*D63
  1

  0
LINE
  5
422B
330
D4C
100
AcDbEntity
  8
Dimension2
 62
     0
440
 16777216
370
    -2
100
AcDbLine
 10
2204.084912824741
 20
50.91508086571252
 30
0.0
 11
2210.050246222149
 21
44.94974746830576
 31
0.0
  0
LINE
  5
422C
330
D4C
100
AcDbEntity
  8
Dimension2
 62
     0
440
 16777216
370
    -2
100
AcDbLine
 10
2219.949741158762
 20
35.05025253169356
 30
0.0
 11
2221.717508111728
 21
33.28248557872712
 31
0.0
  0
MTEXT
  5
422D
330
D4C
100
AcDbEntity
  8
Dimension2
 62
     0
440
 16777216
100
AcDbMText
 10
2207.325818905179
 20
50.32582521472386
 30
0.0
 40
2.5
 41
0.0
 46
0.0
 71
     5
 72
     1
  1
∅9
 11
0.7071067811865852
 21
-0.7071067811865098
 31
0.0
 73
     1
 44
1.0
  0
LINE
  5
422E
330
D4C
100
AcDbEntity
  8
Dimension2
 62
     0
440
 16777216
370
    -2
100
AcDbLine
 10
2218.181974205795
 20
36.81801948465977
 30
0.0
 11
2211.818013175115
 21
43.18198051533932
 31
0.0
  0
SOLID
  5
422F
330
D4C
100
AcDbEntity
  8
Dimension2
 62
     0
440
 16777216
100
AcDbTrace
 10
2220.244368984256
 20
35.344880357188
 30
0.0
 11
2219.655113333267
 21
34.75562470619911
 31
0.0
 12
2218.181974205795
 22
36.81801948465977
 32
0.0
 13
2218.181974205795
 23
36.81801948465977
 33
0.0
  0
SOLID
  5
4230
330
D4C
100
AcDbEntity
  8
Dimension2
 62
     0
440
 16777216
100
AcDbTrace
 10
2210.344874047642
 20
45.2443752938002
 30
0.0
 11
2209.755618396654
 21
44.65511964281131
 31
0.0
 12
2211.818013175115
 22
43.18198051533932
 32
0.0
 13
2211.818013175115
 23
43.18198051533932
 33
0.0
  0
POINT
  5
4231
330
D4C
100
AcDbEntity
  8
Defpoints
 62
     0
440
 16777216
100
AcDbPoint
 10
2211.818013175115
 20
43.18198051533932
 30
0.0
  0
POINT
  5
4232
330
D4C
100
AcDbEntity
  8
Defpoints
 62
     0
440
 16777216
100
AcDbPoint
 10
2218.181974205795
 20
36.81801948465977
 30
0.0
  0
ENDBLK
  5
D4E
330
D4C
100
AcDbEntity
  8
0
100
AcDbBlockEnd
  0
BLOCK
  5
D5C
330
D5B
100
AcDbEntity
  8
0
100
AcDbBlockBegin
  2
*D64
 70
     1
 10
0.0
 20
0.0
 30
0.0
  3
*D64
  1

  0
LINE
  5
4233
330
D5B
100
AcDbEntity
  8
Dimension2
 62
     0
440
 16777216
370
    -2
100
AcDbLine
 10
2157.084912824743
 20
50.91508086571389
 30
0.0
 11
2163.050246222149
 21
44.94974746830644
 31
0.0
  0
LINE
  5
4234
330
D5B
100
AcDbEntity
  8
Dimension2
 62
     0
440
 16777216
370
    -2
100
AcDbLine
 10
2172.949741158759
 20
35.05025253169402
 30
0.0
 11
2174.717508111725
 21
33.28248557872735
 31
0.0
  0
MTEXT
  5
4235
330
D5B
100
AcDbEntity
  8
Dimension2
 62
     0
440
 16777216
100
AcDbMText
 10
2160.325818905181
 20
50.32582521472455
 30
0.0
 40
2.5
 41
0.0
 46
0.0
 71
     5
 72
     1
  1
∅9
 11
0.707106781186459
 21
-0.7071067811866361
 31
0.0
 73
     1
 44
1.0
  0
LINE
  5
4236
330
D5B
100
AcDbEntity
  8
Dimension2
 62
     0
440
 16777216
370
    -2
100
AcDbLine
 10
2171.181974205793
 20
36.81801948466068
 30
0.0
 11
2164.818013175115
 21
43.18198051533977
 31
0.0
  0
SOLID
  5
4237
330
D5B
100
AcDbEntity
  8
Dimension2
 62
     0
440
 16777216
100
AcDbTrace
 10
2173.244368984254
 20
35.34488035718846
 30
0.0
 11
2172.655113333265
 21
34.75562470619957
 31
0.0
 12
2171.181974205793
 22
36.81801948466068
 32
0.0
 13
2171.181974205793
 23
36.81801948466068
 33
0.0
  0
SOLID
  5
4238
330
D5B
100
AcDbEntity
  8
Dimension2
 62
     0
440
 16777216
100
AcDbTrace
 10
2163.344874047643
 20
45.24437529380088
 30
0.0
 11
2162.755618396654
 21
44.655119642812
 31
0.0
 12
2164.818013175115
 22
43.18198051533977
 32
0.0
 13
2164.818013175115
 23
43.18198051533977
 33
0.0
  0
POINT
  5
4239
330
D5B
100
AcDbEntity
  8
Defpoints
 62
     0
440
 16777216
100
AcDbPoint
 10
2164.818013175115
 20
43.18198051533977
 30
0.0
  0
POINT
  5
423A
330
D5B
100
AcDbEntity
  8
Defpoints
 62
     0
440
 16777216
100
AcDbPoint
 10
2171.181974205793
 20
36.81801948466068
 30
0.0
  0
ENDBLK
  5
D5D
330
D5B
100
AcDbEntity
  8
0
100
AcDbBlockEnd
  0
BLOCK
  5
D6B
330
D6A
100
AcDbEntity
  8
0
100
AcDbBlockBegin
  2
*D65
 70
     1
 10
0.0
 20
0.0
 30
0.0
  3
*D65
  1

  0
LINE
  5
423B
330
D6A
100
AcDbEntity
  8
Dimension2
 62
     0
440
 16777216
370
    -2
100
AcDbLine
 10
2110.084912824741
 20
50.91508086571344
 30
0.0
 11
2116.050246222148
 21
44.94974746830599
 31
0.0
  0
LINE
  5
423C
330
D6A
100
AcDbEntity
  8
Dimension2
 62
     0
440
 16777216
370
    -2
100
AcDbLine
 10
2125.949741158758
 20
35.05025253169515
 30
0.0
 11
2127.717508111725
 21
33.28248557872871
 31
0.0
  0
MTEXT
  5
423D
330
D6A
100
AcDbEntity
  8
Dimension2
 62
     0
440
 16777216
100
AcDbMText
 10
2113.325818905179
 20
50.32582521472455
 30
0.0
 40
2.5
 41
0.0
 46
0.0
 71
     5
 72
     1
  1
∅9
 11
0.7071067811865224
 21
-0.7071067811865727
 31
0.0
 73
     1
 44
1.0
  0
LINE
  5
423E
330
D6A
100
AcDbEntity
  8
Dimension2
 62
     0
440
 16777216
370
    -2
100
AcDbLine
 10
2124.181974205792
 20
36.81801948466159
 30
0.0
 11
2117.818013175114
 21
43.18198051533954
 31
0.0
  0
SOLID
  5
423F
330
D6A
100
AcDbEntity
  8
Dimension2
 62
     0
440
 16777216
100
AcDbTrace
 10
2126.244368984253
 20
35.3448803571896
 30
0.0
 11
2125.655113333264
 21
34.75562470620071
 31
0.0
 12
2124.181974205792
 22
36.81801948466159
 32
0.0
 13
2124.181974205792
 23
36.81801948466159
 33
0.0
  0
SOLID
  5
4240
330
D6A
100
AcDbEntity
  8
Dimension2
 62
     0
440
 16777216
100
AcDbTrace
 10
2116.344874047642
 20
45.24437529380043
 30
0.0
 11
2115.755618396653
 21
44.65511964281154
 31
0.0
 12
2117.818013175114
 22
43.18198051533954
 32
0.0
 13
2117.818013175114
 23
43.18198051533954
 33
0.0
  0
POINT
  5
4241
330
D6A
100
AcDbEntity
  8
Defpoints
 62
     0
440
 16777216
100
AcDbPoint
 10
2117.818013175114
 20
43.18198051533954
 30
0.0
  0
POINT
  5
4242
330
D6A
100
AcDbEntity
  8
Defpoints
 62
     0
440
 16777216
100
AcDbPoint
 10
2124.181974205792
 20
36.81801948466159
 30
0.0
  0
ENDBLK
  5
D6C
330
D6A
100
AcDbEntity
  8
0
100
AcDbBlockEnd
  0
BLOCK
  5
D7A
330
D79
100
AcDbEntity
  8
0
100
AcDbBlockBegin
  2
*D66
 70
     1
 10
0.0
 20
0.0
 30
0.0
  3
*D66
  1

  0
LINE
  5
4243
330
D79
100
AcDbEntity
  8
Dimension2
 62
     0
440
 16777216
370
    -2
100
AcDbLine
 10
2063.084912824741
 20
50.91508086571332
 30
0.0
 11
2069.050246222148
 21
44.94974746830587
 31
0.0
  0
LINE
  5
4244
330
D79
100
AcDbEntity
  8
Dimension2
 62
     0
440
 16777216
370
    -2
100
AcDbLine
 10
2078.94974115876
 20
35.05025253169459
 30
0.0
 11
2080.717508111726
 21
33.28248557872814
 31
0.0
  0
MTEXT
  5
4245
330
D79
100
AcDbEntity
  8
Dimension2
 62
     0
440
 16777216
100
AcDbMText
 10
2066.32581890518
 20
50.32582521472455
 30
0.0
 40
2.5
 41
0.0
 46
0.0
 71
     5
 72
     1
  1
∅9
 11
0.7071067811865476
 21
-0.7071067811865476
 31
0.0
 73
     1
 44
1.0
  0
LINE
  5
4246
330
D79
100
AcDbEntity
  8
Dimension2
 62
     0
440
 16777216
370
    -2
100
AcDbLine
 10
2077.181974205793
 20
36.81801948466091
 30
0.0
 11
2070.818013175115
 21
43.18198051533954
 31
0.0
  0
SOLID
  5
4247
330
D79
100
AcDbEntity
  8
Dimension2
 62
     0
440
 16777216
100
AcDbTrace
 10
2079.244368984254
 20
35.34488035718903
 30
0.0
 11
2078.655113333265
 21
34.75562470620014
 31
0.0
 12
2077.181974205793
 22
36.81801948466091
 32
0.0
 13
2077.181974205793
 23
36.81801948466091
 33
0.0
  0
SOLID
  5
4248
330
D79
100
AcDbEntity
  8
Dimension2
 62
     0
440
 16777216
100
AcDbTrace
 10
2069.344874047642
 20
45.24437529380032
 30
0.0
 11
2068.755618396654
 21
44.65511964281143
 31
0.0
 12
2070.818013175115
 22
43.18198051533954
 32
0.0
 13
2070.818013175115
 23
43.18198051533954
 33
0.0
  0
POINT
  5
4249
330
D79
100
AcDbEntity
  8
Defpoints
 62
     0
440
 16777216
100
AcDbPoint
 10
2070.818013175115
 20
43.18198051533954
 30
0.0
  0
POINT
  5
424A
330
D79
100
AcDbEntity
  8
Defpoints
 62
     0
440
 16777216
100
AcDbPoint
 10
2077.181974205793
 20
36.81801948466091
 30
0.0
  0
ENDBLK
  5
D7B
330
D79
100
AcDbEntity
  8
0
100
AcDbBlockEnd
  0
BLOCK
  5
D8F
330
D8E
100
AcDbEntity
  8
0
100
AcDbBlockBegin
  2
*D67
 70
     1
 10
0.0
 20
0.0
 30
0.0
  3
*D67
  1

  0
LINE
  5
3F1C
330
D8E
100
AcDbEntity
  8
Dimension2
 62
     0
440
 16777216
370
    -2
100
AcDbLine
 10
2499.624993690455
 20
25.00000000000002
 30
0.0
 11
2510.249993690457
 21
25.00000000000002
 31
0.0
  0
LINE
  5
3F1D
330
D8E
100
AcDbEntity
  8
Dimension2
 62
     0
440
 16777216
370
    -2
100
AcDbLine
 10
2230.624993690455
 20
80.00000000000003
 30
0.0
 11
2510.249993690457
 21
80.00000000000007
 31
0.0
  0
LINE
  5
3F1E
330
D8E
100
AcDbEntity
  8
Dimension2
 62
     0
440
 16777216
370
    -2
100
AcDbLine
 10
2508.999993690457
 20
27.50000000000002
 30
0.0
 11
2508.999993690457
 21
77.50000000000007
 31
0.0
  0
SOLID
  5
3F1F
330
D8E
100
AcDbEntity
  8
Dimension2
 62
     0
440
 16777216
100
AcDbTrace
 10
2508.583327023791
 20
27.50000000000002
 30
0.0
 11
2509.416660357123
 21
27.50000000000002
 31
0.0
 12
2508.999993690457
 22
25.00000000000002
 32
0.0
 13
2508.999993690457
 23
25.00000000000002
 33
0.0
  0
SOLID
  5
3F20
330
D8E
100
AcDbEntity
  8
Dimension2
 62
     0
440
 16777216
100
AcDbTrace
 10
2508.583327023791
 20
77.50000000000007
 30
0.0
 11
2509.416660357123
 21
77.50000000000007
 31
0.0
 12
2508.999993690457
 22
80.00000000000007
 32
0.0
 13
2508.999993690457
 23
80.00000000000007
 33
0.0
  0
MTEXT
  5
3F21
330
D8E
100
AcDbEntity
  8
Dimension2
 62
     0
440
 16777216
100
AcDbMText
 10
2507.124993690457
 20
52.49999999999932
 30
0.0
 40
2.5
 41
0.0
 46
0.0
 71
     5
 72
     1
  1
55
 11
0.0000000000000001
 21
1.0
 31
0.0
 73
     1
 44
1.0
  0
POINT
  5
3F22
330
D8E
100
AcDbEntity
  8
Defpoints
 62
     0
440
 16777216
100
AcDbPoint
 10
2498.999993690456
 20
25.00000000000002
 30
0.0
  0
POINT
  5
3F23
330
D8E
100
AcDbEntity
  8
Defpoints
 62
     0
440
 16777216
100
AcDbPoint
 10
2229.999993690455
 20
80.00000000000003
 30
0.0
  0
POINT
  5
3F24
330
D8E
100
AcDbEntity
  8
Defpoints
 62
     0
440
 16777216
100
AcDbPoint
 10
2508.999993690457
 20
80.00000000000007
 30
0.0
  0
ENDBLK
  5
D90
330
D8E
100
AcDbEntity
  8
0
100
AcDbBlockEnd
  0
BLOCK
  5
DB1
330
DB0
100
AcDbEntity
  8
0
100
AcDbBlockBegin
  2
*D68
 70
     1
 10
0.0
 20
0.0
 30
0.0
  3
*D68
  1

  0
LINE
  5
3F25
330
DB0
100
AcDbEntity
  8
Dimension2
 62
     0
440
 16777216
370
    -2
100
AcDbLine
 10
2498.999993690454
 20
24.375
 30
0.0
 11
2498.999993690454
 21
3.75
 31
0.0
  0
LINE
  5
3F26
330
DB0
100
AcDbEntity
  8
Dimension2
 62
     0
440
 16777216
370
    -2
100
AcDbLine
 10
2458.999993690455
 20
79.375
 30
0.0
 11
2458.999993690455
 21
3.75
 31
0.0
  0
LINE
  5
3F27
330
DB0
100
AcDbEntity
  8
Dimension2
 62
     0
440
 16777216
370
    -2
100
AcDbLine
 10
2496.499993690454
 20
5.0
 30
0.0
 11
2461.499993690454
 21
5.0
 31
0.0
  0
SOLID
  5
3F28
330
DB0
100
AcDbEntity
  8
Dimension2
 62
     0
440
 16777216
100
AcDbTrace
 10
2496.499993690454
 20
5.416666666666666
 30
0.0
 11
2496.499993690454
 21
4.583333333333333
 31
0.0
 12
2498.999993690454
 22
5.0
 32
0.0
 13
2498.999993690454
 23
5.0
 33
0.0
  0
SOLID
  5
3F29
330
DB0
100
AcDbEntity
  8
Dimension2
 62
     0
440
 16777216
100
AcDbTrace
 10
2461.499993690454
 20
5.416666666666666
 30
0.0
 11
2461.499993690454
 21
4.583333333333333
 31
0.0
 12
2458.999993690455
 22
5.0
 32
0.0
 13
2458.999993690455
 23
5.0
 33
0.0
  0
MTEXT
  5
3F2A
330
DB0
100
AcDbEntity
  8
Dimension2
 62
     0
440
 16777216
100
AcDbMText
 10
2478.999993690454
 20
6.875
 30
0.0
 40
2.5
 41
0.0
 46
0.0
 71
     5
 72
     1
  1
40
 73
     1
 44
1.0
  0
POINT
  5
3F2B
330
DB0
100
AcDbEntity
  8
Defpoints
 62
     0
440
 16777216
100
AcDbPoint
 10
2498.999993690454
 20
25.0
 30
0.0
  0
POINT
  5
3F2C
330
DB0
100
AcDbEntity
  8
Defpoints
 62
     0
440
 16777216
100
AcDbPoint
 10
2458.999993690455
 20
80.0
 30
0.0
  0
POINT
  5
3F2D
330
DB0
100
AcDbEntity
  8
Defpoints
 62
     0
440
 16777216
100
AcDbPoint
 10
2458.999993690455
 20
5.0
 30
0.0
  0
ENDBLK
  5
DB2
330
DB0
100
AcDbEntity
  8
0
100
AcDbBlockEnd
  0
BLOCK
  5
DC7
330
DC6
100
AcDbEntity
  8
0
100
AcDbBlockBegin
  2
*D69
 70
     1
 10
0.0
 20
0.0
 30
0.0
  3
*D69
  1

  0
LINE
  5
3F2E
330
DC6
100
AcDbEntity
  8
Dimension2
 62
     0
440
 16777216
370
    -2
100
AcDbLine
 10
2458.999993690455
 20
24.375
 30
0.0
 11
2458.999993690455
 21
3.75
 31
0.0
  0
LINE
  5
3F2F
330
DC6
100
AcDbEntity
  8
Dimension2
 62
     0
440
 16777216
370
    -2
100
AcDbLine
 10
2268.999993690454
 20
79.375
 30
0.0
 11
2268.999993690454
 21
3.75
 31
0.0
  0
LINE
  5
3F30
330
DC6
100
AcDbEntity
  8
Dimension2
 62
     0
440
 16777216
370
    -2
100
AcDbLine
 10
2456.499993690454
 20
5.0
 30
0.0
 11
2271.499993690454
 21
5.0
 31
0.0
  0
SOLID
  5
3F31
330
DC6
100
AcDbEntity
  8
Dimension2
 62
     0
440
 16777216
100
AcDbTrace
 10
2456.499993690454
 20
5.416666666666666
 30
0.0
 11
2456.499993690454
 21
4.583333333333333
 31
0.0
 12
2458.999993690455
 22
5.0
 32
0.0
 13
2458.999993690455
 23
5.0
 33
0.0
  0
SOLID
  5
3F32
330
DC6
100
AcDbEntity
  8
Dimension2
 62
     0
440
 16777216
100
AcDbTrace
 10
2271.499993690454
 20
5.416666666666666
 30
0.0
 11
2271.499993690454
 21
4.583333333333333
 31
0.0
 12
2268.999993690454
 22
5.0
 32
0.0
 13
2268.999993690454
 23
5.0
 33
0.0
  0
MTEXT
  5
3F33
330
DC6
100
AcDbEntity
  8
Dimension2
 62
     0
440
 16777216
100
AcDbMText
 10
2363.999993690454
 20
6.875
 30
0.0
 40
2.5
 41
0.0
 46
0.0
 71
     5
 72
     1
  1
190
 73
     1
 44
1.0
  0
POINT
  5
3F34
330
DC6
100
AcDbEntity
  8
Defpoints
 62
     0
440
 16777216
100
AcDbPoint
 10
2458.999993690455
 20
25.0
 30
0.0
  0
POINT
  5
3F35
330
DC6
100
AcDbEntity
  8
Defpoints
 62
     0
440
 16777216
100
AcDbPoint
 10
2268.999993690454
 20
80.0
 30
0.0
  0
POINT
  5
3F36
330
DC6
100
AcDbEntity
  8
Defpoints
 62
     0
440
 16777216
100
AcDbPoint
 10
2268.999993690454
 20
5.0
 30
0.0
  0
ENDBLK
  5
DC8
330
DC6
100
AcDbEntity
  8
0
100
AcDbBlockEnd
  0
BLOCK
  5
DDE
330
DDD
100
AcDbEntity
  8
0
100
AcDbBlockBegin
  2
*D70
 70
     1
 10
0.0
 20
0.0
 30
0.0
  3
*D70
  1

  0
LINE
  5
424B
330
DDD
100
AcDbEntity
  8
Dimension2
 62
     0
440
 16777216
370
    -2
100
AcDbLine
 10
2449.159424318943
 20
89.84056937151445
 30
0.0
 11
2454.757353003336
 21
84.24264068712
 31
0.0
  0
LINE
  5
424C
330
DDD
100
AcDbEntity
  8
Dimension2
 62
     0
440
 16777216
370
    -2
100
AcDbLine
 10
2463.242634377572
 20
75.75735931288022
 30
0.0
 11
2465.010401330539
 21
73.98959235991355
 31
0.0
  0
MTEXT
  5
424D
330
DDD
100
AcDbEntity
  8
Dimension2
 62
     0
440
 16777216
100
AcDbMText
 10
2452.400330399381
 20
89.2513137205251
 30
0.0
 40
2.5
 41
0.0
 46
0.0
 71
     5
 72
     1
  1
∅7
 11
0.7071067811864339
 21
-0.7071067811866612
 31
0.0
 73
     1
 44
1.0
  0
LINE
  5
424E
330
DDD
100
AcDbEntity
  8
Dimension2
 62
     0
440
 16777216
370
    -2
100
AcDbLine
 10
2461.474867424607
 20
77.52512626584689
 30
0.0
 11
2456.525119956302
 21
82.47487373415333
 31
0.0
  0
SOLID
  5
424F
330
DDD
100
AcDbEntity
  8
Dimension2
 62
     0
440
 16777216
100
AcDbTrace
 10
2463.537262203067
 20
76.05198713837467
 30
0.0
 11
2462.948006552079
 21
75.46273148738578
 31
0.0
 12
2461.474867424607
 22
77.52512626584689
 32
0.0
 13
2461.474867424607
 23
77.52512626584689
 33
0.0
  0
SOLID
  5
4250
330
DDD
100
AcDbEntity
  8
Dimension2
 62
     0
440
 16777216
100
AcDbTrace
 10
2455.05198082883
 20
84.53726851261444
 30
0.0
 11
2454.462725177841
 21
83.94801286162556
 31
0.0
 12
2456.525119956302
 22
82.47487373415333
 32
0.0
 13
2456.525119956302
 23
82.47487373415333
 33
0.0
  0
POINT
  5
4251
330
DDD
100
AcDbEntity
  8
Defpoints
 62
     0
440
 16777216
100
AcDbPoint
 10
2456.525119956302
 20
82.47487373415333
 30
0.0
  0
POINT
  5
4252
330
DDD
100
AcDbEntity
  8
Defpoints
 62
     0
440
 16777216
100
AcDbPoint
 10
2461.474867424607
 20
77.52512626584689
 30
0.0
  0
ENDBLK
  5
DDF
330
DDD
100
AcDbEntity
  8
0
100
AcDbBlockEnd
  0
BLOCK
  5
DF7
330
DF6
100
AcDbEntity
  8
0
100
AcDbBlockBegin
  2
*D71
 70
     1
 10
0.0
 20
0.0
 30
0.0
  3
*D71
  1

  0
LINE
  5
4253
330
DF6
100
AcDbEntity
  8
Dimension2
 62
     0
440
 16777216
370
    -2
100
AcDbLine
 10
2259.159424318942
 20
89.84056937151263
 30
0.0
 11
2264.757353003335
 21
84.24264068711933
 31
0.0
  0
LINE
  5
4254
330
DF6
100
AcDbEntity
  8
Dimension2
 62
     0
440
 16777216
370
    -2
100
AcDbLine
 10
2273.242634377574
 20
75.75735931287977
 30
0.0
 11
2275.010401330541
 21
73.98959235991333
 31
0.0
  0
MTEXT
  5
4255
330
DF6
100
AcDbEntity
  8
Dimension2
 62
     0
440
 16777216
100
AcDbMText
 10
2262.40033039938
 20
89.25131372052419
 30
0.0
 40
2.5
 41
0.0
 46
0.0
 71
     5
 72
     1
  1
∅7
 11
0.7071067811865476
 21
-0.7071067811865476
 31
0.0
 73
     1
 44
1.0
  0
LINE
  5
4256
330
DF6
100
AcDbEntity
  8
Dimension2
 62
     0
440
 16777216
370
    -2
100
AcDbLine
 10
2271.474867424609
 20
77.52512626584621
 30
0.0
 11
2266.525119956301
 21
82.47487373415287
 31
0.0
  0
SOLID
  5
4257
330
DF6
100
AcDbEntity
  8
Dimension2
 62
     0
440
 16777216
100
AcDbTrace
 10
2273.537262203069
 20
76.05198713837421
 30
0.0
 11
2272.948006552081
 21
75.46273148738532
 31
0.0
 12
2271.474867424609
 22
77.52512626584621
 32
0.0
 13
2271.474867424609
 23
77.52512626584621
 33
0.0
  0
SOLID
  5
4258
330
DF6
100
AcDbEntity
  8
Dimension2
 62
     0
440
 16777216
100
AcDbTrace
 10
2265.051980828829
 20
84.53726851261377
 30
0.0
 11
2264.46272517784
 21
83.94801286162488
 31
0.0
 12
2266.525119956301
 22
82.47487373415287
 32
0.0
 13
2266.525119956301
 23
82.47487373415287
 33
0.0
  0
POINT
  5
4259
330
DF6
100
AcDbEntity
  8
Defpoints
 62
     0
440
 16777216
100
AcDbPoint
 10
2266.525119956301
 20
82.47487373415287
 30
0.0
  0
POINT
  5
425A
330
DF6
100
AcDbEntity
  8
Defpoints
 62
     0
440
 16777216
100
AcDbPoint
 10
2271.474867424609
 20
77.52512626584621
 30
0.0
  0
ENDBLK
  5
DF8
330
DF6
100
AcDbEntity
  8
0
100
AcDbBlockEnd
  0
BLOCK
  5
E1C
330
E1B
100
AcDbEntity
  8
0
100
AcDbBlockBegin
  2
*D72
 70
     1
 10
0.0
 20
0.0
 30
0.0
  3
*D72
  1

  0
LINE
  5
4518
330
E1B
100
AcDbEntity
  8
Dimension2
 62
     0
440
 16777216
370
    -2
100
AcDbLine
 10
2008.374993690455
 20
25.00000000000002
 30
0.0
 11
1967.750000000001
 21
25.00000000000001
 31
0.0
  0
LINE
  5
4519
330
E1B
100
AcDbEntity
  8
Dimension2
 62
     0
440
 16777216
370
    -2
100
AcDbLine
 10
2326.374993690455
 20
140.0
 30
0.0
 11
1967.750000000001
 21
140.0
 31
0.0
  0
LINE
  5
451A
330
E1B
100
AcDbEntity
  8
Dimension2
 62
     0
440
 16777216
370
    -2
100
AcDbLine
 10
1969.000000000001
 20
27.50000000000001
 30
0.0
 11
1969.000000000001
 21
137.5
 31
0.0
  0
SOLID
  5
451B
330
E1B
100
AcDbEntity
  8
Dimension2
 62
     0
440
 16777216
100
AcDbTrace
 10
1968.583333333334
 20
27.50000000000001
 30
0.0
 11
1969.416666666668
 21
27.50000000000001
 31
0.0
 12
1969.000000000001
 22
25.00000000000001
 32
0.0
 13
1969.000000000001
 23
25.00000000000001
 33
0.0
  0
SOLID
  5
451C
330
E1B
100
AcDbEntity
  8
Dimension2
 62
     0
440
 16777216
100
AcDbTrace
 10
1968.583333333334
 20
137.5
 30
0.0
 11
1969.416666666668
 21
137.5
 31
0.0
 12
1969.000000000001
 22
140.0
 32
0.0
 13
1969.000000000001
 23
140.0
 33
0.0
  0
MTEXT
  5
451D
330
E1B
100
AcDbEntity
  8
Dimension2
 62
     0
440
 16777216
100
AcDbMText
 10
1967.125
 20
82.49999999999944
 30
0.0
 40
2.5
 41
0.0
 46
0.0
 71
     5
 72
     1
  1
115
 11
0.0000000000000001
 21
1.0
 31
0.0
 73
     1
 44
1.0
  0
POINT
  5
451E
330
E1B
100
AcDbEntity
  8
Defpoints
 62
     0
440
 16777216
100
AcDbPoint
 10
2008.999993690455
 20
25.00000000000002
 30
0.0
  0
POINT
  5
451F
330
E1B
100
AcDbEntity
  8
Defpoints
 62
     0
440
 16777216
100
AcDbPoint
 10
2326.999993690455
 20
140.0
 30
0.0
  0
POINT
  5
4520
330
E1B
100
AcDbEntity
  8
Defpoints
 62
     0
440
 16777216
100
AcDbPoint
 10
1969.000000000001
 20
140.0
 30
0.0
  0
ENDBLK
  5
E1D
330
E1B
100
AcDbEntity
  8
0
100
AcDbBlockEnd
  0
BLOCK
  5
E32
330
E31
100
AcDbEntity
  8
0
100
AcDbBlockBegin
  2
*D73
 70
     1
 10
0.0
 20
0.0
 30
0.0
  3
*D73
  1

  0
LINE
  5
43C1
330
E31
100
AcDbEntity
  8
Dimension2
 62
     0
440
 16777216
370
    -2
100
AcDbLine
 10
2008.999993690455
 20
24.375
 30
0.0
 11
2008.999993690455
 21
-6.25
 31
0.0
  0
LINE
  5
43C2
330
E31
100
AcDbEntity
  8
Dimension2
 62
     0
440
 16777216
370
    -2
100
AcDbLine
 10
2076.999993690455
 20
139.375
 30
0.0
 11
2076.999993690455
 21
-6.25
 31
0.0
  0
LINE
  5
43C3
330
E31
100
AcDbEntity
  8
Dimension2
 62
     0
440
 16777216
370
    -2
100
AcDbLine
 10
2011.499993690454
 20
-5.0
 30
0.0
 11
2074.499993690454
 21
-5.0
 31
0.0
  0
SOLID
  5
43C4
330
E31
100
AcDbEntity
  8
Dimension2
 62
     0
440
 16777216
100
AcDbTrace
 10
2011.499993690454
 20
-4.583333333333333
 30
0.0
 11
2011.499993690454
 21
-5.416666666666666
 31
0.0
 12
2008.999993690455
 22
-5.0
 32
0.0
 13
2008.999993690455
 23
-5.0
 33
0.0
  0
SOLID
  5
43C5
330
E31
100
AcDbEntity
  8
Dimension2
 62
     0
440
 16777216
100
AcDbTrace
 10
2074.499993690454
 20
-4.583333333333333
 30
0.0
 11
2074.499993690454
 21
-5.416666666666666
 31
0.0
 12
2076.999993690455
 22
-5.0
 32
0.0
 13
2076.999993690455
 23
-5.0
 33
0.0
  0
MTEXT
  5
43C6
330
E31
100
AcDbEntity
  8
Dimension2
 62
     0
440
 16777216
100
AcDbMText
 10
2042.999993690454
 20
-3.125
 30
0.0
 40
2.5
 41
0.0
 46
0.0
 71
     5
 72
     1
  1
68
 73
     1
 44
1.0
  0
POINT
  5
43C7
330
E31
100
AcDbEntity
  8
Defpoints
 62
     0
440
 16777216
100
AcDbPoint
 10
2008.999993690455
 20
25.0
 30
0.0
  0
POINT
  5
43C8
330
E31
100
AcDbEntity
  8
Defpoints
 62
     0
440
 16777216
100
AcDbPoint
 10
2076.999993690455
 20
140.0
 30
0.0
  0
POINT
  5
43C9
330
E31
100
AcDbEntity
  8
Defpoints
 62
     0
440
 16777216
100
AcDbPoint
 10
2076.999993690455
 20
-5.0
 30
0.0
  0
ENDBLK
  5
E33
330
E31
100
AcDbEntity
  8
0
100
AcDbBlockEnd
  0
BLOCK
  5
E48
330
E47
100
AcDbEntity
  8
0
100
AcDbBlockBegin
  2
*D74
 70
     1
 10
0.0
 20
0.0
 30
0.0
  3
*D74
  1

  0
LINE
  5
4379
330
E47
100
AcDbEntity
  8
Dimension2
 62
     0
440
 16777216
370
    -2
100
AcDbLine
 10
2076.999993690455
 20
24.375
 30
0.0
 11
2076.999993690455
 21
-6.25
 31
0.0
  0
LINE
  5
437A
330
E47
100
AcDbEntity
  8
Dimension2
 62
     0
440
 16777216
370
    -2
100
AcDbLine
 10
2226.999993690454
 20
139.375
 30
0.0
 11
2226.999993690454
 21
-6.25
 31
0.0
  0
LINE
  5
437B
330
E47
100
AcDbEntity
  8
Dimension2
 62
     0
440
 16777216
370
    -2
100
AcDbLine
 10
2079.499993690454
 20
-5.0
 30
0.0
 11
2224.499993690454
 21
-5.0
 31
0.0
  0
SOLID
  5
437C
330
E47
100
AcDbEntity
  8
Dimension2
 62
     0
440
 16777216
100
AcDbTrace
 10
2079.499993690454
 20
-4.583333333333333
 30
0.0
 11
2079.499993690454
 21
-5.416666666666666
 31
0.0
 12
2076.999993690455
 22
-5.0
 32
0.0
 13
2076.999993690455
 23
-5.0
 33
0.0
  0
SOLID
  5
437D
330
E47
100
AcDbEntity
  8
Dimension2
 62
     0
440
 16777216
100
AcDbTrace
 10
2224.499993690454
 20
-4.583333333333333
 30
0.0
 11
2224.499993690454
 21
-5.416666666666666
 31
0.0
 12
2226.999993690454
 22
-5.0
 32
0.0
 13
2226.999993690454
 23
-5.0
 33
0.0
  0
MTEXT
  5
437E
330
E47
100
AcDbEntity
  8
Dimension2
 62
     0
440
 16777216
100
AcDbMText
 10
2151.999993690454
 20
-3.124999999999999
 30
0.0
 40
2.5
 41
0.0
 46
0.0
 71
     5
 72
     1
  1
150
 73
     1
 44
1.0
  0
POINT
  5
437F
330
E47
100
AcDbEntity
  8
Defpoints
 62
     0
440
 16777216
100
AcDbPoint
 10
2076.999993690455
 20
25.0
 30
0.0
  0
POINT
  5
4380
330
E47
100
AcDbEntity
  8
Defpoints
 62
     0
440
 16777216
100
AcDbPoint
 10
2226.999993690454
 20
140.0
 30
0.0
  0
POINT
  5
4381
330
E47
100
AcDbEntity
  8
Defpoints
 62
     0
440
 16777216
100
AcDbPoint
 10
2226.999993690454
 20
-5.0
 30
0.0
  0
ENDBLK
  5
E49
330
E47
100
AcDbEntity
  8
0
100
AcDbBlockEnd
  0
BLOCK
  5
E5E
330
E5D
100
AcDbEntity
  8
0
100
AcDbBlockBegin
  2
*D75
 70
     1
 10
0.0
 20
0.0
 30
0.0
  3
*D75
  1

  0
LINE
  5
4367
330
E5D
100
AcDbEntity
  8
Dimension2
 62
     0
440
 16777216
370
    -2
100
AcDbLine
 10
2226.999993690454
 20
24.375
 30
0.0
 11
2226.999993690454
 21
-6.25
 31
0.0
  0
LINE
  5
4368
330
E5D
100
AcDbEntity
  8
Dimension2
 62
     0
440
 16777216
370
    -2
100
AcDbLine
 10
2326.999993690455
 20
139.375
 30
0.0
 11
2326.999993690455
 21
-6.25
 31
0.0
  0
LINE
  5
4369
330
E5D
100
AcDbEntity
  8
Dimension2
 62
     0
440
 16777216
370
    -2
100
AcDbLine
 10
2229.499993690454
 20
-5.0
 30
0.0
 11
2324.499993690454
 21
-5.0
 31
0.0
  0
SOLID
  5
436A
330
E5D
100
AcDbEntity
  8
Dimension2
 62
     0
440
 16777216
100
AcDbTrace
 10
2229.499993690454
 20
-4.583333333333333
 30
0.0
 11
2229.499993690454
 21
-5.416666666666666
 31
0.0
 12
2226.999993690454
 22
-5.0
 32
0.0
 13
2226.999993690454
 23
-5.0
 33
0.0
  0
SOLID
  5
436B
330
E5D
100
AcDbEntity
  8
Dimension2
 62
     0
440
 16777216
100
AcDbTrace
 10
2324.499993690454
 20
-4.583333333333333
 30
0.0
 11
2324.499993690454
 21
-5.416666666666666
 31
0.0
 12
2326.999993690455
 22
-5.0
 32
0.0
 13
2326.999993690455
 23
-5.0
 33
0.0
  0
MTEXT
  5
436C
330
E5D
100
AcDbEntity
  8
Dimension2
 62
     0
440
 16777216
100
AcDbMText
 10
2276.999993690454
 20
-3.125
 30
0.0
 40
2.5
 41
0.0
 46
0.0
 71
     5
 72
     1
  1
100
 73
     1
 44
1.0
  0
POINT
  5
436D
330
E5D
100
AcDbEntity
  8
Defpoints
 62
     0
440
 16777216
100
AcDbPoint
 10
2226.999993690454
 20
25.0
 30
0.0
  0
POINT
  5
436E
330
E5D
100
AcDbEntity
  8
Defpoints
 62
     0
440
 16777216
100
AcDbPoint
 10
2326.999993690455
 20
140.0
 30
0.0
  0
POINT
  5
436F
330
E5D
100
AcDbEntity
  8
Defpoints
 62
     0
440
 16777216
100
AcDbPoint
 10
2326.999993690455
 20
-5.0
 30
0.0
  0
ENDBLK
  5
E5F
330
E5D
100
AcDbEntity
  8
0
100
AcDbBlockEnd
  0
BLOCK
  5
E7F
330
E7E
100
AcDbEntity
  8
0
100
AcDbBlockBegin
  2
*D76
 70
     1
 10
0.0
 20
0.0
 30
0.0
  3
*D76
  1

  0
LINE
  5
425B
330
E7E
100
AcDbEntity
  8
Dimension2
 62
     0
440
 16777216
370
    -2
100
AcDbLine
 10
2318.573637881314
 20
148.4263558091395
 30
0.0
 11
2324.171566565707
 21
142.8284271247462
 31
0.0
  0
LINE
  5
425C
330
E7E
100
AcDbEntity
  8
Dimension2
 62
     0
440
 16777216
370
    -2
100
AcDbLine
 10
2329.828420815201
 20
137.1715728752533
 30
0.0
 11
2331.596187768167
 21
135.4038059222869
 31
0.0
  0
MTEXT
  5
425D
330
E7E
100
AcDbEntity
  8
Dimension2
 62
     0
440
 16777216
100
AcDbMText
 10
2321.814543961753
 20
147.8371001581511
 30
0.0
 40
2.5
 41
0.0
 46
0.0
 71
     5
 72
     1
  1
∅3
 11
0.7071067811865476
 21
-0.7071067811865476
 31
0.0
 73
     1
 44
1.0
  0
LINE
  5
425E
330
E7E
100
AcDbEntity
  8
Dimension2
 62
     0
440
 16777216
370
    -2
100
AcDbLine
 10
2328.060653862234
 20
138.9393398282195
 30
0.0
 11
2325.939333518674
 21
141.0606601717798
 31
0.0
  0
SOLID
  5
425F
330
E7E
100
AcDbEntity
  8
Dimension2
 62
     0
440
 16777216
100
AcDbTrace
 10
2330.123048640695
 20
137.4662007007477
 30
0.0
 11
2329.533792989706
 21
136.8769450497589
 31
0.0
 12
2328.060653862234
 22
138.9393398282195
 32
0.0
 13
2328.060653862234
 23
138.9393398282195
 33
0.0
  0
SOLID
  5
4260
330
E7E
100
AcDbEntity
  8
Dimension2
 62
     0
440
 16777216
100
AcDbTrace
 10
2324.466194391202
 20
143.1230549502406
 30
0.0
 11
2323.876938740214
 21
142.5337992992517
 31
0.0
 12
2325.939333518674
 22
141.0606601717798
 32
0.0
 13
2325.939333518674
 23
141.0606601717798
 33
0.0
  0
POINT
  5
4261
330
E7E
100
AcDbEntity
  8
Defpoints
 62
     0
440
 16777216
100
AcDbPoint
 10
2325.939333518674
 20
141.0606601717798
 30
0.0
  0
POINT
  5
4262
330
E7E
100
AcDbEntity
  8
Defpoints
 62
     0
440
 16777216
100
AcDbPoint
 10
2328.060653862234
 20
138.9393398282195
 30
0.0
  0
ENDBLK
  5
E80
330
E7E
100
AcDbEntity
  8
0
100
AcDbBlockEnd
  0
BLOCK
  5
E98
330
E97
100
AcDbEntity
  8
0
100
AcDbBlockBegin
  2
*D77
 70
     1
 10
0.0
 20
0.0
 30
0.0
  3
*D77
  1

  0
LINE
  5
4263
330
E97
100
AcDbEntity
  8
Dimension2
 62
     0
440
 16777216
370
    -2
100
AcDbLine
 10
2218.573637881315
 20
148.4263558091395
 30
0.0
 11
2224.171566565708
 21
142.8284271247462
 31
0.0
  0
LINE
  5
4264
330
E97
100
AcDbEntity
  8
Dimension2
 62
     0
440
 16777216
370
    -2
100
AcDbLine
 10
2229.8284208152
 20
137.1715728752544
 30
0.0
 11
2231.596187768166
 21
135.403805922288
 31
0.0
  0
MTEXT
  5
4265
330
E97
100
AcDbEntity
  8
Dimension2
 62
     0
440
 16777216
100
AcDbMText
 10
2221.814543961753
 20
147.8371001581511
 30
0.0
 40
2.5
 41
0.0
 46
0.0
 71
     5
 72
     1
  1
∅3
 11
0.7071067811865476
 21
-0.7071067811865476
 31
0.0
 73
     1
 44
1.0
  0
LINE
  5
4266
330
E97
100
AcDbEntity
  8
Dimension2
 62
     0
440
 16777216
370
    -2
100
AcDbLine
 10
2228.060653862233
 20
138.9393398282207
 30
0.0
 11
2225.939333518674
 21
141.0606601717798
 31
0.0
  0
SOLID
  5
4267
330
E97
100
AcDbEntity
  8
Dimension2
 62
     0
440
 16777216
100
AcDbTrace
 10
2230.123048640694
 20
137.4662007007489
 30
0.0
 11
2229.533792989705
 21
136.87694504976
 31
0.0
 12
2228.060653862233
 22
138.9393398282207
 32
0.0
 13
2228.060653862233
 23
138.9393398282207
 33
0.0
  0
SOLID
  5
4268
330
E97
100
AcDbEntity
  8
Dimension2
 62
     0
440
 16777216
100
AcDbTrace
 10
2224.466194391202
 20
143.1230549502406
 30
0.0
 11
2223.876938740213
 21
142.5337992992517
 31
0.0
 12
2225.939333518674
 22
141.0606601717798
 32
0.0
 13
2225.939333518674
 23
141.0606601717798
 33
0.0
  0
POINT
  5
4269
330
E97
100
AcDbEntity
  8
Defpoints
 62
     0
440
 16777216
100
AcDbPoint
 10
2225.939333518674
 20
141.0606601717798
 30
0.0
  0
POINT
  5
426A
330
E97
100
AcDbEntity
  8
Defpoints
 62
     0
440
 16777216
100
AcDbPoint
 10
2228.060653862233
 20
138.9393398282207
 30
0.0
  0
ENDBLK
  5
E99
330
E97
100
AcDbEntity
  8
0
100
AcDbBlockEnd
  0
BLOCK
  5
EA7
330
EA6
100
AcDbEntity
  8
0
100
AcDbBlockBegin
  2
*D78
 70
     1
 10
0.0
 20
0.0
 30
0.0
  3
*D78
  1

  0
LINE
  5
426B
330
EA6
100
AcDbEntity
  8
Dimension2
 62
     0
440
 16777216
370
    -2
100
AcDbLine
 10
2068.573637881314
 20
148.4263558091387
 30
0.0
 11
2074.171566565707
 21
142.828427124746
 31
0.0
  0
LINE
  5
426C
330
EA6
100
AcDbEntity
  8
Dimension2
 62
     0
440
 16777216
370
    -2
100
AcDbLine
 10
2079.8284208152
 20
137.1715728752543
 30
0.0
 11
2081.596187768167
 21
135.4038059222881
 31
0.0
  0
MTEXT
  5
426D
330
EA6
100
AcDbEntity
  8
Dimension2
 62
     0
440
 16777216
100
AcDbMText
 10
2071.814543961752
 20
147.83710015815
 30
0.0
 40
2.5
 41
0.0
 46
0.0
 71
     5
 72
     1
  1
∅3
 11
0.7071067811866235
 21
-0.7071067811864716
 31
0.0
 73
     1
 44
1.0
  0
LINE
  5
426E
330
EA6
100
AcDbEntity
  8
Dimension2
 62
     0
440
 16777216
370
    -2
100
AcDbLine
 10
2078.060653862234
 20
138.9393398282205
 30
0.0
 11
2075.939333518674
 21
141.0606601717798
 31
0.0
  0
SOLID
  5
426F
330
EA6
100
AcDbEntity
  8
Dimension2
 62
     0
440
 16777216
100
AcDbTrace
 10
2080.123048640695
 20
137.4662007007488
 30
0.0
 11
2079.533792989706
 21
136.8769450497599
 31
0.0
 12
2078.060653862234
 22
138.9393398282205
 32
0.0
 13
2078.060653862234
 23
138.9393398282205
 33
0.0
  0
SOLID
  5
4270
330
EA6
100
AcDbEntity
  8
Dimension2
 62
     0
440
 16777216
100
AcDbTrace
 10
2074.466194391202
 20
143.1230549502404
 30
0.0
 11
2073.876938740213
 21
142.5337992992515
 31
0.0
 12
2075.939333518674
 22
141.0606601717798
 32
0.0
 13
2075.939333518674
 23
141.0606601717798
 33
0.0
  0
POINT
  5
4271
330
EA6
100
AcDbEntity
  8
Defpoints
 62
     0
440
 16777216
100
AcDbPoint
 10
2075.939333518674
 20
141.0606601717798
 30
0.0
  0
POINT
  5
4272
330
EA6
100
AcDbEntity
  8
Defpoints
 62
     0
440
 16777216
100
AcDbPoint
 10
2078.060653862234
 20
138.9393398282205
 30
0.0
  0
ENDBLK
  5
EA8
330
EA6
100
AcDbEntity
  8
0
100
AcDbBlockEnd
  0
BLOCK
  5
EB3
330
EB2
100
AcDbEntity
  8
0
100
AcDbBlockBegin
  2
*D79
 70
     1
 10
0.0
 20
0.0
 30
0.0
  3
*D79
  1

  0
LINE
  5
4521
330
EB2
100
AcDbEntity
  8
Dimension2
 62
     0
440
 16777216
370
    -2
100
AcDbLine
 10
2008.374993690455
 20
25.00000000000002
 30
0.0
 11
1957.750000000001
 21
25.0
 31
0.0
  0
LINE
  5
4522
330
EB2
100
AcDbEntity
  8
Dimension2
 62
     0
440
 16777216
370
    -2
100
AcDbLine
 10
2308.374993690455
 20
210.0000000000001
 30
0.0
 11
1957.750000000001
 21
210.0
 31
0.0
  0
LINE
  5
4523
330
EB2
100
AcDbEntity
  8
Dimension2
 62
     0
440
 16777216
370
    -2
100
AcDbLine
 10
1959.000000000001
 20
27.5
 30
0.0
 11
1959.000000000001
 21
207.5000000000001
 31
0.0
  0
SOLID
  5
4524
330
EB2
100
AcDbEntity
  8
Dimension2
 62
     0
440
 16777216
100
AcDbTrace
 10
1958.583333333334
 20
27.5
 30
0.0
 11
1959.416666666667
 21
27.5
 31
0.0
 12
1959.000000000001
 22
25.0
 32
0.0
 13
1959.000000000001
 23
25.0
 33
0.0
  0
SOLID
  5
4525
330
EB2
100
AcDbEntity
  8
Dimension2
 62
     0
440
 16777216
100
AcDbTrace
 10
1958.583333333334
 20
207.5000000000001
 30
0.0
 11
1959.416666666667
 21
207.5000000000001
 31
0.0
 12
1959.000000000001
 22
210.0
 32
0.0
 13
1959.000000000001
 23
210.0
 33
0.0
  0
MTEXT
  5
4526
330
EB2
100
AcDbEntity
  8
Dimension2
 62
     0
440
 16777216
100
AcDbMText
 10
1957.125
 20
117.4999999999994
 30
0.0
 40
2.5
 41
0.0
 46
0.0
 71
     5
 72
     1
  1
185
 11
0.0000000000000001
 21
1.0
 31
0.0
 73
     1
 44
1.0
  0
POINT
  5
4527
330
EB2
100
AcDbEntity
  8
Defpoints
 62
     0
440
 16777216
100
AcDbPoint
 10
2008.999993690455
 20
25.00000000000002
 30
0.0
  0
POINT
  5
4528
330
EB2
100
AcDbEntity
  8
Defpoints
 62
     0
440
 16777216
100
AcDbPoint
 10
2308.999993690455
 20
210.0000000000001
 30
0.0
  0
POINT
  5
4529
330
EB2
100
AcDbEntity
  8
Defpoints
 62
     0
440
 16777216
100
AcDbPoint
 10
1959.000000000001
 20
210.0
 30
0.0
  0
ENDBLK
  5
EB4
330
EB2
100
AcDbEntity
  8
0
100
AcDbBlockEnd
  0
BLOCK
  5
EC9
330
EC8
100
AcDbEntity
  8
0
100
AcDbBlockBegin
  2
*D80
 70
     1
 10
0.0
 20
0.0
 30
0.0
  3
*D80
  1

  0
LINE
  5
4382
330
EC8
100
AcDbEntity
  8
Dimension2
 62
     0
440
 16777216
370
    -2
100
AcDbLine
 10
2008.999993690455
 20
24.375
 30
0.0
 11
2008.999993690455
 21
-16.25
 31
0.0
  0
LINE
  5
4383
330
EC8
100
AcDbEntity
  8
Dimension2
 62
     0
440
 16777216
370
    -2
100
AcDbLine
 10
2078.999993690454
 20
209.375
 30
0.0
 11
2078.999993690454
 21
-16.25
 31
0.0
  0
LINE
  5
4384
330
EC8
100
AcDbEntity
  8
Dimension2
 62
     0
440
 16777216
370
    -2
100
AcDbLine
 10
2011.499993690454
 20
-15.0
 30
0.0
 11
2076.499993690454
 21
-15.0
 31
0.0
  0
SOLID
  5
4385
330
EC8
100
AcDbEntity
  8
Dimension2
 62
     0
440
 16777216
100
AcDbTrace
 10
2011.499993690454
 20
-14.58333333333333
 30
0.0
 11
2011.499993690454
 21
-15.41666666666666
 31
0.0
 12
2008.999993690455
 22
-15.0
 32
0.0
 13
2008.999993690455
 23
-15.0
 33
0.0
  0
SOLID
  5
4386
330
EC8
100
AcDbEntity
  8
Dimension2
 62
     0
440
 16777216
100
AcDbTrace
 10
2076.499993690454
 20
-14.58333333333333
 30
0.0
 11
2076.499993690454
 21
-15.41666666666666
 31
0.0
 12
2078.999993690454
 22
-15.0
 32
0.0
 13
2078.999993690454
 23
-15.0
 33
0.0
  0
MTEXT
  5
4387
330
EC8
100
AcDbEntity
  8
Dimension2
 62
     0
440
 16777216
100
AcDbMText
 10
2043.999993690454
 20
-13.125
 30
0.0
 40
2.5
 41
0.0
 46
0.0
 71
     5
 72
     1
  1
70
 73
     1
 44
1.0
  0
POINT
  5
4388
330
EC8
100
AcDbEntity
  8
Defpoints
 62
     0
440
 16777216
100
AcDbPoint
 10
2008.999993690455
 20
25.0
 30
0.0
  0
POINT
  5
4389
330
EC8
100
AcDbEntity
  8
Defpoints
 62
     0
440
 16777216
100
AcDbPoint
 10
2078.999993690454
 20
210.0
 30
0.0
  0
POINT
  5
438A
330
EC8
100
AcDbEntity
  8
Defpoints
 62
     0
440
 16777216
100
AcDbPoint
 10
2078.999993690454
 20
-15.0
 30
0.0
  0
ENDBLK
  5
ECA
330
EC8
100
AcDbEntity
  8
0
100
AcDbBlockEnd
  0
BLOCK
  5
EDF
330
EDE
100
AcDbEntity
  8
0
100
AcDbBlockBegin
  2
*D81
 70
     1
 10
0.0
 20
0.0
 30
0.0
  3
*D81
  1

  0
LINE
  5
4370
330
EDE
100
AcDbEntity
  8
Dimension2
 62
     0
440
 16777216
370
    -2
100
AcDbLine
 10
2078.999993690454
 20
24.375
 30
0.0
 11
2078.999993690454
 21
-16.25
 31
0.0
  0
LINE
  5
4371
330
EDE
100
AcDbEntity
  8
Dimension2
 62
     0
440
 16777216
370
    -2
100
AcDbLine
 10
2308.999993690454
 20
209.375
 30
0.0
 11
2308.999993690454
 21
-16.25
 31
0.0
  0
LINE
  5
4372
330
EDE
100
AcDbEntity
  8
Dimension2
 62
     0
440
 16777216
370
    -2
100
AcDbLine
 10
2081.499993690454
 20
-15.0
 30
0.0
 11
2306.499993690454
 21
-15.0
 31
0.0
  0
SOLID
  5
4373
330
EDE
100
AcDbEntity
  8
Dimension2
 62
     0
440
 16777216
100
AcDbTrace
 10
2081.499993690454
 20
-14.58333333333333
 30
0.0
 11
2081.499993690454
 21
-15.41666666666666
 31
0.0
 12
2078.999993690454
 22
-15.0
 32
0.0
 13
2078.999993690454
 23
-15.0
 33
0.0
  0
SOLID
  5
4374
330
EDE
100
AcDbEntity
  8
Dimension2
 62
     0
440
 16777216
100
AcDbTrace
 10
2306.499993690454
 20
-14.58333333333333
 30
0.0
 11
2306.499993690454
 21
-15.41666666666666
 31
0.0
 12
2308.999993690454
 22
-15.0
 32
0.0
 13
2308.999993690454
 23
-15.0
 33
0.0
  0
MTEXT
  5
4375
330
EDE
100
AcDbEntity
  8
Dimension2
 62
     0
440
 16777216
100
AcDbMText
 10
2193.999993690454
 20
-13.125
 30
0.0
 40
2.5
 41
0.0
 46
0.0
 71
     5
 72
     1
  1
230
 73
     1
 44
1.0
  0
POINT
  5
4376
330
EDE
100
AcDbEntity
  8
Defpoints
 62
     0
440
 16777216
100
AcDbPoint
 10
2078.999993690454
 20
25.0
 30
0.0
  0
POINT
  5
4377
330
EDE
100
AcDbEntity
  8
Defpoints
 62
     0
440
 16777216
100
AcDbPoint
 10
2308.999993690454
 20
210.0
 30
0.0
  0
POINT
  5
4378
330
EDE
100
AcDbEntity
  8
Defpoints
 62
     0
440
 16777216
100
AcDbPoint
 10
2308.999993690454
 20
-15.0
 30
0.0
  0
ENDBLK
  5
EE0
330
EDE
100
AcDbEntity
  8
0
100
AcDbBlockEnd
  0
BLOCK
  5
F02
330
F01
100
AcDbEntity
  8
0
100
AcDbBlockBegin
  2
*D82
 70
     1
 10
0.0
 20
0.0
 30
0.0
  3
*D82
  1

  0
LINE
  5
4273
330
F01
100
AcDbEntity
  8
Dimension2
 62
     0
440
 16777216
370
    -2
100
AcDbLine
 10
2299.15942431894
 20
219.8405693715115
 30
0.0
 11
2304.757353003334
 21
214.2426406871189
 31
0.0
  0
LINE
  5
4274
330
F01
100
AcDbEntity
  8
Dimension2
 62
     0
440
 16777216
370
    -2
100
AcDbLine
 10
2313.242634377574
 20
205.7573593128811
 30
0.0
 11
2315.010401330541
 21
203.9895923599149
 31
0.0
  0
MTEXT
  5
4275
330
F01
100
AcDbEntity
  8
Dimension2
 62
     0
440
 16777216
100
AcDbMText
 10
2302.400330399379
 20
219.2513137205231
 30
0.0
 40
2.5
 41
0.0
 46
0.0
 71
     5
 72
     1
  1
∅7
 11
0.7071067811866449
 21
-0.7071067811864502
 31
0.0
 73
     1
 44
1.0
  0
LINE
  5
4276
330
F01
100
AcDbEntity
  8
Dimension2
 62
     0
440
 16777216
370
    -2
100
AcDbLine
 10
2311.474867424608
 20
207.5251262658471
 30
0.0
 11
2306.525119956301
 21
212.4748737341526
 31
0.0
  0
SOLID
  5
4277
330
F01
100
AcDbEntity
  8
Dimension2
 62
     0
440
 16777216
100
AcDbTrace
 10
2313.537262203068
 20
206.0519871383756
 30
0.0
 11
2312.948006552079
 21
205.4627314873865
 31
0.0
 12
2311.474867424608
 22
207.5251262658471
 32
0.0
 13
2311.474867424608
 23
207.5251262658471
 33
0.0
  0
SOLID
  5
4278
330
F01
100
AcDbEntity
  8
Dimension2
 62
     0
440
 16777216
100
AcDbTrace
 10
2305.051980828829
 20
214.5372685126135
 30
0.0
 11
2304.46272517784
 21
213.9480128616244
 31
0.0
 12
2306.525119956301
 22
212.4748737341526
 32
0.0
 13
2306.525119956301
 23
212.4748737341526
 33
0.0
  0
POINT
  5
4279
330
F01
100
AcDbEntity
  8
Defpoints
 62
     0
440
 16777216
100
AcDbPoint
 10
2306.525119956301
 20
212.4748737341526
 30
0.0
  0
POINT
  5
427A
330
F01
100
AcDbEntity
  8
Defpoints
 62
     0
440
 16777216
100
AcDbPoint
 10
2311.474867424608
 20
207.5251262658471
 30
0.0
  0
ENDBLK
  5
F03
330
F01
100
AcDbEntity
  8
0
100
AcDbBlockEnd
  0
BLOCK
  5
F11
330
F10
100
AcDbEntity
  8
0
100
AcDbBlockBegin
  2
*D83
 70
     1
 10
0.0
 20
0.0
 30
0.0
  3
*D83
  1

  0
LINE
  5
427B
330
F10
100
AcDbEntity
  8
Dimension2
 62
     0
440
 16777216
370
    -2
100
AcDbLine
 10
2069.159424318942
 20
219.8405693715124
 30
0.0
 11
2074.757353003335
 21
214.2426406871192
 31
0.0
  0
LINE
  5
427C
330
F10
100
AcDbEntity
  8
Dimension2
 62
     0
440
 16777216
370
    -2
100
AcDbLine
 10
2083.242634377575
 20
205.7573593128803
 30
0.0
 11
2085.010401330541
 21
203.989592359914
 31
0.0
  0
MTEXT
  5
427D
330
F10
100
AcDbEntity
  8
Dimension2
 62
     0
440
 16777216
100
AcDbMText
 10
2072.40033039938
 20
219.2513137205235
 30
0.0
 40
2.5
 41
0.0
 46
0.0
 71
     5
 72
     1
  1
∅7
 11
0.707106781186572
 21
-0.7071067811865231
 31
0.0
 73
     1
 44
1.0
  0
LINE
  5
427E
330
F10
100
AcDbEntity
  8
Dimension2
 62
     0
440
 16777216
370
    -2
100
AcDbLine
 10
2081.474867424609
 20
207.5251262658465
 30
0.0
 11
2076.525119956302
 21
212.4748737341529
 31
0.0
  0
SOLID
  5
427F
330
F10
100
AcDbEntity
  8
Dimension2
 62
     0
440
 16777216
100
AcDbTrace
 10
2083.537262203069
 20
206.0519871383748
 30
0.0
 11
2082.94800655208
 21
205.4627314873859
 31
0.0
 12
2081.474867424609
 22
207.5251262658465
 32
0.0
 13
2081.474867424609
 23
207.5251262658465
 33
0.0
  0
SOLID
  5
4280
330
F10
100
AcDbEntity
  8
Dimension2
 62
     0
440
 16777216
100
AcDbTrace
 10
2075.051980828829
 20
214.5372685126137
 30
0.0
 11
2074.462725177841
 21
213.9480128616248
 31
0.0
 12
2076.525119956302
 22
212.4748737341529
 32
0.0
 13
2076.525119956302
 23
212.4748737341529
 33
0.0
  0
POINT
  5
4281
330
F10
100
AcDbEntity
  8
Defpoints
 62
     0
440
 16777216
100
AcDbPoint
 10
2076.525119956302
 20
212.4748737341529
 30
0.0
  0
POINT
  5
4282
330
F10
100
AcDbEntity
  8
Defpoints
 62
     0
440
 16777216
100
AcDbPoint
 10
2081.474867424609
 20
207.5251262658465
 30
0.0
  0
ENDBLK
  5
F12
330
F10
100
AcDbEntity
  8
0
100
AcDbBlockEnd
  0
BLOCK
  5
F1E
330
F1D
100
AcDbEntity
  8
0
100
AcDbBlockBegin
  2
*D84
 70
     1
 10
0.0
 20
0.0
 30
0.0
  3
*D84
  1

  0
LINE
  5
4596
330
F1D
100
AcDbEntity
  8
Dimension2
 62
     0
440
 16777216
370
    -2
100
AcDbLine
 10
2008.374993690455
 20
495.0000000000001
 30
0.0
 11
1957.750000000001
 21
495.0000000000001
 31
0.0
  0
LINE
  5
4597
330
F1D
100
AcDbEntity
  8
Dimension2
 62
     0
440
 16777216
370
    -2
100
AcDbLine
 10
2311.374993690455
 20
340.0000000000001
 30
0.0
 11
1957.750000000001
 21
340.0000000000001
 31
0.0
  0
LINE
  5
4598
330
F1D
100
AcDbEntity
  8
Dimension2
 62
     0
440
 16777216
370
    -2
100
AcDbLine
 10
1959.000000000001
 20
492.5000000000002
 30
0.0
 11
1959.000000000001
 21
342.5000000000001
 31
0.0
  0
SOLID
  5
4599
330
F1D
100
AcDbEntity
  8
Dimension2
 62
     0
440
 16777216
100
AcDbTrace
 10
1958.583333333334
 20
492.5000000000002
 30
0.0
 11
1959.416666666667
 21
492.5000000000002
 31
0.0
 12
1959.000000000001
 22
495.0000000000001
 32
0.0
 13
1959.000000000001
 23
495.0000000000001
 33
0.0
  0
SOLID
  5
459A
330
F1D
100
AcDbEntity
  8
Dimension2
 62
     0
440
 16777216
100
AcDbTrace
 10
1958.583333333334
 20
342.5000000000001
 30
0.0
 11
1959.416666666667
 21
342.5000000000001
 31
0.0
 12
1959.000000000001
 22
340.0000000000001
 32
0.0
 13
1959.000000000001
 23
340.0000000000001
 33
0.0
  0
MTEXT
  5
459B
330
F1D
100
AcDbEntity
  8
Dimension2
 62
     0
440
 16777216
100
AcDbMText
 10
1957.125
 20
417.4999999999995
 30
0.0
 40
2.5
 41
0.0
 46
0.0
 71
     5
 72
     1
  1
155
 11
0.0000000000000001
 21
1.0
 31
0.0
 73
     1
 44
1.0
  0
POINT
  5
459C
330
F1D
100
AcDbEntity
  8
Defpoints
 62
     0
440
 16777216
100
AcDbPoint
 10
2008.999993690455
 20
495.0000000000001
 30
0.0
  0
POINT
  5
459D
330
F1D
100
AcDbEntity
  8
Defpoints
 62
     0
440
 16777216
100
AcDbPoint
 10
2311.999993690455
 20
340.0000000000001
 30
0.0
  0
POINT
  5
459E
330
F1D
100
AcDbEntity
  8
Defpoints
 62
     0
440
 16777216
100
AcDbPoint
 10
1959.000000000001
 20
340.0000000000001
 30
0.0
  0
ENDBLK
  5
F1F
330
F1D
100
AcDbEntity
  8
0
100
AcDbBlockEnd
  0
BLOCK
  5
F34
330
F33
100
AcDbEntity
  8
0
100
AcDbBlockBegin
  2
*D85
 70
     1
 10
0.0
 20
0.0
 30
0.0
  3
*D85
  1

  0
LINE
  5
458D
330
F33
100
AcDbEntity
  8
Dimension2
 62
     0
440
 16777216
370
    -2
100
AcDbLine
 10
2008.374993690455
 20
340.0000000000001
 30
0.0
 11
1957.750000000001
 21
340.0000000000001
 31
0.0
  0
LINE
  5
458E
330
F33
100
AcDbEntity
  8
Dimension2
 62
     0
440
 16777216
370
    -2
100
AcDbLine
 10
2311.374993690455
 20
280.0000000000001
 30
0.0
 11
1957.750000000001
 21
280.0000000000001
 31
0.0
  0
LINE
  5
458F
330
F33
100
AcDbEntity
  8
Dimension2
 62
     0
440
 16777216
370
    -2
100
AcDbLine
 10
1959.000000000001
 20
337.5000000000001
 30
0.0
 11
1959.000000000001
 21
282.5000000000001
 31
0.0
  0
SOLID
  5
4590
330
F33
100
AcDbEntity
  8
Dimension2
 62
     0
440
 16777216
100
AcDbTrace
 10
1958.583333333334
 20
337.5000000000001
 30
0.0
 11
1959.416666666667
 21
337.5000000000001
 31
0.0
 12
1959.000000000001
 22
340.0000000000001
 32
0.0
 13
1959.000000000001
 23
340.0000000000001
 33
0.0
  0
SOLID
  5
4591
330
F33
100
AcDbEntity
  8
Dimension2
 62
     0
440
 16777216
100
AcDbTrace
 10
1958.583333333334
 20
282.5000000000001
 30
0.0
 11
1959.416666666667
 21
282.5000000000001
 31
0.0
 12
1959.000000000001
 22
280.0000000000001
 32
0.0
 13
1959.000000000001
 23
280.0000000000001
 33
0.0
  0
MTEXT
  5
4592
330
F33
100
AcDbEntity
  8
Dimension2
 62
     0
440
 16777216
100
AcDbMText
 10
1957.125
 20
309.9999999999994
 30
0.0
 40
2.5
 41
0.0
 46
0.0
 71
     5
 72
     1
  1
60
 11
0.0000000000000001
 21
1.0
 31
0.0
 73
     1
 44
1.0
  0
POINT
  5
4593
330
F33
100
AcDbEntity
  8
Defpoints
 62
     0
440
 16777216
100
AcDbPoint
 10
2008.999993690455
 20
340.0000000000001
 30
0.0
  0
POINT
  5
4594
330
F33
100
AcDbEntity
  8
Defpoints
 62
     0
440
 16777216
100
AcDbPoint
 10
2311.999993690455
 20
280.0000000000001
 30
0.0
  0
POINT
  5
4595
330
F33
100
AcDbEntity
  8
Defpoints
 62
     0
440
 16777216
100
AcDbPoint
 10
1959.000000000001
 20
280.0000000000001
 30
0.0
  0
ENDBLK
  5
F35
330
F33
100
AcDbEntity
  8
0
100
AcDbBlockEnd
  0
BLOCK
  5
F4A
330
F49
100
AcDbEntity
  8
0
100
AcDbBlockBegin
  2
*D86
 70
     1
 10
0.0
 20
0.0
 30
0.0
  3
*D86
  1

  0
LINE
  5
4569
330
F49
100
AcDbEntity
  8
Dimension2
 62
     0
440
 16777216
370
    -2
100
AcDbLine
 10
2008.374993690455
 20
495.0000000000001
 30
0.0
 11
1977.750000000001
 21
495.0000000000001
 31
0.0
  0
LINE
  5
456A
330
F49
100
AcDbEntity
  8
Dimension2
 62
     0
440
 16777216
370
    -2
100
AcDbLine
 10
2325.374993690455
 20
310.0000000000001
 30
0.0
 11
1977.750000000001
 21
310.0
 31
0.0
  0
LINE
  5
456B
330
F49
100
AcDbEntity
  8
Dimension2
 62
     0
440
 16777216
370
    -2
100
AcDbLine
 10
1979.000000000001
 20
492.5000000000002
 30
0.0
 11
1979.000000000001
 21
312.5
 31
0.0
  0
SOLID
  5
456C
330
F49
100
AcDbEntity
  8
Dimension2
 62
     0
440
 16777216
100
AcDbTrace
 10
1978.583333333334
 20
492.5000000000002
 30
0.0
 11
1979.416666666667
 21
492.5000000000002
 31
0.0
 12
1979.000000000001
 22
495.0000000000001
 32
0.0
 13
1979.000000000001
 23
495.0000000000001
 33
0.0
  0
SOLID
  5
456D
330
F49
100
AcDbEntity
  8
Dimension2
 62
     0
440
 16777216
100
AcDbTrace
 10
1978.583333333334
 20
312.5
 30
0.0
 11
1979.416666666667
 21
312.5
 31
0.0
 12
1979.000000000001
 22
310.0
 32
0.0
 13
1979.000000000001
 23
310.0
 33
0.0
  0
MTEXT
  5
456E
330
F49
100
AcDbEntity
  8
Dimension2
 62
     0
440
 16777216
100
AcDbMText
 10
1977.125
 20
402.4999999999995
 30
0.0
 40
2.5
 41
0.0
 46
0.0
 71
     5
 72
     1
  1
185
 11
0.0000000000000001
 21
1.0
 31
0.0
 73
     1
 44
1.0
  0
POINT
  5
456F
330
F49
100
AcDbEntity
  8
Defpoints
 62
     0
440
 16777216
100
AcDbPoint
 10
2008.999993690455
 20
495.0000000000001
 30
0.0
  0
POINT
  5
4570
330
F49
100
AcDbEntity
  8
Defpoints
 62
     0
440
 16777216
100
AcDbPoint
 10
2325.999993690455
 20
310.0000000000001
 30
0.0
  0
POINT
  5
4571
330
F49
100
AcDbEntity
  8
Defpoints
 62
     0
440
 16777216
100
AcDbPoint
 10
1979.000000000001
 20
310.0
 30
0.0
  0
ENDBLK
  5
F4B
330
F49
100
AcDbEntity
  8
0
100
AcDbBlockEnd
  0
BLOCK
  5
F60
330
F5F
100
AcDbEntity
  8
0
100
AcDbBlockBegin
  2
*D87
 70
     1
 10
0.0
 20
0.0
 30
0.0
  3
*D87
  1

  0
LINE
  5
3FC9
330
F5F
100
AcDbEntity
  8
Dimension2
 62
     0
440
 16777216
370
    -2
100
AcDbLine
 10
2008.999993690455
 20
279.375
 30
0.0
 11
2008.999993690455
 21
268.75
 31
0.0
  0
LINE
  5
3FCA
330
F5F
100
AcDbEntity
  8
Dimension2
 62
     0
440
 16777216
370
    -2
100
AcDbLine
 10
2061.999993690454
 20
339.375
 30
0.0
 11
2061.999993690454
 21
268.75
 31
0.0
  0
LINE
  5
3FCB
330
F5F
100
AcDbEntity
  8
Dimension2
 62
     0
440
 16777216
370
    -2
100
AcDbLine
 10
2011.499993690454
 20
270.0
 30
0.0
 11
2059.499993690454
 21
270.0
 31
0.0
  0
SOLID
  5
3FCC
330
F5F
100
AcDbEntity
  8
Dimension2
 62
     0
440
 16777216
100
AcDbTrace
 10
2011.499993690454
 20
270.4166666666667
 30
0.0
 11
2011.499993690454
 21
269.5833333333333
 31
0.0
 12
2008.999993690455
 22
270.0
 32
0.0
 13
2008.999993690455
 23
270.0
 33
0.0
  0
SOLID
  5
3FCD
330
F5F
100
AcDbEntity
  8
Dimension2
 62
     0
440
 16777216
100
AcDbTrace
 10
2059.499993690454
 20
270.4166666666667
 30
0.0
 11
2059.499993690454
 21
269.5833333333333
 31
0.0
 12
2061.999993690454
 22
270.0
 32
0.0
 13
2061.999993690454
 23
270.0
 33
0.0
  0
MTEXT
  5
3FCE
330
F5F
100
AcDbEntity
  8
Dimension2
 62
     0
440
 16777216
100
AcDbMText
 10
2035.499993690454
 20
271.875
 30
0.0
 40
2.5
 41
0.0
 46
0.0
 71
     5
 72
     1
  1
53
 73
     1
 44
1.0
  0
POINT
  5
3FCF
330
F5F
100
AcDbEntity
  8
Defpoints
 62
     0
440
 16777216
100
AcDbPoint
 10
2008.999993690455
 20
280.0
 30
0.0
  0
POINT
  5
3FD0
330
F5F
100
AcDbEntity
  8
Defpoints
 62
     0
440
 16777216
100
AcDbPoint
 10
2061.999993690454
 20
340.0
 30
0.0
  0
POINT
  5
3FD1
330
F5F
100
AcDbEntity
  8
Defpoints
 62
     0
440
 16777216
100
AcDbPoint
 10
2061.999993690454
 20
270.0
 30
0.0
  0
ENDBLK
  5
F61
330
F5F
100
AcDbEntity
  8
0
100
AcDbBlockEnd
  0
BLOCK
  5
F6D
330
F6C
100
AcDbEntity
  8
0
100
AcDbBlockBegin
  2
*D88
 70
     1
 10
0.0
 20
0.0
 30
0.0
  3
*D88
  1

  0
LINE
  5
3FD2
330
F6C
100
AcDbEntity
  8
Dimension2
 62
     0
440
 16777216
370
    -2
100
AcDbLine
 10
2061.999993690454
 20
279.375
 30
0.0
 11
2061.999993690454
 21
268.75
 31
0.0
  0
LINE
  5
3FD3
330
F6C
100
AcDbEntity
  8
Dimension2
 62
     0
440
 16777216
370
    -2
100
AcDbLine
 10
2211.999993690454
 20
339.375
 30
0.0
 11
2211.999993690454
 21
268.75
 31
0.0
  0
LINE
  5
3FD4
330
F6C
100
AcDbEntity
  8
Dimension2
 62
     0
440
 16777216
370
    -2
100
AcDbLine
 10
2064.499993690454
 20
270.0
 30
0.0
 11
2209.499993690454
 21
270.0
 31
0.0
  0
SOLID
  5
3FD5
330
F6C
100
AcDbEntity
  8
Dimension2
 62
     0
440
 16777216
100
AcDbTrace
 10
2064.499993690454
 20
270.4166666666667
 30
0.0
 11
2064.499993690454
 21
269.5833333333333
 31
0.0
 12
2061.999993690454
 22
270.0
 32
0.0
 13
2061.999993690454
 23
270.0
 33
0.0
  0
SOLID
  5
3FD6
330
F6C
100
AcDbEntity
  8
Dimension2
 62
     0
440
 16777216
100
AcDbTrace
 10
2209.499993690454
 20
270.4166666666667
 30
0.0
 11
2209.499993690454
 21
269.5833333333333
 31
0.0
 12
2211.999993690454
 22
270.0
 32
0.0
 13
2211.999993690454
 23
270.0
 33
0.0
  0
MTEXT
  5
3FD7
330
F6C
100
AcDbEntity
  8
Dimension2
 62
     0
440
 16777216
100
AcDbMText
 10
2136.999993690454
 20
271.875
 30
0.0
 40
2.5
 41
0.0
 46
0.0
 71
     5
 72
     1
  1
150
 73
     1
 44
1.0
  0
POINT
  5
3FD8
330
F6C
100
AcDbEntity
  8
Defpoints
 62
     0
440
 16777216
100
AcDbPoint
 10
2061.999993690454
 20
280.0
 30
0.0
  0
POINT
  5
3FD9
330
F6C
100
AcDbEntity
  8
Defpoints
 62
     0
440
 16777216
100
AcDbPoint
 10
2211.999993690454
 20
340.0
 30
0.0
  0
POINT
  5
3FDA
330
F6C
100
AcDbEntity
  8
Defpoints
 62
     0
440
 16777216
100
AcDbPoint
 10
2211.999993690454
 20
270.0
 30
0.0
  0
ENDBLK
  5
F6E
330
F6C
100
AcDbEntity
  8
0
100
AcDbBlockEnd
  0
BLOCK
  5
F7A
330
F79
100
AcDbEntity
  8
0
100
AcDbBlockBegin
  2
*D89
 70
     1
 10
0.0
 20
0.0
 30
0.0
  3
*D89
  1

  0
LINE
  5
3FDB
330
F79
100
AcDbEntity
  8
Dimension2
 62
     0
440
 16777216
370
    -2
100
AcDbLine
 10
2211.999993690454
 20
279.375
 30
0.0
 11
2211.999993690454
 21
268.75
 31
0.0
  0
LINE
  5
3FDC
330
F79
100
AcDbEntity
  8
Dimension2
 62
     0
440
 16777216
370
    -2
100
AcDbLine
 10
2311.999993690454
 20
339.375
 30
0.0
 11
2311.999993690454
 21
268.75
 31
0.0
  0
LINE
  5
3FDD
330
F79
100
AcDbEntity
  8
Dimension2
 62
     0
440
 16777216
370
    -2
100
AcDbLine
 10
2214.499993690454
 20
270.0
 30
0.0
 11
2309.499993690454
 21
270.0
 31
0.0
  0
SOLID
  5
3FDE
330
F79
100
AcDbEntity
  8
Dimension2
 62
     0
440
 16777216
100
AcDbTrace
 10
2214.499993690454
 20
270.4166666666667
 30
0.0
 11
2214.499993690454
 21
269.5833333333333
 31
0.0
 12
2211.999993690454
 22
270.0
 32
0.0
 13
2211.999993690454
 23
270.0
 33
0.0
  0
SOLID
  5
3FDF
330
F79
100
AcDbEntity
  8
Dimension2
 62
     0
440
 16777216
100
AcDbTrace
 10
2309.499993690454
 20
270.4166666666667
 30
0.0
 11
2309.499993690454
 21
269.5833333333333
 31
0.0
 12
2311.999993690454
 22
270.0
 32
0.0
 13
2311.999993690454
 23
270.0
 33
0.0
  0
MTEXT
  5
3FE0
330
F79
100
AcDbEntity
  8
Dimension2
 62
     0
440
 16777216
100
AcDbMText
 10
2261.999993690454
 20
271.875
 30
0.0
 40
2.5
 41
0.0
 46
0.0
 71
     5
 72
     1
  1
100
 73
     1
 44
1.0
  0
POINT
  5
3FE1
330
F79
100
AcDbEntity
  8
Defpoints
 62
     0
440
 16777216
100
AcDbPoint
 10
2211.999993690454
 20
280.0
 30
0.0
  0
POINT
  5
3FE2
330
F79
100
AcDbEntity
  8
Defpoints
 62
     0
440
 16777216
100
AcDbPoint
 10
2311.999993690454
 20
340.0
 30
0.0
  0
POINT
  5
3FE3
330
F79
100
AcDbEntity
  8
Defpoints
 62
     0
440
 16777216
100
AcDbPoint
 10
2311.999993690454
 20
270.0
 30
0.0
  0
ENDBLK
  5
F7B
330
F79
100
AcDbEntity
  8
0
100
AcDbBlockEnd
  0
BLOCK
  5
FB8
330
FB7
100
AcDbEntity
  8
0
100
AcDbBlockBegin
  2
*D90
 70
     1
 10
0.0
 20
0.0
 30
0.0
  3
*D90
  1

  0
LINE
  5
4283
330
FB7
100
AcDbEntity
  8
Dimension2
 62
     0
440
 16777216
370
    -2
100
AcDbLine
 10
2303.573637881314
 20
288.4263558091394
 30
0.0
 11
2309.171566565708
 21
282.8284271247462
 31
0.0
  0
LINE
  5
4284
330
FB7
100
AcDbEntity
  8
Dimension2
 62
     0
440
 16777216
370
    -2
100
AcDbLine
 10
2314.8284208152
 20
277.1715728752539
 30
0.0
 11
2316.596187768167
 21
275.4038059222876
 31
0.0
  0
MTEXT
  5
4285
330
FB7
100
AcDbEntity
  8
Dimension2
 62
     0
440
 16777216
100
AcDbMText
 10
2306.814543961753
 20
287.8371001581507
 30
0.0
 40
2.5
 41
0.0
 46
0.0
 71
     5
 72
     1
  1
∅3
 11
0.7071067811865664
 21
-0.7071067811865288
 31
0.0
 73
     1
 44
1.0
  0
LINE
  5
4286
330
FB7
100
AcDbEntity
  8
Dimension2
 62
     0
440
 16777216
370
    -2
100
AcDbLine
 10
2313.060653862234
 20
278.9393398282202
 30
0.0
 11
2310.939333518674
 21
281.0606601717799
 31
0.0
  0
SOLID
  5
4287
330
FB7
100
AcDbEntity
  8
Dimension2
 62
     0
440
 16777216
100
AcDbTrace
 10
2315.123048640695
 20
277.4662007007484
 30
0.0
 11
2314.533792989706
 21
276.8769450497595
 31
0.0
 12
2313.060653862234
 22
278.9393398282202
 32
0.0
 13
2313.060653862234
 23
278.9393398282202
 33
0.0
  0
SOLID
  5
4288
330
FB7
100
AcDbEntity
  8
Dimension2
 62
     0
440
 16777216
100
AcDbTrace
 10
2309.466194391202
 20
283.1230549502407
 30
0.0
 11
2308.876938740213
 21
282.5337992992518
 31
0.0
 12
2310.939333518674
 22
281.0606601717799
 32
0.0
 13
2310.939333518674
 23
281.0606601717799
 33
0.0
  0
POINT
  5
4289
330
FB7
100
AcDbEntity
  8
Defpoints
 62
     0
440
 16777216
100
AcDbPoint
 10
2310.939333518674
 20
281.0606601717799
 30
0.0
  0
POINT
  5
428A
330
FB7
100
AcDbEntity
  8
Defpoints
 62
     0
440
 16777216
100
AcDbPoint
 10
2313.060653862234
 20
278.9393398282202
 30
0.0
  0
ENDBLK
  5
FB9
330
FB7
100
AcDbEntity
  8
0
100
AcDbBlockEnd
  0
BLOCK
  5
FC7
330
FC6
100
AcDbEntity
  8
0
100
AcDbBlockBegin
  2
*D91
 70
     1
 10
0.0
 20
0.0
 30
0.0
  3
*D91
  1

  0
LINE
  5
428B
330
FC6
100
AcDbEntity
  8
Dimension2
 62
     0
440
 16777216
370
    -2
100
AcDbLine
 10
2303.573637881314
 20
348.4263558091389
 30
0.0
 11
2309.171566565709
 21
342.828427124746
 31
0.0
  0
LINE
  5
428C
330
FC6
100
AcDbEntity
  8
Dimension2
 62
     0
440
 16777216
370
    -2
100
AcDbLine
 10
2314.828420815201
 20
337.1715728752544
 30
0.0
 11
2316.596187768167
 21
335.4038059222881
 31
0.0
  0
MTEXT
  5
428D
330
FC6
100
AcDbEntity
  8
Dimension2
 62
     0
440
 16777216
100
AcDbMText
 10
2306.814543961753
 20
347.8371001581504
 30
0.0
 40
2.5
 41
0.0
 46
0.0
 71
     5
 72
     1
  1
∅3
 11
0.7071067811866048
 21
-0.7071067811864904
 31
0.0
 73
     1
 44
1.0
  0
LINE
  5
428E
330
FC6
100
AcDbEntity
  8
Dimension2
 62
     0
440
 16777216
370
    -2
100
AcDbLine
 10
2313.060653862234
 20
338.9393398282207
 30
0.0
 11
2310.939333518675
 21
341.0606601717798
 31
0.0
  0
SOLID
  5
428F
330
FC6
100
AcDbEntity
  8
Dimension2
 62
     0
440
 16777216
100
AcDbTrace
 10
2315.123048640695
 20
337.4662007007489
 30
0.0
 11
2314.533792989706
 21
336.87694504976
 31
0.0
 12
2313.060653862234
 22
338.9393398282207
 32
0.0
 13
2313.060653862234
 23
338.9393398282207
 33
0.0
  0
SOLID
  5
4290
330
FC6
100
AcDbEntity
  8
Dimension2
 62
     0
440
 16777216
100
AcDbTrace
 10
2309.466194391203
 20
343.1230549502404
 30
0.0
 11
2308.876938740214
 21
342.5337992992516
 31
0.0
 12
2310.939333518675
 22
341.0606601717798
 32
0.0
 13
2310.939333518675
 23
341.0606601717798
 33
0.0
  0
POINT
  5
4291
330
FC6
100
AcDbEntity
  8
Defpoints
 62
     0
440
 16777216
100
AcDbPoint
 10
2310.939333518675
 20
341.0606601717798
 30
0.0
  0
POINT
  5
4292
330
FC6
100
AcDbEntity
  8
Defpoints
 62
     0
440
 16777216
100
AcDbPoint
 10
2313.060653862234
 20
338.9393398282207
 30
0.0
  0
ENDBLK
  5
FC8
330
FC6
100
AcDbEntity
  8
0
100
AcDbBlockEnd
  0
BLOCK
  5
FD6
330
FD5
100
AcDbEntity
  8
0
100
AcDbBlockBegin
  2
*D92
 70
     1
 10
0.0
 20
0.0
 30
0.0
  3
*D92
  1

  0
LINE
  5
4293
330
FD5
100
AcDbEntity
  8
Dimension2
 62
     0
440
 16777216
370
    -2
100
AcDbLine
 10
2203.573637881317
 20
288.4263558091415
 30
0.0
 11
2209.171566565709
 21
282.8284271247468
 31
0.0
  0
LINE
  5
4294
330
FD5
100
AcDbEntity
  8
Dimension2
 62
     0
440
 16777216
370
    -2
100
AcDbLine
 10
2214.8284208152
 20
277.1715728752532
 30
0.0
 11
2216.596187768166
 21
275.4038059222863
 31
0.0
  0
MTEXT
  5
4295
330
FD5
100
AcDbEntity
  8
Dimension2
 62
     0
440
 16777216
100
AcDbMText
 10
2206.814543961755
 20
287.8371001581522
 30
0.0
 40
2.5
 41
0.0
 46
0.0
 71
     5
 72
     1
  1
∅3
 11
0.7071067811863774
 21
-0.7071067811867177
 31
0.0
 73
     1
 44
1.0
  0
LINE
  5
4296
330
FD5
100
AcDbEntity
  8
Dimension2
 62
     0
440
 16777216
370
    -2
100
AcDbLine
 10
2213.060653862234
 20
278.93933982822
 30
0.0
 11
2210.939333518675
 21
281.06066017178
 31
0.0
  0
SOLID
  5
4297
330
FD5
100
AcDbEntity
  8
Dimension2
 62
     0
440
 16777216
100
AcDbTrace
 10
2215.123048640695
 20
277.4662007007477
 30
0.0
 11
2214.533792989706
 21
276.876945049759
 31
0.0
 12
2213.060653862234
 22
278.93933982822
 32
0.0
 13
2213.060653862234
 23
278.93933982822
 33
0.0
  0
SOLID
  5
4298
330
FD5
100
AcDbEntity
  8
Dimension2
 62
     0
440
 16777216
100
AcDbTrace
 10
2209.466194391204
 20
283.1230549502412
 30
0.0
 11
2208.876938740214
 21
282.5337992992526
 31
0.0
 12
2210.939333518675
 22
281.06066017178
 32
0.0
 13
2210.939333518675
 23
281.06066017178
 33
0.0
  0
POINT
  5
4299
330
FD5
100
AcDbEntity
  8
Defpoints
 62
     0
440
 16777216
100
AcDbPoint
 10
2210.939333518675
 20
281.06066017178
 30
0.0
  0
POINT
  5
429A
330
FD5
100
AcDbEntity
  8
Defpoints
 62
     0
440
 16777216
100
AcDbPoint
 10
2213.060653862234
 20
278.93933982822
 30
0.0
  0
ENDBLK
  5
FD7
330
FD5
100
AcDbEntity
  8
0
100
AcDbBlockEnd
  0
BLOCK
  5
FE5
330
FE4
100
AcDbEntity
  8
0
100
AcDbBlockBegin
  2
*D93
 70
     1
 10
0.0
 20
0.0
 30
0.0
  3
*D93
  1

  0
LINE
  5
429B
330
FE4
100
AcDbEntity
  8
Dimension2
 62
     0
440
 16777216
370
    -2
100
AcDbLine
 10
2203.573637881316
 20
348.4263558091409
 30
0.0
 11
2209.171566565709
 21
342.8284271247467
 31
0.0
  0
LINE
  5
429C
330
FE4
100
AcDbEntity
  8
Dimension2
 62
     0
440
 16777216
370
    -2
100
AcDbLine
 10
2214.828420815199
 20
337.1715728752544
 30
0.0
 11
2216.596187768165
 21
335.4038059222878
 31
0.0
  0
MTEXT
  5
429D
330
FE4
100
AcDbEntity
  8
Dimension2
 62
     0
440
 16777216
100
AcDbMText
 10
2206.814543961754
 20
347.8371001581517
 30
0.0
 40
2.5
 41
0.0
 46
0.0
 71
     5
 72
     1
  1
∅3
 11
0.7071067811864339
 21
-0.7071067811866612
 31
0.0
 73
     1
 44
1.0
  0
LINE
  5
429E
330
FE4
100
AcDbEntity
  8
Dimension2
 62
     0
440
 16777216
370
    -2
100
AcDbLine
 10
2213.060653862233
 20
338.9393398282211
 30
0.0
 11
2210.939333518675
 21
341.06066017178
 31
0.0
  0
SOLID
  5
429F
330
FE4
100
AcDbEntity
  8
Dimension2
 62
     0
440
 16777216
100
AcDbTrace
 10
2215.123048640693
 20
337.4662007007489
 30
0.0
 11
2214.533792989705
 21
336.87694504976
 31
0.0
 12
2213.060653862233
 22
338.9393398282211
 32
0.0
 13
2213.060653862233
 23
338.9393398282211
 33
0.0
  0
SOLID
  5
42A0
330
FE4
100
AcDbEntity
  8
Dimension2
 62
     0
440
 16777216
100
AcDbTrace
 10
2209.466194391203
 20
343.1230549502411
 30
0.0
 11
2208.876938740214
 21
342.5337992992522
 31
0.0
 12
2210.939333518675
 22
341.06066017178
 32
0.0
 13
2210.939333518675
 23
341.06066017178
 33
0.0
  0
POINT
  5
42A1
330
FE4
100
AcDbEntity
  8
Defpoints
 62
     0
440
 16777216
100
AcDbPoint
 10
2210.939333518675
 20
341.06066017178
 30
0.0
  0
POINT
  5
42A2
330
FE4
100
AcDbEntity
  8
Defpoints
 62
     0
440
 16777216
100
AcDbPoint
 10
2213.060653862233
 20
338.9393398282211
 30
0.0
  0
ENDBLK
  5
FE6
330
FE4
100
AcDbEntity
  8
0
100
AcDbBlockEnd
  0
BLOCK
  5
FF4
330
FF3
100
AcDbEntity
  8
0
100
AcDbBlockBegin
  2
*D94
 70
     1
 10
0.0
 20
0.0
 30
0.0
  3
*D94
  1

  0
LINE
  5
42A3
330
FF3
100
AcDbEntity
  8
Dimension2
 62
     0
440
 16777216
370
    -2
100
AcDbLine
 10
2053.573637881315
 20
348.4263558091407
 30
0.0
 11
2059.171566565709
 21
342.8284271247467
 31
0.0
  0
LINE
  5
42A4
330
FF3
100
AcDbEntity
  8
Dimension2
 62
     0
440
 16777216
370
    -2
100
AcDbLine
 10
2064.8284208152
 20
337.1715728752538
 30
0.0
 11
2066.596187768166
 21
335.4038059222872
 31
0.0
  0
MTEXT
  5
42A5
330
FF3
100
AcDbEntity
  8
Dimension2
 62
     0
440
 16777216
100
AcDbMText
 10
2056.814543961754
 20
347.8371001581515
 30
0.0
 40
2.5
 41
0.0
 46
0.0
 71
     5
 72
     1
  1
∅3
 11
0.7071067811864716
 21
-0.7071067811866235
 31
0.0
 73
     1
 44
1.0
  0
LINE
  5
42A6
330
FF3
100
AcDbEntity
  8
Dimension2
 62
     0
440
 16777216
370
    -2
100
AcDbLine
 10
2063.060653862234
 20
338.9393398282203
 30
0.0
 11
2060.939333518675
 21
341.0606601717801
 31
0.0
  0
SOLID
  5
42A7
330
FF3
100
AcDbEntity
  8
Dimension2
 62
     0
440
 16777216
100
AcDbTrace
 10
2065.123048640694
 20
337.4662007007482
 30
0.0
 11
2064.533792989706
 21
336.8769450497593
 31
0.0
 12
2063.060653862234
 22
338.9393398282203
 32
0.0
 13
2063.060653862234
 23
338.9393398282203
 33
0.0
  0
SOLID
  5
42A8
330
FF3
100
AcDbEntity
  8
Dimension2
 62
     0
440
 16777216
100
AcDbTrace
 10
2059.466194391203
 20
343.1230549502411
 30
0.0
 11
2058.876938740214
 21
342.5337992992522
 31
0.0
 12
2060.939333518675
 22
341.0606601717801
 32
0.0
 13
2060.939333518675
 23
341.0606601717801
 33
0.0
  0
POINT
  5
42A9
330
FF3
100
AcDbEntity
  8
Defpoints
 62
     0
440
 16777216
100
AcDbPoint
 10
2060.939333518675
 20
341.0606601717801
 30
0.0
  0
POINT
  5
42AA
330
FF3
100
AcDbEntity
  8
Defpoints
 62
     0
440
 16777216
100
AcDbPoint
 10
2063.060653862234
 20
338.9393398282203
 30
0.0
  0
ENDBLK
  5
FF5
330
FF3
100
AcDbEntity
  8
0
100
AcDbBlockEnd
  0
BLOCK
  5
1003
330
1002
100
AcDbEntity
  8
0
100
AcDbBlockBegin
  2
*D95
 70
     1
 10
0.0
 20
0.0
 30
0.0
  3
*D95
  1

  0
LINE
  5
42AB
330
1002
100
AcDbEntity
  8
Dimension2
 62
     0
440
 16777216
370
    -2
100
AcDbLine
 10
2053.573637881312
 20
288.4263558091368
 30
0.0
 11
2059.171566565707
 21
282.8284271247452
 31
0.0
  0
LINE
  5
42AC
330
1002
100
AcDbEntity
  8
Dimension2
 62
     0
440
 16777216
370
    -2
100
AcDbLine
 10
2064.828420815202
 20
277.171572875254
 30
0.0
 11
2066.596187768169
 21
275.4038059222882
 31
0.0
  0
MTEXT
  5
42AD
330
1002
100
AcDbEntity
  8
Dimension2
 62
     0
440
 16777216
100
AcDbMText
 10
2056.81454396175
 20
287.8371001581489
 30
0.0
 40
2.5
 41
0.0
 46
0.0
 71
     5
 72
     1
  1
∅3
 11
0.7071067811867749
 21
-0.7071067811863202
 31
0.0
 73
     1
 44
1.0
  0
LINE
  5
42AE
330
1002
100
AcDbEntity
  8
Dimension2
 62
     0
440
 16777216
370
    -2
100
AcDbLine
 10
2063.060653862235
 20
278.9393398282198
 30
0.0
 11
2060.939333518674
 21
281.0606601717793
 31
0.0
  0
SOLID
  5
42AF
330
1002
100
AcDbEntity
  8
Dimension2
 62
     0
440
 16777216
100
AcDbTrace
 10
2065.123048640696
 20
277.4662007007487
 30
0.0
 11
2064.533792989708
 21
276.8769450497596
 31
0.0
 12
2063.060653862235
 22
278.9393398282198
 32
0.0
 13
2063.060653862235
 23
278.9393398282198
 33
0.0
  0
SOLID
  5
42B0
330
1002
100
AcDbEntity
  8
Dimension2
 62
     0
440
 16777216
100
AcDbTrace
 10
2059.466194391201
 20
283.1230549502399
 30
0.0
 11
2058.876938740213
 21
282.5337992992507
 31
0.0
 12
2060.939333518674
 22
281.0606601717793
 32
0.0
 13
2060.939333518674
 23
281.0606601717793
 33
0.0
  0
POINT
  5
42B1
330
1002
100
AcDbEntity
  8
Defpoints
 62
     0
440
 16777216
100
AcDbPoint
 10
2060.939333518674
 20
281.0606601717793
 30
0.0
  0
POINT
  5
42B2
330
1002
100
AcDbEntity
  8
Defpoints
 62
     0
440
 16777216
100
AcDbPoint
 10
2063.060653862235
 20
278.9393398282198
 30
0.0
  0
ENDBLK
  5
1004
330
1002
100
AcDbEntity
  8
0
100
AcDbBlockEnd
  0
BLOCK
  5
100F
330
100E
100
AcDbEntity
  8
0
100
AcDbBlockBegin
  2
*D96
 70
     1
 10
0.0
 20
0.0
 30
0.0
  3
*D96
  1

  0
LINE
  5
4014
330
100E
100
AcDbEntity
  8
Dimension2
 62
     0
440
 16777216
370
    -2
100
AcDbLine
 10
2008.999993690455
 20
279.375
 30
0.0
 11
2008.999993690455
 21
258.75
 31
0.0
  0
LINE
  5
4015
330
100E
100
AcDbEntity
  8
Dimension2
 62
     0
440
 16777216
370
    -2
100
AcDbLine
 10
2053.999993690454
 20
309.375
 30
0.0
 11
2053.999993690454
 21
258.75
 31
0.0
  0
LINE
  5
4016
330
100E
100
AcDbEntity
  8
Dimension2
 62
     0
440
 16777216
370
    -2
100
AcDbLine
 10
2011.499993690454
 20
260.0
 30
0.0
 11
2051.499993690454
 21
260.0
 31
0.0
  0
SOLID
  5
4017
330
100E
100
AcDbEntity
  8
Dimension2
 62
     0
440
 16777216
100
AcDbTrace
 10
2011.499993690454
 20
260.4166666666667
 30
0.0
 11
2011.499993690454
 21
259.5833333333333
 31
0.0
 12
2008.999993690455
 22
260.0
 32
0.0
 13
2008.999993690455
 23
260.0
 33
0.0
  0
SOLID
  5
4018
330
100E
100
AcDbEntity
  8
Dimension2
 62
     0
440
 16777216
100
AcDbTrace
 10
2051.499993690454
 20
260.4166666666667
 30
0.0
 11
2051.499993690454
 21
259.5833333333333
 31
0.0
 12
2053.999993690454
 22
260.0
 32
0.0
 13
2053.999993690454
 23
260.0
 33
0.0
  0
MTEXT
  5
4019
330
100E
100
AcDbEntity
  8
Dimension2
 62
     0
440
 16777216
100
AcDbMText
 10
2031.499993690454
 20
261.875
 30
0.0
 40
2.5
 41
0.0
 46
0.0
 71
     5
 72
     1
  1
45
 73
     1
 44
1.0
  0
POINT
  5
401A
330
100E
100
AcDbEntity
  8
Defpoints
 62
     0
440
 16777216
100
AcDbPoint
 10
2008.999993690455
 20
280.0
 30
0.0
  0
POINT
  5
401B
330
100E
100
AcDbEntity
  8
Defpoints
 62
     0
440
 16777216
100
AcDbPoint
 10
2053.999993690454
 20
310.0
 30
0.0
  0
POINT
  5
401C
330
100E
100
AcDbEntity
  8
Defpoints
 62
     0
440
 16777216
100
AcDbPoint
 10
2053.999993690454
 20
260.0
 30
0.0
  0
ENDBLK
  5
1010
330
100E
100
AcDbEntity
  8
0
100
AcDbBlockEnd
  0
BLOCK
  5
1025
330
1024
100
AcDbEntity
  8
0
100
AcDbBlockBegin
  2
*D97
 70
     1
 10
0.0
 20
0.0
 30
0.0
  3
*D97
  1

  0
LINE
  5
401D
330
1024
100
AcDbEntity
  8
Dimension2
 62
     0
440
 16777216
370
    -2
100
AcDbLine
 10
2053.999993690454
 20
279.375
 30
0.0
 11
2053.999993690454
 21
258.75
 31
0.0
  0
LINE
  5
401E
330
1024
100
AcDbEntity
  8
Dimension2
 62
     0
440
 16777216
370
    -2
100
AcDbLine
 10
2325.999993690454
 20
309.375
 30
0.0
 11
2325.999993690454
 21
258.75
 31
0.0
  0
LINE
  5
401F
330
1024
100
AcDbEntity
  8
Dimension2
 62
     0
440
 16777216
370
    -2
100
AcDbLine
 10
2056.499993690454
 20
260.0
 30
0.0
 11
2323.499993690454
 21
260.0
 31
0.0
  0
SOLID
  5
4020
330
1024
100
AcDbEntity
  8
Dimension2
 62
     0
440
 16777216
100
AcDbTrace
 10
2056.499993690454
 20
260.4166666666667
 30
0.0
 11
2056.499993690454
 21
259.5833333333333
 31
0.0
 12
2053.999993690454
 22
260.0
 32
0.0
 13
2053.999993690454
 23
260.0
 33
0.0
  0
SOLID
  5
4021
330
1024
100
AcDbEntity
  8
Dimension2
 62
     0
440
 16777216
100
AcDbTrace
 10
2323.499993690454
 20
260.4166666666667
 30
0.0
 11
2323.499993690454
 21
259.5833333333333
 31
0.0
 12
2325.999993690454
 22
260.0
 32
0.0
 13
2325.999993690454
 23
260.0
 33
0.0
  0
MTEXT
  5
4022
330
1024
100
AcDbEntity
  8
Dimension2
 62
     0
440
 16777216
100
AcDbMText
 10
2189.999993690454
 20
261.875
 30
0.0
 40
2.5
 41
0.0
 46
0.0
 71
     5
 72
     1
  1
272
 73
     1
 44
1.0
  0
POINT
  5
4023
330
1024
100
AcDbEntity
  8
Defpoints
 62
     0
440
 16777216
100
AcDbPoint
 10
2053.999993690454
 20
280.0
 30
0.0
  0
POINT
  5
4024
330
1024
100
AcDbEntity
  8
Defpoints
 62
     0
440
 16777216
100
AcDbPoint
 10
2325.999993690454
 20
310.0
 30
0.0
  0
POINT
  5
4025
330
1024
100
AcDbEntity
  8
Defpoints
 62
     0
440
 16777216
100
AcDbPoint
 10
2325.999993690454
 20
260.0
 30
0.0
  0
ENDBLK
  5
1026
330
1024
100
AcDbEntity
  8
0
100
AcDbBlockEnd
  0
BLOCK
  5
1056
330
1055
100
AcDbEntity
  8
0
100
AcDbBlockBegin
  2
*D98
 70
     1
 10
0.0
 20
0.0
 30
0.0
  3
*D98
  1

  0
LINE
  5
4026
330
1055
100
AcDbEntity
  8
Dimension2
 62
     0
440
 16777216
370
    -2
100
AcDbLine
 10
2044.15942431894
 20
319.8405693715112
 30
0.0
 11
2049.757353003334
 21
314.2426406871185
 31
0.0
  0
LINE
  5
4027
330
1055
100
AcDbEntity
  8
Dimension2
 62
     0
440
 16777216
370
    -2
100
AcDbLine
 10
2058.242634377575
 20
305.7573593128807
 30
0.0
 11
2060.010401330541
 21
303.9895923599146
 31
0.0
  0
MTEXT
  5
4028
330
1055
100
AcDbEntity
  8
Dimension2
 62
     0
440
 16777216
100
AcDbMText
 10
2047.400330399378
 20
319.2513137205227
 30
0.0
 40
2.5
 41
0.0
 46
0.0
 71
     5
 72
     1
  1
∅7
 11
0.7071067811866449
 21
-0.7071067811864502
 31
0.0
 73
     1
 44
1.0
  0
LINE
  5
4029
330
1055
100
AcDbEntity
  8
Dimension2
 62
     0
440
 16777216
370
    -2
100
AcDbLine
 10
2056.474867424608
 20
307.5251262658468
 30
0.0
 11
2051.525119956301
 21
312.4748737341524
 31
0.0
  0
SOLID
  5
402A
330
1055
100
AcDbEntity
  8
Dimension2
 62
     0
440
 16777216
100
AcDbTrace
 10
2058.537262203069
 20
306.0519871383751
 30
0.0
 11
2057.94800655208
 21
305.462731487386
 31
0.0
 12
2056.474867424608
 22
307.5251262658468
 32
0.0
 13
2056.474867424608
 23
307.5251262658468
 33
0.0
  0
SOLID
  5
402B
330
1055
100
AcDbEntity
  8
Dimension2
 62
     0
440
 16777216
100
AcDbTrace
 10
2050.051980828828
 20
314.537268512613
 30
0.0
 11
2049.46272517784
 21
313.9480128616241
 31
0.0
 12
2051.525119956301
 22
312.4748737341524
 32
0.0
 13
2051.525119956301
 23
312.4748737341524
 33
0.0
  0
POINT
  5
402C
330
1055
100
AcDbEntity
  8
Defpoints
 62
     0
440
 16777216
100
AcDbPoint
 10
2051.525119956301
 20
312.4748737341524
 30
0.0
  0
POINT
  5
402D
330
1055
100
AcDbEntity
  8
Defpoints
 62
     0
440
 16777216
100
AcDbPoint
 10
2056.474867424608
 20
307.5251262658468
 30
0.0
  0
ENDBLK
  5
1057
330
1055
100
AcDbEntity
  8
0
100
AcDbBlockEnd
  0
BLOCK
  5
1065
330
1064
100
AcDbEntity
  8
0
100
AcDbBlockBegin
  2
*D99
 70
     1
 10
0.0
 20
0.0
 30
0.0
  3
*D99
  1

  0
LINE
  5
42B3
330
1064
100
AcDbEntity
  8
Dimension2
 62
     0
440
 16777216
370
    -2
100
AcDbLine
 10
2316.15942431894
 20
319.8405693715116
 30
0.0
 11
2321.757353003334
 21
314.2426406871189
 31
0.0
  0
LINE
  5
42B4
330
1064
100
AcDbEntity
  8
Dimension2
 62
     0
440
 16777216
370
    -2
100
AcDbLine
 10
2330.242634377574
 20
305.757359312881
 30
0.0
 11
2332.010401330541
 21
303.9895923599149
 31
0.0
  0
MTEXT
  5
42B5
330
1064
100
AcDbEntity
  8
Dimension2
 62
     0
440
 16777216
100
AcDbMText
 10
2319.400330399378
 20
319.2513137205231
 30
0.0
 40
2.5
 41
0.0
 46
0.0
 71
     5
 72
     1
  1
∅7
 11
0.7071067811866286
 21
-0.7071067811864666
 31
0.0
 73
     1
 44
1.0
  0
LINE
  5
42B6
330
1064
100
AcDbEntity
  8
Dimension2
 62
     0
440
 16777216
370
    -2
100
AcDbLine
 10
2328.474867424608
 20
307.5251262658472
 30
0.0
 11
2323.525119956301
 21
312.4748737341527
 31
0.0
  0
SOLID
  5
42B7
330
1064
100
AcDbEntity
  8
Dimension2
 62
     0
440
 16777216
100
AcDbTrace
 10
2330.537262203068
 20
306.0519871383755
 30
0.0
 11
2329.948006552079
 21
305.4627314873863
 31
0.0
 12
2328.474867424608
 22
307.5251262658472
 32
0.0
 13
2328.474867424608
 23
307.5251262658472
 33
0.0
  0
SOLID
  5
42B8
330
1064
100
AcDbEntity
  8
Dimension2
 62
     0
440
 16777216
100
AcDbTrace
 10
2322.051980828829
 20
314.5372685126133
 30
0.0
 11
2321.46272517784
 21
313.9480128616242
 31
0.0
 12
2323.525119956301
 22
312.4748737341527
 32
0.0
 13
2323.525119956301
 23
312.4748737341527
 33
0.0
  0
POINT
  5
42B9
330
1064
100
AcDbEntity
  8
Defpoints
 62
     0
440
 16777216
100
AcDbPoint
 10
2323.525119956301
 20
312.4748737341527
 30
0.0
  0
POINT
  5
42BA
330
1064
100
AcDbEntity
  8
Defpoints
 62
     0
440
 16777216
100
AcDbPoint
 10
2328.474867424608
 20
307.5251262658472
 30
0.0
  0
ENDBLK
  5
1066
330
1064
100
AcDbEntity
  8
0
100
AcDbBlockEnd
  0
BLOCK
  5
107B
330
107A
100
AcDbEntity
  8
0
100
AcDbBlockBegin
  2
*D100
 70
     1
 10
0.0
 20
0.0
 30
0.0
  3
*D100
  1

  0
LINE
  5
45D1
330
107A
100
AcDbEntity
  8
Dimension2
 62
     0
440
 16777216
370
    -2
100
AcDbLine
 10
2499.624993690455
 20
495.0000000000001
 30
0.0
 11
2520.250000000001
 21
495.0000000000001
 31
0.0
  0
LINE
  5
45D2
330
107A
100
AcDbEntity
  8
Dimension2
 62
     0
440
 16777216
370
    -2
100
AcDbLine
 10
2124.624993690455
 20
410.0000000000002
 30
0.0
 11
2520.250000000001
 21
410.0000000000003
 31
0.0
  0
LINE
  5
45D3
330
107A
100
AcDbEntity
  8
Dimension2
 62
     0
440
 16777216
370
    -2
100
AcDbLine
 10
2519.000000000001
 20
492.5000000000002
 30
0.0
 11
2519.000000000001
 21
412.5000000000003
 31
0.0
  0
SOLID
  5
45D4
330
107A
100
AcDbEntity
  8
Dimension2
 62
     0
440
 16777216
100
AcDbTrace
 10
2518.583333333335
 20
492.5000000000002
 30
0.0
 11
2519.416666666668
 21
492.5000000000002
 31
0.0
 12
2519.000000000001
 22
495.0000000000001
 32
0.0
 13
2519.000000000001
 23
495.0000000000001
 33
0.0
  0
SOLID
  5
45D5
330
107A
100
AcDbEntity
  8
Dimension2
 62
     0
440
 16777216
100
AcDbTrace
 10
2518.583333333335
 20
412.5000000000003
 30
0.0
 11
2519.416666666668
 21
412.5000000000003
 31
0.0
 12
2519.000000000001
 22
410.0000000000003
 32
0.0
 13
2519.000000000001
 23
410.0000000000003
 33
0.0
  0
MTEXT
  5
45D6
330
107A
100
AcDbEntity
  8
Dimension2
 62
     0
440
 16777216
100
AcDbMText
 10
2517.125
 20
452.4999999999994
 30
0.0
 40
2.5
 41
0.0
 46
0.0
 71
     5
 72
     1
  1
85
 11
0.0000000000000001
 21
1.0
 31
0.0
 73
     1
 44
1.0
  0
POINT
  5
45D7
330
107A
100
AcDbEntity
  8
Defpoints
 62
     0
440
 16777216
100
AcDbPoint
 10
2498.999993690456
 20
495.0000000000001
 30
0.0
  0
POINT
  5
45D8
330
107A
100
AcDbEntity
  8
Defpoints
 62
     0
440
 16777216
100
AcDbPoint
 10
2123.999993690455
 20
410.0000000000002
 30
0.0
  0
POINT
  5
45D9
330
107A
100
AcDbEntity
  8
Defpoints
 62
     0
440
 16777216
100
AcDbPoint
 10
2519.000000000001
 20
410.0000000000003
 30
0.0
  0
ENDBLK
  5
107C
330
107A
100
AcDbEntity
  8
0
100
AcDbBlockEnd
  0
BLOCK
  5
1091
330
1090
100
AcDbEntity
  8
0
100
AcDbBlockBegin
  2
*D101
 70
     1
 10
0.0
 20
0.0
 30
0.0
  3
*D101
  1

  0
LINE
  5
464F
330
1090
100
AcDbEntity
  8
Dimension2
 62
     0
440
 16777216
370
    -2
100
AcDbLine
 10
2498.999993690454
 20
495.6249999999999
 30
0.0
 11
2498.999993690454
 21
516.25
 31
0.0
  0
LINE
  5
4650
330
1090
100
AcDbEntity
  8
Dimension2
 62
     0
440
 16777216
370
    -2
100
AcDbLine
 10
2453.999993690454
 20
410.625
 30
0.0
 11
2453.999993690454
 21
516.25
 31
0.0
  0
LINE
  5
4651
330
1090
100
AcDbEntity
  8
Dimension2
 62
     0
440
 16777216
370
    -2
100
AcDbLine
 10
2496.499993690454
 20
515.0
 30
0.0
 11
2456.499993690454
 21
515.0
 31
0.0
  0
SOLID
  5
4652
330
1090
100
AcDbEntity
  8
Dimension2
 62
     0
440
 16777216
100
AcDbTrace
 10
2496.499993690454
 20
515.4166666666666
 30
0.0
 11
2496.499993690454
 21
514.5833333333333
 31
0.0
 12
2498.999993690454
 22
515.0
 32
0.0
 13
2498.999993690454
 23
515.0
 33
0.0
  0
SOLID
  5
4653
330
1090
100
AcDbEntity
  8
Dimension2
 62
     0
440
 16777216
100
AcDbTrace
 10
2456.499993690454
 20
515.4166666666666
 30
0.0
 11
2456.499993690454
 21
514.5833333333333
 31
0.0
 12
2453.999993690454
 22
515.0
 32
0.0
 13
2453.999993690454
 23
515.0
 33
0.0
  0
MTEXT
  5
4654
330
1090
100
AcDbEntity
  8
Dimension2
 62
     0
440
 16777216
100
AcDbMText
 10
2476.499993690454
 20
516.875
 30
0.0
 40
2.5
 41
0.0
 46
0.0
 71
     5
 72
     1
  1
45
 73
     1
 44
1.0
  0
POINT
  5
4655
330
1090
100
AcDbEntity
  8
Defpoints
 62
     0
440
 16777216
100
AcDbPoint
 10
2498.999993690454
 20
495.0
 30
0.0
  0
POINT
  5
4656
330
1090
100
AcDbEntity
  8
Defpoints
 62
     0
440
 16777216
100
AcDbPoint
 10
2453.999993690454
 20
410.0
 30
0.0
  0
POINT
  5
4657
330
1090
100
AcDbEntity
  8
Defpoints
 62
     0
440
 16777216
100
AcDbPoint
 10
2453.999993690454
 20
515.0
 30
0.0
  0
ENDBLK
  5
1092
330
1090
100
AcDbEntity
  8
0
100
AcDbBlockEnd
  0
BLOCK
  5
10A7
330
10A6
100
AcDbEntity
  8
0
100
AcDbBlockBegin
  2
*D102
 70
     1
 10
0.0
 20
0.0
 30
0.0
  3
*D102
  1

  0
LINE
  5
4646
330
10A6
100
AcDbEntity
  8
Dimension2
 62
     0
440
 16777216
370
    -2
100
AcDbLine
 10
2453.999993690454
 20
495.6249999999999
 30
0.0
 11
2453.999993690454
 21
516.25
 31
0.0
  0
LINE
  5
4647
330
10A6
100
AcDbEntity
  8
Dimension2
 62
     0
440
 16777216
370
    -2
100
AcDbLine
 10
2123.999993690454
 20
410.625
 30
0.0
 11
2123.999993690454
 21
516.25
 31
0.0
  0
LINE
  5
4648
330
10A6
100
AcDbEntity
  8
Dimension2
 62
     0
440
 16777216
370
    -2
100
AcDbLine
 10
2451.499993690454
 20
515.0
 30
0.0
 11
2126.499993690454
 21
515.0
 31
0.0
  0
SOLID
  5
4649
330
10A6
100
AcDbEntity
  8
Dimension2
 62
     0
440
 16777216
100
AcDbTrace
 10
2451.499993690454
 20
515.4166666666666
 30
0.0
 11
2451.499993690454
 21
514.5833333333333
 31
0.0
 12
2453.999993690454
 22
515.0
 32
0.0
 13
2453.999993690454
 23
515.0
 33
0.0
  0
SOLID
  5
464A
330
10A6
100
AcDbEntity
  8
Dimension2
 62
     0
440
 16777216
100
AcDbTrace
 10
2126.499993690454
 20
515.4166666666666
 30
0.0
 11
2126.499993690454
 21
514.5833333333333
 31
0.0
 12
2123.999993690454
 22
515.0
 32
0.0
 13
2123.999993690454
 23
515.0
 33
0.0
  0
MTEXT
  5
464B
330
10A6
100
AcDbEntity
  8
Dimension2
 62
     0
440
 16777216
100
AcDbMText
 10
2288.999993690454
 20
516.875
 30
0.0
 40
2.5
 41
0.0
 46
0.0
 71
     5
 72
     1
  1
330
 73
     1
 44
1.0
  0
POINT
  5
464C
330
10A6
100
AcDbEntity
  8
Defpoints
 62
     0
440
 16777216
100
AcDbPoint
 10
2453.999993690454
 20
495.0
 30
0.0
  0
POINT
  5
464D
330
10A6
100
AcDbEntity
  8
Defpoints
 62
     0
440
 16777216
100
AcDbPoint
 10
2123.999993690454
 20
410.0
 30
0.0
  0
POINT
  5
464E
330
10A6
100
AcDbEntity
  8
Defpoints
 62
     0
440
 16777216
100
AcDbPoint
 10
2123.999993690454
 20
515.0
 30
0.0
  0
ENDBLK
  5
10A8
330
10A6
100
AcDbEntity
  8
0
100
AcDbBlockEnd
  0
BLOCK
  5
10D2
330
10D1
100
AcDbEntity
  8
0
100
AcDbBlockBegin
  2
*D103
 70
     1
 10
0.0
 20
0.0
 30
0.0
  3
*D103
  1

  0
LINE
  5
42BB
330
10D1
100
AcDbEntity
  8
Dimension2
 62
     0
440
 16777216
370
    -2
100
AcDbLine
 10
2444.159424318942
 20
419.8405693715127
 30
0.0
 11
2449.757353003335
 21
414.2426406871193
 31
0.0
  0
LINE
  5
42BC
330
10D1
100
AcDbEntity
  8
Dimension2
 62
     0
440
 16777216
370
    -2
100
AcDbLine
 10
2458.242634377573
 20
405.7573593128807
 30
0.0
 11
2460.01040133054
 21
403.9895923599145
 31
0.0
  0
MTEXT
  5
42BD
330
10D1
100
AcDbEntity
  8
Dimension2
 62
     0
440
 16777216
100
AcDbMText
 10
2447.40033039938
 20
419.2513137205241
 30
0.0
 40
2.5
 41
0.0
 46
0.0
 71
     5
 72
     1
  1
∅7
 11
0.7071067811865476
 21
-0.7071067811865476
 31
0.0
 73
     1
 44
1.0
  0
LINE
  5
42BE
330
10D1
100
AcDbEntity
  8
Dimension2
 62
     0
440
 16777216
370
    -2
100
AcDbLine
 10
2456.474867424607
 20
407.5251262658471
 30
0.0
 11
2451.525119956301
 21
412.474873734153
 31
0.0
  0
SOLID
  5
42BF
330
10D1
100
AcDbEntity
  8
Dimension2
 62
     0
440
 16777216
100
AcDbTrace
 10
2458.537262203068
 20
406.0519871383751
 30
0.0
 11
2457.94800655208
 21
405.4627314873862
 31
0.0
 12
2456.474867424607
 22
407.5251262658471
 32
0.0
 13
2456.474867424607
 23
407.5251262658471
 33
0.0
  0
SOLID
  5
42C0
330
10D1
100
AcDbEntity
  8
Dimension2
 62
     0
440
 16777216
100
AcDbTrace
 10
2450.05198082883
 20
414.5372685126138
 30
0.0
 11
2449.462725177841
 21
413.9480128616249
 31
0.0
 12
2451.525119956301
 22
412.474873734153
 32
0.0
 13
2451.525119956301
 23
412.474873734153
 33
0.0
  0
POINT
  5
42C1
330
10D1
100
AcDbEntity
  8
Defpoints
 62
     0
440
 16777216
100
AcDbPoint
 10
2451.525119956301
 20
412.474873734153
 30
0.0
  0
POINT
  5
42C2
330
10D1
100
AcDbEntity
  8
Defpoints
 62
     0
440
 16777216
100
AcDbPoint
 10
2456.474867424607
 20
407.5251262658471
 30
0.0
  0
ENDBLK
  5
10D3
330
10D1
100
AcDbEntity
  8
0
100
AcDbBlockEnd
  0
BLOCK
  5
10E1
330
10E0
100
AcDbEntity
  8
0
100
AcDbBlockBegin
  2
*D104
 70
     1
 10
0.0
 20
0.0
 30
0.0
  3
*D104
  1

  0
LINE
  5
42C3
330
10E0
100
AcDbEntity
  8
Dimension2
 62
     0
440
 16777216
370
    -2
100
AcDbLine
 10
2114.159424318942
 20
419.8405693715127
 30
0.0
 11
2119.757353003335
 21
414.2426406871193
 31
0.0
  0
LINE
  5
42C4
330
10E0
100
AcDbEntity
  8
Dimension2
 62
     0
440
 16777216
370
    -2
100
AcDbLine
 10
2128.242634377574
 20
405.7573593128804
 30
0.0
 11
2130.01040133054
 21
403.9895923599141
 31
0.0
  0
MTEXT
  5
42C5
330
10E0
100
AcDbEntity
  8
Dimension2
 62
     0
440
 16777216
100
AcDbMText
 10
2117.40033039938
 20
419.2513137205241
 30
0.0
 40
2.5
 41
0.0
 46
0.0
 71
     5
 72
     1
  1
∅7
 11
0.7071067811865476
 21
-0.7071067811865476
 31
0.0
 73
     1
 44
1.0
  0
LINE
  5
42C6
330
10E0
100
AcDbEntity
  8
Dimension2
 62
     0
440
 16777216
370
    -2
100
AcDbLine
 10
2126.474867424608
 20
407.5251262658468
 30
0.0
 11
2121.525119956301
 21
412.474873734153
 31
0.0
  0
SOLID
  5
42C7
330
10E0
100
AcDbEntity
  8
Dimension2
 62
     0
440
 16777216
100
AcDbTrace
 10
2128.537262203068
 20
406.0519871383749
 30
0.0
 11
2127.948006552079
 21
405.462731487386
 31
0.0
 12
2126.474867424608
 22
407.5251262658468
 32
0.0
 13
2126.474867424608
 23
407.5251262658468
 33
0.0
  0
SOLID
  5
42C8
330
10E0
100
AcDbEntity
  8
Dimension2
 62
     0
440
 16777216
100
AcDbTrace
 10
2120.051980828829
 20
414.5372685126138
 30
0.0
 11
2119.46272517784
 21
413.9480128616249
 31
0.0
 12
2121.525119956301
 22
412.474873734153
 32
0.0
 13
2121.525119956301
 23
412.474873734153
 33
0.0
  0
POINT
  5
42C9
330
10E0
100
AcDbEntity
  8
Defpoints
 62
     0
440
 16777216
100
AcDbPoint
 10
2121.525119956301
 20
412.474873734153
 30
0.0
  0
POINT
  5
42CA
330
10E0
100
AcDbEntity
  8
Defpoints
 62
     0
440
 16777216
100
AcDbPoint
 10
2126.474867424608
 20
407.5251262658468
 30
0.0
  0
ENDBLK
  5
10E2
330
10E0
100
AcDbEntity
  8
0
100
AcDbBlockEnd
  0
BLOCK
  5
10ED
330
10EC
100
AcDbEntity
  8
0
100
AcDbBlockBegin
  2
*D105
 70
     1
 10
0.0
 20
0.0
 30
0.0
  3
*D105
  1

  0
LINE
  5
4557
330
10EC
100
AcDbEntity
  8
Dimension2
 62
     0
440
 16777216
370
    -2
100
AcDbLine
 10
2008.374993690455
 20
495.0000000000001
 30
0.0
 11
1987.750000000001
 21
495.0000000000001
 31
0.0
  0
LINE
  5
4558
330
10EC
100
AcDbEntity
  8
Dimension2
 62
     0
440
 16777216
370
    -2
100
AcDbLine
 10
2008.374993690455
 20
455.0000000000002
 30
0.0
 11
1987.750000000001
 21
455.0000000000002
 31
0.0
  0
LINE
  5
4559
330
10EC
100
AcDbEntity
  8
Dimension2
 62
     0
440
 16777216
370
    -2
100
AcDbLine
 10
1989.000000000001
 20
492.5000000000002
 30
0.0
 11
1989.000000000001
 21
457.5000000000001
 31
0.0
  0
SOLID
  5
455A
330
10EC
100
AcDbEntity
  8
Dimension2
 62
     0
440
 16777216
100
AcDbTrace
 10
1988.583333333334
 20
492.5000000000002
 30
0.0
 11
1989.416666666668
 21
492.5000000000002
 31
0.0
 12
1989.000000000001
 22
495.0000000000001
 32
0.0
 13
1989.000000000001
 23
495.0000000000001
 33
0.0
  0
SOLID
  5
455B
330
10EC
100
AcDbEntity
  8
Dimension2
 62
     0
440
 16777216
100
AcDbTrace
 10
1988.583333333334
 20
457.5000000000001
 30
0.0
 11
1989.416666666668
 21
457.5000000000001
 31
0.0
 12
1989.000000000001
 22
455.0000000000002
 32
0.0
 13
1989.000000000001
 23
455.0000000000002
 33
0.0
  0
MTEXT
  5
455C
330
10EC
100
AcDbEntity
  8
Dimension2
 62
     0
440
 16777216
100
AcDbMText
 10
1987.125
 20
474.9999999999995
 30
0.0
 40
2.5
 41
0.0
 46
0.0
 71
     5
 72
     1
  1
40
 11
0.0000000000000001
 21
1.0
 31
0.0
 73
     1
 44
1.0
  0
POINT
  5
455D
330
10EC
100
AcDbEntity
  8
Defpoints
 62
     0
440
 16777216
100
AcDbPoint
 10
2008.999993690455
 20
495.0000000000001
 30
0.0
  0
POINT
  5
455E
330
10EC
100
AcDbEntity
  8
Defpoints
 62
     0
440
 16777216
100
AcDbPoint
 10
2008.999993690455
 20
455.0000000000002
 30
0.0
  0
POINT
  5
455F
330
10EC
100
AcDbEntity
  8
Defpoints
 62
     0
440
 16777216
100
AcDbPoint
 10
1989.000000000001
 20
455.0000000000002
 30
0.0
  0
ENDBLK
  5
10EE
330
10EC
100
AcDbEntity
  8
0
100
AcDbBlockEnd
  0
BLOCK
  5
10FA
330
10F9
100
AcDbEntity
  8
0
100
AcDbBlockBegin
  2
*D106
 70
     1
 10
0.0
 20
0.0
 30
0.0
  3
*D106
  1

  0
LINE
  5
4560
330
10F9
100
AcDbEntity
  8
Dimension2
 62
     0
440
 16777216
370
    -2
100
AcDbLine
 10
2073.374993690455
 20
455.0000000000002
 30
0.0
 11
1987.750000000001
 21
455.0000000000002
 31
0.0
  0
LINE
  5
4561
330
10F9
100
AcDbEntity
  8
Dimension2
 62
     0
440
 16777216
370
    -2
100
AcDbLine
 10
2073.374993690455
 20
360.0000000000001
 30
0.0
 11
1987.750000000001
 21
360.0000000000001
 31
0.0
  0
LINE
  5
4562
330
10F9
100
AcDbEntity
  8
Dimension2
 62
     0
440
 16777216
370
    -2
100
AcDbLine
 10
1989.000000000001
 20
452.5000000000002
 30
0.0
 11
1989.000000000001
 21
362.5000000000001
 31
0.0
  0
SOLID
  5
4563
330
10F9
100
AcDbEntity
  8
Dimension2
 62
     0
440
 16777216
100
AcDbTrace
 10
1988.583333333334
 20
452.5000000000002
 30
0.0
 11
1989.416666666668
 21
452.5000000000002
 31
0.0
 12
1989.000000000001
 22
455.0000000000002
 32
0.0
 13
1989.000000000001
 23
455.0000000000002
 33
0.0
  0
SOLID
  5
4564
330
10F9
100
AcDbEntity
  8
Dimension2
 62
     0
440
 16777216
100
AcDbTrace
 10
1988.583333333334
 20
362.5000000000001
 30
0.0
 11
1989.416666666668
 21
362.5000000000001
 31
0.0
 12
1989.000000000001
 22
360.0000000000001
 32
0.0
 13
1989.000000000001
 23
360.0000000000001
 33
0.0
  0
MTEXT
  5
4565
330
10F9
100
AcDbEntity
  8
Dimension2
 62
     0
440
 16777216
100
AcDbMText
 10
1987.125
 20
407.4999999999995
 30
0.0
 40
2.5
 41
0.0
 46
0.0
 71
     5
 72
     1
  1
95
 11
0.0000000000000001
 21
1.0
 31
0.0
 73
     1
 44
1.0
  0
POINT
  5
4566
330
10F9
100
AcDbEntity
  8
Defpoints
 62
     0
440
 16777216
100
AcDbPoint
 10
2073.999993690455
 20
455.0000000000002
 30
0.0
  0
POINT
  5
4567
330
10F9
100
AcDbEntity
  8
Defpoints
 62
     0
440
 16777216
100
AcDbPoint
 10
2073.999993690455
 20
360.0000000000001
 30
0.0
  0
POINT
  5
4568
330
10F9
100
AcDbEntity
  8
Defpoints
 62
     0
440
 16777216
100
AcDbPoint
 10
1989.000000000001
 20
360.0000000000001
 30
0.0
  0
ENDBLK
  5
10FB
330
10F9
100
AcDbEntity
  8
0
100
AcDbBlockEnd
  0
BLOCK
  5
1107
330
1106
100
AcDbEntity
  8
0
100
AcDbBlockBegin
  2
*D107
 70
     1
 10
0.0
 20
0.0
 30
0.0
  3
*D107
  1

  0
LINE
  5
4073
330
1106
100
AcDbEntity
  8
Dimension2
 62
     0
440
 16777216
370
    -2
100
AcDbLine
 10
2008.999993690455
 20
495.6249999999999
 30
0.0
 11
2008.999993690455
 21
516.25
 31
0.0
  0
LINE
  5
4074
330
1106
100
AcDbEntity
  8
Dimension2
 62
     0
440
 16777216
370
    -2
100
AcDbLine
 10
2073.999993690454
 20
360.625
 30
0.0
 11
2073.999993690454
 21
516.25
 31
0.0
  0
LINE
  5
4075
330
1106
100
AcDbEntity
  8
Dimension2
 62
     0
440
 16777216
370
    -2
100
AcDbLine
 10
2011.499993690454
 20
515.0
 30
0.0
 11
2071.499993690455
 21
515.0
 31
0.0
  0
SOLID
  5
4076
330
1106
100
AcDbEntity
  8
Dimension2
 62
     0
440
 16777216
100
AcDbTrace
 10
2011.499993690454
 20
515.4166666666666
 30
0.0
 11
2011.499993690454
 21
514.5833333333333
 31
0.0
 12
2008.999993690455
 22
515.0
 32
0.0
 13
2008.999993690455
 23
515.0
 33
0.0
  0
SOLID
  5
4077
330
1106
100
AcDbEntity
  8
Dimension2
 62
     0
440
 16777216
100
AcDbTrace
 10
2071.499993690455
 20
515.4166666666666
 30
0.0
 11
2071.499993690455
 21
514.5833333333333
 31
0.0
 12
2073.999993690454
 22
515.0
 32
0.0
 13
2073.999993690454
 23
515.0
 33
0.0
  0
MTEXT
  5
4078
330
1106
100
AcDbEntity
  8
Dimension2
 62
     0
440
 16777216
100
AcDbMText
 10
2041.499993690454
 20
516.875
 30
0.0
 40
2.5
 41
0.0
 46
0.0
 71
     5
 72
     1
  1
65
 73
     1
 44
1.0
  0
POINT
  5
4079
330
1106
100
AcDbEntity
  8
Defpoints
 62
     0
440
 16777216
100
AcDbPoint
 10
2008.999993690455
 20
495.0
 30
0.0
  0
POINT
  5
407A
330
1106
100
AcDbEntity
  8
Defpoints
 62
     0
440
 16777216
100
AcDbPoint
 10
2073.999993690454
 20
360.0
 30
0.0
  0
POINT
  5
407B
330
1106
100
AcDbEntity
  8
Defpoints
 62
     0
440
 16777216
100
AcDbPoint
 10
2073.999993690454
 20
515.0
 30
0.0
  0
ENDBLK
  5
1108
330
1106
100
AcDbEntity
  8
0
100
AcDbBlockEnd
  0
BLOCK
  5
113B
330
113A
100
AcDbEntity
  8
0
100
AcDbBlockBegin
  2
*D108
 70
     1
 10
0.0
 20
0.0
 30
0.0
  3
*D108
  1

  0
LINE
  5
42CB
330
113A
100
AcDbEntity
  8
Dimension2
 62
     0
440
 16777216
370
    -2
100
AcDbLine
 10
2064.159424318942
 20
369.8405693715125
 30
0.0
 11
2069.757353003335
 21
364.2426406871191
 31
0.0
  0
LINE
  5
42CC
330
113A
100
AcDbEntity
  8
Dimension2
 62
     0
440
 16777216
370
    -2
100
AcDbLine
 10
2078.242634377573
 20
355.7573593128806
 30
0.0
 11
2080.01040133054
 21
353.9895923599142
 31
0.0
  0
MTEXT
  5
42CD
330
113A
100
AcDbEntity
  8
Dimension2
 62
     0
440
 16777216
100
AcDbMText
 10
2067.40033039938
 20
369.2513137205239
 30
0.0
 40
2.5
 41
0.0
 46
0.0
 71
     5
 72
     1
  1
∅7
 11
0.7071067811865394
 21
-0.7071067811865558
 31
0.0
 73
     1
 44
1.0
  0
LINE
  5
42CE
330
113A
100
AcDbEntity
  8
Dimension2
 62
     0
440
 16777216
370
    -2
100
AcDbLine
 10
2076.474867424607
 20
357.525126265847
 30
0.0
 11
2071.525119956302
 21
362.4748737341528
 31
0.0
  0
SOLID
  5
42CF
330
113A
100
AcDbEntity
  8
Dimension2
 62
     0
440
 16777216
100
AcDbTrace
 10
2078.537262203068
 20
356.051987138375
 30
0.0
 11
2077.948006552079
 21
355.4627314873861
 31
0.0
 12
2076.474867424607
 22
357.525126265847
 32
0.0
 13
2076.474867424607
 23
357.525126265847
 33
0.0
  0
SOLID
  5
42D0
330
113A
100
AcDbEntity
  8
Dimension2
 62
     0
440
 16777216
100
AcDbTrace
 10
2070.05198082883
 20
364.5372685126135
 30
0.0
 11
2069.462725177841
 21
363.9480128616246
 31
0.0
 12
2071.525119956302
 22
362.4748737341528
 32
0.0
 13
2071.525119956302
 23
362.4748737341528
 33
0.0
  0
POINT
  5
42D1
330
113A
100
AcDbEntity
  8
Defpoints
 62
     0
440
 16777216
100
AcDbPoint
 10
2071.525119956302
 20
362.4748737341528
 30
0.0
  0
POINT
  5
42D2
330
113A
100
AcDbEntity
  8
Defpoints
 62
     0
440
 16777216
100
AcDbPoint
 10
2076.474867424607
 20
357.525126265847
 30
0.0
  0
ENDBLK
  5
113C
330
113A
100
AcDbEntity
  8
0
100
AcDbBlockEnd
  0
BLOCK
  5
114A
330
1149
100
AcDbEntity
  8
0
100
AcDbBlockBegin
  2
*D109
 70
     1
 10
0.0
 20
0.0
 30
0.0
  3
*D109
  1

  0
LINE
  5
42D3
330
1149
100
AcDbEntity
  8
Dimension2
 62
     0
440
 16777216
370
    -2
100
AcDbLine
 10
2064.159424318942
 20
464.8405693715134
 30
0.0
 11
2069.757353003335
 21
459.2426406871196
 31
0.0
  0
LINE
  5
42D4
330
1149
100
AcDbEntity
  8
Dimension2
 62
     0
440
 16777216
370
    -2
100
AcDbLine
 10
2078.242634377573
 20
450.7573593128809
 30
0.0
 11
2080.010401330539
 21
448.9895923599144
 31
0.0
  0
MTEXT
  5
42D5
330
1149
100
AcDbEntity
  8
Dimension2
 62
     0
440
 16777216
100
AcDbMText
 10
2067.40033039938
 20
464.2513137205242
 30
0.0
 40
2.5
 41
0.0
 46
0.0
 71
     5
 72
     1
  1
∅7
 11
0.7071067811864904
 21
-0.7071067811866047
 31
0.0
 73
     1
 44
1.0
  0
LINE
  5
42D6
330
1149
100
AcDbEntity
  8
Dimension2
 62
     0
440
 16777216
370
    -2
100
AcDbLine
 10
2076.474867424606
 20
452.5251262658476
 30
0.0
 11
2071.525119956302
 21
457.4748737341531
 31
0.0
  0
SOLID
  5
42D7
330
1149
100
AcDbEntity
  8
Dimension2
 62
     0
440
 16777216
100
AcDbTrace
 10
2078.537262203067
 20
451.0519871383754
 30
0.0
 11
2077.948006552078
 21
450.4627314873865
 31
0.0
 12
2076.474867424606
 22
452.5251262658476
 32
0.0
 13
2076.474867424606
 23
452.5251262658476
 33
0.0
  0
SOLID
  5
42D8
330
1149
100
AcDbEntity
  8
Dimension2
 62
     0
440
 16777216
100
AcDbTrace
 10
2070.05198082883
 20
459.537268512614
 30
0.0
 11
2069.462725177841
 21
458.9480128616251
 31
0.0
 12
2071.525119956302
 22
457.4748737341531
 32
0.0
 13
2071.525119956302
 23
457.4748737341531
 33
0.0
  0
POINT
  5
42D9
330
1149
100
AcDbEntity
  8
Defpoints
 62
     0
440
 16777216
100
AcDbPoint
 10
2071.525119956302
 20
457.4748737341531
 30
0.0
  0
POINT
  5
42DA
330
1149
100
AcDbEntity
  8
Defpoints
 62
     0
440
 16777216
100
AcDbPoint
 10
2076.474867424606
 20
452.5251262658476
 30
0.0
  0
ENDBLK
  5
114B
330
1149
100
AcDbEntity
  8
0
100
AcDbBlockEnd
  0
BLOCK
  5
1158
330
1157
100
AcDbEntity
  8
0
100
AcDbBlockBegin
  2
*D110
 70
     1
 10
0.0
 20
0.0
 30
0.0
  3
*D110
  1

  0
LINE
  5
454E
330
1157
100
AcDbEntity
  8
Dimension2
 62
     0
440
 16777216
370
    -2
100
AcDbLine
 10
2008.374993690455
 20
495.0000000000001
 30
0.0
 11
1997.750000000001
 21
495.0000000000001
 31
0.0
  0
LINE
  5
454F
330
1157
100
AcDbEntity
  8
Dimension2
 62
     0
440
 16777216
370
    -2
100
AcDbLine
 10
2378.374993690455
 20
483.0000000000002
 30
0.0
 11
1997.750000000001
 21
483.0000000000001
 31
0.0
  0
LINE
  5
4550
330
1157
100
AcDbEntity
  8
Dimension2
 62
     0
440
 16777216
370
    -2
100
AcDbLine
 10
1999.000000000001
 20
492.5000000000002
 30
0.0
 11
1999.000000000001
 21
485.5000000000002
 31
0.0
  0
SOLID
  5
4551
330
1157
100
AcDbEntity
  8
Dimension2
 62
     0
440
 16777216
100
AcDbTrace
 10
1998.583333333334
 20
492.5000000000002
 30
0.0
 11
1999.416666666667
 21
492.5000000000002
 31
0.0
 12
1999.000000000001
 22
495.0000000000001
 32
0.0
 13
1999.000000000001
 23
495.0000000000001
 33
0.0
  0
SOLID
  5
4552
330
1157
100
AcDbEntity
  8
Dimension2
 62
     0
440
 16777216
100
AcDbTrace
 10
1998.583333333334
 20
485.5000000000002
 30
0.0
 11
1999.416666666667
 21
485.5000000000002
 31
0.0
 12
1999.000000000001
 22
483.0000000000001
 32
0.0
 13
1999.000000000001
 23
483.0000000000001
 33
0.0
  0
MTEXT
  5
4553
330
1157
100
AcDbEntity
  8
Dimension2
 62
     0
440
 16777216
100
AcDbMText
 10
1997.125
 20
488.9999999999995
 30
0.0
 40
2.5
 41
0.0
 46
0.0
 71
     5
 72
     1
  1
12
 11
0.0000000000000001
 21
1.0
 31
0.0
 73
     1
 44
1.0
  0
POINT
  5
4554
330
1157
100
AcDbEntity
  8
Defpoints
 62
     0
440
 16777216
100
AcDbPoint
 10
2008.999993690455
 20
495.0000000000001
 30
0.0
  0
POINT
  5
4555
330
1157
100
AcDbEntity
  8
Defpoints
 62
     0
440
 16777216
100
AcDbPoint
 10
2378.999993690455
 20
483.0000000000002
 30
0.0
  0
POINT
  5
4556
330
1157
100
AcDbEntity
  8
Defpoints
 62
     0
440
 16777216
100
AcDbPoint
 10
1999.000000000001
 20
483.0000000000001
 30
0.0
  0
ENDBLK
  5
1159
330
1157
100
AcDbEntity
  8
0
100
AcDbBlockEnd
  0
BLOCK
  5
116E
330
116D
100
AcDbEntity
  8
0
100
AcDbBlockBegin
  2
*D111
 70
     1
 10
0.0
 20
0.0
 30
0.0
  3
*D111
  1

  0
LINE
  5
4095
330
116D
100
AcDbEntity
  8
Dimension2
 62
     0
440
 16777216
370
    -2
100
AcDbLine
 10
2008.999993690455
 20
495.6249999999999
 30
0.0
 11
2008.999993690455
 21
526.25
 31
0.0
  0
LINE
  5
4096
330
116D
100
AcDbEntity
  8
Dimension2
 62
     0
440
 16777216
370
    -2
100
AcDbLine
 10
2078.999993690454
 20
483.6249999999999
 30
0.0
 11
2078.999993690454
 21
526.25
 31
0.0
  0
LINE
  5
4097
330
116D
100
AcDbEntity
  8
Dimension2
 62
     0
440
 16777216
370
    -2
100
AcDbLine
 10
2011.499993690454
 20
525.0
 30
0.0
 11
2076.499993690454
 21
525.0
 31
0.0
  0
SOLID
  5
4098
330
116D
100
AcDbEntity
  8
Dimension2
 62
     0
440
 16777216
100
AcDbTrace
 10
2011.499993690454
 20
525.4166666666666
 30
0.0
 11
2011.499993690454
 21
524.5833333333333
 31
0.0
 12
2008.999993690455
 22
525.0
 32
0.0
 13
2008.999993690455
 23
525.0
 33
0.0
  0
SOLID
  5
4099
330
116D
100
AcDbEntity
  8
Dimension2
 62
     0
440
 16777216
100
AcDbTrace
 10
2076.499993690454
 20
525.4166666666666
 30
0.0
 11
2076.499993690454
 21
524.5833333333333
 31
0.0
 12
2078.999993690454
 22
525.0
 32
0.0
 13
2078.999993690454
 23
525.0
 33
0.0
  0
MTEXT
  5
409A
330
116D
100
AcDbEntity
  8
Dimension2
 62
     0
440
 16777216
100
AcDbMText
 10
2043.999993690454
 20
526.8749999999999
 30
0.0
 40
2.5
 41
0.0
 46
0.0
 71
     5
 72
     1
  1
70
 73
     1
 44
1.0
  0
POINT
  5
409B
330
116D
100
AcDbEntity
  8
Defpoints
 62
     0
440
 16777216
100
AcDbPoint
 10
2008.999993690455
 20
495.0
 30
0.0
  0
POINT
  5
409C
330
116D
100
AcDbEntity
  8
Defpoints
 62
     0
440
 16777216
100
AcDbPoint
 10
2078.999993690454
 20
483.0
 30
0.0
  0
POINT
  5
409D
330
116D
100
AcDbEntity
  8
Defpoints
 62
     0
440
 16777216
100
AcDbPoint
 10
2078.999993690454
 20
525.0
 30
0.0
  0
ENDBLK
  5
116F
330
116D
100
AcDbEntity
  8
0
100
AcDbBlockEnd
  0
BLOCK
  5
117B
330
117A
100
AcDbEntity
  8
0
100
AcDbBlockBegin
  2
*D112
 70
     1
 10
0.0
 20
0.0
 30
0.0
  3
*D112
  1

  0
LINE
  5
409E
330
117A
100
AcDbEntity
  8
Dimension2
 62
     0
440
 16777216
370
    -2
100
AcDbLine
 10
2078.999993690454
 20
495.6249999999999
 30
0.0
 11
2078.999993690454
 21
526.25
 31
0.0
  0
LINE
  5
409F
330
117A
100
AcDbEntity
  8
Dimension2
 62
     0
440
 16777216
370
    -2
100
AcDbLine
 10
2228.999993690454
 20
483.6249999999999
 30
0.0
 11
2228.999993690454
 21
526.25
 31
0.0
  0
LINE
  5
40A0
330
117A
100
AcDbEntity
  8
Dimension2
 62
     0
440
 16777216
370
    -2
100
AcDbLine
 10
2081.499993690454
 20
525.0
 30
0.0
 11
2226.499993690454
 21
525.0
 31
0.0
  0
SOLID
  5
40A1
330
117A
100
AcDbEntity
  8
Dimension2
 62
     0
440
 16777216
100
AcDbTrace
 10
2081.499993690454
 20
525.4166666666666
 30
0.0
 11
2081.499993690454
 21
524.5833333333333
 31
0.0
 12
2078.999993690454
 22
525.0
 32
0.0
 13
2078.999993690454
 23
525.0
 33
0.0
  0
SOLID
  5
40A2
330
117A
100
AcDbEntity
  8
Dimension2
 62
     0
440
 16777216
100
AcDbTrace
 10
2226.499993690454
 20
525.4166666666666
 30
0.0
 11
2226.499993690454
 21
524.5833333333333
 31
0.0
 12
2228.999993690454
 22
525.0
 32
0.0
 13
2228.999993690454
 23
525.0
 33
0.0
  0
MTEXT
  5
40A3
330
117A
100
AcDbEntity
  8
Dimension2
 62
     0
440
 16777216
100
AcDbMText
 10
2153.999993690455
 20
526.8749999999999
 30
0.0
 40
2.5
 41
0.0
 46
0.0
 71
     5
 72
     1
  1
150
 73
     1
 44
1.0
  0
POINT
  5
40A4
330
117A
100
AcDbEntity
  8
Defpoints
 62
     0
440
 16777216
100
AcDbPoint
 10
2078.999993690454
 20
495.0
 30
0.0
  0
POINT
  5
40A5
330
117A
100
AcDbEntity
  8
Defpoints
 62
     0
440
 16777216
100
AcDbPoint
 10
2228.999993690454
 20
483.0
 30
0.0
  0
POINT
  5
40A6
330
117A
100
AcDbEntity
  8
Defpoints
 62
     0
440
 16777216
100
AcDbPoint
 10
2228.999993690454
 20
525.0
 30
0.0
  0
ENDBLK
  5
117C
330
117A
100
AcDbEntity
  8
0
100
AcDbBlockEnd
  0
BLOCK
  5
1188
330
1187
100
AcDbEntity
  8
0
100
AcDbBlockBegin
  2
*D113
 70
     1
 10
0.0
 20
0.0
 30
0.0
  3
*D113
  1

  0
LINE
  5
40A7
330
1187
100
AcDbEntity
  8
Dimension2
 62
     0
440
 16777216
370
    -2
100
AcDbLine
 10
2228.999993690454
 20
495.6249999999999
 30
0.0
 11
2228.999993690454
 21
526.25
 31
0.0
  0
LINE
  5
40A8
330
1187
100
AcDbEntity
  8
Dimension2
 62
     0
440
 16777216
370
    -2
100
AcDbLine
 10
2378.999993690454
 20
483.6249999999999
 30
0.0
 11
2378.999993690454
 21
526.25
 31
0.0
  0
LINE
  5
40A9
330
1187
100
AcDbEntity
  8
Dimension2
 62
     0
440
 16777216
370
    -2
100
AcDbLine
 10
2231.499993690454
 20
525.0
 30
0.0
 11
2376.499993690454
 21
525.0
 31
0.0
  0
SOLID
  5
40AA
330
1187
100
AcDbEntity
  8
Dimension2
 62
     0
440
 16777216
100
AcDbTrace
 10
2231.499993690454
 20
525.4166666666666
 30
0.0
 11
2231.499993690454
 21
524.5833333333333
 31
0.0
 12
2228.999993690454
 22
525.0
 32
0.0
 13
2228.999993690454
 23
525.0
 33
0.0
  0
SOLID
  5
40AB
330
1187
100
AcDbEntity
  8
Dimension2
 62
     0
440
 16777216
100
AcDbTrace
 10
2376.499993690454
 20
525.4166666666666
 30
0.0
 11
2376.499993690454
 21
524.5833333333333
 31
0.0
 12
2378.999993690454
 22
525.0
 32
0.0
 13
2378.999993690454
 23
525.0
 33
0.0
  0
MTEXT
  5
40AC
330
1187
100
AcDbEntity
  8
Dimension2
 62
     0
440
 16777216
100
AcDbMText
 10
2303.999993690454
 20
526.8749999999999
 30
0.0
 40
2.5
 41
0.0
 46
0.0
 71
     5
 72
     1
  1
150
 73
     1
 44
1.0
  0
POINT
  5
40AD
330
1187
100
AcDbEntity
  8
Defpoints
 62
     0
440
 16777216
100
AcDbPoint
 10
2228.999993690454
 20
495.0
 30
0.0
  0
POINT
  5
40AE
330
1187
100
AcDbEntity
  8
Defpoints
 62
     0
440
 16777216
100
AcDbPoint
 10
2378.999993690454
 20
483.0
 30
0.0
  0
POINT
  5
40AF
330
1187
100
AcDbEntity
  8
Defpoints
 62
     0
440
 16777216
100
AcDbPoint
 10
2378.999993690454
 20
525.0
 30
0.0
  0
ENDBLK
  5
1189
330
1187
100
AcDbEntity
  8
0
100
AcDbBlockEnd
  0
BLOCK
  5
11BC
330
11BB
100
AcDbEntity
  8
0
100
AcDbBlockBegin
  2
*D114
 70
     1
 10
0.0
 20
0.0
 30
0.0
  3
*D114
  1

  0
LINE
  5
42DB
330
11BB
100
AcDbEntity
  8
Dimension2
 62
     0
440
 16777216
370
    -2
100
AcDbLine
 10
2070.573637881314
 20
491.4263558091391
 30
0.0
 11
2076.171566565708
 21
485.8284271247461
 31
0.0
  0
LINE
  5
42DC
330
11BB
100
AcDbEntity
  8
Dimension2
 62
     0
440
 16777216
370
    -2
100
AcDbLine
 10
2081.8284208152
 20
480.1715728752546
 30
0.0
 11
2083.596187768167
 21
478.4038059222884
 31
0.0
  0
MTEXT
  5
42DD
330
11BB
100
AcDbEntity
  8
Dimension2
 62
     0
440
 16777216
100
AcDbMText
 10
2073.814543961753
 20
490.8371001581505
 30
0.0
 40
2.5
 41
0.0
 46
0.0
 71
     5
 72
     1
  1
∅3
 11
0.7071067811865852
 21
-0.7071067811865098
 31
0.0
 73
     1
 44
1.0
  0
LINE
  5
42DE
330
11BB
100
AcDbEntity
  8
Dimension2
 62
     0
440
 16777216
370
    -2
100
AcDbLine
 10
2080.060653862233
 20
481.9393398282208
 30
0.0
 11
2077.939333518674
 21
484.0606601717797
 31
0.0
  0
SOLID
  5
42DF
330
11BB
100
AcDbEntity
  8
Dimension2
 62
     0
440
 16777216
100
AcDbTrace
 10
2082.123048640694
 20
480.4662007007491
 30
0.0
 11
2081.533792989706
 21
479.8769450497602
 31
0.0
 12
2080.060653862233
 22
481.9393398282208
 32
0.0
 13
2080.060653862233
 23
481.9393398282208
 33
0.0
  0
SOLID
  5
42E0
330
11BB
100
AcDbEntity
  8
Dimension2
 62
     0
440
 16777216
100
AcDbTrace
 10
2076.466194391202
 20
486.1230549502405
 30
0.0
 11
2075.876938740214
 21
485.5337992992516
 31
0.0
 12
2077.939333518674
 22
484.0606601717797
 32
0.0
 13
2077.939333518674
 23
484.0606601717797
 33
0.0
  0
POINT
  5
42E1
330
11BB
100
AcDbEntity
  8
Defpoints
 62
     0
440
 16777216
100
AcDbPoint
 10
2077.939333518674
 20
484.0606601717797
 30
0.0
  0
POINT
  5
42E2
330
11BB
100
AcDbEntity
  8
Defpoints
 62
     0
440
 16777216
100
AcDbPoint
 10
2080.060653862233
 20
481.9393398282208
 30
0.0
  0
ENDBLK
  5
11BD
330
11BB
100
AcDbEntity
  8
0
100
AcDbBlockEnd
  0
BLOCK
  5
11CB
330
11CA
100
AcDbEntity
  8
0
100
AcDbBlockBegin
  2
*D115
 70
     1
 10
0.0
 20
0.0
 30
0.0
  3
*D115
  1

  0
LINE
  5
42E3
330
11CA
100
AcDbEntity
  8
Dimension2
 62
     0
440
 16777216
370
    -2
100
AcDbLine
 10
2220.573637881317
 20
491.426355809141
 30
0.0
 11
2226.171566565708
 21
485.8284271247466
 31
0.0
  0
LINE
  5
42E4
330
11CA
100
AcDbEntity
  8
Dimension2
 62
     0
440
 16777216
370
    -2
100
AcDbLine
 10
2231.828420815201
 20
480.1715728752527
 30
0.0
 11
2233.596187768167
 21
478.4038059222861
 31
0.0
  0
MTEXT
  5
42E5
330
11CA
100
AcDbEntity
  8
Dimension2
 62
     0
440
 16777216
100
AcDbMText
 10
2223.814543961754
 20
490.8371001581516
 30
0.0
 40
2.5
 41
0.0
 46
0.0
 71
     5
 72
     1
  1
∅3
 11
0.7071067811864339
 21
-0.7071067811866612
 31
0.0
 73
     1
 44
1.0
  0
LINE
  5
42E6
330
11CA
100
AcDbEntity
  8
Dimension2
 62
     0
440
 16777216
370
    -2
100
AcDbLine
 10
2230.060653862235
 20
481.9393398282194
 30
0.0
 11
2227.939333518675
 21
484.06066017178
 31
0.0
  0
SOLID
  5
42E7
330
11CA
100
AcDbEntity
  8
Dimension2
 62
     0
440
 16777216
100
AcDbTrace
 10
2232.123048640695
 20
480.4662007007472
 30
0.0
 11
2231.533792989706
 21
479.8769450497583
 31
0.0
 12
2230.060653862235
 22
481.9393398282194
 32
0.0
 13
2230.060653862235
 23
481.9393398282194
 33
0.0
  0
SOLID
  5
42E8
330
11CA
100
AcDbEntity
  8
Dimension2
 62
     0
440
 16777216
100
AcDbTrace
 10
2226.466194391203
 20
486.1230549502411
 30
0.0
 11
2225.876938740214
 21
485.5337992992522
 31
0.0
 12
2227.939333518675
 22
484.06066017178
 32
0.0
 13
2227.939333518675
 23
484.06066017178
 33
0.0
  0
POINT
  5
42E9
330
11CA
100
AcDbEntity
  8
Defpoints
 62
     0
440
 16777216
100
AcDbPoint
 10
2227.939333518675
 20
484.06066017178
 30
0.0
  0
POINT
  5
42EA
330
11CA
100
AcDbEntity
  8
Defpoints
 62
     0
440
 16777216
100
AcDbPoint
 10
2230.060653862235
 20
481.9393398282194
 30
0.0
  0
ENDBLK
  5
11CC
330
11CA
100
AcDbEntity
  8
0
100
AcDbBlockEnd
  0
BLOCK
  5
11DA
330
11D9
100
AcDbEntity
  8
0
100
AcDbBlockBegin
  2
*D116
 70
     1
 10
0.0
 20
0.0
 30
0.0
  3
*D116
  1

  0
LINE
  5
42EB
330
11D9
100
AcDbEntity
  8
Dimension2
 62
     0
440
 16777216
370
    -2
100
AcDbLine
 10
2370.573637881315
 20
491.4263558091392
 30
0.0
 11
2376.171566565707
 21
485.828427124746
 31
0.0
  0
LINE
  5
42EC
330
11D9
100
AcDbEntity
  8
Dimension2
 62
     0
440
 16777216
370
    -2
100
AcDbLine
 10
2381.8284208152
 20
480.1715728752537
 30
0.0
 11
2383.596187768167
 21
478.4038059222873
 31
0.0
  0
MTEXT
  5
42ED
330
11D9
100
AcDbEntity
  8
Dimension2
 62
     0
440
 16777216
100
AcDbMText
 10
2373.814543961753
 20
490.8371001581506
 30
0.0
 40
2.5
 41
0.0
 46
0.0
 71
     5
 72
     1
  1
∅3
 11
0.7071067811865664
 21
-0.7071067811865288
 31
0.0
 73
     1
 44
1.0
  0
LINE
  5
42EE
330
11D9
100
AcDbEntity
  8
Dimension2
 62
     0
440
 16777216
370
    -2
100
AcDbLine
 10
2380.060653862234
 20
481.9393398282199
 30
0.0
 11
2377.939333518674
 21
484.0606601717796
 31
0.0
  0
SOLID
  5
42EF
330
11D9
100
AcDbEntity
  8
Dimension2
 62
     0
440
 16777216
100
AcDbTrace
 10
2382.123048640695
 20
480.4662007007481
 30
0.0
 11
2381.533792989706
 21
479.8769450497592
 31
0.0
 12
2380.060653862234
 22
481.9393398282199
 32
0.0
 13
2380.060653862234
 23
481.9393398282199
 33
0.0
  0
SOLID
  5
42F0
330
11D9
100
AcDbEntity
  8
Dimension2
 62
     0
440
 16777216
100
AcDbTrace
 10
2376.466194391202
 20
486.1230549502404
 30
0.0
 11
2375.876938740214
 21
485.5337992992515
 31
0.0
 12
2377.939333518674
 22
484.0606601717796
 32
0.0
 13
2377.939333518674
 23
484.0606601717796
 33
0.0
  0
POINT
  5
42F1
330
11D9
100
AcDbEntity
  8
Defpoints
 62
     0
440
 16777216
100
AcDbPoint
 10
2377.939333518674
 20
484.0606601717796
 30
0.0
  0
POINT
  5
42F2
330
11D9
100
AcDbEntity
  8
Defpoints
 62
     0
440
 16777216
100
AcDbPoint
 10
2380.060653862234
 20
481.9393398282199
 30
0.0
  0
ENDBLK
  5
11DB
330
11D9
100
AcDbEntity
  8
0
100
AcDbBlockEnd
  0
BLOCK
  5
11E6
330
11E5
100
AcDbEntity
  8
0
100
AcDbBlockBegin
  2
*D117
 70
     1
 10
0.0
 20
0.0
 30
0.0
  3
*D117
  1

  0
LINE
  5
463D
330
11E5
100
AcDbEntity
  8
Dimension2
 62
     0
440
 16777216
370
    -2
100
AcDbLine
 10
2008.999993690455
 20
495.6249999999999
 30
0.0
 11
2008.999993690455
 21
506.25
 31
0.0
  0
LINE
  5
463E
330
11E5
100
AcDbEntity
  8
Dimension2
 62
     0
440
 16777216
370
    -2
100
AcDbLine
 10
2020.999993690454
 20
175.625
 30
0.0
 11
2020.999993690454
 21
506.25
 31
0.0
  0
LINE
  5
463F
330
11E5
100
AcDbEntity
  8
Dimension2
 62
     0
440
 16777216
370
    -2
100
AcDbLine
 10
2011.499993690454
 20
505.0
 30
0.0
 11
2018.499993690454
 21
505.0
 31
0.0
  0
SOLID
  5
4640
330
11E5
100
AcDbEntity
  8
Dimension2
 62
     0
440
 16777216
100
AcDbTrace
 10
2011.499993690454
 20
505.4166666666667
 30
0.0
 11
2011.499993690454
 21
504.5833333333333
 31
0.0
 12
2008.999993690455
 22
505.0
 32
0.0
 13
2008.999993690455
 23
505.0
 33
0.0
  0
SOLID
  5
4641
330
11E5
100
AcDbEntity
  8
Dimension2
 62
     0
440
 16777216
100
AcDbTrace
 10
2018.499993690454
 20
505.4166666666667
 30
0.0
 11
2018.499993690454
 21
504.5833333333333
 31
0.0
 12
2020.999993690454
 22
505.0
 32
0.0
 13
2020.999993690454
 23
505.0
 33
0.0
  0
MTEXT
  5
4642
330
11E5
100
AcDbEntity
  8
Dimension2
 62
     0
440
 16777216
100
AcDbMText
 10
2014.999993690454
 20
506.875
 30
0.0
 40
2.5
 41
0.0
 46
0.0
 71
     5
 72
     1
  1
12
 73
     1
 44
1.0
  0
POINT
  5
4643
330
11E5
100
AcDbEntity
  8
Defpoints
 62
     0
440
 16777216
100
AcDbPoint
 10
2008.999993690455
 20
495.0
 30
0.0
  0
POINT
  5
4644
330
11E5
100
AcDbEntity
  8
Defpoints
 62
     0
440
 16777216
100
AcDbPoint
 10
2020.999993690454
 20
175.0
 30
0.0
  0
POINT
  5
4645
330
11E5
100
AcDbEntity
  8
Defpoints
 62
     0
440
 16777216
100
AcDbPoint
 10
2020.999993690454
 20
505.0
 30
0.0
  0
ENDBLK
  5
11E7
330
11E5
100
AcDbEntity
  8
0
100
AcDbBlockEnd
  0
BLOCK
  5
11FC
330
11FB
100
AcDbEntity
  8
0
100
AcDbBlockBegin
  2
*D118
 70
     1
 10
0.0
 20
0.0
 30
0.0
  3
*D118
  1

  0
LINE
  5
457B
330
11FB
100
AcDbEntity
  8
Dimension2
 62
     0
440
 16777216
370
    -2
100
AcDbLine
 10
2008.374993690455
 20
495.0000000000001
 30
0.0
 11
1967.750000000001
 21
495.0000000000001
 31
0.0
  0
LINE
  5
457C
330
11FB
100
AcDbEntity
  8
Dimension2
 62
     0
440
 16777216
370
    -2
100
AcDbLine
 10
2020.374993690455
 20
425.0000000000002
 30
0.0
 11
1967.750000000001
 21
425.0000000000002
 31
0.0
  0
LINE
  5
457D
330
11FB
100
AcDbEntity
  8
Dimension2
 62
     0
440
 16777216
370
    -2
100
AcDbLine
 10
1969.000000000001
 20
492.5000000000002
 30
0.0
 11
1969.000000000001
 21
427.5000000000002
 31
0.0
  0
SOLID
  5
457E
330
11FB
100
AcDbEntity
  8
Dimension2
 62
     0
440
 16777216
100
AcDbTrace
 10
1968.583333333334
 20
492.5000000000002
 30
0.0
 11
1969.416666666668
 21
492.5000000000002
 31
0.0
 12
1969.000000000001
 22
495.0000000000001
 32
0.0
 13
1969.000000000001
 23
495.0000000000001
 33
0.0
  0
SOLID
  5
457F
330
11FB
100
AcDbEntity
  8
Dimension2
 62
     0
440
 16777216
100
AcDbTrace
 10
1968.583333333334
 20
427.5000000000002
 30
0.0
 11
1969.416666666668
 21
427.5000000000002
 31
0.0
 12
1969.000000000001
 22
425.0000000000002
 32
0.0
 13
1969.000000000001
 23
425.0000000000002
 33
0.0
  0
MTEXT
  5
4580
330
11FB
100
AcDbEntity
  8
Dimension2
 62
     0
440
 16777216
100
AcDbMText
 10
1967.125
 20
459.9999999999995
 30
0.0
 40
2.5
 41
0.0
 46
0.0
 71
     5
 72
     1
  1
70
 11
0.0000000000000001
 21
1.0
 31
0.0
 73
     1
 44
1.0
  0
POINT
  5
4581
330
11FB
100
AcDbEntity
  8
Defpoints
 62
     0
440
 16777216
100
AcDbPoint
 10
2008.999993690455
 20
495.0000000000001
 30
0.0
  0
POINT
  5
4582
330
11FB
100
AcDbEntity
  8
Defpoints
 62
     0
440
 16777216
100
AcDbPoint
 10
2020.999993690455
 20
425.0000000000002
 30
0.0
  0
POINT
  5
4583
330
11FB
100
AcDbEntity
  8
Defpoints
 62
     0
440
 16777216
100
AcDbPoint
 10
1969.000000000001
 20
425.0000000000002
 30
0.0
  0
ENDBLK
  5
11FD
330
11FB
100
AcDbEntity
  8
0
100
AcDbBlockEnd
  0
BLOCK
  5
1212
330
1211
100
AcDbEntity
  8
0
100
AcDbBlockBegin
  2
*D119
 70
     1
 10
0.0
 20
0.0
 30
0.0
  3
*D119
  1

  0
LINE
  5
4572
330
1211
100
AcDbEntity
  8
Dimension2
 62
     0
440
 16777216
370
    -2
100
AcDbLine
 10
2008.374993690455
 20
425.0000000000002
 30
0.0
 11
1967.750000000001
 21
425.0000000000002
 31
0.0
  0
LINE
  5
4573
330
1211
100
AcDbEntity
  8
Dimension2
 62
     0
440
 16777216
370
    -2
100
AcDbLine
 10
2020.374993690455
 20
275.0000000000001
 30
0.0
 11
1967.750000000001
 21
275.0000000000001
 31
0.0
  0
LINE
  5
4574
330
1211
100
AcDbEntity
  8
Dimension2
 62
     0
440
 16777216
370
    -2
100
AcDbLine
 10
1969.000000000001
 20
422.5000000000002
 30
0.0
 11
1969.000000000001
 21
277.5000000000001
 31
0.0
  0
SOLID
  5
4575
330
1211
100
AcDbEntity
  8
Dimension2
 62
     0
440
 16777216
100
AcDbTrace
 10
1968.583333333334
 20
422.5000000000002
 30
0.0
 11
1969.416666666668
 21
422.5000000000002
 31
0.0
 12
1969.000000000001
 22
425.0000000000002
 32
0.0
 13
1969.000000000001
 23
425.0000000000002
 33
0.0
  0
SOLID
  5
4576
330
1211
100
AcDbEntity
  8
Dimension2
 62
     0
440
 16777216
100
AcDbTrace
 10
1968.583333333334
 20
277.5000000000001
 30
0.0
 11
1969.416666666668
 21
277.5000000000001
 31
0.0
 12
1969.000000000001
 22
275.0000000000001
 32
0.0
 13
1969.000000000001
 23
275.0000000000001
 33
0.0
  0
MTEXT
  5
4577
330
1211
100
AcDbEntity
  8
Dimension2
 62
     0
440
 16777216
100
AcDbMText
 10
1967.125
 20
349.9999999999996
 30
0.0
 40
2.5
 41
0.0
 46
0.0
 71
     5
 72
     1
  1
150
 11
0.0000000000000001
 21
1.0
 31
0.0
 73
     1
 44
1.0
  0
POINT
  5
4578
330
1211
100
AcDbEntity
  8
Defpoints
 62
     0
440
 16777216
100
AcDbPoint
 10
2008.999993690455
 20
425.0000000000002
 30
0.0
  0
POINT
  5
4579
330
1211
100
AcDbEntity
  8
Defpoints
 62
     0
440
 16777216
100
AcDbPoint
 10
2020.999993690455
 20
275.0000000000001
 30
0.0
  0
POINT
  5
457A
330
1211
100
AcDbEntity
  8
Defpoints
 62
     0
440
 16777216
100
AcDbPoint
 10
1969.000000000001
 20
275.0000000000001
 30
0.0
  0
ENDBLK
  5
1213
330
1211
100
AcDbEntity
  8
0
100
AcDbBlockEnd
  0
BLOCK
  5
1251
330
1250
100
AcDbEntity
  8
0
100
AcDbBlockBegin
  2
*D120
 70
     1
 10
0.0
 20
0.0
 30
0.0
  3
*D120
  1

  0
LINE
  5
4584
330
1250
100
AcDbEntity
  8
Dimension2
 62
     0
440
 16777216
370
    -2
100
AcDbLine
 10
2008.374993690455
 20
275.0000000000001
 30
0.0
 11
1967.750000000001
 21
275.0000000000001
 31
0.0
  0
LINE
  5
4585
330
1250
100
AcDbEntity
  8
Dimension2
 62
     0
440
 16777216
370
    -2
100
AcDbLine
 10
2020.374993690455
 20
175.0
 30
0.0
 11
1967.750000000001
 21
175.0
 31
0.0
  0
LINE
  5
4586
330
1250
100
AcDbEntity
  8
Dimension2
 62
     0
440
 16777216
370
    -2
100
AcDbLine
 10
1969.000000000001
 20
272.5000000000001
 30
0.0
 11
1969.000000000001
 21
177.5
 31
0.0
  0
SOLID
  5
4587
330
1250
100
AcDbEntity
  8
Dimension2
 62
     0
440
 16777216
100
AcDbTrace
 10
1968.583333333334
 20
272.5000000000001
 30
0.0
 11
1969.416666666668
 21
272.5000000000001
 31
0.0
 12
1969.000000000001
 22
275.0000000000001
 32
0.0
 13
1969.000000000001
 23
275.0000000000001
 33
0.0
  0
SOLID
  5
4588
330
1250
100
AcDbEntity
  8
Dimension2
 62
     0
440
 16777216
100
AcDbTrace
 10
1968.583333333334
 20
177.5
 30
0.0
 11
1969.416666666668
 21
177.5
 31
0.0
 12
1969.000000000001
 22
175.0
 32
0.0
 13
1969.000000000001
 23
175.0
 33
0.0
  0
MTEXT
  5
4589
330
1250
100
AcDbEntity
  8
Dimension2
 62
     0
440
 16777216
100
AcDbMText
 10
1967.125
 20
224.9999999999995
 30
0.0
 40
2.5
 41
0.0
 46
0.0
 71
     5
 72
     1
  1
100
 11
0.0000000000000001
 21
1.0
 31
0.0
 73
     1
 44
1.0
  0
POINT
  5
458A
330
1250
100
AcDbEntity
  8
Defpoints
 62
     0
440
 16777216
100
AcDbPoint
 10
2008.999993690455
 20
275.0000000000001
 30
0.0
  0
POINT
  5
458B
330
1250
100
AcDbEntity
  8
Defpoints
 62
     0
440
 16777216
100
AcDbPoint
 10
2020.999993690455
 20
175.0
 30
0.0
  0
POINT
  5
458C
330
1250
100
AcDbEntity
  8
Defpoints
 62
     0
440
 16777216
100
AcDbPoint
 10
1969.000000000001
 20
175.0
 30
0.0
  0
ENDBLK
  5
1252
330
1250
100
AcDbEntity
  8
0
100
AcDbBlockEnd
  0
BLOCK
  5
1273
330
1272
100
AcDbEntity
  8
0
100
AcDbBlockBegin
  2
*D121
 70
     1
 10
0.0
 20
0.0
 30
0.0
  3
*D121
  1

  0
LINE
  5
42F3
330
1272
100
AcDbEntity
  8
Dimension2
 62
     0
440
 16777216
370
    -2
100
AcDbLine
 10
2012.573637881311
 20
433.4263558091361
 30
0.0
 11
2018.171566565707
 21
427.8284271247449
 31
0.0
  0
LINE
  5
42F4
330
1272
100
AcDbEntity
  8
Dimension2
 62
     0
440
 16777216
370
    -2
100
AcDbLine
 10
2023.828420815201
 20
422.1715728752553
 30
0.0
 11
2025.596187768168
 21
420.4038059222896
 31
0.0
  0
MTEXT
  5
42F5
330
1272
100
AcDbEntity
  8
Dimension2
 62
     0
440
 16777216
100
AcDbMText
 10
2015.81454396175
 20
432.8371001581485
 30
0.0
 40
2.5
 41
0.0
 46
0.0
 71
     5
 72
     1
  1
∅3
 11
0.7071067811868321
 21
-0.707106781186263
 31
0.0
 73
     1
 44
1.0
  0
LINE
  5
42F6
330
1272
100
AcDbEntity
  8
Dimension2
 62
     0
440
 16777216
370
    -2
100
AcDbLine
 10
2022.060653862234
 20
423.939339828221
 30
0.0
 11
2019.939333518674
 21
426.0606601717793
 31
0.0
  0
SOLID
  5
42F7
330
1272
100
AcDbEntity
  8
Dimension2
 62
     0
440
 16777216
100
AcDbTrace
 10
2024.123048640696
 20
422.46620070075
 30
0.0
 11
2023.533792989707
 21
421.8769450497608
 31
0.0
 12
2022.060653862234
 22
423.939339828221
 32
0.0
 13
2022.060653862234
 23
423.939339828221
 33
0.0
  0
SOLID
  5
42F8
330
1272
100
AcDbEntity
  8
Dimension2
 62
     0
440
 16777216
100
AcDbTrace
 10
2018.466194391202
 20
428.1230549502396
 30
0.0
 11
2017.876938740213
 21
427.5337992992505
 31
0.0
 12
2019.939333518674
 22
426.0606601717793
 32
0.0
 13
2019.939333518674
 23
426.0606601717793
 33
0.0
  0
POINT
  5
42F9
330
1272
100
AcDbEntity
  8
Defpoints
 62
     0
440
 16777216
100
AcDbPoint
 10
2019.939333518674
 20
426.0606601717793
 30
0.0
  0
POINT
  5
42FA
330
1272
100
AcDbEntity
  8
Defpoints
 62
     0
440
 16777216
100
AcDbPoint
 10
2022.060653862234
 20
423.939339828221
 30
0.0
  0
ENDBLK
  5
1274
330
1272
100
AcDbEntity
  8
0
100
AcDbBlockEnd
  0
BLOCK
  5
1282
330
1281
100
AcDbEntity
  8
0
100
AcDbBlockBegin
  2
*D122
 70
     1
 10
0.0
 20
0.0
 30
0.0
  3
*D122
  1

  0
LINE
  5
42FB
330
1281
100
AcDbEntity
  8
Dimension2
 62
     0
440
 16777216
370
    -2
100
AcDbLine
 10
2012.573637881313
 20
283.4263558091381
 30
0.0
 11
2018.171566565707
 21
277.8284271247458
 31
0.0
  0
LINE
  5
42FC
330
1281
100
AcDbEntity
  8
Dimension2
 62
     0
440
 16777216
370
    -2
100
AcDbLine
 10
2023.828420815201
 20
272.1715728752542
 30
0.0
 11
2025.596187768167
 21
270.4038059222881
 31
0.0
  0
MTEXT
  5
42FD
330
1281
100
AcDbEntity
  8
Dimension2
 62
     0
440
 16777216
100
AcDbMText
 10
2015.814543961752
 20
282.8371001581501
 30
0.0
 40
2.5
 41
0.0
 46
0.0
 71
     5
 72
     1
  1
∅3
 11
0.7071067811866613
 21
-0.7071067811864339
 31
0.0
 73
     1
 44
1.0
  0
LINE
  5
42FE
330
1281
100
AcDbEntity
  8
Dimension2
 62
     0
440
 16777216
370
    -2
100
AcDbLine
 10
2022.060653862234
 20
273.9393398282203
 30
0.0
 11
2019.939333518674
 21
276.0606601717797
 31
0.0
  0
SOLID
  5
42FF
330
1281
100
AcDbEntity
  8
Dimension2
 62
     0
440
 16777216
100
AcDbTrace
 10
2024.123048640695
 20
272.4662007007487
 30
0.0
 11
2023.533792989706
 21
271.8769450497598
 31
0.0
 12
2022.060653862234
 22
273.9393398282203
 32
0.0
 13
2022.060653862234
 23
273.9393398282203
 33
0.0
  0
SOLID
  5
4300
330
1281
100
AcDbEntity
  8
Dimension2
 62
     0
440
 16777216
100
AcDbTrace
 10
2018.466194391202
 20
278.1230549502402
 30
0.0
 11
2017.876938740213
 21
277.5337992992513
 31
0.0
 12
2019.939333518674
 22
276.0606601717797
 32
0.0
 13
2019.939333518674
 23
276.0606601717797
 33
0.0
  0
POINT
  5
4301
330
1281
100
AcDbEntity
  8
Defpoints
 62
     0
440
 16777216
100
AcDbPoint
 10
2019.939333518674
 20
276.0606601717797
 30
0.0
  0
POINT
  5
4302
330
1281
100
AcDbEntity
  8
Defpoints
 62
     0
440
 16777216
100
AcDbPoint
 10
2022.060653862234
 20
273.9393398282203
 30
0.0
  0
ENDBLK
  5
1283
330
1281
100
AcDbEntity
  8
0
100
AcDbBlockEnd
  0
BLOCK
  5
1291
330
1290
100
AcDbEntity
  8
0
100
AcDbBlockBegin
  2
*D123
 70
     1
 10
0.0
 20
0.0
 30
0.0
  3
*D123
  1

  0
LINE
  5
4303
330
1290
100
AcDbEntity
  8
Dimension2
 62
     0
440
 16777216
370
    -2
100
AcDbLine
 10
2012.573637881315
 20
183.4263558091394
 30
0.0
 11
2018.171566565708
 21
177.8284271247461
 31
0.0
  0
LINE
  5
4304
330
1290
100
AcDbEntity
  8
Dimension2
 62
     0
440
 16777216
370
    -2
100
AcDbLine
 10
2023.828420815201
 20
172.1715728752538
 30
0.0
 11
2025.596187768167
 21
170.4038059222874
 31
0.0
  0
MTEXT
  5
4305
330
1290
100
AcDbEntity
  8
Dimension2
 62
     0
440
 16777216
100
AcDbMText
 10
2015.814543961753
 20
182.8371001581506
 30
0.0
 40
2.5
 41
0.0
 46
0.0
 71
     5
 72
     1
  1
∅3
 11
0.7071067811865664
 21
-0.7071067811865288
 31
0.0
 73
     1
 44
1.0
  0
LINE
  5
4306
330
1290
100
AcDbEntity
  8
Dimension2
 62
     0
440
 16777216
370
    -2
100
AcDbLine
 10
2022.060653862235
 20
173.9393398282201
 30
0.0
 11
2019.939333518675
 21
176.0606601717797
 31
0.0
  0
SOLID
  5
4307
330
1290
100
AcDbEntity
  8
Dimension2
 62
     0
440
 16777216
100
AcDbTrace
 10
2024.123048640695
 20
172.4662007007482
 30
0.0
 11
2023.533792989706
 21
171.8769450497593
 31
0.0
 12
2022.060653862235
 22
173.9393398282201
 32
0.0
 13
2022.060653862235
 23
173.9393398282201
 33
0.0
  0
SOLID
  5
4308
330
1290
100
AcDbEntity
  8
Dimension2
 62
     0
440
 16777216
100
AcDbTrace
 10
2018.466194391203
 20
178.1230549502405
 30
0.0
 11
2017.876938740214
 21
177.5337992992516
 31
0.0
 12
2019.939333518675
 22
176.0606601717797
 32
0.0
 13
2019.939333518675
 23
176.0606601717797
 33
0.0
  0
POINT
  5
4309
330
1290
100
AcDbEntity
  8
Defpoints
 62
     0
440
 16777216
100
AcDbPoint
 10
2019.939333518675
 20
176.0606601717797
 30
0.0
  0
POINT
  5
430A
330
1290
100
AcDbEntity
  8
Defpoints
 62
     0
440
 16777216
100
AcDbPoint
 10
2022.060653862235
 20
173.9393398282201
 30
0.0
  0
ENDBLK
  5
1292
330
1290
100
AcDbEntity
  8
0
100
AcDbBlockEnd
  0
BLOCK
  5
129D
330
129C
100
AcDbEntity
  8
0
100
AcDbBlockBegin
  2
*D124
 70
     1
 10
0.0
 20
0.0
 30
0.0
  3
*D124
  1

  0
LINE
  5
4634
330
129C
100
AcDbEntity
  8
Dimension2
 62
     0
440
 16777216
370
    -2
100
AcDbLine
 10
2488.999993690454
 20
495.6249999999999
 30
0.0
 11
2488.999993690454
 21
506.25
 31
0.0
  0
LINE
  5
4635
330
129C
100
AcDbEntity
  8
Dimension2
 62
     0
440
 16777216
370
    -2
100
AcDbLine
 10
2358.999993690455
 20
150.625
 30
0.0
 11
2358.999993690455
 21
506.25
 31
0.0
  0
LINE
  5
4636
330
129C
100
AcDbEntity
  8
Dimension2
 62
     0
440
 16777216
370
    -2
100
AcDbLine
 10
2486.499993690455
 20
505.0
 30
0.0
 11
2361.499993690454
 21
505.0
 31
0.0
  0
SOLID
  5
4637
330
129C
100
AcDbEntity
  8
Dimension2
 62
     0
440
 16777216
100
AcDbTrace
 10
2486.499993690455
 20
505.4166666666667
 30
0.0
 11
2486.499993690455
 21
504.5833333333333
 31
0.0
 12
2488.999993690454
 22
505.0
 32
0.0
 13
2488.999993690454
 23
505.0
 33
0.0
  0
SOLID
  5
4638
330
129C
100
AcDbEntity
  8
Dimension2
 62
     0
440
 16777216
100
AcDbTrace
 10
2361.499993690454
 20
505.4166666666667
 30
0.0
 11
2361.499993690454
 21
504.5833333333333
 31
0.0
 12
2358.999993690455
 22
505.0
 32
0.0
 13
2358.999993690455
 23
505.0
 33
0.0
  0
MTEXT
  5
4639
330
129C
100
AcDbEntity
  8
Dimension2
 62
     0
440
 16777216
100
AcDbMText
 10
2423.999993690455
 20
506.875
 30
0.0
 40
2.5
 41
0.0
 46
0.0
 71
     5
 72
     1
  1
130
 73
     1
 44
1.0
  0
POINT
  5
463A
330
129C
100
AcDbEntity
  8
Defpoints
 62
     0
440
 16777216
100
AcDbPoint
 10
2488.999993690454
 20
495.0
 30
0.0
  0
POINT
  5
463B
330
129C
100
AcDbEntity
  8
Defpoints
 62
     0
440
 16777216
100
AcDbPoint
 10
2358.999993690455
 20
150.0
 30
0.0
  0
POINT
  5
463C
330
129C
100
AcDbEntity
  8
Defpoints
 62
     0
440
 16777216
100
AcDbPoint
 10
2358.999993690455
 20
505.0
 30
0.0
  0
ENDBLK
  5
129E
330
129C
100
AcDbEntity
  8
0
100
AcDbBlockEnd
  0
BLOCK
  5
12B3
330
12B2
100
AcDbEntity
  8
0
100
AcDbBlockBegin
  2
*D125
 70
     1
 10
0.0
 20
0.0
 30
0.0
  3
*D125
  1

  0
LINE
  5
45EC
330
12B2
100
AcDbEntity
  8
Dimension2
 62
     0
440
 16777216
370
    -2
100
AcDbLine
 10
2499.624993690455
 20
495.0000000000001
 30
0.0
 11
2530.250000000001
 21
495.0000000000001
 31
0.0
  0
LINE
  5
45ED
330
12B2
100
AcDbEntity
  8
Dimension2
 62
     0
440
 16777216
370
    -2
100
AcDbLine
 10
2359.624993690455
 20
310.0000000000001
 30
0.0
 11
2530.250000000001
 21
310.0000000000002
 31
0.0
  0
LINE
  5
45EE
330
12B2
100
AcDbEntity
  8
Dimension2
 62
     0
440
 16777216
370
    -2
100
AcDbLine
 10
2529.000000000001
 20
492.5000000000002
 30
0.0
 11
2529.000000000001
 21
312.5000000000002
 31
0.0
  0
SOLID
  5
45EF
330
12B2
100
AcDbEntity
  8
Dimension2
 62
     0
440
 16777216
100
AcDbTrace
 10
2528.583333333334
 20
492.5000000000002
 30
0.0
 11
2529.416666666668
 21
492.5000000000002
 31
0.0
 12
2529.000000000001
 22
495.0000000000001
 32
0.0
 13
2529.000000000001
 23
495.0000000000001
 33
0.0
  0
SOLID
  5
45F0
330
12B2
100
AcDbEntity
  8
Dimension2
 62
     0
440
 16777216
100
AcDbTrace
 10
2528.583333333334
 20
312.5000000000002
 30
0.0
 11
2529.416666666668
 21
312.5000000000002
 31
0.0
 12
2529.000000000001
 22
310.0000000000002
 32
0.0
 13
2529.000000000001
 23
310.0000000000002
 33
0.0
  0
MTEXT
  5
45F1
330
12B2
100
AcDbEntity
  8
Dimension2
 62
     0
440
 16777216
100
AcDbMText
 10
2527.125000000001
 20
402.4999999999994
 30
0.0
 40
2.5
 41
0.0
 46
0.0
 71
     5
 72
     1
  1
185
 11
0.0000000000000001
 21
1.0
 31
0.0
 73
     1
 44
1.0
  0
POINT
  5
45F2
330
12B2
100
AcDbEntity
  8
Defpoints
 62
     0
440
 16777216
100
AcDbPoint
 10
2498.999993690456
 20
495.0000000000001
 30
0.0
  0
POINT
  5
45F3
330
12B2
100
AcDbEntity
  8
Defpoints
 62
     0
440
 16777216
100
AcDbPoint
 10
2358.999993690455
 20
310.0000000000001
 30
0.0
  0
POINT
  5
45F4
330
12B2
100
AcDbEntity
  8
Defpoints
 62
     0
440
 16777216
100
AcDbPoint
 10
2529.000000000001
 20
310.0000000000002
 30
0.0
  0
ENDBLK
  5
12B4
330
12B2
100
AcDbEntity
  8
0
100
AcDbBlockEnd
  0
BLOCK
  5
12C9
330
12C8
100
AcDbEntity
  8
0
100
AcDbBlockBegin
  2
*D126
 70
     1
 10
0.0
 20
0.0
 30
0.0
  3
*D126
  1

  0
LINE
  5
45F5
330
12C8
100
AcDbEntity
  8
Dimension2
 62
     0
440
 16777216
370
    -2
100
AcDbLine
 10
2499.624993690455
 20
25.00000000000002
 30
0.0
 11
2520.250000000001
 21
25.00000000000002
 31
0.0
  0
LINE
  5
45F6
330
12C8
100
AcDbEntity
  8
Dimension2
 62
     0
440
 16777216
370
    -2
100
AcDbLine
 10
2359.624993690455
 20
150.0
 30
0.0
 11
2520.250000000001
 21
150.0000000000001
 31
0.0
  0
LINE
  5
45F7
330
12C8
100
AcDbEntity
  8
Dimension2
 62
     0
440
 16777216
370
    -2
100
AcDbLine
 10
2519.000000000001
 20
27.50000000000002
 30
0.0
 11
2519.000000000001
 21
147.5000000000001
 31
0.0
  0
SOLID
  5
45F8
330
12C8
100
AcDbEntity
  8
Dimension2
 62
     0
440
 16777216
100
AcDbTrace
 10
2518.583333333335
 20
27.50000000000002
 30
0.0
 11
2519.416666666668
 21
27.50000000000002
 31
0.0
 12
2519.000000000001
 22
25.00000000000002
 32
0.0
 13
2519.000000000001
 23
25.00000000000002
 33
0.0
  0
SOLID
  5
45F9
330
12C8
100
AcDbEntity
  8
Dimension2
 62
     0
440
 16777216
100
AcDbTrace
 10
2518.583333333335
 20
147.5000000000001
 30
0.0
 11
2519.416666666668
 21
147.5000000000001
 31
0.0
 12
2519.000000000001
 22
150.0000000000001
 32
0.0
 13
2519.000000000001
 23
150.0000000000001
 33
0.0
  0
MTEXT
  5
45FA
330
12C8
100
AcDbEntity
  8
Dimension2
 62
     0
440
 16777216
100
AcDbMText
 10
2517.125
 20
87.49999999999934
 30
0.0
 40
2.5
 41
0.0
 46
0.0
 71
     5
 72
     1
  1
125
 11
0.0000000000000001
 21
1.0
 31
0.0
 73
     1
 44
1.0
  0
POINT
  5
45FB
330
12C8
100
AcDbEntity
  8
Defpoints
 62
     0
440
 16777216
100
AcDbPoint
 10
2498.999993690456
 20
25.00000000000002
 30
0.0
  0
POINT
  5
45FC
330
12C8
100
AcDbEntity
  8
Defpoints
 62
     0
440
 16777216
100
AcDbPoint
 10
2358.999993690455
 20
150.0
 30
0.0
  0
POINT
  5
45FD
330
12C8
100
AcDbEntity
  8
Defpoints
 62
     0
440
 16777216
100
AcDbPoint
 10
2519.000000000001
 20
150.0000000000001
 30
0.0
  0
ENDBLK
  5
12CA
330
12C8
100
AcDbEntity
  8
0
100
AcDbBlockEnd
  0
BLOCK
  5
12E3
330
12E2
100
AcDbEntity
  8
0
100
AcDbBlockBegin
  2
*D127
 70
     1
 10
0.0
 20
0.0
 30
0.0
  3
*D127
  1

  0
LINE
  5
430B
330
12E2
100
AcDbEntity
  8
Dimension2
 62
     0
440
 16777216
370
    -2
100
AcDbLine
 10
2479.159424318942
 20
159.8405693715126
 30
0.0
 11
2484.757353003335
 21
154.2426406871193
 31
0.0
  0
LINE
  5
430C
330
12E2
100
AcDbEntity
  8
Dimension2
 62
     0
440
 16777216
370
    -2
100
AcDbLine
 10
2493.242634377573
 20
145.7573593128804
 30
0.0
 11
2495.01040133054
 21
143.9895923599142
 31
0.0
  0
MTEXT
  5
430D
330
12E2
100
AcDbEntity
  8
Dimension2
 62
     0
440
 16777216
100
AcDbMText
 10
2482.40033039938
 20
159.2513137205242
 30
0.0
 40
2.5
 41
0.0
 46
0.0
 71
     5
 72
     1
  1
∅7
 11
0.7071067811865476
 21
-0.7071067811865476
 31
0.0
 73
     1
 44
1.0
  0
LINE
  5
430E
330
12E2
100
AcDbEntity
  8
Dimension2
 62
     0
440
 16777216
370
    -2
100
AcDbLine
 10
2491.474867424607
 20
147.5251262658469
 30
0.0
 11
2486.525119956301
 21
152.4748737341529
 31
0.0
  0
SOLID
  5
430F
330
12E2
100
AcDbEntity
  8
Dimension2
 62
     0
440
 16777216
100
AcDbTrace
 10
2493.537262203068
 20
146.0519871383749
 30
0.0
 11
2492.948006552079
 21
145.462731487386
 31
0.0
 12
2491.474867424607
 22
147.5251262658469
 32
0.0
 13
2491.474867424607
 23
147.5251262658469
 33
0.0
  0
SOLID
  5
4310
330
12E2
100
AcDbEntity
  8
Dimension2
 62
     0
440
 16777216
100
AcDbTrace
 10
2485.051980828829
 20
154.5372685126137
 30
0.0
 11
2484.46272517784
 21
153.9480128616248
 31
0.0
 12
2486.525119956301
 22
152.4748737341529
 32
0.0
 13
2486.525119956301
 23
152.4748737341529
 33
0.0
  0
POINT
  5
4311
330
12E2
100
AcDbEntity
  8
Defpoints
 62
     0
440
 16777216
100
AcDbPoint
 10
2486.525119956301
 20
152.4748737341529
 30
0.0
  0
POINT
  5
4312
330
12E2
100
AcDbEntity
  8
Defpoints
 62
     0
440
 16777216
100
AcDbPoint
 10
2491.474867424607
 20
147.5251262658469
 30
0.0
  0
ENDBLK
  5
12E4
330
12E2
100
AcDbEntity
  8
0
100
AcDbBlockEnd
  0
BLOCK
  5
12F2
330
12F1
100
AcDbEntity
  8
0
100
AcDbBlockBegin
  2
*D128
 70
     1
 10
0.0
 20
0.0
 30
0.0
  3
*D128
  1

  0
LINE
  5
4313
330
12F1
100
AcDbEntity
  8
Dimension2
 62
     0
440
 16777216
370
    -2
100
AcDbLine
 10
2349.159424318941
 20
159.8405693715124
 30
0.0
 11
2354.757353003335
 21
154.2426406871191
 31
0.0
  0
LINE
  5
4314
330
12F1
100
AcDbEntity
  8
Dimension2
 62
     0
440
 16777216
370
    -2
100
AcDbLine
 10
2363.242634377574
 20
145.7573593128802
 30
0.0
 11
2365.010401330541
 21
143.9895923599138
 31
0.0
  0
MTEXT
  5
4315
330
12F1
100
AcDbEntity
  8
Dimension2
 62
     0
440
 16777216
100
AcDbMText
 10
2352.40033039938
 20
159.2513137205237
 30
0.0
 40
2.5
 41
0.0
 46
0.0
 71
     5
 72
     1
  1
∅7
 11
0.7071067811865639
 21
-0.7071067811865312
 31
0.0
 73
     1
 44
1.0
  0
LINE
  5
4316
330
12F1
100
AcDbEntity
  8
Dimension2
 62
     0
440
 16777216
370
    -2
100
AcDbLine
 10
2361.474867424608
 20
147.5251262658464
 30
0.0
 11
2356.525119956301
 21
152.4748737341526
 31
0.0
  0
SOLID
  5
4317
330
12F1
100
AcDbEntity
  8
Dimension2
 62
     0
440
 16777216
100
AcDbTrace
 10
2363.537262203069
 20
146.0519871383747
 30
0.0
 11
2362.94800655208
 21
145.4627314873857
 31
0.0
 12
2361.474867424608
 22
147.5251262658464
 32
0.0
 13
2361.474867424608
 23
147.5251262658464
 33
0.0
  0
SOLID
  5
4318
330
12F1
100
AcDbEntity
  8
Dimension2
 62
     0
440
 16777216
100
AcDbTrace
 10
2355.051980828829
 20
154.5372685126135
 30
0.0
 11
2354.46272517784
 21
153.9480128616246
 31
0.0
 12
2356.525119956301
 22
152.4748737341526
 32
0.0
 13
2356.525119956301
 23
152.4748737341526
 33
0.0
  0
POINT
  5
4319
330
12F1
100
AcDbEntity
  8
Defpoints
 62
     0
440
 16777216
100
AcDbPoint
 10
2356.525119956301
 20
152.4748737341526
 30
0.0
  0
POINT
  5
431A
330
12F1
100
AcDbEntity
  8
Defpoints
 62
     0
440
 16777216
100
AcDbPoint
 10
2361.474867424608
 20
147.5251262658464
 30
0.0
  0
ENDBLK
  5
12F3
330
12F1
100
AcDbEntity
  8
0
100
AcDbBlockEnd
  0
BLOCK
  5
1301
330
1300
100
AcDbEntity
  8
0
100
AcDbBlockBegin
  2
*D129
 70
     1
 10
0.0
 20
0.0
 30
0.0
  3
*D129
  1

  0
LINE
  5
431B
330
1300
100
AcDbEntity
  8
Dimension2
 62
     0
440
 16777216
370
    -2
100
AcDbLine
 10
2349.159424318941
 20
319.8405693715127
 30
0.0
 11
2354.757353003335
 21
314.2426406871193
 31
0.0
  0
LINE
  5
431C
330
1300
100
AcDbEntity
  8
Dimension2
 62
     0
440
 16777216
370
    -2
100
AcDbLine
 10
2363.242634377574
 20
305.7573593128807
 30
0.0
 11
2365.01040133054
 21
303.9895923599142
 31
0.0
  0
MTEXT
  5
431D
330
1300
100
AcDbEntity
  8
Dimension2
 62
     0
440
 16777216
100
AcDbMText
 10
2352.40033039938
 20
319.2513137205239
 30
0.0
 40
2.5
 41
0.0
 46
0.0
 71
     5
 72
     1
  1
∅7
 11
0.7071067811865394
 21
-0.7071067811865558
 31
0.0
 73
     1
 44
1.0
  0
LINE
  5
431E
330
1300
100
AcDbEntity
  8
Dimension2
 62
     0
440
 16777216
370
    -2
100
AcDbLine
 10
2361.474867424607
 20
307.5251262658471
 30
0.0
 11
2356.525119956302
 21
312.4748737341529
 31
0.0
  0
SOLID
  5
431F
330
1300
100
AcDbEntity
  8
Dimension2
 62
     0
440
 16777216
100
AcDbTrace
 10
2363.537262203069
 20
306.0519871383751
 30
0.0
 11
2362.948006552079
 21
305.4627314873862
 31
0.0
 12
2361.474867424607
 22
307.5251262658471
 32
0.0
 13
2361.474867424607
 23
307.5251262658471
 33
0.0
  0
SOLID
  5
4320
330
1300
100
AcDbEntity
  8
Dimension2
 62
     0
440
 16777216
100
AcDbTrace
 10
2355.05198082883
 20
314.5372685126138
 30
0.0
 11
2354.462725177841
 21
313.9480128616249
 31
0.0
 12
2356.525119956302
 22
312.4748737341529
 32
0.0
 13
2356.525119956302
 23
312.4748737341529
 33
0.0
  0
POINT
  5
4321
330
1300
100
AcDbEntity
  8
Defpoints
 62
     0
440
 16777216
100
AcDbPoint
 10
2356.525119956302
 20
312.4748737341529
 30
0.0
  0
POINT
  5
4322
330
1300
100
AcDbEntity
  8
Defpoints
 62
     0
440
 16777216
100
AcDbPoint
 10
2361.474867424607
 20
307.5251262658471
 30
0.0
  0
ENDBLK
  5
1302
330
1300
100
AcDbEntity
  8
0
100
AcDbBlockEnd
  0
BLOCK
  5
1310
330
130F
100
AcDbEntity
  8
0
100
AcDbBlockBegin
  2
*D130
 70
     1
 10
0.0
 20
0.0
 30
0.0
  3
*D130
  1

  0
LINE
  5
4323
330
130F
100
AcDbEntity
  8
Dimension2
 62
     0
440
 16777216
370
    -2
100
AcDbLine
 10
2479.159424318942
 20
319.8405693715133
 30
0.0
 11
2484.757353003335
 21
314.2426406871195
 31
0.0
  0
LINE
  5
4324
330
130F
100
AcDbEntity
  8
Dimension2
 62
     0
440
 16777216
370
    -2
100
AcDbLine
 10
2493.242634377573
 20
305.7573593128798
 30
0.0
 11
2495.01040133054
 21
303.9895923599131
 31
0.0
  0
MTEXT
  5
4325
330
130F
100
AcDbEntity
  8
Dimension2
 62
     0
440
 16777216
100
AcDbMText
 10
2482.400330399381
 20
319.2513137205244
 30
0.0
 40
2.5
 41
0.0
 46
0.0
 71
     5
 72
     1
  1
∅7
 11
0.7071067811864992
 21
-0.7071067811865959
 31
0.0
 73
     1
 44
1.0
  0
LINE
  5
4326
330
130F
100
AcDbEntity
  8
Dimension2
 62
     0
440
 16777216
370
    -2
100
AcDbLine
 10
2491.474867424608
 20
307.5251262658462
 30
0.0
 11
2486.525119956301
 21
312.4748737341531
 31
0.0
  0
SOLID
  5
4327
330
130F
100
AcDbEntity
  8
Dimension2
 62
     0
440
 16777216
100
AcDbTrace
 10
2493.537262203068
 20
306.0519871383742
 30
0.0
 11
2492.948006552079
 21
305.4627314873853
 31
0.0
 12
2491.474867424608
 22
307.5251262658462
 32
0.0
 13
2491.474867424608
 23
307.5251262658462
 33
0.0
  0
SOLID
  5
4328
330
130F
100
AcDbEntity
  8
Dimension2
 62
     0
440
 16777216
100
AcDbTrace
 10
2485.05198082883
 20
314.537268512614
 30
0.0
 11
2484.462725177841
 21
313.9480128616251
 31
0.0
 12
2486.525119956301
 22
312.4748737341531
 32
0.0
 13
2486.525119956301
 23
312.4748737341531
 33
0.0
  0
POINT
  5
4329
330
130F
100
AcDbEntity
  8
Defpoints
 62
     0
440
 16777216
100
AcDbPoint
 10
2486.525119956301
 20
312.4748737341531
 30
0.0
  0
POINT
  5
432A
330
130F
100
AcDbEntity
  8
Defpoints
 62
     0
440
 16777216
100
AcDbPoint
 10
2491.474867424608
 20
307.5251262658462
 30
0.0
  0
ENDBLK
  5
1311
330
130F
100
AcDbEntity
  8
0
100
AcDbBlockEnd
  0
BLOCK
  5
131C
330
131B
100
AcDbEntity
  8
0
100
AcDbBlockBegin
  2
*D131
 70
     1
 10
0.0
 20
0.0
 30
0.0
  3
*D131
  1

  0
LINE
  5
45FE
330
131B
100
AcDbEntity
  8
Dimension2
 62
     0
440
 16777216
370
    -2
100
AcDbLine
 10
2499.624993690455
 20
25.00000000000002
 30
0.0
 11
2530.250000000001
 21
25.00000000000002
 31
0.0
  0
LINE
  5
45FF
330
131B
100
AcDbEntity
  8
Dimension2
 62
     0
440
 16777216
370
    -2
100
AcDbLine
 10
2476.624993690455
 20
197.0000000000001
 30
0.0
 11
2530.250000000001
 21
197.0000000000001
 31
0.0
  0
LINE
  5
4600
330
131B
100
AcDbEntity
  8
Dimension2
 62
     0
440
 16777216
370
    -2
100
AcDbLine
 10
2529.000000000001
 20
27.50000000000002
 30
0.0
 11
2529.000000000001
 21
194.5000000000001
 31
0.0
  0
SOLID
  5
4601
330
131B
100
AcDbEntity
  8
Dimension2
 62
     0
440
 16777216
100
AcDbTrace
 10
2528.583333333334
 20
27.50000000000002
 30
0.0
 11
2529.416666666668
 21
27.50000000000002
 31
0.0
 12
2529.000000000001
 22
25.00000000000002
 32
0.0
 13
2529.000000000001
 23
25.00000000000002
 33
0.0
  0
SOLID
  5
4602
330
131B
100
AcDbEntity
  8
Dimension2
 62
     0
440
 16777216
100
AcDbTrace
 10
2528.583333333334
 20
194.5000000000001
 30
0.0
 11
2529.416666666668
 21
194.5000000000001
 31
0.0
 12
2529.000000000001
 22
197.0000000000001
 32
0.0
 13
2529.000000000001
 23
197.0000000000001
 33
0.0
  0
MTEXT
  5
4603
330
131B
100
AcDbEntity
  8
Dimension2
 62
     0
440
 16777216
100
AcDbMText
 10
2527.125000000001
 20
110.9999999999993
 30
0.0
 40
2.5
 41
0.0
 46
0.0
 71
     5
 72
     1
  1
172
 11
0.0000000000000001
 21
1.0
 31
0.0
 73
     1
 44
1.0
  0
POINT
  5
4604
330
131B
100
AcDbEntity
  8
Defpoints
 62
     0
440
 16777216
100
AcDbPoint
 10
2498.999993690456
 20
25.00000000000002
 30
0.0
  0
POINT
  5
4605
330
131B
100
AcDbEntity
  8
Defpoints
 62
     0
440
 16777216
100
AcDbPoint
 10
2475.999993690455
 20
197.0000000000001
 30
0.0
  0
POINT
  5
4606
330
131B
100
AcDbEntity
  8
Defpoints
 62
     0
440
 16777216
100
AcDbPoint
 10
2529.000000000001
 20
197.0000000000001
 30
0.0
  0
ENDBLK
  5
131D
330
131B
100
AcDbEntity
  8
0
100
AcDbBlockEnd
  0
BLOCK
  5
1332
330
1331
100
AcDbEntity
  8
0
100
AcDbBlockBegin
  2
*D132
 70
     1
 10
0.0
 20
0.0
 30
0.0
  3
*D132
  1

  0
LINE
  5
4607
330
1331
100
AcDbEntity
  8
Dimension2
 62
     0
440
 16777216
370
    -2
100
AcDbLine
 10
2499.624993690455
 20
197.0000000000001
 30
0.0
 11
2530.250000000001
 21
197.0000000000001
 31
0.0
  0
LINE
  5
4608
330
1331
100
AcDbEntity
  8
Dimension2
 62
     0
440
 16777216
370
    -2
100
AcDbLine
 10
2440.624993690455
 20
220.0000000000001
 30
0.0
 11
2530.250000000001
 21
220.0000000000001
 31
0.0
  0
LINE
  5
4609
330
1331
100
AcDbEntity
  8
Dimension2
 62
     0
440
 16777216
370
    -2
100
AcDbLine
 10
2529.000000000001
 20
199.5000000000001
 30
0.0
 11
2529.000000000001
 21
217.5000000000002
 31
0.0
  0
SOLID
  5
460A
330
1331
100
AcDbEntity
  8
Dimension2
 62
     0
440
 16777216
100
AcDbTrace
 10
2528.583333333334
 20
199.5000000000001
 30
0.0
 11
2529.416666666668
 21
199.5000000000001
 31
0.0
 12
2529.000000000001
 22
197.0000000000001
 32
0.0
 13
2529.000000000001
 23
197.0000000000001
 33
0.0
  0
SOLID
  5
460B
330
1331
100
AcDbEntity
  8
Dimension2
 62
     0
440
 16777216
100
AcDbTrace
 10
2528.583333333334
 20
217.5000000000002
 30
0.0
 11
2529.416666666668
 21
217.5000000000002
 31
0.0
 12
2529.000000000001
 22
220.0000000000001
 32
0.0
 13
2529.000000000001
 23
220.0000000000001
 33
0.0
  0
MTEXT
  5
460C
330
1331
100
AcDbEntity
  8
Dimension2
 62
     0
440
 16777216
100
AcDbMText
 10
2527.125000000001
 20
208.4999999999993
 30
0.0
 40
2.5
 41
0.0
 46
0.0
 71
     5
 72
     1
  1
23
 11
0.0000000000000001
 21
1.0
 31
0.0
 73
     1
 44
1.0
  0
POINT
  5
460D
330
1331
100
AcDbEntity
  8
Defpoints
 62
     0
440
 16777216
100
AcDbPoint
 10
2498.999993690456
 20
197.0000000000001
 30
0.0
  0
POINT
  5
460E
330
1331
100
AcDbEntity
  8
Defpoints
 62
     0
440
 16777216
100
AcDbPoint
 10
2439.999993690455
 20
220.0000000000001
 30
0.0
  0
POINT
  5
460F
330
1331
100
AcDbEntity
  8
Defpoints
 62
     0
440
 16777216
100
AcDbPoint
 10
2529.000000000001
 20
220.0000000000001
 30
0.0
  0
ENDBLK
  5
1333
330
1331
100
AcDbEntity
  8
0
100
AcDbBlockEnd
  0
BLOCK
  5
1348
330
1347
100
AcDbEntity
  8
0
100
AcDbBlockBegin
  2
*D133
 70
     1
 10
0.0
 20
0.0
 30
0.0
  3
*D133
  1

  0
LINE
  5
4610
330
1347
100
AcDbEntity
  8
Dimension2
 62
     0
440
 16777216
370
    -2
100
AcDbLine
 10
2499.624993690455
 20
220.0000000000001
 30
0.0
 11
2530.250000000001
 21
220.0000000000001
 31
0.0
  0
LINE
  5
4611
330
1347
100
AcDbEntity
  8
Dimension2
 62
     0
440
 16777216
370
    -2
100
AcDbLine
 10
2404.624993690455
 20
243.0000000000001
 30
0.0
 11
2530.250000000001
 21
243.0000000000001
 31
0.0
  0
LINE
  5
4612
330
1347
100
AcDbEntity
  8
Dimension2
 62
     0
440
 16777216
370
    -2
100
AcDbLine
 10
2529.000000000001
 20
222.5000000000001
 30
0.0
 11
2529.000000000001
 21
240.5000000000002
 31
0.0
  0
SOLID
  5
4613
330
1347
100
AcDbEntity
  8
Dimension2
 62
     0
440
 16777216
100
AcDbTrace
 10
2528.583333333334
 20
222.5000000000001
 30
0.0
 11
2529.416666666668
 21
222.5000000000001
 31
0.0
 12
2529.000000000001
 22
220.0000000000001
 32
0.0
 13
2529.000000000001
 23
220.0000000000001
 33
0.0
  0
SOLID
  5
4614
330
1347
100
AcDbEntity
  8
Dimension2
 62
     0
440
 16777216
100
AcDbTrace
 10
2528.583333333334
 20
240.5000000000002
 30
0.0
 11
2529.416666666668
 21
240.5000000000002
 31
0.0
 12
2529.000000000001
 22
243.0000000000001
 32
0.0
 13
2529.000000000001
 23
243.0000000000001
 33
0.0
  0
MTEXT
  5
4615
330
1347
100
AcDbEntity
  8
Dimension2
 62
     0
440
 16777216
100
AcDbMText
 10
2527.125000000001
 20
231.4999999999994
 30
0.0
 40
2.5
 41
0.0
 46
0.0
 71
     5
 72
     1
  1
23
 11
0.0000000000000001
 21
1.0
 31
0.0
 73
     1
 44
1.0
  0
POINT
  5
4616
330
1347
100
AcDbEntity
  8
Defpoints
 62
     0
440
 16777216
100
AcDbPoint
 10
2498.999993690456
 20
220.0000000000001
 30
0.0
  0
POINT
  5
4617
330
1347
100
AcDbEntity
  8
Defpoints
 62
     0
440
 16777216
100
AcDbPoint
 10
2403.999993690455
 20
243.0000000000001
 30
0.0
  0
POINT
  5
4618
330
1347
100
AcDbEntity
  8
Defpoints
 62
     0
440
 16777216
100
AcDbPoint
 10
2529.000000000001
 20
243.0000000000001
 30
0.0
  0
ENDBLK
  5
1349
330
1347
100
AcDbEntity
  8
0
100
AcDbBlockEnd
  0
BLOCK
  5
135E
330
135D
100
AcDbEntity
  8
0
100
AcDbBlockBegin
  2
*D134
 70
     1
 10
0.0
 20
0.0
 30
0.0
  3
*D134
  1

  0
LINE
  5
435E
330
135D
100
AcDbEntity
  8
Dimension2
 62
     0
440
 16777216
370
    -2
100
AcDbLine
 10
2498.999993690454
 20
24.375
 30
0.0
 11
2498.999993690454
 21
13.75
 31
0.0
  0
LINE
  5
435F
330
135D
100
AcDbEntity
  8
Dimension2
 62
     0
440
 16777216
370
    -2
100
AcDbLine
 10
2475.999993690454
 20
196.375
 30
0.0
 11
2475.999993690454
 21
13.75
 31
0.0
  0
LINE
  5
4360
330
135D
100
AcDbEntity
  8
Dimension2
 62
     0
440
 16777216
370
    -2
100
AcDbLine
 10
2496.499993690454
 20
15.0
 30
0.0
 11
2478.499993690454
 21
15.0
 31
0.0
  0
SOLID
  5
4361
330
135D
100
AcDbEntity
  8
Dimension2
 62
     0
440
 16777216
100
AcDbTrace
 10
2496.499993690454
 20
15.41666666666666
 30
0.0
 11
2496.499993690454
 21
14.58333333333333
 31
0.0
 12
2498.999993690454
 22
15.0
 32
0.0
 13
2498.999993690454
 23
15.0
 33
0.0
  0
SOLID
  5
4362
330
135D
100
AcDbEntity
  8
Dimension2
 62
     0
440
 16777216
100
AcDbTrace
 10
2478.499993690454
 20
15.41666666666666
 30
0.0
 11
2478.499993690454
 21
14.58333333333333
 31
0.0
 12
2475.999993690454
 22
15.0
 32
0.0
 13
2475.999993690454
 23
15.0
 33
0.0
  0
MTEXT
  5
4363
330
135D
100
AcDbEntity
  8
Dimension2
 62
     0
440
 16777216
100
AcDbMText
 10
2487.499993690454
 20
16.875
 30
0.0
 40
2.5
 41
0.0
 46
0.0
 71
     5
 72
     1
  1
23
 73
     1
 44
1.0
  0
POINT
  5
4364
330
135D
100
AcDbEntity
  8
Defpoints
 62
     0
440
 16777216
100
AcDbPoint
 10
2498.999993690454
 20
25.0
 30
0.0
  0
POINT
  5
4365
330
135D
100
AcDbEntity
  8
Defpoints
 62
     0
440
 16777216
100
AcDbPoint
 10
2475.999993690454
 20
197.0
 30
0.0
  0
POINT
  5
4366
330
135D
100
AcDbEntity
  8
Defpoints
 62
     0
440
 16777216
100
AcDbPoint
 10
2475.999993690454
 20
15.0
 30
0.0
  0
ENDBLK
  5
135F
330
135D
100
AcDbEntity
  8
0
100
AcDbBlockEnd
  0
BLOCK
  5
136B
330
136A
100
AcDbEntity
  8
0
100
AcDbBlockBegin
  2
*D135
 70
     1
 10
0.0
 20
0.0
 30
0.0
  3
*D135
  1

  0
LINE
  5
4355
330
136A
100
AcDbEntity
  8
Dimension2
 62
     0
440
 16777216
370
    -2
100
AcDbLine
 10
2475.999993690454
 20
24.375
 30
0.0
 11
2475.999993690454
 21
13.75
 31
0.0
  0
LINE
  5
4356
330
136A
100
AcDbEntity
  8
Dimension2
 62
     0
440
 16777216
370
    -2
100
AcDbLine
 10
2439.999993690455
 20
219.375
 30
0.0
 11
2439.999993690455
 21
13.75
 31
0.0
  0
LINE
  5
4357
330
136A
100
AcDbEntity
  8
Dimension2
 62
     0
440
 16777216
370
    -2
100
AcDbLine
 10
2473.499993690455
 20
15.0
 30
0.0
 11
2442.499993690454
 21
15.0
 31
0.0
  0
SOLID
  5
4358
330
136A
100
AcDbEntity
  8
Dimension2
 62
     0
440
 16777216
100
AcDbTrace
 10
2473.499993690455
 20
15.41666666666666
 30
0.0
 11
2473.499993690455
 21
14.58333333333333
 31
0.0
 12
2475.999993690454
 22
15.0
 32
0.0
 13
2475.999993690454
 23
15.0
 33
0.0
  0
SOLID
  5
4359
330
136A
100
AcDbEntity
  8
Dimension2
 62
     0
440
 16777216
100
AcDbTrace
 10
2442.499993690454
 20
15.41666666666666
 30
0.0
 11
2442.499993690454
 21
14.58333333333333
 31
0.0
 12
2439.999993690455
 22
15.0
 32
0.0
 13
2439.999993690455
 23
15.0
 33
0.0
  0
MTEXT
  5
435A
330
136A
100
AcDbEntity
  8
Dimension2
 62
     0
440
 16777216
100
AcDbMText
 10
2457.999993690454
 20
16.875
 30
0.0
 40
2.5
 41
0.0
 46
0.0
 71
     5
 72
     1
  1
36
 73
     1
 44
1.0
  0
POINT
  5
435B
330
136A
100
AcDbEntity
  8
Defpoints
 62
     0
440
 16777216
100
AcDbPoint
 10
2475.999993690454
 20
25.0
 30
0.0
  0
POINT
  5
435C
330
136A
100
AcDbEntity
  8
Defpoints
 62
     0
440
 16777216
100
AcDbPoint
 10
2439.999993690455
 20
220.0
 30
0.0
  0
POINT
  5
435D
330
136A
100
AcDbEntity
  8
Defpoints
 62
     0
440
 16777216
100
AcDbPoint
 10
2439.999993690455
 20
15.0
 30
0.0
  0
ENDBLK
  5
136C
330
136A
100
AcDbEntity
  8
0
100
AcDbBlockEnd
  0
BLOCK
  5
1378
330
1377
100
AcDbEntity
  8
0
100
AcDbBlockBegin
  2
*D136
 70
     1
 10
0.0
 20
0.0
 30
0.0
  3
*D136
  1

  0
LINE
  5
434C
330
1377
100
AcDbEntity
  8
Dimension2
 62
     0
440
 16777216
370
    -2
100
AcDbLine
 10
2439.999993690455
 20
24.375
 30
0.0
 11
2439.999993690455
 21
13.75
 31
0.0
  0
LINE
  5
434D
330
1377
100
AcDbEntity
  8
Dimension2
 62
     0
440
 16777216
370
    -2
100
AcDbLine
 10
2403.999993690455
 20
242.375
 30
0.0
 11
2403.999993690455
 21
13.75
 31
0.0
  0
LINE
  5
434E
330
1377
100
AcDbEntity
  8
Dimension2
 62
     0
440
 16777216
370
    -2
100
AcDbLine
 10
2437.499993690455
 20
15.0
 30
0.0
 11
2406.499993690454
 21
15.0
 31
0.0
  0
SOLID
  5
434F
330
1377
100
AcDbEntity
  8
Dimension2
 62
     0
440
 16777216
100
AcDbTrace
 10
2437.499993690455
 20
15.41666666666666
 30
0.0
 11
2437.499993690455
 21
14.58333333333333
 31
0.0
 12
2439.999993690455
 22
15.0
 32
0.0
 13
2439.999993690455
 23
15.0
 33
0.0
  0
SOLID
  5
4350
330
1377
100
AcDbEntity
  8
Dimension2
 62
     0
440
 16777216
100
AcDbTrace
 10
2406.499993690454
 20
15.41666666666666
 30
0.0
 11
2406.499993690454
 21
14.58333333333333
 31
0.0
 12
2403.999993690455
 22
15.0
 32
0.0
 13
2403.999993690455
 23
15.0
 33
0.0
  0
MTEXT
  5
4351
330
1377
100
AcDbEntity
  8
Dimension2
 62
     0
440
 16777216
100
AcDbMText
 10
2421.999993690454
 20
16.875
 30
0.0
 40
2.5
 41
0.0
 46
0.0
 71
     5
 72
     1
  1
36
 73
     1
 44
1.0
  0
POINT
  5
4352
330
1377
100
AcDbEntity
  8
Defpoints
 62
     0
440
 16777216
100
AcDbPoint
 10
2439.999993690455
 20
25.0
 30
0.0
  0
POINT
  5
4353
330
1377
100
AcDbEntity
  8
Defpoints
 62
     0
440
 16777216
100
AcDbPoint
 10
2403.999993690455
 20
243.0
 30
0.0
  0
POINT
  5
4354
330
1377
100
AcDbEntity
  8
Defpoints
 62
     0
440
 16777216
100
AcDbPoint
 10
2403.999993690455
 20
15.0
 30
0.0
  0
ENDBLK
  5
1379
330
1377
100
AcDbEntity
  8
0
100
AcDbBlockEnd
  0
BLOCK
  5
13C8
330
13C7
100
AcDbEntity
  8
0
100
AcDbBlockBegin
  2
*D137
 70
     1
 10
0.0
 20
0.0
 30
0.0
  3
*D137
  1

  0
LINE
  5
4175
330
13C7
100
AcDbEntity
  8
Dimension2
 62
     0
440
 16777216
370
    -2
100
AcDbLine
 10
2468.497680659014
 20
208.2534695471653
 30
0.0
 11
2472.949142611217
 21
201.5762766188591
 31
0.0
  0
LINE
  5
4176
330
13C7
100
AcDbEntity
  8
Dimension2
 62
     0
440
 16777216
370
    -2
100
AcDbLine
 10
2479.050844769694
 20
192.4237233811416
 30
0.0
 11
2480.437595260257
 21
190.3435976452969
 31
0.0
  0
MTEXT
  5
4177
330
13C7
100
AcDbEntity
  8
Dimension2
 62
     0
440
 16777216
100
AcDbMText
 10
2471.56008799234
 20
207.0400628679226
 30
0.0
 40
2.5
 41
0.0
 46
0.0
 71
     5
 72
     1
  1
∅6
 11
0.554700196225177
 21
-0.8320502943378784
 31
0.0
 73
     1
 44
1.0
  0
LINE
  5
4178
330
13C7
100
AcDbEntity
  8
Dimension2
 62
     0
440
 16777216
370
    -2
100
AcDbLine
 10
2477.664094279131
 20
194.5038491169863
 30
0.0
 11
2474.33589310178
 21
199.4961508830144
 31
0.0
  0
SOLID
  5
4179
330
13C7
100
AcDbEntity
  8
Dimension2
 62
     0
440
 16777216
100
AcDbTrace
 10
2479.397532392335
 20
192.654848462902
 30
0.0
 11
2478.704157147053
 21
192.1925982993812
 31
0.0
 12
2477.664094279131
 22
194.5038491169863
 32
0.0
 13
2477.664094279131
 23
194.5038491169863
 33
0.0
  0
SOLID
  5
417A
330
13C7
100
AcDbEntity
  8
Dimension2
 62
     0
440
 16777216
100
AcDbTrace
 10
2473.295830233857
 20
201.8074017006195
 30
0.0
 11
2472.602454988576
 21
201.3451515370987
 31
0.0
 12
2474.33589310178
 22
199.4961508830144
 32
0.0
 13
2474.33589310178
 23
199.4961508830144
 33
0.0
  0
POINT
  5
417B
330
13C7
100
AcDbEntity
  8
Defpoints
 62
     0
440
 16777216
100
AcDbPoint
 10
2474.33589310178
 20
199.4961508830144
 30
0.0
  0
POINT
  5
417C
330
13C7
100
AcDbEntity
  8
Defpoints
 62
     0
440
 16777216
100
AcDbPoint
 10
2477.664094279131
 20
194.5038491169863
 30
0.0
  0
ENDBLK
  5
13C9
330
13C7
100
AcDbEntity
  8
0
100
AcDbBlockEnd
  0
BLOCK
  5
13D7
330
13D6
100
AcDbEntity
  8
0
100
AcDbBlockBegin
  2
*D138
 70
     1
 10
0.0
 20
0.0
 30
0.0
  3
*D138
  1

  0
LINE
  5
417D
330
13D6
100
AcDbEntity
  8
Dimension2
 62
     0
440
 16777216
370
    -2
100
AcDbLine
 10
2432.497680659011
 20
231.2534695471643
 30
0.0
 11
2436.949142611215
 21
224.5762766188583
 31
0.0
  0
LINE
  5
417E
330
13D6
100
AcDbEntity
  8
Dimension2
 62
     0
440
 16777216
370
    -2
100
AcDbLine
 10
2443.050844769694
 20
215.4237233811421
 30
0.0
 11
2444.437595260258
 21
213.3435976452976
 31
0.0
  0
MTEXT
  5
417F
330
13D6
100
AcDbEntity
  8
Dimension2
 62
     0
440
 16777216
100
AcDbMText
 10
2435.560087992338
 20
230.0400628679219
 30
0.0
 40
2.5
 41
0.0
 46
0.0
 71
     5
 72
     1
  1
∅6
 11
0.5547001962252989
 21
-0.8320502943377972
 31
0.0
 73
     1
 44
1.0
  0
LINE
  5
4180
330
13D6
100
AcDbEntity
  8
Dimension2
 62
     0
440
 16777216
370
    -2
100
AcDbLine
 10
2441.664094279131
 20
217.5038491169865
 30
0.0
 11
2438.335893101779
 21
222.4961508830138
 31
0.0
  0
SOLID
  5
4181
330
13D6
100
AcDbEntity
  8
Dimension2
 62
     0
440
 16777216
100
AcDbTrace
 10
2443.397532392334
 20
215.6548484629025
 30
0.0
 11
2442.704157147054
 21
215.1925982993816
 31
0.0
 12
2441.664094279131
 22
217.5038491169865
 32
0.0
 13
2441.664094279131
 23
217.5038491169865
 33
0.0
  0
SOLID
  5
4182
330
13D6
100
AcDbEntity
  8
Dimension2
 62
     0
440
 16777216
100
AcDbTrace
 10
2437.295830233856
 20
224.8074017006187
 30
0.0
 11
2436.602454988575
 21
224.3451515370979
 31
0.0
 12
2438.335893101779
 22
222.4961508830138
 32
0.0
 13
2438.335893101779
 23
222.4961508830138
 33
0.0
  0
POINT
  5
4183
330
13D6
100
AcDbEntity
  8
Defpoints
 62
     0
440
 16777216
100
AcDbPoint
 10
2438.335893101779
 20
222.4961508830138
 30
0.0
  0
POINT
  5
4184
330
13D6
100
AcDbEntity
  8
Defpoints
 62
     0
440
 16777216
100
AcDbPoint
 10
2441.664094279131
 20
217.5038491169865
 30
0.0
  0
ENDBLK
  5
13D8
330
13D6
100
AcDbEntity
  8
0
100
AcDbBlockEnd
  0
BLOCK
  5
13E6
330
13E5
100
AcDbEntity
  8
0
100
AcDbBlockBegin
  2
*D139
 70
     1
 10
0.0
 20
0.0
 30
0.0
  3
*D139
  1

  0
LINE
  5
4185
330
13E5
100
AcDbEntity
  8
Dimension2
 62
     0
440
 16777216
370
    -2
100
AcDbLine
 10
2396.49768065901
 20
254.2534695471643
 30
0.0
 11
2400.949142611215
 21
247.5762766188581
 31
0.0
  0
LINE
  5
4186
330
13E5
100
AcDbEntity
  8
Dimension2
 62
     0
440
 16777216
370
    -2
100
AcDbLine
 10
2407.050844769693
 20
238.4237233811422
 30
0.0
 11
2408.437595260256
 21
236.3435976452977
 31
0.0
  0
MTEXT
  5
4187
330
13E5
100
AcDbEntity
  8
Dimension2
 62
     0
440
 16777216
100
AcDbMText
 10
2399.560087992337
 20
253.0400628679219
 30
0.0
 40
2.5
 41
0.0
 46
0.0
 71
     5
 72
     1
  1
∅6
 11
0.5547001962252819
 21
-0.8320502943378084
 31
0.0
 73
     1
 44
1.0
  0
LINE
  5
4188
330
13E5
100
AcDbEntity
  8
Dimension2
 62
     0
440
 16777216
370
    -2
100
AcDbLine
 10
2405.66409427913
 20
240.5038491169868
 30
0.0
 11
2402.335893101778
 21
245.4961508830136
 31
0.0
  0
SOLID
  5
4189
330
13E5
100
AcDbEntity
  8
Dimension2
 62
     0
440
 16777216
100
AcDbTrace
 10
2407.397532392334
 20
238.6548484629026
 30
0.0
 11
2406.704157147052
 21
238.1925982993818
 31
0.0
 12
2405.66409427913
 22
240.5038491169868
 32
0.0
 13
2405.66409427913
 23
240.5038491169868
 33
0.0
  0
SOLID
  5
418A
330
13E5
100
AcDbEntity
  8
Dimension2
 62
     0
440
 16777216
100
AcDbTrace
 10
2401.295830233856
 20
247.8074017006185
 30
0.0
 11
2400.602454988574
 21
247.3451515370976
 31
0.0
 12
2402.335893101778
 22
245.4961508830136
 32
0.0
 13
2402.335893101778
 23
245.4961508830136
 33
0.0
  0
POINT
  5
418B
330
13E5
100
AcDbEntity
  8
Defpoints
 62
     0
440
 16777216
100
AcDbPoint
 10
2402.335893101778
 20
245.4961508830136
 30
0.0
  0
POINT
  5
418C
330
13E5
100
AcDbEntity
  8
Defpoints
 62
     0
440
 16777216
100
AcDbPoint
 10
2405.66409427913
 20
240.5038491169868
 30
0.0
  0
ENDBLK
  5
13E7
330
13E5
100
AcDbEntity
  8
0
100
AcDbBlockEnd
  0
BLOCK
  5
140A
330
1409
100
AcDbEntity
  8
0
100
AcDbBlockBegin
  2
*D140
 70
     1
 10
0.0
 20
0.0
 30
0.0
  3
*D140
  1

  0
LINE
  5
418D
330
1409
100
AcDbEntity
  8
Dimension2
 62
     0
440
 16777216
370
    -2
100
AcDbLine
 10
2475.374993690455
 20
197.0000000000001
 30
0.0
 11
2462.749993690457
 21
197.0000000000001
 31
0.0
  0
LINE
  5
418E
330
1409
100
AcDbEntity
  8
Dimension2
 62
     0
440
 16777216
370
    -2
100
AcDbLine
 10
2475.374993690455
 20
217.0000000000001
 30
0.0
 11
2462.749993690457
 21
217.0000000000001
 31
0.0
  0
LINE
  5
418F
330
1409
100
AcDbEntity
  8
Dimension2
 62
     0
440
 16777216
370
    -2
100
AcDbLine
 10
2463.999993690457
 20
199.5000000000001
 30
0.0
 11
2463.999993690457
 21
214.5000000000001
 31
0.0
  0
SOLID
  5
4190
330
1409
100
AcDbEntity
  8
Dimension2
 62
     0
440
 16777216
100
AcDbTrace
 10
2463.583327023791
 20
199.5000000000001
 30
0.0
 11
2464.416660357124
 21
199.5000000000001
 31
0.0
 12
2463.999993690457
 22
197.0000000000001
 32
0.0
 13
2463.999993690457
 23
197.0000000000001
 33
0.0
  0
SOLID
  5
4191
330
1409
100
AcDbEntity
  8
Dimension2
 62
     0
440
 16777216
100
AcDbTrace
 10
2463.583327023791
 20
214.5000000000001
 30
0.0
 11
2464.416660357124
 21
214.5000000000001
 31
0.0
 12
2463.999993690457
 22
217.0000000000001
 32
0.0
 13
2463.999993690457
 23
217.0000000000001
 33
0.0
  0
MTEXT
  5
4192
330
1409
100
AcDbEntity
  8
Dimension2
 62
     0
440
 16777216
100
AcDbMText
 10
2462.124993690457
 20
206.9999999999994
 30
0.0
 40
2.5
 41
0.0
 46
0.0
 71
     5
 72
     1
  1
20
 11
0.0000000000000001
 21
1.0
 31
0.0
 73
     1
 44
1.0
  0
POINT
  5
4193
330
1409
100
AcDbEntity
  8
Defpoints
 62
     0
440
 16777216
100
AcDbPoint
 10
2475.999993690455
 20
197.0000000000001
 30
0.0
  0
POINT
  5
4194
330
1409
100
AcDbEntity
  8
Defpoints
 62
     0
440
 16777216
100
AcDbPoint
 10
2475.999993690455
 20
217.0000000000001
 30
0.0
  0
POINT
  5
4195
330
1409
100
AcDbEntity
  8
Defpoints
 62
     0
440
 16777216
100
AcDbPoint
 10
2463.999993690457
 20
217.0000000000001
 30
0.0
  0
ENDBLK
  5
140B
330
1409
100
AcDbEntity
  8
0
100
AcDbBlockEnd
  0
BLOCK
  5
1421
330
1420
100
AcDbEntity
  8
0
100
AcDbBlockBegin
  2
*D141
 70
     1
 10
0.0
 20
0.0
 30
0.0
  3
*D141
  1

  0
LINE
  5
432B
330
1420
100
AcDbEntity
  8
Dimension2
 62
     0
440
 16777216
370
    -2
100
AcDbLine
 10
2469.389816352102
 20
226.9152660075242
 30
0.0
 11
2473.781192905553
 21
220.3282011773507
 31
0.0
  0
LINE
  5
432C
330
1420
100
AcDbEntity
  8
Dimension2
 62
     0
440
 16777216
370
    -2
100
AcDbLine
 10
2478.218794475356
 20
213.6717988226495
 30
0.0
 11
2479.605544965919
 21
211.5916730868051
 31
0.0
  0
MTEXT
  5
432D
330
1420
100
AcDbEntity
  8
Dimension2
 62
     0
440
 16777216
100
AcDbMText
 10
2472.452223685429
 20
225.7018593282819
 30
0.0
 40
2.5
 41
0.0
 46
0.0
 71
     5
 72
     1
  1
∅3
 11
0.5547001962254038
 21
-0.8320502943377272
 31
0.0
 73
     1
 44
1.0
  0
LINE
  5
432E
330
1420
100
AcDbEntity
  8
Dimension2
 62
     0
440
 16777216
370
    -2
100
AcDbLine
 10
2476.832043984793
 20
215.7519245584938
 30
0.0
 11
2475.167943396116
 21
218.2480754415065
 31
0.0
  0
SOLID
  5
432F
330
1420
100
AcDbEntity
  8
Dimension2
 62
     0
440
 16777216
100
AcDbTrace
 10
2478.565482097997
 20
213.9029239044102
 30
0.0
 11
2477.872106852715
 21
213.4406737408891
 31
0.0
 12
2476.832043984793
 22
215.7519245584938
 32
0.0
 13
2476.832043984793
 23
215.7519245584938
 33
0.0
  0
SOLID
  5
4330
330
1420
100
AcDbEntity
  8
Dimension2
 62
     0
440
 16777216
100
AcDbTrace
 10
2474.127880528194
 20
220.5593262591114
 30
0.0
 11
2473.434505282912
 21
220.0970760955903
 31
0.0
 12
2475.167943396116
 22
218.2480754415065
 32
0.0
 13
2475.167943396116
 23
218.2480754415065
 33
0.0
  0
POINT
  5
4331
330
1420
100
AcDbEntity
  8
Defpoints
 62
     0
440
 16777216
100
AcDbPoint
 10
2475.167943396116
 20
218.2480754415065
 30
0.0
  0
POINT
  5
4332
330
1420
100
AcDbEntity
  8
Defpoints
 62
     0
440
 16777216
100
AcDbPoint
 10
2476.832043984793
 20
215.7519245584938
 30
0.0
  0
ENDBLK
  5
1422
330
1420
100
AcDbEntity
  8
0
100
AcDbBlockEnd
  0
BLOCK
  5
143B
330
143A
100
AcDbEntity
  8
0
100
AcDbBlockBegin
  2
*D142
 70
     1
 10
0.0
 20
0.0
 30
0.0
  3
*D142
  1

  0
LINE
  5
419E
330
143A
100
AcDbEntity
  8
Dimension2
 62
     0
440
 16777216
370
    -2
100
AcDbLine
 10
2439.374993690455
 20
220.0000000000001
 30
0.0
 11
2426.749993690457
 21
220.0000000000001
 31
0.0
  0
LINE
  5
419F
330
143A
100
AcDbEntity
  8
Dimension2
 62
     0
440
 16777216
370
    -2
100
AcDbLine
 10
2439.374993690455
 20
240.0000000000001
 30
0.0
 11
2426.749993690457
 21
240.0000000000001
 31
0.0
  0
LINE
  5
41A0
330
143A
100
AcDbEntity
  8
Dimension2
 62
     0
440
 16777216
370
    -2
100
AcDbLine
 10
2427.999993690457
 20
222.5000000000001
 30
0.0
 11
2427.999993690457
 21
237.5000000000001
 31
0.0
  0
SOLID
  5
41A1
330
143A
100
AcDbEntity
  8
Dimension2
 62
     0
440
 16777216
100
AcDbTrace
 10
2427.58332702379
 20
222.5000000000001
 30
0.0
 11
2428.416660357124
 21
222.5000000000001
 31
0.0
 12
2427.999993690457
 22
220.0000000000001
 32
0.0
 13
2427.999993690457
 23
220.0000000000001
 33
0.0
  0
SOLID
  5
41A2
330
143A
100
AcDbEntity
  8
Dimension2
 62
     0
440
 16777216
100
AcDbTrace
 10
2427.58332702379
 20
237.5000000000001
 30
0.0
 11
2428.416660357124
 21
237.5000000000001
 31
0.0
 12
2427.999993690457
 22
240.0000000000001
 32
0.0
 13
2427.999993690457
 23
240.0000000000001
 33
0.0
  0
MTEXT
  5
41A3
330
143A
100
AcDbEntity
  8
Dimension2
 62
     0
440
 16777216
100
AcDbMText
 10
2426.124993690457
 20
229.9999999999994
 30
0.0
 40
2.5
 41
0.0
 46
0.0
 71
     5
 72
     1
  1
20
 11
0.0000000000000001
 21
1.0
 31
0.0
 73
     1
 44
1.0
  0
POINT
  5
41A4
330
143A
100
AcDbEntity
  8
Defpoints
 62
     0
440
 16777216
100
AcDbPoint
 10
2439.999993690455
 20
220.0000000000001
 30
0.0
  0
POINT
  5
41A5
330
143A
100
AcDbEntity
  8
Defpoints
 62
     0
440
 16777216
100
AcDbPoint
 10
2439.999993690455
 20
240.0000000000001
 30
0.0
  0
POINT
  5
41A6
330
143A
100
AcDbEntity
  8
Defpoints
 62
     0
440
 16777216
100
AcDbPoint
 10
2427.999993690457
 20
240.0000000000001
 30
0.0
  0
ENDBLK
  5
143C
330
143A
100
AcDbEntity
  8
0
100
AcDbBlockEnd
  0
BLOCK
  5
1450
330
144F
100
AcDbEntity
  8
0
100
AcDbBlockBegin
  2
*D143
 70
     1
 10
0.0
 20
0.0
 30
0.0
  3
*D143
  1

  0
LINE
  5
4333
330
144F
100
AcDbEntity
  8
Dimension2
 62
     0
440
 16777216
370
    -2
100
AcDbLine
 10
2433.389816352099
 20
249.9152660075225
 30
0.0
 11
2437.781192905552
 21
243.3282011773504
 31
0.0
  0
LINE
  5
4334
330
144F
100
AcDbEntity
  8
Dimension2
 62
     0
440
 16777216
370
    -2
100
AcDbLine
 10
2442.218794475357
 20
236.67179882265
 30
0.0
 11
2443.605544965921
 21
234.5916730868061
 31
0.0
  0
MTEXT
  5
4335
330
144F
100
AcDbEntity
  8
Dimension2
 62
     0
440
 16777216
100
AcDbMText
 10
2436.452223685427
 20
248.7018593282812
 30
0.0
 40
2.5
 41
0.0
 46
0.0
 71
     5
 72
     1
  1
∅3
 11
0.5547001962256492
 21
-0.8320502943375636
 31
0.0
 73
     1
 44
1.0
  0
LINE
  5
4336
330
144F
100
AcDbEntity
  8
Dimension2
 62
     0
440
 16777216
370
    -2
100
AcDbLine
 10
2440.832043984793
 20
238.7519245584939
 30
0.0
 11
2439.167943396116
 21
241.2480754415065
 31
0.0
  0
SOLID
  5
4337
330
144F
100
AcDbEntity
  8
Dimension2
 62
     0
440
 16777216
100
AcDbTrace
 10
2442.565482097998
 20
236.9029239044106
 30
0.0
 11
2441.872106852717
 21
236.4406737408893
 31
0.0
 12
2440.832043984793
 22
238.7519245584939
 32
0.0
 13
2440.832043984793
 23
238.7519245584939
 33
0.0
  0
SOLID
  5
4338
330
144F
100
AcDbEntity
  8
Dimension2
 62
     0
440
 16777216
100
AcDbTrace
 10
2438.127880528192
 20
243.559326259111
 30
0.0
 11
2437.434505282912
 21
243.0970760955897
 31
0.0
 12
2439.167943396116
 22
241.2480754415065
 32
0.0
 13
2439.167943396116
 23
241.2480754415065
 33
0.0
  0
POINT
  5
4339
330
144F
100
AcDbEntity
  8
Defpoints
 62
     0
440
 16777216
100
AcDbPoint
 10
2439.167943396116
 20
241.2480754415065
 30
0.0
  0
POINT
  5
433A
330
144F
100
AcDbEntity
  8
Defpoints
 62
     0
440
 16777216
100
AcDbPoint
 10
2440.832043984793
 20
238.7519245584939
 30
0.0
  0
ENDBLK
  5
1451
330
144F
100
AcDbEntity
  8
0
100
AcDbBlockEnd
  0
BLOCK
  5
1460
330
145F
100
AcDbEntity
  8
0
100
AcDbBlockBegin
  2
*D144
 70
     1
 10
0.0
 20
0.0
 30
0.0
  3
*D144
  1

  0
LINE
  5
41AF
330
145F
100
AcDbEntity
  8
Dimension2
 62
     0
440
 16777216
370
    -2
100
AcDbLine
 10
2403.374993690456
 20
243.0000000000001
 30
0.0
 11
2390.749993690457
 21
243.0000000000001
 31
0.0
  0
LINE
  5
41B0
330
145F
100
AcDbEntity
  8
Dimension2
 62
     0
440
 16777216
370
    -2
100
AcDbLine
 10
2403.374993690456
 20
263.0000000000001
 30
0.0
 11
2390.749993690457
 21
263.0000000000001
 31
0.0
  0
LINE
  5
41B1
330
145F
100
AcDbEntity
  8
Dimension2
 62
     0
440
 16777216
370
    -2
100
AcDbLine
 10
2391.999993690457
 20
245.5000000000001
 30
0.0
 11
2391.999993690457
 21
260.5000000000001
 31
0.0
  0
SOLID
  5
41B2
330
145F
100
AcDbEntity
  8
Dimension2
 62
     0
440
 16777216
100
AcDbTrace
 10
2391.58332702379
 20
245.5000000000001
 30
0.0
 11
2392.416660357123
 21
245.5000000000001
 31
0.0
 12
2391.999993690457
 22
243.0000000000001
 32
0.0
 13
2391.999993690457
 23
243.0000000000001
 33
0.0
  0
SOLID
  5
41B3
330
145F
100
AcDbEntity
  8
Dimension2
 62
     0
440
 16777216
100
AcDbTrace
 10
2391.58332702379
 20
260.5000000000001
 30
0.0
 11
2392.416660357123
 21
260.5000000000001
 31
0.0
 12
2391.999993690457
 22
263.0000000000001
 32
0.0
 13
2391.999993690457
 23
263.0000000000001
 33
0.0
  0
MTEXT
  5
41B4
330
145F
100
AcDbEntity
  8
Dimension2
 62
     0
440
 16777216
100
AcDbMText
 10
2390.124993690457
 20
252.9999999999994
 30
0.0
 40
2.5
 41
0.0
 46
0.0
 71
     5
 72
     1
  1
20
 11
0.0000000000000001
 21
1.0
 31
0.0
 73
     1
 44
1.0
  0
POINT
  5
41B5
330
145F
100
AcDbEntity
  8
Defpoints
 62
     0
440
 16777216
100
AcDbPoint
 10
2403.999993690455
 20
243.0000000000001
 30
0.0
  0
POINT
  5
41B6
330
145F
100
AcDbEntity
  8
Defpoints
 62
     0
440
 16777216
100
AcDbPoint
 10
2403.999993690455
 20
263.0000000000001
 30
0.0
  0
POINT
  5
41B7
330
145F
100
AcDbEntity
  8
Defpoints
 62
     0
440
 16777216
100
AcDbPoint
 10
2391.999993690457
 20
263.0000000000001
 30
0.0
  0
ENDBLK
  5
1461
330
145F
100
AcDbEntity
  8
0
100
AcDbBlockEnd
  0
BLOCK
  5
1475
330
1474
100
AcDbEntity
  8
0
100
AcDbBlockBegin
  2
*D145
 70
     1
 10
0.0
 20
0.0
 30
0.0
  3
*D145
  1

  0
LINE
  5
433B
330
1474
100
AcDbEntity
  8
Dimension2
 62
     0
440
 16777216
370
    -2
100
AcDbLine
 10
2397.389816352105
 20
272.9152660075268
 30
0.0
 11
2401.781192905554
 21
266.3282011773518
 31
0.0
  0
LINE
  5
433C
330
1474
100
AcDbEntity
  8
Dimension2
 62
     0
440
 16777216
370
    -2
100
AcDbLine
 10
2406.218794475355
 20
259.6717988226485
 30
0.0
 11
2407.605544965918
 21
257.5916730868038
 31
0.0
  0
MTEXT
  5
433D
330
1474
100
AcDbEntity
  8
Dimension2
 62
     0
440
 16777216
100
AcDbMText
 10
2400.452223685432
 20
271.7018593282835
 30
0.0
 40
2.5
 41
0.0
 46
0.0
 71
     5
 72
     1
  1
∅3
 11
0.5547001962251245
 21
-0.8320502943379134
 31
0.0
 73
     1
 44
1.0
  0
LINE
  5
433E
330
1474
100
AcDbEntity
  8
Dimension2
 62
     0
440
 16777216
370
    -2
100
AcDbLine
 10
2404.832043984793
 20
261.7519245584933
 30
0.0
 11
2403.167943396117
 21
264.248075441507
 31
0.0
  0
SOLID
  5
433F
330
1474
100
AcDbEntity
  8
Dimension2
 62
     0
440
 16777216
100
AcDbTrace
 10
2406.565482097996
 20
259.9029239044089
 30
0.0
 11
2405.872106852715
 21
259.4406737408881
 31
0.0
 12
2404.832043984793
 22
261.7519245584933
 32
0.0
 13
2404.832043984793
 23
261.7519245584933
 33
0.0
  0
SOLID
  5
4340
330
1474
100
AcDbEntity
  8
Dimension2
 62
     0
440
 16777216
100
AcDbTrace
 10
2402.127880528195
 20
266.5593262591122
 30
0.0
 11
2401.434505282914
 21
266.0970760955915
 31
0.0
 12
2403.167943396117
 22
264.248075441507
 32
0.0
 13
2403.167943396117
 23
264.248075441507
 33
0.0
  0
POINT
  5
4341
330
1474
100
AcDbEntity
  8
Defpoints
 62
     0
440
 16777216
100
AcDbPoint
 10
2403.167943396117
 20
264.248075441507
 30
0.0
  0
POINT
  5
4342
330
1474
100
AcDbEntity
  8
Defpoints
 62
     0
440
 16777216
100
AcDbPoint
 10
2404.832043984793
 20
261.7519245584933
 30
0.0
  0
ENDBLK
  5
1476
330
1474
100
AcDbEntity
  8
0
100
AcDbBlockEnd
  0
BLOCK
  5
481E
330
481D
100
AcDbEntity
  8
0
100
AcDbBlockBegin
  2
*D150
 70
     1
 10
0.0
 20
0.0
 30
0.0
  3
*D150
  1

  0
LINE
  5
482A
330
481D
100
AcDbEntity
  8
0
 62
     0
440
 16777216
370
    -2
100
AcDbLine
 10
705.3750012004382
 20
416.0000000000001
 30
0.0
 11
687.7500000000004
 21
416.0000000000001
 31
0.0
  0
LINE
  5
482B
330
481D
100
AcDbEntity
  8
0
 62
     0
440
 16777216
370
    -2
100
AcDbLine
 10
705.3750012004382
 20
442.0000000000002
 30
0.0
 11
687.7500000000004
 21
442.0000000000002
 31
0.0
  0
LINE
  5
482C
330
481D
100
AcDbEntity
  8
0
 62
     0
440
 16777216
370
    -2
100
AcDbLine
 10
689.0000000000005
 20
418.5000000000002
 30
0.0
 11
689.0000000000005
 21
439.5000000000002
 31
0.0
  0
SOLID
  5
482D
330
481D
100
AcDbEntity
  8
0
 62
     0
440
 16777216
100
AcDbTrace
 10
688.5833333333338
 20
418.5000000000002
 30
0.0
 11
689.416666666667
 21
418.5000000000002
 31
0.0
 12
689.0000000000005
 22
416.0000000000001
 32
0.0
 13
689.0000000000005
 23
416.0000000000001
 33
0.0
  0
SOLID
  5
482E
330
481D
100
AcDbEntity
  8
0
 62
     0
440
 16777216
100
AcDbTrace
 10
688.5833333333338
 20
439.5000000000002
 30
0.0
 11
689.416666666667
 21
439.5000000000002
 31
0.0
 12
689.0000000000005
 22
442.0000000000002
 32
0.0
 13
689.0000000000005
 23
442.0000000000002
 33
0.0
  0
MTEXT
  5
482F
330
481D
100
AcDbEntity
  8
0
 62
     0
440
 16777216
100
AcDbMText
 10
687.1250000000004
 20
428.9999999999999
 30
0.0
 40
2.5
 41
0.0
 46
0.0
 71
     5
 72
     1
  1
26
 11
0.0000000000000001
 21
1.0
 31
0.0
 73
     1
 44
1.0
  0
POINT
  5
4830
330
481D
100
AcDbEntity
  8
Defpoints
 62
     0
440
 16777216
100
AcDbPoint
 10
706.0000012004381
 20
416.0000000000001
 30
0.0
  0
POINT
  5
4831
330
481D
100
AcDbEntity
  8
Defpoints
 62
     0
440
 16777216
100
AcDbPoint
 10
706.0000012004381
 20
442.0000000000002
 30
0.0
  0
POINT
  5
4832
330
481D
100
AcDbEntity
  8
Defpoints
 62
     0
440
 16777216
100
AcDbPoint
 10
689.0000000000005
 20
442.0000000000002
 30
0.0
  0
ENDBLK
  5
481F
330
481D
100
AcDbEntity
  8
0
100
AcDbBlockEnd
  0
BLOCK
  5
4836
330
4835
100
AcDbEntity
  8
0
100
AcDbBlockBegin
  2
*D151
 70
     1
 10
0.0
 20
0.0
 30
0.0
  3
*D151
  1

  0
LINE
  5
4838
330
4835
100
AcDbEntity
  8
0
 62
     0
440
 16777216
370
    -2
100
AcDbLine
 10
705.3750012004382
 20
442.0000000000002
 30
0.0
 11
687.7500000000002
 21
442.0000000000002
 31
0.0
  0
LINE
  5
4839
330
4835
100
AcDbEntity
  8
0
 62
     0
440
 16777216
370
    -2
100
AcDbLine
 10
705.3750012004382
 20
468.0000000000002
 30
0.0
 11
687.7500000000002
 21
468.0000000000002
 31
0.0
  0
LINE
  5
483A
330
4835
100
AcDbEntity
  8
0
 62
     0
440
 16777216
370
    -2
100
AcDbLine
 10
689.0000000000002
 20
444.5000000000002
 30
0.0
 11
689.0000000000002
 21
465.5000000000002
 31
0.0
  0
SOLID
  5
483B
330
4835
100
AcDbEntity
  8
0
 62
     0
440
 16777216
100
AcDbTrace
 10
688.5833333333335
 20
444.5000000000002
 30
0.0
 11
689.4166666666668
 21
444.5000000000002
 31
0.0
 12
689.0000000000002
 22
442.0000000000002
 32
0.0
 13
689.0000000000002
 23
442.0000000000002
 33
0.0
  0
SOLID
  5
483C
330
4835
100
AcDbEntity
  8
0
 62
     0
440
 16777216
100
AcDbTrace
 10
688.5833333333335
 20
465.5000000000002
 30
0.0
 11
689.4166666666668
 21
465.5000000000002
 31
0.0
 12
689.0000000000002
 22
468.0000000000002
 32
0.0
 13
689.0000000000002
 23
468.0000000000002
 33
0.0
  0
MTEXT
  5
483D
330
4835
100
AcDbEntity
  8
0
 62
     0
440
 16777216
100
AcDbMText
 10
687.1250000000002
 20
454.9999999999998
 30
0.0
 40
2.5
 41
0.0
 46
0.0
 71
     5
 72
     1
  1
26
 11
0.0000000000000001
 21
1.0
 31
0.0
 73
     1
 44
1.0
  0
POINT
  5
483E
330
4835
100
AcDbEntity
  8
Defpoints
 62
     0
440
 16777216
100
AcDbPoint
 10
706.0000012004381
 20
442.0000000000002
 30
0.0
  0
POINT
  5
483F
330
4835
100
AcDbEntity
  8
Defpoints
 62
     0
440
 16777216
100
AcDbPoint
 10
706.0000012004381
 20
468.0000000000002
 30
0.0
  0
POINT
  5
4840
330
4835
100
AcDbEntity
  8
Defpoints
 62
     0
440
 16777216
100
AcDbPoint
 10
689.0000000000002
 20
468.0000000000002
 30
0.0
  0
ENDBLK
  5
4837
330
4835
100
AcDbEntity
  8
0
100
AcDbBlockEnd
  0
BLOCK
  5
486D
330
486B
100
AcDbEntity
  8
0
100
AcDbBlockBegin
  2
A$C0918d488
 70
     0
 10
0.0
 20
0.0
 30
0.0
  3
A$C0918d488
  1

  0
LWPOLYLINE
  5
486C
330
486B
100
AcDbEntity
  8
0
 62
     0
100
AcDbPolyline
 90
        4
 70
     1
 43
0.0
 10
35.0
 20
0.0
 10
35.0
 20
390.0
 10
0.0
 20
390.0
 10
0.0
 20
0.0
  0
ENDBLK
  5
486E
330
486B
100
AcDbEntity
  8
0
100
AcDbBlockEnd
  0
ENDSEC
  0
SECTION
  2
ENTITIES
  0
LINE
  5
1C6
330
1F
100
AcDbEntity
  8
Source
100
AcDbLine
 10
989.4413808402916
 20
508.5977941382939
 30
0.0
 11
989.4413808402916
 21
490.5977941382939
 31
0.0
  0
LINE
  5
1C7
330
1F
100
AcDbEntity
  8
Source
100
AcDbLine
 10
989.4413808402916
 20
490.5977941382939
 30
0.0
 11
1003.441380840291
 21
490.5977941382939
 31
0.0
  0
LINE
  5
1C8
330
1F
100
AcDbEntity
  8
Source
100
AcDbLine
 10
989.4413808402916
 20
13.59779413829392
 30
0.0
 11
989.4413808402916
 21
31.59779413829392
 31
0.0
  0
LINE
  5
1C9
330
1F
100
AcDbEntity
  8
Source
100
AcDbLine
 10
989.4413808402916
 20
31.59779413829392
 30
0.0
 11
1003.441380840291
 21
31.59779413829392
 31
0.0
  0
LWPOLYLINE
  5
1CA
330
1F
100
AcDbEntity
  8
Source
100
AcDbPolyline
 90
        4
 70
     1
 43
0.0
 10
1003.441380840291
 20
13.59779413829392
 10
1003.441380840291
 20
508.5977941382939
 10
833.4413808402921
 20
508.5977941382939
 10
833.4413808402921
 20
13.59779413829392
  0
LWPOLYLINE
  5
1CB
330
1F
100
AcDbEntity
  8
Source
100
AcDbPolyline
 90
        4
 70
     1
 43
0.0
 10
822.0000043552097
 20
-0.0000031547720027
 10
822.0000043552097
 20
519.9999968452277
 10
0.0000043552097111
 20
519.9999968452277
 10
0.0000043552097111
 20
-0.0000031547720027
  0
INSERT
  5
1CC
330
1F
100
AcDbEntity
  8
Source
100
AcDbBlockReference
  2
Insert4
 10
-158.9718676697703
 20
2324.757514030378
 30
0.0
  0
LWPOLYLINE
  5
1D5
330
1F
100
AcDbEntity
  8
Dimension
100
AcDbPolyline
 90
        4
 70
     1
 43
0.0
 10
3320.999996845227
 20
670.9999956447902
 10
3320.999996845227
 20
-151.0000043552097
 10
2800.999996845227
 20
-151.0000043552098
 10
2800.999996845227
 20
670.9999956447902
  0
LWPOLYLINE
  5
1D6
102
{ACAD_REACTORS
330
2B8B
102
}
330
1F
100
AcDbEntity
  8
Dimension
100
AcDbPolyline
 90
        8
 70
     1
 43
0.0
 10
2601.0
 20
489.99999564479
 10
2615.0
 20
489.99999564479
 10
2615.0
 20
507.9999956447901
 10
2771.0
 20
507.9999956447901
 10
2770.999996845228
 20
12.99999999999988
 10
2614.999996845228
 20
12.99999999999988
 10
2615.000000000001
 20
30.99999564479003
 10
2601.000000000001
 20
30.99999564479003
  0
LWPOLYLINE
  5
1E2
102
{ACAD_REACTORS
330
2B8A
102
}
330
1F
100
AcDbEntity
  8
Dimension
100
AcDbPolyline
 90
        8
 70
     1
 43
0.0
 10
3520.999999999999
 20
489.9999956447902
 10
3507.0
 20
489.9999956447902
 10
3507.0
 20
507.9999956447903
 10
3351.0
 20
507.9999956447902
 10
3351.0
 20
12.99999564479026
 10
3507.0
 20
12.99999564479014
 10
3507.0
 20
30.99999564479015
 10
3520.999999999999
 20
30.99999564479015
  0
LWPOLYLINE
  5
32A
330
1F
100
AcDbEntity
  8
Defpoints
100
AcDbPolyline
 90
        4
 70
     1
 43
0.0
 10
3323.999993690454
 20
505.0
 10
3323.999993690454
 20
15.0
 10
2798.999993690455
 20
14.99999999999988
 10
2798.999993690455
 20
504.9999999999998
  0
LWPOLYLINE
  5
35C
330
1F
100
AcDbEntity
  8
Defpoints
100
AcDbPolyline
 90
        4
 70
     1
 43
0.0
 10
2768.999996845228
 20
507.9999999999999
 10
2768.999996845228
 20
12.99999999999988
 10
2611.999996845228
 20
12.99999999999988
 10
2611.999996845228
 20
507.9999999999999
  0
LWPOLYLINE
  5
3D1
330
1F
100
AcDbEntity
  8
Defpoints
100
AcDbPolyline
 90
        4
 70
     1
 43
0.0
 10
3353.999996845228
 20
508.0
 10
3353.999996845228
 20
13.0
 10
3510.999996845228
 20
13.0
 10
3510.999996845228
 20
508.0
  0
LWPOLYLINE
  5
3D4
102
{ACAD_REACTORS
330
567
330
862
102
}
330
1F
100
AcDbEntity
  8
Defpoints
100
AcDbPolyline
 90
        4
 70
     1
 43
0.0
 10
2798.999993690455
 20
661.9999999999999
 10
2798.999993690455
 20
504.9999999999998
 10
3323.999993690454
 20
505.0
 10
3323.999993690454
 20
662.0
  0
LWPOLYLINE
  5
3D5
102
{ACAD_REACTORS
330
762
102
}
330
1F
100
AcDbEntity
  8
Defpoints
100
AcDbPolyline
 90
        4
 70
     1
 43
0.0
 10
2798.999993690455
 20
14.99999999999988
 10
2798.999993690455
 20
-142.0000000000001
 10
3323.999993690454
 20
-142.0
 10
3323.999993690454
 20
15.0
  0
TEXT
  5
3D6
330
1F
100
AcDbEntity
  8
Inscription
100
AcDbText
 10
2891.0
 20
230.0
 30
0.0
 40
15.0
  1
внутренняя сторона
100
AcDbText
  0
DIMENSION
  5
3F1
330
1F
100
AcDbEntity
  8
Dimensions
100
AcDbDimension
  2
*D1
 10
2661.999996845228
 20
518.0
 30
0.0
 11
2715.499996845228
 21
519.875
 31
0.0
 70
    32
 71
     5
 42
107.0
 73
     0
 74
     0
 75
     0
  3
ISO-25
100
AcDbAlignedDimension
 13
2768.999996845228
 23
507.9999956447901
 33
0.0
 14
2661.999996845228
 24
13.0
 34
0.0
 50
180.0
100
AcDbRotatedDimension
  0
DIMENSION
  5
40A
330
1F
100
AcDbEntity
  8
Dimensions
100
AcDbDimension
  2
*D2
 10
2651.999996845229
 20
213.0000000000001
 30
0.0
 11
2650.124996845228
 21
112.9999999999993
 31
0.0
 70
    32
 71
     5
 42
200.0
 73
     0
 74
     0
 75
     0
  3
ISO-25
100
AcDbAlignedDimension
 13
2661.999996845228
 23
13.0
 33
0.0
 14
2661.999996845228
 24
213.0
 34
0.0
 50
90.0
100
AcDbRotatedDimension
  0
DIMENSION
  5
422
330
1F
100
AcDbEntity
  8
Dimensions
100
AcDbDimension
  2
*D3
 10
2651.999996845229
 20
263.0000000000001
 30
0.0
 11
2650.124996845228
 21
237.9999999999993
 31
0.0
 70
    32
 71
     5
 42
50.00000000000003
 73
     0
 74
     0
 75
     0
  3
ISO-25
100
AcDbAlignedDimension
 13
2661.999996845228
 23
213.0
 33
0.0
 14
2661.999996845228
 24
263.0
 34
0.0
 50
90.0
100
AcDbRotatedDimension
  0
CIRCLE
  5
431
102
{ACAD_REACTORS
330
448
330
2B8B
102
}
330
1F
100
AcDbEntity
  8
Dimension
100
AcDbCircle
 10
2661.999996845228
 20
213.0
 30
0.0
 40
18.0
  0
DIMENSION
  5
433
102
{ACAD_XDICTIONARY
360
43F
102
}
102
{ACAD_REACTORS
330
448
102
}
330
1F
100
AcDbEntity
  8
Dimensions
100
AcDbDimension
  2
*D4
 10
2674.727918906585
 20
200.2720779386423
 30
0.0
 11
2633.999996845228
 21
241.0000000000023
 31
0.0
 70
   163
 71
     5
 42
35.99999999999955
 73
     0
 74
     0
 75
     0
  3
ISO-25
100
AcDbDiametricDimension
 15
2649.27207478387
 25
225.7279220613584
 35
0.0
 40
0.0
1001
ACAD
1000
DSTYLE
1002
{
1070
   288
1070
     1
1002
}
1001
ACAD_DSTYLE_DIMRADIAL_EXTENSION
1070
   387
1070
     1
1070
   388
1040
0.0
1070
   390
1040
0.0
  0
CIRCLE
  5
451
102
{ACAD_REACTORS
330
467
330
2B8B
102
}
330
1F
100
AcDbEntity
  8
Dimension
100
AcDbCircle
 10
2661.999996845228
 20
263.0
 30
0.0
 40
11.0
  0
DIMENSION
  5
452
102
{ACAD_XDICTIONARY
360
45E
102
}
102
{ACAD_REACTORS
330
467
102
}
330
1F
100
AcDbEntity
  8
Dimensions
100
AcDbDimension
  2
*D5
 10
2669.77817143828
 20
255.2218254069478
 30
0.0
 11
2649.213149218771
 21
278.4384980559059
 31
0.0
 70
    35
 71
     5
 42
22.00000000000023
 73
     0
 74
     0
 75
     0
  3
ISO-25
100
AcDbDiametricDimension
 15
2654.221822252176
 25
270.778174593052
 35
0.0
 40
0.0
1001
ACAD
1000
DSTYLE
1002
{
1070
   288
1070
     1
1002
}
1001
ACAD_DSTYLE_DIMRADIAL_EXTENSION
1070
   387
1070
     1
1070
   388
1040
0.0
1070
   390
1040
0.0
  0
DIMENSION
  5
495
330
1F
100
AcDbEntity
  8
Dimensions
100
AcDbDimension
  2
*D6
 10
3413.999996845228
 20
518.0
 30
0.0
 11
3383.999996845228
 21
519.875
 31
0.0
 70
    32
 71
     5
 42
60.0
 73
     0
 74
     0
 75
     0
  3
ISO-25
100
AcDbAlignedDimension
 13
3353.999996845228
 23
508.0
 33
0.0
 14
3413.999996845228
 24
13.0
 34
0.0
 50
180.0
100
AcDbRotatedDimension
  0
DIMENSION
  5
4B6
330
1F
100
AcDbEntity
  8
Dimensions
100
AcDbDimension
  2
*D7
 10
3468.999996845228
 20
518.0
 30
0.0
 11
3441.499996845228
 21
519.875
 31
0.0
 70
    32
 71
     5
 42
55.0
 73
     0
 74
     0
 75
     0
  3
ISO-25
100
AcDbAlignedDimension
 13
3413.999996845228
 23
508.0
 33
0.0
 14
3468.999996845228
 24
13.0
 34
0.0
 50
180.0
100
AcDbRotatedDimension
  0
DIMENSION
  5
4DE
330
1F
100
AcDbEntity
  8
Dimensions
100
AcDbDimension
  2
*D8
 10
3496.999996845241
 20
58.00000000000005
 30
0.0
 11
3495.12499684524
 21
35.49999999999904
 31
0.0
 70
    32
 71
     5
 42
45.0
 73
     0
 74
     0
 75
     0
  3
ISO-25
100
AcDbAlignedDimension
 13
3353.999996845228
 23
13.0
 33
0.0
 14
3353.999996845228
 24
58.0
 34
0.0
 50
90.0
100
AcDbRotatedDimension
  0
CIRCLE
  5
500
102
{ACAD_REACTORS
330
529
330
2B8A
102
}
330
1F
100
AcDbEntity
  8
Dimension
100
AcDbCircle
 10
3468.999996845228
 20
58.0
 30
0.0
 40
18.0
  0
CIRCLE
  5
513
102
{ACAD_REACTORS
330
53F
330
2B8A
102
}
330
1F
100
AcDbEntity
  8
Dimension
100
AcDbCircle
 10
3413.999996845228
 20
58.0
 30
0.0
 40
18.0
  0
DIMENSION
  5
514
102
{ACAD_XDICTIONARY
360
520
102
}
102
{ACAD_REACTORS
330
529
102
}
330
1F
100
AcDbEntity
  8
Dimensions
100
AcDbDimension
  2
*D9
 10
3481.727918906586
 20
45.27207793864249
 30
0.0
 11
3445.999996845227
 21
81.00000000000045
 31
0.0
 70
   163
 71
     5
 42
36.0
 73
     0
 74
     0
 75
     0
  3
ISO-25
100
AcDbDiametricDimension
 15
3456.27207478387
 25
70.72792206135773
 35
0.0
 40
0.0
1001
ACAD
1000
DSTYLE
1002
{
1070
   288
1070
     1
1002
}
1001
ACAD_DSTYLE_DIMRADIAL_EXTENSION
1070
   387
1070
     1
1070
   388
1040
0.0
1070
   390
1040
0.0
  0
DIMENSION
  5
52A
102
{ACAD_XDICTIONARY
360
536
102
}
102
{ACAD_REACTORS
330
53F
102
}
330
1F
100
AcDbEntity
  8
Dimensions
100
AcDbDimension
  2
*D10
 10
3426.727918906587
 20
45.27207793864204
 30
0.0
 11
3390.999996845226
 21
80.99999999999885
 31
0.0
 70
   163
 71
     5
 42
36.00000000000091
 73
     0
 74
     0
 75
     0
  3
ISO-25
100
AcDbDiametricDimension
 15
3401.272074783869
 25
70.72792206135682
 35
0.0
 40
0.0
1001
ACAD
1000
DSTYLE
1002
{
1070
   288
1070
     1
1002
}
1001
ACAD_DSTYLE_DIMRADIAL_EXTENSION
1070
   387
1070
     1
1070
   388
1040
0.0
1070
   390
1040
0.0
  0
DIMENSION
  5
550
102
{ACAD_XDICTIONARY
360
55D
102
}
102
{ACAD_REACTORS
330
567
102
}
330
1F
100
AcDbEntity
  8
Dimensions
100
AcDbDimension
  2
*D11
 10
3333.999993690454
 20
555.0000000000004
 30
0.0
 11
3332.124993690454
 21
529.9999999999991
 31
0.0
 70
    32
 71
     5
 42
50.00000000000017
 73
     0
 74
     0
 75
     0
  3
ISO-25
100
AcDbAlignedDimension
 13
3323.999993690454
 23
505.0
 33
0.0
 14
2798.999993690455
 24
555.0
 34
0.0
 50
90.0
100
AcDbRotatedDimension
  0
DIMENSION
  5
568
330
1F
100
AcDbEntity
  8
Dimensions
100
AcDbDimension
  2
*D12
 10
3333.999993690454
 20
615.0000000000004
 30
0.0
 11
3332.124993690454
 21
584.9999999999993
 31
0.0
 70
    32
 71
     5
 42
60.00000000000011
 73
     0
 74
     0
 75
     0
  3
ISO-25
100
AcDbAlignedDimension
 13
3323.999993690454
 23
555.0
 33
0.0
 14
2798.999993690455
 24
615.0
 34
0.0
 50
90.0
100
AcDbRotatedDimension
  0
DIMENSION
  5
5A5
330
1F
100
AcDbEntity
  8
Dimensions
100
AcDbDimension
  2
*D13
 10
3293.999993690454
 20
565.0
 30
0.0
 11
3308.999993690454
 21
566.875
 31
0.0
 70
    32
 71
     5
 42
30.0
 73
     0
 74
     0
 75
     0
  3
ISO-25
100
AcDbAlignedDimension
 13
3323.999993690454
 23
555.0
 33
0.0
 14
3293.999993690454
 24
555.0
 34
0.0
 50
180.0
100
AcDbRotatedDimension
  0
DIMENSION
  5
5B2
330
1F
100
AcDbEntity
  8
Dimensions
100
AcDbDimension
  2
*D14
 10
3258.999993690454
 20
565.0
 30
0.0
 11
3276.499993690455
 21
566.875
 31
0.0
 70
    32
 71
     5
 42
35.0
 73
     0
 74
     0
 75
     0
  3
ISO-25
100
AcDbAlignedDimension
 13
3293.999993690454
 23
555.0
 33
0.0
 14
3258.999993690454
 24
555.0
 34
0.0
 50
180.0
100
AcDbRotatedDimension
  0
DIMENSION
  5
5BF
330
1F
100
AcDbEntity
  8
Dimensions
100
AcDbDimension
  2
*D15
 10
3223.999993690454
 20
565.0
 30
0.0
 11
3241.499993690454
 21
566.875
 31
0.0
 70
    32
 71
     5
 42
35.0
 73
     0
 74
     0
 75
     0
  3
ISO-25
100
AcDbAlignedDimension
 13
3258.999993690454
 23
555.0
 33
0.0
 14
3223.999993690454
 24
555.0
 34
0.0
 50
180.0
100
AcDbRotatedDimension
  0
CIRCLE
  5
5E7
102
{ACAD_REACTORS
330
5FF
102
}
330
1F
100
AcDbEntity
  8
Dimension
100
AcDbCircle
 10
3293.999993690454
 20
555.0
 30
0.0
 40
11.0
  0
CIRCLE
  5
5E8
102
{ACAD_REACTORS
330
615
102
}
330
1F
100
AcDbEntity
  8
Dimension
100
AcDbCircle
 10
3258.999993690454
 20
555.0
 30
0.0
 40
11.0
  0
CIRCLE
  5
5E9
102
{ACAD_REACTORS
330
62B
102
}
330
1F
100
AcDbEntity
  8
Dimension
100
AcDbCircle
 10
3223.999993690454
 20
555.0
 30
0.0
 40
11.0
  0
DIMENSION
  5
5EA
102
{ACAD_XDICTIONARY
360
5F6
102
}
102
{ACAD_REACTORS
330
5FF
102
}
330
1F
100
AcDbEntity
  8
Dimensions
100
AcDbDimension
  2
*D16
 10
3301.778168283507
 20
547.221825406948
 30
0.0
 11
3275.999993690454
 21
573.0000000000009
 31
0.0
 70
   163
 71
     5
 42
22.00000000000023
 73
     0
 74
     0
 75
     0
  3
ISO-25
100
AcDbDiametricDimension
 15
3286.221819097403
 25
562.7781745930522
 35
0.0
 40
0.0
1001
ACAD
1000
DSTYLE
1002
{
1070
   288
1070
     1
1002
}
1001
ACAD_DSTYLE_DIMRADIAL_EXTENSION
1070
   387
1070
     1
1070
   388
1040
0.0
1070
   390
1040
0.0
  0
DIMENSION
  5
600
102
{ACAD_XDICTIONARY
360
60C
102
}
102
{ACAD_REACTORS
330
615
102
}
330
1F
100
AcDbEntity
  8
Dimensions
100
AcDbDimension
  2
*D17
 10
3266.778168283507
 20
547.2218254069485
 30
0.0
 11
3240.999993690454
 21
572.9999999999993
 31
0.0
 70
   163
 71
     5
 42
21.99999999999977
 73
     0
 74
     0
 75
     0
  3
ISO-25
100
AcDbDiametricDimension
 15
3251.221819097402
 25
562.7781745930519
 35
0.0
 40
0.0
1001
ACAD
1000
DSTYLE
1002
{
1070
   288
1070
     1
1002
}
1001
ACAD_DSTYLE_DIMRADIAL_EXTENSION
1070
   387
1070
     1
1070
   388
1040
0.0
1070
   390
1040
0.0
  0
DIMENSION
  5
616
102
{ACAD_XDICTIONARY
360
622
102
}
102
{ACAD_REACTORS
330
62B
102
}
330
1F
100
AcDbEntity
  8
Dimensions
100
AcDbDimension
  2
*D18
 10
3231.778168283506
 20
547.2218254069487
 30
0.0
 11
3205.999993690454
 21
573.0000000000002
 31
0.0
 70
   163
 71
     5
 42
21.99999999999909
 73
     0
 74
     0
 75
     0
  3
ISO-25
100
AcDbDiametricDimension
 15
3216.221819097403
 25
562.7781745930517
 35
0.0
 40
0.0
1001
ACAD
1000
DSTYLE
1002
{
1070
   288
1070
     1
1002
}
1001
ACAD_DSTYLE_DIMRADIAL_EXTENSION
1070
   387
1070
     1
1070
   388
1040
0.0
1070
   390
1040
0.0
  0
DIMENSION
  5
62C
330
1F
100
AcDbEntity
  8
Dimensions
100
AcDbDimension
  2
*D19
 10
3163.999993690454
 20
625.0
 30
0.0
 11
3243.999993690454
 21
626.8749999999999
 31
0.0
 70
    32
 71
     5
 42
160.0
 73
     0
 74
     0
 75
     0
  3
ISO-25
100
AcDbAlignedDimension
 13
3323.999993690454
 23
615.0000000000001
 33
0.0
 14
3163.999993690454
 24
615.0000000000001
 34
0.0
 50
180.0
100
AcDbRotatedDimension
  0
CIRCLE
  5
65A
102
{ACAD_REACTORS
330
670
102
}
330
1F
100
AcDbEntity
  8
Dimension
100
AcDbCircle
 10
3163.999993690454
 20
615.0000000000001
 30
0.0
 40
11.0
  0
DIMENSION
  5
65B
102
{ACAD_XDICTIONARY
360
667
102
}
102
{ACAD_REACTORS
330
670
102
}
330
1F
100
AcDbEntity
  8
Dimensions
100
AcDbDimension
  2
*D20
 10
3171.778168283506
 20
607.2218254069492
 30
0.0
 11
3148.999993690456
 21
630.0
 31
0.0
 70
   163
 71
     5
 42
21.99999999999864
 73
     0
 74
     0
 75
     0
  3
ISO-25
100
AcDbDiametricDimension
 15
3156.221819097403
 25
622.7781745930522
 35
0.0
 40
0.0
1001
ACAD
1000
DSTYLE
1002
{
1070
   288
1070
     1
1002
}
1001
ACAD_DSTYLE_DIMRADIAL_EXTENSION
1070
   387
1070
     1
1070
   388
1040
0.0
1070
   390
1040
0.0
  0
TEXT
  5
67F
330
1F
100
AcDbEntity
  8
Inscription
100
AcDbText
 10
2918.0
 20
171.0
 30
0.0
 40
15.0
  1
вид "спереди"
100
AcDbText
  0
LWPOLYLINE
  5
680
102
{ACAD_REACTORS
330
6B3
330
6DD
102
}
330
1F
100
AcDbEntity
  8
Defpoints
100
AcDbPolyline
 90
        4
 70
     1
 43
0.0
 10
3296.999993690454
 20
35.0
 10
2826.999993690454
 20
35.0
 10
2826.999993690454
 20
485.0
 10
3296.999993690454
 20
485.0
  0
DIMENSION
  5
68F
330
1F
100
AcDbEntity
  8
Dimensions
100
AcDbDimension
  2
*D21
 10
3306.999993690455
 20
505.0000000000002
 30
0.0
 11
3305.124993690454
 21
494.9999999999991
 31
0.0
 70
    32
 71
     5
 42
20.0
 73
     0
 74
     0
 75
     0
  3
ISO-25
100
AcDbAlignedDimension
 13
3296.999993690454
 23
485.0
 33
0.0
 14
3296.999993690454
 24
505.0
 34
0.0
 50
90.0
100
AcDbRotatedDimension
  0
DIMENSION
  5
69C
102
{ACAD_XDICTIONARY
360
6A9
102
}
102
{ACAD_REACTORS
330
6B3
102
}
330
1F
100
AcDbEntity
  8
Dimensions
100
AcDbDimension
  2
*D22
 10
3332.000000000004
 20
485.0000000000002
 30
0.0
 11
3330.125000000004
 21
259.9999999999991
 31
0.0
 70
    32
 71
     5
 42
450.0
 73
     0
 74
     0
 75
     0
  3
ISO-25
100
AcDbAlignedDimension
 13
3296.999993690454
 23
35.0
 33
0.0
 14
3296.999993690454
 24
485.0
 34
0.0
 50
90.0
100
AcDbRotatedDimension
  0
DIMENSION
  5
6C6
102
{ACAD_XDICTIONARY
360
6D3
102
}
102
{ACAD_REACTORS
330
6DD
102
}
330
1F
100
AcDbEntity
  8
Dimensions
100
AcDbDimension
  2
*D23
 10
2826.999993690454
 20
5.000000000000682
 30
0.0
 11
3061.999993690454
 21
6.875000000000682
 31
0.0
 70
    32
 71
     5
 42
470.0000000000004
 73
     0
 74
     0
 75
     0
  3
ISO-25
100
AcDbAlignedDimension
 13
3296.999993690454
 23
35.0
 33
0.0
 14
2826.999993690454
 24
35.0
 34
0.0
 50
180.0
100
AcDbRotatedDimension
  0
DIMENSION
  5
6DF
330
1F
100
AcDbEntity
  8
Dimensions
100
AcDbDimension
  2
*D24
 10
2798.999993690455
 20
25.0
 30
0.0
 11
2812.999993690454
 21
26.875
 31
0.0
 70
    32
 71
     5
 42
28.0
 73
     0
 74
     0
 75
     0
  3
ISO-25
100
AcDbAlignedDimension
 13
2826.999993690455
 23
35.0
 33
0.0
 14
2798.999993690455
 24
35.0
 34
0.0
 50
180.0
100
AcDbRotatedDimension
  0
CIRCLE
  5
6FE
102
{ACAD_REACTORS
330
714
102
}
330
1F
100
AcDbEntity
  8
Dimension
100
AcDbCircle
 10
2488.999993690454
 20
485.0
 30
0.0
 40
3.0
  0
DIMENSION
  5
6FF
102
{ACAD_XDICTIONARY
360
70B
102
}
102
{ACAD_REACTORS
330
714
102
}
330
1F
100
AcDbEntity
  8
Dimension2
100
AcDbDimension
  2
*D25
 10
2490.664094279129
 20
482.5038491169866
 30
0.0
 11
2482.999993690454
 21
494.000000000002
 31
0.0
 70
   163
 71
     5
 42
5.99999999999909
 73
     0
 74
     0
 75
     0
  3
ISO-25
100
AcDbDiametricDimension
 15
2487.335893101779
 25
487.4961508830133
 35
0.0
 40
0.0
1001
ACAD
1000
DSTYLE
1002
{
1070
   288
1070
     1
1002
}
1001
ACAD_DSTYLE_DIMRADIAL_EXTENSION
1070
   387
1070
     1
1070
   388
1040
0.0
1070
   390
1040
0.0
  0
CIRCLE
  5
71D
102
{ACAD_REACTORS
330
720
102
}
330
1F
100
AcDbEntity
  8
Dimension
100
AcDbCircle
 10
2018.999993690454
 20
485.0
 30
0.0
 40
3.0
  0
DIMENSION
  5
71E
102
{ACAD_XDICTIONARY
360
71F
102
}
102
{ACAD_REACTORS
330
720
102
}
330
1F
100
AcDbEntity
  8
Dimension2
100
AcDbDimension
  2
*D26
 10
2020.66409427913
 20
482.5038491169864
 30
0.0
 11
2012.999993690454
 21
493.9999999999995
 31
0.0
 70
   163
 71
     5
 42
6.0
 73
     0
 74
     0
 75
     0
  3
ISO-25
100
AcDbDiametricDimension
 15
2017.335893101778
 25
487.4961508830133
 35
0.0
 40
0.0
1001
ACAD
1000
DSTYLE
1002
{
1070
   288
1070
     1
1002
}
1001
ACAD_DSTYLE_DIMRADIAL_EXTENSION
1070
   387
1070
     1
1070
   388
1040
0.0
1070
   390
1040
0.0
  0
CIRCLE
  5
72C
102
{ACAD_REACTORS
330
72F
102
}
330
1F
100
AcDbEntity
  8
Dimension
100
AcDbCircle
 10
2018.999993690454
 20
35.0
 30
0.0
 40
3.0
  0
DIMENSION
  5
72D
102
{ACAD_XDICTIONARY
360
72E
102
}
102
{ACAD_REACTORS
330
72F
102
}
330
1F
100
AcDbEntity
  8
Dimension2
100
AcDbDimension
  2
*D27
 10
2020.66409427913
 20
32.50384911698688
 30
0.0
 11
2012.999993690454
 21
43.99999999999898
 31
0.0
 70
   163
 71
     5
 42
5.999999999999772
 73
     0
 74
     0
 75
     0
  3
ISO-25
100
AcDbDiametricDimension
 15
2017.335893101778
 25
37.49615088301346
 35
0.0
 40
0.0
1001
ACAD
1000
DSTYLE
1002
{
1070
   288
1070
     1
1002
}
1001
ACAD_DSTYLE_DIMRADIAL_EXTENSION
1070
   387
1070
     1
1070
   388
1040
0.0
1070
   390
1040
0.0
  0
CIRCLE
  5
73B
102
{ACAD_REACTORS
330
73E
102
}
330
1F
100
AcDbEntity
  8
Dimension
100
AcDbCircle
 10
2488.999993690454
 20
35.0
 30
0.0
 40
3.0
  0
DIMENSION
  5
73C
102
{ACAD_XDICTIONARY
360
73D
102
}
102
{ACAD_REACTORS
330
73E
102
}
330
1F
100
AcDbEntity
  8
Dimension2
100
AcDbDimension
  2
*D28
 10
2490.664094279131
 20
32.50384911698666
 30
0.0
 11
2482.999993690453
 21
44.00000000000022
 31
0.0
 70
   163
 71
     5
 42
6.000000000000454
 73
     0
 74
     0
 75
     0
  3
ISO-25
100
AcDbDiametricDimension
 15
2487.335893101779
 25
37.49615088301357
 35
0.0
 40
0.0
1001
ACAD
1000
DSTYLE
1002
{
1070
   288
1070
     1
1002
}
1001
ACAD_DSTYLE_DIMRADIAL_EXTENSION
1070
   387
1070
     1
1070
   388
1040
0.0
1070
   390
1040
0.0
  0
DIMENSION
  5
74B
102
{ACAD_XDICTIONARY
360
758
102
}
102
{ACAD_REACTORS
330
762
102
}
330
1F
100
AcDbEntity
  8
Dimensions
100
AcDbDimension
  2
*D29
 10
2788.999993690453
 20
-35.0000000000001
 30
0.0
 11
2787.124993690453
 21
-10.00000000000087
 31
0.0
 70
    32
 71
     5
 42
50.00000000000001
 73
     0
 74
     0
 75
     0
  3
ISO-25
100
AcDbAlignedDimension
 13
3323.999993690454
 23
15.0
 33
0.0
 14
3323.999993690454
 24
-35.0
 34
0.0
 50
90.0
100
AcDbRotatedDimension
  0
DIMENSION
  5
7BE
330
1F
100
AcDbEntity
  8
Dimensions
100
AcDbDimension
  2
*D30
 10
3236.999993690454
 20
-25.0
 30
0.0
 11
3280.499993690455
 21
-23.125
 31
0.0
 70
    32
 71
     5
 42
87.0
 73
     0
 74
     0
 75
     0
  3
ISO-25
100
AcDbAlignedDimension
 13
3323.999993690454
 23
-35.0
 33
0.0
 14
3236.999993690454
 24
-35.0
 34
0.0
 50
180.0
100
AcDbRotatedDimension
  0
DIMENSION
  5
7CB
330
1F
100
AcDbEntity
  8
Dimensions
100
AcDbDimension
  2
*D31
 10
3061.999993690454
 20
-25.0
 30
0.0
 11
3149.499993690454
 21
-23.125
 31
0.0
 70
    32
 71
     5
 42
175.0
 73
     0
 74
     0
 75
     0
  3
ISO-25
100
AcDbAlignedDimension
 13
3236.999993690454
 23
-35.0
 33
0.0
 14
3061.999993690454
 24
-35.0
 34
0.0
 50
180.0
100
AcDbRotatedDimension
  0
DIMENSION
  5
7E5
330
1F
100
AcDbEntity
  8
Dimensions
100
AcDbDimension
  2
*D32
 10
2886.999993690454
 20
-25.0
 30
0.0
 11
2974.499993690454
 21
-23.125
 31
0.0
 70
    32
 71
     5
 42
175.0
 73
     0
 74
     0
 75
     0
  3
ISO-25
100
AcDbAlignedDimension
 13
3061.999993690454
 23
-35.0
 33
0.0
 14
2886.999993690454
 24
-35.0
 34
0.0
 50
180.0
100
AcDbRotatedDimension
  0
CIRCLE
  5
80D
102
{ACAD_REACTORS
330
823
102
}
330
1F
100
AcDbEntity
  8
Dimension
100
AcDbCircle
 10
3236.999993690454
 20
-35.0
 30
0.0
 40
1.5
  0
DIMENSION
  5
80E
102
{ACAD_XDICTIONARY
360
81A
102
}
102
{ACAD_REACTORS
330
823
102
}
330
1F
100
AcDbEntity
  8
Dimensions
100
AcDbDimension
  2
*D33
 10
3235.939333518675
 20
-33.93933982822023
 30
0.0
 11
3244.837093848606
 21
-40.18544972870109
 31
0.0
 70
    35
 71
     5
 42
3.0
 73
     0
 74
     0
 75
     0
  3
ISO-25
100
AcDbDiametricDimension
 15
3238.060653862234
 25
-36.06066017178
 35
0.0
 40
0.0
1001
ACAD
1000
DSTYLE
1002
{
1070
   288
1070
     1
1002
}
1001
ACAD_DSTYLE_DIMRADIAL_EXTENSION
1070
   387
1070
     1
1070
   388
1040
0.0
1070
   390
1040
0.0
  0
CIRCLE
  5
82C
102
{ACAD_REACTORS
330
82F
102
}
330
1F
100
AcDbEntity
  8
Dimension
100
AcDbCircle
 10
3061.999993690454
 20
-35.0
 30
0.0
 40
1.5
  0
DIMENSION
  5
82D
102
{ACAD_XDICTIONARY
360
82E
102
}
102
{ACAD_REACTORS
330
82F
102
}
330
1F
100
AcDbEntity
  8
Dimensions
100
AcDbDimension
  2
*D34
 10
3060.939333518675
 20
-33.93933982822023
 30
0.0
 11
3069.837093848605
 21
-40.18544972870245
 31
0.0
 70
    35
 71
     5
 42
2.999999999999545
 73
     0
 74
     0
 75
     0
  3
ISO-25
100
AcDbDiametricDimension
 15
3063.060653862234
 25
-36.06066017178023
 35
0.0
 40
0.0
1001
ACAD
1000
DSTYLE
1002
{
1070
   288
1070
     1
1002
}
1001
ACAD_DSTYLE_DIMRADIAL_EXTENSION
1070
   387
1070
     1
1070
   388
1040
0.0
1070
   390
1040
0.0
  0
CIRCLE
  5
83B
102
{ACAD_REACTORS
330
83E
102
}
330
1F
100
AcDbEntity
  8
Dimension
100
AcDbCircle
 10
2886.999993690454
 20
-35.0
 30
0.0
 40
1.5
  0
DIMENSION
  5
83C
102
{ACAD_XDICTIONARY
360
83D
102
}
102
{ACAD_REACTORS
330
83E
102
}
330
1F
100
AcDbEntity
  8
Dimensions
100
AcDbDimension
  2
*D35
 10
2885.939333518674
 20
-33.93933982822
 30
0.0
 11
2894.837093848605
 21
-40.18544972870245
 31
0.0
 70
    35
 71
     5
 42
3.000000000000454
 73
     0
 74
     0
 75
     0
  3
ISO-25
100
AcDbDiametricDimension
 15
2888.060653862234
 25
-36.06066017178
 35
0.0
 40
0.0
1001
ACAD
1000
DSTYLE
1002
{
1070
   288
1070
     1
1002
}
1001
ACAD_DSTYLE_DIMRADIAL_EXTENSION
1070
   387
1070
     1
1070
   388
1040
0.0
1070
   390
1040
0.0
  0
DIMENSION
  5
84B
102
{ACAD_XDICTIONARY
360
858
102
}
102
{ACAD_REACTORS
330
862
102
}
330
1F
100
AcDbEntity
  8
Dimensions
100
AcDbDimension
  2
*D36
 10
2964.999993690453
 20
626.0000000000002
 30
0.0
 11
2963.124993690453
 21
565.4999999999992
 31
0.0
 70
    32
 71
     5
 42
121.0
 73
     0
 74
     0
 75
     0
  3
ISO-25
100
AcDbAlignedDimension
 13
2798.999993690455
 23
504.9999999999998
 33
0.0
 14
2798.999993690455
 24
625.9999999999998
 34
0.0
 50
90.0
100
AcDbRotatedDimension
  0
DIMENSION
  5
866
330
1F
100
AcDbEntity
  8
Dimensions
100
AcDbDimension
  2
*D37
 10
2898.999993690454
 20
681.0
 30
0.0
 11
2848.999993690454
 21
682.875
 31
0.0
 70
    32
 71
     5
 42
100.0
 73
     0
 74
     0
 75
     0
  3
ISO-25
100
AcDbAlignedDimension
 13
2798.999993690455
 23
626.0
 33
0.0
 14
2898.999993690454
 24
626.0
 34
0.0
 50
180.0
100
AcDbRotatedDimension
  0
DIMENSION
  5
88F
330
1F
100
AcDbEntity
  8
Dimensions
100
AcDbDimension
  2
*D38
 10
2964.999993690453
 20
647.0000000000003
 30
0.0
 11
2963.124993690453
 21
636.4999999999993
 31
0.0
 70
    32
 71
     5
 42
21.0
 73
     0
 74
     0
 75
     0
  3
ISO-25
100
AcDbAlignedDimension
 13
2798.999993690455
 23
626.0
 33
0.0
 14
2798.999993690455
 24
647.0
 34
0.0
 50
90.0
100
AcDbRotatedDimension
  0
DIMENSION
  5
8AE
330
1F
100
AcDbEntity
  8
Dimensions
100
AcDbDimension
  2
*D39
 10
2954.999993690454
 20
681.0
 30
0.0
 11
2926.999993690455
 21
682.875
 31
0.0
 70
    32
 71
     5
 42
56.0
 73
     0
 74
     0
 75
     0
  3
ISO-25
100
AcDbAlignedDimension
 13
2898.999993690454
 23
626.0
 33
0.0
 14
2954.999993690454
 24
626.0
 34
0.0
 50
180.0
100
AcDbRotatedDimension
  0
CIRCLE
  5
8FA
102
{ACAD_REACTORS
330
910
102
}
330
1F
100
AcDbEntity
  8
Dimension
100
AcDbCircle
 10
2954.999993690454
 20
647.0
 30
0.0
 40
2.5
  0
DIMENSION
  5
8FB
102
{ACAD_XDICTIONARY
360
907
102
}
102
{ACAD_REACTORS
330
910
102
}
330
1F
100
AcDbEntity
  8
Dimensions
100
AcDbDimension
  2
*D40
 10
2956.76776064342
 20
645.232233047034
 30
0.0
 11
2949.107437180565
 21
655.5442069393364
 31
0.0
 70
    35
 71
     5
 42
4.999999999999317
 73
     0
 74
     0
 75
     0
  3
ISO-25
100
AcDbDiametricDimension
 15
2953.232226737487
 25
648.7677669529658
 35
0.0
 40
0.0
1001
ACAD
1000
DSTYLE
1002
{
1070
   288
1070
     1
1002
}
1001
ACAD_DSTYLE_DIMRADIAL_EXTENSION
1070
   387
1070
     1
1070
   388
1040
0.0
1070
   390
1040
0.0
  0
CIRCLE
  5
919
102
{ACAD_REACTORS
330
91C
102
}
330
1F
100
AcDbEntity
  8
Dimension
100
AcDbCircle
 10
2898.999993690454
 20
647.0
 30
0.0
 40
2.5
  0
DIMENSION
  5
91A
102
{ACAD_XDICTIONARY
360
91B
102
}
102
{ACAD_REACTORS
330
91C
102
}
330
1F
100
AcDbEntity
  8
Dimensions
100
AcDbDimension
  2
*D41
 10
2900.767760643421
 20
645.2322330470337
 30
0.0
 11
2893.107437180565
 21
655.5442069393359
 31
0.0
 70
    35
 71
     5
 42
4.999999999999772
 73
     0
 74
     0
 75
     0
  3
ISO-25
100
AcDbDiametricDimension
 15
2897.232226737488
 25
648.7677669529658
 35
0.0
 40
0.0
1001
ACAD
1000
DSTYLE
1002
{
1070
   288
1070
     1
1002
}
1001
ACAD_DSTYLE_DIMRADIAL_EXTENSION
1070
   387
1070
     1
1070
   388
1040
0.0
1070
   390
1040
0.0
  0
CIRCLE
  5
928
102
{ACAD_REACTORS
330
92B
102
}
330
1F
100
AcDbEntity
  8
Dimension
100
AcDbCircle
 10
2898.999993690454
 20
626.0
 30
0.0
 40
2.5
  0
DIMENSION
  5
929
102
{ACAD_XDICTIONARY
360
92A
102
}
102
{ACAD_REACTORS
330
92B
102
}
330
1F
100
AcDbEntity
  8
Dimensions
100
AcDbDimension
  2
*D42
 10
2900.767760643421
 20
624.2322330470336
 30
0.0
 11
2893.107437180566
 21
634.5442069393365
 31
0.0
 70
    35
 71
     5
 42
5.000000000000227
 73
     0
 74
     0
 75
     0
  3
ISO-25
100
AcDbDiametricDimension
 15
2897.232226737488
 25
627.7677669529662
 35
0.0
 40
0.0
1001
ACAD
1000
DSTYLE
1002
{
1070
   288
1070
     1
1002
}
1001
ACAD_DSTYLE_DIMRADIAL_EXTENSION
1070
   387
1070
     1
1070
   388
1040
0.0
1070
   390
1040
0.0
  0
CIRCLE
  5
937
102
{ACAD_REACTORS
330
93A
102
}
330
1F
100
AcDbEntity
  8
Dimension
100
AcDbCircle
 10
2954.999993690454
 20
626.0
 30
0.0
 40
2.5
  0
DIMENSION
  5
938
102
{ACAD_XDICTIONARY
360
939
102
}
102
{ACAD_REACTORS
330
93A
102
}
330
1F
100
AcDbEntity
  8
Dimensions
100
AcDbDimension
  2
*D43
 10
2956.76776064342
 20
624.2322330470337
 30
0.0
 11
2949.107437180565
 21
634.5442069393361
 31
0.0
 70
    35
 71
     5
 42
4.999999999999545
 73
     0
 74
     0
 75
     0
  3
ISO-25
100
AcDbDiametricDimension
 15
2953.232226737488
 25
627.7677669529658
 35
0.0
 40
0.0
1001
ACAD
1000
DSTYLE
1002
{
1070
   288
1070
     1
1002
}
1001
ACAD_DSTYLE_DIMRADIAL_EXTENSION
1070
   387
1070
     1
1070
   388
1040
0.0
1070
   390
1040
0.0
  0
LWPOLYLINE
  5
A4D
102
{ACAD_REACTORS
330
4867
102
}
330
1F
100
AcDbEntity
  8
0
100
AcDbPolyline
 90
        8
 70
     1
 43
0.0
 10
1182.594803545247
 20
489.4055070689339
 10
1168.594803545247
 20
489.4055070689339
 10
1168.594803545247
 20
507.4055070689339
 10
1012.594803545247
 20
507.4055070689339
 10
1012.594806700019
 20
12.4055114241437
 10
1168.59480670002
 20
12.4055114241437
 10
1168.594803545247
 20
30.40550706893384
 10
1182.594803545247
 20
30.40550706893384
  0
CIRCLE
  5
A4E
102
{ACAD_REACTORS
330
4867
102
}
330
1F
100
AcDbEntity
  8
0
100
AcDbCircle
 10
1121.59480670002
 20
212.4055114241438
 30
0.0
 40
18.5
  0
CIRCLE
  5
A4F
102
{ACAD_REACTORS
330
4867
102
}
330
1F
100
AcDbEntity
  8
0
100
AcDbCircle
 10
1121.59480670002
 20
262.4055114241438
 30
0.0
 40
10.5
  0
LWPOLYLINE
  5
A61
102
{ACAD_REACTORS
330
4866
102
}
330
1F
100
AcDbEntity
  8
0
100
AcDbPolyline
 90
        8
 70
     1
 43
0.0
 10
1003.441380840291
 20
490.5977941382939
 10
989.4413808402916
 20
490.5977941382939
 10
989.4413808402916
 20
508.5977941382939
 10
833.4413808402921
 20
508.5977941382938
 10
833.4413808402921
 20
13.59779413829392
 10
989.4413808402916
 20
13.59779413829381
 10
989.4413808402916
 20
31.59779413829381
 10
1003.441380840291
 20
31.59779413829381
  0
CIRCLE
  5
A62
102
{ACAD_REACTORS
330
4866
102
}
330
1F
100
AcDbEntity
  8
0
100
AcDbCircle
 10
951.4413776855199
 20
58.59779849350366
 30
0.0
 40
18.5
  0
CIRCLE
  5
A63
102
{ACAD_REACTORS
330
4866
102
}
330
1F
100
AcDbEntity
  8
0
100
AcDbCircle
 10
896.4413776855201
 20
58.59779849350366
 30
0.0
 40
18.5
  0
LWPOLYLINE
  5
A75
102
{ACAD_REACTORS
330
4865
102
}
330
1F
100
AcDbEntity
  8
0
100
AcDbPolyline
 90
        4
 70
     1
 43
0.0
 10
821.9999968452281
 20
519.9999968452275
 10
-0.0000031547717935
 20
519.9999968452277
 10
-0.0000031547720027
 20
-0.0000031547720027
 10
821.9999968452279
 20
-0.0000031547722674
  0
CIRCLE
  5
A76
102
{ACAD_REACTORS
330
4865
102
}
330
1F
100
AcDbEntity
  8
0
100
AcDbCircle
 10
706.000001200438
 20
468.0
 30
0.0
 40
10.5
  0
CIRCLE
  5
A77
102
{ACAD_REACTORS
330
4865
102
}
330
1F
100
AcDbEntity
  8
0
100
AcDbCircle
 10
706.000001200438
 20
442.0
 30
0.0
 40
10.5
  0
CIRCLE
  5
A78
102
{ACAD_REACTORS
330
4865
102
}
330
1F
100
AcDbEntity
  8
0
100
AcDbCircle
 10
706.000001200438
 20
416.0
 30
0.0
 40
10.5
  0
CIRCLE
  5
A79
102
{ACAD_REACTORS
330
4865
102
}
330
1F
100
AcDbEntity
  8
0
100
AcDbCircle
 10
736.0
 20
362.9999936904555
 30
0.0
 40
10.5
  0
CIRCLE
  5
A7A
102
{ACAD_REACTORS
330
4865
102
}
330
1F
100
AcDbEntity
  8
0
100
AcDbCircle
 10
636.000001200438
 20
495.9999936904555
 30
0.0
 40
3.0
  0
CIRCLE
  5
A7B
102
{ACAD_REACTORS
330
4865
102
}
330
1F
100
AcDbEntity
  8
0
100
AcDbCircle
 10
636.0000012004378
 20
25.99999369045554
 30
0.0
 40
3.0
  0
CIRCLE
  5
A7C
102
{ACAD_REACTORS
330
4865
102
}
330
1F
100
AcDbEntity
  8
0
100
AcDbCircle
 10
186.0000012004378
 20
25.99999369045562
 30
0.0
 40
3.0
  0
CIRCLE
  5
A7D
102
{ACAD_REACTORS
330
4865
102
}
330
1F
100
AcDbEntity
  8
0
100
AcDbCircle
 10
186.0000012004379
 20
495.9999936904556
 30
0.0
 40
3.0
  0
CIRCLE
  5
A7E
102
{ACAD_REACTORS
330
4865
102
}
330
1F
100
AcDbEntity
  8
0
100
AcDbCircle
 10
116.0000012004379
 20
435.9999936904557
 30
0.0
 40
1.5
  0
CIRCLE
  5
A7F
102
{ACAD_REACTORS
330
4865
102
}
330
1F
100
AcDbEntity
  8
0
100
AcDbCircle
 10
116.0000012004379
 20
260.9999936904558
 30
0.0
 40
1.5
  0
CIRCLE
  5
A80
102
{ACAD_REACTORS
330
4865
102
}
330
1F
100
AcDbEntity
  8
0
100
AcDbCircle
 10
116.0000012004378
 20
85.99999369045574
 30
0.0
 40
1.5
  0
LWPOLYLINE
  5
AEF
102
{ACAD_REACTORS
330
B07
330
DA4
102
}
330
1F
100
AcDbEntity
  8
Dimension
100
AcDbPolyline
 90
        4
 70
     1
 43
0.0
 10
2498.999993690454
 20
495.0
 10
2008.999993690455
 20
495.0
 10
2008.999993690455
 20
25.0
 10
2498.999993690454
 20
25.0
  0
DIMENSION
  5
AF0
102
{ACAD_XDICTIONARY
360
AFD
102
}
102
{ACAD_REACTORS
330
B07
102
}
330
1F
100
AcDbEntity
  8
Dimension2
100
AcDbDimension
  2
*D44
 10
2488.999993690454
 20
505.0
 30
0.0
 11
2493.999993690454
 21
506.875
 31
0.0
 70
    32
 71
     5
 42
10.0
 73
     0
 74
     0
 75
     0
  3
ISO-25
100
AcDbAlignedDimension
 13
2498.999993690454
 23
495.0
 33
0.0
 14
2488.999993690454
 24
35.0
 34
0.0
 50
180.0
100
AcDbRotatedDimension
  0
DIMENSION
  5
B3E
330
1F
100
AcDbEntity
  8
Dimension2
100
AcDbDimension
  2
*D45
 10
2509.000000000002
 20
495.0000000000001
 30
0.0
 11
2507.125000000002
 21
489.9999999999994
 31
0.0
 70
    32
 71
     5
 42
9.999999999999886
 73
     0
 74
     0
 75
     0
  3
ISO-25
100
AcDbAlignedDimension
 13
2018.999993690454
 23
485.0
 33
0.0
 14
2498.999993690454
 24
495.0
 34
0.0
 50
90.0
100
AcDbRotatedDimension
  0
DIMENSION
  5
B66
330
1F
100
AcDbEntity
  8
Dimension2
100
AcDbDimension
  2
*D46
 10
1998.999993690456
 20
25.00000000000001
 30
0.0
 11
1997.124993690455
 21
29.9999999999994
 31
0.0
 70
    32
 71
     5
 42
9.999999999999893
 73
     0
 74
     0
 75
     0
  3
ISO-25
100
AcDbAlignedDimension
 13
2489.0
 23
35.0
 33
0.0
 14
2008.999993690455
 24
25.0
 34
0.0
 50
90.0
100
AcDbRotatedDimension
  0
DIMENSION
  5
B7C
330
1F
100
AcDbEntity
  8
Dimension2
100
AcDbDimension
  2
*D47
 10
2018.999993690454
 20
15.0
 30
0.0
 11
2013.999993690454
 21
16.875
 31
0.0
 70
    32
 71
     5
 42
10.0
 73
     0
 74
     0
 75
     0
  3
ISO-25
100
AcDbAlignedDimension
 13
2008.999993690455
 23
25.0
 33
0.0
 14
2018.999993690454
 24
485.0
 34
0.0
 50
180.0
100
AcDbRotatedDimension
  0
CIRCLE
  5
BF4
330
1F
100
AcDbEntity
  8
Dimension
100
AcDbCircle
 10
2826.999993690455
 20
35.0
 30
0.0
 40
3.0
  0
CIRCLE
  5
BF5
330
1F
100
AcDbEntity
  8
Dimension
100
AcDbCircle
 10
3296.999993690454
 20
35.0
 30
0.0
 40
3.0
  0
CIRCLE
  5
BF6
330
1F
100
AcDbEntity
  8
Dimension
100
AcDbCircle
 10
3296.999993690454
 20
485.0
 30
0.0
 40
3.0
  0
CIRCLE
  5
BF7
330
1F
100
AcDbEntity
  8
Dimension
100
AcDbCircle
 10
2826.999993690455
 20
485.0
 30
0.0
 40
3.0
  0
DIMENSION
  5
BFC
330
1F
100
AcDbEntity
  8
Dimension2
100
AcDbDimension
  2
*D48
 10
2033.999993690454
 20
4.999999999999994
 30
0.0
 11
2021.499993690454
 21
6.874999999999994
 31
0.0
 70
    32
 71
     5
 42
25.0
 73
     0
 74
     0
 75
     0
  3
ISO-25
100
AcDbAlignedDimension
 13
2008.999993690455
 23
25.0
 33
0.0
 14
2033.999993690454
 24
105.0
 34
0.0
 50
180.0
100
AcDbRotatedDimension
  0
DIMENSION
  5
C12
330
1F
100
AcDbEntity
  8
Dimension2
100
AcDbDimension
  2
*D49
 10
1989.000000000001
 20
80.00000000000001
 30
0.0
 11
1987.125
 21
52.49999999999944
 31
0.0
 70
    32
 71
     5
 42
55.0
 73
     0
 74
     0
 75
     0
  3
ISO-25
100
AcDbAlignedDimension
 13
2008.999993690455
 23
25.0
 33
0.0
 14
2033.999993690454
 24
80.0
 34
0.0
 50
90.0
100
AcDbRotatedDimension
  0
DIMENSION
  5
C28
330
1F
100
AcDbEntity
  8
Dimension2
100
AcDbDimension
  2
*D50
 10
1989.000000000001
 20
105.0
 30
0.0
 11
1987.125
 21
92.49999999999944
 31
0.0
 70
    32
 71
     5
 42
25.00000000000002
 73
     0
 74
     0
 75
     0
  3
ISO-25
100
AcDbAlignedDimension
 13
2033.999993690454
 23
80.0
 33
0.0
 14
2033.999993690454
 24
105.0
 34
0.0
 50
90.0
100
AcDbRotatedDimension
  0
CIRCLE
  5
C3E
102
{ACAD_REACTORS
330
CF5
102
}
330
1F
100
AcDbEntity
  8
Dimension
100
AcDbCircle
 10
2033.999993690454
 20
80.0
 30
0.0
 40
4.5
  0
CIRCLE
  5
C3F
102
{ACAD_REACTORS
330
D0B
102
}
330
1F
100
AcDbEntity
  8
Dimension
100
AcDbCircle
 10
2033.999993690454
 20
105.0
 30
0.0
 40
4.5
  0
DIMENSION
  5
C40
330
1F
100
AcDbEntity
  8
Dimension2
100
AcDbDimension
  2
*D51
 10
2073.999993690454
 20
4.999999999999994
 30
0.0
 11
2053.999993690454
 21
6.874999999999994
 31
0.0
 70
    32
 71
     5
 42
40.0
 73
     0
 74
     0
 75
     0
  3
ISO-25
100
AcDbAlignedDimension
 13
2033.999993690454
 23
25.0
 33
0.0
 14
2073.999993690454
 24
110.0
 34
0.0
 50
180.0
100
AcDbRotatedDimension
  0
DIMENSION
  5
C56
330
1F
100
AcDbEntity
  8
Dimension2
100
AcDbDimension
  2
*D52
 10
1979.000000000001
 20
39.99999999999998
 30
0.0
 11
1977.125
 21
32.49999999999943
 31
0.0
 70
    32
 71
     5
 42
14.99999999999996
 73
     0
 74
     0
 75
     0
  3
ISO-25
100
AcDbAlignedDimension
 13
2008.999993690455
 23
25.0
 33
0.0
 14
2214.999993690454
 24
40.0
 34
0.0
 50
90.0
100
AcDbRotatedDimension
  0
DIMENSION
  5
C6C
330
1F
100
AcDbEntity
  8
Dimension2
100
AcDbDimension
  2
*D53
 10
1979.000000000001
 20
110.0
 30
0.0
 11
1977.125
 21
74.99999999999942
 31
0.0
 70
    32
 71
     5
 42
69.99999999999997
 73
     0
 74
     0
 75
     0
  3
ISO-25
100
AcDbAlignedDimension
 13
2008.999993690455
 23
40.0
 33
0.0
 14
2214.999993690454
 24
110.0
 34
0.0
 50
90.0
100
AcDbRotatedDimension
  0
DIMENSION
  5
C8C
330
1F
100
AcDbEntity
  8
Dimension2
100
AcDbDimension
  2
*D54
 10
2120.999993690454
 20
4.999999999999994
 30
0.0
 11
2097.499993690454
 21
6.874999999999994
 31
0.0
 70
    32
 71
     5
 42
47.0
 73
     0
 74
     0
 75
     0
  3
ISO-25
100
AcDbAlignedDimension
 13
2073.999993690454
 23
25.0
 33
0.0
 14
2120.999993690454
 24
110.0
 34
0.0
 50
180.0
100
AcDbRotatedDimension
  0
DIMENSION
  5
CA2
330
1F
100
AcDbEntity
  8
Dimension2
100
AcDbDimension
  2
*D55
 10
2167.999993690454
 20
5.0
 30
0.0
 11
2144.499993690454
 21
6.875
 31
0.0
 70
    32
 71
     5
 42
47.0
 73
     0
 74
     0
 75
     0
  3
ISO-25
100
AcDbAlignedDimension
 13
2120.999993690454
 23
25.0
 33
0.0
 14
2167.999993690454
 24
110.0
 34
0.0
 50
180.0
100
AcDbRotatedDimension
  0
DIMENSION
  5
CB8
330
1F
100
AcDbEntity
  8
Dimension2
100
AcDbDimension
  2
*D56
 10
2214.999993690454
 20
5.0
 30
0.0
 11
2191.499993690454
 21
6.875
 31
0.0
 70
    32
 71
     5
 42
47.0
 73
     0
 74
     0
 75
     0
  3
ISO-25
100
AcDbAlignedDimension
 13
2167.999993690454
 23
25.0
 33
0.0
 14
2214.999993690454
 24
110.0
 34
0.0
 50
180.0
100
AcDbRotatedDimension
  0
DIMENSION
  5
CE0
102
{ACAD_XDICTIONARY
360
CEC
102
}
102
{ACAD_REACTORS
330
CF5
102
}
330
1F
100
AcDbEntity
  8
Dimension2
100
AcDbDimension
  2
*D57
 10
2037.181974205794
 20
76.81801948466079
 30
0.0
 11
2023.999993690454
 21
89.99999999999898
 31
0.0
 70
   163
 71
     5
 42
9.0
 73
     0
 74
     0
 75
     0
  3
ISO-25
100
AcDbDiametricDimension
 15
2030.818013175114
 25
83.18198051533943
 35
0.0
 40
0.0
1001
ACAD
1000
DSTYLE
1002
{
1070
   288
1070
     1
1002
}
1001
ACAD_DSTYLE_DIMRADIAL_EXTENSION
1070
   387
1070
     1
1070
   388
1040
0.0
1070
   390
1040
0.0
  0
DIMENSION
  5
CF6
102
{ACAD_XDICTIONARY
360
D02
102
}
102
{ACAD_REACTORS
330
D0B
102
}
330
1F
100
AcDbEntity
  8
Dimension2
100
AcDbDimension
  2
*D58
 10
2037.181974205794
 20
101.818019484661
 30
0.0
 11
2024.999993690454
 21
113.9999999999991
 31
0.0
 70
   163
 71
     5
 42
8.999999999999772
 73
     0
 74
     0
 75
     0
  3
ISO-25
100
AcDbDiametricDimension
 15
2030.818013175115
 25
108.1819805153393
 35
0.0
 40
0.0
1001
ACAD
1000
DSTYLE
1002
{
1070
   288
1070
     1
1002
}
1001
ACAD_DSTYLE_DIMRADIAL_EXTENSION
1070
   387
1070
     1
1070
   388
1040
0.0
1070
   390
1040
0.0
  0
CIRCLE
  5
D0C
102
{ACAD_REACTORS
330
D0F
102
}
330
1F
100
AcDbEntity
  8
Dimension
100
AcDbCircle
 10
2073.999993690454
 20
110.0
 30
0.0
 40
4.5
  0
DIMENSION
  5
D0D
102
{ACAD_XDICTIONARY
360
D0E
102
}
102
{ACAD_REACTORS
330
D0F
102
}
330
1F
100
AcDbEntity
  8
Dimension2
100
AcDbDimension
  2
*D59
 10
2077.181974205793
 20
106.8180194846601
 30
0.0
 11
2064.999993690454
 21
119.0000000000003
 31
0.0
 70
   163
 71
     5
 42
9.000000000000682
 73
     0
 74
     0
 75
     0
  3
ISO-25
100
AcDbDiametricDimension
 15
2070.818013175114
 25
113.1819805153398
 35
0.0
 40
0.0
1001
ACAD
1000
DSTYLE
1002
{
1070
   288
1070
     1
1002
}
1001
ACAD_DSTYLE_DIMRADIAL_EXTENSION
1070
   387
1070
     1
1070
   388
1040
0.0
1070
   390
1040
0.0
  0
CIRCLE
  5
D1B
102
{ACAD_REACTORS
330
D1E
102
}
330
1F
100
AcDbEntity
  8
Dimension
100
AcDbCircle
 10
2120.999993690454
 20
110.0
 30
0.0
 40
4.5
  0
DIMENSION
  5
D1C
102
{ACAD_XDICTIONARY
360
D1D
102
}
102
{ACAD_REACTORS
330
D1E
102
}
330
1F
100
AcDbEntity
  8
Dimension2
100
AcDbDimension
  2
*D60
 10
2124.181974205793
 20
106.8180194846614
 30
0.0
 11
2111.999993690454
 21
119.000000000001
 31
0.0
 70
   163
 71
     5
 42
8.999999999998863
 73
     0
 74
     0
 75
     0
  3
ISO-25
100
AcDbDiametricDimension
 15
2117.818013175114
 25
113.1819805153399
 35
0.0
 40
0.0
1001
ACAD
1000
DSTYLE
1002
{
1070
   288
1070
     1
1002
}
1001
ACAD_DSTYLE_DIMRADIAL_EXTENSION
1070
   387
1070
     1
1070
   388
1040
0.0
1070
   390
1040
0.0
  0
CIRCLE
  5
D2A
102
{ACAD_REACTORS
330
D2D
102
}
330
1F
100
AcDbEntity
  8
Dimension
100
AcDbCircle
 10
2167.999993690454
 20
110.0
 30
0.0
 40
4.5
  0
DIMENSION
  5
D2B
102
{ACAD_XDICTIONARY
360
D2C
102
}
102
{ACAD_REACTORS
330
D2D
102
}
330
1F
100
AcDbEntity
  8
Dimension2
100
AcDbDimension
  2
*D61
 10
2171.181974205792
 20
106.8180194846604
 30
0.0
 11
2158.999993690457
 21
118.9999999999997
 31
0.0
 70
   163
 71
     5
 42
8.999999999998863
 73
     0
 74
     0
 75
     0
  3
ISO-25
100
AcDbDiametricDimension
 15
2164.818013175115
 25
113.1819805153398
 35
0.0
 40
0.0
1001
ACAD
1000
DSTYLE
1002
{
1070
   288
1070
     1
1002
}
1001
ACAD_DSTYLE_DIMRADIAL_EXTENSION
1070
   387
1070
     1
1070
   388
1040
0.0
1070
   390
1040
0.0
  0
CIRCLE
  5
D39
102
{ACAD_REACTORS
330
D3C
102
}
330
1F
100
AcDbEntity
  8
Dimension
100
AcDbCircle
 10
2214.999993690454
 20
110.0
 30
0.0
 40
4.5
  0
DIMENSION
  5
D3A
102
{ACAD_XDICTIONARY
360
D3B
102
}
102
{ACAD_REACTORS
330
D3C
102
}
330
1F
100
AcDbEntity
  8
Dimension2
100
AcDbDimension
  2
*D62
 10
2218.181974205792
 20
106.8180194846611
 30
0.0
 11
2205.999993690454
 21
119.0000000000025
 31
0.0
 70
   163
 71
     5
 42
8.999999999998408
 73
     0
 74
     0
 75
     0
  3
ISO-25
100
AcDbDiametricDimension
 15
2211.818013175115
 25
113.1819805153398
 35
0.0
 40
0.0
1001
ACAD
1000
DSTYLE
1002
{
1070
   288
1070
     1
1002
}
1001
ACAD_DSTYLE_DIMRADIAL_EXTENSION
1070
   387
1070
     1
1070
   388
1040
0.0
1070
   390
1040
0.0
  0
CIRCLE
  5
D48
102
{ACAD_REACTORS
330
D4B
102
}
330
1F
100
AcDbEntity
  8
Dimension
100
AcDbCircle
 10
2214.999993690454
 20
40.0
 30
0.0
 40
4.5
  0
DIMENSION
  5
D49
102
{ACAD_XDICTIONARY
360
D4A
102
}
102
{ACAD_REACTORS
330
D4B
102
}
330
1F
100
AcDbEntity
  8
Dimension2
100
AcDbDimension
  2
*D63
 10
2218.181974205795
 20
36.81801948465977
 30
0.0
 11
2205.999993690454
 21
48.99999999999909
 31
0.0
 70
   163
 71
     5
 42
9.000000000001136
 73
     0
 74
     0
 75
     0
  3
ISO-25
100
AcDbDiametricDimension
 15
2211.818013175115
 25
43.18198051533932
 35
0.0
 40
0.0
1001
ACAD
1000
DSTYLE
1002
{
1070
   288
1070
     1
1002
}
1001
ACAD_DSTYLE_DIMRADIAL_EXTENSION
1070
   387
1070
     1
1070
   388
1040
0.0
1070
   390
1040
0.0
  0
CIRCLE
  5
D57
102
{ACAD_REACTORS
330
D5A
102
}
330
1F
100
AcDbEntity
  8
Dimension
100
AcDbCircle
 10
2167.999993690454
 20
40.0
 30
0.0
 40
4.5
  0
DIMENSION
  5
D58
102
{ACAD_XDICTIONARY
360
D59
102
}
102
{ACAD_REACTORS
330
D5A
102
}
330
1F
100
AcDbEntity
  8
Dimension2
100
AcDbDimension
  2
*D64
 10
2171.181974205793
 20
36.81801948466068
 30
0.0
 11
2158.999993690457
 21
49.0
 31
0.0
 70
   163
 71
     5
 42
8.999999999999317
 73
     0
 74
     0
 75
     0
  3
ISO-25
100
AcDbDiametricDimension
 15
2164.818013175115
 25
43.18198051533977
 35
0.0
 40
0.0
1001
ACAD
1000
DSTYLE
1002
{
1070
   288
1070
     1
1002
}
1001
ACAD_DSTYLE_DIMRADIAL_EXTENSION
1070
   387
1070
     1
1070
   388
1040
0.0
1070
   390
1040
0.0
  0
CIRCLE
  5
D66
102
{ACAD_REACTORS
330
D69
102
}
330
1F
100
AcDbEntity
  8
Dimension
100
AcDbCircle
 10
2120.999993690454
 20
40.0
 30
0.0
 40
4.5
  0
DIMENSION
  5
D67
102
{ACAD_XDICTIONARY
360
D68
102
}
102
{ACAD_REACTORS
330
D69
102
}
330
1F
100
AcDbEntity
  8
Dimension2
100
AcDbDimension
  2
*D65
 10
2124.181974205792
 20
36.81801948466159
 30
0.0
 11
2111.999993690455
 21
48.99999999999977
 31
0.0
 70
   163
 71
     5
 42
8.999999999998408
 73
     0
 74
     0
 75
     0
  3
ISO-25
100
AcDbDiametricDimension
 15
2117.818013175114
 25
43.18198051533954
 35
0.0
 40
0.0
1001
ACAD
1000
DSTYLE
1002
{
1070
   288
1070
     1
1002
}
1001
ACAD_DSTYLE_DIMRADIAL_EXTENSION
1070
   387
1070
     1
1070
   388
1040
0.0
1070
   390
1040
0.0
  0
CIRCLE
  5
D75
102
{ACAD_REACTORS
330
D78
102
}
330
1F
100
AcDbEntity
  8
Dimension
100
AcDbCircle
 10
2073.999993690454
 20
40.0
 30
0.0
 40
4.5
  0
DIMENSION
  5
D76
102
{ACAD_XDICTIONARY
360
D77
102
}
102
{ACAD_REACTORS
330
D78
102
}
330
1F
100
AcDbEntity
  8
Dimension2
100
AcDbDimension
  2
*D66
 10
2077.181974205793
 20
36.81801948466091
 30
0.0
 11
2064.999993690454
 21
48.99999999999977
 31
0.0
 70
   163
 71
     5
 42
8.999999999999545
 73
     0
 74
     0
 75
     0
  3
ISO-25
100
AcDbDiametricDimension
 15
2070.818013175115
 25
43.18198051533954
 35
0.0
 40
0.0
1001
ACAD
1000
DSTYLE
1002
{
1070
   288
1070
     1
1002
}
1001
ACAD_DSTYLE_DIMRADIAL_EXTENSION
1070
   387
1070
     1
1070
   388
1040
0.0
1070
   390
1040
0.0
  0
DIMENSION
  5
D8D
102
{ACAD_XDICTIONARY
360
D9A
102
}
102
{ACAD_REACTORS
330
DA4
102
}
330
1F
100
AcDbEntity
  8
Dimension2
100
AcDbDimension
  2
*D67
 10
2508.999993690457
 20
80.00000000000007
 30
0.0
 11
2507.124993690457
 21
52.49999999999932
 31
0.0
 70
    32
 71
     5
 42
55.00000000000007
 73
     0
 74
     0
 75
     0
  3
ISO-25
100
AcDbAlignedDimension
 13
2498.999993690454
 23
25.0
 33
0.0
 14
2229.999993690454
 24
80.0
 34
0.0
 50
90.0
100
AcDbRotatedDimension
  0
DIMENSION
  5
DAF
330
1F
100
AcDbEntity
  8
Dimension2
100
AcDbDimension
  2
*D68
 10
2458.999993690455
 20
5.0
 30
0.0
 11
2478.999993690454
 21
6.875
 31
0.0
 70
    32
 71
     5
 42
40.0
 73
     0
 74
     0
 75
     0
  3
ISO-25
100
AcDbAlignedDimension
 13
2498.999993690454
 23
25.0
 33
0.0
 14
2458.999993690455
 24
80.0
 34
0.0
 50
180.0
100
AcDbRotatedDimension
  0
DIMENSION
  5
DC5
330
1F
100
AcDbEntity
  8
Dimension2
100
AcDbDimension
  2
*D69
 10
2268.999993690454
 20
5.0
 30
0.0
 11
2363.999993690454
 21
6.875
 31
0.0
 70
    32
 71
     5
 42
190.0
 73
     0
 74
     0
 75
     0
  3
ISO-25
100
AcDbAlignedDimension
 13
2458.999993690455
 23
25.0
 33
0.0
 14
2268.999993690454
 24
80.0
 34
0.0
 50
180.0
100
AcDbRotatedDimension
  0
CIRCLE
  5
DDB
102
{ACAD_REACTORS
330
DF1
102
}
330
1F
100
AcDbEntity
  8
Dimension
100
AcDbCircle
 10
2458.999993690455
 20
80.0
 30
0.0
 40
3.5
  0
DIMENSION
  5
DDC
102
{ACAD_XDICTIONARY
360
DE8
102
}
102
{ACAD_REACTORS
330
DF1
102
}
330
1F
100
AcDbEntity
  8
Dimension2
100
AcDbDimension
  2
*D70
 10
2461.474867424607
 20
77.52512626584689
 30
0.0
 11
2452.400330399381
 21
89.2513137205251
 31
0.0
 70
    35
 71
     5
 42
6.999999999999772
 73
     0
 74
     0
 75
     0
  3
ISO-25
100
AcDbDiametricDimension
 15
2456.525119956302
 25
82.47487373415333
 35
0.0
 40
0.0
1001
ACAD
1000
DSTYLE
1002
{
1070
   288
1070
     1
1002
}
1001
ACAD_DSTYLE_DIMRADIAL_EXTENSION
1070
   387
1070
     1
1070
   388
1040
0.0
1070
   390
1040
0.0
  0
CIRCLE
  5
DF2
102
{ACAD_REACTORS
330
DF5
102
}
330
1F
100
AcDbEntity
  8
Dimension
100
AcDbCircle
 10
2268.999993690454
 20
79.99999999999989
 30
0.0
 40
3.5
  0
DIMENSION
  5
DF3
102
{ACAD_XDICTIONARY
360
DF4
102
}
102
{ACAD_REACTORS
330
DF5
102
}
330
1F
100
AcDbEntity
  8
Dimension2
100
AcDbDimension
  2
*D71
 10
2271.474867424609
 20
77.52512626584621
 30
0.0
 11
2262.40033039938
 21
89.25131372052419
 31
0.0
 70
    35
 71
     5
 42
7.000000000001364
 73
     0
 74
     0
 75
     0
  3
ISO-25
100
AcDbDiametricDimension
 15
2266.525119956301
 25
82.47487373415287
 35
0.0
 40
0.0
1001
ACAD
1000
DSTYLE
1002
{
1070
   288
1070
     1
1002
}
1001
ACAD_DSTYLE_DIMRADIAL_EXTENSION
1070
   387
1070
     1
1070
   388
1040
0.0
1070
   390
1040
0.0
  0
DIMENSION
  5
E1A
330
1F
100
AcDbEntity
  8
Dimension2
100
AcDbDimension
  2
*D72
 10
1969.000000000001
 20
140.0
 30
0.0
 11
1967.125
 21
82.49999999999944
 31
0.0
 70
    32
 71
     5
 42
114.9999999999999
 73
     0
 74
     0
 75
     0
  3
ISO-25
100
AcDbAlignedDimension
 13
2008.999993690455
 23
25.0
 33
0.0
 14
2326.999993690455
 24
140.0
 34
0.0
 50
90.0
100
AcDbRotatedDimension
  0
DIMENSION
  5
E30
330
1F
100
AcDbEntity
  8
Dimension2
100
AcDbDimension
  2
*D73
 10
2076.999993690455
 20
-5.0
 30
0.0
 11
2042.999993690454
 21
-3.125
 31
0.0
 70
    32
 71
     5
 42
68.0
 73
     0
 74
     0
 75
     0
  3
ISO-25
100
AcDbAlignedDimension
 13
2008.999993690455
 23
25.0
 33
0.0
 14
2076.999993690455
 24
140.0
 34
0.0
 50
180.0
100
AcDbRotatedDimension
  0
DIMENSION
  5
E46
330
1F
100
AcDbEntity
  8
Dimension2
100
AcDbDimension
  2
*D74
 10
2226.999993690454
 20
-5.0
 30
0.0
 11
2151.999993690454
 21
-3.124999999999999
 31
0.0
 70
    32
 71
     5
 42
150.0
 73
     0
 74
     0
 75
     0
  3
ISO-25
100
AcDbAlignedDimension
 13
2076.999993690455
 23
25.0
 33
0.0
 14
2226.999993690454
 24
140.0
 34
0.0
 50
180.0
100
AcDbRotatedDimension
  0
DIMENSION
  5
E5C
330
1F
100
AcDbEntity
  8
Dimension2
100
AcDbDimension
  2
*D75
 10
2326.999993690455
 20
-5.0
 30
0.0
 11
2276.999993690454
 21
-3.125
 31
0.0
 70
    32
 71
     5
 42
100.0
 73
     0
 74
     0
 75
     0
  3
ISO-25
100
AcDbAlignedDimension
 13
2226.999993690454
 23
25.0
 33
0.0
 14
2326.999993690455
 24
140.0
 34
0.0
 50
180.0
100
AcDbRotatedDimension
  0
CIRCLE
  5
E7C
102
{ACAD_REACTORS
330
E92
102
}
330
1F
100
AcDbEntity
  8
Dimension
100
AcDbCircle
 10
2326.999993690455
 20
140.0
 30
0.0
 40
1.5
  0
DIMENSION
  5
E7D
102
{ACAD_XDICTIONARY
360
E89
102
}
102
{ACAD_REACTORS
330
E92
102
}
330
1F
100
AcDbEntity
  8
Dimension2
100
AcDbDimension
  2
*D76
 10
2328.060653862234
 20
138.9393398282195
 30
0.0
 11
2321.814543961753
 21
147.8371001581511
 31
0.0
 70
    35
 71
     5
 42
3.000000000000682
 73
     0
 74
     0
 75
     0
  3
ISO-25
100
AcDbDiametricDimension
 15
2325.939333518674
 25
141.0606601717798
 35
0.0
 40
0.0
1001
ACAD
1000
DSTYLE
1002
{
1070
   288
1070
     1
1002
}
1001
ACAD_DSTYLE_DIMRADIAL_EXTENSION
1070
   387
1070
     1
1070
   388
1040
0.0
1070
   390
1040
0.0
  0
CIRCLE
  5
E93
102
{ACAD_REACTORS
330
E96
102
}
330
1F
100
AcDbEntity
  8
Dimension
100
AcDbCircle
 10
2226.999993690454
 20
140.0
 30
0.0
 40
1.5
  0
DIMENSION
  5
E94
102
{ACAD_XDICTIONARY
360
E95
102
}
102
{ACAD_REACTORS
330
E96
102
}
330
1F
100
AcDbEntity
  8
Dimension2
100
AcDbDimension
  2
*D77
 10
2228.060653862233
 20
138.9393398282207
 30
0.0
 11
2221.814543961753
 21
147.8371001581511
 31
0.0
 70
    35
 71
     5
 42
2.999999999999545
 73
     0
 74
     0
 75
     0
  3
ISO-25
100
AcDbDiametricDimension
 15
2225.939333518674
 25
141.0606601717798
 35
0.0
 40
0.0
1001
ACAD
1000
DSTYLE
1002
{
1070
   288
1070
     1
1002
}
1001
ACAD_DSTYLE_DIMRADIAL_EXTENSION
1070
   387
1070
     1
1070
   388
1040
0.0
1070
   390
1040
0.0
  0
CIRCLE
  5
EA2
102
{ACAD_REACTORS
330
EA5
102
}
330
1F
100
AcDbEntity
  8
Dimension
100
AcDbCircle
 10
2076.999993690455
 20
140.0
 30
0.0
 40
1.5
  0
DIMENSION
  5
EA3
102
{ACAD_XDICTIONARY
360
EA4
102
}
102
{ACAD_REACTORS
330
EA5
102
}
330
1F
100
AcDbEntity
  8
Dimension2
100
AcDbDimension
  2
*D78
 10
2078.060653862234
 20
138.9393398282205
 30
0.0
 11
2071.814543961752
 21
147.83710015815
 31
0.0
 70
    35
 71
     5
 42
2.999999999999772
 73
     0
 74
     0
 75
     0
  3
ISO-25
100
AcDbDiametricDimension
 15
2075.939333518674
 25
141.0606601717798
 35
0.0
 40
0.0
1001
ACAD
1000
DSTYLE
1002
{
1070
   288
1070
     1
1002
}
1001
ACAD_DSTYLE_DIMRADIAL_EXTENSION
1070
   387
1070
     1
1070
   388
1040
0.0
1070
   390
1040
0.0
  0
DIMENSION
  5
EB1
330
1F
100
AcDbEntity
  8
Dimension2
100
AcDbDimension
  2
*D79
 10
1959.000000000001
 20
210.0
 30
0.0
 11
1957.125
 21
117.4999999999994
 31
0.0
 70
    32
 71
     5
 42
185.0
 73
     0
 74
     0
 75
     0
  3
ISO-25
100
AcDbAlignedDimension
 13
2008.999993690455
 23
25.0
 33
0.0
 14
2308.999993690454
 24
210.0
 34
0.0
 50
90.0
100
AcDbRotatedDimension
  0
DIMENSION
  5
EC7
330
1F
100
AcDbEntity
  8
Dimension2
100
AcDbDimension
  2
*D80
 10
2078.999993690454
 20
-15.0
 30
0.0
 11
2043.999993690454
 21
-13.125
 31
0.0
 70
    32
 71
     5
 42
70.0
 73
     0
 74
     0
 75
     0
  3
ISO-25
100
AcDbAlignedDimension
 13
2008.999993690455
 23
25.0
 33
0.0
 14
2078.999993690454
 24
210.0
 34
0.0
 50
180.0
100
AcDbRotatedDimension
  0
DIMENSION
  5
EDD
330
1F
100
AcDbEntity
  8
Dimension2
100
AcDbDimension
  2
*D81
 10
2308.999993690454
 20
-15.0
 30
0.0
 11
2193.999993690454
 21
-13.125
 31
0.0
 70
    32
 71
     5
 42
230.0
 73
     0
 74
     0
 75
     0
  3
ISO-25
100
AcDbAlignedDimension
 13
2078.999993690454
 23
25.0
 33
0.0
 14
2308.999993690454
 24
210.0
 34
0.0
 50
180.0
100
AcDbRotatedDimension
  0
CIRCLE
  5
EFD
102
{ACAD_REACTORS
330
F00
102
}
330
1F
100
AcDbEntity
  8
Dimension
100
AcDbCircle
 10
2308.999993690454
 20
210.0
 30
0.0
 40
3.5
  0
DIMENSION
  5
EFE
102
{ACAD_XDICTIONARY
360
EFF
102
}
102
{ACAD_REACTORS
330
F00
102
}
330
1F
100
AcDbEntity
  8
Dimension2
100
AcDbDimension
  2
*D82
 10
2311.474867424608
 20
207.5251262658471
 30
0.0
 11
2302.400330399379
 21
219.2513137205231
 31
0.0
 70
    35
 71
     5
 42
7.000000000000454
 73
     0
 74
     0
 75
     0
  3
ISO-25
100
AcDbDiametricDimension
 15
2306.525119956301
 25
212.4748737341526
 35
0.0
 40
0.0
1001
ACAD
1000
DSTYLE
1002
{
1070
   288
1070
     1
1002
}
1001
ACAD_DSTYLE_DIMRADIAL_EXTENSION
1070
   387
1070
     1
1070
   388
1040
0.0
1070
   390
1040
0.0
  0
CIRCLE
  5
F0C
102
{ACAD_REACTORS
330
F0F
102
}
330
1F
100
AcDbEntity
  8
Dimension
100
AcDbCircle
 10
2078.999993690454
 20
210.0
 30
0.0
 40
3.5
  0
DIMENSION
  5
F0D
102
{ACAD_XDICTIONARY
360
F0E
102
}
102
{ACAD_REACTORS
330
F0F
102
}
330
1F
100
AcDbEntity
  8
Dimension2
100
AcDbDimension
  2
*D83
 10
2081.474867424609
 20
207.5251262658465
 30
0.0
 11
2072.40033039938
 21
219.2513137205235
 31
0.0
 70
    35
 71
     5
 42
7.000000000000909
 73
     0
 74
     0
 75
     0
  3
ISO-25
100
AcDbDiametricDimension
 15
2076.525119956302
 25
212.4748737341529
 35
0.0
 40
0.0
1001
ACAD
1000
DSTYLE
1002
{
1070
   288
1070
     1
1002
}
1001
ACAD_DSTYLE_DIMRADIAL_EXTENSION
1070
   387
1070
     1
1070
   388
1040
0.0
1070
   390
1040
0.0
  0
DIMENSION
  5
F1C
330
1F
100
AcDbEntity
  8
Dimension2
100
AcDbDimension
  2
*D84
 10
1959.000000000001
 20
340.0000000000001
 30
0.0
 11
1957.125
 21
417.4999999999995
 31
0.0
 70
    32
 71
     5
 42
155.0000000000001
 73
     0
 74
     0
 75
     0
  3
ISO-25
100
AcDbAlignedDimension
 13
2008.999993690455
 23
495.0
 33
0.0
 14
2311.999993690454
 24
340.0
 34
0.0
 50
90.0
100
AcDbRotatedDimension
  0
DIMENSION
  5
F32
330
1F
100
AcDbEntity
  8
Dimension2
100
AcDbDimension
  2
*D85
 10
1959.000000000001
 20
280.0000000000001
 30
0.0
 11
1957.125
 21
309.9999999999994
 31
0.0
 70
    32
 71
     5
 42
60.00000000000006
 73
     0
 74
     0
 75
     0
  3
ISO-25
100
AcDbAlignedDimension
 13
2008.999993690455
 23
340.0
 33
0.0
 14
2311.999993690454
 24
280.0
 34
0.0
 50
90.0
100
AcDbRotatedDimension
  0
DIMENSION
  5
F48
330
1F
100
AcDbEntity
  8
Dimension2
100
AcDbDimension
  2
*D86
 10
1979.000000000001
 20
310.0
 30
0.0
 11
1977.125
 21
402.4999999999995
 31
0.0
 70
    32
 71
     5
 42
185.0000000000001
 73
     0
 74
     0
 75
     0
  3
ISO-25
100
AcDbAlignedDimension
 13
2008.999993690455
 23
495.0
 33
0.0
 14
2325.999993690454
 24
310.0
 34
0.0
 50
90.0
100
AcDbRotatedDimension
  0
DIMENSION
  5
F5E
330
1F
100
AcDbEntity
  8
Dimension2
100
AcDbDimension
  2
*D87
 10
2061.999993690454
 20
270.0
 30
0.0
 11
2035.499993690454
 21
271.875
 31
0.0
 70
    32
 71
     5
 42
53.0
 73
     0
 74
     0
 75
     0
  3
ISO-25
100
AcDbAlignedDimension
 13
2008.999993690455
 23
280.0
 33
0.0
 14
2061.999993690454
 24
340.0
 34
0.0
 50
180.0
100
AcDbRotatedDimension
  0
DIMENSION
  5
F6B
330
1F
100
AcDbEntity
  8
Dimension2
100
AcDbDimension
  2
*D88
 10
2211.999993690454
 20
270.0
 30
0.0
 11
2136.999993690454
 21
271.875
 31
0.0
 70
    32
 71
     5
 42
150.0
 73
     0
 74
     0
 75
     0
  3
ISO-25
100
AcDbAlignedDimension
 13
2061.999993690454
 23
280.0
 33
0.0
 14
2211.999993690454
 24
340.0
 34
0.0
 50
180.0
100
AcDbRotatedDimension
  0
DIMENSION
  5
F78
330
1F
100
AcDbEntity
  8
Dimension2
100
AcDbDimension
  2
*D89
 10
2311.999993690454
 20
270.0
 30
0.0
 11
2261.999993690454
 21
271.875
 31
0.0
 70
    32
 71
     5
 42
100.0
 73
     0
 74
     0
 75
     0
  3
ISO-25
100
AcDbAlignedDimension
 13
2211.999993690454
 23
280.0
 33
0.0
 14
2311.999993690454
 24
340.0
 34
0.0
 50
180.0
100
AcDbRotatedDimension
  0
CIRCLE
  5
FB3
102
{ACAD_REACTORS
330
FB6
102
}
330
1F
100
AcDbEntity
  8
Dimension
100
AcDbCircle
 10
2311.999993690454
 20
280.0
 30
0.0
 40
1.5
  0
DIMENSION
  5
FB4
102
{ACAD_XDICTIONARY
360
FB5
102
}
102
{ACAD_REACTORS
330
FB6
102
}
330
1F
100
AcDbEntity
  8
Dimension2
100
AcDbDimension
  2
*D90
 10
2313.060653862234
 20
278.9393398282202
 30
0.0
 11
2306.814543961753
 21
287.8371001581507
 31
0.0
 70
    35
 71
     5
 42
3.0
 73
     0
 74
     0
 75
     0
  3
ISO-25
100
AcDbDiametricDimension
 15
2310.939333518674
 25
281.0606601717799
 35
0.0
 40
0.0
1001
ACAD
1000
DSTYLE
1002
{
1070
   288
1070
     1
1002
}
1001
ACAD_DSTYLE_DIMRADIAL_EXTENSION
1070
   387
1070
     1
1070
   388
1040
0.0
1070
   390
1040
0.0
  0
CIRCLE
  5
FC2
102
{ACAD_REACTORS
330
FC5
102
}
330
1F
100
AcDbEntity
  8
Dimension
100
AcDbCircle
 10
2311.999993690454
 20
340.0
 30
0.0
 40
1.5
  0
DIMENSION
  5
FC3
102
{ACAD_XDICTIONARY
360
FC4
102
}
102
{ACAD_REACTORS
330
FC5
102
}
330
1F
100
AcDbEntity
  8
Dimension2
100
AcDbDimension
  2
*D91
 10
2313.060653862234
 20
338.9393398282207
 30
0.0
 11
2306.814543961753
 21
347.8371001581504
 31
0.0
 70
    35
 71
     5
 42
2.999999999999545
 73
     0
 74
     0
 75
     0
  3
ISO-25
100
AcDbDiametricDimension
 15
2310.939333518675
 25
341.0606601717798
 35
0.0
 40
0.0
1001
ACAD
1000
DSTYLE
1002
{
1070
   288
1070
     1
1002
}
1001
ACAD_DSTYLE_DIMRADIAL_EXTENSION
1070
   387
1070
     1
1070
   388
1040
0.0
1070
   390
1040
0.0
  0
CIRCLE
  5
FD1
102
{ACAD_REACTORS
330
FD4
102
}
330
1F
100
AcDbEntity
  8
Dimension
100
AcDbCircle
 10
2211.999993690454
 20
280.0
 30
0.0
 40
1.5
  0
DIMENSION
  5
FD2
102
{ACAD_XDICTIONARY
360
FD3
102
}
102
{ACAD_REACTORS
330
FD4
102
}
330
1F
100
AcDbEntity
  8
Dimension2
100
AcDbDimension
  2
*D92
 10
2213.060653862234
 20
278.93933982822
 30
0.0
 11
2206.814543961755
 21
287.8371001581522
 31
0.0
 70
    35
 71
     5
 42
2.999999999999772
 73
     0
 74
     0
 75
     0
  3
ISO-25
100
AcDbDiametricDimension
 15
2210.939333518675
 25
281.06066017178
 35
0.0
 40
0.0
1001
ACAD
1000
DSTYLE
1002
{
1070
   288
1070
     1
1002
}
1001
ACAD_DSTYLE_DIMRADIAL_EXTENSION
1070
   387
1070
     1
1070
   388
1040
0.0
1070
   390
1040
0.0
  0
CIRCLE
  5
FE0
102
{ACAD_REACTORS
330
FE3
102
}
330
1F
100
AcDbEntity
  8
Dimension
100
AcDbCircle
 10
2211.999993690454
 20
340.0
 30
0.0
 40
1.5
  0
DIMENSION
  5
FE1
102
{ACAD_XDICTIONARY
360
FE2
102
}
102
{ACAD_REACTORS
330
FE3
102
}
330
1F
100
AcDbEntity
  8
Dimension2
100
AcDbDimension
  2
*D93
 10
2213.060653862233
 20
338.9393398282211
 30
0.0
 11
2206.814543961754
 21
347.8371001581517
 31
0.0
 70
    35
 71
     5
 42
2.999999999998408
 73
     0
 74
     0
 75
     0
  3
ISO-25
100
AcDbDiametricDimension
 15
2210.939333518675
 25
341.06066017178
 35
0.0
 40
0.0
1001
ACAD
1000
DSTYLE
1002
{
1070
   288
1070
     1
1002
}
1001
ACAD_DSTYLE_DIMRADIAL_EXTENSION
1070
   387
1070
     1
1070
   388
1040
0.0
1070
   390
1040
0.0
  0
CIRCLE
  5
FEF
102
{ACAD_REACTORS
330
FF2
102
}
330
1F
100
AcDbEntity
  8
Dimension
100
AcDbCircle
 10
2061.999993690454
 20
340.0
 30
0.0
 40
1.5
  0
DIMENSION
  5
FF0
102
{ACAD_XDICTIONARY
360
FF1
102
}
102
{ACAD_REACTORS
330
FF2
102
}
330
1F
100
AcDbEntity
  8
Dimension2
100
AcDbDimension
  2
*D94
 10
2063.060653862234
 20
338.9393398282203
 30
0.0
 11
2056.814543961754
 21
347.8371001581515
 31
0.0
 70
    35
 71
     5
 42
2.999999999999772
 73
     0
 74
     0
 75
     0
  3
ISO-25
100
AcDbDiametricDimension
 15
2060.939333518675
 25
341.0606601717801
 35
0.0
 40
0.0
1001
ACAD
1000
DSTYLE
1002
{
1070
   288
1070
     1
1002
}
1001
ACAD_DSTYLE_DIMRADIAL_EXTENSION
1070
   387
1070
     1
1070
   388
1040
0.0
1070
   390
1040
0.0
  0
CIRCLE
  5
FFE
102
{ACAD_REACTORS
330
1001
102
}
330
1F
100
AcDbEntity
  8
Dimension
100
AcDbCircle
 10
2061.999993690454
 20
280.0
 30
0.0
 40
1.5
  0
DIMENSION
  5
FFF
102
{ACAD_XDICTIONARY
360
1000
102
}
102
{ACAD_REACTORS
330
1001
102
}
330
1F
100
AcDbEntity
  8
Dimension2
100
AcDbDimension
  2
*D95
 10
2063.060653862235
 20
278.9393398282198
 30
0.0
 11
2056.81454396175
 21
287.8371001581489
 31
0.0
 70
    35
 71
     5
 42
3.000000000000909
 73
     0
 74
     0
 75
     0
  3
ISO-25
100
AcDbDiametricDimension
 15
2060.939333518674
 25
281.0606601717793
 35
0.0
 40
0.0
1001
ACAD
1000
DSTYLE
1002
{
1070
   288
1070
     1
1002
}
1001
ACAD_DSTYLE_DIMRADIAL_EXTENSION
1070
   387
1070
     1
1070
   388
1040
0.0
1070
   390
1040
0.0
  0
DIMENSION
  5
100D
330
1F
100
AcDbEntity
  8
Dimension2
100
AcDbDimension
  2
*D96
 10
2053.999993690454
 20
260.0
 30
0.0
 11
2031.499993690454
 21
261.875
 31
0.0
 70
    32
 71
     5
 42
45.0
 73
     0
 74
     0
 75
     0
  3
ISO-25
100
AcDbAlignedDimension
 13
2008.999993690455
 23
280.0
 33
0.0
 14
2053.999993690454
 24
310.0
 34
0.0
 50
180.0
100
AcDbRotatedDimension
  0
DIMENSION
  5
1023
330
1F
100
AcDbEntity
  8
Dimension2
100
AcDbDimension
  2
*D97
 10
2325.999993690454
 20
260.0
 30
0.0
 11
2189.999993690454
 21
261.875
 31
0.0
 70
    32
 71
     5
 42
272.0
 73
     0
 74
     0
 75
     0
  3
ISO-25
100
AcDbAlignedDimension
 13
2053.999993690454
 23
280.0
 33
0.0
 14
2325.999993690454
 24
310.0
 34
0.0
 50
180.0
100
AcDbRotatedDimension
  0
CIRCLE
  5
1046
102
{ACAD_REACTORS
330
1049
102
}
330
1F
100
AcDbEntity
  8
Dimension
100
AcDbCircle
 10
2053.999993690454
 20
309.9999999999999
 30
0.0
 40
3.5
  0
DIMENSION
  5
1047
102
{ACAD_XDICTIONARY
360
1048
102
}
102
{ACAD_REACTORS
330
1049
102
}
330
1F
100
AcDbEntity
  8
Dimension2
100
AcDbDimension
  2
*D98
 10
2056.474867424608
 20
307.5251262658468
 30
0.0
 11
2047.400330399378
 21
319.2513137205227
 31
0.0
 70
    35
 71
     5
 42
7.000000000000909
 73
     0
 74
     0
 75
     0
  3
ISO-25
100
AcDbDiametricDimension
 15
2051.525119956301
 25
312.4748737341524
 35
0.0
 40
0.0
1001
ACAD
1000
DSTYLE
1002
{
1070
   288
1070
     1
1002
}
1001
ACAD_DSTYLE_DIMRADIAL_EXTENSION
1070
   387
1070
     1
1070
   388
1040
0.0
1070
   390
1040
0.0
  0
CIRCLE
  5
1060
102
{ACAD_REACTORS
330
1063
102
}
330
1F
100
AcDbEntity
  8
Dimension
100
AcDbCircle
 10
2325.999993690454
 20
310.0
 30
0.0
 40
3.5
  0
DIMENSION
  5
1061
102
{ACAD_XDICTIONARY
360
1062
102
}
102
{ACAD_REACTORS
330
1063
102
}
330
1F
100
AcDbEntity
  8
Dimension2
100
AcDbDimension
  2
*D99
 10
2328.474867424608
 20
307.5251262658472
 30
0.0
 11
2319.400330399378
 21
319.2513137205231
 31
0.0
 70
    35
 71
     5
 42
7.000000000000227
 73
     0
 74
     0
 75
     0
  3
ISO-25
100
AcDbDiametricDimension
 15
2323.525119956301
 25
312.4748737341527
 35
0.0
 40
0.0
1001
ACAD
1000
DSTYLE
1002
{
1070
   288
1070
     1
1002
}
1001
ACAD_DSTYLE_DIMRADIAL_EXTENSION
1070
   387
1070
     1
1070
   388
1040
0.0
1070
   390
1040
0.0
  0
DIMENSION
  5
1079
330
1F
100
AcDbEntity
  8
Dimension2
100
AcDbDimension
  2
*D100
 10
2519.000000000001
 20
410.0000000000003
 30
0.0
 11
2517.125
 21
452.4999999999994
 31
0.0
 70
    32
 71
     5
 42
84.99999999999989
 73
     0
 74
     0
 75
     0
  3
ISO-25
100
AcDbAlignedDimension
 13
2498.999993690454
 23
495.0
 33
0.0
 14
2123.999993690454
 24
410.0
 34
0.0
 50
90.0
100
AcDbRotatedDimension
  0
DIMENSION
  5
108F
330
1F
100
AcDbEntity
  8
Dimension2
100
AcDbDimension
  2
*D101
 10
2453.999993690454
 20
515.0
 30
0.0
 11
2476.499993690454
 21
516.875
 31
0.0
 70
    32
 71
     5
 42
45.0
 73
     0
 74
     0
 75
     0
  3
ISO-25
100
AcDbAlignedDimension
 13
2498.999993690454
 23
495.0
 33
0.0
 14
2453.999993690454
 24
410.0
 34
0.0
 50
180.0
100
AcDbRotatedDimension
  0
DIMENSION
  5
10A5
330
1F
100
AcDbEntity
  8
Dimension2
100
AcDbDimension
  2
*D102
 10
2123.999993690454
 20
515.0
 30
0.0
 11
2288.999993690454
 21
516.875
 31
0.0
 70
    32
 71
     5
 42
330.0
 73
     0
 74
     0
 75
     0
  3
ISO-25
100
AcDbAlignedDimension
 13
2453.999993690454
 23
495.0
 33
0.0
 14
2123.999993690454
 24
410.0
 34
0.0
 50
180.0
100
AcDbRotatedDimension
  0
CIRCLE
  5
10CD
102
{ACAD_REACTORS
330
10D0
102
}
330
1F
100
AcDbEntity
  8
Dimension
100
AcDbCircle
 10
2453.999993690454
 20
410.0
 30
0.0
 40
3.5
  0
DIMENSION
  5
10CE
102
{ACAD_XDICTIONARY
360
10CF
102
}
102
{ACAD_REACTORS
330
10D0
102
}
330
1F
100
AcDbEntity
  8
Dimension2
100
AcDbDimension
  2
*D103
 10
2456.474867424607
 20
407.5251262658471
 30
0.0
 11
2447.40033039938
 21
419.2513137205241
 31
0.0
 70
    35
 71
     5
 42
7.0
 73
     0
 74
     0
 75
     0
  3
ISO-25
100
AcDbDiametricDimension
 15
2451.525119956301
 25
412.474873734153
 35
0.0
 40
0.0
1001
ACAD
1000
DSTYLE
1002
{
1070
   288
1070
     1
1002
}
1001
ACAD_DSTYLE_DIMRADIAL_EXTENSION
1070
   387
1070
     1
1070
   388
1040
0.0
1070
   390
1040
0.0
  0
CIRCLE
  5
10DC
102
{ACAD_REACTORS
330
10DF
102
}
330
1F
100
AcDbEntity
  8
Dimension
100
AcDbCircle
 10
2123.999993690454
 20
410.0
 30
0.0
 40
3.5
  0
DIMENSION
  5
10DD
102
{ACAD_XDICTIONARY
360
10DE
102
}
102
{ACAD_REACTORS
330
10DF
102
}
330
1F
100
AcDbEntity
  8
Dimension2
100
AcDbDimension
  2
*D104
 10
2126.474867424608
 20
407.5251262658468
 30
0.0
 11
2117.40033039938
 21
419.2513137205241
 31
0.0
 70
    35
 71
     5
 42
7.000000000000454
 73
     0
 74
     0
 75
     0
  3
ISO-25
100
AcDbDiametricDimension
 15
2121.525119956301
 25
412.474873734153
 35
0.0
 40
0.0
1001
ACAD
1000
DSTYLE
1002
{
1070
   288
1070
     1
1002
}
1001
ACAD_DSTYLE_DIMRADIAL_EXTENSION
1070
   387
1070
     1
1070
   388
1040
0.0
1070
   390
1040
0.0
  0
DIMENSION
  5
10EB
330
1F
100
AcDbEntity
  8
Dimension2
100
AcDbDimension
  2
*D105
 10
1989.000000000001
 20
455.0000000000002
 30
0.0
 11
1987.125
 21
474.9999999999995
 31
0.0
 70
    32
 71
     5
 42
40.0
 73
     0
 74
     0
 75
     0
  3
ISO-25
100
AcDbAlignedDimension
 13
2008.999993690455
 23
495.0
 33
0.0
 14
2008.999993690455
 24
455.0
 34
0.0
 50
90.0
100
AcDbRotatedDimension
  0
DIMENSION
  5
10F8
330
1F
100
AcDbEntity
  8
Dimension2
100
AcDbDimension
  2
*D106
 10
1989.000000000001
 20
360.0000000000001
 30
0.0
 11
1987.125
 21
407.4999999999995
 31
0.0
 70
    32
 71
     5
 42
95.00000000000005
 73
     0
 74
     0
 75
     0
  3
ISO-25
100
AcDbAlignedDimension
 13
2073.999993690454
 23
455.0
 33
0.0
 14
2073.999993690454
 24
360.0
 34
0.0
 50
90.0
100
AcDbRotatedDimension
  0
DIMENSION
  5
1105
330
1F
100
AcDbEntity
  8
Dimension2
100
AcDbDimension
  2
*D107
 10
2073.999993690454
 20
515.0
 30
0.0
 11
2041.499993690454
 21
516.875
 31
0.0
 70
    32
 71
     5
 42
65.0
 73
     0
 74
     0
 75
     0
  3
ISO-25
100
AcDbAlignedDimension
 13
2008.999993690455
 23
495.0
 33
0.0
 14
2073.999993690454
 24
360.0
 34
0.0
 50
180.0
100
AcDbRotatedDimension
  0
CIRCLE
  5
1136
102
{ACAD_REACTORS
330
1139
102
}
330
1F
100
AcDbEntity
  8
Dimension
100
AcDbCircle
 10
2073.999993690454
 20
360.0
 30
0.0
 40
3.5
  0
DIMENSION
  5
1137
102
{ACAD_XDICTIONARY
360
1138
102
}
102
{ACAD_REACTORS
330
1139
102
}
330
1F
100
AcDbEntity
  8
Dimension2
100
AcDbDimension
  2
*D108
 10
2076.474867424607
 20
357.525126265847
 30
0.0
 11
2067.40033039938
 21
369.2513137205239
 31
0.0
 70
    35
 71
     5
 42
6.999999999999772
 73
     0
 74
     0
 75
     0
  3
ISO-25
100
AcDbDiametricDimension
 15
2071.525119956302
 25
362.4748737341528
 35
0.0
 40
0.0
1001
ACAD
1000
DSTYLE
1002
{
1070
   288
1070
     1
1002
}
1001
ACAD_DSTYLE_DIMRADIAL_EXTENSION
1070
   387
1070
     1
1070
   388
1040
0.0
1070
   390
1040
0.0
  0
CIRCLE
  5
1145
102
{ACAD_REACTORS
330
1148
102
}
330
1F
100
AcDbEntity
  8
Dimension
100
AcDbCircle
 10
2073.999993690454
 20
455.0
 30
0.0
 40
3.5
  0
DIMENSION
  5
1146
102
{ACAD_XDICTIONARY
360
1147
102
}
102
{ACAD_REACTORS
330
1148
102
}
330
1F
100
AcDbEntity
  8
Dimension2
100
AcDbDimension
  2
*D109
 10
2076.474867424606
 20
452.5251262658476
 30
0.0
 11
2067.40033039938
 21
464.2513137205242
 31
0.0
 70
    35
 71
     5
 42
6.99999999999909
 73
     0
 74
     0
 75
     0
  3
ISO-25
100
AcDbDiametricDimension
 15
2071.525119956302
 25
457.4748737341531
 35
0.0
 40
0.0
1001
ACAD
1000
DSTYLE
1002
{
1070
   288
1070
     1
1002
}
1001
ACAD_DSTYLE_DIMRADIAL_EXTENSION
1070
   387
1070
     1
1070
   388
1040
0.0
1070
   390
1040
0.0
  0
DIMENSION
  5
1156
330
1F
100
AcDbEntity
  8
Dimension2
100
AcDbDimension
  2
*D110
 10
1999.000000000001
 20
483.0000000000001
 30
0.0
 11
1997.125
 21
488.9999999999995
 31
0.0
 70
    32
 71
     5
 42
12.00000000000005
 73
     0
 74
     0
 75
     0
  3
ISO-25
100
AcDbAlignedDimension
 13
2008.999993690455
 23
495.0
 33
0.0
 14
2378.999993690454
 24
483.0
 34
0.0
 50
90.0
100
AcDbRotatedDimension
  0
DIMENSION
  5
116C
330
1F
100
AcDbEntity
  8
Dimension2
100
AcDbDimension
  2
*D111
 10
2078.999993690454
 20
525.0
 30
0.0
 11
2043.999993690454
 21
526.8749999999999
 31
0.0
 70
    32
 71
     5
 42
70.0
 73
     0
 74
     0
 75
     0
  3
ISO-25
100
AcDbAlignedDimension
 13
2008.999993690455
 23
495.0
 33
0.0
 14
2078.999993690454
 24
483.0
 34
0.0
 50
180.0
100
AcDbRotatedDimension
  0
DIMENSION
  5
1179
330
1F
100
AcDbEntity
  8
Dimension2
100
AcDbDimension
  2
*D112
 10
2228.999993690454
 20
525.0
 30
0.0
 11
2153.999993690455
 21
526.8749999999999
 31
0.0
 70
    32
 71
     5
 42
150.0
 73
     0
 74
     0
 75
     0
  3
ISO-25
100
AcDbAlignedDimension
 13
2078.999993690454
 23
495.0
 33
0.0
 14
2228.999993690454
 24
483.0
 34
0.0
 50
180.0
100
AcDbRotatedDimension
  0
DIMENSION
  5
1186
330
1F
100
AcDbEntity
  8
Dimension2
100
AcDbDimension
  2
*D113
 10
2378.999993690454
 20
525.0
 30
0.0
 11
2303.999993690454
 21
526.8749999999999
 31
0.0
 70
    32
 71
     5
 42
150.0
 73
     0
 74
     0
 75
     0
  3
ISO-25
100
AcDbAlignedDimension
 13
2228.999993690454
 23
495.0
 33
0.0
 14
2378.999993690454
 24
483.0
 34
0.0
 50
180.0
100
AcDbRotatedDimension
  0
CIRCLE
  5
11B7
102
{ACAD_REACTORS
330
11BA
102
}
330
1F
100
AcDbEntity
  8
Dimension
100
AcDbCircle
 10
2078.999993690454
 20
483.0
 30
0.0
 40
1.5
  0
DIMENSION
  5
11B8
102
{ACAD_XDICTIONARY
360
11B9
102
}
102
{ACAD_REACTORS
330
11BA
102
}
330
1F
100
AcDbEntity
  8
Dimension2
100
AcDbDimension
  2
*D114
 10
2080.060653862233
 20
481.9393398282208
 30
0.0
 11
2073.814543961753
 21
490.8371001581505
 31
0.0
 70
    35
 71
     5
 42
2.99999999999909
 73
     0
 74
     0
 75
     0
  3
ISO-25
100
AcDbDiametricDimension
 15
2077.939333518674
 25
484.0606601717797
 35
0.0
 40
0.0
1001
ACAD
1000
DSTYLE
1002
{
1070
   288
1070
     1
1002
}
1001
ACAD_DSTYLE_DIMRADIAL_EXTENSION
1070
   387
1070
     1
1070
   388
1040
0.0
1070
   390
1040
0.0
  0
CIRCLE
  5
11C6
102
{ACAD_REACTORS
330
11C9
102
}
330
1F
100
AcDbEntity
  8
Dimension
100
AcDbCircle
 10
2228.999993690454
 20
483.0
 30
0.0
 40
1.5
  0
DIMENSION
  5
11C7
102
{ACAD_XDICTIONARY
360
11C8
102
}
102
{ACAD_REACTORS
330
11C9
102
}
330
1F
100
AcDbEntity
  8
Dimension2
100
AcDbDimension
  2
*D115
 10
2230.060653862235
 20
481.9393398282194
 30
0.0
 11
2223.814543961754
 21
490.8371001581516
 31
0.0
 70
    35
 71
     5
 42
3.000000000000909
 73
     0
 74
     0
 75
     0
  3
ISO-25
100
AcDbDiametricDimension
 15
2227.939333518675
 25
484.06066017178
 35
0.0
 40
0.0
1001
ACAD
1000
DSTYLE
1002
{
1070
   288
1070
     1
1002
}
1001
ACAD_DSTYLE_DIMRADIAL_EXTENSION
1070
   387
1070
     1
1070
   388
1040
0.0
1070
   390
1040
0.0
  0
CIRCLE
  5
11D5
102
{ACAD_REACTORS
330
11D8
102
}
330
1F
100
AcDbEntity
  8
Dimension
100
AcDbCircle
 10
2378.999993690454
 20
483.0
 30
0.0
 40
1.5
  0
DIMENSION
  5
11D6
102
{ACAD_XDICTIONARY
360
11D7
102
}
102
{ACAD_REACTORS
330
11D8
102
}
330
1F
100
AcDbEntity
  8
Dimension2
100
AcDbDimension
  2
*D116
 10
2380.060653862234
 20
481.9393398282199
 30
0.0
 11
2373.814543961753
 21
490.8371001581506
 31
0.0
 70
    35
 71
     5
 42
3.000000000000227
 73
     0
 74
     0
 75
     0
  3
ISO-25
100
AcDbDiametricDimension
 15
2377.939333518674
 25
484.0606601717796
 35
0.0
 40
0.0
1001
ACAD
1000
DSTYLE
1002
{
1070
   288
1070
     1
1002
}
1001
ACAD_DSTYLE_DIMRADIAL_EXTENSION
1070
   387
1070
     1
1070
   388
1040
0.0
1070
   390
1040
0.0
  0
DIMENSION
  5
11E4
330
1F
100
AcDbEntity
  8
Dimension2
100
AcDbDimension
  2
*D117
 10
2020.999993690454
 20
505.0
 30
0.0
 11
2014.999993690454
 21
506.875
 31
0.0
 70
    32
 71
     5
 42
12.0
 73
     0
 74
     0
 75
     0
  3
ISO-25
100
AcDbAlignedDimension
 13
2008.999993690455
 23
495.0
 33
0.0
 14
2020.999993690454
 24
175.0
 34
0.0
 50
180.0
100
AcDbRotatedDimension
  0
DIMENSION
  5
11FA
330
1F
100
AcDbEntity
  8
Dimension2
100
AcDbDimension
  2
*D118
 10
1969.000000000001
 20
425.0000000000002
 30
0.0
 11
1967.125
 21
459.9999999999995
 31
0.0
 70
    32
 71
     5
 42
70.0
 73
     0
 74
     0
 75
     0
  3
ISO-25
100
AcDbAlignedDimension
 13
2008.999993690455
 23
495.0
 33
0.0
 14
2020.999993690454
 24
425.0
 34
0.0
 50
90.0
100
AcDbRotatedDimension
  0
DIMENSION
  5
1210
330
1F
100
AcDbEntity
  8
Dimension2
100
AcDbDimension
  2
*D119
 10
1969.000000000001
 20
275.0000000000001
 30
0.0
 11
1967.125
 21
349.9999999999996
 31
0.0
 70
    32
 71
     5
 42
150.0
 73
     0
 74
     0
 75
     0
  3
ISO-25
100
AcDbAlignedDimension
 13
2008.999993690455
 23
425.0
 33
0.0
 14
2020.999993690454
 24
275.0
 34
0.0
 50
90.0
100
AcDbRotatedDimension
  0
DIMENSION
  5
124F
330
1F
100
AcDbEntity
  8
Dimension2
100
AcDbDimension
  2
*D120
 10
1969.000000000001
 20
175.0
 30
0.0
 11
1967.125
 21
224.9999999999995
 31
0.0
 70
    32
 71
     5
 42
100.0
 73
     0
 74
     0
 75
     0
  3
ISO-25
100
AcDbAlignedDimension
 13
2008.999993690455
 23
275.0
 33
0.0
 14
2020.999993690454
 24
175.0
 34
0.0
 50
90.0
100
AcDbRotatedDimension
  0
CIRCLE
  5
126E
102
{ACAD_REACTORS
330
1271
102
}
330
1F
100
AcDbEntity
  8
Dimension
100
AcDbCircle
 10
2020.999993690454
 20
425.0
 30
0.0
 40
1.5
  0
DIMENSION
  5
126F
102
{ACAD_XDICTIONARY
360
1270
102
}
102
{ACAD_REACTORS
330
1271
102
}
330
1F
100
AcDbEntity
  8
Dimension2
100
AcDbDimension
  2
*D121
 10
2022.060653862234
 20
423.939339828221
 30
0.0
 11
2015.81454396175
 21
432.8371001581485
 31
0.0
 70
    35
 71
     5
 42
2.99999999999909
 73
     0
 74
     0
 75
     0
  3
ISO-25
100
AcDbDiametricDimension
 15
2019.939333518674
 25
426.0606601717793
 35
0.0
 40
0.0
1001
ACAD
1000
DSTYLE
1002
{
1070
   288
1070
     1
1002
}
1001
ACAD_DSTYLE_DIMRADIAL_EXTENSION
1070
   387
1070
     1
1070
   388
1040
0.0
1070
   390
1040
0.0
  0
CIRCLE
  5
127D
102
{ACAD_REACTORS
330
1280
102
}
330
1F
100
AcDbEntity
  8
Dimension
100
AcDbCircle
 10
2020.999993690454
 20
275.0
 30
0.0
 40
1.5
  0
DIMENSION
  5
127E
102
{ACAD_XDICTIONARY
360
127F
102
}
102
{ACAD_REACTORS
330
1280
102
}
330
1F
100
AcDbEntity
  8
Dimension2
100
AcDbDimension
  2
*D122
 10
2022.060653862234
 20
273.9393398282203
 30
0.0
 11
2015.814543961752
 21
282.8371001581501
 31
0.0
 70
    35
 71
     5
 42
3.0
 73
     0
 74
     0
 75
     0
  3
ISO-25
100
AcDbDiametricDimension
 15
2019.939333518674
 25
276.0606601717797
 35
0.0
 40
0.0
1001
ACAD
1000
DSTYLE
1002
{
1070
   288
1070
     1
1002
}
1001
ACAD_DSTYLE_DIMRADIAL_EXTENSION
1070
   387
1070
     1
1070
   388
1040
0.0
1070
   390
1040
0.0
  0
CIRCLE
  5
128C
102
{ACAD_REACTORS
330
128F
102
}
330
1F
100
AcDbEntity
  8
Dimension
100
AcDbCircle
 10
2020.999993690454
 20
175.0
 30
0.0
 40
1.5
  0
DIMENSION
  5
128D
102
{ACAD_XDICTIONARY
360
128E
102
}
102
{ACAD_REACTORS
330
128F
102
}
330
1F
100
AcDbEntity
  8
Dimension2
100
AcDbDimension
  2
*D123
 10
2022.060653862235
 20
173.9393398282201
 30
0.0
 11
2015.814543961753
 21
182.8371001581506
 31
0.0
 70
    35
 71
     5
 42
3.000000000000227
 73
     0
 74
     0
 75
     0
  3
ISO-25
100
AcDbDiametricDimension
 15
2019.939333518675
 25
176.0606601717797
 35
0.0
 40
0.0
1001
ACAD
1000
DSTYLE
1002
{
1070
   288
1070
     1
1002
}
1001
ACAD_DSTYLE_DIMRADIAL_EXTENSION
1070
   387
1070
     1
1070
   388
1040
0.0
1070
   390
1040
0.0
  0
DIMENSION
  5
129B
330
1F
100
AcDbEntity
  8
Dimension2
100
AcDbDimension
  2
*D124
 10
2358.999993690455
 20
505.0
 30
0.0
 11
2423.999993690455
 21
506.875
 31
0.0
 70
    32
 71
     5
 42
130.0
 73
     0
 74
     0
 75
     0
  3
ISO-25
100
AcDbAlignedDimension
 13
2488.999993690454
 23
495.0
 33
0.0
 14
2358.999993690455
 24
150.0
 34
0.0
 50
180.0
100
AcDbRotatedDimension
  0
DIMENSION
  5
12B1
330
1F
100
AcDbEntity
  8
Dimension2
100
AcDbDimension
  2
*D125
 10
2529.000000000001
 20
310.0000000000002
 30
0.0
 11
2527.125000000001
 21
402.4999999999994
 31
0.0
 70
    32
 71
     5
 42
185.0
 73
     0
 74
     0
 75
     0
  3
ISO-25
100
AcDbAlignedDimension
 13
2498.999993690454
 23
495.0
 33
0.0
 14
2358.999993690455
 24
310.0
 34
0.0
 50
90.0
100
AcDbRotatedDimension
  0
DIMENSION
  5
12C7
330
1F
100
AcDbEntity
  8
Dimension2
100
AcDbDimension
  2
*D126
 10
2519.000000000001
 20
150.0000000000001
 30
0.0
 11
2517.125
 21
87.49999999999934
 31
0.0
 70
    32
 71
     5
 42
125.0
 73
     0
 74
     0
 75
     0
  3
ISO-25
100
AcDbAlignedDimension
 13
2498.999993690454
 23
25.0
 33
0.0
 14
2358.999993690455
 24
150.0
 34
0.0
 50
90.0
100
AcDbRotatedDimension
  0
CIRCLE
  5
12DE
102
{ACAD_REACTORS
330
12E1
102
}
330
1F
100
AcDbEntity
  8
Dimension
100
AcDbCircle
 10
2488.999993690454
 20
150.0
 30
0.0
 40
3.5
  0
DIMENSION
  5
12DF
102
{ACAD_XDICTIONARY
360
12E0
102
}
102
{ACAD_REACTORS
330
12E1
102
}
330
1F
100
AcDbEntity
  8
Dimension2
100
AcDbDimension
  2
*D127
 10
2491.474867424607
 20
147.5251262658469
 30
0.0
 11
2482.40033039938
 21
159.2513137205242
 31
0.0
 70
    35
 71
     5
 42
7.0
 73
     0
 74
     0
 75
     0
  3
ISO-25
100
AcDbDiametricDimension
 15
2486.525119956301
 25
152.4748737341529
 35
0.0
 40
0.0
1001
ACAD
1000
DSTYLE
1002
{
1070
   288
1070
     1
1002
}
1001
ACAD_DSTYLE_DIMRADIAL_EXTENSION
1070
   387
1070
     1
1070
   388
1040
0.0
1070
   390
1040
0.0
  0
CIRCLE
  5
12ED
102
{ACAD_REACTORS
330
12F0
102
}
330
1F
100
AcDbEntity
  8
Dimension
100
AcDbCircle
 10
2358.999993690455
 20
150.0
 30
0.0
 40
3.5
  0
DIMENSION
  5
12EE
102
{ACAD_XDICTIONARY
360
12EF
102
}
102
{ACAD_REACTORS
330
12F0
102
}
330
1F
100
AcDbEntity
  8
Dimension2
100
AcDbDimension
  2
*D128
 10
2361.474867424608
 20
147.5251262658464
 30
0.0
 11
2352.40033039938
 21
159.2513137205237
 31
0.0
 70
    35
 71
     5
 42
7.000000000001136
 73
     0
 74
     0
 75
     0
  3
ISO-25
100
AcDbDiametricDimension
 15
2356.525119956301
 25
152.4748737341526
 35
0.0
 40
0.0
1001
ACAD
1000
DSTYLE
1002
{
1070
   288
1070
     1
1002
}
1001
ACAD_DSTYLE_DIMRADIAL_EXTENSION
1070
   387
1070
     1
1070
   388
1040
0.0
1070
   390
1040
0.0
  0
CIRCLE
  5
12FC
102
{ACAD_REACTORS
330
12FF
102
}
330
1F
100
AcDbEntity
  8
Dimension
100
AcDbCircle
 10
2358.999993690455
 20
310.0
 30
0.0
 40
3.5
  0
DIMENSION
  5
12FD
102
{ACAD_XDICTIONARY
360
12FE
102
}
102
{ACAD_REACTORS
330
12FF
102
}
330
1F
100
AcDbEntity
  8
Dimension2
100
AcDbDimension
  2
*D129
 10
2361.474867424607
 20
307.5251262658471
 30
0.0
 11
2352.40033039938
 21
319.2513137205239
 31
0.0
 70
    35
 71
     5
 42
7.0
 73
     0
 74
     0
 75
     0
  3
ISO-25
100
AcDbDiametricDimension
 15
2356.525119956302
 25
312.4748737341529
 35
0.0
 40
0.0
1001
ACAD
1000
DSTYLE
1002
{
1070
   288
1070
     1
1002
}
1001
ACAD_DSTYLE_DIMRADIAL_EXTENSION
1070
   387
1070
     1
1070
   388
1040
0.0
1070
   390
1040
0.0
  0
CIRCLE
  5
130B
102
{ACAD_REACTORS
330
130E
102
}
330
1F
100
AcDbEntity
  8
Dimension
100
AcDbCircle
 10
2488.999993690454
 20
310.0
 30
0.0
 40
3.5
  0
DIMENSION
  5
130C
102
{ACAD_XDICTIONARY
360
130D
102
}
102
{ACAD_REACTORS
330
130E
102
}
330
1F
100
AcDbEntity
  8
Dimension2
100
AcDbDimension
  2
*D130
 10
2491.474867424608
 20
307.5251262658462
 30
0.0
 11
2482.400330399381
 21
319.2513137205244
 31
0.0
 70
    35
 71
     5
 42
7.000000000000909
 73
     0
 74
     0
 75
     0
  3
ISO-25
100
AcDbDiametricDimension
 15
2486.525119956301
 25
312.4748737341531
 35
0.0
 40
0.0
1001
ACAD
1000
DSTYLE
1002
{
1070
   288
1070
     1
1002
}
1001
ACAD_DSTYLE_DIMRADIAL_EXTENSION
1070
   387
1070
     1
1070
   388
1040
0.0
1070
   390
1040
0.0
  0
DIMENSION
  5
131A
330
1F
100
AcDbEntity
  8
Dimension2
100
AcDbDimension
  2
*D131
 10
2529.000000000001
 20
197.0000000000001
 30
0.0
 11
2527.125000000001
 21
110.9999999999993
 31
0.0
 70
    32
 71
     5
 42
172.0
 73
     0
 74
     0
 75
     0
  3
ISO-25
100
AcDbAlignedDimension
 13
2498.999993690454
 23
25.0
 33
0.0
 14
2475.999993690454
 24
197.0
 34
0.0
 50
90.0
100
AcDbRotatedDimension
  0
DIMENSION
  5
1330
330
1F
100
AcDbEntity
  8
Dimension2
100
AcDbDimension
  2
*D132
 10
2529.000000000001
 20
220.0000000000001
 30
0.0
 11
2527.125000000001
 21
208.4999999999993
 31
0.0
 70
    32
 71
     5
 42
23.00000000000003
 73
     0
 74
     0
 75
     0
  3
ISO-25
100
AcDbAlignedDimension
 13
2498.999993690454
 23
197.0
 33
0.0
 14
2439.999993690455
 24
220.0
 34
0.0
 50
90.0
100
AcDbRotatedDimension
  0
DIMENSION
  5
1346
330
1F
100
AcDbEntity
  8
Dimension2
100
AcDbDimension
  2
*D133
 10
2529.000000000001
 20
243.0000000000001
 30
0.0
 11
2527.125000000001
 21
231.4999999999994
 31
0.0
 70
    32
 71
     5
 42
23.00000000000003
 73
     0
 74
     0
 75
     0
  3
ISO-25
100
AcDbAlignedDimension
 13
2498.999993690454
 23
220.0
 33
0.0
 14
2403.999993690455
 24
243.0
 34
0.0
 50
90.0
100
AcDbRotatedDimension
  0
DIMENSION
  5
135C
330
1F
100
AcDbEntity
  8
Dimension2
100
AcDbDimension
  2
*D134
 10
2475.999993690454
 20
15.0
 30
0.0
 11
2487.499993690454
 21
16.875
 31
0.0
 70
    32
 71
     5
 42
23.0
 73
     0
 74
     0
 75
     0
  3
ISO-25
100
AcDbAlignedDimension
 13
2498.999993690454
 23
25.0
 33
0.0
 14
2475.999993690454
 24
197.0
 34
0.0
 50
180.0
100
AcDbRotatedDimension
  0
DIMENSION
  5
1369
330
1F
100
AcDbEntity
  8
Dimension2
100
AcDbDimension
  2
*D135
 10
2439.999993690455
 20
15.0
 30
0.0
 11
2457.999993690454
 21
16.875
 31
0.0
 70
    32
 71
     5
 42
36.0
 73
     0
 74
     0
 75
     0
  3
ISO-25
100
AcDbAlignedDimension
 13
2475.999993690454
 23
25.0
 33
0.0
 14
2439.999993690455
 24
220.0
 34
0.0
 50
180.0
100
AcDbRotatedDimension
  0
DIMENSION
  5
1376
330
1F
100
AcDbEntity
  8
Dimension2
100
AcDbDimension
  2
*D136
 10
2403.999993690455
 20
15.0
 30
0.0
 11
2421.999993690454
 21
16.875
 31
0.0
 70
    32
 71
     5
 42
36.0
 73
     0
 74
     0
 75
     0
  3
ISO-25
100
AcDbAlignedDimension
 13
2439.999993690455
 23
25.0
 33
0.0
 14
2403.999993690455
 24
243.0
 34
0.0
 50
180.0
100
AcDbRotatedDimension
  0
DIMENSION
  5
13C3
330
1F
100
AcDbEntity
  8
Dimension2
100
AcDbDimension
  2
*D137
 10
2477.664094279131
 20
194.5038491169863
 30
0.0
 11
2469.999993690456
 21
206.0000000000004
 31
0.0
 70
   163
 71
     5
 42
6.000000000000682
 73
     0
 74
     0
 75
     0
  3
ISO-25
100
AcDbDiametricDimension
 15
2474.33589310178
 25
199.4961508830144
 35
0.0
 40
0.0
1001
ACAD
1000
DSTYLE
1002
{
1070
   288
1070
     1
1002
}
1001
ACAD_DSTYLE_DIMRADIAL_EXTENSION
1070
   387
1070
     1
1070
   388
1040
0.0
1070
   390
1040
0.0
  0
CIRCLE
  5
13C6
330
1F
100
AcDbEntity
  8
Dimension
100
AcDbCircle
 10
2475.999993690454
 20
197.0
 30
0.0
 40
3.0
  0
DIMENSION
  5
13D2
330
1F
100
AcDbEntity
  8
Dimension2
100
AcDbDimension
  2
*D138
 10
2441.664094279131
 20
217.5038491169865
 30
0.0
 11
2433.999993690454
 21
228.9999999999994
 31
0.0
 70
   163
 71
     5
 42
6.000000000000454
 73
     0
 74
     0
 75
     0
  3
ISO-25
100
AcDbDiametricDimension
 15
2438.335893101779
 25
222.4961508830138
 35
0.0
 40
0.0
1001
ACAD
1000
DSTYLE
1002
{
1070
   288
1070
     1
1002
}
1001
ACAD_DSTYLE_DIMRADIAL_EXTENSION
1070
   387
1070
     1
1070
   388
1040
0.0
1070
   390
1040
0.0
  0
CIRCLE
  5
13D5
330
1F
100
AcDbEntity
  8
Dimension
100
AcDbCircle
 10
2439.999993690455
 20
220.0
 30
0.0
 40
3.0
  0
DIMENSION
  5
13E1
330
1F
100
AcDbEntity
  8
Dimension2
100
AcDbDimension
  2
*D139
 10
2405.66409427913
 20
240.5038491169868
 30
0.0
 11
2397.999993690453
 21
251.9999999999994
 31
0.0
 70
   163
 71
     5
 42
6.0
 73
     0
 74
     0
 75
     0
  3
ISO-25
100
AcDbDiametricDimension
 15
2402.335893101778
 25
245.4961508830136
 35
0.0
 40
0.0
1001
ACAD
1000
DSTYLE
1002
{
1070
   288
1070
     1
1002
}
1001
ACAD_DSTYLE_DIMRADIAL_EXTENSION
1070
   387
1070
     1
1070
   388
1040
0.0
1070
   390
1040
0.0
  0
CIRCLE
  5
13E4
330
1F
100
AcDbEntity
  8
Dimension
100
AcDbCircle
 10
2403.999993690455
 20
243.0
 30
0.0
 40
3.0
  0
DIMENSION
  5
1408
330
1F
100
AcDbEntity
  8
Dimension2
100
AcDbDimension
  2
*D140
 10
2463.999993690457
 20
217.0000000000001
 30
0.0
 11
2462.124993690457
 21
206.9999999999994
 31
0.0
 70
    32
 71
     5
 42
20.0
 73
     0
 74
     0
 75
     0
  3
ISO-25
100
AcDbAlignedDimension
 13
2475.999993690454
 23
197.0
 33
0.0
 14
2475.999993690454
 24
217.0
 34
0.0
 50
90.0
100
AcDbRotatedDimension
  0
CIRCLE
  5
141E
102
{ACAD_REACTORS
330
1434
102
}
330
1F
100
AcDbEntity
  8
Dimension
100
AcDbCircle
 10
2475.999993690454
 20
217.0
 30
0.0
 40
1.5
  0
DIMENSION
  5
141F
102
{ACAD_XDICTIONARY
360
142B
102
}
102
{ACAD_REACTORS
330
1434
102
}
330
1F
100
AcDbEntity
  8
Dimension2
100
AcDbDimension
  2
*D141
 10
2476.832043984793
 20
215.7519245584938
 30
0.0
 11
2472.452223685429
 21
225.7018593282819
 31
0.0
 70
    35
 71
     5
 42
2.999999999999317
 73
     0
 74
     0
 75
     0
  3
ISO-25
100
AcDbDiametricDimension
 15
2475.167943396116
 25
218.2480754415065
 35
0.0
 40
0.0
1001
ACAD
1000
DSTYLE
1002
{
1070
   288
1070
     1
1002
}
1001
ACAD_DSTYLE_DIMRADIAL_EXTENSION
1070
   387
1070
     1
1070
   388
1040
0.0
1070
   390
1040
0.0
  0
DIMENSION
  5
1435
330
1F
100
AcDbEntity
  8
Dimension2
100
AcDbDimension
  2
*D142
 10
2427.999993690457
 20
240.0000000000001
 30
0.0
 11
2426.124993690457
 21
229.9999999999994
 31
0.0
 70
    32
 71
     5
 42
20.0
 73
     0
 74
     0
 75
     0
  3
ISO-25
100
AcDbAlignedDimension
 13
2439.999993690455
 23
220.0
 33
0.0
 14
2439.999993690455
 24
240.0
 34
0.0
 50
90.0
100
AcDbRotatedDimension
  0
CIRCLE
  5
1436
102
{ACAD_REACTORS
330
1439
102
}
330
1F
100
AcDbEntity
  8
Dimension
100
AcDbCircle
 10
2439.999993690455
 20
240.0
 30
0.0
 40
1.5
  0
DIMENSION
  5
1437
102
{ACAD_XDICTIONARY
360
1438
102
}
102
{ACAD_REACTORS
330
1439
102
}
330
1F
100
AcDbEntity
  8
Dimension2
100
AcDbDimension
  2
*D143
 10
2440.832043984793
 20
238.7519245584939
 30
0.0
 11
2436.452223685427
 21
248.7018593282812
 31
0.0
 70
    35
 71
     5
 42
2.999999999999772
 73
     0
 74
     0
 75
     0
  3
ISO-25
100
AcDbDiametricDimension
 15
2439.167943396116
 25
241.2480754415065
 35
0.0
 40
0.0
1001
ACAD
1000
DSTYLE
1002
{
1070
   288
1070
     1
1002
}
1001
ACAD_DSTYLE_DIMRADIAL_EXTENSION
1070
   387
1070
     1
1070
   388
1040
0.0
1070
   390
1040
0.0
  0
DIMENSION
  5
145A
330
1F
100
AcDbEntity
  8
Dimension2
100
AcDbDimension
  2
*D144
 10
2391.999993690457
 20
263.0000000000001
 30
0.0
 11
2390.124993690457
 21
252.9999999999994
 31
0.0
 70
    32
 71
     5
 42
20.00000000000003
 73
     0
 74
     0
 75
     0
  3
ISO-25
100
AcDbAlignedDimension
 13
2403.999993690455
 23
243.0
 33
0.0
 14
2403.999993690455
 24
263.0
 34
0.0
 50
90.0
100
AcDbRotatedDimension
  0
CIRCLE
  5
145B
102
{ACAD_REACTORS
330
145E
102
}
330
1F
100
AcDbEntity
  8
Dimension
100
AcDbCircle
 10
2403.999993690455
 20
263.0
 30
0.0
 40
1.5
  0
DIMENSION
  5
145C
102
{ACAD_XDICTIONARY
360
145D
102
}
102
{ACAD_REACTORS
330
145E
102
}
330
1F
100
AcDbEntity
  8
Dimension2
100
AcDbDimension
  2
*D145
 10
2404.832043984793
 20
261.7519245584933
 30
0.0
 11
2400.452223685432
 21
271.7018593282835
 31
0.0
 70
    35
 71
     5
 42
3.0
 73
     0
 74
     0
 75
     0
  3
ISO-25
100
AcDbDiametricDimension
 15
2403.167943396117
 25
264.248075441507
 35
0.0
 40
0.0
1001
ACAD
1000
DSTYLE
1002
{
1070
   288
1070
     1
1002
}
1001
ACAD_DSTYLE_DIMRADIAL_EXTENSION
1070
   387
1070
     1
1070
   388
1040
0.0
1070
   390
1040
0.0
  0
LINE
  5
1481
330
1F
100
AcDbEntity
  8
Inscription
100
AcDbLine
 10
2828.999993690454
 20
175.0
 30
0.0
 11
2828.999993690454
 21
425.0
 31
0.0
  0
LINE
  5
1483
330
1F
100
AcDbEntity
  8
Inscription
100
AcDbLine
 10
2886.999993690454
 20
483.0
 30
0.0
 11
3186.999993690454
 21
483.0
 31
0.0
  0
LINE
  5
1484
330
1F
100
AcDbEntity
  8
Inscription
100
AcDbLine
 10
2881.999993690454
 20
360.0
 30
0.0
 11
2881.999993690454
 21
455.0
 31
0.0
  0
LINE
  5
1485
330
1F
100
AcDbEntity
  8
Inscription
100
AcDbLine
 10
2931.999993690454
 20
410.0
 30
0.0
 11
3261.999993690454
 21
410.0
 31
0.0
  0
LINE
  5
1486
330
1F
100
AcDbEntity
  8
Inscription
100
AcDbLine
 10
3119.999993690454
 20
340.0
 30
0.0
 11
2869.999993690454
 21
340.0
 31
0.0
  0
LINE
  5
1487
330
1F
100
AcDbEntity
  8
Inscription
100
AcDbLine
 10
2861.999993690454
 20
305.0
 30
0.0
 11
3133.999993690455
 21
305.0
 31
0.0
  0
LINE
  5
1488
330
1F
100
AcDbEntity
  8
Inscription
100
AcDbLine
 10
3119.999993690454
 20
280.0
 30
0.0
 11
2869.999993690454
 21
280.0
 31
0.0
  0
LINE
  5
1489
330
1F
100
AcDbEntity
  8
Inscription
100
AcDbLine
 10
3134.999993690454
 20
140.0
 30
0.0
 11
2884.999993690454
 21
140.0
 31
0.0
  0
LINE
  5
148A
330
1F
100
AcDbEntity
  8
Inscription
100
AcDbLine
 10
3116.999993690454
 20
210.0
 30
0.0
 11
2886.999993690454
 21
210.0
 31
0.0
  0
LINE
  5
1497
330
1F
100
AcDbEntity
  8
Inscription
100
AcDbLine
 10
3266.999993690455
 20
80.0
 30
0.0
 11
3076.999993690455
 21
80.0
 31
0.0
  0
LWPOLYLINE
  5
1498
330
1F
100
AcDbEntity
  8
Inscription
100
AcDbPolyline
 90
        4
 70
     1
 43
0.0
 10
3296.999993690454
 20
150.0
 10
3166.999993690454
 20
150.0
 10
3166.999993690454
 20
310.0
 10
3296.999993690454
 20
310.0
  0
LINE
  5
1499
330
1F
100
AcDbEntity
  8
Inscription
100
AcDbLine
 10
3283.999993690454
 20
197.0
 30
0.0
 11
3283.999993690454
 21
217.0
 31
0.0
  0
LINE
  5
149A
330
1F
100
AcDbEntity
  8
Inscription
100
AcDbLine
 10
3247.999993690454
 20
220.0
 30
0.0
 11
3247.999993690454
 21
240.0
 31
0.0
  0
LINE
  5
149B
330
1F
100
AcDbEntity
  8
Inscription
100
AcDbLine
 10
3211.999993690454
 20
243.0
 30
0.0
 11
3211.999993690454
 21
263.0
 31
0.0
  0
LINE
  5
149C
330
1F
100
AcDbEntity
  8
Inscription
100
AcDbLine
 10
3022.999993690454
 20
40.0
 30
0.0
 11
3022.999993690454
 21
110.0
 31
0.0
  0
LINE
  5
149D
330
1F
100
AcDbEntity
  8
Inscription
100
AcDbLine
 10
2975.999993690454
 20
40.0
 30
0.0
 11
2975.999993690454
 21
110.0
 31
0.0
  0
LINE
  5
149E
330
1F
100
AcDbEntity
  8
Inscription
100
AcDbLine
 10
2928.999993690455
 20
40.0
 30
0.0
 11
2928.999993690455
 21
110.0
 31
0.0
  0
LINE
  5
149F
330
1F
100
AcDbEntity
  8
Inscription
100
AcDbLine
 10
2881.999993690454
 20
40.0
 30
0.0
 11
2881.999993690454
 21
110.0
 31
0.0
  0
LINE
  5
14A0
330
1F
100
AcDbEntity
  8
Inscription
100
AcDbLine
 10
2841.999993690454
 20
80.0
 30
0.0
 11
2841.999993690454
 21
105.0
 31
0.0
  0
LWPOLYLINE
  5
14A3
102
{ACAD_REACTORS
330
486A
102
}
330
1F
100
AcDbEntity
  8
0
100
AcDbPolyline
 90
        4
 70
     1
 43
0.0
 10
1191.0
 20
495.0
 10
1681.0
 20
495.0
 10
1681.0
 20
25.0
 10
1191.0
 20
25.0
  0
CIRCLE
  5
14A4
102
{ACAD_REACTORS
330
486A
102
}
330
1F
100
AcDbEntity
  8
0
100
AcDbCircle
 10
1671.0
 20
35.0
 30
0.0
 40
3.0
  0
CIRCLE
  5
14A5
102
{ACAD_REACTORS
330
486A
102
}
330
1F
100
AcDbEntity
  8
0
100
AcDbCircle
 10
1201.0
 20
35.0
 30
0.0
 40
3.0
  0
CIRCLE
  5
14A6
102
{ACAD_REACTORS
330
486A
102
}
330
1F
100
AcDbEntity
  8
0
100
AcDbCircle
 10
1201.0
 20
485.0
 30
0.0
 40
3.0
  0
CIRCLE
  5
14A7
102
{ACAD_REACTORS
330
486A
102
}
330
1F
100
AcDbEntity
  8
0
100
AcDbCircle
 10
1671.0
 20
485.0
 30
0.0
 40
3.0
  0
CIRCLE
  5
14A8
102
{ACAD_REACTORS
330
486A
102
}
330
1F
100
AcDbEntity
  8
0
100
AcDbCircle
 10
1656.0
 20
80.0
 30
0.0
 40
4.5
  0
CIRCLE
  5
14A9
102
{ACAD_REACTORS
330
486A
102
}
330
1F
100
AcDbEntity
  8
0
100
AcDbCircle
 10
1656.0
 20
105.0
 30
0.0
 40
4.5
  0
CIRCLE
  5
14AA
102
{ACAD_REACTORS
330
486A
102
}
330
1F
100
AcDbEntity
  8
0
100
AcDbCircle
 10
1616.0
 20
110.0
 30
0.0
 40
4.5
  0
CIRCLE
  5
14AB
102
{ACAD_REACTORS
330
486A
102
}
330
1F
100
AcDbEntity
  8
0
100
AcDbCircle
 10
1569.0
 20
110.0
 30
0.0
 40
4.5
  0
CIRCLE
  5
14AC
102
{ACAD_REACTORS
330
486A
102
}
330
1F
100
AcDbEntity
  8
0
100
AcDbCircle
 10
1522.0
 20
110.0
 30
0.0
 40
4.5
  0
CIRCLE
  5
14AD
102
{ACAD_REACTORS
330
486A
102
}
330
1F
100
AcDbEntity
  8
0
100
AcDbCircle
 10
1475.0
 20
110.0
 30
0.0
 40
4.5
  0
CIRCLE
  5
14AE
102
{ACAD_REACTORS
330
486A
102
}
330
1F
100
AcDbEntity
  8
0
100
AcDbCircle
 10
1475.0
 20
40.0
 30
0.0
 40
4.5
  0
CIRCLE
  5
14AF
102
{ACAD_REACTORS
330
486A
102
}
330
1F
100
AcDbEntity
  8
0
100
AcDbCircle
 10
1522.0
 20
40.0
 30
0.0
 40
4.5
  0
CIRCLE
  5
14B0
102
{ACAD_REACTORS
330
486A
102
}
330
1F
100
AcDbEntity
  8
0
100
AcDbCircle
 10
1569.0
 20
40.0
 30
0.0
 40
4.5
  0
CIRCLE
  5
14B1
102
{ACAD_REACTORS
330
486A
102
}
330
1F
100
AcDbEntity
  8
0
100
AcDbCircle
 10
1616.0
 20
40.0
 30
0.0
 40
4.5
  0
CIRCLE
  5
14B2
102
{ACAD_REACTORS
330
486A
102
}
330
1F
100
AcDbEntity
  8
0
100
AcDbCircle
 10
1231.0
 20
80.0
 30
0.0
 40
3.5
  0
CIRCLE
  5
14B3
102
{ACAD_REACTORS
330
486A
102
}
330
1F
100
AcDbEntity
  8
0
100
AcDbCircle
 10
1421.0
 20
79.99999999999989
 30
0.0
 40
3.5
  0
CIRCLE
  5
14B4
102
{ACAD_REACTORS
330
486A
102
}
330
1F
100
AcDbEntity
  8
0
100
AcDbCircle
 10
1378.0
 20
140.0
 30
0.0
 40
1.5
  0
CIRCLE
  5
14B5
102
{ACAD_REACTORS
330
486A
102
}
330
1F
100
AcDbEntity
  8
0
100
AcDbCircle
 10
1478.0
 20
140.0
 30
0.0
 40
1.5
  0
CIRCLE
  5
14B6
102
{ACAD_REACTORS
330
486A
102
}
330
1F
100
AcDbEntity
  8
0
100
AcDbCircle
 10
1628.0
 20
140.0
 30
0.0
 40
1.5
  0
CIRCLE
  5
14B7
102
{ACAD_REACTORS
330
486A
102
}
330
1F
100
AcDbEntity
  8
0
100
AcDbCircle
 10
1381.0
 20
210.0
 30
0.0
 40
3.5
  0
CIRCLE
  5
14B8
102
{ACAD_REACTORS
330
486A
102
}
330
1F
100
AcDbEntity
  8
0
100
AcDbCircle
 10
1611.0
 20
210.0
 30
0.0
 40
3.5
  0
CIRCLE
  5
14B9
102
{ACAD_REACTORS
330
486A
102
}
330
1F
100
AcDbEntity
  8
0
100
AcDbCircle
 10
1378.0
 20
280.0
 30
0.0
 40
1.5
  0
CIRCLE
  5
14BA
102
{ACAD_REACTORS
330
486A
102
}
330
1F
100
AcDbEntity
  8
0
100
AcDbCircle
 10
1378.0
 20
340.0
 30
0.0
 40
1.5
  0
CIRCLE
  5
14BB
102
{ACAD_REACTORS
330
486A
102
}
330
1F
100
AcDbEntity
  8
0
100
AcDbCircle
 10
1478.0
 20
280.0
 30
0.0
 40
1.5
  0
CIRCLE
  5
14BC
102
{ACAD_REACTORS
330
486A
102
}
330
1F
100
AcDbEntity
  8
0
100
AcDbCircle
 10
1478.0
 20
340.0
 30
0.0
 40
1.5
  0
CIRCLE
  5
14BD
102
{ACAD_REACTORS
330
486A
102
}
330
1F
100
AcDbEntity
  8
0
100
AcDbCircle
 10
1628.0
 20
340.0
 30
0.0
 40
1.5
  0
CIRCLE
  5
14BE
102
{ACAD_REACTORS
330
486A
102
}
330
1F
100
AcDbEntity
  8
0
100
AcDbCircle
 10
1628.0
 20
280.0
 30
0.0
 40
1.5
  0
CIRCLE
  5
14BF
102
{ACAD_REACTORS
330
486A
102
}
330
1F
100
AcDbEntity
  8
0
100
AcDbCircle
 10
1636.0
 20
309.9999999999999
 30
0.0
 40
3.5
  0
CIRCLE
  5
14C0
102
{ACAD_REACTORS
330
486A
102
}
330
1F
100
AcDbEntity
  8
0
100
AcDbCircle
 10
1364.0
 20
310.0
 30
0.0
 40
3.5
  0
CIRCLE
  5
14C1
102
{ACAD_REACTORS
330
486A
102
}
330
1F
100
AcDbEntity
  8
0
100
AcDbCircle
 10
1236.0
 20
410.0
 30
0.0
 40
3.5
  0
CIRCLE
  5
14C2
102
{ACAD_REACTORS
330
486A
102
}
330
1F
100
AcDbEntity
  8
0
100
AcDbCircle
 10
1566.0
 20
410.0
 30
0.0
 40
3.5
  0
CIRCLE
  5
14C3
102
{ACAD_REACTORS
330
486A
102
}
330
1F
100
AcDbEntity
  8
0
100
AcDbCircle
 10
1616.0
 20
360.0
 30
0.0
 40
3.5
  0
CIRCLE
  5
14C4
102
{ACAD_REACTORS
330
486A
102
}
330
1F
100
AcDbEntity
  8
0
100
AcDbCircle
 10
1616.0
 20
455.0
 30
0.0
 40
3.5
  0
CIRCLE
  5
14C5
102
{ACAD_REACTORS
330
486A
102
}
330
1F
100
AcDbEntity
  8
0
100
AcDbCircle
 10
1611.0
 20
483.0
 30
0.0
 40
1.5
  0
CIRCLE
  5
14C6
102
{ACAD_REACTORS
330
486A
102
}
330
1F
100
AcDbEntity
  8
0
100
AcDbCircle
 10
1461.0
 20
483.0
 30
0.0
 40
1.5
  0
CIRCLE
  5
14C7
102
{ACAD_REACTORS
330
486A
102
}
330
1F
100
AcDbEntity
  8
0
100
AcDbCircle
 10
1311.0
 20
483.0
 30
0.0
 40
1.5
  0
CIRCLE
  5
14C8
102
{ACAD_REACTORS
330
486A
102
}
330
1F
100
AcDbEntity
  8
0
100
AcDbCircle
 10
1669.0
 20
425.0
 30
0.0
 40
1.5
  0
CIRCLE
  5
14C9
102
{ACAD_REACTORS
330
486A
102
}
330
1F
100
AcDbEntity
  8
0
100
AcDbCircle
 10
1669.0
 20
275.0
 30
0.0
 40
1.5
  0
CIRCLE
  5
14CA
102
{ACAD_REACTORS
330
486A
102
}
330
1F
100
AcDbEntity
  8
0
100
AcDbCircle
 10
1669.0
 20
175.0
 30
0.0
 40
1.5
  0
CIRCLE
  5
14CB
102
{ACAD_REACTORS
330
486A
102
}
330
1F
100
AcDbEntity
  8
0
100
AcDbCircle
 10
1201.0
 20
150.0
 30
0.0
 40
3.5
  0
CIRCLE
  5
14CC
102
{ACAD_REACTORS
330
486A
102
}
330
1F
100
AcDbEntity
  8
0
100
AcDbCircle
 10
1331.0
 20
150.0
 30
0.0
 40
3.5
  0
CIRCLE
  5
14CD
102
{ACAD_REACTORS
330
486A
102
}
330
1F
100
AcDbEntity
  8
0
100
AcDbCircle
 10
1331.0
 20
310.0
 30
0.0
 40
3.5
  0
CIRCLE
  5
14CE
102
{ACAD_REACTORS
330
486A
102
}
330
1F
100
AcDbEntity
  8
0
100
AcDbCircle
 10
1201.0
 20
310.0
 30
0.0
 40
3.5
  0
CIRCLE
  5
14CF
102
{ACAD_REACTORS
330
486A
102
}
330
1F
100
AcDbEntity
  8
0
100
AcDbCircle
 10
1214.0
 20
197.0
 30
0.0
 40
3.0
  0
CIRCLE
  5
14D0
102
{ACAD_REACTORS
330
486A
102
}
330
1F
100
AcDbEntity
  8
0
100
AcDbCircle
 10
1250.0
 20
220.0
 30
0.0
 40
3.0
  0
CIRCLE
  5
14D1
102
{ACAD_REACTORS
330
486A
102
}
330
1F
100
AcDbEntity
  8
0
100
AcDbCircle
 10
1286.0
 20
243.0
 30
0.0
 40
3.0
  0
CIRCLE
  5
14D2
102
{ACAD_REACTORS
330
486A
102
}
330
1F
100
AcDbEntity
  8
0
100
AcDbCircle
 10
1214.0
 20
217.0
 30
0.0
 40
1.5
  0
CIRCLE
  5
14D3
102
{ACAD_REACTORS
330
486A
102
}
330
1F
100
AcDbEntity
  8
0
100
AcDbCircle
 10
1250.0
 20
240.0
 30
0.0
 40
1.5
  0
CIRCLE
  5
14D4
102
{ACAD_REACTORS
330
486A
102
}
330
1F
100
AcDbEntity
  8
0
100
AcDbCircle
 10
1286.0
 20
263.0
 30
0.0
 40
1.5
  0
LWPOLYLINE
  5
46F8
330
1F
100
AcDbEntity
  8
0
 62
     0
100
AcDbPolyline
 90
       13
 70
     1
 43
0.0
 10
-20.0
 20
517.0000000000002
 10
-552.0
 20
517.0000000000002
 10
-552.0
 20
507.0000000000002
 10
-562.0
 20
507.0000000000002
 10
-562.0
 20
10.0
 10
-552.0
 20
10.0
 10
-552.0
 20
0.0
 10
-20.0
 20
0.0
 10
-20.0
 20
10.0
 10
-10.0
 20
10.0
 10
-10.0
 20
507.0000000000002
 10
-20.0
 20
507.0000000000002
 10
-20.0
 20
517.0000000000002
  0
CIRCLE
  5
484E
102
{ACAD_REACTORS
330
4854
330
4865
102
}
330
1F
100
AcDbEntity
  8
0
100
AcDbCircle
 10
798.0000012004378
 20
209.9999936904553
 30
0.0
 40
2.5
  0
CIRCLE
  5
484F
102
{ACAD_REACTORS
330
4854
330
4865
102
}
330
1F
100
AcDbEntity
  8
0
100
AcDbCircle
 10
777.0000012004378
 20
209.9999936904553
 30
0.0
 40
2.5
  0
CIRCLE
  5
4850
102
{ACAD_REACTORS
330
4854
330
4865
102
}
330
1F
100
AcDbEntity
  8
0
100
AcDbCircle
 10
768.0000012004378
 20
209.9999936904553
 30
0.0
 40
2.5
  0
CIRCLE
  5
4851
102
{ACAD_REACTORS
330
4854
330
4865
102
}
330
1F
100
AcDbEntity
  8
0
100
AcDbCircle
 10
777.0000012004378
 20
153.9999936904553
 30
0.0
 40
2.5
  0
CIRCLE
  5
4852
102
{ACAD_REACTORS
330
4854
330
4865
102
}
330
1F
100
AcDbEntity
  8
0
100
AcDbCircle
 10
768.0000012004378
 20
149.9999936904553
 30
0.0
 40
2.5
  0
LWPOLYLINE
  5
4853
102
{ACAD_REACTORS
330
4854
330
4865
102
}
330
1F
100
AcDbEntity
  8
0
100
AcDbPolyline
 90
        4
 70
     1
 43
0.0
 10
795.5000012004378
 20
149.9999936904553
 42
0.9999999999999998
 10
800.5000012004373
 20
149.9999936904553
 10
800.5000012004378
 20
153.9999936904553
 42
1.000000000000022
 10
795.5000012004378
 20
153.9999936904552
  0
VIEWPORT
  5
16A4
102
{ACAD_XDICTIONARY
360
16A5
102
}
330
169D
100
AcDbEntity
 67
     1
  8
0
100
AcDbViewport
 10
320.3131509466404
 20
94.37599127437991
 30
0.0
 40
968.7778070684768
 41
502.6893107515886
 68
     1
 69
     1
 12
320.3131509466404
 22
94.37599127437991
 13
0.0
 23
0.0
 14
10.0
 24
10.0
 15
10.0
 25
10.0
 16
0.0
 26
0.0
 36
1.0
 17
0.0
 27
0.0
 37
0.0
 42
50.0
 43
0.0
 44
0.0
 45
502.6893107515886
 50
0.0
 51
0.0
 72
  1000
 90
   819232
  1

281
     0
 71
     1
 74
     0
110
0.0
120
0.0
130
0.0
111
1.0
121
0.0
131
0.0
112
0.0
122
1.0
132
0.0
 79
     0
146
0.0
170
     0
 61
     5
348
F5
292
     1
282
     1
141
0.0
142
0.0
 63
   250
421
  3355443
  0
VIEWPORT
  5
16A8
102
{ACAD_XDICTIONARY
360
16A9
102
}
330
169D
100
AcDbEntity
 67
     1
  8
VPort
100
AcDbViewport
 10
206.9041687250137
 20
145.351510643959
 30
0.0
 40
413.8083374500274
 41
290.7030212879181
 68
     2
 69
     2
 12
2738.460315232352
 22
266.562499766822
 13
0.0
 23
0.0
 14
1.0
 24
1.0
 15
10.0
 25
10.0
 16
0.0
 26
0.0
 36
1.0
 17
0.0
 27
0.0
 37
0.0
 42
50.0
 43
0.0
 44
0.0
 45
1106.784310946651
 50
0.0
 51
0.0
 72
  1000
 90
   557408
  1

281
     0
 71
     1
 74
     0
110
0.0
120
0.0
130
0.0
111
1.0
121
0.0
131
0.0
112
0.0
122
1.0
132
0.0
 79
     0
146
0.0
170
     0
 61
     5
348
F5
292
     1
282
     1
141
0.0
142
0.0
 63
   250
421
  3355443
  0
TEXT
  5
475B
102
{ACAD_XDICTIONARY
360
475C
102
}
330
169D
100
AcDbEntity
 67
     1
  8
0
100
AcDbText
 10
5.173708804631587
 20
266.749624771893
 30
0.0
 40
20.0
  1
044
100
AcDbText
1001
AcadAnnotative
1000
AnnotativeData
1002
{
1070
     1
1070
     0
1002
}
  0
ENDSEC
  0
SECTION
  2
OBJECTS
  0
DICTIONARY
  5
C
330
0
100
AcDbDictionary
281
     1
  3
ACAD_CIP_PREVIOUS_PRODUCT_INFO
350
16E6
  3
ACAD_COLOR
350
6B
  3
ACAD_DETAILVIEWSTYLE
350
16DE
  3
ACAD_GROUP
350
D
  3
ACAD_LAYOUT
350
1A
  3
ACAD_MATERIAL
350
6A
  3
ACAD_MLEADERSTYLE
350
12D
  3
ACAD_MLINESTYLE
350
17
  3
ACAD_PLOTSETTINGS
350
19
  3
ACAD_PLOTSTYLENAME
350
E
  3
ACAD_SCALELIST
350
10C
  3
ACAD_SECTIONVIEWSTYLE
350
16DC
  3
ACAD_TABLESTYLE
350
7E
  3
ACAD_VISUALSTYLE
350
EF
  3
ACDB_RECOMPOSE_DATA
350
4871
  3
AcDbVariableDictionary
350
5E
  3
AcDsDecomposeData
350
4877
  0
DICTIONARY
  5
1CF
330
2
100
AcDbDictionary
280
     1
281
     1
  3
ACAD_LAYERFILTERS
360
16C6
  3
ACAD_LAYERSTATES
360
16B6
  3
ACLYDICTIONARY
360
16C5
  0
DICTIONARY
  5
13C
330
10
100
AcDbDictionary
280
     1
281
     1
  3
ADSK_XREC_LAYER_RECONCILED
360
1B0
  0
DICTIONARY
  5
2AD
330
1F
100
AcDbDictionary
280
     1
281
     1
  3
ACAD_SORTENTS
360
2AE
  0
DICTIONARY
  5
43F
330
433
100
AcDbDictionary
280
     1
281
     1
  3
ACAD_DIMASSOC
360
448
  0
DICTIONARY
  5
45E
330
452
100
AcDbDictionary
280
     1
281
     1
  3
ACAD_DIMASSOC
360
467
  0
DICTIONARY
  5
520
330
514
100
AcDbDictionary
280
     1
281
     1
  3
ACAD_DIMASSOC
360
529
  0
DICTIONARY
  5
536
330
52A
100
AcDbDictionary
280
     1
281
     1
  3
ACAD_DIMASSOC
360
53F
  0
DICTIONARY
  5
55D
330
550
100
AcDbDictionary
280
     1
281
     1
  3
ACAD_DIMASSOC
360
567
  0
DICTIONARY
  5
5F6
330
5EA
100
AcDbDictionary
280
     1
281
     1
  3
ACAD_DIMASSOC
360
5FF
  0
DICTIONARY
  5
60C
330
600
100
AcDbDictionary
280
     1
281
     1
  3
ACAD_DIMASSOC
360
615
  0
DICTIONARY
  5
622
330
616
100
AcDbDictionary
280
     1
281
     1
  3
ACAD_DIMASSOC
360
62B
  0
DICTIONARY
  5
667
330
65B
100
AcDbDictionary
280
     1
281
     1
  3
ACAD_DIMASSOC
360
670
  0
DICTIONARY
  5
6A9
330
69C
100
AcDbDictionary
280
     1
281
     1
  3
ACAD_DIMASSOC
360
6B3
  0
DICTIONARY
  5
6D3
330
6C6
100
AcDbDictionary
280
     1
281
     1
  3
ACAD_DIMASSOC
360
6DD
  0
DICTIONARY
  5
70B
330
6FF
100
AcDbDictionary
280
     1
281
     1
  3
ACAD_DIMASSOC
360
714
  0
DICTIONARY
  5
71F
330
71E
100
AcDbDictionary
280
     1
281
     1
  3
ACAD_DIMASSOC
360
720
  0
DICTIONARY
  5
72E
330
72D
100
AcDbDictionary
280
     1
281
     1
  3
ACAD_DIMASSOC
360
72F
  0
DICTIONARY
  5
73D
330
73C
100
AcDbDictionary
280
     1
281
     1
  3
ACAD_DIMASSOC
360
73E
  0
DICTIONARY
  5
758
330
74B
100
AcDbDictionary
280
     1
281
     1
  3
ACAD_DIMASSOC
360
762
  0
DICTIONARY
  5
81A
330
80E
100
AcDbDictionary
280
     1
281
     1
  3
ACAD_DIMASSOC
360
823
  0
DICTIONARY
  5
82E
330
82D
100
AcDbDictionary
280
     1
281
     1
  3
ACAD_DIMASSOC
360
82F
  0
DICTIONARY
  5
83D
330
83C
100
AcDbDictionary
280
     1
281
     1
  3
ACAD_DIMASSOC
360
83E
  0
DICTIONARY
  5
858
330
84B
100
AcDbDictionary
280
     1
281
     1
  3
ACAD_DIMASSOC
360
862
  0
DICTIONARY
  5
907
330
8FB
100
AcDbDictionary
280
     1
281
     1
  3
ACAD_DIMASSOC
360
910
  0
DICTIONARY
  5
91B
330
91A
100
AcDbDictionary
280
     1
281
     1
  3
ACAD_DIMASSOC
360
91C
  0
DICTIONARY
  5
92A
330
929
100
AcDbDictionary
280
     1
281
     1
  3
ACAD_DIMASSOC
360
92B
  0
DICTIONARY
  5
939
330
938
100
AcDbDictionary
280
     1
281
     1
  3
ACAD_DIMASSOC
360
93A
  0
DICTIONARY
  5
AFD
330
AF0
100
AcDbDictionary
280
     1
281
     1
  3
ACAD_DIMASSOC
360
B07
  0
DICTIONARY
  5
CEC
330
CE0
100
AcDbDictionary
280
     1
281
     1
  3
ACAD_DIMASSOC
360
CF5
  0
DICTIONARY
  5
D02
330
CF6
100
AcDbDictionary
280
     1
281
     1
  3
ACAD_DIMASSOC
360
D0B
  0
DICTIONARY
  5
D0E
330
D0D
100
AcDbDictionary
280
     1
281
     1
  3
ACAD_DIMASSOC
360
D0F
  0
DICTIONARY
  5
D1D
330
D1C
100
AcDbDictionary
280
     1
281
     1
  3
ACAD_DIMASSOC
360
D1E
  0
DICTIONARY
  5
D2C
330
D2B
100
AcDbDictionary
280
     1
281
     1
  3
ACAD_DIMASSOC
360
D2D
  0
DICTIONARY
  5
D3B
330
D3A
100
AcDbDictionary
280
     1
281
     1
  3
ACAD_DIMASSOC
360
D3C
  0
DICTIONARY
  5
D4A
330
D49
100
AcDbDictionary
280
     1
281
     1
  3
ACAD_DIMASSOC
360
D4B
  0
DICTIONARY
  5
D59
330
D58
100
AcDbDictionary
280
     1
281
     1
  3
ACAD_DIMASSOC
360
D5A
  0
DICTIONARY
  5
D68
330
D67
100
AcDbDictionary
280
     1
281
     1
  3
ACAD_DIMASSOC
360
D69
  0
DICTIONARY
  5
D77
330
D76
100
AcDbDictionary
280
     1
281
     1
  3
ACAD_DIMASSOC
360
D78
  0
DICTIONARY
  5
D9A
330
D8D
100
AcDbDictionary
280
     1
281
     1
  3
ACAD_DIMASSOC
360
DA4
  0
DICTIONARY
  5
DE8
330
DDC
100
AcDbDictionary
280
     1
281
     1
  3
ACAD_DIMASSOC
360
DF1
  0
DICTIONARY
  5
DF4
330
DF3
100
AcDbDictionary
280
     1
281
     1
  3
ACAD_DIMASSOC
360
DF5
  0
DICTIONARY
  5
E89
330
E7D
100
AcDbDictionary
280
     1
281
     1
  3
ACAD_DIMASSOC
360
E92
  0
DICTIONARY
  5
E95
330
E94
100
AcDbDictionary
280
     1
281
     1
  3
ACAD_DIMASSOC
360
E96
  0
DICTIONARY
  5
EA4
330
EA3
100
AcDbDictionary
280
     1
281
     1
  3
ACAD_DIMASSOC
360
EA5
  0
DICTIONARY
  5
EFF
330
EFE
100
AcDbDictionary
280
     1
281
     1
  3
ACAD_DIMASSOC
360
F00
  0
DICTIONARY
  5
F0E
330
F0D
100
AcDbDictionary
280
     1
281
     1
  3
ACAD_DIMASSOC
360
F0F
  0
DICTIONARY
  5
FB5
330
FB4
100
AcDbDictionary
280
     1
281
     1
  3
ACAD_DIMASSOC
360
FB6
  0
DICTIONARY
  5
FC4
330
FC3
100
AcDbDictionary
280
     1
281
     1
  3
ACAD_DIMASSOC
360
FC5
  0
DICTIONARY
  5
FD3
330
FD2
100
AcDbDictionary
280
     1
281
     1
  3
ACAD_DIMASSOC
360
FD4
  0
DICTIONARY
  5
FE2
330
FE1
100
AcDbDictionary
280
     1
281
     1
  3
ACAD_DIMASSOC
360
FE3
  0
DICTIONARY
  5
FF1
330
FF0
100
AcDbDictionary
280
     1
281
     1
  3
ACAD_DIMASSOC
360
FF2
  0
DICTIONARY
  5
1000
330
FFF
100
AcDbDictionary
280
     1
281
     1
  3
ACAD_DIMASSOC
360
1001
  0
DICTIONARY
  5
1048
330
1047
100
AcDbDictionary
280
     1
281
     1
  3
ACAD_DIMASSOC
360
1049
  0
DICTIONARY
  5
1062
330
1061
100
AcDbDictionary
280
     1
281
     1
  3
ACAD_DIMASSOC
360
1063
  0
DICTIONARY
  5
10CF
330
10CE
100
AcDbDictionary
280
     1
281
     1
  3
ACAD_DIMASSOC
360
10D0
  0
DICTIONARY
  5
10DE
330
10DD
100
AcDbDictionary
280
     1
281
     1
  3
ACAD_DIMASSOC
360
10DF
  0
DICTIONARY
  5
1138
330
1137
100
AcDbDictionary
280
     1
281
     1
  3
ACAD_DIMASSOC
360
1139
  0
DICTIONARY
  5
1147
330
1146
100
AcDbDictionary
280
     1
281
     1
  3
ACAD_DIMASSOC
360
1148
  0
DICTIONARY
  5
11B9
330
11B8
100
AcDbDictionary
280
     1
281
     1
  3
ACAD_DIMASSOC
360
11BA
  0
DICTIONARY
  5
11C8
330
11C7
100
AcDbDictionary
280
     1
281
     1
  3
ACAD_DIMASSOC
360
11C9
  0
DICTIONARY
  5
11D7
330
11D6
100
AcDbDictionary
280
     1
281
     1
  3
ACAD_DIMASSOC
360
11D8
  0
DICTIONARY
  5
1270
330
126F
100
AcDbDictionary
280
     1
281
     1
  3
ACAD_DIMASSOC
360
1271
  0
DICTIONARY
  5
127F
330
127E
100
AcDbDictionary
280
     1
281
     1
  3
ACAD_DIMASSOC
360
1280
  0
DICTIONARY
  5
128E
330
128D
100
AcDbDictionary
280
     1
281
     1
  3
ACAD_DIMASSOC
360
128F
  0
DICTIONARY
  5
12E0
330
12DF
100
AcDbDictionary
280
     1
281
     1
  3
ACAD_DIMASSOC
360
12E1
  0
DICTIONARY
  5
12EF
330
12EE
100
AcDbDictionary
280
     1
281
     1
  3
ACAD_DIMASSOC
360
12F0
  0
DICTIONARY
  5
12FE
330
12FD
100
AcDbDictionary
280
     1
281
     1
  3
ACAD_DIMASSOC
360
12FF
  0
DICTIONARY
  5
130D
330
130C
100
AcDbDictionary
280
     1
281
     1
  3
ACAD_DIMASSOC
360
130E
  0
DICTIONARY
  5
142B
330
141F
100
AcDbDictionary
280
     1
281
     1
  3
ACAD_DIMASSOC
360
1434
  0
DICTIONARY
  5
1438
330
1437
100
AcDbDictionary
280
     1
281
     1
  3
ACAD_DIMASSOC
360
1439
  0
DICTIONARY
  5
145D
330
145C
100
AcDbDictionary
280
     1
281
     1
  3
ACAD_DIMASSOC
360
145E
  0
DICTIONARY
  5
16A5
330
16A4
100
AcDbDictionary
280
     1
281
     1
  3
ASDK_XREC_ANNOTATION_SCALE_INFO
360
16A6
  0
DICTIONARY
  5
16A9
330
16A8
100
AcDbDictionary
280
     1
281
     1
  3
ASDK_XREC_ANNOTATION_SCALE_INFO
360
16AA
  0
DICTIONARY
  5
475C
330
475B
100
AcDbDictionary
280
     1
281
     1
  3
AcDbContextDataManager
360
475D
  0
XRECORD
  5
16E6
102
{ACAD_REACTORS
330
C
102
}
330
C
100
AcDbXrecord
280
     1
300
ACD
300
2024
300
87798ACD_2024_0F
  0
DICTIONARY
  5
6B
102
{ACAD_REACTORS
330
C
102
}
330
C
100
AcDbDictionary
281
     1
  0
DICTIONARY
  5
16DE
102
{ACAD_REACTORS
330
C
102
}
330
C
100
AcDbDictionary
281
     1
  3
Imperial24
350
46F2
  3
Metric50
350
16DF
  0
DICTIONARY
  5
D
102
{ACAD_REACTORS
330
C
102
}
330
C
100
AcDbDictionary
281
     1
  3
*A4
350
4854
  3
*A5
350
4865
  3
*A6
350
4866
  3
*A7
350
4867
  3
*A8
350
486A
  3
LEFTSIDE
350
2B8B
  3
RIGHTSIDE
350
2B8A
  0
DICTIONARY
  5
1A
102
{ACAD_REACTORS
330
C
102
}
330
C
100
AcDbDictionary
281
     1
  3
A3land
350
169E
  3
Model
350
22
  0
DICTIONARY
  5
6A
102
{ACAD_REACTORS
330
C
102
}
330
C
100
AcDbDictionary
281
     1
  3
ByBlock
350
ED
  3
ByLayer
350
EC
  3
Global
350
EE
  0
DICTIONARY
  5
12D
102
{ACAD_REACTORS
330
C
102
}
330
C
100
AcDbDictionary
281
     1
  3
Standard
350
12E
  3
Аннотативный
350
13B
  0
DICTIONARY
  5
17
102
{ACAD_REACTORS
330
C
102
}
330
C
100
AcDbDictionary
281
     1
  3
Standard
350
18
  0
DICTIONARY
  5
19
102
{ACAD_REACTORS
330
C
102
}
330
C
100
AcDbDictionary
281
     1
  0
ACDBDICTIONARYWDFLT
  5
E
102
{ACAD_REACTORS
330
C
102
}
330
C
100
AcDbDictionary
281
     1
  3
Normal
350
F
100
AcDbDictionaryWithDefault
340
F
  0
DICTIONARY
  5
10C
102
{ACAD_REACTORS
330
C
102
}
330
C
100
AcDbDictionary
281
     1
  3
A0
350
10D
  3
A1
350
188
  3
A2
350
189
  3
A3
350
18A
  3
A4
350
18B
  3
A5
350
18C
  3
A6
350
18D
  3
A7
350
18E
  3
A8
350
18F
  3
A9
350
190
  3
B0
350
191
  3
B1
350
192
  3
B2
350
193
  3
B3
350
194
  3
B4
350
195
  3
B5
350
196
  3
B6
350
197
  3
B7
350
198
  3
B8
350
199
  3
B9
350
19A
  3
C0
350
19B
  3
C1
350
19C
  3
C2
350
19D
  3
C3
350
19E
  3
C4
350
19F
  3
C5
350
1A0
  3
C6
350
1A1
  3
C7
350
1A2
  3
C8
350
1A3
  3
C9
350
1A4
  3
D0
350
1A5
  3
D1
350
1A6
  3
D2
350
1A7
  0
DICTIONARY
  5
16DC
102
{ACAD_REACTORS
330
C
102
}
330
C
100
AcDbDictionary
281
     1
  3
Imperial24
350
46F1
  3
Metric50
350
16DD
  0
DICTIONARY
  5
7E
102
{ACAD_REACTORS
330
C
102
}
330
C
100
AcDbDictionary
281
     1
  3
Standard
350
7F
  0
DICTIONARY
  5
EF
102
{ACAD_REACTORS
330
C
102
}
330
C
100
AcDbDictionary
281
     1
  3
2dWireframe
350
F5
  3
3D Hidden
350
F7
  3
3dWireframe
350
F6
  3
Basic
350
F4
  3
Brighten
350
FB
  3
ColorChange
350
FF
  3
Conceptual
350
F8
  3
Dim
350
FA
  3
EdgeColorOff
350
16DB
  3
Facepattern
350
FE
  3
Flat
350
F0
  3
FlatWithEdges
350
F1
  3
Gouraud
350
F2
  3
GouraudWithEdges
350
F3
  3
Hidden
350
16D3
  3
JitterOff
350
16D9
  3
Linepattern
350
FD
  3
OverhangOff
350
16DA
  3
Realistic
350
F9
  3
Shaded
350
16D8
  3
Shaded with edges
350
16D7
  3
Shades of Gray
350
16D4
  3
Sketchy
350
16D5
  3
Thicken
350
FC
  3
Wireframe
350
16D2
  3
X-Ray
350
16D6
  0
XRECORD
  5
4871
102
{ACAD_REACTORS
330
C
102
}
330
C
100
AcDbXrecord
280
     1
 90
        1
330
7F
  0
DICTIONARY
  5
5E
102
{ACAD_REACTORS
330
C
102
}
330
C
100
AcDbDictionary
281
     1
  3
CANNOSCALE
350
146
  3
CMLEADERSTYLE
350
145
  3
CTABLESTYLE
350
84
  3
CVIEWDETAILSTYLE
350
4708
  3
CVIEWSECTIONSTYLE
350
4709
  3
DIMASSOC
350
5F
  3
HIDETEXT
350
63
  3
LAYEREVAL
350
470A
  3
LAYERNOTIFY
350
470B
  0
DICTIONARY
  5
4877
102
{ACAD_REACTORS
330
C
102
}
330
C
100
AcDbDictionary
281
     1
  3
AcDsRecords
350
4879
  3
AcDsSchemas
350
4878
1001
ACAD
1070
     2
  0
DICTIONARY
  5
16C6
102
{ACAD_REACTORS
330
1CF
102
}
330
1CF
100
AcDbDictionary
281
     1
  0
DICTIONARY
  5
16B6
102
{ACAD_REACTORS
330
1CF
102
}
330
1CF
100
AcDbDictionary
281
     1
  0
DICTIONARY
  5
16C5
102
{ACAD_REACTORS
330
1CF
102
}
330
1CF
100
AcDbDictionary
281
     1
1001
ACAD
1000
<All
  0
XRECORD
  5
1B0
102
{ACAD_REACTORS
330
13C
102
}
330
13C
100
AcDbXrecord
280
     1
290
     1
  0
SORTENTSTABLE
  5
2AE
102
{ACAD_REACTORS
330
2AD
102
}
330
2AD
100
AcDbSortentsTable
330
1F
331
1D5
  5
14BF
331
1D6
  5
14C0
331
1E2
  5
14C1
331
32A
  5
250
331
35C
  5
2AB
331
3D1
  5
2AC
331
3D4
  5
32A
331
3D5
  5
35C
331
3D6
  5
3D1
331
3F1
  5
3D4
331
40A
  5
3D5
331
422
  5
3D6
331
431
  5
14C2
331
433
  5
3F1
331
451
  5
14C3
331
452
  5
40A
331
495
  5
422
331
4B6
  5
431
331
4DE
  5
433
331
500
  5
14C4
331
513
  5
14C5
331
514
  5
451
331
52A
  5
452
331
550
  5
495
331
568
  5
4B6
331
5A5
  5
4DE
331
5B2
  5
500
331
5BF
  5
513
331
5E7
  5
14C6
331
5E8
  5
14C7
331
5E9
  5
14C8
331
5EA
  5
514
331
600
  5
52A
331
616
  5
550
331
62C
  5
568
331
65A
  5
14C9
331
65B
  5
5A5
331
67F
  5
5B2
331
680
  5
5BF
331
68F
  5
5E7
331
69C
  5
5E8
331
6C6
  5
5E9
331
6DF
  5
5EA
331
6FE
  5
600
331
6FF
  5
616
331
71D
  5
62C
331
71E
  5
65A
331
72C
  5
65B
331
72D
  5
67F
331
73B
  5
680
331
73C
  5
68F
331
74B
  5
69C
331
7BE
  5
6C6
331
7CB
  5
6DF
331
7E5
  5
6FE
331
80D
  5
14CA
331
80E
  5
6FF
331
82C
  5
14CB
331
82D
  5
71D
331
83B
  5
14CC
331
83C
  5
71E
331
84B
  5
72C
331
866
  5
72D
331
88F
  5
73B
331
8AE
  5
73C
331
8FA
  5
14CD
331
8FB
  5
74B
331
919
  5
14CE
331
91A
  5
7BE
331
928
  5
14CF
331
929
  5
7CB
331
937
  5
14D0
331
938
  5
7E5
331
A4D
  5
80D
331
A4E
  5
80E
331
A4F
  5
82C
331
A61
  5
82D
331
A62
  5
83B
331
A63
  5
83C
331
A75
  5
84B
331
A76
  5
866
331
A77
  5
88F
331
A78
  5
8AE
331
A79
  5
8FA
331
A7A
  5
8FB
331
A7B
  5
919
331
A7C
  5
91A
331
A7D
  5
928
331
A7E
  5
929
331
A7F
  5
937
331
A80
  5
938
331
AEF
  5
A62
331
AF0
  5
A63
331
B3E
  5
A75
331
B66
  5
A76
331
B7C
  5
A77
331
BF4
  5
14D1
331
BF5
  5
14D2
331
BF6
  5
14D3
331
BF7
  5
14D4
331
BFC
  5
A78
331
C12
  5
A79
331
C28
  5
A7A
331
C3E
  5
A7B
331
C3F
  5
A7C
331
C40
  5
A7D
331
C56
  5
A7E
331
C6C
  5
A7F
331
C8C
  5
A80
331
CA2
  5
A81
331
CB8
  5
A82
331
CE0
  5
A83
331
CF6
  5
A84
331
D0C
  5
AEF
331
D0D
  5
AF0
331
D1B
  5
B3E
331
D1C
  5
B66
331
D2A
  5
B7C
331
D2B
  5
BF4
331
D39
  5
BF5
331
D3A
  5
BF6
331
D48
  5
BF7
331
D49
  5
BFC
331
D57
  5
C12
331
D58
  5
C28
331
D66
  5
C3E
331
D67
  5
C3F
331
D75
  5
C40
331
D76
  5
C56
331
D8D
  5
C6C
331
DAF
  5
C8C
331
DC5
  5
CA2
331
DDB
  5
CB8
331
DDC
  5
CE0
331
DF2
  5
CF6
331
DF3
  5
D0C
331
E1A
  5
D0D
331
E30
  5
D1B
331
E46
  5
D1C
331
E5C
  5
D2A
331
E7C
  5
D2B
331
E7D
  5
D39
331
E93
  5
D3A
331
E94
  5
D48
331
EA2
  5
D49
331
EA3
  5
D57
331
EB1
  5
D58
331
EC7
  5
D66
331
EDD
  5
D67
331
EFD
  5
D75
331
EFE
  5
D76
331
F0C
  5
D8D
331
F0D
  5
DAF
331
F1C
  5
DC5
331
F32
  5
DDB
331
F48
  5
DDC
331
F5E
  5
DF2
331
F6B
  5
DF3
331
F78
  5
E1A
331
FB3
  5
E30
331
FB4
  5
E46
331
FC2
  5
E5C
331
FC3
  5
E7C
331
FD1
  5
E7D
331
FD2
  5
E93
331
FE0
  5
E94
331
FE1
  5
EA2
331
FEF
  5
EA3
331
FF0
  5
EB1
331
FFE
  5
EC7
331
FFF
  5
EDD
331
100D
  5
EFD
331
1023
  5
EFE
331
1046
  5
F0C
331
1047
  5
F0D
331
1060
  5
F1C
331
1061
  5
F32
331
1079
  5
F48
331
108F
  5
F5E
331
10A5
  5
F6B
331
10CD
  5
F78
331
10CE
  5
FB3
331
10DC
  5
FB4
331
10DD
  5
FC2
331
10EB
  5
FC3
331
10F8
  5
FD1
331
1105
  5
FD2
331
1136
  5
FE0
331
1137
  5
FE1
331
1145
  5
FEF
331
1146
  5
FF0
331
1156
  5
FFE
331
116C
  5
FFF
331
1179
  5
100D
331
1186
  5
1023
331
11B7
  5
1046
331
11B8
  5
1047
331
11C6
  5
1060
331
11C7
  5
1061
331
11D5
  5
1079
331
11D6
  5
108F
331
11E4
  5
10A5
331
11FA
  5
10CD
331
1210
  5
10CE
331
124F
  5
10DC
331
126E
  5
10DD
331
126F
  5
10EB
331
127D
  5
10F8
331
127E
  5
1105
331
128C
  5
1136
331
128D
  5
1137
331
129B
  5
1145
331
12B1
  5
1146
331
12C7
  5
1156
331
12DE
  5
116C
331
12DF
  5
1179
331
12ED
  5
1186
331
12EE
  5
11B7
331
12FC
  5
11B8
331
12FD
  5
11C6
331
130B
  5
11C7
331
130C
  5
11D5
331
131A
  5
11D6
331
1330
  5
11E4
331
1346
  5
11FA
331
135C
  5
1210
331
1369
  5
124F
331
1376
  5
126E
331
13C3
  5
126F
331
13C6
  5
127D
331
13D2
  5
127E
331
13D5
  5
128C
331
13E1
  5
128D
331
13E4
  5
129B
331
1408
  5
12B1
331
141E
  5
12C7
331
141F
  5
12DE
331
1435
  5
12DF
331
1436
  5
12ED
331
1437
  5
12EE
331
145A
  5
12FC
331
145B
  5
12FD
331
145C
  5
130B
331
1481
  5
130C
331
1483
  5
131A
331
1484
  5
1330
331
1485
  5
1346
331
1486
  5
135C
331
1487
  5
1369
331
1488
  5
1376
331
1489
  5
13C3
331
148A
  5
13C6
331
1497
  5
13D2
331
1498
  5
13D5
331
1499
  5
13E1
331
149A
  5
13E4
331
149B
  5
1408
331
149C
  5
141E
331
149D
  5
141F
331
149E
  5
1435
331
149F
  5
1436
331
14A0
  5
1437
331
14A3
  5
145A
331
14A4
  5
145B
331
14A5
  5
145C
331
14A6
  5
1481
331
14A7
  5
1483
331
14A8
  5
1484
331
14A9
  5
1485
331
14AA
  5
1486
331
14AB
  5
1487
331
14AC
  5
1488
331
14AD
  5
1489
331
14AE
  5
148A
331
14AF
  5
1497
331
14B0
  5
1498
331
14B1
  5
1499
331
14B2
  5
149A
331
14B3
  5
149B
331
14B4
  5
149C
331
14B5
  5
149D
331
14B6
  5
149E
331
14B7
  5
149F
331
14B8
  5
14A0
331
14B9
  5
14A3
331
14BA
  5
14A4
331
14BB
  5
14A5
331
14BC
  5
14A6
331
14BD
  5
14A7
331
14BE
  5
14A8
331
14BF
  5
14A9
331
14C0
  5
14AA
331
14C1
  5
14AB
331
14C2
  5
14AC
331
14C3
  5
14AD
331
14C4
  5
14AE
331
14C5
  5
14AF
331
14C6
  5
14B0
331
14C7
  5
14B1
331
14C8
  5
14B2
331
14C9
  5
14B3
331
14CA
  5
14B4
331
14CB
  5
14B5
331
14CC
  5
14B6
331
14CD
  5
14B7
331
14CE
  5
14B8
331
14CF
  5
14B9
331
14D0
  5
14BA
331
14D1
  5
14BB
331
14D2
  5
14BC
331
14D3
  5
14BD
331
14D4
  5
14BE
  0
DIMASSOC
  5
448
102
{ACAD_REACTORS
330
43F
102
}
330
43F
100
AcDbDimAssoc
330
433
 90
        2
 70
     0
 71
     0
  1
AcDbOsnapPointRef
 72
     3
331
431
 73
     2
 91
        0
 40
0.0
 10
0.0
 20
0.0
 30
0.0
 75
     0
  0
DIMASSOC
  5
467
102
{ACAD_REACTORS
330
45E
102
}
330
45E
100
AcDbDimAssoc
330
452
 90
        2
 70
     0
 71
     0
  1
AcDbOsnapPointRef
 72
     3
331
451
 73
     2
 91
        0
 40
0.0
 10
0.0
 20
0.0
 30
0.0
 75
     0
  0
DIMASSOC
  5
529
102
{ACAD_REACTORS
330
520
102
}
330
520
100
AcDbDimAssoc
330
514
 90
        2
 70
     0
 71
     0
  1
AcDbOsnapPointRef
 72
     3
331
500
 73
     2
 91
        0
 40
0.0
 10
0.0
 20
0.0
 30
0.0
 75
     0
  0
DIMASSOC
  5
53F
102
{ACAD_REACTORS
330
536
102
}
330
536
100
AcDbDimAssoc
330
52A
 90
        2
 70
     0
 71
     0
  1
AcDbOsnapPointRef
 72
     3
331
513
 73
     2
 91
        0
 40
0.0
 10
0.0
 20
0.0
 30
0.0
 75
     0
  0
DIMASSOC
  5
567
102
{ACAD_REACTORS
330
55D
102
}
330
55D
100
AcDbDimAssoc
330
550
 90
        1
 70
     0
 71
     0
  1
AcDbOsnapPointRef
 72
    11
331
3D4
 73
     2
 91
        0
 40
2.0
 10
0.0
 20
0.0
 30
0.0
332
3D4
 74
     2
 92
        0
 75
     0
  0
DIMASSOC
  5
5FF
102
{ACAD_REACTORS
330
5F6
102
}
330
5F6
100
AcDbDimAssoc
330
5EA
 90
        2
 70
     0
 71
     0
  1
AcDbOsnapPointRef
 72
     3
331
5E7
 73
     2
 91
        0
 40
0.0
 10
0.0
 20
0.0
 30
0.0
 75
     0
  0
DIMASSOC
  5
615
102
{ACAD_REACTORS
330
60C
102
}
330
60C
100
AcDbDimAssoc
330
600
 90
        2
 70
     0
 71
     0
  1
AcDbOsnapPointRef
 72
     3
331
5E8
 73
     2
 91
        0
 40
0.0
 10
0.0
 20
0.0
 30
0.0
 75
     0
  0
DIMASSOC
  5
62B
102
{ACAD_REACTORS
330
622
102
}
330
622
100
AcDbDimAssoc
330
616
 90
        2
 70
     0
 71
     0
  1
AcDbOsnapPointRef
 72
     3
331
5E9
 73
     2
 91
        0
 40
0.0
 10
0.0
 20
0.0
 30
0.0
 75
     0
  0
DIMASSOC
  5
670
102
{ACAD_REACTORS
330
667
102
}
330
667
100
AcDbDimAssoc
330
65B
 90
        2
 70
     0
 71
     0
  1
AcDbOsnapPointRef
 72
     3
331
65A
 73
     2
 91
        0
 40
0.0
 10
0.0
 20
0.0
 30
0.0
 75
     0
  0
DIMASSOC
  5
6B3
102
{ACAD_REACTORS
330
6A9
102
}
330
6A9
100
AcDbDimAssoc
330
69C
 90
        1
 70
     0
 71
     0
  1
AcDbOsnapPointRef
 72
    13
331
680
 73
     2
 91
        1
 40
0.0
 10
0.0
 20
0.0
 30
2.000000000000000E+50
 75
     0
  0
DIMASSOC
  5
6DD
102
{ACAD_REACTORS
330
6D3
102
}
330
6D3
100
AcDbDimAssoc
330
6C6
 90
        2
 70
     0
 71
     0
  1
AcDbOsnapPointRef
 72
     1
331
680
 73
     2
 91
        1
 40
1.0
 10
0.0
 20
0.0
 30
2.000000000000000E+50
 75
     0
  0
DIMASSOC
  5
714
102
{ACAD_REACTORS
330
70B
102
}
330
70B
100
AcDbDimAssoc
330
6FF
 90
        2
 70
     0
 71
     0
  1
AcDbOsnapPointRef
 72
     3
331
6FE
 73
     2
 91
        0
 40
0.0
 10
0.0
 20
0.0
 30
0.0
 75
     0
  0
DIMASSOC
  5
720
102
{ACAD_REACTORS
330
71F
102
}
330
71F
100
AcDbDimAssoc
330
71E
 90
        2
 70
     0
 71
     0
  1
AcDbOsnapPointRef
 72
     3
331
71D
 73
     2
 91
        0
 40
0.0
 10
0.0
 20
0.0
 30
0.0
 75
     0
  0
DIMASSOC
  5
72F
102
{ACAD_REACTORS
330
72E
102
}
330
72E
100
AcDbDimAssoc
330
72D
 90
        2
 70
     0
 71
     0
  1
AcDbOsnapPointRef
 72
     3
331
72C
 73
     2
 91
        0
 40
0.0
 10
0.0
 20
0.0
 30
0.0
 75
     0
  0
DIMASSOC
  5
73E
102
{ACAD_REACTORS
330
73D
102
}
330
73D
100
AcDbDimAssoc
330
73C
 90
        2
 70
     0
 71
     0
  1
AcDbOsnapPointRef
 72
     3
331
73B
 73
     2
 91
        0
 40
0.0
 10
0.0
 20
0.0
 30
0.0
 75
     0
  0
DIMASSOC
  5
762
102
{ACAD_REACTORS
330
758
102
}
330
758
100
AcDbDimAssoc
330
74B
 90
        1
 70
     0
 71
     0
  1
AcDbOsnapPointRef
 72
     1
331
3D5
 73
     2
 91
        3
 40
1.0
 10
0.0
 20
0.0
 30
2.000000000000000E+50
 75
     0
  0
DIMASSOC
  5
823
102
{ACAD_REACTORS
330
81A
102
}
330
81A
100
AcDbDimAssoc
330
80E
 90
        2
 70
     0
 71
     0
  1
AcDbOsnapPointRef
 72
     3
331
80D
 73
     2
 91
        0
 40
0.0
 10
0.0
 20
0.0
 30
0.0
 75
     0
  0
DIMASSOC
  5
82F
102
{ACAD_REACTORS
330
82E
102
}
330
82E
100
AcDbDimAssoc
330
82D
 90
        2
 70
     0
 71
     0
  1
AcDbOsnapPointRef
 72
     3
331
82C
 73
     2
 91
        0
 40
0.0
 10
0.0
 20
0.0
 30
0.0
 75
     0
  0
DIMASSOC
  5
83E
102
{ACAD_REACTORS
330
83D
102
}
330
83D
100
AcDbDimAssoc
330
83C
 90
        2
 70
     0
 71
     0
  1
AcDbOsnapPointRef
 72
     3
331
83B
 73
     2
 91
        0
 40
0.0
 10
0.0
 20
0.0
 30
0.0
 75
     0
  0
DIMASSOC
  5
862
102
{ACAD_REACTORS
330
858
102
}
330
858
100
AcDbDimAssoc
330
84B
 90
        1
 70
     0
 71
     0
  1
AcDbOsnapPointRef
 72
     1
331
3D4
 73
     2
 91
        1
 40
1.0
 10
0.0
 20
0.0
 30
2.000000000000000E+50
 75
     0
  0
DIMASSOC
  5
910
102
{ACAD_REACTORS
330
907
102
}
330
907
100
AcDbDimAssoc
330
8FB
 90
        2
 70
     0
 71
     0
  1
AcDbOsnapPointRef
 72
     3
331
8FA
 73
     2
 91
        0
 40
0.0
 10
0.0
 20
0.0
 30
0.0
 75
     0
  0
DIMASSOC
  5
91C
102
{ACAD_REACTORS
330
91B
102
}
330
91B
100
AcDbDimAssoc
330
91A
 90
        2
 70
     0
 71
     0
  1
AcDbOsnapPointRef
 72
     3
331
919
 73
     2
 91
        0
 40
0.0
 10
0.0
 20
0.0
 30
0.0
 75
     0
  0
DIMASSOC
  5
92B
102
{ACAD_REACTORS
330
92A
102
}
330
92A
100
AcDbDimAssoc
330
929
 90
        2
 70
     0
 71
     0
  1
AcDbOsnapPointRef
 72
     3
331
928
 73
     2
 91
        0
 40
0.0
 10
0.0
 20
0.0
 30
0.0
 75
     0
  0
DIMASSOC
  5
93A
102
{ACAD_REACTORS
330
939
102
}
330
939
100
AcDbDimAssoc
330
938
 90
        2
 70
     0
 71
     0
  1
AcDbOsnapPointRef
 72
     3
331
937
 73
     2
 91
        0
 40
0.0
 10
0.0
 20
0.0
 30
0.0
 75
     0
  0
DIMASSOC
  5
B07
102
{ACAD_REACTORS
330
AFD
102
}
330
AFD
100
AcDbDimAssoc
330
AF0
 90
        1
 70
     0
 71
     0
  1
AcDbOsnapPointRef
 72
    13
331
AEF
 73
     2
 91
        1
 40
0.0
 10
0.0
 20
0.0
 30
2.000000000000000E+50
 75
     0
  0
DIMASSOC
  5
CF5
102
{ACAD_REACTORS
330
CEC
102
}
330
CEC
100
AcDbDimAssoc
330
CE0
 90
        2
 70
     0
 71
     0
  1
AcDbOsnapPointRef
 72
     3
331
C3E
 73
     2
 91
        0
 40
0.0
 10
0.0
 20
0.0
 30
0.0
 75
     0
  0
DIMASSOC
  5
D0B
102
{ACAD_REACTORS
330
D02
102
}
330
D02
100
AcDbDimAssoc
330
CF6
 90
        2
 70
     0
 71
     0
  1
AcDbOsnapPointRef
 72
     3
331
C3F
 73
     2
 91
        0
 40
0.0
 10
0.0
 20
0.0
 30
0.0
 75
     0
  0
DIMASSOC
  5
D0F
102
{ACAD_REACTORS
330
D0E
102
}
330
D0E
100
AcDbDimAssoc
330
D0D
 90
        2
 70
     0
 71
     0
  1
AcDbOsnapPointRef
 72
     3
331
D0C
 73
     2
 91
        0
 40
0.0
 10
0.0
 20
0.0
 30
0.0
 75
     0
  0
DIMASSOC
  5
D1E
102
{ACAD_REACTORS
330
D1D
102
}
330
D1D
100
AcDbDimAssoc
330
D1C
 90
        2
 70
     0
 71
     0
  1
AcDbOsnapPointRef
 72
     3
331
D1B
 73
     2
 91
        0
 40
0.0
 10
0.0
 20
0.0
 30
0.0
 75
     0
  0
DIMASSOC
  5
D2D
102
{ACAD_REACTORS
330
D2C
102
}
330
D2C
100
AcDbDimAssoc
330
D2B
 90
        2
 70
     0
 71
     0
  1
AcDbOsnapPointRef
 72
     3
331
D2A
 73
     2
 91
        0
 40
0.0
 10
0.0
 20
0.0
 30
0.0
 75
     0
  0
DIMASSOC
  5
D3C
102
{ACAD_REACTORS
330
D3B
102
}
330
D3B
100
AcDbDimAssoc
330
D3A
 90
        2
 70
     0
 71
     0
  1
AcDbOsnapPointRef
 72
     3
331
D39
 73
     2
 91
        0
 40
0.0
 10
0.0
 20
0.0
 30
0.0
 75
     0
  0
DIMASSOC
  5
D4B
102
{ACAD_REACTORS
330
D4A
102
}
330
D4A
100
AcDbDimAssoc
330
D49
 90
        2
 70
     0
 71
     0
  1
AcDbOsnapPointRef
 72
     3
331
D48
 73
     2
 91
        0
 40
0.0
 10
0.0
 20
0.0
 30
0.0
 75
     0
  0
DIMASSOC
  5
D5A
102
{ACAD_REACTORS
330
D59
102
}
330
D59
100
AcDbDimAssoc
330
D58
 90
        2
 70
     0
 71
     0
  1
AcDbOsnapPointRef
 72
     3
331
D57
 73
     2
 91
        0
 40
0.0
 10
0.0
 20
0.0
 30
0.0
 75
     0
  0
DIMASSOC
  5
D69
102
{ACAD_REACTORS
330
D68
102
}
330
D68
100
AcDbDimAssoc
330
D67
 90
        2
 70
     0
 71
     0
  1
AcDbOsnapPointRef
 72
     3
331
D66
 73
     2
 91
        0
 40
0.0
 10
0.0
 20
0.0
 30
0.0
 75
     0
  0
DIMASSOC
  5
D78
102
{ACAD_REACTORS
330
D77
102
}
330
D77
100
AcDbDimAssoc
330
D76
 90
        2
 70
     0
 71
     0
  1
AcDbOsnapPointRef
 72
     3
331
D75
 73
     2
 91
        0
 40
0.0
 10
0.0
 20
0.0
 30
0.0
 75
     0
  0
DIMASSOC
  5
DA4
102
{ACAD_REACTORS
330
D9A
102
}
330
D9A
100
AcDbDimAssoc
330
D8D
 90
        1
 70
     0
 71
     0
  1
AcDbOsnapPointRef
 72
     1
331
AEF
 73
     2
 91
        3
 40
1.0
 10
0.0
 20
0.0
 30
2.000000000000000E+50
 75
     0
  0
DIMASSOC
  5
DF1
102
{ACAD_REACTORS
330
DE8
102
}
330
DE8
100
AcDbDimAssoc
330
DDC
 90
        2
 70
     0
 71
     0
  1
AcDbOsnapPointRef
 72
     3
331
DDB
 73
     2
 91
        0
 40
0.0
 10
0.0
 20
0.0
 30
0.0
 75
     0
  0
DIMASSOC
  5
DF5
102
{ACAD_REACTORS
330
DF4
102
}
330
DF4
100
AcDbDimAssoc
330
DF3
 90
        2
 70
     0
 71
     0
  1
AcDbOsnapPointRef
 72
     3
331
DF2
 73
     2
 91
        0
 40
0.0
 10
0.0
 20
0.0
 30
0.0
 75
     0
  0
DIMASSOC
  5
E92
102
{ACAD_REACTORS
330
E89
102
}
330
E89
100
AcDbDimAssoc
330
E7D
 90
        2
 70
     0
 71
     0
  1
AcDbOsnapPointRef
 72
     3
331
E7C
 73
     2
 91
        0
 40
0.0
 10
0.0
 20
0.0
 30
0.0
 75
     0
  0
DIMASSOC
  5
E96
102
{ACAD_REACTORS
330
E95
102
}
330
E95
100
AcDbDimAssoc
330
E94
 90
        2
 70
     0
 71
     0
  1
AcDbOsnapPointRef
 72
     3
331
E93
 73
     2
 91
        0
 40
0.0
 10
0.0
 20
0.0
 30
0.0
 75
     0
  0
DIMASSOC
  5
EA5
102
{ACAD_REACTORS
330
EA4
102
}
330
EA4
100
AcDbDimAssoc
330
EA3
 90
        2
 70
     0
 71
     0
  1
AcDbOsnapPointRef
 72
     3
331
EA2
 73
     2
 91
        0
 40
0.0
 10
0.0
 20
0.0
 30
0.0
 75
     0
  0
DIMASSOC
  5
F00
102
{ACAD_REACTORS
330
EFF
102
}
330
EFF
100
AcDbDimAssoc
330
EFE
 90
        2
 70
     0
 71
     0
  1
AcDbOsnapPointRef
 72
     3
331
EFD
 73
     2
 91
        0
 40
0.0
 10
0.0
 20
0.0
 30
0.0
 75
     0
  0
DIMASSOC
  5
F0F
102
{ACAD_REACTORS
330
F0E
102
}
330
F0E
100
AcDbDimAssoc
330
F0D
 90
        2
 70
     0
 71
     0
  1
AcDbOsnapPointRef
 72
     3
331
F0C
 73
     2
 91
        0
 40
0.0
 10
0.0
 20
0.0
 30
0.0
 75
     0
  0
DIMASSOC
  5
FB6
102
{ACAD_REACTORS
330
FB5
102
}
330
FB5
100
AcDbDimAssoc
330
FB4
 90
        2
 70
     0
 71
     0
  1
AcDbOsnapPointRef
 72
     3
331
FB3
 73
     2
 91
        0
 40
0.0
 10
0.0
 20
0.0
 30
0.0
 75
     0
  0
DIMASSOC
  5
FC5
102
{ACAD_REACTORS
330
FC4
102
}
330
FC4
100
AcDbDimAssoc
330
FC3
 90
        2
 70
     0
 71
     0
  1
AcDbOsnapPointRef
 72
     3
331
FC2
 73
     2
 91
        0
 40
0.0
 10
0.0
 20
0.0
 30
0.0
 75
     0
  0
DIMASSOC
  5
FD4
102
{ACAD_REACTORS
330
FD3
102
}
330
FD3
100
AcDbDimAssoc
330
FD2
 90
        2
 70
     0
 71
     0
  1
AcDbOsnapPointRef
 72
     3
331
FD1
 73
     2
 91
        0
 40
0.0
 10
0.0
 20
0.0
 30
0.0
 75
     0
  0
DIMASSOC
  5
FE3
102
{ACAD_REACTORS
330
FE2
102
}
330
FE2
100
AcDbDimAssoc
330
FE1
 90
        2
 70
     0
 71
     0
  1
AcDbOsnapPointRef
 72
     3
331
FE0
 73
     2
 91
        0
 40
0.0
 10
0.0
 20
0.0
 30
0.0
 75
     0
  0
DIMASSOC
  5
FF2
102
{ACAD_REACTORS
330
FF1
102
}
330
FF1
100
AcDbDimAssoc
330
FF0
 90
        2
 70
     0
 71
     0
  1
AcDbOsnapPointRef
 72
     3
331
FEF
 73
     2
 91
        0
 40
0.0
 10
0.0
 20
0.0
 30
0.0
 75
     0
  0
DIMASSOC
  5
1001
102
{ACAD_REACTORS
330
1000
102
}
330
1000
100
AcDbDimAssoc
330
FFF
 90
        2
 70
     0
 71
     0
  1
AcDbOsnapPointRef
 72
     3
331
FFE
 73
     2
 91
        0
 40
0.0
 10
0.0
 20
0.0
 30
0.0
 75
     0
  0
DIMASSOC
  5
1049
102
{ACAD_REACTORS
330
1048
102
}
330
1048
100
AcDbDimAssoc
330
1047
 90
        2
 70
     0
 71
     0
  1
AcDbOsnapPointRef
 72
     3
331
1046
 73
     2
 91
        0
 40
0.0
 10
0.0
 20
0.0
 30
0.0
 75
     0
  0
DIMASSOC
  5
1063
102
{ACAD_REACTORS
330
1062
102
}
330
1062
100
AcDbDimAssoc
330
1061
 90
        2
 70
     0
 71
     0
  1
AcDbOsnapPointRef
 72
     3
331
1060
 73
     2
 91
        0
 40
0.0
 10
0.0
 20
0.0
 30
0.0
 75
     0
  0
DIMASSOC
  5
10D0
102
{ACAD_REACTORS
330
10CF
102
}
330
10CF
100
AcDbDimAssoc
330
10CE
 90
        2
 70
     0
 71
     0
  1
AcDbOsnapPointRef
 72
     3
331
10CD
 73
     2
 91
        0
 40
0.0
 10
0.0
 20
0.0
 30
0.0
 75
     0
  0
DIMASSOC
  5
10DF
102
{ACAD_REACTORS
330
10DE
102
}
330
10DE
100
AcDbDimAssoc
330
10DD
 90
        2
 70
     0
 71
     0
  1
AcDbOsnapPointRef
 72
     3
331
10DC
 73
     2
 91
        0
 40
0.0
 10
0.0
 20
0.0
 30
0.0
 75
     0
  0
DIMASSOC
  5
1139
102
{ACAD_REACTORS
330
1138
102
}
330
1138
100
AcDbDimAssoc
330
1137
 90
        2
 70
     0
 71
     0
  1
AcDbOsnapPointRef
 72
     3
331
1136
 73
     2
 91
        0
 40
0.0
 10
0.0
 20
0.0
 30
0.0
 75
     0
  0
DIMASSOC
  5
1148
102
{ACAD_REACTORS
330
1147
102
}
330
1147
100
AcDbDimAssoc
330
1146
 90
        2
 70
     0
 71
     0
  1
AcDbOsnapPointRef
 72
     3
331
1145
 73
     2
 91
        0
 40
0.0
 10
0.0
 20
0.0
 30
0.0
 75
     0
  0
DIMASSOC
  5
11BA
102
{ACAD_REACTORS
330
11B9
102
}
330
11B9
100
AcDbDimAssoc
330
11B8
 90
        2
 70
     0
 71
     0
  1
AcDbOsnapPointRef
 72
     3
331
11B7
 73
     2
 91
        0
 40
0.0
 10
0.0
 20
0.0
 30
0.0
 75
     0
  0
DIMASSOC
  5
11C9
102
{ACAD_REACTORS
330
11C8
102
}
330
11C8
100
AcDbDimAssoc
330
11C7
 90
        2
 70
     0
 71
     0
  1
AcDbOsnapPointRef
 72
     3
331
11C6
 73
     2
 91
        0
 40
0.0
 10
0.0
 20
0.0
 30
0.0
 75
     0
  0
DIMASSOC
  5
11D8
102
{ACAD_REACTORS
330
11D7
102
}
330
11D7
100
AcDbDimAssoc
330
11D6
 90
        2
 70
     0
 71
     0
  1
AcDbOsnapPointRef
 72
     3
331
11D5
 73
     2
 91
        0
 40
0.0
 10
0.0
 20
0.0
 30
0.0
 75
     0
  0
DIMASSOC
  5
1271
102
{ACAD_REACTORS
330
1270
102
}
330
1270
100
AcDbDimAssoc
330
126F
 90
        2
 70
     0
 71
     0
  1
AcDbOsnapPointRef
 72
     3
331
126E
 73
     2
 91
        0
 40
0.0
 10
0.0
 20
0.0
 30
0.0
 75
     0
  0
DIMASSOC
  5
1280
102
{ACAD_REACTORS
330
127F
102
}
330
127F
100
AcDbDimAssoc
330
127E
 90
        2
 70
     0
 71
     0
  1
AcDbOsnapPointRef
 72
     3
331
127D
 73
     2
 91
        0
 40
0.0
 10
0.0
 20
0.0
 30
0.0
 75
     0
  0
DIMASSOC
  5
128F
102
{ACAD_REACTORS
330
128E
102
}
330
128E
100
AcDbDimAssoc
330
128D
 90
        2
 70
     0
 71
     0
  1
AcDbOsnapPointRef
 72
     3
331
128C
 73
     2
 91
        0
 40
0.0
 10
0.0
 20
0.0
 30
0.0
 75
     0
  0
DIMASSOC
  5
12E1
102
{ACAD_REACTORS
330
12E0
102
}
330
12E0
100
AcDbDimAssoc
330
12DF
 90
        2
 70
     0
 71
     0
  1
AcDbOsnapPointRef
 72
     3
331
12DE
 73
     2
 91
        0
 40
0.0
 10
0.0
 20
0.0
 30
0.0
 75
     0
  0
DIMASSOC
  5
12F0
102
{ACAD_REACTORS
330
12EF
102
}
330
12EF
100
AcDbDimAssoc
330
12EE
 90
        2
 70
     0
 71
     0
  1
AcDbOsnapPointRef
 72
     3
331
12ED
 73
     2
 91
        0
 40
0.0
 10
0.0
 20
0.0
 30
0.0
 75
     0
  0
DIMASSOC
  5
12FF
102
{ACAD_REACTORS
330
12FE
102
}
330
12FE
100
AcDbDimAssoc
330
12FD
 90
        2
 70
     0
 71
     0
  1
AcDbOsnapPointRef
 72
     3
331
12FC
 73
     2
 91
        0
 40
0.0
 10
0.0
 20
0.0
 30
0.0
 75
     0
  0
DIMASSOC
  5
130E
102
{ACAD_REACTORS
330
130D
102
}
330
130D
100
AcDbDimAssoc
330
130C
 90
        2
 70
     0
 71
     0
  1
AcDbOsnapPointRef
 72
     3
331
130B
 73
     2
 91
        0
 40
0.0
 10
0.0
 20
0.0
 30
0.0
 75
     0
  0
DIMASSOC
  5
1434
102
{ACAD_REACTORS
330
142B
102
}
330
142B
100
AcDbDimAssoc
330
141F
 90
        2
 70
     0
 71
     0
  1
AcDbOsnapPointRef
 72
     3
331
141E
 73
     2
 91
        0
 40
0.0
 10
0.0
 20
0.0
 30
0.0
 75
     0
  0
DIMASSOC
  5
1439
102
{ACAD_REACTORS
330
1438
102
}
330
1438
100
AcDbDimAssoc
330
1437
 90
        2
 70
     0
 71
     0
  1
AcDbOsnapPointRef
 72
     3
331
1436
 73
     2
 91
        0
 40
0.0
 10
0.0
 20
0.0
 30
0.0
 75
     0
  0
DIMASSOC
  5
145E
102
{ACAD_REACTORS
330
145D
102
}
330
145D
100
AcDbDimAssoc
330
145C
 90
        2
 70
     0
 71
     0
  1
AcDbOsnapPointRef
 72
     3
331
145B
 73
     2
 91
        0
 40
0.0
 10
0.0
 20
0.0
 30
0.0
 75
     0
  0
XRECORD
  5
16A6
102
{ACAD_REACTORS
330
16A5
102
}
330
16A5
100
AcDbXrecord
280
     1
 90
        1
340
10D
  0
XRECORD
  5
16AA
102
{ACAD_REACTORS
330
16A9
102
}
330
16A9
100
AcDbXrecord
280
     1
 90
        1
340
10D
  0
DICTIONARY
  5
475D
102
{ACAD_REACTORS
330
475C
102
}
330
475C
100
AcDbDictionary
281
     1
  3
ACDB_ANNOTATIONSCALES
350
475E
  0
ACDBDETAILVIEWSTYLE
  5
46F2
102
{ACAD_XDICTIONARY
360
48B4
102
}
102
{ACAD_REACTORS
330
16DE
102
}
330
16DE
100
AcDbModelDocViewStyle
 70
     0
  3
Imperial24
290
     0
100
AcDbDetailViewStyle
 70
     0
 71
     0
 90
        3
 71
     1
340
11
 62
   256
 40
0.24
340
0
 62
   256
 40
0.24
300

 40
0.36
280
     3
 71
     2
340
16
 90
       25
 62
   256
 71
     3
340
11
 62
   256
 40
0.24
 90
        1
 40
0.75
 90
        1
300
%<\AcVar ViewType \f "%tc1">% %<\AcVar ViewDetailId>%\PМАСШТАБ %<\AcVar ViewScale \f "%sn">%
 71
     4
340
16
 90
       25
 62
   256
340
16
 90
       25
 62
   256
280
     0
  0
ACDBDETAILVIEWSTYLE
  5
16DF
102
{ACAD_XDICTIONARY
360
48B0
102
}
102
{ACAD_REACTORS
330
16DE
102
}
330
16DE
100
AcDbModelDocViewStyle
 70
     0
  3
Metric50
290
     0
100
AcDbDetailViewStyle
 70
     0
 71
     0
 90
        3
 71
     1
340
11
 62
   256
 40
5.0
340
0
 62
   256
 40
5.0
300

 40
0.0
280
     1
 71
     2
340
16
 90
       25
 62
   256
 71
     3
340
11
 62
   256
 40
5.0
 90
        0
 40
15.0
 90
        1
300
%<\AcVar ViewDetailId>% (%<\AcVar ViewScale \f "%sn">%)
 71
     4
340
16
 90
       25
 62
   256
340
16
 90
       25
 62
   256
280
     0
  0
GROUP
  5
4854
102
{ACAD_REACTORS
330
D
102
}
330
D
100
AcDbGroup
300

 70
     1
 71
     1
340
4853
340
4852
340
4851
340
4850
340
484F
340
484E
  0
GROUP
  5
4865
102
{ACAD_REACTORS
330
D
102
}
330
D
100
AcDbGroup
300

 70
     1
 71
     1
340
4853
340
4852
340
4851
340
4850
340
484F
340
484E
340
A80
340
A7F
340
A7E
340
A7D
340
A7C
340
A7B
340
A7A
340
A79
340
A78
340
A77
340
A76
340
A75
  0
GROUP
  5
4866
102
{ACAD_REACTORS
330
D
102
}
330
D
100
AcDbGroup
300

 70
     1
 71
     1
340
A63
340
A62
340
A61
  0
GROUP
  5
4867
102
{ACAD_REACTORS
330
D
102
}
330
D
100
AcDbGroup
300

 70
     1
 71
     1
340
A4F
340
A4E
340
A4D
  0
GROUP
  5
486A
102
{ACAD_REACTORS
330
D
102
}
330
D
100
AcDbGroup
300

 70
     1
 71
     1
340
14D4
340
14D3
340
14D2
340
14D1
340
14D0
340
14CF
340
14CE
340
14CD
340
14CC
340
14CB
340
14CA
340
14C9
340
14C8
340
14C7
340
14C6
340
14C5
340
14C4
340
14C3
340
14C2
340
14C1
340
14C0
340
14BF
340
14BE
340
14BD
340
14BC
340
14BB
340
14BA
340
14B9
340
14B8
340
14B7
340
14B6
340
14B5
340
14B4
340
14B3
340
14B2
340
14B1
340
14B0
340
14AF
340
14AE
340
14AD
340
14AC
340
14AB
340
14AA
340
14A9
340
14A8
340
14A7
340
14A6
340
14A5
340
14A4
340
14A3
  0
GROUP
  5
2B8B
102
{ACAD_REACTORS
330
D
102
}
330
D
100
AcDbGroup
300

 70
     0
 71
     1
340
431
340
451
340
1D6
  0
GROUP
  5
2B8A
102
{ACAD_REACTORS
330
D
102
}
330
D
100
AcDbGroup
300

 70
     0
 71
     1
340
1E2
340
513
340
500
  0
LAYOUT
  5
169E
102
{ACAD_XDICTIONARY
360
16BA
102
}
102
{ACAD_REACTORS
330
1A
102
}
330
1A
100
AcDbPlotSettings
  1

  2
Adobe PDF
  4
A3
  6

 40
0.0
 41
0.0
 42
0.010498046875
 43
0.0
 44
297.0
 45
420.0
 46
0.0
 47
0.0
 48
0.0
 49
0.0
140
0.0
141
0.0
142
1.0
143
1.0
 70
   688
 72
     1
 73
     1
 74
     5
  7
Grayscale.ctb
 75
    16
147
1.0
 76
     0
 77
     3
 78
   300
148
0.0
149
0.0
100
AcDbLayout
  1
A3land
 70
     1
 71
     1
 10
0.0
 20
0.0
 11
420.0
 21
297.0
 12
0.0
 22
0.0
 32
0.0
 14
0.0
 24
0.0
 34
0.0
 15
413.8083374500274
 25
290.7030212879181
 35
0.0
146
0.0
 13
0.0
 23
0.0
 33
0.0
 16
1.0
 26
0.0
 36
0.0
 17
0.0
 27
1.0
 37
0.0
 76
     0
330
169D
331
16A4
1001
ACAD_PSEXT
1000
Adobe PDF
1000
Adobe PDF Converter
1000
Documents\*.pdf
1000

1070
     0
  0
LAYOUT
  5
22
102
{ACAD_XDICTIONARY
360
47D0
102
}
102
{ACAD_REACTORS
330
1A
102
}
330
1A
100
AcDbPlotSettings
  1

  2
none_device
  4
ISO_A4_(210.00_x_297.00_MM)
  6

 40
7.5
 41
20.0
 42
7.5
 43
20.0
 44
210.0
 45
297.0
 46
11.54999923706054
 47
-13.65000009536743
 48
0.0
 49
0.0
140
0.0
141
0.0
142
1.0
143
8.704084754739808
 70
 11952
 72
     1
 73
     0
 74
     0
  7

 75
     0
147
0.1148885871608098
 76
     0
 77
     2
 78
   300
148
0.0
149
0.0
100
AcDbLayout
  1
Model
 70
     1
 71
     0
 10
0.0
 20
0.0
 11
12.0
 21
9.0
 12
0.0
 22
0.0
 32
0.0
 14
0.0
 24
0.0
 34
0.0
 15
0.0
 25
0.0
 35
0.0
146
0.0
 13
0.0
 23
0.0
 33
0.0
 16
1.0
 26
0.0
 36
0.0
 17
0.0
 27
1.0
 37
0.0
 76
     0
330
1F
331
EA
1001
ACAD_PSEXT
1000
None
1000
None
1000
Not applicable
1000
The layout will not be plotted unless a new plotter configuration name is selected.
1070
     0
  0
MATERIAL
  5
ED
102
{ACAD_REACTORS
330
6A
102
}
330
6A
100
AcDbMaterial
  1
ByBlock
 94
       63
  0
MATERIAL
  5
EC
102
{ACAD_REACTORS
330
6A
102
}
330
6A
100
AcDbMaterial
  1
ByLayer
 94
       63
  0
MATERIAL
  5
EE
102
{ACAD_XDICTIONARY
360
173
102
}
102
{ACAD_REACTORS
330
6A
102
}
330
6A
100
AcDbMaterial
  1
Global
 43
0.0007999999797903
 43
0.0
 43
0.0
 43
0.0
 43
0.0
 43
0.0007999999797903
 43
0.0
 43
0.0
 43
0.0
 43
0.0
 43
1.0
 43
0.0
 43
0.0
 43
0.0
 43
0.0
 43
1.0
 49
0.0007999999797903
 49
0.0
 49
0.0
 49
0.0
 49
0.0
 49
0.0007999999797903
 49
0.0
 49
0.0
 49
0.0
 49
0.0
 49
1.0
 49
0.0
 49
0.0
 49
0.0
 49
0.0
 49
1.0
142
0.0007999999797903
142
0.0
142
0.0
142
0.0
142
0.0
142
0.0007999999797903
142
0.0
142
0.0
142
0.0
142
0.0
142
1.0
142
0.0
142
0.0
142
0.0
142
0.0
142
1.0
144
0.0007999999797903
144
0.0
144
0.0
144
0.0
144
0.0
144
0.0007999999797903
144
0.0
144
0.0
144
0.0
144
0.0
144
1.0
144
0.0
144
0.0
144
0.0
144
0.0
144
1.0
 94
       63
1001
ACAD
1070
    -1
1070
     3
1070
     0
1000

1071
        0
1070
     0
  0
MLEADERSTYLE
  5
12E
102
{ACAD_REACTORS
330
12D
102
}
330
12D
100
AcDbMLeaderStyle
170
     2
171
     1
172
     0
 90
        2
 40
0.0
 41
0.0
173
     1
 91
-1056964608
340
14
 92
       -2
290
     1
 42
2.0
291
     1
 43
8.0
  3
Standard
 44
4.0
300

342
11
174
     1
178
     1
175
     1
176
     0
 93
-1056964608
 45
4.0
292
     0
297
     0
 46
4.0
 94
-1056964608
 47
1.0
 49
1.0
140
1.0
293
     1
141
0.0
294
     1
177
     0
142
1.0
295
     0
296
     0
143
3.75
1001
ACAD_MLEADERVER
1070
     2
  0
MLEADERSTYLE
  5
13B
102
{ACAD_REACTORS
330
12D
102
}
330
12D
100
AcDbMLeaderStyle
170
     2
171
     1
172
     0
 90
        2
 40
0.0
 41
0.0
173
     1
 91
-1056964608
340
14
 92
       -2
290
     1
 42
2.0
291
     1
 43
8.0
  3
Standard
 44
4.0
300

342
11
174
     1
178
     1
175
     1
176
     0
 93
-1056964608
 45
4.0
292
     0
297
     0
 46
4.0
 94
-1056964608
 47
1.0
 49
1.0
140
1.0
293
     1
141
0.0
294
     1
177
     0
142
1.0
295
     0
296
     1
143
3.75
1001
ACAD_MLEADERVER
1070
     2
  0
MLINESTYLE
  5
18
102
{ACAD_REACTORS
330
17
102
}
330
17
100
AcDbMlineStyle
  2
STANDARD
 70
     0
  3

 62
   256
 51
90.0
 52
90.0
 71
     2
 49
0.5
 62
   256
  6
BYLAYER
 49
-0.5
 62
   256
  6
BYLAYER
  0
ACDBPLACEHOLDER
  5
F
102
{ACAD_REACTORS
330
E
102
}
330
E
  0
SCALE
  5
10D
102
{ACAD_REACTORS
330
10C
102
}
330
10C
100
AcDbScale
 70
     0
300
1:1
140
1.0
141
1.0
290
     1
  0
SCALE
  5
188
102
{ACAD_REACTORS
330
10C
102
}
330
10C
100
AcDbScale
 70
     0
300
1:2
140
1.0
141
2.0
290
     0
  0
SCALE
  5
189
102
{ACAD_REACTORS
330
10C
102
}
330
10C
100
AcDbScale
 70
     0
300
1:4
140
1.0
141
4.0
290
     0
  0
SCALE
  5
18A
102
{ACAD_REACTORS
330
10C
102
}
330
10C
100
AcDbScale
 70
     0
300
1:5
140
1.0
141
5.0
290
     0
  0
SCALE
  5
18B
102
{ACAD_REACTORS
330
10C
102
}
330
10C
100
AcDbScale
 70
     0
300
1:8
140
1.0
141
8.0
290
     0
  0
SCALE
  5
18C
102
{ACAD_REACTORS
330
10C
102
}
330
10C
100
AcDbScale
 70
     0
300
1:10
140
1.0
141
10.0
290
     0
  0
SCALE
  5
18D
102
{ACAD_REACTORS
330
10C
102
}
330
10C
100
AcDbScale
 70
     0
300
1:16
140
1.0
141
16.0
290
     0
  0
SCALE
  5
18E
102
{ACAD_REACTORS
330
10C
102
}
330
10C
100
AcDbScale
 70
     0
300
1:20
140
1.0
141
20.0
290
     0
  0
SCALE
  5
18F
102
{ACAD_REACTORS
330
10C
102
}
330
10C
100
AcDbScale
 70
     0
300
1:30
140
1.0
141
30.0
290
     0
  0
SCALE
  5
190
102
{ACAD_REACTORS
330
10C
102
}
330
10C
100
AcDbScale
 70
     0
300
1:40
140
1.0
141
40.0
290
     0
  0
SCALE
  5
191
102
{ACAD_REACTORS
330
10C
102
}
330
10C
100
AcDbScale
 70
     0
300
1:50
140
1.0
141
50.0
290
     0
  0
SCALE
  5
192
102
{ACAD_REACTORS
330
10C
102
}
330
10C
100
AcDbScale
 70
     0
300
1:100
140
1.0
141
100.0
290
     0
  0
SCALE
  5
193
102
{ACAD_REACTORS
330
10C
102
}
330
10C
100
AcDbScale
 70
     0
300
2:1
140
2.0
141
1.0
290
     0
  0
SCALE
  5
194
102
{ACAD_REACTORS
330
10C
102
}
330
10C
100
AcDbScale
 70
     0
300
4:1
140
4.0
141
1.0
290
     0
  0
SCALE
  5
195
102
{ACAD_REACTORS
330
10C
102
}
330
10C
100
AcDbScale
 70
     0
300
8:1
140
8.0
141
1.0
290
     0
  0
SCALE
  5
196
102
{ACAD_REACTORS
330
10C
102
}
330
10C
100
AcDbScale
 70
     0
300
10:1
140
10.0
141
1.0
290
     0
  0
SCALE
  5
197
102
{ACAD_REACTORS
330
10C
102
}
330
10C
100
AcDbScale
 70
     0
300
100:1
140
100.0
141
1.0
290
     0
  0
SCALE
  5
198
102
{ACAD_REACTORS
330
10C
102
}
330
10C
100
AcDbScale
 70
     0
300
1/128" = 1'-0"
140
0.0078125
141
12.0
290
     0
  0
SCALE
  5
199
102
{ACAD_REACTORS
330
10C
102
}
330
10C
100
AcDbScale
 70
     0
300
1/64" = 1'-0"
140
0.015625
141
12.0
290
     0
  0
SCALE
  5
19A
102
{ACAD_REACTORS
330
10C
102
}
330
10C
100
AcDbScale
 70
     0
300
1/32" = 1'-0"
140
0.03125
141
12.0
290
     0
  0
SCALE
  5
19B
102
{ACAD_REACTORS
330
10C
102
}
330
10C
100
AcDbScale
 70
     0
300
1/16" = 1'-0"
140
0.0625
141
12.0
290
     0
  0
SCALE
  5
19C
102
{ACAD_REACTORS
330
10C
102
}
330
10C
100
AcDbScale
 70
     0
300
3/32" = 1'-0"
140
0.09375
141
12.0
290
     0
  0
SCALE
  5
19D
102
{ACAD_REACTORS
330
10C
102
}
330
10C
100
AcDbScale
 70
     0
300
1/8" = 1'-0"
140
0.125
141
12.0
290
     0
  0
SCALE
  5
19E
102
{ACAD_REACTORS
330
10C
102
}
330
10C
100
AcDbScale
 70
     0
300
3/16" = 1'-0"
140
0.1875
141
12.0
290
     0
  0
SCALE
  5
19F
102
{ACAD_REACTORS
330
10C
102
}
330
10C
100
AcDbScale
 70
     0
300
1/4" = 1'-0"
140
0.25
141
12.0
290
     0
  0
SCALE
  5
1A0
102
{ACAD_REACTORS
330
10C
102
}
330
10C
100
AcDbScale
 70
     0
300
3/8" = 1'-0"
140
0.375
141
12.0
290
     0
  0
SCALE
  5
1A1
102
{ACAD_REACTORS
330
10C
102
}
330
10C
100
AcDbScale
 70
     0
300
1/2" = 1'-0"
140
0.5
141
12.0
290
     0
  0
SCALE
  5
1A2
102
{ACAD_REACTORS
330
10C
102
}
330
10C
100
AcDbScale
 70
     0
300
3/4" = 1'-0"
140
0.75
141
12.0
290
     0
  0
SCALE
  5
1A3
102
{ACAD_REACTORS
330
10C
102
}
330
10C
100
AcDbScale
 70
     0
300
1" = 1'-0"
140
1.0
141
12.0
290
     0
  0
SCALE
  5
1A4
102
{ACAD_REACTORS
330
10C
102
}
330
10C
100
AcDbScale
 70
     0
300
1-1/2" = 1'-0"
140
1.5
141
12.0
290
     0
  0
SCALE
  5
1A5
102
{ACAD_REACTORS
330
10C
102
}
330
10C
100
AcDbScale
 70
     0
300
3" = 1'-0"
140
3.0
141
12.0
290
     0
  0
SCALE
  5
1A6
102
{ACAD_REACTORS
330
10C
102
}
330
10C
100
AcDbScale
 70
     0
300
6" = 1'-0"
140
6.0
141
12.0
290
     0
  0
SCALE
  5
1A7
102
{ACAD_REACTORS
330
10C
102
}
330
10C
100
AcDbScale
 70
     0
300
1'-0" = 1'-0"
140
12.0
141
12.0
290
     0
  0
ACDBSECTIONVIEWSTYLE
  5
46F1
102
{ACAD_XDICTIONARY
360
48B2
102
}
102
{ACAD_REACTORS
330
16DC
102
}
330
16DC
100
AcDbModelDocViewStyle
 70
     0
  3
Imperial24
290
     0
100
AcDbSectionViewStyle
 70
     0
 71
     0
 90
       78
 71
     1
340
11
 62
   256
 40
0.24
340
0
340
0
 62
   256
 40
0.24
300
I, O, Q, S, X, Z
 40
0.48
 90
        3
 40
0.18
 90
        1
 71
     2
340
16
 90
       25
 62
   256
340
16
 90
       50
 62
   256
 40
0.24
 40
0.0
 40
0.24
 71
     3
340
11
 62
   256
 40
0.24
 90
        1
 40
0.75
 90
        1
300
%<\AcVar ViewType \f "%tc1">% %<\AcVar ViewSectionStartId>%-%<\AcVar ViewSectionEndId>%\PМАСШТАБ %<\AcVar ViewScale \f "%sn">%
 71
     4
 62
   256
 62
   257
300
ANSI31
 40
1.0
 90
        0
290
     0
290
     0
 90
        6
 40
0.0
 40
1.570796326794896
 40
0.2617993877991494
 40
1.308996938995747
 40
-0.2617993877991494
 40
1.832595714594046
  0
ACDBSECTIONVIEWSTYLE
  5
16DD
102
{ACAD_XDICTIONARY
360
48AE
102
}
102
{ACAD_REACTORS
330
16DC
102
}
330
16DC
100
AcDbModelDocViewStyle
 70
     0
  3
Metric50
290
     0
100
AcDbSectionViewStyle
 70
     0
 71
     0
 90
      102
 71
     1
340
11
 62
   256
 40
5.0
340
0
340
0
 62
   256
 40
5.0
300
I, O, Q, S, X, Z
 40
10.0
 90
        0
 40
2.5
 90
        0
 71
     2
340
16
 90
       25
 62
   256
340
16
 90
       50
 62
   256
 40
5.0
 40
2.5
 40
5.0
 71
     3
340
11
 62
   256
 40
5.0
 90
        0
 40
15.0
 90
        1
300
%<\AcVar ViewSectionStartId>%-%<\AcVar ViewSectionEndId>% (%<\AcVar ViewScale \f "%sn">%)
 71
     4
 62
   256
 62
   257
300
ANSI31
 40
1.0
 90
        0
290
     0
290
     0
 90
        6
 40
0.0
 40
1.570796326794896
 40
0.2617993877991494
 40
1.308996938995747
 40
-0.2617993877991494
 40
1.832595714594046
  0
TABLESTYLE
  5
7F
102
{ACAD_XDICTIONARY
360
162
102
}
102
{ACAD_REACTORS
330
7E
102
}
330
7E
100
AcDbTableStyle
  3
Standard
 70
     0
 71
     0
 40
1.5
 41
1.5
280
     0
281
     0
  7
Standard
140
4.5
170
     2
 62
     0
 63
     7
283
     0
 90
      512
 91
        0
  1

274
    -2
284
     1
 64
     0
275
    -2
285
     1
 65
     0
276
    -2
286
     1
 66
     0
277
    -2
287
     1
 67
     0
278
    -2
288
     1
 68
     0
279
    -2
289
     1
 69
     0
  7
Standard
140
6.0
170
     5
 62
     0
 63
     7
283
     0
 90
      512
 91
        0
  1

274
    -2
284
     1
 64
     0
275
    -2
285
     1
 65
     0
276
    -2
286
     1
 66
     0
277
    -2
287
     1
 67
     0
278
    -2
288
     1
 68
     0
279
    -2
289
     1
 69
     0
  7
Standard
140
4.5
170
     5
 62
     0
 63
     7
283
     0
 90
      512
 91
        0
  1

274
    -2
284
     1
 64
     0
275
    -2
285
     1
 65
     0
276
    -2
286
     1
 66
     0
277
    -2
287
     1
 67
     0
278
    -2
288
     1
 68
     0
279
    -2
289
     1
 69
     0
  0
VISUALSTYLE
  5
F5
102
{ACAD_XDICTIONARY
360
4884
102
}
102
{ACAD_REACTORS
330
EF
102
}
330
EF
100
AcDbVisualStyle
  2
2dWireframe
 70
     4
 71
     0
 72
     2
 73
     1
 90
        0
 40
-0.6
 41
-30.0
 62
     5
 63
     7
421
 16777215
 74
     1
 91
        4
 64
     7
 65
   257
 75
     1
175
     1
 42
1.0
 92
        0
 66
   257
 43
1.0
 76
     1
 77
     6
 78
     2
 67
     7
 79
     5
170
     0
171
     0
290
     0
174
     0
 93
        1
 44
0.0
173
     0
291
     0
 45
0.0
1001
ACAD
1000
AcDbSavedByObjectVersion
1070
     0
  0
VISUALSTYLE
  5
F7
102
{ACAD_XDICTIONARY
360
4888
102
}
102
{ACAD_REACTORS
330
EF
102
}
330
EF
100
AcDbVisualStyle
  2
3D Hidden
 70
     6
 71
     1
 72
     2
 73
     2
 90
        0
 40
-0.6
 41
-30.0
 62
     5
 63
     7
421
 16777215
 74
     2
 91
        2
 64
     7
 65
   257
 75
     2
175
     1
 42
40.0
 92
        0
 66
   257
 43
1.0
 76
     1
 77
     6
 78
     2
 67
     7
 79
     3
170
     0
171
     0
290
     0
174
     0
 93
        1
 44
0.0
173
     0
291
     0
 45
0.0
1001
ACAD
1000
AcDbSavedByObjectVersion
1070
     0
  0
VISUALSTYLE
  5
F6
102
{ACAD_XDICTIONARY
360
4886
102
}
102
{ACAD_REACTORS
330
EF
102
}
330
EF
100
AcDbVisualStyle
  2
3dWireframe
 70
     5
 71
     0
 72
     2
 73
     1
 90
        0
 40
-0.6
 41
-30.0
 62
     5
 63
     7
421
 16777215
 74
     1
 91
        4
 64
     7
 65
   257
 75
     1
175
     1
 42
1.0
 92
        0
 66
   257
 43
1.0
 76
     1
 77
     6
 78
     2
 67
     7
 79
     5
170
     0
171
     0
290
     0
174
     0
 93
        1
 44
0.0
173
     0
291
     0
 45
0.0
1001
ACAD
1000
AcDbSavedByObjectVersion
1070
     0
  0
VISUALSTYLE
  5
F4
102
{ACAD_XDICTIONARY
360
4882
102
}
102
{ACAD_REACTORS
330
EF
102
}
330
EF
100
AcDbVisualStyle
  2
Basic
 70
     7
 71
     1
 72
     0
 73
     1
 90
        0
 40
-0.6
 41
-30.0
 62
     5
 63
     7
421
 16777215
 74
     0
 91
        4
 64
     7
 65
   257
 75
     1
175
     1
 42
1.0
 92
        8
 66
     7
 43
1.0
 76
     1
 77
     6
 78
     2
 67
     7
 79
     5
170
     0
171
     0
290
     0
174
     0
 93
        1
 44
0.0
173
     0
291
     1
 45
0.0
1001
ACAD
1000
AcDbSavedByObjectVersion
1070
     0
  0
VISUALSTYLE
  5
FB
102
{ACAD_XDICTIONARY
360
4890
102
}
102
{ACAD_REACTORS
330
EF
102
}
330
EF
100
AcDbVisualStyle
  2
Brighten
 70
    12
 71
     2
 72
     2
 73
     1
 90
        0
 40
-0.6
 41
-30.0
 62
     5
 63
     7
421
 16777215
 74
     1
 91
        4
 64
     7
 65
   257
 75
     1
175
     1
 42
1.0
 92
        8
 66
     7
 43
1.0
 76
     1
 77
     6
 78
     2
 67
     7
 79
     5
170
     0
171
     0
290
     0
174
     0
 93
        1
 44
50.0
173
     0
291
     1
 45
0.0
1001
ACAD
1000
AcDbSavedByObjectVersion
1070
     0
  0
VISUALSTYLE
  5
FF
102
{ACAD_XDICTIONARY
360
4898
102
}
102
{ACAD_REACTORS
330
EF
102
}
330
EF
100
AcDbVisualStyle
  2
ColorChange
 70
    16
 71
     2
 72
     2
 73
     3
 90
        0
 40
-0.6
 41
-30.0
 62
     5
 63
     8
421
  8421504
 74
     1
 91
        4
 64
     7
 65
   257
 75
     1
175
     1
 42
1.0
 92
        8
 66
     8
424
  8421504
 43
1.0
 76
     1
 77
     6
 78
     2
 67
     7
 79
     5
170
     0
171
     0
290
     0
174
     0
 93
        1
 44
0.0
173
     0
291
     1
 45
0.0
1001
ACAD
1000
AcDbSavedByObjectVersion
1070
     0
  0
VISUALSTYLE
  5
F8
102
{ACAD_XDICTIONARY
360
488A
102
}
102
{ACAD_REACTORS
330
EF
102
}
330
EF
100
AcDbVisualStyle
  2
Conceptual
 70
     9
 71
     3
 72
     2
 73
     1
 90
        0
 40
-0.6
 41
-30.0
 62
     5
 63
     7
421
 16777215
 74
     2
 91
        2
 64
     7
 65
   257
 75
     1
175
     1
 42
40.0
 92
        8
 66
     7
 43
1.0
 76
     1
 77
     6
 78
     2
 67
     7
 79
     3
170
     0
171
     0
290
     0
174
     0
 93
        1
 44
0.0
173
     0
291
     0
 45
0.0
1001
ACAD
1000
AcDbSavedByObjectVersion
1070
     0
  0
VISUALSTYLE
  5
FA
102
{ACAD_XDICTIONARY
360
488E
102
}
102
{ACAD_REACTORS
330
EF
102
}
330
EF
100
AcDbVisualStyle
  2
Dim
 70
    11
 71
     2
 72
     2
 73
     1
 90
        0
 40
-0.6
 41
-30.0
 62
     5
 63
     7
421
 16777215
 74
     1
 91
        4
 64
     7
 65
   257
 75
     1
175
     1
 42
1.0
 92
        8
 66
     7
 43
1.0
 76
     1
 77
     6
 78
     2
 67
     7
 79
     5
170
     0
171
     0
290
     0
174
     0
 93
        1
 44
-50.0
173
     0
291
     1
 45
0.0
1001
ACAD
1000
AcDbSavedByObjectVersion
1070
     0
  0
VISUALSTYLE
  5
16DB
102
{ACAD_XDICTIONARY
360
48AC
102
}
102
{ACAD_REACTORS
330
EF
102
}
330
EF
100
AcDbVisualStyle
  2
EdgeColorOff
 70
    22
 71
     2
 72
     2
 73
     0
 90
        0
 40
-0.6
 41
-30.0
 62
     5
 63
     7
421
 16777215
 74
     1
 91
        4
 64
     7
 65
   257
 75
     1
175
     1
 42
1.0
 92
        8
 66
     7
 43
1.0
 76
     1
 77
     6
 78
     2
 67
     7
 79
     5
170
     0
171
     0
290
     0
174
     0
 93
        1
 44
0.0
173
     0
291
     1
 45
0.0
1001
ACAD
1000
AcDbSavedByObjectVersion
1070
     0
  0
VISUALSTYLE
  5
FE
102
{ACAD_XDICTIONARY
360
4896
102
}
102
{ACAD_REACTORS
330
EF
102
}
330
EF
100
AcDbVisualStyle
  2
Facepattern
 70
    15
 71
     2
 72
     2
 73
     1
 90
        0
 40
-0.6
 41
-30.0
 62
     5
 63
     7
421
 16777215
 74
     1
 91
        4
 64
     7
 65
   257
 75
     1
175
     1
 42
1.0
 92
        8
 66
     7
 43
1.0
 76
     1
 77
     6
 78
     2
 67
     7
 79
     5
170
     0
171
     0
290
     0
174
     0
 93
        1
 44
0.0
173
     0
291
     1
 45
0.0
1001
ACAD
1000
AcDbSavedByObjectVersion
1070
     0
  0
VISUALSTYLE
  5
F0
102
{ACAD_XDICTIONARY
360
487A
102
}
102
{ACAD_REACTORS
330
EF
102
}
330
EF
100
AcDbVisualStyle
  2
Flat
 70
     0
 71
     2
 72
     1
 73
     1
 90
        2
 40
-0.6
 41
30.0
 62
     5
 63
     7
421
 16777215
 74
     0
 91
        4
 64
     7
 65
   257
 75
     1
175
     1
 42
1.0
 92
        8
 66
     7
 43
1.0
 76
     1
 77
     6
 78
     2
 67
     7
 79
     5
170
     0
171
     0
290
     0
174
     0
 93
        1
 44
0.0
173
     0
291
     1
 45
0.0
1001
ACAD
1000
AcDbSavedByObjectVersion
1070
     0
  0
VISUALSTYLE
  5
F1
102
{ACAD_XDICTIONARY
360
487C
102
}
102
{ACAD_REACTORS
330
EF
102
}
330
EF
100
AcDbVisualStyle
  2
FlatWithEdges
 70
     1
 71
     2
 72
     1
 73
     1
 90
        2
 40
-0.6
 41
30.0
 62
     5
 63
     7
421
 16777215
 74
     1
 91
        4
 64
     7
 65
   257
 75
     1
175
     1
 42
1.0
 92
        0
 66
   257
 43
1.0
 76
     1
 77
     6
 78
     2
 67
     7
 79
     5
170
     0
171
     0
290
     0
174
     0
 93
        1
 44
0.0
173
     0
291
     1
 45
0.0
1001
ACAD
1000
AcDbSavedByObjectVersion
1070
     0
  0
VISUALSTYLE
  5
F2
102
{ACAD_XDICTIONARY
360
487E
102
}
102
{ACAD_REACTORS
330
EF
102
}
330
EF
100
AcDbVisualStyle
  2
Gouraud
 70
     2
 71
     2
 72
     2
 73
     1
 90
        2
 40
-0.6
 41
30.0
 62
     5
 63
     7
421
 16777215
 74
     0
 91
        4
 64
     7
 65
   257
 75
     1
175
     1
 42
1.0
 92
        0
 66
     7
 43
1.0
 76
     1
 77
     6
 78
     2
 67
     7
 79
     5
170
     0
171
     0
290
     0
174
     0
 93
        1
 44
0.0
173
     0
291
     1
 45
0.0
1001
ACAD
1000
AcDbSavedByObjectVersion
1070
     0
  0
VISUALSTYLE
  5
F3
102
{ACAD_XDICTIONARY
360
4880
102
}
102
{ACAD_REACTORS
330
EF
102
}
330
EF
100
AcDbVisualStyle
  2
GouraudWithEdges
 70
     3
 71
     2
 72
     2
 73
     1
 90
        2
 40
-0.6
 41
30.0
 62
     5
 63
     7
421
 16777215
 74
     1
 91
        4
 64
     7
 65
   257
 75
     1
175
     1
 42
1.0
 92
        0
 66
   257
 43
1.0
 76
     1
 77
     6
 78
     2
 67
     7
 79
     5
170
     0
171
     0
290
     0
174
     0
 93
        1
 44
0.0
173
     0
291
     1
 45
0.0
1001
ACAD
1000
AcDbSavedByObjectVersion
1070
     0
  0
VISUALSTYLE
  5
16D3
102
{ACAD_XDICTIONARY
360
489C
102
}
102
{ACAD_REACTORS
330
EF
102
}
330
EF
100
AcDbVisualStyle
  2
Hidden
 70
     6
 71
     1
 72
     2
 73
     2
 90
        0
 40
-0.6
 41
-30.0
 62
     5
 63
     7
421
 16777215
 74
     2
 91
        2
 64
     7
 65
   257
 75
     2
175
     1
 42
40.0
 92
        0
 66
   257
 43
1.0
 76
     1
 77
     6
 78
     2
 67
     7
 79
     3
170
     0
171
     0
290
     0
174
     0
 93
        1
 44
0.0
173
     0
291
     0
 45
0.0
1001
ACAD
1000
AcDbSavedByObjectVersion
1070
     0
  0
VISUALSTYLE
  5
16D9
102
{ACAD_XDICTIONARY
360
48A8
102
}
102
{ACAD_REACTORS
330
EF
102
}
330
EF
100
AcDbVisualStyle
  2
JitterOff
 70
    20
 71
     2
 72
     2
 73
     0
 90
        0
 40
-0.6
 41
-30.0
 62
     5
 63
     7
421
 16777215
 74
     1
 91
        4
 64
     7
 65
   257
 75
     1
175
     1
 42
1.0
 92
       10
 66
     7
 43
1.0
 76
     1
 77
     6
 78
     2
 67
     7
 79
     5
170
     0
171
     0
290
     0
174
     0
 93
        1
 44
0.0
173
     0
291
     1
 45
0.0
1001
ACAD
1000
AcDbSavedByObjectVersion
1070
     0
  0
VISUALSTYLE
  5
FD
102
{ACAD_XDICTIONARY
360
4894
102
}
102
{ACAD_REACTORS
330
EF
102
}
330
EF
100
AcDbVisualStyle
  2
Linepattern
 70
    14
 71
     2
 72
     2
 73
     1
 90
        0
 40
-0.6
 41
-30.0
 62
     5
 63
     7
421
 16777215
 74
     1
 91
        4
 64
     7
 65
   257
 75
     7
175
     7
 42
1.0
 92
        8
 66
     7
 43
1.0
 76
     1
 77
     6
 78
     2
 67
     7
 79
     5
170
     0
171
     0
290
     0
174
     0
 93
        1
 44
0.0
173
     0
291
     1
 45
0.0
1001
ACAD
1000
AcDbSavedByObjectVersion
1070
     0
  0
VISUALSTYLE
  5
16DA
102
{ACAD_XDICTIONARY
360
48AA
102
}
102
{ACAD_REACTORS
330
EF
102
}
330
EF
100
AcDbVisualStyle
  2
OverhangOff
 70
    21
 71
     2
 72
     2
 73
     0
 90
        0
 40
-0.6
 41
-30.0
 62
     5
 63
     7
421
 16777215
 74
     1
 91
        4
 64
     7
 65
   257
 75
     1
175
     1
 42
1.0
 92
        9
 66
     7
 43
1.0
 76
     1
 77
     6
 78
     2
 67
     7
 79
     5
170
     0
171
     0
290
     0
174
     0
 93
        1
 44
0.0
173
     0
291
     1
 45
0.0
1001
ACAD
1000
AcDbSavedByObjectVersion
1070
     0
  0
VISUALSTYLE
  5
F9
102
{ACAD_XDICTIONARY
360
488C
102
}
102
{ACAD_REACTORS
330
EF
102
}
330
EF
100
AcDbVisualStyle
  2
Realistic
 70
     8
 71
     2
 72
     2
 73
     1
 90
        0
 40
-0.6
 41
-30.0
 62
     5
 63
     7
421
 16777215
 74
     1
 91
        0
 64
     7
 65
   257
 75
     1
175
     1
 42
1.0
 92
        8
 66
     8
424
  7895160
 43
1.0
 76
     1
 77
     6
 78
     2
 67
     7
 79
     5
170
     0
171
     0
290
     0
174
     0
 93
       13
 44
0.0
173
     0
291
     0
 45
0.0
1001
ACAD
1000
AcDbSavedByObjectVersion
1070
     0
  0
VISUALSTYLE
  5
16D8
102
{ACAD_XDICTIONARY
360
48A6
102
}
102
{ACAD_REACTORS
330
EF
102
}
330
EF
100
AcDbVisualStyle
  2
Shaded
 70
    27
 71
     2
 72
     2
 73
     1
 90
        2
 40
-0.6
 41
30.0
 62
     5
 63
     7
421
 16777215
 74
     0
 91
        4
 64
     7
 65
   257
 75
     1
175
     1
 42
1.0
 92
        8
 66
   257
 43
1.0
 76
     1
 77
     6
 78
     2
 67
     8
425
  7895160
 79
     3
170
     0
171
     0
290
     0
174
     0
 93
        5
 44
0.0
173
     0
291
     0
 45
0.0
1001
ACAD
1000
AcDbSavedByObjectVersion
1070
     0
  0
VISUALSTYLE
  5
16D7
102
{ACAD_XDICTIONARY
360
48A4
102
}
102
{ACAD_REACTORS
330
EF
102
}
330
EF
100
AcDbVisualStyle
  2
Shaded with edges
 70
    26
 71
     2
 72
     2
 73
     1
 90
        2
 40
-0.6
 41
30.0
 62
     5
 63
     7
421
 16777215
 74
     1
 91
        2
 64
     7
 65
   257
 75
     2
175
     1
 42
1.0
 92
        8
 66
   257
 43
1.0
 76
     1
 77
     6
 78
     2
 67
     7
 79
     3
170
     0
171
     0
290
     0
174
     0
 93
        5
 44
0.0
173
     0
291
     0
 45
0.0
1001
ACAD
1000
AcDbSavedByObjectVersion
1070
     0
  0
VISUALSTYLE
  5
16D4
102
{ACAD_XDICTIONARY
360
489E
102
}
102
{ACAD_REACTORS
330
EF
102
}
330
EF
100
AcDbVisualStyle
  2
Shades of Gray
 70
    23
 71
     2
 72
     2
 73
     3
 90
        0
 40
-0.6
 41
-30.0
 62
     5
 63
     7
421
 16777215
 74
     2
 91
        2
 64
     7
 65
     7
 75
     1
175
     1
 42
40.0
 92
        8
 66
     7
 43
1.0
 76
     1
 77
     6
 78
     2
 67
     7
 79
     3
170
     0
171
     0
290
     0
174
     0
 93
        1
 44
0.0
173
     0
291
     0
 45
0.0
1001
ACAD
1000
AcDbSavedByObjectVersion
1070
     0
  0
VISUALSTYLE
  5
16D5
102
{ACAD_XDICTIONARY
360
48A0
102
}
102
{ACAD_REACTORS
330
EF
102
}
330
EF
100
AcDbVisualStyle
  2
Sketchy
 70
    24
 71
     1
 72
     2
 73
     2
 90
        0
 40
-0.6
 41
-30.0
 62
     5
 63
     7
421
 16777215
 74
     2
 91
        2
 64
     7
 65
     7
 75
     1
175
     1
 42
40.0
 92
       11
 66
     7
 43
1.0
 76
     1
 77
     6
 78
     2
 67
     7
 79
     6
170
     0
171
     0
290
     0
174
     0
 93
        1
 44
0.0
173
     0
291
     0
 45
0.0
1001
ACAD
1000
AcDbSavedByObjectVersion
1070
     0
  0
VISUALSTYLE
  5
FC
102
{ACAD_XDICTIONARY
360
4892
102
}
102
{ACAD_REACTORS
330
EF
102
}
330
EF
100
AcDbVisualStyle
  2
Thicken
 70
    13
 71
     2
 72
     2
 73
     1
 90
        0
 40
-0.6
 41
-30.0
 62
     5
 63
     7
421
 16777215
 74
     1
 91
        4
 64
     7
 65
   257
 75
     1
175
     1
 42
1.0
 92
       12
 66
     7
 43
1.0
 76
     1
 77
     6
 78
     2
 67
     7
 79
     5
170
     0
171
     0
290
     0
174
     0
 93
        1
 44
0.0
173
     0
291
     1
 45
0.0
1001
ACAD
1000
AcDbSavedByObjectVersion
1070
     0
  0
VISUALSTYLE
  5
16D2
102
{ACAD_XDICTIONARY
360
489A
102
}
102
{ACAD_REACTORS
330
EF
102
}
330
EF
100
AcDbVisualStyle
  2
Wireframe
 70
     5
 71
     0
 72
     2
 73
     0
 90
        0
 40
-0.6
 41
-30.0
 62
     5
 63
     7
421
 16777215
 74
     1
 91
        4
 64
     7
 65
   257
 75
     1
175
     1
 42
1.0
 92
        0
 66
   257
 43
1.0
 76
     1
 77
     6
 78
     2
 67
     7
 79
     3
170
     0
171
     0
290
     0
174
     0
 93
        1
 44
0.0
173
     0
291
     0
 45
0.0
1001
ACAD
1000
AcDbSavedByObjectVersion
1070
     0
  0
VISUALSTYLE
  5
16D6
102
{ACAD_XDICTIONARY
360
48A2
102
}
102
{ACAD_REACTORS
330
EF
102
}
330
EF
100
AcDbVisualStyle
  2
X-Ray
 70
    25
 71
     2
 72
     2
 73
     1
 90
        1
 40
0.5
 41
-30.0
 62
     5
 63
     7
421
 16777215
 74
     1
 91
        0
 64
     7
 65
   257
 75
     1
175
     1
 42
1.0
 92
        8
 66
     7
 43
1.0
 76
     1
 77
     6
 78
     2
 67
     7
 79
     3
170
     0
171
     0
290
     0
174
     0
 93
       13
 44
0.0
173
     0
291
     0
 45
0.0
1001
ACAD
1000
AcDbSavedByObjectVersion
1070
     0
  0
DICTIONARYVAR
  5
146
102
{ACAD_REACTORS
330
5E
102
}
330
5E
100
DictionaryVariables
280
     0
  1
1:1
  0
DICTIONARYVAR
  5
145
102
{ACAD_REACTORS
330
5E
102
}
330
5E
100
DictionaryVariables
280
     0
  1
STANDARD
  0
DICTIONARYVAR
  5
84
102
{ACAD_REACTORS
330
5E
102
}
330
5E
100
DictionaryVariables
280
     0
  1
STANDARD
  0
DICTIONARYVAR
  5
4708
102
{ACAD_REACTORS
330
5E
102
}
330
5E
100
DictionaryVariables
280
     0
  1
Metric50
  0
DICTIONARYVAR
  5
4709
102
{ACAD_REACTORS
330
5E
102
}
330
5E
100
DictionaryVariables
280
     0
  1
Metric50
  0
DICTIONARYVAR
  5
5F
102
{ACAD_REACTORS
330
5E
102
}
330
5E
100
DictionaryVariables
280
     0
  1
2
  0
DICTIONARYVAR
  5
63
102
{ACAD_REACTORS
330
5E
102
}
330
5E
100
DictionaryVariables
280
     0
  1
1
  0
DICTIONARYVAR
  5
470A
102
{ACAD_REACTORS
330
5E
102
}
330
5E
100
DictionaryVariables
280
     0
  1
1
  0
DICTIONARYVAR
  5
470B
102
{ACAD_REACTORS
330
5E
102
}
330
5E
100
DictionaryVariables
280
     0
  1
15
  0
DICTIONARY
  5
4879
102
{ACAD_REACTORS
330
4877
102
}
330
4877
100
AcDbDictionary
281
     1
  0
DICTIONARY
  5
4878
102
{ACAD_REACTORS
330
4877
102
}
330
4877
100
AcDbDictionary
281
     1
  3
2247253934240
350
4872
  3
2247253934256
350
4873
  3
2247253934272
350
4874
  3
2247253934288
350
4875
  3
2247253934304
350
4876
  0
DICTIONARY
  5
475E
102
{ACAD_REACTORS
330
475D
102
}
330
475D
100
AcDbDictionary
281
     1
  0
DICTIONARY
  5
48B4
330
46F2
100
AcDbDictionary
280
     1
281
     1
  3
ACAD_XREC_ROUNDTRIP
360
48B5
  0
DICTIONARY
  5
48B0
330
16DF
100
AcDbDictionary
280
     1
281
     1
  3
ACAD_XREC_ROUNDTRIP
360
48B1
  0
DICTIONARY
  5
16BA
330
169E
100
AcDbDictionary
280
     1
281
     1
  3
ADSK_XREC_LAYOUTTHUMBNAIL
360
16BB
  0
DICTIONARY
  5
47D0
330
22
100
AcDbDictionary
280
     1
281
     1
  3
ADSK_XREC_LAYOUTTHUMBNAIL
360
47D1
  0
DICTIONARY
  5
173
330
EE
100
AcDbDictionary
280
     1
281
     1
  3
BUMPTILE
360
175
  3
DIFFUSETILE
360
174
  3
FBXASSET
360
4768
  3
OPACITYTILE
360
176
  3
REFLECTIONTILE
360
177
  0
DICTIONARY
  5
48B2
330
46F1
100
AcDbDictionary
280
     1
281
     1
  3
ACAD_XREC_ROUNDTRIP
360
48B3
  0
DICTIONARY
  5
48AE
330
16DD
100
AcDbDictionary
280
     1
281
     1
  3
ACAD_XREC_ROUNDTRIP
360
48AF
  0
DICTIONARY
  5
162
330
7F
100
AcDbDictionary
280
     1
281
     1
  3
ACAD_ROUNDTRIP_2008_TABLESTYLE_CELLSTYLEMAP
360
4870
  0
DICTIONARY
  5
4884
330
F5
100
AcDbDictionary
280
     1
281
     1
  3
ACAD_XREC_ROUNDTRIP
360
4885
  0
DICTIONARY
  5
4888
330
F7
100
AcDbDictionary
280
     1
281
     1
  3
ACAD_XREC_ROUNDTRIP
360
4889
  0
DICTIONARY
  5
4886
330
F6
100
AcDbDictionary
280
     1
281
     1
  3
ACAD_XREC_ROUNDTRIP
360
4887
  0
DICTIONARY
  5
4882
330
F4
100
AcDbDictionary
280
     1
281
     1
  3
ACAD_XREC_ROUNDTRIP
360
4883
  0
DICTIONARY
  5
4890
330
FB
100
AcDbDictionary
280
     1
281
     1
  3
ACAD_XREC_ROUNDTRIP
360
4891
  0
DICTIONARY
  5
4898
330
FF
100
AcDbDictionary
280
     1
281
     1
  3
ACAD_XREC_ROUNDTRIP
360
4899
  0
DICTIONARY
  5
488A
330
F8
100
AcDbDictionary
280
     1
281
     1
  3
ACAD_XREC_ROUNDTRIP
360
488B
  0
DICTIONARY
  5
488E
330
FA
100
AcDbDictionary
280
     1
281
     1
  3
ACAD_XREC_ROUNDTRIP
360
488F
  0
DICTIONARY
  5
48AC
330
16DB
100
AcDbDictionary
280
     1
281
     1
  3
ACAD_XREC_ROUNDTRIP
360
48AD
  0
DICTIONARY
  5
4896
330
FE
100
AcDbDictionary
280
     1
281
     1
  3
ACAD_XREC_ROUNDTRIP
360
4897
  0
DICTIONARY
  5
487A
330
F0
100
AcDbDictionary
280
     1
281
     1
  3
ACAD_XREC_ROUNDTRIP
360
487B
  0
DICTIONARY
  5
487C
330
F1
100
AcDbDictionary
280
     1
281
     1
  3
ACAD_XREC_ROUNDTRIP
360
487D
  0
DICTIONARY
  5
487E
330
F2
100
AcDbDictionary
280
     1
281
     1
  3
ACAD_XREC_ROUNDTRIP
360
487F
  0
DICTIONARY
  5
4880
330
F3
100
AcDbDictionary
280
     1
281
     1
  3
ACAD_XREC_ROUNDTRIP
360
4881
  0
DICTIONARY
  5
489C
330
16D3
100
AcDbDictionary
280
     1
281
     1
  3
ACAD_XREC_ROUNDTRIP
360
489D
  0
DICTIONARY
  5
48A8
330
16D9
100
AcDbDictionary
280
     1
281
     1
  3
ACAD_XREC_ROUNDTRIP
360
48A9
  0
DICTIONARY
  5
4894
330
FD
100
AcDbDictionary
280
     1
281
     1
  3
ACAD_XREC_ROUNDTRIP
360
4895
  0
DICTIONARY
  5
48AA
330
16DA
100
AcDbDictionary
280
     1
281
     1
  3
ACAD_XREC_ROUNDTRIP
360
48AB
  0
DICTIONARY
  5
488C
330
F9
100
AcDbDictionary
280
     1
281
     1
  3
ACAD_XREC_ROUNDTRIP
360
488D
  0
DICTIONARY
  5
48A6
330
16D8
100
AcDbDictionary
280
     1
281
     1
  3
ACAD_XREC_ROUNDTRIP
360
48A7
  0
DICTIONARY
  5
48A4
330
16D7
100
AcDbDictionary
280
     1
281
     1
  3
ACAD_XREC_ROUNDTRIP
360
48A5
  0
DICTIONARY
  5
489E
330
16D4
100
AcDbDictionary
280
     1
281
     1
  3
ACAD_XREC_ROUNDTRIP
360
489F
  0
DICTIONARY
  5
48A0
330
16D5
100
AcDbDictionary
280
     1
281
     1
  3
ACAD_XREC_ROUNDTRIP
360
48A1
  0
DICTIONARY
  5
4892
330
FC
100
AcDbDictionary
280
     1
281
     1
  3
ACAD_XREC_ROUNDTRIP
360
4893
  0
DICTIONARY
  5
489A
330
16D2
100
AcDbDictionary
280
     1
281
     1
  3
ACAD_XREC_ROUNDTRIP
360
489B
  0
DICTIONARY
  5
48A2
330
16D6
100
AcDbDictionary
280
     1
281
     1
  3
ACAD_XREC_ROUNDTRIP
360
48A3
  0
XRECORD
  5
4872
102
{ACAD_REACTORS
330
4878
102
}
330
4878
100
AcDbXrecord
280
     1
  1
AcDb_Thumbnail_Schema
102
{ATTRRECORD
341
4873
  2
AcDbDs::TreatedAsObjectData
280
     1
291
     1
102
ATTRRECORD}
102
{ATTRRECORD
341
4874
  2
AcDbDs::Legacy
280
     1
291
     1
102
ATTRRECORD}
  2
AcDbDs::ID
280
    10
 91
        8
102
{ATTRRECORD
341
4875
  2
AcDs:Indexable
280
     1
291
     1
102
ATTRRECORD}
102
{ATTRRECORD
341
4876
  2
AcDbDs::HandleAttribute
280
     7
282
     1
102
ATTRRECORD}
  2
Thumbnail_Data
280
    15
 91
        0
  0
XRECORD
  5
4873
102
{ACAD_REACTORS
330
4878
102
}
330
4878
100
AcDbXrecord
280
     1
  1
AcDbDs::TreatedAsObjectDataSchema
  2
AcDbDs::TreatedAsObjectData
280
     1
 91
        0
  0
XRECORD
  5
4874
102
{ACAD_REACTORS
330
4878
102
}
330
4878
100
AcDbXrecord
280
     1
  1
AcDbDs::LegacySchema
  2
AcDbDs::Legacy
280
     1
 91
        0
  0
XRECORD
  5
4875
102
{ACAD_REACTORS
330
4878
102
}
330
4878
100
AcDbXrecord
280
     1
  1
AcDbDs::IndexedPropertySchema
  2
AcDs:Indexable
280
     1
 91
        0
  0
XRECORD
  5
4876
102
{ACAD_REACTORS
330
4878
102
}
330
4878
100
AcDbXrecord
280
     1
  1
AcDbDs::HandleAttributeSchema
  2
AcDbDs::HandleAttribute
280
     7
 91
        1
284
     1
  0
XRECORD
  5
48B5
102
{ACAD_REACTORS
330
48B4
102
}
330
48B4
100
AcDbXrecord
280
     1
102
DISPLAYNAME
  1
Imperial24
102
FLAGS
 90
        0
  0
XRECORD
  5
48B1
102
{ACAD_REACTORS
330
48B0
102
}
330
48B0
100
AcDbXrecord
280
     1
102
DISPLAYNAME
  1
Metric50
102
FLAGS
 90
        0
  0
XRECORD
  5
16BB
102
{ACAD_REACTORS
330
16BA
102
}
330
16BA
100
AcDbXrecord
280
     1
310
2800000000010000B5000000010008000000000000B5000001000000010000000001000000000000FFFFFF00FFFFFF00FFFFFFFF000000FF000000FF000000FF000000FF000000FF000000FF000000FF000000FF330000FF660000FF990000FFCC0000FFFF0000FF003300FF333300FF663300FF993300FFCC3300FFFF3300
310
FF006600FF336600FF666600FF996600FFCC6600FFFF6600FF009900FF339900FF669900FF999900FFCC9900FFFF9900FF00CC00FF33CC00FF66CC00FF99CC00FFCCCC00FFFFCC00FF00FF00FF33FF00FF66FF00FF99FF00FFCCFF00FFFFFF00FF000033FF330033FF660033FF990033FFCC0033FFFF0033FF003333FF3333
310
33FF663333FF993333FFCC3333FFFF3333FF006633FF336633FF666633FF996633FFCC6633FFFF6633FF009933FF339933FF669933FF999933FFCC9933FFFF9933FF00CC33FF33CC33FF66CC33FF99CC33FFCCCC33FFFFCC33FF00FF33FF33FF33FF66FF33FF99FF33FFCCFF33FFFFFF33FF000066FF330066FF660066FF99
310
0066FFCC0066FFFF0066FF003366FF333366FF663366FF993366FFCC3366FFFF3366FF006666FF336666FF666666FF996666FFCC6666FFFF6666FF009966FF339966FF669966FF999966FFCC9966FFFF9966FF00CC66FF33CC66FF66CC66FF99CC66FFCCCC66FFFFCC66FF00FF66FF33FF66FF66FF66FF99FF66FFCCFF66FF
310
FFFF66FF000099FF330099FF660099FF990099FFCC0099FFFF0099FF003399FF333399FF663399FF993399FFCC3399FFFF3399FF006699FF336699FF666699FF996699FFCC6699FFFF6699FF009999FF339999FF669999FF999999FFCC9999FFFF9999FF00CC99FF33CC99FF66CC99FF99CC99FFCCCC99FFFFCC99FF00FF99
310
FF33FF99FF66FF99FF99FF99FFCCFF99FFFFFF99FF0000CCFF3300CCFF6600CCFF9900CCFFCC00CCFFFF00CCFF0033CCFF3333CCFF6633CCFF9933CCFFCC33CCFFFF33CCFF0066CCFF3366CCFF6666CCFF9966CCFFCC66CCFFFF66CCFF0099CCFF3399CCFF6699CCFF9999CCFFCC99CCFFFF99CCFF00CCCCFF33CCCCFF66CC
310
CCFF99CCCCFFCCCCCCFFFFCCCCFF00FFCCFF33FFCCFF66FFCCFF99FFCCFFCCFFCCFFFFFFCCFF0000FFFF3300FFFF6600FFFF9900FFFFCC00FFFFFF00FFFF0033FFFF3333FFFF6633FFFF9933FFFFCC33FFFFFF33FFFF0066FFFF3366FFFF6666FFFF9966FFFFCC66FFFFFF66FFFF0099FFFF3399FFFF6699FFFF9999FFFFCC
310
99FFFFFF99FFFF00CCFFFF33CCFFFF66CCFFFF99CCFFFFCCCCFFFFFFCCFFFF00FFFFFF33FFFFFF66FFFFFF99FFFFFFCCFFFFFFFFFFFFFF000000FF0D0D0DFF1A1A1AFF282828FF353535FF434343FF505050FF5D5D5DFF6B6B6BFF787878FF868686FF939393FFA1A1A1FFAEAEAEFFBBBBBBFFC9C9C9FFD6D6D6FFE4E4E4FF
310
F1F1F1FFFFFFFFFF000000FF000000FF000000FF000000FF000000FF000000FF000000FF000000FF000000FF000000FFECECECECECECECECECECECECECECECECECECECECECECECECECECECECECECECECECECECECECECECECECECECECECECECECECECECECECECECECECECECECECECECECECECECECECECECECECECECECECECEC
310
ECECECECECECECECECECECECECECECECECECECECECECECECECECECECECECECECECECECECECECECECECECECECECECECECECECECECECECECECECECECECECECECECECECECECECECECECECECECECECECECECECECECECECECECECECECECECECECECECECECECECECECECECECECECECECECECECECECECECECECECECECECECECECECEC
310
ECECECECECECECECECECECECECECECECECECECECECECECECECECECECECECECECECECECECECECECECECECECECECECECECECECECECECECECECECECECECECECECECECECECECECECECECECECECECECECECECECECECECECECECECECECECECECECECECECECECECECECECECECECECECECECECECECECECECECECECECECECECECECECEC
310
ECECECECECECECECECECECECECECECECECECECECECECECECECECECECECECECECECECECECECECECECECECECECECECECECECECECECECECECECECECECECECECECECECECECECECECECECECECECECECECECECECECECECECECECECECECECECECECECECECECECECECECECECECECECECECECECECECECECECECECECECECECECECECECEC
310
ECECECECECECECECECECECECECECECECECECECECECECECECECECECECECECECECECECECECECECECECECECECECECECECECECECECECEC0000000000000000000000000000000000000000000000000000000000000000000000000000000000000000000000000000000000000000000000000000000000000000000000000000
310
00000000000000000000000000000000000000000000000000000000000000000000000000000000000000000000000000000000000000000000000000000000000000000000000000000000000000000000000000000000000000000000000000000000000000000000000000000000000000000000000000000000000000
310
000000000000000000000000000000000000000000000000000000000000000000000000000000000000000000000000000000ECECECEC000000000000000000000000000000000000000000000000000000000000000000000000000000000000000000000000000000000000000000000000000000000000000000000000
310
00000000000000000000000000000000000000000000000000000000000000000000000000000000000000000000000000000000000000000000000000000000000000000000000000000000000000000000000000000000000000000000000000000000000000000000000000000000000000000000000000000000000000
310
0000000000000000000000000000000000000000000000000000000000000000000000000000000000000000000000000000000000ECECECEC00000000000000000000000000000000000000000000000000000000000000000000000000000000000000000000000000000000000000000000000000000000000000000000
310
00000000000000000000000000000000000000000000000000000000000000000000000000000000000000000000000000000000000000000000000000000000000000000000000000000000000000000000000000000000000000000000000000000000000000000000000000000000000000000000000000000000000000
310
00000000000000000000000000000000000000000000000000000000000000000000000000000000000000000000000000000000000000ECECECEC0000000000000000000000000000000000000000000000000000000000000000000000000000000000000000000000000000000000000000000000000000000000000000
310
00000000000000000000000000000000000000000000000000000000000000000000000000000000000000000000000000000000000000000000000000000000000000000000000000000000000000000000000000000000000000000000000000000000000000000000000000000000000000000000000000000000000000
310
000000000000000000000000000000000000000000000000000000000000000000000000000000000000000000000000000000000000000000ECECECEC000000000000000000000000000000000000000000000000000000000000000000000000000000000000000000000000000000000000000000000000000000000000
310
00000000000000000000000000000000000000000000000000000000000000000000000000000000000000000000000000000000000000000000000000000000000000000000000000000000000000000000000000000000000000000000000000000000000000000000000000000000000000000000000000000000000000
310
0000000000000000000000000000000000000000000000000000000000000000000000000000000000000000000000000000000000000000000000ECECECEC00000000000000000000000000000000000000000000000000000000000000000000000000000000000000000000000000000000000000000000000000000000
310
00000000000000000000000000000000000000000000000000000000000000000000000000000000000000000000000000000000000000000000000000000000000000000000000000000000000000000000000000000000000000000000000000000000000000000000000000000000000000000000000000000000000000
310
00000000000000000000000000000000000000000000000000000000000000000000000000000000000000000000000000000000000000000000000000ECECECEC0000000000000000000000000000000000000000000000000000000000000000000000000000000000000000000000000000000000000000000000000000
310
00000000000000000000000000000000000000000000000000000000000000000000000000000000000000000000000000000000000000000000000000000000000000000000000000000000000000000000000000000000000000000000000000000000000000000000000000000000000000000000000000000000000000
310
000000000000000000000000000000000000000000000000000000000000000000000000000000000000000000000000000000000000000000000000000000ECECECEC000000000000000000000000000000000000000000000000000000000000000000000000000000000000000000000000000000000000000000000000
310
00000000000000000000000000000000000000000000000000000000000000000000000000000000000000000000000000000000000000000000000000000000000000000000000000000000000000000000000000000000000000000000000000000000000000000000000000000000000000000000000000000000000000
310
0000000000000000000000000000000000000000000000000000000000000000000000000000000000000000000000000000000000000000000000000000000000ECECECEC00000000000000000000000000000000000000000000000000000000000000000000000000000000000000000000000000000000000000000000
310
00000000000000000000000000000000000000000000000000000000000000000000000000000000000000000000000000000000000000000000000000000000000000000000000000000000000000000000000000000000000000000000000000000000000000000000000000000000000000000000000000000000000000
310
00000000000000000000000000000000000000000000000000000000000000000000000000000000000000000000000000000000000000000000000000000000000000ECECECEC0000000000000000000000000000000000000000000000000000000000000000000000000000000000000000000000000000000000000000
310
00000000000000000000000000000000000000000000000000000000000000000000000000000000000000000000000000000000000000000000000000000000000000000000000000000000000000000000000000000000000000000000000000000000000000000000000000000000000000000000000000000000000000
310
000000000000000000000000000000000000000000000000000000000000000000000000000000000000000000000000000000000000000000000000000000000000000000ECECECEC000000000000000000000000000000000000000000000000000000000000000000000000000000000000000000000000000000000000
310
00000000000000000000000000000000000000000000000000000000000000000000000000000000000000000000000000000000000000000000000000000000000000000000000000000000000000000000000000000000000000000000000000000000000000000000000000000000000000000000000000000000000000
310
0000000000000000000000000000000000000000000000000000000000000000000000000000000000000000000000000000000000000000000000000000000000000000000000ECECECEC00000000000000000000000000000000000000000000000000000000000000000000000000000000000000000000000000000000
310
00000000000000000000000000000000000000000000000000000000000000000000000000000000000000000000000000000000000000000000000000000000000000000000000000000000000000000000000000000000000000000000000000000000000000000000000000000000000000000000000000000000000000
310
00000000000000000000000000000000000000000000000000000000000000000000000000000000000000000000000000000000000000000000000000000000000000000000000000ECECECEC0000000000000000000000000000000000000000000000000000000000000000000000000000000000000000000000000000
310
00000000000000000000000000000000000000000000000000000000000000000000000000000000000000000000000000000000000000000000000000000000000000000000000000000000000000000000000000000000000000000000000000000000000000000000000000000000000000000000000000000000000000
310
000000000000000000000000000000000000000000000000000000000000000000000000000000000000000000000000000000000000000000000000000000000000000000000000000000ECECECEC000000000000000000000000000000000000000000000000000000000000000000000000000000000000000000000000
310
00000000000000000000000000000000000000000000000000000000000000000000000000000000000000000000000000000000000000000000000000000000000000000000000000000000000000000000000000000000000000000000000000000000000000000000000000000000000000000000000000000000000000
310
0000000000000000000000000000000000000000000000000000000000000000000000000000000000000000000000000000000000000000000000000000000000000000000000000000000000ECECECEC00000000000000000000000000000000000000000000000000000000000000000000000000000000000000000000
310
00000000000000000000000000000000000000000000000000000000000000000000000000000000000000000000000000000000000000000000000000000000000000000000000000000000000000000000000000000000000000000000000000000000000000000000000000000000000000000000000000000000000000
310
00000000000000000000000000000000000000000000000000000000000000000000000000000000000000000000000000000000000000000000000000000000000000000000000000000000000000ECECECEC0000000000000000000000000000000000000000000000000000000000000000000000000000000000000000
310
00000000000000000000000000000000000000000000000000000000000000000000000000000000000000000000000000000000000000000000000000000000000000000000000000000000000000000000000000000000000000000000000000000000000000000000000000000000000000000000000000000000000000
310
000000000000000000000000000000000000000000000000000000000000000000000000000000000000000000000000000000000000000000000000000000000000000000000000000000000000000000ECECECEC000000000000000000000000000000000000000000000000000000000000000000000000000000000000
310
00000000000000000000000000000000000000000000000000000000000000000000000000000000000000000000000000000000000000000000000000000000000000000000000000000000000000000000000000000000000000000000000000000000000000000000000000000000000000000000000000000000000000
310
0000000000000000000000000000000000000000000000000000000000000000000000000000000000000000000000000000000000000000000000000000000000000000000000000000000000000000000000ECECECEC00000000000000000000000000000000000000000000000000000000000000000000000000000000
310
00000000000000000000000000000000000000000000000000000000000000000000000000000000000000000000000000000000000000000000000000000000000000000000000000000000000000000000000000000000000000000000000000000000000000000000000000000000000000000000000000000000000000
310
00000000000000000000000000000000000000000000000000000000000000000000000000000000000000000000000000000000000000000000000000000000000000000000000000000000000000000000000000ECECECEC0000000000000000000000000000000000000000000000000000000000000000000000000000
310
00000000000000000000000000000000000000000000000000000000000000000000000000000000000000000000000000000000000000000000000000000000000000000000000000000000000000000000000000000000000000000000000000000000000000000000000000000000000000000000000000000000000000
310
000000000000000000000000000000000000000000000000000000000000000000000000000000000000000000000000000000000000000000000000000000000000000000000000000000000000000000000000000000ECECECEC000000000000000000000000000000000000000000000000000000000000000000000000
310
00000000000000000000000000000000000000000000000000000000000000000000000000000000000000000000000000000000000000000000000000000000000000000000000000000000000000000000000000000000000000000000000000000000000000000000000000000000000000000000000000000000000000
310
0000000000000000000000000000000000000000000000000000000000000000000000000000000000000000000000000000000000000000000000000000000000000000000000000000000000000000000000000000000000ECECECEC00000000000000000000000000000000000000000000000000000000000000000000
310
000000000000000000000000000000000000000000000000000000000000000000000000000000000000000000000000000000000000000000000000000000000000000000000000000000000000000000000000000000000000000000000000000000C4C4C4C4C4C4C4C4C4C4C4C4C4C4C4C4C4C4C4C4C4C4C4C4C4C4C4C4
310
C4C4C4C4C4C4C4C4C4C4C4C4C4C4C4C4C4C4C4C4C4C4C4C4C4C4C4C4C4C4C4C4C4C4C4C4C4C4C4C4C4C4C4C4C4C4C4C4C4C4C4C4C4C4C4C40000000000000000000000000000000000000000000000000000000000000000000000ECECECEC0000000000000000000000000000000000000000000000000000000000000000
310
0000000000000000000000000000000000000000000000000000000000000000000000000000000000000000000000000000000000000000000000000000000000000000000000000000000000000000000000000000000000000000000000000000000000C400000000000000000000000000000000000000000000000000
310
000000000000000000000000000000000000000000000000000000000000000000000000000000000000000000000000000000000000000000C40000000000000000000000000000000000000000000000000000000000000000000000ECECECEC000000000000000000000000000000000000000000000000000000000000
310
00000000000000000000000000000000000000000000000000000000000000000000000000000000000000000000000000000000000000000000000000000000000000000000000000000000000000000000000000000000000000000000000000000000000000C40000000000000000000000000000000000000000000000
310
0000000000000000000000000000000000000000000000000000000000000000000000000000000000000000000000000000000000000000000000C40000000000000000000000000000000000000000000000000000000000000000000000ECECECEC00000000000000000000000000000000000000000000000000000000
310
000000000000000000000000000000000000000000000000000000000000000000000000000000000000000000000000000000000000000000000000000000000000000000000000000000000000000000000000000000000000000000000000000000000000000000C4000000000000000000000000000000000000000000
310
00000000000000000000000000000000000000000000000000000000000000000000000000000000000000000000000000000000000000000000000000C40000000000000000000000000000000000000000000000000000000000000000000000ECECECEC0000000000000000000000000000000000000000000000000000
310
0000000000000000000000000000000000000000000000000000000000000000000000000000000000000000000000000000000000000000000000000000000000000000000000000000000000000000000000000000000000000000000000000000000000000000000000C400000000000000000000000000000000000000
310
000000000000000000000000000000000000000000000000000000000000000000000000000000000000000000000000000000000000000000000000000000C40000000000000000000000000000000000000000000000000000000000000000000000ECECECEC000000000000000000000000000000000000000000000000
310
00000000000000000000000000000000000000000000000000000000000000000000000000000000000000000000000000000000000000000000000000000000000000000000000000000000000000000000000000000000000000000000000000000000000000000000000000C40000000000000000000000000000000000
310
0000000000000000000000000000000000000000000000000000000000000000000000000000000000000000000000000000000000000000000000000000000000C40000000000000000000000000000000000000000000000000000000000000000000000ECECECEC00000000000000000000000000000000000000000000
310
000000000000000000000000000000000000000000000000000000000000000000000000000000000000000000000000000000000000000000000000000000000000000000000000000000000000000000000000000000000000000000000000000000000000000000000000000000C4000000000000000000000000000000
310
00000000000000000000000000000000000000000000000000000000000000000000000000000000000000000000000000000000000000000000000000000000000000C40000000000000000000000000000000000000000000000000000000000000000000000ECECECEC0000000000000000000000000000000000000000
310
0000000000000000000000000000000000000000000000000000000000000000000000000000000000000000000000000000000000000000000000000000000000000000000000000000000000000000000000000000000000000000000000000000000000000000000000000000000000C400000000000000000000000000
310
000000000000000000000000000000000000000000000000000000000000000000000000000000000000000000000000000000000000000000000000000000000000000000C40000000000000000000000000000000000000000000000000000000000000000000000ECECECEC000000000000000000000000000000000000
310
00000000000000000000000000000000000000000000000000000000000000000000000000000000000000000000000000000000000000000000000000000000000000000000000000000000000000000000000000000000000000000000000000000000000000000000000000000000000000C40000000000000000000000
310
0000000000000000000000000000000000000000000000000000000000000000000000000000000000000000000000000000000000000000000000000000000000000000000000C40000000000000000000000000000000000000000000000000000000000000000000000ECECECEC00000000000000000000000000000000
310
000000000000000000000000000000000000000000000000000000000000000000000000000000000000000000000000000000000000000000000000000000000000000000000000000000000000000000000000000000000000000000000000000000000000000000000000000000000000000000C4000000000000000000
310
00000000000000000000000000000000000000000000000000000000000000000000000000000000000000000000000000000000000000000000000000000000000000000000000000C40000000000000000000000000000000000000000000000000000000000000000000000ECECECEC0000000000000000000000000000
310
0000000000000000000000000000000000000000000000000000000000000000000000000000000000000000000000000000000000000000000000000000000000000000000000000000000000000000000000000000000000000000000000000000000000000000000000000000000000000000000000C400000000000000
310
000000000000000000000000000000000000000000000000000000000000000000000000000000000000000000000000000000000000000000000000000000000000000000000000000000C40000000000000000000000000000000000000000000000000000000000000000000000ECECECEC000000000000000000000000
310
00000000000000000000000000000000000000000000000000000000000000000000000000000000000000000000000000000000000000000000000000000000000000000000000000000000000000000000000000000000000000000000000000000000000000000000000000000000000000000000000000C40000000000
310
0000000000000000000000000000000000000000000000000000000000000000000000000000000000000000000000000000000000000000000000000000000000000000000000000000000000C40000000000000000000000000000000000000000000000000000000000000000000000ECECECEC00000000000000000000
310
000000000000000000000000000000000000000000000000000000000000000000000000000000000000000000000000000000000000000000000000000000000000000000000000000000000000000000000000000000000000000000000000000000000000000000000000000000000000000000000000000000C4000000
310
00000000000000000000000000000000000000000000000000000000000000000000000000000000000000000000000000000000000000000000000000000000000000000000000000000000000000C40000000000000000000000000000000000000000000000000000000000000000000000ECECECEC0000000000000000
310
0000000000000000000000000000000000000000000000000000000000000000000000000000000000000000000000000000000000000000000000000000000000000000000000000000000000000000000000000000000000000000000000000000000000000000000000000000000000000000000000000000000000C400
310
000000000000000000000000000000000000000000000000000000000000000000000000000000000000000000000000000000000000000000000000000000000000000000000000000000000000000000C40000000000000000000000000000000000000000000000000000000000000000000000ECECECEC000000000000
310
00000000000000000000000000000000000000000000000000000000000000000000000000000000000000000000000000000000000000000000000000000000000000000000000000000000000000000000000000000000000000000000000000000000000000000000000000000000000000000000000000000000000000
310
C400000000000000000000000000000000000000000000000000000000000000000000000000000000000000000000000000000000000000000000000000000000000000000000000000000000000000000000C40000000000000000000000000000000000000000000000000000000000000000000000ECECECEC00000000
310
00000000000000000000000000000000000000000000000000000000000000000000000000000000000000000000000000000000000000000000000000000000000000000000000000000000000000000000000000000000000000000000000000000000000000000000000000000000000000000000000000000000000000
310
0000C400000000000000000000000000000000000000000000000000000000000000000000000000000000000000000000000000000000000000000000000000000000000000000000000000000000000000000000C40000000000000000000000000000000000000000000000000000000000000000000000ECECECEC0000
310
00000000000000000000000000000000000000000000000000000000000000000000000000000000000000000000000000000000000000000000000000000000000000000000000000000000000000000000000000000000000000000000000000000000000000000000000000000000000000000000000000000000000000
310
00000000C400000000000000000000000000000000000000000000000000000000000000000000000000000000000000000000000000000000000000000000000000000000000000000000000000000000000000000000C40000000000000000000000000000000000000000000000000000000000000000000000ECECECEC
310
00000000000000000000000000000000000000000000000000000000000000000000000000000000000000000000000000000000000000000000000000000000000000000000000000000000000000000000000000000000000000000000000000000000000000000000000000000000000000000000000000000000000000
310
000000000000C400000000000000000000000000000000000000000000000000000000000000000000000000000000000000000000000000000000000000000000000000000000000000000000000000000000000000000000C40000000000000000000000000000000000000000000000000000000000000000000000ECEC
310
ECEC0000000000000000000000000000000000000000000000000000000000000000000000000000000000000000000000000000000000000000000000000000000000000000000000000000000000000000000000000000000000000000000000000000000000000000000000000000000000000000000000000000000000
310
0000000000000000C400000000000000000000000000000000000000000000000000000000000000000000000000000000000000000000000000000000000000000000000000000000000000000000000000000000000000000000C40000000000000000000000000000000000000000000000000000000000000000000000
310
ECECECEC000000000000000000000000000000000000000000000000000000000000000000000000000000000000000000000000000000000000000000000000000000000000000000000000000000000000000000000000000000000000000000000000000000000000000000000000000000000000000000000000000000
310
00000000000000000000C400000000000000000000000000C4000000000000000000000000000000000000000000000000000000C40000000000000000000000000000000000000000000000000000C400000000000000000000000000C4000000000000000000000000000000000000000000000000000000000000000000
310
0000ECECECEC00000000000000000000000000000000000000000000000000000000000000000000000000000000000000000000000000000000000000000000000000000000000000000000000000000000000000000000000000000000000000000000000000000000000000000000000000000000000000000000000000
310
000000000000000000000000C400000000000000000000000000000000000000000000000000000000000000000000000000000000000000000000000000000000000000000000000000000000000000000000000000000000000000000000C400000000000000000000000000000000000000000000000000000000000000
310
00000000ECECECEC0000000000000000000000000000000000000000000000000000000000000000000000000000000000000000000000000000000000000000000000000000000000000000000000000000000000000000000000000000000000000000000000000000000000000000000000000000000000000000000000
310
0000000000000000000000000000C400000000000000000000000000000000000000000000000000000000000000000000000000000000000000000000000000000000000000000000000000000000000000000000000000000000000000000000C40000000000000000000000000000000000000000000000000000000000
310
000000000000ECECECEC000000000000000064646464646464646464646464646464646464646464646464646464646464646464646464646464646464646464646464000000000000000000000000000000000000000000000000000000000000000000000000000000000000000000000000000000000000000000000000
310
00000000000000000000000000000000C400000000000000000000000000000000000000000000000000000000000000000000000000000000000000000000000000000000000000000000000000000000000000000000000000000000000000000000C4000000000000000000000000000000000000000000000000000000
310
0000000000000000ECECECEC00000000000000006464646464646464646464646464646464646464646464646464646464646464646464646464646464646464646464646464640000000000000000000000000000000000000000000000000000000000000000000000000000000000000000000000000000000000000000
310
000000000000000000000000000000000000C400000000000000000000000000000000000000000000000000000000000000000000000000000000000000000000000000000000000000000000000000000000000000000000000000000000000000000000C400000000000000000000000000000000000000000000000000
310
00000000000000000000ECECECEC0000000000000000640000000064640000006464000000000000000000006464000000000000000000006464000000000000646400000000640064000000000000000000000000000000000000000000000000000000000000000000000000000000000000000000000000000000000000
310
0000000000000000000000000000000000000000C400000000000000000000000000000000000000000000000000000000000000000000000000000000000000000000000000000000000000000000000000000000000000000000000000000000000000000000C40000000000000000000000000000000000000000000000
310
000000000000000000000000ECECECEC000000000000000064646464646464646464646464646464646464646464646464646464646464646464006400000000006464646464646464646464646464646464646464646464646464646464646464646464646464000000000000000000000000000000000000000000000000
310
00000000000000000000000000000000000000000000C400000000000000000000000000000000000000000000000000000000000000000000000000000000000000000000000000000000000000000000000000000000000000000000000000000000000000000000C4000000000000000000000000000000000000000000
310
0000000000000000000000000000ECECECEC0000000000000000640064006400006400006464000064000000640000646400006400000064000000640064000000000064000000000000640064000000000064640000000000640000000064000064000064640000640000000000000000000000000000000000C4C4C4C4C4
310
C4C4C4C4C4C4C4C4C4C4C4C4C4C4C4C4C4C4C4C4C4000000C400000000000000000000000000000000000000000000000000000000000000000000000000000000000000000000000000000000000000000000000000000000000000000000000000000000000000000000C4000000C4C4C4C4C4C4C4C4C4C4C4C4C4C4C4C4
310
C4C4C4C4C4C4C4C4C4C4000000000000ECECECEC0000000000000000646464006400000000006464000000000000640000000000006400000000000000640064000000000064000000000000640064000000000000000000000000646464646464646464646464646464640000000000000000000000000000000000C40000
310
00000000000000000000000000000000000000000000C4000000C400000000000000000000000000000000000000000000000000000000000000000000000000000000000000000000000000000000000000000000000000000000000000000000000000000000000000000000C4000000C400000000000000000000000000
310
0000000000000000000000C4000000000000ECECECEC646464646464646464C464C464C4C4C4C4C46464C4C4C4C4C4C464C4C4C4C4C4C464C4C4C4C4C4C4C464C464C4C4C4C4C464C4C4C4C4C4C464C464C4C4C4C4C4C4C4C4C4C4C4C464C4C4C4C464C4C464C4C464C4C4C4646464646464000000000000000000000000C4
310
000000000000000000000000000000000000000000000000C4000000C400000000000000000000000000000000000000000000000000000000000000000000000000000000000000000000000000000000000000000000000000000000000000000000000000000000000000000000C4000000C40000000000000000000000
310
00000000000000000000000000C4000000000000ECECECEC6400646400646400C40064006400000000006464000000000000640000000000006400000000000000640064000000000064000000000000640064000000000000000000000000640000000064000064000064006464C4640064640000000000000000000000C4
310
C4C4000000000000000000000000000000000000000000000000C4000000C400000000C400000000000000000000000000000000000000000000000000000000000000000000000000000000000000000000000000000000000000000000000000000000000000000000000000C4000000C4000000C4000000000000000000
310
000000000000000000000000000000C4C4C400000000ECECECEC640064640064646464646464646464646464C46464646464646464646464646464C4646464646464646464646464646464646464646464646464646464646464646464646464646464646464646464646464646464C4C46400646400000000000000000000
310
00C40000000000000000000000000000000000000000000000000000C4000000C4000000C400C40000000000000000000000000000000000000000000000000000000000000000000000000000000000000000000000000000000000000000000000000000000000000000000000C400C40000C4000000C400000000000000
310
00000000000000000000000000000000000000C400000000ECECECEC640064646464646464646464646464646464646464646464646464C4646464646464C464646464646464C464000000000064000000000000640064000000000000000000000000640000000064000064000064646400C4640064640000000000000000
310
000000C40000000000000000000000000000000000000000000000000000C4000000C400000000C4000000000000000F000000000000000F0000000000000F000000000000000F000000000000000000000000000000000000000000000000000000000000000000000000000000000000C4000000C4000000C40000000000
310
00000000C40000000000000000C400000000000000C400000000ECECECEC6400646464640000C4646400640000000064C464000000006464C4000000006464C400000000006464C40064000000000064000000000000640064000000000000000000000000640000000064000064000064646400C464006464000000000000
310
0000000000C40000000000000000000000000000000000000000000000000000C4000000C40000000000000000000000000F000000000000000F0000000000000F000000000000000F00000000000000000000000000000000000000000000000000000000000000000000000000000000000000000000C4000000C4000000
310
0000000000C400C4000000000000C400C4000000000000C400000000ECECECEC6400646464640000C40064006400000000646464000000006400640000000000646400000000006400640064000000000064000000000000640064000000000000000000000000640000000064000064000064006400C46400646400000000
310
00000000000000C40000000000000000000000000000000000000000000000000000C4000000C40000000000000000000000000F000000000000000F0000000000000F000000000000000F00000000000000000000000000000000000000000000000000000000000000000000000000000000000000000000C4000000C400
310
000000000000C4000000C400000000C4000000C40000000000C400000000ECECECEC6400646400640000C40064006400000000006464000000000000640000000000006400000000000000640064000000000064000000000000640064000000000000000000000000640000000064000064000064006400C4640064640000
310
000000000000000000C40000000000000000000000000000000000000000000000000000C4000000C40000000000000000000000000F000000000000000F0000000000000F000000000000000F00000000000000000000000000000000000000000000000000000000000000000000000000000000000000000000C4000000
310
C40000000000000000C400C4000000000000C400C4000000000000C400000000ECECECEC6400646400640000C40064006400000000006464000000000000640000000000006400000000000000640064000000000064000000000000640064000000000000000000000000640000000064000064000064006400C464006464
310
0000000000000000000000C40000000000000000000000000000000000000000000000000000C4000000C40000000000000000000000000F000000000000000F0000000000000F000000000000000F00000000000000000000000000000000000000000000000000000000000000000000000000000000000000000000C400
310
0000C4000000000000000000C40000000000000000C400000000000000C400000000ECECECEC6400646400640000C400640064640000000064640000000000006400000000000064000000000000006400640000000000C46400000000006400640000000000000000000000006400000000640000C4640064006400C46400
310
64640000000000000000000000C40000000000000000000000000000000000000000000000000000C4000000C40000000000000000000000000F000000000000000F0000000000000F000000000000000F00000000000000000000000000000000000000000000000000000000000000000000000000000000000000000000
310
C4000000C40000000000000000000000000000000000000000000000000000C400000000ECECECEC64646464006464646464646464C400000000646400000000000064000000000000640000000000000064006464646464C46464646464646464646464646464646464646464646464646464646464C46464646464646464
310
640064640000000000000000000000C40000000000000000000000000000000000000000000000000000C4000000C40000000000000F00000000000F000000000000000F0000000000000F000000000000000F000000000000000F0F0F0F0F0F0F0F0F0F0F0F0F0F0F0F0F0F0F0F0F0F0F0F0F0F0F0F0F0F0F000000000000
310
0000C4000000C40000000000000000000000000000000000000000000000000000C400000000ECECECEC6464646400640000C4006464C4000000000064640000000000006400000000000064000000000000006400640000000064640000000000006400640000000000000000000000006400000000640064640000640064
310
00C4006464640000000000000000000000C40000000000000000000000000000000000000000000000000000C4000000C40000000000000F00000000000F000000000000000F0000000000000F000000000000000F000000000000000000000000000000000000000000000000000000000000000000000000000000000000
310
00000000C4000000C40000000000000000000000000000000000000000000000000000C400000000ECECECEC6400646464640000C40064646400000000006464000000000000640000000000006400000000000000640064000000006400000000000000640064000000000000000000000000640000000064006400000064
310
006400C4006464640000000000000000000000C40000000000000000000000000000000000000000000000000000C4000000C40000000000000F00000000000F000000000000000F0000000000000F000000000000000F00000000000000000000000000000000000000000000000000000000000000000000000000000000
310
000000000000C4000000C40000000000000000000000000000000000000000000000000000C400000000ECECECEC6400646400640000C4006400646400000000646400000000000064000000000000640000000000000064006400000000000000000000000064006400000000000000000000000064000000006400000000
310
0064006400C4000064640000000000000000000000C40000000000000000000000000000000000000000000000000000C4000000C40000000000000F00000000000F000000000000000F0000000000000F000000000000000F0000000000000000000000000000000000000000000000000000000000000000000000000000
310
0000000000000000C4000000C40000000000000000000000000000000000000000000000000000C400000000ECECECEC64006464006464646464646464C400000000C46400000000000064640000000000C4640000000000006464640000000000000000000000006400640000000000000000000000006400000000640000
310
00000064006400C4000064640000000000000000000000C40000000000000000000000000000000000000000000000000000C4000000C40000000000000F00000000000F000000000000000F0000000000000F000000000000000F000000000000000000000000000000000000000000000000000000000000000000000000
310
00000000000000000000C4000000C40000000000000000000000000000000000000000000000000000C400000000ECECECEC640064646464646464646464646464646464646464646464646464C4646464646464C464646464646464C464000000000000000000000000640064000000000000000000000000640000000064
310
000000000064006400C4000064640000000000000000000000C40000000000000000000000000000000000000000000000000000C4000000C40000000000000000000000000F000000000000000F0000000000000F000000000000000F00000000000000000000000000000000000000000000000000000000000000000000
310
000000000000000000000000C4000000C40000000000000000000000000000000000000000000000000000C400000000ECECECEC6400640000000000C40064640000000000646464000000006464C4000000006464C400000000006464C4006400000000000000000000000064006400000000000000000000000064000000
310
0064000000000064006400C4000064640000000000000000000000C40000000000000000000000000000000000000000000000000000C4000000C40000000000000000000000000000000000000000000000000000000000000000000000000000000000000000000000000000000000000000000000000000000000000000
310
0000000000000000000000000000C4000000C40000000000000000000000000000000000000000000000000000C400000000ECECECEC6400640000000000C400640000000000006400640000000064640000000000006400000000000064000000640000000000000000000000006400640000000000000000000000006400
310
00000064000000000064006400C4000064640000000000000000000000C40000000000000000000000000000000000000000000000000000C4000000C4000000000000000000000000000000000000000000000000000000000000000000000000000000000000000000000000000000000000000000000000000000000000
310
00000000000000000000000000000000C4000000C40000000000000000000000000000000000000000000000000000C400000000ECECECEC6400640000000000C40064000000000000000064000000000000000000000000000000000000000000000064000000000000000000000000640064000000000000000000000000
310
640000000064000000000064006400C4000064640000000000000000000000C40000000000000000000000000000000000000000000000000000C4000000C400000000000000000000000000000000000000000000000000000000000000000000000000000000000000000000000000000000000000000000000000000000
310
000000000000000000000000000000000000C4000000C40000000000000000000000000000000000000000000000000000C400000000ECECECEC64646464646464646464646464646464646464646464646464646464646464646464646464646464646464646464646464646464646464646464C464000000000000000000
310
0000640000000064000000000064006400C4000064640000000000000000000000C40000000000000000000000000000000000000000000000000000C4000000C4000000000000000000000000000F0F0F0F0F0F0F0F0F0F0F0F0F0F0F0F0F0F0F0F0F0F0F0F0F0F0F0F0F0F0F0F0F0F0F0F0F0F0F0F000000000000000000
310
0000000000000000000000000000000000000000C4000000C40000000000000000000000000000000000000000000000000000C400000000ECECECEC6400000000000000C4006400000000000000646400000000000000000000000000000000000000000000640000000000000000000000000064646400000000C4640000
310
0000000064000000006400000000006400C464C4000064640000000000000000000000C40000000000000000000000000000000000000000000000000000C4000000C4000000000000000000000000000000000000000000000000000000000000000000000000000000000000000000000000000000000000000000000000
310
00000000000000000000000000000000000000000000C4000000C40000000000000000000000000000000000000000000000000000C400000000ECECECEC6400000000000000C40064000000000000646464000000000000000000000000000000000000000000646400000000000000000000000000646464000000C46464
310
646464646464646464646464646464646464C464C464646464640000000000000000000000C40000000000000000000000000000000000000000000000000000C4000000C40000000000000000000000000000000000000000000000000000000000000000000000000000000000000000000000000000000000000000000F
310
0F0F0F0F0F0F0F0F0F0F0F0F0F0F0F0F0F0F0F0F0F000000C4000000C40000000000000000000000000000000000000000000000000000C400000000ECECECEC6400000000000000C4006400000000000000006400000000000000000000000000000000000000000000000000000000000000000000000064000000000064
310
640000000000000064000000006400000000006464C400C4000000640000000000000000000000C40000000000000000000000000000000000000000000000000000C4000000C40000000000000000000000000000000000000000000000000000000000000000000000000000000000000000000000000000000000000000
310
000F00000000000000000000000000000000000000000F000000C4000000C40000000000000000000000000000000000000000000000000000C400000000ECECECEC6400000000000000C400640000000000000000640000000000000000000000000000000000000000000000000000000000000000000000006400000000
310
00646400000000000000640000000064000000000064646400C4000000640000000000000000000000C40000000000000000000000000000000000000000000000000000C4000000C4000000000000000000000000000000000000000000000000000000000000000000000000000000000000000000000000000000000000
310
0000000F00000000000000000000000000000000000000000F000000C4000000C40000000000000000000000000000000000000000000000000000C400000000ECECECEC6400000000000000C40064640000000000000064000000000000000000000000000000000000000000000000000000000000000000000000640000
310
000000006400000000000000640000000064000000000064006400C4000000640000000000000000000000C40000000000000000000000000000000000000000000000000000C4000000C40000000000000000000000000000000000000F0F0F000F0F0F000000000F0F0F000F0F0F0F00000F0F0F0F0F000F000000000000
310
00000000000F00000000000000000000000000000000000000000F000000C4000000C40000000000000000000000000000000000000000000000000000C400000000ECECECEC646464646464646464646400000000000000006400000000000000000000000000000000000000000000000000000000000000000000000064
310
0000000000006400000000000000640000000064000000000064006400C4000000640000000000000000000000C40000000000000000000000000000000000000000000000000000C4000000C4000000000F000000000000000000000000000F0F0F0F0F0F0F000000000F000F000F0F0F0F0F0F0F0F0F0F0F0F0F00000000
310
000000000000000F00000000000000000000000000000000000000000F000000C4000000C40000000000000000000000000000000000000000000000000000C400000000ECECECEC6400640000000000C464640000000000000000640000000000000000000000000000000000000000000000000000000000000000000000
310
00640000000000006400000000000000640000000064000000000064006400C4000000640000000000000000000000C40000000000000000000000000000000000000000000000000000C4000000C4000000000F000000000000000000000000000F0F0F000F0F0F00000F0F0F0F0F0F0F0F0F0F0F0F0F0F0F0F0F000F0F00
310
0000000000000000000F00000000000000000000000000000000000000000F000000C4000000C40000000000000000000000000000000000000000000000000000C400000000ECECECEC6400640000000000C46464000000000000000064000000000000000000000000000000000000000000000000000000000000000000
310
0000006400000000000064000000000000006400000000640000000000C4646400C4000000640000000000000000000000C40000000000000000000000000000000000000000000000000000C4000000C4000000000F00000000000000000000000000000F00000000000000000F0000000000000000000000000000000000
310
0F000000000000000000000F00000000000000000000000000000000000000000F000000C4000000C40000000000000000000000000000000000000000000000000000C400000000ECECECEC6400640000000000C4006400000000000000006400000000000000000000000000000000000000000000000000000000000000
310
0000000000640000000000006400000000000000640000000064000000646464C4646464646464646400000000000000000000C40000000000000000000000000000000000000000000000000000C4000000C4000000000F000000000000000000000000000000000000000000000000000000000000000000000000000000
310
000000000000000000000000000F0000000000000000000000000000000000000F000F000000C4000000C40000000000000000000000000000000000000000000000000000C400000000ECECECEC6400640000000000C400640000000000000000640000000000000000000000000000000000000000000000000000000000
310
000000000000006400000000000064000000000000006400000000640000006464C4006400C4000000640000000000000000000000C40000000000000000C40000000000000000000000000000000000C4000000C4000000000F00000000000000000000000000000000000000000000000000000000000000000000000000
310
0000000000000000000000000000000F0000000000000000000000000000000000000F000F000000C4000000C40000000000000000000000000000000000000000000000000000C400000000ECECECEC6400640000000000C40064000000000000000064640000000000000000000000000000000000000000000000000000
310
000000000000000000640000000000006400000000000000640000000064000000646464006400C4000000640000000000000000000000C400000000000000C400C400000000000000000000000000000000C4000000C4000000000F0000000000000000000000000000000000000000000000000000000000000000000000
310
00000000000000000000000000000000000F0000000000000000000000000000000000000F000F000000C4000000C40000000000000000000000000000000000000000000000000000C400000000ECECECEC6464646464646464646464646464646464646464C4646464646464646464646464646464646464646464646464
310
646464646464646464646464C4000000000064000000000000006400000000C4640000640064646400C4000000640000000000000000000000C4000000000000C4000000C4000000000000000000000000000000C4000000C4000000000F00000000000000000F0F0F0F0F0F0F0F0F0F0F0F0F0F0F0F0F0F0F0F0F0F0F0F0F
310
0F0F0F0F0F0F0F0F0F0F0F0F000000000000000F0000000000000000000000000000000000000F000F000000C4000000C40000000000000000000000000000000000000000000000000000C400000000ECECECEC0000640000000000C400640000000000000064C40000000000000000000000000000000000000000000000
310
00000000000000000000006464C40000000000006400000000000000640000646464C4646464646464646464646464646400000000000000000000C400000000000000C400C400000000000000000000000000000000C4000000C4000000000F00000000000000000000000000000000000000000000000000000000000000
310
0000000000000000000000000000000000000000000F0000000000000000000000000F00000000000F000F000000C4000000C40000000000000000000000000000000000000000000000000000C400000000ECECECEC0064640000000000C40064000000000000000000000000000000000000000000000000000000000000
310
0000000000000000000000000000000000000000000064000000000000006400006464C4000000006464006400C4000000640000000000000000000000C40000000000000000C40000000000000000000000000000000000C4000000C4000000000F000000000000000000000F000000000000000000000000000000000000
310
00000000000000000000000000000000000000000000000F0000000000000000000000000F000000000000000F000000C4000000C40000000000000000000000000000000000000000000000000000C400000000ECECECEC0000640000000000C4006400000000000000000000000000000000000000000000000000000000
310
0000000000000000000000000000000000000000000000006400000000000000640000646464640000000000006400C4000000640000000000000000000000C40000000000000000000000000000000000000000000000000000C4000000C4000000000F0000000000000000000F0F0F0F0F0F0F000F0F0F0F0F0F0F0F0F0F
310
0F0F0F0F0F0F00000F0F000F000F0F0F0F0F0F0F0F0F0F0F0F0F0000000000000000000000000F000000000000000F000000C4000000C40000000000000000000000000000000000000000000000000000C400000000ECECECEC0000640000000000C400640000000000000000000000000000000000000000000000000000
310
00000000000000000000000000000000000000000000000000006400000000000000C40000646464640000000000006400C4000000640000000000000000000000C40000000000000000000000000000000000000000000000000000C4000000C4000000000F00000000000000000F0F0F0F000F000F0F0F0F0F0F0F0F0F0F
310
0F000F0F0F0F0F0F00000F0F0F0F0F0F0F0F0F0F0F0F0F0F0F0F0F0F0000000000000000000000000F000000000000000F000000C4000000C40000000000000000000000000000000000000000000000000000C400000000ECECECEC0000640000000000C40064000000000000000000000000000000000000000000000000
310
00000000000000000000000000000000000000000000000000000000640000000064646464C46464646464646464646464646464646464646400000000000000000000C40000000000000000000000000000000000000000000000000000C4000000C4000000000F0000000000000000000F00000000000000000000000000
310
00000000000000000000000000000000000000000000000000000000000F0000000000000F000000000000000000000000000F000000C4000000C40000000000000000000000000000000000000000000000000000C400000000ECECECEC0000640000000000C4006400000000000000000000000000000000000000000000
310
0000000000000000000000000000000000000000000000000000000000006400000000646464C40000006464000000000000006400C4000000000000000000000000000000C40000000000000000000000000000000000000000000000000000C4000000C4000000000F000000000000000000000000000000000000000000
310
000000000000000000000000000000000000000000000000000000000000000F0000000000000F000000000000000000000000000F000000C4000000C40000000000000000000000000000000000000000000000000000C400000000ECECECEC00006400000000006464646464646464646464646464646464646464646464
310
64646464646464646464646464646464646464646464646464646464000000006400000000646464640000000000000000000000006400C4000000000000000000000000000000C40000000000000000C4C400000000000000000000000000000000C4000000C4000000000F00000000000000000000000000000000000000
310
0000000000000000000000000000000000000000000000000000000000000000000F0000000000000F000000000000000000000000000F000000C4000000C40000000000000000000000000000000000000000000000000000C400000000ECECECEC0000640000000000640064646400006464000000000000000000000000
310
000000000000006464000000000000000000000000000000000000000064000000006400000000646464640000000000000000000000006400C4000000000000000000000000000000C400000000000000C400C400000000000000000000000000000000C4000000C4000000000F0000000000000000000000000000000000
310
00000000000000000000000000000000000000000000000000000000000000000000000F0000000000000F000000000000000000000000000F000000C4000000C40000000000000000000000000000000000000000000000000000C400000000ECECECEC000064000000000064646464646464646464646464646464646464
310
6464646464646464646464646464646464646464646464646464646464640064000000006400000000000064000000000000000000000000006400C4000000000000000000000000000000C40000000000000000C4C400000000000000000000000000000000C4000000C4000000000F000000000000000000000000000000
310
000000000000000000000000000000000000000000000000000000000000000000000000000F00000000000000000000000000000000000000000F000000C4000000C40000000000000000000000000000000000000000000000000000C400000000ECECECEC00646464646464646464640064000064646400000000000000
310
00000064640000000000000000000064640000000000006400000000000000646464000000006400000000000064000000000000000000000000006400C4000000000000000000000000000000C40000000000000000000000000000000000000000000000000000C4000000C4000000000F00000000000000000000000000
310
0000000000000000000000000000000000000000000000000000000000000000000000000000000F00000000000000000000000000000000000000000F000000C4000000C40000000000000000000000000000000000000000000000000000C400000000ECECECEC6464646464646464646464646464646464646464646464
310
646464646464646464646464646464646464646464646464646464646464646464640064000000006400000000000000000000000000000000000000006400C4000000000000000000000000000000C40000000000000000000000000000000000000000000000000000C4000000C4000000000F00000000000F0F0F0F0F0F
310
0F0F0F0F0F0F0F0F0F0F0F0F0F0F0F0F0F0F0F0F0F0F0F0F0F0F0F0F0F0F0F0F0F0F0F0000000000000F00000000000000000000000000000000000000000F000000C4000000C40000000000000000000000000000000000000000000000000000C400000000ECECECEC6400640000000000C4006400000000646400000000
310
0000000000000000000000000000000000006464000000000000000000000000000064640064000000006400000000000000000000000000000000000000006400C4000000000000000000000000000000C40000000000000000000000000000000000000000000000000000C4000000C4000000000F000000000000000000
310
000000000000000000000000000000000000000000000000000000000000000000000000000000000000000F00000000000000000000000000000000000000000F000000C4000000C40000000000000000000000000000000000000000000000000000C400000000ECECECEC6400640000000000C400640000000064640000
310
00000000000000000000000000000000000000000064000000000000000000000000000000640064000000006400000000000000000000000000000000000000006400C4000000000000000000000000000000C40000000000000000000000000000000000000000000000000000C4000000C4000000000F00000000000000
310
0000000000000000000000000000000000000000000000000000000000000000000000000000000000000000000F00000000000000000000000000000000000000000F000000C4000000C40000000000000000000000000000000000000000000000000000C400000000ECECECEC6400640000000000C4006400000000C464
310
0000000000000000000000000000000000000000000000640000000000000000000000000000006400C464000000C46400000000000000000000000000000000000000C464C4000000000000000000000000000000C40000000000000000000000000000000000000000000000000000C4000000C4000000000F0000000000
310
00000000000000000000000000000000000000000000000000000000000000000000000000000000000000000000000F00000000000000000000000000000000000000000F000000C4000000C40000000000000000000000000000000000000000000000000000C400000000ECECECEC6400646464646464646464646464C4
310
646464646464646464646464646464646464646464646464646464646464646464646464646464646464C464640000C46464646464646464646464646464646464646464C4646464646464646400000000000000000000C40000000000000000000000000000000000000000000000000000C4000000C4000000000F000000
310
000F0F0F0F0F0F0F0F0F0F0F0F0F0F0F0F0F0F0F0F0F0F0F0F0F0F0F0F0F0F0F0F0F0F0F0F0F0F0F0F0F0F0F0F000000000F0F0F0F0F0F0F0F0F0F0F0F0F0F0F0F0F0F0F0F0F0F000000C4000000C40000000000000000000000000000000000000000000000000000C400000000ECECECEC6400646400000000C400640000
310
00646464000000000000000000000000000000000000000000000064000000000000000000000000000000646464000000006400000000000000000000000000000000000000646400C4000000640000000000000000000000C40000000000000000000000000000000000000000000000000000C4000000C4000000000F00
310
00000000000000000000000000000000000000000000000000000000000000000000000000000000000000000000000000000000000000000000000000000000000000000000000000000000C4000000C40000000000000000000000000000000000000000000000000000C400000000ECECECEC6400646400000000C40064
310
000000640064000000000000000000000000000000000000000000000064000000000000000000000000000000646464000000646400000000000000000000000000000000000064646400C4000000640000000000000000000000C40000000000000000000000000000000000000000000000000000C4000000C400000000
310
0F0000000000000000000000000000000000000000000000000000000000000000000000000000000000000000000000000000000000000000000000000000000000000000000000000000000000C4000000C40000000000000000000000000000000000000000000000000000C400000000ECECECEC6400646400000000C4
310
0064000000000064000000000000000000000000000000000000000000000064000000000000000000000000000000640000000000006400000000000000000000000000000000000000006400C4000000640000000000000000000000C40000000000000000000000000000000000000000000000000000C4000000C40000
310
00000F0000000000000000000000000000000000000000000000000000000000000000000000000000000000000000000000000000000000000000000000000000000000000000000000000000000000C4000000C40000000000000000000000000000000000000000000000000000C400000000ECECECEC64006464000000
310
00C40064000000000064640000000000000000000000000000000000000000000064640000000000000000000000000000646400000000006400000000000000000000000000000000000000006400C4000000640000000000000000000000C40000000000000000000000000000000000000000000000000000C4000000C4
310
000000000F0000000000000000000000000000000000000000000000000000000000000000000000000000000000000000000000000000000000000000000000000000000000000000000000000000000000C4000000C40000000000000000000000000000000000000000000000000000C400000000ECECECEC6464646464
310
646464646464646464646464646464646464646464646464646464646464646464646464646464646464646464646464646464640000000000006400000000000000000000000000000000000000006400C4000000640000000000000000000000C40000000000000000000000000000000000000000000000000000C40000
310
00C4000000000F00000000000F0F0F0F0F0F0F0F0F0F0F0F0F0F0F0F0F0F0F0F0F0F0F0F0F0F0F0F0F0F0F0F0F0F0F0F0F0F0F0F0F00000000000000000000000000000000000000000000000000000000000000C4000000C40000000000000000000000000000000000000000000000000000C400000000ECECECEC646464
310
6400000000C40064000000006464000000000000000000000000000000000000000000006464000000000000000000000000000064640000000000006400000000000000000000000000000000000000006400C4000000640000000000000000000000C40000000000000000000000000000000000000000000000000000C4
310
000000C4000000000F0000000000000000000000000000000000000000000000000000000000000000000000000000000000000000000000000000000000000000000000000000000000000000000000000000000000C4000000C40000000000000000000000000000000000000000000000000000C400000000ECECECEC64
310
64646400000000C4006400000000646400C464000000000000000000000000000000000000006400000000000000000000000000000064000000000000006400000000000000000000000000000000000000006400C4000000640000000000000000000000C400000000000000000000000000000000000000000000000000
310
00C4000000C4000000000F0000000000000000000000000000000000000000000000000000000000000000000000000000000000000000000000000000000000000000000000000000000000000000000000000000000000C4000000C40000000000000000000000000000000000000000000000000000C400000000ECECEC
310
EC6400646400646464646464646464646464C46464000000000000000000000000000000000000000000000000000000000000000000000000000000000000006400000000000000000000000000000000000000006400C4000000640000000000000000000000C40000000000000000000000000000000000000000000000
310
000000C4000000C4000000000F000000000000000F000000000000000000000000000000000000000000000000000000000000000000000000000000000000000000000000000000000000000000000000000000000000000000C4000000C40000000000000000000000000000000000000000000000000000C400000000EC
310
ECECEC6400646400640000C40064000000000000006400000000000000000000000000000000000000000000000000000000000000000000000000000000000000006400000000000000000000000000000000000000006400C4000000640000000000000000000000C4000000000000000000000000000000000000000000
310
0000000000C4000000C4000000000F000000000000000F000000000000000000000000000000000000000000000000000000000000000000000000000000000000000000000000000000000000000000000000000000000000000000C4000000C40000000000000000000000000000000000000000000000000000C4000000
310
00ECECECEC6400646400640000C40064000000000000646400000000000000000000000000000000000000000000000000000000000000000000000000000000000000006400000000000000000000000000000000000000006400C4000000640000000000000000000000C400000000000000000000000000000000000000
310
00000000000000C4000000C4000000000F000000000000000F000000000000000000000000000000000000000000000000000000000000000000000000000000000000000000000000000000000000000000000000000000000000000000C4000000C40000000000000000000000000000000000000000000000000000C400
310
000000ECECECEC6400646400640000C40064000000000000006400000000000000000000000000000000000000000000000000000000000000000000000000000000000000006400000000000000000000000000000000000000006400C4000000640000000000000000000000C40000000000000000000000000000000000
310
000000000000000000C4000000C4000000000F000000000000000F000000000000000000000000000000000000000000000000000000000000000000000000000000000000000000000000000000000000000000000000000000000000000000C4000000C40000000000000000000000000000000000000000000000000000
310
C400000000ECECECEC6400646400640000C40064000000000000006400000000000000000000000000000000000000000000000000000000000000000000000000000000000000006400000000000000000000000000000000000000006400C4000000640000000000000000000000C4000000000000000000000000000000
310
0000000000000000000000C4000000C4000000000F000000000000000F000000000000000000000000000000000000000000000000000000000000000000000000000000000000000000000000000000000000000000000000000000000000000000C4000000C4000000000000000000000000000000000000000000000000
310
0000C400000000ECECECEC6400646400640000C40064000000000000006400000000000000000000000000000000000000000000000000000000000000000000000000000000000000006400000000000000000000000000000000000000006400C4000000640000000000000000000000C400000000000000000000000000
310
00000000000000000000000000C4000000C4000000000F000000000000000F000000000000000000000000000000000000000000000000000000000000000000000000000000000000000000000000000000000000000000000000000000000000000000C4000000C400000000000000000000000000000000000000000000
310
00000000C400000000ECECECEC6400646400640000C40064000000000000006400000000000000000000000000000000000000000000000000000000000000000000000000000000000000006400000000000000000000000000000000000000006400C4000000640000000000000000000000C40000000000000000000000
310
000000000000000000000000000000C4000000C4000000000F000000000000000F000000000000000000000000000000000000000000000000000000000000000000000000000000000000000000000000000000000000000000000000000000000000000000C4000000C40000000000000000000000000000000000000000
310
000000000000C400000000ECECECEC6400646400640000C40064000000000000006400000000000000C4640000000000000000000000000000000000000000000000000000000000000000000000640000000000000000000000000000C464000000006400C4000000640000000000000000000000C4000000000000000000
310
0000000000000000000000000000000000C4000000C4000000000F000000000000000F000000000000000000000000000000000000000000000000000000000000000000000000000000000000000000000000000000000000000000000000000000000000000000C4000000C4000000000000000000000000000000000000
310
0000000000000000C400000000ECECECEC6400646464640000C400640000000000000064000000000000C4646464646464646464646464646464646464646464646464646464646464646464646464646464646464646464646464646464C4646464646464646464646464640000000000000000000000C400000000000000
310
00000000000000000000000000000000000000C4000000C4000000000F000000000000000F000000000000000F0F0F0F0F0F0F0F0F0F0F0F0F0F0F0F0F0F0F0F0F0F0F0F0F0F0F0F0F0F0F0F0F0F0F0F0F0F0F0F0F0F0F0F0F0F0F0F0F0F0F0F0F000000000000000000C4000000C400000000000000000000000000000000
310
00000000000000000000C400000000ECECECEC6400646400640000C40064000000000000006400000000000064640000000000000000000000000000000000000000000000000000000000000000000000006400000000000000000000000000646400000000006400C4000064640000000000000000000000C40000000000
310
000000000000000000000000000000000000000000C4000000C4000000000F000000000000000F000000000000000000000000000000000000000000000000000000000000000000000000000000000000000000000000000000000000000000000000000000000000000000C4000000C40000000000000000000000000000
310
000000000000000000000000C400000000ECECECEC6400646400640000C40064640000000000006400000000000064640000000000000000000000000000000000000000000000000000000000000000000000006400000000000000000000000000646400000000006400C4000064640000000000000000000000C4000000
310
0000000000000000000000000000000000000000000000C4000000C4000000000F000000000000000F000000000000000000000000000000000000000000000000000000000000000000000000000000000000000000000000000000000000000000000000000000000000000000C4000000C4000000000000000000000000
310
0000000000000000000000000000C400000000ECECECEC6464646464646464646464000000000000006400000000000000640000000000000000000000000000000000000000000000000000000000000000000000006400000000000000000000000000006400000000006400C4000064640000000000000000000000C400
310
00000000000000000000000000000000000000000000000000C4000000C4000000000F000000000000000F000000000000000000000000000000000000000000000000000000000000000000000000000000000000000000000000000000000000000000000000000000000000000000C4000000C400000000000000000000
310
00000000000000000000000000000000C400000000ECECECEC6400646400640000C46464000000000000006400000000000000640000000000000000000000000000000000000000000000000000000000000000000000006400000000000000000000000000006400000000006400C4000064640000000000000000000000
310
C40000000000000000000000000000000000000000000000000000C4000000C40000000000000000000000000F000000000000000000000000000000000000000000000000000000000000000000000000000000000000000000000000000000000000000000000000000000000000000000C4000000C40000000000000000
310
000000000000000000000000000000000000C400000000ECECECEC6400646400640000C40064000000000000006400000000000000640000000000000000000000000000000000000000000000000000000000000000000000006400000000000000000000000000006400000000006400C400006464000000000000000000
310
0000C40000000000000000000000000000000000000000000000000000C4000000C40000000000000000000000000F000000000000000000000000000000000000000000000000000000000000000000000000000000000000000000000000000000000000000000000000000000000000000000C4000000C4000000000000
310
0000000000000000000000000000000000000000C400000000ECECECEC6400646400640000C4006400000000000000C464000000000000640000000000000000000000000000000000000000000000000000000000000000000000006400000000000000000000000000006400000000006400C40000646400000000000000
310
00000000C40000000000000000000000000000000000000000000000000000C4000000C40000000000000000000000000F000000000000000000000000000000000000000000000000000000000000000000000000000000000000000000000000000000000000000000000000000000000000000000C4000000C400000000
310
00000000000000000000000000000000000000000000C400000000ECECECEC6400646400646464646464646464646464C46464000000000000640000000000000000000000000000000000000000000000000000000000000000000000006400000000000000000000000000006400000000006400C4006464640000000000
310
000000000000C40000000000000000000000000000000000000000000000000000C4000000C40000000000000000000000000F000000000000000000000000000000000000000000000000000000000000000000000000000000000000000000000000000000000000000000000000000000000000000000C4000000C40000
310
000000000000000000000000000000000000000000000000C400000000ECECECEC6464646400640000C40064000000000000006400000000000000640000000000000000000000000000000000000000000000000000000000000000000000006400000000000000000000000000006400000000006400C400006464000000
310
0000000000000000C40000000000000000000000000000000000000000000000000000C4000000C400000000000000000000000000000000000000000000000000000000000000000000000000000000000000000000000000000000000000000000000000000000000000000000000000000000000000000000C4000000C4
310
0000000000000000000000000000000000000000000000000000C400000000ECECECEC6400646400640000C40064000000000000646400000000000000640000000000000000000000000000000000000000000000000000000000000000000000006400000000000000000000000000006400000000006400C40000646400
310
00000000000000000000C40000000000000000000000000000000000000000000000000000C4000000C400000000000000000000000000000000000000000000000000000000000000000000000000000000000000000000000000000000000000000000000000000000000000000000000000000000000000000000C40000
310
00C40000000000000000000000000000000000000000000000000000C400000000ECECECEC6400646464640000C40064000000000000006400000000000000640000000000000000000000000000000000000000000000000000000000000000000000006400000000000000000000000000006400000000006400C4000064
310
640000000000000000000000C40000000000000000000000000000000000000000000000000000C4000000C400000000000000000000000000000000000000000000000000000000000000000000000000000000000000000000000000000000000000000000000000000000000000000000000000000000000000000000C4
310
000000C40000000000000000000000000000000000000000000000000000C400000000ECECECEC6400646464640000C40064000000000000006464640000000000640000000000000000000000000000000064640000000000000000000000000000000000006400000064000000000000000000006400000000006464C400
310
0064640000000000000000000000C40000000000000000000000000000000000000000000000000000C4000000C400000000C400000000000000000000000000000000000000000000000000000000000000000000000000000000000000000000000000000000000000000000000000000000000000000000000000C40000
310
00C4000000C40000000000000000000000000000000000000000000000000000C400000000ECECECEC6400646400646464646464646464646464646464646464646464646464646464646464646464646464646464646464646464646464646464646464646464646464646464646464646464646464646464646464646464
310
64640064640000000000000000000000C40000000000000000000000000000000000000000000000000000C4000000C4000000C400C4000000000000000F0F0F0F0F0F0F0F0F0F0F0F0F0F0F0F0F0F0F0F0F0F0F0F0F0F0F0F0F0F0F0F0F0F0F0F0F0F0F0F0F0F0F0F0F0F0F0F0F000000000000000000000000000000C400
310
C40000C4000000C40000000000000000000000000000000000000000000000000000C400000000ECECECEC6400646400646400C4646400000000000000646400000000000064000000000000000000000000000000646400000000000000000000000000000000000000640064646400000000000000000000640000000064
310
6400C4640064640000000000000000000000C4C4C4000000000000000000000000000000000000000000000000C4000000C400000000C4000000000000000000000000000000000000000000000000000000000000000000000000000000000000000000000000000000000000000000000000000000000000000000000000
310
00C4000000C4000000C4000000000000000000000000000000000000000000000000C4C4C400000000ECECECEC646464646464646464C464C4C4C4C4C4C4C46464C4C4C4C4C4C464C4C4C4C4C4C4C4C4C4C4C4C4C4C4C4C464C4C4C4C4C4C4C4C4C4C4C4C4C4C4C4C4C4C4C464C4C4C464C4C4C4C4C4C4C4C4C4C464C4C4C4
310
C4C464C4646464646464000000000000000000000000C4000000000000000000000000000000000000000000000000C4000000C4000000000000000000000000000000000000000000000000000000000000000000000000000000000000000000000000000000000000000000000000000000000000000000000000000000
310
00000000000000C4000000C4000000000000000000000000000000000000000000000000C4000000000000ECECECEC0000000000000000646464000000000000006464000000000000640000000000000000000000000000000064000000000000000000000000000000000000006464646464646464646464646464646464
310
646464646464640000000000000000000000000000000000C4000000000000000000000000000000000000000000000000C4000000C400000000000000000000000000000000000000000000000000000000000000000000000000000000000000000000000000000000000000000000000000000000000000000000000000
310
000000000000000000C4000000C4000000000000000000000000000000000000000000000000C4000000000000ECECECEC000000000000000064640000000000000000646400000000000064000000000000000000000000000000006400000000000000000000000000000000000000000000006400000000006464000000
310
6400000000000064640000000000000000000000000000000000C4C4C4C4C4C4C4C4C4C4C4C4C4C4C4C4C4C4C4C4C4C4C4C4C4C4000000C40000000000000000000000000000000000000000000000000000000000000000000000000000000000000000000000000000000000000000000000000000000000000000000000
310
0000000000000000000000C4000000C4C4C4C4C4C4C4C4C4C4C4C4C4C4C4C4C4C4C4C4C4C4C4C4C4C4000000000000ECECECEC00000000000000006464646464646464646464640000000000006464646464646464646464646464646464646464646464646464646464646464646464646464646464646464646464646464
310
646464646464646464646400000000000000000000000000000000000000000000000000000000000000000000000000000000000000000000C4000000000000000000000000000000000000000000000000000000000000000000000000000000000000000000000000000000000000000000000000000000000000000000
310
00000000000000000000000000C40000000000000000000000000000000000000000000000000000000000000000000000ECECECEC0000000000000000646464646464646464646464646464646464646464646464646464646464646464646464646464646464646464646464646464646464646464646464000000000000
310
0000000000000000000000000000000000000000000000000000000000000000000000000000000000000000000000000000000000000000000000C400000000000000000000000000000000000000000000000000000000000000000000000000000000000000000000000000000000000000000000000000000000000000
310
000000000000000000000000000000C40000000000000000000000000000000000000000000000000000000000000000000000ECECECEC000000000000000064000000006464000000006400000000000000000000006400000000000000000000646400000000000000000000646400000000000000000000646400000000
310
00000000000000000000000000000000000000000000000000000000000000000000000000000000000000000000000000000000000000000000000000C40000000000000000000000000000000000000000000000000000000000000000000000000000000000000000000000000000000000000000000000000000000000
310
0000000000000000000000000000000000C40000000000000000000000000000000000000000000000000000000000000000000000ECECECEC00000000000000000000000000000000000000000000000000000000000000000000000000000000000000000000000000000000000000000000000000000000000000000000
310
000000000000000000000000000000000000000000000000000000000000000000000000000000000000000000000000000000000000000000000000000000C4000000000000000000000000000000000000000000000000000000000000000000000000000000000000000000000000000000000000000000000000000000
310
00000000000000000000000000000000000000C40000000000000000000000000000000000000000000000000000000000000000000000ECECECEC0000000000000000000000000000000000000000000000000000000000000000000000000000000000000000000000000000000000000000000000000000000000000000
310
0000000000000000000000000000000000000000000000000000000000000000000000000000000000000000000000000000000000000000000000000000000000C400000000000000000000000000000000000000000000000000000000000000000000000000000000000000000000000000000000000000000000000000
310
000000000000000000000000000000000000000000C40000000000000000000000000000000000000000000000000000000000000000000000ECECECEC000000000000000000000000000000000000000000000000000000000000000000000000000000000000000000000000000000000000000000000000000000000000
310
00000000000000000000000000000000000000000000000000000000000000000000000000000000000000000000000000000000000000000000000000000000000000C40000000000000000000000000000000000000000000000000000000000000000000000000000000000000000000000000000000000000000000000
310
00000000000000C4C400000000C4C4000000C4C4000000C40000000000000000000000000000000000000000000000000000000000000000000000ECECECEC00000000000000000000000000000000000000000000000000000000000000000000000000000000000000000000000000000000000000000000000000000000
310
000000000000000000000000000000000000000000000000000000000000000000000000000000000000000000000000000000000000000000000000000000000000000000C4000000000000000000000000000000000000000000000000000000000000000000000000000000000000000000000000000000000000000000
310
0000000000000000C400C4000000C400C40000C400C4000000C40000000000000000000000000000000000000000000000000000000000000000000000ECECECEC0000000000000000000000000000000000000000000000000000000000000000000000000000000000000000000000000000000000000000000000000000
310
0000000000000000000000000000000000000000000000000000000000000000000000000000000000000000000000000000000000000000000000000000000000000000000000C400000000000000000000000000000000000000000000000000000000000000000000000000000000000000000000000000000000000000
310
0000000000000000000000C4C400000000C4C4000000C4C4000000C40000000000000000000000000000000000000000000000000000000000000000000000ECECECEC000000000000000000000000000000000000000000000000000000000000000000000000000000000000000000000000000000000000000000000000
310
00000000000000000000000000000000000000000000000000000000000000000000000000000000000000000000000000000000000000000000000000000000000000000000000000C40000000000000000000000000000000000000000000000000000000000000000000000000000000000000000000000000000000000
310
0000000000000000000000000000000000000000000000000000000000C40000000000000000000000000000000000000000000000000000000000000000000000ECECECEC00000000000000000000000000000000000000000000000000000000000000000000000000000000000000000000000000000000000000000000
310
000000000000000000000000000000000000000000000000000000000000000000000000000000000000000000000000000000000000000000000000000000000000000000000000000000C4000000000000000000000000000000000000000000000000000000000000000000000000000000000000000000000000000000
310
00000000000000000000000000000000000000000000000000000000000000C40000000000000000000000000000000000000000000000000000000000000000000000ECECECEC0000000000000000000000000000000000000000000000000000000000000000000000000000000000000000000000000000000000000000
310
0000000000000000000000000000000000000000000000000000000000000000000000000000000000000000000000000000000000000000000000000000000000000000000000000000000000C400000000000000000000000000000000000000000000000000000000000000000000000000000000000000000000000000
310
000000000000000000000000000000000000000000000000000000000000000000C40000000000000000000000000000000000000000000000000000000000000000000000ECECECEC000000000000000000000000000000000000000000000000000000000000000000000000000000000000000000000000000000000000
310
00000000000000000000000000000000000000000000000000000000000000000000000000000000000000000000000000000000000000000000000000000000000000000000000000000000000000C40000000000000000000000000000000000000000000000000000000000000000000000000000000000000000000000
310
0000000000000000000000000000000000000000000000000000000000000000000000C40000000000000000000000000000000000000000000000000000000000000000000000ECECECEC00000000000000000000000000000000000000000000000000000000000000000000000000000000000000000000000000000000
310
000000000000000000000000000000000000000000000000000000000000000000000000000000000000000000000000000000000000000000000000000000000000000000000000000000000000000000C4000000000000000000000000000000000000000000000000000000000000000000000000000000000000000000
310
00000000000000000000000000000000000000000000000000000000000000000000000000C40000000000000000000000000000000000000000000000000000000000000000000000ECECECEC0000000000000000000000000000000000000000000000000000000000000000000000000000000000000000000000000000
310
0000000000000000000000000000000000000000000000000000000000000000000000000000000000000000000000000000000000000000000000000000000000000000000000000000000000000000000000C400000000000000000000000000000000000000000000000000000000000000000000000000000000000000
310
000000000000000000000000000000000000000000000000000000000000000000000000000000C40000000000000000000000000000000000000000000000000000000000000000000000ECECECEC000000000000000000000000000000000000000000000000000000000000000000000000000000000000000000000000
310
00000000000000000000000000000000000000000000000000000000000000000000000000000000000000000000000000000000000000000000000000000000000000000000000000000000000000000000000000C40000000000000000000000000000000000000000000000000000000000000000000000000000000000
310
0000000000000000000000000000000000000000000000000000000000000000000000000000000000C40000000000000000000000000000000000000000000000000000000000000000000000ECECECEC00000000000000000000000000000000000000000000000000000000000000000000000000000000000000000000
310
000000000000000000000000000000000000000000000000000000000000000000000000000000000000000000000000000000000000000000000000000000000000000000000000000000000000000000000000000000C4000000000000000000000000000000000000000000000000000000000000000000000000000000
310
000000000000000000000000000000000000C4C40000000000000000000000000000000000000000000000C40000000000000000000000000000000000000000000000000000000000000000000000ECECECEC0000000000000000000000000000000000000000000000000000000000000000000000000000000000000000
310
0000000000000000000000000000000000000000000000000000000000000000000000000000000000000000000000000000000000000000000000000000000000000000000000000000000000000000000000000000000000C4000000000000000000000000000000C40000000000000000C4000000000000000000000000
310
00000000000000000000000000000000000000C400C40000000000000000000000000000000000000000000000C40000000000000000000000000000000000000000000000000000000000000000000000ECECECEC000000000000000000000000000000000000000000000000000000000000000000000000000000000000
310
00000000000000000000000000000000000000000000000000000000000000000000000000000000000000000000000000000000000000000000000000000000000000000000000000000000000000000000000000000000000000C40000000000000000000000000000C400C4000000000000C400C4000000000000000000
310
00000000000000000000000000000000000000000000C4C40000000000000000000000000000000000000000000000C40000000000000000000000000000000000000000000000000000000000000000000000ECECECEC00000000000000000000000000000000000000000000000000000000000000000000000000000000
310
000000000000000000000000000000000000000000000000000000000000000000000000000000000000000000000000000000000000000000000000000000000000000000000000000000000000000000000000000000000000000000C4000000000000000000000000000000C40000000000000000C40000000000000000
310
00000000000000000000000000000000000000000000000000000000000000000000000000000000000000000000000000C40000000000000000000000000000000000000000000000000000000000000000000000ECECECEC0000000000000000000000000000000000000000000000000000000000000000000000000000
310
0000000000000000000000000000000000000000000000000000000000000000000000000000000000000000000000000000000000000000000000000000000000000000000000000000000000000000000000000000000000000000000000C400000000000000000000000000000000000000000000000000000000000000
310
000000000000000000000000000000000000000000000000000000000000000000000000000000000000000000000000000000C40000000000000000000000000000000000000000000000000000000000000000000000ECECECEC000000000000000000000000000000000000000000000000000000000000000000000000
310
00000000000000000000000000000000000000000000000000000000000000000000000000000000000000000000000000000000000000000000000000000000000000000000000000000000000000000000000000000000000000000000000000C4000000000000000000000000000000C40000000000000000C400000000
310
0000000000000000000000000000000000000000000000000000000000000000000000000000000000000000000000000000000000C40000000000000000000000000000000000000000000000000000000000000000000000ECECECEC00000000000000000000000000000000000000000000000000000000000000000000
310
000000000000000000000000000000000000000000000000000000000000000000000000000000000000000000000000000000000000000000000000000000000000000000000000000000000000000000000000000000000000000000000000000000C40000000000000000000000000000C400C4000000000000C400C400
310
00000000000000000000000000000000000000000000000000000000000000000000000000000000000000000000000000000000000000C40000000000000000000000000000000000000000000000000000000000000000000000ECECECEC0000000000000000000000000000000000000000000000000000000000000000
310
0000000000000000000000000000000000000000000000000000000000000000000000000000000000000000000000000000000000000000000000000000000000000000000000000000000000000000000000000000000000000000000000000000000000C4000000000000000000000000000000C40000000000000000C4
310
000000000000000000000000000000000000000000000000000000000000000000000000000000000000000000000000000000000000000000C40000000000000000000000000000000000000000000000000000000000000000000000ECECECEC000000000000000000000000000000000000000000000000000000000000
310
00000000000000000000000000000000000000000000000000000000000000000000000000000000000000000000000000000000000000000000000000000000000000000000000000000000000000000000000000000000000000000000000000000000000000C40000000000000000000000000000000000000000000000
310
0000000000000000000000000000000000000000000000000000000000000000000000000000000000000000000000000000000000000000000000C40000000000000000000000000000000000000000000000000000000000000000000000ECECECEC00000000000000000000000000000000000000000000000000000000
310
000000000000000000000000000000000000000000000000000000000000000000000000000000000000000000000000000000000000000000000000000000000000000000000000000000000000000000000000000000000000000000000000000000000000000000C4000000000000000000000000000000000000000000
310
00000000000000000000000000000000000000000000000000000000000000000000000000000000000000000000000000000000000000000000000000C40000000000000000000000000000000000000000000000000000000000000000000000ECECECEC0000000000000000000000000000000000000000000000000000
310
0000000000000000000000000000000000000000000000000000000000000000000000000000000000000000000000000000000000000000000000000000000000000000000000000000000000000000000000000000000000000000000000000000000000000000000000C4C4C4C4C4C4C4C4C4C4C4C4C4C4C4C4C4C4C4C4
310
C4C4C4C4C4C4C4C4C4C4C4C4C4C4C4C4C4C4C4C4C4C4C4C4C4C4C4C4C4C4C4C4C4C4C4C4C4C4C4C4C4C4C4C4C4C4C4C4C4C4C4C4C4C4C4C4C4C4C4C4C4C4C4C40000000000000000000000000000000000000000000000000000000000000000000000ECECECEC000000000000000000000000000000000000000000000000
310
00000000000000000000000000000000000000000000000000000000000000000000000000000000000000000000000000000000000000000000000000000000000000000000000000000000000000000000000000000000000000000000000000000000000000000000000000000000000000000000000000000000000000
310
0000000000000000000000000000000000000000000000000000000000000000000000000000000000000000000000000000000000000000000000000000000000000000000000000000000000000000000000000000000000000000000000000000000000ECECECEC00000000000000000000000000000000000000000000
310
00000000000000000000000000000000000000000000000000000000000000000000000000000000000000000000000000000000000000000000000000000000000000000000000000000000000000000000000000000000000000000000000000000000000000000000000000000000000000000000000000000000000000
310
00000000000000000000000000000000000000000000000000000000000000000000000000000000000000000000000000000000000000000000000000000000000000000000000000000000000000000000000000000000000000000000000000000000000000ECECECEC0000000000000000000000000000000000000000
310
00000000000000000000000000000000000000000000000000000000000000000000000000000000000000000000000000000000000000000000000000000000000000000000000000000000000000000000000000000000000000000000000000000000000000000000000000000000000000000000000000000000000000
310
000000000000000000000000000000000000000000000000000000000000000000000000000000000000000000000000000000000000000000000000000000000000000000000000000000000000000000000000000000000000000000000000000000000000000000ECECECEC000000000000000000000000000000000000
310
00000000000000000000000000000000000000000000000000000000000000000000000000000000000000000000000000000000000000000000000000000000000000000000000000000000000000000000000000000000000000000000000000000000000000000000000000000000000000000000000000000000000000
310
0000000000000000000000000000000000000000000000000000000000000000000000000000000000000000000000000000000000000000000000000000000000000000000000000000000000000000000000000000000000000000000000000000000000000000000000ECECECEC00000000000000000000000000000000
310
00000000000000000000000000000000000000000000000000000000000000000000000000000000000000000000000000000000000000000000000000000000000000000000000000000000000000000000000000000000000000000000000000000000000000000000000000000000000000000000000000000000000000
310
00000000000000000000000000000000000000000000000000000000000000000000000000000000000000000000000000000000000000000000000000000000000000000000000000000000000000000000000000000000000000000000000000000000000000000000000000ECECECEC0000000000000000000000000000
310
00000000000000000000000000000000000000000000000000000000000000000000000000000000000000000000000000000000000000000000000000000000000000000000000000000000000000000000000000000000000000000000000000000000000000000000000000000000000000000000000000000000000000
310
000000000000000000000000000000000000000000000000000000000000000000000000000000000000000000000000000000000000000000000000000000000000000000000000000000000000000000000000000000000000000000000000000000000000000000000000000000ECECECEC000000000000000000000000
310
00000000000000000000000000000000000000000000000000000000000000000000000000000000000000000000000000000000000000000000000000000000000000000000000000000000000000000000000000000000000000000000000000000000000000000000000000000000000000000000000000000000000000
310
0000000000000000000000000000000000000000000000000000000000000000000000000000000000000000000000000000000000000000000000000000000000000000000000000000000000000000000000000000000000000000000000000000000000000000000000000000000000ECECECEC00000000E2E2E2000000
310
0000000000000000E20000000000000000000000E200000000000000000000000000000000000000000000000000000000000000000000000000000000000000000000000000000000000000000000000000000000000000000000000000000000000000000000000000000000000000000000000000000000000000000000
310
00000000000000000000000000000000000000000000000000000000000000000000000000000000000000000000000000000000000000000000000000000000000000000000000000000000000000000000000000000000000000000000000000000000000000000000000000000000000000ECECECEC000000E2000000E2
310
00000000000000000000E20000000000000000000000E20000000000000000000000000000000000000000000000000000000000000000000000000000000000000000000000000000000000000000000000000000000000000000000000000000000000000000000000000000000000000000000000000000000000000000
310
000000000000000000000000000000000000000000000000000000000000000000000000000000000000000000000000000000000000000000000000000000000000000000000000000000000000000000000000000000000000000000000000000000000000000000000000000000000000000000ECECECEC0000E2000000
310
0000E2000000000000000000E20000000000000000000000E2000000000000000000000000000000000000000000000000000000000000000000000000000000000000000000000000000000000000000000000000000000000000000000000000000000000000000000000000000000000000000000000000000000000000
310
0000000000000000000000000000000000000000000000000000000000000000000000000000000000000000000000000000000000000000000000000000000000000000000000000000000000000000000000000000000000000000000000000000000000000000000000000000000000000000000000ECECECEC0000E200
310
00000000E2000000000000000000E20000000000000000000000E200000000000000000000000000000000000000000000000000000000000000000000000000000000000000000000000000000000000000000000000000000000000000000000000000000000000000000000000000000000000000000000000000000000
310
00000000000000000000000000000000000000000000000000000000000000000000000000000000000000000000000000000000000000000000000000000000000000000000000000000000000000000000000000000000000000000000000000000000000000000000000000000000000000000000000000ECECECEC0000
310
E20000000000E2000000E2E2E2E2E2E2E2E2E2000000E2E2E2E2E2E2E2E2E2000000000000000000000000000000000000000000000000000000000000000000000000000000000000000000000000000000000000000000000000000000000000000000000000000000000000000000000000000000000000000000000000
310
000000000000000000000000000000000000000000000000000000000000000000000000000000000000000000000000000000000000000000000000000000000000000000000000000000000000000000000000000000000000000000000000000000000000000000000000000000000000000000000000000000ECECECEC
310
0000E20000000000E200000000E200000000E2000000000000E200000000E2000000000000000000000000000000000000000000000000000000000000000000000000000000000000000000000000000000000000000000000000000000000000000000000000000000000000000000000000000000000000000000000000
310
0000000000000000000000000000000000000000000000000000000000000000000000000000000000000000000000000000000000000000000000000000000000000000000000000000000000000000000000000000000000000000000000000000000000000000000000000000000000000000000000000000000000ECEC
310
ECEC0000E20000000000E20000000000E2000000E200000000000000E2000000E200000000000000000000000000000000000000000000000000000000000000000000000000000000000000000000000000000000000000000000000000000000000000000000000000000000000000000000000000000000000000000000
310
00000000000000000000000000000000000000000000000000000000000000000000000000000000000000000000000000000000000000000000000000000000000000000000000000000000000000000000000000000000000000000000000000000000000000000000000000000000000000000000000000000000000000
310
ECECECEC0000E20000000000E20000000000E2000000E200000000000000E2000000E20000000000000000000000000000000000000000000000000000000000000000000000000000000000000000000000000000000000000000000000000000000000000000000000000000000000000000000000000000000000000000
310
00000000000000000000000000000000000000000000000000000000000000000000000000000000000000000000000000000000000000000000000000000000000000000000000000000000000000000000000000000000000000000000000000000000000000000000000000000000000000000000000000000000000000
310
0000ECECECEC0000E20000000000E2000000000000E20000E20000000000000000E20000E2000000000000000000000000000000000000000000000000000000000000000000000000000000000000000000000000000000000000000000000000000000000000000000000000000000000000000000000000000000000000
310
00000000000000000000000000000000000000000000000000000000000000000000000000000000000000000000000000000000000000000000000000000000000000000000000000000000000000000000000000000000000000000000000000000000000000000000000000000000000000000000000000000000000000
310
00000000ECECECEC0000E20000000000E200000000000000E200E2000000000000000000E200E200000000000000000000000000000000000000000000000000000000000000000000000000000000000000000000000000000000000000000000000000000000000000000000000000000000000000000000000000000000
310
00000000000000000000000000000000000000000000000000000000000000000000000000000000000000000000000000000000000000000000000000000000000000000000000000000000000000000000000000000000000000000000000000000000000000000000000000000000000000000000000000000000000000
310
000000000000ECECECEC0000E20000000000E20000000000000000E2E200000000000000000000E2E20000000000000000000000000000000000000000000000000000000000000000000000000000000000000000000000000000000000000000000000000000000000000000000000000000000000000000000000000000
310
00000000000000000000000000000000000000000000000000000000000000000000000000000000000000000000000000000000000000000000000000000000000000000000000000000000000000000000000000000000000000000000000000000000000000000000000000000000000000000000000000000000000000
310
0000000000000000ECECECEC000000E2000000E2000000000000000000E2E200000000000000000000E2E2000000000000000000000000000000000000000000000000000000000000000000000000000000000000000000000000000000000000000000000000000000000000000000000000000000000000000000000000
310
00000000000000000000000000000000000000000000000000000000000000000000000000000000000000000000000000000000000000000000000000000000000000000000000000000000000000000000000000000000000000000000000000000000000000000000000000000000000000000000000000000000000000
310
00000000000000000000ECECECEC00000000E2E2E20000000000000000000000E20000000000000000000000E200000000000000000000000000000000000000000000000000000000000000000000000000000000000000000000000000000000000000000000000000000000000000000000000000000000000000000000
310
00000000000000000000000000000000000000000000000000000000000000000000000000000000000000000000000000000000000000000000000000000000000000000000000000000000000000000000000000000000000000000000000000000000000000000000000000000000000000000000000000000000000000
310
000000000000000000000000ECECECEC000000000000000000000000000000000000000000000000000000000000000000000000000000000000000000000000000000000000000000000000000000000000000000000000000000000000000000000000000000000000000000000000000000000000000000000000000000
310
00000000000000000000000000000000000000000000000000000000000000000000000000000000000000000000000000000000000000000000000000000000000000000000000000000000000000000000000000000000000000000000000000000000000000000000000000000000000000000000000000000000000000
310
0000000000000000000000000000ECECECEC00000000000000000000000000000000000000000000000000000000000000000000000000000000000000000000000000000000000000000000000000000000000000000000000000000000000000000000000000000000000000000000000000000000000000000000000000
310
00000000000000000000000000000000000000000000000000000000000000000000000000000000000000000000000000000000000000000000000000000000000000000000000000000000000000000000000000000000000000000000000000000000000000000000000000000000000000000000000000000000000000
310
00000000000000000000000000000000ECECECEC0000000000000000000000000000000000000000000000000000000000000000000000000000000000000000000000000000000000000000000000000000000000000000000000000000000000000000000000000000000000000000000000000000000000000000000000
310
00000000000000000000000000000000000000000000000000000000000000000000000000000000000000000000000000000000000000000000000000000000000000000000000000000000000000000000000000000000000000000000000000000000000000000000000000000000000000000000000000000000000000
310
000000000000000000000000000000000000ECECECEC000000000000000000000000000000000000000000000000000000000000000000000000000000000000000000000000000000000000000000000000000000000000000000000000000000000000000000000000000000000000000000000000000000000000000000
310
00000000000000000000000000000000000000000000000000000000000000000000000000000000000000000000000000000000000000000000000000000000000000000000000000000000000000000000000000000000000000000000000000000000000000000000000000000000000000000000000000000000000000
310
0000000000000000000000000000000000000000ECECECEC00000000000000000000000000000000000000000000000000000000000000000000000000000000000000000000000000000000000000000000000000000000000000000000000000000000000000000000000000000000000000000000000000000000000000
310
00000000000000000000000000000000000000000000000000000000000000000000000000000000000000000000000000000000000000000000000000000000000000000000000000000000000000000000000000000000000000000000000000000000000000000000000000000000000000000000000000000000000000
310
00000000000000000000000000000000000000000000ECECECECECECECECECECECECECECECECECECECECECECECECECECECECECECECECECECECECECECECECECECECECECECECECECECECECECECECECECECECECECECECECECECECECECECECECECECECECECECECECECECECECECECECECECECECECECECECECECECECECECECECECEC
310
ECECECECECECECECECECECECECECECECECECECECECECECECECECECECECECECECECECECECECECECECECECECECECECECECECECECECECECECECECECECECECECECECECECECECECECECECECECECECECECECECECECECECECECECECECECECECECECECECECECECECECECECECECECECECECECECECECECECECECECECECECECECECECECEC
310
ECECECECECECECECECECECECECECECECECECECECECECECECECECECECECECECECECECECECECECECECECECECECECECECECECECECECECECECECECECECECECECECECECECECECECECECECECECECECECECECECECECECECECECECECECECECECECECECECECECECECECECECECECECECECECECECECECECECECECECECECECECECECECECEC
310
ECECECECECECECECECECECECECECECECECECECECECECECECECECECECECECECECECECECECECECECECECECECECECECECECECECECECECECECECECECECECECECECECECECECECECECECECECECECECECECECECECECECECECECECECECECECECECECECECECECECECECECECECECECECECECECECECECECECECECECECECECECECECECECEC
310
ECECECECECECECECECECECECECECECECECECECECECECECECECECECECEC
  0
XRECORD
  5
47D1
102
{ACAD_REACTORS
330
47D0
102
}
330
47D0
100
AcDbXrecord
280
     1
310
2800000000010000860000000100080000000000008600000100000001000000000100000000000030282100FFFFFF00302821000000000000000000000000000000000000000004000000040000000000000000330000006600000099000000CC000000FF00000000330000333300006633000099330000CC330000FF3300
310
0000660000336600006666000499660004CC660004FF66000000990000339900006699000099990000CC990000FF99000000CC000033CC000066CC000099CC0000CCCC0000FFCC000000FF000033FF000466FF000499FF0004CCFF0000FFFF000000003300330033006600330099003300CC003300FF003300003333003333
310
33006633330099333300CC333300FF33330000663300336633046666330499663304CC663300FF66330000993300339933006699330099993300CC993300FF99330000CC330033CC330066CC330099CC3300CCCC3300FFCC330000FF330433FF330466FF330499FF3300CCFF3300FFFF330000006600330066006600660099
310
006600CC006600FF00660000336600333366006633660099336600CC336600FF33660000666604336666046666660499666600CC666600FF66660000996600339966006699660099996600CC996600FF99660000CC660033CC660066CC660099CC6600CCCC6600FFCC660000FF660433FF660466FF660499FF6604CCFF6604
310
FFFF660400009904330099046600990499009904CC009900FF00990000339900333399006633990099339900CC339900FF33990000669900336699046666990499669904CC669904FF66990400999904339999046699990099999900CC999900FF99990000CC990033CC990066CC990099CC9900CCCC9900FFCC990000FF99
310
0033FF990066FF990099FF9900CCFF9900FFFF99000000CC003300CC006600CC009900CC00CC00CC00FF00CC000033CC003333CC006633CC009933CC00CC33CC00FF33CC000066CC003366CC006666CC009966CC00CC66CC00FF66CC000099CC003399CC006699CC009999CC00CC99CC00FF99CC0000CCCC0033CCCC0066CC
310
CC0099CCCC00CCCCCC00FFCCCC0000FFCC0033FFCC0066FFCC0099FFCC00CCFFCC00FFFFCC000000FF003300FF006600FF009900FF00CC00FF00FF00FF000033FF003333FF006633FF009933FF00CC33FF00FF33FF000066FF003366FF006666FF009966FF00CC66FF00FF66FF000099FF003399FF006699FF009999FF00CC
310
99FF00FF99FF0000CCFF0033CCFF0066CCFF0099CCFF00CCCCFF00FFCCFF0000FFFF0033FFFF0066FFFF0099FFFF00CCFFFF00FFFFFF00000000000D0D0D001A1A1A00282828003535350043434300505050005D5D5D006B6B6B00787878008686860093939300A1A1A100AEAEAE00BBBBBB00C9C9C900D6D6D600E4E4E400
310
F1F1F100FFFFFF0000000000000000000000000000000000000000000000000000000000000000FF000000FF000000FF00000000000000000000000000000000000000000000000000000000000000000000000000000000000000000000000000000000000000000000000000000000000000000000000000000000000000
310
00000000000000000000000000000000000000000000000000000000000000000000000000000000000000000000000000000000000000000000000000000000000000000000000000000000000000000000000000000000000000000000000000000000000000000000000000000000000000000000000000000000000000
310
00000000000000000000000000000000000000000000000000000000000000000000000000000000000000000000000000000000000000000000000000000000000000000000000000000000000000000000000000000000000000000000000000000000000000000000000000000000000000000000000000000000000000
310
00000000000000000000000000000000000000000000000000000000000000000000000000000000000000000000000000000000000000000000000000000000000000000000000000000000000000000000000000000000000000000000000000000000000000000000000000000000000000000000000000000000000000
310
00000000000000000000000000000000000000000000000000000000000000000000000000000000000000000000000000000000000000000000000000000000000000000000000000000000000000000000000000000000000000000000000000000000000000000000000000000000000000000000000000000000000000
310
00000000000000000000000000000000000000000000000000000000000000000000000000000000000000000000000000000000000000000000000000000000000000000000000000000000000000000000000000000000000000000000000000000000000000000000000000000000000000000000000000000000000000
310
00000000000000000000000000000000000000000000000000000000000000000000000000000000000000000000000000000000000000000000000000000000000000000000000000000000000000000000000000000000000000000000000000000000000000000000000000000000000000000000000000000000000000
310
00000000000000000000000000000000000000000000000000000000000000000000000000000000000000000000000000000000000000000000000000000000000000000000000000000000000000000000000000000000000000000000000000000000000000000000000000000000000000000000000000000000000000
310
00000000000000000000000000000000000000000000000000000000000000000000000000000000000000000000000000000000000000000000000000000000000000000000000000000000000000000000000000000000000000000000000000000000000000000000000000000000000000000000000000000000000000
310
00000000000000000000000000000000000000000000000000000000000000000000000000000000000000000000000000000000000000000000000000000000000000000000000000000000000000000000000000000000000000000000000000000000000000000000000000000000000000000000000000000000000000
310
00000000000000000000000000000000000000000000000000000000000000000000000000000000000000000000000000000000000000000000000000000000000000000000000000000000000000000000000000000000000000000000000000000000000000000000000000000000000000000000000000000000000000
310
00000000000000000000000000000000000000000000000000000000000000000000000000000000000000000000000000000000000000000000000000000000000000000000000000000000000000000000000000000000000000000000000000000000000000000000000000000000000000000000000000000000000000
310
00000000000000000000000000000000000000000000000000000000000000000000000000000000000000000000000000000000000000000000000000000000000000000000000000000000000000000000000000000000000000000000000000000000000000000000000000000000000000000000000000000000000000
310
00000000000000000000000000000000000000000000000000000000000000000000000000000000000000000000000000000000000000000000000000000000000000000000000000000000000000000000000000000000000000000000000000000000000000000000000000000000000000000000000000000000000000
310
00000000000000000000000000000000000000000000000000000000000000000000000000000000000000000000000000000000000000000000000000000000000000000000000000000000000000000000000000000000000000000000000000000000000000000000000000000000000000000000000000000000000000
310
00000000000000000000000000000000000000000000000000000000000000000000000000000000000000000000000000000000000000000000000000000000000000000000000000000000000000000000000000000000000000000000000000000000000000000000000000000000000000000000000000000000000000
310
00000000000000000000000000000000000000000000000000000000000000000000000000000000000000000000000000000000000000000000000000000000000000000000000000000000000000000000000000000000000000000000000000000000000000000000000000000000000000000000000000000000000000
310
00000000000000000000000000000000000000000000000000000000000000000000000000000000000000000000000000000000000000000000000000000000000000000000000000000000000000000000000000000000000000000000000000000000000000000000000000000000000000000000000000000000000000
310
00000000000000000000000000000000000000000000000000000000000000000000000000000000000000000000000000000000000000000000000000000000000000000000000000000000000000000000000000000000000000000000000000000000000000000000000000000000000000000000000000000000000000
310
00000000000000000000000000000000000000000000000000000000000000000000000000000000000000000000000000000000000000000000000000000000000000000000000000000000000000000000000000000000000000000000000000000000000000000000000000000000000000000000000000000000000000
310
00000000000000000000000000000000000000000000000000000000000000000000000000000000000000000000000000000000000000000000000000000000000000000000000000000000000000000000000000000000000000000000000000000000000000000000000000000000000000000000000000000000000000
310
00000000000000000000000000000000000000000000000000000000000000000000000000000000000000000000000000000000000000000000000000000000000000000000000000000000000000000000000000000000000000000000000000000000000000000000000000000000000000000000000000000000000000
310
00000000000000000000000000000000000000000000000000000000000000000000000000000000000000000000000000000000000000000000000000000000000000000000000000000000000000000000000000000000000000000000000000000000000000000000000000000000000000000000000000000000000000
310
00000000000000000000000000000000000000000000000000000000000000000000000000000000000000000000000000000000000000000000000000000000000000000000000000000000000000000000000000000000000000000000000000000000000000000000000000000000000000000000000000000000000000
310
00000000000000000000000000000000000000000000000000000000000000000000000000000000000000000000000000000000000000000000000000000000000000000000000000000000000000000000000000000000000000000000000000000000000000000000000000000000000000000000000000000000000000
310
00000000000000000000000000000000000000000000000000000000000000000000000000000000000000000000000000000000000000000000000000000000000000000000000000000000000000000000000000000000000000000000000000000000000000000000000000000000000000000000000000000000000000
310
00000000000000000000000000000000000000000000000000000000000000000000000000000000000000000000000000000000000000000000000000000000000000000000000000000000000000000000000000000000000000000000000000000000000000000000000000000000000000000000000000000000000000
310
00000000000000000000000000000000000000000000000000000000000000000000000000000000000000000000000000000000000000000000000000000000000000000000000000000000000000000000000000000000000000000000000000000000000000000000000000000000000000000000000000000000000000
310
00000000000000000000000000000000000000000000000000000000000000000000000000000000000000000000000000000000000000000000000000000000000000000000000000000000000000000000000000000000000000000000000000000000000000000000000000000000000000000000000000000000000000
310
00000000000000000000000000000000000000000000000000000000000000000000000000000000000000000000000000000000000000000000000000000000000000000000000000000000000000000000000000000000000000000000000000000000000000000000000000000000000000000000000000000000000000
310
00000000000000000000000000000000000000000000000000000000000000000000000000000000000000000000000000000000000000000000000000000000000000000000000000000000000000000000000000000000000000000000000000000000000000000000000000000000000000000000000000000000000000
310
00000000000000000000000000000000000000000000000000000000000000000000000000000000000000000000000000000000000000000000000000000000000000000000000000000000000000000000000000000000000000000000000000000000000000000000000000000000000000000000000000000000000000
310
00000000000000000000000000000000000000000000000000000000000000000000000000000000000000000000000000000000000000000000000000000000000000000000000000000000000000000000000000000000000000000000000000000000000000000000000000000000000000000000000000000000000000
310
00000000000000000000000000000000000000000000000000000000000000000000000000000000000000000000000000000000000000000000000000000000000000000000000000000000000000000000000000000000000000000000000000000000000000000000000000000000000000000000000000000000000000
310
00000000000000000000000000000000000000000000000000000000000000000000000000000000000000000000000000000000000000000000000000000000000000000000000000000000000000000000000000000000000000000000000000000000000000000000000000000000000000000000000000000000000000
310
00000000000000000000000000000000000000000000000000000000000000000000000000000000000000000000000000000000000000000000000000000000000000000000000000000000000000000000000000000000000000000000000000000000000000000000000000000000000000000000000000000000000000
310
00000000000000000000000000000000000000000000000000000000000000000000000000000000000000000000000000000000000000000000000000000000000000000000000000000000000000000000000000000000000000000000000000000000000000000000000000000000000000000000000000000000000000
310
00000000000000000000000000000000000000000000000000000000000000000000000000000000000000000000000000000000000000000000000000000000000000000000000000000000000000000000000000000000000000000000000000000000000000000000000000000000000000000000000000000000000000
310
00000000000000000000000000000000000000000000000000000000000000000000000000000000000000000000000000000000000000000000000000000000000000000000000000000000000000000000000000000000000000000000000000000000000000000000000000000000000000000000000000000000000000
310
00000000000000000000000000000000000000000000000000000000000000000000000000000000000000000000000000000000000000000000000000000000000000000000000000000000000000000000000000000000000000000000000000000000000000000000000000000000000000000000000000000000000000
310
00000000000000000000000000000000000000000000000000000000000000000000000000000000000000000000000000000000000000000000000000000000000000000000000000000000000000000000000000000000000000000000000000000000000000000000000000000000000000000000000000000000000000
310
00000000000000000000000000000000000000000000000000000000000000000000000000000000000000000000000000000000000000000000000000000000000000000000000000000000000000000000000000000000000000000000000000000000000000000000000000000000000000000000000000000000000000
310
00000000000000000000000000000000000000000000000000000000000000000000000000000000000000000000000000000000000000000000000000000000000000000000000000000000000000000000000000000000000000000000000000000000000000000000000000000000000000000000000000000000000000
310
00000000000000000000000000000000000000000000000000000000000000000000000000000000000000000000000000000000000000000000000000000000000000000000000000000000000000000000000000000000000000000000000000000000000000000000000000000000000000000000000000000000000000
310
00000000000000000000000000000000000000000000000000000000000000000000000000000000000000000000000000000000000000000000000000000000000000000000000000000000000000000000000000000000000000000000000000000000000000000000000000000000000000000000000000000000000000
310
00000000000000000000000000000000000000000000000000000000000000000000000000000000000000000000000000000000000000000000000000000000000000000000000000000000000000000000000000000000000000000000000000000000000000000000000000000000000000000000000000000000000000
310
00000000000000000000000000000000000000000000000000000000000000000000000000000000000000000000000000000000000000000000000000000000000000000000000000000000000000000000000000000000000000000000000000000000000000000000000000000000000000000000000000000000000000
310
00000000000000000000000000000000000000000000000000000000000000000000000000000000000000000000000000000000000000000000000000000000000000000000000000000000000000000000000000000000000000000000000000000000000000000000000000000000000000000000000000000000000000
310
00000000000000000000000000000000000000000000000000000000000000000000000000000000000000000000000000000000000000000000000000000000000000000000000000000000000000000000000000000000000000000000000000000000000000000000000000000000000000000000000000000000000000
310
00000000000000000000000000000000000000000000000000000000000000000000000000000000000000000000000000000000000000000000000000000000000000000000000000000000000000000000000000000000000000000000000000000000000000000000000000000000000000000000000000000000000000
310
00000000000000000000000000000000000000000000000000000000000000000000000000000000000000000000000000000000000000000000000000000000000000000000000000000000000000000000000000000000000000000000000000000000000000000000000000000000000000000000000000000000000000
310
00000000000000000000000000000000000000000000000000000000000000000000000000000000000000000000000000000000000000000000000000000000000000000000000000000000000000000000000000000000000000000000000000000000000000000000000000000000000000000000000000000000000000
310
00000000000000000000000000000000000000000000000000000000000000000000000000000000000000000000000000000000000000000000000000000000000000000000000000000000000000000000000000000000000000000000000000000000000000000000000000000000000000000000000000000000000000
310
00000000000000000000000000000000000000000000000000000000000000000000000000000000000000000000000000000000000000000000000000000000000000000000000000000000000000000000000000000000000000000000000000000000000000000000000000000000000000000000000000000000000000
310
00000000000000000000000000000000000000000000000000000000000000000000000000000000000000000000000000000000000000000000000000000000000000000000000000000000000000000000000000000000000000000000000000000000000000000000000000000000000000000000000000000000000000
310
00000000000000000000000000000000000000000000000000000000000000000000000000000000000000000000000000000000000000000000000000000000000000000000000000000000000000000000000000000000000000000000000000000000000000000000000000000000000000000000000000000000000000
310
00000000000000000000000000000000000000000000000000000000000000000000000000000000000000000000000000000000000000000000000000000000000000000000000000000000000000000000000000000000000000000000000000000000000000000000000000000000000000000000000000000000000000
310
00000000000000000000000000000000000000000000000000000000000000000000000000000000000000000000000000000000000000000000000000000000000000000000000000000000000000000000000000000000000000000000000000000000000000000000000000000000000000000000000000000000000000
310
00000000000000000000000000000000000000000000000000000000000000000000000000000000000000000000000000000000000000000000000000000000000000000000000000000000000000000000000000000000000000000000000000000000000000000000000000000000000000000000000000000000000000
310
00000000000000000000000000000000000000000000000000000000000000000000000000000000000000000000000000000000000000000000000000000000000000000000000000000000000000000000000000000000000000000000000000000000000000000000000000000000000000000000000000000000000000
310
00000000000000000000000000000000000000000000000000000000000000000000000000000000000000000000000000000000000000000000000000000000000000000000000000000000000000000000000000000000000000000000000000000000000000000000000000000000000000000000000000000000000000
310
00000000000000000000000000000000000000000000000000000000000000000000000000000000000000000000000000000000000000000000000000000000000000000000000000000000000000000000000000000000000000000000000000000000000000000000000000000000000000000000000000000000000000
310
00000000000000000000000000000000000000000000000000000000000000000000000000000000000000000000000000000000000000000000000000000000000000000000000000000000000000000000000000000000000000000000000000000000000000000000000000000000000000000000000000000000000000
310
00000000000000000000000000000000000000000000000000000000000000000000000000000000000000000000000000000000000000000000000000000000000000000000000000000000000000000000000000000000000000000000000000000000000000000000000000000000000000000000000000000000000000
310
00000000000000000000000000000000000000000000000000000000000000000000000000000000000000000000000000000000000000000000000000000000000000000000000000000000000000000000000000000000000000000000000000000000000000000000000000000000000000000000000000000000000000
310
00000000000000000000000000000000000000000000000000000000000000000000000000000000000000000000000000000000000000000000000000000000000000000000000000000000000000000000000000000000000000000000000000000000000000000000000000000000000000000000000000000000000000
310
00000000000000000000000000000000000000000000000000000000000000000000000000000000000000000000000000000000000000000000000000000000000000000000000000000000000000000000000000000000000000000000000000000000000000000000000000000000000000000000000000000000000000
310
00000000000000000000000000000000000000000000000000000000000000000000000000000000000000000000000000000000000000000000000000000000000000000000000000000000000000000000000000000000000000000000000000000000000000000000000000000000000000000000000000000000000000
310
00000000000000000000000000000000000000000000000000000000000000000000000000000000000000000000000000000000000000000000000000000000000000000000000000000000000000000000000000000000000000000000000000000000000000000000000000000000000000000000000000000000000000
310
00000000000000000000000000000000000000000000000000000000000000000000000000000000000000000000000000000000000000000000000000000000000000000000000000000000000000000000000000000000000000000000000000000000000000000000000000000000000000000000000000000000000000
310
00000000000000000000000000000000000000000000000000000000000000000000000000000000000000000000000000000000000000000000000000000000000000000000000000000000000000000000000000000000000000000000000000000000000000000000000000000000000000000000000000000000000000
310
00000000000000000000000000000000000000000000000000000000000000000000000000000000000000000000000000000000000000000000000000000000000000000000000000000000000000000000000000000000000000000000000000000000000000000000000000000000000000000000000000000000000000
310
00000000000000000000000000000000000000000000000000000000000000000000000000000000000000000000000000000000000000000000000000000000000000000000000000000000000000000000000000000000000000000000000000000000000000000000000000000000000000000000000000000000000000
310
00000000000000000000000000000000000000000000000000000000000000000000000000000000000000000000000000000000000000000000000000000000000000000000000000000000000000000000000000000000000000000000000000000000000000000000000000000000000000000000000000000000000000
310
00000000000000000000000000000000000000000000000000000000000000000000000000000000000000000000000000000000000000000000000000000000000000000000000000000000000000000000000000000000000000000000000000000000000000000000000000000000000000000000000000000000F5F5F5
310
F5F5F5F5F5F5F5F5F5F5F5F5F5F5F5F5F5F5F5F5F5F5F5F5F5F5F5F5F5F5F5F5F5F5F5F5F5F5F5F5F5F5F5F5F5F5F5F5F5F5F5F5F5F5F5F5F5F500F5F5F5F5F5F5F5F5F5F5F5F5F5F5F5F5F5F5F5F5F5F5F5F5F5F5F5F5F5F5F5F5F5F5F5F5F5F5F5F5F5F5F5F5F5F5F5F5F5F5F5F5F5F5F5F5F5F5F5F5F5F5F5F5F5F5F5F5
310
F5F5F5F5F5F5F5F5F5F5F5F5F5F5F5F5F5F5F5F5F5F5F5F5F5F50000000000000000000000000000000000000000000000000000000000000000000000000000000000000000000000000000000000000000000000000000000000000000000000000000000000000000000000000000000000000000000000000000F5F5F5
310
0000000000000000000000000000000000000000000000000000000000000000000000000000000000000000000000000000000000000000000000F5F5F50000000000000000000000000000000000000000000000000000000000000000000000000000000000000000000000000000000000000000000000000000000000
310
000000000000000000000000000000000000000000000000000000F50000000000000000000000000000000000000000000000000000000000000000000000000000000000000000000000000000000000000000000000000000000000000000000000000000000000000000000000000000000000000000000000000000F5
310
0000000000000000000000000000000000000000000000000000000000000000000000000000000000000000000000000000000000000000000000000000F5F50000000000000000000000000000000000000000F5000000000000000000000000000000000000000000000000000000000000000000000000000000000000
310
0000000000000000F50000000000000000000000000000000000000000F500F5F5F5F5F5F5F5F5F5F5F5F5F5F5F5F5F5F50000F5F5F5F5F5F5F5F5F5F5F5F5F5F5F5F5F5F5F5000000000000000000000000000000000000000000000000000000000000000000000000000000000000000000000000000000000000000000
310
00F50000000000000000000000000000000000000000000000000000000000000000000000000000000000000000000000000000000000000000000000000000F5F500000000000000000000000000000000000000F500F5000000000000000000000000000000000000000000000000000000000000000000000000000000
310
000000000000000000F500F500000000000000000000000000000000000000F500F500000000000000000000000000000000F50000F50000000000000000000000000000000000F500F5F5F5F5F5F5F5F5F5F5F5F5F5F5F5F5F5F5F5F5F5F5F5F5F5F5F5F5F5F5F5F5F5F5F5F5F5F5F5F5F5F5F5F5F5F5F5F5F5F5F5F5F5F5
310
F5F5F5F50000000000000000000000000000000000000000000000000000000000000000000000000000000000000000000000000000000000000000000000000000F5F50000000000000000000000000000000000000000F50000000000000000000000000000000000000000000000000000000000000000000000000000
310
000000000000000000000000F50000000000000000000000000000000000000000F500F500000000000000000000000000000000F5F5F5F50000000000000000000000000000000000F5F5F500F50000000000000000000000000000000000000000000000000000000000F50000000000F500000000F500000000F5000000
310
00F500F5F5F50000000000000000000000000000000000000000000000000000000000000000000000000000000000000000000000000000000000000000000000000000F5F5000000000000000000000000000000000000000000000000000000000000000000000000000000000000000000000000000000000000000000
310
0000000000000000000000000000000000000000000000000000000000000000000000F500F5000000000000F50000000000F50000000000F5F5000000000000000000000000000000000000F5F5F50000000000000000000000000000000000000000000000000000000000F500F5000000F500F50000F500F50000F500F5
310
00000000F500F5F50000000000000000000000000000000000000000000000000000000000000000000000000000000000000000000000000000000000000000000000000000F5F500000000000000000000000000000000000000000000000000000000000000000000000000000000000000000000000000000000000000
310
00000000000000000000000000000000000000000000000000000000000000000000000000F500F50000000000F500F5000000F500F500000000F5F5000000000000000000000000000000000000F5F500000000000000000000000000000000000000000000000000000000000000F50000000000F500000000F500000000
310
F500000000000000F5F50000000000000000000000000000000000000000000000000000000000000000000000000000000000000000000000000000000000000000000000000000F5F50000000000000000000000000000000000000000000000000000000000000000000000000000000000000000000000000000000000
310
000000000000000000000000000000000000000000000000000000000000000000000000000000F500F500000000F5000000F500F5000000F5000000F5F5000000000000000000000000000000000000F5F5000000000000000000000000000000000000000000000000000000000000000000000000000000000000000000
310
00000000000000000000F5F50000000000000000000000000000000000000000000000000000000000000000000000000000000000000000000000000000000000000000000000000000F5F5000000000000000000000000000000000000000000000000000000000000000000000000000000000000000000000000000000
310
0000000000000000000000000000000000000000000000000000000000000000000000000000000000F500F50000000000F500F5000000F500F500000000F5F5000000000000000000000000000000000000F5F500000000F50000000000000000000000000000000000000000F50000000000000000000000000000000000
310
000000000000000000F50000F5F50000000000000000000000000000000000000000000000000000000000000000000000000000000000000000000000000000000000000000000000000000F5F500000000000000000000000000000000000000000000000000000000000000000000000000000000000000000000000000
310
00000000000000000000000000000000000000000000000000000000000000000000000000000000000000F500F5000000000000F50000000000F50000000000F5F5000000000000000000000000000000000000F5F5000000F500F5000000000000000000000000000000000000F500F50000000000000000000000000000
310
00000000000000000000F500F500F5F50000000000000000000000000000000000000000000000000000000000000000000000000000000000000000000000000000000000000000000000000000F5F5000000000000000000000000F500000000000000000000000000000000000000000000000000000000000000000000
310
00000000000000000000000000000000000000000000000000000000000000000000000000000000F50000F500F500F5000000000000000000000000000000000000F5F5000000000000000000000000000000000000F5F500000000F50000000000000000000000000000000000000000F500000000000000000000000000
310
00000000000000000000000000F50000F5F50000000000000000000000000000000000000000000000000000000000000000000000000000000000000000000000000000000000000000000000000000F5F5000000000000000000000000000000000000000000000000000000000000000000000000000000000000000000
310
0000000000000000000000000000000000000000000000000000000000000000000000000000000000F500F5F500F5F500F5000000000000000000000000000000000000F5F5000000000000000000000000000000000000F5F500000000000000000000000000000000000000000000000000000000000000000000000000
310
000000000000000000000000000000F50000F5F50000000000000000000000000000000000000000000000000000000000000000000000000000000000000000000000000000000000000000000000000000F5F500000000000000000000000000000000000000000000000000000000000000000000000000000000000000
310
0000000000000000000000000000000000000000000000000000000000000000000000000000000000000000F50000F500F500F5000000000000000000000000000000000000F5F5000000000000000000000000000000000000F5F500000000000000000000000000000000000000000000000000000000000000F5000000
310
0000F500000000F500000000F5000000F500F500F5F50000000000000000000000000000000000000000000000000000000000000000000000000000000000000000000000000000000000000000000000000000F5F50000000000000000000000000000000000000000000000000000000000000000000000000000000000
310
000000000000000000000000000000000000000000000000000000000000000000000000000000000000000000000000000000F500F5000000000000000000000000000000000000F5F5000000000000000000000000000000000000F5F5000000000000000000000000000000000000000000000000000000000000F500F5
310
000000F500F50000F500F50000F500F5000000F50000F5F50000000000000000000000000000000000000000000000000000000000000000000000000000000000000000000000000000000000000000000000000000F5F5000000000000000000000000000000000000000000000000000000000000000000000000000000
310
0000000000000000000000000000000000000000000000000000000000000000000000000000000000000000000000000000000000F500F5000000000000000000000000000000000000F5F5000000000000000000000000000000000000F5F500000000000000000000000000000000000000000000000000000000000000
310
F50000000000F500000000F500000000F500000000000000F5F50000000000000000000000000000000000000000000000000000000000000000000000000000000000000000000000000000000000000000000000000000F5F500000000000000000000000000000000000000000000000000000000000000000000000000
310
00000000000000000000000000000000000000000000000000000000000000000000000000000000000000000000000000000000000000F500F5000000000000000000000000000000000000F5F5000000000000000000000000000000000000F5F50000000000000000000000000000000000000000000000000000000000
310
0000000000000000000000000000000000000000000000000000F5F50000000000000000000000000000000000000000000000000000000000000000000000000000000000000000000000000000000000000000000000000000F5F50000000000000000000000000000000000000000000000000000000000000000000000
310
000000000000000000000000000000000000000000000000000000000000000000000000000000000000000000000000000000000000000000F500F5000000000000000000000000000000000000F5F5000000000000000000000000000000000000F5F5F50000000000000000000000000000F5000000F500000000000000
310
000000F500000000000000000000000000000000F500000000000000F5F50000000000000000000000000000000000000000000000000000000000000000000000000000000000000000000000000000000000000000000000000000F5F5000000000000000000000000000000000000000000000000000000000000000000
310
000000000000000000000000000000000000000000000000000000000000000000000000000000000000000000000000000000000000F50000F500F500F5000000000000000000000000000000000000F5F5000000000000000000000000000000000000F5F500F5000000000000000000000000F500F50000000000000000
310
000000000000000000000000000000000000000000000000000000000000F5F50000000000000000000000000000000000000000000000000000000000000000000000000000000000000000000000000000000000000000000000000000F5F500000000000000000000000000000000000000000000000000000000000000
310
00000000000000000000000000000000000000000000000000000000000000000000000000000000000000000000000000000000000000F500F5F500F5F500F5000000000000000000000000000000000000F5F5000000000000000000000000000000000000F5F5F50000000000000000000000000000F500000000000000
310
0000000000000000000000000000000000000000000000000000000000000000F5F50000000000000000000000000000000000000000000000000000000000000000000000000000000000000000000000000000000000000000000000000000F5F50000000000000000000000000000000000000000000000000000000000
310
00000000000000000000000000000000000000000000000000000000000000000000000000000000000000000000000000000000000000000000F50000F500F500F5000000000000000000000000000000000000F5F5000000000000000000000000000000000000F5F5000000000000000000000000000000000000000000
310
00000000000000000000000000000000000000000000000000000000000000000000F5F50000000000000000000000000000000000000000000000000000000000000000000000000000000000000000000000000000000000000000000000000000F5F5000000000000000000000000000000000000000000000000000000
310
0000000000000000000000000000000000000000000000000000000000000000000000000000000000000000000000000000000000000000000000000000000000F500F5000000000000000000000000000000000000F5F5000000000000000000000000000000000000F5F500000000000000000000000000000000000000
310
00000000000000000000000000000000000000000000000000000000000000000000F500F5F50000000000000000000000000000000000000000000000000000000000000000000000000000000000000000000000000000000000000000000000000000F5F500000000000000000000000000000000000000000000000000
310
00000000000000000000000000000000000000000000000000000000000000000000000000000000000000000000000000000000000000000000000000000000000000F500F5000000000000000000000000000000000000F5F5000000000000000000000000000000000000F5F50000F50000000000000000000000000000
310
0000000000000000000000000000000000000000000000000000000000000000000000000000F5F50000000000000000000000000000000000000000000000000000000000000000000000000000000000000000000000000000000000000000000000000000F5F50000000000000000000000000000000000000000000000
310
000000000000000000000000000000000000000000000000000000000000000000000000000000000000000000000000000000000000000000000000000000000000000000F500F5000000000000000000000000000000000000F5F50000000000000000000000F5000000000000F5F500F500F50000000000000000000000
310
00000000000000000000000000000000000000000000000000000000000000000000000000000000F5F50000000000000000000000000000000000000000000000000000000000000000000000000000000000000000000000000000000000000000000000000000F5F5000000000000000000000000000000000000000000
310
0000000000000000000000000000000000000000000000000000000000000000000000000000000000000000000000000000000000000000000000000000000000000000000000F500F5000000000000000000000000000000000000F5F500000000000000000000F500F50000000000F5F50000F500000000000000000000
310
0000000000000000F500000000000000000000000000000000000000000000000000F500000000000000F5F50000000000000000000000000000000000000000000000000000000000000000000000000000000000000000000000000000000000000000000000000000F5F500000000000000000000000000000000000000
310
00000000000000000000000000000000000000000000000000000000000000000000000000000000000000000000000000000000000000000000000000000000000000000000000000F500F5000000000000000000000000000000000000F5F5000000000000000000F5000000F500000000F5F5000000000000F500000000
310
000000000000000000F500F50000000000000000000000000000000000000000000000F500F5000000000000F5F50000000000000000000000000000000000000000000000000000000000000000000000000000000000000000000000000000000000000000000000000000F5F50000000000000000000000000000000000
310
000000000000000000000000000000000000000000000000000000000000000000000000000000000000000000000000000000000000000000000000000000000000000000000000000000F500F5000000000000000000000000000000000000F5F500000000000000000000F500F50000000000F5F50000F50000F500F500
310
000000000000000000000000F500000000000000000000000000000000000000000000000000F500000000000000F5F50000000000000000000000000000000000000000000000000000000000000000000000000000000000000000000000000000000000000000000000000000F5F5000000000000000000000000000000
310
0000000000000000000000000000000000000000000000000000000000000000000000000000000000000000000000000000000000000000000000000000000000000000000000000000000000F500F5000000000000000000000000000000000000F5F50000000000000000000000F5000000000000F5F5000000000000F5
310
000000000000000000000000000000000000000000000000000000000000000000000000000000000000000000000000F5F50000000000000000000000000000000000000000000000000000000000000000000000000000000000000000000000000000000000000000000000000000F5F500000000000000000000000000
310
00000000000000000000000000000000000000000000000000000000000000000000000000000000000000000000000000000000000000000000000000000000000000000000000000000000000000F500F5000000000000000000000000000000000000F5F5000000000000000000000000000000000000F5F50000000000
310
00F5000000F50000000000000000000000000000000000000000000000000000000000000000000000000000000000000000F5F50000000000000000000000000000000000000000000000000000000000000000000000000000000000000000000000000000000000000000000000000000F5F50000000000000000000000
310
000000000000000000000000000000000000000000000000000000000000000000000000000000000000000000000000000000000000000000000000000000000000000000000000000000000000000000F500F5000000000000000000000000000000000000F5F5000000000000000000000000000000000000F5F5000000
310
000000000000F500F500000000000000000000000000000000000000000000000000000000000000000000000000000000000000F5F50000000000000000000000000000000000000000000000000000000000000000000000000000000000000000000000000000000000000000000000000000F5F5000000000000000000
310
0000000000000000000000000000000000000000000000000000000000000000000000000000000000000000000000000000000000000000000000000000000000000000000000000000000000000000000000F500F5000000000000000000000000000000000000F5F50000000000000000000000F5F50000000000F5F500
310
000000000000000000F50000000000000000000000000000000000000000000000000000000000000000000000000000000000000000F5F50000000000000000000000000000000000000000000000000000000000000000000000000000000000000000000000000000000000000000000000000000F5F500000000000000
310
0000000000F500000000000000000000000000000000000000000000000000000000000000000000000000000000000000000000000000000000000000000000000000000000000000000000000000000000000000F500F5000000000000000000000000000000000000F5F500000000000000000000F500F50000000000F5
310
F500000000000000000000F50000000000000000000000000000000000000000000000000000000000000000000000000000000000000000F5F50000000000000000000000000000000000000000000000000000000000000000000000000000000000000000000000000000000000000000000000000000F5F50000000000
310
000000000000000000000000000000000000000000000000000000000000000000000000000000000000000000000000000000000000000000000000000000000000000000000000000000000000000000000000000000F500F5000000000000000000000000000000000000F5F50000000000000000000000F5F500000000
310
00F5F50000000000000000000000000000000000000000000000000000000000000000000000000000000000000000000000000000000000F500F5F50000000000000000000000000000000000000000000000000000000000000000000000000000000000000000000000000000000000000000000000000000F5F5000000
310
0000000000000000000000000000000000000000000000000000000000000000000000000000000000000000000000000000000000000000000000000000000000000000000000000000000000000000000000000000000000F500F5000000000000000000000000000000000000F5F5000000000000000000000000000000
310
000000F5F50000000000000000000000000000000000000000F50000000000000000000000F500000000000000000000000000000000F50000000000F5F50000000000000000000000000000000000000000000000000000000000000000000000000000000000000000000000000000000000000000000000000000F5F500
310
00000000000000000000000000000000000000000000000000000000000000000000000000000000000000000000000000000000000000000000000000000000000000000000000000000000000000000000000000000000000000F500F5000000000000000000000000000000000000F5F500000000000000000000000000
310
0000000000F5F500000000000000000000000000000000000000000000000000000000000000000000000000000000000000000000000000000000000000F5F50000000000000000000000000000000000000000000000000000000000000000000000000000000000000000000000000000000000000000000000000000F5
310
F50000000000000000000000000000000000000000000000000000000000000000000000000000000000000000000000000000000000000000000000000000000000000000000000000000000000000000000000000000000000000000F500F5000000000000000000000000000000000000F5F50000000000000000000000
310
00000000000000F5F5F50000000000000000000000000000F5000000F50000000000000000000000000000000000000000000000000000000000F50000000000F5F500000000000000000000000000000000000000000000000000000000000000000000000000000000000000000000000000000000000000000000000000
310
00F5F50000000000000000000000000000000000000000000000000000000000000000000000000000000000000000000000000000000000000000000000000000000000000000000000000000000000000000000000000000000000000000F500F5000000000000000000000000000000000000F5F5000000000000000000
310
000000000000000000F5F500F5000000000000000000000000F500F500F500F5000000000000000000000000000000000000000000000000000000F500F500000000F5F50000000000000000000000000000000000000000000000000000000000000000000000000000000000000000000000000000000000000000000000
310
000000F5F50000000000000000000000000000000000000000000000000000000000000000000000000000000000000000000000000000000000000000000000000000000000000000000000000000000000000000000000000000000000000000F500F5000000000000000000000000000000000000F5F500000000000000
310
0000000000000000000000F5F5F50000000000000000000000000000F5000000F50000000000000000000000000000000000000000000000000000000000F50000000000F5F5000000000000000000000000000000000000000000000000000000000000000000000000000000000000000000000000000000000000000000
310
0000000000F5F50000000000000000000000000000000000000000000000000000000000000000000000000000000000000000000000000000000000000000000000000000000000000000000000000000000000000000000000000000000000000000F500F5000000000000000000000000000000000000F5F50000000000
310
00000000000000000000000000F5F500000000000000000000000000000000000000000000000000000000000000000000000000000000000000000000000000000000000000F5F500000000000000000000000000000000000000000000000000000000000000000000000000000000000000000000000000000000000000
310
00000000000000F5F50000000000000000000000000000000000000000000000000000000000000000000000000000000000000000000000000000000000000000000000000000000000000000000000000000000000000000000000000000000000000000F500F5000000000000000000000000000000000000F5F5000000
310
000000000000000000000000000000F5F500000000000000000000000000000000000000000000000000000000000000000000000000000000000000000000000000000000000000F5F50000000000000000000000000000000000000000000000000000000000000000000000000000000000000000000000000000000000
310
000000000000000000F5F50000000000000000000000000000000000000000000000000000000000000000000000000000000000000000000000000000000000000000000000000000000000000000000000000000000000000000000000000000000000000000F500F5000000000000000000000000000000000000F5F500
310
0000000000000000000000000000000000F5F50000000000000000000000000000000000000000F50000000000000000000000F500000000000000000000000000000000F50000000000F5F5000000000000000000000000000000000000000000000000000000000000000000000000000000000000000000000000000000
310
0000000000000000000000F5F50000000000000000000000000000000000000000000000000000000000000000000000000000000000000000000000000000000000000000000000000000000000000000000000000000000000000000000000000000F5F500000000F500F5000000000000000000000000000000000000F5
310
F5000000000000000000000000000000000000F5F50000000000000000000000000000000000000000000000000000000000000000000000000000000000000000000000F500000000000000F5F500000000000000000000000000000000000000000000000000000000000000000000000000000000000000000000000000
310
00000000000000000000000000F5F500000000000000000000000000000000000000000000000000000000000000000000000000000000000000000000000000000000000000000000000000000000000000000000000000000000000000000000000000F500F500000000F500F50000000000000000000000000000000000
310
00F5F5000000000000000000000000000000000000F5F500000000000000000000000000000000000000000000000000000000000000000000000000000000000000000000F500F5000000000000F5F50000000000000000000000000000000000000000000000000000000000000000000000000000000000000000000000
310
000000000000000000000000000000F5F50000000000000000000000000000000000000000000000000000000000000000000000000000000000000000000000000000000000000000000000000000000000000000000000000000000000000000000000000000F5F500000000F500F5000000000000000000000000000000
310
000000F5F5000000000000000000000000000000000000F5F50000000000000000000000000000000000000000000000000000000000000000000000000000000000000000000000F500000000000000F5F5000000000000000000000000000000000000000000000000000000000000000000000000000000000000000000
310
0000000000000000000000000000000000F5F50000000000000000000000000000000000000000000000000000000000000000000000000000000000000000000000000000000000000000000000000000000000000000000000000000000000000000000000000000000000000000F500F500000000000000000000000000
310
0000000000F5F5000000000000000000000000000000000000F5F500000000000000000000000000000000000000000000000000000000000000000000000000000000000000000000000000000000000000F5F500000000000000000000000000000000000000000000000000000000000000000000000000000000000000
310
00000000000000000000000000000000000000F5F50000000000000000000000000000000000000000000000000000000000000000000000000000000000000000000000000000000000000000000000000000000000000000000000000000000000000000000000000000000000000000F500F50000000000000000000000
310
00000000000000F5F5000000000000000000000000000000000000F5F500000000000000000000000000000000000000000000000000000000000000000000000000000000000000000000000000000000000000F5F50000000000000000000000000000000000000000000000000000000000000000000000000000000000
310
000000000000000000000000000000000000000000F5F50000000000000000000000000000000000000000000000000000000000000000000000000000000000000000000000000000000000000000000000000000000000000000000000000000000000000000000000000000000000000000F500F5000000000000000000
310
000000000000000000F5F5000000000000000000000000000000000000F5F500000000F500000000000000000000000000000000000000000000000000000000000000000000000000F5000000000000000000000000F5F5000000000000000000000000000000000000000000000000000000000000000000000000000000
310
0000000000000000000000000000000000000000000000F5F50000000000000000000000000000000000000000000000000000000000000000000000000000000000000000000000000000000000000000000000000000000000000000000000000000000000000000000000000000000000000000F500F500000000000000
310
0000000000000000000000F5F5000000000000000000000000000000000000F5F5000000F500F50000000000000000000000000000000000000000000000000000000000000000000000F500F50000000000000000000000F5F500000000000000000000000000000000000000000000000000000000000000000000000000
310
00000000000000000000000000000000000000000000000000F5F500000000000000000000000000000000000000000000000000000000000000000000000000000000000000000000000000000000000000000000000000000000000000000000000000000000000000F5F50000000000000000000000F500F50000000000
310
00000000000000000000000000F5F5000000000000000000000000000000000000F5F500000000F500000000000000000000000000000000000000000000000000000000000000000000000000F5000000000000000000000000F5F50000000000000000000000000000000000000000000000000000000000000000000000
310
000000000000000000000000000000000000000000000000000000F5F5000000000000000000000000000000000000000000000000000000000000000000000000000000000000000000000000000000000000000000000000000000000000000000000000000000000000F500F50000000000000000000000F500F5000000
310
000000000000000000000000000000F5F5000000000000000000000000000000000000F5F50000000000000000000000000000000000000000000000000000000000000000000000000000000000000000000000000000000000F500F5F5000000000000000000000000000000000000000000000000000000000000000000
310
0000000000000000000000000000000000000000000000000000000000F5F5000000000000000000000000F5000000000000000000000000000000000000000000000000000000000000000000000000000000000000000000000000000000000000000000000000000000000000F5F50000000000000000000000F500F500
310
0000000000000000000000000000000000F5F5000000000000000000000000000000000000F5F500000000000000000000000000000000000000000000000000000000000000000000000000000000000000000000000000000000000000F5F500000000000000000000000000000000000000000000000000000000000000
310
00000000000000000000000000000000000000000000000000000000000000F5F50000000000000000000000000000000000000000000000000000000000000000000000000000000000000000000000000000000000000000000000000000000000000000000000000000000000000000000000000000000000000000F500
310
F5000000000000000000000000000000000000F5F5000000000000000000000000000000000000F5F50000000000000000000000000000000000000000000000000000000000000000000000000000000000000000000000F500000000000000F5F50000000000000000000000000000000000000000000000000000000000
310
000000000000000000000000000000000000000000000000000000000000000000F5F500000000000000000000000000000000000000000000000000000000000000000000000000000000000000000000000000000000000000000000000000000000000000000000000000000000000000F5F50000000000000000000000
310
F500F5000000000000000000000000000000000000F5F5000000000000000000000000000000000000F5F500000000000000000000000000000000000000000000000000000000000000000000000000000000000000000000F500F5000000000000F5F5000000000000000000000000000000000000000000000000000000
310
0000000000000000000000000000000000000000000000000000000000000000000000F5F5000000000000000000000000000000000000000000000000000000000000000000000000000000000000000000000000000000000000000000000000000000000000000000000000000000000000F500F5000000000000000000
310
0000F500F5000000000000000000000000000000000000F5F5000000000000000000000000000000000000F5F50000000000000000000000000000000000000000000000000000000000000000000000000000000000000000000000F500000000000000F5F500000000000000000000000000000000000000000000000000
310
00000000000000000000000000000000000000000000000000000000000000000000000000F5F500000000000000000000000000000000000000000000000000000000000000000000000000000000000000000000000000000000000000000000000000000000000000000000000000000000000000F5F500000000000000
310
00000000F500F5000000000000000000000000000000000000F5F5000000000000000000000000000000000000F5F500000000000000000000000000000000000000000000000000000000000000000000000000000000000000000000000000000000000000F5F50000000000000000000000000000000000000000000000
310
000000000000000000000000000000000000000000000000000000000000000000000000000000F5F50000000000000000000000000000000000000000000000000000000000000000000000000000000000000000000000000000000000000000000000000000000000000000000000000000000000000000000000000000
310
000000000000F500F5000000000000000000000000000000000000F5F5000000000000000000000000000000000000F5F5F500000000000000000000000000000000000000000000000000000000000000000000000000000000000000000000000000000000F500F5F5000000000000000000000000000000000000000000
310
0000000000000000000000000000000000000000000000000000000000000000000000000000000000F5F50000000000000000000000000000000000000000F50000000000000000000000000000000000000000000000000000000000000000000000000000000000000000000000000000F500000000000000F5F5000000
310
0000000000000000F500F500000000000000000000000000000000F5F5F5F50000000000000000000000000000000000F5F5F500F50000000000000000000000F500000000000000000000000000000000F500000000000000000000000000000000F500000000F500F5F5F500000000000000000000000000000000000000
310
00000000000000000000000000000000000000000000000000000000000000000000000000000000000000F5F500000000000000000000000000000000000000F500F5000000000000000000000000000000000000000000000000000000000000000000000000000000000000000000000000F500F50000000000F500F500
310
00000000000000000000F500F500000000000000000000000000000000F50000F50000000000000000000000000000000000F500F5F5F5F5F5F5F5F5F5F5F5F5F5F5F5F5F5F5F5F5F5F5F5F5F5F5F5F5F5F5F5F5F5F5F5F5F5F5F5F5F5F5F5F5F5F5F5F5F5F5F5F5F5F5F5F5F5F5F5F5000000000000000000000000000000
310
0000000000000000000000000000000000000000000000000000000000000000000000000000000000000000F5F5F50000000000000000000000000000000000000000F50000000000000000000000000000000000000000000000000000000000000000000000000000000000000000000000000000F500000000000000F5
310
F50000000000000000000000F500F500000000000000000000000000000000F50000F5F5F5F5F5F5F5F5F5F5F5F5F5F5F5F5F5F5F5000000000000000000000000000000000000000000000000000000000000000000000000000000000000000000000000000000000000000000000000F5F5F5F5F5F5F5F5F5F5F5F5F5F5
310
F5F5F5F5F5F5F5F5F5F5F5F5F5F5F5F5F5F5F5F5F5F5F5F5F5F5F5F5F5F5F5F5F5F5F5F5F5F5F5F5F5F5F5F5F5F5F500F5000000000000000000000000000000000000000000000000000000000000000000000000000000000000000000000000000000000000000000000000000000000000000000000000000000000000
310
0000000000000000000000000000F500F5F5F5F5F5F5F5F5F5F5F5F5F5F5F5F5F5F5000000000000000000000000000000000000000000000000000000000000000000000000000000000000000000000000000000000000000000000000000000000000000000000000000000000000000000000000000000000000000000
310
0000000000000000000000000000000000000000000000000000000000000000000000000000000000000000000000000000F5F5F5F5F5F5F5F5F5F5F5F5F5F5F5F5F5F5F5F5F5F5F5F5F5F5F5F5F5F5F5F5F5F5F5F5F5F5F5F5F5F5F5F5F5F5F5F5F5F5F5F5F5F5F5F5F5F5F5F5F5F5F5F5F5F5F5F5F5F5F5F5F5F5F5F5F5
310
F5F5F5F5F5F5F5F5F5F5F5F5F5F5F5F5F50000000000000000000000000000000000000000000000000000000000000000000000000000000000000000000000000000000000000000000000000000000000000000000000000000000000000000000000000000000000000000000000000000000000000000000000000000
310
00000000000000000000000000000000000000000000000000000000000000000000000000000000000000000000000000000000000000000000000000000000000000000000000000000000000000000000000000000000000000000000000000000000000000000000000000000000000000000000000000000000000000
310
00000000000000000000000000000000000000000000000000000000000000000000000000000000000000000000000000000000000000000000000000000000000000000000000000000000000000000000000000000000000000000000000000000000000000000000000000000000000000000000000000000000000000
310
00000000000000000000000000000000000000000000000000000000000000000000000000000000000000000000000000000000000000000000000000000000000000000000000000000000000000000000000000000000000000000000000000000000000000000000000000000000000000000000000000000000000000
310
00000000000000000000000000000000000000000000000000000000000000000000000000000000000000000000000000000000000000000000000000000000000000000000000000000000000000000000000000000000000000000000000000000000000000000000000000000000000000000000000000000000000000
310
00000000000000000000000000000000000000000000000000000000000000000000000000000000000000000000000000000000000000000000000000000000000000000000000000000000000000000000000000000000000000000000000000000000000000000000000000000000000000000000000000000000000000
310
00000000000000000000000000000000000000000000000000000000000000000000000000000000000000000000000000000000000000000000000000000000000000000000000000000000000000000000000000000000000000000000000000000000000000000000000000000000000000000000000000000000000000
310
00000000000000000000000000000000000000000000000000000000000000000000000000000000000000000000000000000000000000000000000000000000000000000000000000000000000000000000000000000000000000000000000000000000000000000000000000000000000000000000000000000000000000
310
00000000000000000000000000000000000000000000000000000000000000000000000000000000000000000000000000000000000000000000000000000000000000000000000000000000000000000000000000000000000000000000000000000000000000000000000000000000000000000000000000000000000000
310
00000000000000000000000000000000000000000000000000000000000000000000000000000000000000000000000000000000000000000000000000000000000000000000000000000000000000000000000000000000000000000000000000000000000000000000000000000000000000000000000000000000000000
310
00000000000000000000000000000000000000000000000000000000000000000000000000000000000000000000000000000000000000000000000000000000000000000000000000000000000000000000000000000000000000000000000000000000000000000000000000000000000000000000000000000000000000
310
00000000000000000000000000000000000000000000000000000000000000000000000000000000000000000000000000000000000000000000000000000000000000000000000000000000000000000000000000000000000000000000000000000000000000000000000000000000000000000000000000000000000000
310
00000000000000000000000000000000000000000000000000000000000000000000000000000000000000000000000000000000000000000000000000000000000000000000000000000000000000000000000000000000000000000000000000000000000000000000000000000000000000000000000000000000000000
310
00000000000000000000000000000000000000000000000000000000000000000000000000000000000000000000000000000000000000000000000000000000000000000000000000000000000000000000000000000000000000000000000000000000000000000000000000000000000000000000000000000000000000
310
00000000000000000000000000000000000000000000000000000000000000000000000000000000000000000000000000000000000000000000000000000000000000000000000000000000000000000000000000000000000000000000000000000000000000000000000000000000000000000000000000000000000000
310
00000000000000000000000000000000000000000000000000000000000000000000000000000000000000000000000000000000000000000000000000000000000000000000000000000000000000000000000000000000000000000000000000000000000000000000000000000000000000000000000000000000000000
310
00000000000000000000000000000000000000000000000000000000000000000000000000000000000000000000000000000000000000000000000000000000000000000000000000000000000000000000000000000000000000000000000000000000000000000000000000000000000000000000000000000000000000
310
00000000000000000000000000000000000000000000000000000000000000000000000000000000000000000000000000000000000000000000000000000000000000000000000000000000000000000000000000000000000000000000000000000000000000000000000000000000000000000000000000000000000000
310
00000000000000000000000000000000000000000000000000000000000000000000000000000000000000000000000000000000000000000000000000000000000000000000000000000000000000000000000000000000000000000000000000000000000000000000000000000000000000000000000000000000000000
310
00000000000000000000000000000000000000000000000000000000000000000000000000000000000000000000000000000000000000000000000000000000000000000000000000000000000000000000000000000000000000000000000000000000000000000000000000000000000000000000000000000000000000
310
00000000000000000000000000000000000000000000000000000000000000000000000000000000000000000000000000000000000000000000000000000000000000000000000000000000000000000000000000000000000000000000000000000000000000000000000000000000000000000000000000000000000000
310
00000000000000000000000000000000000000000000000000000000000000000000000000000000000000000000000000000000000000000000000000000000000000000000000000000000000000000000000000000000000000000000000000000000000000000000000000000000000000000000000000000000000000
310
00000000000000000000000000000000000000000000000000000000000000000000000000000000000000000000000000000000000000000000000000000000000000000000000000000000000000000000000000000000000000000000000000000000000000000000000000000000000000000000000000000000000000
310
00000000000000000000000000000000000000000000000000000000000000000000000000000000000000000000000000000000000000000000000000000000000000000000000000000000000000000000000000000000000000000000000000000000000000000000000000000000000000000000000000000000000000
310
00000000000000000000000000000000000000000000000000000000000000000000000000000000000000000000000000000000000000000000000000000000000000000000000000000000000000000000000000000000000000000000000000000000000000000000000000000000000000000000000000000000000000
310
00000000000000000000000000000000000000000000000000000000000000000000000000000000000000000000000000000000000000000000000000000000000000000000000000000000000000000000000000000000000000000000000000000000000000000000000000000000000000000000000000000000000000
310
00000000000000000000000000000000000000000000000000000000000000000000000000000000000000000000000000000000000000000000000000000000000000000000000000000000000000000000000000000000000000000000000000000000000000000000000000000000000000000000000000000000000000
310
00000000000000000000000000000000000000000000000000000000000000000000000000000000000000000000000000000000000000000000000000000000000000000000000000000000000000000000000000000000000000000000000000000000000000000000000000000000000000000000000000000000000000
310
00000000000000000000000000000000000000000000000000000000000000000000000000000000000000000000000000000000000000000000000000000000000000000000000000000000000000000000000000000000000000000000000000000000000000000000000000000000000000000000000000000000000000
310
00000000000000000000000000000000000000000000000000000000000000000000000000000000000000000000000000000000000000000000000000000000000000000000000000000000000000000000000000000000000000000000000000000000000000000000000000000000000000000000000000000000000000
310
00000000000000000000000000000000000000000000000000000000000000000000000000000000000000000000000000000000000000000000000000000000000000000000000000000000000000000000000000000000000000000000000000000000000000000000000000000000000000000000000000000000000000
310
00000000000000000000000000000000000000000000000000000000000000000000000000000000000000000000000000000000000000000000000000000000000000000000000000000000000000000000000000000000000000000000000000000000000000000000000000000000000000000000000000000000000000
310
00000000000000000000000000000000000000000000000000000000000000000000000000000000000000000000000000000000000000000000000000000000000000000000000000000000000000000000000000000000000000000000000000000000000000000000000000000000000000000000000000000000000000
310
00000000000000000000000000000000000000000000000000000000000000000000000000000000000000000000000000000000000000000000000000000000000000000000000000000000000000000000000000000000000000000000000000000000000000000000000000000000000000000000000000000000000000
310
00000000000000000000000000000000000000000000000000000000000000000000000000000000000000000000000000000000000000000000000000000000000000000000000000000000000000000000000000000000000000000000000000000000000000000000000000000000000000000000000000000000000000
310
00000000000000000000000000000000000000000000000000000000000000000000000000000000000000000000000000000000000000000000000000000000000000000000000000000000000000000000000000000000000000000000000000000000000000000000000000000000000000000000000000000000000000
310
00000000000000000000000000000000000000000000000000000000000000000000000000000000000000000000000000000000000000000000000000000000000000000000000000000000000000000000000000000000000000000000000000000000000000000000000000000000000000000000000000000000000000
310
00000000000000000000000000000000000000000000000000000000000000000000000000000000000000000000000000000000000000000000000000000000000000000000000000000000000000000000000000000000000000000000000000000000000000000000000000000000000000000000000000000000000000
310
00000000000000000000000000000000000000000000000000000000000000000000000000000000000000000000000000000000000000000000000000000000000000000000000000000000000000000000000000000000000000000000000000000000000000000000000000000000000000000000000000000000000000
310
00000000000000000000000000000000000000000000000000000000000000000000000000000000000000000000000000000000000000000000000000000000000000000000000000000000000000000000000000000000000000000000000000000000000000000000000000000000000000000000000000000000000000
310
00000000000000000000000000000000000000000000000000000000000000000000000000000000000000000000000000000000000000000000000000000000000000000000000000000000000000000000000000000000000000000000000000000000000000000000000000000000000000000000000000000000000000
310
00000000000000000000000000000000000000000000000000000000000000000000000000000000000000000000000000000000000000000000000000000000000000000000000000000000000000000000000000000000000000000000000000000000000000000000000000000000000000000000000000000000000000
310
00000000000000000000000000000000000000000000000000000000000000000000000000000000000000000000000000000000000000000000000000000000000000000000000000000000000000000000000000000000000000000000000000000000000000000000000000000000000000000000000000000000000000
310
00000000000000000000000000000000000000000000000000000000000000000000000000000000000000000000000000000000000000000000000000000000000000000000000000000000000000000000000000000000000000000000000000000000000000000000000000000000000000000000000000000000000000
310
00000000000000000000000000000000000000000000000000000000000000000000000000000000000000000000000000000000000000000000000000000000000000000000000000000000000000000000000000000000000000000000000000000000000000000000000000000000000000000000000000000000000000
310
00000000000000000000000000000000000000000000000000000000000000000000000000000000000000000000000000000000000000000000000000000000000000000000000000000000000000000000000000000000000000000000000000000000000000000000000000000000000000000000000000000000000000
310
00000000000000000000000000000000000000000000000000000000000000000000000000000000000000000000000000000000000000000000000000000000000000000000000000000000000000000000000000000000000000000000000000000000000000000000000000000000000000000000000000000000000000
310
00000000000000000000000000000000000000000000000000000000000000000000000000000000000000000000000000000000000000000000000000000000000000000000000000000000000000000000000000000000000000000000000000000000000000000000000000000000000000000000000000000000000000
310
00000000000000000000000000000000000000000000000000000000000000000000000000000000000000000000000000000000000000000000000000000000000000000000000000000000000000000000000000000000000000000000000000000000000000000000000000000000000000000000000000000000000000
310
00000000000000000000000000000000000000000000000000000000000000000000000000000000000000000000000000000000000000000000000000000000000000000000000000000000000000000000000000000000000000000000000000000000000000000000000000000000000000000000000000000000000000
310
00000000000000000000000000000000000000000000000000000000000000000000000000000000000000000000000000000000000000000000000000000000000000000000000000000000000000000000000000000000000000000000000000000000000000000000000000000000000000000000000000000000000000
310
00000000000000000000000000000000000000000000000000000000000000000000000000000000000000000000000000000000000000000000000000000000000000000000000000000000000000000000000000000000000000000000000000000000000000000000000000000000000000000000000000000000000000
310
00000000000000000000000000000000000000000000000000000000000000000000000000000000000000000000000000000000000000000000000000000000000000000000000000000000000000000000000000000000000000000000000000000000000000000000000000000000000000000000000000000000000000
310
00000000000000000000000000000000000000000000000000000000000000000000000000000000000000000000000000000000000000000000000000000000000000000000000000000000000000000000000000000000000000000000000000000000000000000000000000000000000000000000000000000000000000
310
00000000000000000000000000000000000000000000000000000000000000000000000000000000000000000000000000000000000000000000000000000000000000000000000000000000000000000000000000000000000000000000000000000000000000000000000000000000000000000000000000000000000000
310
00000000000000000000000000000000000000000000000000000000000000000000000000000000000000000000000000000000000000000000000000000000000000000000000000000000000000000000000000000000000000000000000000000000000000000000000000000000000000000000000000000000000000
310
00000000000000000000000000000000000000000000000000000000000000000000000000000000000000000000000000000000000000000000000000000000000000000000000000000000000000000000000000000000000000000000000000000000000000000000000000000000000000000000000000000000000000
310
00000000000000000000000000000000000000000000000000000000000000000000000000000000000000000000000000000000000000000000000000000000000000000000000000000000000000000000000000000000000000000000000000000000000000000000000000000000000000000000000000000000000000
310
00000000000000000000000000000000000000000000000000000000000000000000000000000000000000000000000000000000000000000000000000000000000000000000000000000000000000000000000000000000000000000000000000000000000000000000000000000000000000000000000000000000000000
310
00000000000000000000000000000000000000000000000000000000000000000000000000000000000000000000000000000000000000000000000000000000000000000000000000000000000000000000000000000000000000000000000000000000000000000000000000000000000000000000000000000000000000
310
00000000000000000000000000000000000000000000000000000000000000000000000000000000000000000000000000000000000000000000000000000000000000000000000000000000000000000000000000000000000000000000000000000000000000000000000000000000000000000000000000000000000000
310
00000000000000000000000000000000000000000000000000000000000000000000000000000000000000000000000000000000000000000000000000000000000000000000000000000000000000000000000000000000000000000000000000000000000000000000000000000000000000000000000000000000000000
310
00000000000000000000000000000000000000000000000000000000000000000000000000000000000000000000000000000000000000000000000000000000000000000000000000000000000000000000000000000000000000000000000000000000000000000000000000000000000000000000000000000000000000
310
00000000000000000000000000000000000000000000000000000000000000000000000000000000000000000000000000000000000000000000000000000000000000000000000000000000000000000000000000000000000000000000000000000000000000000000000000000000000000000000000000000000000000
310
00000000000000000000000000000000000000000000000000000000000000000000000000000000000000000000000000000000000000000000000000000000000000000000000000000000000000000000000000000000000000000000000000000000000000000000000000000000000000000000000000000000000000
310
00000000000000000000000000000000000000000000000000000000000000000000000000000000000000000000000000000000000000000000000000000000000000000000000000000000000000000000000000000000000000000000000000000000000000000000000000000000000000000000000000000000000000
310
00000000000000000000000000000000000000000000000000000000000000000000000000000000000000000000000000000000000000000000000000000000000000000000000000000000000000000000000000000000000000000000000000000000000000000000000000000000000000000000000000000000000000
310
00000000000000000000000000000000000000000000000000000000000000000000000000000000000000000000000000000000000000000000000000000000000000000000000000000000000000000000000000000000000000000000000000000000000000000000000000000000000000000000000000000000000000
310
00000000000000000000000000000000000000000000000000000000000000000000000000000000000000000000000000000000000000000000000000000000000000000000000000000000000000000000000000000000000000000000000000000000000000000000000000000000000000000000000000000000000000
310
00000000000000000000000000000000000000000000000000000000000000000000000000000000000000000000000000000000000000000000000000000000000000000000000000000000000000000000000000000000000000000000000000000000000000000000000000000000000000000000000000000000000000
310
00000000000000000000000000000000000000000000000000000000000000000000000000000000000000000000000000000000000000000000000000000000000000000000000000000000000000000000000000000000000000000000000000000000000000000000000000000000000000000000000000000000000000
310
00000000000000000000000000000000000000000000000000000000000000000000000000000000000000000000000000000000000000000000000000000000000000000000000000000000000000000000000000000000000000000000000000000000000000000000000000000000000000000000000000000000000000
310
00000000000000000000000000000000000000000000000000000000000000000000000000000000000000000000000000000000000000000000000000000000000000000000000000000000000000000000000000000000000000000000000000000000000000000000000000000000000000000000000000000000000000
310
00000000000000000000000000000000000000000000000000000000000000000000000000000000000000000000000000000000000000000000000000000000000000000000000000000000000000000000000000000000000000000000000000000000000000000000000000000000000000000000000000000000000000
310
00000000000000000000000000000000000000000000000000000000000000000000000000000000000000000000000000000000000000000000000000000000000000000000000000000000000000000000000000000000000000000000000000000000000000000000000000000000000000000000000000000000000000
310
0000000000000000000000000000000000000000000000000000000000000000000000000000000000000000000000000000000000000000000000000000
  0
XRECORD
  5
175
102
{ACAD_REACTORS
330
173
102
}
330
173
100
AcDbXrecord
280
     1
270
     1
271
     1
  0
XRECORD
  5
174
102
{ACAD_REACTORS
330
173
102
}
330
173
100
AcDbXrecord
280
     1
270
     1
271
     1
  0
XRECORD
  5
4768
102
{ACAD_REACTORS
330
173
102
}
330
173
100
AcDbXrecord
280
     1
 70
     1
 90
1673772943
 71
     1
  1
7766ED95-3F71-45E5-9C2D-BF45ACC02DC5
311
504B0304140006080800C482D55A04EAC6360E010000A80100004F00000038324534383135392D343932392D344244392D413734412D3538443044424135383338342F4173736574446174612F446566696E6974696F6E4974657261746F7250726F706572746965732E62696EB5503B4EC430103514200A0A240E40814481
311
8C13C7CE0709112776A868E000C81BCC26923789D609506E890437E13A9C07186BC31118E9CD8CDEFC9EE60D21F4331BA46807B0017F08F1C67466DDD6F77563561AED79C6F60B6D4F212B62514492522C948831938AE1ACAC28562ACC828A46512CE52EF4ED03A479D2931DFDCADBD6D5C65ADD997E724740CC374E567A84
311
5BDA5EF8A103847CD800D05FC1F94DCBAD222FF205A01F87CB6BED9C19AF484A154B439E6196517085CCB04898C03C95812C044FA394913BE3FA695D1B4792248E95CC388EAA24C48C2B0EFAA9C445C5B828CB80CA9293B199FC6B8EBD8C45A75B4B02324B7818BAE5F919CEBF5EDF9FBF3F871C5AB6D67CE4FFC1FF02504B
311
0304140006080800C482D55AAB6EBFDC07010000300200004500000038324534383135392D343932392D344244392D413734412D3538443044424135383338342F4173736574446174612F496E7374616E636550726F706572746965732E62696EEB606060F80F0540260323103700495E20ED9E9A975A94991C9C9C919A9B
311
A80214303737337375B134D535763337D435317535D5B5743672D1757233317574763630727136654768046931363471713532B5D435353131D63531333204AA7672D13534373670367376B67474B5042A03DBCBA019D37FE8ABC6157B20CD04146B0062181F4C03F940F0C11E2409D1C1C020E0C02000E242808A038C8583
311
FE600F9580337028045AC300B4871928DD805002D3F5006A0C0F420A89050A4F840C4C0F9202283365A703A620B208C40D2011909126C85248EC0FF62C401E28E6F88038B83CB1243943D7A928312F25350524A3ADAEEB70A5A2BBECDFEA0207201702327A1CC8110700504B0304140006080800C482D55AB5A795FFE37900
311
00DE7900006B00000038324534383135392D343932392D344244392D413734412D3538443044424135383338342F5265736F75726365732F37373636454439352D334637312D343545352D394332442D4246343541434330324443352F7468756D626E61696C2F302F67656E657269635F706E6701DE79218689504E470D0A
311
1A0A0000000D49484452000001000000010008030000006BAC58540000000467414D410000B18F0BFC6105000000017352474200AECE1CE900000192504C5445818181B3B3B35A5A5A4848486060605C5C5C6464648383835E5E5E6262624E4E4EAFAFAF4A4A4AB5B5B54C4C4CB1B1B1858585B7B7B7585858ADADAD7C7C7C
311
464646787878ABABAB747474A7A7A7686868707070B9B9B96E6E6E6A6A6A8B8B8B666666545454565656A5A5A5505050A1A1A1BBBBBB8F8F8F9F9F9F4242425252527676764040403E3E3E9B9B9B7A7A7A8989897E7E7E9393939797974444448787873C3C3C727272BDBDBD3A3A3A6C6C6CA9A9A9A3A3A32020209D9D9DBF
311
BFBF8D8D8D9595959191912626269999992222222424241E1E1EC1C1C1282828C3C3C32C2C2C2A2A2A2E2E2E303030C5C5C53232321C1C1C363636383838343434C7C7C71A1A1A0E0E0E121212484A484C4E4C1616160A0A0A4A4C4A787A781414147C7E7C9193915E605E464846838583878987B1B3B18587856668665A5C
311
5A626462818381A7A7A5A3A3A1B1B1AFADAFAD7072705C5E5C9D9D9BABADAB7E817EB7B9B7585A58BBBDBB4C4C4A8D8F8D747674B5B5B3B7B7B59FA19F606260ABABA9A5A5A39B9B99A9A9A78F8F8D6C6C6AC7C7C5451AD12700002000494441547801DCBD89771BD7B5A70B8EE04C702641712605CE034890E220088028C9
311
3245451215B713AF388E7DFD9EEDB8DDCE6ABFF4B57D97137BE50FEFEFDBA74049B6AEED74869B7E87404D2814EBB7F76F0F67A8835CEEBFA0E42B854AA5B2BB5B6BCC951A8D52A93657A914FE0BEEE39FFE2FF395B9B9C6CAD2D4C4606F4B7FFF8D1B37EEDCB97587F7CD9B4343BD134BABE7DB48E3FFA7A228ECD6F6574E
311
4786C0FC8B5FFCE2CD5FFCE297BF7CF3CD5FFC92B52FFE58BFF9E69B776E0EF5F79E55CBBBF9FC3F5D3DFFB07F5898ABAF7CDA3B74E74EC0CE20230561BF096E97E05712BFFCC59BC80539DCE83DDD6E54FE61B7747DE17FB8980BBBFB2BBD4337DF487881AAE6C5ACC6AF25207877B2B527BFF1CB3B77FA47561ABBD7F7FA
311
7FE146A5B6BD74E3164C7F51449AE95DB412200EC539418717E7F2F11B376FF62E95FEAF1442BED0581DBCA1BD2780D23F506AFA16E1A7AD974EF17876F00DD7BCB187A1A97AE51FCED5BF2BC1F2BBE5B3C19BE27B43CF26DE00933658FE129B109C2FFF922CC22C4260FA01BEFB462A77DEBC35F42F600C3F5B0795D2E9E0
311
2DAD5E650B4438A92801B65C35CBAB7B1EE5041CE69D3B6F1822DFB873EBD6AD3B6FBC71EBC6C86AE967DFC2DFA4CEBFF1BF54F6276EBC114E2F43FEC60B01A0D440A868B2920E5C4BC10D60931ADCB871F3268B21D3851B08E1D6AD9BFD4BF57F7577909FAB86F29B982571136AF01DF5FE32AC3BD9406CAAF2440A54CF17
311
6EDD01FBADA1FEFEFE21FE4C9858DFF4183458A9FD2B6708A5A5A137E0EE1D11A9EC0C7C58B2C73C0AD6B479BD76B7790CF899E287FA5B06FB7B07C9195B7851FA8794031EF1FC5F9406BBFB23375420286399B631E93B08022A785C4DBF9996EC3551874094D71B6F487E80F6837E50F483BDBDBD83232323AC420A18C68D
311
A196EDDADF68A77F938F78FD972BABBDB7B87FB164AC6FC2CB760365821ACB74AED44FFAD7E7431ECD7E08AC421F391D199998989A383D9D98E8E56F84A318C58D9BFD2DAB73FF5222C8EFAEF4DE7AF30D756E5108683DA471E70D0502099A7240F19E4089D3FD203E620F1B47BF43501E85031AE44B4B9F2E4D2D9D4D51D8
311
970983FA861B3706FF950CA170DE82F6B312CC4F42C8966295F7D725ED29882415DC055F36DEA1FE96FEC141493F05FAA9A9A5A595B333DED5B3D5A533F62183323032F46EFF13EA0AAFA5FBF7C8976F8C10F7280A014832593B90004D52341980D907EAEB73411EB2F1EBC9F507F92746C40E7AE0AFAE54292BAB2BAB67CA
311
E0746264A277B06508168C94BF772BE9765F7BF0B548FE1E07F3B5A521340A5CB5297C4B12811B89E82191ECF3E41B3259C529F135E23CF4C7F961FB13537F5A02ECCAEA76B5BA5D3D3FDF3F2FEFEFB3AA22053E5008833428DC6C59FA2F770595F311F235D427F379BB8A121BD901B96076A388DC4C3C61C7933CCCD770FF
311
375A6E0CE9F535FE2534BF5ADD3E3FAFD71BF57AA951B6D4CFEBFB8864758A26154430080B06ABFF557610ECC93726224F155D1471041E0D42F82F4891C926C1355B0831649FF365F46FF05300A7A790BD8ADEEB0D4AA9569A9BDBADCCD56AA55AE377F5F3F3EA2A34983A1DE91D810543138D7F28E57FF4E2B5335A3928B7
311
6EA1CB9B00BF158C8F63A2E788826896D0B5E7C461949ECE089144F8EBEFC7FB4D8C9C4E9DAD60F7FBE572B416C2F2423ECF8B86C439E450DA970634ACFDA977629098D0B2FAF313A36B3869E37AF7853378CDA1171FBEBA95DF1E44FD5144A420588641B0055A79ED91CC0DC41E27064512FB33F1F04D09D0D2DF0203A646
311
A6CECE80DF28356A348CED8C4F1EF137B9319E1BCD29867CA556AA97F7B757567006A447FD375A26CAAFDED9CFDCFB2BB0BEEE8AA5911BC2C7F85DF88A3775389990AA72219D582409210F85A4E66F2987D875C30848023088FDF77E87F96FD7CBA5B9DCCEF4F4C9FC7C676777577B7B7B67E7ECCCE4E8DEE85E81A6D55AA3
311
BC7FBEB242589CE8ED4770E785D7DDE23FF2587EBF57F50B9E820527316488E5C32D50F979BCA58207297E2B6D658702FFCD211840FE43FC9F3A5BAD9E97E6F21B9FCF16BBBB3A3A5A175B5B1787875B5B3B86DFEFFC687A72674F19D46A8DFDF3EACA59E405375ACE76FFA922C817CE86A89BDD92F400F2C55B7462F61045
311
9837D3A61ACF50C7471C8F2F2A9D38C3DA2F068007F80EFCDBFBE5DCC674B1D83EBCBEB8BCBCBC3ED0D3D333D0B3DE33BCBEB0D8DA35FBF9F8CECE68AE020BCE61C112A4C1138CD47F9AD13F7DC6AB9CF9CFCFAF9D0E01FFE6CD503F5B91C5218E2899CA15098714848B04FCE5654884ABF0E554F11F6C21D73D5D5AADD64B
311
7B9327DDAD8B0B7D7D6D6D07070763BC0F3E38E8EB4310EBEB8BC3DDB347E3E37B5842B97C4E44A0C630427E5CFDFB71E03F471E12CA9FF70E055AE141042DD81234B879EB4606361D9328149037D7D76A571A7E974FA20AD0323832713AB5BA7ABE3B3E3D3FBC30307070B0B9B645D93C3CDC3CDCA41CFC6AAC2D64D0D579
311
B4B1B397A7C1BDBEBD7D36657A3CD4B2F44F4909F2B9CA597F4245C59DEC354316F0587020D0C661742BC02869435FD12CF195C422DB3C5A3E2305C000CE6B7B27ED8B7D63079B5B5B878787C787C7C7C757C76C51B60ED60EDAFA06D67B965B3B672677080BB5329E60E9B477847AE2E9EB53E35779FD37EFCD2D0DDD68AA
311
355B6B0D81860502B8B68C801F5C697E9AD62F4B406244CB975560BAC756AAA577675B07C6D03778C17E7C95CAF1B3ABABE3E3ADADE3CDB1B1B6B681014470343EBA979F8B90383545727C63E43549D14FD0F927E5F1FDEFD7263058FE02EBCD1BDCBCA053496BD58E69BC44F9F854D4D979AE9ADB908824382AC1D4014E97
311
56EAF9CE85B6B54DB01F02F8EA5908E0D9D5F1B3E72188C3C3AB67879B07C8A0A767B8B831FE5E7EB754DEAE5261460243FFF07858D8EF0D658BDC563A2C5EF5833C13C90B69248C4DD97842B61DFA7F210A2F6108A0F96B62E2D3B3F3DD939EA47E30ABF5AB2B903F4BE5F9B36757CF65021E616DAC6F60A1FB647274B4B0
311
5B2E5341B082D43278F67D8DFDA48AFF9A13F22B34C7586C9992BA6E66CABC190E313E7C811AA57304B421A75B289B9D174CC868C24548823E230B9A5A2DCD2CAFE1F98E61C015CA7E96B083FC59F3ED06EE60F360B3AD6F79787ED278D0A86FAFE00BA9220EAEFE1D5DE1F7855939C3FCC1332426B377F692406E022C010D
311
B437EF009803F0DCFD3B7C94440571D8F2C328F115F47FD324802070BAB43FBA80EFDB92FCA1F7E7CF9FA875CBB327CF9EB08C4DE4815BC4210E2CB7CF1CEDECEDCED5B757490968286899FAF95583BF46F9393CEE6A86D6F618CAAD9BFF0BE22B042412C5CFB50556815CC5BBE33E9F61ECEC26A9BCB8145FD10590078F9C
311
9E953B513FAE1FE387FAC246E14F9E3CE7F5F8194BD6594140876B6B84C5D6799C61A16434201E5237582AFD75C07EEED9863F463284E2E13425A036BD41061259289B6BDC1ED656FC8B8592C9D00701E27CEA749F0D8EF44EAD8C1F80FFF8F8F9D513191F6803384C800097F24069C407CFAE88136B7DCB3D5D4A60B711F1
311
9070D83235F77331FD35E715966889038E2E0B346EAB7936C4162043E1A1F144093695443A570144898BC4079CEF1912809A3035A1D3F361235F90FFF1E3E0FB93C7E2750719F88E7D8E68123883ADB5B18185AE99F1D11C1238A792DC4BEDE8EC6FF503DF377E0445F68FAF4E08D43082D02170F30131A154206CC559A8D9
311
CFDD762B31273E4947A581E0D9BB71E33FFA07CD02CE2A6BE1EC80167497F2A81CFA3F7EFE58D0CF5D5D170DE4F89070B0BC4040CC17BEAC6B0586C3D3FF0309BC06F44B04A1E13729929B4DF73C44070692C810B08AC3012E8EE9EAE22067796288C193B2139B970B86F47FAD0F98382B1E035D9C32FD318A4FAFCB274F2E
311
1FA772F94411B0CD42493C23393A685B5FEF3E1ACF554AF5F3552A478383374E6B2FDDFC4F6DFE38F4F4ED7A7FE838F488EA852482F412D3CB07E293D02C9F074F12E84C5AAC423271450572A385449844706475FD38DC3C22486A0639E5F1E38B0CFE93CB4B25910EF309A2224BD8DAD40C682C28341AD69047E8539A6AFC
311
14EC573F7FAD10AE0FE6EB13E87B28E093B513B5803514DE408809BC12A14876DE0A25F643009E9176D9F0C330164285A7444DC8CAF0E9FE41429EE0A2F6A6DE91C0856C501272404A8468822E24C807030B1D33D40D4AFBDBABB411D093D88C86D7205E05FC57EDD1F805FA4CED5920F0CED39157E007CE21757C5DE440EC
311
BCB46CD283E378029B43FB077B4F47E60E9F61E8D01BE017D7E843EB49F50A2028F1E442FCC90C9EE308E4C0C2C94EAE30B75FAD3A0EAFA57FE9EF960F14BE15638840EAF3BA490BB6850EDB38EECAFD21A0C746D0C4234DBD035EFC7EDD121FA585FAB73DB89FE6A03CF833AB0730E5E2F1A36CE3F202A128934B44E39696
311
1121E1F2C9F32BFCC0C140CFE22C1CA8E109B182919696BFB98120234F61B59F7BF46EC30CF067B21A33B0FB3E402448EE266CCD93135A8E823DB31F85E677434E608F53F8100BC0098EA2FD6BC01770E0F2F2D1E5452A711C4BB8486248FAD756D852026B6DC90A2AA5C6B69E9068B8F27AFABFFEE8AB36F1D23985D59600
311
14FD711940800B560250D2272CC54FF1D3A660B275AC3881E349689C1616E1E9044129D032313509DE4700BC867C71F128C400159407C761022BA8A040F40A244788808C60B3AD67A17576279F6F946923191921B0545FC2F12AC0EFEFBD7262B6935679FC7F80629160ABFAEC88E8430E76D82A8DE62ACE50BD4A42FBF03B
311
387B37FD321B37E31C3F063D99703F5160E6C9E5A300CF32A91E0A085A29C0FC507F6C21012303C6104B82C1F1E156DB3229D1A855A32A8352C9077AF733A0AFE0FB3EF81FDF2F0F82C21B0EB06998866878B103305E31EC17F4FD43831E570A2118D1667632D4FFFFB125782F96168A833DBE78C3F11F8383A79D49F58F1E
311
3DBC780417AE6581381E8610604888E2913E12492881274822C221AD04CB0B1D273B8542837460898C686864FF6F801E8269F40AD0481DFAF5E6E9C1F3BE391C325004DF0746A4E4448F7B52C0D5EAD39EC46896B888C4210D68E99DFA2820DF7FF850EC407EB55C3EBC5028611409BFCB8889C90F1C52355AEF98B1810009
311
4C9D0EF6F64FD47E5CBF3FF5293DDFB4B50DDD54F351446FA1F14580DC3902C085F593CB24ACC917B213BBC11B3F0A61042FD8B24F4FB9C4556D0CB9E1A880DE89934CE9607F18F81FDD950DD0E1D143F41D56110E227C250621FF098838042BC85B5B6BCBCBC31DD37B34966E9FFD9936A2FEFEA9EBA4182E5CD3E17AE355
311
01FCE0707E5525A7DBC64DFD077825BE37CE0BBE1BBEC061410C660B6E49912665E2B3749C7C9F93834022F74CDE6CA5EB501D9CBC04B768292C5CCB84478F3CA83074092C6082169015E5800D5839DC6C1B58EFE83ECA513BDE3EFB8EF1242D2D4B3FD55AFE03D42F8492AF8A3F21444FA2FA9ABBF525EAF84C09F0168527
311
B0138A85D1EC0443C467B28BF844EAF76323BE13D7C11F72FED783837B970FEFDE7D7817E077C17EF7E2A1C2C0FE851FE4C008388C15E818958746129E1009D054B67530D6B3D8DA3D59D82D9D57CF70039FF50FFE0DE94089DB269C3655A4F25B38C49D0BD48E59F1526887C18FC5272197F85CA72862A593A4843CD25F92
311
0487DDF7AA0441A2C0600D062001F103FCEEA3D8560CEC3EBACB01CAE5A51E420349F602191E5F901893142381351CE17047E764BE50DEAF9E4D8C38B6ECFFACEB141E54A6865A88A60133EE9CBB4C256930B0B168C1C3AB59FE1743FB422C7166082E934AFA5EFA3E4BCE0B69362FA7041818B7FDECE1DDFB4D022007CA23
311
E521F0700AAEB5888BBBF08023E128B4045381542FA256B0D04E28A0C3804E233A1BFB476A2F48FD135BAF9843BEDA3264EB42BA499601F16B566E72C7EA35908ABCB9176BBED43204C696AFD3D7B24B08D3AFA44BE243D88A6D9D0B6562B52F741E1610C0EFBBAF2B0829289A640EC4C8A4FF66A24430786CEBE1E1E61AF9
311
507BFB496EAEB64F8F49B4129EBDEC065EC1F8A3F228A3CD0950883B41BEC6D1944AE06147289600A7726313AC69A3F91197F1438BCB743E76F01F6EF1D1C854071670FFFE43FF1EDED702EE5A14C85D0C42DF90B86068800659AC88981855E3E774A71C0CAC2F76754EE7CC87C808D1E1E0F6CF47FD4224731337BE1E39C5
311
010823EE997B1491BBD99FC8D8EF77482BEB5EB2CF66499A8E0F7511B19B3EFBDACB6507BC78731B1B383D02FFDD7BE8DD9256F7D0BA7B46015941097B80018F700FFA024CC08078F51806100ADBFA163ABA8A3B95B9D2F92AC30BC908ED31FABE0CBEBFFF0279B675868F9AA24E9530B08C174055B7F48E4F58002F3E82F0
311
BDFA003E8B431EB6C4A91E4D9B5FFB791265BA8827BBE5F1BCFA7F789F72F75EC800F8AE43FFAEC42F13009FB905A9A0132015D0068ED7682AC608BA6771038DEDB3B33082891FAB1ABF5614F93238079726B833958796B845B731FCB86316713C1DC581B1E19B424EE32674093F80776F7E27C6FBFAC85C536CD955B96EDA
311
2A3FBF770FF4BE11845470EB3E42D022000E0FE07D161811020742162444668308801E133A4C163BE68F6826A5523071CA78B2FED51F28F8C70FE4190073A3E5D3259D7A288CD19BDE623F10021BAB0C6E327FD507B2741627727EA00D31856492F9F009D7F152D930704E642795C1C1B336E0DEBB7F0FDCB79318543B2534
311
1F36802D64A981A690B94259607DE0B19D466BF8C1C5E1CEF9A3FC5C639FD6117B4BAEAB453F8EFBDA500A67E8BAF76C8A06566E36EE1184E8329419161F83D843D5DE7D8221163E145F56921C3EE383978072129E290A9B7166E63D26BAB1FCDBF710009E4051842390031845F20077CD079407C575F20364C4910ED2A574
311
BC357630B0BCD8DE39335EB175646A698458F6A346F003A93002E846FFE0C459B8006E506D79BF902908A0AA05CB5E73530E33BA1D3C2EF99C712B7C8B41DF4D2A7830BE8707485FCFAEEB85A09AB6D39BBF7B4F23E00509C20DB04E240822A4B810E04D8D53D10D504C059ED86BB8697F514777717A8F8144D48A4C89077F
311
7EDB00E2D89DC02A7B975640A282C49A4AA84B70B12BFED8EA6584860DFB7EE23FCB00C6BAF7332FF259FA3C9346508813E372F1DDE425065BB61FDF8300F7EEDDBE8D0C6EDF46F7D8823478590AE23759D60DA6B7A9F125EDE8F4A5D2B37470D0B63C30DCDE3D3D59A8D1501EB1B0A5377517BDD6E301F995E3F955F0F58F
311
AC2E81CE172A8344AC03DC6781939D2484B8FFC15E8F3ACCD3954CE19576B942D0A029188EC7013FE59AE90B71292DE774F1F63D60230180B30A2EDC65291B6211B4081128856001A680015CE000708254891851D4B3BED0FA4D7166B466BFF1D2A924885AD12B387FC0FCE6819AC3AE06A7AA4B715F0927B74D119D4A668F
311
B54B8A8C268D8B038A207D10A7B1E95E42195B695BE0240F7408B311257C23F581E987C180140C584A02B1670CB817CEC0A080F259F1360E58452013200E3EC107AC1DF4FD7B0F6D23F33347F9527D9F51E6138E31AF35F1BDAAEEEBA3D71BB402E2FB47CECEE96B4DB85536772B07C82A34F3E66D0BCEC207FEB9E7064376
311
1276F7B50D5EE963CFF80C7AF4A2130F5BF8C4EBFB5F07B709840480DBD8007FB7EF3F90104908BA457D43AA2A6A02C91422285E5AAC143F3313A0CB74D9D164933B86C25587134E8D342B453FC982860D09FD13ABE72055ED020E85D3E312F74C25CB0293D978A1C4001927C80B86FD06349126EC219F0C735C8053D8F5F3
311
10817EA01F1B7851F406144C211C6362C27DD51F1E310C0102280ADB891E9B085CC528A2B1369A46BA195B9A2B351862CE43174BA73FB7CBB430A5798F4C54B7333B96C3224A9863AD02B9FBD8E63092191924E77C199D92887DA594B6DCF0112857162FD0949FE6A441F5E62E42FB2105BC405A2301A3424601DC807912CB
311
2C39C604A27908021CDA30C4C8C2019A883B3A8BD393BB3546136EAF561980FB63E9E035FF73B96D09A905ACB2C11D79571C5159026227DDBDB81396EB03F14100BEB66DE1FA9EF82C3ECCBE318119C4269FD014E66361FC8BB0B4EA9A98EF3D8848A01360430284335004C183CC25BCA82D2302EB03B8419241C64DF4F5AD
311
AF77B533BE786334BFCBB8DA72BDBEFFC36103AFB30608A0B39B58D93F0BF42180841DD26BDC22CF0A770E90240006BAC65197D90920131C7B2EB3CFD3C71C6378A305EE8488FC1FF8D391E2BDDB0F6E3F45E7C8207C419800DB410073A3173942CA8D5242642A74496FF115832A6314D9FA4257577BF7FCF8F8E8CEE8DEDE
311
5EBE76DD3CF892BA7FB8B90F629431B5525E92A15A3A4A6FEA3FDD73136172060959206591F4C927196CF645AA285CF3014630121754261C0D31E1A7E3DA2DBDB54B04703BDE3A4209F02045C4BB0F529A14BED07098A2A1CD47513DA64B512F409BC01663090796D787173B5AA141B1B39BB470EEBCF1E30F9D263ACC4D05
311
110797CEF7B923B027F089F74D1D06F0A4D8C0CDA6604023FCA45B76C5CDE0BF3845ECBE13E0C0ED73700A8A753C1AC8AEFFF1B407FC8A20F42F0D94019121DE304077A027D4112283BB8FF0072444D68AAD111D6F591BC0061854BBC048EBBE9E81F6A33A95C21BFD13AF3C7E7DCDFFEB0DE8903F77B41DF178E99C289895
311
B0EA8CD640549D68935BA7C5294E0A1D66DA0CC419BD398E6265789CA1241441AC94532A3C19C95340BEFC68703077EFC1D307B71F3C500859C11494838E902203A2BE90EACC5135B80B078804340C920C2300BCC06F7A1C71B875DC572C9BD1D84BD5FB9363CA6BA7D03E5C40FDFC54FC23C9B4B9DDD028787D8921903852
311
3BF64E638BB37CC25335937A00DFD32869C5B390C8C32FF25C8C47A7181B4A599A224A9DADB0E0406FEFF9F183B7448F081E3C55024FB33828784AB61704482CD0160C04174F9E33BA9291D58C2F1F1B1B3B5863B0D9F3E51C35C253D54A23E560E2C0CB3A6F7A81382601C2079CAE96B7B1560D20A341E85A928A4E010832
311
56420576C2ED477E2E565FD9223BCC691CF394D3D8E281501E0EE5C1C8159E92585D255CF30CC854C75318006EA4A01028EC853F9407C6053910BE105348324002260254886C156260F9189EE0F8C9A3CBAE9D5A992184568A69D5183A7DB97DB089FDC57AEE54F858FE54F577DBA85309640290F2D220952620750C5811FB
311
772A7876D1E4040FBFC6474D51246D8B3FB378283FB514F8AB3C20B8BF7DBE5DE541C9A5D3D38DDB30E00151E02523081BC89C2214103E0BC1B3D0199A08E002681A2613A2616CEDF0F0F9C5DDC75DA395C25C0309C03DEC8091A4AFD3FEB504AAC6633930556DAC86EE3561941E862C4A75DD6B6BB3A0C59BE153DFA73EDF
311
CBC3CE2188D3D378FC976D0EF9A95B7C8532F527CE3CF539581E0FE501291E9139FFB65EFF5DBD8E0C18DE3077170A64E033FD278F18068028802F156C3809FDEB11B1019C208D020C9BA2870457F0F8E1FDC7EDD393E3B9FC9C4308E9315704233F960E554802C14716B0B45DAB5EAB5E25AB7830EBB8D25E6CA94E4AA017
311
94FB1EE164FE9F040FE82C940A4BCEF913075D087E85A7237D3CF29C47E4E676777779528C4781761F0BFBC1D3A77880E40C9A2E5109180D5255317890394229F0F082010354082D574F1E3FBAB7D6553C2113DACB97BEB5526C7C6F69F9310A94C46CD89FF8F379AD1AA035FD00FF3F320180F01417A6F255A3A8D86319FE
311
0C0B0E06A0DCD33F79841339C01E5BBE1911AFCFF7C1E0A540BFBDBFCF2372352686D863F83F59CB6865F43104007EE06F52406F680341102048A01BB048823082CBCB0B6AC48C313F3E7CFEF8F2D1FDC3D6F6F9F9D9E98D9D7CAE5EADE2A6512FAD7AB526E17F600C85550DDE9ACFE9D97E694513103BC69F8A2813176032
311
C890C1E9C49FC09C61670FF8705B1D7386260E7C8E7122C7F8208A55139E8C8D4763F7EBF5728DF9C34677364E3A3F9AEFDEC9CD95470788834F9FBEC512379890B38C94205B2557987C4186DF5C0837608DF0F9F3CB87B7EF6E920475752A01460E556919B2B64296FB9FB70DD5F47232A0F77465BF140CD001F00ADCA175
311
090E2665A14E6329B62660E02A1CB50C6025E3DA252A670B3F0FFAA5EAD94A509FE7036B159E0D1D9F2E76B7AE1FD5A606198D3A747AF450023CBDFD162278B9446688111009B4029B0F2180AE20A542D40610C073B47FEFE1416B2B12200F3C991C2F54EC2491027A816B0A34A9D05C6F437AC23462385DADD75642EDDA73
311
8AF1600DBE07EE8437804D2D011A94DF71C2085EDD40266A407FFA1D1C00B0C03927E60338E3B9D8C47D1F8CAED578E06F7CFAA4BB63B175FA7C301B747CB377F45192003CB8FD34B12009224543D8604494011A80C1903CE0518C986208E1C5FDDB8FDA161686873BBABABAE74FA637BEA894A44078C19696F326E057D7F9
311
5D061A6B0394A9D5F2DCAAFE4C2388D8A6E9AB7695CB0BDD0A332430F1A9333DA41D1FFB97FA09AE84E738C75C407C260408F8DBD5EDED7DE1570A7BE333C54F16963B46AB0C2B71208EA3D16EF4EEDCD7005241166C005A73C03164792151205C007288AE337B4D7103741BDE7B7AC913350B348B2D767515674EC6F72A04
311
02BBCB41C81305AFCF05F2758D3ECAC8D26AB97606DB9581A4B7A8FFB068CD5C0604E6849046B70C2B60FF0CDDF93C13822B4E82FA0479A68220E66D9FD775FB3C1A9CDBDB9829B6AF2F77EC9E0678FB20ED8D1B1A1A39D10F9812E20D6281F5673121AACAA9C53424000DAC173F7E18C3052EEE3E78E7F1160F5AAEAFB70E
311
0F7775CFCE4EF384DDEEBEB9C0889D5243BDF557559FEDE5F17AB21E118C4C31A3DF6A96B56AC62180293910ECD6B721047664BCFCC6B2DD3C65CA0F0C823DFEF84083C7ECCDF05898EEF158F4FEF97EB9C123F1B9D1D1A3D9F9AEC5F5CEDA84A3C96C14A55584D62893D6A54D8D2028D05C8B1F124884543F3223B29D208B
311
04910D3FC43F5C52196AEB5B5F5E58E8E82610F08C21BD443801233C0CE8BD1E40F84A1CA86001990048031ABBAB11EF83F9283EA89F181F2A0D9A9F62D94B7F625FD727E6A93F63F200F614F7CF100D4511C07DB45FC5F0CB4CA359ABE4774631FDAE85E599EA0878A3C33D5AD6430CF4C055EE5FDB80629000D7855DED3F
311
436F3B61B3DC7FFACEFD2B1BC6FB0696312CFA477CE87A87070C7998E04FBA78AE3F915A065E819FCF35B410321D9ABB308146A11AD5196CDDD7C477A171C8AFC74B45CBC6F641AB53C8D4ADA5870C02379BC0470CF83DB55F073E29CF5CE5F7A3F8FD62EB7AEB1774C2C6780B9523F9287193FD23DDB79FBEA513B45200E2
311
E0C1B51350163AC19043C600F2C1DBF7DEBA7BB9B5457BC0D840CF325EB0BBABBB786D301437000020004944415472B491ABCCEDAFC0591201CAC8EBFACBF367FE7B6E40E69F551BBBE7123E3C00AC560CE20C62436E8C3C54CC225EE08C0D74CE26148877689EDD004FB2BFBFFFBB984035373A7954EC5EE8591FE5313486
311
54514DB1D1C56411DFA2A7C212BE5ED91278F2851A432244C6822C29C85A8B320ADCBDFDD63BF71FD32648E7D098CD018BC35D7FE89E250EF2AC75F96C15271602687965C844B8807C6E7729D93F22E81D39ABD62A0820C1FE9F11CFA7208125D33E96FD69E83AF6052DD32D49FF0802CD9F9DFD39260389A950887A647CCC
311
99BAB17132DFB5DED35138FB3A060F6295AA5E195BF0BB56495A5A4A8FA440026E46A047D40ED2520A441C302D240F201FB8F7E0EDDB0E12A04D8816215A0579E8FE1B1281E9F19C9900DE79842E2A7CCD48E9876EB01C75DBA0E0C8D44AB5512947A00BE7CF5DE9E1A6A6BE43CF1A78783DFD5A404E4477336C1ED8B18908
311
B2A847B2AFE9839E891137A6673BBB96FBBA2A4B8E9373B001F08369BA11BE8ABC4302FD2345FD6014A127068427D007BE28B41D9B0D40FFB7EE531FA673C8870A69135B1CEEE8D009C08042A5B4EDA314920B635BF941E7487E45256439DFE9D276295F87E698389CD49FB394FE19720412DEDDC40E9CE9C6DD605E0B719F
311
ADC416CB15AB3A61F9B5B9B9426E54F81D8B03DD950946D432B40CEDAB7BB5AF11213CBA73C9BCCCDAFBCF06127C7980FE6D1DC9B4DF14832D6568FEAEEBA76FBF438300B541064ED33F3AC0B0D10505306FD370AED02859234402F6C3FED006766DDED2034D90D119057225EEE3DAF787EBF30EC51ACB4F551678BD6728E1
311
944730C095F13E4D81A4DFFBF67C5BEE37E62A85FCCEC6CC6C7BC77A5B477E22223ECA4FCC0F87E2A5E3EB782BDB25B8CFC6736A044DE5A7CDA604526361D650484FE283B77EFBD65D52C1C73C4F48E7D0D81ACF572F2E2280F98FB230508FA906B42DE240ED651B301CEC83DE1790C9FD96B6CBF986BECF3BD332C18EF627
311
A0B6EECD5B152E02088D03D828AFFAD26B05BF671B4F9A09A8CE0CD2707F67F2A4B3BB75B9ADA331C1305BBAC182FB4A79820B7EEAF73199B8404C0B81231CDCBB871B80FC41FF5860E8E108222A1A076C29E6E03B6F3FBD4F1F295DC457573C7ADED636D6B7B8C88413DDF3B327E1046AA51040B40CB50C7E3F1D2E44DAD3
311
4CFA604029BFFBE714DF0C069908027EB275F1F366C132E1A7450B04011CF82B2B647CE754F650FF6E25BF37AAF65B7BDA16CAA791F1D09F6CAB989EC5AB7809BE145FA459E8D3E4B0FB47DAEF093B946FED585B80FE1A0305FD5330FEDB4FDF79FBF6BDE81D8300CF6815E5F9896552412A03F31FCDCC7CB5E32365550CD9
311
365FDCCEC8752E943161D78047336F8AF6539840A1F2E764FDA2970999F205CD2BD1F5CF496571F76EAEFA0E1CF8FD2A55FD06391F9EEF8B9DC9994E72BEBEE1FC928E2F223EBA0FBFBFB4F2DF137BC894B8087643D64ADE6EDED67F7680FAC9060239E845FC94AE93D880F994FBF71FBCF5F66F9F32C292EA900F9C1E6F11
311
05E81C5B5F58A067A448143842008D7275EA3BBA3D2516FDF02FF79260020D6B3C714711F3CFB61BFF56A826E627E82256F7400FB387FEF23C1C1E77FD6A21EBB1B2B35F2F95E7760BE1FA3ABB3A981423477517EEE36FF96F122B942F6FB64D9502BD1B9089162532A2FEFED255028FE653C9F46FA321E0B588B7DE79FBED
311
07C44106CC85133CA65190543004D01D02D8181DDDA5A9C91A7110805B7875B689FC3902200FB192E7DFD936B37B57D9C338BD49E99E181F4E5FCAB2ABC1CA7AAB382CBC7D515457CFABE6FBC63D525E5CDF74B16378B9AD6774A58531912D232DF01BAA913DFB7D3AAFF912984302B84D0500077800D26C60A4742101DE42
311
0C610C2E92FA93056022EFBCFD5BB6B38651470CD33BD87630C05831BA864C85997B8754B05167F0706499DC442FCD22592AEC2ABF3FF13F950039BF159FA9B36ABDB2778EFF83F70972B83BFD3F4899E64DD8346AA495CB155A7499F2CE39B0AAE755125EB84FD8CF8D8E4F4E9FB4B72E8F1DBCCB98B31BC4607C2CFF21C8
311
145FB48EA0F2159F86A3098415609554DEFA7B27EF1301033DD06D274BAF6821D220DEF96FA4CBB60B3CA241C021D38E1AA76B4406B4767576166766A6C7F77273F5F395291BBA19F64F2E3095C14F3E60371827741CB27E89543857D6D96BF9A47C6A9A26057840332EB843717AAD171880217B71FCCC0355AED3D4819911
311
F79D0EA8AD6DA31A83E36C5DC2D470295C011302387069158F6C9966022367ECF1D00BA9BB95C389AE7B6105A1FB640689033A7FCCFFEDB762189103A61C3A4FEFE0D6A6B5A19EC5755A443AE78BC5E9235B047890A65919A0D2F96AA3C01CEE913BB3ED239C3E0CD8DDAB99E4348BF3F8B977B6C43DEBEFBD7721A839A63B
311
94C06A10DB87FCBFA3C2932F8C26F88B6D6BB30C3C4E09AFE40FAB52EFAA1EC0316920E031A46D65A0FFE45A673432E907FBCF86717AC04F2CD0EF512D665FF53F05BFCDC43489F150890C60A8E0314E70A06F619D30D841189CA15D3417F3CD50191AE4396543F0C42BCFD696C58DF163F5B46D708BD5FDDA5E5E5FDF9401
311
BC4F7E00E8A17520833D1CBFF495B5D1CE037C664123EEE74737268B5D1D3DBFDA6AAD8C08DF2C0BC7A737E10AAB2A7B958990CEBF556CDBEE823CB09FB344143463C630CFFF585D330CF0320E921744A7918280FEEF981161008E9FBC78C830217A07B7D6985E83F9A79884ABB5AB383B4D7D788F9FB3D867A2112A43F190
311
42B33A108690CF6F472F8661CFAC971478757F6E6F2F7AEB82FEA85E5715941778B278281F28C268AB24BDB470EF3303E09C359E9DF1CF990D8A096106E6A66C8620DDE7D281DF0B2831F20439A30D68386CE13E002F7EDA8D7806162B205D6A19AA1FABFD6B1B400EC2BFFDD66FDF7E8755B4883C043F43046C1326136680
311
404F1F934EBDDFDD39CB58A98DF1BD7880E0532E671FA1435E9D6EA5E9071000BE8F262E7C4044FD95D5FD526EB40A05A634775F32205C3D779FDC168CD5E56BF982508BF572BDA4F6F57D3304BE9EB18149461B12F760D7485891CA47CFC44909136FBF4931716A2E100123FC6CCAA6A644F25EDF4AC980B14039009BECE8
311
B798BF69A05DC5B6885CD23F8E13A46FF0C0A986D617F001C52241801E87C2974C31411DA3A5D7B6175472763D637D3E57C33B908F867F4A59CFCA7923375E5F027A983E18BD7BD4E6FDDBB2250C1529F4202EFAAF979DFFB1F2612E87EBEFEC58581EDB9AA95AD1D7C1905F7305BF8182D5BBB524D47C4E3B81CD843220DE
311
1E6536497C0962C225F75A2D6A998303B23FC501F0B3F736EE1FF01200FC8C99F5515207C9C40081DF304C0A17D06E26CCBC5B3C47459308178301FA8057C2C0AE9D99B05F038828B08400F2E3251254DD7EB8BC4853B101F99AB48E387457C96951E5DB670648BAB70A7B04FE93EEC5F5B183F9739C98952C6845C380D401
311
B8FC86E70A20744EC720E09D35955D96A9041720196D183AC2CFE6AEA816652D0234883D788BEC8F5DF2615261DB031C2381092401B48D8D2D870FECEA9C3D99DDB036C8A051058030E32190976718C89F031DFBFF2EEA3D88606A8A19BD0AE305BDFD12BA4FF46F1A0002B07137989C748936E9DB2C91F43B07E4E4D16C37
311
79CF5A4FFE8CC981F07C29E34B7C012AF0054FAEA4A6A3D49D3A16D2B3CF220A029003366663053C89B3FB1827080DEC2780076FBFFD8E39810CB0593CC68B5D9009F2D400418028B0BC6CC74067E7C9CC0C2690FBB084AA5254A12AF63543B35EB40D17B693F7E3464D5094C00AA9E04E0E0524F5C35C5EC6BA94B21AAF24
311
40725E2A9FF94FE7A8F0E769EB83FDEB039B631B18BF396F5C13CF89ACC02C387DA56DC3B1CD84B96CFAAA37B55FE723B611062258257D331F186AC93D8AD600B4FEF4AD777E4BF68F2168FF08C081A37AC13446C859964803961928476D78F68419390D830C1935B5C2A0A22A3AB17D3D6428BF12DC373B8D464E04C0A496
311
BB3B3B75639DCC2500E0F0B15FB6F47B5A7ED0183A87CAE8D535F2EDBD4B3B7FC762DFE65A07C30B2851DB890082ADC07131EEEFA3DB7DD5CD32C0860CA83CD4B7993A175F422A8149B1C1D94C1145059D9C78A8A572A90B7C8B1E3392FF77A80C50220880FF3669004E90F101740D2B808181455A044904674E7482CC3EC8
311
5C4BCE339404C0B0BF6A5611E4F9B8157BAB6DE327EC9BFBA1B4557ECB609C1F45326499EFB90EE78F18227F09E563C9E63D847EDB3B68EB9C39E95AC4F7ADCF7D87F6752BB6912040281E4A0D8A8314E80D60470999B8A51FB1488A66A9F3F81FFA61C83F4FA6969E472288FADFD61B005E0EA4284822E018911828E86861
311
4DA0C36E11F3A051070BF2F0840E35F200E2C0C80A776CC9E7E6841C0503D0EDF15ED9AFE527E798D23BEE5F0604E58DFB7099D739BF0BA5D332EF29F1535995BDBD0DE681C4F71DFE6A7AC5A13554AE6910963E9ABC9A0DB5B202225545F5CFACC942B5B93C207352B6E5310BF349AF200175D7DFDF78F6D683B7C87E087F
311
A9B35812C4F8F13452CED610A2207541E6D659A739441F3833CD0C9C3C3DC2B0712F62333C4FA9327C9CA1124904B4FDE0FE21C119776CB0C212AAFBA5CAF80EB43772ADFE77CD9FA8A4144C54C2FB2304C65F62FC3678E4F6C68F30FEE1BE8383CE7DB86F58B1AE0C51F0F055E188D02F00911DDB0991832228B3172B3E62
311
3E513FF1734FF414A611A603163F401BEA790FC9FF7FC3FD3DB02DC00184145B850D01D120424DC03C00FCEB7880EEEE939399F1F18DBD4AA54C939899304D913CC2D5CFBC55E50C7FBE4C0E14AEEF53D6843DFF56BE2D554637EA047D3C210E2C61077875FB5B40E19F43AB7470CAFE1C0D3ED3B3B4778D1DF6D4F837C087
311
47180FE8394F2CA1E0A46B6DA62CE2B2DABEDE0B1924098580FC16B369730E9E90541D3730D47FDE16EE1FFAD3419CDA05ED1F2715C607F2E81893AFC5936303F40EB776F1D808BDE393A3FA401E1C706E154C892860AD74A2949C409E28A8FB3349C764D13E4D1D3468952B7B1B35001BF41142CAD58D6011C8B78961EACA
311
B66E9AFBC627673B61FFDA4167950A274145BF11EA17BA9AA60815C2C43AE1F648E3772E53C94E6364AF826019E723069A8AA353A3BF7FB5359281700061FF64C28C10B9AF0B70B0B0D30A31CD1CFD22F68C76DA1E44558869257892363C091D313EFA46B57C3BEB252E9C6BF5B4799EC58F1910F469E25AA17B343799DB3E
311
33CF410061F96C6D63FA91B1000CEBB7D2971BDD39A2A76361E000F5DBC1688D47CB812DD60F8001AF25B328D173A9E4BAC18CE9F1F628704330741B2649B92E9714447C68559C6CD2F681919367E4811100750058809D0230C087A89FF3C80C23C4C60882E481F48D531764BABD5CCECA308DE2F63D3BB50373D630796126
311
803C2D1FBAC148F7592881B395ED7D26B7DD38D7096AF98841CB37592561D9C6565317AFBE9FC4AF7371E060736C7635E0CBA1809FC80F544DBAA1F2F9393D970D44C0615A0C6930E758B9E63AE690F73045F0C8C0731DE9CD80F718E94652383458799E02C06D328010011C7090D8C5E5336A83D4059953877EA1E1D66FBE
311
994F04608C4C991917230FB61F9AEE183A40AB9108D032449FD1A7283DD25ED15360EF7EA9303EDDC0043403531EDEAB10DFF87F5E2FD56DF0F1B701A9F614DB17FA0E0EDF6FD0B1622A81FA3D1DE5A33F551930335C353A87F9AB05C60455193448246944A232C5D07636D864CDD7A50D0B4440CDCC465D1C418321F50E16
311
48D500294065D869559EF3C40C8FCC6C323E989AD0F0C73142480B200842802C061008B480A9954AF282052B3AF67350FD0DD30D1F4075AC303A5D490250F5400ACF479656861E4C77AFF327F3EBECA4B57B6B6C8FF62602BF150744656A87DABD7BC6BED50527B2120C001A0B3718C74F0C65CD34F275164D7968148DDF25
311
9AB8AD6CA81CDA4E8819509B996A7F642D987A401A2B04018C01E6C169A8700F9DE3B489DB2BC49C9B7B858A4F50D22AE15428FCA4A1EDB20C83492690CFE361CC7F8C8066FFD0D77AEE797977F468A36E0B0DFC87F90EE6348BC748F7CB73B5B9DD5C6EE7AB19ADBF6DF359F1DC2A0F9E44F213F8041F64274C0859A2AB7C
311
37440FEDDD2F95BE44065F22067E3EA0CC3BD8C0D8194EAB291CCEE20B9CD8E02950AD806080047A279F19024C837C848816719AC4A34DF8F0706CED904E8185753A458A27E4C1E37B5F30A104932BE140E0BF4E400160F320B054A8705042FFC47B4940810173F9C9E97240C7FCC3F3813EA239B745DE9F1B1F3FC2F93303
311
74DBD1A7B475923F9A2ED81716D18D1B577DAAB9D1A0458655AD3CA7E211867AE7C702DCACCD291E0F798013DC01BC326087775C0833E04EA3778FBCB8DA4687A0255CA0AD210C15661E4E92001A4449031D1DD27D327334BE830B64DAD90CBF537A45FBD4E94A7A88888E715B7E74FCD040E818BDC1BF5AC609CCCC015DED
311
23877080FCDC47BD8EF3A7B783A17D33F3ADEB6D6BC7AD75EA7C7852C5B6FDADA6AFEFC2D181C03F8C40DD8A4AB5024F0B72E34B57BC1182472DC80946789AFB711DB7F1193C03C893B0345F420246114D3EA71D04FBA731C0DAB0D3CD311B218F0D5A15ECC105D02F3AC32F13600084731A83220040019B03180634B5923D
311
438300B05BAC80881F061095FED5D572A3323ABD83F1D37A2301A8C930AB3F66ADF7CBEFED30BAAD7D78A06DEB6A87F15491F5AB7E25842B6B34BEFC12C8A159F187C64B3CBD2356DE5FBAB98BBE9583F0E3280C0076DA15BF34C15238145742B07080B1EFB83382F9FEF2239D003541041083C5AF9EF3C8944DC2030BC3AD
311
EDDD9D27475800693049E05413BFB3FEB4308731512F13400D06F813368A0101D8D863EB3E75FCCADED124F532AD3F123F131AB46A93DF1ECE7F96CE9EB6C365C6D6A07EEC461FC919FE288AF7AE1A7D012D291EB073735FF26BBB1C99FB706E972192819B7A34BF22424BEA1CC7958AC2E04BFC8E02DB90A4A1DD04811ACD
311
BC181037864672C78F6C0EC3073A40CC49D5E813593B7002763BC6A909D31AC86F3F6E335C9E1C309BC58F16418642E2AF6B290A34FEDC0CFEE08FCA0F56700699CB73B9C99302AA17BD516D7F1FD755A2B32B3FBE7134D3BEC813195BD355020A7DBB541539CD2C06E45F46FC0EE08293E6C0E1972176D9B678340AA1A482
311
3404EF79B1E2347E47C35D0A2260730E0B513025DC0BD1C07E3366E9B9D17F767405FB531070700035618606F0B40C73C974CFD321B0C174A80C0F3AA54945FFEF348F5488895713E89B5C98DA501E06D8D24FF04FF0CD7ECD7BAA755A854EC6A180AD13BE094E8D5D63BFD6DFA5F5D3E4DB1BA18FD8473DC6E17FFC9832B7
311
1A2A94D96E808BB53F9192955D62C82E282B05168AA0927D54AB20A20A74800B7CC9655C8B15F62377CA4C91641F9F4D0478F4FEFDCE273A002CC0A725EC165CE3A149F0333E8E9600B2C05A7D15FD831F0938DBE5D0FF13E3C0F0765965A0961C3FA86DEEB0E28304747BFBA5FCDEE44C23544F7BB7BF7A132DDE34F99E44
311
EC3FEEAE92F667A10F7E90B0E8C6442DF5A5318B0F816311DB2E6DC6F172C363FC800EE09186BB9EC82A24C0117700CD884AA42023B81EA6E0CF8B3056411110D78606EBC5AD5417B45BCC8E61EA01C4006AC233933E35D860BC1B6CB9C9CCCE7840D2E0C1C1FFC11CCE54D59300F2B47D66A10F09D8E24B71B9BDDF98FB62
311
A3B897C53EC88D16D1FFE8C649B17BB8E760EB20B784F52F992544753F2CBF642CD3C9C70D8722C197142C567E74FB431EE248A8F3FC00377F5142144A82FFC28AC2970A780C85A7EE9146FA4B2981F3C93BCB0F3FBCB6DD3DE69C72B6073B99140DE28B8E919D9D9E7C2F5FA99FC1FFD07E9AC0965CDAEA0A945FADE52C79
311
1EA989E8E7A21A355FB37E44405D171B98A6E946DB26AE71DBD01FEF07FD378F5B4B518724481820890E7486E3FCE61A60E096D577701890EE07CA5D7F2B086040749FCEF3F81972E510A86359C9BB579883035887542090614E5C4461705D7CA1CF84DB564838606CF1597E8119790D021080C935A908324EDE9F60A04B78
311
30A33F0670CB08605B8D01BF9A3D435693FAB4FD84EF6754930640C1F9D74B052A7ABBA9F502B39DA3BF6BC7514EA4BEC71D752BFDC198EDA8DFE8F32B3EF811E4576B0A2074B99B070A069F60173E7427BDF285024E35A4418B7A412914F2800F1965C4F1120A2D5D2C64400563D5942044807BE7C738EBF3034C4A6F4D70
311
C04ED1F97673C039FABC4CFF18866E08200BB66BDC9CCDCC3FFD1E43BEFC52C317F0F5E64900FBFCDA4DEE68768FFF46350E0EDADB7B34DBBEDE3776BC55599AF84E312229F931E700D04478D66A0D88D09B2276141AF0F8811C5F8067DC04C0F90929F7F1AC9CCD368488AFB965C97B855A3E2E93AE5B4866502E55991B82
311
D4388614F2C36B8484A5FA06E3EFFA984A6AF17D5C2073299D9F12FD63826F67FC460E54030981684E9FBFC22009A3006962285FDF4FC84B699FB5BEF3736C6072F6844C15EDF25883037DE6BB7AFAD6AE164B367812FA8CFCA6FA25725D99AEC5C6EDEEC64ADDA2BE0056002032E1D7A20A54CF444E360D520A5B69816C0A
311
953CE0434A8A898BF18E2B704588C01BDB2133342F5404FEE698957C200EF54E31BE6DF4E888C9C67F5F3F1B41F922777E7FA6332677C20098C59F762F5DFE4A23F9801A3BB6F8A4F66E0D40EC867E92DEFCE84C714FC7CE8DD3DD3BDBF9C781B1C3B549FAD2C89D711808CAB100E09700BB85240374A7209212F320CA5772
311
22A7020E7824500179FC7096C714884BDFD9499E027ABEB3CB0226CD293CAE6E0C41A6788F396606A073E28CBE5CC67D584D36CA39D37974FE1023253E3FFB007A26F657FFC901D851130DDC2BF54884F20D5D40A0B7E5C7BCC7CC87B84F2ED820192CCE1AABA1FF24ADBE1D03635B5B3B53D4A5F84120125FADC36A0E792D
311
3AD7E255792CD5241A4C84171F1104090017DA493D0A7790A7BDE6DF326180398E4B0DEADA5C2763825E43E05C388E184678C88CE6422606C017F030366981353DF03A753DBF6370879F79889DD0BF75408724DB53C5B0063AB6568D02DC47AE4627B58D7E367A6000267E7840C23A0940B992DB98ED1C4731B4FB4DCFB6D3
311
EAFB6CAC7646F0335C5031888CD74E2103380260AD47176D703960230370FBBF28813524C17FFFBD6288BB28E4F905ADB4A788B40B4A6201C1878BED224DE9906C4C79EF32EE679B9F5D3B5DFA137327320643909A823F62106CB8F9BFE4BFEAFF0FC7A6393EC7F64A698EFF8ACE31BA05ECE6DAB6DF124118D1D13F892F3D
311
3530602E3F3ED3D59DFB821ECFA3D9AE85B1ADAB9E328DE738BF55D5DFD039445AE76D0194180F57B15BEE5F09C07F952F9A10372BC894CF7DA12CF6507E2A8916E0DF430C519485C55D61EFE209912D8C32866214E121611E22A0B1238DB18E86636A3BFAFD5B4EE02FF1E505F902BDF424D0516907BFC95EF3A76B6B3872
311
769D67E25B548F0DA46E2B93DFDFD5F2B9E9EEE1EE1DCC7FBE6380DFBF38A165CAC73DF912AD76A4690D2B766A3EB4AFA2D05BE543EA20B095FB17AE3F1928D84482049B659E671A4763CFA567C08824913D37F2F92F841FC244085C1681225C04AD6DE1684831682CE0D6096B56101C0D4FB3A1BD3F11FC1105AECF5660BD
311
3FEEDF162B0D9DEC6DB55AF27FC98050BDDEDFF63ED14B01336053A19DE9AEF5F5D9E9D9F9E19ECDADCD497BCC57681922F327EB41FF681E17C1921B04FBAE371AC69E53F98183E91B84897A5DB164158BD1D12FF6F6BEF0E02847727BF2628F9FD48B6FB11DF6928C868B29590A0606F92140D0C08850DAA7DD8A5FE8A503
311
89F61288AEB743E9C801BB67DBE0A7F64F63BC87770FDF57AA73FE1F5A84F8DD3AADDFC32087FBC0A7D645C327B97D65E7A8BBA76DFD9BCEE1B1CDE3F5F7CE4E6DF4013ECD7CB60BD1239E8A4E9A5722AD9C4FAC8F7FF17B214AF8801950430639A08E3ABD05A0D94E253BD5951C885B0CE750309070555FF21F2EF83FF53F
311
4E15038B8D8A244740A5C9CBC120043DA0B323FB1DA0A4EDA268C05A304619505000BE10415DE898809DB6B66896E60AE347ED3D6DC707CB7D5B5BC374A158EDC343D0EA61C217D4878CBBDC1D85686782C3CF4272E7DCFB5E9EF628F5A95AC1AC0C6848F5771329EF8DF2BB79EFEDEC8DBEC72EB7F245287FD4B31008AB38
311
EA4D52F2BF57167159E3004CD8950E217DDD6F699FC763E9D1A0AECC701F7BD4430A3E030374066938F883C01DE40E7DAFD609345E33570F4CE6BE467FBD7F793B5AF2A9D331D86DBA7BF98067918F9FCDD609A0384B523F4413B574B818C6889FAEFC5E7B8F90CEFD62BC2C85B2478D54DD076635BE434FCADE68B3ECF1C8
311
708E27863DBEC352D87BCC7A92A8E135700CDE65BC114026DE5DB68275E656D2C0D4087293D43BB4C9C14EA83C0D806783B40DD7CD4F19EE9F33801F55A3F1FD600017A6CD5DE607783D5F74E34680E7DAB98D99F6E5B5ABC7F7DF19D8278322F6A97FDB2FADE1539BD945DDF868EE2B8B70D9EDAA45D1BB0A5801198CF1DA
311
891540474745BF0317F8A3703E02510AE94B084221F887FE950272D62D4232781054A87C58D015CD45EBF9B70E60820A2056E9D4D619E8494BBFA68B61EBDD8CF52CCBA124BACD4A4077E8420A7F36FCDAF661E577B792A7E1B7E337C7CF1FDEBB3B49F501F3C7366C1730E793F51FA20A9C3D2E9F18E63DC277449054CEAD
311
A36DA0807467D45F8A744E1BDED725A033868703F1392BBE221158220588F30574A0B0893D0515B0B7C404AD0E7F40C11D504C49BD7DA39A85A19CD7357DFC966E5D92272FF06D59CA5A6A1C8AE30E52F1247C1F1D78F81887F9F3E387075B170F9F5EEE4A7F5BFC69DF02FD8795FCFFAB472E7C88D563DA514861B85BD415
311
94A75F5E866BE69471110A9F75C8609C7E6BF6C7C727431EE3E9E3773D2378C25226E82C08104A57ED273FE0921D6990E02B006BD038263BA360355E8DC446A380F0BA35FA9945A80CF60DFD54054202F91897C241C147D59F8E0FC67CD0F2BF377A3463F8BBBABCFBD6833C57E214AC3F5AE9C2FDE88852968F20337972C7
311
E04EE5658223008AE82D93BC37D8DDD900BD6B16EF221F0D4149045D740A8A215D4FC186C658E01994B8CCD317465828704BB630DA2243B3B4ADD3EA554A97408454148C04A1A0CAAC2E04033C04073851F54380E0BF2DFFA43FAD3D6B574F2E1E5EF6E5F4FEFBD1CA87C161FCBCF5C7AAE2F726F814027BAE10F79BC3D765
311
D61D1803952210A9AA07F8C6BB2105B61145B324F96014EF223D4A9261080239F03FF6F4DD4975C183B887E081F7A467A25EAA0C94028FEB808637768B07400A8235D4EF33143253198900E079E3FACB0C59B00F827A5785A6FFE2FCF0C0E6F1714F11CDE5140D931D707950631F3DE877F300002000494441540ADFB08704
311
E252AADE1BD4E8DF55796A32B9B6F17737C67702E5C638682737286CB0E0A89B624D5BF28222432848C9AB8C07170C97B814FF492A61072407D638006F7C8400860444C01B1930A522788045633DFA9507267A3A42BA05925BAD705CDD3792FA23C1075C6EE768A673919EB6C3FCFE7629B7310AA794CC9C0D14A1FB88F95C
311
845BF22543F57996E0B26C9E4C2ADF187F979F8A55F11B47BC26594C52588518D25E6C2B1CCED231EA1B748F093E5726A21A54C91EF95789041030C20FD5AD68613432E19A4D0DA2505B6BD843516E10BB00AF9AC315EE9FDB39CC1F9EA59CD88F9CD071D470C86C4647FDEDDBB1CDAB81DA94034747A779F4CED497CFF817
311
348F69F52E55490840E48840BA72DB71F3E84F6DA2F4717AA928F153DA6E4C7E8E00363CEC9A2E1C8E65F298FC4A52F087FCDEE5CBA38A80CBE11FF7BC2AFF249203FFAB77A128A001B1987BD334AD9B901890A8C2005B6B248196AD09C0025ED841325B31845032E327C531C839E66DBAB39566B631C2FF0A1DA5A3CC47E6
311
65AD8751B47CFE33899DF047C9F3C365E3B11278D49DF939298E09002F6430F9958803309827A7C791048CA070061B7E9A64C557D235F83EE24822E5EAB805F9862F20FC58F483DC0EF02181F572930205107E00E523861895A2811309808F2B6C14B2AA579E893753C155D2F54302007E9FF36AC5FEDBCAD47E182D91A739
311
20CFA5C18E01F8FFF4C3F1FF553BCAD0E58DEF85DD63B91BE38ECE1A9FFC4AD4A1FBA30D462C328C5A0340DFD393D3D3D3C0659195C96990F391EFF4175213BC74C020922D4830FE215E76940962BC0713A3B82784C0CB6623DC40D6E1485BAD454F6892200B225096127FBD82D2B12006BAE2E329C771E25FEBC0DAB3B539
311
5289D56D7A8A89081B34EE06F80F819EFE75C67DEEE95D227E283FE98A7B9F1C97D2D05B4D07A469153C3DA3048EA68FA667A6D90E291C7D7E2D063E4D044964D055F2DBF3E31BB851AE9F78A0A7314F0AD24901F581D74A6929142039C65AF5830D1C809536CDC05E4BA51038F79D713DA930CF18BA3010E385351CF47F74
311
D439BCBC793556A1F99814926AF12835E251C59BEA3C083EC2B2760FEBDF4304C9EB87B35769E1EB24B648542CFA4EBA9EF93CD42F03C08F249A2C98897D8E2225E90077823F4A52171A61219998CED6FA050992B6B0A74A2220ED12123004FB977084208F8E2AFC80F456CB110BCA647A3A0F854085D84FE0052BE31FFE7F
311
925610BAFEC06FC33F9931BF063F39DB3D1BB20EE357F594045F4226131578582CB055A59A073AE0413989D215019B6EB8A21CF154D71164E0D8F4E730C2CD382D098DA5261456A425643686BC8301710F2C50665881399156AA2B4C3191BC555728384800CE10040F746A3D8A80A5F0E500A93456FEC52833BBB45203DACC
311
A37FE1D3EE4B9BF0EC27ED47D89B8266F11EA2DB8B5A8BB93EAEDF0C06B7AD0402B9EAC6E787365535AF19F15158308A9D9785C1BC1C01377F8C6B4D07B50DAD25649764A91DC9812C7B34CA98184084F7C01055466B48058CD44085AF26648520C85C41C67805462D8425680425559F4440F3ABBE1F3F81B1EC72708767DD
311
C8FFB6465796C8FE310FEABE0C9B242A74137EC3E0427091967023299BE5D6D4D0C6D15747DC2AEA4ECC57C72856E827D33CBD319D70FF854369EB841282F84B7CA4881447ACFCB257E252E00FBB3272120A75B99119840858486615636E0E0334031AAA8C08A62E080053A0AAA4158431EC727A084021D41CF5D630C94184
311
F6FE7432E8F5F9A4FCDF3EA7CF136FC2988093F98ED622E38E4976E1BF0CF49D2889E6DF3566719FE1F9B47A2D3BF89C69155DCF24F88C609EE551160F0415900B4C48FB013D8900A9192A700748002924771A3686A0A580FE4009E00ACC090253E280B90AC15048E047020483A038A60ED232831F2CC90498648690D960C4
311
8E439F18F4DDBEB0B6F5AC7B7B89F6230243B4FA160A7B9327F3AD5D937C8BFFE5FF8B3A5E64283BEF8EAB9F71159514CFED62DBC880614AA1F7994CCFAE7D8C87057F451733699B8DF87056E1F0654B5021E38097E4E23221B810DE20559AD183A61C2C88A648DB096081E9801CA00BC1DA0124E08DAAC15FD2936905CA8D
311
A1C40E42B13F1764E0C4015EAD7F8BFEC99A310B1B7C0BCC7746D3C0702759C89EAD57122092122D1F857067684A578F1DAB7EAC400841F493A468113282FFE42316CC74C756B1C880FE78795C692813CF4644480EE9B02991BCA257A71861F00666D9410288487618D120D0E80D7773E2B7DD180E100EC98B221C94BFC4FF
311
531A09B986230F1CD08378A8E4D0FDD7D9B1BC75F5C12EAD7FF83F3ED19EB018620303C217A6A35D826E72ABF2D8E2BB1B783F6E48D2E3F360806E1D192085D022103473A10375B63853EC54F500B5B064DBC20945B88160DCF7E4F83A0200BF6FAEAC88E9F54D22D898E43F378D20B51B5D6B1457000922202800DD401A92
311
66483029C0D6D57ED80D42A0E6E08835F0F3AC73D7FAE6D56185F04FC44472B854EB7D9CBF7134DF3DDC35A9F6B38417DD6F508B37C1A718B0D054124176F7222F62DFB327F34D451799D56216880193254FF782D7DDE26C271BF38C6E422E271CE4AB8823C9510F021126A7A944E00DB4031D013C88EA0746C96D4574069B
311
D5439C4110403B40020C30B07A604F1E41D19C21A93FD9002DFC35F23B1E7B98E95E38387E3603FE7393680410D702FF9ED5A3C5E5CE68B5827D721FA78F3A9A0C08A79722D9C9B418F46C0057BB1640C70AA4A03D29CECF33987596D53CFB27B32C3BE304C540E14BF8464E080918268D254838C91A01F0FFB99154FD8A9C
311
0495EAA6534A6C464440B4A71E16100E7405088122A35F7A511DC003D002E6C8E7E15F6D1D2FD09014139EC11FDC89394621F77B9F88EB5A583C41E2FEDBC8F82334494C0BFA97FF3C3A34ADE60385B60E5A30CF036E5E75370BE3B83AE73B3B7DC0BB337DA0045299ED0C66681E4AE223D01B1BC3BD4C921E2005FEB51147
311
39040758189BA8A320067B62A3995E4720055065AC2B4A8006BF8CFCC907C0063EACE41813C5F017065AD46CFDC6FF1BFEE052932CA3478C8E5A6F25DC8503D40F61FC1B047E4DFFE8E84407C81F1AC7B5C79DA358551CD0D13785A9AEB38D6EB68A0A8087FC6543E7471082873CDCE5CBEA1EFC5CC0579469E225428E9A43
311
D6A6000B4219DE52E8DF00A55F4BF5035960661C2DB88AC1F67C2890A93FC420193C8326409E7B595FBBBA9AE1D1511B3F6D65B09AC10A71C2317201A603E88C56CC68C91279E83F5C147787EFE6C675F00941D23EF092920330982DF38C65EDFCA89DA98E8ADDECCD77CB86D85118F3DD9884820B1128010D02F1060F5828
311
71CC8FF42024C02239273A1CC3BF71E770DFB7E96081682803188118B50310BD620234F230B12711B063E0F0490FCDA9248B580D3D3DE944A30CFCF2A1E0F6E59E8FBEA289CCCC943785BB8880ADA9C2FD70F6A13F5418444E3A669273C006C4B4EEEC067827539FFBEA9CFF04D84E7F170480037005AAC8829084329899F9
311
0B5E013927F8E646514B4824B01D11F72C012CEACD163B6358A4454A4221D06E68A71062520649BF9E9127D0772D6E5EADED52FF216BC2FC513C7D3C5CC4C8AF009811826AE20203B076A2AA66D8D32E317DEE0EFC000FCE16D9E0BEB17C74AB009256C5D8AD1CBABBDA61402612C675FBD72D07E633B1A42F2421208CE013
311
97560811204306617A5141706105C9F4984C459F2D0F6C392FA05BED808512B0B9A8A9FC6CED89640EA347D31F0DF76D3D9E61E800FE9F7601BE4C9614A1C58E6C839F13A12D0EB426DE6386B82369A9E6A7F1F9146EB578A2EF4289AA109B4F6CEFEC0463E0072A05CC9DEDEDFE08407B173B8AA65399C80B2911252E6290
311
C82CC1B8909140C11B7AE161B42B93905045D017E00CED6D27AAA15F2C2179F1E83D411A7020B9408D202381E7E5DEE5A9E7E5CDE3B186433F488AC81554BEC09BC579018ADD1DCB3D9D70F02B14BF9159A4DA376225FE43DA224FED327941705DA582B2FD1BB5DC0540667B650BECDD1D5DDFB0C7F36DEE2B94F6EE2EE4E4
311
26F20A1174C31DF153321A24114C4FFF25E505475F6906D4149B21F1BD9D9DF7B059F8E0FD83323CB97991FE80EE131A9003B81C491B218B1D42C0C0D593D9D548003839DC29A740298B0C23F0CE14BB167BD61989AEF0B985C8FAC8F923A73F31953989F0F6C96CA6C4D0A9A88184BEDBBBDA3BBADE77CD8E2FFEDEEF4618
311
4A86671D7DDC51417477BE9F04804F305AC82C2D018A21EA903866A0F959FBD4139916D036635EE03DDB7408BCF0627A03027AD314C09B0A27F0A79490D53839D0DAF1416995CAB24101FA63F75029D57A4CBBA9FB4D120ADB17FB5A999FC9420DFE04FA670430B90FE7F589F7FE8D50A4B5F004CE5F07EB4EA007F8AEAE8E
311
8EF7DB3BE2F81F42166C7246FA9E62D02C8209BA1024414C483498B50229FD923F2414040B2081390AAC353B5283EADA12A30B1080866D746B9ABF5BC107F33C2A015B275480759334B83AB02175EFD0DEC785DFC505E0064F4EBA5A97073A74C5C9FEC97BD25D819E28AEE661FD2732B8BBFB1BF13441B3C1F45E8AC1752B
311
BF80C113DE960E0AC7D9D02C58C80505A19BA0E84B14402601A590A4AE00A825E98C3212342302EE10FC5100681F86834A2804BC409D70270A2091DCE874B16BE0706C974EB3D26EFEDFFCA6C4579AA4DB781708469F055532A7046C6BEB0CF39F3ED2EC4FBCA3D00EA91CA68FD2B87B5C191E0EB2C300F00A1C9881F26357
311
1C6CFD83D079D09F176FAD839340CF030F70458F81F09AEE1329505150CA0A00576B56C06D58070B23086F685E44232D9D53DE3FC3731044F286D19F459351863F749F1104198D6E14BBC68E17CAE70D7AFD958E350BEBBC70C9C4DFBA075240DA27D40AD7DB063A097DD3F041EDB3E4B682A7A12A548F3393DB0194554717
311
5879989302521EEB1431B08759B632B174E0F700E774FCA1BB83F95029ED1A084288C8893520E49415E00DA080AE8027C34206D35491D050A4C6B080F6A20889A2FF82379AB6234F6710C05F9080ADF002B9C9F9C583AB220F45D618D7E7F7547FB27CED8A8B7A7D24EDA4988B0C1C2A1AFB53FDC61BF3DE50D63C560F0120
311
B0372F0839DDDAF13E583B868717C1CB8CC71D1D7F440CC82184803144196EFD58BBE00B7EE77DE8C015942357FB06FC906A5E2B8882CCF9FFE184B0035A5CF186A962A63F84B3AAEE3D5A2C830008807568B6A9F424086D2095A3E262DBF124350082C4B5DF4704A9D2C93553DE47BD6766B69349610716999FA25854F759
311
CA9792599D3837ACF6247CE8597B0F960FA3EC45B61715050260C5844FCCFEC9666BC71F875B17E3BCB4CB151405D7D08F846B4CB952248B4603CC402B609E90F0044A007FA800EC46D07A51232B00E5683C55D5096E1374DA4FCBBDE2C25A5B8D26008227CA7758033D7D70DF12CAF7F247939F93F1CC63047D63ADA0B7CC
311
8771B234D8095FCDB577B586D1834062035670E204B245EC093FCBE15626C10D210CB38A13F50E10A0D5C0814B0C4B30AA9858516001669002229618F100767AA3D6D2528595FE7A398C2D2300ED0013A0AE60B91644A057327BD3C36BEBF48C91279B45F8BD145494674AFB211A91977CB838DF35DCB3D6D6AA2FB2784B59
311
1ED785DFD7DB77747DAC9D2F7674810EFC2895F9ED8007EC7885101679C06F21E4B1C8A6120956F80518D1DAF1717BEBFB5803E20C6F2A11B2E48AFF4AD2810A70054623E341B3D1ACD92DA91150DE631EEB2C28882D092049C0DD38E262A7BD6F98549930C9D44B7C37028AEA9F8C5628A2BEF5704C0DCB2B428181B1BE76
311
6F43014498D2E57791E4C8DA6BD2ABF5003F0C40202E2E32EDFB02852D16C30B7F646B98FDF86C7891690043128B0A0DE6B4EA27F08C30CA34C9D0AA0852A5997F8D11A6EE84E040B20472020256F4AFEBBB74E6705A12083B249089218E6452C8E5A69717E904A3F5EF3D5D08EC1F4D4E85086B238CFFC11AB9AE972CB775
311
616C6D1DE04DDF073B4DE3747C41FBAE6072901CAD0237100670C5A00C2C3CE063610ED824826C1F6650700E88C00B62468903A0D71D3A390255AD7040048348C56C4647413C2C2561216E0C469203EF06A5B101AD40D0E207F78B124747DB5B4BBB4E88B1C373C114E0470B345156EDDBCE1B4DBDF81DBC400746B0B54E05
311
F693707B89A5E430982C2AC7D10DFF11D5B102B9505034B35D07E8E5F585757F088B390F2D4C85CF7218E8418BB4F25B885053D07D5A908326809F31D6CC6B77CC948413B28664484439D118DBAC27DB5AC40C1AD166F25E6A2F0AE82100C0BF220405323E1FF80DFC518CACA8DE1003F3C9FAE9C7B2D60703A0004F8EAEAD
311
2DE0F5485452D15B77B4B67F4C2403B8D8F9C533558ADE058A9E177A1698F75DC0EB4C800F74C0270178C8579C1FACD025F0560844502D2BBC01E620030CB93636C1041636A693949CD80139FD15BE107F905590A292840F8860706D07E2970A2F15E5B13B87C3143CB2930374CC46A6F9B9D7A5CCCC14E11B9E879A49FBE2
311
7ADBD6DA82410FBB94FAA8487D61B51F4BE0A03FD08743C31020D6628ED20305A22C2C2FAFA7ED1E7881C438AA5B9035F20759E243C51F34D0D5F02F11403B9E204CC1686C0B6C9000470561519CBE1B0E4FBEAB37A39EE4B84C05F023858779341991F36D9D9F351E7BB3B5ADF00148D9D05784F9AD8B037D48C01BFA83D4
311
247F03BB768BEEF973A14E610090D4B96B1EEC5C5E66928F28EBEB6CF578B067DD83086081579848E60DFC7684044D8174993C39F886043481F6A2B743B18749E52447CD4D230513032D20D20206E536E15BCF7B7D211634F98FF9986287F33F9A94615A5A0A7CACF8DF5DCC1AC6EF9AF1945EB78E0A2FED1DA2ACC00EF983
311
F9A012260BD722EF61C9DBCDD8719703ECF839029010CA0B9F100B1D2842153E01A1A3837AB579516A31982FD2908A09100DAE591016CBCD4B011A2F4DE299E1338CE065DC4841BF9895D8C81714800CD08F5AD39601BC929B55D291F6CDCEF2AB40DD5D98F4E6F107C47AEE4A09A079C05316F479DAF4C2BAB83221BCC0CE
311
23FE3D3D4C7BC9AB673D89A3677D6020F6E182332028012FA0FBE0B2668FB85485902A8E7FA0BA2105C213E20BC2169211A4BABA7D693C3F1DA961F203694853137073AD5CD25F1C017DE0477626D7BA55B88F83B5EE513C41D814639FD1BF759171F4577D3CAB0C3DFF68B2D3B1F8478C18F67BEBB2598FA76A4545E9E961
311
BACF657E0791D2373030E0EC9FAEDD17BEA7703A738185D08236C407448A4CB504CBF01FF43859D3115488EA01B55078000DF085911805790DE1B41B6F8CB2889C3834FE02AFE07D85143C6C008438A944EA63E047023A7EF37E13B0903AFEA7BBAB9579330FAFDAACD540022980B65A75FBA17D388F1E6576405CCE7032D9
311
5BDA420E7DC0EFA320879E5F8B3B04C1D2D9C1114210C19FCC49DC6A855E12010184DB8968109ED016E4683CD552A36B3AFA13BFC2114068935A7E774CD2C7225642B73325938052D8634ABC18DC9442BF9E0402E85B42F9F3273672DA8E8F1070405D1DC3248487574CD98092B8B956E6AFE1566530B78FAE05B4A0DE51FB
311
AF85DD075C7E11939F80E015A58D1F87E400CFFD2306C4D1D3C634380A201545A92BE01F445800BE12302AB477BD6F62600D211232EB061448A0D2B877BB940D63D059C37E0569A83DE93E214F4BD86209FF6F479C640AFF8AF6D1BFD987D029A94DB7C329B4184D4BB013BF912FB88FEEF913071A8D82B651BC10DB067A7E
311
C52FE1B421883144C00F64FA23A11CF708BF16CA59F18D4C04B8085964B2D8DA4A855187000BE440BC816FFB13374640B0EB1D0998AF38A1AEF503F14302E2811081FC12EA6CD38A63B33035125F40F170C0B0AA45E9FCA38FC6D688D48563B5C4B4B7C359D3C7AE0EFB16ACD5E2FAA47EF8307044B4EBE1C71E84E742D814
311
31FB06B90B600B9C239E277A57C94C427EE10E7826980C0136600D916A06058CBE8604DB4D314FBC014EDAACD0820F14BF75449B70339490FE5A0491221BF95F949DF1235380E969AABDBE2D32EB4403D3FDF17F42F9A0A7C28ED75BE86BDB7C7EC80C76F86B8800F77B305EB88F00A4352E0F8089EF811EA02A3DF08F7DA0
311
08F803BE4B4EF5F41E56087099E920708C3D720916444440FDFA013D4E1201414123A09290F5BD7AB729298209C4306D007BB0829FD4EC3A6D7E4F00B67DF38CA0764F832F0448E58439B952CB4F70DF964AFA74CCFDBABBDF273E2FF4F56D3DBFF2A78D42FFF2755DF307066497F44062AADFC0CC546F6DCCFECECFA232E1
311
4F408F05477D311B683A35BC245FCF8A5CD2AF20022C21022266905A5BCC8B20235D6FF04019CC04058AC80023662E25F342063165956320BE50370F2A657BACC817DDA3DDD3EFE04028645780A768FE38DBA88BF2EF3ADADFC7FEACA952E5A77568ECF0C971DF32BF1D24F8486B22A649EC81B1B60315CBEFC026091CA45F
311
858D7D04C1B437079431E63E38F880758842E780A9E03791C0FAAFE10012588C3C592FE35461A6047802BA18686887023A422A49599399893103942CF6DA53A8E387825FA0678B261F139F801E2B17C901D0F5217E07AC2401A87D0480F753FBED44FE949C93A1D042B879FCE499B3D861AEB23F9C1F372F0C24D0B7D6E70F
311
E1AAF60F84BAE642D82F0A9F53E22783915518494FDBC0AFAE7DA282E5050B703570E06319A015E00D693A6BEFFAE493941C3B08C13B96BD20D0115A9565701DC58568A3009DA13E965765C03091F0FF339F7309D44F6E61F837F1B1FF920450EB8FC48F9B40158BE89C81A597CFB0DAF5F5755D3886DC13D4479599B58375
311
8CBF35663AA234F133F91D3BCCFCE0A794367F385C59B19431780F1C099131384056616E15A1563B50021D369C593FB292685A68A8B2A50A0A2085CF05434617E05FC24A6B077B990014421A68401AC4D65788EE25F737EB780D08A6E38F060F2ABD889E1B889C44852C2FF368C1E3E710D73B6589EA83F7417B341ADA1F63
311
9A23D15298F087AD0326410E116C3A1B325218433C71AE62C07C1480F1C045629724A076A4BB8D622D24690486727F56108D07046DAB065000678E04C4F8C342DE27F4AC102D854F2D08D59B4ED0E4F697B0FF62F113646BC5B7F3131D4EA8BF8B265EA3F2026E7061B96F6DF3D993276B2180B8E570675874285794605510
311
49049B074CF8B1066C7E14C705F0B39298C0997C17F701097023BAC31081390196801FB0C2A12380042927503D5A01CA127F9841B460310639C674BC8CDF1A320501448E0068905B07F6E5602F8C1F07786253438CEC51AE61FDB25FF71B09893AC026A9EAE3F30F369F5D5EAEA5801FBAD3C98B38C13EE017B054F81A56F0
311
5259DBDA64FE270B1FC4C77200FE276FE814B916E222575ED717A62A92956504605268408CFE13FD61F84252228376060206802B9550F00B9D47E6AF1022538A752CF4FFF1F5931384A9FF8700EDD4FFA2B93FCBFABB3EA6C607FF714B0B8B04EBBE83B52B246092AB018C0D0002FC490849F1E214AE6FC42009D6D86616C8
311
35B65DB9862EFC4480C14137603C3089D0A5588FA27E693DD184131BA4E88C35045ACEF1CDE1A82323C20B842F2419604821196EE8185BC834AD44F8E9B7549A32900196E9ECBBE20FFB4706861AACADBBFD9B56A23FFD3AB8BFACC18B1B5AC0ECD7B6AE2E2E9CCD2BE8AF1B1BC3A813B94107E82DE67A42E7CC7D4A611670
311
0B5B2EE3C338A09B840F07C40A64800D7C605AC42B72227C4C7020AB1F20056E26F542717F56534261DE3766AC10A6ED2D006DD03BA9DBA507AE0510A8B385C92363B9154167F1230C40D76AF6F3BE0CA08F8BA2FFBBCEFB09D0986550E0F0EAE2F2780CDF850CB0F88CFC2815FE87BD83909F474F45DD47F1C821DB2107A8
311
817FD45384F57891B65F2543D0C1E20A89B4A8DF806862AC27C60F6A054627FD344250718AC0FA21CDC4E28DBF2650D1B39D8B8A420C348A4F846E2BE824BF8C45E1DB8EEB52F576F47A75FF95F90FCE0FD3A7A08D48D5B9AFBE3EA658E1676FE3372FB57F0AD8D70ED4AEBA3D4C2BE0AAF1C3AD63A6004D12900CFC481A47
311
430C9EACB390038642C8C41B13303166614210592736B8603AD4FAB17189DBB32F3915F0C380795A089A15228460BDE8E52203527D41B5470901B088D84FF8B3FE2BA7F4FD30ACAB3DE0B7E2FF95807AB0010FFDE3A048F7360F9F3FB9380EE537F16F8673131325D3351A3F664022020811A0FE8C019CA17370725CBFF641
311
32025DA1BE2555102212E80A907FB43ED80A991A8AAC183932C19AE17524B06590B6AD286EB99BAD18FF4BD64BAB519202F992A963648ED30E7521F909F090C0213E367A77D8836BEB6F34D92EDA624183070248351F1A079E5D3E7A9EE81F2CE6678F92E299EE312B6C0572C0A7B5EEE07853612403813152C7125E2022A2
311
0C18F855DBAFA399817FC97FB6E1CDCA31D348434ACD0012F0D32A5456B4007E6E92D72B1A4E9971223A42C1042819E4049C0C5801300C0013FA48F8944FBAE71DAFC27F1826FA2304ECDF3F6C10FF47D5C7E49748DDD687DE8E91C09394EE0682A4F84CFD6067EEDF43E67EA46CB2F4070160439245F00343D03BF25D7E2F
311
26FC400A896DBF19FB8D4D0A66DA669C3D608F9CD048A0533621B25690EE19D5D15248E390F042B12C682511B02BFE3E5700E4C9A9B2107A8F45248FA48234FD23005ED1F4EFE80D1320836F04003BF42856D478D1DCA3ABEEE3C68F9F30C3A16E5C238EA5DE3FF37DACC2F8B7980033F47FAC34421EF0418A045394802CE0
311
32D61C70023D788136788613887C0011A4EA316E005718AE191F8D0D841B9C679CD2FC478442D005429166F5A24403B1E6ACF3298F388B6D0BA933D92339D48969A5C11F09B4FF017A9900A4F887010C474717E10F36468032FF33F4AD610517777104CD920C3CD15FC5F3B3A0C75BBCA3B00F2724863C10BCD4A0E00736C7
311
981F2F72E4B001438B99714FCFAF713A2603BC710376A1715FC602022202E06FDEBBC680A3DF1C4C095A12C50B554FE7623B50374FB2129DDEA4C392C9188077658C87F55FF92FFA507FF03FC8DFD3F31BDAB46DD51AEB03F7E1B38B8B87CFF47EA1479C3EBAD5C6B382C221C0F1B358B39D76D9D3142C4A20935F541E492E
311
0EF081BA41B3620A8E172B584EA1485632E22A8221CEDAC6110AFA4B6D43E2B76A18AB240BB24337721C9321D2C033B2D3E2641A55A400A28403C12D1DADE39AD23FC5FC08C47A64DC3FF6DFF76B5235124022D7E6D6D5F3CB870F9F31C96FE477FAFE54100068A3A87FA5908A2C08011CF31309C10025B089FEF9C510522B
311
8DC07C30AA469841723A10C08E27F00F7FBC181C083F2809EC3B2B328E294AEAD5A071B3A95C81D2DE3F930372D022C9C793535B92FDAD5426E90490C3C81D000017C6494441544698C416520C1C40C71FC204B22448FD9303782FBA67089A1A7D4CE38E89050FEF5F1E078A4DCCFADA058032C34C1CBC2E1202B1F8962B1A
311
8024F0EB7A11F209E96FB369D4B64202FE7BA230AD24C46413536EAE955B341B726C593B5D4630C0BE822480908522B0D85430230352618DCD4F7BA6D568BF4343801480006658EA3EDCBFFA9702B4FDE9022163C43F9B72B58001A23FCE6F0B3FF0E4E1DDFB9801A6FC42FD0132CC1F2224F89933107AD30B6C9131A53818
311
AE944BE25A70810821C38F098411980E46D108F483DC63F49B91B852351604091D60546702F58A3872A1716411B642C7629C267E64E77719F46B0548FD6BFFFC86A38DBFADFCDF700228C124C8664FAA02BFB1F92B09800876FCE4F2D1C3FB4FD0A44E0106A8DB8079751CBF0BD9340066C3D52BC64706467C05B5A54401BE
311
4A1B0132A55EAC1CCCB10D378A3DFEB9812022327745EF2102886A9142C812A1A2C9708027BB55B7006357459F9C2080E0BC34489FC629510F3017B62D5073E2A2C64048A0A42580E413BA9E08274091A398EA80B5BF31C87BF5ECF8F1C5DDFB4F22AAC181F070AAFDDAE5650C4000516440D8806786D874215149E69ABEC4
311
3FF0EFC820FEA112B0522003C84BE03FB76623513B6D840820358B084119B0CEC8C00AE888826339A54091F5FCA513AFE147975BB1A86FC50618D9D74502F0C7C8815AA306602FEE3A5E79E0D7DED1B221001118B73182CD439A092FF801105D1AA14E1918EC282F6260869D55108065988BD67F68E5581720A708051F7C80
311
70F582389C682BE53F2AFD85853F2A013D21564028E06E79B7A71E43212180A81541EBC88F451E02385100491AB0C4A3BC5309A95911E66D04C0B448366988ECD204C2FC930F8CEE8FA410EE4C25B58DD1B6EBAD83F6196670F7DE635282C0A56A851AB035831725F0471A10FE52097089C80495804100318405F0DFC21360
311
04B4C40705EC9154315129205EC357930035688F61AC02188250CFA9A980233925F16A117A48CA54DAB6400221976B75D863330942E20EE3B00B08FBB71AA813B0E502FD2B023DF70114E0D7DF2E2EEEDE7B789504200112075478F2FBD6897835C91F0C20782401E801A2F9142700B74805703426023A81CC0BE88B537D00
311
03E0C5181D29EB8D83050964DD2580910A1E7A8138F76253DC01DC2F3824391AD748276C0B0CDF12366625D038603D0003E0266CB42704C8CE7FA7F11B4D59C0BF454A78F8FCF1E50513715D469607031272358F04E0003C90107223A581218F10008B10247CD20D860FF0BF48801040B361808148714764028EAC137E8715
311
01EFDD97C89B52107FF1235B0928C562530082573CE137840EFEF82A0BDC602736C595912FBEC69E6A3A26903B3A300C5A098A9E3F1810CDFFBA019D97B4E7A7A075850F2E92569BD960CA7B8304995FD006FC4213BB1448A6F4BFBB3A9F9FC4962D0A1369129B10073771FEDA38B1737B663A71C088D8848027FC3008DAC4
311
E4397A6F76271DFFFCF77D6BD7F1F67DA51E0E08875A6BAFBD6BD7AE52CC04A0B4A2206F650EC412841A48258258E8662C3838FBE21E25172C2A15A4F78D82DCF68A005DCF07047C183E1CE47731BBCCB5469D9169E0D588945BEB637E87802A03D88FB82486210D28FB3B858D13DC7CE75F5E6F3B03C1744D30CC58C7C7A2
311
56146853A05243060B850072A7010CA47CFBF9A1E24F414037B8781E8E9F219A774B36481CB43E48A79819D638C8760D672FAC19FB9D3FC5EA9158DBD0159C27860409682E8FF2595652FE189D2CC2D7C023E944158355806FC320087CC74116030CC376C559C098B93A041C5DDA48AF33827D2327DC761D19C17CC62780D8
311
2A170E6CE7415A5E7FE825E053048F88D2AC2A561CA4D4C60098DA28EF1A01382772484698F60C8DD24BF396EA76260542810A625978C03580A9CAB91D10249BE579B0377A3DD15749A45F24C4D81FF3D7D7996F6A1690288008C0FF6CC186DA9D5FC95BB09B1301004B016E707FDFED306A1BE8FA208828F00BF342186839
311
839F1F6FA338DC5A0200FF383DE92614C03A4508DA18F4D85F9354F7E867AA77A42FF49BBE6757A1A7454448D0BFC3C220714FE43A3D8F1547BE10F0BC5A05985AC3C28829A06FE24CD062700601F4AF12AF99099B08E7071DC4626A97C920C3FF96E190C9D1FD7CB6163E800D79E5F3F10A9306C02B799E80F1AB380E0571
311
A584C0370A220C3125000B500900D96FEA40409F980E2083E4EDF4D8D2480AE5667222E020BCDAD4EF19682120818FE18EC7FD6AAD67C03F7DF1955E697456F517AC4F24700C30171C67E9168B109A4F60AFA60F98BE30941BF776DBC7C70792A2FBE98AAA97224F8BEA39B47BFD14A8CD03320DA2B676E3AA397E652E30A4
311
2CE2987B7DA1EF7F75242413800A04C0270C62A13372400B435ACD84B8B5009208F5AC73EB149FFF3508E21C2201E0338BE07E50EB47E7FF6D97724A601028C5519073E7978EC88834410450E074DD58AD13A4900103A6444A9CB99103229F0EF8C0C78161EBC68137240734CDCFC349807851E0EB46CE864D2E405ED341B7
311
1A390CF2DE20CF5193189E1901E866D0230409684B193D17E2928534D04240937D3C84477494FC5E0FE0B448E35AFC19007926C1C6A6E622FDB8A12E30993C6710E070397C4B26304C0AE38218D19F01FFB15BAE1C0E7E74DF75F2406E373C414E848FF8E500EFAF3C1029C9C0ADAB2313A7426CA9B2C1B9E30032C84EF31A
311
09A88A386F136E8C2F1D582EA0459207015F10F1F001F0B1B7DF7222011EA2001F00BFD36BAEE0850928B08C077030FE3806C880EAA74BCE0863A952812E6008B3A89199C1EE918AF96AF583F1A073B0A355B9D861AF1460DCFB3BFC6B7EFDC834B09700CBED3510E48DC7129041C991F06BA5006CA6B5B34EE21501374E8D
311
FC910042036111EC9C7CFA1C05D48A7270F7F835BF04A4194DA4CF76CEC66718C84CD020D04C412AC848F03E3C61A1C8D50D0EA6838A00376054D3DF61A0E393E1F8B058A6C994093476D601A4A06F0CFD3C0A6BFA910E75CC10400A80FDA93AC9B5EA4303F6C0D188B559086091CC5910137772E14F2376D03181B5CFE74C
311
0EA38440D0AC256D6C4D104CE05302FCC00B60B9CD4D71E08BD40C144A025E60D4C1F45FE846A2105D717EEA84808A5DD90A168E133640311CF05DD870768683F5D2F1800F485AEBE5CABD8FFA3C0BEB33702493AEB551B1EB035EF5C8E5757FA7832141F88E8578A363802B560007AF93D7D470B478C4D00B412D634C9140
311
C4F9275C00DCE8DFE3C7F8C0AFBC5B2CE82E3C3BDF393D4375D50C43CD1C17E3777CD2C170725B7B42B41DF15BFC344DAD089C1E9118522B4A2C60B794E4E8F33081BB7C8CFCEEA0B2015E49D586429C6C78646180B7710E06018A3082243C275F077FBE412C17DE80D3E6B9462C5204C5D980D1DF84A864401C483CD01B14
311
3F4A4868087A0F780F37230200A4FBF6AED325114C367C22512750A5C7C3E32D545CE20A0904183BA10015DCAD89864B3E1EE97EBAE8B204266A48E010511838E2FE413FB116E60880C2D8440AC3880DDA6DF6618C138CF1CB2A09637E18D00F80CB0DC05322E31EADB8081C29410903F06BFCDF5AB46024E4A75828056440
311
503C707856EF0C037623DD4922A400E8A6BD75E4D2800905F18450A00CEE88860C8964C7B3F90F56528BA18F71CFBBBCD2D05797E168FC37DB26DBE0DD2EAEF39686C18440820013C1444055402A541400DD362A0A402F1FE51246404E098249FEE30708C10CA0B54601053159480C00BAA9B1223A773234FE72FD5C3BD818
311
04D8D196FE3D5315A0C981D88D04FA01DFC185CA93F9120E1F480B08063364A0A318F08DF95056E4C91F1150D31B011200383502E079EE43CC18603AE2F88FD139C802A739F208E88D06DC78267C448C27C4113C19B0F51B0E9C1C021CF8F9167C6B1F2E10E461002910105D1042792D1CA303F469714C018C23D72179E165
311
049C40E801CB96CF334562E5807291D1E0C70FE6CAD91656715F0E5C5E70F8D7F83290549B1BAA6F781D25180EBCA93EC84E72A74081CE3020789B3790E1A9E478E658C099BECFF01E530E80EC5FE31204ACFF70AF8177A03059240CD074978A002A878BF883FEEC81DD684E406CA630ACFDE87292822A11953710F000885D
311
6F68A67ED40CD772B0828359B753F7CE23D9479AB9845771B389D6A77130F8C134EFC83947392029B10E4425440A84AF0E54825228FC1634D369874739C837A9DDC83C20D320C36042610ECDFA750303710224D01202488012CA847424F8D53F78AB6BECE9B3B35A7F32396AC6B7444566327DBB4DF06FD9616744F4D3A397
311
EB3B0A3FBA8D763702883ED742FE5CD24146D8E353ACCF811C806AE09914D8446E93840FF4D6C963FF32BFB6AB015D1D3B0C9A0968776F021F21404B6260CF84A14F35180CE20B5E85BDA2EC91FD5A7DBA7E5705F4F0F97AF26CE18E3BA078138202400A62930FA6CC7882F911A92F33E547E64990B0F27323D73B6222863F
311
86425153FA8009361C675554C25382CE148420C8DCC47A20122806CA178A0918C14CBD33440289078A00EC6070184CA9907FD0A1270478E0B325B67C2193694EDB7DD0F3C238447C8A11485562FB4902134E6AC952FD5320A4F7C780882DA9684285CD81D278C0E8FF8DEC9F45D22DC3C2CA99C2728110888799575B6834BF
311
22B0F01EDE72D7F21B672C40F0A972999E2200B7C91403F9BB3D09C01990819238CBAE5E7510D7D57450507E3DB04AAA0A3C280064E0775380C8C16EEA4834346A04BF0CE847B4B3AF760D06D24BBB267C32E2C9257DE5EB748AD101AF1FD33265E2B674EED8C01A0AC901392211011AC810560F77778E85B13BAFE3E25C95
311
B70919A4862C15928BD8989664AD8638101D009A80F00BDC41AF27602A4BDA0C077E550048E7F1011410F01405045E1C140B4D0E70E0F6E034171C3D6FD12004FCC1FA304312518910356628A4A326EC9ADF5DFFD1B2C0399503F14B4F8E3E0E4E39A06ABCB56A8014687E86E462BDDE5124615ECDB412B7314F62E6E0C76A
311
DEC0F717B360E741960104CF1706CFA18E0605004B01AE007869B095ED92144A807841EFF2811C047889A04901C809062057192688C92346F97F279449F89B113500BAD282D1DA80A55C27EFFE02C8D4F395003F285B617BBF0831F49B055342DDDD414378E8888E92C16789F269A27C9A221FAA4A0DFDDB9F935B2ECC04DC
311
51481558A69301E0460B02665AC4DD30C03D480866C3409400051811876014C0F294C542821AB045011A3E3F09001FF304E3A0BED05CC11A811B865001769507FC01ADC611F400CF68C7B093606E30F3C7E0F00C1D10C31951C1E2D7252181DA00345842A19130715C736EC9ECE686A712FDB31E4D3E50AB336E5666D7B212
311
C0113C4A4406029709B43D0228F3FBAF49921B19CA0C82A2D5BC4A2079809240F37D3E10F9637607C3983F0458508A98B8B4EFC92AC13530180CF55359500080061DF59B98BB3FEACEE881DC8127F182A885A86FB12B43C590A4380504E32305E3148BBEEB2D2782029765428092545BA5C2C681FC5F8E869C0EE1034A822F
311
F09A12C94084505AA868080303473F8161F7AA0A6610745E280BE4427FB770106F8800EADABA19F453210435BDB2348471B13B65F2FCB554827632C4C44467333E4127095D22092ED492009930413251B5408345065065E415266E20279A40B3F520370BE2050C8360E6BB4601C1673B9BFE007EF5200B6483CD195400A783
311
E6DEA0653515B0FCE8E86D1618FC1EFC15C2E727F24F2A2DAB57326D8D0877D4E298894E7A0C3C7D9CE8A0E2D17AA2020FA1097D6372F2A9F955060FDD467AD0426368C24A8340FD0D6687A76316DEF5179ED9042005A2BF02A5DD810A4DEFA4A8F700EFC50FF4FB8C06410F0303C106ADF8852ACC6A2CA9046E9ED0707393
311
39857222CC009E206479886EA26227BF7A341A15C351A8404A6C10080A2140FA4B4E8D9B9A11645899332363FD69887F436A660566964250FD752E787B64BCF8E6C8190DF8EA0C854C062D8A5A1346F810414313E606ECA0AC3A01D6928544029D5F42E202C0CB386F880F7842A31287061F32F3CBE09F2950783394F2F2B2
311
3D85386C6F51943E99DD10C8A0000BA9569A14805693274BD0E4F4DC3F28E331EEA91C4F33ABE057889BFB92819187840A08E57A276A8BFCB75B0342668C70C565C8059996D209C2800941A21FB82B2F520BC2E6FE6F1A8827043DE17000DACC8193E78BBB8DF1467978C06F6AFE986123E3A95272CAC122046F4C65C4B88F
311
ED2F1CD1D918F7CDBF8903BF1A90057D42F4DC133AF804ACBB58446A0DB78806FC053FA1E45D0AF1112613CC0DD976C5E70AD3282F42725C0D02AC8588DE451B1C01ABF063E7748A3882F0DD484BB78D037F9812240EB88B6034C0AD53E5116D4C6D920C6A89F084E6D0598AD7EB6930CC7B293E27A666E5CDFE9A3FA52FEB
311
3C97976FDAAE9A60008FCA6B33099CF9880D35D419FC687D424378E3099441E110C5B3C6DC311E6653514A67A530D863326C4D8430E0C28024803B5B069B0E60C10EDB6DF087034171DF01F1F3404B27B1056D8C0E56E7CA6056E7798147BE4C2F01CED5987E413AC6A724876DE3F599E0601CE7B9CEF3BEB3671E12DCE8AF
311
9631B8031D3F360B6955DC2342B2A0E4632A00264C0DA002220CFEC3E10D9BADC8904D88DC51928593AA16C91DF6FFF82B3234404C7214D0F8608E0052283EFB2B0563F1D072936C4017706010BCF1B16CDE0C1FA9C777E44E1F5259B0C9BBC8794A82A6C182A3AF56B16921405351FDDC91B5BAAA617860E8D76C97C377FE
311
701A4EB4378FA97C2C8E3CC8950886C6FD93AF70A1F5F676B7ED16CBC56AF5D09110EEB8607CC08A795882358280DDB98AFFE7087C6EB593D62F041CDB4018935238E73F1098100D0C8769818F777057F64C703C6530E142FDF5C837AE1CF66C94C4887D3A3726AB990DEA248F73B5D32C8E04F6714B1E67C53FC52040252E
311
605B322407CBF8C7F05453462A295ABF4D95592DDD76AC23512E9A2DF964715C80DD752CA8E263AC36F02C3C28A133EB22AC8D099BDEFDE28C3E8FFEE3815D5D00C17C00511058354D62443C1A546280E43572A9C661A34FA5891F8E7570608C8DF21DF51DF9D2A84D4501F41B8CD4F4C9DEB2F901E810C0E4CEB6EC08DFB0
311
6341C864CF8D0EEE779A606545E1E64AAF30A4324C20FDD3BD558BD966BA994FA915CD162B1978642AD01694E533EC190368A68234657085B5F88E27A0805E04B8BB6A00A51646EE3C10A50FF007FF410F1963CA69BE2002F0F902E701AEC995FD41F83A3F0C3809A3288A083003A6CC2A20E6D703EE48E3777AC07ADD51EB
311
6101603A9FCF17B3D5928F6D742EE7E4CF38AE2B03C5FB39C81D7B2978FAFE85AF3D2710B0582C970F0FEB0E4D1103B8BE2B4D560CA10002FC8F334C891C07B44FE06B2E3ACE5E1E2D1FC32203110ABF9CA0E8381F68EC3C06701328E5A38278A5FCD944CEA5283DA933DF2A2448BD23F1C5D8BE04CC2DC3B43B3EEC29F8B5
311
FF926D11D3E97EBF7FA1BD1E5E5F5FE6D3D972F548547783146ECD84873F377C5820F7F9FCE5E07378D6CBCB7E036DF7F7104079A05B77C6942D1BA95D47424BFC3DB6411009A42E207871B7EE9B06614BBD20F22F7523FB985F3F7068E37600273A3ED0C1CCC380F6EC4AF01CC1CF95E4848B7BF950AD14C44F10460221E0
311
2D21D01DAE800F323704C00035DFE97CB37F797D3D1C0E4FBF35EE1E5E9E0E879FBF3DF6F474780A01FB3DAF01FE0C0798218007C2090A3008BA7682A338F4A8804A06CBFE6A80CEC766F49853F15B2F45FCEA3F8250012841315016E75E797EFEEC4ACA6C79F515CF1738F7C36E2406071051043817C9E8C5888D49D0332E
311
800062FF54FA562BF7446CC0BFDFBF8603D1FEFCC9F7FFB5A7F000430755C2D3F72F2D02A022820897ABDD44594475BDCCA4A10AF34C06B08B4AB58BBFAE30999DC66C7CE903A83CF8EB006EEEAA063430F84B05F0ECF644825F5E95073870E72A0771AB89B080022A0C5A9FAF34C89286257FB7BEA000EC65B59750C68E08
311
15B0D9834B15606328F80709DE09018AC2A7817F83F96DB3D562C10A0A31300230CD4200B87F85808BAF64D04600254047F9C14DE93464009E7F5AABB4FDD6D55142A2C0BF1541FCE19C20C899BF4F76AB54B84CB97F88F48ECC029FD253F0C70DF4816B9AC94BCBD653B1A283C4001A0337955E4AFED3FB790B6B1F5EA0B5
311
514074103A38D84280EE0F5F9BE974EAB2D16AB1EA969684B6E4166CA28264B300474C7308D20013B204A65F82970718D05678B3315D442E1C0A327E2F56556040C005D2FAB1326A68A07507C9E46A3648555A7080F5F50219A00E6222E3E0862CE95B5680930530742F1D041805E69B788161F015944D041182B861A2C17F
311
3AF01CF5BFDF6C343F9171F5B004BF59C016719164B888EA206A02AD05E8464D06B48E4381A0E9345FD171625AC22198F57C003BEA5510F81FF78D31C9B033D0030000000049454E44AE426082504B0304140006080800C482D55A28BB58AF800100009E0500003D00000038324534383135392D343932392D344244392D41
311
3734412D3538443044424135383338342F536368656D61732F436F6D6D6F6E536368656D612E786D6CBD544D4FC23018BEFB2B96DE15493C78601010A34B880709DEDFB52FD0D8B54BD70DF6EFED3AC0B12E6442E2716BFB3CEFF3D18E26FB440405EA8C2B1992E1C323095052C5B8DC842437EBFB673219DF8DA659866649
311
B798C078B48AE6410122242F2A4994AC7F93815DF85C049C8564CA0A901499DD886B2EB9B1E02448F358701A9235880C49A0119892A20C89D1B9FD768815CAD268CB5E0355B40B1E47F3E37A2020464BED06AA57CE8FCC20C3C3446D46761A2632A8C1283D07031EFF2AE7CCB1BFEEE916E406DFAC8E36FFD99A9D60A69440
311
90EEDC3B670C7DC13DE86B6B2C5C240D6E503BB85ACD579D513F1B9F9A69DC9CC22AFA80C426D40AF0B21EA168559156B6276F0F726A6BFF04DCD513A87A62CAD41FB24FCB2858B3952E3D852084DA25B9303C15687973CC8E8AAE11DF2836C38C6A9E765E8C1BA1BFB1DC29CDFE518C8B5A7655A4ED7E77291ABEB80DBD82
311
EC866ADE1B8D05AF9E35CF09D7A061F38A986D9EC412B8F0F65E5D81534D9B231D1E5A8FE577A241F3A5FD01504B0304140006080800C482D55A1004A04F380500005C1700003E00000038324534383135392D343932392D344244392D413734412D3538443044424135383338342F536368656D61732F47656E6572696353
311
6368656D612E786D6CED585B6FDB36147EDFAF20F41EC7F69A2005E214768278069665709ABE0A3445D9DCA80B44CA89F7EB7B0E2FBAC4B2A32643D10E33505411A9C373BEF39D1B2F3F3D27926C79A144964E82D16018109EB22C12E97A12943A3EB9083E5DFD7239558AEB07B6E109BDBA7C5CDC902D959360CE535E0866
311
DF07A7579733AAB85D5AF234E2C51DD5B081CA7A87DEE56E47E2D6689E735AD0947194500A22A249308DB6F82682A3782C52A141BD80E4E54A0A3609622A150F48C16994A57237097451C2DF462738529D3AC5FCFFB5B401988BC78824973CE1A9A628D91CB968BDBAC335B9A4BB379C6ABF5D2474CD7B9F773F7F78C349F0
311
55EF13FE2CF856F0A7379CE2BEBCCE6456F8E316A9E66B5E18E4AC77BF5812F5937FDEF0F5BFE3E3C785576D96659253EB54863A87AB5D98ADFEE24C3B8E38FE48BAE2C062631799EDC8BDDD833C6E88585B9287340B23AEA990CA49B1A473421E81F856D06D9125E45E6F001C4F7F85D6DECA8C6A835753A250DA50DF92F7
311
43409CBC3BFA4C6EFCE2618D302A0CEDDB264D93950002937BC66489A18D0A345DD650415124BE376A745EA9F0E016108E328D14C979C1302CD6BC0A4191B2C2C49112FFC0DB51401288D6A44C26C1B87A160AB6A11E5BD862514BE8B3DB750607BABFF6F781D6A74EED6EA7AC28FB3BA68C87AC94B2138A99DB41AE7147A7
311
1F56659287340123812054CAEC8965690A74E111C5BCA7260158B0963EC50C07E38FEDDFC5C5C70AB6A915F446D44E46C321E46087E23E221E2BC0DA6EB440EE6F44E80CE5AE2E2D2F31AD7AB71B8B139AF730773909401FE0D8DC3FCCFCC3D438DC1176062076C3CB4A9D953ACC72CA84867CDA0361E0910F4EF3B109A07D
311
332211C72556825745A215835F47678059E337068E3ACB0E2EA2B507175B0818FD1082EB4D26186F85BAD33464988F1420E1B9E43D522F8452A450106B04F01362BFF1B2BF5059B60F687C9F663A54396722163C7231012E7480FE916910E6572B6D8F4A54CBF92C5CD324A163C8508058D3F16A399B13B348C6830FB5FD47
311
257A1B8D2CF08253EE776B3A72D782D895363D96020B6C18D3C86359B3C6D45E728B4B9D716893D091E4D533045F495D2EFEF633FF5A660A520A5790765FE52E12F0AC82685E7FFA0398D65528850A132894DDE9F837B1DE48F8A74D487795A482C7122A6DAE377BDC5DC212A465ECD8B03E7E2E208EC88DD9DA89456CFBC4
311
77FB798C74389668AB1A75C820AB7568FCBE0B5F94DC9AFF0D038D9F77E49D45B8278FC7177D0DDCE732FA0BCDDB42720FA90E87115FF76375C5696F368AF83103F6A5911FFF03561EE06AD10ABE933AA9DEC398588888137017449E09C377051FCAEED1E8BC3BFA9CB27DA2CFDBF533459F374FC0C4FDECCBF3E06CDC6874
311
E0710421EEAA6CEDBFEE60EB913607436C3F5BBF713F6F42253B9A4A0FD64C08416FA986EB02254B1846D82E7CE2584EBE31E340E9A8247483F07D5B84AE3A5AE0D4C5B202EE585468BA84105B1F5EC00C16FADB133FB7399F390FCF245CBF9027A137FD26D1D651058D44D9B331A93985CAC2046CB4ED9E0314977128A42C
311
13DB06879A273052525D16BE833B8706BD1269FA69F2B9B109BB55D30D37679986D85848B86F026CF21E74809100180B0D280C36F6015A7DFBD06AEB6F8D503BDCD7DD6DABBBEF54E1FF5EDF0E3AD53C03509B5B816FE9F51BC8026F44DAB82BA989F200C4220B24166C3037854094FD46C5648D9C42F8B07E53687D824917
311
FED3CE56F3FBA68BE3C6853FCD64F4A00BB85831B1243346654A134805AF5CF39A9DFE22C9906A6EAFE8303A5F4AC4FBE637489CB62EA59B9D529255F326CCC28ECB77F812A7D6E63DF957504B0304140006080800C482D55AF702076DC3010000E60400004500000038324534383135392D343932392D344244392D413734
311
412D3538443044424135383338342F536368656D61732F52656E6465724D6174657269616C536368656D612E786D6CA554CB4EC33010BCF31596EFF405481C9AA2A64851255E4A816BB438DBD4926347B15BE0EFF1236982021512B925E39D9D9D59677EF3510A72C05A7325233A1D4D2841C954CE6511D1BDD99E5FD39BC5
311
D97CA9359A0DDB61098BF9CBFA961C4044344599637D0F066B0E22C074BC98C7A0319C58A9B254B2435ED23BC2F388AECB4A6089D280B18D139496815152EDDF046711DD82D048498D902B293E236AEABD7DF74D5D839F69EE1D9F48E1F3BF448FC9E6BF144F351E38BEFF9D662D0D16587B77825FAF2195BF515C395B563B
311
C5197A0AE68DCF363BA831CF7C7C8D7F0DA23D42898037B451BA833673DA92BC82D87F636ACFFB0CEC96F4EA30EF9A0FEAB85D91CAED89348D80E9B178DDC3ACFC71D06F2528A182138DD8672E4DC6DC57CF91467432BA985E4DBE3DB399079353607C0A5CDA0B70D4E65A122FA41BAEEF6C272908D315B076451BD55EB0FF
311
9E092E11ACF8C6B5306028F9D5F15EB95426D31532BEE5D6EC700FBA0C1E94211D7ADC8341143D429D2671564059C2EC72108B4EE3847890CC4697DDF8A708DB01FD7AD8209A41EFC2DCFD7063A504821C7869545188D6C16DF801342CCE6B276363DC8EFA4AFD0E86ED0677C3B77747C7FD3FD617504B0304140006080800
311
C482D55A92A7672551000000570000004700000038324534383135392D343932392D344244392D413734412D3538443044424135383338342F4173736574446174612F41737365745461626C654F66436F6E74656E74732E62696E53616060303737337375B134D535763337D435317535D5B5743672D17572333175747636
311
307271361502AACB4D2C492DCA4CCC492C28484D2C4ACC4B4E050A82012F90744FCD03CA26072767A4E6260200504B0304140006080800C482D55AC55C663656000000680000004500000038324534383135392D343932392D344244392D413734412D3538443044424135383338342F4173736574446174612F5374726561
311
6D56657273696F6E5461626C652E696E665D8CBD0A80300C06F73E4B29FE6CDD8A2E82A083B8B7F209014925C9FBA3AEAEC7DD2555D896CB85E51C2A1BD834F6A1F56EC4494C4695278364ABB24ABD2146F88CCEBB89D5321FF8F3F43D672A3B44DF3CB6A1710F504B0304140006080800C482D55A57DF2D5A37010000A204
311
00003600000038324534383135392D343932392D344244392D413734412D3538443044424135383338342F4173736574446174612F636E782E786D6CCD94314FC3301085FF4A6489317612890A2AC71582A51348540C6C57E7D25A75ECC8BE20F8F7D86D0650115387AEA7EFEE9E9FFC4EAE3E075B7C6088C6BB96D5BC6205
311
3AED3BE3762D9BA82FEF58B15232784F3F30563818B065B9CC94DC053F8D73A9C31E269BABD6B8C35C7C881169035B8BCFFDA377848E222BB485185B16F51E07E03091EF301E780704BCE601A39F82C63489CC80F3241D10083BA69AAAB92DAB45D9D49B7AB16C9A6575FF2E452695DC7A6F67DEA465C18F374DA54F7B99AA
311
A4C88092533033955FC3D45F2AF9D6382912A964A4905C993BE86B4C1D308ED668A0649EF09A90CA04210C529C60254576E197174FD81B6772CB3A4903F2E12509C44006AFD093FFD45EDE9BB58B044EE3353B72AEF1F23EBC1E7FD1DB2996C7DC5C5F5ACE3572E3FA0B64451CCF498A4EBE2EEA1B504B0304140006080800
311
C482D55A30C7C266E6000000600100006700000038324534383135392D343932392D344244392D413734412D3538443044424135383338342F5265736F75726365732F37373636454439352D334637312D343545352D394332442D4246343541434330324443352F7468756D626E61696C2F302F636E782E786D6C4D90C16E
311
C4200C447F2542EA31812075D5AE08FB137BEAA5A2C49BA2058CC054EDDF175A0E7B1A6BFC6479465DBE839FBE2017877163EB22D804D1E2EEE2B1B14AB7F9854D17AD32223D606C8A26C0C6BACDB43A32D634AC1D6EA6FAEE7A17EFC33C204276F63DC5834DD69B523656EC2704B3984AB843B92FBB21B3AC4B8682355B68
311
07C80518076C0643B0332D857C9EC56996EB753D9DA53C8BD737C53BA9D507A21FBC8B0419D3931416DB18DB3F42F10E6855B31B540FC1F4C3738AB7A5568572CB3F20FA490D322979670DB59A385A029A1B042628FE0F6BC57BDE267F6534EDDDE85F504B0304140006080800C482D55AA233C2345D000000800000006500
311
000038324534383135392D343932392D344244392D413734412D3538443044424135383338342F5265736F75726365732F37373636454439352D334637312D343545352D394332442D4246343541434330324443352F7468756D626E61696C2F636E782E786D6C4D8B490E80201004BF42E6EE76F3C0F216234B883063108C
311
CF170C074F95AE5473F5C4C06E932E4F28601967600677D21E9D8092EDB002539227A2FCCB80E1168D80A6417297A89C5D6963B7129A0D1E8F2EE73AA7B62BBEB8B27DE50B504B0304140006080800C482D55ABE89762363000000880000005B00000038324534383135392D343932392D344244392D413734412D35384430
311
44424135383338342F5265736F75726365732F37373636454439352D334637312D343545352D394332442D4246343541434330324443352F636E782E786D6C4DCC3B0E80201004D0AB90EDFD75167CCE820A4A845D83603CBE602CAC26799919AEEEE0D965E2E908050C6D0FCCE04C8BC355404EB6198129C92351FAD580A1
311
0E464065907C8D948F8F166375F655BDC3FDC3B4E530A176BE7057BDC43B2A593FE403504B0304140006080800C482D55A7B1F47C77F000000A30000003600000038324534383135392D343932392D344244392D413734412D3538443044424135383338342F5265736F75726365732F636E782E786D6C4D8CD10E82201846
311
5F85FDF7949A486E802BD0F770898E89D0485A8F1F342FBAFAB6B3EF1CD67D368BDE3ABC8C771CCA530148BB879F8C5B38C47DC657409D60C1FBFDEF06C88D9BE6903108B6041F9F079AF43C469BA9356E3D20A54DD3AB96E0CB404B5C939EE056560ADF879ADCA42C2A254932CE5949F3EBA5CD79F105504B030414000608
311
0800C482D55A7B2E76440B010000550300003400000038324534383135392D343932392D344244392D413734412D3538443044424135383338342F536368656D61732F636E782E786D6CCD93314FC3301085FF4A648931B163890A2AC71D1898588089CDD8D7D6AAE38BCE0E827F8F1D32B4121B0CDDECA74FA7F79E7D6AF7
311
3986E60328798C03EB3BC11A88169D8F8781CD79DFDEB166A71521E6338C35D18C30B02A33AD0E84F3B44A0EF6660E550D3E9E56F101C711E38B3DC26858638349696069B97666CEE8209D3A67B2E9FA8E20E14C16CA84EC475827580293C1312D85BC6DC5A695FD6BBFD94AB915F76F8A5752AB77C4B0F23E66209C6EA4B0
311
588EB118128A5740AB99FC4AD5144C9FBBEB4A1F8A1742AB94A9B4B092F96B2AA499A6E0ADC9A52CBE803F8C56BC86BD88FC0811C8DB6BCD7C61EFDF423F4374404FE5A5C89B70ADD97F73F9B70AF8B201E51BD485D0DF504B0304140006080800C482D55AE3603EBE7A000000C20000002C00000038324534383135392D34
311
3932392D344244392D413734412D3538443044424135383338342F636E782E786D6C6DCD410EC2201085E1AB90D9DBEACE05D09878023D01A1D34A8419C380F1F82DA68B9AB8FDFEC93C3D7C52546FCC12980C9CBA232824CF63A0D9402DD3E10C6AB03A3397DD192872090D3406ABE7CCF5B5D18893ABB1690CF4DCF02282
311
E5EA8A5BB96FFE536F285CB347F95BEFFE81C9ED5AFF9D5B1FB575BB00504B0304140006080800C482D55A57277FAC7E000000A300000007000000636E782E786D6C4D8C410AC3201444AF227F6F9BA44ABFA006833D48684C90265A6C2C3D7EB564D1CD3C78CC8CEC3FDB4ADE2EBD7C0C0ADA5303C4857B9C7C5814E47DA6
311
08A4D732C5B8FFD5808471730AAA062D9714F3F350939BC7BC56BBFAF038247637862D179489AEC460053557662847DBD8C170BC202B8B739D14FCFE0AEBBDFE02504B0304140006080800C482D55ACA1DF9C9A900000073010000130000005B436F6E74656E745F54797065735D2E786D6CA590410EC2300C04BF12E5DEBA
311
70400835E500FC800F84E0B411AD13252E2ABF27A55740421CEDDDD9B55CEFA7A117778CC979527255565220197F75D42A39B22DB652EC9BFAFC089844F65252B2630E3B80643A1C742A7D40CA8AF571D09CC7D842D0E6A65B8475556DC07862242E78CE904D7D44ABC79EC569CAEBA537E3521C16DF5CA5A40EA17746733E
311
0B6615DE7217475F386F18B9481C510F1F021CD9FF027EA0E1F5C4E609504B0304140006080800C482D55A3DEE336E64000000790000001B0000006175746F6465736B2D64657369676E2D7061636B6167652E786D6C35CBC10E83200C00D05F21DCA56CA76D41FC96062B120735B69A7DBE268BB7777961F8D5AF396893C2
311
ADB70FE7ADA196782C2DF776D7A97B5933C430F15651E5469C55D70F80A4992A3ADC954792C525AE70A1E4D6AD9816CC044FEFDF01FE3FDE907802504B0304140006080800C482D55A420D14FAF9000000960100003700000038324534383135392D343932392D344244392D413734412D3538443044424135383338342F41
311
73736574446174612F636F72652E786D6C85504D6F842010FD2B863B0A54ADBB41365AEB2FE8A93702AC25BB82E1A3E9CF2FAC36694F3DCDE4CD7B6F661EBD7CADF7E25339AFADE9012E11289411566AB3F420862BEC407161D4591B7ED14061F8AA7A9061C0E8E26CDC0E48581394C9A8B1521D20F75E0550887B6A7AE0C5
311
875A79C963480C7F2B372E6E7C51252E771EA3316A7948B54C6EFAAA95038C90A1394DF30BC4ED38C17A9C101C9E1B0C5FE7B143DDA9AEC779A25516331AF4FAB35D38C58392498F4803510B097EC3ED9990333ABDD32A3319F5C1A59F8FA5F93BC0867CF5C403A7D53EFDE31A37F9BF6BD4263C91C3755778C0703AF23160
311
B4CA29A5F28830D59C28FB06504B0304140006080800C482D55A57738B95F40000008E0100006800000038324534383135392D343932392D344244392D413734412D3538443044424135383338342F5265736F75726365732F37373636454439352D334637312D343545352D394332442D4246343541434330324443352F74
311
68756D626E61696C2F302F636F72652E786D6C85504D6F842010FD2B863B0A54AD6E90CD5AEB2FE8A93702AC25BB82E1A3E9CF2FAC36694F3DCDE4CD7B6F661E3D7FADF7E25339AFAD19002E11289411566AB30C20862BEC407166D4591B7ED14061F8AA069061C0E8E26CDC0E48581394C9A8B1521D20F75E0550887B6A06
311
E0C5875A79C963480C7F2B372E6E7C51252E771EA3316A7948B54C6EFAAA95038C904BD34FF30BC4ED38C17A9C10BC3C3718BECE6387BABEAEC779A25516331AF4FAB35D38C58392498F4803510B097EC3ED899013EADF6995998CFAE0D2CFC7D2FC1D6088563BFAC72D6EF27FB7A84D782287DBAEF080E174DC63C06895D3
311
49E5115DAA3949F60D504B0304140006080800C482D55A22C325F8FA000000960100006600000038324534383135392D343932392D344244392D413734412D3538443044424135383338342F5265736F75726365732F37373636454439352D334637312D343545352D394332442D4246343541434330324443352F7468756D
311
626E61696C2F636F72652E786D6C8550CB6E833010FC15E4BBC1768142641C8552BEA0A7DE5CEC102B60233FAA7E7EED40A5F6D4D3AE66676677879EBFD625FB94D629A33B80730432A92723949E3B10FC1536203B336A8DF1BF6820D37C951D48306074B6266C073419EDA54EA836421E20774E7A904D4B6C3AE0A69B5C79
311
CE838F0C77CF373EDDF92C739CEF3C464350E2902A11DDD455490B182197AA1DC61788EB7E80653F207879AE307C1DFB06356D59F6E3408B2466D4ABF567FB6425F752443D2215443524F80DD727424EA87DA7456232EABC8D3F1F4BD37780F95B583F34570B2DF6E91FD7B089FF5D83D2FE891CAEBBC20186E3918F01A345
311
4A29964784B1A644D937504B0304140006080800C482D55A5C453E1E0E010000B10100005C00000038324534383135392D343932392D344244392D413734412D3538443044424135383338342F5265736F75726365732F37373636454439352D334637312D343545352D394332442D4246343541434330324443352F636F72
311
652E786D6C8590D16E832018855FC5708F0215AD0DD2A8E813EC6A774469475AA11158F6F883D625DBD5AE7E7238878FFFB0F3D77ACF3ED5E6B4352DC039029932B35DB4B9B620F80B3C82ECCCD966ADFF65039991AB6A41920167D7CD86C72ECDD67865926AECA276513AA73CC8E67B3CB4C0CD1F6A95B90C3E3ADC2D7FC8
311
F926AF2AC7F9CBC759087AD9A37A89AFE98B561BE08474B411D30071D50B58F602C1AEA6188E537F44C7A62CFB49B0228539F37AFDA1CF9B925E2D318F0885A88204BFE1EA44C80935EFAC484ECE9CDFE2CE3B346D07785D57D5281A0A0F538D6149470A9B8108D84F25ED860111315056BC827F80E1B1FC0F0CDAF803D981
311
AF84031CC7FF3F2F382B5281713CDB8D3395CDBF01504B0304140006080800C482D55AD65173A7FA000000960100003700000038324534383135392D343932392D344244392D413734412D3538443044424135383338342F5265736F75726365732F636F72652E786D6C8550CB6E833010FC15E4BB01BB4049641C85523EA0
311
EAA937CB6C889560233FAA7E7EED40A5F6D4D3AE66676677879DBE967BF609D629A33B44F21265A0A599949E3B14FC05B7283B71668DF1BF6828D362810E251871365B13D61D92467BD009D566821D14CE814799BCC7A6434E5E6111B9083E32DC2D5F85BC891972926F3CCE4250D32E55537453170516714ACFF561185F30
311
69FA0157FD50E2F3734DF0EBD8B7657BA8AA7E1C5891C49C79B5FC6C9716848729EA4B5AE3B2C194BC93E648E9B13C7CB022313973DEC69FF7A5E93BC4DFC099602538566CD33FAE619DFE770D4AFB27BABB6E0A873889473E069C1529A5581E11C69A12E5DF504B0304140006080800C482D55A01992BF6F8000000940100
311
003500000038324534383135392D343932392D344244392D413734412D3538443044424135383338342F536368656D61732F636F72652E786D6C8550CB6E833010FC15E4BBC1768142641C85527EA03DF5666187580936F2A3EAE7D7062AB5A79E76353B33BB3BF4FCB53CB24F699D32BA03384720937A3242E9B903C15F61
311
03B233A3D618FF8B0632CD17D981040346676BC27A4093D15EEA846A23E40172E7A407D9F4884D07DC74930BCF79F091E1EEF9CAA73B9F658EF39DC768084A1C5225A29BBA2A690123E452B5C3F80271DD0FB0EC07042FCF1586AF63DFA0A62DCB7E1C6891C48C7AB5FC6C9FACE45E8AA847A482A88604BFE3FA44C809B51F
311
B4484C469DB7F1E76369FA0EB0B7ED4E478B7DF6C733ACE27FCFA0B47F2287E7AE7080E178E23660B44819C5B205186BCA937D03504B0304140006080800C482D55A24191F8401010000D80100002D00000038324534383135392D343932392D344244392D413734412D3538443044424135383338342F636F72652E786D6C
311
95914D6EC3201085AF8266EF1FB09DE20813394A6FD05577D44C5C94182C03558F5F5CBB6ABB6B37801EDF1B7833E2F43EDDC91B2EDE38DB01CD4B206807A78D1D3B88E19A7120272916E7C20F0C88551376B0CA20C5B8B838EFD2E06C40BBAAD669DC45E53D0620C33D1D3AF0C32B4E2A573124C2DFF2590D3735624EF38D
311
932298E9CB3A2CA8026A90AC644D561E32469FE8E1C8D8B16C9F45B19252446343C5F6C7707A414DDC1C5224904D258AED3A61D1E81D323A7DD25C0D2E20397BAC396DDAAC6E595ACE9736EB1FEA3E6BF8A5BC9CFB8657BC4E4592590A1F96D49ABDC8DA84BFDA37E3AF6871D6FF8CB6393C48FA1DAA58FB2C45F13984B4AF
311
33911F504B0304140006080800C482D55AE097633907010000B201000008000000636F72652E786D6C8D50CB6E842014FD15C21E05AAD6992093B1D62FE8AA3B2A8C4346C1084CDABF2F8C3669775D5D721EF71C2E3B7DCE13B8ABD5696B1A48320C81328395DA8C0D0CFE826A084E9CADD6FA5F32088C985503130C391B57
311
1B961D1AACF1CA24D458A9765038A73C04C3141F0D74C355CD2213C14785BB658B186E625419C9361D675ECF3FD66155C22B0939C5B444B84294BC91EA48E9111FDE599E949C85A0E51EA5654CD717ADD668A1E7F2D0F52F88546D878AB6C3E8FC5C12F4DAB735AE0F45D1F61DCB939933E7D7F8E77D49ECE98113F794CBF2
311
8DE2ECC3DA6917C4521258337D418E599E883FA5C322FF515A1BFF44F7859BC3414E62A1071183D305E3789C37CE746DFE0D504B01021400140006080800C482D55A04EAC6360E010000A80100004F000000000000000000000000000000000038324534383135392D343932392D344244392D413734412D35384430444241
311
35383338342F4173736574446174612F446566696E6974696F6E4974657261746F7250726F706572746965732E62696E504B01021400140006080800C482D55AAB6EBFDC070100003002000045000000000000000000000000007B01000038324534383135392D343932392D344244392D413734412D353844304442413538
311
3338342F4173736574446174612F496E7374616E636550726F706572746965732E62696E504B01021400140006080800C482D55AB5A795FFE3790000DE7900006B00000000000000000000000000E502000038324534383135392D343932392D344244392D413734412D3538443044424135383338342F5265736F75726365
311
732F37373636454439352D334637312D343545352D394332442D4246343541434330324443352F7468756D626E61696C2F302F67656E657269635F706E67504B01021400140006080800C482D55A28BB58AF800100009E0500003D00000000000000000000000000517D000038324534383135392D343932392D344244392D
311
413734412D3538443044424135383338342F536368656D61732F436F6D6D6F6E536368656D612E786D6C504B01021400140006080800C482D55A1004A04F380500005C1700003E000000000000000000000000002C7F000038324534383135392D343932392D344244392D413734412D3538443044424135383338342F5363
311
68656D61732F47656E65726963536368656D612E786D6C504B01021400140006080800C482D55AF702076DC3010000E60400004500000000000000000000000000C084000038324534383135392D343932392D344244392D413734412D3538443044424135383338342F536368656D61732F52656E6465724D617465726961
311
6C536368656D612E786D6C504B01021400140006080800C482D55A92A7672551000000570000004700000000000000000000000000E686000038324534383135392D343932392D344244392D413734412D3538443044424135383338342F4173736574446174612F41737365745461626C654F66436F6E74656E74732E6269
311
6E504B01021400140006080800C482D55AC55C6636560000006800000045000000000000000000000000009C87000038324534383135392D343932392D344244392D413734412D3538443044424135383338342F4173736574446174612F53747265616D56657273696F6E5461626C652E696E66504B010214001400060808
311
00C482D55A57DF2D5A37010000A204000036000000000000000000000000005588000038324534383135392D343932392D344244392D413734412D3538443044424135383338342F4173736574446174612F636E782E786D6C504B01021400140006080800C482D55A30C7C266E60000006001000067000000000000000000
311
00000000E089000038324534383135392D343932392D344244392D413734412D3538443044424135383338342F5265736F75726365732F37373636454439352D334637312D343545352D394332442D4246343541434330324443352F7468756D626E61696C2F302F636E782E786D6C504B01021400140006080800C482D55A
311
A233C2345D0000008000000065000000000000000000000000004B8B000038324534383135392D343932392D344244392D413734412D3538443044424135383338342F5265736F75726365732F37373636454439352D334637312D343545352D394332442D4246343541434330324443352F7468756D626E61696C2F636E78
311
2E786D6C504B01021400140006080800C482D55ABE89762363000000880000005B000000000000000000000000002B8C000038324534383135392D343932392D344244392D413734412D3538443044424135383338342F5265736F75726365732F37373636454439352D334637312D343545352D394332442D424634354143
311
4330324443352F636E782E786D6C504B01021400140006080800C482D55A7B1F47C77F000000A30000003600000000000000000000000000078D000038324534383135392D343932392D344244392D413734412D3538443044424135383338342F5265736F75726365732F636E782E786D6C504B01021400140006080800C4
311
82D55A7B2E76440B010000550300003400000000000000000000000000DA8D000038324534383135392D343932392D344244392D413734412D3538443044424135383338342F536368656D61732F636E782E786D6C504B01021400140006080800C482D55AE3603EBE7A000000C20000002C00000000000000000000000000
311
378F000038324534383135392D343932392D344244392D413734412D3538443044424135383338342F636E782E786D6C504B01021400140006080800C482D55A57277FAC7E000000A30000000700000000000000000000000000FB8F0000636E782E786D6C504B01021400140006080800C482D55ACA1DF9C9A90000007301
311
000013000000000000000000000000009E9000005B436F6E74656E745F54797065735D2E786D6C504B01021400140006080800C482D55A3DEE336E64000000790000001B00000000000000000000000000789100006175746F6465736B2D64657369676E2D7061636B6167652E786D6C504B01021400140006080800C482D5
311
5A420D14FAF90000009601000037000000000000000000000000001592000038324534383135392D343932392D344244392D413734412D3538443044424135383338342F4173736574446174612F636F72652E786D6C504B01021400140006080800C482D55A57738B95F40000008E01000068000000000000000000000000
311
006393000038324534383135392D343932392D344244392D413734412D3538443044424135383338342F5265736F75726365732F37373636454439352D334637312D343545352D394332442D4246343541434330324443352F7468756D626E61696C2F302F636F72652E786D6C504B01021400140006080800C482D55A22C3
311
25F8FA000000960100006600000000000000000000000000DD94000038324534383135392D343932392D344244392D413734412D3538443044424135383338342F5265736F75726365732F37373636454439352D334637312D343545352D394332442D4246343541434330324443352F7468756D626E61696C2F636F72652E
311
786D6C504B01021400140006080800C482D55A5C453E1E0E010000B10100005C000000000000000000000000005B96000038324534383135392D343932392D344244392D413734412D3538443044424135383338342F5265736F75726365732F37373636454439352D334637312D343545352D394332442D42463435414343
311
30324443352F636F72652E786D6C504B01021400140006080800C482D55AD65173A7FA000000960100003700000000000000000000000000E397000038324534383135392D343932392D344244392D413734412D3538443044424135383338342F5265736F75726365732F636F72652E786D6C504B01021400140006080800
311
C482D55A01992BF6F80000009401000035000000000000000000000000003299000038324534383135392D343932392D344244392D413734412D3538443044424135383338342F536368656D61732F636F72652E786D6C504B01021400140006080800C482D55A24191F8401010000D80100002D0000000000000000000000
311
00007D9A000038324534383135392D343932392D344244392D413734412D3538443044424135383338342F636F72652E786D6C504B01021400140006080800C482D55AE097633907010000B20100000800000000000000000000000000C99B0000636F72652E786D6C504B0506000000001A001A00210B0000F69C00000000
310
504B0304140006080800C482D55A000000000000000000000000370000006662782F31383731314145442D304138372D343837362D383933392D4543303043333138373035312F617474726962757465732E62696E504B0304140006080800C482D55A000000000000000000000000350000006662782F3138373131414544
310
2D304138372D343837362D383933392D4543303043333138373035312F76657274696365732E62696E504B0304140006080800C482D55AF270F1330600000004000000360000006662782F31383731314145442D304138372D343837362D383933392D4543303043333138373035312F747269616E676C65732E62696E6366
310
60600000504B0304140006080800C482D55AB5A795FFE3790000DE790000420000006662782F31383731314145442D304138372D343837362D383933392D4543303043333138373035312F7265736F75726365732F322F305F67656E657269632E706E6701DE79218689504E470D0A1A0A0000000D49484452000001000000
310
010008030000006BAC58540000000467414D410000B18F0BFC6105000000017352474200AECE1CE900000192504C5445818181B3B3B35A5A5A4848486060605C5C5C6464648383835E5E5E6262624E4E4EAFAFAF4A4A4AB5B5B54C4C4CB1B1B1858585B7B7B7585858ADADAD7C7C7C464646787878ABABAB747474A7A7A768
310
6868707070B9B9B96E6E6E6A6A6A8B8B8B666666545454565656A5A5A5505050A1A1A1BBBBBB8F8F8F9F9F9F4242425252527676764040403E3E3E9B9B9B7A7A7A8989897E7E7E9393939797974444448787873C3C3C727272BDBDBD3A3A3A6C6C6CA9A9A9A3A3A32020209D9D9DBFBFBF8D8D8D9595959191912626269999
310
992222222424241E1E1EC1C1C1282828C3C3C32C2C2C2A2A2A2E2E2E303030C5C5C53232321C1C1C363636383838343434C7C7C71A1A1A0E0E0E121212484A484C4E4C1616160A0A0A4A4C4A787A781414147C7E7C9193915E605E464846838583878987B1B3B18587856668665A5C5A626462818381A7A7A5A3A3A1B1B1AF
310
ADAFAD7072705C5E5C9D9D9BABADAB7E817EB7B9B7585A58BBBDBB4C4C4A8D8F8D747674B5B5B3B7B7B59FA19F606260ABABA9A5A5A39B9B99A9A9A78F8F8D6C6C6AC7C7C5451AD12700002000494441547801DCBD89771BD7B5A70B8EE04C702641712605CE034890E220088028C93245451215B713AF388E7DFD9EEDB8DD
310
CE6ABFF4B57D97137BE50FEFEFDBA74049B6AEED74869B7E87404D2814EBB7F76F0F67A8835CEEBFA0E42B854AA5B2BB5B6BCC951A8D52A93657A914FE0BEEE39FFE2FF395B9B9C6CAD2D4C4606F4B7FFF8D1B37EEDCB97587F7CD9B4343BD134BABE7DB48E3FFA7A228ECD6F6574E4786C0FC8B5FFCE2CD5FFCE297BF7CF3
310
CD5FFC92B52FFE58BFF9E69B776E0EF5F79E55CBBBF9FC3F5D3DFFB07F5898ABAF7CDA3B74E74EC0CE20230561BF096E97E05712BFFCC59BC80539DCE83DDD6E54FE61B7747DE17FB8980BBBFB2BBD4337DF487881AAE6C5ACC6AF25207877B2B527BFF1CB3B77FA47561ABBD7F7FA7FE146A5B6BD74E3164C7F51449AE95D
310
B412200EC539418717E7F2F11B376FF62E95FEAF1442BED0581DBCA1BD2780D23F506AFA16E1A7AD974EF17876F00DD7BCB187A1A97AE51FCED5BF2BC1F2BBE5B3C19BE27B43CF26DE00933658FE129B109C2FFF922CC22C4260FA01BEFB462A77DEBC35F42F600C3F5B0795D2E9E02DAD5E650B4438A92801B65C35CBAB7B
310
1EE5041CE69D3B6F1822DFB873EBD6AD3B6FBC71EBC6C86AE967DFC2DFA4CEBFF1BF54F6276EBC114E2F43FEC60B01A0D440A868B2920E5C4BC10D60931ADCB871F3268B21D3851B08E1D6AD9BFD4BF57F7577909FAB86F29B982571136AF01DF5FE32AC3BD9406CAAF2440A54CF176EDD01FBADA1FEFEFE21FE4C9858DFF4
310
183458A9FD2B6708A5A5A137E0EE1D11A9EC0C7C58B2C73C0AD6B479BD76B7790CF899E287FA5B06FB7B07C9195B7851FA8794031EF1FC5F9406BBFB23375420286399B631E93B08022A785C4DBF9996EC3551874094D71B6F487E80F6837E50F483BDBDBD83232323AC420A18C68DA196EDDADF68A77F938F78FD972BABBD
310
B7B87FB164AC6FC2CB760365821ACB74AED44FFAD7E7431ECD7E08AC421F391D199998989A383D9D98E8E56F84A318C58D9BFD2DAB73FF5222C8EFAEF4DE7AF30D756E5108683DA471E70D0502099A7240F19E4089D3FD203E620F1B47BF43501E85031AE44B4B9F2E4D2D9D4D51D8970983FA861B3706FF950CA170DE82F6
310
B312CC4F42C8966295F7D725ED29882415DC055F36DEA1FE96FEC141493F05FAA9A9A5A595B333DED5B3D5A533F62183323032F46EFF13EA0AAFA5FBF7C8976F8C10F7280A014832593B90004D52341980D907EAEB73411EB2F1EBC9F507F92746C40E7AE0AFAE54292BAB2BAB67CAE0746264A277B06508168C94BF772BE9
310
765F7BF0B548FE1E07F3B5A521340A5CB5297C4B12811B89E82191ECF3E41B3259C529F135E23CF4C7F961FB13537F5A02ECCAEA76B5BA5D3D3FDF3F2FEFEFB3AA22053E5008833428DC6C59FA2F770595F311F235D427F379BB8A121BD901B96076A388DC4C3C61C7933CCCD770FF375A6E0CE9F535FE2534BF5ADD3E3FAF
310
D71BF57AA951B6D4CFEBFB8864758A26154430080B06ABFF557610ECC93726224F155D1471041E0D42F82F4891C926C1355B0831649FF365F46FF05300A7A790BD8ADEEB0D4AA9569A9BDBADCCD56AA55AE377F5F3F3EA2A34983A1DE91D810543138D7F28E57FF4E2B5335A3928B76EA1CB9B00BF158C8F63A2E788826896
310
D0B5E7C461949ECE089144F8EBEFC7FB4D8C9C4E9DAD60F7FBE572B416C2F2423ECF8B86C439E450DA970634ACFDA977629098D0B2FAF313A36B3869E37AF7853378CDA1171FBEBA95DF1E44FD5144A420588641B0055A79ED91CC0DC41E27064512FB33F1F04D09D0D2DF0203A646A6CECE80DF28356A348CED8C4F1EF137
310
B9319E1BCD29867CA556AA97F7B757567006A447FD375A26CAAFDED9CFDCFB2BB0BEEE8AA5911BC2C7F85DF88A3775389990AA72219D582409210F85A4E66F2987D875C30848023088FDF77E87F96FD7CBA5B9DCCEF4F4C9FC7C676777577B7B7B67E7ECCCE4E8DEE85E81A6D55AA3BC7FBEB242589CE8ED4770E785D7DDE2
310
3FF2587EBF57F50B9E820527316488E5C32D50F979BCA58207297E2B6D658702FFCD211840FE43FC9F3A5BAD9E97E6F21B9FCF16BBBB3A3A5A175B5B1787875B5B3B86DFEFFC687A72674F19D46A8DFDF3EACA59E405375ACE76FFA922C817CE86A89BDD92F400F2C55B7462F610459837D3A61ACF50C7471C8F2F2A9D38C3
310
DA2F068007F80EFCDBFBE5DCC674B1D83EBCBEB8BCBCBC3ED0D3D333D0B3DE33BCBEB0D8DA35FBF9F8CECE68AE020BCE61C112A4C1138CD47F9AD13F7DC6AB9CF9CFCFAF9D0E01FFE6CD503F5B91C5218E2899CA15098714848B04FCE5654884ABF0E554F11F6C21D73D5D5AADD64B7B9327DDAD8B0B7D7D6D6D07070763BC
310
0F3E38E8EB4310EBEB8BC3DDB347E3E37B5842B97C4E44A0C630427E5CFDFB71E03F471E12CA9FF70E055AE141042DD81234B879EB4606361D9328149037D7D76A571A7E974FA20AD0323832713AB5BA7ABE3B3E3D3FBC30307070B0B9B645D93C3CDC3CDCA41CFC6AAC2D64D0D579B4B1B397A7C1BDBEBD7D36657A3CD4B2
310
F44F4909F2B9CA597F4245C59DEC354316F0587020D0C661742BC02869435FD12CF195C422DB3C5A3E2305C000CE6B7B27ED8B7D63079B5B5B878787C787C7C7C757C76C51B60ED60EDAFA06D67B965B3B672677080BB5329E60E9B477847AE2E9EB53E35779FD37EFCD2D0DDD68AA355B6B0D81860502B8B68C801F5C697E
310
9AD62F4B406244CB975560BAC756AAA577675B07C6D03778C17E7C95CAF1B3ABABE3E3ADADE3CDB1B1B6B681014470343EBA979F8B90383545727C63E43549D14FD0F927E5F1FDEFD7263058FE02EBCD1BDCBCA053496BD58E69BC44F9F854D4D979AE9ADB908824382AC1D4014E9756EAF9CE85B6B54DB01F02F8EA5908E0
310
D9D5F1B3E72188C3C3AB67879B07C8A0A767B8B831FE5E7EB754DEAE5261460243FFF07858D8EF0D658BDC563A2C5EF5833C13C90B69248C4DD97842B61DFA7F210A2F6108A0F96B62E2D3B3F3DD939EA47E30ABF5AB2B903F4BE5F9B36757CF65021E616DAC6F60A1FB647274B4B05B2E5341B082D43278F67D8DFDA48AFF
310
9A13F22B34C7586C9992BA6E66CABC190E313E7C811AA57304B421A75B289B9D174CC868C24548823E230B9A5A2DCD2CAFE1F98E61C015CA7E96B083FC59F3ED06EE60F360B3AD6F79787ED278D0A86FAFE00BA9220EAEFE1D5DE1F7855939C3FCC1332426B377F692406E022C010DB437EF009803F0DCFD3B7C94440571D8
310
F2C328F115F47FD324802070BAB43FBA80EFDB92FCA1F7E7CF9FA875CBB327CF9EB08C4DE4815BC4210E2CB7CF1CEDECEDCED5B757490968286899FAF95583BF46F9393CEE6A86D6F618CAAD9BFF0BE22B042412C5CFB50556815CC5BBE33E9F61ECEC26A9BCB8145FD10590078F9C9E953B513FAE1FE387FAC246E14F9E3C
310
E7F5F8194BD6594140876B6B84C5D6799C61A16434201E5237582AFD75C07EEED9863F463284E2E13425A036BD41061259289B6BDC1ED656FC8B8592C9D00701E27CEA749F0D8EF44EAD8C1F80FFF8F8F9D513191F6803384C800097F24069C407CFAE88136B7DCB3D5D4A60B711F19070D83235F77331FD35E71596688903
310
8E2E0B346EAB7936C4162043E1A1F144093695443A570144898BC4079CEF1912809A3035A1D3F361235F90FFF1E3E0FB93C7E2750719F88E7D8E68123883ADB5B18185AE99F1D11C1238A792DC4BEDE8EC6FF503DF377E0445F68FAF4E08D43082D02170F30131A154206CC559A8D9CFDD762B31273E4947A581E0D9BB71E3
310
3FFA07CD02CE2A6BE1EC80167497F2A81CFA3F7EFE58D0CF5D5D170DE4F89070B0BC4040CC17BEAC6B0586C3D3FF0309BC06F44B04A1E13729929B4DF73C44070692C810B08AC3012E8EE9EAE22067796288C193B2139B970B86F47FAD0F98382B1E035D9C32FD318A4FAFCB274F2E1FA772F94411B0CD42493C23393A685B
310
5FEF3E1ACF554AF5F3552A478383374E6B2FDDFC4F6DFE38F4F4ED7A7FE838F488EA852482F412D3CB07E293D02C9F074F12E84C5AAC423271450572A385449844706475FD38DC3C22486A0639E5F1E38B0CFE93CB4B25910EF309A2224BD8DAD40C682C28341AD69047E8539A6AFC14EC573F7FAD10AE0FE6EB13E87B28E0
310
93B513B5803514DE408809BC12A14876DE0A25F643009E9176D9F0C330164285A7444DC8CAF0E9FE41429EE0A2F6A6DE91C0856C501272404A8468822E24C807030B1D33D40D4AFBDBABB411D093D88C86D7205E05FC57EDD1F805FA4CED5920F0CED39157E007CE21757C5DE440ECBCB46CD283E378029B43FB077B4F47E6
310
0E9F61E8D01BE017D7E843EB49F50A2028F1E442FCC90C9EE308E4C0C2C94EAE30B75FAD3A0EAFA57FE9EF960F14BE15638840EAF3BA490BB6850EDB38EECAFD21A0C746D0C4234DBD035EFC7EDD121FA585FAB73DB89FE6A03CF833AB0730E5E2F1A36CE3F202A128934B44E396961121E1F2C9F32BFCC0C140CFE22C1CA8
310
E109B182919696BFB98120234F61B59F7BF46EC30CF067B21A33B0FB3E402448EE266CCD93135A8E823DB31F85E677434E608F53F8100BC0098EA2FD6BC01770E0F2F2D1E5452A711C4BB8486248FAD756D852026B6DC90A2AA5C6B69E9068B8F27AFABFFEE8AB36F1D23985D5960014FD711940800B560250D2272CC54FF1
310
D3A660B275AC3881E349689C1616E1E9044129D032313509DE4700BC867C71F128C400159407C761022BA8A040F40A244788808C60B3AD67A17576279F6F946923191921B0545FC2F12AC0EFEFBD7262B6935679FC7F80629160ABFAEC88E8430E76D82A8DE62ACE50BD4A42FBF03B387B37FD321B37E31C3F063D99703F51
310
60E6C9E5A300CF32A91E0A085A29C0FC507F6C21012303C6104B82C1F1E156DB3229D1A855A32A8352C9077AF733A0AFE0FB3EF81FDF2F0F82C21B0EB06998866878B103305E31EC17F4FD43831E570A2118D1667632D4FFFFB125782F96168A833DBE78C3F11F8383A79D49F58F1E3DBC780417AE6581381E8610604888E2
310
913E12492881274822C221AD04CB0B1D273B8542837460898C686864FF6F801E8269F40AD0481DFAF5E6E9C1F3BE391C325004DF0746A4E4448F7B52C0D5EAD39EC46896B888C4210D68E99DFA2820DF7FF850EC407EB55C3EBC5028611409BFCB8889C90F1C52355AEF98B18100094C9D0EF6F64FD47E5CBF3FF5293DDFB4
310
B50DDD54F351446FA1F14580DC3902C085F593CB24ACC917B213BBC11B3F0A61042FD8B24F4FB9C4556D0CB9E1A880DE89934CE9607F18F81FDD950DD0E1D143F41D56110E227C250621FF098838042BC85B5B6BCBCBC31DD37B34966E9FFD9936A2FEFEA9EBA4182E5CD3E17AE35501FCE0707E5525A7DBC64DFD077825BE
310
37CE0BBE1BBEC061410C660B6E49912665E2B3749C7C9F93834022F74CDE6CA5EB501D9CBC04B768292C5CCB84478F3CA83074092C6082169015E5800D5839DC6C1B58EFE83ECA513BDE3EFB8EF1242D2D4B3FD55AFE03D42F8492AF8A3F21444FA2FA9ABBF525EAF84C09F0168527B0138A85D1EC0443C467B28BF844EAF7
310
6323BE13D7C11F72FED783837B970FEFDE7D7817E077C17EF7E2A1C2C0FE851FE4C008388C15E818958746129E1009D054B67530D6B3D8DA3D59D82D9D57CF70039FF50FFE0DE94089DB269C3655A4F25B38C49D0BD48E59F1526887C18FC5272197F85CA72862A593A4843CD25F920487DDF7AA0441A2C0600D062001F103
310
FCEEA3D8560CEC3EBACB01CAE5A51E420349F602191E5F901893142381351CE17047E764BE50DEAF9E4D8C38B6ECFFACEB141E54A6865A88A60133EE9CBB4C256930B0B168C1C3AB59FE1743FB422C7166082E934AFA5EFA3E4BCE0B69362FA7041818B7FDECE1DDFB4D022007CA23E521F0700AAEB5888BBBF08023E128B4
310
045381542FA256B0D04E28A0C3804E233A1BFB476A2F48FD135BAF9843BEDA3264EB42BA499601F16B566E72C7EA35908ABCB9176BBED43204C696AFD3D7B24B08D3AFA44BE243D88A6D9D0B6562B52F741E1610C0EFBBAF2B0829289A640EC4C8A4FF66A24430786CEBE1E1E61AF9507BFB496EAEB64F8F49B4129EBDEC06
310
5EC1F8A3F228A3CD0950883B41BEC6D1944AE06147289600A7726313AC69A3F91197F1438BCB743E76F01F6EF1D1C854071670FFFE43FF1EDED702EE5A14C85D0C42DF90B86068800659AC88981855E3E774A71C0CAC2F76754EE7CC87C808D1E1E0F6CF47FD4224731337BE1E39C5010823EE997B1491BBD99FC8D8EF7748
310
2BEB5EB2CF66499A8E0F7511B19B3EFBDACB6507BC78731B1B383D02FFDD7BE8DD9256F7D0BA7B46015941097B80018F700FFA024CC08078F51806100ADBFA163ABA8A3B95B9D2F92AC30BC908ED31FABE0CBEBFFF0279B675868F9AA24E9530B08C174055B7F48E4F58002F3E82F0BDFA003E8B431EB6C4A91E4D9B5FFB79
310
1265BA8827BBE5F1BCFA7F789F72F75EC800F8AE43FFAEC42F13009FB905A9A0132015D0068ED7682AC608BA6771038DEDB3B33082891FAB1ABF5614F93238079726B833958796B845B731FCB86316713C1DC581B1E19B424EE32674093F80776F7E27C6FBFAC85C536CD955B96EDA2A3FBF770FF4BE11845470EB3E42D022
310
000E0FE07D161811020742162444668308801E133A4C163BE68F6826A5523071CA78B2FED51F28F8C70FE4190073A3E5D3259D7A288CD19BDE623F10021BAB0C6E327FD507B2741627727EA00D31856492F9F009D7F152D930704E642795C1C1B336E0DEBB7F0FDCB79318543B25341F36802D64A981A690B94259607DE0B1
310
9D466BF8C1C5E1CEF9A3FC5C639FD6117B4BAEAB453F8EFBDA500A67E8BAF76C8A06566E36EE1184E8329419161F83D843D5DE7D8221163E145F56921C3EE383978072129E290A9B7166E63D26BAB1FCDBF710009E4051842390031845F20077CD079407C575F20364C4910ED2A574BC357630B0BCD8DE39335EB175646A69
310
8458F6A346F003A93002E846FFE0C459B8006E506D79BF902908A0AA05CB5E73530E33BA1D3C2EF99C712B7C8B41DF4D2A7830BE8707485FCFAEEB85A09AB6D39BBF7B4F23E00509C20DB04E240822A4B810E04D8D53D10D504C059ED86BB8697F514777717A8F8144D48A4C89077F7EDB00E2D89DC02A7B975640A282C49A
310
4AA84B70B12BFED8EA6584860DFB7EE23FCB00C6BAF7332FF259FA3C9346508813E372F1DDE425065BB61FDF8300F7EEDDBE8D0C6EDF46F7D8823478590AE23759D60DA6B7A9F125EDE8F4A5D2B37470D0B63C30DCDE3D3D59A8D1501EB1B0A5377517BDD6E301F995E3F955F0F58FAC2E81CE172A8344AC03DC6781939D24
310
84B8FFC15E8F3ACCD3954CE19576B942D0A029188EC7013FE59AE90B71292DE774F1F63D60230180B30A2EDC65291B6211B4081128856001A680015CE000708254891851D4B3BED0FA4D7166B466BFF1D2A924885AD12B387FC0FCE6819AC3AE06A7AA4B715F0927B74D119D4A668FB54B8A8C268D8B038A207D10A7B1E95E
310
42195B695BE0240F7408B311257C23F581E987C180140C584A02B1670CB817CEC0A080F259F1360E58452013200E3EC107AC1DF4FD7B0F6D23F33347F9527D9F51E6138E31AF35F1BDAAEEEBA3D71BB402E2FB47CECEE96B4DB85536772B07C82A34F3E66D0BCEC207FEB9E70643761276F7B50D5EE963CFF80C7AF4A2130F
310
5BF8C4EBFB5F07B709840480DBD8007FB7EF3F90104908BA457D43AA2A6A02C91422285E5AAC143F3313A0CB74D9D164933B86C25587134E8D342B453FC982860D09FD13ABE72055ED020E85D3E312F74C25CB0293D978A1C4001927C80B86FD06349126EC219F0C735C8053D8F5F310817EA01F1B7851F406144C211C6362
310
C27DD51F1E310C0102280ADB891E9B085CC528A2B1369A46BA195B9A2B351862CE43174BA73FB7CBB430A5798F4C54B7333B96C3224A9863AD02B9FBD8E63092191924E77C199D92887DA594B6DCF0112857162FD0949FE6A441F5E62E42FB2105BC405A2301A3424601DC807912CB2C39C604A27908021CDA30C4C8C2019A
310
883B3A8BD393BB3546136EAF561980FB63E9E035FF73B96D09A905ACB2C11D79571C5159026227DDBDB81396EB03F14100BEB66DE1FA9EF82C3ECCBE318119C4269FD014E66361FC8BB0B4EA9A98EF3D8848A01360430284335004C183CC25BCA82D2302EB03B8419241C64DF4F5ADAF77B533BE786334BFCBB8DA72BDBEFF
310
C36103AFB30608A0B39B58D93F0BF42180841DD26BDC22CF0A770E90240006BAC65197D90920131C7B2EB3CFD3C71C6378A305EE8488FC1FF8D391E2BDDB0F6E3F45E7C8207C419800DB410073A3173942CA8D5242642A74496FF115832A6314D9FA4257577BF7FCF8F8E8CEE8DEDE5EBE76DD3CF892BA7FB8B90F629431B5
310
525E92A15A3A4A6FEA3FDD73136172060959206591F4C927196CF645AA285CF3014630121754261C0D31E1A7E3DA2DBDB54B04703BDE3A4209F02045C4BB0F529A14BED07098A2A1CD47513DA64B512F409BC01663090796D787173B5AA141B1B39BB470EEBCF1E30F9D263ACC4D05110797CEF7B923B027F089F74D1D06F0
310
A4D8C0CDA6604023FCA45B76C5CDE0BF3845ECBE13E0C0ED73700A8A753C1AC8AEFFF1B407FC8A20F42F0D94019121DE304077A027D4112283BB8FF0072444D68AAD111D6F591BC0061854BBC048EBBE9E81F6A33A95C21BFD13AF3C7E7DCDFFEB0DE8903F77B41DF178E99C289895B0EA8CD640549D68935BA7C5294E0A1D
310
66DA0CC419BD398E6265789CA1241441AC94532A3C19C95340BEFC68703077EFC1D307B71F3C500859C11494838E902203A2BE90EACC5135B80B078804340C920C2300BCC06F7A1C71B875DC572C9BD1D84BD5FB9363CA6BA7D03E5C40FDFC54FC23C9B4B9DDD028787D89219038523BF64E638BB37CC25335937A00DFD328
310
69C5B390C8C32FF25C8C47A7181B4A599A224A9DADB0E0406FEFF9F183B7448F081E3C55024FB33828784AB61704482CD0160C04174F9E33BA9291D58C2F1F1B1B3B5863B0D9F3E51C35C253D54A23E560E2C0CB3A6F7A81382601C2079CAE96B7B1560D20A341E85A928A4E01083256420576C2ED477E2E565FD9223BCC69
310
1CF394D3D8E281501E0EE5C1C8159E92585D255CF30CC854C75318006EA4A01028EC853F9407C6053910BE105348324002260254886C156260F9189EE0F8C9A3CBAE9D5A992184568A69D5183A7DB97DB089FDC57AEE54F858FE54F577DBA85309640290F2D220952620750C5811FB772A7876D1E4040FBFC6474D51246D8B
310
3FB378283FB514F8AB3C20B8BF7DBE5DE541C9A5D3D38DDB30E00151E02523081BC89C2214103E0BC1B3D0199A08E002681A2613A2616CEDF0F0F9C5DDC75DA395C25C0309C03DEC8091A4AFD3FEB504AAC6633930556DAC86EE3561941E862C4A75DD6B6BB3A0C59BE153DFA73EDFCBC3CE2188D3D378FC976D0EF9A95B7C
310
8532F527CE3CF539581E0FE501291E9139FFB65EFF5DBD8E0C18DE3077170A64E033FD278F18068028802F156C3809FDEB11B1019C208D020C9BA2870457F0F8E1FDC7EDD393E3B9FC9C4308E9315704233F960E554802C14716B0B45DAB5EAB5E25AB7830EBB8D25E6CA94E4AA01794FB1EE164FE9F040FE82C940A4BCEF9
310
13075D087E85A7237D3CF29C47E4E676777779528C4781761F0BFBC1D3A77880E40C9A2E5109180D5255317890394229F0F082010354082D574F1E3FBAB7D6553C2113DACB97BEB5526C7C6F69F9310A94C46CD89FF8F379AD1AA035FD00FF3F320180F01417A6F255A3A8D86319FE0C0B0E06A0DCD33F79841339C01E5BBE
310
1911AFCFF7C1E0A540BFBDBFCF2372352686D863F83F59CB6865F43104007EE06F52406F680341102048A01BB048823082CBCB0B6AC48C313F3E7CFEF8F2D1FDC3D6F6F9F9D9E98D9D7CAE5EADE2A6512FAD7AB526E17F600C85550DDE9ACFE9D97E694513103BC69F8A2813176032C890C1E9C49FC09C61670FF8705B1D73
310
86260E7C8E7122C7F8208A55139E8C8D4763F7EBF5728DF9C34677364E3A3F9AEFDEC9CD95470788834F9FBEC512379890B38C94205B2557987C4186DF5C0837608DF0F9F3CB87B7EF6E920475752A01460E556919B2B64296FB9FB70DD5F47232A0F77465BF140CD001F00ADCA175090E2665A14E6329B62660E02A1CB50C
310
6025E3DA252A670B3F0FFAA5EAD94A509FE7036B159E0D1D9F2E76B7AE1FD5A606198D3A747AF450023CBDFD162278B9446688111009B4029B0F2180AE20A542D40610C073B47FEFE1416B2B12200F3C991C2F54EC2491027A816B0A34A9D05C6F437AC23462385DADD75642EDDA738AF1600DBE07EE8437804D2D011A94DF
310
71C2085EDD40266A407FFA1D1C00B0C03927E60338E3B9D8C47D1F8CAED578E06F7CFAA4BB63B175FA7C301B747CB377F45192003CB8FD34B12009224543D8604494011A80C1903CE0518C986208E1C5FDDB8FDA161686873BBABABAE74FA637BEA894A44078C19696F326E057D7F95D061A6B0394A9D5F2DCAAFE4C2388D8
310
A6E9AB7695CB0BDD0A332430F1A9333DA41D1FFB97FA09AE84E738C75C407C260408F8DBD5EDED7DE1570A7BE333C54F16963B46AB0C2B71208EA3D16EF4EEDCD7005241166C005A73C03164792151205C007288AE337B4D7103741BDE7B7AC913350B348B2D767515674EC6F72A0402BBCB41C81305AFCF05F2758D3ECAC8
310
D26AB97606DB9581A4B7A8FFB068CD5C0604E6849046B70C2B60FF0CDDF93C13822B4E82FA0479A68220E66D9FD775FB3C1A9CDBDB9829B6AF2F77EC9E0678FB20ED8D1B1A1A39D10F9812E20D6281F5673121AACAA9C53424000DAC173F7E18C3052EEE3E78E7F1160F5AAEAFB70E0F7775CFCE4EF384DDEEBEB9C0889D52
310
43BDF557559FEDE5F17AB21E118C4C31A3DF6A96B56AC62180293910ECD6B721047664BCFCC6B2DD3C65CA0F0C823DFEF84083C7ECCDF05898EEF158F4FEF97EB9C123F1B9D1D1A3D9F9AEC5F5CEDA84A3C96C14A55584D62893D6A54D8D2028D05C8B1F124884543F3223B29D208B04910D3FC43F5C52196AEB5B5F5E58E8
310
E82610F08C21BD443801233C0CE8BD1E40F84A1CA86001990048031ABBAB11EF83F9283EA89F181F2A0D9A9F62D94B7F625FD727E6A93F63F200F614F7CF100D4511C07DB45FC5F0CB4CA359ABE4774631FDAE85E599EA0878A3C33D5AD6430CF4C055EE5FDB80629000D7855DED3F436F3B61B3DC7FFACEFD2B1BC6FB0696
310
312CFA477CE87A87070C7998E04FBA78AE3F915A065E819FCF35B410321D9ABB308146A11AD5196CDDD7C477A171C8AFC74B45CBC6F641AB53C8D4ADA5870C02379BC0470CF83DB55F073E29CF5CE5F7A3F8FD62EB7AEB1774C2C6780B9523F9287193FD23DDB79FBEA513B45200E2E0C1B51350163AC19043C600F2C1DBF7
310
DEBA7BB9B5457BC0D840CF325EB0BBABBB786D301437000020004944415472B491ABCCEDAFC0591201CAC8EBFACBF367FE7B6E40E69F551BBBE7123E3C00AC560CE20C62436E8C3C54CC225EE08C0D74CE26148877689EDD004FB2BFBFFFBB984035373A7954EC5EE8591FE531348654514DB1D1C56411DFA2A7C212BE5ED9
310
1278F2851A432244C6822C29C85A8B320ADCBDFDD63BF71FD32648E7D098CD018BC35D7FE89E250EF2AC75F96C15271602687965C844B8807C6E7729D93F22E81D39ABD62A0820C1FE9F11CFA7208125D33E96FD69E83AF6052DD32D49FF0802CD9F9DFD39260389A950887A647CCC99BAB17132DFB5DED35138FB3A060F62
310
95AA5E195BF0BB56495A5A4A8FA440026E46A047D40ED2520A441C302D240F201FB8F7E0EDDB0E12A04D8816215A0579E8FE1B1281E9F19C9900DE79842E2A7CCD48E9876EB01C75DBA0E0C8D44AB5512947A00BE7CF5DE9E1A6A6BE43CF1A78783DFD5A404E4477336C1ED8B18908B2A847B2AFE9839E891137A6673BBB96
310
FBBA2A4B8E9373B001F08369BA11BE8ABC4302FD2345FD6014A127068427D007BE28B41D9B0D40FFB7EE531FA673C8870A69135B1CEEE8D009C08042A5B4EDA314920B635BF941E7487E45256439DFE9D276295F87E698389CD49FB394FE19720412DEDDC40E9CE9C6DD605E0B719FADC416CB15AB3A61F9B5B9B9426E54F8
310
1D8B03DD950946D432B40CEDAB7BB5AF11213CBA73C9BCCCDAFBCF06127C7980FE6D1DC9B4DF14832D6568FEAEEBA76FBF438300B541064ED33F3AC0B0D10505306FD370AED02859234402F6C3FED006766DDED2034D90D119057225EEE3DAF787EBF30EC51ACB4F551678BD6728E1944730C095F13E4D81A4DFFBF67C5BEE
310
37E62A85FCCEC6CC6C7BC77A5B477E22223ECA4FCC0F87E2A5E3EB782BDB25B8CFC6736A044DE5A7CDA604526361D650484FE283B77EFBD65D52C1C73C4F48E7D0D81ACF572F2E2280F98FB230508FA906B42DE240ED651B301CEC83DE1790C9FD96B6CBF986BECF3BD332C18EF627A0B6EECD5B152E02088D03D828AFFAD2
310
6B05BF671B4F9A09A8CE0CD2707F67F2A4B3BB75B9ADA331C1305BBAC182FB4A79820B7EEAF73199B8404C0B81231CDCBB871B80FC41FF5860E8E108222A1A076C29E6E03B6F3FBD4F1F295DC457573C7ADED636D6B7B8C88413DDF3B327E1046AA51040B40CB50C7E3F1D2E44DAD34CFA604029BFFBE714DF0C069908027E
310
B275F1F366C132E1A7450B04011CF82B2B647CE754F650FF6E25BF37AAF65B7BDA16CAA791F1D09F6CAB989EC5AB7809BE145FA459E8D3E4B0FB47DAEF093B946FED585B80FE1A0305FD5330FEDB4FDF79FBF6BDE81D8300CF6815E5F9896552412A03F31FCDCC7CB5E32365550CD9365FDCCEC8752E943161D78047336F8A
310
F6539840A1F2E764FDA2970999F205CD2BD1F5CF496571F76EAEFA0E1CF8FD2A55FD06391F9EEF8B9DC9994E72BEBEE1FC928E2F223EBA0FBFBFB4F2DF137BC894B8087643D64ADE6EDED67F7680FAC9060239E845FC94AE93D880F994FBF71FBCF5F66F9F32C292EA900F9C1E6F1105E81C5B5F58A067A448143842008D72
310
75EA3BBA3D2516FDF02FF79260020D6B3C714711F3CFB61BFF56A826E627E82256F7400FB387FEF23C1C1E77FD6A21EBB1B2B35F2F95E7760BE1FA3ABB3A981423477517EEE36FF96F122B942F6FB64D9502BD1B9089162532A2FEFED255028FE653C9F46FA321E0B588B7DE79FBED07C44106CC85133CA65190543004D01D
310
02D8181DDDA5A9C91A7110805B7875B689FC3902200FB192E7DFD936B37B57D9C338BD49E99E181F4E5FCAB2ABC1CA7AAB382CBC7D515457CFABE6FBC63D525E5CDF74B16378B9AD6774A58531912D232DF01BAA913DFB7D3AAFF912984302B84D0500077800D26C60A4742101DE420C610C2E92FA93056022EFBCFD5BB6B3
310
8651470CD33BD87630C05831BA864C85997B8754B05167F0706499DC442FCD22592AEC2ABF3FF13F950039BF159FA9B36ABDB2778EFF83F70972B83BFD3F4899E64DD8346AA495CB155A7499F2CE39B0AAE755125EB84FD8CF8D8E4F4E9FB4B72E8F1DBCCB98B31BC4607C2CFF21C8145FB48EA0F2159F86A3098415609554
310
DEFA7B27EF1301033DD06D274BAF6821D220DEF96FA4CBB60B3CA241C021D38E1AA76B4406B4767576166766A6C7F77273F5F395291BBA19F64F2E3095C14F3E60371827741CB27E89543857D6D96BF9A47C6A9A26057840332EB843717AAD171880217B71FCCC0355AED3D4819911F79D0EA8AD6DA31A83E36C5DC2D47029
310
5C011302387069158F6C9966022367ECF1D00BA9BB95C389AE7B6105A1FB640689033A7FCCFFEDB762189103A61C3A4FEFE0D6A6B5A19EC5755A443AE78BC5E9235B047890A65919A0D2F96AA3C01CEE913BB3ED239C3E0CD8DDAB99E4348BF3F8B977B6C43DEBEFBD7721A839A63B94C06A10DB87FCBFA3C2932F8C26F88B
310
6D6BB30C3C4E09AFE40FAB52EFAA1EC0316920E031A46D65A0FFE45A673432E907FBCF86717AC04F2CD0EF512D665FF53F05BFCDC43489F150890C60A8E0314E70A06F619D30D841189CA15D3417F3CD50191AE4396543F0C42BCFD696C58DF163F5B46D708BD5FDDA5E5E5FDF9401BC4F7E00E8A17520833D1CBFF495B5D1
310
CE037C664123EEE74737268B5D1D3DBFDA6AAD8C08DF2C0BC7A737E10AAB2A7B958990CEBF556CDBEE823CB09FB344143463C630CFFF585D330CF0320E921744A7918280FEEF981161008E9FBC78C830217A07B7D6985E83F9A79884ABB5AB383B4D7D788F9FB3D867A2112A43F19042B33A108690CF6F472F8661CFAC9714
310
78757F6E6F2F7AEB82FEA85E5715941778B278281F28C268AB24BDB470EF3303E09C359E9DF1CF990D8A096106E6A66C8620DDE7D281DF0B2831F20439A30D68386CE13E002F7EDA8D7806162B205D6A19AA1FABFD6B1B400EC2BFFDD66FDF7E8755B4883C043F43046C1326136680404F1F934EBDDFDD39CB58A98DF1BD78
310
80E0532E671FA1435E9D6EA5E9071000BE8F262E7C4044FD95D5FD526EB40A05A634775F32205C3D779FDC168CD5E56BF982508BF572BDA4F6F57D3304BE9EB18149461B12F760D7485891CA47CFC44909136FBF4931716A2E100123FC6CCAA6A644F25EDF4AC980B14039009BECE8B798BF69A05DC5B6885CD23F8E13A46F
310
F0C0A986D617F001C52241801E87C2974C31411DA3A5D7B6175472763D637D3E57C33B908F867F4A59CFCA7923375E5F027A983E18BD7BD4E6FDDBB2250C1529F4202EFAAF979DFFB1F2612E87EBEFEC58581EDB9AA95AD1D7C1905F7305BF8182D5BBB524D47C4E3B81CD843220DE1E6536497C0962C225F75A2D6A998303
310
B23FC501F0B3F736EE1FF01200FC8C99F5515207C9C40081DF304C0A17D06E26CCBC5B3C47459308178301FA8057C2C0AE9D99B05F038828B08400F2E3251254DD7EB8BC4853B101F99AB48E387457C96951E5DB670648BAB70A7B04FE93EEC5F5B183F9739C98952C6845C380D401B8FC86E70A20744EC720E09D35955D96
310
A9041720196D183AC2CFE6AEA816652D0234883D788BEC8F5DF2615261DB031C2381092401B48D8D2D870FECEA9C3D99DDB036C8A051058030E32190976718C89F031DFBFF2EEA3D88606A8A19BD0AE305BDFD12BA4FF46F1A0002B07137989C748936E9DB2C91F43B07E4E4D16C3779CF5A4FFE8CC981F07C29E34B7C012A
310
F0054FAEA4A6A3D49D3A16D2B3CF220A029003366663053C89B3FB1827080DEC2780076FBFFD8E39810CB0593CC68B5D9009F2D400418028B0BC6CC74067E7C9CC0C2690FBB084AA5254A12AF63543B35EB40D17B693F7E3464D5094C00AA9E04E0E0524F5C35C5EC6BA94B21AAF2440725E2A9FF94FE7A8F0E769EB83FDEB
310
039B631B18BF396F5C13CF89ACC02C387DA56DC3B1CD84B96CFAAA37B55FE723B611062258257D331F186AC93D8AD600B4FEF4AD777E4BF68F2168FF08C081A37AC13446C859964803961928476D78F68419390D830C1935B5C2A0A22A3AB17D3D6428BF12DC373B8D464E04C0A496BB3B3B75639DCC2500E0F0B15FB6F47B
310
5A7ED0183A87CAE8D535F2EDBD4B3B7FC762DFE65A07C30B2851DB890082ADC07131EEEFA3DB7DD5CD32C0860CA83CD4B7993A175F422A8149B1C1D94C1145059D9C78A8A572A90B7C8B1E3392FF77A80C50220880FF3669004E90F101740D2B808181455A044904674E7482CC3EC85C4BCE339404C0B0BF6A5611E4F9B815
310
7BAB6DE327EC9BFBA1B4557ECB609C1F45326499EFB90EE78F18227F09E563C9E63D847EDB3B68EB9C39E95AC4F7ADCF7D87F6752BB6912040281E4A0D8A8314E80D60470999B8A51FB1488A66A9F3F81FFA61C83F4FA6969E472288FADFD61B005E0EA4284822E018911828E868614DA0C36E11F3A051070BF2F0840E35F2
310
00E2C0C80A776CC9E7E6841C0503D0EDF15ED9AFE527E798D23BEE5F0604E58DFB7099D739BF0BA5D332EF29F1535995BDBD0DE681C4F71DFE6A7AC5A13554AE6910963E9ABC9A0DB5B202225545F5CFACC942B5B93C207352B6E5310BF349AF200175D7DFDF78F6D683B7C87E087FA9B35812C4F8F13452CED610A2207541
310
E6D659A739441F3833CD0C9C3C3DC2B0712F62333C4FA9327C9CA1124904B4FDE0FE21C119776CB0C212AAFBA5CAF80EB43772ADFE77CD9FA8A4144C54C2FB2304C65F62FC3678E4F6C68F30FEE1BE8383CE7DB86F58B1AE0C51F0F055E188D02F00911DDB0991832228B3172B3E623E513FF1734FF414A611A603163F401B
310
EA790FC9FF7FC3FD3DB02DC00184145B850D01D120424DC03C00FCEB7880EEEE939399F1F18DBD4AA54C939899304D913CC2D5CFBC55E50C7FBE4C0E14AEEF53D6843DFF56BE2D554637EA047D3C210E2C61077875FB5B40E19F43AB7470CAFE1C0D3ED3B3B4778D1DF6D4F837C08747180FE8394F2CA1E0A46B6DA62CE2B2
310
DABEDE0B1924098580FC16B369730E9E90541D3730D47FDE16EE1FFAD3419CDA05ED1F2715C607F2E81893AFC5936303F40EB776F1D808BDE393A3FA401E1C706E154C892860AD74A2949C409E28A8FB3349C764D13E4D1D3468952B7B1B35001BF41142CAD58D6011C8B78961EACAB66E9AFBC627673B61FFDA4167950A27
310
4145BF11EA17BA9AA60815C2C43AE1F648E3772E53C94E6364AF826019E723069A8AA353A3BF7FB5359281700061FF64C28C10B9AF0B70B0B0D30A31CD1CFD22F68C76DA1E44558869257892363C091D313EFA46B57C3BEB252E9C6BF5B4799EC58F1910F469E25AA17B343799DB3E33CF410061F96C6D63FA91B1000CEBB7
310
D2971BDD39A2A76361E000F5DBC1688D47CB812DD60F8001AF25B328D173A9E4BAC18CE9F1F628704330741B2649B92E9714447C68559C6CD2F681919367E4811100750058809D0230C087A89FF3C80C23C4C60882E481F48D531764BABD5CCECA308DE2F63D3BB50373D630796126803C2D1FBAC148F7592881B395ED7D26
310
B7DD38D7096AF98841CB37592561D9C6565317AFBE9FC4AF7371E060736C7635E0CBA1809FC80F544DBAA1F2F9393D970D44C0615A0C6930E758B9E63AE690F73045F0C8C0731DE9CD80F718E94652383458799E02C06D328010011C7090D8C5E5336A83D4059953877EA1E1D66FBE994F04608C4C991917230FB61F9AEE18
310
3A40AB9108D032449FD1A7283DD25ED15360EF7EA9303EDDC0043403531EDEAB10DFF87F5E2FD56DF0F1B701A9F614DB17FA0E0EDF6FD0B1622A81FA3D1DE5A33F551930335C353A87F9AB05C60455193448246944A232C5D07636D864CDD7A50D0B4440CDCC465D1C418321F50E1648D500294065D869559EF3C40C8FCC6C
310
323E989AD0F0C73142480B200842802C061008B480A9954AF282052B3AF67350FD0DD30D1F4075AC303A5D490250F5400ACF479656861E4C77AFF327F3EBECA4B57B6B6C8FF62602BF150744656A87DABD7BC6BED50527B2120C001A0B3718C74F0C65CD34F275164D7968148DDF259AB8AD6CA81CDA4E8819509B996A7F64
310
2D987A401A2B04018C01E6C169A8700F9DE3B489DB2BC49C9B7B858A4F50D22AE15428FCA4A1EDB20C83492690CFE361CC7F8C8066FFD0D77AEE797977F468A36E0B0DFC87F90EE6348BC748F7CB73B5B9DD5C6EE7AB19ADBF6DF359F1DC2A0F9E44F213F8041F64274C0859A2AB7C37440FEDDD2F95BE44065F22067E3EA0
310
CC3BD8C0D8194EAB291CCEE20B9CD8E02950AD806080047A279F19024C837C848816719AC4A34DF8F0706CED904E8185753A458A27E4C1E37B5F30A104932BE140E0BF4E400160F320B054A8705042FFC47B4940810173F9C9E97240C7FCC3F3813EA239B745DE9F1B1F3FC2F9330374DBD1A7B475923F9A2ED81716D18D1B
310
577DAAB9D1A0458655AD3CA7E211867AE7C702DCACCD291E0F798013DC01BC326087775C0833E04EA3778FBCB8DA4687A0255CA0AD210C15661E4E92001A4449031D1DD27D327334BE830B64DAD90CBF537A45FBD4E94A7A88888E715B7E74FCD040E818BDC1BF5AC609CCCC015DED23877080FCDC47BD8EF3A7B783A17D33
310
F3ADEB6D6BC7AD75EA7C7852C5B6FDADA6AFEFC2D181C03F8C40DD8A4AB5024F0B72E34B57BC1182472DC80946789AFB711DB7F1193C03C893B0345F420246114D3EA71D04FBA731C0DAB0D3CD311B218F0D5A15ECC105D02F3AC32F13600084731A83220040019B03180634B5923D438300B05BAC80881F061095FED5D572
310
A3323ABD83F1D37A2301A8C930AB3F66ADF7CBEFED30BAAD7D78A06DEB6A87F15491F5AB7E25842B6B34BEFC12C8A159F187C64B3CBD2356DE5FBAB98BBE9583F0E3280C0076DA15BF34C15238145742B07080B1EFB83382F9FEF2239D003541041083C5AF9EF3C8944DC2030BC3ADEDDD9D27475800693049E05413BFB3FE
310
B4308731512F13400D06F813368A0101D8D863EB3E75FCCADED124F532AD3F123F131AB46A93DF1ECE7F96CE9EB6C365C6D6A07EEC461FC919FE288AF7AE1A7D012D291EB073735FF26BBB1C99FB706E972192819B7A34BF22424BEA1CC7958AC2E04BFC8E02DB90A4A1DD04811ACDBC181037864672C78F6C0EC3073A40CC
310
49D5E813593B7002763BC6A909D31AC86F3F6E335C9E1C309BC58F16418642E2AF6B290A34FEDC0CFEE08FCA0F56700699CB73B9C99302AA17BD516D7F1FD755A2B32B3FBE7134D3BEC813195BD355020A7DBB541539CD2C06E45F46FC0EE08293E6C0E1972176D9B678340AA1A4823404EF79B1E2347E47C35D0A2260730E
310
0B513025DC0BD1C07E3366E9B9D17F767405FB531070700035618606F0B40C73C974CFD321B0C174A80C0F3AA54945FFEF348F5488895713E89B5C98DA501E06D8D24FF04FF0CD7ECD7BAA755A854EC6A180AD13BE094E8D5D63BFD6DFA5F5D3E4DB1BA18FD8473DC6E17FFC9832B71A2A94D96E808BB53F9192955D62C82E
310
282B05168AA0927D54AB20A20A74800B7CC9655C8B15F62377CA4C91641F9F4D0478F4FEFDCE273A002CC0A725EC165CE3A149F0333E8E9600B2C05A7D15FD831F0938DBE5D0FF13E3C0F0765965A0961C3FA86DEEB0E28304747BFBA5FCDEE44C23544F7BB7BF7A132DDE34F99E44EC3FEEAE92F667A10F7E90B0E8C6442D
310
F5A5318B0F816311DB2E6DC6F172C363FC800EE09186BB9EC82A24C0117700CD884AA42023B81EA6E0CF8B3056411110D78606EBC5AD5417B45BCC8E61EA01C4006AC233933E35D860BC1B6CB9C9CCCE7840D2E0C1C1FFC11CCE54D59300F2B47D66A10F09D8E24B71B9BDDF98FB62A3B897C53EC88D16D1FFE8C649B17BB8
310
E760EB20B784F52F992544753F2CBF642CD3C9C70D8722C197142C567E74FB431EE248A8F3FC00377F5142144A82FFC28AC2970A780C85A7EE9146FA4B2981F3C93BCB0F3FBCB6DD3DE69C72B6073B99140DE28B8E919D9D9E7C2F5FA99FC1FFD07E9AC0965CDAEA0A945FADE52C791EA989E8E7A21A355FB37E44405D171B
310
98A6E946DB26AE71DBD01FEF07FD378F5B4B518724481820890E7486E3FCE61A60E096D577701890EE07CA5D7F2B086040749FCEF3F81972E510A86359C9BB579883035887542090614E5C4461705D7CA1CF84DB564838606CF1597E8119790D021080C935A908324EDE9F60A04B7830A33F0670CB08605B8D01BF9A3D4356
310
93FAB4FD84EF6754930640C1F9D74B052A7ABBA9F502B39DA3BF6BC7514EA4BEC71D752BFDC198EDA8DFE8F32B3EF811E4576B0A2074B99B070A069F60173E7427BDF285024E35A4418B7A412914F2800F1965C4F1120A2D5D2C64400563D5942044807BE7C738EBF3034C4A6F4D70C04ED1F97673C039FABC4CFF18866E08
310
200BB66BDC9CCDCC3FFD1E43BEFC52C317F0F5E64900FBFCDA4DEE68768FFF46350E0EDADB7B34DBBEDE3776BC55599AF84E312229F931E700D04478D66A0D88D09B2276141AF0F8811C5F8067DC04C0F90929F7F1AC9CCD368488AFB965C97B855A3E2E93AE5B4866502E55991B82D4388614F2C36B8484A5FA06E3EFFA98
310
4A6AF17D5C2073299D9F12FD63826F67FC460E54030981684E9FBFC22009A3006962285FDF4FC84B699FB5BEF3736C6072F6844C15EDF25883037DE6BB7AFAD6AE164B367812FA8CFCA6FA25725D99AEC5C6EDEEC64ADDA2BE0056002032E1D7A20A54CF444E360D520A5B69816C0A953CE0434A8A898BF18E2B704588C01B
310
DB2133342F5404FEE698957C200EF54E31BE6DF4E888C9C67F5F3F1B41F922777E7FA6332677C20098C59F762F5DFE4A23F9801A3BB6F8A4F66E0D40EC867E92DEFCE84C714FC7CE8DD3DD3BDBF9C781B1C3B549FAD2C89D711808CAB100E09700BB85240374A7209212F320CA577222A7020E7824500179FC7096C714884B
310
DFD9499E027ABEB3CB0226CD293CAE6E0C41A6788F396606A073E28CBE5CC67D584D36CA39D37974FE1023253E3FFB007A26F657FFC901D851130DDC2BF54884F20D5D40A0B7E5C7BCC7CC87B84F2ED820192CCE1AABA1FF24ADBE1D03635B5B3B53D4A5F84120125FADC36A0E792D3AD7E255792CD5241A4C84171F110409
310
0017DA493D0A7790A7BDE6DF326180398E4B0DEADA5C2763825E43E05C388E184678C88CE6422606C017F030366981353DF03A753DBF6370879F79889DD0BF75408724DB53C5B0063AB6568D02DC47AE4627B58D7E367A6000267E7840C23A0940B992DB98ED1C4731B4FB4DCFB6D3EAFB6CAC7646F0335C5031888CD74E21
310
03380260AD47176D703960230370FBBF28813524C17FFFBD6288BB28E4F905ADB4A788B40B4A6201C1878BED224DE9906C4C79EF32EE679B9F5D3B5DFA137327320643909A823F62106CB8F9BFE4BFEAFF0FC7A6393EC7F64A698EFF8ACE31BA05ECE6DAB6DF124118D1D13F892F3D3530602E3F3ED3D59DFB821ECFA3D9AE
310
85B1ADAB9E328DE738BF55D5DFD039445AE76D0194180F57B15BEE5F09C07F952F9A10372BC894CF7DA12CF6507E2A8916E0DF430C519485C55D61EFE209912D8C32866214E121611E22A0B1238DB18E86636A3BFAFD5B4EE02FF1E505F902BDF424D0516907BFC95EF3A76B6B3872769D67E25B548F0DA46E2B93DFDFD5F2
310
B9E9EEE1EE1DCC7FBE6380DFBF38A165CAC73DF912AD76A4690D2B766A3EB4AFA2D05BE543EA20B095FB17AE3F1928D84482049B659E671A4763CFA567C08824913D37F2F92F841FC244085C1681225C04AD6DE1684831682CE0D6096B56101C0D4FB3A1BD3F11FC1105AECF5660BD3FEEDF162B0D9DEC6DB55AF27FC98050
310
BDDEDFF63ED14B01336053A19DE9AEF5F5D9E9D9F9E19ECDADCD497BCC57681922F327EB41FF681E17C1921B04FBAE371AC69E53F98183E91B84897A5DB164158BD1D12FF6F6BEF0E02847727BF2628F9FD48B6FB11DF6928C868B29590A0606F92140D0C08850DAA7DD8A5FE8A50389F61288AEB743E9C801BB67DBE0A7F6
310
4F63BC87770FDF57AA73FE1F5A84F8DD3AADDFC32087FBC0A7D645C327B97D65E7A8BBA76DFD9BCEE1B1CDE3F5F7CE4E6DF4013ECD7CB60BD1239E8A4E9A5722AD9C4FAC8F7FF17B214AF8801950430639A08E3ABD05A0D94E253BD5951C885B0CE750309070555FF21F2EF83FF53F4E15038B8D8A244740A5C9CBC120043D
310
A0B323FB1DA0A4EDA268C05A304619505000BE10415DE898809DB6B66896E60AE347ED3D6DC707CB7D5B5BC374A158EDC343D0EA61C217D4878CBBDC1D85686782C3CF4272E7DCFB5E9EF628F5A95AC1AC0C6848F5771329EF8DF2BB79EFEDEC8DBEC72EB7F245287FD4B31008AB38EA4D52F2BF57167159E3004CD8950E21
310
7DDD6F699FC763E9D1A0AECC701F7BD4430A3E030374066938F883C01DE40E7DAFD609345E33570F4CE6BE467FBD7F793B5AF2A9D331D86DBA7BF98067918F9FCDD609A0384B523F4413B574B818C6889FAEFC5E7B8F90CEFD62BC2C85B2478D54DD076635BE434FCADE68B3ECF1C8708E27863DBEC352D87BCC7A92A8E135
310
700CDE65BC114026DE5DB68275E656D2C0D4087293D43BB4C9C14EA83C0D806783B40DD7CD4F19EE9F33801F55A3F1FD600017A6CD5DE607783D5F74E34680E7DAB98D99F6E5B5ABC7F7DF19D8278322F6A97FDB2FADE1539BD945DDF868EE2B8B70D9EDAA45D1BB0A5801198CF1DA891540474745BF0317F8A3703E02510A
310
E94B084221F887FE950272D62D4232781054A87C58D015CD45EBF9B70E60820A2056E9D4D619E8494BBFA68B61EBDD8CF52CCBA124BACD4A4077E8420A7F36FCDAF661E577B792A7E1B7E337C7CF1FDEBB3B49F501F3C7366C1730E793F51FA20A9C3D2E9F18E63DC277449054CEADA36DA0807467D45F8A744E1BDED725A0
310
33868703F1392BBE221158220588F30574A0B0893D0515B0B7C404AD0E7F40C11D504C49BD7DA39A85A19CD7357DFC966E5D92272FF06D59CA5A6A1C8AE30E52F1247C1F1D78F81887F9F3E387075B170F9F5EEE4A7F5BFC69DF02FD8795FCFFAB472E7C88D563DA514861B85BD41594A75F5E866BE69471110A9F75C8609C
310
7E6BF6C7C727431EE3E9E3773D2378C25226E82C08104A57ED273FE0921D6990E02B006BD038263BA360355E8DC446A380F0BA35FA9945A80CF60DFD54054202F91897C241C147D59F8E0FC67CD0F2BF377A3463F8BBBABCFBD6833C57E214AC3F5AE9C2FDE88852968F20337972C7E04EE5658223008AE82D93BC37D8DDD9
310
00BD6B16EF221F0D4149045D740A8A215D4FC186C658E01994B8CCD317465828704BB630DA2243B3B4ADD3EA554A97408454148C04A1A0CAAC2E04033C04073851F54380E0BF2DFFA43FAD3D6B574F2E1E5EF6E5F4FEFBD1CA87C161FCBCF5C7AAE2F726F814027BAE10F79BC3D765D61D1803952210A9AA07F8C6BB2105B6
310
1145B324F96014EF223D4A9261080239F03FF6F4DD4975C183B887E081F7A467A25EAA0C94028FEB808637768B07400A8235D4EF33143253198900E079E3FACB0C59B00F827A5785A6FFE2FCF0C0E6F1714F11CDE5140D931D707950631F3DE877F300002000494441540ADFB08704E252AADE1BD4E8DF55796A32B9B6F177
310
37C67702E5C638682737286CB0E0A89B624D5BF28222432848C9AB8C07170C97B814FF492A61072407D638006F7C8400860444C01B1930A522788045633DFA9507267A3A42BA05925BAD705CDD3792FA23C1075C6EE768A673919EB6C3FCFE7629B7310AA794CC9C0D14A1FB88F95C845BF22543F57996E0B26C9E4C2ADF18
310
7F979F8A55F11B47BC26594C52588518D25E6C2B1CCED231EA1B748F093E5726A21A54C91EF95789041030C20FD5AD68613432E19A4D0DA2505B6BD843516E10BB00AF9AC315EE9FDB39CC1F9EA59CD88F9CD071D470C86C4647FDEDDBB1CDAB81DA94034747A779F4CED497CFF817348F69F52E55490840E48840BA72DB71
310
F3E84F6DA2F4717AA928F153DA6E4C7E8E00363CEC9A2E1C8E65F298FC4A52F087FCDEE5CBA38A80CBE11FF7BC2AFF249203FFAB77A128A001B1987BD334AD9B901890A8C2005B6B248196AD09C0025ED841325B31845032E327C531C839E66DBAB39566B631C2FF0A1DA5A3CC47E665AD8751B47CFE33899DF047C9F3C365
310
E3B11278D49DF939298E09002F6430F9958803309827A7C791048CA070061B7E9A64C557D235F83EE24822E5EAB805F9862F20FC58F483DC0EF02181F572930205107E00E523861895A2811309808F2B6C14B2AA579E893753C155D2F54302007E9FF36AC5FEDBCAD47E182D91A73920CFA5C18E01F8FFF4C3F1FF553BCAD0
310
E58DEF85DD63B91BE38ECE1A9FFC4AD4A1FBA30D462C328C5A0340DFD393D3D3D3C0659195C96990F391EFF4175213BC74C020922D4830FE215E76940962BC0713A3B82784C0CB6623DC40D6E1485BAD454F6892200B225096127FBD82D2B12006BAE2E329C771E25FEBC0DAB3B5395289D56D7A8A89081B34EE06F80F819E
310
FE75C67DEEE95D227E283FE98A7B9F1C97D2D05B4D07A469153C3DA3048EA68FA667A6D90E291C7D7E2D063E4D044964D055F2DBF3E31BB851AE9F78A0A7314F0AD24901F581D74A6929142039C65AF5830D1C809536CDC05E4BA51038F79D713DA930CF18BA3010E385351CF47F74D439BCBC793556A1F99814926AF12835
310
E251C59BEA3C083EC2B2760FEBDF4304C9EB87B35769E1EB24B648542CFA4EBA9EF93CD42F03C08F249A2C98897D8E2225E90077823F4A52171A61219998CED6FA050992B6B0A74A2220ED12123004FB977084208F8E2AFC80F456CB110BCA647A3A0F854085D84FE0052BE31FFE7F925610BAFEC06FC33F9931BF063F39DB
310
3D1BB20EE357F594045F4226131578582CB055A59A073AE0413989D215019B6EB8A21CF154D71164E0D8F4E730C2CD382D098DA5261456A425643686BC8301710F2C50665881399156AA2B4C3191BC555728384800CE10040F746A3D8A80A5F0E500A93456FEC52833BBB45203DACCA37FE1D3EE4B9BF0EC27ED47D89B8266
310
F11EA2DB8B5A8BB93EAEDF0C06B7AD0402B9EAC6E787365535AF19F15158308A9D9785C1BC1C01377F8C6B4D07B50DAD25649764A91DC9812C7B34CA98184084F7C01055466B48058CD44085AF26648520C85C41C67805462D8425680425559F4440F3ABBE1F3F81B1EC72708767DDC8FFB6465796C8FE310FEABE0C9B242A
310
74137EC3E0427091967023299BE5D6D4D0C6D15747DC2AEA4ECC57C72856E827D33CBD319D70FF854369EB841282F84B7CA4881447ACFCB257E252E00FBB3272120A75B99119840858486615636E0E0334031AAA8C08A62E080053A0AAA4158431EC727A084021D41CF5D630C94184F6FE7432E8F5F9A4FCDF3EA7CF136FC2
310
988093F98ED622E38E4976E1BF0CF49D2889E6DF3566719FE1F9B47A2D3BF89C69155DCF24F88C609EE551160F0415900B4C48FB013D8900A9192A700748002924771A3686A0A580FE4009E00ACC090253E280B90AC15048E047020483A038A60ED232831F2CC90498648690D960C48E439F18F4DDBEB0B6F5AC7B7B89F623
310
0243B4FA160A7B9327F3AD5D937C8BFFE5FF8B3A5E64283BEF8EAB9F71159514CFED62DBC880614AA1F7994CCFAE7D8C87057F451733699B8DF87056E1F0654B5021E38097E4E23221B810DE20559AD183A61C2C88A648DB096081E9801CA00BC1DA0124E08DAAC15FD2936905CA8DA1C40E42B13F1764E0C4015EAD7F8BFE
310
C99A310B1B7C0BCC7746D3C0702759C89EAD57122092122D1F857067684A578F1DAB7EAC400841F493A468113282FFE42316CC74C756B1C880FE78795C692813CF4644480EE9B02991BCA257A71861F00666D9410288487618D120D0E80D7773E2B7DD180E100EC98B221C94BFC4FF531A09B986230F1CD08378A8E4D0FDD7
310
D9B1BC75F5C12EAD7FF83F3ED19EB018620303C217A6A35D826E72ABF2D8E2BB1B783F6E48D2E3F360806E1D192085D022103473A10375B63853EC54F500B5B064DBC20945B88160DCF7E4F83A0200BF6FAEAC88E9F54D22D898E43F378D20B51B5D6B1457000922202800DD401A9266483029C0D6D57ED80D42A0E6E08835
310
F0F3AC73D7FAE6D56185F04FC44472B854EB7D9CBF7134DF3DDC35A9F6B38417DD6F508B37C1A718B0D054124176F7222F62DFB327F34D451799D56216880193254FF782D7DDE26C271BF38C6E422E271CE4AB8823C9510F021126A7A944E00DB4031D013C88EA0746C96D4574069BD5439C4110403B40020C30B07A604F1E
310
41D19C21A93FD9002DFC35F23B1E7B98E95E38387E3603FE7393680410D702FF9ED5A3C5E5CE68B5827D721FA78F3A9A0C08A79722D9C9B418F46C0057BB1640C70AA4A03D29CECF33987596D53CFB27B32C3BE304C540E14BF8464E080918268D254838C91A01F0FFB99154FD8A9C0495EAA6534A6C464440B4A71E16100E
310
7405088122A35F7A511DC003D002E6C8E7E15F6D1D2FD09014139EC11FDC89394621F77B9F88EB5A583C41E2FEDBC8F82334494C0BFA97FF3C3A34ADE60385B60E5A30CF036E5E75370BE3B83AE73B3B7DC0BB337DA0045299ED0C66681E4AE223D01B1BC3BD4C921E2005FEB5114739040758189BA8A320067B62A3995E47
310
20055065AC2B4A8006BF8CFCC907C0063EACE41813C5F017065AD46CFDC6FF1BFEE052932CA3478C8E5A6F25DC8503D40F61FC1B047E4DFFE8E84407C81F1AC7B5C79DA358551CD0D13785A9AEB38D6EB68A0A8087FC6543E7471082873CDCE5CBEA1EFC5CC0579469E225428E9A43D6A6000B4219DE52E8DF00A55F4BF503
310
5960661C2DB88AC1F67C2890A93FC420193C8326409E7B595FBBBA9AE1D1511B3F6D65B09AC10A71C2317201A603E88C56CC68C91279E83F5C147787EFE6C675F00941D23EF092920330982DF38C65EDFCA89DA98E8ADDECCD77CB86D85118F3DD9884820B1128010D02F1060F582871CC8FF42024C02239273A1CC3BF71E7
310
70DFB7E96081682803188118B50310BD620234F230B12711B063E0F0490FCDA9248B580D3D3DE944A30CFCF2A1E0F6E59E8FBEA289CCCC943785BB8880ADA9C2FD70F6A13F5418444E3A669273C006C4B4EEEC067827539FFBEA9CFF04D84E7F170480037005AAC8829084329899F90B5E013927F8E646514B4824B01D11F7
310
2C012CEACD163B6358A4454A4221D06E68A71062520649BF9E9127D0772D6E5EADED52FF216BC2FC513C7D3C5CC4C8AF009811826AE20203B076A2AA66D8D32E317DEE0EFC000FCE16D9E0BEB17C74AB009256C5D8AD1CBABBDA61402612C675FBD72D07E633B1A42F2421208CE01397560811204306617A5141706105C9F4
310
984C459F2D0F6C392FA05BED808512B0B9A8A9FC6CED89640EA347D31F0DF76D3D9E61E800FE9F7601BE4C9614A1C58E6C839F13A12D0EB426DE6386B82369A9E6A7F1F9146EB578A2EF4289AA109B4F6CEFEC0463E0072A05CC9DEDEDFE08407B173B8AA65399C80B2911252E6290C82CC1B8909140C11B7AE161B42B9390
310
5045D017E00CED6D27AAA15F2C2179F1E83D411A7020B9408D202381E7E5DEE5A9E7E5CDE3B186433F488AC81554BEC09BC579018ADD1DCB3D9D70F02B14BF9159A4DA376225FE43DA224FED327941705DA582B2FD1BB5DC0540667B650BECDD1D5DDFB0C7F36DEE2B94F6EE2EE4E426F20A1174C31DF153321A24114C4FFF
310
25E505475F6906D4149B21F1BD9D9DF7B059F8E0FD83323CB97991FE80EE131A9003B81C491B218B1D42C0C0D593D9D548003839DC29A740298B0C23F0CE14BB167BD61989AEF0B985C8FAC8F923A73F31953989F0F6C96CA6C4D0A9A88184BEDBBBDA3BBADE77CD8E2FFEDEEF46184A86671D7DDC51417477BE9F04804F30
310
5AC82C2D018A21EA903866A0F959FBD4139916D036635EE03DDB7408BCF0627A03027AD314C09B0A27F0A79490D53839D0DAF1416995CAB24101FA63F75029D57A4CBBA9FB4D120ADB17FB5A999FC9420DFE04FA670430B90FE7F589F7FE8D50A4B5F004CE5F07EB4EA007F8AEAE8E8EF7DB3BE2F81F42166C7246FA9E62D0
310
2C8209BA1024414C483498B50229FD923F2414040B2081390AAC353B5283EADA12A30B1080866D746B9ABF5BC107F33C2A015B275480759334B83AB02175EFD0DEC785DFC505E0064F4EBA5A97073A74C5C9FEC97BD25D819E28AEE661FD2732B8BBFB1BF13441B3C1F45E8AC1752BBF80C113DE960E0AC7D9D02C58C80505
310
A19BA0E84B14402601A590A4AE00A825E98C3212342302EE10FC5100681F86834A2804BC409D70270A2091DCE874B16BE0706C974EB3D26EFEDFFCA6C4579AA4DB781708469F055532A7046C6BEB0CF39F3ED2EC4FBCA3D00EA91CA68FD2B87B5C191E0EB2C300F00A1C9881F263571C6CFD83D079D09F176FAD839340CF03
310
0F70458F81F09AEE1329505150CA0A00576B56C06D58070B23086F685E44232D9D53DE3FC3731044F286D19F459351863F749F1104198D6E14BBC68E17CAE70D7AFD958E350BEBBC70C9C4DFBA075240DA27D40AD7DB063A097DD3F041EDB3E4B682A7A12A548F3393DB01945547175879989302521EEB1431B08759B632B1
310
74E0F700E774FCA1BB83F95029ED1A084288C8893520E49415E00DA080AE8027C34206D35491D050A4C6B080F6A20889A2FF82379AB6234F6710C05F9080ADF002B9C9F9C583AB220F45D618D7E7F7547FB27CED8A8B7A7D24EDA4988B0C1C2A1AFB53FDC61BF3DE50D63C560F0120B0372F0839DDDAF13E583B868717C1CB
310
8CC71D1D7F440CC82184803144196EFD58BBE00B7EE77DE8C015942357FB06FC906A5E2B8882CCF9FFE184B0035A5CF186A962A63F84B3AAEE3D5A2C830008807568B6A9F424086D2095A3E262DBF124350082C4B5DF4704A9D2C93553DE47BD6766B69349610716999FA25854F759CA9792599D3837ACF6247CE8597B0F96
310
0FA3EC45B61715050260C5844FCCFEC9666BC71F875B17E3BCB4CB151405D7D08F846B4CB952248B4603CC402B609E90F0044A007FA800EC46D07A51232B00E5683C55D5096E1374DA4FCBBDE2C25A5B8D26008227CA7758033D7D70DF12CAF7F247939F93F1CC63047D63ADA0B7CC8771B234D8095FCDB577B586D1834062
310
035670E204B245EC093FCBE15626C10D210CB38A13F50E10A0D5C0814B0C4B30AA9858516001669002229618F100767AA3D6D2528595FE7A398C2D2300ED0013A0AE60B91644A057327BD3C36BEBF48C91279B45F8BD145494674AFB211A91977CB838DF35DCB3D6D6AA2FB2784B591ED785DFD7DB77747DAC9D2F7674810E
310
FC2895F9ED8007EC7885101679C06F21E4B1C8A6120956F80518D1DAF1717BEBFB5803E20C6F2A11B2E48AFF4AD2810A70054623E341B3D1ACD92DA91150DE631EEB2C28882D092049C0DD38E262A7BD6F98549930C9D44B7C37028AEA9F8C5628A2BEF5704C0DCB2B428181B1BE766F43014498D2E57791E4C8DA6BD2ABF5
310
003F0C40202E2E32EDFB02852D16C30B7F646B98FDF86C7891690043128B0A0DE6B4EA27F08C30CA34C9D0AA0852A5997F8D11A6EE84E040B20472020256F4AFEBBB74E6705A12083B249089218E6452C8E5A69717E904A3F5EF3D5D08EC1F4D4E85086B238CFFC11AB9AE972CB775616C6D1DE04DDF073B4DE3747C41FBAE
310
6072901CAD0237100670C5A00C2C3CE063610ED824826C1F6650700E88C00B62468903A0D71D3A390255AD7040048348C56C4647413C2C2561216E0C469203EF06A5B101AD40D0E207F78B124747DB5B4BBB4E88B1C373C114E0470B345156EDDBCE1B4DBDF81DBC400746B0B54E05F693707B89A5E430982C2AC7D10DFF11
310
D5B102B9505034B35D07E8E5F585757F088B390F2D4C85CF7218E8418BB4F25B885053D07D5A908326809F31D6CC6B77CC948413B28664484439D118DBAC27DB5AC40C1AD166F25E6A2F0AE82100C0BF220405323E1FF80DFC518CACA8DE1003F3C9FAE9C7B2D60703A0004F8EAEAD2DE0F5485452D15B77B4B67F4C2403B8
310
D8F9C533558ADE058A9E177A1698F75DC0EB4C800F74C0270178C8579C1FACD025F0560844502D2BBC01E620030CB93636C1041636A693949CD80139FD15BE107F905590A292840F8860706D07E2970A2F15E5B13B87C3143CB2930374CC46A6F9B9D7A5CCCC14E11B9E879A49FBE27ADBD6DA82410FBB94FAA8487D61B51F
310
4BE0A03FD08743C31020D6628ED20305A22C2C2FAFA7ED1E7881C438AA5B9035F20759E243C51F34D0D5F02F11403B9E204CC1686C0B6C9000470561519CBE1B0E4FBEAB37A39EE4B84C05F023858779341991F36D9D9F351E7BB3B5ADF00148D9D05784F9AD8B037D48C01BFA83D4247F03BB768BEEF973A14E610090D4B9
310
6B1EEC5C5E66928F28EBEB6CF578B067DD83086081579848E60DFC7684044D8174993C39F886043481F6A2B743B18749E52447CD4D230513032D20D20206E536E15BCF7B7D211634F98FF9986287F33F9A94615A5A0A7CACF8DF5DCC1AC6EF9AF1945EB78E0A2FED1DA2ACC00EF983F9A012260BD722EF61C9DBCDD8719703
310
ECF839029010CA0B9F100B1D2842153E01A1A3837AB579516A31982FD2908A09100DAE591016CBCD4B011A2F4DE299E1338CE065DC4841BF9895D8C81714800CD08F5AD39601BC929B55D291F6CDCEF2AB40DD5D98F4E6F107C47AEE4A09A079C05316F479DAF4C2BAB83221BCC0CE23FE3D3D4C7BC9AB673D89A3677D6020
310
F6E182332028012FA0FBE0B2668FB85485902A8E7FA0BA2105C213E20BC2169211A4BABA7D693C3F1DA961F203694853137073AD5CD25F1C017DE0477626D7BA55B88F83B5EE513C41D814639FD1BF759171F4577D3CAB0C3DFF68B2D3B1F8478C18F67BEBB2598FA76A4545E9E961BACF657E0791D2373030E0EC9FAEDD17
310
BEA7703A738185D08236C407448A4CB504CBF01FF43859D3115488EA01B55078000DF085911805790DE1B41B6F8CB2889C3834FE02AFE07D85143C6C008438A944EA63E047023A7EF37E13B0903AFEA7BBAB9579330FAFDAACD540022980B65A75FBA17D388F1E6576405CCE7032D95BDA420E7DC0EFA320879E5F8B3B04C1
310
D2D9C1114210C19FCC49DC6A855E12010184DB8968109ED016E4683CD552A36B3AFA13BFC2114068935A7E774CD2C7225642B73325938052D8634ABC18DC9442BF9E0402E85B42F9F3273672DA8E8F1070405D1DC3248487574CD98092B8B956E6AFE1566530B78FAE05B4A0DE51FBAF85DD075C7E11939F80E015A58D1F87
310
E400CFFD2306C4D1D3C634380A201545A92BE01F445800BE12302AB477BD6F62600D211232EB061448A0D2B877BB940D63D059C37E0569A83DE93E214F4BD86209FF6F479C640AFF8AF6D1BFD987D029A94DB7C329B4184D4BB013BF912FB88FEEF913071A8D82B651BC10DB067A7EC52FE1B421883144C00F64FA23A11CF7
310
08BF16CA59F18D4C04B8085964B2D8DA4A855187000BE440BC816FFB13374640B0EB1D0998AF38A1AEF503F14302E2811081FC12EA6CD38A63B33035125F40F170C0B0AA45E9FCA38FC6D688D48563B5C4B4B7C359D3C7AE0EFB16ACD5E2FAA47EF8307044B4EBE1C71E84E742D81431FB06B90B600B9C239E277A57C94C42
310
7EE10E7826980C0136600D916A06058CBE8604DB4D314FBC014EDAACD0820F14BF75449B70339490FE5A0491221BF95F949DF1235380E969AABDBE2D32EB4403D3FDF17F42F9A0A7C28ED75BE86BDB7C7EC80C76F86B8800F77B305EB88F00A4352E0F8089EF811EA02A3DF08F7DA008F803BE4B4EF5F41E56087099E92070
310
8C3D720916444440FDFA013D4E1201414123A09290F5BD7AB729298209C4306D007BB0829FD4EC3A6D7E4F00B67DF38CA0764F832F0448E58439B952CB4F70DF964AFA74CCFDBABBDF273E2FF4F56D3DBFF2A78D42FFF2755DF307066497F44062AADFC0CC546F6DCCFECECFA232E14F408F05477D311B683A35BC245FCF8A
310
5CD2AF20022C21022266905A5BCC8B20235D6FF04019CC04058AC80023662E25F342063165956320BE50370F2A657BACC817DDA3DDD3EFE04028645780A768FE38DBA88BF2EF3ADADFC7FEACA952E5A77568ECF0C971DF32BF1D24F8486B22A649EC81B1B60315CBEFC026091CA45F858D7D04C1B437079431E63E38F88075
310
8842E780A9E03791C0FAAFE10012588C3C592FE35461A6047802BA18686887023A422A49599399893103942CF6DA53A8E387825FA0678B261F139F801E2B17C901D0F5217E07AC2401A87D0480F753FBED44FE949C93A1D042B879FCE499B3D861AEB23F9C1F372F0C24D0B7D6E70FE1AAF60F84BAE642D82F0A9F53E22783
310
915518494FDBC0AFAE7DA282E5050B703570E06319A015E00D693A6BEFFAE493941C3B08C13B96BD20D0115A9565701DC58568A3009DA13E965765C03091F0FF339F7309D44F6E61F837F1B1FF920450EB8FC48F9B40158BE89C81A597CFB0DAF5F5755D3886DC13D4479599B583758CBF35663AA234F133F91D3BCCFCE0A7
310
94367F385C59B19431780F1C099131384056616E15A1563B50021D369C593FB292685A68A8B2A50A0A2085CF05434617E05FC24A6B077B990014421A68401AC4D65788EE25F737EB780D08A6E38F060F2ABD889E1B889C44852C2FF368C1E3E710D73B6589EA83F7417B341ADA1F639A23D15298F087AD0326410E116C3A1B
310
325218433C71AE62C07C1480F1C045629724A076A4BB8D622D24690486727F56108D07046DAB065000678E04C4F8C342DE27F4AC102D854F2D08D59B4ED0E4F697B0FF62F113646BC5B7F3131D4EA8BF8B265EA3F2026E7061B96F6DF3D993276B2180B8E57067587428579460551049049B074CF8B1066C7E14C705F0B392
310
98C0997C17F701097023BAC31081390196801FB0C2A12380042927503D5A01CA127F9841B460310639C674BC8CDF1A320501448E0068905B07F6E5602F8C1F07786253438CEC51AE61FDB25FF71B09893AC026A9EAE3F30F369F5D5EAEA5801FBAD3C98B38C13EE017B054F81A56F05259DBDA64FE270B1FC4C77200FE276F
310
E814B916E222575ED717A62A92956504605268408CFE13FD61F84252228376060206802B9550F00B9D47E6AF1022538A752CF4FFF1F5931384A9FF8700EDD4FFA2B93FCBFABB3EA6C607FF714B0B8B04EBBE83B52B246092AB018C0D0002FC490849F1E214AE6FC42009D6D86616C835B65DB9862EFC4480C14137603C3089
310
D0A5588FA27E693DD184131BA4E88C35045ACEF1CDE1A82323C20B842F2419604821196EE8185BC834AD44F8E9B7549A32900196E9ECBBE20FFB4706861AACADBBFD9B56A23FFD3AB8BFACC18B1B5AC0ECD7B6AE2E2E9CCD2BE8AF1B1BC3A813B94107E82DE67A42E7CC7D4A6116700B5B2EE3C338A09B840F07C40A64800D
310
7C605AC42B72227C4C7020AB1F20056E26F542717F56534261DE3766AC10A6ED2D006DD03BA9DBA507AE0510A8B385C92363B9154167F1230C40D76AF6F3BE0CA08F8BA2FFBBCEFB09D0986550E0F0EAE2F2780CDF850CB0F88CFC2815FE87BD83909F474F45DD47F1C821DB2107A8817FD45384F57891B65F2543D0C1E20A
310
89B4A8DF806862AC27C60F6A054627FD344250718AC0FA21CDC4E28DBF2650D1B39D8B8A420C348A4F846E2BE824BF8C45E1DB8EEB52F576F47A75FF95F90FCE0FD3A7A08D48D5B9AFBE3EA658E1676FE3372FB57F0AD8D70ED4AEBA3D4C2BE0AAF1C3AD63A6004D12900CFC481A47430C9EACB390038642C8C41B13303166
310
614210592736B8603AD4FAB17189DBB32F3915F0C380795A089A15228460BDE8E52203527D41B5470901B088D84FF8B3FE2BA7F4FD30ACAB3DE0B7E2FF95807AB0010FFDE3A048F7360F9F3FB9380EE537F16F8673131325D3351A3F664022020811A0FE8C019CA17370725CBFF64132025DA1BE2555102212E80A907FB43E
310
D80A991A8AAC183932C19AE17524B06590B6AD286EB99BAD18FF4BD64BAB519202F992A963648ED30E7521F909F090C0213E367A77D8836BEB6F34D92EDA624183070248351F1A079E5D3E7A9EE81F2CE6678F92E299EE312B6C0572C0A7B5EEE07853612403813152C7125E2022A20C18F855DBAFA399817FC97FB6E1CDCA
310
31D348434ACD0012F0D32A5456B4007E6E92D72B1A4E9971223A42C1042819E4049C0C5801300C0013FA48F8944FBAE71DAFC27F1826FA2304ECDF3F6C10FF47D5C7E49748DDD687DE8E91C09394EE0682A4F84CFD6067EEDF43E67EA46CB2F4070160439245F00343D03BF25D7E2F26FC400A896DBF19FB8D4D0A66DA669C
310
3D608F9CD048A0533621B25690EE19D5D15248E390F042B12C682511B02BFE3E5700E4C9A9B2107A8F45248FA48234FD23005ED1F4EFE80D1320836F04003BF42856D478D1DCA3ABEEE3C68F9F30C3A16E5C238EA5DE3FF37DACC2F8B7980033F47FAC34421EF0418A045394802CE032D61C70023D788136788613887C0011
310
A4EA316E005718AE191F8D0D841B9C679CD2FC478442D005429166F5A24403B1E6ACF3298F388B6D0BA933D92339D48969A5C11F09B4FF017A9900A4F887010C474717E10F36468032FF33F4AD610517777104CD920C3CD15FC5F3B3A0C75BBCA3B00F2724863C10BCD4A0E00736C7981F2F72E4B001438B99714FCFAF713A
310
2603BC710376A1715FC602022202E06FDEBBC680A3DF1C4C095A12C50B554FE7623B50374FB2129DDEA4C392C9188077658C87F55FF92FFA507FF03FC8DFD3F31BDAB46DD51AEB03F7E1B38B8B87CFF47EA1479C3EBAD5C6B382C221C0F1B358B39D76D9D3142C4A20935F541E492E0EF081BA41B3620A8E172B584EA14856
310
32E22A8221CEDAC6110AFA4B6D43E2B76A18AB240BB24337721C9321D2C033B2D3E2641A55A400A28403C12D1DADE39AD23FC5FC08C47A64DC3FF6DFF76B5235124022D7E6D6D5F3CB870F9F31C96FE477FAFE54100068A3A87FA5908A2C08011CF31309C10025B089FEF9C510522B8DC07C30AA469841723A10C08E27F00F
310
7FBC181C083F2809EC3B2B328E294AEAD5A071B3A95C81D2DE3F930372D022C9C793535B92FDAD5426E90490C3C81D000017C6494441544698C416520C1C40C71FC204B22448FD9303782FBA67089A1A7D4CE38E89050FEF5F1E078A4DCCFADA058032C34C1CBC2E1202B1F8962B1A8024F0EB7A11F209E96FB369D4B64202
310
FE7BA230AD24C46413536EAE955B341B726C593B5D4630C0BE822480908522B0D85430230352618DCD4F7BA6D568BF4343801480006658EA3EDCBFFA9702B4FDE9022163C43F9B72B58001A23FCE6F0B3FF0E4E1DDFB9801A6FC42FD0132CC1F2224F89933107AD30B6C9131A53818AE944BE25A70810821C38F098411980E
310
46D108F483DC63F49B91B852351604091D60546702F58A3872A1716411B642C7629C267E64E77719F46B0548FD6BFFFC86A38DBFADFCDF700228C124C8664FAA02BFB1F92B09800876FCE4F2D1C3FB4FD0A44E0106A8DB8079751CBF0BD9340066C3D52BC64706467C05B5A54401BE4A1B0132A55EAC1CCCB10D378A3DFEB9
310
812022327745EF2102886A9142C812A1A2C9708027BB55B7006357459F9C2080E0BC34489FC629510F3017B62D5073E2A2C64048A0A42580E413BA9E08274091A398EA80B5BF31C87BF5ECF8F1C5DDFB4F22AAC181F070AAFDDAE5650C4000516440D8806786D874215149E69ABEC43FF0EFC820FEA112B0522003C84BE03F
310
B76623513B6D840820358B084119B0CEC8C00AE888826339A54091F5FCA513AFE147975BB1A86FC50618D9D74502F0C7C8815AA306602FEE3A5E79E0D7DED1B221001118B73182CD439A092FF801105D1AA14E1918EC282F6260869D55108065988BD67F68E5581720A708051F7C8070F582389C682BE53F2AFD85853F2A01
310
3D21564028E06E79B7A71E43212180A81541EBC88F451E02385100491AB0C4A3BC5309A95911E66D04C0B448366988ECD204C2FC930F8CEE8FA410EE4C25B58DD1B6EBAD83F6196670F7DE635282C0A56A851AB035831725F0471A10FE52097089C80495804100318405F0DFC2136004B4C40705EC9154315129205EC35793
310
0035688F61AC02188250CFA9A980233925F16A117A48CA54DAB6400221976B75D863330942E20EE3B00B08FBB71AA813B0E502FD2B023DF70114E0D7DF2E2EEEDE7B789504200112075478F2FBD6897835C91F0C20782401E801A2F9142700B74805703426023A81CC0BE88B537D0003E0C5181D29EB8D83050964DD258091
310
0A1E7A8138F76253DC01DC2F3824391AD748276C0B0CDF12366625D038603D0003E0266CB42704C8CE7FA7F11B4D59C0BF454A78F8FCF1E50513715D469607031272358F04E0003C90107223A581218F10008B10247CD20D860FF0BF48801040B361808148714764028EAC137E871501EFDD97C89B52107FF1235B0928C562
310
530082573CE137840EFEF82A0BDC602736C595912FBEC69E6A3A26903B3A300C5A098A9E3F1810CDFFBA019D97B4E7A7A075850F2E92569BD960CA7B8304995FD006FC4213BB1448A6F4BFBB3A9F9FC4962D0A1369129B10073771FEDA38B1737B663A71C088D8848027FC3008DAC4E4397A6F76271DFFFCF77D6BD7F1F67D
310
A51E0E08875A6BAFBD6BD7AE52CC04A0B4A2206F650EC412841A48258258E8662C3838FBE21E25172C2A15A4F78D82DCF68A005DCF07047C183E1CE47731BBCCB5469D9169E0D588945BEB637E87802A03D88FB82486210D28FB3B858D13DC7CE75F5E6F3B03C1744D30CC58C7C7A256146853A05243060B850072A7010CA4
310
7CFBF9A1E24F414037B8781E8E9F219A774B36481CB43E48A79819D638C8760D672FAC19FB9D3FC5EA9158DBD0159C27860409682E8FF2595652FE189D2CC2D7C023E944158355806FC320087CC74116030CC376C559C098B93A041C5DDA48AF33827D2327DC761D19C17CC62780D82A170E6CE7415A5E7FE825E053048F88
310
D2AC2A561CA4D4C60098DA28EF1A01382772484698F60C8DD24BF396EA76260542810A625978C03580A9CAB91D10249BE579B0377A3DD15749A45F24C4D81FF3D7D7996F6A1690288008C0FF6CC186DA9D5FC95BB09B1301004B016E707FDFED306A1BE8FA208828F00BF342186839839F1F6FA338DC5A0200FF383DE92614
310
C03A4508DA18F4D85F9354F7E867AA77A42FF49BBE6757A1A7454448D0BFC3C220714FE43A3D8F1547BE10F0BC5A05985AC3C28829A06FE24CD062700601F4AF12AF99099B08E7071DC4626A97C920C3FF96E190C9D1FD7CB6163E800D79E5F3F10A9306C02B799E80F1AB380E0571A584C0370A220C3125000B500900D96F
310
EA40409F980E2083E4EDF4D8D2480AE5667222E020BCDAD4EF19682120818FE18EC7FD6AAD67C03F7DF1955E697456F517AC4F24700C30171C67E9168B109A4F60AFA60F98BE30941BF776DBC7C70792A2FBE98AAA97224F8BEA39B47BFD14A8CD03320DA2B676E3AA397E652E30A42CE2987B7DA1EF7F75242413800A04C0
310
270C62A13372400B435ACD84B8B5009208F5AC73EB149FFF3508E21C2201E0338BE07E50EB47E7FF6D97724A601028C5519073E7978EC88834410450E074DD58AD13A4900103A6444A9CB99103229F0EF8C0C78161EBC68137240734CDCFC349807851E0EB46CE864D2E405ED341B71A390CF2DE20CF5193189E1901E866D0
310
230409684B193D17E2928534D04240937D3C84477494FC5E0FE0B448E35AFC19007926C1C6A6E622FDB8A12E30993C6710E070397C4B26304C0AE38218D19F01FFB15BAE1C0E7E74DF75F2406E373C414E848FF8E500EFAF3C1029C9C0ADAB2313A7426CA9B2C1B9E30032C84EF31A09A88A386F136E8C2F1D582EA0459207
310
015F10F1F001F0B1B7DF7222011EA2001F00BFD36BAEE0850928B08C077030FE3806C880EAA74BCE0863A952812E6008B3A89199C1EE918AF96AF583F1A073B0A355B9D861AF1460DCFB3BFC6B7EFDC834B09700CBED3510E48DC7129041C991F06BA5006CA6B5B34EE21501374E8DFC910042036111EC9C7CFA1C05D48A72
310
70F7F835BF04A4194DA4CF76CEC66718C84CD020D04C412AC848F03E3C61A1C8D50D0EA6838A00376054D3DF61A0E393E1F8B058A6C994093476D601A4A06F0CFD3C0A6BFA910E75CC10400A80FDA93AC9B5EA4303F6C0D188B559086091CC5910137772E14F2376D03181B5CFE74C0EA38440D0AC256D6C4D104CE05302FC
310
C00B60B9CD4D71E08BD40C144A025E60D4C1F45FE846A2105D717EEA84808A5DD90A168E133640311CF05DD870768683F5D2F1800F485AEBE5CABD8FFA3C0BEB33702493AEB551B1EB035EF5C8E5757FA7832141F88E8578A363802B560007AF93D7D470B478C4D00B412D634C9140C4F9275C00DCE8DFE3C7F8C0AFBC5B2C
310
E82E3C3BDF393D4375D50C43CD1C17E3777CD2C170725B7B42B41DF15BFC344DAD089C1E9118522B4A2C60B794E4E8F33081BB7C8CFCEEA0B2015E49D586429C6C78646180B7710E06018A3082243C275F077FBE412C17DE80D3E6B9462C5204C5D980D1DF84A864401C483CD01B143F4A4868087A0F780F37230200A4FBF6
310
AED325114C367C22512750A5C7C3E32D545CE20A0904183BA10015DCAD89864B3E1EE97EBAE8B204266A48E010511838E2FE413FB116E60880C2D8440AC3880DDA6DF6618C138CF1CB2A09637E18D00F80CB0DC05322E31EADB8081C29410903F06BFCDF5AB46024E4A75828056440503C707856EF0C037623DD4922A400E8
310
A6BD75E4D2800905F18450A00CEE88860C8964C7B3F90F56528BA18F71CFBBBCD2D05797E168FC37DB26DBE0DD2EAEF39686C18440820013C1444055402A541400DD362A0A402F1FE51246404E098249FEE30708C10CA0B54601053159480C00BAA9B1223A773234FE72FD5C3BD81804D8D196FE3D5315A0C981D88D04FA01
310
DFC185CA93F9120E1F480B08063364A0A318F08DF95056E4C91F1150D31B011200383502E079EE43CC18603AE2F88FD139C802A739F208E88D06DC78267C448C27C4113C19B0F51B0E9C1C021CF8F9167C6B1F2E10E461002910105D1042792D1CA303F469714C018C23D72179E165049C40E801CB96CF334562E5807291D1
310
E0C70FE6CAD91656715F0E5C5E70F8D7F83290549B1BAA6F781D25180EBCA93EC84E72A74081CE3020789B3790E1A9E478E658C099BECFF01E530E80EC5FE31204ACFF70AF8177A03059240CD074978A002A878BF883FEEC81DD684E406CA630ACFDE87292822A11953710F000885D6F68A67ED40CD772B0828359B753F7CE
310
23D9479AB9845771B389D6A77130F8C134EFC83947392029B10E4425440A84AF0E54825228FC1634D369874739C837A9DDC83C20D320C36042610ECDFA750303710224D01202488012CA847424F8D53F78AB6BECE9B3B35A7F32396AC6B7444566327DBB4DF06FD9616744F4D3A397EB3B0A3FBA8D763702883ED742FE5CD2
310
4146D8E353ACCF811C806AE09914D8446E93840FF4D6C963FF32BFB6AB015D1D3B0C9A0968776F021F21404B6260CF84A14F35180CE20B5E85BDA2EC91FD5A7DBA7E5705F4F0F97AF26CE18E3BA078138202400A62930FA6CC7882F911A92F33E547E64990B0F27323D73B6222863F86425153FA8009361C675554C25382CE
310
148420C8DCC47A20122806CA178A0918C14CBD33440289078A00EC6070184CA9907FD0A1270478E0B325B67C2193694EDB7DD0F3C238447C8A11485562FB4902134E6AC952FD5320A4F7C780882DA9684285CD81D278C0E8FF8DEC9F45D22DC3C2CA99C2728110888799575B6834BF22B0F01EDE72D7F21B672C40F0A97299
310
9E2200B7C91403F9BB3D09C01990819238CBAE5E7510D7D57450507E3DB04AAA0A3C280064E0775380C8C16EEA4834346A04BF0CE847B4B3AF760D06D24BBB267C32E2C9257DE5EB748AD101AF1FD33265E2B674EED8C01A0AC901392211011AC810560F77778E85B13BAFE3E25C95B70919A4862C15928BD8989664AD8638
310
101D009A80F00BDC41AF27602A4BDA0C077E550048E7F1011410F01405045E1C140B4D0E70E0F6E034171C3D6FD12004FCC1FA304312518910356628A4A326EC9ADF5DFFD1B2C0399503F14B4F8E3E0E4E39A06ABCB56A8014687E86E462BDDE5124615ECDB412B7314F62E6E0C76ADEC0F717B360E741960104CF1706CFA1
310
8E0605004B01AE007869B095ED92144A807841EFF2811C047889A04901C809062057192688C92346F97F279449F89B113500BAD282D1DA80A55C27EFFE02C8D4F395003F285B617BBF0831F49B055342DDDD414378E8888E92C16789F269A27C9A221FAA4A0DFDDB9F935B2ECC04DC51481558A69301E0460B02665AC4DD30
310
C03D480866C3409400051811876014C0F294C542821AB045011A3E3F09001FF304E3A0BED05CC11A811B865001769507FC01ADC611F400CF68C7B093606E30F3C7E0F00C1D10C31951C1E2D7252181DA00345842A19130715C736EC9ECE686A712FDB31E4D3E50AB336E5666D7B212C0113C4A4406029709B43D0228F3FBAF
310
49921B19CA0C82A2D5BC4A2079809240F37D3E10F9637607C3983F0458508A98B8B4EFC92AC13530180CF55359500080061DF59B98BB3FEACEE881DC8127F182A885A86FB12B43C590A4380504E32305E3148BBEEB2D2782029765428092545BA5C2C681FC5F8E869C0EE1034A822FF09A12C94084505AA868080303473F81
310
61F7AA0A6610745E280BE4427FB770106F8800EADABA19F453210435BDB2348471B13B65F2FCB554827632C4C44467333E4127095D22092ED492009930413251B5408345065065E415266E20279A40B3F520370BE2050C8360E6BB4601C1673B9BFE007EF5200B6483CD195400A783E6DEA0653515B0FCE8E86D1618FC1EFC
310
15C2E727F24F2A2DAB57326D8D0877D4E298894E7A0C3C7D9CE8A0E2D17AA2020FA1097D6372F2A9F955060FDD467AD0426368C24A8340FD0D6687A76316DEF5179ED9042005A2BF02A5DD810A4DEFA4A8F700EFC50FF4FB8C06410F0303C106ADF8852ACC6A2CA9046E9ED070739339857222CC009E206479886EA26227BF
310
7A341A15C351A8404A6C10080A2140FA4B4E8D9B9A11645899332363FD69887F436A660566964250FD752E787B64BCF8E6C8190DF8EA0C854C062D8A5A1346F810414313E606ECA0AC3A01D6928544029D5F42E202C0CB386F880F7842A31287061F32F3CBE09F2950783394F2F2B23D85386C6F51943E99DD10C8A0000BA9
310
569A14805693274BD0E4F4DC3F28E331EEA91C4F33ABE057889BFB92819187840A08E57A276A8BFCB75B0342668C70C565C8059996D209C2800941A21FB82B2F520BC2E6FE6F1A8827043DE17000DACC8193E78BBB8DF1467978C06F6AFE986123E3A95272CAC122046F4C65C4B88FED2F1CD1D918F7CDBF8903BF1A90057D
310
42F4DC133AF804ACBB58446A0DB78806FC053FA1E45D0AF1112613CC0DD976C5E70AD3282F42725C0D02AC8588DE451B1C01ABF063E7748A3882F0DD484BB78D037F9812240EB88B6034C0AD53E5116D4C6D920C6A89F084E6D0598AD7EB6930CC7B293E27A666E5CDFE9A3FA52FEB3C97976FDAAE9A60008FCA6B33099CF9
310
880D35D419FC687D424378E3099441E110C5B3C6DC311E6653514A67A530D863326C4D8430E0C28024803B5B069B0E60C10EDB6DF087034171DF01F1F3404B27B1056D8C0E56E7CA6056E7798147BE4C2F01CED5987E413AC6A724876DE3F599E0601CE7B9CEF3BEB3671E12DCE8AF9631B8031D3F360B6955DC2342B2A0E4
310
632A00264C0DA002220CFEC3E10D9BADC8904D88DC51928593AA16C91DF6FFF82B3234404C7214D0F8608E0052283EFB2B0563F1D072936C4017706010BCF1B16CDE0C1FA9C777E44E1F5259B0C9BBC8794A82A6C182A3AF56B16921405351FDDC91B5BAAA617860E8D76C97C377FE701A4EB4378FA97C2C8E3CC8950886C6
310
FD93AF70A1F5F676B7ED16CBC56AF5D09110EEB8607CC08A795882358280DDB98AFFE7087C6EB593D62F041CDB4018935238E73F1098100D0C8769818F777057F64C703C6530E142FDF5C837AE1CF66C94C4887D3A3726AB990DEA248F73B5D32C8E04F6714B1E67C53FC52040252E605B322407CBF8C7F05453462A295ABF
310
4D95592DDD76AC23512E9A2DF964715C80DD752CA8E263AC36F02C3C28A133EB22AC8D099BDEFDE28C3E8FFEE3815D5D00C17C00511058354D62443C1A546280E43572A9C661A34FA5891F8E7570608C8DF21DF51DF9D2A84D4501F41B8CD4F4C9DEB2F901E810C0E4CEB6EC08DFB06341C864CF8D0EEE779A606545E1E64A
310
AF30A4324C20FDD3BD558BD966BA994FA915CD162B1978642AD01694E533EC190368A68234657085B5F88E27A0805E04B8BB6A00A51646EE3C10A50FF007FF410F1963CA69BE2002F0F902E701AEC995FD41F83A3F0C3809A3288A083003A6CC2A20E6D703EE48E3777AC07ADD51EB6101603A9FCF17B3D5928F6D742EE7E4
310
CF38AE2B03C5FB39C81D7B2978FAFE85AF3D2710B0582C970F0FEB0E4D1103B8BE2B4D560CA10002FC8F334C891C07B44FE06B2E3ACE5E1E2D1FC32203110ABF9CA0E8381F68EC3C06701328E5A38278A5FCD944CEA5283DA933DF2A2448BD23F1C5D8BE04CC2DC3B43B3EEC29F8B5FF926D11D3E97EBF7FA1BD1E5E5F5FE6
310
D3D972F548547783146ECD84873F377C5820F7F9FCE5E07378D6CBCB7E036DF7F7104079A05B77C6942D1BA95D47424BFC3DB6411009A42E207871B7EE9B06614BBD20F22F7523FB985F3F7068E37600273A3ED0C1CCC380F6EC4AF01CC1CF95E4848B7BF950AD14C44F10460221E02D21D01DAE800F323704C00035DFE97C
310
B37F797D3D1C0E4FBF35EE1E5E9E0E879FBF3DF6F474780A01FB3DAF01FE0C0798218007C2090A3008BA7682A338F4A8804A06CBFE6A80CEC766F49853F15B2F45FCEA3F8250012841315016E75E797EFEEC4ACA6C79F515CF1738F7C36E2406071051043817C9E8C5888D49D0332E800062FF54FA562BF7446CC0BFDFBF86
310
03D1FEFCC9F7FFB5A7F000430755C2D3F72F2D02A022820897ABDD44594475BDCCA4A10AF34C06B08B4AB58BBFAE30999DC66C7CE903A83CF8EB006EEEAA063430F84B05F0ECF644825F5E95073870E72A0771AB89B080022A0C5A9FAF34C89286257FB7BEA000EC65B59750C68E0815B0D9834B15606328F80709DE09018A
310
C2A7817F83F96DB3D562C10A0A31300230CD4200B87F85808BAF64D04600254047F9C14DE93464009E7F5AABB4FDD6D55142A2C0BF1541FCE19C20C899BF4F76AB54B84CB97F88F48ECC029FD253F0C70DF4816B9AC94BCBD653B1A283C4001A0337955E4AFED3FB790B6B1F5EA0B5514074103A38D84280EE0F5F9BE974EA
310
B2D16AB1EA969684B6E4166CA28264B300474C7308D20013B204A65F82970718D05678B3315D442E1C0A327E2F56556040C005D2FAB1326A68A07507C9E46A3648555A7080F5F50219A00E6222E3E0862CE95B5680930530742F1D041805E69B788161F015944D041182B861A2C17F3AF01CF5BFDF6C343F9171F5B004BF59
310
C016719164B888EA206A02AD05E8464D06B48E4381A0E9345FD171625AC22198F57C003BEA5510F81FF78D31C9B033D0030000000049454E44AE426082504B0304140006080800C482D55A51464CB48900000043010000360000006662782F31383731314145442D304138372D343837362D383933392D4543303043333138
310
373035312F6469726563746F72792E786D6C9D8F310EC2300C45AF127987122606C71DD918B841D4B851A43646695A717C52A85029031293A5A76FBF6FACEF7DA7264E43906840EF0FA03836E242F406C6DCEE4EA06AC22492573150D1F66C60C640E8938CB705396EEDD86DE9B5042FE27813D640EA63BB001C722AF6E55C
310
B61E4863F58284D5D3F53DD715CE1C3985E63FD7F1B7EBDD617E9F1E504B0304140006080800C482D55A50219CF4320700004B1C0000340000006662782F31383731314145442D304138372D343837362D383933392D4543303043333138373035312F6F626A656374732E786D6CDD59DB6EDB3810FD1542FBAC9BEF2E1417
310
899D144691B6A8D1C5BE09B44C2BDCE80652CA65BF7E8714294BB26C2BD9162836051A87A686336766CE0C47DEC79738424F84719A2657866B3906224990EE68125E1945BE376706FAB8401E4BD3BCB6CF40098EC99521968D8517B2B4C8D4D28EEC7111B557EF6EFE423C200931501061CEAF0C1E3C90185BB8C8D31DE18F
310
D60EE7D80AF72F966B951B9B624386B387D651196624C94155584F408AD2C06DFE0926D90BCF161B1ADB06FDB60DCF6CB3A5E14D4569C2739C04475AB5E40CFA69357447ABDBC1786E8E47A3A1399A0C5CF3E6EE6665BAD3A1B39C2C97F3EBDBB98116DE364DA3CA01194976E0C55763E17AB6F8A6325FA1D0A57790260909
310
149A5D1B7644C9A584B7316900EB4AD36A0E296DAD2D0C7B1A7F625B2F501A2A35D0D6C6E9DFF5E84DB77F0308BC4F94324E4494F39C81AF15F6653E389E5DAE36FC42398A714E18C5118AE89661060E82ADA5831A6244B60851486026BDA8E5D57585C0BE9C4B5D5AEE8B2812F96B2C64A6F9908F24E75233FA0F6107EDEB
310
A7814E606D41937CA68CCD5F331031F76CB9587E371CA82F4B20D13EC221440B9829360D072DBC96820BD62B63F1F96EFBB211FCD07D78C6D28CB05C449E4C669577DA83B5D082E0EB014A896BD3770754BE03F45F00F94A17E481E7187D19BD8CB4ED0C277C9FB218BC831C643AF09F83C4C7A34F9E5D3DBC40A8C195A730
310
85B4FD499836CC689C5D8374E13D41D0A76CA88CDB04388298BEA789C873081414A5B0047CBFDFBE188B3590292CC2533802EBE19F678B8F087E9572806F5A1EEAA2DF1E8ED209D3CEB383AF3E41CC301A54AE6AD8780ADFF14FC1F77AB5F9BC29D81E07E45E25F68AEC69427328A6DD0A35406FA4FC8FF517999147F63476
310
05704E980AE2E8F0CB46F90549C7802AA20E97AE912BF714D23D8A7042D282ABF52EA20AD22865FEF6D52F73B8F3AC3F75109487417E8B08E82433A8EE01A39900C55828F32A26B40E38091E540118964EF5B7387814F0FA0130D67BF480A8C5AC2DB488331FC7699108FA3E0EEFB669D6D0913FAE3B1F38F3C16C3E1EAB80
310
07DDE5013A7F343954EA8B93629C9D3866D9F097E20D0D64994923E0CB2E1B02E89A8ADC4F331CD0BC3B1A5A66F4547947F7FB8203AD7702D3D2D81ABAE3121BFDFF60809C37AC564A9DB75629E5D31887C4DF6351133BF56B005A09D74EEA44328C52CE6942B8EC698EB8AE85A26301759491AEA576842DE57E4C72FC9E88
310
9545B215B08CEC231FBAAF5CF4BF97E3552BA8EAED2989A2D74B135FDAFFEA731C6751D9D75DC2C01DB44EE8C455282D8E7882F8F471EE3B3B22DBF44BD22B26D1F8F6923E7FB7F813F030FCCBE1D1475068D6A1AA5EF6AC6B8DDDB9F899010D4DC6EE7032AD5C71092D7D582EFA96A8804E2B78F59F090D1FFA91A076F9D9
310
733889F63E8DA222F6CB1A929318DA369C17AC57C64E804DDA07296668A544EDA43D8DA0A9EE4DB3B25FD11D0B1C261B9653345B3B068CA209DCEB7A1972644567104B5FC83BACB8AA5DF6FFDBA5FE67C6ACDF6D1EC9EB73CA769D9A365B0FDDB5E9264310A6AA89957BA5E485574FBF585E762EE330D24214C395370B1521
310
8C3C5131CC90B7A6CE3B077FC6790054BA91BFCD1BC8881DD91DFA908638351A311670A896A67BDBFAED08E84E149046B3B616941AC384020BA6BD171FA2EF185C0DDD22B755276497EB6B51DA2C18C61CF43823EBEBA74D4B0AACF47EFA9BC0883CB724A8D5A568FECE88FAB13EF4B82D09CAA21FEB338FE70F45BC4D3015
310
B5518405DE651F3ECAFBE7950D970BDB9D4D5DF7FA76653AD7B3A9399A4D27E66C3E9C9BB74BC7590EE15B67ECDA8CF0B46001E1F6C0767CDD6D6549A803A384AECF2D04261197AF8B3A9EDB0EFE1FDF42A2748B4FC5E2EF7A09A91A3ED192B572B1EF25A493A8B76FBB31B84744DD5DC4DED46B97F3051DE0E7CB169091AE
310
F7FD9B0B2D5A57F86E9D6B15F18D85F7E4FDE697D79806A177D687C68E2ECA6F7231CCAB3AAA94BE114B5E9B4E2793DBD57C6C0EEFA6AE391ADF8ECDF972B082E1ED687CBD5C3A83D5F2709350B5B06F5DF92D38542B5B1BBDC10499A71185413ED9A190A470078249450F7E6531E1F26E030D802AE3FA2D428FA79FCA396C
310
8EB7917E3A78C030CC8E54452E0218A4C2BDE3CA50EBE80F189D8AE9A51C68598F507854B41BA860F4CA8010C829D4176B0B2330397094D25B234E701B4E42716B2A9FAAFE3E3C26D0815839D855EDE9838BB2AC119D304EC8E4BB05603BDD90BCDF74AD0EC2397CDC167965CC61E1608D0241BF44288D8349E1A382F70588
310
E7BC5DAE25F73420E935CD3F1B07A55433C72C9423F91ADED7AB6FB698A6AFBFA22C2A42E1CE73F5BE21C9147D465494832B0F024399996171135F7EB0BFB1145E4BC5E88E4210D8CB348ED344FD71AD5E6BA1CD03BCA4DAD97A40C8ED912DDB1DF50600465C9C5878C71F61013CCAA818A396C836FC5EB152CDEFDA11C205
310
F05863FF7A8514F7D73AD77AC72A5091E37F04F9235EFB886CA96FA8CD2A210540AB72A45B7DD00B9ECD605EBEF817504B0304140006080800C482D55A5B7042A5E1000000550100003C0000006662782F31383731314145442D304138372D343837362D383933392D4543303043333138373035312F7265736F7572636573
310
2F322F636E782E786D6C4D90DD6A032110855F65117AB9EA0A096D70CD4BE4AA37C1EA642B5167F1A7B46F1F4D2DF46A86733E8633479EBF839FBE20658771250BE5648268D0BAB8ADA496DBFC4AA6B39209B1FCC3C814758095749928B925ACFB902CDC74F55DF52EDE87C8AF1B4448CE5CF7B891C9789DF34AB2F984A0A9
310
AE052DE43BB5BA68BAD004196B32D04E1417609C300974014B94E0E230F3E32C96CB723C0971E26FEF927552C90F443F78170B24DC5F0437D8D6D81271C93AA0644D6E50FD8D66FCC5A32D9E64CD563297D43A1858F9D91BE682DE803D915F5749D69F6CE3D9409BBD10F500504B0304140006080800C482D55AFF15A4A45D
310
000000800000003A0000006662782F31383731314145442D304138372D343837362D383933392D4543303043333138373035312F7265736F75726365732F636E782E786D6C4D8B3B0E80201005AF42B6F75B59F0390B113044D83508C6E30BC6C26AF226F3B8BA6360974DA7271430F523308B2B198F9B80925DB700539227
310
A2FCCB80A18E5640D320F996A81C9F32D6E9129A0D1EF74FCE750E6D57BC7165FBCA07504B0304140006080800C482D55ADDF33BFE4201000056050000300000006662782F31383731314145442D304138372D343837362D383933392D4543303043333138373035312F636E782E786D6CCD94CF4A033110C65F650978DCEC
310
1FB068C9A6E0C127F020DEB2D9E91A9B4D966422F6ED4D6ADA2A52F450686F61F20B7CDFCC9761AB8F4917EFE0BCB2A6230DAD490146DA4199B12301D7E51D29569C396BF11B460A2326E8482A13CE4667C39C4B03AC45D0A9AA95D9E4A24074AA0F089E14520BEF3BE2E52B4C828A807600BFA18340411BEAC0DBE024C4F7
310
A826C8EFA503813010DED6ED6D592FCAB6796A16CBB65DD6F72FAC4A2467BDB53AF3CA20383BDFB4B5B4F168A29C9A5509E02C3895A9E481F0A336DA2BC3AA78CF998F7ACD9839DCCE899B67ADA4C0D8A8CA4A042C23046262D517CC59951CFFF0FDF8F07CD4104F837220D1BAEDC5DAD09C6AC3411A8D89F85F1776E05FE6
310
6DFF162D5F6EEE270D676167B3BB4FAE8FD1FD9D84982761467D8D1FE020EDFCF98F8B0595BC46D37B6567F25CED56601C7CDA88FC13504B0304140006080800C482D55A84364D607D000000A30000000B0000006662782F636E782E786D6C4D8C410E83201444AF42FE1E0BB12DDF0430C67A1053D19022182AA6C72F342E
310
BA9AE4CDCC93ED6775E430F16D8357C02B06C4F86798AC5F14A47DA608A4D53286B0FFCD80F871350A0A062D9718D276A2C9CC6372853AEB5F27E42838EF8607651D0A7A4571A7D8D40D1D7AC6FA3AB7ECC6F3E3522E397EBE9C45AFBF504B0304140006080800C482D55AA6D797065F0000008200000007000000636E782E
310
786D6C4DCB3B0E80201045D1AD90E9FD7516806B51190811670C8A61F982B1B0BAC9C97B72CA7B1037C6D3332918DA1E04D2CAC69353902EDB8C20262D23F3F59B81A079470595414B17391D1F19B4730A5583A7ED43BBE4025D9592775E5ADFFA01504B0304140006080800C482D55AECFD112DA800000026010000130000
310
005B436F6E74656E745F54797065735D2E786D6C7D4F4B0EC22010BD0A61DF525D18634ABB506FE00510A79458060253536F2FD89D5197F3FED3F68B9BD80362B21E25DFD40D6780DADF2C1AC9671AAA3D677DD75E9E0112CB5A4C928F44E12044D22338956A1F003333F8E814E5331A1194BE2B0362DB343BA13D12205554
310
3278D79E6050F344ECBC6478EDCD76CE8EABAE5449AE4298AC56946789C28AAFBEABC53F3EAF09A84A1441B91F0101CD4780756578C173A578FFDDBD00504B0304140006080800C482D55A3DEE336E64000000790000001B0000006175746F6465736B2D64657369676E2D7061636B6167652E786D6C35CBC10E83200C00D0
310
5F21DCA56CA76D41FC96062B120735B69A7DBE268BB7777961F8D5AF396893C2ADB70FE7ADA196782C2DF776D7A97B5933C430F15651E5469C55D70F80A4992A3ADC954792C525AE70A1E4D6AD9816CC044FEFDF01FE3FDE907802504B0304140006080800C482D55AA04CB434F30000008E0100003D0000006662782F3138
310
3731314145442D304138372D343837362D383933392D4543303043333138373035312F7265736F75726365732F322F636F72652E786D6C8550CB6E833010FC15B47703360F41641C0950BEA0A7DE2CE3502BC1467E54FDFCDA814AEDA9A75DCDCECCEE0EBD7E6DCFEC535AA78C1E00E72564520BB328BD0E10FC1D75905D19
310
B5C6F85F34C834DFE400090646576BC27E42C2682F7542B559E40972E7A4874C3C633380131F72E3390F3E32DC23DFB978F055E6383F788C86A09653AA96E8A6EE4A5A606353F5DDD436E856D615AAA709A36E1C6734DF3AD2E37A9E09E96991C48C7AB5FD6C1756722F1760A4240D2A5B44F01B6E2F845CCAFE9D1689C9A8
310
F336FE7C2E4DDF453A2D0EF48F5BD897FFDD82D2BE22A7DBA170C0703CEE3560B448E9C4F28A2ED69424FB06504B0304140006080800C482D55AA198469FF9000000960100003B0000006662782F31383731314145442D304138372D343837362D383933392D4543303043333138373035312F7265736F75726365732F636F
310
72652E786D6C8550CB6E833010FC15B47703360982C8381241F9829E7AB3CC865A0936F2A3EAE7D74EA8D49E7ADAD5ECCCECEEF0F3D7FA283ED1796DCD00B4ACA140A3ECACCD32400C37D2417116DC591B7ED1A03072C501320C822FCEC66D879435014D468D9D7107A5F718A0508FD40CE0D507AEB294312486BF979B5477
310
B96049CB174FF018F5BC4BF59CDCF44DA303311E9BBEBBB44772AD0F0D395C2E9474E33891E9DAB19E1EA689B19E57592C78D0EBCF76E550069C41B09A1D49DD1246DF687B62EC54F7EFBCCA4CC17D70E9E77D69FE0E84436FA353E879F59AFE718DDBFCBF6BD426346C777D293C089A8E7C0E04AF724AA93C234C35272ABE
310
01504B0304140006080800C482D55AF19920B1F0000000B1010000310000006662782F31383731314145442D304138372D343837362D383933392D4543303043333138373035312F636F72652E786D6C8D50CB6EC32010FC158B3B36E0C676224C14A5F9839E7A43B0715062B07854FDFC42EC4AED2DA745B333CCECF0E3F7
310
FCA8BEC007E3EC88684D500556396DEC34A214AF7840D55170EF5CFC43439595338CA8C048F0C9BBB46C907236822DA8751A365086001155EA911F230AEA06B3AC658A9911EEF522D55D4E50D37AE5091ECDFC2B551E64048D04236C87498719FDA0DD81B103D97FF2A630054FC9E8CDCAE8EC6EAE063C1274E8293D5DDE31
310
390D3D7E1BFA0E0FFB768F2F6742CE6DDE921DE54D110B1EA2CF376F9F94EB5E95AFC27F99D3A25FC86C6C6CD966B82A42F6CC799E0BC19B52601ECF76F32C658B1F504B0304140006080800C482D55AF138438F53010000DD0200000C0000006662782F636F72652E786D6C8D52DB8E832014FC15C33B5EA86DB4419AB4A6
310
5FB04FFB4691BA44058360FAF90B5EE2FAB0DD8D099239E7CC9C99802FAFAE0D46AE07A1640192300601974C5542D605B0E60933105C08D64A991F6D2090B4E305F03020B8D6CAF60BC494345C7A54AA8A2F201D066E40C05A7729C0C0BE7847436A8DEB189AB0A7ACA1350F9370EE23D85A512DA3A2726CE229B806E47A3C
310
E4D9ED7484F7383DC0F4764B6076BD96B0BC67284FD2B24428C7911F26D8886E55679A53C32B40508C8E303E41947C24A73342E738FFC491EF247830DA795E44BD3B409E8F178E667CC767FBEA6F3E2BA439A0856F9E180049DC7A5381E0C8E7E37E5378FB0C9DB0CBCFD047BB5A681C347266944E5DA552762B8DB4B5DC51
310
C7C1F4E168AE3AE689E0371EF486E73D870B8ACADAAD468DBB3EACF1EAFB9D7AAEE1685E8154BAA3EDB6DCBCE2766E423B4BEB3853ADD2FF995EADAE6146FE61926F504B0304140006080800C482D55A0B80524607010000B201000008000000636F72652E786D6C8D504D6F842014FC2BE4DD51C18FE806D944CDFE829E7A
310
A3C2BA64158CE0A6FDF7855D9BB4B79E1E9999F7661876FE5C66F4509BD3D6B440920C9032A395DA4C2DECFE8A6B4067CE366BFD2F19202316D5428481B369B3FB7A40A3355E99881A2BD5010AE7940734CEE1D1821B6F6A1189D87D50B87BB28AF12E269590E4A5E3CCEBE56775DC94F04A02A7192D7156614ADE4875A2F4
310
9435EF2C8D4ACEF65DCBC34ACBE0AEAF5A6DC0BB326FEABE2AF1252B725CF43DC175D70D78B8D4B421C53050DAB0342E73E6FC16FE7C1C09393D72E2117D59FAA238FBB0763E04219444D6CC5FC0339646E24FE87D95FF08AD8DCFE971F0B5E1809310E84904E3D86018CF7AC38C6DF36F504B01021400140006080800C482
310
D55A0000000000000000000000003700000000000000000000000000000000006662782F31383731314145442D304138372D343837362D383933392D4543303043333138373035312F617474726962757465732E62696E504B01021400140006080800C482D55A000000000000000000000000350000000000000000000000
310
0000550000006662782F31383731314145442D304138372D343837362D383933392D4543303043333138373035312F76657274696365732E62696E504B01021400140006080800C482D55AF270F13306000000040000003600000000000000000000000000A80000006662782F31383731314145442D304138372D34383736
310
2D383933392D4543303043333138373035312F747269616E676C65732E62696E504B01021400140006080800C482D55AB5A795FFE3790000DE7900004200000000000000000000000000020100006662782F31383731314145442D304138372D343837362D383933392D4543303043333138373035312F7265736F75726365
310
732F322F305F67656E657269632E706E67504B01021400140006080800C482D55A51464CB489000000430100003600000000000000000000000000457B00006662782F31383731314145442D304138372D343837362D383933392D4543303043333138373035312F6469726563746F72792E786D6C504B0102140014000608
310
0800C482D55A50219CF4320700004B1C00003400000000000000000000000000227C00006662782F31383731314145442D304138372D343837362D383933392D4543303043333138373035312F6F626A656374732E786D6C504B01021400140006080800C482D55A5B7042A5E1000000550100003C00000000000000000000
310
000000A68300006662782F31383731314145442D304138372D343837362D383933392D4543303043333138373035312F7265736F75726365732F322F636E782E786D6C504B01021400140006080800C482D55AFF15A4A45D000000800000003A00000000000000000000000000E18400006662782F31383731314145442D30
310
4138372D343837362D383933392D4543303043333138373035312F7265736F75726365732F636E782E786D6C504B01021400140006080800C482D55ADDF33BFE42010000560500003000000000000000000000000000968500006662782F31383731314145442D304138372D343837362D383933392D454330304333313837
310
3035312F636E782E786D6C504B01021400140006080800C482D55A84364D607D000000A30000000B00000000000000000000000000268700006662782F636E782E786D6C504B01021400140006080800C482D55AA6D797065F000000820000000700000000000000000000000000CC870000636E782E786D6C504B01021400
310
140006080800C482D55AECFD112DA8000000260100001300000000000000000000000000508800005B436F6E74656E745F54797065735D2E786D6C504B01021400140006080800C482D55A3DEE336E64000000790000001B00000000000000000000000000298900006175746F6465736B2D64657369676E2D7061636B6167
310
652E786D6C504B01021400140006080800C482D55AA04CB434F30000008E0100003D00000000000000000000000000C68900006662782F31383731314145442D304138372D343837362D383933392D4543303043333138373035312F7265736F75726365732F322F636F72652E786D6C504B01021400140006080800C482D5
310
5AA198469FF9000000960100003B00000000000000000000000000148B00006662782F31383731314145442D304138372D343837362D383933392D4543303043333138373035312F7265736F75726365732F636F72652E786D6C504B01021400140006080800C482D55AF19920B1F0000000B1010000310000000000000000
310
0000000000668C00006662782F31383731314145442D304138372D343837362D383933392D4543303043333138373035312F636F72652E786D6C504B01021400140006080800C482D55AF138438F53010000DD0200000C00000000000000000000000000A58D00006662782F636F72652E786D6C504B010214001400060808
310
00C482D55A0B80524607010000B20100000800000000000000000000000000228F0000636F72652E786D6C504B050600000000120012002D0600004F9000000000
  0
XRECORD
  5
176
102
{ACAD_REACTORS
330
173
102
}
330
173
100
AcDbXrecord
280
     1
270
     1
271
     1
  0
XRECORD
  5
177
102
{ACAD_REACTORS
330
173
102
}
330
173
100
AcDbXrecord
280
     1
270
     1
271
     1
  0
XRECORD
  5
48B3
102
{ACAD_REACTORS
330
48B2
102
}
330
48B2
100
AcDbXrecord
280
     1
102
DISPLAYNAME
  1
Imperial24
102
FLAGS
 90
        0
  0
XRECORD
  5
48AF
102
{ACAD_REACTORS
330
48AE
102
}
330
48AE
100
AcDbXrecord
280
     1
102
DISPLAYNAME
  1
Metric50
102
FLAGS
 90
        0
  0
CELLSTYLEMAP
  5
4870
102
{ACAD_REACTORS
330
162
102
}
330
162
100
AcDbCellStyleMap
 90
        3
300
CELLSTYLE
  1
TABLEFORMAT_BEGIN
 90
        5
170
     1
 91
        0
 92
    32768
 62
   257
 93
        1
300
CONTENTFORMAT
  1
CONTENTFORMAT_BEGIN
 90
        0
 91
        0
 92
      512
 93
        0
300

 40
0.0
140
1.0
 94
        5
 62
     0
340
11
144
6.0
309
CONTENTFORMAT_END
171
     1
301
MARGIN
  1
CELLMARGIN_BEGIN
 40
1.5
 40
1.5
 40
1.5
 40
1.5
 40
4.5
 40
4.5
309
CELLMARGIN_END
 94
        6
 95
        1
302
GRIDFORMAT
  1
GRIDFORMAT_BEGIN
 90
        0
 91
        1
 62
     0
 92
       -2
340
14
 93
        0
 40
1.125
309
GRIDFORMAT_END
 95
        2
302
GRIDFORMAT
  1
GRIDFORMAT_BEGIN
 90
        0
 91
        1
 62
     0
 92
       -2
340
14
 93
        0
 40
1.125
309
GRIDFORMAT_END
 95
        4
302
GRIDFORMAT
  1
GRIDFORMAT_BEGIN
 90
        0
 91
        1
 62
     0
 92
       -2
340
14
 93
        0
 40
1.125
309
GRIDFORMAT_END
 95
        8
302
GRIDFORMAT
  1
GRIDFORMAT_BEGIN
 90
        0
 91
        1
 62
     0
 92
       -2
340
14
 93
        0
 40
1.125
309
GRIDFORMAT_END
 95
       16
302
GRIDFORMAT
  1
GRIDFORMAT_BEGIN
 90
        0
 91
        1
 62
     0
 92
       -2
340
14
 93
        0
 40
1.125
309
GRIDFORMAT_END
 95
       32
302
GRIDFORMAT
  1
GRIDFORMAT_BEGIN
 90
        0
 91
        1
 62
     0
 92
       -2
340
14
 93
        0
 40
1.125
309
GRIDFORMAT_END
309
TABLEFORMAT_END
  1
CELLSTYLE_BEGIN
 90
        1
 91
        1
300
_TITLE
309
CELLSTYLE_END
300
CELLSTYLE
  1
TABLEFORMAT_BEGIN
 90
        5
170
     1
 91
        0
 92
        0
 62
   257
 93
        1
300
CONTENTFORMAT
  1
CONTENTFORMAT_BEGIN
 90
        0
 91
        0
 92
      512
 93
        0
300

 40
0.0
140
1.0
 94
        5
 62
     0
340
11
144
4.5
309
CONTENTFORMAT_END
171
     1
301
MARGIN
  1
CELLMARGIN_BEGIN
 40
1.5
 40
1.5
 40
1.5
 40
1.5
 40
4.5
 40
4.5
309
CELLMARGIN_END
 94
        6
 95
        1
302
GRIDFORMAT
  1
GRIDFORMAT_BEGIN
 90
        0
 91
        1
 62
     0
 92
       -2
340
14
 93
        0
 40
1.125
309
GRIDFORMAT_END
 95
        2
302
GRIDFORMAT
  1
GRIDFORMAT_BEGIN
 90
        0
 91
        1
 62
     0
 92
       -2
340
14
 93
        0
 40
1.125
309
GRIDFORMAT_END
 95
        4
302
GRIDFORMAT
  1
GRIDFORMAT_BEGIN
 90
        0
 91
        1
 62
     0
 92
       -2
340
14
 93
        0
 40
1.125
309
GRIDFORMAT_END
 95
        8
302
GRIDFORMAT
  1
GRIDFORMAT_BEGIN
 90
        0
 91
        1
 62
     0
 92
       -2
340
14
 93
        0
 40
1.125
309
GRIDFORMAT_END
 95
       16
302
GRIDFORMAT
  1
GRIDFORMAT_BEGIN
 90
        0
 91
        1
 62
     0
 92
       -2
340
14
 93
        0
 40
1.125
309
GRIDFORMAT_END
 95
       32
302
GRIDFORMAT
  1
GRIDFORMAT_BEGIN
 90
        0
 91
        1
 62
     0
 92
       -2
340
14
 93
        0
 40
1.125
309
GRIDFORMAT_END
309
TABLEFORMAT_END
  1
CELLSTYLE_BEGIN
 90
        2
 91
        1
300
_HEADER
309
CELLSTYLE_END
300
CELLSTYLE
  1
TABLEFORMAT_BEGIN
 90
        5
170
     1
 91
        0
 92
        0
 62
   257
 93
        1
300
CONTENTFORMAT
  1
CONTENTFORMAT_BEGIN
 90
        0
 91
        0
 92
      512
 93
        0
300

 40
0.0
140
1.0
 94
        2
 62
     0
340
11
144
4.5
309
CONTENTFORMAT_END
171
     1
301
MARGIN
  1
CELLMARGIN_BEGIN
 40
1.5
 40
1.5
 40
1.5
 40
1.5
 40
4.5
 40
4.5
309
CELLMARGIN_END
 94
        6
 95
        1
302
GRIDFORMAT
  1
GRIDFORMAT_BEGIN
 90
        0
 91
        1
 62
     0
 92
       -2
340
14
 93
        0
 40
1.125
309
GRIDFORMAT_END
 95
        2
302
GRIDFORMAT
  1
GRIDFORMAT_BEGIN
 90
        0
 91
        1
 62
     0
 92
       -2
340
14
 93
        0
 40
1.125
309
GRIDFORMAT_END
 95
        4
302
GRIDFORMAT
  1
GRIDFORMAT_BEGIN
 90
        0
 91
        1
 62
     0
 92
       -2
340
14
 93
        0
 40
1.125
309
GRIDFORMAT_END
 95
        8
302
GRIDFORMAT
  1
GRIDFORMAT_BEGIN
 90
        0
 91
        1
 62
     0
 92
       -2
340
14
 93
        0
 40
1.125
309
GRIDFORMAT_END
 95
       16
302
GRIDFORMAT
  1
GRIDFORMAT_BEGIN
 90
        0
 91
        1
 62
     0
 92
       -2
340
14
 93
        0
 40
1.125
309
GRIDFORMAT_END
 95
       32
302
GRIDFORMAT
  1
GRIDFORMAT_BEGIN
 90
        0
 91
        1
 62
     0
 92
       -2
340
14
 93
        0
 40
1.125
309
GRIDFORMAT_END
309
TABLEFORMAT_END
  1
CELLSTYLE_BEGIN
 90
        3
 91
        2
300
_DATA
309
CELLSTYLE_END
  0
XRECORD
  5
4885
102
{ACAD_REACTORS
330
4884
102
}
330
4884
100
AcDbXrecord
280
     1
102
RTVSPost2010Prop28
280
     1
102
RTVSPost2010PropOp28
 70
     1
102
RTVSPost2010Prop29
280
     1
102
RTVSPost2010PropOp29
 70
     1
102
RTVSPost2010Prop30
280
     0
102
RTVSPost2010PropOp30
 70
     1
102
RTVSPost2010Prop31
280
     0
102
RTVSPost2010PropOp31
 70
     1
102
RTVSPost2010Prop32
280
     0
102
RTVSPost2010PropOp32
 70
     1
102
RTVSPost2010Prop33
280
     0
102
RTVSPost2010PropOp33
 70
     1
102
RTVSPost2010Prop34
280
     0
102
RTVSPost2010PropOp34
 70
     1
102
RTVSPost2010Prop35
280
     0
102
RTVSPost2010PropOp35
 70
     1
102
RTVSPost2010Prop36
280
     0
102
RTVSPost2010PropOp36
 70
     1
102
RTVSPost2010Prop37
 90
       50
102
RTVSPost2010PropOp37
 70
     1
102
RTVSPost2010Prop38
140
0.0
102
RTVSPost2010PropOp38
 70
     1
102
RTVSPost2010Prop39
140
1.0
102
RTVSPost2010PropOp39
 70
     1
102
RTVSPost2010Prop40
 90
        0
102
RTVSPost2010PropOp40
 70
     1
102
RTVSPost2010Prop41ColorIndex
 90
       18
102
RTVSPost2010Prop41ColorRGB
 90
        0
102
RTVSPost2010PropOp41
 70
     1
102
RTVSPost2010Prop42
 90
       50
102
RTVSPost2010PropOp42
 70
     1
102
RTVSPost2010Prop43
 90
        3
102
RTVSPost2010PropOp43
 70
     1
102
RTVSPost2010Prop44ColorIndex
 90
        5
102
RTVSPost2010Prop44ColorRGB
 90
      255
102
RTVSPost2010PropOp44
 70
     1
102
RTVSPost2010Prop45
280
     0
102
RTVSPost2010PropOp45
 70
     1
102
RTVSPost2010Prop46
 90
       50
102
RTVSPost2010PropOp46
 70
     1
102
RTVSPost2010Prop47
 90
       50
102
RTVSPost2010PropOp47
 70
     1
102
RTVSPost2010Prop48
 90
       50
102
RTVSPost2010PropOp48
 70
     1
102
RTVSPost2010Prop49
280
     0
102
RTVSPost2010PropOp49
 70
     1
102
RTVSPost2010Prop50
 90
       50
102
RTVSPost2010PropOp50
 70
     1
102
RTVSPost2010Prop51ColorIndex
 90
      256
102
RTVSPost2010Prop51ColorRGB
 90
-16777216
102
RTVSPost2010PropOp51
 70
     0
102
RTVSPost2010Prop52
140
1.0
102
RTVSPost2010PropOp52
 70
     0
102
RTVSPost2010Prop53
 90
        2
102
RTVSPost2010PropOp53
 70
     1
102
RTVSPost2010Prop54
  1
strokes_ogs.tif
102
RTVSPost2010PropOp54
 70
     1
102
RTVSPost2010Prop55
280
     0
102
RTVSPost2010PropOp55
 70
     1
102
RTVSPost2010Prop56
140
1.0
102
RTVSPost2010PropOp56
 70
     1
102
RTVSPost2010Prop57
140
1.0
102
RTVSPost2010PropOp57
 70
     1
102
RTVSPropertyOp0
 70
     1
102
RTVSPropertyOp1
 70
     1
102
RTVSPropertyOp2
 70
     1
102
RTVSPropertyOp3
 70
     1
102
RTVSPropertyOp4
 70
     1
102
RTVSPropertyOp5
 70
     1
102
RTVSPropertyOp6
 70
     1
102
RTVSPropertyOp7
 70
     1
102
RTVSPropertyOp8
 70
     1
102
RTVSPropertyOp9
 70
     1
102
RTVSPropertyOp10
 70
     1
102
RTVSPropertyOp11
 70
     1
102
RTVSPropertyOp12
 70
     1
102
RTVSPropertyOp13
 70
     1
102
RTVSPropertyOp14
 70
     1
102
RTVSPropertyOp15
 70
     1
102
RTVSPropertyOp16
 70
     1
102
RTVSPropertyOp17
 70
     1
102
RTVSPropertyOp18
 70
     1
102
RTVSPropertyOp19
 70
     1
102
RTVSPropertyOp20
 70
     1
102
RTVSPropertyOp21
 70
     1
102
RTVSPropertyOp22
 70
     1
102
RTVSPropertyOp23
 70
     1
102
RTVSPropertyOp24
 70
     1
102
RTVSPropertyOp25
 70
     1
102
RTVSPropertyOp26
 70
     1
102
RTVSPropertyOp27
 70
     1
102
RTVSPropertyOp28
 70
     1
102
RTVSPropertyOp29
 70
     1
102
RTVSPropertyOp30
 70
     1
102
RTVSPropertyOp31
 70
     1
102
RTVSPropertyOp32
 70
     1
102
RTVSPropertyOp33
 70
     1
102
RTVSPropertyOp34
 70
     1
102
RTVSPropertyOp35
 70
     1
102
RTVSPropertyOp36
 70
     1
102
RTVSPropertyOp37
 70
     1
102
RTVSPropertyOp38
 70
     1
102
RTVSPropertyOp39
 70
     1
102
RTVSPropertyOp40
 70
     1
102
RTVSPropertyOp41
 70
     1
102
RTVSPropertyOp42
 70
     1
102
RTVSPropertyOp43
 70
     1
102
RTVSPropertyOp44
 70
     1
102
RTVSPropertyOp45
 70
     1
102
RTVSPropertyOp46
 70
     1
102
RTVSPropertyOp47
 70
     1
102
RTVSPropertyOp48
 70
     1
102
RTVSPropertyOp49
 70
     1
102
RTVSPropertyOp50
 70
     1
102
RTVSPropertyOp51
 70
     0
102
RTVSPropertyOp52
 70
     0
102
RTVSPropertyOp53
 70
     1
102
RTVSPropertyOp54
 70
     1
102
RTVSPropertyOp55
 70
     1
102
RTVSPropertyOp56
 70
     1
102
RTVSPropertyOp57
 70
     1
102
RTVSPropertyOp58
 70
     1
102
RTVSPropertyOp59
 70
     1
102
RTVSPropertyOp60
 70
     1
102
RTVSPropertyOp61
 70
     1
102
RTVSPropertyOp62
 70
     1
  0
XRECORD
  5
4889
102
{ACAD_REACTORS
330
4888
102
}
330
4888
100
AcDbXrecord
280
     1
102
RTVSPost2010Prop28
280
     0
102
RTVSPost2010PropOp28
 70
     1
102
RTVSPost2010Prop29
280
     1
102
RTVSPost2010PropOp29
 70
     1
102
RTVSPost2010Prop30
280
     1
102
RTVSPost2010PropOp30
 70
     1
102
RTVSPost2010Prop31
280
     0
102
RTVSPost2010PropOp31
 70
     1
102
RTVSPost2010Prop32
280
     0
102
RTVSPost2010PropOp32
 70
     1
102
RTVSPost2010Prop33
280
     0
102
RTVSPost2010PropOp33
 70
     1
102
RTVSPost2010Prop34
280
     0
102
RTVSPost2010PropOp34
 70
     1
102
RTVSPost2010Prop35
280
     0
102
RTVSPost2010PropOp35
 70
     1
102
RTVSPost2010Prop36
280
     0
102
RTVSPost2010PropOp36
 70
     1
102
RTVSPost2010Prop37
 90
       50
102
RTVSPost2010PropOp37
 70
     1
102
RTVSPost2010Prop38
140
0.0
102
RTVSPost2010PropOp38
 70
     1
102
RTVSPost2010Prop39
140
1.0
102
RTVSPost2010PropOp39
 70
     1
102
RTVSPost2010Prop40
 90
        0
102
RTVSPost2010PropOp40
 70
     1
102
RTVSPost2010Prop41ColorIndex
 90
       18
102
RTVSPost2010Prop41ColorRGB
 90
        0
102
RTVSPost2010PropOp41
 70
     1
102
RTVSPost2010Prop42
 90
       50
102
RTVSPost2010PropOp42
 70
     1
102
RTVSPost2010Prop43
 90
        3
102
RTVSPost2010PropOp43
 70
     1
102
RTVSPost2010Prop44ColorIndex
 90
        5
102
RTVSPost2010Prop44ColorRGB
 90
      255
102
RTVSPost2010PropOp44
 70
     1
102
RTVSPost2010Prop45
280
     0
102
RTVSPost2010PropOp45
 70
     1
102
RTVSPost2010Prop46
 90
       50
102
RTVSPost2010PropOp46
 70
     1
102
RTVSPost2010Prop47
 90
       50
102
RTVSPost2010PropOp47
 70
     1
102
RTVSPost2010Prop48
 90
       50
102
RTVSPost2010PropOp48
 70
     1
102
RTVSPost2010Prop49
280
     0
102
RTVSPost2010PropOp49
 70
     1
102
RTVSPost2010Prop50
 90
       50
102
RTVSPost2010PropOp50
 70
     1
102
RTVSPost2010Prop51ColorIndex
 90
      256
102
RTVSPost2010Prop51ColorRGB
 90
-16777216
102
RTVSPost2010PropOp51
 70
     0
102
RTVSPost2010Prop52
140
1.0
102
RTVSPost2010PropOp52
 70
     0
102
RTVSPost2010Prop53
 90
        2
102
RTVSPost2010PropOp53
 70
     1
102
RTVSPost2010Prop54
  1
strokes_ogs.tif
102
RTVSPost2010PropOp54
 70
     1
102
RTVSPost2010Prop55
280
     0
102
RTVSPost2010PropOp55
 70
     1
102
RTVSPost2010Prop56
140
1.0
102
RTVSPost2010PropOp56
 70
     1
102
RTVSPost2010Prop57
140
1.0
102
RTVSPost2010PropOp57
 70
     1
102
RTVSPropertyOp0
 70
     1
102
RTVSPropertyOp1
 70
     1
102
RTVSPropertyOp2
 70
     1
102
RTVSPropertyOp3
 70
     1
102
RTVSPropertyOp4
 70
     1
102
RTVSPropertyOp5
 70
     1
102
RTVSPropertyOp6
 70
     1
102
RTVSPropertyOp7
 70
     1
102
RTVSPropertyOp8
 70
     1
102
RTVSPropertyOp9
 70
     1
102
RTVSPropertyOp10
 70
     1
102
RTVSPropertyOp11
 70
     1
102
RTVSPropertyOp12
 70
     1
102
RTVSPropertyOp13
 70
     1
102
RTVSPropertyOp14
 70
     1
102
RTVSPropertyOp15
 70
     1
102
RTVSPropertyOp16
 70
     1
102
RTVSPropertyOp17
 70
     1
102
RTVSPropertyOp18
 70
     1
102
RTVSPropertyOp19
 70
     1
102
RTVSPropertyOp20
 70
     1
102
RTVSPropertyOp21
 70
     1
102
RTVSPropertyOp22
 70
     1
102
RTVSPropertyOp23
 70
     1
102
RTVSPropertyOp24
 70
     1
102
RTVSPropertyOp25
 70
     1
102
RTVSPropertyOp26
 70
     1
102
RTVSPropertyOp27
 70
     1
102
RTVSPropertyOp28
 70
     1
102
RTVSPropertyOp29
 70
     1
102
RTVSPropertyOp30
 70
     1
102
RTVSPropertyOp31
 70
     1
102
RTVSPropertyOp32
 70
     1
102
RTVSPropertyOp33
 70
     1
102
RTVSPropertyOp34
 70
     1
102
RTVSPropertyOp35
 70
     1
102
RTVSPropertyOp36
 70
     1
102
RTVSPropertyOp37
 70
     1
102
RTVSPropertyOp38
 70
     1
102
RTVSPropertyOp39
 70
     1
102
RTVSPropertyOp40
 70
     1
102
RTVSPropertyOp41
 70
     1
102
RTVSPropertyOp42
 70
     1
102
RTVSPropertyOp43
 70
     1
102
RTVSPropertyOp44
 70
     1
102
RTVSPropertyOp45
 70
     1
102
RTVSPropertyOp46
 70
     1
102
RTVSPropertyOp47
 70
     1
102
RTVSPropertyOp48
 70
     1
102
RTVSPropertyOp49
 70
     1
102
RTVSPropertyOp50
 70
     1
102
RTVSPropertyOp51
 70
     0
102
RTVSPropertyOp52
 70
     0
102
RTVSPropertyOp53
 70
     1
102
RTVSPropertyOp54
 70
     1
102
RTVSPropertyOp55
 70
     1
102
RTVSPropertyOp56
 70
     1
102
RTVSPropertyOp57
 70
     1
102
RTVSPropertyOp58
 70
     1
102
RTVSPropertyOp59
 70
     1
102
RTVSPropertyOp60
 70
     1
102
RTVSPropertyOp61
 70
     1
102
RTVSPropertyOp62
 70
     1
  0
XRECORD
  5
4887
102
{ACAD_REACTORS
330
4886
102
}
330
4886
100
AcDbXrecord
280
     1
102
RTVSPost2010Prop28
280
     0
102
RTVSPost2010PropOp28
 70
     1
102
RTVSPost2010Prop29
280
     1
102
RTVSPost2010PropOp29
 70
     1
102
RTVSPost2010Prop30
280
     1
102
RTVSPost2010PropOp30
 70
     1
102
RTVSPost2010Prop31
280
     0
102
RTVSPost2010PropOp31
 70
     1
102
RTVSPost2010Prop32
280
     0
102
RTVSPost2010PropOp32
 70
     1
102
RTVSPost2010Prop33
280
     0
102
RTVSPost2010PropOp33
 70
     1
102
RTVSPost2010Prop34
280
     0
102
RTVSPost2010PropOp34
 70
     1
102
RTVSPost2010Prop35
280
     0
102
RTVSPost2010PropOp35
 70
     1
102
RTVSPost2010Prop36
280
     0
102
RTVSPost2010PropOp36
 70
     1
102
RTVSPost2010Prop37
 90
       50
102
RTVSPost2010PropOp37
 70
     1
102
RTVSPost2010Prop38
140
0.0
102
RTVSPost2010PropOp38
 70
     1
102
RTVSPost2010Prop39
140
1.0
102
RTVSPost2010PropOp39
 70
     1
102
RTVSPost2010Prop40
 90
        0
102
RTVSPost2010PropOp40
 70
     1
102
RTVSPost2010Prop41ColorIndex
 90
       18
102
RTVSPost2010Prop41ColorRGB
 90
        0
102
RTVSPost2010PropOp41
 70
     1
102
RTVSPost2010Prop42
 90
       50
102
RTVSPost2010PropOp42
 70
     1
102
RTVSPost2010Prop43
 90
        3
102
RTVSPost2010PropOp43
 70
     1
102
RTVSPost2010Prop44ColorIndex
 90
        5
102
RTVSPost2010Prop44ColorRGB
 90
      255
102
RTVSPost2010PropOp44
 70
     1
102
RTVSPost2010Prop45
280
     0
102
RTVSPost2010PropOp45
 70
     1
102
RTVSPost2010Prop46
 90
       50
102
RTVSPost2010PropOp46
 70
     1
102
RTVSPost2010Prop47
 90
       50
102
RTVSPost2010PropOp47
 70
     1
102
RTVSPost2010Prop48
 90
       50
102
RTVSPost2010PropOp48
 70
     1
102
RTVSPost2010Prop49
280
     0
102
RTVSPost2010PropOp49
 70
     1
102
RTVSPost2010Prop50
 90
       50
102
RTVSPost2010PropOp50
 70
     1
102
RTVSPost2010Prop51ColorIndex
 90
      256
102
RTVSPost2010Prop51ColorRGB
 90
-16777216
102
RTVSPost2010PropOp51
 70
     0
102
RTVSPost2010Prop52
140
1.0
102
RTVSPost2010PropOp52
 70
     0
102
RTVSPost2010Prop53
 90
        2
102
RTVSPost2010PropOp53
 70
     1
102
RTVSPost2010Prop54
  1
strokes_ogs.tif
102
RTVSPost2010PropOp54
 70
     1
102
RTVSPost2010Prop55
280
     0
102
RTVSPost2010PropOp55
 70
     1
102
RTVSPost2010Prop56
140
1.0
102
RTVSPost2010PropOp56
 70
     1
102
RTVSPost2010Prop57
140
1.0
102
RTVSPost2010PropOp57
 70
     1
102
RTVSPropertyOp0
 70
     1
102
RTVSPropertyOp1
 70
     1
102
RTVSPropertyOp2
 70
     1
102
RTVSPropertyOp3
 70
     1
102
RTVSPropertyOp4
 70
     1
102
RTVSPropertyOp5
 70
     1
102
RTVSPropertyOp6
 70
     1
102
RTVSPropertyOp7
 70
     1
102
RTVSPropertyOp8
 70
     1
102
RTVSPropertyOp9
 70
     1
102
RTVSPropertyOp10
 70
     1
102
RTVSPropertyOp11
 70
     1
102
RTVSPropertyOp12
 70
     1
102
RTVSPropertyOp13
 70
     1
102
RTVSPropertyOp14
 70
     1
102
RTVSPropertyOp15
 70
     1
102
RTVSPropertyOp16
 70
     1
102
RTVSPropertyOp17
 70
     1
102
RTVSPropertyOp18
 70
     1
102
RTVSPropertyOp19
 70
     1
102
RTVSPropertyOp20
 70
     1
102
RTVSPropertyOp21
 70
     1
102
RTVSPropertyOp22
 70
     1
102
RTVSPropertyOp23
 70
     1
102
RTVSPropertyOp24
 70
     1
102
RTVSPropertyOp25
 70
     1
102
RTVSPropertyOp26
 70
     1
102
RTVSPropertyOp27
 70
     1
102
RTVSPropertyOp28
 70
     1
102
RTVSPropertyOp29
 70
     1
102
RTVSPropertyOp30
 70
     1
102
RTVSPropertyOp31
 70
     1
102
RTVSPropertyOp32
 70
     1
102
RTVSPropertyOp33
 70
     1
102
RTVSPropertyOp34
 70
     1
102
RTVSPropertyOp35
 70
     1
102
RTVSPropertyOp36
 70
     1
102
RTVSPropertyOp37
 70
     1
102
RTVSPropertyOp38
 70
     1
102
RTVSPropertyOp39
 70
     1
102
RTVSPropertyOp40
 70
     1
102
RTVSPropertyOp41
 70
     1
102
RTVSPropertyOp42
 70
     1
102
RTVSPropertyOp43
 70
     1
102
RTVSPropertyOp44
 70
     1
102
RTVSPropertyOp45
 70
     1
102
RTVSPropertyOp46
 70
     1
102
RTVSPropertyOp47
 70
     1
102
RTVSPropertyOp48
 70
     1
102
RTVSPropertyOp49
 70
     1
102
RTVSPropertyOp50
 70
     1
102
RTVSPropertyOp51
 70
     0
102
RTVSPropertyOp52
 70
     0
102
RTVSPropertyOp53
 70
     1
102
RTVSPropertyOp54
 70
     1
102
RTVSPropertyOp55
 70
     1
102
RTVSPropertyOp56
 70
     1
102
RTVSPropertyOp57
 70
     1
102
RTVSPropertyOp58
 70
     1
102
RTVSPropertyOp59
 70
     1
102
RTVSPropertyOp60
 70
     1
102
RTVSPropertyOp61
 70
     1
102
RTVSPropertyOp62
 70
     1
  0
XRECORD
  5
4883
102
{ACAD_REACTORS
330
4882
102
}
330
4882
100
AcDbXrecord
280
     1
102
RTVSPost2010Prop28
280
     0
102
RTVSPost2010PropOp28
 70
     1
102
RTVSPost2010Prop29
280
     1
102
RTVSPost2010PropOp29
 70
     1
102
RTVSPost2010Prop30
280
     1
102
RTVSPost2010PropOp30
 70
     1
102
RTVSPost2010Prop31
280
     0
102
RTVSPost2010PropOp31
 70
     1
102
RTVSPost2010Prop32
280
     0
102
RTVSPost2010PropOp32
 70
     1
102
RTVSPost2010Prop33
280
     0
102
RTVSPost2010PropOp33
 70
     1
102
RTVSPost2010Prop34
280
     0
102
RTVSPost2010PropOp34
 70
     1
102
RTVSPost2010Prop35
280
     0
102
RTVSPost2010PropOp35
 70
     1
102
RTVSPost2010Prop36
280
     0
102
RTVSPost2010PropOp36
 70
     1
102
RTVSPost2010Prop37
 90
       50
102
RTVSPost2010PropOp37
 70
     1
102
RTVSPost2010Prop38
140
0.0
102
RTVSPost2010PropOp38
 70
     1
102
RTVSPost2010Prop39
140
1.0
102
RTVSPost2010PropOp39
 70
     1
102
RTVSPost2010Prop40
 90
        0
102
RTVSPost2010PropOp40
 70
     1
102
RTVSPost2010Prop41ColorIndex
 90
       18
102
RTVSPost2010Prop41ColorRGB
 90
        0
102
RTVSPost2010PropOp41
 70
     1
102
RTVSPost2010Prop42
 90
       50
102
RTVSPost2010PropOp42
 70
     1
102
RTVSPost2010Prop43
 90
        3
102
RTVSPost2010PropOp43
 70
     1
102
RTVSPost2010Prop44ColorIndex
 90
        5
102
RTVSPost2010Prop44ColorRGB
 90
      255
102
RTVSPost2010PropOp44
 70
     1
102
RTVSPost2010Prop45
280
     0
102
RTVSPost2010PropOp45
 70
     1
102
RTVSPost2010Prop46
 90
       50
102
RTVSPost2010PropOp46
 70
     1
102
RTVSPost2010Prop47
 90
       50
102
RTVSPost2010PropOp47
 70
     1
102
RTVSPost2010Prop48
 90
       50
102
RTVSPost2010PropOp48
 70
     1
102
RTVSPost2010Prop49
280
     0
102
RTVSPost2010PropOp49
 70
     1
102
RTVSPost2010Prop50
 90
       50
102
RTVSPost2010PropOp50
 70
     1
102
RTVSPost2010Prop51ColorIndex
 90
      256
102
RTVSPost2010Prop51ColorRGB
 90
-16777216
102
RTVSPost2010PropOp51
 70
     0
102
RTVSPost2010Prop52
140
1.0
102
RTVSPost2010PropOp52
 70
     0
102
RTVSPost2010Prop53
 90
        2
102
RTVSPost2010PropOp53
 70
     1
102
RTVSPost2010Prop54
  1
strokes_ogs.tif
102
RTVSPost2010PropOp54
 70
     1
102
RTVSPost2010Prop55
280
     0
102
RTVSPost2010PropOp55
 70
     1
102
RTVSPost2010Prop56
140
1.0
102
RTVSPost2010PropOp56
 70
     1
102
RTVSPost2010Prop57
140
1.0
102
RTVSPost2010PropOp57
 70
     1
102
RTVSPropertyOp0
 70
     1
102
RTVSPropertyOp1
 70
     1
102
RTVSPropertyOp2
 70
     1
102
RTVSPropertyOp3
 70
     1
102
RTVSPropertyOp4
 70
     1
102
RTVSPropertyOp5
 70
     1
102
RTVSPropertyOp6
 70
     1
102
RTVSPropertyOp7
 70
     1
102
RTVSPropertyOp8
 70
     1
102
RTVSPropertyOp9
 70
     1
102
RTVSPropertyOp10
 70
     1
102
RTVSPropertyOp11
 70
     1
102
RTVSPropertyOp12
 70
     1
102
RTVSPropertyOp13
 70
     1
102
RTVSPropertyOp14
 70
     1
102
RTVSPropertyOp15
 70
     1
102
RTVSPropertyOp16
 70
     1
102
RTVSPropertyOp17
 70
     1
102
RTVSPropertyOp18
 70
     1
102
RTVSPropertyOp19
 70
     1
102
RTVSPropertyOp20
 70
     1
102
RTVSPropertyOp21
 70
     1
102
RTVSPropertyOp22
 70
     1
102
RTVSPropertyOp23
 70
     1
102
RTVSPropertyOp24
 70
     1
102
RTVSPropertyOp25
 70
     1
102
RTVSPropertyOp26
 70
     1
102
RTVSPropertyOp27
 70
     1
102
RTVSPropertyOp28
 70
     1
102
RTVSPropertyOp29
 70
     1
102
RTVSPropertyOp30
 70
     1
102
RTVSPropertyOp31
 70
     1
102
RTVSPropertyOp32
 70
     1
102
RTVSPropertyOp33
 70
     1
102
RTVSPropertyOp34
 70
     1
102
RTVSPropertyOp35
 70
     1
102
RTVSPropertyOp36
 70
     1
102
RTVSPropertyOp37
 70
     1
102
RTVSPropertyOp38
 70
     1
102
RTVSPropertyOp39
 70
     1
102
RTVSPropertyOp40
 70
     1
102
RTVSPropertyOp41
 70
     1
102
RTVSPropertyOp42
 70
     1
102
RTVSPropertyOp43
 70
     1
102
RTVSPropertyOp44
 70
     1
102
RTVSPropertyOp45
 70
     1
102
RTVSPropertyOp46
 70
     1
102
RTVSPropertyOp47
 70
     1
102
RTVSPropertyOp48
 70
     1
102
RTVSPropertyOp49
 70
     1
102
RTVSPropertyOp50
 70
     1
102
RTVSPropertyOp51
 70
     0
102
RTVSPropertyOp52
 70
     0
102
RTVSPropertyOp53
 70
     1
102
RTVSPropertyOp54
 70
     1
102
RTVSPropertyOp55
 70
     1
102
RTVSPropertyOp56
 70
     1
102
RTVSPropertyOp57
 70
     1
102
RTVSPropertyOp58
 70
     1
102
RTVSPropertyOp59
 70
     1
102
RTVSPropertyOp60
 70
     1
102
RTVSPropertyOp61
 70
     1
102
RTVSPropertyOp62
 70
     1
  0
XRECORD
  5
4891
102
{ACAD_REACTORS
330
4890
102
}
330
4890
100
AcDbXrecord
280
     1
102
RTVSPost2010Prop28
280
     0
102
RTVSPost2010PropOp28
 70
     1
102
RTVSPost2010Prop29
280
     1
102
RTVSPost2010PropOp29
 70
     1
102
RTVSPost2010Prop30
280
     1
102
RTVSPost2010PropOp30
 70
     1
102
RTVSPost2010Prop31
280
     0
102
RTVSPost2010PropOp31
 70
     1
102
RTVSPost2010Prop32
280
     0
102
RTVSPost2010PropOp32
 70
     1
102
RTVSPost2010Prop33
280
     0
102
RTVSPost2010PropOp33
 70
     1
102
RTVSPost2010Prop34
280
     0
102
RTVSPost2010PropOp34
 70
     1
102
RTVSPost2010Prop35
280
     0
102
RTVSPost2010PropOp35
 70
     1
102
RTVSPost2010Prop36
280
     0
102
RTVSPost2010PropOp36
 70
     1
102
RTVSPost2010Prop37
 90
       50
102
RTVSPost2010PropOp37
 70
     1
102
RTVSPost2010Prop38
140
0.0
102
RTVSPost2010PropOp38
 70
     1
102
RTVSPost2010Prop39
140
1.0
102
RTVSPost2010PropOp39
 70
     1
102
RTVSPost2010Prop40
 90
        0
102
RTVSPost2010PropOp40
 70
     1
102
RTVSPost2010Prop41ColorIndex
 90
       18
102
RTVSPost2010Prop41ColorRGB
 90
        0
102
RTVSPost2010PropOp41
 70
     1
102
RTVSPost2010Prop42
 90
       50
102
RTVSPost2010PropOp42
 70
     1
102
RTVSPost2010Prop43
 90
        3
102
RTVSPost2010PropOp43
 70
     1
102
RTVSPost2010Prop44ColorIndex
 90
        5
102
RTVSPost2010Prop44ColorRGB
 90
      255
102
RTVSPost2010PropOp44
 70
     1
102
RTVSPost2010Prop45
280
     0
102
RTVSPost2010PropOp45
 70
     1
102
RTVSPost2010Prop46
 90
       50
102
RTVSPost2010PropOp46
 70
     1
102
RTVSPost2010Prop47
 90
       50
102
RTVSPost2010PropOp47
 70
     1
102
RTVSPost2010Prop48
 90
       50
102
RTVSPost2010PropOp48
 70
     1
102
RTVSPost2010Prop49
280
     0
102
RTVSPost2010PropOp49
 70
     1
102
RTVSPost2010Prop50
 90
       50
102
RTVSPost2010PropOp50
 70
     1
102
RTVSPost2010Prop51ColorIndex
 90
      256
102
RTVSPost2010Prop51ColorRGB
 90
-16777216
102
RTVSPost2010PropOp51
 70
     0
102
RTVSPost2010Prop52
140
1.0
102
RTVSPost2010PropOp52
 70
     0
102
RTVSPost2010Prop53
 90
        2
102
RTVSPost2010PropOp53
 70
     1
102
RTVSPost2010Prop54
  1
strokes_ogs.tif
102
RTVSPost2010PropOp54
 70
     1
102
RTVSPost2010Prop55
280
     0
102
RTVSPost2010PropOp55
 70
     1
102
RTVSPost2010Prop56
140
1.0
102
RTVSPost2010PropOp56
 70
     1
102
RTVSPost2010Prop57
140
1.0
102
RTVSPost2010PropOp57
 70
     1
102
RTVSPropertyOp0
 70
     1
102
RTVSPropertyOp1
 70
     1
102
RTVSPropertyOp2
 70
     1
102
RTVSPropertyOp3
 70
     1
102
RTVSPropertyOp4
 70
     1
102
RTVSPropertyOp5
 70
     1
102
RTVSPropertyOp6
 70
     1
102
RTVSPropertyOp7
 70
     1
102
RTVSPropertyOp8
 70
     1
102
RTVSPropertyOp9
 70
     1
102
RTVSPropertyOp10
 70
     1
102
RTVSPropertyOp11
 70
     1
102
RTVSPropertyOp12
 70
     1
102
RTVSPropertyOp13
 70
     1
102
RTVSPropertyOp14
 70
     1
102
RTVSPropertyOp15
 70
     1
102
RTVSPropertyOp16
 70
     1
102
RTVSPropertyOp17
 70
     1
102
RTVSPropertyOp18
 70
     1
102
RTVSPropertyOp19
 70
     1
102
RTVSPropertyOp20
 70
     1
102
RTVSPropertyOp21
 70
     1
102
RTVSPropertyOp22
 70
     1
102
RTVSPropertyOp23
 70
     1
102
RTVSPropertyOp24
 70
     1
102
RTVSPropertyOp25
 70
     1
102
RTVSPropertyOp26
 70
     1
102
RTVSPropertyOp27
 70
     1
102
RTVSPropertyOp28
 70
     1
102
RTVSPropertyOp29
 70
     1
102
RTVSPropertyOp30
 70
     1
102
RTVSPropertyOp31
 70
     1
102
RTVSPropertyOp32
 70
     1
102
RTVSPropertyOp33
 70
     1
102
RTVSPropertyOp34
 70
     1
102
RTVSPropertyOp35
 70
     1
102
RTVSPropertyOp36
 70
     1
102
RTVSPropertyOp37
 70
     1
102
RTVSPropertyOp38
 70
     1
102
RTVSPropertyOp39
 70
     1
102
RTVSPropertyOp40
 70
     1
102
RTVSPropertyOp41
 70
     1
102
RTVSPropertyOp42
 70
     1
102
RTVSPropertyOp43
 70
     1
102
RTVSPropertyOp44
 70
     1
102
RTVSPropertyOp45
 70
     1
102
RTVSPropertyOp46
 70
     1
102
RTVSPropertyOp47
 70
     1
102
RTVSPropertyOp48
 70
     1
102
RTVSPropertyOp49
 70
     1
102
RTVSPropertyOp50
 70
     1
102
RTVSPropertyOp51
 70
     0
102
RTVSPropertyOp52
 70
     0
102
RTVSPropertyOp53
 70
     1
102
RTVSPropertyOp54
 70
     1
102
RTVSPropertyOp55
 70
     1
102
RTVSPropertyOp56
 70
     1
102
RTVSPropertyOp57
 70
     1
102
RTVSPropertyOp58
 70
     1
102
RTVSPropertyOp59
 70
     1
102
RTVSPropertyOp60
 70
     1
102
RTVSPropertyOp61
 70
     1
102
RTVSPropertyOp62
 70
     1
  0
XRECORD
  5
4899
102
{ACAD_REACTORS
330
4898
102
}
330
4898
100
AcDbXrecord
280
     1
102
RTVSPost2010Prop28
280
     0
102
RTVSPost2010PropOp28
 70
     1
102
RTVSPost2010Prop29
280
     1
102
RTVSPost2010PropOp29
 70
     1
102
RTVSPost2010Prop30
280
     1
102
RTVSPost2010PropOp30
 70
     1
102
RTVSPost2010Prop31
280
     0
102
RTVSPost2010PropOp31
 70
     1
102
RTVSPost2010Prop32
280
     0
102
RTVSPost2010PropOp32
 70
     1
102
RTVSPost2010Prop33
280
     0
102
RTVSPost2010PropOp33
 70
     1
102
RTVSPost2010Prop34
280
     0
102
RTVSPost2010PropOp34
 70
     1
102
RTVSPost2010Prop35
280
     0
102
RTVSPost2010PropOp35
 70
     1
102
RTVSPost2010Prop36
280
     0
102
RTVSPost2010PropOp36
 70
     1
102
RTVSPost2010Prop37
 90
       50
102
RTVSPost2010PropOp37
 70
     1
102
RTVSPost2010Prop38
140
0.0
102
RTVSPost2010PropOp38
 70
     1
102
RTVSPost2010Prop39
140
1.0
102
RTVSPost2010PropOp39
 70
     1
102
RTVSPost2010Prop40
 90
        0
102
RTVSPost2010PropOp40
 70
     1
102
RTVSPost2010Prop41ColorIndex
 90
       18
102
RTVSPost2010Prop41ColorRGB
 90
        0
102
RTVSPost2010PropOp41
 70
     1
102
RTVSPost2010Prop42
 90
       50
102
RTVSPost2010PropOp42
 70
     1
102
RTVSPost2010Prop43
 90
        3
102
RTVSPost2010PropOp43
 70
     1
102
RTVSPost2010Prop44ColorIndex
 90
        5
102
RTVSPost2010Prop44ColorRGB
 90
      255
102
RTVSPost2010PropOp44
 70
     1
102
RTVSPost2010Prop45
280
     0
102
RTVSPost2010PropOp45
 70
     1
102
RTVSPost2010Prop46
 90
       50
102
RTVSPost2010PropOp46
 70
     1
102
RTVSPost2010Prop47
 90
       50
102
RTVSPost2010PropOp47
 70
     1
102
RTVSPost2010Prop48
 90
       50
102
RTVSPost2010PropOp48
 70
     1
102
RTVSPost2010Prop49
280
     0
102
RTVSPost2010PropOp49
 70
     1
102
RTVSPost2010Prop50
 90
       50
102
RTVSPost2010PropOp50
 70
     1
102
RTVSPost2010Prop51ColorIndex
 90
      256
102
RTVSPost2010Prop51ColorRGB
 90
-16777216
102
RTVSPost2010PropOp51
 70
     0
102
RTVSPost2010Prop52
140
1.0
102
RTVSPost2010PropOp52
 70
     0
102
RTVSPost2010Prop53
 90
        2
102
RTVSPost2010PropOp53
 70
     1
102
RTVSPost2010Prop54
  1
strokes_ogs.tif
102
RTVSPost2010PropOp54
 70
     1
102
RTVSPost2010Prop55
280
     0
102
RTVSPost2010PropOp55
 70
     1
102
RTVSPost2010Prop56
140
1.0
102
RTVSPost2010PropOp56
 70
     1
102
RTVSPost2010Prop57
140
1.0
102
RTVSPost2010PropOp57
 70
     1
102
RTVSPropertyOp0
 70
     1
102
RTVSPropertyOp1
 70
     1
102
RTVSPropertyOp2
 70
     1
102
RTVSPropertyOp3
 70
     1
102
RTVSPropertyOp4
 70
     1
102
RTVSPropertyOp5
 70
     1
102
RTVSPropertyOp6
 70
     1
102
RTVSPropertyOp7
 70
     1
102
RTVSPropertyOp8
 70
     1
102
RTVSPropertyOp9
 70
     1
102
RTVSPropertyOp10
 70
     1
102
RTVSPropertyOp11
 70
     1
102
RTVSPropertyOp12
 70
     1
102
RTVSPropertyOp13
 70
     1
102
RTVSPropertyOp14
 70
     1
102
RTVSPropertyOp15
 70
     1
102
RTVSPropertyOp16
 70
     1
102
RTVSPropertyOp17
 70
     1
102
RTVSPropertyOp18
 70
     1
102
RTVSPropertyOp19
 70
     1
102
RTVSPropertyOp20
 70
     1
102
RTVSPropertyOp21
 70
     1
102
RTVSPropertyOp22
 70
     1
102
RTVSPropertyOp23
 70
     1
102
RTVSPropertyOp24
 70
     1
102
RTVSPropertyOp25
 70
     1
102
RTVSPropertyOp26
 70
     1
102
RTVSPropertyOp27
 70
     1
102
RTVSPropertyOp28
 70
     1
102
RTVSPropertyOp29
 70
     1
102
RTVSPropertyOp30
 70
     1
102
RTVSPropertyOp31
 70
     1
102
RTVSPropertyOp32
 70
     1
102
RTVSPropertyOp33
 70
     1
102
RTVSPropertyOp34
 70
     1
102
RTVSPropertyOp35
 70
     1
102
RTVSPropertyOp36
 70
     1
102
RTVSPropertyOp37
 70
     1
102
RTVSPropertyOp38
 70
     1
102
RTVSPropertyOp39
 70
     1
102
RTVSPropertyOp40
 70
     1
102
RTVSPropertyOp41
 70
     1
102
RTVSPropertyOp42
 70
     1
102
RTVSPropertyOp43
 70
     1
102
RTVSPropertyOp44
 70
     1
102
RTVSPropertyOp45
 70
     1
102
RTVSPropertyOp46
 70
     1
102
RTVSPropertyOp47
 70
     1
102
RTVSPropertyOp48
 70
     1
102
RTVSPropertyOp49
 70
     1
102
RTVSPropertyOp50
 70
     1
102
RTVSPropertyOp51
 70
     0
102
RTVSPropertyOp52
 70
     0
102
RTVSPropertyOp53
 70
     1
102
RTVSPropertyOp54
 70
     1
102
RTVSPropertyOp55
 70
     1
102
RTVSPropertyOp56
 70
     1
102
RTVSPropertyOp57
 70
     1
102
RTVSPropertyOp58
 70
     1
102
RTVSPropertyOp59
 70
     1
102
RTVSPropertyOp60
 70
     1
102
RTVSPropertyOp61
 70
     1
102
RTVSPropertyOp62
 70
     1
  0
XRECORD
  5
488B
102
{ACAD_REACTORS
330
488A
102
}
330
488A
100
AcDbXrecord
280
     1
102
RTVSPost2010Prop28
280
     0
102
RTVSPost2010PropOp28
 70
     1
102
RTVSPost2010Prop29
280
     1
102
RTVSPost2010PropOp29
 70
     1
102
RTVSPost2010Prop30
280
     1
102
RTVSPost2010PropOp30
 70
     1
102
RTVSPost2010Prop31
280
     0
102
RTVSPost2010PropOp31
 70
     1
102
RTVSPost2010Prop32
280
     0
102
RTVSPost2010PropOp32
 70
     1
102
RTVSPost2010Prop33
280
     0
102
RTVSPost2010PropOp33
 70
     1
102
RTVSPost2010Prop34
280
     0
102
RTVSPost2010PropOp34
 70
     1
102
RTVSPost2010Prop35
280
     0
102
RTVSPost2010PropOp35
 70
     1
102
RTVSPost2010Prop36
280
     0
102
RTVSPost2010PropOp36
 70
     1
102
RTVSPost2010Prop37
 90
       50
102
RTVSPost2010PropOp37
 70
     1
102
RTVSPost2010Prop38
140
0.0
102
RTVSPost2010PropOp38
 70
     1
102
RTVSPost2010Prop39
140
1.0
102
RTVSPost2010PropOp39
 70
     1
102
RTVSPost2010Prop40
 90
        0
102
RTVSPost2010PropOp40
 70
     1
102
RTVSPost2010Prop41ColorIndex
 90
       18
102
RTVSPost2010Prop41ColorRGB
 90
        0
102
RTVSPost2010PropOp41
 70
     1
102
RTVSPost2010Prop42
 90
       50
102
RTVSPost2010PropOp42
 70
     1
102
RTVSPost2010Prop43
 90
        3
102
RTVSPost2010PropOp43
 70
     1
102
RTVSPost2010Prop44ColorIndex
 90
        5
102
RTVSPost2010Prop44ColorRGB
 90
      255
102
RTVSPost2010PropOp44
 70
     1
102
RTVSPost2010Prop45
280
     0
102
RTVSPost2010PropOp45
 70
     1
102
RTVSPost2010Prop46
 90
       50
102
RTVSPost2010PropOp46
 70
     1
102
RTVSPost2010Prop47
 90
       50
102
RTVSPost2010PropOp47
 70
     1
102
RTVSPost2010Prop48
 90
       50
102
RTVSPost2010PropOp48
 70
     1
102
RTVSPost2010Prop49
280
     0
102
RTVSPost2010PropOp49
 70
     1
102
RTVSPost2010Prop50
 90
       50
102
RTVSPost2010PropOp50
 70
     1
102
RTVSPost2010Prop51ColorIndex
 90
      256
102
RTVSPost2010Prop51ColorRGB
 90
-16777216
102
RTVSPost2010PropOp51
 70
     0
102
RTVSPost2010Prop52
140
1.0
102
RTVSPost2010PropOp52
 70
     0
102
RTVSPost2010Prop53
 90
        2
102
RTVSPost2010PropOp53
 70
     1
102
RTVSPost2010Prop54
  1
strokes_ogs.tif
102
RTVSPost2010PropOp54
 70
     1
102
RTVSPost2010Prop55
280
     0
102
RTVSPost2010PropOp55
 70
     1
102
RTVSPost2010Prop56
140
1.0
102
RTVSPost2010PropOp56
 70
     1
102
RTVSPost2010Prop57
140
1.0
102
RTVSPost2010PropOp57
 70
     1
102
RTVSPropertyOp0
 70
     1
102
RTVSPropertyOp1
 70
     1
102
RTVSPropertyOp2
 70
     1
102
RTVSPropertyOp3
 70
     1
102
RTVSPropertyOp4
 70
     1
102
RTVSPropertyOp5
 70
     1
102
RTVSPropertyOp6
 70
     1
102
RTVSPropertyOp7
 70
     1
102
RTVSPropertyOp8
 70
     1
102
RTVSPropertyOp9
 70
     1
102
RTVSPropertyOp10
 70
     1
102
RTVSPropertyOp11
 70
     1
102
RTVSPropertyOp12
 70
     1
102
RTVSPropertyOp13
 70
     1
102
RTVSPropertyOp14
 70
     1
102
RTVSPropertyOp15
 70
     1
102
RTVSPropertyOp16
 70
     1
102
RTVSPropertyOp17
 70
     1
102
RTVSPropertyOp18
 70
     1
102
RTVSPropertyOp19
 70
     1
102
RTVSPropertyOp20
 70
     1
102
RTVSPropertyOp21
 70
     1
102
RTVSPropertyOp22
 70
     1
102
RTVSPropertyOp23
 70
     1
102
RTVSPropertyOp24
 70
     1
102
RTVSPropertyOp25
 70
     1
102
RTVSPropertyOp26
 70
     1
102
RTVSPropertyOp27
 70
     1
102
RTVSPropertyOp28
 70
     1
102
RTVSPropertyOp29
 70
     1
102
RTVSPropertyOp30
 70
     1
102
RTVSPropertyOp31
 70
     1
102
RTVSPropertyOp32
 70
     1
102
RTVSPropertyOp33
 70
     1
102
RTVSPropertyOp34
 70
     1
102
RTVSPropertyOp35
 70
     1
102
RTVSPropertyOp36
 70
     1
102
RTVSPropertyOp37
 70
     1
102
RTVSPropertyOp38
 70
     1
102
RTVSPropertyOp39
 70
     1
102
RTVSPropertyOp40
 70
     1
102
RTVSPropertyOp41
 70
     1
102
RTVSPropertyOp42
 70
     1
102
RTVSPropertyOp43
 70
     1
102
RTVSPropertyOp44
 70
     1
102
RTVSPropertyOp45
 70
     1
102
RTVSPropertyOp46
 70
     1
102
RTVSPropertyOp47
 70
     1
102
RTVSPropertyOp48
 70
     1
102
RTVSPropertyOp49
 70
     1
102
RTVSPropertyOp50
 70
     1
102
RTVSPropertyOp51
 70
     0
102
RTVSPropertyOp52
 70
     0
102
RTVSPropertyOp53
 70
     1
102
RTVSPropertyOp54
 70
     1
102
RTVSPropertyOp55
 70
     1
102
RTVSPropertyOp56
 70
     1
102
RTVSPropertyOp57
 70
     1
102
RTVSPropertyOp58
 70
     1
102
RTVSPropertyOp59
 70
     1
102
RTVSPropertyOp60
 70
     1
102
RTVSPropertyOp61
 70
     1
102
RTVSPropertyOp62
 70
     1
  0
XRECORD
  5
488F
102
{ACAD_REACTORS
330
488E
102
}
330
488E
100
AcDbXrecord
280
     1
102
RTVSPost2010Prop28
280
     0
102
RTVSPost2010PropOp28
 70
     1
102
RTVSPost2010Prop29
280
     1
102
RTVSPost2010PropOp29
 70
     1
102
RTVSPost2010Prop30
280
     1
102
RTVSPost2010PropOp30
 70
     1
102
RTVSPost2010Prop31
280
     0
102
RTVSPost2010PropOp31
 70
     1
102
RTVSPost2010Prop32
280
     0
102
RTVSPost2010PropOp32
 70
     1
102
RTVSPost2010Prop33
280
     0
102
RTVSPost2010PropOp33
 70
     1
102
RTVSPost2010Prop34
280
     0
102
RTVSPost2010PropOp34
 70
     1
102
RTVSPost2010Prop35
280
     0
102
RTVSPost2010PropOp35
 70
     1
102
RTVSPost2010Prop36
280
     0
102
RTVSPost2010PropOp36
 70
     1
102
RTVSPost2010Prop37
 90
       50
102
RTVSPost2010PropOp37
 70
     1
102
RTVSPost2010Prop38
140
0.0
102
RTVSPost2010PropOp38
 70
     1
102
RTVSPost2010Prop39
140
1.0
102
RTVSPost2010PropOp39
 70
     1
102
RTVSPost2010Prop40
 90
        0
102
RTVSPost2010PropOp40
 70
     1
102
RTVSPost2010Prop41ColorIndex
 90
       18
102
RTVSPost2010Prop41ColorRGB
 90
        0
102
RTVSPost2010PropOp41
 70
     1
102
RTVSPost2010Prop42
 90
       50
102
RTVSPost2010PropOp42
 70
     1
102
RTVSPost2010Prop43
 90
        3
102
RTVSPost2010PropOp43
 70
     1
102
RTVSPost2010Prop44ColorIndex
 90
        5
102
RTVSPost2010Prop44ColorRGB
 90
      255
102
RTVSPost2010PropOp44
 70
     1
102
RTVSPost2010Prop45
280
     0
102
RTVSPost2010PropOp45
 70
     1
102
RTVSPost2010Prop46
 90
       50
102
RTVSPost2010PropOp46
 70
     1
102
RTVSPost2010Prop47
 90
       50
102
RTVSPost2010PropOp47
 70
     1
102
RTVSPost2010Prop48
 90
       50
102
RTVSPost2010PropOp48
 70
     1
102
RTVSPost2010Prop49
280
     0
102
RTVSPost2010PropOp49
 70
     1
102
RTVSPost2010Prop50
 90
       50
102
RTVSPost2010PropOp50
 70
     1
102
RTVSPost2010Prop51ColorIndex
 90
      256
102
RTVSPost2010Prop51ColorRGB
 90
-16777216
102
RTVSPost2010PropOp51
 70
     0
102
RTVSPost2010Prop52
140
1.0
102
RTVSPost2010PropOp52
 70
     0
102
RTVSPost2010Prop53
 90
        2
102
RTVSPost2010PropOp53
 70
     1
102
RTVSPost2010Prop54
  1
strokes_ogs.tif
102
RTVSPost2010PropOp54
 70
     1
102
RTVSPost2010Prop55
280
     0
102
RTVSPost2010PropOp55
 70
     1
102
RTVSPost2010Prop56
140
1.0
102
RTVSPost2010PropOp56
 70
     1
102
RTVSPost2010Prop57
140
1.0
102
RTVSPost2010PropOp57
 70
     1
102
RTVSPropertyOp0
 70
     1
102
RTVSPropertyOp1
 70
     1
102
RTVSPropertyOp2
 70
     1
102
RTVSPropertyOp3
 70
     1
102
RTVSPropertyOp4
 70
     1
102
RTVSPropertyOp5
 70
     1
102
RTVSPropertyOp6
 70
     1
102
RTVSPropertyOp7
 70
     1
102
RTVSPropertyOp8
 70
     1
102
RTVSPropertyOp9
 70
     1
102
RTVSPropertyOp10
 70
     1
102
RTVSPropertyOp11
 70
     1
102
RTVSPropertyOp12
 70
     1
102
RTVSPropertyOp13
 70
     1
102
RTVSPropertyOp14
 70
     1
102
RTVSPropertyOp15
 70
     1
102
RTVSPropertyOp16
 70
     1
102
RTVSPropertyOp17
 70
     1
102
RTVSPropertyOp18
 70
     1
102
RTVSPropertyOp19
 70
     1
102
RTVSPropertyOp20
 70
     1
102
RTVSPropertyOp21
 70
     1
102
RTVSPropertyOp22
 70
     1
102
RTVSPropertyOp23
 70
     1
102
RTVSPropertyOp24
 70
     1
102
RTVSPropertyOp25
 70
     1
102
RTVSPropertyOp26
 70
     1
102
RTVSPropertyOp27
 70
     1
102
RTVSPropertyOp28
 70
     1
102
RTVSPropertyOp29
 70
     1
102
RTVSPropertyOp30
 70
     1
102
RTVSPropertyOp31
 70
     1
102
RTVSPropertyOp32
 70
     1
102
RTVSPropertyOp33
 70
     1
102
RTVSPropertyOp34
 70
     1
102
RTVSPropertyOp35
 70
     1
102
RTVSPropertyOp36
 70
     1
102
RTVSPropertyOp37
 70
     1
102
RTVSPropertyOp38
 70
     1
102
RTVSPropertyOp39
 70
     1
102
RTVSPropertyOp40
 70
     1
102
RTVSPropertyOp41
 70
     1
102
RTVSPropertyOp42
 70
     1
102
RTVSPropertyOp43
 70
     1
102
RTVSPropertyOp44
 70
     1
102
RTVSPropertyOp45
 70
     1
102
RTVSPropertyOp46
 70
     1
102
RTVSPropertyOp47
 70
     1
102
RTVSPropertyOp48
 70
     1
102
RTVSPropertyOp49
 70
     1
102
RTVSPropertyOp50
 70
     1
102
RTVSPropertyOp51
 70
     0
102
RTVSPropertyOp52
 70
     0
102
RTVSPropertyOp53
 70
     1
102
RTVSPropertyOp54
 70
     1
102
RTVSPropertyOp55
 70
     1
102
RTVSPropertyOp56
 70
     1
102
RTVSPropertyOp57
 70
     1
102
RTVSPropertyOp58
 70
     1
102
RTVSPropertyOp59
 70
     1
102
RTVSPropertyOp60
 70
     1
102
RTVSPropertyOp61
 70
     1
102
RTVSPropertyOp62
 70
     1
  0
XRECORD
  5
48AD
102
{ACAD_REACTORS
330
48AC
102
}
330
48AC
100
AcDbXrecord
280
     1
102
RTVSPost2010Prop28
280
     0
102
RTVSPost2010PropOp28
 70
     0
102
RTVSPost2010Prop29
280
     1
102
RTVSPost2010PropOp29
 70
     0
102
RTVSPost2010Prop30
280
     1
102
RTVSPost2010PropOp30
 70
     0
102
RTVSPost2010Prop31
280
     0
102
RTVSPost2010PropOp31
 70
     0
102
RTVSPost2010Prop32
280
     0
102
RTVSPost2010PropOp32
 70
     0
102
RTVSPost2010Prop33
280
     0
102
RTVSPost2010PropOp33
 70
     0
102
RTVSPost2010Prop34
280
     0
102
RTVSPost2010PropOp34
 70
     0
102
RTVSPost2010Prop35
280
     0
102
RTVSPost2010PropOp35
 70
     0
102
RTVSPost2010Prop36
280
     0
102
RTVSPost2010PropOp36
 70
     0
102
RTVSPost2010Prop37
 90
       50
102
RTVSPost2010PropOp37
 70
     0
102
RTVSPost2010Prop38
140
0.0
102
RTVSPost2010PropOp38
 70
     0
102
RTVSPost2010Prop39
140
1.0
102
RTVSPost2010PropOp39
 70
     0
102
RTVSPost2010Prop40
 90
        0
102
RTVSPost2010PropOp40
 70
     0
102
RTVSPost2010Prop41ColorIndex
 90
       18
102
RTVSPost2010Prop41ColorRGB
 90
        0
102
RTVSPost2010PropOp41
 70
     0
102
RTVSPost2010Prop42
 90
       50
102
RTVSPost2010PropOp42
 70
     0
102
RTVSPost2010Prop43
 90
        3
102
RTVSPost2010PropOp43
 70
     0
102
RTVSPost2010Prop44ColorIndex
 90
        5
102
RTVSPost2010Prop44ColorRGB
 90
      255
102
RTVSPost2010PropOp44
 70
     0
102
RTVSPost2010Prop45
280
     0
102
RTVSPost2010PropOp45
 70
     0
102
RTVSPost2010Prop46
 90
       50
102
RTVSPost2010PropOp46
 70
     0
102
RTVSPost2010Prop47
 90
       50
102
RTVSPost2010PropOp47
 70
     0
102
RTVSPost2010Prop48
 90
       50
102
RTVSPost2010PropOp48
 70
     0
102
RTVSPost2010Prop49
280
     0
102
RTVSPost2010PropOp49
 70
     0
102
RTVSPost2010Prop50
 90
       50
102
RTVSPost2010PropOp50
 70
     0
102
RTVSPost2010Prop51ColorIndex
 90
      256
102
RTVSPost2010Prop51ColorRGB
 90
-16777216
102
RTVSPost2010PropOp51
 70
     0
102
RTVSPost2010Prop52
140
1.0
102
RTVSPost2010PropOp52
 70
     0
102
RTVSPost2010Prop53
 90
        2
102
RTVSPost2010PropOp53
 70
     0
102
RTVSPost2010Prop54
  1
strokes_ogs.tif
102
RTVSPost2010PropOp54
 70
     0
102
RTVSPost2010Prop55
280
     0
102
RTVSPost2010PropOp55
 70
     0
102
RTVSPost2010Prop56
140
1.0
102
RTVSPost2010PropOp56
 70
     0
102
RTVSPost2010Prop57
140
1.0
102
RTVSPost2010PropOp57
 70
     0
102
RTVSPropertyOp0
 70
     0
102
RTVSPropertyOp1
 70
     0
102
RTVSPropertyOp2
 70
     0
102
RTVSPropertyOp3
 70
     0
102
RTVSPropertyOp4
 70
     0
102
RTVSPropertyOp5
 70
     0
102
RTVSPropertyOp6
 70
     0
102
RTVSPropertyOp7
 70
     0
102
RTVSPropertyOp8
 70
     0
102
RTVSPropertyOp9
 70
     0
102
RTVSPropertyOp10
 70
     0
102
RTVSPropertyOp11
 70
     0
102
RTVSPropertyOp12
 70
     0
102
RTVSPropertyOp13
 70
     0
102
RTVSPropertyOp14
 70
     2
102
RTVSPropertyOp15
 70
     0
102
RTVSPropertyOp16
 70
     0
102
RTVSPropertyOp17
 70
     0
102
RTVSPropertyOp18
 70
     0
102
RTVSPropertyOp19
 70
     0
102
RTVSPropertyOp20
 70
     0
102
RTVSPropertyOp21
 70
     0
102
RTVSPropertyOp22
 70
     0
102
RTVSPropertyOp23
 70
     0
102
RTVSPropertyOp24
 70
     0
102
RTVSPropertyOp25
 70
     0
102
RTVSPropertyOp26
 70
     0
102
RTVSPropertyOp27
 70
     0
102
RTVSPropertyOp28
 70
     0
102
RTVSPropertyOp29
 70
     0
102
RTVSPropertyOp30
 70
     0
102
RTVSPropertyOp31
 70
     0
102
RTVSPropertyOp32
 70
     0
102
RTVSPropertyOp33
 70
     0
102
RTVSPropertyOp34
 70
     0
102
RTVSPropertyOp35
 70
     0
102
RTVSPropertyOp36
 70
     0
102
RTVSPropertyOp37
 70
     0
102
RTVSPropertyOp38
 70
     0
102
RTVSPropertyOp39
 70
     0
102
RTVSPropertyOp40
 70
     0
102
RTVSPropertyOp41
 70
     0
102
RTVSPropertyOp42
 70
     0
102
RTVSPropertyOp43
 70
     0
102
RTVSPropertyOp44
 70
     0
102
RTVSPropertyOp45
 70
     0
102
RTVSPropertyOp46
 70
     0
102
RTVSPropertyOp47
 70
     0
102
RTVSPropertyOp48
 70
     0
102
RTVSPropertyOp49
 70
     0
102
RTVSPropertyOp50
 70
     0
102
RTVSPropertyOp51
 70
     0
102
RTVSPropertyOp52
 70
     0
102
RTVSPropertyOp53
 70
     0
102
RTVSPropertyOp54
 70
     0
102
RTVSPropertyOp55
 70
     0
102
RTVSPropertyOp56
 70
     0
102
RTVSPropertyOp57
 70
     0
102
RTVSPropertyOp58
 70
     0
102
RTVSPropertyOp59
 70
     0
102
RTVSPropertyOp60
 70
     0
102
RTVSPropertyOp61
 70
     0
102
RTVSPropertyOp62
 70
     0
  0
XRECORD
  5
4897
102
{ACAD_REACTORS
330
4896
102
}
330
4896
100
AcDbXrecord
280
     1
102
RTVSPost2010Prop28
280
     0
102
RTVSPost2010PropOp28
 70
     1
102
RTVSPost2010Prop29
280
     1
102
RTVSPost2010PropOp29
 70
     1
102
RTVSPost2010Prop30
280
     1
102
RTVSPost2010PropOp30
 70
     1
102
RTVSPost2010Prop31
280
     0
102
RTVSPost2010PropOp31
 70
     1
102
RTVSPost2010Prop32
280
     0
102
RTVSPost2010PropOp32
 70
     1
102
RTVSPost2010Prop33
280
     0
102
RTVSPost2010PropOp33
 70
     1
102
RTVSPost2010Prop34
280
     0
102
RTVSPost2010PropOp34
 70
     1
102
RTVSPost2010Prop35
280
     0
102
RTVSPost2010PropOp35
 70
     1
102
RTVSPost2010Prop36
280
     0
102
RTVSPost2010PropOp36
 70
     1
102
RTVSPost2010Prop37
 90
       50
102
RTVSPost2010PropOp37
 70
     1
102
RTVSPost2010Prop38
140
0.0
102
RTVSPost2010PropOp38
 70
     1
102
RTVSPost2010Prop39
140
1.0
102
RTVSPost2010PropOp39
 70
     1
102
RTVSPost2010Prop40
 90
        0
102
RTVSPost2010PropOp40
 70
     1
102
RTVSPost2010Prop41ColorIndex
 90
       18
102
RTVSPost2010Prop41ColorRGB
 90
        0
102
RTVSPost2010PropOp41
 70
     1
102
RTVSPost2010Prop42
 90
       50
102
RTVSPost2010PropOp42
 70
     1
102
RTVSPost2010Prop43
 90
        3
102
RTVSPost2010PropOp43
 70
     1
102
RTVSPost2010Prop44ColorIndex
 90
        5
102
RTVSPost2010Prop44ColorRGB
 90
      255
102
RTVSPost2010PropOp44
 70
     1
102
RTVSPost2010Prop45
280
     0
102
RTVSPost2010PropOp45
 70
     1
102
RTVSPost2010Prop46
 90
       50
102
RTVSPost2010PropOp46
 70
     1
102
RTVSPost2010Prop47
 90
       50
102
RTVSPost2010PropOp47
 70
     1
102
RTVSPost2010Prop48
 90
       50
102
RTVSPost2010PropOp48
 70
     1
102
RTVSPost2010Prop49
280
     0
102
RTVSPost2010PropOp49
 70
     1
102
RTVSPost2010Prop50
 90
       50
102
RTVSPost2010PropOp50
 70
     1
102
RTVSPost2010Prop51ColorIndex
 90
      256
102
RTVSPost2010Prop51ColorRGB
 90
-16777216
102
RTVSPost2010PropOp51
 70
     0
102
RTVSPost2010Prop52
140
1.0
102
RTVSPost2010PropOp52
 70
     0
102
RTVSPost2010Prop53
 90
        2
102
RTVSPost2010PropOp53
 70
     1
102
RTVSPost2010Prop54
  1
strokes_ogs.tif
102
RTVSPost2010PropOp54
 70
     1
102
RTVSPost2010Prop55
280
     0
102
RTVSPost2010PropOp55
 70
     1
102
RTVSPost2010Prop56
140
1.0
102
RTVSPost2010PropOp56
 70
     1
102
RTVSPost2010Prop57
140
1.0
102
RTVSPost2010PropOp57
 70
     1
102
RTVSPropertyOp0
 70
     1
102
RTVSPropertyOp1
 70
     1
102
RTVSPropertyOp2
 70
     1
102
RTVSPropertyOp3
 70
     1
102
RTVSPropertyOp4
 70
     1
102
RTVSPropertyOp5
 70
     1
102
RTVSPropertyOp6
 70
     1
102
RTVSPropertyOp7
 70
     1
102
RTVSPropertyOp8
 70
     1
102
RTVSPropertyOp9
 70
     1
102
RTVSPropertyOp10
 70
     1
102
RTVSPropertyOp11
 70
     1
102
RTVSPropertyOp12
 70
     1
102
RTVSPropertyOp13
 70
     1
102
RTVSPropertyOp14
 70
     1
102
RTVSPropertyOp15
 70
     1
102
RTVSPropertyOp16
 70
     1
102
RTVSPropertyOp17
 70
     1
102
RTVSPropertyOp18
 70
     1
102
RTVSPropertyOp19
 70
     1
102
RTVSPropertyOp20
 70
     1
102
RTVSPropertyOp21
 70
     1
102
RTVSPropertyOp22
 70
     1
102
RTVSPropertyOp23
 70
     1
102
RTVSPropertyOp24
 70
     1
102
RTVSPropertyOp25
 70
     1
102
RTVSPropertyOp26
 70
     1
102
RTVSPropertyOp27
 70
     1
102
RTVSPropertyOp28
 70
     1
102
RTVSPropertyOp29
 70
     1
102
RTVSPropertyOp30
 70
     1
102
RTVSPropertyOp31
 70
     1
102
RTVSPropertyOp32
 70
     1
102
RTVSPropertyOp33
 70
     1
102
RTVSPropertyOp34
 70
     1
102
RTVSPropertyOp35
 70
     1
102
RTVSPropertyOp36
 70
     1
102
RTVSPropertyOp37
 70
     1
102
RTVSPropertyOp38
 70
     1
102
RTVSPropertyOp39
 70
     1
102
RTVSPropertyOp40
 70
     1
102
RTVSPropertyOp41
 70
     1
102
RTVSPropertyOp42
 70
     1
102
RTVSPropertyOp43
 70
     1
102
RTVSPropertyOp44
 70
     1
102
RTVSPropertyOp45
 70
     1
102
RTVSPropertyOp46
 70
     1
102
RTVSPropertyOp47
 70
     1
102
RTVSPropertyOp48
 70
     1
102
RTVSPropertyOp49
 70
     1
102
RTVSPropertyOp50
 70
     1
102
RTVSPropertyOp51
 70
     0
102
RTVSPropertyOp52
 70
     0
102
RTVSPropertyOp53
 70
     1
102
RTVSPropertyOp54
 70
     1
102
RTVSPropertyOp55
 70
     1
102
RTVSPropertyOp56
 70
     1
102
RTVSPropertyOp57
 70
     1
102
RTVSPropertyOp58
 70
     1
102
RTVSPropertyOp59
 70
     1
102
RTVSPropertyOp60
 70
     1
102
RTVSPropertyOp61
 70
     1
102
RTVSPropertyOp62
 70
     1
  0
XRECORD
  5
487B
102
{ACAD_REACTORS
330
487A
102
}
330
487A
100
AcDbXrecord
280
     1
102
RTVSPost2010Prop28
280
     0
102
RTVSPost2010PropOp28
 70
     1
102
RTVSPost2010Prop29
280
     1
102
RTVSPost2010PropOp29
 70
     1
102
RTVSPost2010Prop30
280
     1
102
RTVSPost2010PropOp30
 70
     1
102
RTVSPost2010Prop31
280
     0
102
RTVSPost2010PropOp31
 70
     1
102
RTVSPost2010Prop32
280
     0
102
RTVSPost2010PropOp32
 70
     1
102
RTVSPost2010Prop33
280
     0
102
RTVSPost2010PropOp33
 70
     1
102
RTVSPost2010Prop34
280
     0
102
RTVSPost2010PropOp34
 70
     1
102
RTVSPost2010Prop35
280
     0
102
RTVSPost2010PropOp35
 70
     1
102
RTVSPost2010Prop36
280
     0
102
RTVSPost2010PropOp36
 70
     1
102
RTVSPost2010Prop37
 90
       50
102
RTVSPost2010PropOp37
 70
     1
102
RTVSPost2010Prop38
140
0.0
102
RTVSPost2010PropOp38
 70
     1
102
RTVSPost2010Prop39
140
1.0
102
RTVSPost2010PropOp39
 70
     1
102
RTVSPost2010Prop40
 90
        0
102
RTVSPost2010PropOp40
 70
     1
102
RTVSPost2010Prop41ColorIndex
 90
       18
102
RTVSPost2010Prop41ColorRGB
 90
        0
102
RTVSPost2010PropOp41
 70
     1
102
RTVSPost2010Prop42
 90
       50
102
RTVSPost2010PropOp42
 70
     1
102
RTVSPost2010Prop43
 90
        3
102
RTVSPost2010PropOp43
 70
     1
102
RTVSPost2010Prop44ColorIndex
 90
        5
102
RTVSPost2010Prop44ColorRGB
 90
      255
102
RTVSPost2010PropOp44
 70
     1
102
RTVSPost2010Prop45
280
     0
102
RTVSPost2010PropOp45
 70
     1
102
RTVSPost2010Prop46
 90
       50
102
RTVSPost2010PropOp46
 70
     1
102
RTVSPost2010Prop47
 90
       50
102
RTVSPost2010PropOp47
 70
     1
102
RTVSPost2010Prop48
 90
       50
102
RTVSPost2010PropOp48
 70
     1
102
RTVSPost2010Prop49
280
     0
102
RTVSPost2010PropOp49
 70
     1
102
RTVSPost2010Prop50
 90
       50
102
RTVSPost2010PropOp50
 70
     1
102
RTVSPost2010Prop51ColorIndex
 90
      256
102
RTVSPost2010Prop51ColorRGB
 90
-16777216
102
RTVSPost2010PropOp51
 70
     0
102
RTVSPost2010Prop52
140
1.0
102
RTVSPost2010PropOp52
 70
     0
102
RTVSPost2010Prop53
 90
        2
102
RTVSPost2010PropOp53
 70
     1
102
RTVSPost2010Prop54
  1
strokes_ogs.tif
102
RTVSPost2010PropOp54
 70
     1
102
RTVSPost2010Prop55
280
     0
102
RTVSPost2010PropOp55
 70
     1
102
RTVSPost2010Prop56
140
1.0
102
RTVSPost2010PropOp56
 70
     1
102
RTVSPost2010Prop57
140
1.0
102
RTVSPost2010PropOp57
 70
     1
102
RTVSPropertyOp0
 70
     1
102
RTVSPropertyOp1
 70
     1
102
RTVSPropertyOp2
 70
     1
102
RTVSPropertyOp3
 70
     1
102
RTVSPropertyOp4
 70
     1
102
RTVSPropertyOp5
 70
     1
102
RTVSPropertyOp6
 70
     1
102
RTVSPropertyOp7
 70
     1
102
RTVSPropertyOp8
 70
     1
102
RTVSPropertyOp9
 70
     1
102
RTVSPropertyOp10
 70
     1
102
RTVSPropertyOp11
 70
     1
102
RTVSPropertyOp12
 70
     1
102
RTVSPropertyOp13
 70
     1
102
RTVSPropertyOp14
 70
     1
102
RTVSPropertyOp15
 70
     1
102
RTVSPropertyOp16
 70
     1
102
RTVSPropertyOp17
 70
     1
102
RTVSPropertyOp18
 70
     1
102
RTVSPropertyOp19
 70
     1
102
RTVSPropertyOp20
 70
     1
102
RTVSPropertyOp21
 70
     1
102
RTVSPropertyOp22
 70
     1
102
RTVSPropertyOp23
 70
     1
102
RTVSPropertyOp24
 70
     1
102
RTVSPropertyOp25
 70
     1
102
RTVSPropertyOp26
 70
     1
102
RTVSPropertyOp27
 70
     1
102
RTVSPropertyOp28
 70
     1
102
RTVSPropertyOp29
 70
     1
102
RTVSPropertyOp30
 70
     1
102
RTVSPropertyOp31
 70
     1
102
RTVSPropertyOp32
 70
     1
102
RTVSPropertyOp33
 70
     1
102
RTVSPropertyOp34
 70
     1
102
RTVSPropertyOp35
 70
     1
102
RTVSPropertyOp36
 70
     1
102
RTVSPropertyOp37
 70
     1
102
RTVSPropertyOp38
 70
     1
102
RTVSPropertyOp39
 70
     1
102
RTVSPropertyOp40
 70
     1
102
RTVSPropertyOp41
 70
     1
102
RTVSPropertyOp42
 70
     1
102
RTVSPropertyOp43
 70
     1
102
RTVSPropertyOp44
 70
     1
102
RTVSPropertyOp45
 70
     1
102
RTVSPropertyOp46
 70
     1
102
RTVSPropertyOp47
 70
     1
102
RTVSPropertyOp48
 70
     1
102
RTVSPropertyOp49
 70
     1
102
RTVSPropertyOp50
 70
     1
102
RTVSPropertyOp51
 70
     0
102
RTVSPropertyOp52
 70
     0
102
RTVSPropertyOp53
 70
     1
102
RTVSPropertyOp54
 70
     1
102
RTVSPropertyOp55
 70
     1
102
RTVSPropertyOp56
 70
     1
102
RTVSPropertyOp57
 70
     1
102
RTVSPropertyOp58
 70
     1
102
RTVSPropertyOp59
 70
     1
102
RTVSPropertyOp60
 70
     1
102
RTVSPropertyOp61
 70
     1
102
RTVSPropertyOp62
 70
     1
  0
XRECORD
  5
487D
102
{ACAD_REACTORS
330
487C
102
}
330
487C
100
AcDbXrecord
280
     1
102
RTVSPost2010Prop28
280
     0
102
RTVSPost2010PropOp28
 70
     1
102
RTVSPost2010Prop29
280
     1
102
RTVSPost2010PropOp29
 70
     1
102
RTVSPost2010Prop30
280
     1
102
RTVSPost2010PropOp30
 70
     1
102
RTVSPost2010Prop31
280
     0
102
RTVSPost2010PropOp31
 70
     1
102
RTVSPost2010Prop32
280
     0
102
RTVSPost2010PropOp32
 70
     1
102
RTVSPost2010Prop33
280
     0
102
RTVSPost2010PropOp33
 70
     1
102
RTVSPost2010Prop34
280
     0
102
RTVSPost2010PropOp34
 70
     1
102
RTVSPost2010Prop35
280
     0
102
RTVSPost2010PropOp35
 70
     1
102
RTVSPost2010Prop36
280
     0
102
RTVSPost2010PropOp36
 70
     1
102
RTVSPost2010Prop37
 90
       50
102
RTVSPost2010PropOp37
 70
     1
102
RTVSPost2010Prop38
140
0.0
102
RTVSPost2010PropOp38
 70
     1
102
RTVSPost2010Prop39
140
1.0
102
RTVSPost2010PropOp39
 70
     1
102
RTVSPost2010Prop40
 90
        0
102
RTVSPost2010PropOp40
 70
     1
102
RTVSPost2010Prop41ColorIndex
 90
       18
102
RTVSPost2010Prop41ColorRGB
 90
        0
102
RTVSPost2010PropOp41
 70
     1
102
RTVSPost2010Prop42
 90
       50
102
RTVSPost2010PropOp42
 70
     1
102
RTVSPost2010Prop43
 90
        3
102
RTVSPost2010PropOp43
 70
     1
102
RTVSPost2010Prop44ColorIndex
 90
        5
102
RTVSPost2010Prop44ColorRGB
 90
      255
102
RTVSPost2010PropOp44
 70
     1
102
RTVSPost2010Prop45
280
     0
102
RTVSPost2010PropOp45
 70
     1
102
RTVSPost2010Prop46
 90
       50
102
RTVSPost2010PropOp46
 70
     1
102
RTVSPost2010Prop47
 90
       50
102
RTVSPost2010PropOp47
 70
     1
102
RTVSPost2010Prop48
 90
       50
102
RTVSPost2010PropOp48
 70
     1
102
RTVSPost2010Prop49
280
     0
102
RTVSPost2010PropOp49
 70
     1
102
RTVSPost2010Prop50
 90
       50
102
RTVSPost2010PropOp50
 70
     1
102
RTVSPost2010Prop51ColorIndex
 90
      256
102
RTVSPost2010Prop51ColorRGB
 90
-16777216
102
RTVSPost2010PropOp51
 70
     0
102
RTVSPost2010Prop52
140
1.0
102
RTVSPost2010PropOp52
 70
     0
102
RTVSPost2010Prop53
 90
        2
102
RTVSPost2010PropOp53
 70
     1
102
RTVSPost2010Prop54
  1
strokes_ogs.tif
102
RTVSPost2010PropOp54
 70
     1
102
RTVSPost2010Prop55
280
     0
102
RTVSPost2010PropOp55
 70
     1
102
RTVSPost2010Prop56
140
1.0
102
RTVSPost2010PropOp56
 70
     1
102
RTVSPost2010Prop57
140
1.0
102
RTVSPost2010PropOp57
 70
     1
102
RTVSPropertyOp0
 70
     1
102
RTVSPropertyOp1
 70
     1
102
RTVSPropertyOp2
 70
     1
102
RTVSPropertyOp3
 70
     1
102
RTVSPropertyOp4
 70
     1
102
RTVSPropertyOp5
 70
     1
102
RTVSPropertyOp6
 70
     1
102
RTVSPropertyOp7
 70
     1
102
RTVSPropertyOp8
 70
     1
102
RTVSPropertyOp9
 70
     1
102
RTVSPropertyOp10
 70
     1
102
RTVSPropertyOp11
 70
     1
102
RTVSPropertyOp12
 70
     1
102
RTVSPropertyOp13
 70
     1
102
RTVSPropertyOp14
 70
     1
102
RTVSPropertyOp15
 70
     1
102
RTVSPropertyOp16
 70
     1
102
RTVSPropertyOp17
 70
     1
102
RTVSPropertyOp18
 70
     1
102
RTVSPropertyOp19
 70
     1
102
RTVSPropertyOp20
 70
     1
102
RTVSPropertyOp21
 70
     1
102
RTVSPropertyOp22
 70
     1
102
RTVSPropertyOp23
 70
     1
102
RTVSPropertyOp24
 70
     1
102
RTVSPropertyOp25
 70
     1
102
RTVSPropertyOp26
 70
     1
102
RTVSPropertyOp27
 70
     1
102
RTVSPropertyOp28
 70
     1
102
RTVSPropertyOp29
 70
     1
102
RTVSPropertyOp30
 70
     1
102
RTVSPropertyOp31
 70
     1
102
RTVSPropertyOp32
 70
     1
102
RTVSPropertyOp33
 70
     1
102
RTVSPropertyOp34
 70
     1
102
RTVSPropertyOp35
 70
     1
102
RTVSPropertyOp36
 70
     1
102
RTVSPropertyOp37
 70
     1
102
RTVSPropertyOp38
 70
     1
102
RTVSPropertyOp39
 70
     1
102
RTVSPropertyOp40
 70
     1
102
RTVSPropertyOp41
 70
     1
102
RTVSPropertyOp42
 70
     1
102
RTVSPropertyOp43
 70
     1
102
RTVSPropertyOp44
 70
     1
102
RTVSPropertyOp45
 70
     1
102
RTVSPropertyOp46
 70
     1
102
RTVSPropertyOp47
 70
     1
102
RTVSPropertyOp48
 70
     1
102
RTVSPropertyOp49
 70
     1
102
RTVSPropertyOp50
 70
     1
102
RTVSPropertyOp51
 70
     0
102
RTVSPropertyOp52
 70
     0
102
RTVSPropertyOp53
 70
     1
102
RTVSPropertyOp54
 70
     1
102
RTVSPropertyOp55
 70
     1
102
RTVSPropertyOp56
 70
     1
102
RTVSPropertyOp57
 70
     1
102
RTVSPropertyOp58
 70
     1
102
RTVSPropertyOp59
 70
     1
102
RTVSPropertyOp60
 70
     1
102
RTVSPropertyOp61
 70
     1
102
RTVSPropertyOp62
 70
     1
  0
XRECORD
  5
487F
102
{ACAD_REACTORS
330
487E
102
}
330
487E
100
AcDbXrecord
280
     1
102
RTVSPost2010Prop28
280
     0
102
RTVSPost2010PropOp28
 70
     1
102
RTVSPost2010Prop29
280
     1
102
RTVSPost2010PropOp29
 70
     1
102
RTVSPost2010Prop30
280
     1
102
RTVSPost2010PropOp30
 70
     1
102
RTVSPost2010Prop31
280
     0
102
RTVSPost2010PropOp31
 70
     1
102
RTVSPost2010Prop32
280
     0
102
RTVSPost2010PropOp32
 70
     1
102
RTVSPost2010Prop33
280
     0
102
RTVSPost2010PropOp33
 70
     1
102
RTVSPost2010Prop34
280
     0
102
RTVSPost2010PropOp34
 70
     1
102
RTVSPost2010Prop35
280
     0
102
RTVSPost2010PropOp35
 70
     1
102
RTVSPost2010Prop36
280
     0
102
RTVSPost2010PropOp36
 70
     1
102
RTVSPost2010Prop37
 90
       50
102
RTVSPost2010PropOp37
 70
     1
102
RTVSPost2010Prop38
140
0.0
102
RTVSPost2010PropOp38
 70
     1
102
RTVSPost2010Prop39
140
1.0
102
RTVSPost2010PropOp39
 70
     1
102
RTVSPost2010Prop40
 90
        0
102
RTVSPost2010PropOp40
 70
     1
102
RTVSPost2010Prop41ColorIndex
 90
       18
102
RTVSPost2010Prop41ColorRGB
 90
        0
102
RTVSPost2010PropOp41
 70
     1
102
RTVSPost2010Prop42
 90
       50
102
RTVSPost2010PropOp42
 70
     1
102
RTVSPost2010Prop43
 90
        3
102
RTVSPost2010PropOp43
 70
     1
102
RTVSPost2010Prop44ColorIndex
 90
        5
102
RTVSPost2010Prop44ColorRGB
 90
      255
102
RTVSPost2010PropOp44
 70
     1
102
RTVSPost2010Prop45
280
     0
102
RTVSPost2010PropOp45
 70
     1
102
RTVSPost2010Prop46
 90
       50
102
RTVSPost2010PropOp46
 70
     1
102
RTVSPost2010Prop47
 90
       50
102
RTVSPost2010PropOp47
 70
     1
102
RTVSPost2010Prop48
 90
       50
102
RTVSPost2010PropOp48
 70
     1
102
RTVSPost2010Prop49
280
     0
102
RTVSPost2010PropOp49
 70
     1
102
RTVSPost2010Prop50
 90
       50
102
RTVSPost2010PropOp50
 70
     1
102
RTVSPost2010Prop51ColorIndex
 90
      256
102
RTVSPost2010Prop51ColorRGB
 90
-16777216
102
RTVSPost2010PropOp51
 70
     0
102
RTVSPost2010Prop52
140
1.0
102
RTVSPost2010PropOp52
 70
     0
102
RTVSPost2010Prop53
 90
        2
102
RTVSPost2010PropOp53
 70
     1
102
RTVSPost2010Prop54
  1
strokes_ogs.tif
102
RTVSPost2010PropOp54
 70
     1
102
RTVSPost2010Prop55
280
     0
102
RTVSPost2010PropOp55
 70
     1
102
RTVSPost2010Prop56
140
1.0
102
RTVSPost2010PropOp56
 70
     1
102
RTVSPost2010Prop57
140
1.0
102
RTVSPost2010PropOp57
 70
     1
102
RTVSPropertyOp0
 70
     1
102
RTVSPropertyOp1
 70
     1
102
RTVSPropertyOp2
 70
     1
102
RTVSPropertyOp3
 70
     1
102
RTVSPropertyOp4
 70
     1
102
RTVSPropertyOp5
 70
     1
102
RTVSPropertyOp6
 70
     1
102
RTVSPropertyOp7
 70
     1
102
RTVSPropertyOp8
 70
     1
102
RTVSPropertyOp9
 70
     1
102
RTVSPropertyOp10
 70
     1
102
RTVSPropertyOp11
 70
     1
102
RTVSPropertyOp12
 70
     1
102
RTVSPropertyOp13
 70
     1
102
RTVSPropertyOp14
 70
     1
102
RTVSPropertyOp15
 70
     1
102
RTVSPropertyOp16
 70
     1
102
RTVSPropertyOp17
 70
     1
102
RTVSPropertyOp18
 70
     1
102
RTVSPropertyOp19
 70
     1
102
RTVSPropertyOp20
 70
     1
102
RTVSPropertyOp21
 70
     1
102
RTVSPropertyOp22
 70
     1
102
RTVSPropertyOp23
 70
     1
102
RTVSPropertyOp24
 70
     1
102
RTVSPropertyOp25
 70
     1
102
RTVSPropertyOp26
 70
     1
102
RTVSPropertyOp27
 70
     1
102
RTVSPropertyOp28
 70
     1
102
RTVSPropertyOp29
 70
     1
102
RTVSPropertyOp30
 70
     1
102
RTVSPropertyOp31
 70
     1
102
RTVSPropertyOp32
 70
     1
102
RTVSPropertyOp33
 70
     1
102
RTVSPropertyOp34
 70
     1
102
RTVSPropertyOp35
 70
     1
102
RTVSPropertyOp36
 70
     1
102
RTVSPropertyOp37
 70
     1
102
RTVSPropertyOp38
 70
     1
102
RTVSPropertyOp39
 70
     1
102
RTVSPropertyOp40
 70
     1
102
RTVSPropertyOp41
 70
     1
102
RTVSPropertyOp42
 70
     1
102
RTVSPropertyOp43
 70
     1
102
RTVSPropertyOp44
 70
     1
102
RTVSPropertyOp45
 70
     1
102
RTVSPropertyOp46
 70
     1
102
RTVSPropertyOp47
 70
     1
102
RTVSPropertyOp48
 70
     1
102
RTVSPropertyOp49
 70
     1
102
RTVSPropertyOp50
 70
     1
102
RTVSPropertyOp51
 70
     0
102
RTVSPropertyOp52
 70
     0
102
RTVSPropertyOp53
 70
     1
102
RTVSPropertyOp54
 70
     1
102
RTVSPropertyOp55
 70
     1
102
RTVSPropertyOp56
 70
     1
102
RTVSPropertyOp57
 70
     1
102
RTVSPropertyOp58
 70
     1
102
RTVSPropertyOp59
 70
     1
102
RTVSPropertyOp60
 70
     1
102
RTVSPropertyOp61
 70
     1
102
RTVSPropertyOp62
 70
     1
  0
XRECORD
  5
4881
102
{ACAD_REACTORS
330
4880
102
}
330
4880
100
AcDbXrecord
280
     1
102
RTVSPost2010Prop28
280
     0
102
RTVSPost2010PropOp28
 70
     1
102
RTVSPost2010Prop29
280
     1
102
RTVSPost2010PropOp29
 70
     1
102
RTVSPost2010Prop30
280
     1
102
RTVSPost2010PropOp30
 70
     1
102
RTVSPost2010Prop31
280
     0
102
RTVSPost2010PropOp31
 70
     1
102
RTVSPost2010Prop32
280
     0
102
RTVSPost2010PropOp32
 70
     1
102
RTVSPost2010Prop33
280
     0
102
RTVSPost2010PropOp33
 70
     1
102
RTVSPost2010Prop34
280
     0
102
RTVSPost2010PropOp34
 70
     1
102
RTVSPost2010Prop35
280
     0
102
RTVSPost2010PropOp35
 70
     1
102
RTVSPost2010Prop36
280
     0
102
RTVSPost2010PropOp36
 70
     1
102
RTVSPost2010Prop37
 90
       50
102
RTVSPost2010PropOp37
 70
     1
102
RTVSPost2010Prop38
140
0.0
102
RTVSPost2010PropOp38
 70
     1
102
RTVSPost2010Prop39
140
1.0
102
RTVSPost2010PropOp39
 70
     1
102
RTVSPost2010Prop40
 90
        0
102
RTVSPost2010PropOp40
 70
     1
102
RTVSPost2010Prop41ColorIndex
 90
       18
102
RTVSPost2010Prop41ColorRGB
 90
        0
102
RTVSPost2010PropOp41
 70
     1
102
RTVSPost2010Prop42
 90
       50
102
RTVSPost2010PropOp42
 70
     1
102
RTVSPost2010Prop43
 90
        3
102
RTVSPost2010PropOp43
 70
     1
102
RTVSPost2010Prop44ColorIndex
 90
        5
102
RTVSPost2010Prop44ColorRGB
 90
      255
102
RTVSPost2010PropOp44
 70
     1
102
RTVSPost2010Prop45
280
     0
102
RTVSPost2010PropOp45
 70
     1
102
RTVSPost2010Prop46
 90
       50
102
RTVSPost2010PropOp46
 70
     1
102
RTVSPost2010Prop47
 90
       50
102
RTVSPost2010PropOp47
 70
     1
102
RTVSPost2010Prop48
 90
       50
102
RTVSPost2010PropOp48
 70
     1
102
RTVSPost2010Prop49
280
     0
102
RTVSPost2010PropOp49
 70
     1
102
RTVSPost2010Prop50
 90
       50
102
RTVSPost2010PropOp50
 70
     1
102
RTVSPost2010Prop51ColorIndex
 90
      256
102
RTVSPost2010Prop51ColorRGB
 90
-16777216
102
RTVSPost2010PropOp51
 70
     0
102
RTVSPost2010Prop52
140
1.0
102
RTVSPost2010PropOp52
 70
     0
102
RTVSPost2010Prop53
 90
        2
102
RTVSPost2010PropOp53
 70
     1
102
RTVSPost2010Prop54
  1
strokes_ogs.tif
102
RTVSPost2010PropOp54
 70
     1
102
RTVSPost2010Prop55
280
     0
102
RTVSPost2010PropOp55
 70
     1
102
RTVSPost2010Prop56
140
1.0
102
RTVSPost2010PropOp56
 70
     1
102
RTVSPost2010Prop57
140
1.0
102
RTVSPost2010PropOp57
 70
     1
102
RTVSPropertyOp0
 70
     1
102
RTVSPropertyOp1
 70
     1
102
RTVSPropertyOp2
 70
     1
102
RTVSPropertyOp3
 70
     1
102
RTVSPropertyOp4
 70
     1
102
RTVSPropertyOp5
 70
     1
102
RTVSPropertyOp6
 70
     1
102
RTVSPropertyOp7
 70
     1
102
RTVSPropertyOp8
 70
     1
102
RTVSPropertyOp9
 70
     1
102
RTVSPropertyOp10
 70
     1
102
RTVSPropertyOp11
 70
     1
102
RTVSPropertyOp12
 70
     1
102
RTVSPropertyOp13
 70
     1
102
RTVSPropertyOp14
 70
     1
102
RTVSPropertyOp15
 70
     1
102
RTVSPropertyOp16
 70
     1
102
RTVSPropertyOp17
 70
     1
102
RTVSPropertyOp18
 70
     1
102
RTVSPropertyOp19
 70
     1
102
RTVSPropertyOp20
 70
     1
102
RTVSPropertyOp21
 70
     1
102
RTVSPropertyOp22
 70
     1
102
RTVSPropertyOp23
 70
     1
102
RTVSPropertyOp24
 70
     1
102
RTVSPropertyOp25
 70
     1
102
RTVSPropertyOp26
 70
     1
102
RTVSPropertyOp27
 70
     1
102
RTVSPropertyOp28
 70
     1
102
RTVSPropertyOp29
 70
     1
102
RTVSPropertyOp30
 70
     1
102
RTVSPropertyOp31
 70
     1
102
RTVSPropertyOp32
 70
     1
102
RTVSPropertyOp33
 70
     1
102
RTVSPropertyOp34
 70
     1
102
RTVSPropertyOp35
 70
     1
102
RTVSPropertyOp36
 70
     1
102
RTVSPropertyOp37
 70
     1
102
RTVSPropertyOp38
 70
     1
102
RTVSPropertyOp39
 70
     1
102
RTVSPropertyOp40
 70
     1
102
RTVSPropertyOp41
 70
     1
102
RTVSPropertyOp42
 70
     1
102
RTVSPropertyOp43
 70
     1
102
RTVSPropertyOp44
 70
     1
102
RTVSPropertyOp45
 70
     1
102
RTVSPropertyOp46
 70
     1
102
RTVSPropertyOp47
 70
     1
102
RTVSPropertyOp48
 70
     1
102
RTVSPropertyOp49
 70
     1
102
RTVSPropertyOp50
 70
     1
102
RTVSPropertyOp51
 70
     0
102
RTVSPropertyOp52
 70
     0
102
RTVSPropertyOp53
 70
     1
102
RTVSPropertyOp54
 70
     1
102
RTVSPropertyOp55
 70
     1
102
RTVSPropertyOp56
 70
     1
102
RTVSPropertyOp57
 70
     1
102
RTVSPropertyOp58
 70
     1
102
RTVSPropertyOp59
 70
     1
102
RTVSPropertyOp60
 70
     1
102
RTVSPropertyOp61
 70
     1
102
RTVSPropertyOp62
 70
     1
  0
XRECORD
  5
489D
102
{ACAD_REACTORS
330
489C
102
}
330
489C
100
AcDbXrecord
280
     1
102
RTVSPost2010Prop28
280
     0
102
RTVSPost2010PropOp28
 70
     1
102
RTVSPost2010Prop29
280
     1
102
RTVSPost2010PropOp29
 70
     1
102
RTVSPost2010Prop30
280
     1
102
RTVSPost2010PropOp30
 70
     1
102
RTVSPost2010Prop31
280
     0
102
RTVSPost2010PropOp31
 70
     1
102
RTVSPost2010Prop32
280
     0
102
RTVSPost2010PropOp32
 70
     1
102
RTVSPost2010Prop33
280
     0
102
RTVSPost2010PropOp33
 70
     1
102
RTVSPost2010Prop34
280
     0
102
RTVSPost2010PropOp34
 70
     1
102
RTVSPost2010Prop35
280
     0
102
RTVSPost2010PropOp35
 70
     1
102
RTVSPost2010Prop36
280
     0
102
RTVSPost2010PropOp36
 70
     1
102
RTVSPost2010Prop37
 90
       50
102
RTVSPost2010PropOp37
 70
     1
102
RTVSPost2010Prop38
140
0.0
102
RTVSPost2010PropOp38
 70
     1
102
RTVSPost2010Prop39
140
1.0
102
RTVSPost2010PropOp39
 70
     1
102
RTVSPost2010Prop40
 90
        0
102
RTVSPost2010PropOp40
 70
     1
102
RTVSPost2010Prop41ColorIndex
 90
       18
102
RTVSPost2010Prop41ColorRGB
 90
        0
102
RTVSPost2010PropOp41
 70
     1
102
RTVSPost2010Prop42
 90
       50
102
RTVSPost2010PropOp42
 70
     1
102
RTVSPost2010Prop43
 90
        3
102
RTVSPost2010PropOp43
 70
     1
102
RTVSPost2010Prop44ColorIndex
 90
        5
102
RTVSPost2010Prop44ColorRGB
 90
      255
102
RTVSPost2010PropOp44
 70
     1
102
RTVSPost2010Prop45
280
     0
102
RTVSPost2010PropOp45
 70
     1
102
RTVSPost2010Prop46
 90
       50
102
RTVSPost2010PropOp46
 70
     1
102
RTVSPost2010Prop47
 90
       50
102
RTVSPost2010PropOp47
 70
     1
102
RTVSPost2010Prop48
 90
       50
102
RTVSPost2010PropOp48
 70
     1
102
RTVSPost2010Prop49
280
     0
102
RTVSPost2010PropOp49
 70
     1
102
RTVSPost2010Prop50
 90
       50
102
RTVSPost2010PropOp50
 70
     1
102
RTVSPost2010Prop51ColorIndex
 90
      256
102
RTVSPost2010Prop51ColorRGB
 90
-16777216
102
RTVSPost2010PropOp51
 70
     0
102
RTVSPost2010Prop52
140
1.0
102
RTVSPost2010PropOp52
 70
     0
102
RTVSPost2010Prop53
 90
        2
102
RTVSPost2010PropOp53
 70
     1
102
RTVSPost2010Prop54
  1
strokes_ogs.tif
102
RTVSPost2010PropOp54
 70
     1
102
RTVSPost2010Prop55
280
     0
102
RTVSPost2010PropOp55
 70
     1
102
RTVSPost2010Prop56
140
1.0
102
RTVSPost2010PropOp56
 70
     1
102
RTVSPost2010Prop57
140
1.0
102
RTVSPost2010PropOp57
 70
     1
102
RTVSPropertyOp0
 70
     1
102
RTVSPropertyOp1
 70
     1
102
RTVSPropertyOp2
 70
     1
102
RTVSPropertyOp3
 70
     1
102
RTVSPropertyOp4
 70
     1
102
RTVSPropertyOp5
 70
     1
102
RTVSPropertyOp6
 70
     1
102
RTVSPropertyOp7
 70
     1
102
RTVSPropertyOp8
 70
     1
102
RTVSPropertyOp9
 70
     1
102
RTVSPropertyOp10
 70
     1
102
RTVSPropertyOp11
 70
     1
102
RTVSPropertyOp12
 70
     1
102
RTVSPropertyOp13
 70
     1
102
RTVSPropertyOp14
 70
     1
102
RTVSPropertyOp15
 70
     1
102
RTVSPropertyOp16
 70
     1
102
RTVSPropertyOp17
 70
     1
102
RTVSPropertyOp18
 70
     1
102
RTVSPropertyOp19
 70
     1
102
RTVSPropertyOp20
 70
     1
102
RTVSPropertyOp21
 70
     1
102
RTVSPropertyOp22
 70
     1
102
RTVSPropertyOp23
 70
     1
102
RTVSPropertyOp24
 70
     1
102
RTVSPropertyOp25
 70
     1
102
RTVSPropertyOp26
 70
     1
102
RTVSPropertyOp27
 70
     1
102
RTVSPropertyOp28
 70
     1
102
RTVSPropertyOp29
 70
     1
102
RTVSPropertyOp30
 70
     1
102
RTVSPropertyOp31
 70
     1
102
RTVSPropertyOp32
 70
     1
102
RTVSPropertyOp33
 70
     1
102
RTVSPropertyOp34
 70
     1
102
RTVSPropertyOp35
 70
     1
102
RTVSPropertyOp36
 70
     1
102
RTVSPropertyOp37
 70
     1
102
RTVSPropertyOp38
 70
     1
102
RTVSPropertyOp39
 70
     1
102
RTVSPropertyOp40
 70
     1
102
RTVSPropertyOp41
 70
     1
102
RTVSPropertyOp42
 70
     1
102
RTVSPropertyOp43
 70
     1
102
RTVSPropertyOp44
 70
     1
102
RTVSPropertyOp45
 70
     1
102
RTVSPropertyOp46
 70
     1
102
RTVSPropertyOp47
 70
     1
102
RTVSPropertyOp48
 70
     1
102
RTVSPropertyOp49
 70
     1
102
RTVSPropertyOp50
 70
     1
102
RTVSPropertyOp51
 70
     0
102
RTVSPropertyOp52
 70
     0
102
RTVSPropertyOp53
 70
     1
102
RTVSPropertyOp54
 70
     1
102
RTVSPropertyOp55
 70
     1
102
RTVSPropertyOp56
 70
     1
102
RTVSPropertyOp57
 70
     1
102
RTVSPropertyOp58
 70
     1
102
RTVSPropertyOp59
 70
     1
102
RTVSPropertyOp60
 70
     1
102
RTVSPropertyOp61
 70
     1
102
RTVSPropertyOp62
 70
     1
  0
XRECORD
  5
48A9
102
{ACAD_REACTORS
330
48A8
102
}
330
48A8
100
AcDbXrecord
280
     1
102
RTVSPost2010Prop28
280
     0
102
RTVSPost2010PropOp28
 70
     0
102
RTVSPost2010Prop29
280
     1
102
RTVSPost2010PropOp29
 70
     0
102
RTVSPost2010Prop30
280
     1
102
RTVSPost2010PropOp30
 70
     0
102
RTVSPost2010Prop31
280
     0
102
RTVSPost2010PropOp31
 70
     0
102
RTVSPost2010Prop32
280
     0
102
RTVSPost2010PropOp32
 70
     0
102
RTVSPost2010Prop33
280
     0
102
RTVSPost2010PropOp33
 70
     0
102
RTVSPost2010Prop34
280
     0
102
RTVSPost2010PropOp34
 70
     0
102
RTVSPost2010Prop35
280
     0
102
RTVSPost2010PropOp35
 70
     0
102
RTVSPost2010Prop36
280
     0
102
RTVSPost2010PropOp36
 70
     0
102
RTVSPost2010Prop37
 90
       50
102
RTVSPost2010PropOp37
 70
     0
102
RTVSPost2010Prop38
140
0.0
102
RTVSPost2010PropOp38
 70
     0
102
RTVSPost2010Prop39
140
1.0
102
RTVSPost2010PropOp39
 70
     0
102
RTVSPost2010Prop40
 90
        0
102
RTVSPost2010PropOp40
 70
     0
102
RTVSPost2010Prop41ColorIndex
 90
       18
102
RTVSPost2010Prop41ColorRGB
 90
        0
102
RTVSPost2010PropOp41
 70
     0
102
RTVSPost2010Prop42
 90
       50
102
RTVSPost2010PropOp42
 70
     0
102
RTVSPost2010Prop43
 90
        3
102
RTVSPost2010PropOp43
 70
     0
102
RTVSPost2010Prop44ColorIndex
 90
        5
102
RTVSPost2010Prop44ColorRGB
 90
      255
102
RTVSPost2010PropOp44
 70
     0
102
RTVSPost2010Prop45
280
     0
102
RTVSPost2010PropOp45
 70
     0
102
RTVSPost2010Prop46
 90
       50
102
RTVSPost2010PropOp46
 70
     0
102
RTVSPost2010Prop47
 90
       50
102
RTVSPost2010PropOp47
 70
     0
102
RTVSPost2010Prop48
 90
       50
102
RTVSPost2010PropOp48
 70
     0
102
RTVSPost2010Prop49
280
     0
102
RTVSPost2010PropOp49
 70
     0
102
RTVSPost2010Prop50
 90
       50
102
RTVSPost2010PropOp50
 70
     0
102
RTVSPost2010Prop51ColorIndex
 90
      256
102
RTVSPost2010Prop51ColorRGB
 90
-16777216
102
RTVSPost2010PropOp51
 70
     0
102
RTVSPost2010Prop52
140
1.0
102
RTVSPost2010PropOp52
 70
     0
102
RTVSPost2010Prop53
 90
        2
102
RTVSPost2010PropOp53
 70
     0
102
RTVSPost2010Prop54
  1
strokes_ogs.tif
102
RTVSPost2010PropOp54
 70
     0
102
RTVSPost2010Prop55
280
     0
102
RTVSPost2010PropOp55
 70
     0
102
RTVSPost2010Prop56
140
1.0
102
RTVSPost2010PropOp56
 70
     0
102
RTVSPost2010Prop57
140
1.0
102
RTVSPost2010PropOp57
 70
     0
102
RTVSPropertyOp0
 70
     0
102
RTVSPropertyOp1
 70
     0
102
RTVSPropertyOp2
 70
     0
102
RTVSPropertyOp3
 70
     0
102
RTVSPropertyOp4
 70
     0
102
RTVSPropertyOp5
 70
     0
102
RTVSPropertyOp6
 70
     0
102
RTVSPropertyOp7
 70
     0
102
RTVSPropertyOp8
 70
     0
102
RTVSPropertyOp9
 70
     0
102
RTVSPropertyOp10
 70
     0
102
RTVSPropertyOp11
 70
     0
102
RTVSPropertyOp12
 70
     0
102
RTVSPropertyOp13
 70
     0
102
RTVSPropertyOp14
 70
     2
102
RTVSPropertyOp15
 70
     0
102
RTVSPropertyOp16
 70
     0
102
RTVSPropertyOp17
 70
     0
102
RTVSPropertyOp18
 70
     0
102
RTVSPropertyOp19
 70
     0
102
RTVSPropertyOp20
 70
     0
102
RTVSPropertyOp21
 70
     0
102
RTVSPropertyOp22
 70
     0
102
RTVSPropertyOp23
 70
     0
102
RTVSPropertyOp24
 70
     0
102
RTVSPropertyOp25
 70
     0
102
RTVSPropertyOp26
 70
     0
102
RTVSPropertyOp27
 70
     0
102
RTVSPropertyOp28
 70
     0
102
RTVSPropertyOp29
 70
     0
102
RTVSPropertyOp30
 70
     0
102
RTVSPropertyOp31
 70
     0
102
RTVSPropertyOp32
 70
     0
102
RTVSPropertyOp33
 70
     0
102
RTVSPropertyOp34
 70
     0
102
RTVSPropertyOp35
 70
     0
102
RTVSPropertyOp36
 70
     0
102
RTVSPropertyOp37
 70
     0
102
RTVSPropertyOp38
 70
     0
102
RTVSPropertyOp39
 70
     0
102
RTVSPropertyOp40
 70
     0
102
RTVSPropertyOp41
 70
     0
102
RTVSPropertyOp42
 70
     0
102
RTVSPropertyOp43
 70
     0
102
RTVSPropertyOp44
 70
     0
102
RTVSPropertyOp45
 70
     0
102
RTVSPropertyOp46
 70
     0
102
RTVSPropertyOp47
 70
     0
102
RTVSPropertyOp48
 70
     0
102
RTVSPropertyOp49
 70
     0
102
RTVSPropertyOp50
 70
     0
102
RTVSPropertyOp51
 70
     0
102
RTVSPropertyOp52
 70
     0
102
RTVSPropertyOp53
 70
     0
102
RTVSPropertyOp54
 70
     0
102
RTVSPropertyOp55
 70
     0
102
RTVSPropertyOp56
 70
     0
102
RTVSPropertyOp57
 70
     0
102
RTVSPropertyOp58
 70
     0
102
RTVSPropertyOp59
 70
     0
102
RTVSPropertyOp60
 70
     0
102
RTVSPropertyOp61
 70
     0
102
RTVSPropertyOp62
 70
     0
  0
XRECORD
  5
4895
102
{ACAD_REACTORS
330
4894
102
}
330
4894
100
AcDbXrecord
280
     1
102
RTVSPost2010Prop28
280
     0
102
RTVSPost2010PropOp28
 70
     1
102
RTVSPost2010Prop29
280
     1
102
RTVSPost2010PropOp29
 70
     1
102
RTVSPost2010Prop30
280
     1
102
RTVSPost2010PropOp30
 70
     1
102
RTVSPost2010Prop31
280
     0
102
RTVSPost2010PropOp31
 70
     1
102
RTVSPost2010Prop32
280
     0
102
RTVSPost2010PropOp32
 70
     1
102
RTVSPost2010Prop33
280
     0
102
RTVSPost2010PropOp33
 70
     1
102
RTVSPost2010Prop34
280
     0
102
RTVSPost2010PropOp34
 70
     1
102
RTVSPost2010Prop35
280
     0
102
RTVSPost2010PropOp35
 70
     1
102
RTVSPost2010Prop36
280
     0
102
RTVSPost2010PropOp36
 70
     1
102
RTVSPost2010Prop37
 90
       50
102
RTVSPost2010PropOp37
 70
     1
102
RTVSPost2010Prop38
140
0.0
102
RTVSPost2010PropOp38
 70
     1
102
RTVSPost2010Prop39
140
1.0
102
RTVSPost2010PropOp39
 70
     1
102
RTVSPost2010Prop40
 90
        0
102
RTVSPost2010PropOp40
 70
     1
102
RTVSPost2010Prop41ColorIndex
 90
       18
102
RTVSPost2010Prop41ColorRGB
 90
        0
102
RTVSPost2010PropOp41
 70
     1
102
RTVSPost2010Prop42
 90
       50
102
RTVSPost2010PropOp42
 70
     1
102
RTVSPost2010Prop43
 90
        3
102
RTVSPost2010PropOp43
 70
     1
102
RTVSPost2010Prop44ColorIndex
 90
        5
102
RTVSPost2010Prop44ColorRGB
 90
      255
102
RTVSPost2010PropOp44
 70
     1
102
RTVSPost2010Prop45
280
     0
102
RTVSPost2010PropOp45
 70
     1
102
RTVSPost2010Prop46
 90
       50
102
RTVSPost2010PropOp46
 70
     1
102
RTVSPost2010Prop47
 90
       50
102
RTVSPost2010PropOp47
 70
     1
102
RTVSPost2010Prop48
 90
       50
102
RTVSPost2010PropOp48
 70
     1
102
RTVSPost2010Prop49
280
     0
102
RTVSPost2010PropOp49
 70
     1
102
RTVSPost2010Prop50
 90
       50
102
RTVSPost2010PropOp50
 70
     1
102
RTVSPost2010Prop51ColorIndex
 90
      256
102
RTVSPost2010Prop51ColorRGB
 90
-16777216
102
RTVSPost2010PropOp51
 70
     0
102
RTVSPost2010Prop52
140
1.0
102
RTVSPost2010PropOp52
 70
     0
102
RTVSPost2010Prop53
 90
        2
102
RTVSPost2010PropOp53
 70
     1
102
RTVSPost2010Prop54
  1
strokes_ogs.tif
102
RTVSPost2010PropOp54
 70
     1
102
RTVSPost2010Prop55
280
     0
102
RTVSPost2010PropOp55
 70
     1
102
RTVSPost2010Prop56
140
1.0
102
RTVSPost2010PropOp56
 70
     1
102
RTVSPost2010Prop57
140
1.0
102
RTVSPost2010PropOp57
 70
     1
102
RTVSPropertyOp0
 70
     1
102
RTVSPropertyOp1
 70
     1
102
RTVSPropertyOp2
 70
     1
102
RTVSPropertyOp3
 70
     1
102
RTVSPropertyOp4
 70
     1
102
RTVSPropertyOp5
 70
     1
102
RTVSPropertyOp6
 70
     1
102
RTVSPropertyOp7
 70
     1
102
RTVSPropertyOp8
 70
     1
102
RTVSPropertyOp9
 70
     1
102
RTVSPropertyOp10
 70
     1
102
RTVSPropertyOp11
 70
     1
102
RTVSPropertyOp12
 70
     1
102
RTVSPropertyOp13
 70
     1
102
RTVSPropertyOp14
 70
     1
102
RTVSPropertyOp15
 70
     1
102
RTVSPropertyOp16
 70
     1
102
RTVSPropertyOp17
 70
     1
102
RTVSPropertyOp18
 70
     1
102
RTVSPropertyOp19
 70
     1
102
RTVSPropertyOp20
 70
     1
102
RTVSPropertyOp21
 70
     1
102
RTVSPropertyOp22
 70
     1
102
RTVSPropertyOp23
 70
     1
102
RTVSPropertyOp24
 70
     1
102
RTVSPropertyOp25
 70
     1
102
RTVSPropertyOp26
 70
     1
102
RTVSPropertyOp27
 70
     1
102
RTVSPropertyOp28
 70
     1
102
RTVSPropertyOp29
 70
     1
102
RTVSPropertyOp30
 70
     1
102
RTVSPropertyOp31
 70
     1
102
RTVSPropertyOp32
 70
     1
102
RTVSPropertyOp33
 70
     1
102
RTVSPropertyOp34
 70
     1
102
RTVSPropertyOp35
 70
     1
102
RTVSPropertyOp36
 70
     1
102
RTVSPropertyOp37
 70
     1
102
RTVSPropertyOp38
 70
     1
102
RTVSPropertyOp39
 70
     1
102
RTVSPropertyOp40
 70
     1
102
RTVSPropertyOp41
 70
     1
102
RTVSPropertyOp42
 70
     1
102
RTVSPropertyOp43
 70
     1
102
RTVSPropertyOp44
 70
     1
102
RTVSPropertyOp45
 70
     1
102
RTVSPropertyOp46
 70
     1
102
RTVSPropertyOp47
 70
     1
102
RTVSPropertyOp48
 70
     1
102
RTVSPropertyOp49
 70
     1
102
RTVSPropertyOp50
 70
     1
102
RTVSPropertyOp51
 70
     0
102
RTVSPropertyOp52
 70
     0
102
RTVSPropertyOp53
 70
     1
102
RTVSPropertyOp54
 70
     1
102
RTVSPropertyOp55
 70
     1
102
RTVSPropertyOp56
 70
     1
102
RTVSPropertyOp57
 70
     1
102
RTVSPropertyOp58
 70
     1
102
RTVSPropertyOp59
 70
     1
102
RTVSPropertyOp60
 70
     1
102
RTVSPropertyOp61
 70
     1
102
RTVSPropertyOp62
 70
     1
  0
XRECORD
  5
48AB
102
{ACAD_REACTORS
330
48AA
102
}
330
48AA
100
AcDbXrecord
280
     1
102
RTVSPost2010Prop28
280
     0
102
RTVSPost2010PropOp28
 70
     0
102
RTVSPost2010Prop29
280
     1
102
RTVSPost2010PropOp29
 70
     0
102
RTVSPost2010Prop30
280
     1
102
RTVSPost2010PropOp30
 70
     0
102
RTVSPost2010Prop31
280
     0
102
RTVSPost2010PropOp31
 70
     0
102
RTVSPost2010Prop32
280
     0
102
RTVSPost2010PropOp32
 70
     0
102
RTVSPost2010Prop33
280
     0
102
RTVSPost2010PropOp33
 70
     0
102
RTVSPost2010Prop34
280
     0
102
RTVSPost2010PropOp34
 70
     0
102
RTVSPost2010Prop35
280
     0
102
RTVSPost2010PropOp35
 70
     0
102
RTVSPost2010Prop36
280
     0
102
RTVSPost2010PropOp36
 70
     0
102
RTVSPost2010Prop37
 90
       50
102
RTVSPost2010PropOp37
 70
     0
102
RTVSPost2010Prop38
140
0.0
102
RTVSPost2010PropOp38
 70
     0
102
RTVSPost2010Prop39
140
1.0
102
RTVSPost2010PropOp39
 70
     0
102
RTVSPost2010Prop40
 90
        0
102
RTVSPost2010PropOp40
 70
     0
102
RTVSPost2010Prop41ColorIndex
 90
       18
102
RTVSPost2010Prop41ColorRGB
 90
        0
102
RTVSPost2010PropOp41
 70
     0
102
RTVSPost2010Prop42
 90
       50
102
RTVSPost2010PropOp42
 70
     0
102
RTVSPost2010Prop43
 90
        3
102
RTVSPost2010PropOp43
 70
     0
102
RTVSPost2010Prop44ColorIndex
 90
        5
102
RTVSPost2010Prop44ColorRGB
 90
      255
102
RTVSPost2010PropOp44
 70
     0
102
RTVSPost2010Prop45
280
     0
102
RTVSPost2010PropOp45
 70
     0
102
RTVSPost2010Prop46
 90
       50
102
RTVSPost2010PropOp46
 70
     0
102
RTVSPost2010Prop47
 90
       50
102
RTVSPost2010PropOp47
 70
     0
102
RTVSPost2010Prop48
 90
       50
102
RTVSPost2010PropOp48
 70
     0
102
RTVSPost2010Prop49
280
     0
102
RTVSPost2010PropOp49
 70
     0
102
RTVSPost2010Prop50
 90
       50
102
RTVSPost2010PropOp50
 70
     0
102
RTVSPost2010Prop51ColorIndex
 90
      256
102
RTVSPost2010Prop51ColorRGB
 90
-16777216
102
RTVSPost2010PropOp51
 70
     0
102
RTVSPost2010Prop52
140
1.0
102
RTVSPost2010PropOp52
 70
     0
102
RTVSPost2010Prop53
 90
        2
102
RTVSPost2010PropOp53
 70
     0
102
RTVSPost2010Prop54
  1
strokes_ogs.tif
102
RTVSPost2010PropOp54
 70
     0
102
RTVSPost2010Prop55
280
     0
102
RTVSPost2010PropOp55
 70
     0
102
RTVSPost2010Prop56
140
1.0
102
RTVSPost2010PropOp56
 70
     0
102
RTVSPost2010Prop57
140
1.0
102
RTVSPost2010PropOp57
 70
     0
102
RTVSPropertyOp0
 70
     0
102
RTVSPropertyOp1
 70
     0
102
RTVSPropertyOp2
 70
     0
102
RTVSPropertyOp3
 70
     0
102
RTVSPropertyOp4
 70
     0
102
RTVSPropertyOp5
 70
     0
102
RTVSPropertyOp6
 70
     0
102
RTVSPropertyOp7
 70
     0
102
RTVSPropertyOp8
 70
     0
102
RTVSPropertyOp9
 70
     0
102
RTVSPropertyOp10
 70
     0
102
RTVSPropertyOp11
 70
     0
102
RTVSPropertyOp12
 70
     0
102
RTVSPropertyOp13
 70
     0
102
RTVSPropertyOp14
 70
     2
102
RTVSPropertyOp15
 70
     0
102
RTVSPropertyOp16
 70
     0
102
RTVSPropertyOp17
 70
     0
102
RTVSPropertyOp18
 70
     0
102
RTVSPropertyOp19
 70
     0
102
RTVSPropertyOp20
 70
     0
102
RTVSPropertyOp21
 70
     0
102
RTVSPropertyOp22
 70
     0
102
RTVSPropertyOp23
 70
     0
102
RTVSPropertyOp24
 70
     0
102
RTVSPropertyOp25
 70
     0
102
RTVSPropertyOp26
 70
     0
102
RTVSPropertyOp27
 70
     0
102
RTVSPropertyOp28
 70
     0
102
RTVSPropertyOp29
 70
     0
102
RTVSPropertyOp30
 70
     0
102
RTVSPropertyOp31
 70
     0
102
RTVSPropertyOp32
 70
     0
102
RTVSPropertyOp33
 70
     0
102
RTVSPropertyOp34
 70
     0
102
RTVSPropertyOp35
 70
     0
102
RTVSPropertyOp36
 70
     0
102
RTVSPropertyOp37
 70
     0
102
RTVSPropertyOp38
 70
     0
102
RTVSPropertyOp39
 70
     0
102
RTVSPropertyOp40
 70
     0
102
RTVSPropertyOp41
 70
     0
102
RTVSPropertyOp42
 70
     0
102
RTVSPropertyOp43
 70
     0
102
RTVSPropertyOp44
 70
     0
102
RTVSPropertyOp45
 70
     0
102
RTVSPropertyOp46
 70
     0
102
RTVSPropertyOp47
 70
     0
102
RTVSPropertyOp48
 70
     0
102
RTVSPropertyOp49
 70
     0
102
RTVSPropertyOp50
 70
     0
102
RTVSPropertyOp51
 70
     0
102
RTVSPropertyOp52
 70
     0
102
RTVSPropertyOp53
 70
     0
102
RTVSPropertyOp54
 70
     0
102
RTVSPropertyOp55
 70
     0
102
RTVSPropertyOp56
 70
     0
102
RTVSPropertyOp57
 70
     0
102
RTVSPropertyOp58
 70
     0
102
RTVSPropertyOp59
 70
     0
102
RTVSPropertyOp60
 70
     0
102
RTVSPropertyOp61
 70
     0
102
RTVSPropertyOp62
 70
     0
  0
XRECORD
  5
488D
102
{ACAD_REACTORS
330
488C
102
}
330
488C
100
AcDbXrecord
280
     1
102
RTVSPost2010Prop28
280
     0
102
RTVSPost2010PropOp28
 70
     1
102
RTVSPost2010Prop29
280
     1
102
RTVSPost2010PropOp29
 70
     1
102
RTVSPost2010Prop30
280
     1
102
RTVSPost2010PropOp30
 70
     1
102
RTVSPost2010Prop31
280
     0
102
RTVSPost2010PropOp31
 70
     1
102
RTVSPost2010Prop32
280
     0
102
RTVSPost2010PropOp32
 70
     1
102
RTVSPost2010Prop33
280
     0
102
RTVSPost2010PropOp33
 70
     1
102
RTVSPost2010Prop34
280
     0
102
RTVSPost2010PropOp34
 70
     1
102
RTVSPost2010Prop35
280
     0
102
RTVSPost2010PropOp35
 70
     1
102
RTVSPost2010Prop36
280
     0
102
RTVSPost2010PropOp36
 70
     1
102
RTVSPost2010Prop37
 90
       50
102
RTVSPost2010PropOp37
 70
     1
102
RTVSPost2010Prop38
140
0.0
102
RTVSPost2010PropOp38
 70
     1
102
RTVSPost2010Prop39
140
1.0
102
RTVSPost2010PropOp39
 70
     1
102
RTVSPost2010Prop40
 90
        0
102
RTVSPost2010PropOp40
 70
     1
102
RTVSPost2010Prop41ColorIndex
 90
       18
102
RTVSPost2010Prop41ColorRGB
 90
        0
102
RTVSPost2010PropOp41
 70
     1
102
RTVSPost2010Prop42
 90
       50
102
RTVSPost2010PropOp42
 70
     1
102
RTVSPost2010Prop43
 90
        3
102
RTVSPost2010PropOp43
 70
     1
102
RTVSPost2010Prop44ColorIndex
 90
        5
102
RTVSPost2010Prop44ColorRGB
 90
      255
102
RTVSPost2010PropOp44
 70
     1
102
RTVSPost2010Prop45
280
     0
102
RTVSPost2010PropOp45
 70
     1
102
RTVSPost2010Prop46
 90
       50
102
RTVSPost2010PropOp46
 70
     1
102
RTVSPost2010Prop47
 90
       50
102
RTVSPost2010PropOp47
 70
     1
102
RTVSPost2010Prop48
 90
       50
102
RTVSPost2010PropOp48
 70
     1
102
RTVSPost2010Prop49
280
     0
102
RTVSPost2010PropOp49
 70
     1
102
RTVSPost2010Prop50
 90
       50
102
RTVSPost2010PropOp50
 70
     1
102
RTVSPost2010Prop51ColorIndex
 90
      256
102
RTVSPost2010Prop51ColorRGB
 90
-16777216
102
RTVSPost2010PropOp51
 70
     0
102
RTVSPost2010Prop52
140
1.0
102
RTVSPost2010PropOp52
 70
     0
102
RTVSPost2010Prop53
 90
        2
102
RTVSPost2010PropOp53
 70
     1
102
RTVSPost2010Prop54
  1
strokes_ogs.tif
102
RTVSPost2010PropOp54
 70
     1
102
RTVSPost2010Prop55
280
     0
102
RTVSPost2010PropOp55
 70
     1
102
RTVSPost2010Prop56
140
1.0
102
RTVSPost2010PropOp56
 70
     1
102
RTVSPost2010Prop57
140
1.0
102
RTVSPost2010PropOp57
 70
     1
102
RTVSPropertyOp0
 70
     1
102
RTVSPropertyOp1
 70
     1
102
RTVSPropertyOp2
 70
     1
102
RTVSPropertyOp3
 70
     1
102
RTVSPropertyOp4
 70
     1
102
RTVSPropertyOp5
 70
     1
102
RTVSPropertyOp6
 70
     1
102
RTVSPropertyOp7
 70
     1
102
RTVSPropertyOp8
 70
     1
102
RTVSPropertyOp9
 70
     1
102
RTVSPropertyOp10
 70
     1
102
RTVSPropertyOp11
 70
     1
102
RTVSPropertyOp12
 70
     1
102
RTVSPropertyOp13
 70
     1
102
RTVSPropertyOp14
 70
     1
102
RTVSPropertyOp15
 70
     1
102
RTVSPropertyOp16
 70
     1
102
RTVSPropertyOp17
 70
     1
102
RTVSPropertyOp18
 70
     1
102
RTVSPropertyOp19
 70
     1
102
RTVSPropertyOp20
 70
     1
102
RTVSPropertyOp21
 70
     1
102
RTVSPropertyOp22
 70
     1
102
RTVSPropertyOp23
 70
     1
102
RTVSPropertyOp24
 70
     1
102
RTVSPropertyOp25
 70
     1
102
RTVSPropertyOp26
 70
     1
102
RTVSPropertyOp27
 70
     1
102
RTVSPropertyOp28
 70
     1
102
RTVSPropertyOp29
 70
     1
102
RTVSPropertyOp30
 70
     1
102
RTVSPropertyOp31
 70
     1
102
RTVSPropertyOp32
 70
     1
102
RTVSPropertyOp33
 70
     1
102
RTVSPropertyOp34
 70
     1
102
RTVSPropertyOp35
 70
     1
102
RTVSPropertyOp36
 70
     1
102
RTVSPropertyOp37
 70
     1
102
RTVSPropertyOp38
 70
     1
102
RTVSPropertyOp39
 70
     1
102
RTVSPropertyOp40
 70
     1
102
RTVSPropertyOp41
 70
     1
102
RTVSPropertyOp42
 70
     1
102
RTVSPropertyOp43
 70
     1
102
RTVSPropertyOp44
 70
     1
102
RTVSPropertyOp45
 70
     1
102
RTVSPropertyOp46
 70
     1
102
RTVSPropertyOp47
 70
     1
102
RTVSPropertyOp48
 70
     1
102
RTVSPropertyOp49
 70
     1
102
RTVSPropertyOp50
 70
     1
102
RTVSPropertyOp51
 70
     0
102
RTVSPropertyOp52
 70
     0
102
RTVSPropertyOp53
 70
     1
102
RTVSPropertyOp54
 70
     1
102
RTVSPropertyOp55
 70
     1
102
RTVSPropertyOp56
 70
     1
102
RTVSPropertyOp57
 70
     1
102
RTVSPropertyOp58
 70
     1
102
RTVSPropertyOp59
 70
     1
102
RTVSPropertyOp60
 70
     1
102
RTVSPropertyOp61
 70
     1
102
RTVSPropertyOp62
 70
     1
  0
XRECORD
  5
48A7
102
{ACAD_REACTORS
330
48A6
102
}
330
48A6
100
AcDbXrecord
280
     1
102
RTVSPost2010Prop28
280
     0
102
RTVSPost2010PropOp28
 70
     1
102
RTVSPost2010Prop29
280
     1
102
RTVSPost2010PropOp29
 70
     1
102
RTVSPost2010Prop30
280
     1
102
RTVSPost2010PropOp30
 70
     1
102
RTVSPost2010Prop31
280
     0
102
RTVSPost2010PropOp31
 70
     1
102
RTVSPost2010Prop32
280
     0
102
RTVSPost2010PropOp32
 70
     1
102
RTVSPost2010Prop33
280
     0
102
RTVSPost2010PropOp33
 70
     1
102
RTVSPost2010Prop34
280
     0
102
RTVSPost2010PropOp34
 70
     1
102
RTVSPost2010Prop35
280
     0
102
RTVSPost2010PropOp35
 70
     1
102
RTVSPost2010Prop36
280
     0
102
RTVSPost2010PropOp36
 70
     1
102
RTVSPost2010Prop37
 90
       50
102
RTVSPost2010PropOp37
 70
     1
102
RTVSPost2010Prop38
140
0.0
102
RTVSPost2010PropOp38
 70
     1
102
RTVSPost2010Prop39
140
1.0
102
RTVSPost2010PropOp39
 70
     1
102
RTVSPost2010Prop40
 90
        0
102
RTVSPost2010PropOp40
 70
     1
102
RTVSPost2010Prop41ColorIndex
 90
       18
102
RTVSPost2010Prop41ColorRGB
 90
        0
102
RTVSPost2010PropOp41
 70
     1
102
RTVSPost2010Prop42
 90
       50
102
RTVSPost2010PropOp42
 70
     1
102
RTVSPost2010Prop43
 90
        3
102
RTVSPost2010PropOp43
 70
     1
102
RTVSPost2010Prop44ColorIndex
 90
        5
102
RTVSPost2010Prop44ColorRGB
 90
      255
102
RTVSPost2010PropOp44
 70
     1
102
RTVSPost2010Prop45
280
     0
102
RTVSPost2010PropOp45
 70
     1
102
RTVSPost2010Prop46
 90
       50
102
RTVSPost2010PropOp46
 70
     1
102
RTVSPost2010Prop47
 90
       50
102
RTVSPost2010PropOp47
 70
     1
102
RTVSPost2010Prop48
 90
       50
102
RTVSPost2010PropOp48
 70
     1
102
RTVSPost2010Prop49
280
     0
102
RTVSPost2010PropOp49
 70
     1
102
RTVSPost2010Prop50
 90
       50
102
RTVSPost2010PropOp50
 70
     1
102
RTVSPost2010Prop51ColorIndex
 90
      256
102
RTVSPost2010Prop51ColorRGB
 90
-16777216
102
RTVSPost2010PropOp51
 70
     0
102
RTVSPost2010Prop52
140
1.0
102
RTVSPost2010PropOp52
 70
     0
102
RTVSPost2010Prop53
 90
        2
102
RTVSPost2010PropOp53
 70
     1
102
RTVSPost2010Prop54
  1
strokes_ogs.tif
102
RTVSPost2010PropOp54
 70
     1
102
RTVSPost2010Prop55
280
     0
102
RTVSPost2010PropOp55
 70
     1
102
RTVSPost2010Prop56
140
1.0
102
RTVSPost2010PropOp56
 70
     1
102
RTVSPost2010Prop57
140
1.0
102
RTVSPost2010PropOp57
 70
     1
102
RTVSPropertyOp0
 70
     1
102
RTVSPropertyOp1
 70
     1
102
RTVSPropertyOp2
 70
     1
102
RTVSPropertyOp3
 70
     1
102
RTVSPropertyOp4
 70
     1
102
RTVSPropertyOp5
 70
     1
102
RTVSPropertyOp6
 70
     1
102
RTVSPropertyOp7
 70
     1
102
RTVSPropertyOp8
 70
     1
102
RTVSPropertyOp9
 70
     1
102
RTVSPropertyOp10
 70
     1
102
RTVSPropertyOp11
 70
     1
102
RTVSPropertyOp12
 70
     1
102
RTVSPropertyOp13
 70
     1
102
RTVSPropertyOp14
 70
     1
102
RTVSPropertyOp15
 70
     1
102
RTVSPropertyOp16
 70
     1
102
RTVSPropertyOp17
 70
     1
102
RTVSPropertyOp18
 70
     1
102
RTVSPropertyOp19
 70
     1
102
RTVSPropertyOp20
 70
     1
102
RTVSPropertyOp21
 70
     1
102
RTVSPropertyOp22
 70
     1
102
RTVSPropertyOp23
 70
     1
102
RTVSPropertyOp24
 70
     1
102
RTVSPropertyOp25
 70
     1
102
RTVSPropertyOp26
 70
     1
102
RTVSPropertyOp27
 70
     1
102
RTVSPropertyOp28
 70
     1
102
RTVSPropertyOp29
 70
     1
102
RTVSPropertyOp30
 70
     1
102
RTVSPropertyOp31
 70
     1
102
RTVSPropertyOp32
 70
     1
102
RTVSPropertyOp33
 70
     1
102
RTVSPropertyOp34
 70
     1
102
RTVSPropertyOp35
 70
     1
102
RTVSPropertyOp36
 70
     1
102
RTVSPropertyOp37
 70
     1
102
RTVSPropertyOp38
 70
     1
102
RTVSPropertyOp39
 70
     1
102
RTVSPropertyOp40
 70
     1
102
RTVSPropertyOp41
 70
     1
102
RTVSPropertyOp42
 70
     1
102
RTVSPropertyOp43
 70
     1
102
RTVSPropertyOp44
 70
     1
102
RTVSPropertyOp45
 70
     1
102
RTVSPropertyOp46
 70
     1
102
RTVSPropertyOp47
 70
     1
102
RTVSPropertyOp48
 70
     1
102
RTVSPropertyOp49
 70
     1
102
RTVSPropertyOp50
 70
     1
102
RTVSPropertyOp51
 70
     0
102
RTVSPropertyOp52
 70
     0
102
RTVSPropertyOp53
 70
     1
102
RTVSPropertyOp54
 70
     1
102
RTVSPropertyOp55
 70
     1
102
RTVSPropertyOp56
 70
     1
102
RTVSPropertyOp57
 70
     1
102
RTVSPropertyOp58
 70
     1
102
RTVSPropertyOp59
 70
     1
102
RTVSPropertyOp60
 70
     1
102
RTVSPropertyOp61
 70
     1
102
RTVSPropertyOp62
 70
     1
  0
XRECORD
  5
48A5
102
{ACAD_REACTORS
330
48A4
102
}
330
48A4
100
AcDbXrecord
280
     1
102
RTVSPost2010Prop28
280
     0
102
RTVSPost2010PropOp28
 70
     1
102
RTVSPost2010Prop29
280
     1
102
RTVSPost2010PropOp29
 70
     1
102
RTVSPost2010Prop30
280
     1
102
RTVSPost2010PropOp30
 70
     1
102
RTVSPost2010Prop31
280
     0
102
RTVSPost2010PropOp31
 70
     1
102
RTVSPost2010Prop32
280
     0
102
RTVSPost2010PropOp32
 70
     1
102
RTVSPost2010Prop33
280
     0
102
RTVSPost2010PropOp33
 70
     1
102
RTVSPost2010Prop34
280
     0
102
RTVSPost2010PropOp34
 70
     1
102
RTVSPost2010Prop35
280
     0
102
RTVSPost2010PropOp35
 70
     1
102
RTVSPost2010Prop36
280
     0
102
RTVSPost2010PropOp36
 70
     1
102
RTVSPost2010Prop37
 90
       50
102
RTVSPost2010PropOp37
 70
     1
102
RTVSPost2010Prop38
140
0.0
102
RTVSPost2010PropOp38
 70
     1
102
RTVSPost2010Prop39
140
1.0
102
RTVSPost2010PropOp39
 70
     1
102
RTVSPost2010Prop40
 90
        0
102
RTVSPost2010PropOp40
 70
     1
102
RTVSPost2010Prop41ColorIndex
 90
       18
102
RTVSPost2010Prop41ColorRGB
 90
        0
102
RTVSPost2010PropOp41
 70
     1
102
RTVSPost2010Prop42
 90
       50
102
RTVSPost2010PropOp42
 70
     1
102
RTVSPost2010Prop43
 90
        3
102
RTVSPost2010PropOp43
 70
     1
102
RTVSPost2010Prop44ColorIndex
 90
        5
102
RTVSPost2010Prop44ColorRGB
 90
      255
102
RTVSPost2010PropOp44
 70
     1
102
RTVSPost2010Prop45
280
     0
102
RTVSPost2010PropOp45
 70
     1
102
RTVSPost2010Prop46
 90
       50
102
RTVSPost2010PropOp46
 70
     1
102
RTVSPost2010Prop47
 90
       50
102
RTVSPost2010PropOp47
 70
     1
102
RTVSPost2010Prop48
 90
       50
102
RTVSPost2010PropOp48
 70
     1
102
RTVSPost2010Prop49
280
     0
102
RTVSPost2010PropOp49
 70
     1
102
RTVSPost2010Prop50
 90
       50
102
RTVSPost2010PropOp50
 70
     1
102
RTVSPost2010Prop51ColorIndex
 90
      256
102
RTVSPost2010Prop51ColorRGB
 90
-16777216
102
RTVSPost2010PropOp51
 70
     0
102
RTVSPost2010Prop52
140
1.0
102
RTVSPost2010PropOp52
 70
     0
102
RTVSPost2010Prop53
 90
        2
102
RTVSPost2010PropOp53
 70
     1
102
RTVSPost2010Prop54
  1
strokes_ogs.tif
102
RTVSPost2010PropOp54
 70
     1
102
RTVSPost2010Prop55
280
     0
102
RTVSPost2010PropOp55
 70
     1
102
RTVSPost2010Prop56
140
1.0
102
RTVSPost2010PropOp56
 70
     1
102
RTVSPost2010Prop57
140
1.0
102
RTVSPost2010PropOp57
 70
     1
102
RTVSPropertyOp0
 70
     1
102
RTVSPropertyOp1
 70
     1
102
RTVSPropertyOp2
 70
     1
102
RTVSPropertyOp3
 70
     1
102
RTVSPropertyOp4
 70
     1
102
RTVSPropertyOp5
 70
     1
102
RTVSPropertyOp6
 70
     1
102
RTVSPropertyOp7
 70
     1
102
RTVSPropertyOp8
 70
     1
102
RTVSPropertyOp9
 70
     1
102
RTVSPropertyOp10
 70
     1
102
RTVSPropertyOp11
 70
     1
102
RTVSPropertyOp12
 70
     1
102
RTVSPropertyOp13
 70
     1
102
RTVSPropertyOp14
 70
     1
102
RTVSPropertyOp15
 70
     1
102
RTVSPropertyOp16
 70
     1
102
RTVSPropertyOp17
 70
     1
102
RTVSPropertyOp18
 70
     1
102
RTVSPropertyOp19
 70
     1
102
RTVSPropertyOp20
 70
     1
102
RTVSPropertyOp21
 70
     1
102
RTVSPropertyOp22
 70
     1
102
RTVSPropertyOp23
 70
     1
102
RTVSPropertyOp24
 70
     1
102
RTVSPropertyOp25
 70
     1
102
RTVSPropertyOp26
 70
     1
102
RTVSPropertyOp27
 70
     1
102
RTVSPropertyOp28
 70
     1
102
RTVSPropertyOp29
 70
     1
102
RTVSPropertyOp30
 70
     1
102
RTVSPropertyOp31
 70
     1
102
RTVSPropertyOp32
 70
     1
102
RTVSPropertyOp33
 70
     1
102
RTVSPropertyOp34
 70
     1
102
RTVSPropertyOp35
 70
     1
102
RTVSPropertyOp36
 70
     1
102
RTVSPropertyOp37
 70
     1
102
RTVSPropertyOp38
 70
     1
102
RTVSPropertyOp39
 70
     1
102
RTVSPropertyOp40
 70
     1
102
RTVSPropertyOp41
 70
     1
102
RTVSPropertyOp42
 70
     1
102
RTVSPropertyOp43
 70
     1
102
RTVSPropertyOp44
 70
     1
102
RTVSPropertyOp45
 70
     1
102
RTVSPropertyOp46
 70
     1
102
RTVSPropertyOp47
 70
     1
102
RTVSPropertyOp48
 70
     1
102
RTVSPropertyOp49
 70
     1
102
RTVSPropertyOp50
 70
     1
102
RTVSPropertyOp51
 70
     0
102
RTVSPropertyOp52
 70
     0
102
RTVSPropertyOp53
 70
     1
102
RTVSPropertyOp54
 70
     1
102
RTVSPropertyOp55
 70
     1
102
RTVSPropertyOp56
 70
     1
102
RTVSPropertyOp57
 70
     1
102
RTVSPropertyOp58
 70
     1
102
RTVSPropertyOp59
 70
     1
102
RTVSPropertyOp60
 70
     1
102
RTVSPropertyOp61
 70
     1
102
RTVSPropertyOp62
 70
     1
  0
XRECORD
  5
489F
102
{ACAD_REACTORS
330
489E
102
}
330
489E
100
AcDbXrecord
280
     1
102
RTVSPost2010Prop28
280
     0
102
RTVSPost2010PropOp28
 70
     1
102
RTVSPost2010Prop29
280
     1
102
RTVSPost2010PropOp29
 70
     1
102
RTVSPost2010Prop30
280
     1
102
RTVSPost2010PropOp30
 70
     1
102
RTVSPost2010Prop31
280
     0
102
RTVSPost2010PropOp31
 70
     1
102
RTVSPost2010Prop32
280
     0
102
RTVSPost2010PropOp32
 70
     1
102
RTVSPost2010Prop33
280
     0
102
RTVSPost2010PropOp33
 70
     1
102
RTVSPost2010Prop34
280
     0
102
RTVSPost2010PropOp34
 70
     1
102
RTVSPost2010Prop35
280
     0
102
RTVSPost2010PropOp35
 70
     1
102
RTVSPost2010Prop36
280
     0
102
RTVSPost2010PropOp36
 70
     1
102
RTVSPost2010Prop37
 90
       50
102
RTVSPost2010PropOp37
 70
     1
102
RTVSPost2010Prop38
140
0.0
102
RTVSPost2010PropOp38
 70
     1
102
RTVSPost2010Prop39
140
1.0
102
RTVSPost2010PropOp39
 70
     1
102
RTVSPost2010Prop40
 90
        0
102
RTVSPost2010PropOp40
 70
     1
102
RTVSPost2010Prop41ColorIndex
 90
       18
102
RTVSPost2010Prop41ColorRGB
 90
        0
102
RTVSPost2010PropOp41
 70
     1
102
RTVSPost2010Prop42
 90
       50
102
RTVSPost2010PropOp42
 70
     1
102
RTVSPost2010Prop43
 90
        3
102
RTVSPost2010PropOp43
 70
     1
102
RTVSPost2010Prop44ColorIndex
 90
        5
102
RTVSPost2010Prop44ColorRGB
 90
      255
102
RTVSPost2010PropOp44
 70
     1
102
RTVSPost2010Prop45
280
     0
102
RTVSPost2010PropOp45
 70
     1
102
RTVSPost2010Prop46
 90
       50
102
RTVSPost2010PropOp46
 70
     1
102
RTVSPost2010Prop47
 90
       50
102
RTVSPost2010PropOp47
 70
     1
102
RTVSPost2010Prop48
 90
       50
102
RTVSPost2010PropOp48
 70
     1
102
RTVSPost2010Prop49
280
     0
102
RTVSPost2010PropOp49
 70
     1
102
RTVSPost2010Prop50
 90
       50
102
RTVSPost2010PropOp50
 70
     1
102
RTVSPost2010Prop51ColorIndex
 90
      256
102
RTVSPost2010Prop51ColorRGB
 90
-16777216
102
RTVSPost2010PropOp51
 70
     0
102
RTVSPost2010Prop52
140
1.0
102
RTVSPost2010PropOp52
 70
     0
102
RTVSPost2010Prop53
 90
        2
102
RTVSPost2010PropOp53
 70
     1
102
RTVSPost2010Prop54
  1
strokes_ogs.tif
102
RTVSPost2010PropOp54
 70
     1
102
RTVSPost2010Prop55
280
     0
102
RTVSPost2010PropOp55
 70
     1
102
RTVSPost2010Prop56
140
1.0
102
RTVSPost2010PropOp56
 70
     1
102
RTVSPost2010Prop57
140
1.0
102
RTVSPost2010PropOp57
 70
     1
102
RTVSPropertyOp0
 70
     1
102
RTVSPropertyOp1
 70
     1
102
RTVSPropertyOp2
 70
     1
102
RTVSPropertyOp3
 70
     1
102
RTVSPropertyOp4
 70
     1
102
RTVSPropertyOp5
 70
     1
102
RTVSPropertyOp6
 70
     1
102
RTVSPropertyOp7
 70
     1
102
RTVSPropertyOp8
 70
     1
102
RTVSPropertyOp9
 70
     1
102
RTVSPropertyOp10
 70
     1
102
RTVSPropertyOp11
 70
     1
102
RTVSPropertyOp12
 70
     1
102
RTVSPropertyOp13
 70
     1
102
RTVSPropertyOp14
 70
     1
102
RTVSPropertyOp15
 70
     1
102
RTVSPropertyOp16
 70
     1
102
RTVSPropertyOp17
 70
     1
102
RTVSPropertyOp18
 70
     1
102
RTVSPropertyOp19
 70
     1
102
RTVSPropertyOp20
 70
     1
102
RTVSPropertyOp21
 70
     1
102
RTVSPropertyOp22
 70
     1
102
RTVSPropertyOp23
 70
     1
102
RTVSPropertyOp24
 70
     1
102
RTVSPropertyOp25
 70
     1
102
RTVSPropertyOp26
 70
     1
102
RTVSPropertyOp27
 70
     1
102
RTVSPropertyOp28
 70
     1
102
RTVSPropertyOp29
 70
     1
102
RTVSPropertyOp30
 70
     1
102
RTVSPropertyOp31
 70
     1
102
RTVSPropertyOp32
 70
     1
102
RTVSPropertyOp33
 70
     1
102
RTVSPropertyOp34
 70
     1
102
RTVSPropertyOp35
 70
     1
102
RTVSPropertyOp36
 70
     1
102
RTVSPropertyOp37
 70
     1
102
RTVSPropertyOp38
 70
     1
102
RTVSPropertyOp39
 70
     1
102
RTVSPropertyOp40
 70
     1
102
RTVSPropertyOp41
 70
     1
102
RTVSPropertyOp42
 70
     1
102
RTVSPropertyOp43
 70
     1
102
RTVSPropertyOp44
 70
     1
102
RTVSPropertyOp45
 70
     1
102
RTVSPropertyOp46
 70
     1
102
RTVSPropertyOp47
 70
     1
102
RTVSPropertyOp48
 70
     1
102
RTVSPropertyOp49
 70
     1
102
RTVSPropertyOp50
 70
     1
102
RTVSPropertyOp51
 70
     0
102
RTVSPropertyOp52
 70
     0
102
RTVSPropertyOp53
 70
     1
102
RTVSPropertyOp54
 70
     1
102
RTVSPropertyOp55
 70
     1
102
RTVSPropertyOp56
 70
     1
102
RTVSPropertyOp57
 70
     1
102
RTVSPropertyOp58
 70
     1
102
RTVSPropertyOp59
 70
     1
102
RTVSPropertyOp60
 70
     1
102
RTVSPropertyOp61
 70
     1
102
RTVSPropertyOp62
 70
     1
  0
XRECORD
  5
48A1
102
{ACAD_REACTORS
330
48A0
102
}
330
48A0
100
AcDbXrecord
280
     1
102
RTVSPost2010Prop28
280
     0
102
RTVSPost2010PropOp28
 70
     1
102
RTVSPost2010Prop29
280
     1
102
RTVSPost2010PropOp29
 70
     1
102
RTVSPost2010Prop30
280
     1
102
RTVSPost2010PropOp30
 70
     1
102
RTVSPost2010Prop31
280
     0
102
RTVSPost2010PropOp31
 70
     1
102
RTVSPost2010Prop32
280
     0
102
RTVSPost2010PropOp32
 70
     1
102
RTVSPost2010Prop33
280
     0
102
RTVSPost2010PropOp33
 70
     1
102
RTVSPost2010Prop34
280
     0
102
RTVSPost2010PropOp34
 70
     1
102
RTVSPost2010Prop35
280
     0
102
RTVSPost2010PropOp35
 70
     1
102
RTVSPost2010Prop36
280
     0
102
RTVSPost2010PropOp36
 70
     1
102
RTVSPost2010Prop37
 90
       50
102
RTVSPost2010PropOp37
 70
     1
102
RTVSPost2010Prop38
140
0.0
102
RTVSPost2010PropOp38
 70
     1
102
RTVSPost2010Prop39
140
1.0
102
RTVSPost2010PropOp39
 70
     1
102
RTVSPost2010Prop40
 90
        0
102
RTVSPost2010PropOp40
 70
     1
102
RTVSPost2010Prop41ColorIndex
 90
       18
102
RTVSPost2010Prop41ColorRGB
 90
        0
102
RTVSPost2010PropOp41
 70
     1
102
RTVSPost2010Prop42
 90
       50
102
RTVSPost2010PropOp42
 70
     1
102
RTVSPost2010Prop43
 90
        3
102
RTVSPost2010PropOp43
 70
     1
102
RTVSPost2010Prop44ColorIndex
 90
        5
102
RTVSPost2010Prop44ColorRGB
 90
      255
102
RTVSPost2010PropOp44
 70
     1
102
RTVSPost2010Prop45
280
     0
102
RTVSPost2010PropOp45
 70
     1
102
RTVSPost2010Prop46
 90
       50
102
RTVSPost2010PropOp46
 70
     1
102
RTVSPost2010Prop47
 90
       50
102
RTVSPost2010PropOp47
 70
     1
102
RTVSPost2010Prop48
 90
       50
102
RTVSPost2010PropOp48
 70
     1
102
RTVSPost2010Prop49
280
     0
102
RTVSPost2010PropOp49
 70
     1
102
RTVSPost2010Prop50
 90
       50
102
RTVSPost2010PropOp50
 70
     1
102
RTVSPost2010Prop51ColorIndex
 90
      256
102
RTVSPost2010Prop51ColorRGB
 90
-16777216
102
RTVSPost2010PropOp51
 70
     0
102
RTVSPost2010Prop52
140
1.0
102
RTVSPost2010PropOp52
 70
     0
102
RTVSPost2010Prop53
 90
        2
102
RTVSPost2010PropOp53
 70
     1
102
RTVSPost2010Prop54
  1
strokes_ogs.tif
102
RTVSPost2010PropOp54
 70
     1
102
RTVSPost2010Prop55
280
     0
102
RTVSPost2010PropOp55
 70
     1
102
RTVSPost2010Prop56
140
1.0
102
RTVSPost2010PropOp56
 70
     1
102
RTVSPost2010Prop57
140
1.0
102
RTVSPost2010PropOp57
 70
     1
102
RTVSPropertyOp0
 70
     1
102
RTVSPropertyOp1
 70
     1
102
RTVSPropertyOp2
 70
     1
102
RTVSPropertyOp3
 70
     1
102
RTVSPropertyOp4
 70
     1
102
RTVSPropertyOp5
 70
     1
102
RTVSPropertyOp6
 70
     1
102
RTVSPropertyOp7
 70
     1
102
RTVSPropertyOp8
 70
     1
102
RTVSPropertyOp9
 70
     1
102
RTVSPropertyOp10
 70
     1
102
RTVSPropertyOp11
 70
     1
102
RTVSPropertyOp12
 70
     1
102
RTVSPropertyOp13
 70
     1
102
RTVSPropertyOp14
 70
     1
102
RTVSPropertyOp15
 70
     1
102
RTVSPropertyOp16
 70
     1
102
RTVSPropertyOp17
 70
     1
102
RTVSPropertyOp18
 70
     1
102
RTVSPropertyOp19
 70
     1
102
RTVSPropertyOp20
 70
     1
102
RTVSPropertyOp21
 70
     1
102
RTVSPropertyOp22
 70
     1
102
RTVSPropertyOp23
 70
     1
102
RTVSPropertyOp24
 70
     1
102
RTVSPropertyOp25
 70
     1
102
RTVSPropertyOp26
 70
     1
102
RTVSPropertyOp27
 70
     1
102
RTVSPropertyOp28
 70
     1
102
RTVSPropertyOp29
 70
     1
102
RTVSPropertyOp30
 70
     1
102
RTVSPropertyOp31
 70
     1
102
RTVSPropertyOp32
 70
     1
102
RTVSPropertyOp33
 70
     1
102
RTVSPropertyOp34
 70
     1
102
RTVSPropertyOp35
 70
     1
102
RTVSPropertyOp36
 70
     1
102
RTVSPropertyOp37
 70
     1
102
RTVSPropertyOp38
 70
     1
102
RTVSPropertyOp39
 70
     1
102
RTVSPropertyOp40
 70
     1
102
RTVSPropertyOp41
 70
     1
102
RTVSPropertyOp42
 70
     1
102
RTVSPropertyOp43
 70
     1
102
RTVSPropertyOp44
 70
     1
102
RTVSPropertyOp45
 70
     1
102
RTVSPropertyOp46
 70
     1
102
RTVSPropertyOp47
 70
     1
102
RTVSPropertyOp48
 70
     1
102
RTVSPropertyOp49
 70
     1
102
RTVSPropertyOp50
 70
     1
102
RTVSPropertyOp51
 70
     0
102
RTVSPropertyOp52
 70
     0
102
RTVSPropertyOp53
 70
     1
102
RTVSPropertyOp54
 70
     1
102
RTVSPropertyOp55
 70
     1
102
RTVSPropertyOp56
 70
     1
102
RTVSPropertyOp57
 70
     1
102
RTVSPropertyOp58
 70
     1
102
RTVSPropertyOp59
 70
     1
102
RTVSPropertyOp60
 70
     1
102
RTVSPropertyOp61
 70
     1
102
RTVSPropertyOp62
 70
     1
  0
XRECORD
  5
4893
102
{ACAD_REACTORS
330
4892
102
}
330
4892
100
AcDbXrecord
280
     1
102
RTVSPost2010Prop28
280
     0
102
RTVSPost2010PropOp28
 70
     1
102
RTVSPost2010Prop29
280
     1
102
RTVSPost2010PropOp29
 70
     1
102
RTVSPost2010Prop30
280
     1
102
RTVSPost2010PropOp30
 70
     1
102
RTVSPost2010Prop31
280
     0
102
RTVSPost2010PropOp31
 70
     1
102
RTVSPost2010Prop32
280
     0
102
RTVSPost2010PropOp32
 70
     1
102
RTVSPost2010Prop33
280
     0
102
RTVSPost2010PropOp33
 70
     1
102
RTVSPost2010Prop34
280
     0
102
RTVSPost2010PropOp34
 70
     1
102
RTVSPost2010Prop35
280
     0
102
RTVSPost2010PropOp35
 70
     1
102
RTVSPost2010Prop36
280
     0
102
RTVSPost2010PropOp36
 70
     1
102
RTVSPost2010Prop37
 90
       50
102
RTVSPost2010PropOp37
 70
     1
102
RTVSPost2010Prop38
140
0.0
102
RTVSPost2010PropOp38
 70
     1
102
RTVSPost2010Prop39
140
1.0
102
RTVSPost2010PropOp39
 70
     1
102
RTVSPost2010Prop40
 90
        0
102
RTVSPost2010PropOp40
 70
     1
102
RTVSPost2010Prop41ColorIndex
 90
       18
102
RTVSPost2010Prop41ColorRGB
 90
        0
102
RTVSPost2010PropOp41
 70
     1
102
RTVSPost2010Prop42
 90
       50
102
RTVSPost2010PropOp42
 70
     1
102
RTVSPost2010Prop43
 90
        3
102
RTVSPost2010PropOp43
 70
     1
102
RTVSPost2010Prop44ColorIndex
 90
        5
102
RTVSPost2010Prop44ColorRGB
 90
      255
102
RTVSPost2010PropOp44
 70
     1
102
RTVSPost2010Prop45
280
     0
102
RTVSPost2010PropOp45
 70
     1
102
RTVSPost2010Prop46
 90
       50
102
RTVSPost2010PropOp46
 70
     1
102
RTVSPost2010Prop47
 90
       50
102
RTVSPost2010PropOp47
 70
     1
102
RTVSPost2010Prop48
 90
       50
102
RTVSPost2010PropOp48
 70
     1
102
RTVSPost2010Prop49
280
     0
102
RTVSPost2010PropOp49
 70
     1
102
RTVSPost2010Prop50
 90
       50
102
RTVSPost2010PropOp50
 70
     1
102
RTVSPost2010Prop51ColorIndex
 90
      256
102
RTVSPost2010Prop51ColorRGB
 90
-16777216
102
RTVSPost2010PropOp51
 70
     0
102
RTVSPost2010Prop52
140
1.0
102
RTVSPost2010PropOp52
 70
     0
102
RTVSPost2010Prop53
 90
        2
102
RTVSPost2010PropOp53
 70
     1
102
RTVSPost2010Prop54
  1
strokes_ogs.tif
102
RTVSPost2010PropOp54
 70
     1
102
RTVSPost2010Prop55
280
     0
102
RTVSPost2010PropOp55
 70
     1
102
RTVSPost2010Prop56
140
1.0
102
RTVSPost2010PropOp56
 70
     1
102
RTVSPost2010Prop57
140
1.0
102
RTVSPost2010PropOp57
 70
     1
102
RTVSPropertyOp0
 70
     1
102
RTVSPropertyOp1
 70
     1
102
RTVSPropertyOp2
 70
     1
102
RTVSPropertyOp3
 70
     1
102
RTVSPropertyOp4
 70
     1
102
RTVSPropertyOp5
 70
     1
102
RTVSPropertyOp6
 70
     1
102
RTVSPropertyOp7
 70
     1
102
RTVSPropertyOp8
 70
     1
102
RTVSPropertyOp9
 70
     1
102
RTVSPropertyOp10
 70
     1
102
RTVSPropertyOp11
 70
     1
102
RTVSPropertyOp12
 70
     1
102
RTVSPropertyOp13
 70
     1
102
RTVSPropertyOp14
 70
     1
102
RTVSPropertyOp15
 70
     1
102
RTVSPropertyOp16
 70
     1
102
RTVSPropertyOp17
 70
     1
102
RTVSPropertyOp18
 70
     1
102
RTVSPropertyOp19
 70
     1
102
RTVSPropertyOp20
 70
     1
102
RTVSPropertyOp21
 70
     1
102
RTVSPropertyOp22
 70
     1
102
RTVSPropertyOp23
 70
     1
102
RTVSPropertyOp24
 70
     1
102
RTVSPropertyOp25
 70
     1
102
RTVSPropertyOp26
 70
     1
102
RTVSPropertyOp27
 70
     1
102
RTVSPropertyOp28
 70
     1
102
RTVSPropertyOp29
 70
     1
102
RTVSPropertyOp30
 70
     1
102
RTVSPropertyOp31
 70
     1
102
RTVSPropertyOp32
 70
     1
102
RTVSPropertyOp33
 70
     1
102
RTVSPropertyOp34
 70
     1
102
RTVSPropertyOp35
 70
     1
102
RTVSPropertyOp36
 70
     1
102
RTVSPropertyOp37
 70
     1
102
RTVSPropertyOp38
 70
     1
102
RTVSPropertyOp39
 70
     1
102
RTVSPropertyOp40
 70
     1
102
RTVSPropertyOp41
 70
     1
102
RTVSPropertyOp42
 70
     1
102
RTVSPropertyOp43
 70
     1
102
RTVSPropertyOp44
 70
     1
102
RTVSPropertyOp45
 70
     1
102
RTVSPropertyOp46
 70
     1
102
RTVSPropertyOp47
 70
     1
102
RTVSPropertyOp48
 70
     1
102
RTVSPropertyOp49
 70
     1
102
RTVSPropertyOp50
 70
     1
102
RTVSPropertyOp51
 70
     0
102
RTVSPropertyOp52
 70
     0
102
RTVSPropertyOp53
 70
     1
102
RTVSPropertyOp54
 70
     1
102
RTVSPropertyOp55
 70
     1
102
RTVSPropertyOp56
 70
     1
102
RTVSPropertyOp57
 70
     1
102
RTVSPropertyOp58
 70
     1
102
RTVSPropertyOp59
 70
     1
102
RTVSPropertyOp60
 70
     1
102
RTVSPropertyOp61
 70
     1
102
RTVSPropertyOp62
 70
     1
  0
XRECORD
  5
489B
102
{ACAD_REACTORS
330
489A
102
}
330
489A
100
AcDbXrecord
280
     1
102
RTVSPost2010Prop28
280
     0
102
RTVSPost2010PropOp28
 70
     1
102
RTVSPost2010Prop29
280
     1
102
RTVSPost2010PropOp29
 70
     1
102
RTVSPost2010Prop30
280
     1
102
RTVSPost2010PropOp30
 70
     1
102
RTVSPost2010Prop31
280
     0
102
RTVSPost2010PropOp31
 70
     1
102
RTVSPost2010Prop32
280
     0
102
RTVSPost2010PropOp32
 70
     1
102
RTVSPost2010Prop33
280
     0
102
RTVSPost2010PropOp33
 70
     1
102
RTVSPost2010Prop34
280
     0
102
RTVSPost2010PropOp34
 70
     1
102
RTVSPost2010Prop35
280
     0
102
RTVSPost2010PropOp35
 70
     1
102
RTVSPost2010Prop36
280
     0
102
RTVSPost2010PropOp36
 70
     1
102
RTVSPost2010Prop37
 90
       50
102
RTVSPost2010PropOp37
 70
     1
102
RTVSPost2010Prop38
140
0.0
102
RTVSPost2010PropOp38
 70
     1
102
RTVSPost2010Prop39
140
1.0
102
RTVSPost2010PropOp39
 70
     1
102
RTVSPost2010Prop40
 90
        0
102
RTVSPost2010PropOp40
 70
     1
102
RTVSPost2010Prop41ColorIndex
 90
       18
102
RTVSPost2010Prop41ColorRGB
 90
        0
102
RTVSPost2010PropOp41
 70
     1
102
RTVSPost2010Prop42
 90
       50
102
RTVSPost2010PropOp42
 70
     1
102
RTVSPost2010Prop43
 90
        3
102
RTVSPost2010PropOp43
 70
     1
102
RTVSPost2010Prop44ColorIndex
 90
        5
102
RTVSPost2010Prop44ColorRGB
 90
      255
102
RTVSPost2010PropOp44
 70
     1
102
RTVSPost2010Prop45
280
     0
102
RTVSPost2010PropOp45
 70
     1
102
RTVSPost2010Prop46
 90
       50
102
RTVSPost2010PropOp46
 70
     1
102
RTVSPost2010Prop47
 90
       50
102
RTVSPost2010PropOp47
 70
     1
102
RTVSPost2010Prop48
 90
       50
102
RTVSPost2010PropOp48
 70
     1
102
RTVSPost2010Prop49
280
     0
102
RTVSPost2010PropOp49
 70
     1
102
RTVSPost2010Prop50
 90
       50
102
RTVSPost2010PropOp50
 70
     1
102
RTVSPost2010Prop51ColorIndex
 90
      256
102
RTVSPost2010Prop51ColorRGB
 90
-16777216
102
RTVSPost2010PropOp51
 70
     0
102
RTVSPost2010Prop52
140
1.0
102
RTVSPost2010PropOp52
 70
     0
102
RTVSPost2010Prop53
 90
        2
102
RTVSPost2010PropOp53
 70
     1
102
RTVSPost2010Prop54
  1
strokes_ogs.tif
102
RTVSPost2010PropOp54
 70
     1
102
RTVSPost2010Prop55
280
     0
102
RTVSPost2010PropOp55
 70
     1
102
RTVSPost2010Prop56
140
1.0
102
RTVSPost2010PropOp56
 70
     1
102
RTVSPost2010Prop57
140
1.0
102
RTVSPost2010PropOp57
 70
     1
102
RTVSPropertyOp0
 70
     1
102
RTVSPropertyOp1
 70
     1
102
RTVSPropertyOp2
 70
     1
102
RTVSPropertyOp3
 70
     1
102
RTVSPropertyOp4
 70
     1
102
RTVSPropertyOp5
 70
     1
102
RTVSPropertyOp6
 70
     1
102
RTVSPropertyOp7
 70
     1
102
RTVSPropertyOp8
 70
     1
102
RTVSPropertyOp9
 70
     1
102
RTVSPropertyOp10
 70
     1
102
RTVSPropertyOp11
 70
     1
102
RTVSPropertyOp12
 70
     1
102
RTVSPropertyOp13
 70
     1
102
RTVSPropertyOp14
 70
     1
102
RTVSPropertyOp15
 70
     1
102
RTVSPropertyOp16
 70
     1
102
RTVSPropertyOp17
 70
     1
102
RTVSPropertyOp18
 70
     1
102
RTVSPropertyOp19
 70
     1
102
RTVSPropertyOp20
 70
     1
102
RTVSPropertyOp21
 70
     1
102
RTVSPropertyOp22
 70
     1
102
RTVSPropertyOp23
 70
     1
102
RTVSPropertyOp24
 70
     1
102
RTVSPropertyOp25
 70
     1
102
RTVSPropertyOp26
 70
     1
102
RTVSPropertyOp27
 70
     1
102
RTVSPropertyOp28
 70
     1
102
RTVSPropertyOp29
 70
     1
102
RTVSPropertyOp30
 70
     1
102
RTVSPropertyOp31
 70
     1
102
RTVSPropertyOp32
 70
     1
102
RTVSPropertyOp33
 70
     1
102
RTVSPropertyOp34
 70
     1
102
RTVSPropertyOp35
 70
     1
102
RTVSPropertyOp36
 70
     1
102
RTVSPropertyOp37
 70
     1
102
RTVSPropertyOp38
 70
     1
102
RTVSPropertyOp39
 70
     1
102
RTVSPropertyOp40
 70
     1
102
RTVSPropertyOp41
 70
     1
102
RTVSPropertyOp42
 70
     1
102
RTVSPropertyOp43
 70
     1
102
RTVSPropertyOp44
 70
     1
102
RTVSPropertyOp45
 70
     1
102
RTVSPropertyOp46
 70
     1
102
RTVSPropertyOp47
 70
     1
102
RTVSPropertyOp48
 70
     1
102
RTVSPropertyOp49
 70
     1
102
RTVSPropertyOp50
 70
     1
102
RTVSPropertyOp51
 70
     0
102
RTVSPropertyOp52
 70
     0
102
RTVSPropertyOp53
 70
     1
102
RTVSPropertyOp54
 70
     1
102
RTVSPropertyOp55
 70
     1
102
RTVSPropertyOp56
 70
     1
102
RTVSPropertyOp57
 70
     1
102
RTVSPropertyOp58
 70
     1
102
RTVSPropertyOp59
 70
     1
102
RTVSPropertyOp60
 70
     1
102
RTVSPropertyOp61
 70
     1
102
RTVSPropertyOp62
 70
     1
  0
XRECORD
  5
48A3
102
{ACAD_REACTORS
330
48A2
102
}
330
48A2
100
AcDbXrecord
280
     1
102
RTVSPost2010Prop28
280
     0
102
RTVSPost2010PropOp28
 70
     1
102
RTVSPost2010Prop29
280
     1
102
RTVSPost2010PropOp29
 70
     1
102
RTVSPost2010Prop30
280
     1
102
RTVSPost2010PropOp30
 70
     1
102
RTVSPost2010Prop31
280
     0
102
RTVSPost2010PropOp31
 70
     1
102
RTVSPost2010Prop32
280
     0
102
RTVSPost2010PropOp32
 70
     1
102
RTVSPost2010Prop33
280
     0
102
RTVSPost2010PropOp33
 70
     1
102
RTVSPost2010Prop34
280
     0
102
RTVSPost2010PropOp34
 70
     1
102
RTVSPost2010Prop35
280
     0
102
RTVSPost2010PropOp35
 70
     1
102
RTVSPost2010Prop36
280
     0
102
RTVSPost2010PropOp36
 70
     1
102
RTVSPost2010Prop37
 90
       50
102
RTVSPost2010PropOp37
 70
     1
102
RTVSPost2010Prop38
140
0.0
102
RTVSPost2010PropOp38
 70
     1
102
RTVSPost2010Prop39
140
1.0
102
RTVSPost2010PropOp39
 70
     1
102
RTVSPost2010Prop40
 90
        0
102
RTVSPost2010PropOp40
 70
     1
102
RTVSPost2010Prop41ColorIndex
 90
       18
102
RTVSPost2010Prop41ColorRGB
 90
        0
102
RTVSPost2010PropOp41
 70
     1
102
RTVSPost2010Prop42
 90
       50
102
RTVSPost2010PropOp42
 70
     1
102
RTVSPost2010Prop43
 90
        3
102
RTVSPost2010PropOp43
 70
     1
102
RTVSPost2010Prop44ColorIndex
 90
        5
102
RTVSPost2010Prop44ColorRGB
 90
      255
102
RTVSPost2010PropOp44
 70
     1
102
RTVSPost2010Prop45
280
     0
102
RTVSPost2010PropOp45
 70
     1
102
RTVSPost2010Prop46
 90
       50
102
RTVSPost2010PropOp46
 70
     1
102
RTVSPost2010Prop47
 90
       50
102
RTVSPost2010PropOp47
 70
     1
102
RTVSPost2010Prop48
 90
       50
102
RTVSPost2010PropOp48
 70
     1
102
RTVSPost2010Prop49
280
     0
102
RTVSPost2010PropOp49
 70
     1
102
RTVSPost2010Prop50
 90
       50
102
RTVSPost2010PropOp50
 70
     1
102
RTVSPost2010Prop51ColorIndex
 90
      256
102
RTVSPost2010Prop51ColorRGB
 90
-16777216
102
RTVSPost2010PropOp51
 70
     0
102
RTVSPost2010Prop52
140
1.0
102
RTVSPost2010PropOp52
 70
     0
102
RTVSPost2010Prop53
 90
        2
102
RTVSPost2010PropOp53
 70
     1
102
RTVSPost2010Prop54
  1
strokes_ogs.tif
102
RTVSPost2010PropOp54
 70
     1
102
RTVSPost2010Prop55
280
     0
102
RTVSPost2010PropOp55
 70
     1
102
RTVSPost2010Prop56
140
1.0
102
RTVSPost2010PropOp56
 70
     1
102
RTVSPost2010Prop57
140
1.0
102
RTVSPost2010PropOp57
 70
     1
102
RTVSPropertyOp0
 70
     1
102
RTVSPropertyOp1
 70
     1
102
RTVSPropertyOp2
 70
     1
102
RTVSPropertyOp3
 70
     1
102
RTVSPropertyOp4
 70
     1
102
RTVSPropertyOp5
 70
     1
102
RTVSPropertyOp6
 70
     1
102
RTVSPropertyOp7
 70
     1
102
RTVSPropertyOp8
 70
     1
102
RTVSPropertyOp9
 70
     1
102
RTVSPropertyOp10
 70
     1
102
RTVSPropertyOp11
 70
     1
102
RTVSPropertyOp12
 70
     1
102
RTVSPropertyOp13
 70
     1
102
RTVSPropertyOp14
 70
     1
102
RTVSPropertyOp15
 70
     1
102
RTVSPropertyOp16
 70
     1
102
RTVSPropertyOp17
 70
     1
102
RTVSPropertyOp18
 70
     1
102
RTVSPropertyOp19
 70
     1
102
RTVSPropertyOp20
 70
     1
102
RTVSPropertyOp21
 70
     1
102
RTVSPropertyOp22
 70
     1
102
RTVSPropertyOp23
 70
     1
102
RTVSPropertyOp24
 70
     1
102
RTVSPropertyOp25
 70
     1
102
RTVSPropertyOp26
 70
     1
102
RTVSPropertyOp27
 70
     1
102
RTVSPropertyOp28
 70
     1
102
RTVSPropertyOp29
 70
     1
102
RTVSPropertyOp30
 70
     1
102
RTVSPropertyOp31
 70
     1
102
RTVSPropertyOp32
 70
     1
102
RTVSPropertyOp33
 70
     1
102
RTVSPropertyOp34
 70
     1
102
RTVSPropertyOp35
 70
     1
102
RTVSPropertyOp36
 70
     1
102
RTVSPropertyOp37
 70
     1
102
RTVSPropertyOp38
 70
     1
102
RTVSPropertyOp39
 70
     1
102
RTVSPropertyOp40
 70
     1
102
RTVSPropertyOp41
 70
     1
102
RTVSPropertyOp42
 70
     1
102
RTVSPropertyOp43
 70
     1
102
RTVSPropertyOp44
 70
     1
102
RTVSPropertyOp45
 70
     1
102
RTVSPropertyOp46
 70
     1
102
RTVSPropertyOp47
 70
     1
102
RTVSPropertyOp48
 70
     1
102
RTVSPropertyOp49
 70
     1
102
RTVSPropertyOp50
 70
     1
102
RTVSPropertyOp51
 70
     0
102
RTVSPropertyOp52
 70
     0
102
RTVSPropertyOp53
 70
     1
102
RTVSPropertyOp54
 70
     1
102
RTVSPropertyOp55
 70
     1
102
RTVSPropertyOp56
 70
     1
102
RTVSPropertyOp57
 70
     1
102
RTVSPropertyOp58
 70
     1
102
RTVSPropertyOp59
 70
     1
102
RTVSPropertyOp60
 70
     1
102
RTVSPropertyOp61
 70
     1
102
RTVSPropertyOp62
 70
     1
  0
ENDSEC
  0
EOF
