  0
SECTION
  2
HEADER
  9
$ACADVER
  1
AC1021
  9
$ACADMAINTVER
 70
    50
  9
$DWGCODEPAGE
  3
ANSI_1251
  9
$LASTSAVEDBY
  1
mc
  9
$INSBASE
 10
0.0
 20
0.0
 30
0.0
  9
$EXTMIN
 10
-1075.079297407912
 20
0.0000000000000127
 30
0.0
  9
$EXTMAX
 10
545.250000000002
 20
1406.396996210134
 30
0.0
  9
$LIMMIN
 10
0.0
 20
0.0
  9
$LIMMAX
 10
12.0
 20
9.0
  9
$ORTHOMODE
 70
     1
  9
$REGENMODE
 70
     1
  9
$FILLMODE
 70
     1
  9
$QTEXTMODE
 70
     0
  9
$MIRRTEXT
 70
     0
  9
$LTSCALE
 40
1.0
  9
$ATTMODE
 70
     1
  9
$TEXTSIZE
 40
0.2
  9
$TRACEWID
 40
0.05
  9
$TEXTSTYLE
  7
Standard
  9
$CLAYER
  8
0
  9
$CELTYPE
  6
ByLayer
  9
$CECOLOR
 62
   256
  9
$CELTSCALE
 40
1.0
  9
$DISPSILH
 70
     0
  9
$DIMSCALE
 40
1.0
  9
$DIMASZ
 40
0.18
  9
$DIMEXO
 40
0.0625
  9
$DIMDLI
 40
0.38
  9
$DIMRND
 40
0.0
  9
$DIMDLE
 40
0.0
  9
$DIMEXE
 40
0.18
  9
$DIMTP
 40
0.0
  9
$DIMTM
 40
0.0
  9
$DIMTXT
 40
0.18
  9
$DIMCEN
 40
0.09
  9
$DIMTSZ
 40
0.0
  9
$DIMTOL
 70
     0
  9
$DIMLIM
 70
     0
  9
$DIMTIH
 70
     1
  9
$DIMTOH
 70
     1
  9
$DIMSE1
 70
     0
  9
$DIMSE2
 70
     0
  9
$DIMTAD
 70
     0
  9
$DIMZIN
 70
     0
  9
$DIMBLK
  1

  9
$DIMASO
 70
     1
  9
$DIMSHO
 70
     1
  9
$DIMPOST
  1

  9
$DIMAPOST
  1

  9
$DIMALT
 70
     0
  9
$DIMALTD
 70
     2
  9
$DIMALTF
 40
25.4
  9
$DIMLFAC
 40
1.0
  9
$DIMTOFL
 70
     0
  9
$DIMTVP
 40
0.0
  9
$DIMTIX
 70
     0
  9
$DIMSOXD
 70
     0
  9
$DIMSAH
 70
     0
  9
$DIMBLK1
  1

  9
$DIMBLK2
  1

  9
$DIMSTYLE
  2
Standard
  9
$DIMCLRD
 70
     0
  9
$DIMCLRE
 70
     0
  9
$DIMCLRT
 70
     0
  9
$DIMTFAC
 40
1.0
  9
$DIMGAP
 40
0.09
  9
$DIMJUST
 70
     0
  9
$DIMSD1
 70
     0
  9
$DIMSD2
 70
     0
  9
$DIMTOLJ
 70
     1
  9
$DIMTZIN
 70
     0
  9
$DIMALTZ
 70
     0
  9
$DIMALTTZ
 70
     0
  9
$DIMUPT
 70
     0
  9
$DIMDEC
 70
     1
  9
$DIMTDEC
 70
     1
  9
$DIMALTU
 70
     2
  9
$DIMALTTD
 70
     2
  9
$DIMTXSTY
  7
Standard
  9
$DIMAUNIT
 70
     0
  9
$DIMADEC
 70
     0
  9
$DIMALTRND
 40
0.0
  9
$DIMAZIN
 70
     0
  9
$DIMDSEP
 70
    46
  9
$DIMATFIT
 70
     3
  9
$DIMFRAC
 70
     0
  9
$DIMLDRBLK
  1

  9
$DIMLUNIT
 70
     2
  9
$DIMLWD
 70
    -2
  9
$DIMLWE
 70
    -2
  9
$DIMTMOVE
 70
     0
  9
$DIMFXL
 40
1.0
  9
$DIMFXLON
 70
     0
  9
$DIMJOGANG
 40
0.7853981633974483
  9
$DIMTFILL
 70
     0
  9
$DIMTFILLCLR
 70
     0
  9
$DIMARCSYM
 70
     0
  9
$DIMLTYPE
  6

  9
$DIMLTEX1
  6

  9
$DIMLTEX2
  6

  9
$LUNITS
 70
     2
  9
$LUPREC
 70
     1
  9
$SKETCHINC
 40
0.1
  9
$FILLETRAD
 40
0.0
  9
$AUNITS
 70
     0
  9
$AUPREC
 70
     0
  9
$MENU
  1
.
  9
$ELEVATION
 40
0.0
  9
$PELEVATION
 40
0.0
  9
$THICKNESS
 40
0.0
  9
$LIMCHECK
 70
     0
  9
$CHAMFERA
 40
0.0
  9
$CHAMFERB
 40
0.0
  9
$CHAMFERC
 40
0.0
  9
$CHAMFERD
 40
0.0
  9
$SKPOLY
 70
     0
  9
$TDCREATE
 40
2460848.469456018
  9
$TDUCREATE
 40
2460848.344456018
  9
$TDUPDATE
 40
2460853.951168981
  9
$TDUUPDATE
 40
2460853.826168982
  9
$TDINDWG
 40
0.1104513889
  9
$TDUSRTIMER
 40
0.1104513889
  9
$USRTIMER
 70
     1
  9
$ANGBASE
 50
0.0
  9
$ANGDIR
 70
     0
  9
$PDMODE
 70
     0
  9
$PDSIZE
 40
0.0
  9
$PLINEWID
 40
0.0
  9
$SPLFRAME
 70
     0
  9
$SPLINETYPE
 70
     6
  9
$SPLINESEGS
 70
     8
  9
$HANDSEED
  5
33DF
  9
$SURFTAB1
 70
     6
  9
$SURFTAB2
 70
     6
  9
$SURFTYPE
 70
     6
  9
$SURFU
 70
     6
  9
$SURFV
 70
     6
  9
$UCSBASE
  2

  9
$UCSNAME
  2

  9
$UCSORG
 10
0.0
 20
0.0
 30
0.0
  9
$UCSXDIR
 10
1.0
 20
0.0
 30
0.0
  9
$UCSYDIR
 10
0.0
 20
1.0
 30
0.0
  9
$UCSORTHOREF
  2

  9
$UCSORTHOVIEW
 70
     0
  9
$UCSORGTOP
 10
0.0
 20
0.0
 30
0.0
  9
$UCSORGBOTTOM
 10
0.0
 20
0.0
 30
0.0
  9
$UCSORGLEFT
 10
0.0
 20
0.0
 30
0.0
  9
$UCSORGRIGHT
 10
0.0
 20
0.0
 30
0.0
  9
$UCSORGFRONT
 10
0.0
 20
0.0
 30
0.0
  9
$UCSORGBACK
 10
0.0
 20
0.0
 30
0.0
  9
$PUCSBASE
  2

  9
$PUCSNAME
  2

  9
$PUCSORG
 10
0.0
 20
0.0
 30
0.0
  9
$PUCSXDIR
 10
1.0
 20
0.0
 30
0.0
  9
$PUCSYDIR
 10
0.0
 20
1.0
 30
0.0
  9
$PUCSORTHOREF
  2

  9
$PUCSORTHOVIEW
 70
     0
  9
$PUCSORGTOP
 10
0.0
 20
0.0
 30
0.0
  9
$PUCSORGBOTTOM
 10
0.0
 20
0.0
 30
0.0
  9
$PUCSORGLEFT
 10
0.0
 20
0.0
 30
0.0
  9
$PUCSORGRIGHT
 10
0.0
 20
0.0
 30
0.0
  9
$PUCSORGFRONT
 10
0.0
 20
0.0
 30
0.0
  9
$PUCSORGBACK
 10
0.0
 20
0.0
 30
0.0
  9
$USERI1
 70
     0
  9
$USERI2
 70
     0
  9
$USERI3
 70
     0
  9
$USERI4
 70
     0
  9
$USERI5
 70
     0
  9
$USERR1
 40
0.0
  9
$USERR2
 40
0.0
  9
$USERR3
 40
0.0
  9
$USERR4
 40
0.0
  9
$USERR5
 40
0.0
  9
$WORLDVIEW
 70
     1
  9
$SHADEDGE
 70
     3
  9
$SHADEDIF
 70
    70
  9
$TILEMODE
 70
     1
  9
$MAXACTVP
 70
    64
  9
$PINSBASE
 10
0.0
 20
0.0
 30
0.0
  9
$PLIMCHECK
 70
     0
  9
$PEXTMIN
 10
1.049999952316284
 20
0.7999999523162842
 30
0.0
  9
$PEXTMAX
 10
9.449999570846559
 20
7.199999570846558
 30
0.0
  9
$PLIMMIN
 10
-0.2500002402958907
 20
-0.2499999962453767
  9
$PLIMMAX
 10
10.74999951940822
 20
8.249999763458733
  9
$UNITMODE
 70
     0
  9
$VISRETAIN
 70
     1
  9
$PLINEGEN
 70
     0
  9
$PSLTSCALE
 70
     1
  9
$TREEDEPTH
 70
  3020
  9
$CMLSTYLE
  2
Standard
  9
$CMLJUST
 70
     0
  9
$CMLSCALE
 40
1.0
  9
$PROXYGRAPHICS
 70
     1
  9
$MEASUREMENT
 70
     0
  9
$CELWEIGHT
370
    -1
  9
$ENDCAPS
280
     0
  9
$JOINSTYLE
280
     0
  9
$LWDISPLAY
290
     0
  9
$INSUNITS
 70
     4
  9
$HYPERLINKBASE
  1

  9
$STYLESHEET
  1

  9
$XEDIT
290
     1
  9
$CEPSNTYPE
380
     0
  9
$PSTYLEMODE
290
     1
  9
$FINGERPRINTGUID
  2
{DF932A75-E13E-EE4E-9269-1D70B8895385}
  9
$VERSIONGUID
  2
{2F28157F-229B-4340-A738-EB4FCB4353E2}
  9
$EXTNAMES
290
     1
  9
$PSVPSCALE
 40
0.0
  9
$OLESTARTUP
290
     0
  9
$SORTENTS
280
   127
  9
$INDEXCTL
280
     0
  9
$HIDETEXT
280
     1
  9
$XCLIPFRAME
290
     0
  9
$HALOGAP
280
     0
  9
$OBSCOLOR
 70
   257
  9
$OBSLTYPE
280
     0
  9
$INTERSECTIONDISPLAY
280
     0
  9
$INTERSECTIONCOLOR
 70
   257
  9
$DIMASSOC
280
     2
  9
$PROJECTNAME
  1

  9
$CAMERADISPLAY
290
     0
  9
$LENSLENGTH
 40
50.0
  9
$CAMERAHEIGHT
 40
0.0
  9
$STEPSPERSEC
 40
2.0
  9
$STEPSIZE
 40
6.0
  9
$3DDWFPREC
 40
2.0
  9
$PSOLWIDTH
 40
0.25
  9
$PSOLHEIGHT
 40
4.0
  9
$LOFTANG1
 40
1.570796326794896
  9
$LOFTANG2
 40
1.570796326794896
  9
$LOFTMAG1
 40
0.0
  9
$LOFTMAG2
 40
0.0
  9
$LOFTPARAM
 70
     7
  9
$LOFTNORMALS
280
     1
  9
$LATITUDE
 40
37.795
  9
$LONGITUDE
 40
-122.394
  9
$NORTHDIRECTION
 40
0.0
  9
$TIMEZONE
 70
 -8000
  9
$LIGHTGLYPHDISPLAY
280
     1
  9
$TILEMODELIGHTSYNCH
280
     1
  9
$CMATERIAL
347
96
  9
$SOLIDHIST
280
     0
  9
$SHOWHIST
280
     1
  9
$DWFFRAME
280
     2
  9
$DGNFRAME
280
     0
  9
$REALWORLDSCALE
290
     1
  9
$INTERFERECOLOR
 62
     1
  9
$INTERFEREOBJVS
345
A3
  9
$INTERFEREVPVS
346
A0
  9
$CSHADOW
280
     0
  9
$SHADOWPLANELOCATION
 40
0.0
  0
ENDSEC
  0
SECTION
  2
CLASSES
  0
CLASS
  1
ACDBDICTIONARYWDFLT
  2
AcDbDictionaryWithDefault
  3
ObjectDBX Classes
 90
        0
 91
        1
280
     0
281
     0
  0
CLASS
  1
DICTIONARYVAR
  2
AcDbDictionaryVar
  3
ObjectDBX Classes
 90
        0
 91
       16
280
     0
281
     0
  0
CLASS
  1
TABLESTYLE
  2
AcDbTableStyle
  3
ObjectDBX Classes
 90
     4095
 91
        1
280
     0
281
     0
  0
CLASS
  1
MATERIAL
  2
AcDbMaterial
  3
ObjectDBX Classes
 90
     1153
 91
        3
280
     0
281
     0
  0
CLASS
  1
VISUALSTYLE
  2
AcDbVisualStyle
  3
ObjectDBX Classes
 90
     4095
 91
       25
280
     0
281
     0
  0
CLASS
  1
SCALE
  2
AcDbScale
  3
ObjectDBX Classes
 90
     1153
 91
       33
280
     0
281
     0
  0
CLASS
  1
MLEADERSTYLE
  2
AcDbMLeaderStyle
  3
ACDB_MLEADERSTYLE_CLASS
 90
     4095
 91
        2
280
     0
281
     0
  0
CLASS
  1
CELLSTYLEMAP
  2
AcDbCellStyleMap
  3
ObjectDBX Classes
 90
     1152
 91
        2
280
     0
281
     0
  0
CLASS
  1
EXACXREFPANELOBJECT
  2
ExAcXREFPanelObject
  3
EXAC_ESW
 90
     1025
 91
        0
280
     0
281
     0
  0
CLASS
  1
NPOCOLLECTION
  2
AcDbImpNonPersistentObjectsCollection
  3
ObjectDBX Classes
 90
     1153
 91
        0
280
     0
281
     0
  0
CLASS
  1
LAYER_INDEX
  2
AcDbLayerIndex
  3
ObjectDBX Classes
 90
        0
 91
        0
280
     0
281
     0
  0
CLASS
  1
SPATIAL_INDEX
  2
AcDbSpatialIndex
  3
ObjectDBX Classes
 90
        0
 91
        0
280
     0
281
     0
  0
CLASS
  1
IDBUFFER
  2
AcDbIdBuffer
  3
ObjectDBX Classes
 90
        0
 91
        0
280
     0
281
     0
  0
CLASS
  1
ACDBSECTIONVIEWSTYLE
  2
AcDbSectionViewStyle
  3
ObjectDBX Classes
 90
     1025
 91
        2
280
     0
281
     0
  0
CLASS
  1
ACDBDETAILVIEWSTYLE
  2
AcDbDetailViewStyle
  3
ObjectDBX Classes
 90
     1025
 91
        2
280
     0
281
     0
  0
CLASS
  1
DIMASSOC
  2
AcDbDimAssoc
  3
"AcDbDimAssoc|Product Desc:     AcDim ARX App For Dimension|Company:          Autodesk, Inc.|WEB Address:      www.autodesk.com"
 90
        0
 91
      129
280
     0
281
     0
  0
CLASS
  1
MULTILEADER
  2
AcDbMLeader
  3
ACDB_MLEADER_CLASS
 90
     1025
 91
       15
280
     0
281
     1
  0
CLASS
  1
SORTENTSTABLE
  2
AcDbSortentsTable
  3
ObjectDBX Classes
 90
        0
 91
        3
280
     0
281
     0
  0
ENDSEC
  0
SECTION
  2
TABLES
  0
TABLE
  2
VPORT
  5
8
330
0
100
AcDbSymbolTable
 70
     1
  0
VPORT
  5
94
330
8
100
AcDbSymbolTableRecord
100
AcDbViewportTableRecord
  2
*Active
 70
     0
 10
0.0
 20
0.0
 11
1.0
 21
1.0
 12
-238.5214941898066
 22
844.5120424993582
 13
0.0
 23
0.0
 14
1.0
 24
1.0
 15
10.0
 25
10.0
 16
0.0
 26
0.0
 36
1.0
 17
0.0
 27
0.0
 37
0.0
 40
1024.999679130809
 41
1.927189988623435
 42
50.0
 43
0.0
 44
0.0
 50
0.0
 51
0.0
 71
     0
 72
  1000
 73
     1
 74
     3
 75
     0
 76
     1
 77
     0
 78
     0
281
     0
 65
     1
110
0.0
120
0.0
130
0.0
111
1.0
121
0.0
131
0.0
112
0.0
122
1.0
132
0.0
 79
     0
146
0.0
348
9F
 60
     1
 61
     5
292
     1
282
     1
141
0.0
142
0.0
 63
   250
421
  3355443
1001
ACAD_NAV_VCDISPLAY
1070
     3
  0
ENDTAB
  0
TABLE
  2
LTYPE
  5
5
330
0
100
AcDbSymbolTable
 70
     3
  0
LTYPE
  5
14
330
5
100
AcDbSymbolTableRecord
100
AcDbLinetypeTableRecord
  2
ByBlock
 70
     0
  3

 72
    65
 73
     0
 40
0.0
  0
LTYPE
  5
15
330
5
100
AcDbSymbolTableRecord
100
AcDbLinetypeTableRecord
  2
ByLayer
 70
     0
  3

 72
    65
 73
     0
 40
0.0
  0
LTYPE
  5
16
330
5
100
AcDbSymbolTableRecord
100
AcDbLinetypeTableRecord
  2
Continuous
 70
     0
  3
Solid line
 72
    65
 73
     0
 40
0.0
  0
LTYPE
  5
582
330
5
100
AcDbSymbolTableRecord
100
AcDbLinetypeTableRecord
  2
ACAD_ISO02W100
 70
     0
  3
ISO штриховая __ __ __ __ __ __ __ __ __ __ __ __ __
 72
    65
 73
     2
 40
15.0
 49
12.0
 74
     0
 49
-3.0
 74
     0
  0
ENDTAB
  0
TABLE
  2
LAYER
  5
2
102
{ACAD_XDICTIONARY
360
18E
102
}
330
0
100
AcDbSymbolTable
 70
     4
  0
LAYER
  5
10
102
{ACAD_XDICTIONARY
360
E6
102
}
330
2
100
AcDbSymbolTableRecord
100
AcDbLayerTableRecord
  2
0
 70
     0
 62
     7
  6
Continuous
370
    -3
390
F
347
98
  0
LAYER
  5
583
102
{ACAD_XDICTIONARY
360
584
102
}
330
2
100
AcDbSymbolTableRecord
100
AcDbLayerTableRecord
  2
Dimensions
 70
     2
 62
   -30
  6
Continuous
370
    -3
390
F
347
98
1001
AcAecLayerStandard
1000

1000

  0
LAYER
  5
585
330
2
100
AcDbSymbolTableRecord
100
AcDbLayerTableRecord
  2
Defpoints
 70
     2
 62
    -7
  6
Continuous
290
     0
370
    -3
390
F
347
98
  0
LAYER
  5
586
330
2
100
AcDbSymbolTableRecord
100
AcDbLayerTableRecord
  2
Dimension
 70
     0
 62
  -171
  6
ACAD_ISO02W100
370
    -3
390
F
347
98
1001
AcAecLayerStandard
1000

1000

  0
ENDTAB
  0
TABLE
  2
STYLE
  5
3
330
0
100
AcDbSymbolTable
 70
     2
  0
STYLE
  5
11
330
3
100
AcDbSymbolTableRecord
100
AcDbTextStyleTableRecord
  2
Standard
 70
     0
 40
0.0
 41
1.0
 50
0.0
 71
     0
 42
0.2
  3
arial.ttf
  4

1001
ACAD
1000
Arial
1071
       34
  0
STYLE
  5
DC
330
3
100
AcDbSymbolTableRecord
100
AcDbTextStyleTableRecord
  2
Аннотативный
 70
     0
 40
0.0
 41
1.0
 50
0.0
 71
     0
 42
0.2
  3
arial.ttf
  4

1001
AcadAnnotative
1000
AnnotativeData
1002
{
1070
     1
1070
     1
1002
}
1001
ACAD
1000
Arial
1071
       34
  0
ENDTAB
  0
TABLE
  2
VIEW
  5
6
330
0
100
AcDbSymbolTable
 70
     1
  0
ENDTAB
  0
TABLE
  2
UCS
  5
7
330
0
100
AcDbSymbolTable
 70
     0
  0
ENDTAB
  0
TABLE
  2
APPID
  5
9
330
0
100
AcDbSymbolTable
 70
    11
  0
APPID
  5
12
330
9
100
AcDbSymbolTableRecord
100
AcDbRegAppTableRecord
  2
ACAD
 70
     0
  0
APPID
  5
DD
330
9
100
AcDbSymbolTableRecord
100
AcDbRegAppTableRecord
  2
AcadAnnoPO
 70
     0
  0
APPID
  5
DE
330
9
100
AcDbSymbolTableRecord
100
AcDbRegAppTableRecord
  2
AcadAnnotative
 70
     0
  0
APPID
  5
DF
330
9
100
AcDbSymbolTableRecord
100
AcDbRegAppTableRecord
  2
ACAD_DSTYLE_DIMJAG
 70
     0
  0
APPID
  5
E0
330
9
100
AcDbSymbolTableRecord
100
AcDbRegAppTableRecord
  2
ACAD_DSTYLE_DIMTALN
 70
     0
  0
APPID
  5
107
330
9
100
AcDbSymbolTableRecord
100
AcDbRegAppTableRecord
  2
ACAD_MLEADERVER
 70
     0
  0
APPID
  5
1A6
330
9
100
AcDbSymbolTableRecord
100
AcDbRegAppTableRecord
  2
ACAD_NAV_VCDISPLAY
 70
     0
  0
APPID
  5
588
330
9
100
AcDbSymbolTableRecord
100
AcDbRegAppTableRecord
  2
ACAD_PSEXT
 70
     0
  0
APPID
  5
589
330
9
100
AcDbSymbolTableRecord
100
AcDbRegAppTableRecord
  2
AcAecLayerStandard
 70
     0
  0
APPID
  5
58A
330
9
100
AcDbSymbolTableRecord
100
AcDbRegAppTableRecord
  2
ACAD_DSTYLE_DIMRADIAL_EXTENSION
 70
     0
  0
APPID
  5
15D3
330
9
100
AcDbSymbolTableRecord
100
AcDbRegAppTableRecord
  2
ACAD_EXEMPT_FROM_CAD_STANDARDS
 70
     0
  0
ENDTAB
  0
TABLE
  2
DIMSTYLE
  5
A
330
0
100
AcDbSymbolTable
 70
     4
100
AcDbDimStyleTable
 71
     2
340
27
340
E1
  0
DIMSTYLE
105
27
330
A
100
AcDbSymbolTableRecord
100
AcDbDimStyleTableRecord
  2
Standard
 70
     0
271
     1
272
     1
340
11
1001
ACAD_DSTYLE_DIMJAG
1070
   388
1040
1.5
1001
ACAD_DSTYLE_DIMTALN
1070
   392
1070
     0
  0
DIMSTYLE
105
E1
330
A
100
AcDbSymbolTableRecord
100
AcDbDimStyleTableRecord
  2
Аннотативный
 70
     0
 40
0.0
340
11
1001
AcadAnnotative
1000
AnnotativeData
1002
{
1070
     1
1070
     1
1002
}
1001
ACAD_DSTYLE_DIMJAG
1070
   388
1040
1.5
1001
ACAD_DSTYLE_DIMTALN
1070
   392
1070
     0
  0
DIMSTYLE
105
587
102
{ACAD_REACTORS
330
6FB
330
6FF
330
703
330
707
330
70B
330
70F
330
713
330
717
330
65B
330
65E
330
661
330
662
330
665
330
669
330
66D
330
670
330
671
330
672
330
675
330
678
330
67B
330
67F
330
683
330
687
330
68C
330
690
330
693
330
696
330
699
330
69C
330
69D
330
69E
330
69F
330
6A0
330
6A3
330
6A4
330
6A5
330
6A6
330
6AD
330
6B1
330
6B5
330
6B9
330
6BD
330
6C1
330
6C5
330
6C9
330
6CC
330
6CD
330
6CF
330
6D3
330
6D8
330
6D9
330
6DA
330
6DC
330
6E0
330
6E3
330
6E4
330
6E5
330
6E6
330
6E8
330
6EC
330
6F0
330
6F3
330
6F4
330
6F5
330
6F6
330
6F7
330
6F8
330
6F9
330
1015
330
1018
330
101B
330
101C
330
101F
330
1023
330
1027
330
102A
330
102B
330
102C
330
102F
330
1032
330
1035
330
1039
330
103D
330
1041
330
1046
330
104A
330
104D
330
1050
330
1053
330
1056
330
1057
330
1058
330
1059
330
105A
330
105D
330
105E
330
105F
330
1060
330
1067
330
106B
330
106F
330
1073
330
107B
330
107F
330
1083
330
1086
330
1087
330
1089
330
108D
330
1092
330
1093
330
1094
330
1096
330
109A
330
109D
330
109E
330
109F
330
10A0
330
10A2
330
10A6
330
10AA
330
10AD
330
10AE
330
10AF
330
10B0
330
10B1
330
10B2
330
10B3
330
10B5
330
10B9
330
10BD
330
10C1
330
10C5
330
10C9
330
10CD
330
10D1
330
2757
330
275B
330
275F
330
2763
330
2767
330
276B
330
276F
330
2773
330
2777
330
277B
330
277F
330
2782
330
2785
330
2788
330
278B
330
278E
330
2791
330
2794
330
2797
330
279A
330
279D
330
27A0
330
27A3
330
27A6
330
2729
330
272C
330
272D
330
272E
330
2731
330
2732
330
2733
330
2734
330
2735
330
2738
330
273B
330
273C
330
273D
330
273E
330
273F
330
2740
330
2741
330
2742
330
2743
330
2744
330
2745
330
2746
330
2747
330
2748
330
2749
330
274A
330
274B
330
274E
330
2751
330
2753
102
}
330
A
100
AcDbSymbolTableRecord
100
AcDbDimStyleTableRecord
  2
ISO-25
 70
     0
 41
2.5
 42
0.625
 43
3.75
 44
1.25
 73
     0
 74
     0
 77
     1
 78
     8
140
2.5
141
2.5
143
0.03937007874016
147
0.625
171
     3
172
     1
271
     2
272
     2
274
     3
278
    44
283
     0
284
     8
340
11
  0
ENDTAB
  0
TABLE
  2
BLOCK_RECORD
  5
1
330
0
100
AcDbSymbolTable
 70
   446
  0
BLOCK_RECORD
  5
1F
102
{ACAD_XDICTIONARY
360
15D
102
}
330
1
100
AcDbSymbolTableRecord
100
AcDbBlockTableRecord
  2
*Model_Space
340
22
 70
     0
280
     1
281
     0
  0
BLOCK_RECORD
  5
58
330
1
100
AcDbSymbolTableRecord
100
AcDbBlockTableRecord
  2
*Paper_Space
340
59
 70
     0
280
     1
281
     0
  0
BLOCK_RECORD
  5
568
330
1
100
AcDbSymbolTableRecord
100
AcDbBlockTableRecord
  2
Insert2
340
0
102
{BLKREFS
331
71B
331
100B
331
10D5
102
}
 70
     0
280
     1
281
     0
  0
BLOCK_RECORD
  5
575
330
1
100
AcDbSymbolTableRecord
100
AcDbBlockTableRecord
  2
Insert3
340
0
102
{BLKREFS
331
71C
331
100C
331
10D6
102
}
 70
     0
280
     1
281
     0
  0
BLOCK_RECORD
  5
71F
330
1
100
AcDbSymbolTableRecord
100
AcDbBlockTableRecord
  2
*D71
340
0
 70
     0
280
     1
281
     0
  0
BLOCK_RECORD
  5
72B
330
1
100
AcDbSymbolTableRecord
100
AcDbBlockTableRecord
  2
*D72
340
0
 70
     0
280
     1
281
     0
  0
BLOCK_RECORD
  5
737
330
1
100
AcDbSymbolTableRecord
100
AcDbBlockTableRecord
  2
*D73
340
0
 70
     0
280
     1
281
     0
  0
BLOCK_RECORD
  5
743
330
1
100
AcDbSymbolTableRecord
100
AcDbBlockTableRecord
  2
*D74
340
0
 70
     0
280
     1
281
     0
  0
BLOCK_RECORD
  5
74F
330
1
100
AcDbSymbolTableRecord
100
AcDbBlockTableRecord
  2
*D75
340
0
 70
     0
280
     1
281
     0
  0
BLOCK_RECORD
  5
75B
330
1
100
AcDbSymbolTableRecord
100
AcDbBlockTableRecord
  2
*D76
340
0
 70
     0
280
     1
281
     0
  0
BLOCK_RECORD
  5
767
330
1
100
AcDbSymbolTableRecord
100
AcDbBlockTableRecord
  2
*D77
340
0
 70
     0
280
     1
281
     0
  0
BLOCK_RECORD
  5
773
330
1
100
AcDbSymbolTableRecord
100
AcDbBlockTableRecord
  2
*D78
340
0
 70
     0
280
     1
281
     0
  0
BLOCK_RECORD
  5
77F
330
1
100
AcDbSymbolTableRecord
100
AcDbBlockTableRecord
  2
*D79
340
0
 70
     0
280
     1
281
     0
  0
BLOCK_RECORD
  5
78B
330
1
100
AcDbSymbolTableRecord
100
AcDbBlockTableRecord
  2
*D80
340
0
 70
     0
280
     1
281
     0
  0
BLOCK_RECORD
  5
797
330
1
100
AcDbSymbolTableRecord
100
AcDbBlockTableRecord
  2
*D81
340
0
 70
     0
280
     1
281
     0
  0
BLOCK_RECORD
  5
7A3
330
1
100
AcDbSymbolTableRecord
100
AcDbBlockTableRecord
  2
*D82
340
0
 70
     0
280
     1
281
     0
  0
BLOCK_RECORD
  5
7AF
330
1
100
AcDbSymbolTableRecord
100
AcDbBlockTableRecord
  2
*D83
340
0
 70
     0
280
     1
281
     0
  0
BLOCK_RECORD
  5
7BB
330
1
100
AcDbSymbolTableRecord
100
AcDbBlockTableRecord
  2
*D84
340
0
 70
     0
280
     1
281
     0
  0
BLOCK_RECORD
  5
7C7
330
1
100
AcDbSymbolTableRecord
100
AcDbBlockTableRecord
  2
*D85
340
0
 70
     0
280
     1
281
     0
  0
BLOCK_RECORD
  5
7D3
330
1
100
AcDbSymbolTableRecord
100
AcDbBlockTableRecord
  2
*D86
340
0
 70
     0
280
     1
281
     0
  0
BLOCK_RECORD
  5
7DF
330
1
100
AcDbSymbolTableRecord
100
AcDbBlockTableRecord
  2
*D87
340
0
 70
     0
280
     1
281
     0
  0
BLOCK_RECORD
  5
7EB
330
1
100
AcDbSymbolTableRecord
100
AcDbBlockTableRecord
  2
*D88
340
0
 70
     0
280
     1
281
     0
  0
BLOCK_RECORD
  5
7F7
330
1
100
AcDbSymbolTableRecord
100
AcDbBlockTableRecord
  2
*D89
340
0
 70
     0
280
     1
281
     0
  0
BLOCK_RECORD
  5
803
330
1
100
AcDbSymbolTableRecord
100
AcDbBlockTableRecord
  2
*D90
340
0
 70
     0
280
     1
281
     0
  0
BLOCK_RECORD
  5
80F
330
1
100
AcDbSymbolTableRecord
100
AcDbBlockTableRecord
  2
*D91
340
0
 70
     0
280
     1
281
     0
  0
BLOCK_RECORD
  5
81B
330
1
100
AcDbSymbolTableRecord
100
AcDbBlockTableRecord
  2
*D92
340
0
 70
     0
280
     1
281
     0
  0
BLOCK_RECORD
  5
827
330
1
100
AcDbSymbolTableRecord
100
AcDbBlockTableRecord
  2
*D93
340
0
 70
     0
280
     1
281
     0
  0
BLOCK_RECORD
  5
833
330
1
100
AcDbSymbolTableRecord
100
AcDbBlockTableRecord
  2
*D94
340
0
 70
     0
280
     1
281
     0
  0
BLOCK_RECORD
  5
83F
330
1
100
AcDbSymbolTableRecord
100
AcDbBlockTableRecord
  2
*D95
340
0
 70
     0
280
     1
281
     0
  0
BLOCK_RECORD
  5
84B
330
1
100
AcDbSymbolTableRecord
100
AcDbBlockTableRecord
  2
*D96
340
0
 70
     0
280
     1
281
     0
  0
BLOCK_RECORD
  5
857
330
1
100
AcDbSymbolTableRecord
100
AcDbBlockTableRecord
  2
*D97
340
0
 70
     0
280
     1
281
     0
  0
BLOCK_RECORD
  5
863
330
1
100
AcDbSymbolTableRecord
100
AcDbBlockTableRecord
  2
*D98
340
0
 70
     0
280
     1
281
     0
  0
BLOCK_RECORD
  5
86F
330
1
100
AcDbSymbolTableRecord
100
AcDbBlockTableRecord
  2
*D99
340
0
 70
     0
280
     1
281
     0
  0
BLOCK_RECORD
  5
87B
330
1
100
AcDbSymbolTableRecord
100
AcDbBlockTableRecord
  2
*D100
340
0
 70
     0
280
     1
281
     0
  0
BLOCK_RECORD
  5
887
330
1
100
AcDbSymbolTableRecord
100
AcDbBlockTableRecord
  2
*D101
340
0
 70
     0
280
     1
281
     0
  0
BLOCK_RECORD
  5
893
330
1
100
AcDbSymbolTableRecord
100
AcDbBlockTableRecord
  2
*D102
340
0
 70
     0
280
     1
281
     0
  0
BLOCK_RECORD
  5
89F
330
1
100
AcDbSymbolTableRecord
100
AcDbBlockTableRecord
  2
*D103
340
0
 70
     0
280
     1
281
     0
  0
BLOCK_RECORD
  5
8AA
330
1
100
AcDbSymbolTableRecord
100
AcDbBlockTableRecord
  2
*D104
340
0
 70
     0
280
     1
281
     0
  0
BLOCK_RECORD
  5
8B5
330
1
100
AcDbSymbolTableRecord
100
AcDbBlockTableRecord
  2
*D105
340
0
 70
     0
280
     1
281
     0
  0
BLOCK_RECORD
  5
8C0
330
1
100
AcDbSymbolTableRecord
100
AcDbBlockTableRecord
  2
*D106
340
0
 70
     0
280
     1
281
     0
  0
BLOCK_RECORD
  5
8CB
330
1
100
AcDbSymbolTableRecord
100
AcDbBlockTableRecord
  2
*D107
340
0
 70
     0
280
     1
281
     0
  0
BLOCK_RECORD
  5
8D6
330
1
100
AcDbSymbolTableRecord
100
AcDbBlockTableRecord
  2
*D108
340
0
 70
     0
280
     1
281
     0
  0
BLOCK_RECORD
  5
8E1
330
1
100
AcDbSymbolTableRecord
100
AcDbBlockTableRecord
  2
*D109
340
0
 70
     0
280
     1
281
     0
  0
BLOCK_RECORD
  5
8EC
330
1
100
AcDbSymbolTableRecord
100
AcDbBlockTableRecord
  2
*D110
340
0
 70
     0
280
     1
281
     0
  0
BLOCK_RECORD
  5
8F7
330
1
100
AcDbSymbolTableRecord
100
AcDbBlockTableRecord
  2
*D111
340
0
 70
     0
280
     1
281
     0
  0
BLOCK_RECORD
  5
903
330
1
100
AcDbSymbolTableRecord
100
AcDbBlockTableRecord
  2
*D112
340
0
 70
     0
280
     1
281
     0
  0
BLOCK_RECORD
  5
918
330
1
100
AcDbSymbolTableRecord
100
AcDbBlockTableRecord
  2
*D113
340
0
 70
     0
280
     1
281
     0
  0
BLOCK_RECORD
  5
936
330
1
100
AcDbSymbolTableRecord
100
AcDbBlockTableRecord
  2
*D114
340
0
 70
     0
280
     1
281
     0
  0
BLOCK_RECORD
  5
954
330
1
100
AcDbSymbolTableRecord
100
AcDbBlockTableRecord
  2
*D115
340
0
 70
     0
280
     1
281
     0
  0
BLOCK_RECORD
  5
969
330
1
100
AcDbSymbolTableRecord
100
AcDbBlockTableRecord
  2
*D116
340
0
 70
     0
280
     1
281
     0
  0
BLOCK_RECORD
  5
974
330
1
100
AcDbSymbolTableRecord
100
AcDbBlockTableRecord
  2
*D117
340
0
 70
     0
280
     1
281
     0
  0
BLOCK_RECORD
  5
97F
330
1
100
AcDbSymbolTableRecord
100
AcDbBlockTableRecord
  2
*D118
340
0
 70
     0
280
     1
281
     0
  0
BLOCK_RECORD
  5
98A
330
1
100
AcDbSymbolTableRecord
100
AcDbBlockTableRecord
  2
*D119
340
0
 70
     0
280
     1
281
     0
  0
BLOCK_RECORD
  5
995
330
1
100
AcDbSymbolTableRecord
100
AcDbBlockTableRecord
  2
*D120
340
0
 70
     0
280
     1
281
     0
  0
BLOCK_RECORD
  5
9A9
330
1
100
AcDbSymbolTableRecord
100
AcDbBlockTableRecord
  2
*D121
340
0
 70
     0
280
     1
281
     0
  0
BLOCK_RECORD
  5
9B5
330
1
100
AcDbSymbolTableRecord
100
AcDbBlockTableRecord
  2
*D122
340
0
 70
     0
280
     1
281
     0
  0
BLOCK_RECORD
  5
9CA
330
1
100
AcDbSymbolTableRecord
100
AcDbBlockTableRecord
  2
*D123
340
0
 70
     0
280
     1
281
     0
  0
BLOCK_RECORD
  5
9FA
330
1
100
AcDbSymbolTableRecord
100
AcDbBlockTableRecord
  2
*D124
340
0
 70
     0
280
     1
281
     0
  0
BLOCK_RECORD
  5
A2A
330
1
100
AcDbSymbolTableRecord
100
AcDbBlockTableRecord
  2
*D125
340
0
 70
     0
280
     1
281
     0
  0
BLOCK_RECORD
  5
A35
330
1
100
AcDbSymbolTableRecord
100
AcDbBlockTableRecord
  2
*D126
340
0
 70
     0
280
     1
281
     0
  0
BLOCK_RECORD
  5
A40
330
1
100
AcDbSymbolTableRecord
100
AcDbBlockTableRecord
  2
*D127
340
0
 70
     0
280
     1
281
     0
  0
BLOCK_RECORD
  5
A4B
330
1
100
AcDbSymbolTableRecord
100
AcDbBlockTableRecord
  2
*D128
340
0
 70
     0
280
     1
281
     0
  0
BLOCK_RECORD
  5
A56
330
1
100
AcDbSymbolTableRecord
100
AcDbBlockTableRecord
  2
*D129
340
0
 70
     0
280
     1
281
     0
  0
BLOCK_RECORD
  5
A61
330
1
100
AcDbSymbolTableRecord
100
AcDbBlockTableRecord
  2
*D130
340
0
 70
     0
280
     1
281
     0
  0
BLOCK_RECORD
  5
A6C
330
1
100
AcDbSymbolTableRecord
100
AcDbBlockTableRecord
  2
*D131
340
0
 70
     0
280
     1
281
     0
  0
BLOCK_RECORD
  5
A77
330
1
100
AcDbSymbolTableRecord
100
AcDbBlockTableRecord
  2
*D132
340
0
 70
     0
280
     1
281
     0
  0
BLOCK_RECORD
  5
A95
330
1
100
AcDbSymbolTableRecord
100
AcDbBlockTableRecord
  2
*D133
340
0
 70
     0
280
     1
281
     0
  0
BLOCK_RECORD
  5
AA0
330
1
100
AcDbSymbolTableRecord
100
AcDbBlockTableRecord
  2
*D134
340
0
 70
     0
280
     1
281
     0
  0
BLOCK_RECORD
  5
AC6
330
1
100
AcDbSymbolTableRecord
100
AcDbBlockTableRecord
  2
*D135
340
0
 70
     0
280
     1
281
     0
  0
BLOCK_RECORD
  5
AD1
330
1
100
AcDbSymbolTableRecord
100
AcDbBlockTableRecord
  2
*D136
340
0
 70
     0
280
     1
281
     0
  0
BLOCK_RECORD
  5
B00
330
1
100
AcDbSymbolTableRecord
100
AcDbBlockTableRecord
  2
*D137
340
0
 70
     0
280
     1
281
     0
  0
BLOCK_RECORD
  5
B0B
330
1
100
AcDbSymbolTableRecord
100
AcDbBlockTableRecord
  2
*D138
340
0
 70
     0
280
     1
281
     0
  0
BLOCK_RECORD
  5
B16
330
1
100
AcDbSymbolTableRecord
100
AcDbBlockTableRecord
  2
*D139
340
0
 70
     0
280
     1
281
     0
  0
BLOCK_RECORD
  5
C28
330
1
100
AcDbSymbolTableRecord
100
AcDbBlockTableRecord
  2
*D140
340
0
 70
     0
280
     1
281
     0
  0
BLOCK_RECORD
  5
C34
330
1
100
AcDbSymbolTableRecord
100
AcDbBlockTableRecord
  2
*D141
340
0
 70
     0
280
     1
281
     0
  0
BLOCK_RECORD
  5
C40
330
1
100
AcDbSymbolTableRecord
100
AcDbBlockTableRecord
  2
*D142
340
0
 70
     0
280
     1
281
     0
  0
BLOCK_RECORD
  5
C4C
330
1
100
AcDbSymbolTableRecord
100
AcDbBlockTableRecord
  2
*D143
340
0
 70
     0
280
     1
281
     0
  0
BLOCK_RECORD
  5
C58
330
1
100
AcDbSymbolTableRecord
100
AcDbBlockTableRecord
  2
*D144
340
0
 70
     0
280
     1
281
     0
  0
BLOCK_RECORD
  5
C64
330
1
100
AcDbSymbolTableRecord
100
AcDbBlockTableRecord
  2
*D145
340
0
 70
     0
280
     1
281
     0
  0
BLOCK_RECORD
  5
C70
330
1
100
AcDbSymbolTableRecord
100
AcDbBlockTableRecord
  2
*D146
340
0
 70
     0
280
     1
281
     0
  0
BLOCK_RECORD
  5
C7C
330
1
100
AcDbSymbolTableRecord
100
AcDbBlockTableRecord
  2
*D147
340
0
 70
     0
280
     1
281
     0
  0
BLOCK_RECORD
  5
C88
330
1
100
AcDbSymbolTableRecord
100
AcDbBlockTableRecord
  2
*D148
340
0
 70
     0
280
     1
281
     0
  0
BLOCK_RECORD
  5
C94
330
1
100
AcDbSymbolTableRecord
100
AcDbBlockTableRecord
  2
*D149
340
0
 70
     0
280
     1
281
     0
  0
BLOCK_RECORD
  5
CA0
330
1
100
AcDbSymbolTableRecord
100
AcDbBlockTableRecord
  2
*D150
340
0
 70
     0
280
     1
281
     0
  0
BLOCK_RECORD
  5
CAC
330
1
100
AcDbSymbolTableRecord
100
AcDbBlockTableRecord
  2
*D151
340
0
 70
     0
280
     1
281
     0
  0
BLOCK_RECORD
  5
CB7
330
1
100
AcDbSymbolTableRecord
100
AcDbBlockTableRecord
  2
*D152
340
0
 70
     0
280
     1
281
     0
  0
BLOCK_RECORD
  5
CC2
330
1
100
AcDbSymbolTableRecord
100
AcDbBlockTableRecord
  2
*D153
340
0
 70
     0
280
     1
281
     0
  0
BLOCK_RECORD
  5
CCD
330
1
100
AcDbSymbolTableRecord
100
AcDbBlockTableRecord
  2
*D154
340
0
 70
     0
280
     1
281
     0
  0
BLOCK_RECORD
  5
CD8
330
1
100
AcDbSymbolTableRecord
100
AcDbBlockTableRecord
  2
*D155
340
0
 70
     0
280
     1
281
     0
  0
BLOCK_RECORD
  5
CE3
330
1
100
AcDbSymbolTableRecord
100
AcDbBlockTableRecord
  2
*D156
340
0
 70
     0
280
     1
281
     0
  0
BLOCK_RECORD
  5
CEF
330
1
100
AcDbSymbolTableRecord
100
AcDbBlockTableRecord
  2
*D157
340
0
 70
     0
280
     1
281
     0
  0
BLOCK_RECORD
  5
CFB
330
1
100
AcDbSymbolTableRecord
100
AcDbBlockTableRecord
  2
*D158
340
0
 70
     0
280
     1
281
     0
  0
BLOCK_RECORD
  5
D07
330
1
100
AcDbSymbolTableRecord
100
AcDbBlockTableRecord
  2
*D159
340
0
 70
     0
280
     1
281
     0
  0
BLOCK_RECORD
  5
D13
330
1
100
AcDbSymbolTableRecord
100
AcDbBlockTableRecord
  2
*D160
340
0
 70
     0
280
     1
281
     0
  0
BLOCK_RECORD
  5
D1F
330
1
100
AcDbSymbolTableRecord
100
AcDbBlockTableRecord
  2
*D161
340
0
 70
     0
280
     1
281
     0
  0
BLOCK_RECORD
  5
D2B
330
1
100
AcDbSymbolTableRecord
100
AcDbBlockTableRecord
  2
*D162
340
0
 70
     0
280
     1
281
     0
  0
BLOCK_RECORD
  5
D37
330
1
100
AcDbSymbolTableRecord
100
AcDbBlockTableRecord
  2
*D163
340
0
 70
     0
280
     1
281
     0
  0
BLOCK_RECORD
  5
D43
330
1
100
AcDbSymbolTableRecord
100
AcDbBlockTableRecord
  2
*D164
340
0
 70
     0
280
     1
281
     0
  0
BLOCK_RECORD
  5
D4F
330
1
100
AcDbSymbolTableRecord
100
AcDbBlockTableRecord
  2
*D165
340
0
 70
     0
280
     1
281
     0
  0
BLOCK_RECORD
  5
D5B
330
1
100
AcDbSymbolTableRecord
100
AcDbBlockTableRecord
  2
*D166
340
0
 70
     0
280
     1
281
     0
  0
BLOCK_RECORD
  5
D67
330
1
100
AcDbSymbolTableRecord
100
AcDbBlockTableRecord
  2
*D167
340
0
 70
     0
280
     1
281
     0
  0
BLOCK_RECORD
  5
D73
330
1
100
AcDbSymbolTableRecord
100
AcDbBlockTableRecord
  2
*D168
340
0
 70
     0
280
     1
281
     0
  0
BLOCK_RECORD
  5
D7F
330
1
100
AcDbSymbolTableRecord
100
AcDbBlockTableRecord
  2
*D169
340
0
 70
     0
280
     1
281
     0
  0
BLOCK_RECORD
  5
D8B
330
1
100
AcDbSymbolTableRecord
100
AcDbBlockTableRecord
  2
*D170
340
0
 70
     0
280
     1
281
     0
  0
BLOCK_RECORD
  5
D96
330
1
100
AcDbSymbolTableRecord
100
AcDbBlockTableRecord
  2
*D171
340
0
 70
     0
280
     1
281
     0
  0
BLOCK_RECORD
  5
DA1
330
1
100
AcDbSymbolTableRecord
100
AcDbBlockTableRecord
  2
*D172
340
0
 70
     0
280
     1
281
     0
  0
BLOCK_RECORD
  5
DAC
330
1
100
AcDbSymbolTableRecord
100
AcDbBlockTableRecord
  2
*D173
340
0
 70
     0
280
     1
281
     0
  0
BLOCK_RECORD
  5
DB7
330
1
100
AcDbSymbolTableRecord
100
AcDbBlockTableRecord
  2
*D174
340
0
 70
     0
280
     1
281
     0
  0
BLOCK_RECORD
  5
DC2
330
1
100
AcDbSymbolTableRecord
100
AcDbBlockTableRecord
  2
*D175
340
0
 70
     0
280
     1
281
     0
  0
BLOCK_RECORD
  5
DCD
330
1
100
AcDbSymbolTableRecord
100
AcDbBlockTableRecord
  2
*D176
340
0
 70
     0
280
     1
281
     0
  0
BLOCK_RECORD
  5
DD8
330
1
100
AcDbSymbolTableRecord
100
AcDbBlockTableRecord
  2
*D177
340
0
 70
     0
280
     1
281
     0
  0
BLOCK_RECORD
  5
DE4
330
1
100
AcDbSymbolTableRecord
100
AcDbBlockTableRecord
  2
*D178
340
0
 70
     0
280
     1
281
     0
  0
BLOCK_RECORD
  5
DF0
330
1
100
AcDbSymbolTableRecord
100
AcDbBlockTableRecord
  2
*D179
340
0
 70
     0
280
     1
281
     0
  0
BLOCK_RECORD
  5
DFC
330
1
100
AcDbSymbolTableRecord
100
AcDbBlockTableRecord
  2
*D180
340
0
 70
     0
280
     1
281
     0
  0
BLOCK_RECORD
  5
E07
330
1
100
AcDbSymbolTableRecord
100
AcDbBlockTableRecord
  2
*D181
340
0
 70
     0
280
     1
281
     0
  0
BLOCK_RECORD
  5
E12
330
1
100
AcDbSymbolTableRecord
100
AcDbBlockTableRecord
  2
*D182
340
0
 70
     0
280
     1
281
     0
  0
BLOCK_RECORD
  5
E1E
330
1
100
AcDbSymbolTableRecord
100
AcDbBlockTableRecord
  2
*D183
340
0
 70
     0
280
     1
281
     0
  0
BLOCK_RECORD
  5
E2A
330
1
100
AcDbSymbolTableRecord
100
AcDbBlockTableRecord
  2
*D184
340
0
 70
     0
280
     1
281
     0
  0
BLOCK_RECORD
  5
E36
330
1
100
AcDbSymbolTableRecord
100
AcDbBlockTableRecord
  2
*D185
340
0
 70
     0
280
     1
281
     0
  0
BLOCK_RECORD
  5
E41
330
1
100
AcDbSymbolTableRecord
100
AcDbBlockTableRecord
  2
*D186
340
0
 70
     0
280
     1
281
     0
  0
BLOCK_RECORD
  5
E4C
330
1
100
AcDbSymbolTableRecord
100
AcDbBlockTableRecord
  2
*D187
340
0
 70
     0
280
     1
281
     0
  0
BLOCK_RECORD
  5
E58
330
1
100
AcDbSymbolTableRecord
100
AcDbBlockTableRecord
  2
*D188
340
0
 70
     0
280
     1
281
     0
  0
BLOCK_RECORD
  5
E64
330
1
100
AcDbSymbolTableRecord
100
AcDbBlockTableRecord
  2
*D189
340
0
 70
     0
280
     1
281
     0
  0
BLOCK_RECORD
  5
E70
330
1
100
AcDbSymbolTableRecord
100
AcDbBlockTableRecord
  2
*D190
340
0
 70
     0
280
     1
281
     0
  0
BLOCK_RECORD
  5
E7C
330
1
100
AcDbSymbolTableRecord
100
AcDbBlockTableRecord
  2
*D191
340
0
 70
     0
280
     1
281
     0
  0
BLOCK_RECORD
  5
E87
330
1
100
AcDbSymbolTableRecord
100
AcDbBlockTableRecord
  2
*D192
340
0
 70
     0
280
     1
281
     0
  0
BLOCK_RECORD
  5
E92
330
1
100
AcDbSymbolTableRecord
100
AcDbBlockTableRecord
  2
*D193
340
0
 70
     0
280
     1
281
     0
  0
BLOCK_RECORD
  5
E9D
330
1
100
AcDbSymbolTableRecord
100
AcDbBlockTableRecord
  2
*D194
340
0
 70
     0
280
     1
281
     0
  0
BLOCK_RECORD
  5
EA9
330
1
100
AcDbSymbolTableRecord
100
AcDbBlockTableRecord
  2
*D195
340
0
 70
     0
280
     1
281
     0
  0
BLOCK_RECORD
  5
EB5
330
1
100
AcDbSymbolTableRecord
100
AcDbBlockTableRecord
  2
*D196
340
0
 70
     0
280
     1
281
     0
  0
BLOCK_RECORD
  5
EC1
330
1
100
AcDbSymbolTableRecord
100
AcDbBlockTableRecord
  2
*D197
340
0
 70
     0
280
     1
281
     0
  0
BLOCK_RECORD
  5
ECD
330
1
100
AcDbSymbolTableRecord
100
AcDbBlockTableRecord
  2
*D198
340
0
 70
     0
280
     1
281
     0
  0
BLOCK_RECORD
  5
ED9
330
1
100
AcDbSymbolTableRecord
100
AcDbBlockTableRecord
  2
*D199
340
0
 70
     0
280
     1
281
     0
  0
BLOCK_RECORD
  5
EE5
330
1
100
AcDbSymbolTableRecord
100
AcDbBlockTableRecord
  2
*D200
340
0
 70
     0
280
     1
281
     0
  0
BLOCK_RECORD
  5
EF1
330
1
100
AcDbSymbolTableRecord
100
AcDbBlockTableRecord
  2
*D201
340
0
 70
     0
280
     1
281
     0
  0
BLOCK_RECORD
  5
EFC
330
1
100
AcDbSymbolTableRecord
100
AcDbBlockTableRecord
  2
*D202
340
0
 70
     0
280
     1
281
     0
  0
BLOCK_RECORD
  5
F07
330
1
100
AcDbSymbolTableRecord
100
AcDbBlockTableRecord
  2
*D203
340
0
 70
     0
280
     1
281
     0
  0
BLOCK_RECORD
  5
F12
330
1
100
AcDbSymbolTableRecord
100
AcDbBlockTableRecord
  2
*D204
340
0
 70
     0
280
     1
281
     0
  0
BLOCK_RECORD
  5
F1D
330
1
100
AcDbSymbolTableRecord
100
AcDbBlockTableRecord
  2
*D205
340
0
 70
     0
280
     1
281
     0
  0
BLOCK_RECORD
  5
F28
330
1
100
AcDbSymbolTableRecord
100
AcDbBlockTableRecord
  2
*D206
340
0
 70
     0
280
     1
281
     0
  0
BLOCK_RECORD
  5
F33
330
1
100
AcDbSymbolTableRecord
100
AcDbBlockTableRecord
  2
*D207
340
0
 70
     0
280
     1
281
     0
  0
BLOCK_RECORD
  5
F3E
330
1
100
AcDbSymbolTableRecord
100
AcDbBlockTableRecord
  2
*D208
340
0
 70
     0
280
     1
281
     0
  0
BLOCK_RECORD
  5
F49
102
{ACAD_XDICTIONARY
360
100F
102
}
330
1
100
AcDbSymbolTableRecord
100
AcDbBlockTableRecord
  2
A$C76c2e0d5
340
0
 70
     4
280
     1
281
     0
  0
BLOCK_RECORD
  5
10D9
330
1
100
AcDbSymbolTableRecord
100
AcDbBlockTableRecord
  2
*D210
340
0
 70
     0
280
     1
281
     0
  0
BLOCK_RECORD
  5
10E5
330
1
100
AcDbSymbolTableRecord
100
AcDbBlockTableRecord
  2
*D211
340
0
 70
     0
280
     1
281
     0
  0
BLOCK_RECORD
  5
10F1
330
1
100
AcDbSymbolTableRecord
100
AcDbBlockTableRecord
  2
*D212
340
0
 70
     0
280
     1
281
     0
  0
BLOCK_RECORD
  5
10FD
330
1
100
AcDbSymbolTableRecord
100
AcDbBlockTableRecord
  2
*D213
340
0
 70
     0
280
     1
281
     0
  0
BLOCK_RECORD
  5
1109
330
1
100
AcDbSymbolTableRecord
100
AcDbBlockTableRecord
  2
*D214
340
0
 70
     0
280
     1
281
     0
  0
BLOCK_RECORD
  5
1115
330
1
100
AcDbSymbolTableRecord
100
AcDbBlockTableRecord
  2
*D215
340
0
 70
     0
280
     1
281
     0
  0
BLOCK_RECORD
  5
1121
330
1
100
AcDbSymbolTableRecord
100
AcDbBlockTableRecord
  2
*D216
340
0
 70
     0
280
     1
281
     0
  0
BLOCK_RECORD
  5
112D
330
1
100
AcDbSymbolTableRecord
100
AcDbBlockTableRecord
  2
*D217
340
0
 70
     0
280
     1
281
     0
  0
BLOCK_RECORD
  5
1139
330
1
100
AcDbSymbolTableRecord
100
AcDbBlockTableRecord
  2
*D218
340
0
 70
     0
280
     1
281
     0
  0
BLOCK_RECORD
  5
1145
330
1
100
AcDbSymbolTableRecord
100
AcDbBlockTableRecord
  2
*D219
340
0
 70
     0
280
     1
281
     0
  0
BLOCK_RECORD
  5
1151
330
1
100
AcDbSymbolTableRecord
100
AcDbBlockTableRecord
  2
*D220
340
0
 70
     0
280
     1
281
     0
  0
BLOCK_RECORD
  5
115D
330
1
100
AcDbSymbolTableRecord
100
AcDbBlockTableRecord
  2
*D221
340
0
 70
     0
280
     1
281
     0
  0
BLOCK_RECORD
  5
1169
330
1
100
AcDbSymbolTableRecord
100
AcDbBlockTableRecord
  2
*D222
340
0
 70
     0
280
     1
281
     0
  0
BLOCK_RECORD
  5
1175
330
1
100
AcDbSymbolTableRecord
100
AcDbBlockTableRecord
  2
*D223
340
0
 70
     0
280
     1
281
     0
  0
BLOCK_RECORD
  5
1181
330
1
100
AcDbSymbolTableRecord
100
AcDbBlockTableRecord
  2
*D224
340
0
 70
     0
280
     1
281
     0
  0
BLOCK_RECORD
  5
118D
330
1
100
AcDbSymbolTableRecord
100
AcDbBlockTableRecord
  2
*D225
340
0
 70
     0
280
     1
281
     0
  0
BLOCK_RECORD
  5
1199
330
1
100
AcDbSymbolTableRecord
100
AcDbBlockTableRecord
  2
*D226
340
0
 70
     0
280
     1
281
     0
  0
BLOCK_RECORD
  5
11A5
330
1
100
AcDbSymbolTableRecord
100
AcDbBlockTableRecord
  2
*D227
340
0
 70
     0
280
     1
281
     0
  0
BLOCK_RECORD
  5
11B1
330
1
100
AcDbSymbolTableRecord
100
AcDbBlockTableRecord
  2
*D228
340
0
 70
     0
280
     1
281
     0
  0
BLOCK_RECORD
  5
11BD
330
1
100
AcDbSymbolTableRecord
100
AcDbBlockTableRecord
  2
*D229
340
0
 70
     0
280
     1
281
     0
  0
BLOCK_RECORD
  5
11C9
330
1
100
AcDbSymbolTableRecord
100
AcDbBlockTableRecord
  2
*D230
340
0
 70
     0
280
     1
281
     0
  0
BLOCK_RECORD
  5
11D5
330
1
100
AcDbSymbolTableRecord
100
AcDbBlockTableRecord
  2
*D231
340
0
 70
     0
280
     1
281
     0
  0
BLOCK_RECORD
  5
11E1
330
1
100
AcDbSymbolTableRecord
100
AcDbBlockTableRecord
  2
*D232
340
0
 70
     0
280
     1
281
     0
  0
BLOCK_RECORD
  5
11ED
330
1
100
AcDbSymbolTableRecord
100
AcDbBlockTableRecord
  2
*D233
340
0
 70
     0
280
     1
281
     0
  0
BLOCK_RECORD
  5
11F9
330
1
100
AcDbSymbolTableRecord
100
AcDbBlockTableRecord
  2
*D234
340
0
 70
     0
280
     1
281
     0
  0
BLOCK_RECORD
  5
1205
330
1
100
AcDbSymbolTableRecord
100
AcDbBlockTableRecord
  2
*D235
340
0
 70
     0
280
     1
281
     0
  0
BLOCK_RECORD
  5
1211
330
1
100
AcDbSymbolTableRecord
100
AcDbBlockTableRecord
  2
*D236
340
0
 70
     0
280
     1
281
     0
  0
BLOCK_RECORD
  5
121D
330
1
100
AcDbSymbolTableRecord
100
AcDbBlockTableRecord
  2
*D237
340
0
 70
     0
280
     1
281
     0
  0
BLOCK_RECORD
  5
1229
330
1
100
AcDbSymbolTableRecord
100
AcDbBlockTableRecord
  2
*D238
340
0
 70
     0
280
     1
281
     0
  0
BLOCK_RECORD
  5
1235
330
1
100
AcDbSymbolTableRecord
100
AcDbBlockTableRecord
  2
*D239
340
0
 70
     0
280
     1
281
     0
  0
BLOCK_RECORD
  5
1241
330
1
100
AcDbSymbolTableRecord
100
AcDbBlockTableRecord
  2
*D240
340
0
 70
     0
280
     1
281
     0
  0
BLOCK_RECORD
  5
124D
330
1
100
AcDbSymbolTableRecord
100
AcDbBlockTableRecord
  2
*D241
340
0
 70
     0
280
     1
281
     0
  0
BLOCK_RECORD
  5
1259
330
1
100
AcDbSymbolTableRecord
100
AcDbBlockTableRecord
  2
*D242
340
0
 70
     0
280
     1
281
     0
  0
BLOCK_RECORD
  5
1265
330
1
100
AcDbSymbolTableRecord
100
AcDbBlockTableRecord
  2
*D243
340
0
 70
     0
280
     1
281
     0
  0
BLOCK_RECORD
  5
127A
330
1
100
AcDbSymbolTableRecord
100
AcDbBlockTableRecord
  2
*D244
340
0
 70
     0
280
     1
281
     0
  0
BLOCK_RECORD
  5
1298
330
1
100
AcDbSymbolTableRecord
100
AcDbBlockTableRecord
  2
*D245
340
0
 70
     0
280
     1
281
     0
  0
BLOCK_RECORD
  5
12B6
330
1
100
AcDbSymbolTableRecord
100
AcDbBlockTableRecord
  2
*D246
340
0
 70
     0
280
     1
281
     0
  0
BLOCK_RECORD
  5
12CB
330
1
100
AcDbSymbolTableRecord
100
AcDbBlockTableRecord
  2
*D247
340
0
 70
     0
280
     1
281
     0
  0
BLOCK_RECORD
  5
12D6
330
1
100
AcDbSymbolTableRecord
100
AcDbBlockTableRecord
  2
*D248
340
0
 70
     0
280
     1
281
     0
  0
BLOCK_RECORD
  5
12E1
330
1
100
AcDbSymbolTableRecord
100
AcDbBlockTableRecord
  2
*D249
340
0
 70
     0
280
     1
281
     0
  0
BLOCK_RECORD
  5
12EC
330
1
100
AcDbSymbolTableRecord
100
AcDbBlockTableRecord
  2
*D250
340
0
 70
     0
280
     1
281
     0
  0
BLOCK_RECORD
  5
12F7
330
1
100
AcDbSymbolTableRecord
100
AcDbBlockTableRecord
  2
*D251
340
0
 70
     0
280
     1
281
     0
  0
BLOCK_RECORD
  5
130B
330
1
100
AcDbSymbolTableRecord
100
AcDbBlockTableRecord
  2
*D252
340
0
 70
     0
280
     1
281
     0
  0
BLOCK_RECORD
  5
1317
330
1
100
AcDbSymbolTableRecord
100
AcDbBlockTableRecord
  2
*D253
340
0
 70
     0
280
     1
281
     0
  0
BLOCK_RECORD
  5
132C
330
1
100
AcDbSymbolTableRecord
100
AcDbBlockTableRecord
  2
*D254
340
0
 70
     0
280
     1
281
     0
  0
BLOCK_RECORD
  5
135C
330
1
100
AcDbSymbolTableRecord
100
AcDbBlockTableRecord
  2
*D255
340
0
 70
     0
280
     1
281
     0
  0
BLOCK_RECORD
  5
138C
330
1
100
AcDbSymbolTableRecord
100
AcDbBlockTableRecord
  2
*D256
340
0
 70
     0
280
     1
281
     0
  0
BLOCK_RECORD
  5
1397
330
1
100
AcDbSymbolTableRecord
100
AcDbBlockTableRecord
  2
*D257
340
0
 70
     0
280
     1
281
     0
  0
BLOCK_RECORD
  5
13A2
330
1
100
AcDbSymbolTableRecord
100
AcDbBlockTableRecord
  2
*D258
340
0
 70
     0
280
     1
281
     0
  0
BLOCK_RECORD
  5
13AD
330
1
100
AcDbSymbolTableRecord
100
AcDbBlockTableRecord
  2
*D259
340
0
 70
     0
280
     1
281
     0
  0
BLOCK_RECORD
  5
13C3
330
1
100
AcDbSymbolTableRecord
100
AcDbBlockTableRecord
  2
*D261
340
0
 70
     0
280
     1
281
     0
  0
BLOCK_RECORD
  5
13CE
330
1
100
AcDbSymbolTableRecord
100
AcDbBlockTableRecord
  2
*D262
340
0
 70
     0
280
     1
281
     0
  0
BLOCK_RECORD
  5
13D9
330
1
100
AcDbSymbolTableRecord
100
AcDbBlockTableRecord
  2
*D263
340
0
 70
     0
280
     1
281
     0
  0
BLOCK_RECORD
  5
13F7
330
1
100
AcDbSymbolTableRecord
100
AcDbBlockTableRecord
  2
*D264
340
0
 70
     0
280
     1
281
     0
  0
BLOCK_RECORD
  5
1402
330
1
100
AcDbSymbolTableRecord
100
AcDbBlockTableRecord
  2
*D265
340
0
 70
     0
280
     1
281
     0
  0
BLOCK_RECORD
  5
1428
330
1
100
AcDbSymbolTableRecord
100
AcDbBlockTableRecord
  2
*D266
340
0
 70
     0
280
     1
281
     0
  0
BLOCK_RECORD
  5
1433
330
1
100
AcDbSymbolTableRecord
100
AcDbBlockTableRecord
  2
*D267
340
0
 70
     0
280
     1
281
     0
  0
BLOCK_RECORD
  5
1462
330
1
100
AcDbSymbolTableRecord
100
AcDbBlockTableRecord
  2
*D268
340
0
 70
     0
280
     1
281
     0
  0
BLOCK_RECORD
  5
146D
330
1
100
AcDbSymbolTableRecord
100
AcDbBlockTableRecord
  2
*D269
340
0
 70
     0
280
     1
281
     0
  0
BLOCK_RECORD
  5
1478
330
1
100
AcDbSymbolTableRecord
100
AcDbBlockTableRecord
  2
*D270
340
0
 70
     0
280
     1
281
     0
  0
BLOCK_RECORD
  5
14C2
330
1
100
AcDbSymbolTableRecord
100
AcDbBlockTableRecord
  2
*D271
340
0
 70
     0
280
     1
281
     0
  0
BLOCK_RECORD
  5
14CD
330
1
100
AcDbSymbolTableRecord
100
AcDbBlockTableRecord
  2
*D272
340
0
 70
     0
280
     1
281
     0
  0
BLOCK_RECORD
  5
14D8
330
1
100
AcDbSymbolTableRecord
100
AcDbBlockTableRecord
  2
*D273
340
0
 70
     0
280
     1
281
     0
  0
BLOCK_RECORD
  5
14E3
330
1
100
AcDbSymbolTableRecord
100
AcDbBlockTableRecord
  2
*D274
340
0
 70
     0
280
     1
281
     0
  0
BLOCK_RECORD
  5
14EE
330
1
100
AcDbSymbolTableRecord
100
AcDbBlockTableRecord
  2
*D275
340
0
 70
     0
280
     1
281
     0
  0
BLOCK_RECORD
  5
14F9
330
1
100
AcDbSymbolTableRecord
100
AcDbBlockTableRecord
  2
*D276
340
0
 70
     0
280
     1
281
     0
  0
BLOCK_RECORD
  5
1504
330
1
100
AcDbSymbolTableRecord
100
AcDbBlockTableRecord
  2
*D277
340
0
 70
     0
280
     1
281
     0
  0
BLOCK_RECORD
  5
150F
330
1
100
AcDbSymbolTableRecord
100
AcDbBlockTableRecord
  2
*D278
340
0
 70
     0
280
     1
281
     0
  0
BLOCK_RECORD
  5
27C1
330
1
100
AcDbSymbolTableRecord
100
AcDbBlockTableRecord
  2
*D389
340
0
 70
     0
280
     1
281
     0
  0
BLOCK_RECORD
  5
27CD
330
1
100
AcDbSymbolTableRecord
100
AcDbBlockTableRecord
  2
*D390
340
0
 70
     0
280
     1
281
     0
  0
BLOCK_RECORD
  5
27D9
330
1
100
AcDbSymbolTableRecord
100
AcDbBlockTableRecord
  2
*D391
340
0
 70
     0
280
     1
281
     0
  0
BLOCK_RECORD
  5
27E5
330
1
100
AcDbSymbolTableRecord
100
AcDbBlockTableRecord
  2
*D392
340
0
 70
     0
280
     1
281
     0
  0
BLOCK_RECORD
  5
27F1
330
1
100
AcDbSymbolTableRecord
100
AcDbBlockTableRecord
  2
*D393
340
0
 70
     0
280
     1
281
     0
  0
BLOCK_RECORD
  5
27FD
330
1
100
AcDbSymbolTableRecord
100
AcDbBlockTableRecord
  2
*D394
340
0
 70
     0
280
     1
281
     0
  0
BLOCK_RECORD
  5
2809
330
1
100
AcDbSymbolTableRecord
100
AcDbBlockTableRecord
  2
*D395
340
0
 70
     0
280
     1
281
     0
  0
BLOCK_RECORD
  5
2815
330
1
100
AcDbSymbolTableRecord
100
AcDbBlockTableRecord
  2
*D396
340
0
 70
     0
280
     1
281
     0
  0
BLOCK_RECORD
  5
2821
330
1
100
AcDbSymbolTableRecord
100
AcDbBlockTableRecord
  2
*D397
340
0
 70
     0
280
     1
281
     0
  0
BLOCK_RECORD
  5
282D
330
1
100
AcDbSymbolTableRecord
100
AcDbBlockTableRecord
  2
*D398
340
0
 70
     0
280
     1
281
     0
  0
BLOCK_RECORD
  5
2839
330
1
100
AcDbSymbolTableRecord
100
AcDbBlockTableRecord
  2
*D399
340
0
 70
     0
280
     1
281
     0
  0
BLOCK_RECORD
  5
2845
330
1
100
AcDbSymbolTableRecord
100
AcDbBlockTableRecord
  2
*D400
340
0
 70
     0
280
     1
281
     0
  0
BLOCK_RECORD
  5
2851
330
1
100
AcDbSymbolTableRecord
100
AcDbBlockTableRecord
  2
*D401
340
0
 70
     0
280
     1
281
     0
  0
BLOCK_RECORD
  5
285D
330
1
100
AcDbSymbolTableRecord
100
AcDbBlockTableRecord
  2
*D402
340
0
 70
     0
280
     1
281
     0
  0
BLOCK_RECORD
  5
2869
330
1
100
AcDbSymbolTableRecord
100
AcDbBlockTableRecord
  2
*D403
340
0
 70
     0
280
     1
281
     0
  0
BLOCK_RECORD
  5
2875
330
1
100
AcDbSymbolTableRecord
100
AcDbBlockTableRecord
  2
*D404
340
0
 70
     0
280
     1
281
     0
  0
BLOCK_RECORD
  5
2881
330
1
100
AcDbSymbolTableRecord
100
AcDbBlockTableRecord
  2
*D405
340
0
 70
     0
280
     1
281
     0
  0
BLOCK_RECORD
  5
288D
330
1
100
AcDbSymbolTableRecord
100
AcDbBlockTableRecord
  2
*D406
340
0
 70
     0
280
     1
281
     0
  0
BLOCK_RECORD
  5
2899
330
1
100
AcDbSymbolTableRecord
100
AcDbBlockTableRecord
  2
*D407
340
0
 70
     0
280
     1
281
     0
  0
BLOCK_RECORD
  5
28A5
330
1
100
AcDbSymbolTableRecord
100
AcDbBlockTableRecord
  2
*D408
340
0
 70
     0
280
     1
281
     0
  0
BLOCK_RECORD
  5
28B1
330
1
100
AcDbSymbolTableRecord
100
AcDbBlockTableRecord
  2
*D409
340
0
 70
     0
280
     1
281
     0
  0
BLOCK_RECORD
  5
28BD
330
1
100
AcDbSymbolTableRecord
100
AcDbBlockTableRecord
  2
*D410
340
0
 70
     0
280
     1
281
     0
  0
BLOCK_RECORD
  5
28C9
330
1
100
AcDbSymbolTableRecord
100
AcDbBlockTableRecord
  2
*D411
340
0
 70
     0
280
     1
281
     0
  0
BLOCK_RECORD
  5
28D5
330
1
100
AcDbSymbolTableRecord
100
AcDbBlockTableRecord
  2
*D412
340
0
 70
     0
280
     1
281
     0
  0
BLOCK_RECORD
  5
28E0
330
1
100
AcDbSymbolTableRecord
100
AcDbBlockTableRecord
  2
*D413
340
0
 70
     0
280
     1
281
     0
  0
BLOCK_RECORD
  5
28EB
330
1
100
AcDbSymbolTableRecord
100
AcDbBlockTableRecord
  2
*D414
340
0
 70
     0
280
     1
281
     0
  0
BLOCK_RECORD
  5
28F6
330
1
100
AcDbSymbolTableRecord
100
AcDbBlockTableRecord
  2
*D415
340
0
 70
     0
280
     1
281
     0
  0
BLOCK_RECORD
  5
2901
330
1
100
AcDbSymbolTableRecord
100
AcDbBlockTableRecord
  2
*D416
340
0
 70
     0
280
     1
281
     0
  0
BLOCK_RECORD
  5
290C
330
1
100
AcDbSymbolTableRecord
100
AcDbBlockTableRecord
  2
*D417
340
0
 70
     0
280
     1
281
     0
  0
BLOCK_RECORD
  5
2917
330
1
100
AcDbSymbolTableRecord
100
AcDbBlockTableRecord
  2
*D418
340
0
 70
     0
280
     1
281
     0
  0
BLOCK_RECORD
  5
2922
330
1
100
AcDbSymbolTableRecord
100
AcDbBlockTableRecord
  2
*D419
340
0
 70
     0
280
     1
281
     0
  0
BLOCK_RECORD
  5
292D
330
1
100
AcDbSymbolTableRecord
100
AcDbBlockTableRecord
  2
*D420
340
0
 70
     0
280
     1
281
     0
  0
BLOCK_RECORD
  5
2938
330
1
100
AcDbSymbolTableRecord
100
AcDbBlockTableRecord
  2
*D421
340
0
 70
     0
280
     1
281
     0
  0
BLOCK_RECORD
  5
2943
330
1
100
AcDbSymbolTableRecord
100
AcDbBlockTableRecord
  2
*D422
340
0
 70
     0
280
     1
281
     0
  0
BLOCK_RECORD
  5
294E
330
1
100
AcDbSymbolTableRecord
100
AcDbBlockTableRecord
  2
*D423
340
0
 70
     0
280
     1
281
     0
  0
BLOCK_RECORD
  5
295A
330
1
100
AcDbSymbolTableRecord
100
AcDbBlockTableRecord
  2
*D424
340
0
 70
     0
280
     1
281
     0
  0
BLOCK_RECORD
  5
2966
330
1
100
AcDbSymbolTableRecord
100
AcDbBlockTableRecord
  2
*D425
340
0
 70
     0
280
     1
281
     0
  0
BLOCK_RECORD
  5
2971
330
1
100
AcDbSymbolTableRecord
100
AcDbBlockTableRecord
  2
*D426
340
0
 70
     0
280
     1
281
     0
  0
BLOCK_RECORD
  5
297C
330
1
100
AcDbSymbolTableRecord
100
AcDbBlockTableRecord
  2
*D427
340
0
 70
     0
280
     1
281
     0
  0
BLOCK_RECORD
  5
2987
330
1
100
AcDbSymbolTableRecord
100
AcDbBlockTableRecord
  2
*D428
340
0
 70
     0
280
     1
281
     0
  0
BLOCK_RECORD
  5
2992
330
1
100
AcDbSymbolTableRecord
100
AcDbBlockTableRecord
  2
*D429
340
0
 70
     0
280
     1
281
     0
  0
BLOCK_RECORD
  5
299D
330
1
100
AcDbSymbolTableRecord
100
AcDbBlockTableRecord
  2
*D430
340
0
 70
     0
280
     1
281
     0
  0
BLOCK_RECORD
  5
29A8
330
1
100
AcDbSymbolTableRecord
100
AcDbBlockTableRecord
  2
*D431
340
0
 70
     0
280
     1
281
     0
  0
BLOCK_RECORD
  5
29B3
330
1
100
AcDbSymbolTableRecord
100
AcDbBlockTableRecord
  2
*D432
340
0
 70
     0
280
     1
281
     0
  0
BLOCK_RECORD
  5
29BE
330
1
100
AcDbSymbolTableRecord
100
AcDbBlockTableRecord
  2
*D433
340
0
 70
     0
280
     1
281
     0
  0
BLOCK_RECORD
  5
29C9
330
1
100
AcDbSymbolTableRecord
100
AcDbBlockTableRecord
  2
*D434
340
0
 70
     0
280
     1
281
     0
  0
BLOCK_RECORD
  5
29D4
330
1
100
AcDbSymbolTableRecord
100
AcDbBlockTableRecord
  2
*D435
340
0
 70
     0
280
     1
281
     0
  0
BLOCK_RECORD
  5
29DF
330
1
100
AcDbSymbolTableRecord
100
AcDbBlockTableRecord
  2
*D436
340
0
 70
     0
280
     1
281
     0
  0
BLOCK_RECORD
  5
29FF
330
1
100
AcDbSymbolTableRecord
100
AcDbBlockTableRecord
  2
*D437
340
0
 70
     0
280
     1
281
     0
  0
BLOCK_RECORD
  5
2A31
330
1
100
AcDbSymbolTableRecord
100
AcDbBlockTableRecord
  2
*D438
340
0
 70
     0
280
     1
281
     0
  0
BLOCK_RECORD
  5
2A3D
330
1
100
AcDbSymbolTableRecord
100
AcDbBlockTableRecord
  2
*D439
340
0
 70
     0
280
     1
281
     0
  0
BLOCK_RECORD
  5
2AD9
330
1
100
AcDbSymbolTableRecord
100
AcDbBlockTableRecord
  2
*D440
340
0
 70
     0
280
     1
281
     0
  0
BLOCK_RECORD
  5
2AE5
330
1
100
AcDbSymbolTableRecord
100
AcDbBlockTableRecord
  2
*D441
340
0
 70
     0
280
     1
281
     0
  0
BLOCK_RECORD
  5
2AFA
330
1
100
AcDbSymbolTableRecord
100
AcDbBlockTableRecord
  2
*D442
340
0
 70
     0
280
     1
281
     0
  0
BLOCK_RECORD
  5
329F
330
1
100
AcDbSymbolTableRecord
100
AcDbBlockTableRecord
  2
*D445
340
0
 70
     0
280
     1
281
     0
  0
ENDTAB
  0
ENDSEC
  0
SECTION
  2
BLOCKS
  0
BLOCK
  5
20
330
1F
100
AcDbEntity
  8
0
100
AcDbBlockBegin
  2
*Model_Space
 70
     0
 10
0.0
 20
0.0
 30
0.0
  3
*Model_Space
  1

  0
ENDBLK
  5
21
330
1F
100
AcDbEntity
  8
0
100
AcDbBlockEnd
  0
BLOCK
  5
5A
330
58
100
AcDbEntity
 67
     1
  8
0
100
AcDbBlockBegin
  2
*Paper_Space
 70
     0
 10
0.0
 20
0.0
 30
0.0
  3
*Paper_Space
  1

  0
ENDBLK
  5
5B
330
58
100
AcDbEntity
 67
     1
  8
0
100
AcDbBlockEnd
  0
BLOCK
  5
569
330
568
100
AcDbEntity
  8
0
100
AcDbBlockBegin
  2
Insert2
 70
     0
 10
0.0
 20
0.0
 30
0.0
  3
Insert2
  1

  0
LINE
  5
56A
330
568
100
AcDbEntity
  8
0
 62
     0
100
AcDbLine
 10
743.7800099422902
 20
-561.6358712435308
 30
0.0
 11
911.7800099422948
 21
-561.6358712435308
 31
0.0
  0
LINE
  5
56B
330
568
100
AcDbEntity
  8
0
 62
     0
100
AcDbLine
 10
911.7800099422948
 20
-561.6358712435308
 30
0.0
 11
911.7800099422948
 21
-441.6358712435322
 31
0.0
  0
LINE
  5
56C
330
568
100
AcDbEntity
  8
0
 62
     0
100
AcDbLine
 10
911.7800099422948
 20
-441.6358712435322
 30
0.0
 11
861.7800099422938
 21
-441.6358712435322
 31
0.0
  0
LINE
  5
56D
330
568
100
AcDbEntity
  8
0
 62
     0
100
AcDbLine
 10
861.7800099422938
 20
-441.6358712435322
 30
0.0
 11
861.7800099422938
 21
-17.63587124352694
 31
0.0
  0
LINE
  5
56E
330
568
100
AcDbEntity
  8
0
 62
     0
100
AcDbLine
 10
861.7800099422938
 20
-17.63587124352694
 30
0.0
 11
743.7800099422902
 21
-17.63587124352694
 31
0.0
  0
LINE
  5
56F
330
568
100
AcDbEntity
  8
0
 62
     0
100
AcDbLine
 10
743.7800099422902
 20
-17.63587124352694
 30
0.0
 11
743.7800099422902
 21
-37.63587124352739
 31
0.0
  0
LINE
  5
570
330
568
100
AcDbEntity
  8
0
 62
     0
100
AcDbLine
 10
743.7800099422902
 20
-37.63587124352739
 30
0.0
 11
726.7800099422902
 21
-37.63587124352739
 31
0.0
  0
LINE
  5
571
330
568
100
AcDbEntity
  8
0
 62
     0
100
AcDbLine
 10
726.7800099422902
 20
-37.63587124352739
 30
0.0
 11
726.7800099422902
 21
-541.6358712435307
 31
0.0
  0
LINE
  5
572
330
568
100
AcDbEntity
  8
0
 62
     0
100
AcDbLine
 10
726.7800099422902
 20
-541.6358712435307
 30
0.0
 11
743.7800099422902
 21
-541.6358712435307
 31
0.0
  0
LINE
  5
573
330
568
100
AcDbEntity
  8
0
 62
     0
100
AcDbLine
 10
743.7800099422902
 20
-541.6358712435307
 30
0.0
 11
743.7800099422902
 21
-561.6358712435308
 31
0.0
  0
ENDBLK
  5
574
330
568
100
AcDbEntity
  8
0
100
AcDbBlockEnd
  0
BLOCK
  5
576
330
575
100
AcDbEntity
  8
0
100
AcDbBlockBegin
  2
Insert3
 70
     0
 10
0.0
 20
0.0
 30
0.0
  3
Insert3
  1

  0
LINE
  5
577
330
575
100
AcDbEntity
  8
0
 62
     0
100
AcDbLine
 10
1035.604186023027
 20
-17.73004311385671
 30
0.0
 11
867.6041860230224
 21
-17.73004311385671
 31
0.0
  0
LINE
  5
578
330
575
100
AcDbEntity
  8
0
 62
     0
100
AcDbLine
 10
867.6041860230224
 20
-17.73004311385671
 30
0.0
 11
867.6041860230224
 21
-137.730043113859
 31
0.0
  0
LINE
  5
579
330
575
100
AcDbEntity
  8
0
 62
     0
100
AcDbLine
 10
867.6041860230224
 20
-137.730043113859
 30
0.0
 11
917.6041860230235
 21
-137.730043113859
 31
0.0
  0
LINE
  5
57A
330
575
100
AcDbEntity
  8
0
 62
     0
100
AcDbLine
 10
917.6041860230235
 20
-137.730043113859
 30
0.0
 11
917.6041860230235
 21
-561.7300431138587
 31
0.0
  0
LINE
  5
57B
330
575
100
AcDbEntity
  8
0
 62
     0
100
AcDbLine
 10
917.6041860230235
 20
-561.7300431138587
 30
0.0
 11
1035.604186023027
 21
-561.7300431138597
 31
0.0
  0
LINE
  5
57C
330
575
100
AcDbEntity
  8
0
 62
     0
100
AcDbLine
 10
1035.604186023027
 20
-561.7300431138597
 30
0.0
 11
1035.604186023027
 21
-541.7300431138596
 31
0.0
  0
LINE
  5
57D
330
575
100
AcDbEntity
  8
0
 62
     0
100
AcDbLine
 10
1035.604186023027
 20
-541.7300431138596
 30
0.0
 11
1052.604186023026
 21
-541.7300431138614
 31
0.0
  0
LINE
  5
57E
330
575
100
AcDbEntity
  8
0
 62
     0
100
AcDbLine
 10
1052.604186023026
 20
-541.7300431138614
 30
0.0
 11
1052.604186023026
 21
-37.73004311385716
 31
0.0
  0
LINE
  5
57F
330
575
100
AcDbEntity
  8
0
 62
     0
100
AcDbLine
 10
1052.604186023026
 20
-37.73004311385716
 30
0.0
 11
1035.604186023027
 21
-37.73004311385716
 31
0.0
  0
LINE
  5
580
330
575
100
AcDbEntity
  8
0
 62
     0
100
AcDbLine
 10
1035.604186023027
 20
-37.73004311385716
 30
0.0
 11
1035.604186023027
 21
-17.73004311385671
 31
0.0
  0
ENDBLK
  5
581
330
575
100
AcDbEntity
  8
0
100
AcDbBlockEnd
  0
BLOCK
  5
720
330
71F
100
AcDbEntity
  8
0
100
AcDbBlockBegin
  2
*D71
 70
     1
 10
0.0
 20
0.0
 30
0.0
  3
*D71
  1

  0
LINE
  5
218B
330
71F
100
AcDbEntity
  8
Dimensions
 62
     0
440
 16777216
370
    -2
100
AcDbLine
 10
-742.25
 20
335.6250000000001
 30
0.0
 11
-742.25
 21
528.2500000000005
 31
0.0
  0
LINE
  5
218C
330
71F
100
AcDbEntity
  8
Dimensions
 62
     0
440
 16777216
370
    -2
100
AcDbLine
 10
-319.25
 20
471.625
 30
0.0
 11
-319.25
 21
528.2500000000005
 31
0.0
  0
LINE
  5
218D
330
71F
100
AcDbEntity
  8
Dimensions
 62
     0
440
 16777216
370
    -2
100
AcDbLine
 10
-739.7499999999999
 20
527.0000000000004
 30
0.0
 11
-321.75
 21
527.0000000000004
 31
0.0
  0
SOLID
  5
218E
330
71F
100
AcDbEntity
  8
Dimensions
 62
     0
440
 16777216
100
AcDbTrace
 10
-739.7499999999999
 20
527.4166666666671
 30
0.0
 11
-739.7499999999999
 21
526.5833333333338
 31
0.0
 12
-742.25
 22
527.0000000000004
 32
0.0
 13
-742.25
 23
527.0000000000004
 33
0.0
  0
SOLID
  5
218F
330
71F
100
AcDbEntity
  8
Dimensions
 62
     0
440
 16777216
100
AcDbTrace
 10
-321.75
 20
527.4166666666671
 30
0.0
 11
-321.75
 21
526.5833333333338
 31
0.0
 12
-319.25
 22
527.0000000000004
 32
0.0
 13
-319.25
 23
527.0000000000004
 33
0.0
  0
MTEXT
  5
2190
330
71F
100
AcDbEntity
  8
Dimensions
 62
     0
440
 16777216
100
AcDbMText
 10
-530.75
 20
528.9022851296047
 30
0.0
 40
2.5
 41
0.0
 46
0.0
 71
     5
 72
     1
  1
423
 73
     1
 44
1.0
  0
POINT
  5
2191
330
71F
100
AcDbEntity
  8
Defpoints
 62
     0
440
 16777216
100
AcDbPoint
 10
-742.25
 20
335.0
 30
0.0
  0
POINT
  5
2192
330
71F
100
AcDbEntity
  8
Defpoints
 62
     0
440
 16777216
100
AcDbPoint
 10
-319.25
 20
471.0
 30
0.0
  0
POINT
  5
2193
330
71F
100
AcDbEntity
  8
Defpoints
 62
     0
440
 16777216
100
AcDbPoint
 10
-319.25
 20
527.0000000000004
 30
0.0
  0
ENDBLK
  5
721
330
71F
100
AcDbEntity
  8
0
100
AcDbBlockEnd
  0
BLOCK
  5
72C
330
72B
100
AcDbEntity
  8
0
100
AcDbBlockBegin
  2
*D72
 70
     1
 10
0.0
 20
0.0
 30
0.0
  3
*D72
  1

  0
LINE
  5
219D
330
72B
100
AcDbEntity
  8
Dimensions
 62
     0
440
 16777216
370
    -2
100
AcDbLine
 10
-319.8750000000001
 20
520.0000000000001
 30
0.0
 11
-324.8579162864008
 21
520.0000000000001
 31
0.0
  0
LINE
  5
219E
330
72B
100
AcDbEntity
  8
Dimensions
 62
     0
440
 16777216
370
    -2
100
AcDbLine
 10
-319.8750000000001
 20
471.0000000000002
 30
0.0
 11
-324.8579162864008
 21
471.0000000000002
 31
0.0
  0
LINE
  5
219F
330
72B
100
AcDbEntity
  8
Dimensions
 62
     0
440
 16777216
370
    -2
100
AcDbLine
 10
-323.6079162864009
 20
517.5000000000002
 30
0.0
 11
-323.6079162864009
 21
473.5000000000002
 31
0.0
  0
SOLID
  5
21A0
330
72B
100
AcDbEntity
  8
Dimensions
 62
     0
440
 16777216
100
AcDbTrace
 10
-324.0245829530675
 20
517.5000000000002
 30
0.0
 11
-323.1912496197342
 21
517.5000000000002
 31
0.0
 12
-323.6079162864009
 22
520.0000000000001
 32
0.0
 13
-323.6079162864009
 23
520.0000000000001
 33
0.0
  0
SOLID
  5
21A1
330
72B
100
AcDbEntity
  8
Dimensions
 62
     0
440
 16777216
100
AcDbTrace
 10
-324.0245829530675
 20
473.5000000000002
 30
0.0
 11
-323.1912496197342
 21
473.5000000000002
 31
0.0
 12
-323.6079162864009
 22
471.0000000000002
 32
0.0
 13
-323.6079162864009
 23
471.0000000000002
 33
0.0
  0
MTEXT
  5
21A2
330
72B
100
AcDbEntity
  8
Dimensions
 62
     0
440
 16777216
100
AcDbMText
 10
-325.5093487557048
 20
495.5000000000002
 30
0.0
 40
2.5
 41
0.0
 46
0.0
 71
     5
 72
     1
  1
49
 11
0.0000000000000001
 21
1.0
 31
0.0
 73
     1
 44
1.0
  0
POINT
  5
21A3
330
72B
100
AcDbEntity
  8
Defpoints
 62
     0
440
 16777216
100
AcDbPoint
 10
-319.2500000000001
 20
520.0000000000001
 30
0.0
  0
POINT
  5
21A4
330
72B
100
AcDbEntity
  8
Defpoints
 62
     0
440
 16777216
100
AcDbPoint
 10
-319.2500000000001
 20
471.0000000000002
 30
0.0
  0
POINT
  5
21A5
330
72B
100
AcDbEntity
  8
Defpoints
 62
     0
440
 16777216
100
AcDbPoint
 10
-323.6079162864009
 20
471.0000000000002
 30
0.0
  0
ENDBLK
  5
72D
330
72B
100
AcDbEntity
  8
0
100
AcDbBlockEnd
  0
BLOCK
  5
738
330
737
100
AcDbEntity
  8
0
100
AcDbBlockBegin
  2
*D73
 70
     1
 10
0.0
 20
0.0
 30
0.0
  3
*D73
  1

  0
LINE
  5
21A6
330
737
100
AcDbEntity
  8
Dimensions
 62
     0
440
 16777216
370
    -2
100
AcDbLine
 10
-928.8750000000005
 20
668.0000000000002
 30
0.0
 11
-1072.5
 21
668.0000000000002
 31
0.0
  0
LINE
  5
21A7
330
737
100
AcDbEntity
  8
Dimensions
 62
     0
440
 16777216
370
    -2
100
AcDbLine
 10
-928.8750000000005
 20
846.0000000000004
 30
0.0
 11
-1072.5
 21
846.0000000000004
 31
0.0
  0
LINE
  5
21A8
330
737
100
AcDbEntity
  8
Dimensions
 62
     0
440
 16777216
370
    -2
100
AcDbLine
 10
-1071.25
 20
670.5000000000002
 30
0.0
 11
-1071.25
 21
843.5000000000004
 31
0.0
  0
SOLID
  5
21A9
330
737
100
AcDbEntity
  8
Dimensions
 62
     0
440
 16777216
100
AcDbTrace
 10
-1071.666666666667
 20
670.5000000000002
 30
0.0
 11
-1070.833333333333
 21
670.5000000000002
 31
0.0
 12
-1071.25
 22
668.0000000000002
 32
0.0
 13
-1071.25
 23
668.0000000000002
 33
0.0
  0
SOLID
  5
21AA
330
737
100
AcDbEntity
  8
Dimensions
 62
     0
440
 16777216
100
AcDbTrace
 10
-1071.666666666667
 20
843.5000000000004
 30
0.0
 11
-1070.833333333333
 21
843.5000000000004
 31
0.0
 12
-1071.25
 22
846.0000000000004
 32
0.0
 13
-1071.25
 23
846.0000000000004
 33
0.0
  0
MTEXT
  5
21AB
330
737
100
AcDbEntity
  8
Dimensions
 62
     0
440
 16777216
100
AcDbMText
 10
-1073.151432469304
 20
757.0000000000005
 30
0.0
 40
2.5
 41
0.0
 46
0.0
 71
     5
 72
     1
  1
178
 11
0.0000000000000001
 21
1.0
 31
0.0
 73
     1
 44
1.0
  0
POINT
  5
21AC
330
737
100
AcDbEntity
  8
Defpoints
 62
     0
440
 16777216
100
AcDbPoint
 10
-928.2500000000004
 20
668.0000000000002
 30
0.0
  0
POINT
  5
21AD
330
737
100
AcDbEntity
  8
Defpoints
 62
     0
440
 16777216
100
AcDbPoint
 10
-928.2500000000004
 20
846.0000000000004
 30
0.0
  0
POINT
  5
21AE
330
737
100
AcDbEntity
  8
Defpoints
 62
     0
440
 16777216
100
AcDbPoint
 10
-1071.25
 20
846.0000000000004
 30
0.0
  0
ENDBLK
  5
739
330
737
100
AcDbEntity
  8
0
100
AcDbBlockEnd
  0
BLOCK
  5
744
330
743
100
AcDbEntity
  8
0
100
AcDbBlockBegin
  2
*D74
 70
     1
 10
0.0
 20
0.0
 30
0.0
  3
*D74
  1

  0
LINE
  5
21B8
330
743
100
AcDbEntity
  8
Dimensions
 62
     0
440
 16777216
370
    -2
100
AcDbLine
 10
-396.25
 20
666.75
 30
0.0
 11
-396.25
 21
608.7500000000004
 31
0.0
  0
LINE
  5
21B9
330
743
100
AcDbEntity
  8
Dimensions
 62
     0
440
 16777216
370
    -2
100
AcDbLine
 10
-928.25
 20
845.3749999999999
 30
0.0
 11
-928.25
 21
608.7500000000004
 31
0.0
  0
LINE
  5
21BA
330
743
100
AcDbEntity
  8
Dimensions
 62
     0
440
 16777216
370
    -2
100
AcDbLine
 10
-398.7499999999999
 20
610.0000000000004
 30
0.0
 11
-925.75
 21
610.0000000000004
 31
0.0
  0
SOLID
  5
21BB
330
743
100
AcDbEntity
  8
Dimensions
 62
     0
440
 16777216
100
AcDbTrace
 10
-398.7499999999999
 20
610.4166666666671
 30
0.0
 11
-398.7499999999999
 21
609.5833333333338
 31
0.0
 12
-396.25
 22
610.0000000000004
 32
0.0
 13
-396.25
 23
610.0000000000004
 33
0.0
  0
SOLID
  5
21BC
330
743
100
AcDbEntity
  8
Dimensions
 62
     0
440
 16777216
100
AcDbTrace
 10
-925.75
 20
610.4166666666671
 30
0.0
 11
-925.75
 21
609.5833333333338
 31
0.0
 12
-928.25
 22
610.0000000000004
 32
0.0
 13
-928.25
 23
610.0000000000004
 33
0.0
  0
MTEXT
  5
21BD
330
743
100
AcDbEntity
  8
Dimensions
 62
     0
440
 16777216
100
AcDbMText
 10
-662.25
 20
611.9022851296048
 30
0.0
 40
2.5
 41
0.0
 46
0.0
 71
     5
 72
     1
  1
532
 73
     1
 44
1.0
  0
POINT
  5
21BE
330
743
100
AcDbEntity
  8
Defpoints
 62
     0
440
 16777216
100
AcDbPoint
 10
-396.25
 20
667.375
 30
0.0
  0
POINT
  5
21BF
330
743
100
AcDbEntity
  8
Defpoints
 62
     0
440
 16777216
100
AcDbPoint
 10
-928.25
 20
846.0
 30
0.0
  0
POINT
  5
21C0
330
743
100
AcDbEntity
  8
Defpoints
 62
     0
440
 16777216
100
AcDbPoint
 10
-928.25
 20
610.0000000000004
 30
0.0
  0
ENDBLK
  5
745
330
743
100
AcDbEntity
  8
0
100
AcDbBlockEnd
  0
BLOCK
  5
750
330
74F
100
AcDbEntity
  8
0
100
AcDbBlockBegin
  2
*D75
 70
     1
 10
0.0
 20
0.0
 30
0.0
  3
*D75
  1

  0
LINE
  5
21C1
330
74F
100
AcDbEntity
  8
Dimensions
 62
     0
440
 16777216
370
    -2
100
AcDbLine
 10
-849.8750000000004
 20
690.0000000000002
 30
0.0
 11
-1040.5
 21
690.0000000000002
 31
0.0
  0
LINE
  5
21C2
330
74F
100
AcDbEntity
  8
Dimensions
 62
     0
440
 16777216
370
    -2
100
AcDbLine
 10
-849.8750000000002
 20
978.0000000000004
 30
0.0
 11
-1040.5
 21
978.0000000000004
 31
0.0
  0
LINE
  5
21C3
330
74F
100
AcDbEntity
  8
Dimensions
 62
     0
440
 16777216
370
    -2
100
AcDbLine
 10
-1039.25
 20
692.5000000000002
 30
0.0
 11
-1039.25
 21
975.5000000000004
 31
0.0
  0
SOLID
  5
21C4
330
74F
100
AcDbEntity
  8
Dimensions
 62
     0
440
 16777216
100
AcDbTrace
 10
-1039.666666666667
 20
692.5000000000002
 30
0.0
 11
-1038.833333333333
 21
692.5000000000002
 31
0.0
 12
-1039.25
 22
690.0000000000002
 32
0.0
 13
-1039.25
 23
690.0000000000002
 33
0.0
  0
SOLID
  5
21C5
330
74F
100
AcDbEntity
  8
Dimensions
 62
     0
440
 16777216
100
AcDbTrace
 10
-1039.666666666667
 20
975.5000000000004
 30
0.0
 11
-1038.833333333333
 21
975.5000000000004
 31
0.0
 12
-1039.25
 22
978.0000000000004
 32
0.0
 13
-1039.25
 23
978.0000000000004
 33
0.0
  0
MTEXT
  5
21C6
330
74F
100
AcDbEntity
  8
Dimensions
 62
     0
440
 16777216
100
AcDbMText
 10
-1041.151432469304
 20
834.0000000000005
 30
0.0
 40
2.5
 41
0.0
 46
0.0
 71
     5
 72
     1
  1
288
 11
0.0000000000000001
 21
1.0
 31
0.0
 73
     1
 44
1.0
  0
POINT
  5
21C7
330
74F
100
AcDbEntity
  8
Defpoints
 62
     0
440
 16777216
100
AcDbPoint
 10
-849.2500000000005
 20
690.0000000000002
 30
0.0
  0
POINT
  5
21C8
330
74F
100
AcDbEntity
  8
Defpoints
 62
     0
440
 16777216
100
AcDbPoint
 10
-849.2500000000003
 20
978.0000000000004
 30
0.0
  0
POINT
  5
21C9
330
74F
100
AcDbEntity
  8
Defpoints
 62
     0
440
 16777216
100
AcDbPoint
 10
-1039.25
 20
978.0000000000004
 30
0.0
  0
ENDBLK
  5
751
330
74F
100
AcDbEntity
  8
0
100
AcDbBlockEnd
  0
BLOCK
  5
75C
330
75B
100
AcDbEntity
  8
0
100
AcDbBlockBegin
  2
*D76
 70
     1
 10
0.0
 20
0.0
 30
0.0
  3
*D76
  1

  0
LINE
  5
21D3
330
75B
100
AcDbEntity
  8
Dimensions
 62
     0
440
 16777216
370
    -2
100
AcDbLine
 10
-849.2500000000003
 20
978.0000000000004
 30
0.0
 11
-839.0000000000004
 21
978.0000000000004
 31
0.0
  0
LINE
  5
21D4
330
75B
100
AcDbEntity
  8
Dimensions
 62
     0
440
 16777216
370
    -2
100
AcDbLine
 10
-848.6250000000003
 20
1001.0
 30
0.0
 11
-839.0000000000004
 21
1001.0
 31
0.0
  0
LINE
  5
21D5
330
75B
100
AcDbEntity
  8
Dimensions
 62
     0
440
 16777216
370
    -2
100
AcDbLine
 10
-840.2500000000003
 20
980.5000000000005
 30
0.0
 11
-840.2500000000003
 21
998.5000000000004
 31
0.0
  0
SOLID
  5
21D6
330
75B
100
AcDbEntity
  8
Dimensions
 62
     0
440
 16777216
100
AcDbTrace
 10
-840.6666666666669
 20
980.5000000000005
 30
0.0
 11
-839.8333333333336
 21
980.5000000000005
 31
0.0
 12
-840.2500000000003
 22
978.0000000000004
 32
0.0
 13
-840.2500000000003
 23
978.0000000000004
 33
0.0
  0
SOLID
  5
21D7
330
75B
100
AcDbEntity
  8
Dimensions
 62
     0
440
 16777216
100
AcDbTrace
 10
-840.6666666666669
 20
998.5000000000004
 30
0.0
 11
-839.8333333333336
 21
998.5000000000004
 31
0.0
 12
-840.2500000000003
 22
1001.0
 32
0.0
 13
-840.2500000000003
 23
1001.0
 33
0.0
  0
MTEXT
  5
21D8
330
75B
100
AcDbEntity
  8
Dimensions
 62
     0
440
 16777216
100
AcDbMText
 10
-842.1522851296041
 20
989.5000000000004
 30
0.0
 40
2.5
 41
0.0
 46
0.0
 71
     5
 72
     1
  1
23
 11
0.0000000000000001
 21
1.0
 31
0.0
 73
     1
 44
1.0
  0
POINT
  5
21D9
330
75B
100
AcDbEntity
  8
Defpoints
 62
     0
440
 16777216
100
AcDbPoint
 10
-849.8750000000002
 20
978.0000000000004
 30
0.0
  0
POINT
  5
21DA
330
75B
100
AcDbEntity
  8
Defpoints
 62
     0
440
 16777216
100
AcDbPoint
 10
-849.2500000000003
 20
1001.0
 30
0.0
  0
POINT
  5
21DB
330
75B
100
AcDbEntity
  8
Defpoints
 62
     0
440
 16777216
100
AcDbPoint
 10
-840.2500000000003
 20
1001.0
 30
0.0
  0
ENDBLK
  5
75D
330
75B
100
AcDbEntity
  8
0
100
AcDbBlockEnd
  0
BLOCK
  5
768
330
767
100
AcDbEntity
  8
0
100
AcDbBlockBegin
  2
*D77
 70
     1
 10
0.0
 20
0.0
 30
0.0
  3
*D77
  1

  0
LINE
  5
2204
330
767
100
AcDbEntity
  8
Dimensions
 62
     0
440
 16777216
370
    -2
100
AcDbLine
 10
-996.25
 20
668.6250000000001
 30
0.0
 11
-996.25
 21
706.2500000000004
 31
0.0
  0
LINE
  5
2205
330
767
100
AcDbEntity
  8
Dimensions
 62
     0
440
 16777216
370
    -2
100
AcDbLine
 10
-865.2499999999999
 20
668.625
 30
0.0
 11
-865.2499999999999
 21
706.2500000000004
 31
0.0
  0
LINE
  5
2206
330
767
100
AcDbEntity
  8
Dimensions
 62
     0
440
 16777216
370
    -2
100
AcDbLine
 10
-993.75
 20
705.0000000000004
 30
0.0
 11
-867.75
 21
705.0000000000004
 31
0.0
  0
SOLID
  5
2207
330
767
100
AcDbEntity
  8
Dimensions
 62
     0
440
 16777216
100
AcDbTrace
 10
-993.75
 20
705.416666666667
 30
0.0
 11
-993.75
 21
704.5833333333338
 31
0.0
 12
-996.25
 22
705.0000000000004
 32
0.0
 13
-996.25
 23
705.0000000000004
 33
0.0
  0
SOLID
  5
2208
330
767
100
AcDbEntity
  8
Dimensions
 62
     0
440
 16777216
100
AcDbTrace
 10
-867.75
 20
705.416666666667
 30
0.0
 11
-867.75
 21
704.5833333333338
 31
0.0
 12
-865.2499999999999
 22
705.0000000000004
 32
0.0
 13
-865.2499999999999
 23
705.0000000000004
 33
0.0
  0
MTEXT
  5
2209
330
767
100
AcDbEntity
  8
Dimensions
 62
     0
440
 16777216
100
AcDbMText
 10
-930.75
 20
706.9022851296048
 30
0.0
 40
2.5
 41
0.0
 46
0.0
 71
     5
 72
     1
  1
131
 73
     1
 44
1.0
  0
POINT
  5
220A
330
767
100
AcDbEntity
  8
Defpoints
 62
     0
440
 16777216
100
AcDbPoint
 10
-996.25
 20
668.0000000000001
 30
0.0
  0
POINT
  5
220B
330
767
100
AcDbEntity
  8
Defpoints
 62
     0
440
 16777216
100
AcDbPoint
 10
-865.2499999999999
 20
668.0
 30
0.0
  0
POINT
  5
220C
330
767
100
AcDbEntity
  8
Defpoints
 62
     0
440
 16777216
100
AcDbPoint
 10
-865.2499999999999
 20
705.0000000000004
 30
0.0
  0
ENDBLK
  5
769
330
767
100
AcDbEntity
  8
0
100
AcDbBlockEnd
  0
BLOCK
  5
774
330
773
100
AcDbEntity
  8
0
100
AcDbBlockBegin
  2
*D78
 70
     1
 10
0.0
 20
0.0
 30
0.0
  3
*D78
  1

  0
LINE
  5
221F
330
773
100
AcDbEntity
  8
Dimensions
 62
     0
440
 16777216
370
    -2
100
AcDbLine
 10
-319.8750000000001
 20
1169.0
 30
0.0
 11
-324.8579162864008
 21
1169.0
 31
0.0
  0
LINE
  5
2220
330
773
100
AcDbEntity
  8
Dimensions
 62
     0
440
 16777216
370
    -2
100
AcDbLine
 10
-319.875
 20
1218.0
 30
0.0
 11
-324.8579162864008
 21
1218.0
 31
0.0
  0
LINE
  5
2221
330
773
100
AcDbEntity
  8
Dimensions
 62
     0
440
 16777216
370
    -2
100
AcDbLine
 10
-323.6079162864009
 20
1171.5
 30
0.0
 11
-323.6079162864009
 21
1215.5
 31
0.0
  0
SOLID
  5
2222
330
773
100
AcDbEntity
  8
Dimensions
 62
     0
440
 16777216
100
AcDbTrace
 10
-324.0245829530675
 20
1171.5
 30
0.0
 11
-323.1912496197342
 21
1171.5
 31
0.0
 12
-323.6079162864009
 22
1169.0
 32
0.0
 13
-323.6079162864009
 23
1169.0
 33
0.0
  0
SOLID
  5
2223
330
773
100
AcDbEntity
  8
Dimensions
 62
     0
440
 16777216
100
AcDbTrace
 10
-324.0245829530675
 20
1215.5
 30
0.0
 11
-323.1912496197342
 21
1215.5
 31
0.0
 12
-323.6079162864009
 22
1218.0
 32
0.0
 13
-323.6079162864009
 23
1218.0
 33
0.0
  0
MTEXT
  5
2224
330
773
100
AcDbEntity
  8
Dimensions
 62
     0
440
 16777216
100
AcDbMText
 10
-325.5093487557047
 20
1193.5
 30
0.0
 40
2.5
 41
0.0
 46
0.0
 71
     5
 72
     1
  1
49
 11
0.0000000000000001
 21
1.0
 31
0.0
 73
     1
 44
1.0
  0
POINT
  5
2225
330
773
100
AcDbEntity
  8
Defpoints
 62
     0
440
 16777216
100
AcDbPoint
 10
-319.2500000000001
 20
1169.0
 30
0.0
  0
POINT
  5
2226
330
773
100
AcDbEntity
  8
Defpoints
 62
     0
440
 16777216
100
AcDbPoint
 10
-319.2500000000001
 20
1218.0
 30
0.0
  0
POINT
  5
2227
330
773
100
AcDbEntity
  8
Defpoints
 62
     0
440
 16777216
100
AcDbPoint
 10
-323.6079162864009
 20
1218.0
 30
0.0
  0
ENDBLK
  5
775
330
773
100
AcDbEntity
  8
0
100
AcDbBlockEnd
  0
BLOCK
  5
780
330
77F
100
AcDbEntity
  8
0
100
AcDbBlockBegin
  2
*D79
 70
     1
 10
0.0
 20
0.0
 30
0.0
  3
*D79
  1

  0
LINE
  5
2231
330
77F
100
AcDbEntity
  8
Dimensions
 62
     0
440
 16777216
370
    -2
100
AcDbLine
 10
-317.2499999999999
 20
666.75
 30
0.0
 11
-317.2499999999999
 21
630.7500000000004
 31
0.0
  0
LINE
  5
2232
330
77F
100
AcDbEntity
  8
Dimensions
 62
     0
440
 16777216
370
    -2
100
AcDbLine
 10
-119.2499999999999
 20
1000.375
 30
0.0
 11
-119.2499999999999
 21
630.7500000000004
 31
0.0
  0
LINE
  5
2233
330
77F
100
AcDbEntity
  8
Dimensions
 62
     0
440
 16777216
370
    -2
100
AcDbLine
 10
-314.7499999999999
 20
632.0000000000004
 30
0.0
 11
-121.75
 21
632.0000000000004
 31
0.0
  0
SOLID
  5
2234
330
77F
100
AcDbEntity
  8
Dimensions
 62
     0
440
 16777216
100
AcDbTrace
 10
-314.7499999999999
 20
632.4166666666671
 30
0.0
 11
-314.7499999999999
 21
631.5833333333338
 31
0.0
 12
-317.2499999999999
 22
632.0000000000004
 32
0.0
 13
-317.2499999999999
 23
632.0000000000004
 33
0.0
  0
SOLID
  5
2235
330
77F
100
AcDbEntity
  8
Dimensions
 62
     0
440
 16777216
100
AcDbTrace
 10
-121.75
 20
632.4166666666671
 30
0.0
 11
-121.75
 21
631.5833333333338
 31
0.0
 12
-119.2499999999999
 22
632.0000000000004
 32
0.0
 13
-119.2499999999999
 23
632.0000000000004
 33
0.0
  0
MTEXT
  5
2236
330
77F
100
AcDbEntity
  8
Dimensions
 62
     0
440
 16777216
100
AcDbMText
 10
-218.25
 20
633.9014324693047
 30
0.0
 40
2.5
 41
0.0
 46
0.0
 71
     5
 72
     1
  1
198
 73
     1
 44
1.0
  0
POINT
  5
2237
330
77F
100
AcDbEntity
  8
Defpoints
 62
     0
440
 16777216
100
AcDbPoint
 10
-317.2499999999999
 20
667.375
 30
0.0
  0
POINT
  5
2238
330
77F
100
AcDbEntity
  8
Defpoints
 62
     0
440
 16777216
100
AcDbPoint
 10
-119.2499999999999
 20
1001.0
 30
0.0
  0
POINT
  5
2239
330
77F
100
AcDbEntity
  8
Defpoints
 62
     0
440
 16777216
100
AcDbPoint
 10
-119.2499999999999
 20
632.0000000000004
 30
0.0
  0
ENDBLK
  5
781
330
77F
100
AcDbEntity
  8
0
100
AcDbBlockEnd
  0
BLOCK
  5
78C
330
78B
100
AcDbEntity
  8
0
100
AcDbBlockBegin
  2
*D80
 70
     1
 10
0.0
 20
0.0
 30
0.0
  3
*D80
  1

  0
LINE
  5
223A
330
78B
100
AcDbEntity
  8
Dimensions
 62
     0
440
 16777216
370
    -2
100
AcDbLine
 10
-317.2499999999999
 20
666.1249999999999
 30
0.0
 11
-317.2499999999999
 21
616.7500000000004
 31
0.0
  0
LINE
  5
223B
330
78B
100
AcDbEntity
  8
Dimensions
 62
     0
440
 16777216
370
    -2
100
AcDbLine
 10
-172.2499999999999
 20
1000.375
 30
0.0
 11
-172.2499999999999
 21
616.7500000000004
 31
0.0
  0
LINE
  5
223C
330
78B
100
AcDbEntity
  8
Dimensions
 62
     0
440
 16777216
370
    -2
100
AcDbLine
 10
-314.7499999999999
 20
618.0000000000005
 30
0.0
 11
-174.75
 21
618.0000000000005
 31
0.0
  0
SOLID
  5
223D
330
78B
100
AcDbEntity
  8
Dimensions
 62
     0
440
 16777216
100
AcDbTrace
 10
-314.7499999999999
 20
618.416666666667
 30
0.0
 11
-314.7499999999999
 21
617.5833333333338
 31
0.0
 12
-317.2499999999999
 22
618.0000000000005
 32
0.0
 13
-317.2499999999999
 23
618.0000000000005
 33
0.0
  0
SOLID
  5
223E
330
78B
100
AcDbEntity
  8
Dimensions
 62
     0
440
 16777216
100
AcDbTrace
 10
-174.75
 20
618.416666666667
 30
0.0
 11
-174.75
 21
617.5833333333338
 31
0.0
 12
-172.2499999999999
 22
618.0000000000005
 32
0.0
 13
-172.2499999999999
 23
618.0000000000005
 33
0.0
  0
MTEXT
  5
223F
330
78B
100
AcDbEntity
  8
Dimensions
 62
     0
440
 16777216
100
AcDbMText
 10
-244.7499999999999
 20
619.9014324693047
 30
0.0
 40
2.5
 41
0.0
 46
0.0
 71
     5
 72
     1
  1
145
 73
     1
 44
1.0
  0
POINT
  5
2240
330
78B
100
AcDbEntity
  8
Defpoints
 62
     0
440
 16777216
100
AcDbPoint
 10
-317.2499999999999
 20
666.75
 30
0.0
  0
POINT
  5
2241
330
78B
100
AcDbEntity
  8
Defpoints
 62
     0
440
 16777216
100
AcDbPoint
 10
-172.2499999999999
 20
1001.0
 30
0.0
  0
POINT
  5
2242
330
78B
100
AcDbEntity
  8
Defpoints
 62
     0
440
 16777216
100
AcDbPoint
 10
-172.2499999999999
 20
618.0000000000005
 30
0.0
  0
ENDBLK
  5
78D
330
78B
100
AcDbEntity
  8
0
100
AcDbBlockEnd
  0
BLOCK
  5
798
330
797
100
AcDbEntity
  8
0
100
AcDbBlockBegin
  2
*D81
 70
     1
 10
0.0
 20
0.0
 30
0.0
  3
*D81
  1

  0
LINE
  5
2243
330
797
100
AcDbEntity
  8
Dimensions
 62
     0
440
 16777216
370
    -2
100
AcDbLine
 10
-317.2499999999999
 20
667.375
 30
0.0
 11
-317.2499999999999
 21
601.7500000000004
 31
0.0
  0
LINE
  5
2244
330
797
100
AcDbEntity
  8
Dimensions
 62
     0
440
 16777216
370
    -2
100
AcDbLine
 10
-56.24999999999993
 20
1000.375
 30
0.0
 11
-56.24999999999996
 21
601.7500000000004
 31
0.0
  0
LINE
  5
2245
330
797
100
AcDbEntity
  8
Dimensions
 62
     0
440
 16777216
370
    -2
100
AcDbLine
 10
-314.7499999999999
 20
603.0000000000004
 30
0.0
 11
-58.74999999999996
 21
603.0000000000004
 31
0.0
  0
SOLID
  5
2246
330
797
100
AcDbEntity
  8
Dimensions
 62
     0
440
 16777216
100
AcDbTrace
 10
-314.7499999999999
 20
603.4166666666671
 30
0.0
 11
-314.7499999999999
 21
602.5833333333338
 31
0.0
 12
-317.2499999999999
 22
603.0000000000004
 32
0.0
 13
-317.2499999999999
 23
603.0000000000004
 33
0.0
  0
SOLID
  5
2247
330
797
100
AcDbEntity
  8
Dimensions
 62
     0
440
 16777216
100
AcDbTrace
 10
-58.74999999999996
 20
603.4166666666671
 30
0.0
 11
-58.74999999999996
 21
602.5833333333338
 31
0.0
 12
-56.24999999999996
 22
603.0000000000004
 32
0.0
 13
-56.24999999999996
 23
603.0000000000004
 33
0.0
  0
MTEXT
  5
2248
330
797
100
AcDbEntity
  8
Dimensions
 62
     0
440
 16777216
100
AcDbMText
 10
-186.7499999999999
 20
604.9014324693047
 30
0.0
 40
2.5
 41
0.0
 46
0.0
 71
     5
 72
     1
  1
261
 73
     1
 44
1.0
  0
POINT
  5
2249
330
797
100
AcDbEntity
  8
Defpoints
 62
     0
440
 16777216
100
AcDbPoint
 10
-317.2499999999999
 20
668.0
 30
0.0
  0
POINT
  5
224A
330
797
100
AcDbEntity
  8
Defpoints
 62
     0
440
 16777216
100
AcDbPoint
 10
-56.24999999999993
 20
1001.0
 30
0.0
  0
POINT
  5
224B
330
797
100
AcDbEntity
  8
Defpoints
 62
     0
440
 16777216
100
AcDbPoint
 10
-56.24999999999996
 20
603.0000000000004
 30
0.0
  0
ENDBLK
  5
799
330
797
100
AcDbEntity
  8
0
100
AcDbBlockEnd
  0
BLOCK
  5
7A4
330
7A3
100
AcDbEntity
  8
0
100
AcDbBlockBegin
  2
*D82
 70
     1
 10
0.0
 20
0.0
 30
0.0
  3
*D82
  1

  0
LINE
  5
224C
330
7A3
100
AcDbEntity
  8
Dimensions
 62
     0
440
 16777216
370
    -2
100
AcDbLine
 10
-317.2499999999999
 20
667.375
 30
0.0
 11
-317.2499999999999
 21
587.7500000000004
 31
0.0
  0
LINE
  5
224D
330
7A3
100
AcDbEntity
  8
Dimensions
 62
     0
440
 16777216
370
    -2
100
AcDbLine
 10
-71.24999999999994
 20
1000.375
 30
0.0
 11
-71.24999999999997
 21
587.7500000000004
 31
0.0
  0
LINE
  5
224E
330
7A3
100
AcDbEntity
  8
Dimensions
 62
     0
440
 16777216
370
    -2
100
AcDbLine
 10
-314.7499999999999
 20
589.0000000000005
 30
0.0
 11
-73.74999999999997
 21
589.0000000000005
 31
0.0
  0
SOLID
  5
224F
330
7A3
100
AcDbEntity
  8
Dimensions
 62
     0
440
 16777216
100
AcDbTrace
 10
-314.7499999999999
 20
589.416666666667
 30
0.0
 11
-314.7499999999999
 21
588.5833333333338
 31
0.0
 12
-317.2499999999999
 22
589.0000000000005
 32
0.0
 13
-317.2499999999999
 23
589.0000000000005
 33
0.0
  0
SOLID
  5
2250
330
7A3
100
AcDbEntity
  8
Dimensions
 62
     0
440
 16777216
100
AcDbTrace
 10
-73.74999999999997
 20
589.416666666667
 30
0.0
 11
-73.74999999999997
 21
588.5833333333338
 31
0.0
 12
-71.24999999999997
 22
589.0000000000005
 32
0.0
 13
-71.24999999999997
 23
589.0000000000005
 33
0.0
  0
MTEXT
  5
2251
330
7A3
100
AcDbEntity
  8
Dimensions
 62
     0
440
 16777216
100
AcDbMText
 10
-194.2499999999999
 20
590.9014324693047
 30
0.0
 40
2.5
 41
0.0
 46
0.0
 71
     5
 72
     1
  1
246
 73
     1
 44
1.0
  0
POINT
  5
2252
330
7A3
100
AcDbEntity
  8
Defpoints
 62
     0
440
 16777216
100
AcDbPoint
 10
-317.2499999999999
 20
668.0
 30
0.0
  0
POINT
  5
2253
330
7A3
100
AcDbEntity
  8
Defpoints
 62
     0
440
 16777216
100
AcDbPoint
 10
-71.24999999999994
 20
1001.0
 30
0.0
  0
POINT
  5
2254
330
7A3
100
AcDbEntity
  8
Defpoints
 62
     0
440
 16777216
100
AcDbPoint
 10
-71.24999999999997
 20
589.0000000000005
 30
0.0
  0
ENDBLK
  5
7A5
330
7A3
100
AcDbEntity
  8
0
100
AcDbBlockEnd
  0
BLOCK
  5
7B0
330
7AF
100
AcDbEntity
  8
0
100
AcDbBlockBegin
  2
*D83
 70
     1
 10
0.0
 20
0.0
 30
0.0
  3
*D83
  1

  0
LINE
  5
225E
330
7AF
100
AcDbEntity
  8
Dimensions
 62
     0
440
 16777216
370
    -2
100
AcDbLine
 10
-15.62499999999996
 20
702.0000000000002
 30
0.0
 11
0.0000000000000679
 21
702.0000000000002
 31
0.0
  0
LINE
  5
225F
330
7AF
100
AcDbEntity
  8
Dimensions
 62
     0
440
 16777216
370
    -2
100
AcDbLine
 10
-316.6250000000001
 20
782.0000000000004
 30
0.0
 11
0.0000000000000537
 21
782.0000000000005
 31
0.0
  0
LINE
  5
2260
330
7AF
100
AcDbEntity
  8
Dimensions
 62
     0
440
 16777216
370
    -2
100
AcDbLine
 10
-1.249999999999935
 20
704.5000000000002
 30
0.0
 11
-1.249999999999952
 21
779.5000000000006
 31
0.0
  0
SOLID
  5
2261
330
7AF
100
AcDbEntity
  8
Dimensions
 62
     0
440
 16777216
100
AcDbTrace
 10
-1.666666666666602
 20
704.5000000000002
 30
0.0
 11
-0.8333333333332685
 21
704.5000000000002
 31
0.0
 12
-1.249999999999934
 22
702.0000000000002
 32
0.0
 13
-1.249999999999934
 23
702.0000000000002
 33
0.0
  0
SOLID
  5
2262
330
7AF
100
AcDbEntity
  8
Dimensions
 62
     0
440
 16777216
100
AcDbTrace
 10
-1.666666666666619
 20
779.5000000000006
 30
0.0
 11
-0.8333333333332852
 21
779.5000000000006
 31
0.0
 12
-1.249999999999952
 22
782.0000000000005
 32
0.0
 13
-1.249999999999952
 23
782.0000000000005
 33
0.0
  0
MTEXT
  5
2263
330
7AF
100
AcDbEntity
  8
Dimensions
 62
     0
440
 16777216
100
AcDbMText
 10
-3.151432469303962
 20
742.0000000000002
 30
0.0
 40
2.5
 41
0.0
 46
0.0
 71
     5
 72
     1
  1
80
 11
0.0000000000000001
 21
1.0
 31
0.0
 73
     1
 44
1.0
  0
POINT
  5
2264
330
7AF
100
AcDbEntity
  8
Defpoints
 62
     0
440
 16777216
100
AcDbPoint
 10
-16.24999999999996
 20
702.0000000000002
 30
0.0
  0
POINT
  5
2265
330
7AF
100
AcDbEntity
  8
Defpoints
 62
     0
440
 16777216
100
AcDbPoint
 10
-317.2500000000001
 20
782.0000000000004
 30
0.0
  0
POINT
  5
2266
330
7AF
100
AcDbEntity
  8
Defpoints
 62
     0
440
 16777216
100
AcDbPoint
 10
-1.249999999999952
 20
782.0000000000005
 30
0.0
  0
ENDBLK
  5
7B1
330
7AF
100
AcDbEntity
  8
0
100
AcDbBlockEnd
  0
BLOCK
  5
7BC
330
7BB
100
AcDbEntity
  8
0
100
AcDbBlockBegin
  2
*D84
 70
     1
 10
0.0
 20
0.0
 30
0.0
  3
*D84
  1

  0
LINE
  5
2267
330
7BB
100
AcDbEntity
  8
Dimensions
 62
     0
440
 16777216
370
    -2
100
AcDbLine
 10
-15.62499999999996
 20
782.0000000000004
 30
0.0
 11
0.0000000000000644
 21
782.0000000000004
 31
0.0
  0
LINE
  5
2268
330
7BB
100
AcDbEntity
  8
Dimensions
 62
     0
440
 16777216
370
    -2
100
AcDbLine
 10
-316.6250000000001
 20
843.0000000000005
 30
0.0
 11
0.0000000000000402
 21
843.0000000000005
 31
0.0
  0
LINE
  5
2269
330
7BB
100
AcDbEntity
  8
Dimensions
 62
     0
440
 16777216
370
    -2
100
AcDbLine
 10
-1.249999999999936
 20
784.5000000000005
 30
0.0
 11
-1.249999999999948
 21
840.5000000000006
 31
0.0
  0
SOLID
  5
226A
330
7BB
100
AcDbEntity
  8
Dimensions
 62
     0
440
 16777216
100
AcDbTrace
 10
-1.666666666666603
 20
784.5000000000005
 30
0.0
 11
-0.8333333333332692
 21
784.5000000000005
 31
0.0
 12
-1.249999999999935
 22
782.0000000000004
 32
0.0
 13
-1.249999999999935
 23
782.0000000000004
 33
0.0
  0
SOLID
  5
226B
330
7BB
100
AcDbEntity
  8
Dimensions
 62
     0
440
 16777216
100
AcDbTrace
 10
-1.666666666666615
 20
840.5000000000006
 30
0.0
 11
-0.8333333333332817
 21
840.5000000000006
 31
0.0
 12
-1.249999999999948
 22
843.0000000000005
 32
0.0
 13
-1.249999999999948
 23
843.0000000000005
 33
0.0
  0
MTEXT
  5
226C
330
7BB
100
AcDbEntity
  8
Dimensions
 62
     0
440
 16777216
100
AcDbMText
 10
-3.151432469303941
 20
812.5000000000001
 30
0.0
 40
2.5
 41
0.0
 46
0.0
 71
     5
 72
     1
  1
61
 11
0.0000000000000001
 21
1.0
 31
0.0
 73
     1
 44
1.0
  0
POINT
  5
226D
330
7BB
100
AcDbEntity
  8
Defpoints
 62
     0
440
 16777216
100
AcDbPoint
 10
-16.24999999999996
 20
782.0000000000004
 30
0.0
  0
POINT
  5
226E
330
7BB
100
AcDbEntity
  8
Defpoints
 62
     0
440
 16777216
100
AcDbPoint
 10
-317.2500000000001
 20
843.0000000000005
 30
0.0
  0
POINT
  5
226F
330
7BB
100
AcDbEntity
  8
Defpoints
 62
     0
440
 16777216
100
AcDbPoint
 10
-1.249999999999948
 20
843.0000000000005
 30
0.0
  0
ENDBLK
  5
7BD
330
7BB
100
AcDbEntity
  8
0
100
AcDbBlockEnd
  0
BLOCK
  5
7C8
330
7C7
100
AcDbEntity
  8
0
100
AcDbBlockBegin
  2
*D85
 70
     1
 10
0.0
 20
0.0
 30
0.0
  3
*D85
  1

  0
LINE
  5
2270
330
7C7
100
AcDbEntity
  8
Dimensions
 62
     0
440
 16777216
370
    -2
100
AcDbLine
 10
-15.62499999999995
 20
843.0000000000005
 30
0.0
 11
0.0000000000000722
 21
843.0000000000005
 31
0.0
  0
LINE
  5
2271
330
7C7
100
AcDbEntity
  8
Dimensions
 62
     0
440
 16777216
370
    -2
100
AcDbLine
 10
-316.6250000000001
 20
912.0000000000004
 30
0.0
 11
0.0000000000000817
 21
912.0000000000006
 31
0.0
  0
LINE
  5
2272
330
7C7
100
AcDbEntity
  8
Dimensions
 62
     0
440
 16777216
370
    -2
100
AcDbLine
 10
-1.24999999999993
 20
845.5000000000005
 30
0.0
 11
-1.249999999999944
 21
909.5000000000005
 31
0.0
  0
SOLID
  5
2273
330
7C7
100
AcDbEntity
  8
Dimensions
 62
     0
440
 16777216
100
AcDbTrace
 10
-1.666666666666596
 20
845.5000000000005
 30
0.0
 11
-0.8333333333332632
 21
845.5000000000005
 31
0.0
 12
-1.249999999999929
 22
843.0000000000005
 32
0.0
 13
-1.249999999999929
 23
843.0000000000005
 33
0.0
  0
SOLID
  5
2274
330
7C7
100
AcDbEntity
  8
Dimensions
 62
     0
440
 16777216
100
AcDbTrace
 10
-1.666666666666611
 20
909.5000000000005
 30
0.0
 11
-0.8333333333332774
 21
909.5000000000005
 31
0.0
 12
-1.249999999999944
 22
912.0000000000006
 32
0.0
 13
-1.249999999999944
 23
912.0000000000006
 33
0.0
  0
MTEXT
  5
2275
330
7C7
100
AcDbEntity
  8
Dimensions
 62
     0
440
 16777216
100
AcDbMText
 10
-3.151432469303917
 20
877.5000000000002
 30
0.0
 40
2.5
 41
0.0
 46
0.0
 71
     5
 72
     1
  1
69
 11
0.0000000000000001
 21
1.0
 31
0.0
 73
     1
 44
1.0
  0
POINT
  5
2276
330
7C7
100
AcDbEntity
  8
Defpoints
 62
     0
440
 16777216
100
AcDbPoint
 10
-16.24999999999995
 20
843.0000000000005
 30
0.0
  0
POINT
  5
2277
330
7C7
100
AcDbEntity
  8
Defpoints
 62
     0
440
 16777216
100
AcDbPoint
 10
-317.2500000000001
 20
912.0000000000004
 30
0.0
  0
POINT
  5
2278
330
7C7
100
AcDbEntity
  8
Defpoints
 62
     0
440
 16777216
100
AcDbPoint
 10
-1.249999999999944
 20
912.0000000000006
 30
0.0
  0
ENDBLK
  5
7C9
330
7C7
100
AcDbEntity
  8
0
100
AcDbBlockEnd
  0
BLOCK
  5
7D4
330
7D3
100
AcDbEntity
  8
0
100
AcDbBlockBegin
  2
*D86
 70
     1
 10
0.0
 20
0.0
 30
0.0
  3
*D86
  1

  0
LINE
  5
2279
330
7D3
100
AcDbEntity
  8
Dimensions
 62
     0
440
 16777216
370
    -2
100
AcDbLine
 10
-15.62499999999995
 20
912.0000000000004
 30
0.0
 11
0.0000000000000639
 21
912.0000000000004
 31
0.0
  0
LINE
  5
227A
330
7D3
100
AcDbEntity
  8
Dimensions
 62
     0
440
 16777216
370
    -2
100
AcDbLine
 10
-316.6250000000001
 20
943.0000000000005
 30
0.0
 11
0.0000000000000748
 21
943.0000000000005
 31
0.0
  0
LINE
  5
227B
330
7D3
100
AcDbEntity
  8
Dimensions
 62
     0
440
 16777216
370
    -2
100
AcDbLine
 10
-1.249999999999936
 20
914.5000000000004
 30
0.0
 11
-1.249999999999942
 21
940.5000000000006
 31
0.0
  0
SOLID
  5
227C
330
7D3
100
AcDbEntity
  8
Dimensions
 62
     0
440
 16777216
100
AcDbTrace
 10
-1.666666666666603
 20
914.5000000000004
 30
0.0
 11
-0.8333333333332696
 21
914.5000000000004
 31
0.0
 12
-1.249999999999935
 22
912.0000000000004
 32
0.0
 13
-1.249999999999935
 23
912.0000000000004
 33
0.0
  0
SOLID
  5
227D
330
7D3
100
AcDbEntity
  8
Dimensions
 62
     0
440
 16777216
100
AcDbTrace
 10
-1.666666666666609
 20
940.5000000000006
 30
0.0
 11
-0.8333333333332754
 21
940.5000000000006
 31
0.0
 12
-1.249999999999942
 22
943.0000000000005
 32
0.0
 13
-1.249999999999942
 23
943.0000000000005
 33
0.0
  0
MTEXT
  5
227E
330
7D3
100
AcDbEntity
  8
Dimensions
 62
     0
440
 16777216
100
AcDbMText
 10
-3.152285129604042
 20
927.5000000000002
 30
0.0
 40
2.5
 41
0.0
 46
0.0
 71
     5
 72
     1
  1
31
 11
0.0000000000000001
 21
1.0
 31
0.0
 73
     1
 44
1.0
  0
POINT
  5
227F
330
7D3
100
AcDbEntity
  8
Defpoints
 62
     0
440
 16777216
100
AcDbPoint
 10
-16.24999999999995
 20
912.0000000000004
 30
0.0
  0
POINT
  5
2280
330
7D3
100
AcDbEntity
  8
Defpoints
 62
     0
440
 16777216
100
AcDbPoint
 10
-317.2500000000001
 20
943.0000000000005
 30
0.0
  0
POINT
  5
2281
330
7D3
100
AcDbEntity
  8
Defpoints
 62
     0
440
 16777216
100
AcDbPoint
 10
-1.249999999999942
 20
943.0000000000005
 30
0.0
  0
ENDBLK
  5
7D5
330
7D3
100
AcDbEntity
  8
0
100
AcDbBlockEnd
  0
BLOCK
  5
7E0
330
7DF
100
AcDbEntity
  8
0
100
AcDbBlockBegin
  2
*D87
 70
     1
 10
0.0
 20
0.0
 30
0.0
  3
*D87
  1

  0
LINE
  5
22C3
330
7DF
100
AcDbEntity
  8
Dimensions
 62
     0
440
 16777216
370
    -2
100
AcDbLine
 10
-317.8750000000001
 20
1001.0
 30
0.0
 11
-338.5000000000001
 21
1001.0
 31
0.0
  0
LINE
  5
22C4
330
7DF
100
AcDbEntity
  8
Dimensions
 62
     0
440
 16777216
370
    -2
100
AcDbLine
 10
-197.875
 20
936.0000000000004
 30
0.0
 11
-338.5000000000001
 21
936.0000000000002
 31
0.0
  0
LINE
  5
22C5
330
7DF
100
AcDbEntity
  8
Dimensions
 62
     0
440
 16777216
370
    -2
100
AcDbLine
 10
-337.25
 20
998.5000000000004
 30
0.0
 11
-337.25
 21
938.5000000000003
 31
0.0
  0
SOLID
  5
22C6
330
7DF
100
AcDbEntity
  8
Dimensions
 62
     0
440
 16777216
100
AcDbTrace
 10
-337.6666666666667
 20
998.5000000000004
 30
0.0
 11
-336.8333333333334
 21
998.5000000000004
 31
0.0
 12
-337.25
 22
1001.0
 32
0.0
 13
-337.25
 23
1001.0
 33
0.0
  0
SOLID
  5
22C7
330
7DF
100
AcDbEntity
  8
Dimensions
 62
     0
440
 16777216
100
AcDbTrace
 10
-337.6666666666667
 20
938.5000000000003
 30
0.0
 11
-336.8333333333334
 21
938.5000000000003
 31
0.0
 12
-337.25
 22
936.0000000000002
 32
0.0
 13
-337.25
 23
936.0000000000002
 33
0.0
  0
MTEXT
  5
22C8
330
7DF
100
AcDbEntity
  8
Dimensions
 62
     0
440
 16777216
100
AcDbMText
 10
-339.1514324693039
 20
968.5000000000002
 30
0.0
 40
2.5
 41
0.0
 46
0.0
 71
     5
 72
     1
  1
65
 11
0.0000000000000001
 21
1.0
 31
0.0
 73
     1
 44
1.0
  0
POINT
  5
22C9
330
7DF
100
AcDbEntity
  8
Defpoints
 62
     0
440
 16777216
100
AcDbPoint
 10
-317.2500000000001
 20
1001.0
 30
0.0
  0
POINT
  5
22CA
330
7DF
100
AcDbEntity
  8
Defpoints
 62
     0
440
 16777216
100
AcDbPoint
 10
-197.25
 20
936.0000000000004
 30
0.0
  0
POINT
  5
22CB
330
7DF
100
AcDbEntity
  8
Defpoints
 62
     0
440
 16777216
100
AcDbPoint
 10
-337.25
 20
936.0000000000002
 30
0.0
  0
ENDBLK
  5
7E1
330
7DF
100
AcDbEntity
  8
0
100
AcDbBlockEnd
  0
BLOCK
  5
7EC
330
7EB
100
AcDbEntity
  8
0
100
AcDbBlockBegin
  2
*D88
 70
     1
 10
0.0
 20
0.0
 30
0.0
  3
*D88
  1

  0
LINE
  5
22CC
330
7EB
100
AcDbEntity
  8
Dimensions
 62
     0
440
 16777216
370
    -2
100
AcDbLine
 10
-317.8750000000001
 20
936.0000000000004
 30
0.0
 11
-338.5000000000001
 21
936.0000000000004
 31
0.0
  0
LINE
  5
22CD
330
7EB
100
AcDbEntity
  8
Dimensions
 62
     0
440
 16777216
370
    -2
100
AcDbLine
 10
-197.875
 20
836.0000000000004
 30
0.0
 11
-338.5000000000001
 21
836.0000000000002
 31
0.0
  0
LINE
  5
22CE
330
7EB
100
AcDbEntity
  8
Dimensions
 62
     0
440
 16777216
370
    -2
100
AcDbLine
 10
-337.2500000000001
 20
933.5000000000004
 30
0.0
 11
-337.25
 21
838.5000000000003
 31
0.0
  0
SOLID
  5
22CF
330
7EB
100
AcDbEntity
  8
Dimensions
 62
     0
440
 16777216
100
AcDbTrace
 10
-337.6666666666668
 20
933.5000000000004
 30
0.0
 11
-336.8333333333334
 21
933.5000000000004
 31
0.0
 12
-337.2500000000001
 22
936.0000000000004
 32
0.0
 13
-337.2500000000001
 23
936.0000000000004
 33
0.0
  0
SOLID
  5
22D0
330
7EB
100
AcDbEntity
  8
Dimensions
 62
     0
440
 16777216
100
AcDbTrace
 10
-337.6666666666667
 20
838.5000000000003
 30
0.0
 11
-336.8333333333334
 21
838.5000000000003
 31
0.0
 12
-337.25
 22
836.0000000000002
 32
0.0
 13
-337.25
 23
836.0000000000002
 33
0.0
  0
MTEXT
  5
22D1
330
7EB
100
AcDbEntity
  8
Dimensions
 62
     0
440
 16777216
100
AcDbMText
 10
-339.151432469304
 20
886.0000000000002
 30
0.0
 40
2.5
 41
0.0
 46
0.0
 71
     5
 72
     1
  1
100
 11
0.0000000000000001
 21
1.0
 31
0.0
 73
     1
 44
1.0
  0
POINT
  5
22D2
330
7EB
100
AcDbEntity
  8
Defpoints
 62
     0
440
 16777216
100
AcDbPoint
 10
-317.2500000000001
 20
936.0000000000004
 30
0.0
  0
POINT
  5
22D3
330
7EB
100
AcDbEntity
  8
Defpoints
 62
     0
440
 16777216
100
AcDbPoint
 10
-197.25
 20
836.0000000000004
 30
0.0
  0
POINT
  5
22D4
330
7EB
100
AcDbEntity
  8
Defpoints
 62
     0
440
 16777216
100
AcDbPoint
 10
-337.25
 20
836.0000000000002
 30
0.0
  0
ENDBLK
  5
7ED
330
7EB
100
AcDbEntity
  8
0
100
AcDbBlockEnd
  0
BLOCK
  5
7F8
330
7F7
100
AcDbEntity
  8
0
100
AcDbBlockBegin
  2
*D89
 70
     1
 10
0.0
 20
0.0
 30
0.0
  3
*D89
  1

  0
LINE
  5
22E5
330
7F7
100
AcDbEntity
  8
Dimensions
 62
     0
440
 16777216
370
    -2
100
AcDbLine
 10
-197.2499999999999
 20
519.375
 30
0.0
 11
-197.2499999999999
 21
351.7500000000002
 31
0.0
  0
LINE
  5
22E6
330
7F7
100
AcDbEntity
  8
Dimensions
 62
     0
440
 16777216
370
    -2
100
AcDbLine
 10
-262.25
 20
519.375
 30
0.0
 11
-262.25
 21
351.7500000000002
 31
0.0
  0
LINE
  5
22E7
330
7F7
100
AcDbEntity
  8
Dimensions
 62
     0
440
 16777216
370
    -2
100
AcDbLine
 10
-199.75
 20
353.0000000000002
 30
0.0
 11
-259.75
 21
353.0000000000002
 31
0.0
  0
SOLID
  5
22E8
330
7F7
100
AcDbEntity
  8
Dimensions
 62
     0
440
 16777216
100
AcDbTrace
 10
-199.75
 20
353.4166666666669
 30
0.0
 11
-199.75
 21
352.5833333333336
 31
0.0
 12
-197.2499999999999
 22
353.0000000000002
 32
0.0
 13
-197.2499999999999
 23
353.0000000000002
 33
0.0
  0
SOLID
  5
22E9
330
7F7
100
AcDbEntity
  8
Dimensions
 62
     0
440
 16777216
100
AcDbTrace
 10
-259.75
 20
353.4166666666669
 30
0.0
 11
-259.75
 21
352.5833333333336
 31
0.0
 12
-262.25
 22
353.0000000000002
 32
0.0
 13
-262.25
 23
353.0000000000002
 33
0.0
  0
MTEXT
  5
22EA
330
7F7
100
AcDbEntity
  8
Dimensions
 62
     0
440
 16777216
100
AcDbMText
 10
-229.7499999999999
 20
354.9014324693045
 30
0.0
 40
2.5
 41
0.0
 46
0.0
 71
     5
 72
     1
  1
65
 73
     1
 44
1.0
  0
POINT
  5
22EB
330
7F7
100
AcDbEntity
  8
Defpoints
 62
     0
440
 16777216
100
AcDbPoint
 10
-197.2499999999999
 20
520.0
 30
0.0
  0
POINT
  5
22EC
330
7F7
100
AcDbEntity
  8
Defpoints
 62
     0
440
 16777216
100
AcDbPoint
 10
-262.25
 20
520.0
 30
0.0
  0
POINT
  5
22ED
330
7F7
100
AcDbEntity
  8
Defpoints
 62
     0
440
 16777216
100
AcDbPoint
 10
-262.25
 20
353.0000000000002
 30
0.0
  0
ENDBLK
  5
7F9
330
7F7
100
AcDbEntity
  8
0
100
AcDbBlockEnd
  0
BLOCK
  5
804
330
803
100
AcDbEntity
  8
0
100
AcDbBlockBegin
  2
*D90
 70
     1
 10
0.0
 20
0.0
 30
0.0
  3
*D90
  1

  0
LINE
  5
22EE
330
803
100
AcDbEntity
  8
Dimensions
 62
     0
440
 16777216
370
    -2
100
AcDbLine
 10
-262.25
 20
519.375
 30
0.0
 11
-262.25
 21
351.7500000000002
 31
0.0
  0
LINE
  5
22EF
330
803
100
AcDbEntity
  8
Dimensions
 62
     0
440
 16777216
370
    -2
100
AcDbLine
 10
-287.25
 20
519.375
 30
0.0
 11
-287.25
 21
351.7500000000002
 31
0.0
  0
LINE
  5
22F0
330
803
100
AcDbEntity
  8
Dimensions
 62
     0
440
 16777216
370
    -2
100
AcDbLine
 10
-264.7499999999999
 20
353.0000000000002
 30
0.0
 11
-284.75
 21
353.0000000000002
 31
0.0
  0
SOLID
  5
22F1
330
803
100
AcDbEntity
  8
Dimensions
 62
     0
440
 16777216
100
AcDbTrace
 10
-264.7499999999999
 20
353.4166666666669
 30
0.0
 11
-264.7499999999999
 21
352.5833333333336
 31
0.0
 12
-262.25
 22
353.0000000000002
 32
0.0
 13
-262.25
 23
353.0000000000002
 33
0.0
  0
SOLID
  5
22F2
330
803
100
AcDbEntity
  8
Dimensions
 62
     0
440
 16777216
100
AcDbTrace
 10
-284.75
 20
353.4166666666669
 30
0.0
 11
-284.75
 21
352.5833333333336
 31
0.0
 12
-287.25
 22
353.0000000000002
 32
0.0
 13
-287.25
 23
353.0000000000002
 33
0.0
  0
MTEXT
  5
22F3
330
803
100
AcDbEntity
  8
Dimensions
 62
     0
440
 16777216
100
AcDbMText
 10
-274.75
 20
354.9014324693045
 30
0.0
 40
2.5
 41
0.0
 46
0.0
 71
     5
 72
     1
  1
25
 73
     1
 44
1.0
  0
POINT
  5
22F4
330
803
100
AcDbEntity
  8
Defpoints
 62
     0
440
 16777216
100
AcDbPoint
 10
-262.25
 20
520.0
 30
0.0
  0
POINT
  5
22F5
330
803
100
AcDbEntity
  8
Defpoints
 62
     0
440
 16777216
100
AcDbPoint
 10
-287.25
 20
520.0
 30
0.0
  0
POINT
  5
22F6
330
803
100
AcDbEntity
  8
Defpoints
 62
     0
440
 16777216
100
AcDbPoint
 10
-287.25
 20
353.0000000000002
 30
0.0
  0
ENDBLK
  5
805
330
803
100
AcDbEntity
  8
0
100
AcDbBlockEnd
  0
BLOCK
  5
810
330
80F
100
AcDbEntity
  8
0
100
AcDbBlockBegin
  2
*D91
 70
     1
 10
0.0
 20
0.0
 30
0.0
  3
*D91
  1

  0
LINE
  5
22F7
330
80F
100
AcDbEntity
  8
Dimensions
 62
     0
440
 16777216
370
    -2
100
AcDbLine
 10
-197.8750000000001
 20
520.0000000000001
 30
0.0
 11
-304.5000000000001
 21
520.0000000000001
 31
0.0
  0
LINE
  5
22F8
330
80F
100
AcDbEntity
  8
Dimensions
 62
     0
440
 16777216
370
    -2
100
AcDbLine
 10
-197.8750000000001
 20
435.0000000000002
 30
0.0
 11
-304.5000000000001
 21
435.0000000000002
 31
0.0
  0
LINE
  5
22F9
330
80F
100
AcDbEntity
  8
Dimensions
 62
     0
440
 16777216
370
    -2
100
AcDbLine
 10
-303.2500000000001
 20
517.5000000000001
 30
0.0
 11
-303.2500000000001
 21
437.5000000000002
 31
0.0
  0
SOLID
  5
22FA
330
80F
100
AcDbEntity
  8
Dimensions
 62
     0
440
 16777216
100
AcDbTrace
 10
-303.6666666666668
 20
517.5000000000001
 30
0.0
 11
-302.8333333333334
 21
517.5000000000001
 31
0.0
 12
-303.2500000000001
 22
520.0000000000001
 32
0.0
 13
-303.2500000000001
 23
520.0000000000001
 33
0.0
  0
SOLID
  5
22FB
330
80F
100
AcDbEntity
  8
Dimensions
 62
     0
440
 16777216
100
AcDbTrace
 10
-303.6666666666668
 20
437.5000000000002
 30
0.0
 11
-302.8333333333334
 21
437.5000000000002
 31
0.0
 12
-303.2500000000001
 22
435.0000000000002
 32
0.0
 13
-303.2500000000001
 23
435.0000000000002
 33
0.0
  0
MTEXT
  5
22FC
330
80F
100
AcDbEntity
  8
Dimensions
 62
     0
440
 16777216
100
AcDbMText
 10
-305.1514324693041
 20
477.5000000000001
 30
0.0
 40
2.5
 41
0.0
 46
0.0
 71
     5
 72
     1
  1
85
 11
0.0000000000000001
 21
1.0
 31
0.0
 73
     1
 44
1.0
  0
POINT
  5
22FD
330
80F
100
AcDbEntity
  8
Defpoints
 62
     0
440
 16777216
100
AcDbPoint
 10
-197.2500000000001
 20
520.0000000000001
 30
0.0
  0
POINT
  5
22FE
330
80F
100
AcDbEntity
  8
Defpoints
 62
     0
440
 16777216
100
AcDbPoint
 10
-197.2500000000001
 20
435.0000000000002
 30
0.0
  0
POINT
  5
22FF
330
80F
100
AcDbEntity
  8
Defpoints
 62
     0
440
 16777216
100
AcDbPoint
 10
-303.2500000000001
 20
435.0000000000002
 30
0.0
  0
ENDBLK
  5
811
330
80F
100
AcDbEntity
  8
0
100
AcDbBlockEnd
  0
BLOCK
  5
81C
330
81B
100
AcDbEntity
  8
0
100
AcDbBlockBegin
  2
*D92
 70
     1
 10
0.0
 20
0.0
 30
0.0
  3
*D92
  1

  0
LINE
  5
2310
330
81B
100
AcDbEntity
  8
Dimensions
 62
     0
440
 16777216
370
    -2
100
AcDbLine
 10
-742.8750000000002
 20
471.0000000000002
 30
0.0
 11
-750.5000000000002
 21
471.0000000000002
 31
0.0
  0
LINE
  5
2311
330
81B
100
AcDbEntity
  8
Dimensions
 62
     0
440
 16777216
370
    -2
100
AcDbLine
 10
-197.8750000000001
 20
391.0000000000002
 30
0.0
 11
-750.5000000000002
 21
391.0000000000002
 31
0.0
  0
LINE
  5
2312
330
81B
100
AcDbEntity
  8
Dimensions
 62
     0
440
 16777216
370
    -2
100
AcDbLine
 10
-749.2500000000002
 20
468.5000000000003
 30
0.0
 11
-749.2500000000002
 21
393.5000000000002
 31
0.0
  0
SOLID
  5
2313
330
81B
100
AcDbEntity
  8
Dimensions
 62
     0
440
 16777216
100
AcDbTrace
 10
-749.6666666666668
 20
468.5000000000003
 30
0.0
 11
-748.8333333333335
 21
468.5000000000003
 31
0.0
 12
-749.2500000000002
 22
471.0000000000002
 32
0.0
 13
-749.2500000000002
 23
471.0000000000002
 33
0.0
  0
SOLID
  5
2314
330
81B
100
AcDbEntity
  8
Dimensions
 62
     0
440
 16777216
100
AcDbTrace
 10
-749.6666666666668
 20
393.5000000000002
 30
0.0
 11
-748.8333333333335
 21
393.5000000000002
 31
0.0
 12
-749.2500000000002
 22
391.0000000000002
 32
0.0
 13
-749.2500000000002
 23
391.0000000000002
 33
0.0
  0
MTEXT
  5
2315
330
81B
100
AcDbEntity
  8
Dimensions
 62
     0
440
 16777216
100
AcDbMText
 10
-751.1514324693043
 20
431.0000000000003
 30
0.0
 40
2.5
 41
0.0
 46
0.0
 71
     5
 72
     1
  1
80
 11
0.0000000000000001
 21
1.0
 31
0.0
 73
     1
 44
1.0
  0
POINT
  5
2316
330
81B
100
AcDbEntity
  8
Defpoints
 62
     0
440
 16777216
100
AcDbPoint
 10
-742.2500000000002
 20
471.0000000000002
 30
0.0
  0
POINT
  5
2317
330
81B
100
AcDbEntity
  8
Defpoints
 62
     0
440
 16777216
100
AcDbPoint
 10
-197.2500000000001
 20
391.0000000000002
 30
0.0
  0
POINT
  5
2318
330
81B
100
AcDbEntity
  8
Defpoints
 62
     0
440
 16777216
100
AcDbPoint
 10
-749.2500000000002
 20
391.0000000000002
 30
0.0
  0
ENDBLK
  5
81D
330
81B
100
AcDbEntity
  8
0
100
AcDbBlockEnd
  0
BLOCK
  5
828
330
827
100
AcDbEntity
  8
0
100
AcDbBlockBegin
  2
*D93
 70
     1
 10
0.0
 20
0.0
 30
0.0
  3
*D93
  1

  0
LINE
  5
2319
330
827
100
AcDbEntity
  8
Dimensions
 62
     0
440
 16777216
370
    -2
100
AcDbLine
 10
-742.25
 20
390.375
 30
0.0
 11
-742.25
 21
380.7500000000003
 31
0.0
  0
LINE
  5
231A
330
827
100
AcDbEntity
  8
Dimensions
 62
     0
440
 16777216
370
    -2
100
AcDbLine
 10
-637.25
 20
390.375
 30
0.0
 11
-637.25
 21
380.7500000000003
 31
0.0
  0
LINE
  5
231B
330
827
100
AcDbEntity
  8
Dimensions
 62
     0
440
 16777216
370
    -2
100
AcDbLine
 10
-739.7499999999999
 20
382.0000000000003
 30
0.0
 11
-639.7499999999999
 21
382.0000000000003
 31
0.0
  0
SOLID
  5
231C
330
827
100
AcDbEntity
  8
Dimensions
 62
     0
440
 16777216
100
AcDbTrace
 10
-739.7499999999999
 20
382.416666666667
 30
0.0
 11
-739.7499999999999
 21
381.5833333333336
 31
0.0
 12
-742.25
 22
382.0000000000003
 32
0.0
 13
-742.25
 23
382.0000000000003
 33
0.0
  0
SOLID
  5
231D
330
827
100
AcDbEntity
  8
Dimensions
 62
     0
440
 16777216
100
AcDbTrace
 10
-639.7499999999999
 20
382.416666666667
 30
0.0
 11
-639.7499999999999
 21
381.5833333333336
 31
0.0
 12
-637.25
 22
382.0000000000003
 32
0.0
 13
-637.25
 23
382.0000000000003
 33
0.0
  0
MTEXT
  5
231E
330
827
100
AcDbEntity
  8
Dimensions
 62
     0
440
 16777216
100
AcDbMText
 10
-689.7499999999999
 20
383.9014324693045
 30
0.0
 40
2.5
 41
0.0
 46
0.0
 71
     5
 72
     1
  1
105
 73
     1
 44
1.0
  0
POINT
  5
231F
330
827
100
AcDbEntity
  8
Defpoints
 62
     0
440
 16777216
100
AcDbPoint
 10
-742.25
 20
391.0000000000001
 30
0.0
  0
POINT
  5
2320
330
827
100
AcDbEntity
  8
Defpoints
 62
     0
440
 16777216
100
AcDbPoint
 10
-637.25
 20
391.0000000000001
 30
0.0
  0
POINT
  5
2321
330
827
100
AcDbEntity
  8
Defpoints
 62
     0
440
 16777216
100
AcDbPoint
 10
-637.25
 20
382.0000000000003
 30
0.0
  0
ENDBLK
  5
829
330
827
100
AcDbEntity
  8
0
100
AcDbBlockEnd
  0
BLOCK
  5
834
330
833
100
AcDbEntity
  8
0
100
AcDbBlockBegin
  2
*D94
 70
     1
 10
0.0
 20
0.0
 30
0.0
  3
*D94
  1

  0
LINE
  5
2322
330
833
100
AcDbEntity
  8
Dimensions
 62
     0
440
 16777216
370
    -2
100
AcDbLine
 10
-637.25
 20
390.375
 30
0.0
 11
-637.25
 21
380.7500000000002
 31
0.0
  0
LINE
  5
2323
330
833
100
AcDbEntity
  8
Dimensions
 62
     0
440
 16777216
370
    -2
100
AcDbLine
 10
-467.25
 20
390.375
 30
0.0
 11
-467.25
 21
380.7500000000002
 31
0.0
  0
LINE
  5
2324
330
833
100
AcDbEntity
  8
Dimensions
 62
     0
440
 16777216
370
    -2
100
AcDbLine
 10
-634.75
 20
382.0000000000002
 30
0.0
 11
-469.7499999999999
 21
382.0000000000002
 31
0.0
  0
SOLID
  5
2325
330
833
100
AcDbEntity
  8
Dimensions
 62
     0
440
 16777216
100
AcDbTrace
 10
-634.75
 20
382.4166666666669
 30
0.0
 11
-634.75
 21
381.5833333333335
 31
0.0
 12
-637.25
 22
382.0000000000002
 32
0.0
 13
-637.25
 23
382.0000000000002
 33
0.0
  0
SOLID
  5
2326
330
833
100
AcDbEntity
  8
Dimensions
 62
     0
440
 16777216
100
AcDbTrace
 10
-469.7499999999999
 20
382.4166666666669
 30
0.0
 11
-469.7499999999999
 21
381.5833333333335
 31
0.0
 12
-467.25
 22
382.0000000000002
 32
0.0
 13
-467.25
 23
382.0000000000002
 33
0.0
  0
MTEXT
  5
2327
330
833
100
AcDbEntity
  8
Dimensions
 62
     0
440
 16777216
100
AcDbMText
 10
-552.2499999999999
 20
383.9014324693044
 30
0.0
 40
2.5
 41
0.0
 46
0.0
 71
     5
 72
     1
  1
170
 73
     1
 44
1.0
  0
POINT
  5
2328
330
833
100
AcDbEntity
  8
Defpoints
 62
     0
440
 16777216
100
AcDbPoint
 10
-637.25
 20
391.0000000000001
 30
0.0
  0
POINT
  5
2329
330
833
100
AcDbEntity
  8
Defpoints
 62
     0
440
 16777216
100
AcDbPoint
 10
-467.25
 20
391.0000000000001
 30
0.0
  0
POINT
  5
232A
330
833
100
AcDbEntity
  8
Defpoints
 62
     0
440
 16777216
100
AcDbPoint
 10
-467.25
 20
382.0000000000002
 30
0.0
  0
ENDBLK
  5
835
330
833
100
AcDbEntity
  8
0
100
AcDbBlockEnd
  0
BLOCK
  5
840
330
83F
100
AcDbEntity
  8
0
100
AcDbBlockBegin
  2
*D95
 70
     1
 10
0.0
 20
0.0
 30
0.0
  3
*D95
  1

  0
LINE
  5
232B
330
83F
100
AcDbEntity
  8
Dimensions
 62
     0
440
 16777216
370
    -2
100
AcDbLine
 10
-467.25
 20
390.375
 30
0.0
 11
-467.25
 21
380.7500000000002
 31
0.0
  0
LINE
  5
232C
330
83F
100
AcDbEntity
  8
Dimensions
 62
     0
440
 16777216
370
    -2
100
AcDbLine
 10
-297.25
 20
390.375
 30
0.0
 11
-297.25
 21
380.7500000000002
 31
0.0
  0
LINE
  5
232D
330
83F
100
AcDbEntity
  8
Dimensions
 62
     0
440
 16777216
370
    -2
100
AcDbLine
 10
-464.7499999999999
 20
382.0000000000002
 30
0.0
 11
-299.75
 21
382.0000000000002
 31
0.0
  0
SOLID
  5
232E
330
83F
100
AcDbEntity
  8
Dimensions
 62
     0
440
 16777216
100
AcDbTrace
 10
-464.7499999999999
 20
382.4166666666669
 30
0.0
 11
-464.7499999999999
 21
381.5833333333335
 31
0.0
 12
-467.25
 22
382.0000000000002
 32
0.0
 13
-467.25
 23
382.0000000000002
 33
0.0
  0
SOLID
  5
232F
330
83F
100
AcDbEntity
  8
Dimensions
 62
     0
440
 16777216
100
AcDbTrace
 10
-299.75
 20
382.4166666666669
 30
0.0
 11
-299.75
 21
381.5833333333335
 31
0.0
 12
-297.25
 22
382.0000000000002
 32
0.0
 13
-297.25
 23
382.0000000000002
 33
0.0
  0
MTEXT
  5
2330
330
83F
100
AcDbEntity
  8
Dimensions
 62
     0
440
 16777216
100
AcDbMText
 10
-382.25
 20
383.9014324693044
 30
0.0
 40
2.5
 41
0.0
 46
0.0
 71
     5
 72
     1
  1
170
 73
     1
 44
1.0
  0
POINT
  5
2331
330
83F
100
AcDbEntity
  8
Defpoints
 62
     0
440
 16777216
100
AcDbPoint
 10
-467.25
 20
391.0000000000001
 30
0.0
  0
POINT
  5
2332
330
83F
100
AcDbEntity
  8
Defpoints
 62
     0
440
 16777216
100
AcDbPoint
 10
-297.25
 20
391.0
 30
0.0
  0
POINT
  5
2333
330
83F
100
AcDbEntity
  8
Defpoints
 62
     0
440
 16777216
100
AcDbPoint
 10
-297.25
 20
382.0000000000002
 30
0.0
  0
ENDBLK
  5
841
330
83F
100
AcDbEntity
  8
0
100
AcDbBlockEnd
  0
BLOCK
  5
84C
330
84B
100
AcDbEntity
  8
0
100
AcDbBlockBegin
  2
*D96
 70
     1
 10
0.0
 20
0.0
 30
0.0
  3
*D96
  1

  0
LINE
  5
234C
330
84B
100
AcDbEntity
  8
Dimensions
 62
     0
440
 16777216
370
    -2
100
AcDbLine
 10
-196.625
 20
1169.0
 30
0.0
 11
-170.0
 21
1169.0
 31
0.0
  0
LINE
  5
234D
330
84B
100
AcDbEntity
  8
Dimensions
 62
     0
440
 16777216
370
    -2
100
AcDbLine
 10
-196.625
 20
1210.0
 30
0.0
 11
-170.0
 21
1210.0
 31
0.0
  0
LINE
  5
234E
330
84B
100
AcDbEntity
  8
Dimensions
 62
     0
440
 16777216
370
    -2
100
AcDbLine
 10
-171.2499999999999
 20
1171.5
 30
0.0
 11
-171.2499999999999
 21
1207.5
 31
0.0
  0
SOLID
  5
234F
330
84B
100
AcDbEntity
  8
Dimensions
 62
     0
440
 16777216
100
AcDbTrace
 10
-171.6666666666666
 20
1171.5
 30
0.0
 11
-170.8333333333333
 21
1171.5
 31
0.0
 12
-171.2499999999999
 22
1169.0
 32
0.0
 13
-171.2499999999999
 23
1169.0
 33
0.0
  0
SOLID
  5
2350
330
84B
100
AcDbEntity
  8
Dimensions
 62
     0
440
 16777216
100
AcDbTrace
 10
-171.6666666666666
 20
1207.5
 30
0.0
 11
-170.8333333333333
 21
1207.5
 31
0.0
 12
-171.2499999999999
 22
1210.0
 32
0.0
 13
-171.2499999999999
 23
1210.0
 33
0.0
  0
MTEXT
  5
2351
330
84B
100
AcDbEntity
  8
Dimensions
 62
     0
440
 16777216
100
AcDbMText
 10
-173.1301159618004
 20
1189.5
 30
0.0
 40
2.5
 41
0.0
 46
0.0
 71
     5
 72
     1
  1
41
 11
0.0000000000000001
 21
1.0
 31
0.0
 73
     1
 44
1.0
  0
POINT
  5
2352
330
84B
100
AcDbEntity
  8
Defpoints
 62
     0
440
 16777216
100
AcDbPoint
 10
-197.25
 20
1169.0
 30
0.0
  0
POINT
  5
2353
330
84B
100
AcDbEntity
  8
Defpoints
 62
     0
440
 16777216
100
AcDbPoint
 10
-197.25
 20
1210.0
 30
0.0
  0
POINT
  5
2354
330
84B
100
AcDbEntity
  8
Defpoints
 62
     0
440
 16777216
100
AcDbPoint
 10
-171.2499999999999
 20
1210.0
 30
0.0
  0
ENDBLK
  5
84D
330
84B
100
AcDbEntity
  8
0
100
AcDbBlockEnd
  0
BLOCK
  5
858
330
857
100
AcDbEntity
  8
0
100
AcDbBlockBegin
  2
*D97
 70
     1
 10
0.0
 20
0.0
 30
0.0
  3
*D97
  1

  0
LINE
  5
2355
330
857
100
AcDbEntity
  8
Dimensions
 62
     0
440
 16777216
370
    -2
100
AcDbLine
 10
-318.6250000000001
 20
1210.0
 30
0.0
 11
-169.9999999999999
 21
1210.0
 31
0.0
  0
LINE
  5
2356
330
857
100
AcDbEntity
  8
Dimensions
 62
     0
440
 16777216
370
    -2
100
AcDbLine
 10
-196.625
 20
1307.0
 30
0.0
 11
-170.0
 21
1307.0
 31
0.0
  0
LINE
  5
2357
330
857
100
AcDbEntity
  8
Dimensions
 62
     0
440
 16777216
370
    -2
100
AcDbLine
 10
-171.2499999999999
 20
1212.5
 30
0.0
 11
-171.2499999999999
 21
1304.5
 31
0.0
  0
SOLID
  5
2358
330
857
100
AcDbEntity
  8
Dimensions
 62
     0
440
 16777216
100
AcDbTrace
 10
-171.6666666666666
 20
1212.5
 30
0.0
 11
-170.8333333333333
 21
1212.5
 31
0.0
 12
-171.2499999999999
 22
1210.0
 32
0.0
 13
-171.2499999999999
 23
1210.0
 33
0.0
  0
SOLID
  5
2359
330
857
100
AcDbEntity
  8
Dimensions
 62
     0
440
 16777216
100
AcDbTrace
 10
-171.6666666666666
 20
1304.5
 30
0.0
 11
-170.8333333333333
 21
1304.5
 31
0.0
 12
-171.2499999999999
 22
1307.0
 32
0.0
 13
-171.2499999999999
 23
1307.0
 33
0.0
  0
MTEXT
  5
235A
330
857
100
AcDbEntity
  8
Dimensions
 62
     0
440
 16777216
100
AcDbMText
 10
-173.1514324693038
 20
1258.5
 30
0.0
 40
2.5
 41
0.0
 46
0.0
 71
     5
 72
     1
  1
97
 11
0.0000000000000001
 21
1.0
 31
0.0
 73
     1
 44
1.0
  0
POINT
  5
235B
330
857
100
AcDbEntity
  8
Defpoints
 62
     0
440
 16777216
100
AcDbPoint
 10
-319.2500000000001
 20
1210.0
 30
0.0
  0
POINT
  5
235C
330
857
100
AcDbEntity
  8
Defpoints
 62
     0
440
 16777216
100
AcDbPoint
 10
-197.25
 20
1307.0
 30
0.0
  0
POINT
  5
235D
330
857
100
AcDbEntity
  8
Defpoints
 62
     0
440
 16777216
100
AcDbPoint
 10
-171.2499999999999
 20
1307.0
 30
0.0
  0
ENDBLK
  5
859
330
857
100
AcDbEntity
  8
0
100
AcDbBlockEnd
  0
BLOCK
  5
864
330
863
100
AcDbEntity
  8
0
100
AcDbBlockBegin
  2
*D98
 70
     1
 10
0.0
 20
0.0
 30
0.0
  3
*D98
  1

  0
LINE
  5
235E
330
863
100
AcDbEntity
  8
Dimensions
 62
     0
440
 16777216
370
    -2
100
AcDbLine
 10
-741.6250000000001
 20
1307.0
 30
0.0
 11
-170.0
 21
1307.000000000001
 31
0.0
  0
LINE
  5
235F
330
863
100
AcDbEntity
  8
Dimensions
 62
     0
440
 16777216
370
    -2
100
AcDbLine
 10
-741.6250000000001
 20
1328.0
 30
0.0
 11
-170.0
 21
1328.0
 31
0.0
  0
LINE
  5
2360
330
863
100
AcDbEntity
  8
Dimensions
 62
     0
440
 16777216
370
    -2
100
AcDbLine
 10
-171.2499999999999
 20
1309.5
 30
0.0
 11
-171.2499999999999
 21
1325.500000000001
 31
0.0
  0
SOLID
  5
2361
330
863
100
AcDbEntity
  8
Dimensions
 62
     0
440
 16777216
100
AcDbTrace
 10
-171.6666666666666
 20
1309.5
 30
0.0
 11
-170.8333333333333
 21
1309.5
 31
0.0
 12
-171.2499999999999
 22
1307.000000000001
 32
0.0
 13
-171.2499999999999
 23
1307.000000000001
 33
0.0
  0
SOLID
  5
2362
330
863
100
AcDbEntity
  8
Dimensions
 62
     0
440
 16777216
100
AcDbTrace
 10
-171.6666666666666
 20
1325.500000000001
 30
0.0
 11
-170.8333333333333
 21
1325.500000000001
 31
0.0
 12
-171.2499999999999
 22
1328.0
 32
0.0
 13
-171.2499999999999
 23
1328.0
 33
0.0
  0
MTEXT
  5
2363
330
863
100
AcDbEntity
  8
Dimensions
 62
     0
440
 16777216
100
AcDbMText
 10
-173.1301159618004
 20
1317.5
 30
0.0
 40
2.5
 41
0.0
 46
0.0
 71
     5
 72
     1
  1
21
 11
0.0000000000000001
 21
1.0
 31
0.0
 73
     1
 44
1.0
  0
POINT
  5
2364
330
863
100
AcDbEntity
  8
Defpoints
 62
     0
440
 16777216
100
AcDbPoint
 10
-742.2500000000001
 20
1307.0
 30
0.0
  0
POINT
  5
2365
330
863
100
AcDbEntity
  8
Defpoints
 62
     0
440
 16777216
100
AcDbPoint
 10
-742.2500000000001
 20
1328.0
 30
0.0
  0
POINT
  5
2366
330
863
100
AcDbEntity
  8
Defpoints
 62
     0
440
 16777216
100
AcDbPoint
 10
-171.2499999999999
 20
1328.0
 30
0.0
  0
ENDBLK
  5
865
330
863
100
AcDbEntity
  8
0
100
AcDbBlockEnd
  0
BLOCK
  5
870
330
86F
100
AcDbEntity
  8
0
100
AcDbBlockBegin
  2
*D99
 70
     1
 10
0.0
 20
0.0
 30
0.0
  3
*D99
  1

  0
LINE
  5
2367
330
86F
100
AcDbEntity
  8
Dimensions
 62
     0
440
 16777216
370
    -2
100
AcDbLine
 10
-197.2499999999999
 20
1168.375
 30
0.0
 11
-197.2499999999999
 21
1164.750000000001
 31
0.0
  0
LINE
  5
2368
330
86F
100
AcDbEntity
  8
Dimensions
 62
     0
440
 16777216
370
    -2
100
AcDbLine
 10
-207.2499999999999
 20
1353.375
 30
0.0
 11
-207.2499999999999
 21
1164.750000000001
 31
0.0
  0
LINE
  5
2369
330
86F
100
AcDbEntity
  8
Dimensions
 62
     0
440
 16777216
370
    -2
100
AcDbLine
 10
-199.7499999999999
 20
1166.000000000001
 30
0.0
 11
-204.7499999999999
 21
1166.000000000001
 31
0.0
  0
SOLID
  5
236A
330
86F
100
AcDbEntity
  8
Dimensions
 62
     0
440
 16777216
100
AcDbTrace
 10
-199.7499999999999
 20
1166.416666666667
 30
0.0
 11
-199.7499999999999
 21
1165.583333333334
 31
0.0
 12
-197.2499999999999
 22
1166.000000000001
 32
0.0
 13
-197.2499999999999
 23
1166.000000000001
 33
0.0
  0
SOLID
  5
236B
330
86F
100
AcDbEntity
  8
Dimensions
 62
     0
440
 16777216
100
AcDbTrace
 10
-204.7499999999999
 20
1166.416666666667
 30
0.0
 11
-204.7499999999999
 21
1165.583333333334
 31
0.0
 12
-207.2499999999999
 22
1166.000000000001
 32
0.0
 13
-207.2499999999999
 23
1166.000000000001
 33
0.0
  0
MTEXT
  5
236C
330
86F
100
AcDbEntity
  8
Dimensions
 62
     0
440
 16777216
100
AcDbMText
 10
-202.2499999999999
 20
1167.901432469305
 30
0.0
 40
2.5
 41
0.0
 46
0.0
 71
     5
 72
     1
  1
10
 73
     1
 44
1.0
  0
POINT
  5
236D
330
86F
100
AcDbEntity
  8
Defpoints
 62
     0
440
 16777216
100
AcDbPoint
 10
-197.2499999999999
 20
1169.0
 30
0.0
  0
POINT
  5
236E
330
86F
100
AcDbEntity
  8
Defpoints
 62
     0
440
 16777216
100
AcDbPoint
 10
-207.2499999999999
 20
1354.0
 30
0.0
  0
POINT
  5
236F
330
86F
100
AcDbEntity
  8
Defpoints
 62
     0
440
 16777216
100
AcDbPoint
 10
-207.2499999999999
 20
1166.000000000001
 30
0.0
  0
ENDBLK
  5
871
330
86F
100
AcDbEntity
  8
0
100
AcDbBlockEnd
  0
BLOCK
  5
87C
330
87B
100
AcDbEntity
  8
0
100
AcDbBlockBegin
  2
*D100
 70
     1
 10
0.0
 20
0.0
 30
0.0
  3
*D100
  1

  0
LINE
  5
2370
330
87B
100
AcDbEntity
  8
Dimensions
 62
     0
440
 16777216
370
    -2
100
AcDbLine
 10
-207.2499999999999
 20
1168.375
 30
0.0
 11
-207.2499999999999
 21
1164.750000000001
 31
0.0
  0
LINE
  5
2371
330
87B
100
AcDbEntity
  8
Dimensions
 62
     0
440
 16777216
370
    -2
100
AcDbLine
 10
-297.25
 20
1168.375
 30
0.0
 11
-297.25
 21
1164.750000000001
 31
0.0
  0
LINE
  5
2372
330
87B
100
AcDbEntity
  8
Dimensions
 62
     0
440
 16777216
370
    -2
100
AcDbLine
 10
-209.7499999999999
 20
1166.000000000001
 30
0.0
 11
-294.7499999999999
 21
1166.000000000001
 31
0.0
  0
SOLID
  5
2373
330
87B
100
AcDbEntity
  8
Dimensions
 62
     0
440
 16777216
100
AcDbTrace
 10
-209.7499999999999
 20
1166.416666666667
 30
0.0
 11
-209.7499999999999
 21
1165.583333333334
 31
0.0
 12
-207.2499999999999
 22
1166.000000000001
 32
0.0
 13
-207.2499999999999
 23
1166.000000000001
 33
0.0
  0
SOLID
  5
2374
330
87B
100
AcDbEntity
  8
Dimensions
 62
     0
440
 16777216
100
AcDbTrace
 10
-294.7499999999999
 20
1166.416666666667
 30
0.0
 11
-294.7499999999999
 21
1165.583333333334
 31
0.0
 12
-297.25
 22
1166.000000000001
 32
0.0
 13
-297.25
 23
1166.000000000001
 33
0.0
  0
MTEXT
  5
2375
330
87B
100
AcDbEntity
  8
Dimensions
 62
     0
440
 16777216
100
AcDbMText
 10
-252.2499999999999
 20
1167.901432469305
 30
0.0
 40
2.5
 41
0.0
 46
0.0
 71
     5
 72
     1
  1
90
 73
     1
 44
1.0
  0
POINT
  5
2376
330
87B
100
AcDbEntity
  8
Defpoints
 62
     0
440
 16777216
100
AcDbPoint
 10
-207.2499999999999
 20
1169.0
 30
0.0
  0
POINT
  5
2377
330
87B
100
AcDbEntity
  8
Defpoints
 62
     0
440
 16777216
100
AcDbPoint
 10
-297.25
 20
1169.0
 30
0.0
  0
POINT
  5
2378
330
87B
100
AcDbEntity
  8
Defpoints
 62
     0
440
 16777216
100
AcDbPoint
 10
-297.25
 20
1166.000000000001
 30
0.0
  0
ENDBLK
  5
87D
330
87B
100
AcDbEntity
  8
0
100
AcDbBlockEnd
  0
BLOCK
  5
888
330
887
100
AcDbEntity
  8
0
100
AcDbBlockBegin
  2
*D101
 70
     1
 10
0.0
 20
0.0
 30
0.0
  3
*D101
  1

  0
LINE
  5
2379
330
887
100
AcDbEntity
  8
Dimensions
 62
     0
440
 16777216
370
    -2
100
AcDbLine
 10
-297.25
 20
1353.375
 30
0.0
 11
-297.25
 21
1164.750000000001
 31
0.0
  0
LINE
  5
237A
330
887
100
AcDbEntity
  8
Dimensions
 62
     0
440
 16777216
370
    -2
100
AcDbLine
 10
-464.2499999999999
 20
1353.375
 30
0.0
 11
-464.2499999999999
 21
1164.750000000001
 31
0.0
  0
LINE
  5
237B
330
887
100
AcDbEntity
  8
Dimensions
 62
     0
440
 16777216
370
    -2
100
AcDbLine
 10
-299.75
 20
1166.000000000001
 30
0.0
 11
-461.7499999999999
 21
1166.000000000001
 31
0.0
  0
SOLID
  5
237C
330
887
100
AcDbEntity
  8
Dimensions
 62
     0
440
 16777216
100
AcDbTrace
 10
-299.75
 20
1166.416666666667
 30
0.0
 11
-299.75
 21
1165.583333333334
 31
0.0
 12
-297.25
 22
1166.000000000001
 32
0.0
 13
-297.25
 23
1166.000000000001
 33
0.0
  0
SOLID
  5
237D
330
887
100
AcDbEntity
  8
Dimensions
 62
     0
440
 16777216
100
AcDbTrace
 10
-461.7499999999999
 20
1166.416666666667
 30
0.0
 11
-461.7499999999999
 21
1165.583333333334
 31
0.0
 12
-464.2499999999999
 22
1166.000000000001
 32
0.0
 13
-464.2499999999999
 23
1166.000000000001
 33
0.0
  0
MTEXT
  5
237E
330
887
100
AcDbEntity
  8
Dimensions
 62
     0
440
 16777216
100
AcDbMText
 10
-380.75
 20
1167.901432469305
 30
0.0
 40
2.5
 41
0.0
 46
0.0
 71
     5
 72
     1
  1
167
 73
     1
 44
1.0
  0
POINT
  5
237F
330
887
100
AcDbEntity
  8
Defpoints
 62
     0
440
 16777216
100
AcDbPoint
 10
-297.25
 20
1354.0
 30
0.0
  0
POINT
  5
2380
330
887
100
AcDbEntity
  8
Defpoints
 62
     0
440
 16777216
100
AcDbPoint
 10
-464.2499999999999
 20
1354.0
 30
0.0
  0
POINT
  5
2381
330
887
100
AcDbEntity
  8
Defpoints
 62
     0
440
 16777216
100
AcDbPoint
 10
-464.2499999999999
 20
1166.000000000001
 30
0.0
  0
ENDBLK
  5
889
330
887
100
AcDbEntity
  8
0
100
AcDbBlockEnd
  0
BLOCK
  5
894
330
893
100
AcDbEntity
  8
0
100
AcDbBlockBegin
  2
*D102
 70
     1
 10
0.0
 20
0.0
 30
0.0
  3
*D102
  1

  0
LINE
  5
2382
330
893
100
AcDbEntity
  8
Dimensions
 62
     0
440
 16777216
370
    -2
100
AcDbLine
 10
-464.2499999999999
 20
1217.375
 30
0.0
 11
-464.2499999999999
 21
1164.750000000001
 31
0.0
  0
LINE
  5
2383
330
893
100
AcDbEntity
  8
Dimensions
 62
     0
440
 16777216
370
    -2
100
AcDbLine
 10
-520.2499999999998
 20
1353.375
 30
0.0
 11
-520.2499999999998
 21
1164.750000000001
 31
0.0
  0
LINE
  5
2384
330
893
100
AcDbEntity
  8
Dimensions
 62
     0
440
 16777216
370
    -2
100
AcDbLine
 10
-466.7499999999999
 20
1166.000000000001
 30
0.0
 11
-517.7499999999999
 21
1166.000000000001
 31
0.0
  0
SOLID
  5
2385
330
893
100
AcDbEntity
  8
Dimensions
 62
     0
440
 16777216
100
AcDbTrace
 10
-466.7499999999999
 20
1166.416666666667
 30
0.0
 11
-466.7499999999999
 21
1165.583333333334
 31
0.0
 12
-464.2499999999999
 22
1166.000000000001
 32
0.0
 13
-464.2499999999999
 23
1166.000000000001
 33
0.0
  0
SOLID
  5
2386
330
893
100
AcDbEntity
  8
Dimensions
 62
     0
440
 16777216
100
AcDbTrace
 10
-517.7499999999999
 20
1166.416666666667
 30
0.0
 11
-517.7499999999999
 21
1165.583333333334
 31
0.0
 12
-520.2499999999998
 22
1166.000000000001
 32
0.0
 13
-520.2499999999998
 23
1166.000000000001
 33
0.0
  0
MTEXT
  5
2387
330
893
100
AcDbEntity
  8
Dimensions
 62
     0
440
 16777216
100
AcDbMText
 10
-492.2499999999998
 20
1167.901432469305
 30
0.0
 40
2.5
 41
0.0
 46
0.0
 71
     5
 72
     1
  1
56
 73
     1
 44
1.0
  0
POINT
  5
2388
330
893
100
AcDbEntity
  8
Defpoints
 62
     0
440
 16777216
100
AcDbPoint
 10
-464.2499999999999
 20
1218.0
 30
0.0
  0
POINT
  5
2389
330
893
100
AcDbEntity
  8
Defpoints
 62
     0
440
 16777216
100
AcDbPoint
 10
-520.2499999999998
 20
1354.0
 30
0.0
  0
POINT
  5
238A
330
893
100
AcDbEntity
  8
Defpoints
 62
     0
440
 16777216
100
AcDbPoint
 10
-520.2499999999998
 20
1166.000000000001
 30
0.0
  0
ENDBLK
  5
895
330
893
100
AcDbEntity
  8
0
100
AcDbBlockEnd
  0
BLOCK
  5
8A0
330
89F
100
AcDbEntity
  8
0
100
AcDbBlockBegin
  2
*D103
 70
     1
 10
0.0
 20
0.0
 30
0.0
  3
*D103
  1

  0
LINE
  5
32E7
330
89F
100
AcDbEntity
  8
Dimensions
 62
     0
440
 16777216
370
    -2
100
AcDbLine
 10
-305.782585268714
 20
1219.282585268714
 30
0.0
 11
-300.0355339059325
 21
1213.535533905933
 31
0.0
  0
LINE
  5
32E8
330
89F
100
AcDbEntity
  8
Dimensions
 62
     0
440
 16777216
370
    -2
100
AcDbLine
 10
-292.9644660940673
 20
1206.464466094067
 30
0.0
 11
-291.196699141101
 21
1204.696699141101
 31
0.0
  0
MTEXT
  5
32E9
330
89F
100
AcDbEntity
  8
Dimensions
 62
     0
440
 16777216
100
AcDbMText
 10
-302.3989876766106
 20
1218.686898451002
 30
0.0
 40
2.5
 41
0.0
 46
0.0
 71
     5
 72
     1
  1
∅5
 11
0.7071067811865588
 21
-0.7071067811865363
 31
0.0
 73
     1
 44
1.0
  0
LINE
  5
32EA
330
89F
100
AcDbEntity
  8
Dimensions
 62
     0
440
 16777216
370
    -2
100
AcDbLine
 10
-294.7322330470337
 20
1208.232233047034
 30
0.0
 11
-298.2677669529661
 21
1211.767766952966
 31
0.0
  0
SOLID
  5
32EB
330
89F
100
AcDbEntity
  8
Dimensions
 62
     0
440
 16777216
100
AcDbTrace
 10
-292.669838268573
 20
1206.759093919562
 30
0.0
 11
-293.2590939195616
 21
1206.169838268573
 31
0.0
 12
-294.7322330470337
 22
1208.232233047034
 32
0.0
 13
-294.7322330470337
 23
1208.232233047034
 33
0.0
  0
SOLID
  5
32EC
330
89F
100
AcDbEntity
  8
Dimensions
 62
     0
440
 16777216
100
AcDbTrace
 10
-299.7409060804382
 20
1213.830161731427
 30
0.0
 11
-300.3301617314269
 21
1213.240906080438
 31
0.0
 12
-298.2677669529661
 22
1211.767766952966
 32
0.0
 13
-298.2677669529661
 23
1211.767766952966
 33
0.0
  0
POINT
  5
32ED
330
89F
100
AcDbEntity
  8
Defpoints
 62
     0
440
 16777216
100
AcDbPoint
 10
-298.2677669529661
 20
1211.767766952966
 30
0.0
  0
POINT
  5
32EE
330
89F
100
AcDbEntity
  8
Defpoints
 62
     0
440
 16777216
100
AcDbPoint
 10
-294.7322330470337
 20
1208.232233047034
 30
0.0
  0
ENDBLK
  5
8A1
330
89F
100
AcDbEntity
  8
0
100
AcDbBlockEnd
  0
BLOCK
  5
8AB
330
8AA
100
AcDbEntity
  8
0
100
AcDbBlockBegin
  2
*D104
 70
     1
 10
0.0
 20
0.0
 30
0.0
  3
*D104
  1

  0
LINE
  5
32EF
330
8AA
100
AcDbEntity
  8
Dimensions
 62
     0
440
 16777216
370
    -2
100
AcDbLine
 10
-305.7825852687142
 20
1316.282585268714
 30
0.0
 11
-300.0355339059327
 21
1310.535533905933
 31
0.0
  0
LINE
  5
32F0
330
8AA
100
AcDbEntity
  8
Dimensions
 62
     0
440
 16777216
370
    -2
100
AcDbLine
 10
-292.964466094067
 20
1303.464466094067
 30
0.0
 11
-291.1966991411007
 21
1301.696699141101
 31
0.0
  0
MTEXT
  5
32F1
330
8AA
100
AcDbEntity
  8
Dimensions
 62
     0
440
 16777216
100
AcDbMText
 10
-302.3989876766108
 20
1315.686898451002
 30
0.0
 40
2.5
 41
0.0
 46
0.0
 71
     5
 72
     1
  1
∅5
 11
0.7071067811865588
 21
-0.7071067811865363
 31
0.0
 73
     1
 44
1.0
  0
LINE
  5
32F2
330
8AA
100
AcDbEntity
  8
Dimensions
 62
     0
440
 16777216
370
    -2
100
AcDbLine
 10
-294.7322330470334
 20
1305.232233047034
 30
0.0
 11
-298.2677669529662
 21
1308.767766952966
 31
0.0
  0
SOLID
  5
32F3
330
8AA
100
AcDbEntity
  8
Dimensions
 62
     0
440
 16777216
100
AcDbTrace
 10
-292.6698382685726
 20
1303.759093919562
 30
0.0
 11
-293.2590939195613
 21
1303.169838268573
 31
0.0
 12
-294.7322330470334
 22
1305.232233047034
 32
0.0
 13
-294.7322330470334
 23
1305.232233047034
 33
0.0
  0
SOLID
  5
32F4
330
8AA
100
AcDbEntity
  8
Dimensions
 62
     0
440
 16777216
100
AcDbTrace
 10
-299.7409060804384
 20
1310.830161731427
 30
0.0
 11
-300.3301617314271
 21
1310.240906080438
 31
0.0
 12
-298.2677669529662
 22
1308.767766952966
 32
0.0
 13
-298.2677669529662
 23
1308.767766952966
 33
0.0
  0
POINT
  5
32F5
330
8AA
100
AcDbEntity
  8
Defpoints
 62
     0
440
 16777216
100
AcDbPoint
 10
-298.2677669529662
 20
1308.767766952966
 30
0.0
  0
POINT
  5
32F6
330
8AA
100
AcDbEntity
  8
Defpoints
 62
     0
440
 16777216
100
AcDbPoint
 10
-294.7322330470334
 20
1305.232233047034
 30
0.0
  0
ENDBLK
  5
8AC
330
8AA
100
AcDbEntity
  8
0
100
AcDbBlockEnd
  0
BLOCK
  5
8B6
330
8B5
100
AcDbEntity
  8
0
100
AcDbBlockBegin
  2
*D105
 70
     1
 10
0.0
 20
0.0
 30
0.0
  3
*D105
  1

  0
LINE
  5
32F7
330
8B5
100
AcDbEntity
  8
Dimensions
 62
     0
440
 16777216
370
    -2
100
AcDbLine
 10
-215.7825852687143
 20
1219.282585268714
 30
0.0
 11
-210.0355339059326
 21
1213.535533905933
 31
0.0
  0
LINE
  5
32F8
330
8B5
100
AcDbEntity
  8
Dimensions
 62
     0
440
 16777216
370
    -2
100
AcDbLine
 10
-202.9644660940669
 20
1206.464466094067
 30
0.0
 11
-201.1966991411004
 21
1204.696699141101
 31
0.0
  0
MTEXT
  5
32F9
330
8B5
100
AcDbEntity
  8
Dimensions
 62
     0
440
 16777216
100
AcDbMText
 10
-212.3989876766108
 20
1218.686898451002
 30
0.0
 40
2.5
 41
0.0
 46
0.0
 71
     5
 72
     1
  1
∅5
 11
0.7071067811865588
 21
-0.7071067811865363
 31
0.0
 73
     1
 44
1.0
  0
LINE
  5
32FA
330
8B5
100
AcDbEntity
  8
Dimensions
 62
     0
440
 16777216
370
    -2
100
AcDbLine
 10
-204.7322330470332
 20
1208.232233047033
 30
0.0
 11
-208.2677669529662
 21
1211.767766952966
 31
0.0
  0
SOLID
  5
32FB
330
8B5
100
AcDbEntity
  8
Dimensions
 62
     0
440
 16777216
100
AcDbTrace
 10
-202.6698382685725
 20
1206.759093919562
 30
0.0
 11
-203.2590939195613
 21
1206.169838268573
 31
0.0
 12
-204.7322330470332
 22
1208.232233047033
 32
0.0
 13
-204.7322330470332
 23
1208.232233047033
 33
0.0
  0
SOLID
  5
32FC
330
8B5
100
AcDbEntity
  8
Dimensions
 62
     0
440
 16777216
100
AcDbTrace
 10
-209.7409060804383
 20
1213.830161731427
 30
0.0
 11
-210.330161731427
 21
1213.240906080438
 31
0.0
 12
-208.2677669529662
 22
1211.767766952966
 32
0.0
 13
-208.2677669529662
 23
1211.767766952966
 33
0.0
  0
POINT
  5
32FD
330
8B5
100
AcDbEntity
  8
Defpoints
 62
     0
440
 16777216
100
AcDbPoint
 10
-208.2677669529662
 20
1211.767766952966
 30
0.0
  0
POINT
  5
32FE
330
8B5
100
AcDbEntity
  8
Defpoints
 62
     0
440
 16777216
100
AcDbPoint
 10
-204.7322330470332
 20
1208.232233047033
 30
0.0
  0
ENDBLK
  5
8B7
330
8B5
100
AcDbEntity
  8
0
100
AcDbBlockEnd
  0
BLOCK
  5
8C1
330
8C0
100
AcDbEntity
  8
0
100
AcDbBlockBegin
  2
*D106
 70
     1
 10
0.0
 20
0.0
 30
0.0
  3
*D106
  1

  0
LINE
  5
32FF
330
8C0
100
AcDbEntity
  8
Dimensions
 62
     0
440
 16777216
370
    -2
100
AcDbLine
 10
-215.7825852687133
 20
1316.282585268714
 30
0.0
 11
-210.0355339059322
 21
1310.535533905933
 31
0.0
  0
LINE
  5
3300
330
8C0
100
AcDbEntity
  8
Dimensions
 62
     0
440
 16777216
370
    -2
100
AcDbLine
 10
-202.9644660940668
 20
1303.464466094067
 30
0.0
 11
-201.1966991411004
 21
1301.6966991411
 31
0.0
  0
MTEXT
  5
3301
330
8C0
100
AcDbEntity
  8
Dimensions
 62
     0
440
 16777216
100
AcDbMText
 10
-212.3989876766101
 20
1315.686898451003
 30
0.0
 40
2.5
 41
0.0
 46
0.0
 71
     5
 72
     1
  1
∅5
 11
0.7071067811865137
 21
-0.7071067811865815
 31
0.0
 73
     1
 44
1.0
  0
LINE
  5
3302
330
8C0
100
AcDbEntity
  8
Dimensions
 62
     0
440
 16777216
370
    -2
100
AcDbLine
 10
-204.732233047033
 20
1305.232233047033
 30
0.0
 11
-208.2677669529659
 21
1308.767766952966
 31
0.0
  0
SOLID
  5
3303
330
8C0
100
AcDbEntity
  8
Dimensions
 62
     0
440
 16777216
100
AcDbTrace
 10
-202.6698382685724
 20
1303.759093919561
 30
0.0
 11
-203.2590939195612
 21
1303.169838268572
 31
0.0
 12
-204.732233047033
 22
1305.232233047033
 32
0.0
 13
-204.732233047033
 23
1305.232233047033
 33
0.0
  0
SOLID
  5
3304
330
8C0
100
AcDbEntity
  8
Dimensions
 62
     0
440
 16777216
100
AcDbTrace
 10
-209.7409060804379
 20
1310.830161731427
 30
0.0
 11
-210.3301617314266
 21
1310.240906080438
 31
0.0
 12
-208.2677669529659
 22
1308.767766952966
 32
0.0
 13
-208.2677669529659
 23
1308.767766952966
 33
0.0
  0
POINT
  5
3305
330
8C0
100
AcDbEntity
  8
Defpoints
 62
     0
440
 16777216
100
AcDbPoint
 10
-208.2677669529659
 20
1308.767766952966
 30
0.0
  0
POINT
  5
3306
330
8C0
100
AcDbEntity
  8
Defpoints
 62
     0
440
 16777216
100
AcDbPoint
 10
-204.732233047033
 20
1305.232233047033
 30
0.0
  0
ENDBLK
  5
8C2
330
8C0
100
AcDbEntity
  8
0
100
AcDbBlockEnd
  0
BLOCK
  5
8CC
330
8CB
100
AcDbEntity
  8
0
100
AcDbBlockBegin
  2
*D107
 70
     1
 10
0.0
 20
0.0
 30
0.0
  3
*D107
  1

  0
LINE
  5
2EE7
330
8CB
100
AcDbEntity
  8
Dimensions
 62
     0
440
 16777216
370
    -2
100
AcDbLine
 10
-529.5325852687142
 20
1316.282585268714
 30
0.0
 11
-523.7855339059325
 21
1310.535533905932
 31
0.0
  0
LINE
  5
2EE8
330
8CB
100
AcDbEntity
  8
Dimensions
 62
     0
440
 16777216
370
    -2
100
AcDbLine
 10
-516.714466094067
 20
1303.464466094067
 30
0.0
 11
-514.9466991411006
 21
1301.696699141101
 31
0.0
  0
MTEXT
  5
2EE9
330
8CB
100
AcDbEntity
  8
Dimensions
 62
     0
440
 16777216
100
AcDbMText
 10
-526.1489876766105
 20
1315.686898451002
 30
0.0
 40
2.5
 41
0.0
 46
0.0
 71
     5
 72
     1
  1
∅5
 11
0.7071067811865701
 21
-0.7071067811865249
 31
0.0
 73
     1
 44
1.0
  0
LINE
  5
2EEA
330
8CB
100
AcDbEntity
  8
Dimensions
 62
     0
440
 16777216
370
    -2
100
AcDbLine
 10
-518.4822330470334
 20
1305.232233047034
 30
0.0
 11
-522.017766952966
 21
1308.767766952966
 31
0.0
  0
SOLID
  5
2EEB
330
8CB
100
AcDbEntity
  8
Dimensions
 62
     0
440
 16777216
100
AcDbTrace
 10
-516.4198382685726
 20
1303.759093919562
 30
0.0
 11
-517.0090939195613
 21
1303.169838268573
 31
0.0
 12
-518.4822330470334
 22
1305.232233047034
 32
0.0
 13
-518.4822330470334
 23
1305.232233047034
 33
0.0
  0
SOLID
  5
2EEC
330
8CB
100
AcDbEntity
  8
Dimensions
 62
     0
440
 16777216
100
AcDbTrace
 10
-523.4909060804382
 20
1310.830161731427
 30
0.0
 11
-524.0801617314268
 21
1310.240906080438
 31
0.0
 12
-522.017766952966
 22
1308.767766952966
 32
0.0
 13
-522.017766952966
 23
1308.767766952966
 33
0.0
  0
POINT
  5
2EED
330
8CB
100
AcDbEntity
  8
Defpoints
 62
     0
440
 16777216
100
AcDbPoint
 10
-522.017766952966
 20
1308.767766952966
 30
0.0
  0
POINT
  5
2EEE
330
8CB
100
AcDbEntity
  8
Defpoints
 62
     0
440
 16777216
100
AcDbPoint
 10
-518.4822330470334
 20
1305.232233047034
 30
0.0
  0
ENDBLK
  5
8CD
330
8CB
100
AcDbEntity
  8
0
100
AcDbBlockEnd
  0
BLOCK
  5
8D7
330
8D6
100
AcDbEntity
  8
0
100
AcDbBlockBegin
  2
*D108
 70
     1
 10
0.0
 20
0.0
 30
0.0
  3
*D108
  1

  0
LINE
  5
2ECF
330
8D6
100
AcDbEntity
  8
Dimensions
 62
     0
440
 16777216
370
    -2
100
AcDbLine
 10
-529.5325852687142
 20
1337.282585268714
 30
0.0
 11
-523.7855339059326
 21
1331.535533905932
 31
0.0
  0
LINE
  5
2ED0
330
8D6
100
AcDbEntity
  8
Dimensions
 62
     0
440
 16777216
370
    -2
100
AcDbLine
 10
-516.7144660940667
 20
1324.464466094066
 30
0.0
 11
-514.9466991411002
 21
1322.6966991411
 31
0.0
  0
MTEXT
  5
2ED1
330
8D6
100
AcDbEntity
  8
Dimensions
 62
     0
440
 16777216
100
AcDbMText
 10
-526.1489876766107
 20
1336.686898451002
 30
0.0
 40
2.5
 41
0.0
 46
0.0
 71
     5
 72
     1
  1
∅5
 11
0.7071067811865588
 21
-0.7071067811865363
 31
0.0
 73
     1
 44
1.0
  0
LINE
  5
2ED2
330
8D6
100
AcDbEntity
  8
Dimensions
 62
     0
440
 16777216
370
    -2
100
AcDbLine
 10
-518.4822330470331
 20
1326.232233047033
 30
0.0
 11
-522.0177669529662
 21
1329.767766952966
 31
0.0
  0
SOLID
  5
2ED3
330
8D6
100
AcDbEntity
  8
Dimensions
 62
     0
440
 16777216
100
AcDbTrace
 10
-516.4198382685724
 20
1324.759093919561
 30
0.0
 11
-517.0090939195611
 21
1324.169838268572
 31
0.0
 12
-518.4822330470331
 22
1326.232233047033
 32
0.0
 13
-518.4822330470331
 23
1326.232233047033
 33
0.0
  0
SOLID
  5
2ED4
330
8D6
100
AcDbEntity
  8
Dimensions
 62
     0
440
 16777216
100
AcDbTrace
 10
-523.4909060804382
 20
1331.830161731427
 30
0.0
 11
-524.080161731427
 21
1331.240906080438
 31
0.0
 12
-522.0177669529662
 22
1329.767766952966
 32
0.0
 13
-522.0177669529662
 23
1329.767766952966
 33
0.0
  0
POINT
  5
2ED5
330
8D6
100
AcDbEntity
  8
Defpoints
 62
     0
440
 16777216
100
AcDbPoint
 10
-522.0177669529662
 20
1329.767766952966
 30
0.0
  0
POINT
  5
2ED6
330
8D6
100
AcDbEntity
  8
Defpoints
 62
     0
440
 16777216
100
AcDbPoint
 10
-518.4822330470331
 20
1326.232233047033
 30
0.0
  0
ENDBLK
  5
8D8
330
8D6
100
AcDbEntity
  8
0
100
AcDbBlockEnd
  0
BLOCK
  5
8E2
330
8E1
100
AcDbEntity
  8
0
100
AcDbBlockBegin
  2
*D109
 70
     1
 10
0.0
 20
0.0
 30
0.0
  3
*D109
  1

  0
LINE
  5
2ED7
330
8E1
100
AcDbEntity
  8
Dimensions
 62
     0
440
 16777216
370
    -2
100
AcDbLine
 10
-473.5325852687156
 20
1337.282585268713
 30
0.0
 11
-467.7855339059333
 21
1331.535533905932
 31
0.0
  0
LINE
  5
2ED8
330
8E1
100
AcDbEntity
  8
Dimensions
 62
     0
440
 16777216
370
    -2
100
AcDbLine
 10
-460.714466094067
 20
1324.464466094068
 30
0.0
 11
-458.9466991411003
 21
1322.696699141102
 31
0.0
  0
MTEXT
  5
2ED9
330
8E1
100
AcDbEntity
  8
Dimensions
 62
     0
440
 16777216
100
AcDbMText
 10
-470.1489876766123
 20
1336.686898451002
 30
0.0
 40
2.5
 41
0.0
 46
0.0
 71
     5
 72
     1
  1
∅5
 11
0.70710678118665
 21
-0.7071067811864451
 31
0.0
 73
     1
 44
1.0
  0
LINE
  5
2EDA
330
8E1
100
AcDbEntity
  8
Dimensions
 62
     0
440
 16777216
370
    -2
100
AcDbLine
 10
-462.4822330470336
 20
1326.232233047034
 30
0.0
 11
-466.0177669529666
 21
1329.767766952966
 31
0.0
  0
SOLID
  5
2EDB
330
8E1
100
AcDbEntity
  8
Dimensions
 62
     0
440
 16777216
100
AcDbTrace
 10
-460.4198382685726
 20
1324.759093919562
 30
0.0
 11
-461.0090939195613
 21
1324.169838268574
 31
0.0
 12
-462.4822330470336
 22
1326.232233047034
 32
0.0
 13
-462.4822330470336
 23
1326.232233047034
 33
0.0
  0
SOLID
  5
2EDC
330
8E1
100
AcDbEntity
  8
Dimensions
 62
     0
440
 16777216
100
AcDbTrace
 10
-467.490906080439
 20
1331.830161731427
 30
0.0
 11
-468.0801617314276
 21
1331.240906080438
 31
0.0
 12
-466.0177669529666
 22
1329.767766952966
 32
0.0
 13
-466.0177669529666
 23
1329.767766952966
 33
0.0
  0
POINT
  5
2EDD
330
8E1
100
AcDbEntity
  8
Defpoints
 62
     0
440
 16777216
100
AcDbPoint
 10
-466.0177669529666
 20
1329.767766952966
 30
0.0
  0
POINT
  5
2EDE
330
8E1
100
AcDbEntity
  8
Defpoints
 62
     0
440
 16777216
100
AcDbPoint
 10
-462.4822330470336
 20
1326.232233047034
 30
0.0
  0
ENDBLK
  5
8E3
330
8E1
100
AcDbEntity
  8
0
100
AcDbBlockEnd
  0
BLOCK
  5
8ED
330
8EC
100
AcDbEntity
  8
0
100
AcDbBlockBegin
  2
*D110
 70
     1
 10
0.0
 20
0.0
 30
0.0
  3
*D110
  1

  0
LINE
  5
2EDF
330
8EC
100
AcDbEntity
  8
Dimensions
 62
     0
440
 16777216
370
    -2
100
AcDbLine
 10
-473.5325852687147
 20
1316.282585268713
 30
0.0
 11
-467.7855339059327
 21
1310.535533905932
 31
0.0
  0
LINE
  5
2EE0
330
8EC
100
AcDbEntity
  8
Dimensions
 62
     0
440
 16777216
370
    -2
100
AcDbLine
 10
-460.7144660940669
 20
1303.464466094067
 30
0.0
 11
-458.9466991411003
 21
1301.696699141101
 31
0.0
  0
MTEXT
  5
2EE1
330
8EC
100
AcDbEntity
  8
Dimensions
 62
     0
440
 16777216
100
AcDbMText
 10
-470.1489876766112
 20
1315.686898451002
 30
0.0
 40
2.5
 41
0.0
 46
0.0
 71
     5
 72
     1
  1
∅5
 11
0.7071067811865985
 21
-0.7071067811864966
 31
0.0
 73
     1
 44
1.0
  0
LINE
  5
2EE2
330
8EC
100
AcDbEntity
  8
Dimensions
 62
     0
440
 16777216
370
    -2
100
AcDbLine
 10
-462.4822330470333
 20
1305.232233047034
 30
0.0
 11
-466.0177669529663
 21
1308.767766952966
 31
0.0
  0
SOLID
  5
2EE3
330
8EC
100
AcDbEntity
  8
Dimensions
 62
     0
440
 16777216
100
AcDbTrace
 10
-460.4198382685726
 20
1303.759093919562
 30
0.0
 11
-461.0090939195613
 21
1303.169838268573
 31
0.0
 12
-462.4822330470333
 22
1305.232233047034
 32
0.0
 13
-462.4822330470333
 23
1305.232233047034
 33
0.0
  0
SOLID
  5
2EE4
330
8EC
100
AcDbEntity
  8
Dimensions
 62
     0
440
 16777216
100
AcDbTrace
 10
-467.4909060804384
 20
1310.830161731426
 30
0.0
 11
-468.0801617314271
 21
1310.240906080438
 31
0.0
 12
-466.0177669529663
 22
1308.767766952966
 32
0.0
 13
-466.0177669529663
 23
1308.767766952966
 33
0.0
  0
POINT
  5
2EE5
330
8EC
100
AcDbEntity
  8
Defpoints
 62
     0
440
 16777216
100
AcDbPoint
 10
-466.0177669529663
 20
1308.767766952966
 30
0.0
  0
POINT
  5
2EE6
330
8EC
100
AcDbEntity
  8
Defpoints
 62
     0
440
 16777216
100
AcDbPoint
 10
-462.4822330470333
 20
1305.232233047034
 30
0.0
  0
ENDBLK
  5
8EE
330
8EC
100
AcDbEntity
  8
0
100
AcDbBlockEnd
  0
BLOCK
  5
8F8
330
8F7
100
AcDbEntity
  8
0
100
AcDbBlockBegin
  2
*D111
 70
     1
 10
0.0
 20
0.0
 30
0.0
  3
*D111
  1

  0
LINE
  5
2179
330
8F7
100
AcDbEntity
  8
Dimensions
 62
     0
440
 16777216
370
    -2
100
AcDbLine
 10
-197.25
 20
520.6249999999999
 30
0.0
 11
-197.25
 21
528.2500000000002
 31
0.0
  0
LINE
  5
217A
330
8F7
100
AcDbEntity
  8
Dimensions
 62
     0
440
 16777216
370
    -2
100
AcDbLine
 10
-319.25
 20
520.6249999999999
 30
0.0
 11
-319.25
 21
528.2500000000002
 31
0.0
  0
LINE
  5
217B
330
8F7
100
AcDbEntity
  8
Dimensions
 62
     0
440
 16777216
370
    -2
100
AcDbLine
 10
-199.75
 20
527.0000000000002
 30
0.0
 11
-316.75
 21
527.0000000000002
 31
0.0
  0
SOLID
  5
217C
330
8F7
100
AcDbEntity
  8
Dimensions
 62
     0
440
 16777216
100
AcDbTrace
 10
-199.75
 20
527.4166666666668
 30
0.0
 11
-199.75
 21
526.5833333333335
 31
0.0
 12
-197.25
 22
527.0000000000002
 32
0.0
 13
-197.25
 23
527.0000000000002
 33
0.0
  0
SOLID
  5
217D
330
8F7
100
AcDbEntity
  8
Dimensions
 62
     0
440
 16777216
100
AcDbTrace
 10
-316.75
 20
527.4166666666668
 30
0.0
 11
-316.75
 21
526.5833333333335
 31
0.0
 12
-319.25
 22
527.0000000000002
 32
0.0
 13
-319.25
 23
527.0000000000002
 33
0.0
  0
MTEXT
  5
217E
330
8F7
100
AcDbEntity
  8
Dimensions
 62
     0
440
 16777216
100
AcDbMText
 10
-258.25
 20
528.880115961801
 30
0.0
 40
2.5
 41
0.0
 46
0.0
 71
     5
 72
     1
  1
122
 73
     1
 44
1.0
  0
POINT
  5
217F
330
8F7
100
AcDbEntity
  8
Defpoints
 62
     0
440
 16777216
100
AcDbPoint
 10
-197.25
 20
520.0
 30
0.0
  0
POINT
  5
2180
330
8F7
100
AcDbEntity
  8
Defpoints
 62
     0
440
 16777216
100
AcDbPoint
 10
-319.25
 20
520.0
 30
0.0
  0
POINT
  5
2181
330
8F7
100
AcDbEntity
  8
Defpoints
 62
     0
440
 16777216
100
AcDbPoint
 10
-319.25
 20
527.0000000000002
 30
0.0
  0
ENDBLK
  5
8F9
330
8F7
100
AcDbEntity
  8
0
100
AcDbBlockEnd
  0
BLOCK
  5
904
330
903
100
AcDbEntity
  8
0
100
AcDbBlockBegin
  2
*D112
 70
     1
 10
0.0
 20
0.0
 30
0.0
  3
*D112
  1

  0
LINE
  5
2182
330
903
100
AcDbEntity
  8
Dimensions
 62
     0
440
 16777216
370
    -2
100
AcDbLine
 10
-196.6250000000001
 20
335.0000000000001
 30
0.0
 11
-182.0
 21
335.0000000000001
 31
0.0
  0
LINE
  5
2183
330
903
100
AcDbEntity
  8
Dimensions
 62
     0
440
 16777216
370
    -2
100
AcDbLine
 10
-196.6250000000001
 20
520.0000000000001
 30
0.0
 11
-182.0000000000001
 21
520.0000000000001
 31
0.0
  0
LINE
  5
2184
330
903
100
AcDbEntity
  8
Dimensions
 62
     0
440
 16777216
370
    -2
100
AcDbLine
 10
-183.25
 20
337.5000000000001
 30
0.0
 11
-183.2500000000001
 21
517.5000000000002
 31
0.0
  0
SOLID
  5
2185
330
903
100
AcDbEntity
  8
Dimensions
 62
     0
440
 16777216
100
AcDbTrace
 10
-183.6666666666667
 20
337.5000000000001
 30
0.0
 11
-182.8333333333334
 21
337.5000000000001
 31
0.0
 12
-183.25
 22
335.0000000000001
 32
0.0
 13
-183.25
 23
335.0000000000001
 33
0.0
  0
SOLID
  5
2186
330
903
100
AcDbEntity
  8
Dimensions
 62
     0
440
 16777216
100
AcDbTrace
 10
-183.6666666666667
 20
517.5000000000002
 30
0.0
 11
-182.8333333333334
 21
517.5000000000002
 31
0.0
 12
-183.2500000000001
 22
520.0000000000001
 32
0.0
 13
-183.2500000000001
 23
520.0000000000001
 33
0.0
  0
MTEXT
  5
2187
330
903
100
AcDbEntity
  8
Dimensions
 62
     0
440
 16777216
100
AcDbMText
 10
-185.1514324693041
 20
427.5000000000001
 30
0.0
 40
2.5
 41
0.0
 46
0.0
 71
     5
 72
     1
  1
185
 11
0.0000000000000001
 21
1.0
 31
0.0
 73
     1
 44
1.0
  0
POINT
  5
2188
330
903
100
AcDbEntity
  8
Defpoints
 62
     0
440
 16777216
100
AcDbPoint
 10
-197.2500000000001
 20
335.0000000000001
 30
0.0
  0
POINT
  5
2189
330
903
100
AcDbEntity
  8
Defpoints
 62
     0
440
 16777216
100
AcDbPoint
 10
-197.2500000000001
 20
520.0000000000001
 30
0.0
  0
POINT
  5
218A
330
903
100
AcDbEntity
  8
Defpoints
 62
     0
440
 16777216
100
AcDbPoint
 10
-183.2500000000001
 20
520.0000000000001
 30
0.0
  0
ENDBLK
  5
905
330
903
100
AcDbEntity
  8
0
100
AcDbBlockEnd
  0
BLOCK
  5
919
330
918
100
AcDbEntity
  8
0
100
AcDbBlockBegin
  2
*D113
 70
     1
 10
0.0
 20
0.0
 30
0.0
  3
*D113
  1

  0
LINE
  5
2194
330
918
100
AcDbEntity
  8
Dimensions
 62
     0
440
 16777216
370
    -2
100
AcDbLine
 10
-197.25
 20
334.375
 30
0.0
 11
-197.25
 21
326.7500000000002
 31
0.0
  0
LINE
  5
2195
330
918
100
AcDbEntity
  8
Dimensions
 62
     0
440
 16777216
370
    -2
100
AcDbLine
 10
-742.25
 20
334.375
 30
0.0
 11
-742.25
 21
326.7500000000002
 31
0.0
  0
LINE
  5
2196
330
918
100
AcDbEntity
  8
Dimensions
 62
     0
440
 16777216
370
    -2
100
AcDbLine
 10
-199.75
 20
328.0000000000002
 30
0.0
 11
-739.7499999999999
 21
328.0000000000002
 31
0.0
  0
SOLID
  5
2197
330
918
100
AcDbEntity
  8
Dimensions
 62
     0
440
 16777216
100
AcDbTrace
 10
-199.75
 20
328.4166666666669
 30
0.0
 11
-199.75
 21
327.5833333333336
 31
0.0
 12
-197.25
 22
328.0000000000002
 32
0.0
 13
-197.25
 23
328.0000000000002
 33
0.0
  0
SOLID
  5
2198
330
918
100
AcDbEntity
  8
Dimensions
 62
     0
440
 16777216
100
AcDbTrace
 10
-739.7499999999999
 20
328.4166666666669
 30
0.0
 11
-739.7499999999999
 21
327.5833333333336
 31
0.0
 12
-742.25
 22
328.0000000000002
 32
0.0
 13
-742.25
 23
328.0000000000002
 33
0.0
  0
MTEXT
  5
2199
330
918
100
AcDbEntity
  8
Dimensions
 62
     0
440
 16777216
100
AcDbMText
 10
-469.7499999999999
 20
329.8963165075036
 30
0.0
 40
2.5
 41
0.0
 46
0.0
 71
     5
 72
     1
  1
545
 73
     1
 44
1.0
  0
POINT
  5
219A
330
918
100
AcDbEntity
  8
Defpoints
 62
     0
440
 16777216
100
AcDbPoint
 10
-197.25
 20
335.0
 30
0.0
  0
POINT
  5
219B
330
918
100
AcDbEntity
  8
Defpoints
 62
     0
440
 16777216
100
AcDbPoint
 10
-742.25
 20
335.0
 30
0.0
  0
POINT
  5
219C
330
918
100
AcDbEntity
  8
Defpoints
 62
     0
440
 16777216
100
AcDbPoint
 10
-742.25
 20
328.0000000000002
 30
0.0
  0
ENDBLK
  5
91A
330
918
100
AcDbEntity
  8
0
100
AcDbBlockEnd
  0
BLOCK
  5
937
330
936
100
AcDbEntity
  8
0
100
AcDbBlockBegin
  2
*D114
 70
     1
 10
0.0
 20
0.0
 30
0.0
  3
*D114
  1

  0
LINE
  5
21AF
330
936
100
AcDbEntity
  8
Dimensions
 62
     0
440
 16777216
370
    -2
100
AcDbLine
 10
-396.25
 20
667.375
 30
0.0
 11
-396.25
 21
633.7500000000003
 31
0.0
  0
LINE
  5
21B0
330
936
100
AcDbEntity
  8
Dimensions
 62
     0
440
 16777216
370
    -2
100
AcDbLine
 10
-996.25
 20
667.375
 30
0.0
 11
-996.25
 21
633.7500000000003
 31
0.0
  0
LINE
  5
21B1
330
936
100
AcDbEntity
  8
Dimensions
 62
     0
440
 16777216
370
    -2
100
AcDbLine
 10
-398.7499999999999
 20
635.0000000000003
 30
0.0
 11
-993.75
 21
635.0000000000003
 31
0.0
  0
SOLID
  5
21B2
330
936
100
AcDbEntity
  8
Dimensions
 62
     0
440
 16777216
100
AcDbTrace
 10
-398.7499999999999
 20
635.4166666666669
 30
0.0
 11
-398.7499999999999
 21
634.5833333333337
 31
0.0
 12
-396.25
 22
635.0000000000003
 32
0.0
 13
-396.25
 23
635.0000000000003
 33
0.0
  0
SOLID
  5
21B3
330
936
100
AcDbEntity
  8
Dimensions
 62
     0
440
 16777216
100
AcDbTrace
 10
-993.75
 20
635.4166666666669
 30
0.0
 11
-993.75
 21
634.5833333333337
 31
0.0
 12
-996.25
 22
635.0000000000003
 32
0.0
 13
-996.25
 23
635.0000000000003
 33
0.0
  0
MTEXT
  5
21B4
330
936
100
AcDbEntity
  8
Dimensions
 62
     0
440
 16777216
100
AcDbMText
 10
-696.25
 20
636.9014324693046
 30
0.0
 40
2.5
 41
0.0
 46
0.0
 71
     5
 72
     1
  1
600
 73
     1
 44
1.0
  0
POINT
  5
21B5
330
936
100
AcDbEntity
  8
Defpoints
 62
     0
440
 16777216
100
AcDbPoint
 10
-396.25
 20
668.0
 30
0.0
  0
POINT
  5
21B6
330
936
100
AcDbEntity
  8
Defpoints
 62
     0
440
 16777216
100
AcDbPoint
 10
-996.25
 20
668.0000000000001
 30
0.0
  0
POINT
  5
21B7
330
936
100
AcDbEntity
  8
Defpoints
 62
     0
440
 16777216
100
AcDbPoint
 10
-996.25
 20
635.0000000000003
 30
0.0
  0
ENDBLK
  5
938
330
936
100
AcDbEntity
  8
0
100
AcDbBlockEnd
  0
BLOCK
  5
955
330
954
100
AcDbEntity
  8
0
100
AcDbBlockBegin
  2
*D115
 70
     1
 10
0.0
 20
0.0
 30
0.0
  3
*D115
  1

  0
LINE
  5
21CA
330
954
100
AcDbEntity
  8
Dimensions
 62
     0
440
 16777216
370
    -2
100
AcDbLine
 10
-848.6250000000005
 20
668.0000000000002
 30
0.0
 11
-833.0000000000005
 21
668.0000000000002
 31
0.0
  0
LINE
  5
21CB
330
954
100
AcDbEntity
  8
Dimensions
 62
     0
440
 16777216
370
    -2
100
AcDbLine
 10
-849.2500000000005
 20
690.0000000000002
 30
0.0
 11
-833.0000000000005
 21
690.0000000000002
 31
0.0
  0
LINE
  5
21CC
330
954
100
AcDbEntity
  8
Dimensions
 62
     0
440
 16777216
370
    -2
100
AcDbLine
 10
-834.2500000000004
 20
670.5000000000002
 30
0.0
 11
-834.2500000000004
 21
687.5000000000002
 31
0.0
  0
SOLID
  5
21CD
330
954
100
AcDbEntity
  8
Dimensions
 62
     0
440
 16777216
100
AcDbTrace
 10
-834.6666666666671
 20
670.5000000000002
 30
0.0
 11
-833.8333333333338
 21
670.5000000000002
 31
0.0
 12
-834.2500000000004
 22
668.0000000000002
 32
0.0
 13
-834.2500000000004
 23
668.0000000000002
 33
0.0
  0
SOLID
  5
21CE
330
954
100
AcDbEntity
  8
Dimensions
 62
     0
440
 16777216
100
AcDbTrace
 10
-834.6666666666671
 20
687.5000000000002
 30
0.0
 11
-833.8333333333338
 21
687.5000000000002
 31
0.0
 12
-834.2500000000004
 22
690.0000000000002
 32
0.0
 13
-834.2500000000004
 23
690.0000000000002
 33
0.0
  0
MTEXT
  5
21CF
330
954
100
AcDbEntity
  8
Dimensions
 62
     0
440
 16777216
100
AcDbMText
 10
-836.1301159618008
 20
679.0000000000003
 30
0.0
 40
2.5
 41
0.0
 46
0.0
 71
     5
 72
     1
  1
22
 11
0.0000000000000001
 21
1.0
 31
0.0
 73
     1
 44
1.0
  0
POINT
  5
21D0
330
954
100
AcDbEntity
  8
Defpoints
 62
     0
440
 16777216
100
AcDbPoint
 10
-849.2500000000005
 20
668.0000000000002
 30
0.0
  0
POINT
  5
21D1
330
954
100
AcDbEntity
  8
Defpoints
 62
     0
440
 16777216
100
AcDbPoint
 10
-849.8750000000004
 20
690.0000000000002
 30
0.0
  0
POINT
  5
21D2
330
954
100
AcDbEntity
  8
Defpoints
 62
     0
440
 16777216
100
AcDbPoint
 10
-834.2500000000004
 20
690.0000000000002
 30
0.0
  0
ENDBLK
  5
956
330
954
100
AcDbEntity
  8
0
100
AcDbBlockEnd
  0
BLOCK
  5
96A
330
969
100
AcDbEntity
  8
0
100
AcDbBlockBegin
  2
*D116
 70
     1
 10
0.0
 20
0.0
 30
0.0
  3
*D116
  1

  0
LINE
  5
3196
330
969
100
AcDbEntity
  8
Dimensions
 62
     0
440
 16777216
370
    -2
100
AcDbLine
 10
-860.1216685341814
 20
698.1216685341803
 30
0.0
 11
-854.3890872965263
 21
692.3890872965257
 31
0.0
  0
LINE
  5
3197
330
969
100
AcDbEntity
  8
Dimensions
 62
     0
440
 16777216
370
    -2
100
AcDbLine
 10
-846.6109127034739
 20
684.610912703474
 30
0.0
 11
-844.8431457505076
 21
682.8431457505078
 31
0.0
  0
MTEXT
  5
3198
330
969
100
AcDbEntity
  8
Dimensions
 62
     0
440
 16777216
100
AcDbMText
 10
-856.7453060046412
 20
697.5332167790321
 30
0.0
 40
2.5
 41
0.0
 46
0.0
 71
     5
 72
     1
  1
∅6
 11
0.7071067811865759
 21
-0.7071067811865193
 31
0.0
 73
     1
 44
1.0
  0
LINE
  5
3199
330
969
100
AcDbEntity
  8
Dimensions
 62
     0
440
 16777216
370
    -2
100
AcDbLine
 10
-848.3786796564404
 20
686.3786796564404
 30
0.0
 11
-852.6213203435599
 21
690.6213203435595
 31
0.0
  0
SOLID
  5
319A
330
969
100
AcDbEntity
  8
Dimensions
 62
     0
440
 16777216
100
AcDbTrace
 10
-846.3162848779795
 20
684.9055405289684
 30
0.0
 11
-846.9055405289683
 21
684.3162848779797
 31
0.0
 12
-848.3786796564404
 22
686.3786796564404
 32
0.0
 13
-848.3786796564404
 23
686.3786796564404
 33
0.0
  0
SOLID
  5
319B
330
969
100
AcDbEntity
  8
Dimensions
 62
     0
440
 16777216
100
AcDbTrace
 10
-854.0944594710319
 20
692.6837151220202
 30
0.0
 11
-854.6837151220207
 21
692.0944594710314
 31
0.0
 12
-852.6213203435599
 22
690.6213203435595
 32
0.0
 13
-852.6213203435599
 23
690.6213203435595
 33
0.0
  0
POINT
  5
319C
330
969
100
AcDbEntity
  8
Defpoints
 62
     0
440
 16777216
100
AcDbPoint
 10
-852.6213203435599
 20
690.6213203435595
 30
0.0
  0
POINT
  5
319D
330
969
100
AcDbEntity
  8
Defpoints
 62
     0
440
 16777216
100
AcDbPoint
 10
-848.3786796564404
 20
686.3786796564404
 30
0.0
  0
ENDBLK
  5
96B
330
969
100
AcDbEntity
  8
0
100
AcDbBlockEnd
  0
BLOCK
  5
975
330
974
100
AcDbEntity
  8
0
100
AcDbBlockBegin
  2
*D117
 70
     1
 10
0.0
 20
0.0
 30
0.0
  3
*D117
  1

  0
LINE
  5
318E
330
974
100
AcDbEntity
  8
Dimensions
 62
     0
440
 16777216
370
    -2
100
AcDbLine
 10
-951.4564855295992
 20
866.4564855295997
 30
0.0
 11
-944.3492424049173
 21
859.3492424049175
 31
0.0
  0
LINE
  5
318F
330
974
100
AcDbEntity
  8
Dimensions
 62
     0
440
 16777216
370
    -2
100
AcDbLine
 10
-914.6507575950826
 20
829.6507575950821
 30
0.0
 11
-912.8829906421163
 21
827.8829906421158
 31
0.0
  0
MTEXT
  5
3190
330
974
100
AcDbEntity
  8
Dimensions
 62
     0
440
 16777216
100
AcDbMText
 10
-947.3927920565456
 20
865.1807028309377
 30
0.0
 40
2.5
 41
0.0
 46
0.0
 71
     5
 72
     1
  1
∅37
 11
0.70710678118654
 21
-0.7071067811865551
 31
0.0
 73
     1
 44
1.0
  0
LINE
  5
3191
330
974
100
AcDbEntity
  8
Dimensions
 62
     0
440
 16777216
370
    -2
100
AcDbLine
 10
-916.4185245480489
 20
831.4185245480485
 30
0.0
 11
-942.581475451951
 21
857.5814754519512
 31
0.0
  0
SOLID
  5
3192
330
974
100
AcDbEntity
  8
Dimensions
 62
     0
440
 16777216
100
AcDbTrace
 10
-914.3561297695882
 20
829.9453854205765
 30
0.0
 11
-914.945385420577
 21
829.3561297695879
 31
0.0
 12
-916.4185245480489
 22
831.4185245480485
 32
0.0
 13
-916.4185245480489
 23
831.4185245480485
 33
0.0
  0
SOLID
  5
3193
330
974
100
AcDbEntity
  8
Dimensions
 62
     0
440
 16777216
100
AcDbTrace
 10
-944.0546145794229
 20
859.6438702304121
 30
0.0
 11
-944.6438702304117
 21
859.0546145794233
 31
0.0
 12
-942.581475451951
 22
857.5814754519512
 32
0.0
 13
-942.581475451951
 23
857.5814754519512
 33
0.0
  0
POINT
  5
3194
330
974
100
AcDbEntity
  8
Defpoints
 62
     0
440
 16777216
100
AcDbPoint
 10
-942.581475451951
 20
857.5814754519512
 30
0.0
  0
POINT
  5
3195
330
974
100
AcDbEntity
  8
Defpoints
 62
     0
440
 16777216
100
AcDbPoint
 10
-916.4185245480489
 20
831.4185245480485
 30
0.0
  0
ENDBLK
  5
976
330
974
100
AcDbEntity
  8
0
100
AcDbBlockEnd
  0
BLOCK
  5
980
330
97F
100
AcDbEntity
  8
0
100
AcDbBlockBegin
  2
*D118
 70
     1
 10
0.0
 20
0.0
 30
0.0
  3
*D118
  1

  0
LINE
  5
319E
330
97F
100
AcDbEntity
  8
Dimensions
 62
     0
440
 16777216
370
    -2
100
AcDbLine
 10
-860.1216685341801
 20
986.1216685341808
 30
0.0
 11
-854.3890872965256
 21
980.3890872965258
 31
0.0
  0
LINE
  5
319F
330
97F
100
AcDbEntity
  8
Dimensions
 62
     0
440
 16777216
370
    -2
100
AcDbLine
 10
-846.6109127034739
 20
972.6109127034735
 30
0.0
 11
-844.8431457505076
 21
970.8431457505071
 31
0.0
  0
MTEXT
  5
31A0
330
97F
100
AcDbEntity
  8
Dimensions
 62
     0
440
 16777216
100
AcDbMText
 10
-856.7453060046402
 20
985.5332167790324
 30
0.0
 40
2.5
 41
0.0
 46
0.0
 71
     5
 72
     1
  1
∅6
 11
0.7071067811865193
 21
-0.7071067811865758
 31
0.0
 73
     1
 44
1.0
  0
LINE
  5
31A1
330
97F
100
AcDbEntity
  8
Dimensions
 62
     0
440
 16777216
370
    -2
100
AcDbLine
 10
-848.3786796564402
 20
974.37867965644
 30
0.0
 11
-852.6213203435593
 21
978.6213203435593
 31
0.0
  0
SOLID
  5
31A2
330
97F
100
AcDbEntity
  8
Dimensions
 62
     0
440
 16777216
100
AcDbTrace
 10
-846.3162848779795
 20
972.9055405289679
 30
0.0
 11
-846.9055405289683
 21
972.3162848779791
 31
0.0
 12
-848.3786796564402
 22
974.37867965644
 32
0.0
 13
-848.3786796564402
 23
974.37867965644
 33
0.0
  0
SOLID
  5
31A3
330
97F
100
AcDbEntity
  8
Dimensions
 62
     0
440
 16777216
100
AcDbTrace
 10
-854.0944594710312
 20
980.6837151220204
 30
0.0
 11
-854.68371512202
 21
980.0944594710315
 31
0.0
 12
-852.6213203435593
 22
978.6213203435593
 32
0.0
 13
-852.6213203435593
 23
978.6213203435593
 33
0.0
  0
POINT
  5
31A4
330
97F
100
AcDbEntity
  8
Defpoints
 62
     0
440
 16777216
100
AcDbPoint
 10
-852.6213203435593
 20
978.6213203435593
 30
0.0
  0
POINT
  5
31A5
330
97F
100
AcDbEntity
  8
Defpoints
 62
     0
440
 16777216
100
AcDbPoint
 10
-848.3786796564402
 20
974.37867965644
 30
0.0
  0
ENDBLK
  5
981
330
97F
100
AcDbEntity
  8
0
100
AcDbBlockEnd
  0
BLOCK
  5
98B
330
98A
100
AcDbEntity
  8
0
100
AcDbBlockBegin
  2
*D119
 70
     1
 10
0.0
 20
0.0
 30
0.0
  3
*D119
  1

  0
LINE
  5
31A6
330
98A
100
AcDbEntity
  8
Dimensions
 62
     0
440
 16777216
370
    -2
100
AcDbLine
 10
-462.1216685341803
 20
698.1216685341811
 30
0.0
 11
-456.3890872965258
 21
692.389087296526
 31
0.0
  0
LINE
  5
31A7
330
98A
100
AcDbEntity
  8
Dimensions
 62
     0
440
 16777216
370
    -2
100
AcDbLine
 10
-448.6109127034743
 20
684.6109127034736
 30
0.0
 11
-446.8431457505081
 21
682.8431457505072
 31
0.0
  0
MTEXT
  5
31A8
330
98A
100
AcDbEntity
  8
Dimensions
 62
     0
440
 16777216
100
AcDbMText
 10
-458.7453060046402
 20
697.5332167790325
 30
0.0
 40
2.5
 41
0.0
 46
0.0
 71
     5
 72
     1
  1
∅6
 11
0.7071067811865098
 21
-0.7071067811865852
 31
0.0
 73
     1
 44
1.0
  0
LINE
  5
31A9
330
98A
100
AcDbEntity
  8
Dimensions
 62
     0
440
 16777216
370
    -2
100
AcDbLine
 10
-450.3786796564407
 20
686.3786796564401
 30
0.0
 11
-454.6213203435595
 21
690.6213203435594
 31
0.0
  0
SOLID
  5
31AA
330
98A
100
AcDbEntity
  8
Dimensions
 62
     0
440
 16777216
100
AcDbTrace
 10
-448.3162848779799
 20
684.9055405289679
 30
0.0
 11
-448.9055405289687
 21
684.3162848779792
 31
0.0
 12
-450.3786796564407
 22
686.3786796564401
 32
0.0
 13
-450.3786796564407
 23
686.3786796564401
 33
0.0
  0
SOLID
  5
31AB
330
98A
100
AcDbEntity
  8
Dimensions
 62
     0
440
 16777216
100
AcDbTrace
 10
-456.0944594710313
 20
692.6837151220203
 30
0.0
 11
-456.6837151220203
 21
692.0944594710315
 31
0.0
 12
-454.6213203435595
 22
690.6213203435594
 32
0.0
 13
-454.6213203435595
 23
690.6213203435594
 33
0.0
  0
POINT
  5
31AC
330
98A
100
AcDbEntity
  8
Defpoints
 62
     0
440
 16777216
100
AcDbPoint
 10
-454.6213203435595
 20
690.6213203435594
 30
0.0
  0
POINT
  5
31AD
330
98A
100
AcDbEntity
  8
Defpoints
 62
     0
440
 16777216
100
AcDbPoint
 10
-450.3786796564407
 20
686.3786796564401
 30
0.0
  0
ENDBLK
  5
98C
330
98A
100
AcDbEntity
  8
0
100
AcDbBlockEnd
  0
BLOCK
  5
996
330
995
100
AcDbEntity
  8
0
100
AcDbBlockBegin
  2
*D120
 70
     1
 10
0.0
 20
0.0
 30
0.0
  3
*D120
  1

  0
LINE
  5
31AE
330
995
100
AcDbEntity
  8
Dimensions
 62
     0
440
 16777216
370
    -2
100
AcDbLine
 10
-462.1216685341805
 20
986.1216685341812
 30
0.0
 11
-456.3890872965258
 21
980.3890872965258
 31
0.0
  0
LINE
  5
31AF
330
995
100
AcDbEntity
  8
Dimensions
 62
     0
440
 16777216
370
    -2
100
AcDbLine
 10
-448.6109127034741
 20
972.6109127034733
 30
0.0
 11
-446.8431457505078
 21
970.8431457505069
 31
0.0
  0
MTEXT
  5
31B0
330
995
100
AcDbEntity
  8
Dimensions
 62
     0
440
 16777216
100
AcDbMText
 10
-458.7453060046401
 20
985.5332167790326
 30
0.0
 40
2.5
 41
0.0
 46
0.0
 71
     5
 72
     1
  1
∅6
 11
0.7071067811865098
 21
-0.7071067811865852
 31
0.0
 73
     1
 44
1.0
  0
LINE
  5
31B1
330
995
100
AcDbEntity
  8
Dimensions
 62
     0
440
 16777216
370
    -2
100
AcDbLine
 10
-450.3786796564404
 20
974.3786796564398
 30
0.0
 11
-454.6213203435595
 21
978.6213203435593
 31
0.0
  0
SOLID
  5
31B2
330
995
100
AcDbEntity
  8
Dimensions
 62
     0
440
 16777216
100
AcDbTrace
 10
-448.3162848779797
 20
972.9055405289678
 30
0.0
 11
-448.9055405289685
 21
972.3162848779791
 31
0.0
 12
-450.3786796564404
 22
974.3786796564398
 32
0.0
 13
-450.3786796564404
 23
974.3786796564398
 33
0.0
  0
SOLID
  5
31B3
330
995
100
AcDbEntity
  8
Dimensions
 62
     0
440
 16777216
100
AcDbTrace
 10
-456.0944594710313
 20
980.6837151220202
 30
0.0
 11
-456.6837151220203
 21
980.0944594710315
 31
0.0
 12
-454.6213203435595
 22
978.6213203435593
 32
0.0
 13
-454.6213203435595
 23
978.6213203435593
 33
0.0
  0
POINT
  5
31B4
330
995
100
AcDbEntity
  8
Defpoints
 62
     0
440
 16777216
100
AcDbPoint
 10
-454.6213203435595
 20
978.6213203435593
 30
0.0
  0
POINT
  5
31B5
330
995
100
AcDbEntity
  8
Defpoints
 62
     0
440
 16777216
100
AcDbPoint
 10
-450.3786796564404
 20
974.3786796564398
 30
0.0
  0
ENDBLK
  5
997
330
995
100
AcDbEntity
  8
0
100
AcDbBlockEnd
  0
BLOCK
  5
9AA
330
9A9
100
AcDbEntity
  8
0
100
AcDbBlockBegin
  2
*D121
 70
     1
 10
0.0
 20
0.0
 30
0.0
  3
*D121
  1

  0
LINE
  5
220D
330
9A9
100
AcDbEntity
  8
Dimensions
 62
     0
440
 16777216
370
    -2
100
AcDbLine
 10
-196.625
 20
1354.0
 30
0.0
 11
-181.9999999999999
 21
1354.0
 31
0.0
  0
LINE
  5
220E
330
9A9
100
AcDbEntity
  8
Dimensions
 62
     0
440
 16777216
370
    -2
100
AcDbLine
 10
-196.625
 20
1169.0
 30
0.0
 11
-181.9999999999998
 21
1169.0
 31
0.0
  0
LINE
  5
220F
330
9A9
100
AcDbEntity
  8
Dimensions
 62
     0
440
 16777216
370
    -2
100
AcDbLine
 10
-183.2499999999999
 20
1351.5
 30
0.0
 11
-183.2499999999998
 21
1171.5
 31
0.0
  0
SOLID
  5
2210
330
9A9
100
AcDbEntity
  8
Dimensions
 62
     0
440
 16777216
100
AcDbTrace
 10
-183.6666666666666
 20
1351.5
 30
0.0
 11
-182.8333333333332
 21
1351.5
 31
0.0
 12
-183.2499999999999
 22
1354.0
 32
0.0
 13
-183.2499999999999
 23
1354.0
 33
0.0
  0
SOLID
  5
2211
330
9A9
100
AcDbEntity
  8
Dimensions
 62
     0
440
 16777216
100
AcDbTrace
 10
-183.6666666666665
 20
1171.5
 30
0.0
 11
-182.8333333333332
 21
1171.5
 31
0.0
 12
-183.2499999999998
 22
1169.0
 32
0.0
 13
-183.2499999999998
 23
1169.0
 33
0.0
  0
MTEXT
  5
2212
330
9A9
100
AcDbEntity
  8
Dimensions
 62
     0
440
 16777216
100
AcDbMText
 10
-185.1514324693037
 20
1261.5
 30
0.0
 40
2.5
 41
0.0
 46
0.0
 71
     5
 72
     1
  1
185
 11
0.0000000000000001
 21
1.0
 31
0.0
 73
     1
 44
1.0
  0
POINT
  5
2213
330
9A9
100
AcDbEntity
  8
Defpoints
 62
     0
440
 16777216
100
AcDbPoint
 10
-197.25
 20
1354.0
 30
0.0
  0
POINT
  5
2214
330
9A9
100
AcDbEntity
  8
Defpoints
 62
     0
440
 16777216
100
AcDbPoint
 10
-197.25
 20
1169.0
 30
0.0
  0
POINT
  5
2215
330
9A9
100
AcDbEntity
  8
Defpoints
 62
     0
440
 16777216
100
AcDbPoint
 10
-183.2499999999998
 20
1169.0
 30
0.0
  0
ENDBLK
  5
9AB
330
9A9
100
AcDbEntity
  8
0
100
AcDbBlockEnd
  0
BLOCK
  5
9B6
330
9B5
100
AcDbEntity
  8
0
100
AcDbBlockBegin
  2
*D122
 70
     1
 10
0.0
 20
0.0
 30
0.0
  3
*D122
  1

  0
LINE
  5
2216
330
9B5
100
AcDbEntity
  8
Dimensions
 62
     0
440
 16777216
370
    -2
100
AcDbLine
 10
-197.2499999999999
 20
1354.97256968375
 30
0.0
 11
-197.2499999999999
 21
1359.25
 31
0.0
  0
LINE
  5
2217
330
9B5
100
AcDbEntity
  8
Dimensions
 62
     0
440
 16777216
370
    -2
100
AcDbLine
 10
-742.2499999999999
 20
1354.625
 30
0.0
 11
-742.2499999999999
 21
1359.25
 31
0.0
  0
LINE
  5
2218
330
9B5
100
AcDbEntity
  8
Dimensions
 62
     0
440
 16777216
370
    -2
100
AcDbLine
 10
-199.75
 20
1358.0
 30
0.0
 11
-739.7499999999999
 21
1358.0
 31
0.0
  0
SOLID
  5
2219
330
9B5
100
AcDbEntity
  8
Dimensions
 62
     0
440
 16777216
100
AcDbTrace
 10
-199.75
 20
1358.416666666667
 30
0.0
 11
-199.75
 21
1357.583333333334
 31
0.0
 12
-197.2499999999999
 22
1358.0
 32
0.0
 13
-197.2499999999999
 23
1358.0
 33
0.0
  0
SOLID
  5
221A
330
9B5
100
AcDbEntity
  8
Dimensions
 62
     0
440
 16777216
100
AcDbTrace
 10
-739.7499999999999
 20
1358.416666666667
 30
0.0
 11
-739.7499999999999
 21
1357.583333333334
 31
0.0
 12
-742.2499999999999
 22
1358.0
 32
0.0
 13
-742.2499999999999
 23
1358.0
 33
0.0
  0
MTEXT
  5
221B
330
9B5
100
AcDbEntity
  8
Dimensions
 62
     0
440
 16777216
100
AcDbMText
 10
-469.7499999999999
 20
1359.896316507503
 30
0.0
 40
2.5
 41
0.0
 46
0.0
 71
     5
 72
     1
  1
545
 73
     1
 44
1.0
  0
POINT
  5
221C
330
9B5
100
AcDbEntity
  8
Defpoints
 62
     0
440
 16777216
100
AcDbPoint
 10
-197.2499999999999
 20
1354.34756968375
 30
0.0
  0
POINT
  5
221D
330
9B5
100
AcDbEntity
  8
Defpoints
 62
     0
440
 16777216
100
AcDbPoint
 10
-742.2499999999999
 20
1354.0
 30
0.0
  0
POINT
  5
221E
330
9B5
100
AcDbEntity
  8
Defpoints
 62
     0
440
 16777216
100
AcDbPoint
 10
-742.2499999999999
 20
1358.0
 30
0.0
  0
ENDBLK
  5
9B7
330
9B5
100
AcDbEntity
  8
0
100
AcDbBlockEnd
  0
BLOCK
  5
9CB
330
9CA
100
AcDbEntity
  8
0
100
AcDbBlockBegin
  2
*D123
 70
     1
 10
0.0
 20
0.0
 30
0.0
  3
*D123
  1

  0
LINE
  5
2228
330
9CA
100
AcDbEntity
  8
Dimensions
 62
     0
440
 16777216
370
    -2
100
AcDbLine
 10
-317.2499999999999
 20
667.375
 30
0.0
 11
-317.2499999999999
 21
646.7500000000002
 31
0.0
  0
LINE
  5
2229
330
9CA
100
AcDbEntity
  8
Dimensions
 62
     0
440
 16777216
370
    -2
100
AcDbLine
 10
-123.2499999999999
 20
1000.375
 30
0.0
 11
-123.2499999999999
 21
646.7500000000002
 31
0.0
  0
LINE
  5
222A
330
9CA
100
AcDbEntity
  8
Dimensions
 62
     0
440
 16777216
370
    -2
100
AcDbLine
 10
-314.7499999999999
 20
648.0000000000002
 30
0.0
 11
-125.75
 21
648.0000000000002
 31
0.0
  0
SOLID
  5
222B
330
9CA
100
AcDbEntity
  8
Dimensions
 62
     0
440
 16777216
100
AcDbTrace
 10
-314.7499999999999
 20
648.4166666666668
 30
0.0
 11
-314.7499999999999
 21
647.5833333333335
 31
0.0
 12
-317.2499999999999
 22
648.0000000000002
 32
0.0
 13
-317.2499999999999
 23
648.0000000000002
 33
0.0
  0
SOLID
  5
222C
330
9CA
100
AcDbEntity
  8
Dimensions
 62
     0
440
 16777216
100
AcDbTrace
 10
-125.75
 20
648.4166666666668
 30
0.0
 11
-125.75
 21
647.5833333333335
 31
0.0
 12
-123.2499999999999
 22
648.0000000000002
 32
0.0
 13
-123.2499999999999
 23
648.0000000000002
 33
0.0
  0
MTEXT
  5
222D
330
9CA
100
AcDbEntity
  8
Dimensions
 62
     0
440
 16777216
100
AcDbMText
 10
-220.25
 20
649.9014324693044
 30
0.0
 40
2.5
 41
0.0
 46
0.0
 71
     5
 72
     1
  1
194
 73
     1
 44
1.0
  0
POINT
  5
222E
330
9CA
100
AcDbEntity
  8
Defpoints
 62
     0
440
 16777216
100
AcDbPoint
 10
-317.2499999999999
 20
668.0
 30
0.0
  0
POINT
  5
222F
330
9CA
100
AcDbEntity
  8
Defpoints
 62
     0
440
 16777216
100
AcDbPoint
 10
-123.2499999999999
 20
1001.0
 30
0.0
  0
POINT
  5
2230
330
9CA
100
AcDbEntity
  8
Defpoints
 62
     0
440
 16777216
100
AcDbPoint
 10
-123.2499999999999
 20
648.0000000000002
 30
0.0
  0
ENDBLK
  5
9CC
330
9CA
100
AcDbEntity
  8
0
100
AcDbBlockEnd
  0
BLOCK
  5
9FB
330
9FA
100
AcDbEntity
  8
0
100
AcDbBlockBegin
  2
*D124
 70
     1
 10
0.0
 20
0.0
 30
0.0
  3
*D124
  1

  0
LINE
  5
2255
330
9FA
100
AcDbEntity
  8
Dimensions
 62
     0
440
 16777216
370
    -2
100
AcDbLine
 10
-15.62499999999996
 20
668.0000000000002
 30
0.0
 11
0.0000000000000506
 21
668.0000000000002
 31
0.0
  0
LINE
  5
2256
330
9FA
100
AcDbEntity
  8
Dimensions
 62
     0
440
 16777216
370
    -2
100
AcDbLine
 10
-316.6250000000001
 20
702.0000000000002
 30
0.0
 11
0.0000000000000147
 21
702.0000000000003
 31
0.0
  0
LINE
  5
2257
330
9FA
100
AcDbEntity
  8
Dimensions
 62
     0
440
 16777216
370
    -2
100
AcDbLine
 10
-1.24999999999995
 20
670.5000000000002
 30
0.0
 11
-1.249999999999956
 21
699.5000000000003
 31
0.0
  0
SOLID
  5
2258
330
9FA
100
AcDbEntity
  8
Dimensions
 62
     0
440
 16777216
100
AcDbTrace
 10
-1.666666666666617
 20
670.5000000000002
 30
0.0
 11
-0.8333333333332836
 21
670.5000000000002
 31
0.0
 12
-1.249999999999949
 22
668.0000000000002
 32
0.0
 13
-1.249999999999949
 23
668.0000000000002
 33
0.0
  0
SOLID
  5
2259
330
9FA
100
AcDbEntity
  8
Dimensions
 62
     0
440
 16777216
100
AcDbTrace
 10
-1.666666666666623
 20
699.5000000000003
 30
0.0
 11
-0.83333333333329
 21
699.5000000000003
 31
0.0
 12
-1.249999999999957
 22
702.0000000000003
 32
0.0
 13
-1.249999999999957
 23
702.0000000000003
 33
0.0
  0
MTEXT
  5
225A
330
9FA
100
AcDbEntity
  8
Dimensions
 62
     0
440
 16777216
100
AcDbMText
 10
-3.152285129604125
 20
685.0000000000002
 30
0.0
 40
2.5
 41
0.0
 46
0.0
 71
     5
 72
     1
  1
34
 11
0.0000000000000001
 21
1.0
 31
0.0
 73
     1
 44
1.0
  0
POINT
  5
225B
330
9FA
100
AcDbEntity
  8
Defpoints
 62
     0
440
 16777216
100
AcDbPoint
 10
-16.24999999999996
 20
668.0000000000002
 30
0.0
  0
POINT
  5
225C
330
9FA
100
AcDbEntity
  8
Defpoints
 62
     0
440
 16777216
100
AcDbPoint
 10
-317.2500000000001
 20
702.0000000000002
 30
0.0
  0
POINT
  5
225D
330
9FA
100
AcDbEntity
  8
Defpoints
 62
     0
440
 16777216
100
AcDbPoint
 10
-1.249999999999957
 20
702.0000000000003
 30
0.0
  0
ENDBLK
  5
9FC
330
9FA
100
AcDbEntity
  8
0
100
AcDbBlockEnd
  0
BLOCK
  5
A2B
330
A2A
100
AcDbEntity
  8
0
100
AcDbBlockBegin
  2
*D125
 70
     1
 10
0.0
 20
0.0
 30
0.0
  3
*D125
  1

  0
LINE
  5
31B6
330
A2A
100
AcDbEntity
  8
Dimensions
 62
     0
440
 16777216
370
    -2
100
AcDbLine
 10
-182.7825852687146
 20
709.7825852687141
 30
0.0
 11
-177.0355339059328
 21
704.0355339059326
 31
0.0
  0
LINE
  5
31B7
330
A2A
100
AcDbEntity
  8
Dimensions
 62
     0
440
 16777216
370
    -2
100
AcDbLine
 10
-169.9644660940671
 20
696.9644660940671
 30
0.0
 11
-168.1966991411007
 21
695.1966991411008
 31
0.0
  0
MTEXT
  5
31B8
330
A2A
100
AcDbEntity
  8
Dimensions
 62
     0
440
 16777216
100
AcDbMText
 10
-179.3989876766109
 20
709.1868984510024
 30
0.0
 40
2.5
 41
0.0
 46
0.0
 71
     5
 72
     1
  1
∅5
 11
0.7071067811865645
 21
-0.7071067811865306
 31
0.0
 73
     1
 44
1.0
  0
LINE
  5
31B9
330
A2A
100
AcDbEntity
  8
Dimensions
 62
     0
440
 16777216
370
    -2
100
AcDbLine
 10
-171.7322330470335
 20
698.7322330470335
 30
0.0
 11
-175.2677669529664
 21
702.2677669529663
 31
0.0
  0
SOLID
  5
31BA
330
A2A
100
AcDbEntity
  8
Dimensions
 62
     0
440
 16777216
100
AcDbTrace
 10
-169.6698382685727
 20
697.2590939195615
 30
0.0
 11
-170.2590939195615
 21
696.6698382685727
 31
0.0
 12
-171.7322330470335
 22
698.7322330470335
 32
0.0
 13
-171.7322330470335
 23
698.7322330470335
 33
0.0
  0
SOLID
  5
31BB
330
A2A
100
AcDbEntity
  8
Dimensions
 62
     0
440
 16777216
100
AcDbTrace
 10
-176.7409060804383
 20
704.3301617314271
 30
0.0
 11
-177.3301617314272
 21
703.7409060804382
 31
0.0
 12
-175.2677669529664
 22
702.2677669529663
 32
0.0
 13
-175.2677669529664
 23
702.2677669529663
 33
0.0
  0
POINT
  5
31BC
330
A2A
100
AcDbEntity
  8
Defpoints
 62
     0
440
 16777216
100
AcDbPoint
 10
-175.2677669529664
 20
702.2677669529663
 30
0.0
  0
POINT
  5
31BD
330
A2A
100
AcDbEntity
  8
Defpoints
 62
     0
440
 16777216
100
AcDbPoint
 10
-171.7322330470335
 20
698.7322330470335
 30
0.0
  0
ENDBLK
  5
A2C
330
A2A
100
AcDbEntity
  8
0
100
AcDbBlockEnd
  0
BLOCK
  5
A36
330
A35
100
AcDbEntity
  8
0
100
AcDbBlockBegin
  2
*D126
 70
     1
 10
0.0
 20
0.0
 30
0.0
  3
*D126
  1

  0
LINE
  5
31BE
330
A35
100
AcDbEntity
  8
Dimensions
 62
     0
440
 16777216
370
    -2
100
AcDbLine
 10
-66.78258526871434
 20
709.7825852687142
 30
0.0
 11
-61.03553390593276
 21
704.0355339059326
 31
0.0
  0
LINE
  5
31BF
330
A35
100
AcDbEntity
  8
Dimensions
 62
     0
440
 16777216
370
    -2
100
AcDbLine
 10
-53.96446609406746
 20
696.9644660940673
 30
0.0
 11
-52.19669914110108
 21
695.1966991411008
 31
0.0
  0
MTEXT
  5
31C0
330
A35
100
AcDbEntity
  8
Dimensions
 62
     0
440
 16777216
100
AcDbMText
 10
-63.398987676611
 20
709.1868984510025
 30
0.0
 40
2.5
 41
0.0
 46
0.0
 71
     5
 72
     1
  1
∅5
 11
0.7071067811865476
 21
-0.7071067811865476
 31
0.0
 73
     1
 44
1.0
  0
LINE
  5
31C1
330
A35
100
AcDbEntity
  8
Dimensions
 62
     0
440
 16777216
370
    -2
100
AcDbLine
 10
-55.73223304703384
 20
698.7322330470338
 30
0.0
 11
-59.26776695296638
 21
702.2677669529662
 31
0.0
  0
SOLID
  5
31C2
330
A35
100
AcDbEntity
  8
Dimensions
 62
     0
440
 16777216
100
AcDbTrace
 10
-53.66983826857307
 20
697.2590939195618
 30
0.0
 11
-54.2590939195619
 21
696.6698382685729
 31
0.0
 12
-55.73223304703384
 22
698.7322330470338
 32
0.0
 13
-55.73223304703384
 23
698.7322330470338
 33
0.0
  0
SOLID
  5
31C3
330
A35
100
AcDbEntity
  8
Dimensions
 62
     0
440
 16777216
100
AcDbTrace
 10
-60.74090608043838
 20
704.3301617314271
 30
0.0
 11
-61.33016173142721
 21
703.7409060804382
 31
0.0
 12
-59.26776695296638
 22
702.2677669529662
 32
0.0
 13
-59.26776695296638
 23
702.2677669529662
 33
0.0
  0
POINT
  5
31C4
330
A35
100
AcDbEntity
  8
Defpoints
 62
     0
440
 16777216
100
AcDbPoint
 10
-59.26776695296638
 20
702.2677669529662
 30
0.0
  0
POINT
  5
31C5
330
A35
100
AcDbEntity
  8
Defpoints
 62
     0
440
 16777216
100
AcDbPoint
 10
-55.73223304703384
 20
698.7322330470338
 30
0.0
  0
ENDBLK
  5
A37
330
A35
100
AcDbEntity
  8
0
100
AcDbBlockEnd
  0
BLOCK
  5
A41
330
A40
100
AcDbEntity
  8
0
100
AcDbBlockBegin
  2
*D127
 70
     1
 10
0.0
 20
0.0
 30
0.0
  3
*D127
  1

  0
LINE
  5
31C6
330
A40
100
AcDbEntity
  8
Dimensions
 62
     0
440
 16777216
370
    -2
100
AcDbLine
 10
-66.78258526871434
 20
789.7825852687142
 30
0.0
 11
-61.03553390593276
 21
784.0355339059327
 31
0.0
  0
LINE
  5
31C7
330
A40
100
AcDbEntity
  8
Dimensions
 62
     0
440
 16777216
370
    -2
100
AcDbLine
 10
-53.96446609406734
 20
776.9644660940671
 30
0.0
 11
-52.19669914110096
 21
775.1966991411006
 31
0.0
  0
MTEXT
  5
31C8
330
A40
100
AcDbEntity
  8
Dimensions
 62
     0
440
 16777216
100
AcDbMText
 10
-63.39898767661094
 20
789.1868984510026
 30
0.0
 40
2.5
 41
0.0
 46
0.0
 71
     5
 72
     1
  1
∅5
 11
0.7071067811865476
 21
-0.7071067811865476
 31
0.0
 73
     1
 44
1.0
  0
LINE
  5
31C9
330
A40
100
AcDbEntity
  8
Dimensions
 62
     0
440
 16777216
370
    -2
100
AcDbLine
 10
-55.73223304703373
 20
778.7322330470336
 30
0.0
 11
-59.26776695296638
 21
782.2677669529662
 31
0.0
  0
SOLID
  5
31CA
330
A40
100
AcDbEntity
  8
Dimensions
 62
     0
440
 16777216
100
AcDbTrace
 10
-53.66983826857296
 20
777.2590939195615
 30
0.0
 11
-54.25909391956174
 21
776.6698382685726
 31
0.0
 12
-55.73223304703373
 22
778.7322330470336
 32
0.0
 13
-55.73223304703373
 23
778.7322330470336
 33
0.0
  0
SOLID
  5
31CB
330
A40
100
AcDbEntity
  8
Dimensions
 62
     0
440
 16777216
100
AcDbTrace
 10
-60.74090608043832
 20
784.3301617314271
 30
0.0
 11
-61.33016173142715
 21
783.7409060804382
 31
0.0
 12
-59.26776695296638
 22
782.2677669529662
 32
0.0
 13
-59.26776695296638
 23
782.2677669529662
 33
0.0
  0
POINT
  5
31CC
330
A40
100
AcDbEntity
  8
Defpoints
 62
     0
440
 16777216
100
AcDbPoint
 10
-59.26776695296638
 20
782.2677669529662
 30
0.0
  0
POINT
  5
31CD
330
A40
100
AcDbEntity
  8
Defpoints
 62
     0
440
 16777216
100
AcDbPoint
 10
-55.73223304703373
 20
778.7322330470336
 30
0.0
  0
ENDBLK
  5
A42
330
A40
100
AcDbEntity
  8
0
100
AcDbBlockEnd
  0
BLOCK
  5
A4C
330
A4B
100
AcDbEntity
  8
0
100
AcDbBlockBegin
  2
*D128
 70
     1
 10
0.0
 20
0.0
 30
0.0
  3
*D128
  1

  0
LINE
  5
31CE
330
A4B
100
AcDbEntity
  8
Dimensions
 62
     0
440
 16777216
370
    -2
100
AcDbLine
 10
-182.7825852687139
 20
789.7825852687146
 30
0.0
 11
-177.0355339059326
 21
784.0355339059328
 31
0.0
  0
LINE
  5
31CF
330
A4B
100
AcDbEntity
  8
Dimensions
 62
     0
440
 16777216
370
    -2
100
AcDbLine
 10
-169.9644660940674
 20
776.9644660940671
 30
0.0
 11
-168.1966991411011
 21
775.1966991411006
 31
0.0
  0
MTEXT
  5
31D0
330
A4B
100
AcDbEntity
  8
Dimensions
 62
     0
440
 16777216
100
AcDbMText
 10
-179.3989876766104
 20
789.1868984510028
 30
0.0
 40
2.5
 41
0.0
 46
0.0
 71
     5
 72
     1
  1
∅5
 11
0.7071067811865137
 21
-0.7071067811865815
 31
0.0
 73
     1
 44
1.0
  0
LINE
  5
31D1
330
A4B
100
AcDbEntity
  8
Dimensions
 62
     0
440
 16777216
370
    -2
100
AcDbLine
 10
-171.7322330470337
 20
778.7322330470336
 30
0.0
 11
-175.2677669529663
 21
782.2677669529664
 31
0.0
  0
SOLID
  5
31D2
330
A4B
100
AcDbEntity
  8
Dimensions
 62
     0
440
 16777216
100
AcDbTrace
 10
-169.669838268573
 20
777.2590939195614
 30
0.0
 11
-170.2590939195619
 21
776.6698382685726
 31
0.0
 12
-171.7322330470337
 22
778.7322330470336
 32
0.0
 13
-171.7322330470337
 23
778.7322330470336
 33
0.0
  0
SOLID
  5
31D3
330
A4B
100
AcDbEntity
  8
Dimensions
 62
     0
440
 16777216
100
AcDbTrace
 10
-176.7409060804381
 20
784.3301617314273
 30
0.0
 11
-177.330161731427
 21
783.7409060804384
 31
0.0
 12
-175.2677669529663
 22
782.2677669529664
 32
0.0
 13
-175.2677669529663
 23
782.2677669529664
 33
0.0
  0
POINT
  5
31D4
330
A4B
100
AcDbEntity
  8
Defpoints
 62
     0
440
 16777216
100
AcDbPoint
 10
-175.2677669529663
 20
782.2677669529664
 30
0.0
  0
POINT
  5
31D5
330
A4B
100
AcDbEntity
  8
Defpoints
 62
     0
440
 16777216
100
AcDbPoint
 10
-171.7322330470337
 20
778.7322330470336
 30
0.0
  0
ENDBLK
  5
A4D
330
A4B
100
AcDbEntity
  8
0
100
AcDbBlockEnd
  0
BLOCK
  5
A57
330
A56
100
AcDbEntity
  8
0
100
AcDbBlockBegin
  2
*D129
 70
     1
 10
0.0
 20
0.0
 30
0.0
  3
*D129
  1

  0
LINE
  5
31D6
330
A56
100
AcDbEntity
  8
Dimensions
 62
     0
440
 16777216
370
    -2
100
AcDbLine
 10
-142.99911119374
 20
863.9991111937399
 30
0.0
 11
-129.6923881554252
 21
850.6923881554252
 31
0.0
  0
LINE
  5
31D7
330
A56
100
AcDbEntity
  8
Dimensions
 62
     0
440
 16777216
370
    -2
100
AcDbLine
 10
-111.3076118445746
 20
832.3076118445747
 30
0.0
 11
-109.5398448916082
 21
830.5398448916083
 31
0.0
  0
MTEXT
  5
31D8
330
A56
100
AcDbEntity
  8
Dimensions
 62
     0
440
 16777216
100
AcDbMText
 10
-139.106044612804
 20
862.8939553871957
 30
0.0
 40
2.5
 41
0.0
 46
0.0
 71
     5
 72
     1
  1
∅21
 11
0.7071067811865501
 21
-0.7071067811865451
 31
0.0
 73
     1
 44
1.0
  0
LINE
  5
31D9
330
A56
100
AcDbEntity
  8
Dimensions
 62
     0
440
 16777216
370
    -2
100
AcDbLine
 10
-113.0753787975409
 20
834.075378797541
 30
0.0
 11
-127.9246212024588
 21
848.9246212024589
 31
0.0
  0
SOLID
  5
31DA
330
A56
100
AcDbEntity
  8
Dimensions
 62
     0
440
 16777216
100
AcDbTrace
 10
-111.0129840190802
 20
832.6022396700691
 30
0.0
 11
-111.6022396700689
 21
832.0129840190801
 31
0.0
 12
-113.0753787975409
 22
834.075378797541
 32
0.0
 13
-113.0753787975409
 23
834.075378797541
 33
0.0
  0
SOLID
  5
31DB
330
A56
100
AcDbEntity
  8
Dimensions
 62
     0
440
 16777216
100
AcDbTrace
 10
-129.3977603299308
 20
850.9870159809194
 30
0.0
 11
-129.9870159809195
 21
850.3977603299308
 31
0.0
 12
-127.9246212024588
 22
848.9246212024589
 32
0.0
 13
-127.9246212024588
 23
848.9246212024589
 33
0.0
  0
POINT
  5
31DC
330
A56
100
AcDbEntity
  8
Defpoints
 62
     0
440
 16777216
100
AcDbPoint
 10
-127.9246212024588
 20
848.9246212024589
 30
0.0
  0
POINT
  5
31DD
330
A56
100
AcDbEntity
  8
Defpoints
 62
     0
440
 16777216
100
AcDbPoint
 10
-113.0753787975409
 20
834.075378797541
 30
0.0
  0
ENDBLK
  5
A58
330
A56
100
AcDbEntity
  8
0
100
AcDbBlockEnd
  0
BLOCK
  5
A62
330
A61
100
AcDbEntity
  8
0
100
AcDbBlockBegin
  2
*D130
 70
     1
 10
0.0
 20
0.0
 30
0.0
  3
*D130
  1

  0
LINE
  5
31DE
330
A61
100
AcDbEntity
  8
Dimensions
 62
     0
440
 16777216
370
    -2
100
AcDbLine
 10
-140.4583774958713
 20
926.4583774958714
 30
0.0
 11
-133.6923881554251
 21
919.6923881554251
 31
0.0
  0
LINE
  5
31DF
330
A61
100
AcDbEntity
  8
Dimensions
 62
     0
440
 16777216
370
    -2
100
AcDbLine
 10
-115.3076118445747
 20
901.3076118445747
 30
0.0
 11
-113.5398448916083
 21
899.5398448916082
 31
0.0
  0
MTEXT
  5
31E0
330
A61
100
AcDbEntity
  8
Dimensions
 62
     0
440
 16777216
100
AcDbMText
 10
-136.5653109149356
 20
925.3532216893272
 30
0.0
 40
2.5
 41
0.0
 46
0.0
 71
     5
 72
     1
  1
∅21
 11
0.7071067811865476
 21
-0.7071067811865476
 31
0.0
 73
     1
 44
1.0
  0
LINE
  5
31E1
330
A61
100
AcDbEntity
  8
Dimensions
 62
     0
440
 16777216
370
    -2
100
AcDbLine
 10
-117.075378797541
 20
903.0753787975411
 30
0.0
 11
-131.9246212024587
 21
917.9246212024587
 31
0.0
  0
SOLID
  5
31E2
330
A61
100
AcDbEntity
  8
Dimensions
 62
     0
440
 16777216
100
AcDbTrace
 10
-115.0129840190803
 20
901.6022396700689
 30
0.0
 11
-115.6022396700691
 21
901.0129840190803
 31
0.0
 12
-117.075378797541
 22
903.0753787975411
 32
0.0
 13
-117.075378797541
 23
903.0753787975411
 33
0.0
  0
SOLID
  5
31E3
330
A61
100
AcDbEntity
  8
Dimensions
 62
     0
440
 16777216
100
AcDbTrace
 10
-133.3977603299307
 20
919.9870159809195
 30
0.0
 11
-133.9870159809194
 21
919.3977603299307
 31
0.0
 12
-131.9246212024587
 22
917.9246212024587
 32
0.0
 13
-131.9246212024587
 23
917.9246212024587
 33
0.0
  0
POINT
  5
31E4
330
A61
100
AcDbEntity
  8
Defpoints
 62
     0
440
 16777216
100
AcDbPoint
 10
-131.9246212024587
 20
917.9246212024587
 30
0.0
  0
POINT
  5
31E5
330
A61
100
AcDbEntity
  8
Defpoints
 62
     0
440
 16777216
100
AcDbPoint
 10
-117.075378797541
 20
903.0753787975411
 30
0.0
  0
ENDBLK
  5
A63
330
A61
100
AcDbEntity
  8
0
100
AcDbBlockEnd
  0
BLOCK
  5
A6D
330
A6C
100
AcDbEntity
  8
0
100
AcDbBlockBegin
  2
*D131
 70
     1
 10
0.0
 20
0.0
 30
0.0
  3
*D131
  1

  0
LINE
  5
31E6
330
A6C
100
AcDbEntity
  8
Dimensions
 62
     0
440
 16777216
370
    -2
100
AcDbLine
 10
-88.45837749587166
 20
957.4583774958712
 30
0.0
 11
-81.69238815542518
 21
950.692388155425
 31
0.0
  0
LINE
  5
31E7
330
A6C
100
AcDbEntity
  8
Dimensions
 62
     0
440
 16777216
370
    -2
100
AcDbLine
 10
-63.30761184457481
 20
932.3076118445751
 30
0.0
 11
-61.53984489160842
 21
930.5398448916088
 31
0.0
  0
MTEXT
  5
31E8
330
A6C
100
AcDbEntity
  8
Dimensions
 62
     0
440
 16777216
100
AcDbMText
 10
-84.56531091493571
 20
956.3532216893273
 30
0.0
 40
2.5
 41
0.0
 46
0.0
 71
     5
 72
     1
  1
∅21
 11
0.707106781186557
 21
-0.7071067811865382
 31
0.0
 73
     1
 44
1.0
  0
LINE
  5
31E9
330
A6C
100
AcDbEntity
  8
Dimensions
 62
     0
440
 16777216
370
    -2
100
AcDbLine
 10
-65.07537879754119
 20
934.0753787975415
 30
0.0
 11
-79.92462120245886
 21
948.9246212024587
 31
0.0
  0
SOLID
  5
31EA
330
A6C
100
AcDbEntity
  8
Dimensions
 62
     0
440
 16777216
100
AcDbTrace
 10
-63.01298401908042
 20
932.6022396700695
 30
0.0
 11
-63.60223967006914
 21
932.0129840190809
 31
0.0
 12
-65.07537879754119
 22
934.0753787975415
 32
0.0
 13
-65.07537879754119
 23
934.0753787975415
 33
0.0
  0
SOLID
  5
31EB
330
A6C
100
AcDbEntity
  8
Dimensions
 62
     0
440
 16777216
100
AcDbTrace
 10
-81.39776032993081
 20
950.9870159809194
 30
0.0
 11
-81.98701598091952
 21
950.3977603299308
 31
0.0
 12
-79.92462120245886
 22
948.9246212024587
 32
0.0
 13
-79.92462120245886
 23
948.9246212024587
 33
0.0
  0
POINT
  5
31EC
330
A6C
100
AcDbEntity
  8
Defpoints
 62
     0
440
 16777216
100
AcDbPoint
 10
-79.92462120245886
 20
948.9246212024587
 30
0.0
  0
POINT
  5
31ED
330
A6C
100
AcDbEntity
  8
Defpoints
 62
     0
440
 16777216
100
AcDbPoint
 10
-65.07537879754119
 20
934.0753787975415
 30
0.0
  0
ENDBLK
  5
A6E
330
A6C
100
AcDbEntity
  8
0
100
AcDbBlockEnd
  0
BLOCK
  5
A78
330
A77
100
AcDbEntity
  8
0
100
AcDbBlockBegin
  2
*D132
 70
     1
 10
0.0
 20
0.0
 30
0.0
  3
*D132
  1

  0
LINE
  5
22BA
330
A77
100
AcDbEntity
  8
Dimensions
 62
     0
440
 16777216
370
    -2
100
AcDbLine
 10
-317.2499999999999
 20
1001.625
 30
0.0
 11
-317.2499999999999
 21
1026.25
 31
0.0
  0
LINE
  5
22BB
330
A77
100
AcDbEntity
  8
Dimensions
 62
     0
440
 16777216
370
    -2
100
AcDbLine
 10
-257.2500000000001
 20
668.625
 30
0.0
 11
-257.2500000000001
 21
1026.25
 31
0.0
  0
LINE
  5
22BC
330
A77
100
AcDbEntity
  8
Dimensions
 62
     0
440
 16777216
370
    -2
100
AcDbLine
 10
-314.7499999999999
 20
1025.0
 30
0.0
 11
-259.7500000000001
 21
1025.0
 31
0.0
  0
SOLID
  5
22BD
330
A77
100
AcDbEntity
  8
Dimensions
 62
     0
440
 16777216
100
AcDbTrace
 10
-314.7499999999999
 20
1025.416666666667
 30
0.0
 11
-314.7499999999999
 21
1024.583333333334
 31
0.0
 12
-317.2499999999999
 22
1025.0
 32
0.0
 13
-317.2499999999999
 23
1025.0
 33
0.0
  0
SOLID
  5
22BE
330
A77
100
AcDbEntity
  8
Dimensions
 62
     0
440
 16777216
100
AcDbTrace
 10
-259.7500000000001
 20
1025.416666666667
 30
0.0
 11
-259.7500000000001
 21
1024.583333333334
 31
0.0
 12
-257.2500000000001
 22
1025.0
 32
0.0
 13
-257.2500000000001
 23
1025.0
 33
0.0
  0
MTEXT
  5
22BF
330
A77
100
AcDbEntity
  8
Dimensions
 62
     0
440
 16777216
100
AcDbMText
 10
-287.25
 20
1026.901432469304
 30
0.0
 40
2.5
 41
0.0
 46
0.0
 71
     5
 72
     1
  1
60
 73
     1
 44
1.0
  0
POINT
  5
22C0
330
A77
100
AcDbEntity
  8
Defpoints
 62
     0
440
 16777216
100
AcDbPoint
 10
-317.2499999999999
 20
1001.0
 30
0.0
  0
POINT
  5
22C1
330
A77
100
AcDbEntity
  8
Defpoints
 62
     0
440
 16777216
100
AcDbPoint
 10
-257.2500000000001
 20
668.0
 30
0.0
  0
POINT
  5
22C2
330
A77
100
AcDbEntity
  8
Defpoints
 62
     0
440
 16777216
100
AcDbPoint
 10
-257.2500000000001
 20
1025.0
 30
0.0
  0
ENDBLK
  5
A79
330
A77
100
AcDbEntity
  8
0
100
AcDbBlockEnd
  0
BLOCK
  5
A96
330
A95
100
AcDbEntity
  8
0
100
AcDbBlockBegin
  2
*D133
 70
     1
 10
0.0
 20
0.0
 30
0.0
  3
*D133
  1

  0
LINE
  5
31EE
330
A95
100
AcDbEntity
  8
Dimensions
 62
     0
440
 16777216
370
    -2
100
AcDbLine
 10
-271.4830100642238
 20
947.483010064225
 30
0.0
 11
-262.742640687119
 21
938.7426406871194
 31
0.0
  0
LINE
  5
31EF
330
A95
100
AcDbEntity
  8
Dimensions
 62
     0
440
 16777216
370
    -2
100
AcDbLine
 10
-254.257359312881
 20
930.2573593128805
 30
0.0
 11
-252.4895923599148
 21
928.489592359914
 31
0.0
  0
MTEXT
  5
31F0
330
A95
100
AcDbEntity
  8
Dimensions
 62
     0
440
 16777216
100
AcDbMText
 10
-268.1060446128034
 20
946.8939553871962
 30
0.0
 40
2.5
 41
0.0
 46
0.0
 71
     5
 72
     1
  1
∅7
 11
0.707106781186515
 21
-0.7071067811865803
 31
0.0
 73
     1
 44
1.0
  0
LINE
  5
31F1
330
A95
100
AcDbEntity
  8
Dimensions
 62
     0
440
 16777216
370
    -2
100
AcDbLine
 10
-256.0251262658473
 20
932.0251262658469
 30
0.0
 11
-260.9748737341528
 21
936.9748737341529
 31
0.0
  0
SOLID
  5
31F2
330
A95
100
AcDbEntity
  8
Dimensions
 62
     0
440
 16777216
100
AcDbTrace
 10
-253.9627314873865
 20
930.5519871383749
 30
0.0
 11
-254.5519871383754
 21
929.9627314873861
 31
0.0
 12
-256.0251262658473
 22
932.0251262658469
 32
0.0
 13
-256.0251262658473
 23
932.0251262658469
 33
0.0
  0
SOLID
  5
31F3
330
A95
100
AcDbEntity
  8
Dimensions
 62
     0
440
 16777216
100
AcDbTrace
 10
-262.4480128616246
 20
939.0372685126138
 30
0.0
 11
-263.0372685126134
 21
938.4480128616251
 31
0.0
 12
-260.9748737341528
 22
936.9748737341529
 32
0.0
 13
-260.9748737341528
 23
936.9748737341529
 33
0.0
  0
POINT
  5
31F4
330
A95
100
AcDbEntity
  8
Defpoints
 62
     0
440
 16777216
100
AcDbPoint
 10
-260.9748737341528
 20
936.9748737341529
 30
0.0
  0
POINT
  5
31F5
330
A95
100
AcDbEntity
  8
Defpoints
 62
     0
440
 16777216
100
AcDbPoint
 10
-256.0251262658473
 20
932.0251262658469
 30
0.0
  0
ENDBLK
  5
A97
330
A95
100
AcDbEntity
  8
0
100
AcDbBlockEnd
  0
BLOCK
  5
AA1
330
AA0
100
AcDbEntity
  8
0
100
AcDbBlockBegin
  2
*D134
 70
     1
 10
0.0
 20
0.0
 30
0.0
  3
*D134
  1

  0
LINE
  5
31F6
330
AA0
100
AcDbEntity
  8
Dimensions
 62
     0
440
 16777216
370
    -2
100
AcDbLine
 10
-271.4830100642245
 20
847.4830100642247
 30
0.0
 11
-262.7426406871192
 21
838.7426406871194
 31
0.0
  0
LINE
  5
31F7
330
AA0
100
AcDbEntity
  8
Dimensions
 62
     0
440
 16777216
370
    -2
100
AcDbLine
 10
-254.2573593128807
 20
830.2573593128807
 30
0.0
 11
-252.4895923599144
 21
828.4895923599142
 31
0.0
  0
MTEXT
  5
31F8
330
AA0
100
AcDbEntity
  8
Dimensions
 62
     0
440
 16777216
100
AcDbMText
 10
-268.106044612804
 20
846.893955387196
 30
0.0
 40
2.5
 41
0.0
 46
0.0
 71
     5
 72
     1
  1
∅7
 11
0.7071067811865394
 21
-0.7071067811865558
 31
0.0
 73
     1
 44
1.0
  0
LINE
  5
31F9
330
AA0
100
AcDbEntity
  8
Dimensions
 62
     0
440
 16777216
370
    -2
100
AcDbLine
 10
-256.025126265847
 20
832.0251262658471
 30
0.0
 11
-260.9748737341529
 21
836.9748737341531
 31
0.0
  0
SOLID
  5
31FA
330
AA0
100
AcDbEntity
  8
Dimensions
 62
     0
440
 16777216
100
AcDbTrace
 10
-253.9627314873863
 20
830.5519871383749
 30
0.0
 11
-254.5519871383751
 21
829.9627314873863
 31
0.0
 12
-256.025126265847
 22
832.0251262658471
 32
0.0
 13
-256.025126265847
 23
832.0251262658471
 33
0.0
  0
SOLID
  5
31FB
330
AA0
100
AcDbEntity
  8
Dimensions
 62
     0
440
 16777216
100
AcDbTrace
 10
-262.4480128616248
 20
839.0372685126138
 30
0.0
 11
-263.0372685126136
 21
838.448012861625
 31
0.0
 12
-260.9748737341529
 22
836.9748737341531
 32
0.0
 13
-260.9748737341529
 23
836.9748737341531
 33
0.0
  0
POINT
  5
31FC
330
AA0
100
AcDbEntity
  8
Defpoints
 62
     0
440
 16777216
100
AcDbPoint
 10
-260.9748737341529
 20
836.9748737341531
 30
0.0
  0
POINT
  5
31FD
330
AA0
100
AcDbEntity
  8
Defpoints
 62
     0
440
 16777216
100
AcDbPoint
 10
-256.025126265847
 20
832.0251262658471
 30
0.0
  0
ENDBLK
  5
AA2
330
AA0
100
AcDbEntity
  8
0
100
AcDbBlockEnd
  0
BLOCK
  5
AC7
330
AC6
100
AcDbEntity
  8
0
100
AcDbBlockBegin
  2
*D135
 70
     1
 10
0.0
 20
0.0
 30
0.0
  3
*D135
  1

  0
LINE
  5
32BF
330
AC6
100
AcDbEntity
  8
Dimensions
 62
     0
440
 16777216
370
    -2
100
AcDbLine
 10
-301.2330100642247
 20
447.9830100642248
 30
0.0
 11
-292.4926406871192
 21
439.2426406871193
 31
0.0
  0
LINE
  5
32C0
330
AC6
100
AcDbEntity
  8
Dimensions
 62
     0
440
 16777216
370
    -2
100
AcDbLine
 10
-284.0073593128807
 20
430.7573593128807
 30
0.0
 11
-282.2395923599144
 21
428.9895923599143
 31
0.0
  0
MTEXT
  5
32C1
330
AC6
100
AcDbEntity
  8
Dimensions
 62
     0
440
 16777216
100
AcDbMText
 10
-297.8560446128042
 20
447.3939553871962
 30
0.0
 40
2.5
 41
0.0
 46
0.0
 71
     5
 72
     1
  1
∅7
 11
0.7071067811865431
 21
-0.7071067811865519
 31
0.0
 73
     1
 44
1.0
  0
LINE
  5
32C2
330
AC6
100
AcDbEntity
  8
Dimensions
 62
     0
440
 16777216
370
    -2
100
AcDbLine
 10
-285.7751262658471
 20
432.525126265847
 30
0.0
 11
-290.7248737341529
 21
437.4748737341529
 31
0.0
  0
SOLID
  5
32C3
330
AC6
100
AcDbEntity
  8
Dimensions
 62
     0
440
 16777216
100
AcDbTrace
 10
-283.7127314873863
 20
431.0519871383751
 30
0.0
 11
-284.3019871383751
 21
430.4627314873862
 31
0.0
 12
-285.7751262658471
 22
432.525126265847
 32
0.0
 13
-285.7751262658471
 23
432.525126265847
 33
0.0
  0
SOLID
  5
32C4
330
AC6
100
AcDbEntity
  8
Dimensions
 62
     0
440
 16777216
100
AcDbTrace
 10
-292.1980128616248
 20
439.5372685126137
 30
0.0
 11
-292.7872685126136
 21
438.9480128616249
 31
0.0
 12
-290.7248737341529
 22
437.4748737341529
 32
0.0
 13
-290.7248737341529
 23
437.4748737341529
 33
0.0
  0
POINT
  5
32C5
330
AC6
100
AcDbEntity
  8
Defpoints
 62
     0
440
 16777216
100
AcDbPoint
 10
-290.7248737341529
 20
437.4748737341529
 30
0.0
  0
POINT
  5
32C6
330
AC6
100
AcDbEntity
  8
Defpoints
 62
     0
440
 16777216
100
AcDbPoint
 10
-285.7751262658471
 20
432.525126265847
 30
0.0
  0
ENDBLK
  5
AC8
330
AC6
100
AcDbEntity
  8
0
100
AcDbBlockEnd
  0
BLOCK
  5
AD2
330
AD1
100
AcDbEntity
  8
0
100
AcDbBlockBegin
  2
*D136
 70
     1
 10
0.0
 20
0.0
 30
0.0
  3
*D136
  1

  0
LINE
  5
32C7
330
AD1
100
AcDbEntity
  8
Dimensions
 62
     0
440
 16777216
370
    -2
100
AcDbLine
 10
-276.2330100642245
 20
447.9830100642247
 30
0.0
 11
-267.4926406871192
 21
439.2426406871193
 31
0.0
  0
LINE
  5
32C8
330
AD1
100
AcDbEntity
  8
Dimensions
 62
     0
440
 16777216
370
    -2
100
AcDbLine
 10
-259.0073593128806
 20
430.7573593128806
 30
0.0
 11
-257.2395923599142
 21
428.9895923599142
 31
0.0
  0
MTEXT
  5
32C9
330
AD1
100
AcDbEntity
  8
Dimensions
 62
     0
440
 16777216
100
AcDbMText
 10
-272.856044612804
 20
447.3939553871959
 30
0.0
 40
2.5
 41
0.0
 46
0.0
 71
     5
 72
     1
  1
∅7
 11
0.7071067811865431
 21
-0.7071067811865519
 31
0.0
 73
     1
 44
1.0
  0
LINE
  5
32CA
330
AD1
100
AcDbEntity
  8
Dimensions
 62
     0
440
 16777216
370
    -2
100
AcDbLine
 10
-260.775126265847
 20
432.5251262658469
 30
0.0
 11
-265.7248737341529
 21
437.4748737341529
 31
0.0
  0
SOLID
  5
32CB
330
AD1
100
AcDbEntity
  8
Dimensions
 62
     0
440
 16777216
100
AcDbTrace
 10
-258.7127314873862
 20
431.051987138375
 30
0.0
 11
-259.301987138375
 21
430.4627314873862
 31
0.0
 12
-260.775126265847
 22
432.5251262658469
 32
0.0
 13
-260.775126265847
 23
432.5251262658469
 33
0.0
  0
SOLID
  5
32CC
330
AD1
100
AcDbEntity
  8
Dimensions
 62
     0
440
 16777216
100
AcDbTrace
 10
-267.1980128616248
 20
439.5372685126138
 30
0.0
 11
-267.7872685126136
 21
438.9480128616249
 31
0.0
 12
-265.7248737341529
 22
437.4748737341529
 32
0.0
 13
-265.7248737341529
 23
437.4748737341529
 33
0.0
  0
POINT
  5
32CD
330
AD1
100
AcDbEntity
  8
Defpoints
 62
     0
440
 16777216
100
AcDbPoint
 10
-265.7248737341529
 20
437.4748737341529
 30
0.0
  0
POINT
  5
32CE
330
AD1
100
AcDbEntity
  8
Defpoints
 62
     0
440
 16777216
100
AcDbPoint
 10
-260.775126265847
 20
432.5251262658469
 30
0.0
  0
ENDBLK
  5
AD3
330
AD1
100
AcDbEntity
  8
0
100
AcDbBlockEnd
  0
BLOCK
  5
B01
330
B00
100
AcDbEntity
  8
0
100
AcDbBlockBegin
  2
*D137
 70
     1
 10
0.0
 20
0.0
 30
0.0
  3
*D137
  1

  0
LINE
  5
32CF
330
B00
100
AcDbEntity
  8
Dimensions
 62
     0
440
 16777216
370
    -2
100
AcDbLine
 10
-646.8122142061624
 20
399.5622142061608
 30
0.0
 11
-641.0784271247463
 21
393.828427124746
 31
0.0
  0
LINE
  5
32D0
330
B00
100
AcDbEntity
  8
Dimensions
 62
     0
440
 16777216
370
    -2
100
AcDbLine
 10
-635.4215728752534
 20
388.1715728752541
 30
0.0
 11
-633.6538059222869
 21
386.4038059222879
 31
0.0
  0
MTEXT
  5
32D1
330
B00
100
AcDbEntity
  8
Dimensions
 62
     0
440
 16777216
100
AcDbMText
 10
-643.4352487547418
 20
398.9731595291326
 30
0.0
 40
2.5
 41
0.0
 46
0.0
 71
     5
 72
     1
  1
∅3
 11
0.7071067811866235
 21
-0.7071067811864716
 31
0.0
 73
     1
 44
1.0
  0
LINE
  5
32D2
330
B00
100
AcDbEntity
  8
Dimensions
 62
     0
440
 16777216
370
    -2
100
AcDbLine
 10
-637.1893398282199
 20
389.9393398282203
 30
0.0
 11
-639.3106601717797
 21
392.0606601717798
 31
0.0
  0
SOLID
  5
32D3
330
B00
100
AcDbEntity
  8
Dimensions
 62
     0
440
 16777216
100
AcDbTrace
 10
-635.1269450497591
 20
388.4662007007486
 30
0.0
 11
-635.7162007007477
 21
387.8769450497598
 31
0.0
 12
-637.1893398282199
 22
389.9393398282203
 32
0.0
 13
-637.1893398282199
 23
389.9393398282203
 33
0.0
  0
SOLID
  5
32D4
330
B00
100
AcDbEntity
  8
Dimensions
 62
     0
440
 16777216
100
AcDbTrace
 10
-640.7837992992519
 20
394.1230549502404
 30
0.0
 11
-641.3730549502406
 21
393.5337992992515
 31
0.0
 12
-639.3106601717797
 22
392.0606601717798
 32
0.0
 13
-639.3106601717797
 23
392.0606601717798
 33
0.0
  0
POINT
  5
32D5
330
B00
100
AcDbEntity
  8
Defpoints
 62
     0
440
 16777216
100
AcDbPoint
 10
-639.3106601717797
 20
392.0606601717798
 30
0.0
  0
POINT
  5
32D6
330
B00
100
AcDbEntity
  8
Defpoints
 62
     0
440
 16777216
100
AcDbPoint
 10
-637.1893398282199
 20
389.9393398282203
 30
0.0
  0
ENDBLK
  5
B02
330
B00
100
AcDbEntity
  8
0
100
AcDbBlockEnd
  0
BLOCK
  5
B0C
330
B0B
100
AcDbEntity
  8
0
100
AcDbBlockBegin
  2
*D138
 70
     1
 10
0.0
 20
0.0
 30
0.0
  3
*D138
  1

  0
LINE
  5
32D7
330
B0B
100
AcDbEntity
  8
Dimensions
 62
     0
440
 16777216
370
    -2
100
AcDbLine
 10
-476.8122142061622
 20
399.5622142061612
 30
0.0
 11
-471.0784271247463
 21
393.828427124746
 31
0.0
  0
LINE
  5
32D8
330
B0B
100
AcDbEntity
  8
Dimensions
 62
     0
440
 16777216
370
    -2
100
AcDbLine
 10
-465.4215728752536
 20
388.1715728752541
 30
0.0
 11
-463.653805922287
 21
386.4038059222878
 31
0.0
  0
MTEXT
  5
32D9
330
B0B
100
AcDbEntity
  8
Dimensions
 62
     0
440
 16777216
100
AcDbMText
 10
-473.4352487547417
 20
398.9731595291328
 30
0.0
 40
2.5
 41
0.0
 46
0.0
 71
     5
 72
     1
  1
∅3
 11
0.7071067811865947
 21
-0.7071067811865004
 31
0.0
 73
     1
 44
1.0
  0
LINE
  5
32DA
330
B0B
100
AcDbEntity
  8
Dimensions
 62
     0
440
 16777216
370
    -2
100
AcDbLine
 10
-467.18933982822
 20
389.9393398282203
 30
0.0
 11
-469.3106601717799
 21
392.0606601717798
 31
0.0
  0
SOLID
  5
32DB
330
B0B
100
AcDbEntity
  8
Dimensions
 62
     0
440
 16777216
100
AcDbTrace
 10
-465.1269450497592
 20
388.4662007007485
 30
0.0
 11
-465.716200700748
 21
387.8769450497597
 31
0.0
 12
-467.18933982822
 22
389.9393398282203
 32
0.0
 13
-467.18933982822
 23
389.9393398282203
 33
0.0
  0
SOLID
  5
32DC
330
B0B
100
AcDbEntity
  8
Dimensions
 62
     0
440
 16777216
100
AcDbTrace
 10
-470.7837992992519
 20
394.1230549502405
 30
0.0
 11
-471.3730549502407
 21
393.5337992992517
 31
0.0
 12
-469.3106601717799
 22
392.0606601717798
 32
0.0
 13
-469.3106601717799
 23
392.0606601717798
 33
0.0
  0
POINT
  5
32DD
330
B0B
100
AcDbEntity
  8
Defpoints
 62
     0
440
 16777216
100
AcDbPoint
 10
-469.3106601717799
 20
392.0606601717798
 30
0.0
  0
POINT
  5
32DE
330
B0B
100
AcDbEntity
  8
Defpoints
 62
     0
440
 16777216
100
AcDbPoint
 10
-467.18933982822
 20
389.9393398282203
 30
0.0
  0
ENDBLK
  5
B0D
330
B0B
100
AcDbEntity
  8
0
100
AcDbBlockEnd
  0
BLOCK
  5
B17
330
B16
100
AcDbEntity
  8
0
100
AcDbBlockBegin
  2
*D139
 70
     1
 10
0.0
 20
0.0
 30
0.0
  3
*D139
  1

  0
LINE
  5
32DF
330
B16
100
AcDbEntity
  8
Dimensions
 62
     0
440
 16777216
370
    -2
100
AcDbLine
 10
-306.8122142061618
 20
399.5622142061616
 30
0.0
 11
-301.0784271247463
 21
393.8284271247462
 31
0.0
  0
LINE
  5
32E0
330
B16
100
AcDbEntity
  8
Dimensions
 62
     0
440
 16777216
370
    -2
100
AcDbLine
 10
-295.4215728752539
 20
388.171572875254
 30
0.0
 11
-293.6538059222875
 21
386.4038059222877
 31
0.0
  0
MTEXT
  5
32E1
330
B16
100
AcDbEntity
  8
Dimensions
 62
     0
440
 16777216
100
AcDbMText
 10
-303.4352487547413
 20
398.973159529133
 30
0.0
 40
2.5
 41
0.0
 46
0.0
 71
     5
 72
     1
  1
∅3
 11
0.707106781186557
 21
-0.7071067811865382
 31
0.0
 73
     1
 44
1.0
  0
LINE
  5
32E2
330
B16
100
AcDbEntity
  8
Dimensions
 62
     0
440
 16777216
370
    -2
100
AcDbLine
 10
-297.1893398282203
 20
389.9393398282203
 30
0.0
 11
-299.3106601717799
 21
392.0606601717799
 31
0.0
  0
SOLID
  5
32E3
330
B16
100
AcDbEntity
  8
Dimensions
 62
     0
440
 16777216
100
AcDbTrace
 10
-295.1269450497595
 20
388.4662007007484
 30
0.0
 11
-295.7162007007483
 21
387.8769450497596
 31
0.0
 12
-297.1893398282203
 22
389.9393398282203
 32
0.0
 13
-297.1893398282203
 23
389.9393398282203
 33
0.0
  0
SOLID
  5
32E4
330
B16
100
AcDbEntity
  8
Dimensions
 62
     0
440
 16777216
100
AcDbTrace
 10
-300.7837992992519
 20
394.1230549502406
 30
0.0
 11
-301.3730549502407
 21
393.5337992992518
 31
0.0
 12
-299.3106601717799
 22
392.0606601717799
 32
0.0
 13
-299.3106601717799
 23
392.0606601717799
 33
0.0
  0
POINT
  5
32E5
330
B16
100
AcDbEntity
  8
Defpoints
 62
     0
440
 16777216
100
AcDbPoint
 10
-299.3106601717799
 20
392.0606601717799
 30
0.0
  0
POINT
  5
32E6
330
B16
100
AcDbEntity
  8
Defpoints
 62
     0
440
 16777216
100
AcDbPoint
 10
-297.1893398282203
 20
389.9393398282203
 30
0.0
  0
ENDBLK
  5
B18
330
B16
100
AcDbEntity
  8
0
100
AcDbBlockEnd
  0
BLOCK
  5
C29
330
C28
100
AcDbEntity
  8
0
100
AcDbBlockBegin
  2
*D140
 70
     1
 10
0.0
 20
0.0
 30
0.0
  3
*D140
  1

  0
LINE
  5
C2A
330
C28
100
AcDbEntity
  8
Dimensions
 62
     0
440
 16777216
370
    -2
100
AcDbLine
 10
-107.375
 20
-244.9999999999999
 30
0.0
 11
-99.75000000000003
 21
-244.9999999999999
 31
0.0
  0
LINE
  5
C2B
330
C28
100
AcDbEntity
  8
Dimensions
 62
     0
440
 16777216
370
    -2
100
AcDbLine
 10
-107.375
 20
-122.9999999999999
 30
0.0
 11
-99.75000000000001
 21
-122.9999999999999
 31
0.0
  0
LINE
  5
C2C
330
C28
100
AcDbEntity
  8
Dimensions
 62
     0
440
 16777216
370
    -2
100
AcDbLine
 10
-101.0
 20
-242.4999999999999
 30
0.0
 11
-101.0
 21
-125.4999999999999
 31
0.0
  0
SOLID
  5
C2D
330
C28
100
AcDbEntity
  8
Dimensions
 62
     0
440
 16777216
100
AcDbTrace
 10
-101.4166666666667
 20
-242.4999999999999
 30
0.0
 11
-100.5833333333333
 21
-242.4999999999999
 31
0.0
 12
-101.0
 22
-244.9999999999999
 32
0.0
 13
-101.0
 23
-244.9999999999999
 33
0.0
  0
SOLID
  5
C2E
330
C28
100
AcDbEntity
  8
Dimensions
 62
     0
440
 16777216
100
AcDbTrace
 10
-101.4166666666666
 20
-125.4999999999999
 30
0.0
 11
-100.5833333333333
 21
-125.4999999999999
 31
0.0
 12
-101.0
 22
-122.9999999999999
 32
0.0
 13
-101.0
 23
-122.9999999999999
 33
0.0
  0
MTEXT
  5
C2F
330
C28
100
AcDbEntity
  8
Dimensions
 62
     0
440
 16777216
100
AcDbMText
 10
-102.875
 20
-184.0
 30
0.0
 40
2.5
 41
0.0
 46
0.0
 71
     5
 72
     1
  1
122
 11
0.0000000000000001
 21
1.0
 31
0.0
 73
     1
 44
1.0
  0
POINT
  5
C30
330
C28
100
AcDbEntity
  8
Defpoints
 62
     0
440
 16777216
100
AcDbPoint
 10
-108.0
 20
-244.9999999999999
 30
0.0
  0
POINT
  5
C31
330
C28
100
AcDbEntity
  8
Defpoints
 62
     0
440
 16777216
100
AcDbPoint
 10
-108.0
 20
-122.9999999999999
 30
0.0
  0
POINT
  5
C32
330
C28
100
AcDbEntity
  8
Defpoints
 62
     0
440
 16777216
100
AcDbPoint
 10
-101.0
 20
-122.9999999999999
 30
0.0
  0
ENDBLK
  5
C33
330
C28
100
AcDbEntity
  8
0
100
AcDbBlockEnd
  0
BLOCK
  5
C35
330
C34
100
AcDbEntity
  8
0
100
AcDbBlockBegin
  2
*D141
 70
     1
 10
0.0
 20
0.0
 30
0.0
  3
*D141
  1

  0
LINE
  5
C36
330
C34
100
AcDbEntity
  8
Dimensions
 62
     0
440
 16777216
370
    -2
100
AcDbLine
 10
-293.0
 20
-245.6249999999999
 30
0.0
 11
-293.0
 21
-260.25
 31
0.0
  0
LINE
  5
C37
330
C34
100
AcDbEntity
  8
Dimensions
 62
     0
440
 16777216
370
    -2
100
AcDbLine
 10
-108.0
 20
-245.6249999999999
 30
0.0
 11
-108.0
 21
-260.25
 31
0.0
  0
LINE
  5
C38
330
C34
100
AcDbEntity
  8
Dimensions
 62
     0
440
 16777216
370
    -2
100
AcDbLine
 10
-290.5
 20
-258.9999999999999
 30
0.0
 11
-110.5
 21
-258.9999999999999
 31
0.0
  0
SOLID
  5
C39
330
C34
100
AcDbEntity
  8
Dimensions
 62
     0
440
 16777216
100
AcDbTrace
 10
-290.5
 20
-258.5833333333332
 30
0.0
 11
-290.5
 21
-259.4166666666666
 31
0.0
 12
-293.0
 22
-258.9999999999999
 32
0.0
 13
-293.0
 23
-258.9999999999999
 33
0.0
  0
SOLID
  5
C3A
330
C34
100
AcDbEntity
  8
Dimensions
 62
     0
440
 16777216
100
AcDbTrace
 10
-110.5
 20
-258.5833333333332
 30
0.0
 11
-110.5
 21
-259.4166666666666
 31
0.0
 12
-108.0
 22
-258.9999999999999
 32
0.0
 13
-108.0
 23
-258.9999999999999
 33
0.0
  0
MTEXT
  5
C3B
330
C34
100
AcDbEntity
  8
Dimensions
 62
     0
440
 16777216
100
AcDbMText
 10
-200.5
 20
-257.125
 30
0.0
 40
2.5
 41
0.0
 46
0.0
 71
     5
 72
     1
  1
185
 73
     1
 44
1.0
  0
POINT
  5
C3C
330
C34
100
AcDbEntity
  8
Defpoints
 62
     0
440
 16777216
100
AcDbPoint
 10
-293.0
 20
-244.9999999999999
 30
0.0
  0
POINT
  5
C3D
330
C34
100
AcDbEntity
  8
Defpoints
 62
     0
440
 16777216
100
AcDbPoint
 10
-108.0
 20
-244.9999999999999
 30
0.0
  0
POINT
  5
C3E
330
C34
100
AcDbEntity
  8
Defpoints
 62
     0
440
 16777216
100
AcDbPoint
 10
-108.0
 20
-258.9999999999999
 30
0.0
  0
ENDBLK
  5
C3F
330
C34
100
AcDbEntity
  8
0
100
AcDbBlockEnd
  0
BLOCK
  5
C41
330
C40
100
AcDbEntity
  8
0
100
AcDbBlockBegin
  2
*D142
 70
     1
 10
0.0
 20
0.0
 30
0.0
  3
*D142
  1

  0
LINE
  5
C42
330
C40
100
AcDbEntity
  8
Dimensions
 62
     0
440
 16777216
370
    -2
100
AcDbLine
 10
-292.375
 20
300.0
 30
0.0
 11
-99.7499999999999
 21
300.0
 31
0.0
  0
LINE
  5
C43
330
C40
100
AcDbEntity
  8
Dimensions
 62
     0
440
 16777216
370
    -2
100
AcDbLine
 10
-156.375
 20
-122.9999999999999
 30
0.0
 11
-99.75000000000001
 21
-122.9999999999999
 31
0.0
  0
LINE
  5
C44
330
C40
100
AcDbEntity
  8
Dimensions
 62
     0
440
 16777216
370
    -2
100
AcDbLine
 10
-100.9999999999999
 20
297.5
 30
0.0
 11
-101.0
 21
-120.4999999999999
 31
0.0
  0
SOLID
  5
C45
330
C40
100
AcDbEntity
  8
Dimensions
 62
     0
440
 16777216
100
AcDbTrace
 10
-101.4166666666665
 20
297.5
 30
0.0
 11
-100.5833333333332
 21
297.5
 31
0.0
 12
-100.9999999999999
 22
300.0
 32
0.0
 13
-100.9999999999999
 23
300.0
 33
0.0
  0
SOLID
  5
C46
330
C40
100
AcDbEntity
  8
Dimensions
 62
     0
440
 16777216
100
AcDbTrace
 10
-101.4166666666666
 20
-120.4999999999999
 30
0.0
 11
-100.5833333333333
 21
-120.4999999999999
 31
0.0
 12
-101.0
 22
-122.9999999999999
 32
0.0
 13
-101.0
 23
-122.9999999999999
 33
0.0
  0
MTEXT
  5
C47
330
C40
100
AcDbEntity
  8
Dimensions
 62
     0
440
 16777216
100
AcDbMText
 10
-102.875
 20
88.50000000000001
 30
0.0
 40
2.5
 41
0.0
 46
0.0
 71
     5
 72
     1
  1
423
 11
0.0000000000000001
 21
1.0
 31
0.0
 73
     1
 44
1.0
  0
POINT
  5
C48
330
C40
100
AcDbEntity
  8
Defpoints
 62
     0
440
 16777216
100
AcDbPoint
 10
-293.0
 20
300.0
 30
0.0
  0
POINT
  5
C49
330
C40
100
AcDbEntity
  8
Defpoints
 62
     0
440
 16777216
100
AcDbPoint
 10
-157.0
 20
-122.9999999999999
 30
0.0
  0
POINT
  5
C4A
330
C40
100
AcDbEntity
  8
Defpoints
 62
     0
440
 16777216
100
AcDbPoint
 10
-101.0
 20
-122.9999999999999
 30
0.0
  0
ENDBLK
  5
C4B
330
C40
100
AcDbEntity
  8
0
100
AcDbBlockEnd
  0
BLOCK
  5
C4D
330
C4C
100
AcDbEntity
  8
0
100
AcDbBlockBegin
  2
*D143
 70
     1
 10
0.0
 20
0.0
 30
0.0
  3
*D143
  1

  0
LINE
  5
C4E
330
C4C
100
AcDbEntity
  8
Dimensions
 62
     0
440
 16777216
370
    -2
100
AcDbLine
 10
-293.625
 20
-244.9999999999999
 30
0.0
 11
-301.2500000000001
 21
-244.9999999999999
 31
0.0
  0
LINE
  5
C4F
330
C4C
100
AcDbEntity
  8
Dimensions
 62
     0
440
 16777216
370
    -2
100
AcDbLine
 10
-293.625
 20
300.0
 30
0.0
 11
-301.2499999999999
 21
300.0
 31
0.0
  0
LINE
  5
C50
330
C4C
100
AcDbEntity
  8
Dimensions
 62
     0
440
 16777216
370
    -2
100
AcDbLine
 10
-300.0
 20
-242.4999999999999
 30
0.0
 11
-300.0
 21
297.5000000000001
 31
0.0
  0
SOLID
  5
C51
330
C4C
100
AcDbEntity
  8
Dimensions
 62
     0
440
 16777216
100
AcDbTrace
 10
-300.4166666666667
 20
-242.4999999999999
 30
0.0
 11
-299.5833333333333
 21
-242.4999999999999
 31
0.0
 12
-300.0
 22
-244.9999999999999
 32
0.0
 13
-300.0
 23
-244.9999999999999
 33
0.0
  0
SOLID
  5
C52
330
C4C
100
AcDbEntity
  8
Dimensions
 62
     0
440
 16777216
100
AcDbTrace
 10
-300.4166666666666
 20
297.5000000000001
 30
0.0
 11
-299.5833333333333
 21
297.5000000000001
 31
0.0
 12
-300.0
 22
300.0
 32
0.0
 13
-300.0
 23
300.0
 33
0.0
  0
MTEXT
  5
C53
330
C4C
100
AcDbEntity
  8
Dimensions
 62
     0
440
 16777216
100
AcDbMText
 10
-301.875
 20
27.50000000000002
 30
0.0
 40
2.5
 41
0.0
 46
0.0
 71
     5
 72
     1
  1
545
 11
0.0000000000000001
 21
1.0
 31
0.0
 73
     1
 44
1.0
  0
POINT
  5
C54
330
C4C
100
AcDbEntity
  8
Defpoints
 62
     0
440
 16777216
100
AcDbPoint
 10
-293.0
 20
-244.9999999999999
 30
0.0
  0
POINT
  5
C55
330
C4C
100
AcDbEntity
  8
Defpoints
 62
     0
440
 16777216
100
AcDbPoint
 10
-293.0
 20
300.0
 30
0.0
  0
POINT
  5
C56
330
C4C
100
AcDbEntity
  8
Defpoints
 62
     0
440
 16777216
100
AcDbPoint
 10
-300.0
 20
300.0
 30
0.0
  0
ENDBLK
  5
C57
330
C4C
100
AcDbEntity
  8
0
100
AcDbBlockEnd
  0
BLOCK
  5
C59
330
C58
100
AcDbEntity
  8
0
100
AcDbBlockBegin
  2
*D144
 70
     1
 10
0.0
 20
0.0
 30
0.0
  3
*D144
  1

  0
LINE
  5
C5A
330
C58
100
AcDbEntity
  8
Dimensions
 62
     0
440
 16777216
370
    -2
100
AcDbLine
 10
-108.0
 20
-122.3749999999999
 30
0.0
 11
-108.0
 21
-117.3920837135992
 31
0.0
  0
LINE
  5
C5B
330
C58
100
AcDbEntity
  8
Dimensions
 62
     0
440
 16777216
370
    -2
100
AcDbLine
 10
-157.0
 20
-122.3749999999999
 30
0.0
 11
-157.0
 21
-117.3920837135992
 31
0.0
  0
LINE
  5
C5C
330
C58
100
AcDbEntity
  8
Dimensions
 62
     0
440
 16777216
370
    -2
100
AcDbLine
 10
-110.5
 20
-118.6420837135992
 30
0.0
 11
-154.5
 21
-118.6420837135992
 31
0.0
  0
SOLID
  5
C5D
330
C58
100
AcDbEntity
  8
Dimensions
 62
     0
440
 16777216
100
AcDbTrace
 10
-110.5
 20
-118.2254170469325
 30
0.0
 11
-110.5
 21
-119.0587503802659
 31
0.0
 12
-108.0
 22
-118.6420837135992
 32
0.0
 13
-108.0
 23
-118.6420837135992
 33
0.0
  0
SOLID
  5
C5E
330
C58
100
AcDbEntity
  8
Dimensions
 62
     0
440
 16777216
100
AcDbTrace
 10
-154.5
 20
-118.2254170469325
 30
0.0
 11
-154.5
 21
-119.0587503802659
 31
0.0
 12
-157.0
 22
-118.6420837135992
 32
0.0
 13
-157.0
 23
-118.6420837135992
 33
0.0
  0
MTEXT
  5
C5F
330
C58
100
AcDbEntity
  8
Dimensions
 62
     0
440
 16777216
100
AcDbMText
 10
-132.5
 20
-116.7670837135992
 30
0.0
 40
2.5
 41
0.0
 46
0.0
 71
     5
 72
     1
  1
49
 73
     1
 44
1.0
  0
POINT
  5
C60
330
C58
100
AcDbEntity
  8
Defpoints
 62
     0
440
 16777216
100
AcDbPoint
 10
-108.0
 20
-122.9999999999999
 30
0.0
  0
POINT
  5
C61
330
C58
100
AcDbEntity
  8
Defpoints
 62
     0
440
 16777216
100
AcDbPoint
 10
-157.0
 20
-122.9999999999999
 30
0.0
  0
POINT
  5
C62
330
C58
100
AcDbEntity
  8
Defpoints
 62
     0
440
 16777216
100
AcDbPoint
 10
-157.0
 20
-118.6420837135992
 30
0.0
  0
ENDBLK
  5
C63
330
C58
100
AcDbEntity
  8
0
100
AcDbBlockEnd
  0
BLOCK
  5
C65
330
C64
100
AcDbEntity
  8
0
100
AcDbBlockBegin
  2
*D145
 70
     1
 10
0.0
 20
0.0
 30
0.0
  3
*D145
  1

  0
LINE
  5
C66
330
C64
100
AcDbEntity
  8
Dimensions
 62
     0
440
 16777216
370
    -2
100
AcDbLine
 10
40.00000000000001
 20
486.6249999999999
 30
0.0
 11
40.00000000000002
 21
630.25
 31
0.0
  0
LINE
  5
C67
330
C64
100
AcDbEntity
  8
Dimensions
 62
     0
440
 16777216
370
    -2
100
AcDbLine
 10
218.0
 20
486.6249999999999
 30
0.0
 11
218.0
 21
630.25
 31
0.0
  0
LINE
  5
C68
330
C64
100
AcDbEntity
  8
Dimensions
 62
     0
440
 16777216
370
    -2
100
AcDbLine
 10
42.50000000000002
 20
629.0
 30
0.0
 11
215.5
 21
629.0
 31
0.0
  0
SOLID
  5
C69
330
C64
100
AcDbEntity
  8
Dimensions
 62
     0
440
 16777216
100
AcDbTrace
 10
42.50000000000002
 20
629.4166666666666
 30
0.0
 11
42.50000000000002
 21
628.5833333333333
 31
0.0
 12
40.00000000000002
 22
629.0
 32
0.0
 13
40.00000000000002
 23
629.0
 33
0.0
  0
SOLID
  5
C6A
330
C64
100
AcDbEntity
  8
Dimensions
 62
     0
440
 16777216
100
AcDbTrace
 10
215.5
 20
629.4166666666666
 30
0.0
 11
215.5
 21
628.5833333333333
 31
0.0
 12
218.0
 22
629.0
 32
0.0
 13
218.0
 23
629.0
 33
0.0
  0
MTEXT
  5
C6B
330
C64
100
AcDbEntity
  8
Dimensions
 62
     0
440
 16777216
100
AcDbMText
 10
129.0
 20
630.8749999999999
 30
0.0
 40
2.5
 41
0.0
 46
0.0
 71
     5
 72
     1
  1
178
 73
     1
 44
1.0
  0
POINT
  5
C6C
330
C64
100
AcDbEntity
  8
Defpoints
 62
     0
440
 16777216
100
AcDbPoint
 10
40.00000000000001
 20
486.0
 30
0.0
  0
POINT
  5
C6D
330
C64
100
AcDbEntity
  8
Defpoints
 62
     0
440
 16777216
100
AcDbPoint
 10
218.0
 20
486.0
 30
0.0
  0
POINT
  5
C6E
330
C64
100
AcDbEntity
  8
Defpoints
 62
     0
440
 16777216
100
AcDbPoint
 10
218.0
 20
629.0
 30
0.0
  0
ENDBLK
  5
C6F
330
C64
100
AcDbEntity
  8
0
100
AcDbBlockEnd
  0
BLOCK
  5
C71
330
C70
100
AcDbEntity
  8
0
100
AcDbBlockBegin
  2
*D146
 70
     1
 10
0.0
 20
0.0
 30
0.0
  3
*D146
  1

  0
LINE
  5
C72
330
C70
100
AcDbEntity
  8
Dimensions
 62
     0
440
 16777216
370
    -2
100
AcDbLine
 10
39.37500000000002
 20
-46.0
 30
0.0
 11
5.749999999999826
 21
-45.99999999999999
 31
0.0
  0
LINE
  5
C73
330
C70
100
AcDbEntity
  8
Dimensions
 62
     0
440
 16777216
370
    -2
100
AcDbLine
 10
39.37500000000002
 20
554.0
 30
0.0
 11
5.749999999999959
 21
554.0
 31
0.0
  0
LINE
  5
C74
330
C70
100
AcDbEntity
  8
Dimensions
 62
     0
440
 16777216
370
    -2
100
AcDbLine
 10
6.999999999999825
 20
-43.49999999999999
 30
0.0
 11
6.999999999999957
 21
551.4999999999999
 31
0.0
  0
SOLID
  5
C75
330
C70
100
AcDbEntity
  8
Dimensions
 62
     0
440
 16777216
100
AcDbTrace
 10
6.583333333333158
 20
-43.49999999999999
 30
0.0
 11
7.416666666666491
 21
-43.49999999999999
 31
0.0
 12
6.999999999999825
 22
-45.99999999999999
 32
0.0
 13
6.999999999999825
 23
-45.99999999999999
 33
0.0
  0
SOLID
  5
C76
330
C70
100
AcDbEntity
  8
Dimensions
 62
     0
440
 16777216
100
AcDbTrace
 10
6.58333333333329
 20
551.4999999999999
 30
0.0
 11
7.416666666666624
 21
551.4999999999999
 31
0.0
 12
6.999999999999957
 22
554.0
 32
0.0
 13
6.999999999999957
 23
554.0
 33
0.0
  0
MTEXT
  5
C77
330
C70
100
AcDbEntity
  8
Dimensions
 62
     0
440
 16777216
100
AcDbMText
 10
5.12499999999985
 20
254.0
 30
0.0
 40
2.5
 41
0.0
 46
0.0
 71
     5
 72
     1
  1
600
 11
0.0000000000000001
 21
1.0
 31
0.0
 73
     1
 44
1.0
  0
POINT
  5
C78
330
C70
100
AcDbEntity
  8
Defpoints
 62
     0
440
 16777216
100
AcDbPoint
 10
40.00000000000001
 20
-46.0
 30
0.0
  0
POINT
  5
C79
330
C70
100
AcDbEntity
  8
Defpoints
 62
     0
440
 16777216
100
AcDbPoint
 10
40.00000000000002
 20
554.0
 30
0.0
  0
POINT
  5
C7A
330
C70
100
AcDbEntity
  8
Defpoints
 62
     0
440
 16777216
100
AcDbPoint
 10
6.999999999999957
 20
554.0
 30
0.0
  0
ENDBLK
  5
C7B
330
C70
100
AcDbEntity
  8
0
100
AcDbBlockEnd
  0
BLOCK
  5
C7D
330
C7C
100
AcDbEntity
  8
0
100
AcDbBlockBegin
  2
*D147
 70
     1
 10
0.0
 20
0.0
 30
0.0
  3
*D147
  1

  0
LINE
  5
C7E
330
C7C
100
AcDbEntity
  8
Dimensions
 62
     0
440
 16777216
370
    -2
100
AcDbLine
 10
38.75000000000002
 20
-46.0
 30
0.0
 11
-19.25000000000009
 21
-45.99999999999997
 31
0.0
  0
LINE
  5
C7F
330
C7C
100
AcDbEntity
  8
Dimensions
 62
     0
440
 16777216
370
    -2
100
AcDbLine
 10
217.375
 20
486.0
 30
0.0
 11
-19.24999999999998
 21
486.0
 31
0.0
  0
LINE
  5
C80
330
C7C
100
AcDbEntity
  8
Dimensions
 62
     0
440
 16777216
370
    -2
100
AcDbLine
 10
-18.00000000000009
 20
-43.49999999999998
 30
0.0
 11
-17.99999999999998
 21
483.5
 31
0.0
  0
SOLID
  5
C81
330
C7C
100
AcDbEntity
  8
Dimensions
 62
     0
440
 16777216
100
AcDbTrace
 10
-18.41666666666676
 20
-43.49999999999998
 30
0.0
 11
-17.58333333333343
 21
-43.49999999999998
 31
0.0
 12
-18.00000000000009
 22
-45.99999999999998
 32
0.0
 13
-18.00000000000009
 23
-45.99999999999998
 33
0.0
  0
SOLID
  5
C82
330
C7C
100
AcDbEntity
  8
Dimensions
 62
     0
440
 16777216
100
AcDbTrace
 10
-18.41666666666665
 20
483.5
 30
0.0
 11
-17.58333333333331
 21
483.5
 31
0.0
 12
-17.99999999999998
 22
486.0
 32
0.0
 13
-17.99999999999998
 23
486.0
 33
0.0
  0
MTEXT
  5
C83
330
C7C
100
AcDbEntity
  8
Dimensions
 62
     0
440
 16777216
100
AcDbMText
 10
-19.87500000000007
 20
220.0
 30
0.0
 40
2.5
 41
0.0
 46
0.0
 71
     5
 72
     1
  1
532
 11
0.0000000000000001
 21
1.0
 31
0.0
 73
     1
 44
1.0
  0
POINT
  5
C84
330
C7C
100
AcDbEntity
  8
Defpoints
 62
     0
440
 16777216
100
AcDbPoint
 10
39.37500000000002
 20
-46.0
 30
0.0
  0
POINT
  5
C85
330
C7C
100
AcDbEntity
  8
Defpoints
 62
     0
440
 16777216
100
AcDbPoint
 10
218.0
 20
486.0
 30
0.0
  0
POINT
  5
C86
330
C7C
100
AcDbEntity
  8
Defpoints
 62
     0
440
 16777216
100
AcDbPoint
 10
-17.99999999999998
 20
486.0
 30
0.0
  0
ENDBLK
  5
C87
330
C7C
100
AcDbEntity
  8
0
100
AcDbBlockEnd
  0
BLOCK
  5
C89
330
C88
100
AcDbEntity
  8
0
100
AcDbBlockBegin
  2
*D148
 70
     1
 10
0.0
 20
0.0
 30
0.0
  3
*D148
  1

  0
LINE
  5
C8A
330
C88
100
AcDbEntity
  8
Dimensions
 62
     0
440
 16777216
370
    -2
100
AcDbLine
 10
62.00000000000001
 20
407.6249999999999
 30
0.0
 11
62.00000000000002
 21
598.2499999999999
 31
0.0
  0
LINE
  5
C8B
330
C88
100
AcDbEntity
  8
Dimensions
 62
     0
440
 16777216
370
    -2
100
AcDbLine
 10
350.0
 20
407.6249999999999
 30
0.0
 11
350.0
 21
598.2499999999999
 31
0.0
  0
LINE
  5
C8C
330
C88
100
AcDbEntity
  8
Dimensions
 62
     0
440
 16777216
370
    -2
100
AcDbLine
 10
64.50000000000002
 20
597.0
 30
0.0
 11
347.5
 21
597.0
 31
0.0
  0
SOLID
  5
C8D
330
C88
100
AcDbEntity
  8
Dimensions
 62
     0
440
 16777216
100
AcDbTrace
 10
64.50000000000002
 20
597.4166666666666
 30
0.0
 11
64.50000000000002
 21
596.5833333333334
 31
0.0
 12
62.00000000000002
 22
597.0
 32
0.0
 13
62.00000000000002
 23
597.0
 33
0.0
  0
SOLID
  5
C8E
330
C88
100
AcDbEntity
  8
Dimensions
 62
     0
440
 16777216
100
AcDbTrace
 10
347.5
 20
597.4166666666666
 30
0.0
 11
347.5
 21
596.5833333333334
 31
0.0
 12
350.0
 22
597.0
 32
0.0
 13
350.0
 23
597.0
 33
0.0
  0
MTEXT
  5
C8F
330
C88
100
AcDbEntity
  8
Dimensions
 62
     0
440
 16777216
100
AcDbMText
 10
206.0
 20
598.875
 30
0.0
 40
2.5
 41
0.0
 46
0.0
 71
     5
 72
     1
  1
288
 73
     1
 44
1.0
  0
POINT
  5
C90
330
C88
100
AcDbEntity
  8
Defpoints
 62
     0
440
 16777216
100
AcDbPoint
 10
62.00000000000001
 20
407.0
 30
0.0
  0
POINT
  5
C91
330
C88
100
AcDbEntity
  8
Defpoints
 62
     0
440
 16777216
100
AcDbPoint
 10
350.0
 20
407.0
 30
0.0
  0
POINT
  5
C92
330
C88
100
AcDbEntity
  8
Defpoints
 62
     0
440
 16777216
100
AcDbPoint
 10
350.0
 20
597.0
 30
0.0
  0
ENDBLK
  5
C93
330
C88
100
AcDbEntity
  8
0
100
AcDbBlockEnd
  0
BLOCK
  5
C95
330
C94
100
AcDbEntity
  8
0
100
AcDbBlockBegin
  2
*D149
 70
     1
 10
0.0
 20
0.0
 30
0.0
  3
*D149
  1

  0
LINE
  5
C96
330
C94
100
AcDbEntity
  8
Dimensions
 62
     0
440
 16777216
370
    -2
100
AcDbLine
 10
40.00000000000001
 20
406.3749999999999
 30
0.0
 11
40.00000000000001
 21
390.75
 31
0.0
  0
LINE
  5
C97
330
C94
100
AcDbEntity
  8
Dimensions
 62
     0
440
 16777216
370
    -2
100
AcDbLine
 10
62.00000000000001
 20
407.0
 30
0.0
 11
62.00000000000001
 21
390.75
 31
0.0
  0
LINE
  5
C98
330
C94
100
AcDbEntity
  8
Dimensions
 62
     0
440
 16777216
370
    -2
100
AcDbLine
 10
42.50000000000001
 20
392.0
 30
0.0
 11
59.50000000000001
 21
392.0
 31
0.0
  0
SOLID
  5
C99
330
C94
100
AcDbEntity
  8
Dimensions
 62
     0
440
 16777216
100
AcDbTrace
 10
42.50000000000001
 20
392.4166666666667
 30
0.0
 11
42.50000000000001
 21
391.5833333333333
 31
0.0
 12
40.00000000000001
 22
392.0
 32
0.0
 13
40.00000000000001
 23
392.0
 33
0.0
  0
SOLID
  5
C9A
330
C94
100
AcDbEntity
  8
Dimensions
 62
     0
440
 16777216
100
AcDbTrace
 10
59.50000000000001
 20
392.4166666666667
 30
0.0
 11
59.50000000000001
 21
391.5833333333333
 31
0.0
 12
62.00000000000001
 22
392.0
 32
0.0
 13
62.00000000000001
 23
392.0
 33
0.0
  0
MTEXT
  5
C9B
330
C94
100
AcDbEntity
  8
Dimensions
 62
     0
440
 16777216
100
AcDbMText
 10
51.00000000000001
 20
393.875
 30
0.0
 40
2.5
 41
0.0
 46
0.0
 71
     5
 72
     1
  1
22
 73
     1
 44
1.0
  0
POINT
  5
C9C
330
C94
100
AcDbEntity
  8
Defpoints
 62
     0
440
 16777216
100
AcDbPoint
 10
40.00000000000001
 20
407.0
 30
0.0
  0
POINT
  5
C9D
330
C94
100
AcDbEntity
  8
Defpoints
 62
     0
440
 16777216
100
AcDbPoint
 10
62.00000000000001
 20
407.6249999999999
 30
0.0
  0
POINT
  5
C9E
330
C94
100
AcDbEntity
  8
Defpoints
 62
     0
440
 16777216
100
AcDbPoint
 10
62.00000000000001
 20
392.0
 30
0.0
  0
ENDBLK
  5
C9F
330
C94
100
AcDbEntity
  8
0
100
AcDbBlockEnd
  0
BLOCK
  5
CA1
330
CA0
100
AcDbEntity
  8
0
100
AcDbBlockBegin
  2
*D150
 70
     1
 10
0.0
 20
0.0
 30
0.0
  3
*D150
  1

  0
LINE
  5
CA2
330
CA0
100
AcDbEntity
  8
Dimensions
 62
     0
440
 16777216
370
    -2
100
AcDbLine
 10
350.0
 20
407.0
 30
0.0
 11
350.0
 21
396.75
 31
0.0
  0
LINE
  5
CA3
330
CA0
100
AcDbEntity
  8
Dimensions
 62
     0
440
 16777216
370
    -2
100
AcDbLine
 10
373.0
 20
406.3749999999999
 30
0.0
 11
373.0
 21
396.75
 31
0.0
  0
LINE
  5
CA4
330
CA0
100
AcDbEntity
  8
Dimensions
 62
     0
440
 16777216
370
    -2
100
AcDbLine
 10
352.5
 20
398.0
 30
0.0
 11
370.5
 21
398.0
 31
0.0
  0
SOLID
  5
CA5
330
CA0
100
AcDbEntity
  8
Dimensions
 62
     0
440
 16777216
100
AcDbTrace
 10
352.5
 20
398.4166666666667
 30
0.0
 11
352.5
 21
397.5833333333333
 31
0.0
 12
350.0
 22
398.0
 32
0.0
 13
350.0
 23
398.0
 33
0.0
  0
SOLID
  5
CA6
330
CA0
100
AcDbEntity
  8
Dimensions
 62
     0
440
 16777216
100
AcDbTrace
 10
370.5
 20
398.4166666666667
 30
0.0
 11
370.5
 21
397.5833333333333
 31
0.0
 12
373.0
 22
398.0
 32
0.0
 13
373.0
 23
398.0
 33
0.0
  0
MTEXT
  5
CA7
330
CA0
100
AcDbEntity
  8
Dimensions
 62
     0
440
 16777216
100
AcDbMText
 10
361.5
 20
399.875
 30
0.0
 40
2.5
 41
0.0
 46
0.0
 71
     5
 72
     1
  1
23
 73
     1
 44
1.0
  0
POINT
  5
CA8
330
CA0
100
AcDbEntity
  8
Defpoints
 62
     0
440
 16777216
100
AcDbPoint
 10
350.0
 20
407.6249999999999
 30
0.0
  0
POINT
  5
CA9
330
CA0
100
AcDbEntity
  8
Defpoints
 62
     0
440
 16777216
100
AcDbPoint
 10
373.0
 20
407.0
 30
0.0
  0
POINT
  5
CAA
330
CA0
100
AcDbEntity
  8
Defpoints
 62
     0
440
 16777216
100
AcDbPoint
 10
373.0
 20
398.0
 30
0.0
  0
ENDBLK
  5
CAB
330
CA0
100
AcDbEntity
  8
0
100
AcDbBlockEnd
  0
BLOCK
  5
CAD
330
CAC
100
AcDbEntity
  8
0
100
AcDbBlockBegin
  2
*D151
 70
     1
 10
0.0
 20
0.0
 30
0.0
  3
*D151
  1

  0
LINE
  5
CAE
330
CAC
100
AcDbEntity
  8
Dimensions
 62
     0
440
 16777216
370
    -2
100
AcDbLine
 10
71.48701598091981
 20
416.4870159809192
 30
0.0
 11
65.88908729652615
 21
410.8890872965258
 31
0.0
  0
LINE
  5
CAF
330
CAC
100
AcDbEntity
  8
Dimensions
 62
     0
440
 16777216
370
    -2
100
AcDbLine
 10
58.11091270347396
 20
403.1109127034741
 30
0.0
 11
56.34314575050755
 21
401.3431457505078
 31
0.0
  0
MTEXT
  5
CB0
330
CAC
100
AcDbEntity
  8
Dimensions
 62
     0
440
 16777216
100
AcDbMText
 10
68.24610990048149
 20
415.8977603299304
 30
0.0
 40
2.5
 41
0.0
 46
0.0
 71
     5
 72
     1
  1
∅6
 11
0.7071067811865711
 21
0.707106781186524
 31
0.0
 73
     1
 44
1.0
  0
LINE
  5
CB1
330
CAC
100
AcDbEntity
  8
Dimensions
 62
     0
440
 16777216
370
    -2
100
AcDbLine
 10
59.87867965644039
 20
404.8786796564404
 30
0.0
 11
64.12132034355972
 21
409.1213203435595
 31
0.0
  0
SOLID
  5
CB2
330
CAC
100
AcDbEntity
  8
Dimensions
 62
     0
440
 16777216
100
AcDbTrace
 10
57.81628487797957
 20
403.4055405289685
 30
0.0
 11
58.40554052896834
 21
402.8162848779798
 31
0.0
 12
59.87867965644039
 22
404.8786796564404
 32
0.0
 13
59.87867965644039
 23
404.8786796564404
 33
0.0
  0
SOLID
  5
CB3
330
CAC
100
AcDbEntity
  8
Dimensions
 62
     0
440
 16777216
100
AcDbTrace
 10
65.5944594710318
 20
411.1837151220202
 30
0.0
 11
66.18371512202054
 21
410.5944594710314
 31
0.0
 12
64.12132034355972
 22
409.1213203435595
 32
0.0
 13
64.12132034355972
 23
409.1213203435595
 33
0.0
  0
POINT
  5
CB4
330
CAC
100
AcDbEntity
  8
Defpoints
 62
     0
440
 16777216
100
AcDbPoint
 10
64.12132034355972
 20
409.1213203435595
 30
0.0
  0
POINT
  5
CB5
330
CAC
100
AcDbEntity
  8
Defpoints
 62
     0
440
 16777216
100
AcDbPoint
 10
59.87867965644039
 20
404.8786796564404
 30
0.0
  0
ENDBLK
  5
CB6
330
CAC
100
AcDbEntity
  8
0
100
AcDbBlockEnd
  0
BLOCK
  5
CB8
330
CB7
100
AcDbEntity
  8
0
100
AcDbBlockBegin
  2
*D152
 70
     1
 10
0.0
 20
0.0
 30
0.0
  3
*D152
  1

  0
LINE
  5
CB9
330
CB7
100
AcDbEntity
  8
Dimensions
 62
     0
440
 16777216
370
    -2
100
AcDbLine
 10
239.8613846516842
 20
507.8613846516841
 30
0.0
 11
232.4956890143242
 21
500.4956890143241
 31
0.0
  0
LINE
  5
CBA
330
CB7
100
AcDbEntity
  8
Dimensions
 62
     0
440
 16777216
370
    -2
100
AcDbLine
 10
203.504310985676
 20
471.504310985676
 30
0.0
 11
201.7365440327096
 21
469.7365440327096
 31
0.0
  0
MTEXT
  5
CBB
330
CB7
100
AcDbEntity
  8
Dimensions
 62
     0
440
 16777216
100
AcDbMText
 10
235.7365950947627
 20
506.3882455242121
 30
0.0
 40
2.5
 41
0.0
 46
0.0
 71
     5
 72
     1
  1
∅36
 11
0.7071067811865492
 21
0.707106781186546
 31
0.0
 73
     1
 44
1.0
  0
LINE
  5
CBC
330
CB7
100
AcDbEntity
  8
Dimensions
 62
     0
440
 16777216
370
    -2
100
AcDbLine
 10
205.2720779386424
 20
473.2720779386424
 30
0.0
 11
230.7279220613579
 21
498.7279220613578
 31
0.0
  0
SOLID
  5
CBD
330
CB7
100
AcDbEntity
  8
Dimensions
 62
     0
440
 16777216
100
AcDbTrace
 10
203.2096831601816
 20
471.7989388111703
 30
0.0
 11
203.7989388111704
 21
471.2096831601816
 31
0.0
 12
205.2720779386424
 22
473.2720779386424
 32
0.0
 13
205.2720779386424
 23
473.2720779386424
 33
0.0
  0
SOLID
  5
CBE
330
CB7
100
AcDbEntity
  8
Dimensions
 62
     0
440
 16777216
100
AcDbTrace
 10
232.2010611888299
 20
500.7903168398185
 30
0.0
 11
232.7903168398187
 21
500.2010611888298
 31
0.0
 12
230.7279220613579
 22
498.7279220613578
 32
0.0
 13
230.7279220613579
 23
498.7279220613578
 33
0.0
  0
POINT
  5
CBF
330
CB7
100
AcDbEntity
  8
Defpoints
 62
     0
440
 16777216
100
AcDbPoint
 10
230.7279220613579
 20
498.7279220613578
 30
0.0
  0
POINT
  5
CC0
330
CB7
100
AcDbEntity
  8
Defpoints
 62
     0
440
 16777216
100
AcDbPoint
 10
205.2720779386424
 20
473.2720779386424
 30
0.0
  0
ENDBLK
  5
CC1
330
CB7
100
AcDbEntity
  8
0
100
AcDbBlockEnd
  0
BLOCK
  5
CC3
330
CC2
100
AcDbEntity
  8
0
100
AcDbBlockBegin
  2
*D153
 70
     1
 10
0.0
 20
0.0
 30
0.0
  3
*D153
  1

  0
LINE
  5
CC4
330
CC2
100
AcDbEntity
  8
Dimensions
 62
     0
440
 16777216
370
    -2
100
AcDbLine
 10
359.4870159809196
 20
416.4870159809193
 30
0.0
 11
353.8890872965259
 21
410.8890872965259
 31
0.0
  0
LINE
  5
CC5
330
CC2
100
AcDbEntity
  8
Dimensions
 62
     0
440
 16777216
370
    -2
100
AcDbLine
 10
346.1109127034737
 20
403.1109127034741
 30
0.0
 11
344.3431457505073
 21
401.3431457505078
 31
0.0
  0
MTEXT
  5
CC6
330
CC2
100
AcDbEntity
  8
Dimensions
 62
     0
440
 16777216
100
AcDbMText
 10
356.2461099004811
 20
415.8977603299306
 30
0.0
 40
2.5
 41
0.0
 46
0.0
 71
     5
 72
     1
  1
∅6
 11
0.7071067811865664
 21
0.7071067811865288
 31
0.0
 73
     1
 44
1.0
  0
LINE
  5
CC7
330
CC2
100
AcDbEntity
  8
Dimensions
 62
     0
440
 16777216
370
    -2
100
AcDbLine
 10
347.8786796564401
 20
404.8786796564405
 30
0.0
 11
352.1213203435594
 21
409.1213203435596
 31
0.0
  0
SOLID
  5
CC8
330
CC2
100
AcDbEntity
  8
Dimensions
 62
     0
440
 16777216
100
AcDbTrace
 10
345.8162848779793
 20
403.4055405289685
 30
0.0
 11
346.4055405289681
 21
402.8162848779798
 31
0.0
 12
347.8786796564401
 22
404.8786796564405
 32
0.0
 13
347.8786796564401
 23
404.8786796564405
 33
0.0
  0
SOLID
  5
CC9
330
CC2
100
AcDbEntity
  8
Dimensions
 62
     0
440
 16777216
100
AcDbTrace
 10
353.5944594710315
 20
411.1837151220202
 30
0.0
 11
354.1837151220203
 21
410.5944594710315
 31
0.0
 12
352.1213203435594
 22
409.1213203435596
 32
0.0
 13
352.1213203435594
 23
409.1213203435596
 33
0.0
  0
POINT
  5
CCA
330
CC2
100
AcDbEntity
  8
Defpoints
 62
     0
440
 16777216
100
AcDbPoint
 10
352.1213203435594
 20
409.1213203435596
 30
0.0
  0
POINT
  5
CCB
330
CC2
100
AcDbEntity
  8
Defpoints
 62
     0
440
 16777216
100
AcDbPoint
 10
347.8786796564401
 20
404.8786796564405
 30
0.0
  0
ENDBLK
  5
CCC
330
CC2
100
AcDbEntity
  8
0
100
AcDbBlockEnd
  0
BLOCK
  5
CCE
330
CCD
100
AcDbEntity
  8
0
100
AcDbBlockBegin
  2
*D154
 70
     1
 10
0.0
 20
0.0
 30
0.0
  3
*D154
  1

  0
LINE
  5
CCF
330
CCD
100
AcDbEntity
  8
Dimensions
 62
     0
440
 16777216
370
    -2
100
AcDbLine
 10
71.48701598091952
 20
18.4870159809193
 30
0.0
 11
65.88908729652584
 21
12.88908729652596
 31
0.0
  0
LINE
  5
CD0
330
CCD
100
AcDbEntity
  8
Dimensions
 62
     0
440
 16777216
370
    -2
100
AcDbLine
 10
58.11091270347366
 20
5.11091270347422
 30
0.0
 11
56.34314575050725
 21
3.3431457505079
 31
0.0
  0
MTEXT
  5
CD1
330
CCD
100
AcDbEntity
  8
Dimensions
 62
     0
440
 16777216
100
AcDbMText
 10
68.24610990048114
 20
17.89776032993061
 30
0.0
 40
2.5
 41
0.0
 46
0.0
 71
     5
 72
     1
  1
∅6
 11
0.7071067811865677
 21
0.7071067811865274
 31
0.0
 73
     1
 44
1.0
  0
LINE
  5
CD2
330
CCD
100
AcDbEntity
  8
Dimensions
 62
     0
440
 16777216
370
    -2
100
AcDbLine
 10
59.87867965644008
 20
6.878679656440535
 30
0.0
 11
64.12132034355943
 21
11.12132034355964
 31
0.0
  0
SOLID
  5
CD3
330
CCD
100
AcDbEntity
  8
Dimensions
 62
     0
440
 16777216
100
AcDbTrace
 10
57.81628487797928
 20
5.405540528968622
 30
0.0
 11
58.40554052896805
 21
4.816284877979818
 31
0.0
 12
59.87867965644008
 22
6.878679656440535
 32
0.0
 13
59.87867965644008
 23
6.878679656440535
 33
0.0
  0
SOLID
  5
CD4
330
CCD
100
AcDbEntity
  8
Dimensions
 62
     0
440
 16777216
100
AcDbTrace
 10
65.59445947103147
 20
13.18371512202036
 30
0.0
 11
66.18371512202023
 21
12.59445947103156
 31
0.0
 12
64.12132034355943
 22
11.12132034355964
 32
0.0
 13
64.12132034355943
 23
11.12132034355964
 33
0.0
  0
POINT
  5
CD5
330
CCD
100
AcDbEntity
  8
Defpoints
 62
     0
440
 16777216
100
AcDbPoint
 10
64.12132034355943
 20
11.12132034355964
 30
0.0
  0
POINT
  5
CD6
330
CCD
100
AcDbEntity
  8
Defpoints
 62
     0
440
 16777216
100
AcDbPoint
 10
59.87867965644008
 20
6.878679656440535
 30
0.0
  0
ENDBLK
  5
CD7
330
CCD
100
AcDbEntity
  8
0
100
AcDbBlockEnd
  0
BLOCK
  5
CD9
330
CD8
100
AcDbEntity
  8
0
100
AcDbBlockBegin
  2
*D155
 70
     1
 10
0.0
 20
0.0
 30
0.0
  3
*D155
  1

  0
LINE
  5
CDA
330
CD8
100
AcDbEntity
  8
Dimensions
 62
     0
440
 16777216
370
    -2
100
AcDbLine
 10
359.4870159809196
 20
18.48701598091921
 30
0.0
 11
353.8890872965259
 21
12.88908729652593
 31
0.0
  0
LINE
  5
CDB
330
CD8
100
AcDbEntity
  8
Dimensions
 62
     0
440
 16777216
370
    -2
100
AcDbLine
 10
346.1109127034736
 20
5.110912703474184
 30
0.0
 11
344.3431457505072
 21
3.343145750507886
 31
0.0
  0
MTEXT
  5
CDC
330
CD8
100
AcDbEntity
  8
Dimensions
 62
     0
440
 16777216
100
AcDbMText
 10
356.2461099004813
 20
17.89776032993055
 30
0.0
 40
2.5
 41
0.0
 46
0.0
 71
     5
 72
     1
  1
∅6
 11
0.7071067811865737
 21
0.7071067811865215
 31
0.0
 73
     1
 44
1.0
  0
LINE
  5
CDD
330
CD8
100
AcDbEntity
  8
Dimensions
 62
     0
440
 16777216
370
    -2
100
AcDbLine
 10
347.87867965644
 20
6.87867965644051
 30
0.0
 11
352.1213203435594
 21
11.12132034355963
 31
0.0
  0
SOLID
  5
CDE
330
CD8
100
AcDbEntity
  8
Dimensions
 62
     0
440
 16777216
100
AcDbTrace
 10
345.8162848779792
 20
5.405540528968572
 30
0.0
 11
346.405540528968
 21
4.816284877979768
 31
0.0
 12
347.87867965644
 22
6.87867965644051
 32
0.0
 13
347.87867965644
 23
6.87867965644051
 33
0.0
  0
SOLID
  5
CDF
330
CD8
100
AcDbEntity
  8
Dimensions
 62
     0
440
 16777216
100
AcDbTrace
 10
353.5944594710315
 20
13.18371512202032
 30
0.0
 11
354.1837151220203
 21
12.59445947103151
 31
0.0
 12
352.1213203435594
 22
11.12132034355963
 32
0.0
 13
352.1213203435594
 23
11.12132034355963
 33
0.0
  0
POINT
  5
CE0
330
CD8
100
AcDbEntity
  8
Defpoints
 62
     0
440
 16777216
100
AcDbPoint
 10
352.1213203435594
 20
11.12132034355963
 30
0.0
  0
POINT
  5
CE1
330
CD8
100
AcDbEntity
  8
Defpoints
 62
     0
440
 16777216
100
AcDbPoint
 10
347.87867965644
 20
6.87867965644051
 30
0.0
  0
ENDBLK
  5
CE2
330
CD8
100
AcDbEntity
  8
0
100
AcDbBlockEnd
  0
BLOCK
  5
CE4
330
CE3
100
AcDbEntity
  8
0
100
AcDbBlockBegin
  2
*D156
 70
     1
 10
0.0
 20
0.0
 30
0.0
  3
*D156
  1

  0
LINE
  5
CE5
330
CE3
100
AcDbEntity
  8
Dimensions
 62
     0
440
 16777216
370
    -2
100
AcDbLine
 10
40.62500000000002
 20
554.0
 30
0.0
 11
78.25000000000002
 21
554.0
 31
0.0
  0
LINE
  5
CE6
330
CE3
100
AcDbEntity
  8
Dimensions
 62
     0
440
 16777216
370
    -2
100
AcDbLine
 10
40.625
 20
423.0
 30
0.0
 11
78.25
 21
423.0
 31
0.0
  0
LINE
  5
CE7
330
CE3
100
AcDbEntity
  8
Dimensions
 62
     0
440
 16777216
370
    -2
100
AcDbLine
 10
77.00000000000002
 20
551.4999999999999
 30
0.0
 11
77.0
 21
425.4999999999999
 31
0.0
  0
SOLID
  5
CE8
330
CE3
100
AcDbEntity
  8
Dimensions
 62
     0
440
 16777216
100
AcDbTrace
 10
76.58333333333335
 20
551.4999999999999
 30
0.0
 11
77.4166666666667
 21
551.4999999999999
 31
0.0
 12
77.00000000000002
 22
554.0
 32
0.0
 13
77.00000000000002
 23
554.0
 33
0.0
  0
SOLID
  5
CE9
330
CE3
100
AcDbEntity
  8
Dimensions
 62
     0
440
 16777216
100
AcDbTrace
 10
76.58333333333333
 20
425.4999999999999
 30
0.0
 11
77.41666666666667
 21
425.4999999999999
 31
0.0
 12
77.0
 22
423.0
 32
0.0
 13
77.0
 23
423.0
 33
0.0
  0
MTEXT
  5
CEA
330
CE3
100
AcDbEntity
  8
Dimensions
 62
     0
440
 16777216
100
AcDbMText
 10
75.12499999999993
 20
488.4999999999999
 30
0.0
 40
2.5
 41
0.0
 46
0.0
 71
     5
 72
     1
  1
131
 11
0.0000000000000001
 21
1.0
 31
0.0
 73
     1
 44
1.0
  0
POINT
  5
CEB
330
CE3
100
AcDbEntity
  8
Defpoints
 62
     0
440
 16777216
100
AcDbPoint
 10
40.00000000000002
 20
554.0
 30
0.0
  0
POINT
  5
CEC
330
CE3
100
AcDbEntity
  8
Defpoints
 62
     0
440
 16777216
100
AcDbPoint
 10
40.0
 20
423.0
 30
0.0
  0
POINT
  5
CED
330
CE3
100
AcDbEntity
  8
Defpoints
 62
     0
440
 16777216
100
AcDbPoint
 10
77.0
 20
423.0
 30
0.0
  0
ENDBLK
  5
CEE
330
CE3
100
AcDbEntity
  8
0
100
AcDbBlockEnd
  0
BLOCK
  5
CF0
330
CEF
100
AcDbEntity
  8
0
100
AcDbBlockBegin
  2
*D157
 70
     1
 10
0.0
 20
0.0
 30
0.0
  3
*D157
  1

  0
LINE
  5
CF1
330
CEF
100
AcDbEntity
  8
Dimensions
 62
     0
440
 16777216
370
    -2
100
AcDbLine
 10
541.0
 20
-122.3749999999999
 30
0.0
 11
541.0
 21
-117.3920837135992
 31
0.0
  0
LINE
  5
CF2
330
CEF
100
AcDbEntity
  8
Dimensions
 62
     0
440
 16777216
370
    -2
100
AcDbLine
 10
590.0
 20
-122.375
 30
0.0
 11
590.0
 21
-117.3920837135992
 31
0.0
  0
LINE
  5
CF3
330
CEF
100
AcDbEntity
  8
Dimensions
 62
     0
440
 16777216
370
    -2
100
AcDbLine
 10
543.5
 20
-118.6420837135992
 30
0.0
 11
587.5
 21
-118.6420837135992
 31
0.0
  0
SOLID
  5
CF4
330
CEF
100
AcDbEntity
  8
Dimensions
 62
     0
440
 16777216
100
AcDbTrace
 10
543.5
 20
-118.2254170469325
 30
0.0
 11
543.5
 21
-119.0587503802659
 31
0.0
 12
541.0
 22
-118.6420837135992
 32
0.0
 13
541.0
 23
-118.6420837135992
 33
0.0
  0
SOLID
  5
CF5
330
CEF
100
AcDbEntity
  8
Dimensions
 62
     0
440
 16777216
100
AcDbTrace
 10
587.5
 20
-118.2254170469325
 30
0.0
 11
587.5
 21
-119.0587503802659
 31
0.0
 12
590.0
 22
-118.6420837135992
 32
0.0
 13
590.0
 23
-118.6420837135992
 33
0.0
  0
MTEXT
  5
CF6
330
CEF
100
AcDbEntity
  8
Dimensions
 62
     0
440
 16777216
100
AcDbMText
 10
565.5
 20
-116.7670837135992
 30
0.0
 40
2.5
 41
0.0
 46
0.0
 71
     5
 72
     1
  1
49
 73
     1
 44
1.0
  0
POINT
  5
CF7
330
CEF
100
AcDbEntity
  8
Defpoints
 62
     0
440
 16777216
100
AcDbPoint
 10
541.0
 20
-122.9999999999999
 30
0.0
  0
POINT
  5
CF8
330
CEF
100
AcDbEntity
  8
Defpoints
 62
     0
440
 16777216
100
AcDbPoint
 10
590.0
 20
-123.0
 30
0.0
  0
POINT
  5
CF9
330
CEF
100
AcDbEntity
  8
Defpoints
 62
     0
440
 16777216
100
AcDbPoint
 10
590.0
 20
-118.6420837135992
 30
0.0
  0
ENDBLK
  5
CFA
330
CEF
100
AcDbEntity
  8
0
100
AcDbBlockEnd
  0
BLOCK
  5
CFC
330
CFB
100
AcDbEntity
  8
0
100
AcDbBlockBegin
  2
*D158
 70
     1
 10
0.0
 20
0.0
 30
0.0
  3
*D158
  1

  0
LINE
  5
CFD
330
CFB
100
AcDbEntity
  8
Dimensions
 62
     0
440
 16777216
370
    -2
100
AcDbLine
 10
726.0
 20
-245.625
 30
0.0
 11
726.0
 21
-260.2500000000001
 31
0.0
  0
LINE
  5
CFE
330
CFB
100
AcDbEntity
  8
Dimensions
 62
     0
440
 16777216
370
    -2
100
AcDbLine
 10
541.0
 20
-245.625
 30
0.0
 11
541.0
 21
-260.2500000000001
 31
0.0
  0
LINE
  5
CFF
330
CFB
100
AcDbEntity
  8
Dimensions
 62
     0
440
 16777216
370
    -2
100
AcDbLine
 10
723.5
 20
-259.0000000000001
 30
0.0
 11
543.5
 21
-259.0000000000001
 31
0.0
  0
SOLID
  5
D00
330
CFB
100
AcDbEntity
  8
Dimensions
 62
     0
440
 16777216
100
AcDbTrace
 10
723.5
 20
-258.5833333333334
 30
0.0
 11
723.5
 21
-259.4166666666668
 31
0.0
 12
726.0
 22
-259.0000000000001
 32
0.0
 13
726.0
 23
-259.0000000000001
 33
0.0
  0
SOLID
  5
D01
330
CFB
100
AcDbEntity
  8
Dimensions
 62
     0
440
 16777216
100
AcDbTrace
 10
543.5
 20
-258.5833333333334
 30
0.0
 11
543.5
 21
-259.4166666666668
 31
0.0
 12
541.0
 22
-259.0000000000001
 32
0.0
 13
541.0
 23
-259.0000000000001
 33
0.0
  0
MTEXT
  5
D02
330
CFB
100
AcDbEntity
  8
Dimensions
 62
     0
440
 16777216
100
AcDbMText
 10
633.4999999999999
 20
-257.1250000000001
 30
0.0
 40
2.5
 41
0.0
 46
0.0
 71
     5
 72
     1
  1
185
 73
     1
 44
1.0
  0
POINT
  5
D03
330
CFB
100
AcDbEntity
  8
Defpoints
 62
     0
440
 16777216
100
AcDbPoint
 10
726.0
 20
-245.0
 30
0.0
  0
POINT
  5
D04
330
CFB
100
AcDbEntity
  8
Defpoints
 62
     0
440
 16777216
100
AcDbPoint
 10
541.0
 20
-245.0
 30
0.0
  0
POINT
  5
D05
330
CFB
100
AcDbEntity
  8
Defpoints
 62
     0
440
 16777216
100
AcDbPoint
 10
541.0
 20
-259.0000000000001
 30
0.0
  0
ENDBLK
  5
D06
330
CFB
100
AcDbEntity
  8
0
100
AcDbBlockEnd
  0
BLOCK
  5
D08
330
D07
100
AcDbEntity
  8
0
100
AcDbBlockBegin
  2
*D159
 70
     1
 10
0.0
 20
0.0
 30
0.0
  3
*D159
  1

  0
LINE
  5
D09
330
D07
100
AcDbEntity
  8
Dimensions
 62
     0
440
 16777216
370
    -2
100
AcDbLine
 10
726.9725696837504
 20
-244.9999999999999
 30
0.0
 11
731.2499999999999
 21
-244.9999999999999
 31
0.0
  0
LINE
  5
D0A
330
D07
100
AcDbEntity
  8
Dimensions
 62
     0
440
 16777216
370
    -2
100
AcDbLine
 10
726.625
 20
300.0
 30
0.0
 11
731.25
 21
300.0
 31
0.0
  0
LINE
  5
D0B
330
D07
100
AcDbEntity
  8
Dimensions
 62
     0
440
 16777216
370
    -2
100
AcDbLine
 10
729.9999999999998
 20
-242.4999999999999
 30
0.0
 11
730.0
 21
297.5
 31
0.0
  0
SOLID
  5
D0C
330
D07
100
AcDbEntity
  8
Dimensions
 62
     0
440
 16777216
100
AcDbTrace
 10
729.5833333333332
 20
-242.4999999999999
 30
0.0
 11
730.4166666666665
 21
-242.4999999999999
 31
0.0
 12
729.9999999999998
 22
-244.9999999999999
 32
0.0
 13
729.9999999999998
 23
-244.9999999999999
 33
0.0
  0
SOLID
  5
D0D
330
D07
100
AcDbEntity
  8
Dimensions
 62
     0
440
 16777216
100
AcDbTrace
 10
729.5833333333334
 20
297.5
 30
0.0
 11
730.4166666666666
 21
297.5
 31
0.0
 12
730.0
 22
300.0
 32
0.0
 13
730.0
 23
300.0
 33
0.0
  0
MTEXT
  5
D0E
330
D07
100
AcDbEntity
  8
Dimensions
 62
     0
440
 16777216
100
AcDbMText
 10
728.1249999999999
 20
27.50000000000015
 30
0.0
 40
2.5
 41
0.0
 46
0.0
 71
     5
 72
     1
  1
545
 11
0.0000000000000001
 21
1.0
 31
0.0
 73
     1
 44
1.0
  0
POINT
  5
D0F
330
D07
100
AcDbEntity
  8
Defpoints
 62
     0
440
 16777216
100
AcDbPoint
 10
726.3475696837503
 20
-244.9999999999999
 30
0.0
  0
POINT
  5
D10
330
D07
100
AcDbEntity
  8
Defpoints
 62
     0
440
 16777216
100
AcDbPoint
 10
726.0
 20
300.0
 30
0.0
  0
POINT
  5
D11
330
D07
100
AcDbEntity
  8
Defpoints
 62
     0
440
 16777216
100
AcDbPoint
 10
730.0
 20
300.0
 30
0.0
  0
ENDBLK
  5
D12
330
D07
100
AcDbEntity
  8
0
100
AcDbBlockEnd
  0
BLOCK
  5
D14
330
D13
100
AcDbEntity
  8
0
100
AcDbBlockBegin
  2
*D160
 70
     1
 10
0.0
 20
0.0
 30
0.0
  3
*D160
  1

  0
LINE
  5
D15
330
D13
100
AcDbEntity
  8
Dimensions
 62
     0
440
 16777216
370
    -2
100
AcDbLine
 10
39.375
 20
-125.0
 30
0.0
 11
18.75000000000002
 21
-125.0
 31
0.0
  0
LINE
  5
D16
330
D13
100
AcDbEntity
  8
Dimensions
 62
     0
440
 16777216
370
    -2
100
AcDbLine
 10
372.375
 20
-319.0
 30
0.0
 11
18.74999999999998
 21
-318.9999999999999
 31
0.0
  0
LINE
  5
D17
330
D13
100
AcDbEntity
  8
Dimensions
 62
     0
440
 16777216
370
    -2
100
AcDbLine
 10
20.00000000000002
 20
-127.5
 30
0.0
 11
19.99999999999998
 21
-316.5
 31
0.0
  0
SOLID
  5
D18
330
D13
100
AcDbEntity
  8
Dimensions
 62
     0
440
 16777216
100
AcDbTrace
 10
19.58333333333335
 20
-127.5
 30
0.0
 11
20.41666666666669
 21
-127.5
 31
0.0
 12
20.00000000000002
 22
-125.0
 32
0.0
 13
20.00000000000002
 23
-125.0
 33
0.0
  0
SOLID
  5
D19
330
D13
100
AcDbEntity
  8
Dimensions
 62
     0
440
 16777216
100
AcDbTrace
 10
19.58333333333331
 20
-316.5
 30
0.0
 11
20.41666666666665
 21
-316.5
 31
0.0
 12
19.99999999999998
 22
-318.9999999999999
 32
0.0
 13
19.99999999999998
 23
-318.9999999999999
 33
0.0
  0
MTEXT
  5
D1A
330
D13
100
AcDbEntity
  8
Dimensions
 62
     0
440
 16777216
100
AcDbMText
 10
18.12500000000003
 20
-222.0
 30
0.0
 40
2.5
 41
0.0
 46
0.0
 71
     5
 72
     1
  1
194
 11
0.0000000000000001
 21
1.0
 31
0.0
 73
     1
 44
1.0
  0
POINT
  5
D1B
330
D13
100
AcDbEntity
  8
Defpoints
 62
     0
440
 16777216
100
AcDbPoint
 10
40.0
 20
-125.0
 30
0.0
  0
POINT
  5
D1C
330
D13
100
AcDbEntity
  8
Defpoints
 62
     0
440
 16777216
100
AcDbPoint
 10
373.0
 20
-319.0
 30
0.0
  0
POINT
  5
D1D
330
D13
100
AcDbEntity
  8
Defpoints
 62
     0
440
 16777216
100
AcDbPoint
 10
19.99999999999998
 20
-318.9999999999999
 30
0.0
  0
ENDBLK
  5
D1E
330
D13
100
AcDbEntity
  8
0
100
AcDbBlockEnd
  0
BLOCK
  5
D20
330
D1F
100
AcDbEntity
  8
0
100
AcDbBlockBegin
  2
*D161
 70
     1
 10
0.0
 20
0.0
 30
0.0
  3
*D161
  1

  0
LINE
  5
D21
330
D1F
100
AcDbEntity
  8
Dimensions
 62
     0
440
 16777216
370
    -2
100
AcDbLine
 10
38.75
 20
-125.0
 30
0.0
 11
2.750000000000029
 21
-125.0
 31
0.0
  0
LINE
  5
D22
330
D1F
100
AcDbEntity
  8
Dimensions
 62
     0
440
 16777216
370
    -2
100
AcDbLine
 10
372.375
 20
-323.0
 30
0.0
 11
2.749999999999985
 21
-322.9999999999999
 31
0.0
  0
LINE
  5
D23
330
D1F
100
AcDbEntity
  8
Dimensions
 62
     0
440
 16777216
370
    -2
100
AcDbLine
 10
4.000000000000031
 20
-127.5
 30
0.0
 11
3.999999999999988
 21
-320.5
 31
0.0
  0
SOLID
  5
D24
330
D1F
100
AcDbEntity
  8
Dimensions
 62
     0
440
 16777216
100
AcDbTrace
 10
3.583333333333364
 20
-127.5
 30
0.0
 11
4.416666666666698
 21
-127.5
 31
0.0
 12
4.000000000000031
 22
-125.0
 32
0.0
 13
4.000000000000031
 23
-125.0
 33
0.0
  0
SOLID
  5
D25
330
D1F
100
AcDbEntity
  8
Dimensions
 62
     0
440
 16777216
100
AcDbTrace
 10
3.583333333333321
 20
-320.5
 30
0.0
 11
4.416666666666655
 21
-320.5
 31
0.0
 12
3.999999999999987
 22
-322.9999999999999
 32
0.0
 13
3.999999999999987
 23
-322.9999999999999
 33
0.0
  0
MTEXT
  5
D26
330
D1F
100
AcDbEntity
  8
Dimensions
 62
     0
440
 16777216
100
AcDbMText
 10
2.125000000000045
 20
-224.0
 30
0.0
 40
2.5
 41
0.0
 46
0.0
 71
     5
 72
     1
  1
198
 11
0.0000000000000001
 21
1.0
 31
0.0
 73
     1
 44
1.0
  0
POINT
  5
D27
330
D1F
100
AcDbEntity
  8
Defpoints
 62
     0
440
 16777216
100
AcDbPoint
 10
39.375
 20
-125.0
 30
0.0
  0
POINT
  5
D28
330
D1F
100
AcDbEntity
  8
Defpoints
 62
     0
440
 16777216
100
AcDbPoint
 10
373.0
 20
-323.0
 30
0.0
  0
POINT
  5
D29
330
D1F
100
AcDbEntity
  8
Defpoints
 62
     0
440
 16777216
100
AcDbPoint
 10
3.999999999999987
 20
-322.9999999999999
 30
0.0
  0
ENDBLK
  5
D2A
330
D1F
100
AcDbEntity
  8
0
100
AcDbBlockEnd
  0
BLOCK
  5
D2C
330
D2B
100
AcDbEntity
  8
0
100
AcDbBlockBegin
  2
*D162
 70
     1
 10
0.0
 20
0.0
 30
0.0
  3
*D162
  1

  0
LINE
  5
D2D
330
D2B
100
AcDbEntity
  8
Dimensions
 62
     0
440
 16777216
370
    -2
100
AcDbLine
 10
38.125
 20
-125.0
 30
0.0
 11
-11.24999999999996
 21
-125.0
 31
0.0
  0
LINE
  5
D2E
330
D2B
100
AcDbEntity
  8
Dimensions
 62
     0
440
 16777216
370
    -2
100
AcDbLine
 10
372.375
 20
-270.0
 30
0.0
 11
-11.25
 21
-269.9999999999999
 31
0.0
  0
LINE
  5
D2F
330
D2B
100
AcDbEntity
  8
Dimensions
 62
     0
440
 16777216
370
    -2
100
AcDbLine
 10
-9.999999999999966
 20
-127.5
 30
0.0
 11
-9.999999999999996
 21
-267.4999999999999
 31
0.0
  0
SOLID
  5
D30
330
D2B
100
AcDbEntity
  8
Dimensions
 62
     0
440
 16777216
100
AcDbTrace
 10
-10.41666666666663
 20
-127.5
 30
0.0
 11
-9.5833333333333
 21
-127.5
 31
0.0
 12
-9.999999999999966
 22
-125.0
 32
0.0
 13
-9.999999999999966
 23
-125.0
 33
0.0
  0
SOLID
  5
D31
330
D2B
100
AcDbEntity
  8
Dimensions
 62
     0
440
 16777216
100
AcDbTrace
 10
-10.41666666666666
 20
-267.4999999999999
 30
0.0
 11
-9.58333333333333
 21
-267.4999999999999
 31
0.0
 12
-9.999999999999998
 22
-269.9999999999999
 32
0.0
 13
-9.999999999999998
 23
-269.9999999999999
 33
0.0
  0
MTEXT
  5
D32
330
D2B
100
AcDbEntity
  8
Dimensions
 62
     0
440
 16777216
100
AcDbMText
 10
-11.87499999999995
 20
-197.5
 30
0.0
 40
2.5
 41
0.0
 46
0.0
 71
     5
 72
     1
  1
145
 11
0.0000000000000001
 21
1.0
 31
0.0
 73
     1
 44
1.0
  0
POINT
  5
D33
330
D2B
100
AcDbEntity
  8
Defpoints
 62
     0
440
 16777216
100
AcDbPoint
 10
38.75
 20
-125.0
 30
0.0
  0
POINT
  5
D34
330
D2B
100
AcDbEntity
  8
Defpoints
 62
     0
440
 16777216
100
AcDbPoint
 10
373.0
 20
-270.0
 30
0.0
  0
POINT
  5
D35
330
D2B
100
AcDbEntity
  8
Defpoints
 62
     0
440
 16777216
100
AcDbPoint
 10
-9.999999999999998
 20
-269.9999999999999
 30
0.0
  0
ENDBLK
  5
D36
330
D2B
100
AcDbEntity
  8
0
100
AcDbBlockEnd
  0
BLOCK
  5
D38
330
D37
100
AcDbEntity
  8
0
100
AcDbBlockBegin
  2
*D163
 70
     1
 10
0.0
 20
0.0
 30
0.0
  3
*D163
  1

  0
LINE
  5
D39
330
D37
100
AcDbEntity
  8
Dimensions
 62
     0
440
 16777216
370
    -2
100
AcDbLine
 10
39.375
 20
-125.0
 30
0.0
 11
-26.24999999999999
 21
-125.0
 31
0.0
  0
LINE
  5
D3A
330
D37
100
AcDbEntity
  8
Dimensions
 62
     0
440
 16777216
370
    -2
100
AcDbLine
 10
372.375
 20
-386.0
 30
0.0
 11
-26.25000000000003
 21
-385.9999999999999
 31
0.0
  0
LINE
  5
D3B
330
D37
100
AcDbEntity
  8
Dimensions
 62
     0
440
 16777216
370
    -2
100
AcDbLine
 10
-24.99999999999999
 20
-127.5
 30
0.0
 11
-25.00000000000005
 21
-383.4999999999999
 31
0.0
  0
SOLID
  5
D3C
330
D37
100
AcDbEntity
  8
Dimensions
 62
     0
440
 16777216
100
AcDbTrace
 10
-25.41666666666666
 20
-127.5
 30
0.0
 11
-24.58333333333332
 21
-127.5
 31
0.0
 12
-24.99999999999999
 22
-125.0
 32
0.0
 13
-24.99999999999999
 23
-125.0
 33
0.0
  0
SOLID
  5
D3D
330
D37
100
AcDbEntity
  8
Dimensions
 62
     0
440
 16777216
100
AcDbTrace
 10
-25.41666666666671
 20
-383.4999999999999
 30
0.0
 11
-24.58333333333338
 21
-383.4999999999999
 31
0.0
 12
-25.00000000000005
 22
-385.9999999999999
 32
0.0
 13
-25.00000000000005
 23
-385.9999999999999
 33
0.0
  0
MTEXT
  5
D3E
330
D37
100
AcDbEntity
  8
Dimensions
 62
     0
440
 16777216
100
AcDbMText
 10
-26.87499999999998
 20
-255.5
 30
0.0
 40
2.5
 41
0.0
 46
0.0
 71
     5
 72
     1
  1
261
 11
0.0000000000000001
 21
1.0
 31
0.0
 73
     1
 44
1.0
  0
POINT
  5
D3F
330
D37
100
AcDbEntity
  8
Defpoints
 62
     0
440
 16777216
100
AcDbPoint
 10
40.0
 20
-125.0
 30
0.0
  0
POINT
  5
D40
330
D37
100
AcDbEntity
  8
Defpoints
 62
     0
440
 16777216
100
AcDbPoint
 10
373.0
 20
-386.0
 30
0.0
  0
POINT
  5
D41
330
D37
100
AcDbEntity
  8
Defpoints
 62
     0
440
 16777216
100
AcDbPoint
 10
-25.00000000000005
 20
-385.9999999999999
 30
0.0
  0
ENDBLK
  5
D42
330
D37
100
AcDbEntity
  8
0
100
AcDbBlockEnd
  0
BLOCK
  5
D44
330
D43
100
AcDbEntity
  8
0
100
AcDbBlockBegin
  2
*D164
 70
     1
 10
0.0
 20
0.0
 30
0.0
  3
*D164
  1

  0
LINE
  5
D45
330
D43
100
AcDbEntity
  8
Dimensions
 62
     0
440
 16777216
370
    -2
100
AcDbLine
 10
39.375
 20
-125.0
 30
0.0
 11
-40.24999999999995
 21
-125.0
 31
0.0
  0
LINE
  5
D46
330
D43
100
AcDbEntity
  8
Dimensions
 62
     0
440
 16777216
370
    -2
100
AcDbLine
 10
372.375
 20
-371.0
 30
0.0
 11
-40.25000000000003
 21
-370.9999999999999
 31
0.0
  0
LINE
  5
D47
330
D43
100
AcDbEntity
  8
Dimensions
 62
     0
440
 16777216
370
    -2
100
AcDbLine
 10
-38.99999999999996
 20
-127.4999999999999
 30
0.0
 11
-39.00000000000002
 21
-368.5
 31
0.0
  0
SOLID
  5
D48
330
D43
100
AcDbEntity
  8
Dimensions
 62
     0
440
 16777216
100
AcDbTrace
 10
-39.41666666666662
 20
-127.4999999999999
 30
0.0
 11
-38.58333333333329
 21
-127.4999999999999
 31
0.0
 12
-38.99999999999996
 22
-125.0
 32
0.0
 13
-38.99999999999996
 23
-125.0
 33
0.0
  0
SOLID
  5
D49
330
D43
100
AcDbEntity
  8
Dimensions
 62
     0
440
 16777216
100
AcDbTrace
 10
-39.41666666666668
 20
-368.5
 30
0.0
 11
-38.58333333333335
 21
-368.5
 31
0.0
 12
-39.00000000000002
 22
-370.9999999999999
 32
0.0
 13
-39.00000000000002
 23
-370.9999999999999
 33
0.0
  0
MTEXT
  5
D4A
330
D43
100
AcDbEntity
  8
Dimensions
 62
     0
440
 16777216
100
AcDbMText
 10
-40.87499999999994
 20
-248.0
 30
0.0
 40
2.5
 41
0.0
 46
0.0
 71
     5
 72
     1
  1
246
 11
0.0000000000000001
 21
1.0
 31
0.0
 73
     1
 44
1.0
  0
POINT
  5
D4B
330
D43
100
AcDbEntity
  8
Defpoints
 62
     0
440
 16777216
100
AcDbPoint
 10
40.0
 20
-125.0
 30
0.0
  0
POINT
  5
D4C
330
D43
100
AcDbEntity
  8
Defpoints
 62
     0
440
 16777216
100
AcDbPoint
 10
373.0
 20
-371.0
 30
0.0
  0
POINT
  5
D4D
330
D43
100
AcDbEntity
  8
Defpoints
 62
     0
440
 16777216
100
AcDbPoint
 10
-39.00000000000002
 20
-370.9999999999999
 30
0.0
  0
ENDBLK
  5
D4E
330
D43
100
AcDbEntity
  8
0
100
AcDbBlockEnd
  0
BLOCK
  5
D50
330
D4F
100
AcDbEntity
  8
0
100
AcDbBlockBegin
  2
*D165
 70
     1
 10
0.0
 20
0.0
 30
0.0
  3
*D165
  1

  0
LINE
  5
D51
330
D4F
100
AcDbEntity
  8
Dimensions
 62
     0
440
 16777216
370
    -2
100
AcDbLine
 10
40.0
 20
-426.625
 30
0.0
 11
40.0
 21
-442.25
 31
0.0
  0
LINE
  5
D52
330
D4F
100
AcDbEntity
  8
Dimensions
 62
     0
440
 16777216
370
    -2
100
AcDbLine
 10
74.0
 20
-125.625
 30
0.0
 11
73.99999999999998
 21
-442.25
 31
0.0
  0
LINE
  5
D53
330
D4F
100
AcDbEntity
  8
Dimensions
 62
     0
440
 16777216
370
    -2
100
AcDbLine
 10
42.5
 20
-441.0
 30
0.0
 11
71.49999999999998
 21
-441.0
 31
0.0
  0
SOLID
  5
D54
330
D4F
100
AcDbEntity
  8
Dimensions
 62
     0
440
 16777216
100
AcDbTrace
 10
42.5
 20
-440.5833333333332
 30
0.0
 11
42.5
 21
-441.4166666666666
 31
0.0
 12
40.0
 22
-441.0
 32
0.0
 13
40.0
 23
-441.0
 33
0.0
  0
SOLID
  5
D55
330
D4F
100
AcDbEntity
  8
Dimensions
 62
     0
440
 16777216
100
AcDbTrace
 10
71.49999999999998
 20
-440.5833333333332
 30
0.0
 11
71.49999999999998
 21
-441.4166666666666
 31
0.0
 12
73.99999999999998
 22
-441.0
 32
0.0
 13
73.99999999999998
 23
-441.0
 33
0.0
  0
MTEXT
  5
D56
330
D4F
100
AcDbEntity
  8
Dimensions
 62
     0
440
 16777216
100
AcDbMText
 10
56.99999999999999
 20
-439.125
 30
0.0
 40
2.5
 41
0.0
 46
0.0
 71
     5
 72
     1
  1
34
 73
     1
 44
1.0
  0
POINT
  5
D57
330
D4F
100
AcDbEntity
  8
Defpoints
 62
     0
440
 16777216
100
AcDbPoint
 10
40.0
 20
-426.0
 30
0.0
  0
POINT
  5
D58
330
D4F
100
AcDbEntity
  8
Defpoints
 62
     0
440
 16777216
100
AcDbPoint
 10
74.0
 20
-125.0
 30
0.0
  0
POINT
  5
D59
330
D4F
100
AcDbEntity
  8
Defpoints
 62
     0
440
 16777216
100
AcDbPoint
 10
73.99999999999998
 20
-441.0
 30
0.0
  0
ENDBLK
  5
D5A
330
D4F
100
AcDbEntity
  8
0
100
AcDbBlockEnd
  0
BLOCK
  5
D5C
330
D5B
100
AcDbEntity
  8
0
100
AcDbBlockBegin
  2
*D166
 70
     1
 10
0.0
 20
0.0
 30
0.0
  3
*D166
  1

  0
LINE
  5
D5D
330
D5B
100
AcDbEntity
  8
Dimensions
 62
     0
440
 16777216
370
    -2
100
AcDbLine
 10
74.0
 20
-426.625
 30
0.0
 11
74.0
 21
-442.25
 31
0.0
  0
LINE
  5
D5E
330
D5B
100
AcDbEntity
  8
Dimensions
 62
     0
440
 16777216
370
    -2
100
AcDbLine
 10
154.0
 20
-125.625
 30
0.0
 11
154.0
 21
-442.25
 31
0.0
  0
LINE
  5
D5F
330
D5B
100
AcDbEntity
  8
Dimensions
 62
     0
440
 16777216
370
    -2
100
AcDbLine
 10
76.5
 20
-441.0
 30
0.0
 11
151.4999999999999
 21
-441.0
 31
0.0
  0
SOLID
  5
D60
330
D5B
100
AcDbEntity
  8
Dimensions
 62
     0
440
 16777216
100
AcDbTrace
 10
76.5
 20
-440.5833333333332
 30
0.0
 11
76.5
 21
-441.4166666666666
 31
0.0
 12
74.0
 22
-441.0
 32
0.0
 13
74.0
 23
-441.0
 33
0.0
  0
SOLID
  5
D61
330
D5B
100
AcDbEntity
  8
Dimensions
 62
     0
440
 16777216
100
AcDbTrace
 10
151.4999999999999
 20
-440.5833333333332
 30
0.0
 11
151.4999999999999
 21
-441.4166666666666
 31
0.0
 12
154.0
 22
-441.0
 32
0.0
 13
154.0
 23
-441.0
 33
0.0
  0
MTEXT
  5
D62
330
D5B
100
AcDbEntity
  8
Dimensions
 62
     0
440
 16777216
100
AcDbMText
 10
114.0
 20
-439.125
 30
0.0
 40
2.5
 41
0.0
 46
0.0
 71
     5
 72
     1
  1
80
 73
     1
 44
1.0
  0
POINT
  5
D63
330
D5B
100
AcDbEntity
  8
Defpoints
 62
     0
440
 16777216
100
AcDbPoint
 10
74.0
 20
-426.0
 30
0.0
  0
POINT
  5
D64
330
D5B
100
AcDbEntity
  8
Defpoints
 62
     0
440
 16777216
100
AcDbPoint
 10
154.0
 20
-125.0
 30
0.0
  0
POINT
  5
D65
330
D5B
100
AcDbEntity
  8
Defpoints
 62
     0
440
 16777216
100
AcDbPoint
 10
154.0
 20
-441.0
 30
0.0
  0
ENDBLK
  5
D66
330
D5B
100
AcDbEntity
  8
0
100
AcDbBlockEnd
  0
BLOCK
  5
D68
330
D67
100
AcDbEntity
  8
0
100
AcDbBlockBegin
  2
*D167
 70
     1
 10
0.0
 20
0.0
 30
0.0
  3
*D167
  1

  0
LINE
  5
D69
330
D67
100
AcDbEntity
  8
Dimensions
 62
     0
440
 16777216
370
    -2
100
AcDbLine
 10
154.0
 20
-426.625
 30
0.0
 11
154.0
 21
-442.25
 31
0.0
  0
LINE
  5
D6A
330
D67
100
AcDbEntity
  8
Dimensions
 62
     0
440
 16777216
370
    -2
100
AcDbLine
 10
215.0
 20
-125.625
 30
0.0
 11
215.0
 21
-442.25
 31
0.0
  0
LINE
  5
D6B
330
D67
100
AcDbEntity
  8
Dimensions
 62
     0
440
 16777216
370
    -2
100
AcDbLine
 10
156.5
 20
-441.0
 30
0.0
 11
212.5
 21
-441.0
 31
0.0
  0
SOLID
  5
D6C
330
D67
100
AcDbEntity
  8
Dimensions
 62
     0
440
 16777216
100
AcDbTrace
 10
156.5
 20
-440.5833333333332
 30
0.0
 11
156.5
 21
-441.4166666666666
 31
0.0
 12
154.0
 22
-441.0
 32
0.0
 13
154.0
 23
-441.0
 33
0.0
  0
SOLID
  5
D6D
330
D67
100
AcDbEntity
  8
Dimensions
 62
     0
440
 16777216
100
AcDbTrace
 10
212.5
 20
-440.5833333333332
 30
0.0
 11
212.5
 21
-441.4166666666666
 31
0.0
 12
215.0
 22
-441.0
 32
0.0
 13
215.0
 23
-441.0
 33
0.0
  0
MTEXT
  5
D6E
330
D67
100
AcDbEntity
  8
Dimensions
 62
     0
440
 16777216
100
AcDbMText
 10
184.5
 20
-439.125
 30
0.0
 40
2.5
 41
0.0
 46
0.0
 71
     5
 72
     1
  1
61
 73
     1
 44
1.0
  0
POINT
  5
D6F
330
D67
100
AcDbEntity
  8
Defpoints
 62
     0
440
 16777216
100
AcDbPoint
 10
154.0
 20
-426.0
 30
0.0
  0
POINT
  5
D70
330
D67
100
AcDbEntity
  8
Defpoints
 62
     0
440
 16777216
100
AcDbPoint
 10
215.0
 20
-125.0
 30
0.0
  0
POINT
  5
D71
330
D67
100
AcDbEntity
  8
Defpoints
 62
     0
440
 16777216
100
AcDbPoint
 10
215.0
 20
-441.0
 30
0.0
  0
ENDBLK
  5
D72
330
D67
100
AcDbEntity
  8
0
100
AcDbBlockEnd
  0
BLOCK
  5
D74
330
D73
100
AcDbEntity
  8
0
100
AcDbBlockBegin
  2
*D168
 70
     1
 10
0.0
 20
0.0
 30
0.0
  3
*D168
  1

  0
LINE
  5
D75
330
D73
100
AcDbEntity
  8
Dimensions
 62
     0
440
 16777216
370
    -2
100
AcDbLine
 10
215.0
 20
-426.625
 30
0.0
 11
215.0
 21
-442.25
 31
0.0
  0
LINE
  5
D76
330
D73
100
AcDbEntity
  8
Dimensions
 62
     0
440
 16777216
370
    -2
100
AcDbLine
 10
284.0
 20
-125.625
 30
0.0
 11
284.0
 21
-442.25
 31
0.0
  0
LINE
  5
D77
330
D73
100
AcDbEntity
  8
Dimensions
 62
     0
440
 16777216
370
    -2
100
AcDbLine
 10
217.5
 20
-441.0
 30
0.0
 11
281.5
 21
-441.0
 31
0.0
  0
SOLID
  5
D78
330
D73
100
AcDbEntity
  8
Dimensions
 62
     0
440
 16777216
100
AcDbTrace
 10
217.5
 20
-440.5833333333332
 30
0.0
 11
217.5
 21
-441.4166666666666
 31
0.0
 12
215.0
 22
-441.0
 32
0.0
 13
215.0
 23
-441.0
 33
0.0
  0
SOLID
  5
D79
330
D73
100
AcDbEntity
  8
Dimensions
 62
     0
440
 16777216
100
AcDbTrace
 10
281.5
 20
-440.5833333333332
 30
0.0
 11
281.5
 21
-441.4166666666666
 31
0.0
 12
284.0
 22
-441.0
 32
0.0
 13
284.0
 23
-441.0
 33
0.0
  0
MTEXT
  5
D7A
330
D73
100
AcDbEntity
  8
Dimensions
 62
     0
440
 16777216
100
AcDbMText
 10
249.5
 20
-439.125
 30
0.0
 40
2.5
 41
0.0
 46
0.0
 71
     5
 72
     1
  1
69
 73
     1
 44
1.0
  0
POINT
  5
D7B
330
D73
100
AcDbEntity
  8
Defpoints
 62
     0
440
 16777216
100
AcDbPoint
 10
215.0
 20
-426.0
 30
0.0
  0
POINT
  5
D7C
330
D73
100
AcDbEntity
  8
Defpoints
 62
     0
440
 16777216
100
AcDbPoint
 10
284.0
 20
-125.0
 30
0.0
  0
POINT
  5
D7D
330
D73
100
AcDbEntity
  8
Defpoints
 62
     0
440
 16777216
100
AcDbPoint
 10
284.0
 20
-441.0
 30
0.0
  0
ENDBLK
  5
D7E
330
D73
100
AcDbEntity
  8
0
100
AcDbBlockEnd
  0
BLOCK
  5
D80
330
D7F
100
AcDbEntity
  8
0
100
AcDbBlockBegin
  2
*D169
 70
     1
 10
0.0
 20
0.0
 30
0.0
  3
*D169
  1

  0
LINE
  5
D81
330
D7F
100
AcDbEntity
  8
Dimensions
 62
     0
440
 16777216
370
    -2
100
AcDbLine
 10
284.0
 20
-426.625
 30
0.0
 11
284.0
 21
-442.25
 31
0.0
  0
LINE
  5
D82
330
D7F
100
AcDbEntity
  8
Dimensions
 62
     0
440
 16777216
370
    -2
100
AcDbLine
 10
315.0
 20
-125.625
 30
0.0
 11
315.0
 21
-442.25
 31
0.0
  0
LINE
  5
D83
330
D7F
100
AcDbEntity
  8
Dimensions
 62
     0
440
 16777216
370
    -2
100
AcDbLine
 10
286.5
 20
-441.0
 30
0.0
 11
312.5
 21
-441.0
 31
0.0
  0
SOLID
  5
D84
330
D7F
100
AcDbEntity
  8
Dimensions
 62
     0
440
 16777216
100
AcDbTrace
 10
286.5
 20
-440.5833333333332
 30
0.0
 11
286.5
 21
-441.4166666666666
 31
0.0
 12
284.0
 22
-441.0
 32
0.0
 13
284.0
 23
-441.0
 33
0.0
  0
SOLID
  5
D85
330
D7F
100
AcDbEntity
  8
Dimensions
 62
     0
440
 16777216
100
AcDbTrace
 10
312.5
 20
-440.5833333333332
 30
0.0
 11
312.5
 21
-441.4166666666666
 31
0.0
 12
315.0
 22
-441.0
 32
0.0
 13
315.0
 23
-441.0
 33
0.0
  0
MTEXT
  5
D86
330
D7F
100
AcDbEntity
  8
Dimensions
 62
     0
440
 16777216
100
AcDbMText
 10
299.5
 20
-439.125
 30
0.0
 40
2.5
 41
0.0
 46
0.0
 71
     5
 72
     1
  1
31
 73
     1
 44
1.0
  0
POINT
  5
D87
330
D7F
100
AcDbEntity
  8
Defpoints
 62
     0
440
 16777216
100
AcDbPoint
 10
284.0
 20
-426.0
 30
0.0
  0
POINT
  5
D88
330
D7F
100
AcDbEntity
  8
Defpoints
 62
     0
440
 16777216
100
AcDbPoint
 10
315.0
 20
-125.0
 30
0.0
  0
POINT
  5
D89
330
D7F
100
AcDbEntity
  8
Defpoints
 62
     0
440
 16777216
100
AcDbPoint
 10
315.0
 20
-441.0
 30
0.0
  0
ENDBLK
  5
D8A
330
D7F
100
AcDbEntity
  8
0
100
AcDbBlockEnd
  0
BLOCK
  5
D8C
330
D8B
100
AcDbEntity
  8
0
100
AcDbBlockBegin
  2
*D170
 70
     1
 10
0.0
 20
0.0
 30
0.0
  3
*D170
  1

  0
LINE
  5
D8D
330
D8B
100
AcDbEntity
  8
Dimensions
 62
     0
440
 16777216
370
    -2
100
AcDbLine
 10
83.13346259032616
 20
-260.8665374096736
 30
0.0
 11
77.53553390593269
 21
-266.4644660940672
 31
0.0
  0
LINE
  5
D8E
330
D8B
100
AcDbEntity
  8
Dimensions
 62
     0
440
 16777216
370
    -2
100
AcDbLine
 10
70.46446609406726
 20
-273.5355339059328
 30
0.0
 11
68.6966991411009
 21
-275.3033008588992
 31
0.0
  0
MTEXT
  5
D8F
330
D8B
100
AcDbEntity
  8
Dimensions
 62
     0
440
 16777216
100
AcDbMText
 10
79.89255650988784
 20
-261.4557930606624
 30
0.0
 40
2.5
 41
0.0
 46
0.0
 71
     5
 72
     1
  1
∅5
 11
0.7071067811865423
 21
0.7071067811865528
 31
0.0
 73
     1
 44
1.0
  0
LINE
  5
D90
330
D8B
100
AcDbEntity
  8
Dimensions
 62
     0
440
 16777216
370
    -2
100
AcDbLine
 10
72.23223304703362
 20
-271.7677669529664
 30
0.0
 11
75.76776695296634
 21
-268.2322330470336
 31
0.0
  0
SOLID
  5
D91
330
D8B
100
AcDbEntity
  8
Dimensions
 62
     0
440
 16777216
100
AcDbTrace
 10
70.16983826857288
 20
-273.2409060804384
 30
0.0
 11
70.75909391956165
 21
-273.8301617314272
 31
0.0
 12
72.23223304703362
 22
-271.7677669529664
 32
0.0
 13
72.23223304703362
 23
-271.7677669529664
 33
0.0
  0
SOLID
  5
D92
330
D8B
100
AcDbEntity
  8
Dimensions
 62
     0
440
 16777216
100
AcDbTrace
 10
77.2409060804383
 20
-266.1698382685728
 30
0.0
 11
77.83016173142708
 21
-266.7590939195616
 31
0.0
 12
75.76776695296634
 22
-268.2322330470336
 32
0.0
 13
75.76776695296634
 23
-268.2322330470336
 33
0.0
  0
POINT
  5
D93
330
D8B
100
AcDbEntity
  8
Defpoints
 62
     0
440
 16777216
100
AcDbPoint
 10
75.76776695296634
 20
-268.2322330470336
 30
0.0
  0
POINT
  5
D94
330
D8B
100
AcDbEntity
  8
Defpoints
 62
     0
440
 16777216
100
AcDbPoint
 10
72.23223304703362
 20
-271.7677669529664
 30
0.0
  0
ENDBLK
  5
D95
330
D8B
100
AcDbEntity
  8
0
100
AcDbBlockEnd
  0
BLOCK
  5
D97
330
D96
100
AcDbEntity
  8
0
100
AcDbBlockBegin
  2
*D171
 70
     1
 10
0.0
 20
0.0
 30
0.0
  3
*D171
  1

  0
LINE
  5
D98
330
D96
100
AcDbEntity
  8
Dimensions
 62
     0
440
 16777216
370
    -2
100
AcDbLine
 10
83.13346259032618
 20
-376.8665374096736
 30
0.0
 11
77.53553390593271
 21
-382.4644660940671
 31
0.0
  0
LINE
  5
D99
330
D96
100
AcDbEntity
  8
Dimensions
 62
     0
440
 16777216
370
    -2
100
AcDbLine
 10
70.46446609406723
 20
-389.5355339059327
 30
0.0
 11
68.69669914110088
 21
-391.3033008588991
 31
0.0
  0
MTEXT
  5
D9A
330
D96
100
AcDbEntity
  8
Dimensions
 62
     0
440
 16777216
100
AcDbMText
 10
79.89255650988784
 20
-377.4557930606625
 30
0.0
 40
2.5
 41
0.0
 46
0.0
 71
     5
 72
     1
  1
∅5
 11
0.7071067811865423
 21
0.7071067811865528
 31
0.0
 73
     1
 44
1.0
  0
LINE
  5
D9B
330
D96
100
AcDbEntity
  8
Dimensions
 62
     0
440
 16777216
370
    -2
100
AcDbLine
 10
72.23223304703359
 20
-387.7677669529663
 30
0.0
 11
75.76776695296635
 21
-384.2322330470336
 31
0.0
  0
SOLID
  5
D9C
330
D96
100
AcDbEntity
  8
Dimensions
 62
     0
440
 16777216
100
AcDbTrace
 10
70.16983826857281
 20
-389.2409060804383
 30
0.0
 11
70.75909391956165
 21
-389.8301617314271
 31
0.0
 12
72.23223304703359
 22
-387.7677669529663
 32
0.0
 13
72.23223304703359
 23
-387.7677669529663
 33
0.0
  0
SOLID
  5
D9D
330
D96
100
AcDbEntity
  8
Dimensions
 62
     0
440
 16777216
100
AcDbTrace
 10
77.24090608043829
 20
-382.1698382685728
 30
0.0
 11
77.83016173142712
 21
-382.7590939195616
 31
0.0
 12
75.76776695296635
 22
-384.2322330470336
 32
0.0
 13
75.76776695296635
 23
-384.2322330470336
 33
0.0
  0
POINT
  5
D9E
330
D96
100
AcDbEntity
  8
Defpoints
 62
     0
440
 16777216
100
AcDbPoint
 10
75.76776695296635
 20
-384.2322330470336
 30
0.0
  0
POINT
  5
D9F
330
D96
100
AcDbEntity
  8
Defpoints
 62
     0
440
 16777216
100
AcDbPoint
 10
72.23223304703359
 20
-387.7677669529663
 30
0.0
  0
ENDBLK
  5
DA0
330
D96
100
AcDbEntity
  8
0
100
AcDbBlockEnd
  0
BLOCK
  5
DA2
330
DA1
100
AcDbEntity
  8
0
100
AcDbBlockBegin
  2
*D172
 70
     1
 10
0.0
 20
0.0
 30
0.0
  3
*D172
  1

  0
LINE
  5
DA3
330
DA1
100
AcDbEntity
  8
Dimensions
 62
     0
440
 16777216
370
    -2
100
AcDbLine
 10
163.1334625903262
 20
-376.8665374096737
 30
0.0
 11
157.5355339059327
 21
-382.4644660940673
 31
0.0
  0
LINE
  5
DA4
330
DA1
100
AcDbEntity
  8
Dimensions
 62
     0
440
 16777216
370
    -2
100
AcDbLine
 10
150.4644660940672
 20
-389.5355339059327
 30
0.0
 11
148.6966991411008
 21
-391.3033008588991
 31
0.0
  0
MTEXT
  5
DA5
330
DA1
100
AcDbEntity
  8
Dimensions
 62
     0
440
 16777216
100
AcDbMText
 10
159.8925565098878
 20
-377.4557930606625
 30
0.0
 40
2.5
 41
0.0
 46
0.0
 71
     5
 72
     1
  1
∅5
 11
0.7071067811865423
 21
0.7071067811865528
 31
0.0
 73
     1
 44
1.0
  0
LINE
  5
DA6
330
DA1
100
AcDbEntity
  8
Dimensions
 62
     0
440
 16777216
370
    -2
100
AcDbLine
 10
152.2322330470335
 20
-387.7677669529663
 30
0.0
 11
155.7677669529663
 21
-384.2322330470336
 31
0.0
  0
SOLID
  5
DA7
330
DA1
100
AcDbEntity
  8
Dimensions
 62
     0
440
 16777216
100
AcDbTrace
 10
150.1698382685728
 20
-389.2409060804383
 30
0.0
 11
150.7590939195616
 21
-389.8301617314272
 31
0.0
 12
152.2322330470335
 22
-387.7677669529663
 32
0.0
 13
152.2322330470335
 23
-387.7677669529663
 33
0.0
  0
SOLID
  5
DA8
330
DA1
100
AcDbEntity
  8
Dimensions
 62
     0
440
 16777216
100
AcDbTrace
 10
157.2409060804383
 20
-382.1698382685728
 30
0.0
 11
157.8301617314271
 21
-382.7590939195616
 31
0.0
 12
155.7677669529663
 22
-384.2322330470336
 32
0.0
 13
155.7677669529663
 23
-384.2322330470336
 33
0.0
  0
POINT
  5
DA9
330
DA1
100
AcDbEntity
  8
Defpoints
 62
     0
440
 16777216
100
AcDbPoint
 10
155.7677669529663
 20
-384.2322330470336
 30
0.0
  0
POINT
  5
DAA
330
DA1
100
AcDbEntity
  8
Defpoints
 62
     0
440
 16777216
100
AcDbPoint
 10
152.2322330470335
 20
-387.7677669529663
 30
0.0
  0
ENDBLK
  5
DAB
330
DA1
100
AcDbEntity
  8
0
100
AcDbBlockEnd
  0
BLOCK
  5
DAD
330
DAC
100
AcDbEntity
  8
0
100
AcDbBlockBegin
  2
*D173
 70
     1
 10
0.0
 20
0.0
 30
0.0
  3
*D173
  1

  0
LINE
  5
DAE
330
DAC
100
AcDbEntity
  8
Dimensions
 62
     0
440
 16777216
370
    -2
100
AcDbLine
 10
163.1334625903262
 20
-260.8665374096737
 30
0.0
 11
157.5355339059327
 21
-266.4644660940672
 31
0.0
  0
LINE
  5
DAF
330
DAC
100
AcDbEntity
  8
Dimensions
 62
     0
440
 16777216
370
    -2
100
AcDbLine
 10
150.4644660940672
 20
-273.5355339059328
 30
0.0
 11
148.6966991411008
 21
-275.3033008588992
 31
0.0
  0
MTEXT
  5
DB0
330
DAC
100
AcDbEntity
  8
Dimensions
 62
     0
440
 16777216
100
AcDbMText
 10
159.8925565098878
 20
-261.4557930606626
 30
0.0
 40
2.5
 41
0.0
 46
0.0
 71
     5
 72
     1
  1
∅5
 11
0.7071067811865423
 21
0.7071067811865528
 31
0.0
 73
     1
 44
1.0
  0
LINE
  5
DB1
330
DAC
100
AcDbEntity
  8
Dimensions
 62
     0
440
 16777216
370
    -2
100
AcDbLine
 10
152.2322330470335
 20
-271.7677669529664
 30
0.0
 11
155.7677669529664
 21
-268.2322330470336
 31
0.0
  0
SOLID
  5
DB2
330
DAC
100
AcDbEntity
  8
Dimensions
 62
     0
440
 16777216
100
AcDbTrace
 10
150.1698382685728
 20
-273.2409060804384
 30
0.0
 11
150.7590939195616
 21
-273.8301617314272
 31
0.0
 12
152.2322330470335
 22
-271.7677669529664
 32
0.0
 13
152.2322330470335
 23
-271.7677669529664
 33
0.0
  0
SOLID
  5
DB3
330
DAC
100
AcDbEntity
  8
Dimensions
 62
     0
440
 16777216
100
AcDbTrace
 10
157.2409060804383
 20
-266.1698382685728
 30
0.0
 11
157.8301617314271
 21
-266.7590939195616
 31
0.0
 12
155.7677669529664
 22
-268.2322330470336
 32
0.0
 13
155.7677669529664
 23
-268.2322330470336
 33
0.0
  0
POINT
  5
DB4
330
DAC
100
AcDbEntity
  8
Defpoints
 62
     0
440
 16777216
100
AcDbPoint
 10
155.7677669529664
 20
-268.2322330470336
 30
0.0
  0
POINT
  5
DB5
330
DAC
100
AcDbEntity
  8
Defpoints
 62
     0
440
 16777216
100
AcDbPoint
 10
152.2322330470335
 20
-271.7677669529664
 30
0.0
  0
ENDBLK
  5
DB6
330
DAC
100
AcDbEntity
  8
0
100
AcDbBlockEnd
  0
BLOCK
  5
DB8
330
DB7
100
AcDbEntity
  8
0
100
AcDbBlockBegin
  2
*D174
 70
     1
 10
0.0
 20
0.0
 30
0.0
  3
*D174
  1

  0
LINE
  5
DB9
330
DB7
100
AcDbEntity
  8
Dimensions
 62
     0
440
 16777216
370
    -2
100
AcDbLine
 10
237.7989643421968
 20
-300.2010356578033
 30
0.0
 11
229.4956890143243
 21
-308.5043109856759
 31
0.0
  0
LINE
  5
DBA
330
DB7
100
AcDbEntity
  8
Dimensions
 62
     0
440
 16777216
370
    -2
100
AcDbLine
 10
200.5043109856758
 20
-337.4956890143242
 30
0.0
 11
198.7365440327095
 21
-339.2634559672905
 31
0.0
  0
MTEXT
  5
DBB
330
DB7
100
AcDbEntity
  8
Dimensions
 62
     0
440
 16777216
100
AcDbMText
 10
233.6741747852753
 20
-301.6741747852752
 30
0.0
 40
2.5
 41
0.0
 46
0.0
 71
     5
 72
     1
  1
∅36
 11
0.7071067811865481
 21
0.707106781186547
 31
0.0
 73
     1
 44
1.0
  0
LINE
  5
DBC
330
DB7
100
AcDbEntity
  8
Dimensions
 62
     0
440
 16777216
370
    -2
100
AcDbLine
 10
202.2720779386422
 20
-335.7279220613578
 30
0.0
 11
227.7279220613579
 21
-310.2720779386422
 31
0.0
  0
SOLID
  5
DBD
330
DB7
100
AcDbEntity
  8
Dimensions
 62
     0
440
 16777216
100
AcDbTrace
 10
200.2096831601815
 20
-337.2010611888297
 30
0.0
 11
200.7989388111703
 21
-337.7903168398186
 31
0.0
 12
202.2720779386422
 22
-335.7279220613578
 32
0.0
 13
202.2720779386422
 23
-335.7279220613578
 33
0.0
  0
SOLID
  5
DBE
330
DB7
100
AcDbEntity
  8
Dimensions
 62
     0
440
 16777216
100
AcDbTrace
 10
229.2010611888298
 20
-308.2096831601814
 30
0.0
 11
229.7903168398186
 21
-308.7989388111702
 31
0.0
 12
227.7279220613579
 22
-310.2720779386422
 32
0.0
 13
227.7279220613579
 23
-310.2720779386422
 33
0.0
  0
POINT
  5
DBF
330
DB7
100
AcDbEntity
  8
Defpoints
 62
     0
440
 16777216
100
AcDbPoint
 10
227.7279220613579
 20
-310.2720779386422
 30
0.0
  0
POINT
  5
DC0
330
DB7
100
AcDbEntity
  8
Defpoints
 62
     0
440
 16777216
100
AcDbPoint
 10
202.2720779386422
 20
-335.7279220613578
 30
0.0
  0
ENDBLK
  5
DC1
330
DB7
100
AcDbEntity
  8
0
100
AcDbBlockEnd
  0
BLOCK
  5
DC3
330
DC2
100
AcDbEntity
  8
0
100
AcDbBlockBegin
  2
*D175
 70
     1
 10
0.0
 20
0.0
 30
0.0
  3
*D175
  1

  0
LINE
  5
DC4
330
DC2
100
AcDbEntity
  8
Dimensions
 62
     0
440
 16777216
370
    -2
100
AcDbLine
 10
300.9116371833783
 20
-302.0883628166218
 30
0.0
 11
293.5459415460184
 21
-309.4540584539816
 31
0.0
  0
LINE
  5
DC5
330
DC2
100
AcDbEntity
  8
Dimensions
 62
     0
440
 16777216
370
    -2
100
AcDbLine
 10
274.4540584539815
 20
-328.5459415460184
 30
0.0
 11
272.6862915010151
 21
-330.3137084989848
 31
0.0
  0
MTEXT
  5
DC6
330
DC2
100
AcDbEntity
  8
Dimensions
 62
     0
440
 16777216
100
AcDbMText
 10
296.7868476264568
 20
-303.5615019440937
 30
0.0
 40
2.5
 41
0.0
 46
0.0
 71
     5
 72
     1
  1
∅22
 11
0.7071067811865501
 21
0.7071067811865451
 31
0.0
 73
     1
 44
1.0
  0
LINE
  5
DC7
330
DC2
100
AcDbEntity
  8
Dimensions
 62
     0
440
 16777216
370
    -2
100
AcDbLine
 10
276.2218254069479
 20
-326.778174593052
 30
0.0
 11
291.778174593052
 21
-311.221825406948
 31
0.0
  0
SOLID
  5
DC8
330
DC2
100
AcDbEntity
  8
Dimensions
 62
     0
440
 16777216
100
AcDbTrace
 10
274.1594306284871
 20
-328.251313720524
 30
0.0
 11
274.748686279476
 21
-328.8405693715128
 31
0.0
 12
276.2218254069479
 22
-326.778174593052
 32
0.0
 13
276.2218254069479
 23
-326.778174593052
 33
0.0
  0
SOLID
  5
DC9
330
DC2
100
AcDbEntity
  8
Dimensions
 62
     0
440
 16777216
100
AcDbTrace
 10
293.251313720524
 20
-309.1594306284872
 30
0.0
 11
293.8405693715129
 21
-309.748686279476
 31
0.0
 12
291.778174593052
 22
-311.221825406948
 32
0.0
 13
291.778174593052
 23
-311.221825406948
 33
0.0
  0
POINT
  5
DCA
330
DC2
100
AcDbEntity
  8
Defpoints
 62
     0
440
 16777216
100
AcDbPoint
 10
291.778174593052
 20
-311.221825406948
 30
0.0
  0
POINT
  5
DCB
330
DC2
100
AcDbEntity
  8
Defpoints
 62
     0
440
 16777216
100
AcDbPoint
 10
276.2218254069479
 20
-326.778174593052
 30
0.0
  0
ENDBLK
  5
DCC
330
DC2
100
AcDbEntity
  8
0
100
AcDbBlockEnd
  0
BLOCK
  5
DCE
330
DCD
100
AcDbEntity
  8
0
100
AcDbBlockBegin
  2
*D176
 70
     1
 10
0.0
 20
0.0
 30
0.0
  3
*D176
  1

  0
LINE
  5
DCF
330
DCD
100
AcDbEntity
  8
Dimensions
 62
     0
440
 16777216
370
    -2
100
AcDbLine
 10
331.9116371833783
 20
-354.0883628166217
 30
0.0
 11
324.5459415460184
 21
-361.4540584539816
 31
0.0
  0
LINE
  5
DD0
330
DCD
100
AcDbEntity
  8
Dimensions
 62
     0
440
 16777216
370
    -2
100
AcDbLine
 10
305.4540584539815
 20
-380.5459415460184
 30
0.0
 11
303.6862915010151
 21
-382.3137084989848
 31
0.0
  0
MTEXT
  5
DD1
330
DCD
100
AcDbEntity
  8
Dimensions
 62
     0
440
 16777216
100
AcDbMText
 10
327.7868476264568
 20
-355.5615019440937
 30
0.0
 40
2.5
 41
0.0
 46
0.0
 71
     5
 72
     1
  1
∅22
 11
0.7071067811865492
 21
0.707106781186546
 31
0.0
 73
     1
 44
1.0
  0
LINE
  5
DD2
330
DCD
100
AcDbEntity
  8
Dimensions
 62
     0
440
 16777216
370
    -2
100
AcDbLine
 10
307.2218254069479
 20
-378.778174593052
 30
0.0
 11
322.778174593052
 21
-363.2218254069479
 31
0.0
  0
SOLID
  5
DD3
330
DCD
100
AcDbEntity
  8
Dimensions
 62
     0
440
 16777216
100
AcDbTrace
 10
305.1594306284871
 20
-380.251313720524
 30
0.0
 11
305.7486862794759
 21
-380.8405693715128
 31
0.0
 12
307.2218254069479
 22
-378.778174593052
 32
0.0
 13
307.2218254069479
 23
-378.778174593052
 33
0.0
  0
SOLID
  5
DD4
330
DCD
100
AcDbEntity
  8
Dimensions
 62
     0
440
 16777216
100
AcDbTrace
 10
324.251313720524
 20
-361.1594306284872
 30
0.0
 11
324.8405693715128
 21
-361.748686279476
 31
0.0
 12
322.778174593052
 22
-363.2218254069479
 32
0.0
 13
322.778174593052
 23
-363.2218254069479
 33
0.0
  0
POINT
  5
DD5
330
DCD
100
AcDbEntity
  8
Defpoints
 62
     0
440
 16777216
100
AcDbPoint
 10
322.778174593052
 20
-363.2218254069479
 30
0.0
  0
POINT
  5
DD6
330
DCD
100
AcDbEntity
  8
Defpoints
 62
     0
440
 16777216
100
AcDbPoint
 10
307.2218254069479
 20
-378.778174593052
 30
0.0
  0
ENDBLK
  5
DD7
330
DCD
100
AcDbEntity
  8
0
100
AcDbBlockEnd
  0
BLOCK
  5
DD9
330
DD8
100
AcDbEntity
  8
0
100
AcDbBlockBegin
  2
*D177
 70
     1
 10
0.0
 20
0.0
 30
0.0
  3
*D177
  1

  0
LINE
  5
DDA
330
DD8
100
AcDbEntity
  8
Dimensions
 62
     0
440
 16777216
370
    -2
100
AcDbLine
 10
373.625
 20
-125.0
 30
0.0
 11
398.2500000000001
 21
-125.0
 31
0.0
  0
LINE
  5
DDB
330
DD8
100
AcDbEntity
  8
Dimensions
 62
     0
440
 16777216
370
    -2
100
AcDbLine
 10
40.625
 20
-184.9999999999999
 30
0.0
 11
398.25
 21
-185.0
 31
0.0
  0
LINE
  5
DDC
330
DD8
100
AcDbEntity
  8
Dimensions
 62
     0
440
 16777216
370
    -2
100
AcDbLine
 10
397.0
 20
-127.5
 30
0.0
 11
397.0
 21
-182.5
 31
0.0
  0
SOLID
  5
DDD
330
DD8
100
AcDbEntity
  8
Dimensions
 62
     0
440
 16777216
100
AcDbTrace
 10
396.5833333333334
 20
-127.5
 30
0.0
 11
397.4166666666667
 21
-127.5
 31
0.0
 12
397.0
 22
-125.0
 32
0.0
 13
397.0
 23
-125.0
 33
0.0
  0
SOLID
  5
DDE
330
DD8
100
AcDbEntity
  8
Dimensions
 62
     0
440
 16777216
100
AcDbTrace
 10
396.5833333333333
 20
-182.5
 30
0.0
 11
397.4166666666667
 21
-182.5
 31
0.0
 12
397.0
 22
-185.0
 32
0.0
 13
397.0
 23
-185.0
 33
0.0
  0
MTEXT
  5
DDF
330
DD8
100
AcDbEntity
  8
Dimensions
 62
     0
440
 16777216
100
AcDbMText
 10
395.1250000000001
 20
-155.0
 30
0.0
 40
2.5
 41
0.0
 46
0.0
 71
     5
 72
     1
  1
60
 11
0.0000000000000001
 21
1.0
 31
0.0
 73
     1
 44
1.0
  0
POINT
  5
DE0
330
DD8
100
AcDbEntity
  8
Defpoints
 62
     0
440
 16777216
100
AcDbPoint
 10
373.0
 20
-125.0
 30
0.0
  0
POINT
  5
DE1
330
DD8
100
AcDbEntity
  8
Defpoints
 62
     0
440
 16777216
100
AcDbPoint
 10
40.0
 20
-184.9999999999999
 30
0.0
  0
POINT
  5
DE2
330
DD8
100
AcDbEntity
  8
Defpoints
 62
     0
440
 16777216
100
AcDbPoint
 10
397.0
 20
-185.0
 30
0.0
  0
ENDBLK
  5
DE3
330
DD8
100
AcDbEntity
  8
0
100
AcDbBlockEnd
  0
BLOCK
  5
DE5
330
DE4
100
AcDbEntity
  8
0
100
AcDbBlockBegin
  2
*D178
 70
     1
 10
0.0
 20
0.0
 30
0.0
  3
*D178
  1

  0
LINE
  5
DE6
330
DE4
100
AcDbEntity
  8
Dimensions
 62
     0
440
 16777216
370
    -2
100
AcDbLine
 10
373.0
 20
-124.375
 30
0.0
 11
373.0
 21
-103.75
 31
0.0
  0
LINE
  5
DE7
330
DE4
100
AcDbEntity
  8
Dimensions
 62
     0
440
 16777216
370
    -2
100
AcDbLine
 10
308.0
 20
-244.375
 30
0.0
 11
308.0
 21
-103.75
 31
0.0
  0
LINE
  5
DE8
330
DE4
100
AcDbEntity
  8
Dimensions
 62
     0
440
 16777216
370
    -2
100
AcDbLine
 10
370.5
 20
-105.0
 30
0.0
 11
310.5
 21
-105.0
 31
0.0
  0
SOLID
  5
DE9
330
DE4
100
AcDbEntity
  8
Dimensions
 62
     0
440
 16777216
100
AcDbTrace
 10
370.5
 20
-104.5833333333333
 30
0.0
 11
370.5
 21
-105.4166666666666
 31
0.0
 12
373.0
 22
-105.0
 32
0.0
 13
373.0
 23
-105.0
 33
0.0
  0
SOLID
  5
DEA
330
DE4
100
AcDbEntity
  8
Dimensions
 62
     0
440
 16777216
100
AcDbTrace
 10
310.5
 20
-104.5833333333333
 30
0.0
 11
310.5
 21
-105.4166666666666
 31
0.0
 12
308.0
 22
-105.0
 32
0.0
 13
308.0
 23
-105.0
 33
0.0
  0
MTEXT
  5
DEB
330
DE4
100
AcDbEntity
  8
Dimensions
 62
     0
440
 16777216
100
AcDbMText
 10
340.5
 20
-103.125
 30
0.0
 40
2.5
 41
0.0
 46
0.0
 71
     5
 72
     1
  1
65
 73
     1
 44
1.0
  0
POINT
  5
DEC
330
DE4
100
AcDbEntity
  8
Defpoints
 62
     0
440
 16777216
100
AcDbPoint
 10
373.0
 20
-125.0
 30
0.0
  0
POINT
  5
DED
330
DE4
100
AcDbEntity
  8
Defpoints
 62
     0
440
 16777216
100
AcDbPoint
 10
308.0
 20
-245.0
 30
0.0
  0
POINT
  5
DEE
330
DE4
100
AcDbEntity
  8
Defpoints
 62
     0
440
 16777216
100
AcDbPoint
 10
308.0
 20
-105.0
 30
0.0
  0
ENDBLK
  5
DEF
330
DE4
100
AcDbEntity
  8
0
100
AcDbBlockEnd
  0
BLOCK
  5
DF1
330
DF0
100
AcDbEntity
  8
0
100
AcDbBlockBegin
  2
*D179
 70
     1
 10
0.0
 20
0.0
 30
0.0
  3
*D179
  1

  0
LINE
  5
DF2
330
DF0
100
AcDbEntity
  8
Dimensions
 62
     0
440
 16777216
370
    -2
100
AcDbLine
 10
308.0
 20
-124.375
 30
0.0
 11
308.0
 21
-103.75
 31
0.0
  0
LINE
  5
DF3
330
DF0
100
AcDbEntity
  8
Dimensions
 62
     0
440
 16777216
370
    -2
100
AcDbLine
 10
208.0
 20
-244.375
 30
0.0
 11
208.0
 21
-103.75
 31
0.0
  0
LINE
  5
DF4
330
DF0
100
AcDbEntity
  8
Dimensions
 62
     0
440
 16777216
370
    -2
100
AcDbLine
 10
305.5
 20
-105.0
 30
0.0
 11
210.5
 21
-105.0
 31
0.0
  0
SOLID
  5
DF5
330
DF0
100
AcDbEntity
  8
Dimensions
 62
     0
440
 16777216
100
AcDbTrace
 10
305.5
 20
-104.5833333333333
 30
0.0
 11
305.5
 21
-105.4166666666666
 31
0.0
 12
308.0
 22
-105.0
 32
0.0
 13
308.0
 23
-105.0
 33
0.0
  0
SOLID
  5
DF6
330
DF0
100
AcDbEntity
  8
Dimensions
 62
     0
440
 16777216
100
AcDbTrace
 10
210.5
 20
-104.5833333333333
 30
0.0
 11
210.5
 21
-105.4166666666666
 31
0.0
 12
208.0
 22
-105.0
 32
0.0
 13
208.0
 23
-105.0
 33
0.0
  0
MTEXT
  5
DF7
330
DF0
100
AcDbEntity
  8
Dimensions
 62
     0
440
 16777216
100
AcDbMText
 10
258.0
 20
-103.125
 30
0.0
 40
2.5
 41
0.0
 46
0.0
 71
     5
 72
     1
  1
100
 73
     1
 44
1.0
  0
POINT
  5
DF8
330
DF0
100
AcDbEntity
  8
Defpoints
 62
     0
440
 16777216
100
AcDbPoint
 10
308.0
 20
-125.0
 30
0.0
  0
POINT
  5
DF9
330
DF0
100
AcDbEntity
  8
Defpoints
 62
     0
440
 16777216
100
AcDbPoint
 10
208.0
 20
-245.0
 30
0.0
  0
POINT
  5
DFA
330
DF0
100
AcDbEntity
  8
Defpoints
 62
     0
440
 16777216
100
AcDbPoint
 10
208.0
 20
-105.0
 30
0.0
  0
ENDBLK
  5
DFB
330
DF0
100
AcDbEntity
  8
0
100
AcDbBlockEnd
  0
BLOCK
  5
DFD
330
DFC
100
AcDbEntity
  8
0
100
AcDbBlockBegin
  2
*D180
 70
     1
 10
0.0
 20
0.0
 30
0.0
  3
*D180
  1

  0
LINE
  5
DFE
330
DFC
100
AcDbEntity
  8
Dimensions
 62
     0
440
 16777216
370
    -2
100
AcDbLine
 10
320.9150808657136
 20
-172.0849191342864
 30
0.0
 11
312.2426406871193
 21
-180.7573593128807
 31
0.0
  0
LINE
  5
DFF
330
DFC
100
AcDbEntity
  8
Dimensions
 62
     0
440
 16777216
370
    -2
100
AcDbLine
 10
303.7573593128807
 20
-189.2426406871192
 30
0.0
 11
301.9895923599143
 21
-191.0104076400856
 31
0.0
  0
MTEXT
  5
E00
330
DFC
100
AcDbEntity
  8
Dimensions
 62
     0
440
 16777216
100
AcDbMText
 10
317.6741747852753
 20
-172.6741747852752
 30
0.0
 40
2.5
 41
0.0
 46
0.0
 71
     5
 72
     1
  1
∅7
 11
0.7071067811865495
 21
0.7071067811865456
 31
0.0
 73
     1
 44
1.0
  0
LINE
  5
E01
330
DFC
100
AcDbEntity
  8
Dimensions
 62
     0
440
 16777216
370
    -2
100
AcDbLine
 10
305.5251262658471
 20
-187.4748737341529
 30
0.0
 11
310.4748737341529
 21
-182.525126265847
 31
0.0
  0
SOLID
  5
E02
330
DFC
100
AcDbEntity
  8
Dimensions
 62
     0
440
 16777216
100
AcDbTrace
 10
303.4627314873862
 20
-188.9480128616249
 30
0.0
 11
304.0519871383751
 21
-189.5372685126137
 31
0.0
 12
305.5251262658471
 22
-187.4748737341529
 32
0.0
 13
305.5251262658471
 23
-187.4748737341529
 33
0.0
  0
SOLID
  5
E03
330
DFC
100
AcDbEntity
  8
Dimensions
 62
     0
440
 16777216
100
AcDbTrace
 10
311.9480128616249
 20
-180.4627314873863
 30
0.0
 11
312.5372685126137
 21
-181.0519871383751
 31
0.0
 12
310.4748737341529
 22
-182.525126265847
 32
0.0
 13
310.4748737341529
 23
-182.525126265847
 33
0.0
  0
POINT
  5
E04
330
DFC
100
AcDbEntity
  8
Defpoints
 62
     0
440
 16777216
100
AcDbPoint
 10
310.4748737341529
 20
-182.525126265847
 30
0.0
  0
POINT
  5
E05
330
DFC
100
AcDbEntity
  8
Defpoints
 62
     0
440
 16777216
100
AcDbPoint
 10
305.5251262658471
 20
-187.4748737341529
 30
0.0
  0
ENDBLK
  5
E06
330
DFC
100
AcDbEntity
  8
0
100
AcDbBlockEnd
  0
BLOCK
  5
E08
330
E07
100
AcDbEntity
  8
0
100
AcDbBlockBegin
  2
*D181
 70
     1
 10
0.0
 20
0.0
 30
0.0
  3
*D181
  1

  0
LINE
  5
E09
330
E07
100
AcDbEntity
  8
Dimensions
 62
     0
440
 16777216
370
    -2
100
AcDbLine
 10
220.9150808657136
 20
-172.0849191342864
 30
0.0
 11
212.2426406871193
 21
-180.7573593128807
 31
0.0
  0
LINE
  5
E0A
330
E07
100
AcDbEntity
  8
Dimensions
 62
     0
440
 16777216
370
    -2
100
AcDbLine
 10
203.7573593128807
 20
-189.2426406871193
 30
0.0
 11
201.9895923599143
 21
-191.0104076400856
 31
0.0
  0
MTEXT
  5
E0B
330
E07
100
AcDbEntity
  8
Dimensions
 62
     0
440
 16777216
100
AcDbMText
 10
217.6741747852753
 20
-172.6741747852752
 30
0.0
 40
2.5
 41
0.0
 46
0.0
 71
     5
 72
     1
  1
∅7
 11
0.7071067811865495
 21
0.7071067811865456
 31
0.0
 73
     1
 44
1.0
  0
LINE
  5
E0C
330
E07
100
AcDbEntity
  8
Dimensions
 62
     0
440
 16777216
370
    -2
100
AcDbLine
 10
205.5251262658471
 20
-187.4748737341529
 30
0.0
 11
210.4748737341529
 21
-182.5251262658471
 31
0.0
  0
SOLID
  5
E0D
330
E07
100
AcDbEntity
  8
Dimensions
 62
     0
440
 16777216
100
AcDbTrace
 10
203.4627314873863
 20
-188.9480128616249
 30
0.0
 11
204.0519871383751
 21
-189.5372685126137
 31
0.0
 12
205.5251262658471
 22
-187.4748737341529
 32
0.0
 13
205.5251262658471
 23
-187.4748737341529
 33
0.0
  0
SOLID
  5
E0E
330
E07
100
AcDbEntity
  8
Dimensions
 62
     0
440
 16777216
100
AcDbTrace
 10
211.9480128616249
 20
-180.4627314873863
 30
0.0
 11
212.5372685126137
 21
-181.0519871383751
 31
0.0
 12
210.4748737341529
 22
-182.5251262658471
 32
0.0
 13
210.4748737341529
 23
-182.5251262658471
 33
0.0
  0
POINT
  5
E0F
330
E07
100
AcDbEntity
  8
Defpoints
 62
     0
440
 16777216
100
AcDbPoint
 10
210.4748737341529
 20
-182.5251262658471
 30
0.0
  0
POINT
  5
E10
330
E07
100
AcDbEntity
  8
Defpoints
 62
     0
440
 16777216
100
AcDbPoint
 10
205.5251262658471
 20
-187.4748737341529
 30
0.0
  0
ENDBLK
  5
E11
330
E07
100
AcDbEntity
  8
0
100
AcDbBlockEnd
  0
BLOCK
  5
E13
330
E12
100
AcDbEntity
  8
0
100
AcDbBlockBegin
  2
*D182
 70
     1
 10
0.0
 20
0.0
 30
0.0
  3
*D182
  1

  0
LINE
  5
E14
330
E12
100
AcDbEntity
  8
Dimensions
 62
     0
440
 16777216
370
    -2
100
AcDbLine
 10
-108.625
 20
-245.0
 30
0.0
 11
-276.25
 21
-245.0
 31
0.0
  0
LINE
  5
E15
330
E12
100
AcDbEntity
  8
Dimensions
 62
     0
440
 16777216
370
    -2
100
AcDbLine
 10
-108.625
 20
-180.0
 30
0.0
 11
-276.25
 21
-180.0
 31
0.0
  0
LINE
  5
E16
330
E12
100
AcDbEntity
  8
Dimensions
 62
     0
440
 16777216
370
    -2
100
AcDbLine
 10
-275.0
 20
-242.5
 30
0.0
 11
-275.0
 21
-182.5
 31
0.0
  0
SOLID
  5
E17
330
E12
100
AcDbEntity
  8
Dimensions
 62
     0
440
 16777216
100
AcDbTrace
 10
-275.4166666666667
 20
-242.5
 30
0.0
 11
-274.5833333333333
 21
-242.5
 31
0.0
 12
-275.0
 22
-245.0
 32
0.0
 13
-275.0
 23
-245.0
 33
0.0
  0
SOLID
  5
E18
330
E12
100
AcDbEntity
  8
Dimensions
 62
     0
440
 16777216
100
AcDbTrace
 10
-275.4166666666667
 20
-182.5
 30
0.0
 11
-274.5833333333333
 21
-182.5
 31
0.0
 12
-275.0
 22
-180.0
 32
0.0
 13
-275.0
 23
-180.0
 33
0.0
  0
MTEXT
  5
E19
330
E12
100
AcDbEntity
  8
Dimensions
 62
     0
440
 16777216
100
AcDbMText
 10
-276.8749999999999
 20
-212.5
 30
0.0
 40
2.5
 41
0.0
 46
0.0
 71
     5
 72
     1
  1
65
 11
0.0000000000000001
 21
1.0
 31
0.0
 73
     1
 44
1.0
  0
POINT
  5
E1A
330
E12
100
AcDbEntity
  8
Defpoints
 62
     0
440
 16777216
100
AcDbPoint
 10
-108.0
 20
-245.0
 30
0.0
  0
POINT
  5
E1B
330
E12
100
AcDbEntity
  8
Defpoints
 62
     0
440
 16777216
100
AcDbPoint
 10
-108.0
 20
-180.0
 30
0.0
  0
POINT
  5
E1C
330
E12
100
AcDbEntity
  8
Defpoints
 62
     0
440
 16777216
100
AcDbPoint
 10
-275.0
 20
-180.0
 30
0.0
  0
ENDBLK
  5
E1D
330
E12
100
AcDbEntity
  8
0
100
AcDbBlockEnd
  0
BLOCK
  5
E1F
330
E1E
100
AcDbEntity
  8
0
100
AcDbBlockBegin
  2
*D183
 70
     1
 10
0.0
 20
0.0
 30
0.0
  3
*D183
  1

  0
LINE
  5
E20
330
E1E
100
AcDbEntity
  8
Dimensions
 62
     0
440
 16777216
370
    -2
100
AcDbLine
 10
-108.625
 20
-180.0
 30
0.0
 11
-276.25
 21
-180.0
 31
0.0
  0
LINE
  5
E21
330
E1E
100
AcDbEntity
  8
Dimensions
 62
     0
440
 16777216
370
    -2
100
AcDbLine
 10
-108.625
 20
-155.0
 30
0.0
 11
-276.25
 21
-155.0
 31
0.0
  0
LINE
  5
E22
330
E1E
100
AcDbEntity
  8
Dimensions
 62
     0
440
 16777216
370
    -2
100
AcDbLine
 10
-275.0
 20
-177.4999999999999
 30
0.0
 11
-275.0
 21
-157.5
 31
0.0
  0
SOLID
  5
E23
330
E1E
100
AcDbEntity
  8
Dimensions
 62
     0
440
 16777216
100
AcDbTrace
 10
-275.4166666666667
 20
-177.4999999999999
 30
0.0
 11
-274.5833333333333
 21
-177.4999999999999
 31
0.0
 12
-275.0
 22
-180.0
 32
0.0
 13
-275.0
 23
-180.0
 33
0.0
  0
SOLID
  5
E24
330
E1E
100
AcDbEntity
  8
Dimensions
 62
     0
440
 16777216
100
AcDbTrace
 10
-275.4166666666667
 20
-157.5
 30
0.0
 11
-274.5833333333333
 21
-157.5
 31
0.0
 12
-275.0
 22
-155.0
 32
0.0
 13
-275.0
 23
-155.0
 33
0.0
  0
MTEXT
  5
E25
330
E1E
100
AcDbEntity
  8
Dimensions
 62
     0
440
 16777216
100
AcDbMText
 10
-276.8749999999999
 20
-167.5
 30
0.0
 40
2.5
 41
0.0
 46
0.0
 71
     5
 72
     1
  1
25
 11
0.0000000000000001
 21
1.0
 31
0.0
 73
     1
 44
1.0
  0
POINT
  5
E26
330
E1E
100
AcDbEntity
  8
Defpoints
 62
     0
440
 16777216
100
AcDbPoint
 10
-108.0
 20
-180.0
 30
0.0
  0
POINT
  5
E27
330
E1E
100
AcDbEntity
  8
Defpoints
 62
     0
440
 16777216
100
AcDbPoint
 10
-108.0
 20
-155.0
 30
0.0
  0
POINT
  5
E28
330
E1E
100
AcDbEntity
  8
Defpoints
 62
     0
440
 16777216
100
AcDbPoint
 10
-275.0
 20
-155.0
 30
0.0
  0
ENDBLK
  5
E29
330
E1E
100
AcDbEntity
  8
0
100
AcDbBlockEnd
  0
BLOCK
  5
E2B
330
E2A
100
AcDbEntity
  8
0
100
AcDbBlockBegin
  2
*D184
 70
     1
 10
0.0
 20
0.0
 30
0.0
  3
*D184
  1

  0
LINE
  5
E2C
330
E2A
100
AcDbEntity
  8
Dimensions
 62
     0
440
 16777216
370
    -2
100
AcDbLine
 10
-108.0
 20
-244.375
 30
0.0
 11
-108.0
 21
-137.75
 31
0.0
  0
LINE
  5
E2D
330
E2A
100
AcDbEntity
  8
Dimensions
 62
     0
440
 16777216
370
    -2
100
AcDbLine
 10
-193.0
 20
-244.375
 30
0.0
 11
-193.0
 21
-137.75
 31
0.0
  0
LINE
  5
E2E
330
E2A
100
AcDbEntity
  8
Dimensions
 62
     0
440
 16777216
370
    -2
100
AcDbLine
 10
-110.5
 20
-139.0
 30
0.0
 11
-190.5
 21
-139.0
 31
0.0
  0
SOLID
  5
E2F
330
E2A
100
AcDbEntity
  8
Dimensions
 62
     0
440
 16777216
100
AcDbTrace
 10
-110.5
 20
-138.5833333333333
 30
0.0
 11
-110.5
 21
-139.4166666666666
 31
0.0
 12
-108.0
 22
-139.0
 32
0.0
 13
-108.0
 23
-139.0
 33
0.0
  0
SOLID
  5
E30
330
E2A
100
AcDbEntity
  8
Dimensions
 62
     0
440
 16777216
100
AcDbTrace
 10
-190.5
 20
-138.5833333333333
 30
0.0
 11
-190.5
 21
-139.4166666666666
 31
0.0
 12
-193.0
 22
-139.0
 32
0.0
 13
-193.0
 23
-139.0
 33
0.0
  0
MTEXT
  5
E31
330
E2A
100
AcDbEntity
  8
Dimensions
 62
     0
440
 16777216
100
AcDbMText
 10
-150.5
 20
-137.125
 30
0.0
 40
2.5
 41
0.0
 46
0.0
 71
     5
 72
     1
  1
85
 73
     1
 44
1.0
  0
POINT
  5
E32
330
E2A
100
AcDbEntity
  8
Defpoints
 62
     0
440
 16777216
100
AcDbPoint
 10
-108.0
 20
-245.0
 30
0.0
  0
POINT
  5
E33
330
E2A
100
AcDbEntity
  8
Defpoints
 62
     0
440
 16777216
100
AcDbPoint
 10
-193.0
 20
-245.0
 30
0.0
  0
POINT
  5
E34
330
E2A
100
AcDbEntity
  8
Defpoints
 62
     0
440
 16777216
100
AcDbPoint
 10
-193.0
 20
-139.0
 30
0.0
  0
ENDBLK
  5
E35
330
E2A
100
AcDbEntity
  8
0
100
AcDbBlockEnd
  0
BLOCK
  5
E37
330
E36
100
AcDbEntity
  8
0
100
AcDbBlockBegin
  2
*D185
 70
     1
 10
0.0
 20
0.0
 30
0.0
  3
*D185
  1

  0
LINE
  5
E38
330
E36
100
AcDbEntity
  8
Dimensions
 62
     0
440
 16777216
370
    -2
100
AcDbLine
 10
-180.0849191342863
 20
-142.0849191342863
 30
0.0
 11
-188.7573593128807
 21
-150.7573593128807
 31
0.0
  0
LINE
  5
E39
330
E36
100
AcDbEntity
  8
Dimensions
 62
     0
440
 16777216
370
    -2
100
AcDbLine
 10
-197.2426406871193
 20
-159.2426406871193
 30
0.0
 11
-199.0104076400856
 21
-161.0104076400856
 31
0.0
  0
MTEXT
  5
E3A
330
E36
100
AcDbEntity
  8
Dimensions
 62
     0
440
 16777216
100
AcDbMText
 10
-183.3258252147247
 20
-142.674174785275
 30
0.0
 40
2.5
 41
0.0
 46
0.0
 71
     5
 72
     1
  1
∅7
 11
0.7071067811865457
 21
0.7071067811865494
 31
0.0
 73
     1
 44
1.0
  0
LINE
  5
E3B
330
E36
100
AcDbEntity
  8
Dimensions
 62
     0
440
 16777216
370
    -2
100
AcDbLine
 10
-195.4748737341529
 20
-157.4748737341529
 30
0.0
 11
-190.5251262658471
 21
-152.5251262658471
 31
0.0
  0
SOLID
  5
E3C
330
E36
100
AcDbEntity
  8
Dimensions
 62
     0
440
 16777216
100
AcDbTrace
 10
-197.5372685126137
 20
-158.9480128616249
 30
0.0
 11
-196.9480128616249
 21
-159.5372685126137
 31
0.0
 12
-195.4748737341529
 22
-157.4748737341529
 32
0.0
 13
-195.4748737341529
 23
-157.4748737341529
 33
0.0
  0
SOLID
  5
E3D
330
E36
100
AcDbEntity
  8
Dimensions
 62
     0
440
 16777216
100
AcDbTrace
 10
-189.0519871383751
 20
-150.4627314873863
 30
0.0
 11
-188.4627314873863
 21
-151.0519871383751
 31
0.0
 12
-190.5251262658471
 22
-152.5251262658471
 32
0.0
 13
-190.5251262658471
 23
-152.5251262658471
 33
0.0
  0
POINT
  5
E3E
330
E36
100
AcDbEntity
  8
Defpoints
 62
     0
440
 16777216
100
AcDbPoint
 10
-190.5251262658471
 20
-152.5251262658471
 30
0.0
  0
POINT
  5
E3F
330
E36
100
AcDbEntity
  8
Defpoints
 62
     0
440
 16777216
100
AcDbPoint
 10
-195.4748737341529
 20
-157.4748737341529
 30
0.0
  0
ENDBLK
  5
E40
330
E36
100
AcDbEntity
  8
0
100
AcDbBlockEnd
  0
BLOCK
  5
E42
330
E41
100
AcDbEntity
  8
0
100
AcDbBlockBegin
  2
*D186
 70
     1
 10
0.0
 20
0.0
 30
0.0
  3
*D186
  1

  0
LINE
  5
E43
330
E41
100
AcDbEntity
  8
Dimensions
 62
     0
440
 16777216
370
    -2
100
AcDbLine
 10
-180.0849191342863
 20
-167.0849191342865
 30
0.0
 11
-188.7573593128807
 21
-175.7573593128807
 31
0.0
  0
LINE
  5
E44
330
E41
100
AcDbEntity
  8
Dimensions
 62
     0
440
 16777216
370
    -2
100
AcDbLine
 10
-197.2426406871194
 20
-184.2426406871193
 30
0.0
 11
-199.0104076400857
 21
-186.0104076400856
 31
0.0
  0
MTEXT
  5
E45
330
E41
100
AcDbEntity
  8
Dimensions
 62
     0
440
 16777216
100
AcDbMText
 10
-183.3258252147247
 20
-167.6741747852753
 30
0.0
 40
2.5
 41
0.0
 46
0.0
 71
     5
 72
     1
  1
∅7
 11
0.7071067811865535
 21
0.7071067811865416
 31
0.0
 73
     1
 44
1.0
  0
LINE
  5
E46
330
E41
100
AcDbEntity
  8
Dimensions
 62
     0
440
 16777216
370
    -2
100
AcDbLine
 10
-195.474873734153
 20
-182.4748737341529
 30
0.0
 11
-190.525126265847
 21
-177.5251262658471
 31
0.0
  0
SOLID
  5
E47
330
E41
100
AcDbEntity
  8
Dimensions
 62
     0
440
 16777216
100
AcDbTrace
 10
-197.5372685126137
 20
-183.9480128616249
 30
0.0
 11
-196.948012861625
 21
-184.5372685126137
 31
0.0
 12
-195.474873734153
 22
-182.4748737341529
 32
0.0
 13
-195.474873734153
 23
-182.4748737341529
 33
0.0
  0
SOLID
  5
E48
330
E41
100
AcDbEntity
  8
Dimensions
 62
     0
440
 16777216
100
AcDbTrace
 10
-189.0519871383751
 20
-175.4627314873863
 30
0.0
 11
-188.4627314873863
 21
-176.0519871383751
 31
0.0
 12
-190.525126265847
 22
-177.5251262658471
 32
0.0
 13
-190.525126265847
 23
-177.5251262658471
 33
0.0
  0
POINT
  5
E49
330
E41
100
AcDbEntity
  8
Defpoints
 62
     0
440
 16777216
100
AcDbPoint
 10
-190.525126265847
 20
-177.5251262658471
 30
0.0
  0
POINT
  5
E4A
330
E41
100
AcDbEntity
  8
Defpoints
 62
     0
440
 16777216
100
AcDbPoint
 10
-195.474873734153
 20
-182.4748737341529
 30
0.0
  0
ENDBLK
  5
E4B
330
E41
100
AcDbEntity
  8
0
100
AcDbBlockEnd
  0
BLOCK
  5
E4D
330
E4C
100
AcDbEntity
  8
0
100
AcDbBlockBegin
  2
*D187
 70
     1
 10
0.0
 20
0.0
 30
0.0
  3
*D187
  1

  0
LINE
  5
E4E
330
E4C
100
AcDbEntity
  8
Dimensions
 62
     0
440
 16777216
370
    -2
100
AcDbLine
 10
-157.0
 20
300.625
 30
0.0
 11
-157.0
 21
308.25
 31
0.0
  0
LINE
  5
E4F
330
E4C
100
AcDbEntity
  8
Dimensions
 62
     0
440
 16777216
370
    -2
100
AcDbLine
 10
-237.0
 20
-244.375
 30
0.0
 11
-237.0
 21
308.25
 31
0.0
  0
LINE
  5
E50
330
E4C
100
AcDbEntity
  8
Dimensions
 62
     0
440
 16777216
370
    -2
100
AcDbLine
 10
-159.5
 20
307.0
 30
0.0
 11
-234.5
 21
307.0
 31
0.0
  0
SOLID
  5
E51
330
E4C
100
AcDbEntity
  8
Dimensions
 62
     0
440
 16777216
100
AcDbTrace
 10
-159.5
 20
307.4166666666667
 30
0.0
 11
-159.5
 21
306.5833333333333
 31
0.0
 12
-157.0
 22
307.0
 32
0.0
 13
-157.0
 23
307.0
 33
0.0
  0
SOLID
  5
E52
330
E4C
100
AcDbEntity
  8
Dimensions
 62
     0
440
 16777216
100
AcDbTrace
 10
-234.5
 20
307.4166666666667
 30
0.0
 11
-234.5
 21
306.5833333333333
 31
0.0
 12
-237.0
 22
307.0
 32
0.0
 13
-237.0
 23
307.0
 33
0.0
  0
MTEXT
  5
E53
330
E4C
100
AcDbEntity
  8
Dimensions
 62
     0
440
 16777216
100
AcDbMText
 10
-197.0
 20
308.875
 30
0.0
 40
2.5
 41
0.0
 46
0.0
 71
     5
 72
     1
  1
80
 73
     1
 44
1.0
  0
POINT
  5
E54
330
E4C
100
AcDbEntity
  8
Defpoints
 62
     0
440
 16777216
100
AcDbPoint
 10
-157.0
 20
300.0
 30
0.0
  0
POINT
  5
E55
330
E4C
100
AcDbEntity
  8
Defpoints
 62
     0
440
 16777216
100
AcDbPoint
 10
-237.0
 20
-245.0
 30
0.0
  0
POINT
  5
E56
330
E4C
100
AcDbEntity
  8
Defpoints
 62
     0
440
 16777216
100
AcDbPoint
 10
-237.0
 20
307.0
 30
0.0
  0
ENDBLK
  5
E57
330
E4C
100
AcDbEntity
  8
0
100
AcDbBlockEnd
  0
BLOCK
  5
E59
330
E58
100
AcDbEntity
  8
0
100
AcDbBlockBegin
  2
*D188
 70
     1
 10
0.0
 20
0.0
 30
0.0
  3
*D188
  1

  0
LINE
  5
E5A
330
E58
100
AcDbEntity
  8
Dimensions
 62
     0
440
 16777216
370
    -2
100
AcDbLine
 10
-237.625
 20
300.0
 30
0.0
 11
-247.25
 21
300.0
 31
0.0
  0
LINE
  5
E5B
330
E58
100
AcDbEntity
  8
Dimensions
 62
     0
440
 16777216
370
    -2
100
AcDbLine
 10
-237.625
 20
195.0
 30
0.0
 11
-247.25
 21
195.0
 31
0.0
  0
LINE
  5
E5C
330
E58
100
AcDbEntity
  8
Dimensions
 62
     0
440
 16777216
370
    -2
100
AcDbLine
 10
-246.0
 20
297.5
 30
0.0
 11
-246.0
 21
197.5
 31
0.0
  0
SOLID
  5
E5D
330
E58
100
AcDbEntity
  8
Dimensions
 62
     0
440
 16777216
100
AcDbTrace
 10
-246.4166666666667
 20
297.5
 30
0.0
 11
-245.5833333333333
 21
297.5
 31
0.0
 12
-246.0
 22
300.0
 32
0.0
 13
-246.0
 23
300.0
 33
0.0
  0
SOLID
  5
E5E
330
E58
100
AcDbEntity
  8
Dimensions
 62
     0
440
 16777216
100
AcDbTrace
 10
-246.4166666666667
 20
197.5
 30
0.0
 11
-245.5833333333333
 21
197.5
 31
0.0
 12
-246.0
 22
195.0
 32
0.0
 13
-246.0
 23
195.0
 33
0.0
  0
MTEXT
  5
E5F
330
E58
100
AcDbEntity
  8
Dimensions
 62
     0
440
 16777216
100
AcDbMText
 10
-247.875
 20
247.5
 30
0.0
 40
2.5
 41
0.0
 46
0.0
 71
     5
 72
     1
  1
105
 11
0.0000000000000001
 21
1.0
 31
0.0
 73
     1
 44
1.0
  0
POINT
  5
E60
330
E58
100
AcDbEntity
  8
Defpoints
 62
     0
440
 16777216
100
AcDbPoint
 10
-237.0
 20
300.0
 30
0.0
  0
POINT
  5
E61
330
E58
100
AcDbEntity
  8
Defpoints
 62
     0
440
 16777216
100
AcDbPoint
 10
-237.0
 20
195.0
 30
0.0
  0
POINT
  5
E62
330
E58
100
AcDbEntity
  8
Defpoints
 62
     0
440
 16777216
100
AcDbPoint
 10
-246.0
 20
195.0
 30
0.0
  0
ENDBLK
  5
E63
330
E58
100
AcDbEntity
  8
0
100
AcDbBlockEnd
  0
BLOCK
  5
E65
330
E64
100
AcDbEntity
  8
0
100
AcDbBlockBegin
  2
*D189
 70
     1
 10
0.0
 20
0.0
 30
0.0
  3
*D189
  1

  0
LINE
  5
E66
330
E64
100
AcDbEntity
  8
Dimensions
 62
     0
440
 16777216
370
    -2
100
AcDbLine
 10
-237.625
 20
195.0
 30
0.0
 11
-247.25
 21
195.0
 31
0.0
  0
LINE
  5
E67
330
E64
100
AcDbEntity
  8
Dimensions
 62
     0
440
 16777216
370
    -2
100
AcDbLine
 10
-237.625
 20
25.0
 30
0.0
 11
-247.2500000000001
 21
25.0
 31
0.0
  0
LINE
  5
E68
330
E64
100
AcDbEntity
  8
Dimensions
 62
     0
440
 16777216
370
    -2
100
AcDbLine
 10
-246.0
 20
192.5
 30
0.0
 11
-246.0
 21
27.5
 31
0.0
  0
SOLID
  5
E69
330
E64
100
AcDbEntity
  8
Dimensions
 62
     0
440
 16777216
100
AcDbTrace
 10
-246.4166666666667
 20
192.5
 30
0.0
 11
-245.5833333333333
 21
192.5
 31
0.0
 12
-246.0
 22
195.0
 32
0.0
 13
-246.0
 23
195.0
 33
0.0
  0
SOLID
  5
E6A
330
E64
100
AcDbEntity
  8
Dimensions
 62
     0
440
 16777216
100
AcDbTrace
 10
-246.4166666666667
 20
27.5
 30
0.0
 11
-245.5833333333334
 21
27.5
 31
0.0
 12
-246.0
 22
25.0
 32
0.0
 13
-246.0
 23
25.0
 33
0.0
  0
MTEXT
  5
E6B
330
E64
100
AcDbEntity
  8
Dimensions
 62
     0
440
 16777216
100
AcDbMText
 10
-247.8750000000001
 20
109.9999999999999
 30
0.0
 40
2.5
 41
0.0
 46
0.0
 71
     5
 72
     1
  1
170
 11
0.0000000000000001
 21
1.0
 31
0.0
 73
     1
 44
1.0
  0
POINT
  5
E6C
330
E64
100
AcDbEntity
  8
Defpoints
 62
     0
440
 16777216
100
AcDbPoint
 10
-237.0
 20
195.0
 30
0.0
  0
POINT
  5
E6D
330
E64
100
AcDbEntity
  8
Defpoints
 62
     0
440
 16777216
100
AcDbPoint
 10
-237.0
 20
25.0
 30
0.0
  0
POINT
  5
E6E
330
E64
100
AcDbEntity
  8
Defpoints
 62
     0
440
 16777216
100
AcDbPoint
 10
-246.0
 20
25.0
 30
0.0
  0
ENDBLK
  5
E6F
330
E64
100
AcDbEntity
  8
0
100
AcDbBlockEnd
  0
BLOCK
  5
E71
330
E70
100
AcDbEntity
  8
0
100
AcDbBlockBegin
  2
*D190
 70
     1
 10
0.0
 20
0.0
 30
0.0
  3
*D190
  1

  0
LINE
  5
E72
330
E70
100
AcDbEntity
  8
Dimensions
 62
     0
440
 16777216
370
    -2
100
AcDbLine
 10
-237.625
 20
25.0
 30
0.0
 11
-247.25
 21
25.0
 31
0.0
  0
LINE
  5
E73
330
E70
100
AcDbEntity
  8
Dimensions
 62
     0
440
 16777216
370
    -2
100
AcDbLine
 10
-237.625
 20
-145.0
 30
0.0
 11
-247.25
 21
-145.0
 31
0.0
  0
LINE
  5
E74
330
E70
100
AcDbEntity
  8
Dimensions
 62
     0
440
 16777216
370
    -2
100
AcDbLine
 10
-246.0
 20
22.5
 30
0.0
 11
-246.0
 21
-142.5
 31
0.0
  0
SOLID
  5
E75
330
E70
100
AcDbEntity
  8
Dimensions
 62
     0
440
 16777216
100
AcDbTrace
 10
-246.4166666666667
 20
22.5
 30
0.0
 11
-245.5833333333333
 21
22.5
 31
0.0
 12
-246.0
 22
25.0
 32
0.0
 13
-246.0
 23
25.0
 33
0.0
  0
SOLID
  5
E76
330
E70
100
AcDbEntity
  8
Dimensions
 62
     0
440
 16777216
100
AcDbTrace
 10
-246.4166666666667
 20
-142.5
 30
0.0
 11
-245.5833333333334
 21
-142.5
 31
0.0
 12
-246.0
 22
-145.0
 32
0.0
 13
-246.0
 23
-145.0
 33
0.0
  0
MTEXT
  5
E77
330
E70
100
AcDbEntity
  8
Dimensions
 62
     0
440
 16777216
100
AcDbMText
 10
-247.875
 20
-60.00000000000004
 30
0.0
 40
2.5
 41
0.0
 46
0.0
 71
     5
 72
     1
  1
170
 11
0.0000000000000001
 21
1.0
 31
0.0
 73
     1
 44
1.0
  0
POINT
  5
E78
330
E70
100
AcDbEntity
  8
Defpoints
 62
     0
440
 16777216
100
AcDbPoint
 10
-237.0
 20
25.0
 30
0.0
  0
POINT
  5
E79
330
E70
100
AcDbEntity
  8
Defpoints
 62
     0
440
 16777216
100
AcDbPoint
 10
-237.0
 20
-145.0
 30
0.0
  0
POINT
  5
E7A
330
E70
100
AcDbEntity
  8
Defpoints
 62
     0
440
 16777216
100
AcDbPoint
 10
-246.0
 20
-145.0
 30
0.0
  0
ENDBLK
  5
E7B
330
E70
100
AcDbEntity
  8
0
100
AcDbBlockEnd
  0
BLOCK
  5
E7D
330
E7C
100
AcDbEntity
  8
0
100
AcDbBlockBegin
  2
*D191
 70
     1
 10
0.0
 20
0.0
 30
0.0
  3
*D191
  1

  0
LINE
  5
E7E
330
E7C
100
AcDbEntity
  8
Dimensions
 62
     0
440
 16777216
370
    -2
100
AcDbLine
 10
-228.5736441908606
 20
203.4263558091399
 30
0.0
 11
-234.1715728752539
 21
197.8284271247463
 31
0.0
  0
LINE
  5
E7F
330
E7C
100
AcDbEntity
  8
Dimensions
 62
     0
440
 16777216
370
    -2
100
AcDbLine
 10
-239.8284271247461
 20
192.1715728752538
 30
0.0
 11
-241.5961940777124
 21
190.4038059222873
 31
0.0
  0
MTEXT
  5
E80
330
E7C
100
AcDbEntity
  8
Dimensions
 62
     0
440
 16777216
100
AcDbMText
 10
-231.8145502712989
 20
202.8371001581511
 30
0.0
 40
2.5
 41
0.0
 46
0.0
 71
     5
 72
     1
  1
∅3
 11
0.7071067811865288
 21
0.7071067811865664
 31
0.0
 73
     1
 44
1.0
  0
LINE
  5
E81
330
E7C
100
AcDbEntity
  8
Dimensions
 62
     0
440
 16777216
370
    -2
100
AcDbLine
 10
-238.0606601717798
 20
193.9393398282202
 30
0.0
 11
-235.9393398282203
 21
196.0606601717799
 31
0.0
  0
SOLID
  5
E82
330
E7C
100
AcDbEntity
  8
Dimensions
 62
     0
440
 16777216
100
AcDbTrace
 10
-240.1230549502405
 20
192.4662007007482
 30
0.0
 11
-239.5337992992517
 21
191.8769450497594
 31
0.0
 12
-238.0606601717798
 22
193.9393398282202
 32
0.0
 13
-238.0606601717798
 23
193.9393398282202
 33
0.0
  0
SOLID
  5
E83
330
E7C
100
AcDbEntity
  8
Dimensions
 62
     0
440
 16777216
100
AcDbTrace
 10
-234.4662007007483
 20
198.1230549502407
 30
0.0
 11
-233.8769450497595
 21
197.5337992992519
 31
0.0
 12
-235.9393398282203
 22
196.0606601717799
 32
0.0
 13
-235.9393398282203
 23
196.0606601717799
 33
0.0
  0
POINT
  5
E84
330
E7C
100
AcDbEntity
  8
Defpoints
 62
     0
440
 16777216
100
AcDbPoint
 10
-235.9393398282203
 20
196.0606601717799
 30
0.0
  0
POINT
  5
E85
330
E7C
100
AcDbEntity
  8
Defpoints
 62
     0
440
 16777216
100
AcDbPoint
 10
-238.0606601717798
 20
193.9393398282202
 30
0.0
  0
ENDBLK
  5
E86
330
E7C
100
AcDbEntity
  8
0
100
AcDbBlockEnd
  0
BLOCK
  5
E88
330
E87
100
AcDbEntity
  8
0
100
AcDbBlockBegin
  2
*D192
 70
     1
 10
0.0
 20
0.0
 30
0.0
  3
*D192
  1

  0
LINE
  5
E89
330
E87
100
AcDbEntity
  8
Dimensions
 62
     0
440
 16777216
370
    -2
100
AcDbLine
 10
-228.5736441908606
 20
33.42635580913992
 30
0.0
 11
-234.1715728752539
 21
27.82842712474626
 31
0.0
  0
LINE
  5
E8A
330
E87
100
AcDbEntity
  8
Dimensions
 62
     0
440
 16777216
370
    -2
100
AcDbLine
 10
-239.8284271247461
 20
22.17157287525377
 30
0.0
 11
-241.5961940777124
 21
20.40380592228735
 31
0.0
  0
MTEXT
  5
E8B
330
E87
100
AcDbEntity
  8
Dimensions
 62
     0
440
 16777216
100
AcDbMText
 10
-231.8145502712988
 20
32.83710015815105
 30
0.0
 40
2.5
 41
0.0
 46
0.0
 71
     5
 72
     1
  1
∅3
 11
0.7071067811865288
 21
0.7071067811865664
 31
0.0
 73
     1
 44
1.0
  0
LINE
  5
E8C
330
E87
100
AcDbEntity
  8
Dimensions
 62
     0
440
 16777216
370
    -2
100
AcDbLine
 10
-238.0606601717798
 20
23.93933982822018
 30
0.0
 11
-235.9393398282202
 21
26.06066017177985
 31
0.0
  0
SOLID
  5
E8D
330
E87
100
AcDbEntity
  8
Dimensions
 62
     0
440
 16777216
100
AcDbTrace
 10
-240.1230549502405
 20
22.46620070074816
 30
0.0
 11
-239.5337992992517
 21
21.87694504975941
 31
0.0
 12
-238.0606601717798
 22
23.93933982822018
 32
0.0
 13
-238.0606601717798
 23
23.93933982822018
 33
0.0
  0
SOLID
  5
E8E
330
E87
100
AcDbEntity
  8
Dimensions
 62
     0
440
 16777216
100
AcDbTrace
 10
-234.4662007007483
 20
28.12305495024065
 30
0.0
 11
-233.8769450497595
 21
27.5337992992519
 31
0.0
 12
-235.9393398282202
 22
26.06066017177985
 32
0.0
 13
-235.9393398282202
 23
26.06066017177985
 33
0.0
  0
POINT
  5
E8F
330
E87
100
AcDbEntity
  8
Defpoints
 62
     0
440
 16777216
100
AcDbPoint
 10
-235.9393398282202
 20
26.06066017177985
 30
0.0
  0
POINT
  5
E90
330
E87
100
AcDbEntity
  8
Defpoints
 62
     0
440
 16777216
100
AcDbPoint
 10
-238.0606601717798
 20
23.93933982822018
 30
0.0
  0
ENDBLK
  5
E91
330
E87
100
AcDbEntity
  8
0
100
AcDbBlockEnd
  0
BLOCK
  5
E93
330
E92
100
AcDbEntity
  8
0
100
AcDbBlockBegin
  2
*D193
 70
     1
 10
0.0
 20
0.0
 30
0.0
  3
*D193
  1

  0
LINE
  5
E94
330
E92
100
AcDbEntity
  8
Dimensions
 62
     0
440
 16777216
370
    -2
100
AcDbLine
 10
-228.5736441908606
 20
-136.5736441908601
 30
0.0
 11
-234.1715728752539
 21
-142.1715728752537
 31
0.0
  0
LINE
  5
E95
330
E92
100
AcDbEntity
  8
Dimensions
 62
     0
440
 16777216
370
    -2
100
AcDbLine
 10
-239.828427124746
 20
-147.8284271247462
 30
0.0
 11
-241.5961940777124
 21
-149.5961940777126
 31
0.0
  0
MTEXT
  5
E96
330
E92
100
AcDbEntity
  8
Dimensions
 62
     0
440
 16777216
100
AcDbMText
 10
-231.814550271299
 20
-137.1628998418489
 30
0.0
 40
2.5
 41
0.0
 46
0.0
 71
     5
 72
     1
  1
∅3
 11
0.7071067811865241
 21
0.7071067811865711
 31
0.0
 73
     1
 44
1.0
  0
LINE
  5
E97
330
E92
100
AcDbEntity
  8
Dimensions
 62
     0
440
 16777216
370
    -2
100
AcDbLine
 10
-238.0606601717797
 20
-146.0606601717798
 30
0.0
 11
-235.9393398282202
 21
-143.9393398282201
 31
0.0
  0
SOLID
  5
E98
330
E92
100
AcDbEntity
  8
Dimensions
 62
     0
440
 16777216
100
AcDbTrace
 10
-240.1230549502404
 20
-147.5337992992518
 30
0.0
 11
-239.5337992992517
 21
-148.1230549502406
 31
0.0
 12
-238.0606601717797
 22
-146.0606601717798
 32
0.0
 13
-238.0606601717797
 23
-146.0606601717798
 33
0.0
  0
SOLID
  5
E99
330
E92
100
AcDbEntity
  8
Dimensions
 62
     0
440
 16777216
100
AcDbTrace
 10
-234.4662007007483
 20
-141.8769450497593
 30
0.0
 11
-233.8769450497595
 21
-142.4662007007481
 31
0.0
 12
-235.9393398282202
 22
-143.9393398282201
 32
0.0
 13
-235.9393398282202
 23
-143.9393398282201
 33
0.0
  0
POINT
  5
E9A
330
E92
100
AcDbEntity
  8
Defpoints
 62
     0
440
 16777216
100
AcDbPoint
 10
-235.9393398282202
 20
-143.9393398282201
 30
0.0
  0
POINT
  5
E9B
330
E92
100
AcDbEntity
  8
Defpoints
 62
     0
440
 16777216
100
AcDbPoint
 10
-238.0606601717797
 20
-146.0606601717798
 30
0.0
  0
ENDBLK
  5
E9C
330
E92
100
AcDbEntity
  8
0
100
AcDbBlockEnd
  0
BLOCK
  5
E9E
330
E9D
100
AcDbEntity
  8
0
100
AcDbBlockBegin
  2
*D194
 70
     1
 10
0.0
 20
0.0
 30
0.0
  3
*D194
  1

  0
LINE
  5
E9F
330
E9D
100
AcDbEntity
  8
Dimensions
 62
     0
440
 16777216
370
    -2
100
AcDbLine
 10
541.0
 20
-245.625
 30
0.0
 11
541.0
 21
-272.25
 31
0.0
  0
LINE
  5
EA0
330
E9D
100
AcDbEntity
  8
Dimensions
 62
     0
440
 16777216
370
    -2
100
AcDbLine
 10
582.0
 20
-245.625
 30
0.0
 11
582.0
 21
-272.25
 31
0.0
  0
LINE
  5
EA1
330
E9D
100
AcDbEntity
  8
Dimensions
 62
     0
440
 16777216
370
    -2
100
AcDbLine
 10
543.5
 20
-271.0
 30
0.0
 11
579.4999999999999
 21
-271.0
 31
0.0
  0
SOLID
  5
EA2
330
E9D
100
AcDbEntity
  8
Dimensions
 62
     0
440
 16777216
100
AcDbTrace
 10
543.5
 20
-270.5833333333333
 30
0.0
 11
543.5
 21
-271.4166666666667
 31
0.0
 12
541.0
 22
-271.0
 32
0.0
 13
541.0
 23
-271.0
 33
0.0
  0
SOLID
  5
EA3
330
E9D
100
AcDbEntity
  8
Dimensions
 62
     0
440
 16777216
100
AcDbTrace
 10
579.4999999999999
 20
-270.5833333333333
 30
0.0
 11
579.4999999999999
 21
-271.4166666666667
 31
0.0
 12
582.0
 22
-271.0
 32
0.0
 13
582.0
 23
-271.0
 33
0.0
  0
MTEXT
  5
EA4
330
E9D
100
AcDbEntity
  8
Dimensions
 62
     0
440
 16777216
100
AcDbMText
 10
561.5
 20
-269.125
 30
0.0
 40
2.5
 41
0.0
 46
0.0
 71
     5
 72
     1
  1
41
 73
     1
 44
1.0
  0
POINT
  5
EA5
330
E9D
100
AcDbEntity
  8
Defpoints
 62
     0
440
 16777216
100
AcDbPoint
 10
541.0
 20
-245.0
 30
0.0
  0
POINT
  5
EA6
330
E9D
100
AcDbEntity
  8
Defpoints
 62
     0
440
 16777216
100
AcDbPoint
 10
582.0
 20
-245.0
 30
0.0
  0
POINT
  5
EA7
330
E9D
100
AcDbEntity
  8
Defpoints
 62
     0
440
 16777216
100
AcDbPoint
 10
582.0
 20
-271.0
 30
0.0
  0
ENDBLK
  5
EA8
330
E9D
100
AcDbEntity
  8
0
100
AcDbBlockEnd
  0
BLOCK
  5
EAA
330
EA9
100
AcDbEntity
  8
0
100
AcDbBlockBegin
  2
*D195
 70
     1
 10
0.0
 20
0.0
 30
0.0
  3
*D195
  1

  0
LINE
  5
EAB
330
EA9
100
AcDbEntity
  8
Dimensions
 62
     0
440
 16777216
370
    -2
100
AcDbLine
 10
582.0
 20
-123.625
 30
0.0
 11
582.0
 21
-272.25
 31
0.0
  0
LINE
  5
EAC
330
EA9
100
AcDbEntity
  8
Dimensions
 62
     0
440
 16777216
370
    -2
100
AcDbLine
 10
679.0
 20
-245.625
 30
0.0
 11
679.0
 21
-272.25
 31
0.0
  0
LINE
  5
EAD
330
EA9
100
AcDbEntity
  8
Dimensions
 62
     0
440
 16777216
370
    -2
100
AcDbLine
 10
584.4999999999999
 20
-271.0
 30
0.0
 11
676.5
 21
-271.0
 31
0.0
  0
SOLID
  5
EAE
330
EA9
100
AcDbEntity
  8
Dimensions
 62
     0
440
 16777216
100
AcDbTrace
 10
584.4999999999999
 20
-270.5833333333333
 30
0.0
 11
584.4999999999999
 21
-271.4166666666667
 31
0.0
 12
582.0
 22
-271.0
 32
0.0
 13
582.0
 23
-271.0
 33
0.0
  0
SOLID
  5
EAF
330
EA9
100
AcDbEntity
  8
Dimensions
 62
     0
440
 16777216
100
AcDbTrace
 10
676.5
 20
-270.5833333333333
 30
0.0
 11
676.5
 21
-271.4166666666667
 31
0.0
 12
679.0
 22
-271.0
 32
0.0
 13
679.0
 23
-271.0
 33
0.0
  0
MTEXT
  5
EB0
330
EA9
100
AcDbEntity
  8
Dimensions
 62
     0
440
 16777216
100
AcDbMText
 10
630.4999999999999
 20
-269.125
 30
0.0
 40
2.5
 41
0.0
 46
0.0
 71
     5
 72
     1
  1
97
 73
     1
 44
1.0
  0
POINT
  5
EB1
330
EA9
100
AcDbEntity
  8
Defpoints
 62
     0
440
 16777216
100
AcDbPoint
 10
582.0
 20
-123.0
 30
0.0
  0
POINT
  5
EB2
330
EA9
100
AcDbEntity
  8
Defpoints
 62
     0
440
 16777216
100
AcDbPoint
 10
679.0
 20
-245.0
 30
0.0
  0
POINT
  5
EB3
330
EA9
100
AcDbEntity
  8
Defpoints
 62
     0
440
 16777216
100
AcDbPoint
 10
679.0
 20
-271.0
 30
0.0
  0
ENDBLK
  5
EB4
330
EA9
100
AcDbEntity
  8
0
100
AcDbBlockEnd
  0
BLOCK
  5
EB6
330
EB5
100
AcDbEntity
  8
0
100
AcDbBlockBegin
  2
*D196
 70
     1
 10
0.0
 20
0.0
 30
0.0
  3
*D196
  1

  0
LINE
  5
EB7
330
EB5
100
AcDbEntity
  8
Dimensions
 62
     0
440
 16777216
370
    -2
100
AcDbLine
 10
679.0
 20
299.375
 30
0.0
 11
679.0
 21
-272.25
 31
0.0
  0
LINE
  5
EB8
330
EB5
100
AcDbEntity
  8
Dimensions
 62
     0
440
 16777216
370
    -2
100
AcDbLine
 10
700.0
 20
299.375
 30
0.0
 11
700.0
 21
-272.25
 31
0.0
  0
LINE
  5
EB9
330
EB5
100
AcDbEntity
  8
Dimensions
 62
     0
440
 16777216
370
    -2
100
AcDbLine
 10
681.5
 20
-271.0
 30
0.0
 11
697.5
 21
-271.0
 31
0.0
  0
SOLID
  5
EBA
330
EB5
100
AcDbEntity
  8
Dimensions
 62
     0
440
 16777216
100
AcDbTrace
 10
681.5
 20
-270.5833333333333
 30
0.0
 11
681.5
 21
-271.4166666666667
 31
0.0
 12
679.0
 22
-271.0
 32
0.0
 13
679.0
 23
-271.0
 33
0.0
  0
SOLID
  5
EBB
330
EB5
100
AcDbEntity
  8
Dimensions
 62
     0
440
 16777216
100
AcDbTrace
 10
697.5
 20
-270.5833333333333
 30
0.0
 11
697.5
 21
-271.4166666666667
 31
0.0
 12
700.0
 22
-271.0
 32
0.0
 13
700.0
 23
-271.0
 33
0.0
  0
MTEXT
  5
EBC
330
EB5
100
AcDbEntity
  8
Dimensions
 62
     0
440
 16777216
100
AcDbMText
 10
689.5
 20
-269.125
 30
0.0
 40
2.5
 41
0.0
 46
0.0
 71
     5
 72
     1
  1
21
 73
     1
 44
1.0
  0
POINT
  5
EBD
330
EB5
100
AcDbEntity
  8
Defpoints
 62
     0
440
 16777216
100
AcDbPoint
 10
679.0
 20
300.0
 30
0.0
  0
POINT
  5
EBE
330
EB5
100
AcDbEntity
  8
Defpoints
 62
     0
440
 16777216
100
AcDbPoint
 10
700.0
 20
300.0
 30
0.0
  0
POINT
  5
EBF
330
EB5
100
AcDbEntity
  8
Defpoints
 62
     0
440
 16777216
100
AcDbPoint
 10
700.0
 20
-271.0
 30
0.0
  0
ENDBLK
  5
EC0
330
EB5
100
AcDbEntity
  8
0
100
AcDbBlockEnd
  0
BLOCK
  5
EC2
330
EC1
100
AcDbEntity
  8
0
100
AcDbBlockBegin
  2
*D197
 70
     1
 10
0.0
 20
0.0
 30
0.0
  3
*D197
  1

  0
LINE
  5
EC3
330
EC1
100
AcDbEntity
  8
Dimensions
 62
     0
440
 16777216
370
    -2
100
AcDbLine
 10
540.375
 20
-245.0
 30
0.0
 11
536.7499999999999
 21
-245.0
 31
0.0
  0
LINE
  5
EC4
330
EC1
100
AcDbEntity
  8
Dimensions
 62
     0
440
 16777216
370
    -2
100
AcDbLine
 10
725.375
 20
-235.0
 30
0.0
 11
536.7499999999999
 21
-235.0
 31
0.0
  0
LINE
  5
EC5
330
EC1
100
AcDbEntity
  8
Dimensions
 62
     0
440
 16777216
370
    -2
100
AcDbLine
 10
538.0
 20
-242.5
 30
0.0
 11
538.0
 21
-237.5
 31
0.0
  0
SOLID
  5
EC6
330
EC1
100
AcDbEntity
  8
Dimensions
 62
     0
440
 16777216
100
AcDbTrace
 10
537.5833333333333
 20
-242.5
 30
0.0
 11
538.4166666666666
 21
-242.5
 31
0.0
 12
538.0
 22
-245.0
 32
0.0
 13
538.0
 23
-245.0
 33
0.0
  0
SOLID
  5
EC7
330
EC1
100
AcDbEntity
  8
Dimensions
 62
     0
440
 16777216
100
AcDbTrace
 10
537.5833333333333
 20
-237.5
 30
0.0
 11
538.4166666666666
 21
-237.5
 31
0.0
 12
538.0
 22
-235.0
 32
0.0
 13
538.0
 23
-235.0
 33
0.0
  0
MTEXT
  5
EC8
330
EC1
100
AcDbEntity
  8
Dimensions
 62
     0
440
 16777216
100
AcDbMText
 10
536.125
 20
-239.9999999999999
 30
0.0
 40
2.5
 41
0.0
 46
0.0
 71
     5
 72
     1
  1
10
 11
0.0000000000000001
 21
1.0
 31
0.0
 73
     1
 44
1.0
  0
POINT
  5
EC9
330
EC1
100
AcDbEntity
  8
Defpoints
 62
     0
440
 16777216
100
AcDbPoint
 10
541.0
 20
-245.0
 30
0.0
  0
POINT
  5
ECA
330
EC1
100
AcDbEntity
  8
Defpoints
 62
     0
440
 16777216
100
AcDbPoint
 10
726.0
 20
-235.0
 30
0.0
  0
POINT
  5
ECB
330
EC1
100
AcDbEntity
  8
Defpoints
 62
     0
440
 16777216
100
AcDbPoint
 10
538.0
 20
-235.0
 30
0.0
  0
ENDBLK
  5
ECC
330
EC1
100
AcDbEntity
  8
0
100
AcDbBlockEnd
  0
BLOCK
  5
ECE
330
ECD
100
AcDbEntity
  8
0
100
AcDbBlockBegin
  2
*D198
 70
     1
 10
0.0
 20
0.0
 30
0.0
  3
*D198
  1

  0
LINE
  5
ECF
330
ECD
100
AcDbEntity
  8
Dimensions
 62
     0
440
 16777216
370
    -2
100
AcDbLine
 10
540.375
 20
-235.0
 30
0.0
 11
536.7499999999999
 21
-235.0
 31
0.0
  0
LINE
  5
ED0
330
ECD
100
AcDbEntity
  8
Dimensions
 62
     0
440
 16777216
370
    -2
100
AcDbLine
 10
540.375
 20
-145.0
 30
0.0
 11
536.7499999999999
 21
-145.0
 31
0.0
  0
LINE
  5
ED1
330
ECD
100
AcDbEntity
  8
Dimensions
 62
     0
440
 16777216
370
    -2
100
AcDbLine
 10
538.0
 20
-232.5
 30
0.0
 11
538.0
 21
-147.5
 31
0.0
  0
SOLID
  5
ED2
330
ECD
100
AcDbEntity
  8
Dimensions
 62
     0
440
 16777216
100
AcDbTrace
 10
537.5833333333333
 20
-232.5
 30
0.0
 11
538.4166666666666
 21
-232.5
 31
0.0
 12
538.0
 22
-235.0
 32
0.0
 13
538.0
 23
-235.0
 33
0.0
  0
SOLID
  5
ED3
330
ECD
100
AcDbEntity
  8
Dimensions
 62
     0
440
 16777216
100
AcDbTrace
 10
537.5833333333333
 20
-147.5
 30
0.0
 11
538.4166666666666
 21
-147.5
 31
0.0
 12
538.0
 22
-145.0
 32
0.0
 13
538.0
 23
-145.0
 33
0.0
  0
MTEXT
  5
ED4
330
ECD
100
AcDbEntity
  8
Dimensions
 62
     0
440
 16777216
100
AcDbMText
 10
536.125
 20
-189.9999999999999
 30
0.0
 40
2.5
 41
0.0
 46
0.0
 71
     5
 72
     1
  1
90
 11
0.0000000000000001
 21
1.0
 31
0.0
 73
     1
 44
1.0
  0
POINT
  5
ED5
330
ECD
100
AcDbEntity
  8
Defpoints
 62
     0
440
 16777216
100
AcDbPoint
 10
541.0
 20
-235.0
 30
0.0
  0
POINT
  5
ED6
330
ECD
100
AcDbEntity
  8
Defpoints
 62
     0
440
 16777216
100
AcDbPoint
 10
541.0
 20
-145.0
 30
0.0
  0
POINT
  5
ED7
330
ECD
100
AcDbEntity
  8
Defpoints
 62
     0
440
 16777216
100
AcDbPoint
 10
538.0
 20
-145.0
 30
0.0
  0
ENDBLK
  5
ED8
330
ECD
100
AcDbEntity
  8
0
100
AcDbBlockEnd
  0
BLOCK
  5
EDA
330
ED9
100
AcDbEntity
  8
0
100
AcDbBlockBegin
  2
*D199
 70
     1
 10
0.0
 20
0.0
 30
0.0
  3
*D199
  1

  0
LINE
  5
EDB
330
ED9
100
AcDbEntity
  8
Dimensions
 62
     0
440
 16777216
370
    -2
100
AcDbLine
 10
725.375
 20
-145.0
 30
0.0
 11
536.7499999999999
 21
-144.9999999999999
 31
0.0
  0
LINE
  5
EDC
330
ED9
100
AcDbEntity
  8
Dimensions
 62
     0
440
 16777216
370
    -2
100
AcDbLine
 10
725.375
 20
22.0
 30
0.0
 11
536.7499999999999
 21
22.00000000000005
 31
0.0
  0
LINE
  5
EDD
330
ED9
100
AcDbEntity
  8
Dimensions
 62
     0
440
 16777216
370
    -2
100
AcDbLine
 10
538.0
 20
-142.4999999999999
 30
0.0
 11
538.0
 21
19.50000000000005
 31
0.0
  0
SOLID
  5
EDE
330
ED9
100
AcDbEntity
  8
Dimensions
 62
     0
440
 16777216
100
AcDbTrace
 10
537.5833333333333
 20
-142.4999999999999
 30
0.0
 11
538.4166666666666
 21
-142.4999999999999
 31
0.0
 12
538.0
 22
-144.9999999999999
 32
0.0
 13
538.0
 23
-144.9999999999999
 33
0.0
  0
SOLID
  5
EDF
330
ED9
100
AcDbEntity
  8
Dimensions
 62
     0
440
 16777216
100
AcDbTrace
 10
537.5833333333333
 20
19.50000000000005
 30
0.0
 11
538.4166666666666
 21
19.50000000000005
 31
0.0
 12
538.0
 22
22.00000000000005
 32
0.0
 13
538.0
 23
22.00000000000005
 33
0.0
  0
MTEXT
  5
EE0
330
ED9
100
AcDbEntity
  8
Dimensions
 62
     0
440
 16777216
100
AcDbMText
 10
536.125
 20
-61.49999999999987
 30
0.0
 40
2.5
 41
0.0
 46
0.0
 71
     5
 72
     1
  1
167
 11
0.0000000000000001
 21
1.0
 31
0.0
 73
     1
 44
1.0
  0
POINT
  5
EE1
330
ED9
100
AcDbEntity
  8
Defpoints
 62
     0
440
 16777216
100
AcDbPoint
 10
726.0
 20
-145.0
 30
0.0
  0
POINT
  5
EE2
330
ED9
100
AcDbEntity
  8
Defpoints
 62
     0
440
 16777216
100
AcDbPoint
 10
726.0
 20
22.0
 30
0.0
  0
POINT
  5
EE3
330
ED9
100
AcDbEntity
  8
Defpoints
 62
     0
440
 16777216
100
AcDbPoint
 10
538.0
 20
22.00000000000005
 30
0.0
  0
ENDBLK
  5
EE4
330
ED9
100
AcDbEntity
  8
0
100
AcDbBlockEnd
  0
BLOCK
  5
EE6
330
EE5
100
AcDbEntity
  8
0
100
AcDbBlockBegin
  2
*D200
 70
     1
 10
0.0
 20
0.0
 30
0.0
  3
*D200
  1

  0
LINE
  5
EE7
330
EE5
100
AcDbEntity
  8
Dimensions
 62
     0
440
 16777216
370
    -2
100
AcDbLine
 10
589.3749999999999
 20
22.0
 30
0.0
 11
536.7499999999999
 21
22.00000000000001
 31
0.0
  0
LINE
  5
EE8
330
EE5
100
AcDbEntity
  8
Dimensions
 62
     0
440
 16777216
370
    -2
100
AcDbLine
 10
725.375
 20
78.0
 30
0.0
 11
536.7499999999999
 21
78.00000000000006
 31
0.0
  0
LINE
  5
EE9
330
EE5
100
AcDbEntity
  8
Dimensions
 62
     0
440
 16777216
370
    -2
100
AcDbLine
 10
538.0
 20
24.50000000000001
 30
0.0
 11
538.0
 21
75.50000000000006
 31
0.0
  0
SOLID
  5
EEA
330
EE5
100
AcDbEntity
  8
Dimensions
 62
     0
440
 16777216
100
AcDbTrace
 10
537.5833333333333
 20
24.50000000000001
 30
0.0
 11
538.4166666666666
 21
24.50000000000001
 31
0.0
 12
538.0
 22
22.00000000000001
 32
0.0
 13
538.0
 23
22.00000000000001
 33
0.0
  0
SOLID
  5
EEB
330
EE5
100
AcDbEntity
  8
Dimensions
 62
     0
440
 16777216
100
AcDbTrace
 10
537.5833333333333
 20
75.50000000000006
 30
0.0
 11
538.4166666666666
 21
75.50000000000006
 31
0.0
 12
538.0
 22
78.00000000000006
 32
0.0
 13
538.0
 23
78.00000000000006
 33
0.0
  0
MTEXT
  5
EEC
330
EE5
100
AcDbEntity
  8
Dimensions
 62
     0
440
 16777216
100
AcDbMText
 10
536.125
 20
50.00000000000012
 30
0.0
 40
2.5
 41
0.0
 46
0.0
 71
     5
 72
     1
  1
56
 11
0.0000000000000001
 21
1.0
 31
0.0
 73
     1
 44
1.0
  0
POINT
  5
EED
330
EE5
100
AcDbEntity
  8
Defpoints
 62
     0
440
 16777216
100
AcDbPoint
 10
590.0
 20
22.0
 30
0.0
  0
POINT
  5
EEE
330
EE5
100
AcDbEntity
  8
Defpoints
 62
     0
440
 16777216
100
AcDbPoint
 10
726.0
 20
78.0
 30
0.0
  0
POINT
  5
EEF
330
EE5
100
AcDbEntity
  8
Defpoints
 62
     0
440
 16777216
100
AcDbPoint
 10
538.0
 20
78.00000000000006
 30
0.0
  0
ENDBLK
  5
EF0
330
EE5
100
AcDbEntity
  8
0
100
AcDbBlockEnd
  0
BLOCK
  5
EF2
330
EF1
100
AcDbEntity
  8
0
100
AcDbBlockBegin
  2
*D201
 70
     1
 10
0.0
 20
0.0
 30
0.0
  3
*D201
  1

  0
LINE
  5
EF3
330
EF1
100
AcDbEntity
  8
Dimensions
 62
     0
440
 16777216
370
    -2
100
AcDbLine
 10
591.1334625903261
 20
-135.8665374096736
 30
0.0
 11
585.5355339059326
 21
-141.4644660940671
 31
0.0
  0
LINE
  5
EF4
330
EF1
100
AcDbEntity
  8
Dimensions
 62
     0
440
 16777216
370
    -2
100
AcDbLine
 10
578.4644660940671
 20
-148.5355339059327
 30
0.0
 11
576.6966991411008
 21
-150.3033008588991
 31
0.0
  0
MTEXT
  5
EF5
330
EF1
100
AcDbEntity
  8
Dimensions
 62
     0
440
 16777216
100
AcDbMText
 10
587.8925565098877
 20
-136.4557930606624
 30
0.0
 40
2.5
 41
0.0
 46
0.0
 71
     5
 72
     1
  1
∅5
 11
0.7071067811865423
 21
0.7071067811865528
 31
0.0
 73
     1
 44
1.0
  0
LINE
  5
EF6
330
EF1
100
AcDbEntity
  8
Dimensions
 62
     0
440
 16777216
370
    -2
100
AcDbLine
 10
580.2322330470335
 20
-146.7677669529663
 30
0.0
 11
583.7677669529663
 21
-143.2322330470335
 31
0.0
  0
SOLID
  5
EF7
330
EF1
100
AcDbEntity
  8
Dimensions
 62
     0
440
 16777216
100
AcDbTrace
 10
578.1698382685728
 20
-148.2409060804383
 30
0.0
 11
578.7590939195616
 21
-148.830161731427
 31
0.0
 12
580.2322330470335
 22
-146.7677669529663
 32
0.0
 13
580.2322330470335
 23
-146.7677669529663
 33
0.0
  0
SOLID
  5
EF8
330
EF1
100
AcDbEntity
  8
Dimensions
 62
     0
440
 16777216
100
AcDbTrace
 10
585.2409060804383
 20
-141.1698382685727
 30
0.0
 11
585.830161731427
 21
-141.7590939195614
 31
0.0
 12
583.7677669529663
 22
-143.2322330470335
 32
0.0
 13
583.7677669529663
 23
-143.2322330470335
 33
0.0
  0
POINT
  5
EF9
330
EF1
100
AcDbEntity
  8
Defpoints
 62
     0
440
 16777216
100
AcDbPoint
 10
583.7677669529663
 20
-143.2322330470335
 30
0.0
  0
POINT
  5
EFA
330
EF1
100
AcDbEntity
  8
Defpoints
 62
     0
440
 16777216
100
AcDbPoint
 10
580.2322330470335
 20
-146.7677669529663
 30
0.0
  0
ENDBLK
  5
EFB
330
EF1
100
AcDbEntity
  8
0
100
AcDbBlockEnd
  0
BLOCK
  5
EFD
330
EFC
100
AcDbEntity
  8
0
100
AcDbBlockBegin
  2
*D202
 70
     1
 10
0.0
 20
0.0
 30
0.0
  3
*D202
  1

  0
LINE
  5
EFE
330
EFC
100
AcDbEntity
  8
Dimensions
 62
     0
440
 16777216
370
    -2
100
AcDbLine
 10
688.1334625903259
 20
-135.8665374096735
 30
0.0
 11
682.5355339059326
 21
-141.4644660940671
 31
0.0
  0
LINE
  5
EFF
330
EFC
100
AcDbEntity
  8
Dimensions
 62
     0
440
 16777216
370
    -2
100
AcDbLine
 10
675.4644660940673
 20
-148.5355339059327
 30
0.0
 11
673.6966991411009
 21
-150.3033008588991
 31
0.0
  0
MTEXT
  5
F00
330
EFC
100
AcDbEntity
  8
Dimensions
 62
     0
440
 16777216
100
AcDbMText
 10
684.8925565098876
 20
-136.4557930606623
 30
0.0
 40
2.5
 41
0.0
 46
0.0
 71
     5
 72
     1
  1
∅5
 11
0.707106781186531
 21
0.7071067811865641
 31
0.0
 73
     1
 44
1.0
  0
LINE
  5
F01
330
EFC
100
AcDbEntity
  8
Dimensions
 62
     0
440
 16777216
370
    -2
100
AcDbLine
 10
677.2322330470337
 20
-146.7677669529663
 30
0.0
 11
680.7677669529663
 21
-143.2322330470335
 31
0.0
  0
SOLID
  5
F02
330
EFC
100
AcDbEntity
  8
Dimensions
 62
     0
440
 16777216
100
AcDbTrace
 10
675.1698382685729
 20
-148.2409060804384
 30
0.0
 11
675.7590939195616
 21
-148.8301617314271
 31
0.0
 12
677.2322330470337
 22
-146.7677669529663
 32
0.0
 13
677.2322330470337
 23
-146.7677669529663
 33
0.0
  0
SOLID
  5
F03
330
EFC
100
AcDbEntity
  8
Dimensions
 62
     0
440
 16777216
100
AcDbTrace
 10
682.2409060804382
 20
-141.1698382685728
 30
0.0
 11
682.8301617314269
 21
-141.7590939195615
 31
0.0
 12
680.7677669529663
 22
-143.2322330470335
 32
0.0
 13
680.7677669529663
 23
-143.2322330470335
 33
0.0
  0
POINT
  5
F04
330
EFC
100
AcDbEntity
  8
Defpoints
 62
     0
440
 16777216
100
AcDbPoint
 10
680.7677669529663
 20
-143.2322330470335
 30
0.0
  0
POINT
  5
F05
330
EFC
100
AcDbEntity
  8
Defpoints
 62
     0
440
 16777216
100
AcDbPoint
 10
677.2322330470337
 20
-146.7677669529663
 30
0.0
  0
ENDBLK
  5
F06
330
EFC
100
AcDbEntity
  8
0
100
AcDbBlockEnd
  0
BLOCK
  5
F08
330
F07
100
AcDbEntity
  8
0
100
AcDbBlockBegin
  2
*D203
 70
     1
 10
0.0
 20
0.0
 30
0.0
  3
*D203
  1

  0
LINE
  5
F09
330
F07
100
AcDbEntity
  8
Dimensions
 62
     0
440
 16777216
370
    -2
100
AcDbLine
 10
591.1334625903261
 20
-225.8665374096736
 30
0.0
 11
585.5355339059326
 21
-231.4644660940671
 31
0.0
  0
LINE
  5
F0A
330
F07
100
AcDbEntity
  8
Dimensions
 62
     0
440
 16777216
370
    -2
100
AcDbLine
 10
578.4644660940672
 20
-238.5355339059327
 30
0.0
 11
576.6966991411009
 21
-240.3033008588991
 31
0.0
  0
MTEXT
  5
F0B
330
F07
100
AcDbEntity
  8
Dimensions
 62
     0
440
 16777216
100
AcDbMText
 10
587.8925565098877
 20
-226.4557930606624
 30
0.0
 40
2.5
 41
0.0
 46
0.0
 71
     5
 72
     1
  1
∅5
 11
0.7071067811865423
 21
0.7071067811865528
 31
0.0
 73
     1
 44
1.0
  0
LINE
  5
F0C
330
F07
100
AcDbEntity
  8
Dimensions
 62
     0
440
 16777216
370
    -2
100
AcDbLine
 10
580.2322330470335
 20
-236.7677669529663
 30
0.0
 11
583.7677669529663
 21
-233.2322330470335
 31
0.0
  0
SOLID
  5
F0D
330
F07
100
AcDbEntity
  8
Dimensions
 62
     0
440
 16777216
100
AcDbTrace
 10
578.1698382685727
 20
-238.2409060804383
 30
0.0
 11
578.7590939195616
 21
-238.8301617314271
 31
0.0
 12
580.2322330470335
 22
-236.7677669529663
 32
0.0
 13
580.2322330470335
 23
-236.7677669529663
 33
0.0
  0
SOLID
  5
F0E
330
F07
100
AcDbEntity
  8
Dimensions
 62
     0
440
 16777216
100
AcDbTrace
 10
585.2409060804383
 20
-231.1698382685727
 30
0.0
 11
585.8301617314269
 21
-231.7590939195615
 31
0.0
 12
583.7677669529663
 22
-233.2322330470335
 32
0.0
 13
583.7677669529663
 23
-233.2322330470335
 33
0.0
  0
POINT
  5
F0F
330
F07
100
AcDbEntity
  8
Defpoints
 62
     0
440
 16777216
100
AcDbPoint
 10
583.7677669529663
 20
-233.2322330470335
 30
0.0
  0
POINT
  5
F10
330
F07
100
AcDbEntity
  8
Defpoints
 62
     0
440
 16777216
100
AcDbPoint
 10
580.2322330470335
 20
-236.7677669529663
 30
0.0
  0
ENDBLK
  5
F11
330
F07
100
AcDbEntity
  8
0
100
AcDbBlockEnd
  0
BLOCK
  5
F13
330
F12
100
AcDbEntity
  8
0
100
AcDbBlockBegin
  2
*D204
 70
     1
 10
0.0
 20
0.0
 30
0.0
  3
*D204
  1

  0
LINE
  5
F14
330
F12
100
AcDbEntity
  8
Dimensions
 62
     0
440
 16777216
370
    -2
100
AcDbLine
 10
688.133462590326
 20
-225.8665374096736
 30
0.0
 11
682.5355339059326
 21
-231.4644660940671
 31
0.0
  0
LINE
  5
F15
330
F12
100
AcDbEntity
  8
Dimensions
 62
     0
440
 16777216
370
    -2
100
AcDbLine
 10
675.4644660940672
 20
-238.5355339059327
 30
0.0
 11
673.6966991411009
 21
-240.3033008588991
 31
0.0
  0
MTEXT
  5
F16
330
F12
100
AcDbEntity
  8
Dimensions
 62
     0
440
 16777216
100
AcDbMText
 10
684.8925565098877
 20
-226.4557930606625
 30
0.0
 40
2.5
 41
0.0
 46
0.0
 71
     5
 72
     1
  1
∅5
 11
0.7071067811865423
 21
0.7071067811865528
 31
0.0
 73
     1
 44
1.0
  0
LINE
  5
F17
330
F12
100
AcDbEntity
  8
Dimensions
 62
     0
440
 16777216
370
    -2
100
AcDbLine
 10
677.2322330470335
 20
-236.7677669529664
 30
0.0
 11
680.7677669529663
 21
-233.2322330470335
 31
0.0
  0
SOLID
  5
F18
330
F12
100
AcDbEntity
  8
Dimensions
 62
     0
440
 16777216
100
AcDbTrace
 10
675.1698382685727
 20
-238.2409060804384
 30
0.0
 11
675.7590939195615
 21
-238.8301617314271
 31
0.0
 12
677.2322330470335
 22
-236.7677669529664
 32
0.0
 13
677.2322330470335
 23
-236.7677669529664
 33
0.0
  0
SOLID
  5
F19
330
F12
100
AcDbEntity
  8
Dimensions
 62
     0
440
 16777216
100
AcDbTrace
 10
682.2409060804382
 20
-231.1698382685728
 30
0.0
 11
682.8301617314271
 21
-231.7590939195615
 31
0.0
 12
680.7677669529663
 22
-233.2322330470335
 32
0.0
 13
680.7677669529663
 23
-233.2322330470335
 33
0.0
  0
POINT
  5
F1A
330
F12
100
AcDbEntity
  8
Defpoints
 62
     0
440
 16777216
100
AcDbPoint
 10
680.7677669529663
 20
-233.2322330470335
 30
0.0
  0
POINT
  5
F1B
330
F12
100
AcDbEntity
  8
Defpoints
 62
     0
440
 16777216
100
AcDbPoint
 10
677.2322330470335
 20
-236.7677669529664
 30
0.0
  0
ENDBLK
  5
F1C
330
F12
100
AcDbEntity
  8
0
100
AcDbBlockEnd
  0
BLOCK
  5
F1E
330
F1D
100
AcDbEntity
  8
0
100
AcDbBlockBegin
  2
*D205
 70
     1
 10
0.0
 20
0.0
 30
0.0
  3
*D205
  1

  0
LINE
  5
F1F
330
F1D
100
AcDbEntity
  8
Dimensions
 62
     0
440
 16777216
370
    -2
100
AcDbLine
 10
688.1334625903259
 20
87.13346259032647
 30
0.0
 11
682.5355339059326
 21
81.53553390593282
 31
0.0
  0
LINE
  5
F20
330
F1D
100
AcDbEntity
  8
Dimensions
 62
     0
440
 16777216
370
    -2
100
AcDbLine
 10
675.4644660940673
 20
74.46446609406717
 30
0.0
 11
673.6966991411009
 21
72.69669914110074
 31
0.0
  0
MTEXT
  5
F21
330
F1D
100
AcDbEntity
  8
Dimensions
 62
     0
440
 16777216
100
AcDbMText
 10
684.8925565098876
 20
86.54420693933763
 30
0.0
 40
2.5
 41
0.0
 46
0.0
 71
     5
 72
     1
  1
∅5
 11
0.707106781186531
 21
0.7071067811865641
 31
0.0
 73
     1
 44
1.0
  0
LINE
  5
F22
330
F1D
100
AcDbEntity
  8
Dimensions
 62
     0
440
 16777216
370
    -2
100
AcDbLine
 10
677.2322330470335
 20
76.23223304703356
 30
0.0
 11
680.7677669529661
 21
79.76776695296639
 31
0.0
  0
SOLID
  5
F23
330
F1D
100
AcDbEntity
  8
Dimensions
 62
     0
440
 16777216
100
AcDbTrace
 10
675.1698382685729
 20
74.75909391956162
 30
0.0
 11
675.7590939195616
 21
74.16983826857279
 31
0.0
 12
677.2322330470335
 22
76.23223304703356
 32
0.0
 13
677.2322330470335
 23
76.23223304703356
 33
0.0
  0
SOLID
  5
F24
330
F1D
100
AcDbEntity
  8
Dimensions
 62
     0
440
 16777216
100
AcDbTrace
 10
682.2409060804382
 20
81.83016173142727
 30
0.0
 11
682.8301617314269
 21
81.24090608043843
 31
0.0
 12
680.7677669529661
 22
79.76776695296639
 32
0.0
 13
680.7677669529661
 23
79.76776695296639
 33
0.0
  0
POINT
  5
F25
330
F1D
100
AcDbEntity
  8
Defpoints
 62
     0
440
 16777216
100
AcDbPoint
 10
680.7677669529661
 20
79.76776695296639
 30
0.0
  0
POINT
  5
F26
330
F1D
100
AcDbEntity
  8
Defpoints
 62
     0
440
 16777216
100
AcDbPoint
 10
677.2322330470335
 20
76.23223304703356
 30
0.0
  0
ENDBLK
  5
F27
330
F1D
100
AcDbEntity
  8
0
100
AcDbBlockEnd
  0
BLOCK
  5
F29
330
F28
100
AcDbEntity
  8
0
100
AcDbBlockBegin
  2
*D206
 70
     1
 10
0.0
 20
0.0
 30
0.0
  3
*D206
  1

  0
LINE
  5
F2A
330
F28
100
AcDbEntity
  8
Dimensions
 62
     0
440
 16777216
370
    -2
100
AcDbLine
 10
709.1334625903262
 20
87.13346259032647
 30
0.0
 11
703.5355339059326
 21
81.53553390593282
 31
0.0
  0
LINE
  5
F2B
330
F28
100
AcDbEntity
  8
Dimensions
 62
     0
440
 16777216
370
    -2
100
AcDbLine
 10
696.4644660940673
 20
74.46446609406729
 30
0.0
 11
694.6966991411009
 21
72.69669914110091
 31
0.0
  0
MTEXT
  5
F2C
330
F28
100
AcDbEntity
  8
Dimensions
 62
     0
440
 16777216
100
AcDbMText
 10
705.8925565098877
 20
86.54420693933747
 30
0.0
 40
2.5
 41
0.0
 46
0.0
 71
     5
 72
     1
  1
∅5
 11
0.7071067811865363
 21
0.7071067811865588
 31
0.0
 73
     1
 44
1.0
  0
LINE
  5
F2D
330
F28
100
AcDbEntity
  8
Dimensions
 62
     0
440
 16777216
370
    -2
100
AcDbLine
 10
698.2322330470335
 20
76.23223304703367
 30
0.0
 11
701.7677669529663
 21
79.76776695296644
 31
0.0
  0
SOLID
  5
F2E
330
F28
100
AcDbEntity
  8
Dimensions
 62
     0
440
 16777216
100
AcDbTrace
 10
696.1698382685729
 20
74.75909391956168
 30
0.0
 11
696.7590939195617
 21
74.1698382685729
 31
0.0
 12
698.2322330470335
 22
76.23223304703367
 32
0.0
 13
698.2322330470335
 23
76.23223304703367
 33
0.0
  0
SOLID
  5
F2F
330
F28
100
AcDbEntity
  8
Dimensions
 62
     0
440
 16777216
100
AcDbTrace
 10
703.2409060804382
 20
81.83016173142721
 30
0.0
 11
703.8301617314271
 21
81.24090608043843
 31
0.0
 12
701.7677669529663
 22
79.76776695296644
 32
0.0
 13
701.7677669529663
 23
79.76776695296644
 33
0.0
  0
POINT
  5
F30
330
F28
100
AcDbEntity
  8
Defpoints
 62
     0
440
 16777216
100
AcDbPoint
 10
701.7677669529663
 20
79.76776695296644
 30
0.0
  0
POINT
  5
F31
330
F28
100
AcDbEntity
  8
Defpoints
 62
     0
440
 16777216
100
AcDbPoint
 10
698.2322330470335
 20
76.23223304703367
 30
0.0
  0
ENDBLK
  5
F32
330
F28
100
AcDbEntity
  8
0
100
AcDbBlockEnd
  0
BLOCK
  5
F34
330
F33
100
AcDbEntity
  8
0
100
AcDbBlockBegin
  2
*D207
 70
     1
 10
0.0
 20
0.0
 30
0.0
  3
*D207
  1

  0
LINE
  5
F35
330
F33
100
AcDbEntity
  8
Dimensions
 62
     0
440
 16777216
370
    -2
100
AcDbLine
 10
709.1334625903262
 20
31.13346259032648
 30
0.0
 11
703.5355339059326
 21
25.53553390593283
 31
0.0
  0
LINE
  5
F36
330
F33
100
AcDbEntity
  8
Dimensions
 62
     0
440
 16777216
370
    -2
100
AcDbLine
 10
696.4644660940673
 20
18.46446609406729
 30
0.0
 11
694.6966991411009
 21
16.69669914110085
 31
0.0
  0
MTEXT
  5
F37
330
F33
100
AcDbEntity
  8
Dimensions
 62
     0
440
 16777216
100
AcDbMText
 10
705.8925565098877
 20
30.54420693933747
 30
0.0
 40
2.5
 41
0.0
 46
0.0
 71
     5
 72
     1
  1
∅5
 11
0.7071067811865363
 21
0.7071067811865588
 31
0.0
 73
     1
 44
1.0
  0
LINE
  5
F38
330
F33
100
AcDbEntity
  8
Dimensions
 62
     0
440
 16777216
370
    -2
100
AcDbLine
 10
698.2322330470337
 20
20.23223304703368
 30
0.0
 11
701.7677669529663
 21
23.76776695296644
 31
0.0
  0
SOLID
  5
F39
330
F33
100
AcDbEntity
  8
Dimensions
 62
     0
440
 16777216
100
AcDbTrace
 10
696.1698382685729
 20
18.75909391956168
 30
0.0
 11
696.7590939195617
 21
18.1698382685729
 31
0.0
 12
698.2322330470337
 22
20.23223304703368
 32
0.0
 13
698.2322330470337
 23
20.23223304703368
 33
0.0
  0
SOLID
  5
F3A
330
F33
100
AcDbEntity
  8
Dimensions
 62
     0
440
 16777216
100
AcDbTrace
 10
703.2409060804382
 20
25.83016173142721
 30
0.0
 11
703.8301617314271
 21
25.24090608043844
 31
0.0
 12
701.7677669529663
 22
23.76776695296644
 32
0.0
 13
701.7677669529663
 23
23.76776695296644
 33
0.0
  0
POINT
  5
F3B
330
F33
100
AcDbEntity
  8
Defpoints
 62
     0
440
 16777216
100
AcDbPoint
 10
701.7677669529663
 20
23.76776695296644
 30
0.0
  0
POINT
  5
F3C
330
F33
100
AcDbEntity
  8
Defpoints
 62
     0
440
 16777216
100
AcDbPoint
 10
698.2322330470337
 20
20.23223304703368
 30
0.0
  0
ENDBLK
  5
F3D
330
F33
100
AcDbEntity
  8
0
100
AcDbBlockEnd
  0
BLOCK
  5
F3F
330
F3E
100
AcDbEntity
  8
0
100
AcDbBlockBegin
  2
*D208
 70
     1
 10
0.0
 20
0.0
 30
0.0
  3
*D208
  1

  0
LINE
  5
F40
330
F3E
100
AcDbEntity
  8
Dimensions
 62
     0
440
 16777216
370
    -2
100
AcDbLine
 10
688.133462590326
 20
31.13346259032636
 30
0.0
 11
682.5355339059326
 21
25.53553390593283
 31
0.0
  0
LINE
  5
F41
330
F3E
100
AcDbEntity
  8
Dimensions
 62
     0
440
 16777216
370
    -2
100
AcDbLine
 10
675.464466094067
 20
18.46446609406723
 30
0.0
 11
673.6966991411009
 21
16.69669914110085
 31
0.0
  0
MTEXT
  5
F42
330
F3E
100
AcDbEntity
  8
Dimensions
 62
     0
440
 16777216
100
AcDbMText
 10
684.8925565098877
 20
30.54420693933753
 30
0.0
 40
2.5
 41
0.0
 46
0.0
 71
     5
 72
     1
  1
∅5
 11
0.7071067811865423
 21
0.7071067811865528
 31
0.0
 73
     1
 44
1.0
  0
LINE
  5
F43
330
F3E
100
AcDbEntity
  8
Dimensions
 62
     0
440
 16777216
370
    -2
100
AcDbLine
 10
677.2322330470335
 20
20.23223304703362
 30
0.0
 11
680.7677669529663
 21
23.76776695296644
 31
0.0
  0
SOLID
  5
F44
330
F3E
100
AcDbEntity
  8
Dimensions
 62
     0
440
 16777216
100
AcDbTrace
 10
675.1698382685727
 20
18.75909391956162
 30
0.0
 11
675.7590939195615
 21
18.16983826857284
 31
0.0
 12
677.2322330470335
 22
20.23223304703362
 32
0.0
 13
677.2322330470335
 23
20.23223304703362
 33
0.0
  0
SOLID
  5
F45
330
F3E
100
AcDbEntity
  8
Dimensions
 62
     0
440
 16777216
100
AcDbTrace
 10
682.2409060804382
 20
25.83016173142721
 30
0.0
 11
682.8301617314271
 21
25.24090608043844
 31
0.0
 12
680.7677669529663
 22
23.76776695296644
 32
0.0
 13
680.7677669529663
 23
23.76776695296644
 33
0.0
  0
POINT
  5
F46
330
F3E
100
AcDbEntity
  8
Defpoints
 62
     0
440
 16777216
100
AcDbPoint
 10
680.7677669529663
 20
23.76776695296644
 30
0.0
  0
POINT
  5
F47
330
F3E
100
AcDbEntity
  8
Defpoints
 62
     0
440
 16777216
100
AcDbPoint
 10
677.2322330470335
 20
20.23223304703362
 30
0.0
  0
ENDBLK
  5
F48
330
F3E
100
AcDbEntity
  8
0
100
AcDbBlockEnd
  0
BLOCK
  5
1011
330
F49
100
AcDbEntity
  8
0
100
AcDbBlockBegin
  2
A$C76c2e0d5
 70
     0
 10
0.0
 20
0.0
 30
0.0
  3
A$C76c2e0d5
  1

  0
LWPOLYLINE
  5
F4A
330
F49
100
AcDbEntity
  8
Dimension
 62
     3
100
AcDbPolyline
 90
        9
 70
     0
 43
0.0
 10
50.0
 20
845.25
 10
50.0
 20
855.25
 42
-0.4142135623730959
 10
60.0
 20
865.2499999999999
 10
160.0
 20
865.2499999999999
 42
-0.4142135623730951
 10
170.0
 20
855.25
 10
170.0
 20
849.2499999999999
 10
170.0
 20
452.2499999999999
 42
0.4142135623730951
 10
180.0
 20
442.25
 10
220.0
 20
442.25
  0
DIMENSION
  5
F4B
102
{ACAD_XDICTIONARY
360
F4C
102
}
102
{ACAD_REACTORS
330
F4D
102
}
330
F49
100
AcDbEntity
  8
Dimensions
100
AcDbDimension
  2
*D140
 10
527.0
 20
319.2500000000001
 30
0.0
 11
525.1249999999999
 21
258.25
 31
0.0
 12
628.0
 22
442.25
 32
0.0
 71
     5
 42
122.0
 73
     0
 74
     0
 75
     0
  3
ISO-25
100
AcDbAlignedDimension
 13
520.0
 23
197.25
 33
0.0
 14
520.0
 24
319.2500000000001
 34
0.0
 50
90.0
100
AcDbRotatedDimension
  0
DIMENSION
  5
F4E
102
{ACAD_XDICTIONARY
360
F4F
102
}
102
{ACAD_REACTORS
330
F50
102
}
330
F49
100
AcDbEntity
  8
Dimensions
100
AcDbDimension
  2
*D141
 10
520.0
 20
183.25
 30
0.0
 11
427.5
 21
185.125
 31
0.0
 12
628.0
 22
442.25
 32
0.0
 71
     5
 42
185.0
 73
     0
 74
     0
 75
     0
  3
ISO-25
100
AcDbAlignedDimension
 13
335.0
 23
197.25
 33
0.0
 14
520.0
 24
197.25
 34
0.0
 50
180.0
100
AcDbRotatedDimension
  0
DIMENSION
  5
F51
330
F49
100
AcDbEntity
  8
Dimensions
100
AcDbDimension
  2
*D142
 10
527.0
 20
319.2500000000001
 30
0.0
 11
525.1249999999999
 21
530.75
 31
0.0
 12
628.0
 22
442.25
 32
0.0
 71
     5
 42
423.0
 73
     0
 74
     0
 75
     0
  3
ISO-25
100
AcDbAlignedDimension
 13
335.0
 23
742.25
 33
0.0
 14
471.0
 24
319.2500000000001
 34
0.0
 50
90.0
100
AcDbRotatedDimension
  0
DIMENSION
  5
F52
102
{ACAD_XDICTIONARY
360
F53
102
}
102
{ACAD_REACTORS
330
F54
102
}
330
F49
100
AcDbEntity
  8
Dimensions
100
AcDbDimension
  2
*D143
 10
328.0000000000001
 20
742.25
 30
0.0
 11
326.125
 21
469.7499999999999
 31
0.0
 12
628.0
 22
442.25
 32
0.0
 71
     5
 42
545.0
 73
     0
 74
     0
 75
     0
  3
ISO-25
100
AcDbAlignedDimension
 13
335.0
 23
197.25
 33
0.0
 14
335.0
 24
742.25
 34
0.0
 50
90.0
100
AcDbRotatedDimension
  0
DIMENSION
  5
F55
330
F49
100
AcDbEntity
  8
Dimensions
100
AcDbDimension
  2
*D144
 10
471.0
 20
323.6079162864008
 30
0.0
 11
495.5
 21
325.4829162864008
 31
0.0
 12
628.0
 22
442.25
 32
0.0
 71
     5
 42
49.0
 73
     0
 74
     0
 75
     0
  3
ISO-25
100
AcDbAlignedDimension
 13
520.0
 23
319.2500000000001
 33
0.0
 14
471.0
 24
319.2500000000001
 34
0.0
 50
180.0
100
AcDbRotatedDimension
  0
LINE
  5
F56
102
{ACAD_REACTORS
330
F5F
330
F64
102
}
330
F49
100
AcDbEntity
  8
Dimensions
100
AcDbLine
 10
668.0
 20
396.25
 30
0.0
 11
668.0
 21
849.2499999999999
 31
0.0
  0
LINE
  5
F57
330
F49
100
AcDbEntity
  8
Dimensions
100
AcDbLine
 10
1001.0
 20
396.25
 30
0.0
 11
1001.0
 21
928.25
 31
0.0
  0
TEXT
  5
F58
330
F49
100
AcDbEntity
  8
Dimensions
100
AcDbText
 10
805.9999995991557
 20
1011.249998783333
 30
0.0
 40
10.0
  1
side2
100
AcDbText
  0
DIMENSION
  5
F59
330
F49
100
AcDbEntity
  8
Dimensions
100
AcDbDimension
  2
*D145
 10
846.0
 20
1071.25
 30
0.0
 11
757.0
 21
1073.125
 31
0.0
 12
628.0
 22
442.25
 32
0.0
 71
     5
 42
178.0
 73
     0
 74
     0
 75
     0
  3
ISO-25
100
AcDbAlignedDimension
 13
668.0
 23
928.25
 33
0.0
 14
846.0
 24
928.25
 34
0.0
100
AcDbRotatedDimension
  0
TEXT
  5
F5A
330
F49
100
AcDbEntity
  8
Dimensions
100
AcDbText
 10
1012.99999847437
 20
688.2499987173495
 30
0.0
 40
10.0
  1
side1
100
AcDbText
  0
CIRCLE
  5
F5B
102
{ACAD_REACTORS
330
F6D
102
}
330
F49
100
AcDbEntity
  8
0
100
AcDbCircle
 10
846.0
 20
928.25
 30
0.0
 40
18.0
  0
LINE
  5
F5C
330
F49
100
AcDbEntity
  8
Dimensions
100
AcDbLine
 10
690.0
 20
451.2500000000001
 30
0.0
 11
690.0
 21
849.2499999999999
 31
0.0
  0
DIMENSION
  5
F5D
102
{ACAD_XDICTIONARY
360
F5E
102
}
102
{ACAD_REACTORS
330
F5F
102
}
330
F49
100
AcDbEntity
  8
Dimensions
100
AcDbDimension
  2
*D146
 10
635.0
 20
996.25
 30
0.0
 11
633.1249999999998
 21
696.25
 31
0.0
 12
628.0
 22
442.25
 32
0.0
 71
     5
 42
600.0
 73
     0
 74
     0
 75
     0
  3
ISO-25
100
AcDbAlignedDimension
 13
668.0
 23
396.25
 33
0.0
 14
668.0
 24
996.25
 34
0.0
 50
90.0
100
AcDbRotatedDimension
  0
DIMENSION
  5
F60
330
F49
100
AcDbEntity
  8
Dimensions
100
AcDbDimension
  2
*D147
 10
610.0
 20
928.25
 30
0.0
 11
608.1249999999998
 21
662.25
 31
0.0
 12
628.0
 22
442.25
 32
0.0
 71
     5
 42
532.0
 73
     0
 74
     0
 75
     0
  3
ISO-25
100
AcDbAlignedDimension
 13
667.375
 23
396.25
 33
0.0
 14
846.0
 24
928.25
 34
0.0
 50
90.0
100
AcDbRotatedDimension
  0
DIMENSION
  5
F61
330
F49
100
AcDbEntity
  8
Dimensions
100
AcDbDimension
  2
*D148
 10
978.0
 20
1039.25
 30
0.0
 11
834.0
 21
1041.125
 31
0.0
 12
628.0
 22
442.25
 32
0.0
 71
     5
 42
288.0
 73
     0
 74
     0
 75
     0
  3
ISO-25
100
AcDbAlignedDimension
 13
690.0
 23
849.2499999999999
 33
0.0
 14
978.0
 24
849.2499999999999
 34
0.0
100
AcDbRotatedDimension
  0
DIMENSION
  5
F62
102
{ACAD_XDICTIONARY
360
F63
102
}
102
{ACAD_REACTORS
330
F64
102
}
330
F49
100
AcDbEntity
  8
Dimensions
100
AcDbDimension
  2
*D149
 10
690.0
 20
834.2499999999999
 30
0.0
 11
679.0
 21
836.125
 31
0.0
 12
628.0
 22
442.25
 32
0.0
 71
     5
 42
22.0
 73
     0
 74
     0
 75
     0
  3
ISO-25
100
AcDbAlignedDimension
 13
668.0
 23
849.2499999999999
 33
0.0
 14
690.0
 24
849.8749999999999
 34
0.0
100
AcDbRotatedDimension
  0
DIMENSION
  5
F65
330
F49
100
AcDbEntity
  8
Dimensions
100
AcDbDimension
  2
*D150
 10
1001.0
 20
840.2499999999999
 30
0.0
 11
989.4999999999999
 21
842.125
 31
0.0
 12
628.0
 22
442.25
 32
0.0
 71
     5
 42
23.0
 73
     0
 74
     0
 75
     0
  3
ISO-25
100
AcDbAlignedDimension
 13
978.0
 23
849.8749999999999
 33
0.0
 14
1001.0
 24
849.2499999999999
 34
0.0
100
AcDbRotatedDimension
  0
LINE
  5
F66
330
F49
100
AcDbEntity
  8
Dimensions
100
AcDbLine
 10
978.0
 20
451.2500000000001
 30
0.0
 11
978.0
 21
849.2499999999999
 31
0.0
  0
CIRCLE
  5
F67
102
{ACAD_REACTORS
330
F6A
102
}
330
F49
100
AcDbEntity
  8
0
100
AcDbCircle
 10
690.0
 20
849.2499999999999
 30
0.0
 40
3.0
  0
DIMENSION
  5
F68
102
{ACAD_XDICTIONARY
360
F69
102
}
102
{ACAD_REACTORS
330
F6A
102
}
330
F49
100
AcDbEntity
  8
Dimensions
100
AcDbDimension
  2
*D151
 10
687.8786796564403
 20
847.1286796564404
 30
0.0
 11
696.2461099004814
 21
858.1477603299305
 31
0.0
 12
627.9999999999999
 22
442.25
 32
0.0
 70
     3
 71
     5
 42
5.999999999999886
 73
     0
 74
     0
 75
     0
  3
ISO-25
100
AcDbDiametricDimension
 15
692.1213203435597
 25
851.3713203435596
 35
0.0
 40
0.0
1001
ACAD
1000
DSTYLE
1002
{
1070
   288
1070
     1
1002
}
1001
ACAD_DSTYLE_DIMRADIAL_EXTENSION
1070
   387
1070
     1
1070
   388
1040
0.0
1070
   390
1040
0.0
  0
DIMENSION
  5
F6B
102
{ACAD_XDICTIONARY
360
F6C
102
}
102
{ACAD_REACTORS
330
F6D
102
}
330
F49
100
AcDbEntity
  8
Dimensions
100
AcDbDimension
  2
*D152
 10
833.2720779386422
 20
915.5220779386423
 30
0.0
 11
863.7365950947625
 21
948.6382455242122
 31
0.0
 12
627.9999999999999
 22
442.25
 32
0.0
 70
     3
 71
     5
 42
35.99999999999972
 73
     0
 74
     0
 75
     0
  3
ISO-25
100
AcDbDiametricDimension
 15
858.7279220613579
 25
940.9779220613579
 35
0.0
 40
0.0
1001
ACAD
1000
DSTYLE
1002
{
1070
   288
1070
     1
1002
}
1001
ACAD_DSTYLE_DIMRADIAL_EXTENSION
1070
   387
1070
     1
1070
   388
1040
0.0
1070
   390
1040
0.0
  0
CIRCLE
  5
F6E
102
{ACAD_REACTORS
330
F71
102
}
330
F49
100
AcDbEntity
  8
0
100
AcDbCircle
 10
977.9999999999997
 20
849.2499999999999
 30
0.0
 40
3.0
  0
DIMENSION
  5
F6F
102
{ACAD_XDICTIONARY
360
F70
102
}
102
{ACAD_REACTORS
330
F71
102
}
330
F49
100
AcDbEntity
  8
Dimensions
100
AcDbDimension
  2
*D153
 10
975.87867965644
 20
847.1286796564404
 30
0.0
 11
984.2461099004811
 21
858.1477603299306
 31
0.0
 12
628.0
 22
442.25
 32
0.0
 70
     3
 71
     5
 42
5.999999999999886
 73
     0
 74
     0
 75
     0
  3
ISO-25
100
AcDbDiametricDimension
 15
980.1213203435594
 25
851.3713203435596
 35
0.0
 40
0.0
1001
ACAD
1000
DSTYLE
1002
{
1070
   288
1070
     1
1002
}
1001
ACAD_DSTYLE_DIMRADIAL_EXTENSION
1070
   387
1070
     1
1070
   388
1040
0.0
1070
   390
1040
0.0
  0
CIRCLE
  5
F72
102
{ACAD_REACTORS
330
F75
102
}
330
F49
100
AcDbEntity
  8
0
100
AcDbCircle
 10
689.9999999999997
 20
451.2500000000001
 30
0.0
 40
3.0
  0
DIMENSION
  5
F73
102
{ACAD_XDICTIONARY
360
F74
102
}
102
{ACAD_REACTORS
330
F75
102
}
330
F49
100
AcDbEntity
  8
Dimensions
100
AcDbDimension
  2
*D154
 10
687.87867965644
 20
449.1286796564405
 30
0.0
 11
696.246109900481
 21
460.1477603299306
 31
0.0
 12
628.0
 22
442.25
 32
0.0
 70
     3
 71
     5
 42
5.999999999999914
 73
     0
 74
     0
 75
     0
  3
ISO-25
100
AcDbDiametricDimension
 15
692.1213203435594
 25
453.3713203435596
 35
0.0
 40
0.0
1001
ACAD
1000
DSTYLE
1002
{
1070
   288
1070
     1
1002
}
1001
ACAD_DSTYLE_DIMRADIAL_EXTENSION
1070
   387
1070
     1
1070
   388
1040
0.0
1070
   390
1040
0.0
  0
CIRCLE
  5
F76
102
{ACAD_REACTORS
330
F79
102
}
330
F49
100
AcDbEntity
  8
0
100
AcDbCircle
 10
977.9999999999997
 20
451.2500000000001
 30
0.0
 40
3.0
  0
DIMENSION
  5
F77
102
{ACAD_XDICTIONARY
360
F78
102
}
102
{ACAD_REACTORS
330
F79
102
}
330
F49
100
AcDbEntity
  8
Dimensions
100
AcDbDimension
  2
*D155
 10
975.87867965644
 20
449.1286796564404
 30
0.0
 11
984.2461099004813
 21
460.1477603299304
 31
0.0
 12
628.0
 22
442.2499999999999
 32
0.0
 70
     3
 71
     5
 42
6.0
 73
     0
 74
     0
 75
     0
  3
ISO-25
100
AcDbDiametricDimension
 15
980.1213203435594
 25
453.3713203435596
 35
0.0
 40
0.0
1001
ACAD
1000
DSTYLE
1002
{
1070
   288
1070
     1
1002
}
1001
ACAD_DSTYLE_DIMRADIAL_EXTENSION
1070
   387
1070
     1
1070
   388
1040
0.0
1070
   390
1040
0.0
  0
TEXT
  5
F7A
330
F49
100
AcDbEntity
  8
Dimensions
100
AcDbText
 10
801.99999847437
 20
376.2499987173496
 30
0.0
 40
10.0
  1
side3
100
AcDbText
  0
TEXT
  5
F7B
330
F49
100
AcDbEntity
  8
Dimensions
100
AcDbText
 10
620.9999989727521
 20
675.2500000352647
 30
0.0
 40
10.0
  1
side4
100
AcDbText
  0
DIMENSION
  5
F7C
330
F49
100
AcDbEntity
  8
Dimensions
100
AcDbDimension
  2
*D156
 10
705.0
 20
865.2499999999999
 30
0.0
 11
703.1249999999999
 21
930.75
 31
0.0
 12
628.0
 22
442.25
 32
0.0
 71
     5
 42
131.0
 73
     0
 74
     0
 75
     0
  3
ISO-25
100
AcDbAlignedDimension
 13
668.0
 23
996.25
 33
0.0
 14
668.0
 24
865.2499999999999
 34
0.0
 50
90.0
100
AcDbRotatedDimension
  0
TEXT
  5
F7D
330
F49
100
AcDbEntity
  8
Dimensions
100
AcDbText
 10
790.0
 20
674.2499999999999
 30
0.0
 40
10.0
  1
front
100
AcDbText
  0
LWPOLYLINE
  5
F7E
330
F49
100
AcDbEntity
  8
Dimensions
 62
     3
100
AcDbPolyline
 90
        4
 70
     1
 43
0.0
 10
668.0
 20
396.25
 10
1001.0
 20
396.25
 10
1001.0
 20
996.25
 10
668.0
 20
996.25
  0
LWPOLYLINE
  5
F7F
102
{ACAD_REACTORS
330
F8B
330
F92
330
FBB
102
}
330
F49
100
AcDbEntity
  8
Dimensions
 62
     3
100
AcDbPolyline
 90
        4
 70
     1
 43
0.0
 10
668.0
 20
317.25
 10
1001.0
 20
317.25
 10
1001.0
 20
16.25
 10
668.0
 20
16.25
  0
DIMENSION
  5
F80
102
{ACAD_XDICTIONARY
360
F81
102
}
102
{ACAD_REACTORS
330
F82
102
}
330
F49
100
AcDbEntity
  8
Dimensions
100
AcDbDimension
  2
*D158
 10
1169.0
 20
183.2499999999999
 30
0.0
 11
1261.5
 21
185.1249999999999
 31
0.0
 12
628.0
 22
442.25
 32
0.0
 71
     5
 42
185.0
 73
     0
 74
     0
 75
     0
  3
ISO-25
100
AcDbAlignedDimension
 13
1354.0
 23
197.25
 33
0.0
 14
1169.0
 24
197.25
 34
0.0
100
AcDbRotatedDimension
  0
DIMENSION
  5
F83
102
{ACAD_XDICTIONARY
360
F84
102
}
102
{ACAD_REACTORS
330
F85
102
}
330
F49
100
AcDbEntity
  8
Dimensions
100
AcDbDimension
  2
*D159
 10
1358.0
 20
742.25
 30
0.0
 11
1356.125
 21
469.7500000000001
 31
0.0
 12
628.0
 22
442.25
 32
0.0
 71
     5
 42
545.0
 73
     0
 74
     0
 75
     0
  3
ISO-25
100
AcDbAlignedDimension
 13
1354.34756968375
 23
197.25
 33
0.0
 14
1354.0
 24
742.25
 34
0.0
 50
90.0
100
AcDbRotatedDimension
  0
DIMENSION
  5
F86
330
F49
100
AcDbEntity
  8
Dimensions
100
AcDbDimension
  2
*D157
 10
1218.0
 20
323.6079162864008
 30
0.0
 11
1193.5
 21
325.4829162864008
 31
0.0
 12
628.0
 22
442.25
 32
0.0
 71
     5
 42
49.0
 73
     0
 74
     0
 75
     0
  3
ISO-25
100
AcDbAlignedDimension
 13
1169.0
 23
319.2500000000001
 33
0.0
 14
1218.0
 24
319.25
 34
0.0
100
AcDbRotatedDimension
  0
LWPOLYLINE
  5
F87
102
{ACAD_REACTORS
330
F4D
330
F50
330
F54
102
}
330
F49
100
AcDbEntity
  8
Dimensions
 62
     3
100
AcDbPolyline
 90
        6
 70
     1
 43
0.0
 10
520.0
 20
197.25
 10
335.0
 20
197.25
 10
335.0
 20
742.25
 10
471.0
 20
742.25
 10
471.0
 20
319.2500000000001
 10
520.0
 20
319.2500000000001
  0
LWPOLYLINE
  5
F88
102
{ACAD_REACTORS
330
F82
330
F85
102
}
330
F49
100
AcDbEntity
  8
Dimensions
 62
     3
100
AcDbPolyline
 90
        6
 70
     1
 43
0.0
 10
1169.0
 20
197.25
 10
1354.0
 20
197.25
 10
1354.0
 20
742.25
 10
1218.0
 20
742.25
 10
1218.0
 20
319.25
 10
1169.0
 20
319.25
  0
DIMENSION
  5
F89
102
{ACAD_XDICTIONARY
360
F8A
102
}
102
{ACAD_REACTORS
330
F8B
102
}
330
F49
100
AcDbEntity
  8
Dimensions
100
AcDbDimension
  2
*D160
 10
648.0
 20
123.25
 30
0.0
 11
646.1249999999999
 21
220.25
 31
0.0
 12
628.0
 22
442.25
 32
0.0
 71
     5
 42
193.9999999999999
 73
     0
 74
     0
 75
     0
  3
ISO-25
100
AcDbAlignedDimension
 13
668.0
 23
317.25
 33
0.0
 14
1001.0
 24
123.25
 34
0.0
 50
90.0
100
AcDbRotatedDimension
  0
DIMENSION
  5
F8C
330
F49
100
AcDbEntity
  8
Dimensions
100
AcDbDimension
  2
*D161
 10
632.0
 20
119.25
 30
0.0
 11
630.125
 21
218.25
 31
0.0
 12
628.0
 22
442.25
 32
0.0
 71
     5
 42
197.9999999999999
 73
     0
 74
     0
 75
     0
  3
ISO-25
100
AcDbAlignedDimension
 13
667.375
 23
317.25
 33
0.0
 14
1001.0
 24
119.25
 34
0.0
 50
90.0
100
AcDbRotatedDimension
  0
DIMENSION
  5
F8D
330
F49
100
AcDbEntity
  8
Dimensions
100
AcDbDimension
  2
*D162
 10
618.0
 20
172.25
 30
0.0
 11
616.1249999999999
 21
244.75
 31
0.0
 12
628.0
 22
442.25
 32
0.0
 71
     5
 42
144.9999999999999
 73
     0
 74
     0
 75
     0
  3
ISO-25
100
AcDbAlignedDimension
 13
666.75
 23
317.25
 33
0.0
 14
1001.0
 24
172.25
 34
0.0
 50
90.0
100
AcDbRotatedDimension
  0
DIMENSION
  5
F8E
330
F49
100
AcDbEntity
  8
Dimensions
100
AcDbDimension
  2
*D163
 10
603.0
 20
56.25000000000006
 30
0.0
 11
601.125
 21
186.75
 31
0.0
 12
628.0
 22
442.25
 32
0.0
 71
     5
 42
260.9999999999999
 73
     0
 74
     0
 75
     0
  3
ISO-25
100
AcDbAlignedDimension
 13
668.0
 23
317.25
 33
0.0
 14
1001.0
 24
56.25
 34
0.0
 50
90.0
100
AcDbRotatedDimension
  0
DIMENSION
  5
F8F
330
F49
100
AcDbEntity
  8
Dimensions
100
AcDbDimension
  2
*D164
 10
589.0
 20
71.25000000000006
 30
0.0
 11
587.1249999999999
 21
194.25
 31
0.0
 12
628.0
 22
442.25
 32
0.0
 71
     5
 42
245.9999999999999
 73
     0
 74
     0
 75
     0
  3
ISO-25
100
AcDbAlignedDimension
 13
668.0
 23
317.25
 33
0.0
 14
1001.0
 24
71.25
 34
0.0
 50
90.0
100
AcDbRotatedDimension
  0
DIMENSION
  5
F90
102
{ACAD_XDICTIONARY
360
F91
102
}
102
{ACAD_REACTORS
330
F92
102
}
330
F49
100
AcDbEntity
  8
Dimensions
100
AcDbDimension
  2
*D165
 10
702.0
 20
1.25
 30
0.0
 11
685.0
 21
3.125
 31
0.0
 12
628.0
 22
442.25
 32
0.0
 71
     5
 42
34.0
 73
     0
 74
     0
 75
     0
  3
ISO-25
100
AcDbAlignedDimension
 13
668.0
 23
16.25
 33
0.0
 14
702.0
 24
317.25
 34
0.0
100
AcDbRotatedDimension
  0
DIMENSION
  5
F93
330
F49
100
AcDbEntity
  8
Dimensions
100
AcDbDimension
  2
*D166
 10
782.0
 20
1.25
 30
0.0
 11
742.0
 21
3.125
 31
0.0
 12
628.0
 22
442.25
 32
0.0
 71
     5
 42
80.0
 73
     0
 74
     0
 75
     0
  3
ISO-25
100
AcDbAlignedDimension
 13
702.0
 23
16.25
 33
0.0
 14
782.0
 24
317.25
 34
0.0
100
AcDbRotatedDimension
  0
DIMENSION
  5
F94
330
F49
100
AcDbEntity
  8
Dimensions
100
AcDbDimension
  2
*D167
 10
843.0
 20
1.25
 30
0.0
 11
812.5
 21
3.125
 31
0.0
 12
628.0
 22
442.25
 32
0.0
 71
     5
 42
61.0
 73
     0
 74
     0
 75
     0
  3
ISO-25
100
AcDbAlignedDimension
 13
782.0
 23
16.25
 33
0.0
 14
843.0
 24
317.25
 34
0.0
100
AcDbRotatedDimension
  0
DIMENSION
  5
F95
330
F49
100
AcDbEntity
  8
Dimensions
100
AcDbDimension
  2
*D168
 10
912.0
 20
1.25
 30
0.0
 11
877.5
 21
3.125
 31
0.0
 12
628.0
 22
442.25
 32
0.0
 71
     5
 42
69.0
 73
     0
 74
     0
 75
     0
  3
ISO-25
100
AcDbAlignedDimension
 13
843.0
 23
16.25
 33
0.0
 14
912.0
 24
317.25
 34
0.0
100
AcDbRotatedDimension
  0
DIMENSION
  5
F96
330
F49
100
AcDbEntity
  8
Dimensions
100
AcDbDimension
  2
*D169
 10
943.0
 20
1.25
 30
0.0
 11
927.5
 21
3.125
 31
0.0
 12
628.0
 22
442.25
 32
0.0
 71
     5
 42
31.0
 73
     0
 74
     0
 75
     0
  3
ISO-25
100
AcDbAlignedDimension
 13
912.0
 23
16.25
 33
0.0
 14
943.0
 24
317.25
 34
0.0
100
AcDbRotatedDimension
  0
MULTILEADER
  5
F97
330
F49
100
AcDbEntity
  8
Dimensions
 92
      636
310
7C020000180000000C00000016000000000000C00C00000033000000000000000C00000013000000993A0000B800000026000000EF64EBF6E1D58440E55929B046346040000000000000000000000000000000000000000000000000000000000000F03F000000000000F03F00000000000000000000000000000000370038
310
000000004602000000010000000000000000001040000000000000F03F0000000000000000000000000000F03F00000000000000000000000000000000000000000000000000000000010000002200000041007200690061006C00000000004600000000000C00000033000000000000000C00000010000000010000000C00
310
000016000000000000C00C00000012000000FF7F00000C00000013000000010000000C00000014000000010000005400000007000000030000005791F0DA755B84404357B20B305A5F40000000000000000000000000004084400000000000D05E400000000000000000DE8CF4B25F548440897F8E73F7995F400000000000
310
0000000C00000014000000010000000C00000013000000891300003C00000006000000020000001A8FF2C6EA578440666BA0BF137A5F4000000000000000000000000000888440000000000068604000000000000000000C00000013000000112700003C000000060000000200000000000000008884400000000000686040
310
00000000000000000000000000C88440000000000068604000000000000000000C00000016000000000000C00C00000012000000FF7F00000C00000017000000000000000C000000130000009A3A00000C00000016000000000000C00C00000012000000FF7F00000C00000017000000FFFFFFFF0C00000033000000000000
310
00
100
AcDbMLeader
300
CONTEXT_DATA{
 40
1.0
 10
665.0
 20
131.25
 30
0.0
 41
4.0
140
4.0
145
2.0
174
     1
175
     1
176
     0
177
     0
290
     1
304
78
 11
0.0
 21
0.0
 31
1.0
340
11
 12
667.0
 22
133.65
 32
0.0
 13
1.0
 23
0.0
 33
0.0
 42
0.0
 43
0.0
 44
0.0
 45
1.0
170
     1
 90
-1073741824
171
     1
172
     5
 91
-1073741824
141
0.0
 92
  4194304
291
     0
292
     0
173
     0
293
     0
142
0.0
143
0.0
294
     0
295
     0
296
     0
110
648.0
120
123.25
130
0.0
111
1.0
121
0.0
131
0.0
112
0.0
122
1.0
132
0.0
297
     0
302
LEADER{
290
     1
291
     1
 10
657.0
 20
131.25
 30
0.0
 11
1.0
 21
0.0
 31
0.0
 90
        0
 40
8.0
304
LEADER_LINE{
 10
648.0
 20
123.25
 30
0.0
 91
        0
305
}
303
}
301
}
340
D8
 90
   279552
170
     1
 91
-1056964608
341
14
171
    -2
290
     1
291
     1
 41
8.0
 42
4.0
172
     2
343
11
173
     1
 95
        1
174
     1
175
     0
 92
-1056964608
292
     0
 93
-1056964608
 10
1.0
 20
1.0
 30
1.0
 43
0.0
176
     0
293
     0
294
     0
178
     0
179
     1
 45
1.0
1001
ACAD_MLEADERVER
1070
     2
  0
MULTILEADER
  5
F98
330
F49
100
AcDbEntity
  8
Dimensions
 92
      636
310
7C020000180000000C00000016000000000000C00C00000033000000000000000C00000013000000993A0000B8000000260000004BBD4A32304E8440CAB352608D685B40000000000000000000000000000000000000000000000000000000000000F03F000000000000F03F00000000000000000000000000000000380032
310
000000000002000000010000000000000000001040000000000000F03F0000000000000000000000000000F03F00000000000000000000000000000000000000000000000000000000010000002200000041007200690061006C00000000000000000000000C00000033000000000000000C00000010000000010000000C00
310
000016000000000000C00C00000012000000FF7F00000C00000013000000010000000C00000014000000010000005400000007000000030000005CBFAA2EDBD283402707EE8ECFFC5C4000000000000000000000000000C083400000000000D05D4000000000000000001B3F220E66DA83401C05AA8A26395D400000000000
310
0000000C00000014000000010000000C00000013000000891300003C00000006000000020000003C7F669EA0D683402206CC0CFB1A5D40000000000000000000000000000084400000000000D05B4000000000000000000C00000013000000112700003C000000060000000200000000000000000084400000000000D05B40
310
000000000000000000000000004084400000000000D05B4000000000000000000C00000016000000000000C00C00000012000000FF7F00000C00000017000000000000000C000000130000009A3A00000C00000016000000000000C00C00000012000000FF7F00000C00000017000000FFFFFFFF0C00000033000000000000
310
00
100
AcDbMLeader
300
CONTEXT_DATA{
 40
1.0
 10
648.0
 20
111.25
 30
0.0
 41
4.0
140
4.0
145
2.0
174
     1
175
     1
176
     0
177
     0
290
     1
304
82
 11
0.0
 21
0.0
 31
1.0
340
11
 12
650.0
 22
113.65
 32
0.0
 13
1.0
 23
0.0
 33
0.0
 42
0.0
 43
0.0
 44
0.0
 45
1.0
170
     1
 90
-1073741824
171
     1
172
     5
 91
-1073741824
141
0.0
 92
  4194304
291
     0
292
     0
173
     0
293
     0
142
0.0
143
0.0
294
     0
295
     0
296
     0
110
632.0
120
119.25
130
0.0
111
1.0
121
0.0
131
0.0
112
0.0
122
1.0
132
0.0
297
     0
302
LEADER{
290
     1
291
     1
 10
640.0
 20
111.25
 30
0.0
 11
1.0
 21
0.0
 31
0.0
 90
        0
 40
8.0
304
LEADER_LINE{
 10
632.0
 20
119.25
 30
0.0
 91
        0
305
}
303
}
301
}
340
D8
 90
   279552
170
     1
 91
-1056964608
341
14
171
    -2
290
     1
291
     1
 41
8.0
 42
4.0
172
     2
343
11
173
     1
 95
        1
174
     1
175
     0
 92
-1056964608
292
     0
 93
-1056964608
 10
1.0
 20
1.0
 30
1.0
 43
0.0
176
     0
293
     0
294
     0
178
     0
179
     1
 45
1.0
1001
ACAD_MLEADERVER
1070
     2
  0
MULTILEADER
  5
F99
330
F49
100
AcDbEntity
  8
Dimensions
 92
      636
310
7C020000180000000C00000016000000000000C00C00000033000000000000000C00000013000000993A0000B800000026000000BE6067B8B0E68340E55929B046546640000000000000000000000000000000000000000000000000000000000000F03F000000000000F03F00000000000000000000000000000000320039
310
000000004602000000010000000000000000001040000000000000F03F0000000000000000000000000000F03F00000000000000000000000000000000000000000000000000000000010000002200000041007200690061006C00000000004600000000000C00000033000000000000000C00000010000000010000000C00
310
000016000000000000C00C00000012000000FF7F00000C00000013000000010000000C00000014000000010000005400000007000000030000005791F0DA756B8340A12BD90518CD65400000000000000000000000000050834000000000008865400000000000000000DE8CF4B25F648340C43FC7B9FBEC65400000000000
310
0000000C00000014000000010000000C00000013000000891300003C00000006000000020000001A8FF2C6EA678340B335D0DF09DD654000000000000000000000000000988340000000000088664000000000000000000C00000013000000112700003C000000060000000200000000000000009883400000000000886640
310
00000000000000000000000000D88340000000000088664000000000000000000C00000016000000000000C00C00000012000000FF7F00000C00000017000000000000000C000000130000009A3A00000C00000016000000000000C00C00000012000000FF7F00000C00000017000000FFFFFFFF0C00000033000000000000
310
00
100
AcDbMLeader
300
CONTEXT_DATA{
 40
1.0
 10
635.0
 20
180.25
 30
0.0
 41
4.0
140
4.0
145
2.0
174
     1
175
     1
176
     0
177
     0
290
     1
304
29
 11
0.0
 21
0.0
 31
1.0
340
11
 12
637.0
 22
182.65
 32
0.0
 13
1.0
 23
0.0
 33
0.0
 42
0.0
 43
0.0
 44
0.0
 45
1.0
170
     1
 90
-1073741824
171
     1
172
     5
 91
-1073741824
141
0.0
 92
  4194304
291
     0
292
     0
173
     0
293
     0
142
0.0
143
0.0
294
     0
295
     0
296
     0
110
618.0
120
172.25
130
0.0
111
1.0
121
0.0
131
0.0
112
0.0
122
1.0
132
0.0
297
     0
302
LEADER{
290
     1
291
     1
 10
627.0
 20
180.25
 30
0.0
 11
1.0
 21
0.0
 31
0.0
 90
        0
 40
8.0
304
LEADER_LINE{
 10
618.0
 20
172.25
 30
0.0
 91
        0
305
}
303
}
301
}
340
D8
 90
   279552
170
     1
 91
-1056964608
341
14
171
    -2
290
     1
291
     1
 41
8.0
 42
4.0
172
     2
343
11
173
     1
 95
        1
174
     1
175
     0
 92
-1056964608
292
     0
 93
-1056964608
 10
1.0
 20
1.0
 30
1.0
 43
0.0
176
     0
293
     0
294
     0
178
     0
179
     1
 45
1.0
1001
ACAD_MLEADERVER
1070
     2
  0
MULTILEADER
  5
F9A
330
F49
100
AcDbEntity
  8
Dimensions
 92
      636
310
7C020000180000000C00000016000000000000C00C00000033000000000000000C00000013000000993A0000B800000026000000B14991E0216B83409367A5C01A514F40000000000000000000000000000000000000000000000000000000000000F03F000000000000F03F00000000000000000000000000000000310034
310
003500000003000000010000000000000000001040000000000000F03F0000000000000000000000000000F03F00000000000000000000000000000000000000000000000000000000010000002200000041007200690061006C00000000004600000000000C00000033000000000000000C00000010000000010000000C00
310
000016000000000000C00C00000012000000FF7F00000C00000013000000010000000C00000014000000010000005400000007000000030000005791F0DA75F3824085AE641760344D4000000000000000000000000000D882400000000000204C400000000000000000DE8CF4B25FEC824012FF1CE7EEB34D400000000000
310
0000000C00000014000000010000000C00000013000000891300003C00000006000000020000001A8FF2C6EAEF8240CBD6407F27744D4000000000000000000000000000208340000000000010504000000000000000000C00000013000000112700003C000000060000000200000000000000002083400000000000105040
310
00000000000000000000000000608340000000000010504000000000000000000C00000016000000000000C00C00000012000000FF7F00000C00000017000000000000000C000000130000009A3A00000C00000016000000000000C00C00000012000000FF7F00000C00000017000000FFFFFFFF0C00000033000000000000
310
00
100
AcDbMLeader
300
CONTEXT_DATA{
 40
1.0
 10
620.0
 20
64.25
 30
0.0
 41
4.0
140
4.0
145
2.0
174
     1
175
     1
176
     0
177
     0
290
     1
304
145
 11
0.0
 21
0.0
 31
1.0
340
11
 12
622.0
 22
66.64999999999998
 32
0.0
 13
1.0
 23
0.0
 33
0.0
 42
0.0
 43
0.0
 44
0.0
 45
1.0
170
     1
 90
-1073741824
171
     1
172
     5
 91
-1073741824
141
0.0
 92
  4194304
291
     0
292
     0
173
     0
293
     0
142
0.0
143
0.0
294
     0
295
     0
296
     0
110
603.0
120
56.25
130
0.0
111
1.0
121
0.0
131
0.0
112
0.0
122
1.0
132
0.0
297
     0
302
LEADER{
290
     1
291
     1
 10
612.0
 20
64.25
 30
0.0
 11
1.0
 21
0.0
 31
0.0
 90
        0
 40
8.0
304
LEADER_LINE{
 10
603.0
 20
56.25
 30
0.0
 91
        0
305
}
303
}
301
}
340
D8
 90
   279552
170
     1
 91
-1056964608
341
14
171
    -2
290
     1
291
     1
 41
8.0
 42
4.0
172
     2
343
11
173
     1
 95
        1
174
     1
175
     0
 92
-1056964608
292
     0
 93
-1056964608
 10
1.0
 20
1.0
 30
1.0
 43
0.0
176
     0
293
     0
294
     0
178
     0
179
     1
 45
1.0
1001
ACAD_MLEADERVER
1070
     2
  0
MULTILEADER
  5
F9B
330
F49
100
AcDbEntity
  8
Dimensions
 92
      636
310
7C020000180000000C00000016000000000000C00C00000033000000000000000C00000013000000993A0000B800000026000000B14991E021FB8240CAB352608D685340000000000000000000000000000000000000000000000000000000000000F03F000000000000F03F00000000000000000000000000000000310033
310
003000000003000000010000000000000000001040000000000000F03F0000000000000000000000000000F03F00000000000000000000000000000000000000000000000000000000010000002200000041007200690061006C00000000004600000000000C00000033000000000000000C00000010000000010000000C00
310
000016000000000000C00C00000012000000FF7F00000C00000013000000010000000C00000014000000010000005400000007000000030000005791F0DA758382404357B20B305A5240000000000000000000000000006882400000000000D051400000000000000000DE8CF4B25F7C8240897F8E73F79952400000000000
310
0000000C00000014000000010000000C00000013000000891300003C00000006000000020000001A8FF2C6EA7F8240666BA0BF137A524000000000000000000000000000B082400000000000D0534000000000000000000C00000013000000112700003C00000006000000020000000000000000B082400000000000D05340
310
00000000000000000000000000F082400000000000D0534000000000000000000C00000016000000000000C00C00000012000000FF7F00000C00000017000000000000000C000000130000009A3A00000C00000016000000000000C00C00000012000000FF7F00000C00000017000000FFFFFFFF0C00000033000000000000
310
00
100
AcDbMLeader
300
CONTEXT_DATA{
 40
1.0
 10
606.0
 20
79.25
 30
0.0
 41
4.0
140
4.0
145
2.0
174
     1
175
     1
176
     0
177
     0
290
     1
304
130
 11
0.0
 21
0.0
 31
1.0
340
11
 12
608.0
 22
81.64999999999997
 32
0.0
 13
1.0
 23
0.0
 33
0.0
 42
0.0
 43
0.0
 44
0.0
 45
1.0
170
     1
 90
-1073741824
171
     1
172
     5
 91
-1073741824
141
0.0
 92
  4194304
291
     0
292
     0
173
     0
293
     0
142
0.0
143
0.0
294
     0
295
     0
296
     0
110
589.0
120
71.25
130
0.0
111
1.0
121
0.0
131
0.0
112
0.0
122
1.0
132
0.0
297
     0
302
LEADER{
290
     1
291
     1
 10
598.0
 20
79.25
 30
0.0
 11
1.0
 21
0.0
 31
0.0
 90
        0
 40
8.0
304
LEADER_LINE{
 10
589.0
 20
71.25
 30
0.0
 91
        0
305
}
303
}
301
}
340
D8
 90
   279552
170
     1
 91
-1056964608
341
14
171
    -2
290
     1
291
     1
 41
8.0
 42
4.0
172
     2
343
11
173
     1
 95
        1
174
     1
175
     0
 92
-1056964608
292
     0
 93
-1056964608
 10
1.0
 20
1.0
 30
1.0
 43
0.0
176
     0
293
     0
294
     0
178
     0
179
     1
 45
1.0
1001
ACAD_MLEADERVER
1070
     2
  0
CIRCLE
  5
F9C
102
{ACAD_REACTORS
330
F9F
102
}
330
F49
100
AcDbEntity
  8
0
100
AcDbCircle
 10
702.0
 20
172.25
 30
0.0
 40
2.5
  0
DIMENSION
  5
F9D
102
{ACAD_XDICTIONARY
360
F9E
102
}
102
{ACAD_REACTORS
330
F9F
102
}
330
F49
100
AcDbEntity
  8
Dimensions
100
AcDbDimension
  2
*D170
 10
700.2322330470335
 20
170.4822330470336
 30
0.0
 11
707.8925565098878
 21
180.7942069393376
 31
0.0
 12
628.0
 22
442.25
 32
0.0
 70
     3
 71
     5
 42
5.000000000000056
 73
     0
 74
     0
 75
     0
  3
ISO-25
100
AcDbDiametricDimension
 15
703.7677669529663
 25
174.0177669529664
 35
0.0
 40
0.0
1001
ACAD
1000
DSTYLE
1002
{
1070
   288
1070
     1
1002
}
1001
ACAD_DSTYLE_DIMRADIAL_EXTENSION
1070
   387
1070
     1
1070
   388
1040
0.0
1070
   390
1040
0.0
  0
CIRCLE
  5
FA0
102
{ACAD_REACTORS
330
FA3
102
}
330
F49
100
AcDbEntity
  8
0
100
AcDbCircle
 10
702.0
 20
56.25000000000006
 30
0.0
 40
2.5
  0
DIMENSION
  5
FA1
102
{ACAD_XDICTIONARY
360
FA2
102
}
102
{ACAD_REACTORS
330
FA3
102
}
330
F49
100
AcDbEntity
  8
Dimensions
100
AcDbDimension
  2
*D171
 10
700.2322330470335
 20
54.48223304703366
 30
0.0
 11
707.8925565098878
 21
64.79420693933751
 31
0.0
 12
628.0
 22
442.25
 32
0.0
 70
     3
 71
     5
 42
5.000000000000056
 73
     0
 74
     0
 75
     0
  3
ISO-25
100
AcDbDiametricDimension
 15
703.7677669529663
 25
58.01776695296642
 35
0.0
 40
0.0
1001
ACAD
1000
DSTYLE
1002
{
1070
   288
1070
     1
1002
}
1001
ACAD_DSTYLE_DIMRADIAL_EXTENSION
1070
   387
1070
     1
1070
   388
1040
0.0
1070
   390
1040
0.0
  0
CIRCLE
  5
FA4
102
{ACAD_REACTORS
330
FA7
102
}
330
F49
100
AcDbEntity
  8
0
100
AcDbCircle
 10
782.0
 20
56.25000000000006
 30
0.0
 40
2.5
  0
DIMENSION
  5
FA5
102
{ACAD_XDICTIONARY
360
FA6
102
}
102
{ACAD_REACTORS
330
FA7
102
}
330
F49
100
AcDbEntity
  8
Dimensions
100
AcDbDimension
  2
*D172
 10
780.2322330470335
 20
54.48223304703366
 30
0.0
 11
787.8925565098878
 21
64.79420693933751
 31
0.0
 12
628.0
 22
442.25
 32
0.0
 70
     3
 71
     5
 42
5.000000000000056
 73
     0
 74
     0
 75
     0
  3
ISO-25
100
AcDbDiametricDimension
 15
783.7677669529663
 25
58.01776695296642
 35
0.0
 40
0.0
1001
ACAD
1000
DSTYLE
1002
{
1070
   288
1070
     1
1002
}
1001
ACAD_DSTYLE_DIMRADIAL_EXTENSION
1070
   387
1070
     1
1070
   388
1040
0.0
1070
   390
1040
0.0
  0
CIRCLE
  5
FA8
102
{ACAD_REACTORS
330
FAB
102
}
330
F49
100
AcDbEntity
  8
0
100
AcDbCircle
 10
782.0
 20
172.25
 30
0.0
 40
2.5
  0
DIMENSION
  5
FA9
102
{ACAD_XDICTIONARY
360
FAA
102
}
102
{ACAD_REACTORS
330
FAB
102
}
330
F49
100
AcDbEntity
  8
Dimensions
100
AcDbDimension
  2
*D173
 10
780.2322330470335
 20
170.4822330470335
 30
0.0
 11
787.8925565098878
 21
180.7942069393374
 31
0.0
 12
628.0
 22
442.25
 32
0.0
 70
     3
 71
     5
 42
5.000000000000099
 73
     0
 74
     0
 75
     0
  3
ISO-25
100
AcDbDiametricDimension
 15
783.7677669529664
 25
174.0177669529663
 35
0.0
 40
0.0
1001
ACAD
1000
DSTYLE
1002
{
1070
   288
1070
     1
1002
}
1001
ACAD_DSTYLE_DIMRADIAL_EXTENSION
1070
   387
1070
     1
1070
   388
1040
0.0
1070
   390
1040
0.0
  0
CIRCLE
  5
FAC
102
{ACAD_REACTORS
330
FAF
102
}
330
F49
100
AcDbEntity
  8
0
100
AcDbCircle
 10
843.0
 20
119.25
 30
0.0
 40
18.0
  0
DIMENSION
  5
FAD
102
{ACAD_XDICTIONARY
360
FAE
102
}
102
{ACAD_REACTORS
330
FAF
102
}
330
F49
100
AcDbEntity
  8
Dimensions
100
AcDbDimension
  2
*D174
 10
830.2720779386422
 20
106.5220779386422
 30
0.0
 11
863.0
 21
139.25
 31
0.0
 12
628.0
 22
442.25
 32
0.0
 70
   131
 71
     5
 42
35.99999999999989
 73
     0
 74
     0
 75
     0
  3
ISO-25
100
AcDbDiametricDimension
 15
855.7279220613578
 25
131.9779220613578
 35
0.0
 40
0.0
1001
ACAD
1000
DSTYLE
1002
{
1070
   288
1070
     1
1002
}
1001
ACAD_DSTYLE_DIMRADIAL_EXTENSION
1070
   387
1070
     1
1070
   388
1040
0.0
1070
   390
1040
0.0
  0
CIRCLE
  5
FB0
102
{ACAD_REACTORS
330
FB3
102
}
330
F49
100
AcDbEntity
  8
0
100
AcDbCircle
 10
912.0
 20
123.25
 30
0.0
 40
11.0
  0
DIMENSION
  5
FB1
102
{ACAD_XDICTIONARY
360
FB2
102
}
102
{ACAD_REACTORS
330
FB3
102
}
330
F49
100
AcDbEntity
  8
Dimensions
100
AcDbDimension
  2
*D175
 10
904.221825406948
 20
115.471825406948
 30
0.0
 11
924.7868476264569
 21
138.6884980559063
 31
0.0
 12
628.0
 22
442.25
 32
0.0
 70
     3
 71
     5
 42
22.00000000000009
 73
     0
 74
     0
 75
     0
  3
ISO-25
100
AcDbDiametricDimension
 15
919.778174593052
 25
131.028174593052
 35
0.0
 40
0.0
1001
ACAD
1000
DSTYLE
1002
{
1070
   288
1070
     1
1002
}
1001
ACAD_DSTYLE_DIMRADIAL_EXTENSION
1070
   387
1070
     1
1070
   388
1040
0.0
1070
   390
1040
0.0
  0
CIRCLE
  5
FB4
102
{ACAD_REACTORS
330
FB7
102
}
330
F49
100
AcDbEntity
  8
0
100
AcDbCircle
 10
943.0
 20
71.25
 30
0.0
 40
11.0
  0
DIMENSION
  5
FB5
102
{ACAD_XDICTIONARY
360
FB6
102
}
102
{ACAD_REACTORS
330
FB7
102
}
330
F49
100
AcDbEntity
  8
Dimensions
100
AcDbDimension
  2
*D176
 10
935.2218254069478
 20
63.47182540694797
 30
0.0
 11
955.7868476264568
 21
86.68849805590628
 31
0.0
 12
628.0
 22
442.2499999999999
 32
0.0
 70
     3
 71
     5
 42
22.00000000000009
 73
     0
 74
     0
 75
     0
  3
ISO-25
100
AcDbDiametricDimension
 15
950.778174593052
 25
79.02817459305203
 35
0.0
 40
0.0
1001
ACAD
1000
DSTYLE
1002
{
1070
   288
1070
     1
1002
}
1001
ACAD_DSTYLE_DIMRADIAL_EXTENSION
1070
   387
1070
     1
1070
   388
1040
0.0
1070
   390
1040
0.0
  0
TEXT
  5
FB8
330
F49
100
AcDbEntity
  8
Dimensions
100
AcDbText
 10
1024.0
 20
635.25
 30
0.0
 40
10.0
  1
TOP
100
AcDbText
  0
DIMENSION
  5
FB9
102
{ACAD_XDICTIONARY
360
FBA
102
}
102
{ACAD_REACTORS
330
FBB
102
}
330
F49
100
AcDbEntity
  8
Dimensions
100
AcDbDimension
  2
*D177
 10
1025.0
 20
257.25
 30
0.0
 11
1023.125
 21
287.25
 31
0.0
 12
628.0
 22
442.25
 32
0.0
 71
     5
 42
60.0
 73
     0
 74
     0
 75
     0
  3
ISO-25
100
AcDbAlignedDimension
 13
1001.0
 23
317.25
 33
0.0
 14
668.0
 24
257.2500000000001
 34
0.0
 50
90.0
100
AcDbRotatedDimension
  0
DIMENSION
  5
FBC
330
F49
100
AcDbEntity
  8
Dimensions
100
AcDbDimension
  2
*D178
 10
936.0
 20
337.25
 30
0.0
 11
968.5
 21
339.125
 31
0.0
 12
628.0
 22
442.25
 32
0.0
 71
     5
 42
65.0
 73
     0
 74
     0
 75
     0
  3
ISO-25
100
AcDbAlignedDimension
 13
1001.0
 23
317.25
 33
0.0
 14
936.0
 24
197.25
 34
0.0
100
AcDbRotatedDimension
  0
DIMENSION
  5
FBD
330
F49
100
AcDbEntity
  8
Dimensions
100
AcDbDimension
  2
*D179
 10
836.0
 20
337.25
 30
0.0
 11
886.0
 21
339.125
 31
0.0
 12
628.0
 22
442.25
 32
0.0
 71
     5
 42
100.0
 73
     0
 74
     0
 75
     0
  3
ISO-25
100
AcDbAlignedDimension
 13
936.0
 23
317.25
 33
0.0
 14
836.0
 24
197.25
 34
0.0
100
AcDbRotatedDimension
  0
CIRCLE
  5
FBE
102
{ACAD_REACTORS
330
FC1
102
}
330
F49
100
AcDbEntity
  8
0
100
AcDbCircle
 10
936.0
 20
257.25
 30
0.0
 40
3.5
  0
DIMENSION
  5
FBF
102
{ACAD_XDICTIONARY
360
FC0
102
}
102
{ACAD_REACTORS
330
FC1
102
}
330
F49
100
AcDbEntity
  8
Dimensions
100
AcDbDimension
  2
*D180
 10
933.5251262658472
 20
254.7751262658471
 30
0.0
 11
947.0
 21
268.25
 31
0.0
 12
628.0
 22
442.25
 32
0.0
 70
   131
 71
     5
 42
7.000000000000028
 73
     0
 74
     0
 75
     0
  3
ISO-25
100
AcDbDiametricDimension
 15
938.4748737341528
 25
259.724873734153
 35
0.0
 40
0.0
1001
ACAD
1000
DSTYLE
1002
{
1070
   288
1070
     1
1002
}
1001
ACAD_DSTYLE_DIMRADIAL_EXTENSION
1070
   387
1070
     1
1070
   388
1040
0.0
1070
   390
1040
0.0
  0
CIRCLE
  5
FC2
102
{ACAD_REACTORS
330
FC5
102
}
330
F49
100
AcDbEntity
  8
0
100
AcDbCircle
 10
836.0
 20
257.25
 30
0.0
 40
3.5
  0
DIMENSION
  5
FC3
102
{ACAD_XDICTIONARY
360
FC4
102
}
102
{ACAD_REACTORS
330
FC5
102
}
330
F49
100
AcDbEntity
  8
Dimensions
100
AcDbDimension
  2
*D181
 10
833.525126265847
 20
254.7751262658471
 30
0.0
 11
847.0
 21
268.25
 31
0.0
 12
628.0
 22
442.25
 32
0.0
 70
   131
 71
     5
 42
7.000000000000028
 73
     0
 74
     0
 75
     0
  3
ISO-25
100
AcDbDiametricDimension
 15
838.4748737341528
 25
259.724873734153
 35
0.0
 40
0.0
1001
ACAD
1000
DSTYLE
1002
{
1070
   288
1070
     1
1002
}
1001
ACAD_DSTYLE_DIMRADIAL_EXTENSION
1070
   387
1070
     1
1070
   388
1040
0.0
1070
   390
1040
0.0
  0
TEXT
  5
FC6
330
F49
100
AcDbEntity
  8
Dimensions
100
AcDbText
 10
1372.99999757439
 20
475.2499999047708
 30
0.0
 40
10.0
  1
side1
100
AcDbText
  0
TEXT
  5
FC7
330
F49
100
AcDbEntity
  8
Dimensions
100
AcDbText
 10
261.0000008102233
 20
484.2500000064419
 30
0.0
 40
10.0
  1
side4
100
AcDbText
  0
DIMENSION
  5
FC8
330
F49
100
AcDbEntity
  8
Dimensions
100
AcDbDimension
  2
*D182
 10
353.0
 20
262.25
 30
0.0
 11
351.125
 21
229.75
 31
0.0
 12
628.0
 22
442.25
 32
0.0
 71
     5
 42
65.0
 73
     0
 74
     0
 75
     0
  3
ISO-25
100
AcDbAlignedDimension
 13
520.0
 23
197.25
 33
0.0
 14
520.0
 24
262.25
 34
0.0
 50
90.0
100
AcDbRotatedDimension
  0
DIMENSION
  5
FC9
330
F49
100
AcDbEntity
  8
Dimensions
100
AcDbDimension
  2
*D183
 10
353.0
 20
287.25
 30
0.0
 11
351.125
 21
274.75
 31
0.0
 12
628.0
 22
442.25
 32
0.0
 71
     5
 42
25.0
 73
     0
 74
     0
 75
     0
  3
ISO-25
100
AcDbAlignedDimension
 13
520.0
 23
262.25
 33
0.0
 14
520.0
 24
287.25
 34
0.0
 50
90.0
100
AcDbRotatedDimension
  0
DIMENSION
  5
FCA
330
F49
100
AcDbEntity
  8
Dimensions
100
AcDbDimension
  2
*D184
 10
435.0
 20
303.25
 30
0.0
 11
477.5
 21
305.125
 31
0.0
 12
628.0
 22
442.25
 32
0.0
 71
     5
 42
85.0
 73
     0
 74
     0
 75
     0
  3
ISO-25
100
AcDbAlignedDimension
 13
520.0
 23
197.25
 33
0.0
 14
435.0
 24
197.25
 34
0.0
100
AcDbRotatedDimension
  0
CIRCLE
  5
FCB
102
{ACAD_REACTORS
330
FCE
102
}
330
F49
100
AcDbEntity
  8
0
100
AcDbCircle
 10
435.0
 20
287.25
 30
0.0
 40
3.5
  0
DIMENSION
  5
FCC
102
{ACAD_XDICTIONARY
360
FCD
102
}
102
{ACAD_REACTORS
330
FCE
102
}
330
F49
100
AcDbEntity
  8
Dimensions
100
AcDbDimension
  2
*D185
 10
432.5251262658471
 20
284.7751262658471
 30
0.0
 11
446.0
 21
298.2500000000002
 31
0.0
 12
628.0
 22
442.25
 32
0.0
 70
   131
 71
     5
 42
7.0
 73
     0
 74
     0
 75
     0
  3
ISO-25
100
AcDbDiametricDimension
 15
437.4748737341529
 25
289.7248737341529
 35
0.0
 40
0.0
1001
ACAD
1000
DSTYLE
1002
{
1070
   288
1070
     1
1002
}
1001
ACAD_DSTYLE_DIMRADIAL_EXTENSION
1070
   387
1070
     1
1070
   388
1040
0.0
1070
   390
1040
0.0
  0
CIRCLE
  5
FCF
102
{ACAD_REACTORS
330
FD2
102
}
330
F49
100
AcDbEntity
  8
0
100
AcDbCircle
 10
435.0
 20
262.25
 30
0.0
 40
3.5
  0
DIMENSION
  5
FD0
102
{ACAD_XDICTIONARY
360
FD1
102
}
102
{ACAD_REACTORS
330
FD2
102
}
330
F49
100
AcDbEntity
  8
Dimensions
100
AcDbDimension
  2
*D186
 10
432.5251262658469
 20
259.7751262658471
 30
0.0
 11
446.0
 21
273.2499999999999
 31
0.0
 12
628.0
 22
442.25
 32
0.0
 70
   131
 71
     5
 42
7.000000000000056
 73
     0
 74
     0
 75
     0
  3
ISO-25
100
AcDbDiametricDimension
 15
437.4748737341529
 25
264.7248737341529
 35
0.0
 40
0.0
1001
ACAD
1000
DSTYLE
1002
{
1070
   288
1070
     1
1002
}
1001
ACAD_DSTYLE_DIMRADIAL_EXTENSION
1070
   387
1070
     1
1070
   388
1040
0.0
1070
   390
1040
0.0
  0
DIMENSION
  5
FD3
330
F49
100
AcDbEntity
  8
Dimensions
100
AcDbDimension
  2
*D187
 10
391.0
 20
749.2499999999999
 30
0.0
 11
431.0
 21
751.125
 31
0.0
 12
628.0
 22
442.25
 32
0.0
 71
     5
 42
80.0
 73
     0
 74
     0
 75
     0
  3
ISO-25
100
AcDbAlignedDimension
 13
471.0
 23
742.25
 33
0.0
 14
391.0
 24
197.25
 34
0.0
100
AcDbRotatedDimension
  0
DIMENSION
  5
FD4
330
F49
100
AcDbEntity
  8
Dimensions
100
AcDbDimension
  2
*D188
 10
382.0
 20
637.25
 30
0.0
 11
380.125
 21
689.7499999999999
 31
0.0
 12
628.0
 22
442.25
 32
0.0
 71
     5
 42
105.0
 73
     0
 74
     0
 75
     0
  3
ISO-25
100
AcDbAlignedDimension
 13
391.0
 23
742.25
 33
0.0
 14
391.0
 24
637.25
 34
0.0
 50
90.0
100
AcDbRotatedDimension
  0
DIMENSION
  5
FD5
330
F49
100
AcDbEntity
  8
Dimensions
100
AcDbDimension
  2
*D189
 10
381.9999999999999
 20
467.25
 30
0.0
 11
380.1249999999999
 21
552.2499999999999
 31
0.0
 12
628.0
 22
442.25
 32
0.0
 71
     5
 42
170.0
 73
     0
 74
     0
 75
     0
  3
ISO-25
100
AcDbAlignedDimension
 13
391.0
 23
637.25
 33
0.0
 14
391.0
 24
467.25
 34
0.0
 50
90.0
100
AcDbRotatedDimension
  0
DIMENSION
  5
FD6
330
F49
100
AcDbEntity
  8
Dimensions
100
AcDbDimension
  2
*D190
 10
382.0
 20
297.25
 30
0.0
 11
380.125
 21
382.2499999999999
 31
0.0
 12
628.0
 22
442.25
 32
0.0
 71
     5
 42
170.0
 73
     0
 74
     0
 75
     0
  3
ISO-25
100
AcDbAlignedDimension
 13
391.0
 23
467.25
 33
0.0
 14
391.0
 24
297.25
 34
0.0
 50
90.0
100
AcDbRotatedDimension
  0
CIRCLE
  5
FD7
102
{ACAD_REACTORS
330
FDA
102
}
330
F49
100
AcDbEntity
  8
0
100
AcDbCircle
 10
391.0
 20
637.25
 30
0.0
 40
1.5
  0
DIMENSION
  5
FD8
102
{ACAD_XDICTIONARY
360
FD9
102
}
102
{ACAD_REACTORS
330
FDA
102
}
330
F49
100
AcDbEntity
  8
Dimensions
100
AcDbDimension
  2
*D191
 10
389.9393398282202
 20
636.1893398282202
 30
0.0
 11
396.1854497287011
 21
645.0871001581511
 31
0.0
 12
628.0
 22
442.25
 32
0.0
 70
     3
 71
     5
 42
2.999999999999971
 73
     0
 74
     0
 75
     0
  3
ISO-25
100
AcDbDiametricDimension
 15
392.0606601717798
 25
638.3106601717798
 35
0.0
 40
0.0
1001
ACAD
1000
DSTYLE
1002
{
1070
   288
1070
     1
1002
}
1001
ACAD_DSTYLE_DIMRADIAL_EXTENSION
1070
   387
1070
     1
1070
   388
1040
0.0
1070
   390
1040
0.0
  0
CIRCLE
  5
FDB
102
{ACAD_REACTORS
330
FDE
102
}
330
F49
100
AcDbEntity
  8
0
100
AcDbCircle
 10
391.0
 20
467.25
 30
0.0
 40
1.5
  0
DIMENSION
  5
FDC
102
{ACAD_XDICTIONARY
360
FDD
102
}
102
{ACAD_REACTORS
330
FDE
102
}
330
F49
100
AcDbEntity
  8
Dimensions
100
AcDbDimension
  2
*D192
 10
389.9393398282202
 20
466.1893398282201
 30
0.0
 11
396.1854497287011
 21
475.087100158151
 31
0.0
 12
628.0
 22
442.25
 32
0.0
 70
     3
 71
     5
 42
2.999999999999943
 73
     0
 74
     0
 75
     0
  3
ISO-25
100
AcDbDiametricDimension
 15
392.0606601717798
 25
468.3106601717798
 35
0.0
 40
0.0
1001
ACAD
1000
DSTYLE
1002
{
1070
   288
1070
     1
1002
}
1001
ACAD_DSTYLE_DIMRADIAL_EXTENSION
1070
   387
1070
     1
1070
   388
1040
0.0
1070
   390
1040
0.0
  0
CIRCLE
  5
FDF
102
{ACAD_REACTORS
330
FE2
102
}
330
F49
100
AcDbEntity
  8
0
100
AcDbCircle
 10
391.0
 20
297.25
 30
0.0
 40
1.5
  0
DIMENSION
  5
FE0
102
{ACAD_XDICTIONARY
360
FE1
102
}
102
{ACAD_REACTORS
330
FE2
102
}
330
F49
100
AcDbEntity
  8
Dimensions
100
AcDbDimension
  2
*D193
 10
389.9393398282203
 20
296.1893398282202
 30
0.0
 11
396.185449728701
 21
305.0871001581511
 31
0.0
 12
628.0
 22
442.25
 32
0.0
 70
     3
 71
     5
 42
2.999999999999886
 73
     0
 74
     0
 75
     0
  3
ISO-25
100
AcDbDiametricDimension
 15
392.0606601717798
 25
298.3106601717798
 35
0.0
 40
0.0
1001
ACAD
1000
DSTYLE
1002
{
1070
   288
1070
     1
1002
}
1001
ACAD_DSTYLE_DIMRADIAL_EXTENSION
1070
   387
1070
     1
1070
   388
1040
0.0
1070
   390
1040
0.0
  0
DIMENSION
  5
FE3
330
F49
100
AcDbEntity
  8
Dimensions
100
AcDbDimension
  2
*D194
 10
1210.0
 20
171.25
 30
0.0
 11
1189.5
 21
173.125
 31
0.0
 12
628.0
 22
442.25
 32
0.0
 71
     5
 42
41.0
 73
     0
 74
     0
 75
     0
  3
ISO-25
100
AcDbAlignedDimension
 13
1169.0
 23
197.25
 33
0.0
 14
1210.0
 24
197.25
 34
0.0
100
AcDbRotatedDimension
  0
DIMENSION
  5
FE4
330
F49
100
AcDbEntity
  8
Dimensions
100
AcDbDimension
  2
*D195
 10
1307.0
 20
171.25
 30
0.0
 11
1258.5
 21
173.125
 31
0.0
 12
628.0
 22
442.25
 32
0.0
 71
     5
 42
97.0
 73
     0
 74
     0
 75
     0
  3
ISO-25
100
AcDbAlignedDimension
 13
1210.0
 23
319.25
 33
0.0
 14
1307.0
 24
197.25
 34
0.0
100
AcDbRotatedDimension
  0
DIMENSION
  5
FE5
330
F49
100
AcDbEntity
  8
Dimensions
100
AcDbDimension
  2
*D196
 10
1328.0
 20
171.25
 30
0.0
 11
1317.5
 21
173.125
 31
0.0
 12
628.0
 22
442.25
 32
0.0
 71
     5
 42
21.0
 73
     0
 74
     0
 75
     0
  3
ISO-25
100
AcDbAlignedDimension
 13
1307.0
 23
742.25
 33
0.0
 14
1328.0
 24
742.25
 34
0.0
100
AcDbRotatedDimension
  0
DIMENSION
  5
FE6
330
F49
100
AcDbEntity
  8
Dimensions
100
AcDbDimension
  2
*D197
 10
1166.0
 20
207.2500000000001
 30
0.0
 11
1164.125
 21
202.2500000000001
 31
0.0
 12
628.0
 22
442.25
 32
0.0
 71
     5
 42
10.00000000000005
 73
     0
 74
     0
 75
     0
  3
ISO-25
100
AcDbAlignedDimension
 13
1169.0
 23
197.25
 33
0.0
 14
1354.0
 24
207.25
 34
0.0
 50
90.0
100
AcDbRotatedDimension
  0
DIMENSION
  5
FE7
330
F49
100
AcDbEntity
  8
Dimensions
100
AcDbDimension
  2
*D198
 10
1166.0
 20
297.25
 30
0.0
 11
1164.125
 21
252.2500000000001
 31
0.0
 12
628.0
 22
442.25
 32
0.0
 71
     5
 42
90.0
 73
     0
 74
     0
 75
     0
  3
ISO-25
100
AcDbAlignedDimension
 13
1169.0
 23
207.25
 33
0.0
 14
1169.0
 24
297.25
 34
0.0
 50
90.0
100
AcDbRotatedDimension
  0
DIMENSION
  5
FE8
330
F49
100
AcDbEntity
  8
Dimensions
100
AcDbDimension
  2
*D199
 10
1166.0
 20
464.25
 30
0.0
 11
1164.125
 21
380.7500000000001
 31
0.0
 12
628.0
 22
442.25
 32
0.0
 71
     5
 42
167.0
 73
     0
 74
     0
 75
     0
  3
ISO-25
100
AcDbAlignedDimension
 13
1354.0
 23
297.25
 33
0.0
 14
1354.0
 24
464.25
 34
0.0
 50
90.0
100
AcDbRotatedDimension
  0
DIMENSION
  5
FE9
330
F49
100
AcDbEntity
  8
Dimensions
100
AcDbDimension
  2
*D200
 10
1166.0
 20
520.2499999999999
 30
0.0
 11
1164.125
 21
492.2500000000001
 31
0.0
 12
628.0
 22
442.25
 32
0.0
 71
     5
 42
56.00000000000003
 73
     0
 74
     0
 75
     0
  3
ISO-25
100
AcDbAlignedDimension
 13
1218.0
 23
464.25
 33
0.0
 14
1354.0
 24
520.2499999999999
 34
0.0
 50
90.0
100
AcDbRotatedDimension
  0
CIRCLE
  5
FEA
102
{ACAD_REACTORS
330
FED
102
}
330
F49
100
AcDbEntity
  8
0
100
AcDbCircle
 10
1210.0
 20
297.2500000000001
 30
0.0
 40
2.5
  0
DIMENSION
  5
FEB
102
{ACAD_XDICTIONARY
360
FEC
102
}
102
{ACAD_REACTORS
330
FED
102
}
330
F49
100
AcDbEntity
  8
Dimensions
100
AcDbDimension
  2
*D201
 10
1208.232233047034
 20
295.4822330470337
 30
0.0
 11
1215.892556509888
 21
305.7942069393376
 31
0.0
 12
628.0000000000002
 22
442.25
 32
0.0
 70
     3
 71
     5
 42
5.000000000000113
 73
     0
 74
     0
 75
     0
  3
ISO-25
100
AcDbDiametricDimension
 15
1211.767766952966
 25
299.0177669529666
 35
0.0
 40
0.0
1001
ACAD
1000
DSTYLE
1002
{
1070
   288
1070
     1
1002
}
1001
ACAD_DSTYLE_DIMRADIAL_EXTENSION
1070
   387
1070
     1
1070
   388
1040
0.0
1070
   390
1040
0.0
  0
CIRCLE
  5
FEE
102
{ACAD_REACTORS
330
FF1
102
}
330
F49
100
AcDbEntity
  8
0
100
AcDbCircle
 10
1307.0
 20
297.2500000000001
 30
0.0
 40
2.5
  0
DIMENSION
  5
FEF
102
{ACAD_XDICTIONARY
360
FF0
102
}
102
{ACAD_REACTORS
330
FF1
102
}
330
F49
100
AcDbEntity
  8
Dimensions
100
AcDbDimension
  2
*D202
 10
1305.232233047034
 20
295.4822330470337
 30
0.0
 11
1312.892556509887
 21
305.7942069393377
 31
0.0
 12
628.0
 22
442.25
 32
0.0
 70
     3
 71
     5
 42
5.0
 73
     0
 74
     0
 75
     0
  3
ISO-25
100
AcDbDiametricDimension
 15
1308.767766952966
 25
299.0177669529666
 35
0.0
 40
0.0
1001
ACAD
1000
DSTYLE
1002
{
1070
   288
1070
     1
1002
}
1001
ACAD_DSTYLE_DIMRADIAL_EXTENSION
1070
   387
1070
     1
1070
   388
1040
0.0
1070
   390
1040
0.0
  0
CIRCLE
  5
FF2
102
{ACAD_REACTORS
330
FF5
102
}
330
F49
100
AcDbEntity
  8
0
100
AcDbCircle
 10
1210.0
 20
207.2500000000001
 30
0.0
 40
2.5
  0
DIMENSION
  5
FF3
102
{ACAD_XDICTIONARY
360
FF4
102
}
102
{ACAD_REACTORS
330
FF5
102
}
330
F49
100
AcDbEntity
  8
Dimensions
100
AcDbDimension
  2
*D203
 10
1208.232233047034
 20
205.4822330470337
 30
0.0
 11
1215.892556509888
 21
215.7942069393377
 31
0.0
 12
628.0000000000002
 22
442.25
 32
0.0
 70
     3
 71
     5
 42
5.000000000000085
 73
     0
 74
     0
 75
     0
  3
ISO-25
100
AcDbDiametricDimension
 15
1211.767766952966
 25
209.0177669529665
 35
0.0
 40
0.0
1001
ACAD
1000
DSTYLE
1002
{
1070
   288
1070
     1
1002
}
1001
ACAD_DSTYLE_DIMRADIAL_EXTENSION
1070
   387
1070
     1
1070
   388
1040
0.0
1070
   390
1040
0.0
  0
CIRCLE
  5
FF6
102
{ACAD_REACTORS
330
FF9
102
}
330
F49
100
AcDbEntity
  8
0
100
AcDbCircle
 10
1307.0
 20
207.2500000000001
 30
0.0
 40
2.5
  0
DIMENSION
  5
FF7
102
{ACAD_XDICTIONARY
360
FF8
102
}
102
{ACAD_REACTORS
330
FF9
102
}
330
F49
100
AcDbEntity
  8
Dimensions
100
AcDbDimension
  2
*D204
 10
1305.232233047034
 20
205.4822330470337
 30
0.0
 11
1312.892556509888
 21
215.7942069393376
 31
0.0
 12
628.0000000000002
 22
442.25
 32
0.0
 70
     3
 71
     5
 42
5.000000000000056
 73
     0
 74
     0
 75
     0
  3
ISO-25
100
AcDbDiametricDimension
 15
1308.767766952966
 25
209.0177669529665
 35
0.0
 40
0.0
1001
ACAD
1000
DSTYLE
1002
{
1070
   288
1070
     1
1002
}
1001
ACAD_DSTYLE_DIMRADIAL_EXTENSION
1070
   387
1070
     1
1070
   388
1040
0.0
1070
   390
1040
0.0
  0
CIRCLE
  5
FFA
102
{ACAD_REACTORS
330
FFD
102
}
330
F49
100
AcDbEntity
  8
0
100
AcDbCircle
 10
1307.0
 20
520.2499999999999
 30
0.0
 40
2.5
  0
DIMENSION
  5
FFB
102
{ACAD_XDICTIONARY
360
FFC
102
}
102
{ACAD_REACTORS
330
FFD
102
}
330
F49
100
AcDbEntity
  8
Dimensions
100
AcDbDimension
  2
*D205
 10
1305.232233047033
 20
518.4822330470336
 30
0.0
 11
1312.892556509887
 21
528.7942069393376
 31
0.0
 12
628.0
 22
442.25
 32
0.0
 70
     3
 71
     5
 42
5.0
 73
     0
 74
     0
 75
     0
  3
ISO-25
100
AcDbDiametricDimension
 15
1308.767766952966
 25
522.0177669529664
 35
0.0
 40
0.0
1001
ACAD
1000
DSTYLE
1002
{
1070
   288
1070
     1
1002
}
1001
ACAD_DSTYLE_DIMRADIAL_EXTENSION
1070
   387
1070
     1
1070
   388
1040
0.0
1070
   390
1040
0.0
  0
CIRCLE
  5
FFE
102
{ACAD_REACTORS
330
1001
102
}
330
F49
100
AcDbEntity
  8
0
100
AcDbCircle
 10
1328.0
 20
520.2499999999999
 30
0.0
 40
2.5
  0
DIMENSION
  5
FFF
102
{ACAD_XDICTIONARY
360
1000
102
}
102
{ACAD_REACTORS
330
1001
102
}
330
F49
100
AcDbEntity
  8
Dimensions
100
AcDbDimension
  2
*D206
 10
1326.232233047034
 20
518.4822330470336
 30
0.0
 11
1333.892556509888
 21
528.7942069393375
 31
0.0
 12
628.0000000000002
 22
442.25
 32
0.0
 70
     3
 71
     5
 42
5.0
 73
     0
 74
     0
 75
     0
  3
ISO-25
100
AcDbDiametricDimension
 15
1329.767766952966
 25
522.0177669529664
 35
0.0
 40
0.0
1001
ACAD
1000
DSTYLE
1002
{
1070
   288
1070
     1
1002
}
1001
ACAD_DSTYLE_DIMRADIAL_EXTENSION
1070
   387
1070
     1
1070
   388
1040
0.0
1070
   390
1040
0.0
  0
CIRCLE
  5
1002
102
{ACAD_REACTORS
330
1005
102
}
330
F49
100
AcDbEntity
  8
0
100
AcDbCircle
 10
1328.0
 20
464.25
 30
0.0
 40
2.5
  0
DIMENSION
  5
1003
102
{ACAD_XDICTIONARY
360
1004
102
}
102
{ACAD_REACTORS
330
1005
102
}
330
F49
100
AcDbEntity
  8
Dimensions
100
AcDbDimension
  2
*D207
 10
1326.232233047034
 20
462.4822330470337
 30
0.0
 11
1333.892556509888
 21
472.7942069393375
 31
0.0
 12
628.0
 22
442.25
 32
0.0
 70
     3
 71
     5
 42
4.999999999999943
 73
     0
 74
     0
 75
     0
  3
ISO-25
100
AcDbDiametricDimension
 15
1329.767766952966
 25
466.0177669529665
 35
0.0
 40
0.0
1001
ACAD
1000
DSTYLE
1002
{
1070
   288
1070
     1
1002
}
1001
ACAD_DSTYLE_DIMRADIAL_EXTENSION
1070
   387
1070
     1
1070
   388
1040
0.0
1070
   390
1040
0.0
  0
CIRCLE
  5
1006
102
{ACAD_REACTORS
330
1009
102
}
330
F49
100
AcDbEntity
  8
0
100
AcDbCircle
 10
1307.0
 20
464.25
 30
0.0
 40
2.5
  0
DIMENSION
  5
1007
102
{ACAD_XDICTIONARY
360
1008
102
}
102
{ACAD_REACTORS
330
1009
102
}
330
F49
100
AcDbEntity
  8
Dimensions
100
AcDbDimension
  2
*D208
 10
1305.232233047034
 20
462.4822330470336
 30
0.0
 11
1312.892556509888
 21
472.7942069393376
 31
0.0
 12
628.0000000000002
 22
442.25
 32
0.0
 70
     3
 71
     5
 42
5.000000000000056
 73
     0
 74
     0
 75
     0
  3
ISO-25
100
AcDbDiametricDimension
 15
1308.767766952966
 25
466.0177669529665
 35
0.0
 40
0.0
1001
ACAD
1000
DSTYLE
1002
{
1070
   288
1070
     1
1002
}
1001
ACAD_DSTYLE_DIMRADIAL_EXTENSION
1070
   387
1070
     1
1070
   388
1040
0.0
1070
   390
1040
0.0
  0
LWPOLYLINE
  5
100A
330
F49
100
AcDbEntity
  8
0
 62
     0
100
AcDbPolyline
 90
        4
 70
     1
 43
0.0
 10
997.4999999999999
 20
394.75
 10
997.4999999999999
 20
997.75
 10
671.4999999999999
 20
997.75
 10
671.4999999999999
 20
394.75
  0
INSERT
  5
100B
330
F49
100
AcDbEntity
  8
0
100
AcDbBlockReference
  2
Insert2
 10
-391.2800099422939
 20
759.3858712435269
 30
0.0
  0
INSERT
  5
100C
330
F49
100
AcDbEntity
  8
0
100
AcDbBlockReference
  2
Insert3
 10
300.8958139769764
 20
180.0199568861413
 30
0.0
 41
-1.0
 50
180.0
  0
LWPOLYLINE
  5
100D
330
F49
100
AcDbEntity
  8
0
 62
     0
100
AcDbPolyline
 90
        4
 70
     1
 43
0.0
 10
997.4999999999999
 20
315.75
 10
671.4999999999999
 20
315.75
 10
671.4999999999999
 20
17.75
 10
997.4999999999999
 20
17.75
  0
LWPOLYLINE
  5
100E
330
F49
100
AcDbEntity
  8
Dimension
 62
     3
100
AcDbPolyline
 90
        6
 70
     0
 43
0.0
 10
170.0
 20
317.2500000000001
 10
170.0
 20
207.2500000000001
 42
-0.4142135623730951
 10
160.0
 20
197.25
 10
10.0
 20
197.25
 42
-0.4142135623730962
 10
0.0
 20
207.2500000000001
 10
0.0
 20
217.2500000000001
  0
ENDBLK
  5
1012
330
F49
100
AcDbEntity
  8
0
100
AcDbBlockEnd
  0
BLOCK
  5
10DA
330
10D9
100
AcDbEntity
  8
0
100
AcDbBlockBegin
  2
*D210
 70
     1
 10
0.0
 20
0.0
 30
0.0
  3
*D210
  1

  0
LINE
  5
23DD
330
10D9
100
AcDbEntity
  8
Dimensions
 62
     0
440
 16777216
370
    -2
100
AcDbLine
 10
-742.25
 20
335.6250000000001
 30
0.0
 11
-742.25
 21
528.2500000000005
 31
0.0
  0
LINE
  5
23DE
330
10D9
100
AcDbEntity
  8
Dimensions
 62
     0
440
 16777216
370
    -2
100
AcDbLine
 10
-319.25
 20
471.625
 30
0.0
 11
-319.25
 21
528.2500000000005
 31
0.0
  0
LINE
  5
23DF
330
10D9
100
AcDbEntity
  8
Dimensions
 62
     0
440
 16777216
370
    -2
100
AcDbLine
 10
-739.7499999999999
 20
527.0000000000004
 30
0.0
 11
-321.75
 21
527.0000000000004
 31
0.0
  0
SOLID
  5
23E0
330
10D9
100
AcDbEntity
  8
Dimensions
 62
     0
440
 16777216
100
AcDbTrace
 10
-739.7499999999999
 20
527.4166666666671
 30
0.0
 11
-739.7499999999999
 21
526.5833333333338
 31
0.0
 12
-742.25
 22
527.0000000000004
 32
0.0
 13
-742.25
 23
527.0000000000004
 33
0.0
  0
SOLID
  5
23E1
330
10D9
100
AcDbEntity
  8
Dimensions
 62
     0
440
 16777216
100
AcDbTrace
 10
-321.75
 20
527.4166666666671
 30
0.0
 11
-321.75
 21
526.5833333333338
 31
0.0
 12
-319.25
 22
527.0000000000004
 32
0.0
 13
-319.25
 23
527.0000000000004
 33
0.0
  0
MTEXT
  5
23E2
330
10D9
100
AcDbEntity
  8
Dimensions
 62
     0
440
 16777216
100
AcDbMText
 10
-530.75
 20
528.9022851296047
 30
0.0
 40
2.5
 41
0.0
 46
0.0
 71
     5
 72
     1
  1
423
 73
     1
 44
1.0
  0
POINT
  5
23E3
330
10D9
100
AcDbEntity
  8
Defpoints
 62
     0
440
 16777216
100
AcDbPoint
 10
-742.25
 20
335.0
 30
0.0
  0
POINT
  5
23E4
330
10D9
100
AcDbEntity
  8
Defpoints
 62
     0
440
 16777216
100
AcDbPoint
 10
-319.25
 20
471.0
 30
0.0
  0
POINT
  5
23E5
330
10D9
100
AcDbEntity
  8
Defpoints
 62
     0
440
 16777216
100
AcDbPoint
 10
-319.25
 20
527.0000000000004
 30
0.0
  0
ENDBLK
  5
10DB
330
10D9
100
AcDbEntity
  8
0
100
AcDbBlockEnd
  0
BLOCK
  5
10E6
330
10E5
100
AcDbEntity
  8
0
100
AcDbBlockBegin
  2
*D211
 70
     1
 10
0.0
 20
0.0
 30
0.0
  3
*D211
  1

  0
LINE
  5
23EF
330
10E5
100
AcDbEntity
  8
Dimensions
 62
     0
440
 16777216
370
    -2
100
AcDbLine
 10
-319.8750000000001
 20
520.0000000000001
 30
0.0
 11
-324.8579162864008
 21
520.0000000000001
 31
0.0
  0
LINE
  5
23F0
330
10E5
100
AcDbEntity
  8
Dimensions
 62
     0
440
 16777216
370
    -2
100
AcDbLine
 10
-319.8750000000001
 20
471.0000000000002
 30
0.0
 11
-324.8579162864008
 21
471.0000000000002
 31
0.0
  0
LINE
  5
23F1
330
10E5
100
AcDbEntity
  8
Dimensions
 62
     0
440
 16777216
370
    -2
100
AcDbLine
 10
-323.6079162864009
 20
517.5000000000002
 30
0.0
 11
-323.6079162864009
 21
473.5000000000002
 31
0.0
  0
SOLID
  5
23F2
330
10E5
100
AcDbEntity
  8
Dimensions
 62
     0
440
 16777216
100
AcDbTrace
 10
-324.0245829530675
 20
517.5000000000002
 30
0.0
 11
-323.1912496197342
 21
517.5000000000002
 31
0.0
 12
-323.6079162864009
 22
520.0000000000001
 32
0.0
 13
-323.6079162864009
 23
520.0000000000001
 33
0.0
  0
SOLID
  5
23F3
330
10E5
100
AcDbEntity
  8
Dimensions
 62
     0
440
 16777216
100
AcDbTrace
 10
-324.0245829530675
 20
473.5000000000002
 30
0.0
 11
-323.1912496197342
 21
473.5000000000002
 31
0.0
 12
-323.6079162864009
 22
471.0000000000002
 32
0.0
 13
-323.6079162864009
 23
471.0000000000002
 33
0.0
  0
MTEXT
  5
23F4
330
10E5
100
AcDbEntity
  8
Dimensions
 62
     0
440
 16777216
100
AcDbMText
 10
-325.5093487557048
 20
495.5000000000002
 30
0.0
 40
2.5
 41
0.0
 46
0.0
 71
     5
 72
     1
  1
49
 11
0.0000000000000001
 21
1.0
 31
0.0
 73
     1
 44
1.0
  0
POINT
  5
23F5
330
10E5
100
AcDbEntity
  8
Defpoints
 62
     0
440
 16777216
100
AcDbPoint
 10
-319.2500000000001
 20
520.0000000000001
 30
0.0
  0
POINT
  5
23F6
330
10E5
100
AcDbEntity
  8
Defpoints
 62
     0
440
 16777216
100
AcDbPoint
 10
-319.2500000000001
 20
471.0000000000002
 30
0.0
  0
POINT
  5
23F7
330
10E5
100
AcDbEntity
  8
Defpoints
 62
     0
440
 16777216
100
AcDbPoint
 10
-323.6079162864009
 20
471.0000000000002
 30
0.0
  0
ENDBLK
  5
10E7
330
10E5
100
AcDbEntity
  8
0
100
AcDbBlockEnd
  0
BLOCK
  5
10F2
330
10F1
100
AcDbEntity
  8
0
100
AcDbBlockBegin
  2
*D212
 70
     1
 10
0.0
 20
0.0
 30
0.0
  3
*D212
  1

  0
LINE
  5
23F8
330
10F1
100
AcDbEntity
  8
Dimensions
 62
     0
440
 16777216
370
    -2
100
AcDbLine
 10
-928.8750000000005
 20
668.0000000000002
 30
0.0
 11
-1072.5
 21
668.0000000000002
 31
0.0
  0
LINE
  5
23F9
330
10F1
100
AcDbEntity
  8
Dimensions
 62
     0
440
 16777216
370
    -2
100
AcDbLine
 10
-928.8750000000005
 20
846.0000000000004
 30
0.0
 11
-1072.5
 21
846.0000000000004
 31
0.0
  0
LINE
  5
23FA
330
10F1
100
AcDbEntity
  8
Dimensions
 62
     0
440
 16777216
370
    -2
100
AcDbLine
 10
-1071.25
 20
670.5000000000002
 30
0.0
 11
-1071.25
 21
843.5000000000004
 31
0.0
  0
SOLID
  5
23FB
330
10F1
100
AcDbEntity
  8
Dimensions
 62
     0
440
 16777216
100
AcDbTrace
 10
-1071.666666666667
 20
670.5000000000002
 30
0.0
 11
-1070.833333333333
 21
670.5000000000002
 31
0.0
 12
-1071.25
 22
668.0000000000002
 32
0.0
 13
-1071.25
 23
668.0000000000002
 33
0.0
  0
SOLID
  5
23FC
330
10F1
100
AcDbEntity
  8
Dimensions
 62
     0
440
 16777216
100
AcDbTrace
 10
-1071.666666666667
 20
843.5000000000004
 30
0.0
 11
-1070.833333333333
 21
843.5000000000004
 31
0.0
 12
-1071.25
 22
846.0000000000004
 32
0.0
 13
-1071.25
 23
846.0000000000004
 33
0.0
  0
MTEXT
  5
23FD
330
10F1
100
AcDbEntity
  8
Dimensions
 62
     0
440
 16777216
100
AcDbMText
 10
-1073.151432469304
 20
757.0000000000005
 30
0.0
 40
2.5
 41
0.0
 46
0.0
 71
     5
 72
     1
  1
178
 11
0.0000000000000001
 21
1.0
 31
0.0
 73
     1
 44
1.0
  0
POINT
  5
23FE
330
10F1
100
AcDbEntity
  8
Defpoints
 62
     0
440
 16777216
100
AcDbPoint
 10
-928.2500000000004
 20
668.0000000000002
 30
0.0
  0
POINT
  5
23FF
330
10F1
100
AcDbEntity
  8
Defpoints
 62
     0
440
 16777216
100
AcDbPoint
 10
-928.2500000000004
 20
846.0000000000004
 30
0.0
  0
POINT
  5
2400
330
10F1
100
AcDbEntity
  8
Defpoints
 62
     0
440
 16777216
100
AcDbPoint
 10
-1071.25
 20
846.0000000000004
 30
0.0
  0
ENDBLK
  5
10F3
330
10F1
100
AcDbEntity
  8
0
100
AcDbBlockEnd
  0
BLOCK
  5
10FE
330
10FD
100
AcDbEntity
  8
0
100
AcDbBlockBegin
  2
*D213
 70
     1
 10
0.0
 20
0.0
 30
0.0
  3
*D213
  1

  0
LINE
  5
240A
330
10FD
100
AcDbEntity
  8
Dimensions
 62
     0
440
 16777216
370
    -2
100
AcDbLine
 10
-396.25
 20
666.75
 30
0.0
 11
-396.25
 21
608.7500000000004
 31
0.0
  0
LINE
  5
240B
330
10FD
100
AcDbEntity
  8
Dimensions
 62
     0
440
 16777216
370
    -2
100
AcDbLine
 10
-928.25
 20
845.3749999999999
 30
0.0
 11
-928.25
 21
608.7500000000004
 31
0.0
  0
LINE
  5
240C
330
10FD
100
AcDbEntity
  8
Dimensions
 62
     0
440
 16777216
370
    -2
100
AcDbLine
 10
-398.7499999999999
 20
610.0000000000004
 30
0.0
 11
-925.75
 21
610.0000000000004
 31
0.0
  0
SOLID
  5
240D
330
10FD
100
AcDbEntity
  8
Dimensions
 62
     0
440
 16777216
100
AcDbTrace
 10
-398.7499999999999
 20
610.4166666666671
 30
0.0
 11
-398.7499999999999
 21
609.5833333333338
 31
0.0
 12
-396.25
 22
610.0000000000004
 32
0.0
 13
-396.25
 23
610.0000000000004
 33
0.0
  0
SOLID
  5
240E
330
10FD
100
AcDbEntity
  8
Dimensions
 62
     0
440
 16777216
100
AcDbTrace
 10
-925.75
 20
610.4166666666671
 30
0.0
 11
-925.75
 21
609.5833333333338
 31
0.0
 12
-928.25
 22
610.0000000000004
 32
0.0
 13
-928.25
 23
610.0000000000004
 33
0.0
  0
MTEXT
  5
240F
330
10FD
100
AcDbEntity
  8
Dimensions
 62
     0
440
 16777216
100
AcDbMText
 10
-662.25
 20
611.9022851296048
 30
0.0
 40
2.5
 41
0.0
 46
0.0
 71
     5
 72
     1
  1
532
 73
     1
 44
1.0
  0
POINT
  5
2410
330
10FD
100
AcDbEntity
  8
Defpoints
 62
     0
440
 16777216
100
AcDbPoint
 10
-396.25
 20
667.375
 30
0.0
  0
POINT
  5
2411
330
10FD
100
AcDbEntity
  8
Defpoints
 62
     0
440
 16777216
100
AcDbPoint
 10
-928.25
 20
846.0
 30
0.0
  0
POINT
  5
2412
330
10FD
100
AcDbEntity
  8
Defpoints
 62
     0
440
 16777216
100
AcDbPoint
 10
-928.25
 20
610.0000000000004
 30
0.0
  0
ENDBLK
  5
10FF
330
10FD
100
AcDbEntity
  8
0
100
AcDbBlockEnd
  0
BLOCK
  5
110A
330
1109
100
AcDbEntity
  8
0
100
AcDbBlockBegin
  2
*D214
 70
     1
 10
0.0
 20
0.0
 30
0.0
  3
*D214
  1

  0
LINE
  5
2413
330
1109
100
AcDbEntity
  8
Dimensions
 62
     0
440
 16777216
370
    -2
100
AcDbLine
 10
-849.8750000000004
 20
690.0000000000002
 30
0.0
 11
-1040.5
 21
690.0000000000002
 31
0.0
  0
LINE
  5
2414
330
1109
100
AcDbEntity
  8
Dimensions
 62
     0
440
 16777216
370
    -2
100
AcDbLine
 10
-849.8750000000002
 20
978.0000000000004
 30
0.0
 11
-1040.5
 21
978.0000000000004
 31
0.0
  0
LINE
  5
2415
330
1109
100
AcDbEntity
  8
Dimensions
 62
     0
440
 16777216
370
    -2
100
AcDbLine
 10
-1039.25
 20
692.5000000000002
 30
0.0
 11
-1039.25
 21
975.5000000000004
 31
0.0
  0
SOLID
  5
2416
330
1109
100
AcDbEntity
  8
Dimensions
 62
     0
440
 16777216
100
AcDbTrace
 10
-1039.666666666667
 20
692.5000000000002
 30
0.0
 11
-1038.833333333333
 21
692.5000000000002
 31
0.0
 12
-1039.25
 22
690.0000000000002
 32
0.0
 13
-1039.25
 23
690.0000000000002
 33
0.0
  0
SOLID
  5
2417
330
1109
100
AcDbEntity
  8
Dimensions
 62
     0
440
 16777216
100
AcDbTrace
 10
-1039.666666666667
 20
975.5000000000004
 30
0.0
 11
-1038.833333333333
 21
975.5000000000004
 31
0.0
 12
-1039.25
 22
978.0000000000004
 32
0.0
 13
-1039.25
 23
978.0000000000004
 33
0.0
  0
MTEXT
  5
2418
330
1109
100
AcDbEntity
  8
Dimensions
 62
     0
440
 16777216
100
AcDbMText
 10
-1041.151432469304
 20
834.0000000000005
 30
0.0
 40
2.5
 41
0.0
 46
0.0
 71
     5
 72
     1
  1
288
 11
0.0000000000000001
 21
1.0
 31
0.0
 73
     1
 44
1.0
  0
POINT
  5
2419
330
1109
100
AcDbEntity
  8
Defpoints
 62
     0
440
 16777216
100
AcDbPoint
 10
-849.2500000000005
 20
690.0000000000002
 30
0.0
  0
POINT
  5
241A
330
1109
100
AcDbEntity
  8
Defpoints
 62
     0
440
 16777216
100
AcDbPoint
 10
-849.2500000000003
 20
978.0000000000004
 30
0.0
  0
POINT
  5
241B
330
1109
100
AcDbEntity
  8
Defpoints
 62
     0
440
 16777216
100
AcDbPoint
 10
-1039.25
 20
978.0000000000004
 30
0.0
  0
ENDBLK
  5
110B
330
1109
100
AcDbEntity
  8
0
100
AcDbBlockEnd
  0
BLOCK
  5
1116
330
1115
100
AcDbEntity
  8
0
100
AcDbBlockBegin
  2
*D215
 70
     1
 10
0.0
 20
0.0
 30
0.0
  3
*D215
  1

  0
LINE
  5
2425
330
1115
100
AcDbEntity
  8
Dimensions
 62
     0
440
 16777216
370
    -2
100
AcDbLine
 10
-849.2500000000003
 20
978.0000000000004
 30
0.0
 11
-839.0000000000004
 21
978.0000000000004
 31
0.0
  0
LINE
  5
2426
330
1115
100
AcDbEntity
  8
Dimensions
 62
     0
440
 16777216
370
    -2
100
AcDbLine
 10
-848.6250000000003
 20
1001.0
 30
0.0
 11
-839.0000000000004
 21
1001.0
 31
0.0
  0
LINE
  5
2427
330
1115
100
AcDbEntity
  8
Dimensions
 62
     0
440
 16777216
370
    -2
100
AcDbLine
 10
-840.2500000000003
 20
980.5000000000005
 30
0.0
 11
-840.2500000000003
 21
998.5000000000004
 31
0.0
  0
SOLID
  5
2428
330
1115
100
AcDbEntity
  8
Dimensions
 62
     0
440
 16777216
100
AcDbTrace
 10
-840.6666666666669
 20
980.5000000000005
 30
0.0
 11
-839.8333333333336
 21
980.5000000000005
 31
0.0
 12
-840.2500000000003
 22
978.0000000000004
 32
0.0
 13
-840.2500000000003
 23
978.0000000000004
 33
0.0
  0
SOLID
  5
2429
330
1115
100
AcDbEntity
  8
Dimensions
 62
     0
440
 16777216
100
AcDbTrace
 10
-840.6666666666669
 20
998.5000000000004
 30
0.0
 11
-839.8333333333336
 21
998.5000000000004
 31
0.0
 12
-840.2500000000003
 22
1001.0
 32
0.0
 13
-840.2500000000003
 23
1001.0
 33
0.0
  0
MTEXT
  5
242A
330
1115
100
AcDbEntity
  8
Dimensions
 62
     0
440
 16777216
100
AcDbMText
 10
-842.1522851296041
 20
989.5000000000004
 30
0.0
 40
2.5
 41
0.0
 46
0.0
 71
     5
 72
     1
  1
23
 11
0.0000000000000001
 21
1.0
 31
0.0
 73
     1
 44
1.0
  0
POINT
  5
242B
330
1115
100
AcDbEntity
  8
Defpoints
 62
     0
440
 16777216
100
AcDbPoint
 10
-849.8750000000002
 20
978.0000000000004
 30
0.0
  0
POINT
  5
242C
330
1115
100
AcDbEntity
  8
Defpoints
 62
     0
440
 16777216
100
AcDbPoint
 10
-849.2500000000003
 20
1001.0
 30
0.0
  0
POINT
  5
242D
330
1115
100
AcDbEntity
  8
Defpoints
 62
     0
440
 16777216
100
AcDbPoint
 10
-840.2500000000003
 20
1001.0
 30
0.0
  0
ENDBLK
  5
1117
330
1115
100
AcDbEntity
  8
0
100
AcDbBlockEnd
  0
BLOCK
  5
1122
330
1121
100
AcDbEntity
  8
0
100
AcDbBlockBegin
  2
*D216
 70
     1
 10
0.0
 20
0.0
 30
0.0
  3
*D216
  1

  0
LINE
  5
2456
330
1121
100
AcDbEntity
  8
Dimensions
 62
     0
440
 16777216
370
    -2
100
AcDbLine
 10
-996.25
 20
668.6250000000001
 30
0.0
 11
-996.25
 21
706.2500000000004
 31
0.0
  0
LINE
  5
2457
330
1121
100
AcDbEntity
  8
Dimensions
 62
     0
440
 16777216
370
    -2
100
AcDbLine
 10
-865.2499999999999
 20
668.625
 30
0.0
 11
-865.2499999999999
 21
706.2500000000004
 31
0.0
  0
LINE
  5
2458
330
1121
100
AcDbEntity
  8
Dimensions
 62
     0
440
 16777216
370
    -2
100
AcDbLine
 10
-993.75
 20
705.0000000000004
 30
0.0
 11
-867.75
 21
705.0000000000004
 31
0.0
  0
SOLID
  5
2459
330
1121
100
AcDbEntity
  8
Dimensions
 62
     0
440
 16777216
100
AcDbTrace
 10
-993.75
 20
705.416666666667
 30
0.0
 11
-993.75
 21
704.5833333333338
 31
0.0
 12
-996.25
 22
705.0000000000004
 32
0.0
 13
-996.25
 23
705.0000000000004
 33
0.0
  0
SOLID
  5
245A
330
1121
100
AcDbEntity
  8
Dimensions
 62
     0
440
 16777216
100
AcDbTrace
 10
-867.75
 20
705.416666666667
 30
0.0
 11
-867.75
 21
704.5833333333338
 31
0.0
 12
-865.2499999999999
 22
705.0000000000004
 32
0.0
 13
-865.2499999999999
 23
705.0000000000004
 33
0.0
  0
MTEXT
  5
245B
330
1121
100
AcDbEntity
  8
Dimensions
 62
     0
440
 16777216
100
AcDbMText
 10
-930.75
 20
706.9022851296048
 30
0.0
 40
2.5
 41
0.0
 46
0.0
 71
     5
 72
     1
  1
131
 73
     1
 44
1.0
  0
POINT
  5
245C
330
1121
100
AcDbEntity
  8
Defpoints
 62
     0
440
 16777216
100
AcDbPoint
 10
-996.25
 20
668.0000000000001
 30
0.0
  0
POINT
  5
245D
330
1121
100
AcDbEntity
  8
Defpoints
 62
     0
440
 16777216
100
AcDbPoint
 10
-865.2499999999999
 20
668.0
 30
0.0
  0
POINT
  5
245E
330
1121
100
AcDbEntity
  8
Defpoints
 62
     0
440
 16777216
100
AcDbPoint
 10
-865.2499999999999
 20
705.0000000000004
 30
0.0
  0
ENDBLK
  5
1123
330
1121
100
AcDbEntity
  8
0
100
AcDbBlockEnd
  0
BLOCK
  5
112E
330
112D
100
AcDbEntity
  8
0
100
AcDbBlockBegin
  2
*D217
 70
     1
 10
0.0
 20
0.0
 30
0.0
  3
*D217
  1

  0
LINE
  5
2471
330
112D
100
AcDbEntity
  8
Dimensions
 62
     0
440
 16777216
370
    -2
100
AcDbLine
 10
-319.8750000000001
 20
1169.0
 30
0.0
 11
-324.8579162864008
 21
1169.0
 31
0.0
  0
LINE
  5
2472
330
112D
100
AcDbEntity
  8
Dimensions
 62
     0
440
 16777216
370
    -2
100
AcDbLine
 10
-319.875
 20
1218.0
 30
0.0
 11
-324.8579162864008
 21
1218.0
 31
0.0
  0
LINE
  5
2473
330
112D
100
AcDbEntity
  8
Dimensions
 62
     0
440
 16777216
370
    -2
100
AcDbLine
 10
-323.6079162864009
 20
1171.5
 30
0.0
 11
-323.6079162864009
 21
1215.5
 31
0.0
  0
SOLID
  5
2474
330
112D
100
AcDbEntity
  8
Dimensions
 62
     0
440
 16777216
100
AcDbTrace
 10
-324.0245829530675
 20
1171.5
 30
0.0
 11
-323.1912496197342
 21
1171.5
 31
0.0
 12
-323.6079162864009
 22
1169.0
 32
0.0
 13
-323.6079162864009
 23
1169.0
 33
0.0
  0
SOLID
  5
2475
330
112D
100
AcDbEntity
  8
Dimensions
 62
     0
440
 16777216
100
AcDbTrace
 10
-324.0245829530675
 20
1215.5
 30
0.0
 11
-323.1912496197342
 21
1215.5
 31
0.0
 12
-323.6079162864009
 22
1218.0
 32
0.0
 13
-323.6079162864009
 23
1218.0
 33
0.0
  0
MTEXT
  5
2476
330
112D
100
AcDbEntity
  8
Dimensions
 62
     0
440
 16777216
100
AcDbMText
 10
-325.5093487557047
 20
1193.5
 30
0.0
 40
2.5
 41
0.0
 46
0.0
 71
     5
 72
     1
  1
49
 11
0.0000000000000001
 21
1.0
 31
0.0
 73
     1
 44
1.0
  0
POINT
  5
2477
330
112D
100
AcDbEntity
  8
Defpoints
 62
     0
440
 16777216
100
AcDbPoint
 10
-319.2500000000001
 20
1169.0
 30
0.0
  0
POINT
  5
2478
330
112D
100
AcDbEntity
  8
Defpoints
 62
     0
440
 16777216
100
AcDbPoint
 10
-319.2500000000001
 20
1218.0
 30
0.0
  0
POINT
  5
2479
330
112D
100
AcDbEntity
  8
Defpoints
 62
     0
440
 16777216
100
AcDbPoint
 10
-323.6079162864009
 20
1218.0
 30
0.0
  0
ENDBLK
  5
112F
330
112D
100
AcDbEntity
  8
0
100
AcDbBlockEnd
  0
BLOCK
  5
113A
330
1139
100
AcDbEntity
  8
0
100
AcDbBlockBegin
  2
*D218
 70
     1
 10
0.0
 20
0.0
 30
0.0
  3
*D218
  1

  0
LINE
  5
2483
330
1139
100
AcDbEntity
  8
Dimensions
 62
     0
440
 16777216
370
    -2
100
AcDbLine
 10
-317.2499999999999
 20
666.75
 30
0.0
 11
-317.2499999999999
 21
630.7500000000004
 31
0.0
  0
LINE
  5
2484
330
1139
100
AcDbEntity
  8
Dimensions
 62
     0
440
 16777216
370
    -2
100
AcDbLine
 10
-119.2499999999999
 20
1000.375
 30
0.0
 11
-119.2499999999999
 21
630.7500000000004
 31
0.0
  0
LINE
  5
2485
330
1139
100
AcDbEntity
  8
Dimensions
 62
     0
440
 16777216
370
    -2
100
AcDbLine
 10
-314.7499999999999
 20
632.0000000000004
 30
0.0
 11
-121.75
 21
632.0000000000004
 31
0.0
  0
SOLID
  5
2486
330
1139
100
AcDbEntity
  8
Dimensions
 62
     0
440
 16777216
100
AcDbTrace
 10
-314.7499999999999
 20
632.4166666666671
 30
0.0
 11
-314.7499999999999
 21
631.5833333333338
 31
0.0
 12
-317.2499999999999
 22
632.0000000000004
 32
0.0
 13
-317.2499999999999
 23
632.0000000000004
 33
0.0
  0
SOLID
  5
2487
330
1139
100
AcDbEntity
  8
Dimensions
 62
     0
440
 16777216
100
AcDbTrace
 10
-121.75
 20
632.4166666666671
 30
0.0
 11
-121.75
 21
631.5833333333338
 31
0.0
 12
-119.2499999999999
 22
632.0000000000004
 32
0.0
 13
-119.2499999999999
 23
632.0000000000004
 33
0.0
  0
MTEXT
  5
2488
330
1139
100
AcDbEntity
  8
Dimensions
 62
     0
440
 16777216
100
AcDbMText
 10
-218.25
 20
633.9014324693047
 30
0.0
 40
2.5
 41
0.0
 46
0.0
 71
     5
 72
     1
  1
198
 73
     1
 44
1.0
  0
POINT
  5
2489
330
1139
100
AcDbEntity
  8
Defpoints
 62
     0
440
 16777216
100
AcDbPoint
 10
-317.2499999999999
 20
667.375
 30
0.0
  0
POINT
  5
248A
330
1139
100
AcDbEntity
  8
Defpoints
 62
     0
440
 16777216
100
AcDbPoint
 10
-119.2499999999999
 20
1001.0
 30
0.0
  0
POINT
  5
248B
330
1139
100
AcDbEntity
  8
Defpoints
 62
     0
440
 16777216
100
AcDbPoint
 10
-119.2499999999999
 20
632.0000000000004
 30
0.0
  0
ENDBLK
  5
113B
330
1139
100
AcDbEntity
  8
0
100
AcDbBlockEnd
  0
BLOCK
  5
1146
330
1145
100
AcDbEntity
  8
0
100
AcDbBlockBegin
  2
*D219
 70
     1
 10
0.0
 20
0.0
 30
0.0
  3
*D219
  1

  0
LINE
  5
248C
330
1145
100
AcDbEntity
  8
Dimensions
 62
     0
440
 16777216
370
    -2
100
AcDbLine
 10
-317.2499999999999
 20
666.1249999999999
 30
0.0
 11
-317.2499999999999
 21
616.7500000000004
 31
0.0
  0
LINE
  5
248D
330
1145
100
AcDbEntity
  8
Dimensions
 62
     0
440
 16777216
370
    -2
100
AcDbLine
 10
-172.2499999999999
 20
1000.375
 30
0.0
 11
-172.2499999999999
 21
616.7500000000004
 31
0.0
  0
LINE
  5
248E
330
1145
100
AcDbEntity
  8
Dimensions
 62
     0
440
 16777216
370
    -2
100
AcDbLine
 10
-314.7499999999999
 20
618.0000000000005
 30
0.0
 11
-174.75
 21
618.0000000000005
 31
0.0
  0
SOLID
  5
248F
330
1145
100
AcDbEntity
  8
Dimensions
 62
     0
440
 16777216
100
AcDbTrace
 10
-314.7499999999999
 20
618.416666666667
 30
0.0
 11
-314.7499999999999
 21
617.5833333333338
 31
0.0
 12
-317.2499999999999
 22
618.0000000000005
 32
0.0
 13
-317.2499999999999
 23
618.0000000000005
 33
0.0
  0
SOLID
  5
2490
330
1145
100
AcDbEntity
  8
Dimensions
 62
     0
440
 16777216
100
AcDbTrace
 10
-174.75
 20
618.416666666667
 30
0.0
 11
-174.75
 21
617.5833333333338
 31
0.0
 12
-172.2499999999999
 22
618.0000000000005
 32
0.0
 13
-172.2499999999999
 23
618.0000000000005
 33
0.0
  0
MTEXT
  5
2491
330
1145
100
AcDbEntity
  8
Dimensions
 62
     0
440
 16777216
100
AcDbMText
 10
-244.7499999999999
 20
619.9014324693047
 30
0.0
 40
2.5
 41
0.0
 46
0.0
 71
     5
 72
     1
  1
145
 73
     1
 44
1.0
  0
POINT
  5
2492
330
1145
100
AcDbEntity
  8
Defpoints
 62
     0
440
 16777216
100
AcDbPoint
 10
-317.2499999999999
 20
666.75
 30
0.0
  0
POINT
  5
2493
330
1145
100
AcDbEntity
  8
Defpoints
 62
     0
440
 16777216
100
AcDbPoint
 10
-172.2499999999999
 20
1001.0
 30
0.0
  0
POINT
  5
2494
330
1145
100
AcDbEntity
  8
Defpoints
 62
     0
440
 16777216
100
AcDbPoint
 10
-172.2499999999999
 20
618.0000000000005
 30
0.0
  0
ENDBLK
  5
1147
330
1145
100
AcDbEntity
  8
0
100
AcDbBlockEnd
  0
BLOCK
  5
1152
330
1151
100
AcDbEntity
  8
0
100
AcDbBlockBegin
  2
*D220
 70
     1
 10
0.0
 20
0.0
 30
0.0
  3
*D220
  1

  0
LINE
  5
2495
330
1151
100
AcDbEntity
  8
Dimensions
 62
     0
440
 16777216
370
    -2
100
AcDbLine
 10
-317.2499999999999
 20
667.375
 30
0.0
 11
-317.2499999999999
 21
601.7500000000004
 31
0.0
  0
LINE
  5
2496
330
1151
100
AcDbEntity
  8
Dimensions
 62
     0
440
 16777216
370
    -2
100
AcDbLine
 10
-56.24999999999993
 20
1000.375
 30
0.0
 11
-56.24999999999996
 21
601.7500000000004
 31
0.0
  0
LINE
  5
2497
330
1151
100
AcDbEntity
  8
Dimensions
 62
     0
440
 16777216
370
    -2
100
AcDbLine
 10
-314.7499999999999
 20
603.0000000000004
 30
0.0
 11
-58.74999999999996
 21
603.0000000000004
 31
0.0
  0
SOLID
  5
2498
330
1151
100
AcDbEntity
  8
Dimensions
 62
     0
440
 16777216
100
AcDbTrace
 10
-314.7499999999999
 20
603.4166666666671
 30
0.0
 11
-314.7499999999999
 21
602.5833333333338
 31
0.0
 12
-317.2499999999999
 22
603.0000000000004
 32
0.0
 13
-317.2499999999999
 23
603.0000000000004
 33
0.0
  0
SOLID
  5
2499
330
1151
100
AcDbEntity
  8
Dimensions
 62
     0
440
 16777216
100
AcDbTrace
 10
-58.74999999999996
 20
603.4166666666671
 30
0.0
 11
-58.74999999999996
 21
602.5833333333338
 31
0.0
 12
-56.24999999999996
 22
603.0000000000004
 32
0.0
 13
-56.24999999999996
 23
603.0000000000004
 33
0.0
  0
MTEXT
  5
249A
330
1151
100
AcDbEntity
  8
Dimensions
 62
     0
440
 16777216
100
AcDbMText
 10
-186.7499999999999
 20
604.9014324693047
 30
0.0
 40
2.5
 41
0.0
 46
0.0
 71
     5
 72
     1
  1
261
 73
     1
 44
1.0
  0
POINT
  5
249B
330
1151
100
AcDbEntity
  8
Defpoints
 62
     0
440
 16777216
100
AcDbPoint
 10
-317.2499999999999
 20
668.0
 30
0.0
  0
POINT
  5
249C
330
1151
100
AcDbEntity
  8
Defpoints
 62
     0
440
 16777216
100
AcDbPoint
 10
-56.24999999999993
 20
1001.0
 30
0.0
  0
POINT
  5
249D
330
1151
100
AcDbEntity
  8
Defpoints
 62
     0
440
 16777216
100
AcDbPoint
 10
-56.24999999999996
 20
603.0000000000004
 30
0.0
  0
ENDBLK
  5
1153
330
1151
100
AcDbEntity
  8
0
100
AcDbBlockEnd
  0
BLOCK
  5
115E
330
115D
100
AcDbEntity
  8
0
100
AcDbBlockBegin
  2
*D221
 70
     1
 10
0.0
 20
0.0
 30
0.0
  3
*D221
  1

  0
LINE
  5
249E
330
115D
100
AcDbEntity
  8
Dimensions
 62
     0
440
 16777216
370
    -2
100
AcDbLine
 10
-317.2499999999999
 20
667.375
 30
0.0
 11
-317.2499999999999
 21
587.7500000000004
 31
0.0
  0
LINE
  5
249F
330
115D
100
AcDbEntity
  8
Dimensions
 62
     0
440
 16777216
370
    -2
100
AcDbLine
 10
-71.24999999999994
 20
1000.375
 30
0.0
 11
-71.24999999999997
 21
587.7500000000004
 31
0.0
  0
LINE
  5
24A0
330
115D
100
AcDbEntity
  8
Dimensions
 62
     0
440
 16777216
370
    -2
100
AcDbLine
 10
-314.7499999999999
 20
589.0000000000005
 30
0.0
 11
-73.74999999999997
 21
589.0000000000005
 31
0.0
  0
SOLID
  5
24A1
330
115D
100
AcDbEntity
  8
Dimensions
 62
     0
440
 16777216
100
AcDbTrace
 10
-314.7499999999999
 20
589.416666666667
 30
0.0
 11
-314.7499999999999
 21
588.5833333333338
 31
0.0
 12
-317.2499999999999
 22
589.0000000000005
 32
0.0
 13
-317.2499999999999
 23
589.0000000000005
 33
0.0
  0
SOLID
  5
24A2
330
115D
100
AcDbEntity
  8
Dimensions
 62
     0
440
 16777216
100
AcDbTrace
 10
-73.74999999999997
 20
589.416666666667
 30
0.0
 11
-73.74999999999997
 21
588.5833333333338
 31
0.0
 12
-71.24999999999997
 22
589.0000000000005
 32
0.0
 13
-71.24999999999997
 23
589.0000000000005
 33
0.0
  0
MTEXT
  5
24A3
330
115D
100
AcDbEntity
  8
Dimensions
 62
     0
440
 16777216
100
AcDbMText
 10
-194.2499999999999
 20
590.9014324693047
 30
0.0
 40
2.5
 41
0.0
 46
0.0
 71
     5
 72
     1
  1
246
 73
     1
 44
1.0
  0
POINT
  5
24A4
330
115D
100
AcDbEntity
  8
Defpoints
 62
     0
440
 16777216
100
AcDbPoint
 10
-317.2499999999999
 20
668.0
 30
0.0
  0
POINT
  5
24A5
330
115D
100
AcDbEntity
  8
Defpoints
 62
     0
440
 16777216
100
AcDbPoint
 10
-71.24999999999994
 20
1001.0
 30
0.0
  0
POINT
  5
24A6
330
115D
100
AcDbEntity
  8
Defpoints
 62
     0
440
 16777216
100
AcDbPoint
 10
-71.24999999999997
 20
589.0000000000005
 30
0.0
  0
ENDBLK
  5
115F
330
115D
100
AcDbEntity
  8
0
100
AcDbBlockEnd
  0
BLOCK
  5
116A
330
1169
100
AcDbEntity
  8
0
100
AcDbBlockBegin
  2
*D222
 70
     1
 10
0.0
 20
0.0
 30
0.0
  3
*D222
  1

  0
LINE
  5
24B0
330
1169
100
AcDbEntity
  8
Dimensions
 62
     0
440
 16777216
370
    -2
100
AcDbLine
 10
-15.62499999999996
 20
702.0000000000002
 30
0.0
 11
0.0000000000000679
 21
702.0000000000002
 31
0.0
  0
LINE
  5
24B1
330
1169
100
AcDbEntity
  8
Dimensions
 62
     0
440
 16777216
370
    -2
100
AcDbLine
 10
-316.6250000000001
 20
782.0000000000004
 30
0.0
 11
0.0000000000000537
 21
782.0000000000005
 31
0.0
  0
LINE
  5
24B2
330
1169
100
AcDbEntity
  8
Dimensions
 62
     0
440
 16777216
370
    -2
100
AcDbLine
 10
-1.249999999999935
 20
704.5000000000002
 30
0.0
 11
-1.249999999999952
 21
779.5000000000006
 31
0.0
  0
SOLID
  5
24B3
330
1169
100
AcDbEntity
  8
Dimensions
 62
     0
440
 16777216
100
AcDbTrace
 10
-1.666666666666602
 20
704.5000000000002
 30
0.0
 11
-0.8333333333332685
 21
704.5000000000002
 31
0.0
 12
-1.249999999999934
 22
702.0000000000002
 32
0.0
 13
-1.249999999999934
 23
702.0000000000002
 33
0.0
  0
SOLID
  5
24B4
330
1169
100
AcDbEntity
  8
Dimensions
 62
     0
440
 16777216
100
AcDbTrace
 10
-1.666666666666619
 20
779.5000000000006
 30
0.0
 11
-0.8333333333332852
 21
779.5000000000006
 31
0.0
 12
-1.249999999999952
 22
782.0000000000005
 32
0.0
 13
-1.249999999999952
 23
782.0000000000005
 33
0.0
  0
MTEXT
  5
24B5
330
1169
100
AcDbEntity
  8
Dimensions
 62
     0
440
 16777216
100
AcDbMText
 10
-3.151432469303962
 20
742.0000000000002
 30
0.0
 40
2.5
 41
0.0
 46
0.0
 71
     5
 72
     1
  1
80
 11
0.0000000000000001
 21
1.0
 31
0.0
 73
     1
 44
1.0
  0
POINT
  5
24B6
330
1169
100
AcDbEntity
  8
Defpoints
 62
     0
440
 16777216
100
AcDbPoint
 10
-16.24999999999996
 20
702.0000000000002
 30
0.0
  0
POINT
  5
24B7
330
1169
100
AcDbEntity
  8
Defpoints
 62
     0
440
 16777216
100
AcDbPoint
 10
-317.2500000000001
 20
782.0000000000004
 30
0.0
  0
POINT
  5
24B8
330
1169
100
AcDbEntity
  8
Defpoints
 62
     0
440
 16777216
100
AcDbPoint
 10
-1.249999999999952
 20
782.0000000000005
 30
0.0
  0
ENDBLK
  5
116B
330
1169
100
AcDbEntity
  8
0
100
AcDbBlockEnd
  0
BLOCK
  5
1176
330
1175
100
AcDbEntity
  8
0
100
AcDbBlockBegin
  2
*D223
 70
     1
 10
0.0
 20
0.0
 30
0.0
  3
*D223
  1

  0
LINE
  5
24B9
330
1175
100
AcDbEntity
  8
Dimensions
 62
     0
440
 16777216
370
    -2
100
AcDbLine
 10
-15.62499999999996
 20
782.0000000000004
 30
0.0
 11
0.0000000000000644
 21
782.0000000000004
 31
0.0
  0
LINE
  5
24BA
330
1175
100
AcDbEntity
  8
Dimensions
 62
     0
440
 16777216
370
    -2
100
AcDbLine
 10
-316.6250000000001
 20
843.0000000000005
 30
0.0
 11
0.0000000000000402
 21
843.0000000000005
 31
0.0
  0
LINE
  5
24BB
330
1175
100
AcDbEntity
  8
Dimensions
 62
     0
440
 16777216
370
    -2
100
AcDbLine
 10
-1.249999999999936
 20
784.5000000000005
 30
0.0
 11
-1.249999999999948
 21
840.5000000000006
 31
0.0
  0
SOLID
  5
24BC
330
1175
100
AcDbEntity
  8
Dimensions
 62
     0
440
 16777216
100
AcDbTrace
 10
-1.666666666666603
 20
784.5000000000005
 30
0.0
 11
-0.8333333333332692
 21
784.5000000000005
 31
0.0
 12
-1.249999999999935
 22
782.0000000000004
 32
0.0
 13
-1.249999999999935
 23
782.0000000000004
 33
0.0
  0
SOLID
  5
24BD
330
1175
100
AcDbEntity
  8
Dimensions
 62
     0
440
 16777216
100
AcDbTrace
 10
-1.666666666666615
 20
840.5000000000006
 30
0.0
 11
-0.8333333333332817
 21
840.5000000000006
 31
0.0
 12
-1.249999999999948
 22
843.0000000000005
 32
0.0
 13
-1.249999999999948
 23
843.0000000000005
 33
0.0
  0
MTEXT
  5
24BE
330
1175
100
AcDbEntity
  8
Dimensions
 62
     0
440
 16777216
100
AcDbMText
 10
-3.151432469303941
 20
812.5000000000001
 30
0.0
 40
2.5
 41
0.0
 46
0.0
 71
     5
 72
     1
  1
61
 11
0.0000000000000001
 21
1.0
 31
0.0
 73
     1
 44
1.0
  0
POINT
  5
24BF
330
1175
100
AcDbEntity
  8
Defpoints
 62
     0
440
 16777216
100
AcDbPoint
 10
-16.24999999999996
 20
782.0000000000004
 30
0.0
  0
POINT
  5
24C0
330
1175
100
AcDbEntity
  8
Defpoints
 62
     0
440
 16777216
100
AcDbPoint
 10
-317.2500000000001
 20
843.0000000000005
 30
0.0
  0
POINT
  5
24C1
330
1175
100
AcDbEntity
  8
Defpoints
 62
     0
440
 16777216
100
AcDbPoint
 10
-1.249999999999948
 20
843.0000000000005
 30
0.0
  0
ENDBLK
  5
1177
330
1175
100
AcDbEntity
  8
0
100
AcDbBlockEnd
  0
BLOCK
  5
1182
330
1181
100
AcDbEntity
  8
0
100
AcDbBlockBegin
  2
*D224
 70
     1
 10
0.0
 20
0.0
 30
0.0
  3
*D224
  1

  0
LINE
  5
24C2
330
1181
100
AcDbEntity
  8
Dimensions
 62
     0
440
 16777216
370
    -2
100
AcDbLine
 10
-15.62499999999995
 20
843.0000000000005
 30
0.0
 11
0.0000000000000722
 21
843.0000000000005
 31
0.0
  0
LINE
  5
24C3
330
1181
100
AcDbEntity
  8
Dimensions
 62
     0
440
 16777216
370
    -2
100
AcDbLine
 10
-316.6250000000001
 20
912.0000000000004
 30
0.0
 11
0.0000000000000817
 21
912.0000000000006
 31
0.0
  0
LINE
  5
24C4
330
1181
100
AcDbEntity
  8
Dimensions
 62
     0
440
 16777216
370
    -2
100
AcDbLine
 10
-1.24999999999993
 20
845.5000000000005
 30
0.0
 11
-1.249999999999944
 21
909.5000000000005
 31
0.0
  0
SOLID
  5
24C5
330
1181
100
AcDbEntity
  8
Dimensions
 62
     0
440
 16777216
100
AcDbTrace
 10
-1.666666666666596
 20
845.5000000000005
 30
0.0
 11
-0.8333333333332632
 21
845.5000000000005
 31
0.0
 12
-1.249999999999929
 22
843.0000000000005
 32
0.0
 13
-1.249999999999929
 23
843.0000000000005
 33
0.0
  0
SOLID
  5
24C6
330
1181
100
AcDbEntity
  8
Dimensions
 62
     0
440
 16777216
100
AcDbTrace
 10
-1.666666666666611
 20
909.5000000000005
 30
0.0
 11
-0.8333333333332774
 21
909.5000000000005
 31
0.0
 12
-1.249999999999944
 22
912.0000000000006
 32
0.0
 13
-1.249999999999944
 23
912.0000000000006
 33
0.0
  0
MTEXT
  5
24C7
330
1181
100
AcDbEntity
  8
Dimensions
 62
     0
440
 16777216
100
AcDbMText
 10
-3.151432469303917
 20
877.5000000000002
 30
0.0
 40
2.5
 41
0.0
 46
0.0
 71
     5
 72
     1
  1
69
 11
0.0000000000000001
 21
1.0
 31
0.0
 73
     1
 44
1.0
  0
POINT
  5
24C8
330
1181
100
AcDbEntity
  8
Defpoints
 62
     0
440
 16777216
100
AcDbPoint
 10
-16.24999999999995
 20
843.0000000000005
 30
0.0
  0
POINT
  5
24C9
330
1181
100
AcDbEntity
  8
Defpoints
 62
     0
440
 16777216
100
AcDbPoint
 10
-317.2500000000001
 20
912.0000000000004
 30
0.0
  0
POINT
  5
24CA
330
1181
100
AcDbEntity
  8
Defpoints
 62
     0
440
 16777216
100
AcDbPoint
 10
-1.249999999999944
 20
912.0000000000006
 30
0.0
  0
ENDBLK
  5
1183
330
1181
100
AcDbEntity
  8
0
100
AcDbBlockEnd
  0
BLOCK
  5
118E
330
118D
100
AcDbEntity
  8
0
100
AcDbBlockBegin
  2
*D225
 70
     1
 10
0.0
 20
0.0
 30
0.0
  3
*D225
  1

  0
LINE
  5
24CB
330
118D
100
AcDbEntity
  8
Dimensions
 62
     0
440
 16777216
370
    -2
100
AcDbLine
 10
-15.62499999999995
 20
912.0000000000004
 30
0.0
 11
0.0000000000000639
 21
912.0000000000004
 31
0.0
  0
LINE
  5
24CC
330
118D
100
AcDbEntity
  8
Dimensions
 62
     0
440
 16777216
370
    -2
100
AcDbLine
 10
-316.6250000000001
 20
943.0000000000005
 30
0.0
 11
0.0000000000000748
 21
943.0000000000005
 31
0.0
  0
LINE
  5
24CD
330
118D
100
AcDbEntity
  8
Dimensions
 62
     0
440
 16777216
370
    -2
100
AcDbLine
 10
-1.249999999999936
 20
914.5000000000004
 30
0.0
 11
-1.249999999999942
 21
940.5000000000006
 31
0.0
  0
SOLID
  5
24CE
330
118D
100
AcDbEntity
  8
Dimensions
 62
     0
440
 16777216
100
AcDbTrace
 10
-1.666666666666603
 20
914.5000000000004
 30
0.0
 11
-0.8333333333332696
 21
914.5000000000004
 31
0.0
 12
-1.249999999999935
 22
912.0000000000004
 32
0.0
 13
-1.249999999999935
 23
912.0000000000004
 33
0.0
  0
SOLID
  5
24CF
330
118D
100
AcDbEntity
  8
Dimensions
 62
     0
440
 16777216
100
AcDbTrace
 10
-1.666666666666609
 20
940.5000000000006
 30
0.0
 11
-0.8333333333332754
 21
940.5000000000006
 31
0.0
 12
-1.249999999999942
 22
943.0000000000005
 32
0.0
 13
-1.249999999999942
 23
943.0000000000005
 33
0.0
  0
MTEXT
  5
24D0
330
118D
100
AcDbEntity
  8
Dimensions
 62
     0
440
 16777216
100
AcDbMText
 10
-3.152285129604042
 20
927.5000000000002
 30
0.0
 40
2.5
 41
0.0
 46
0.0
 71
     5
 72
     1
  1
31
 11
0.0000000000000001
 21
1.0
 31
0.0
 73
     1
 44
1.0
  0
POINT
  5
24D1
330
118D
100
AcDbEntity
  8
Defpoints
 62
     0
440
 16777216
100
AcDbPoint
 10
-16.24999999999995
 20
912.0000000000004
 30
0.0
  0
POINT
  5
24D2
330
118D
100
AcDbEntity
  8
Defpoints
 62
     0
440
 16777216
100
AcDbPoint
 10
-317.2500000000001
 20
943.0000000000005
 30
0.0
  0
POINT
  5
24D3
330
118D
100
AcDbEntity
  8
Defpoints
 62
     0
440
 16777216
100
AcDbPoint
 10
-1.249999999999942
 20
943.0000000000005
 30
0.0
  0
ENDBLK
  5
118F
330
118D
100
AcDbEntity
  8
0
100
AcDbBlockEnd
  0
BLOCK
  5
119A
330
1199
100
AcDbEntity
  8
0
100
AcDbBlockBegin
  2
*D226
 70
     1
 10
0.0
 20
0.0
 30
0.0
  3
*D226
  1

  0
LINE
  5
250D
330
1199
100
AcDbEntity
  8
Dimensions
 62
     0
440
 16777216
370
    -2
100
AcDbLine
 10
-317.8750000000001
 20
1001.0
 30
0.0
 11
-338.5000000000001
 21
1001.0
 31
0.0
  0
LINE
  5
250E
330
1199
100
AcDbEntity
  8
Dimensions
 62
     0
440
 16777216
370
    -2
100
AcDbLine
 10
-197.875
 20
936.0000000000004
 30
0.0
 11
-338.5000000000001
 21
936.0000000000002
 31
0.0
  0
LINE
  5
250F
330
1199
100
AcDbEntity
  8
Dimensions
 62
     0
440
 16777216
370
    -2
100
AcDbLine
 10
-337.25
 20
998.5000000000004
 30
0.0
 11
-337.25
 21
938.5000000000003
 31
0.0
  0
SOLID
  5
2510
330
1199
100
AcDbEntity
  8
Dimensions
 62
     0
440
 16777216
100
AcDbTrace
 10
-337.6666666666667
 20
998.5000000000004
 30
0.0
 11
-336.8333333333334
 21
998.5000000000004
 31
0.0
 12
-337.25
 22
1001.0
 32
0.0
 13
-337.25
 23
1001.0
 33
0.0
  0
SOLID
  5
2511
330
1199
100
AcDbEntity
  8
Dimensions
 62
     0
440
 16777216
100
AcDbTrace
 10
-337.6666666666667
 20
938.5000000000003
 30
0.0
 11
-336.8333333333334
 21
938.5000000000003
 31
0.0
 12
-337.25
 22
936.0000000000002
 32
0.0
 13
-337.25
 23
936.0000000000002
 33
0.0
  0
MTEXT
  5
2512
330
1199
100
AcDbEntity
  8
Dimensions
 62
     0
440
 16777216
100
AcDbMText
 10
-339.1514324693039
 20
968.5000000000002
 30
0.0
 40
2.5
 41
0.0
 46
0.0
 71
     5
 72
     1
  1
65
 11
0.0000000000000001
 21
1.0
 31
0.0
 73
     1
 44
1.0
  0
POINT
  5
2513
330
1199
100
AcDbEntity
  8
Defpoints
 62
     0
440
 16777216
100
AcDbPoint
 10
-317.2500000000001
 20
1001.0
 30
0.0
  0
POINT
  5
2514
330
1199
100
AcDbEntity
  8
Defpoints
 62
     0
440
 16777216
100
AcDbPoint
 10
-197.25
 20
936.0000000000004
 30
0.0
  0
POINT
  5
2515
330
1199
100
AcDbEntity
  8
Defpoints
 62
     0
440
 16777216
100
AcDbPoint
 10
-337.25
 20
936.0000000000002
 30
0.0
  0
ENDBLK
  5
119B
330
1199
100
AcDbEntity
  8
0
100
AcDbBlockEnd
  0
BLOCK
  5
11A6
330
11A5
100
AcDbEntity
  8
0
100
AcDbBlockBegin
  2
*D227
 70
     1
 10
0.0
 20
0.0
 30
0.0
  3
*D227
  1

  0
LINE
  5
2516
330
11A5
100
AcDbEntity
  8
Dimensions
 62
     0
440
 16777216
370
    -2
100
AcDbLine
 10
-317.8750000000001
 20
936.0000000000004
 30
0.0
 11
-338.5000000000001
 21
936.0000000000004
 31
0.0
  0
LINE
  5
2517
330
11A5
100
AcDbEntity
  8
Dimensions
 62
     0
440
 16777216
370
    -2
100
AcDbLine
 10
-197.875
 20
836.0000000000004
 30
0.0
 11
-338.5000000000001
 21
836.0000000000002
 31
0.0
  0
LINE
  5
2518
330
11A5
100
AcDbEntity
  8
Dimensions
 62
     0
440
 16777216
370
    -2
100
AcDbLine
 10
-337.2500000000001
 20
933.5000000000004
 30
0.0
 11
-337.25
 21
838.5000000000003
 31
0.0
  0
SOLID
  5
2519
330
11A5
100
AcDbEntity
  8
Dimensions
 62
     0
440
 16777216
100
AcDbTrace
 10
-337.6666666666668
 20
933.5000000000004
 30
0.0
 11
-336.8333333333334
 21
933.5000000000004
 31
0.0
 12
-337.2500000000001
 22
936.0000000000004
 32
0.0
 13
-337.2500000000001
 23
936.0000000000004
 33
0.0
  0
SOLID
  5
251A
330
11A5
100
AcDbEntity
  8
Dimensions
 62
     0
440
 16777216
100
AcDbTrace
 10
-337.6666666666667
 20
838.5000000000003
 30
0.0
 11
-336.8333333333334
 21
838.5000000000003
 31
0.0
 12
-337.25
 22
836.0000000000002
 32
0.0
 13
-337.25
 23
836.0000000000002
 33
0.0
  0
MTEXT
  5
251B
330
11A5
100
AcDbEntity
  8
Dimensions
 62
     0
440
 16777216
100
AcDbMText
 10
-339.151432469304
 20
886.0000000000002
 30
0.0
 40
2.5
 41
0.0
 46
0.0
 71
     5
 72
     1
  1
100
 11
0.0000000000000001
 21
1.0
 31
0.0
 73
     1
 44
1.0
  0
POINT
  5
251C
330
11A5
100
AcDbEntity
  8
Defpoints
 62
     0
440
 16777216
100
AcDbPoint
 10
-317.2500000000001
 20
936.0000000000004
 30
0.0
  0
POINT
  5
251D
330
11A5
100
AcDbEntity
  8
Defpoints
 62
     0
440
 16777216
100
AcDbPoint
 10
-197.25
 20
836.0000000000004
 30
0.0
  0
POINT
  5
251E
330
11A5
100
AcDbEntity
  8
Defpoints
 62
     0
440
 16777216
100
AcDbPoint
 10
-337.25
 20
836.0000000000002
 30
0.0
  0
ENDBLK
  5
11A7
330
11A5
100
AcDbEntity
  8
0
100
AcDbBlockEnd
  0
BLOCK
  5
11B2
330
11B1
100
AcDbEntity
  8
0
100
AcDbBlockBegin
  2
*D228
 70
     1
 10
0.0
 20
0.0
 30
0.0
  3
*D228
  1

  0
LINE
  5
252F
330
11B1
100
AcDbEntity
  8
Dimensions
 62
     0
440
 16777216
370
    -2
100
AcDbLine
 10
-197.2499999999999
 20
519.375
 30
0.0
 11
-197.2499999999999
 21
351.7500000000002
 31
0.0
  0
LINE
  5
2530
330
11B1
100
AcDbEntity
  8
Dimensions
 62
     0
440
 16777216
370
    -2
100
AcDbLine
 10
-262.25
 20
519.375
 30
0.0
 11
-262.25
 21
351.7500000000002
 31
0.0
  0
LINE
  5
2531
330
11B1
100
AcDbEntity
  8
Dimensions
 62
     0
440
 16777216
370
    -2
100
AcDbLine
 10
-199.75
 20
353.0000000000002
 30
0.0
 11
-259.75
 21
353.0000000000002
 31
0.0
  0
SOLID
  5
2532
330
11B1
100
AcDbEntity
  8
Dimensions
 62
     0
440
 16777216
100
AcDbTrace
 10
-199.75
 20
353.4166666666669
 30
0.0
 11
-199.75
 21
352.5833333333336
 31
0.0
 12
-197.2499999999999
 22
353.0000000000002
 32
0.0
 13
-197.2499999999999
 23
353.0000000000002
 33
0.0
  0
SOLID
  5
2533
330
11B1
100
AcDbEntity
  8
Dimensions
 62
     0
440
 16777216
100
AcDbTrace
 10
-259.75
 20
353.4166666666669
 30
0.0
 11
-259.75
 21
352.5833333333336
 31
0.0
 12
-262.25
 22
353.0000000000002
 32
0.0
 13
-262.25
 23
353.0000000000002
 33
0.0
  0
MTEXT
  5
2534
330
11B1
100
AcDbEntity
  8
Dimensions
 62
     0
440
 16777216
100
AcDbMText
 10
-229.7499999999999
 20
354.9014324693045
 30
0.0
 40
2.5
 41
0.0
 46
0.0
 71
     5
 72
     1
  1
65
 73
     1
 44
1.0
  0
POINT
  5
2535
330
11B1
100
AcDbEntity
  8
Defpoints
 62
     0
440
 16777216
100
AcDbPoint
 10
-197.2499999999999
 20
520.0
 30
0.0
  0
POINT
  5
2536
330
11B1
100
AcDbEntity
  8
Defpoints
 62
     0
440
 16777216
100
AcDbPoint
 10
-262.25
 20
520.0
 30
0.0
  0
POINT
  5
2537
330
11B1
100
AcDbEntity
  8
Defpoints
 62
     0
440
 16777216
100
AcDbPoint
 10
-262.25
 20
353.0000000000002
 30
0.0
  0
ENDBLK
  5
11B3
330
11B1
100
AcDbEntity
  8
0
100
AcDbBlockEnd
  0
BLOCK
  5
11BE
330
11BD
100
AcDbEntity
  8
0
100
AcDbBlockBegin
  2
*D229
 70
     1
 10
0.0
 20
0.0
 30
0.0
  3
*D229
  1

  0
LINE
  5
2538
330
11BD
100
AcDbEntity
  8
Dimensions
 62
     0
440
 16777216
370
    -2
100
AcDbLine
 10
-262.25
 20
519.375
 30
0.0
 11
-262.25
 21
351.7500000000002
 31
0.0
  0
LINE
  5
2539
330
11BD
100
AcDbEntity
  8
Dimensions
 62
     0
440
 16777216
370
    -2
100
AcDbLine
 10
-287.25
 20
519.375
 30
0.0
 11
-287.25
 21
351.7500000000002
 31
0.0
  0
LINE
  5
253A
330
11BD
100
AcDbEntity
  8
Dimensions
 62
     0
440
 16777216
370
    -2
100
AcDbLine
 10
-264.7499999999999
 20
353.0000000000002
 30
0.0
 11
-284.75
 21
353.0000000000002
 31
0.0
  0
SOLID
  5
253B
330
11BD
100
AcDbEntity
  8
Dimensions
 62
     0
440
 16777216
100
AcDbTrace
 10
-264.7499999999999
 20
353.4166666666669
 30
0.0
 11
-264.7499999999999
 21
352.5833333333336
 31
0.0
 12
-262.25
 22
353.0000000000002
 32
0.0
 13
-262.25
 23
353.0000000000002
 33
0.0
  0
SOLID
  5
253C
330
11BD
100
AcDbEntity
  8
Dimensions
 62
     0
440
 16777216
100
AcDbTrace
 10
-284.75
 20
353.4166666666669
 30
0.0
 11
-284.75
 21
352.5833333333336
 31
0.0
 12
-287.25
 22
353.0000000000002
 32
0.0
 13
-287.25
 23
353.0000000000002
 33
0.0
  0
MTEXT
  5
253D
330
11BD
100
AcDbEntity
  8
Dimensions
 62
     0
440
 16777216
100
AcDbMText
 10
-274.75
 20
354.9014324693045
 30
0.0
 40
2.5
 41
0.0
 46
0.0
 71
     5
 72
     1
  1
25
 73
     1
 44
1.0
  0
POINT
  5
253E
330
11BD
100
AcDbEntity
  8
Defpoints
 62
     0
440
 16777216
100
AcDbPoint
 10
-262.25
 20
520.0
 30
0.0
  0
POINT
  5
253F
330
11BD
100
AcDbEntity
  8
Defpoints
 62
     0
440
 16777216
100
AcDbPoint
 10
-287.25
 20
520.0
 30
0.0
  0
POINT
  5
2540
330
11BD
100
AcDbEntity
  8
Defpoints
 62
     0
440
 16777216
100
AcDbPoint
 10
-287.25
 20
353.0000000000002
 30
0.0
  0
ENDBLK
  5
11BF
330
11BD
100
AcDbEntity
  8
0
100
AcDbBlockEnd
  0
BLOCK
  5
11CA
330
11C9
100
AcDbEntity
  8
0
100
AcDbBlockBegin
  2
*D230
 70
     1
 10
0.0
 20
0.0
 30
0.0
  3
*D230
  1

  0
LINE
  5
2541
330
11C9
100
AcDbEntity
  8
Dimensions
 62
     0
440
 16777216
370
    -2
100
AcDbLine
 10
-197.8750000000001
 20
520.0000000000001
 30
0.0
 11
-304.5000000000001
 21
520.0000000000001
 31
0.0
  0
LINE
  5
2542
330
11C9
100
AcDbEntity
  8
Dimensions
 62
     0
440
 16777216
370
    -2
100
AcDbLine
 10
-197.8750000000001
 20
435.0000000000002
 30
0.0
 11
-304.5000000000001
 21
435.0000000000002
 31
0.0
  0
LINE
  5
2543
330
11C9
100
AcDbEntity
  8
Dimensions
 62
     0
440
 16777216
370
    -2
100
AcDbLine
 10
-303.2500000000001
 20
517.5000000000001
 30
0.0
 11
-303.2500000000001
 21
437.5000000000002
 31
0.0
  0
SOLID
  5
2544
330
11C9
100
AcDbEntity
  8
Dimensions
 62
     0
440
 16777216
100
AcDbTrace
 10
-303.6666666666668
 20
517.5000000000001
 30
0.0
 11
-302.8333333333334
 21
517.5000000000001
 31
0.0
 12
-303.2500000000001
 22
520.0000000000001
 32
0.0
 13
-303.2500000000001
 23
520.0000000000001
 33
0.0
  0
SOLID
  5
2545
330
11C9
100
AcDbEntity
  8
Dimensions
 62
     0
440
 16777216
100
AcDbTrace
 10
-303.6666666666668
 20
437.5000000000002
 30
0.0
 11
-302.8333333333334
 21
437.5000000000002
 31
0.0
 12
-303.2500000000001
 22
435.0000000000002
 32
0.0
 13
-303.2500000000001
 23
435.0000000000002
 33
0.0
  0
MTEXT
  5
2546
330
11C9
100
AcDbEntity
  8
Dimensions
 62
     0
440
 16777216
100
AcDbMText
 10
-305.1514324693041
 20
477.5000000000001
 30
0.0
 40
2.5
 41
0.0
 46
0.0
 71
     5
 72
     1
  1
85
 11
0.0000000000000001
 21
1.0
 31
0.0
 73
     1
 44
1.0
  0
POINT
  5
2547
330
11C9
100
AcDbEntity
  8
Defpoints
 62
     0
440
 16777216
100
AcDbPoint
 10
-197.2500000000001
 20
520.0000000000001
 30
0.0
  0
POINT
  5
2548
330
11C9
100
AcDbEntity
  8
Defpoints
 62
     0
440
 16777216
100
AcDbPoint
 10
-197.2500000000001
 20
435.0000000000002
 30
0.0
  0
POINT
  5
2549
330
11C9
100
AcDbEntity
  8
Defpoints
 62
     0
440
 16777216
100
AcDbPoint
 10
-303.2500000000001
 20
435.0000000000002
 30
0.0
  0
ENDBLK
  5
11CB
330
11C9
100
AcDbEntity
  8
0
100
AcDbBlockEnd
  0
BLOCK
  5
11D6
330
11D5
100
AcDbEntity
  8
0
100
AcDbBlockBegin
  2
*D231
 70
     1
 10
0.0
 20
0.0
 30
0.0
  3
*D231
  1

  0
LINE
  5
255A
330
11D5
100
AcDbEntity
  8
Dimensions
 62
     0
440
 16777216
370
    -2
100
AcDbLine
 10
-742.8750000000002
 20
471.0000000000002
 30
0.0
 11
-750.5000000000002
 21
471.0000000000002
 31
0.0
  0
LINE
  5
255B
330
11D5
100
AcDbEntity
  8
Dimensions
 62
     0
440
 16777216
370
    -2
100
AcDbLine
 10
-197.8750000000001
 20
391.0000000000002
 30
0.0
 11
-750.5000000000002
 21
391.0000000000002
 31
0.0
  0
LINE
  5
255C
330
11D5
100
AcDbEntity
  8
Dimensions
 62
     0
440
 16777216
370
    -2
100
AcDbLine
 10
-749.2500000000002
 20
468.5000000000003
 30
0.0
 11
-749.2500000000002
 21
393.5000000000002
 31
0.0
  0
SOLID
  5
255D
330
11D5
100
AcDbEntity
  8
Dimensions
 62
     0
440
 16777216
100
AcDbTrace
 10
-749.6666666666668
 20
468.5000000000003
 30
0.0
 11
-748.8333333333335
 21
468.5000000000003
 31
0.0
 12
-749.2500000000002
 22
471.0000000000002
 32
0.0
 13
-749.2500000000002
 23
471.0000000000002
 33
0.0
  0
SOLID
  5
255E
330
11D5
100
AcDbEntity
  8
Dimensions
 62
     0
440
 16777216
100
AcDbTrace
 10
-749.6666666666668
 20
393.5000000000002
 30
0.0
 11
-748.8333333333335
 21
393.5000000000002
 31
0.0
 12
-749.2500000000002
 22
391.0000000000002
 32
0.0
 13
-749.2500000000002
 23
391.0000000000002
 33
0.0
  0
MTEXT
  5
255F
330
11D5
100
AcDbEntity
  8
Dimensions
 62
     0
440
 16777216
100
AcDbMText
 10
-751.1514324693043
 20
431.0000000000003
 30
0.0
 40
2.5
 41
0.0
 46
0.0
 71
     5
 72
     1
  1
80
 11
0.0000000000000001
 21
1.0
 31
0.0
 73
     1
 44
1.0
  0
POINT
  5
2560
330
11D5
100
AcDbEntity
  8
Defpoints
 62
     0
440
 16777216
100
AcDbPoint
 10
-742.2500000000002
 20
471.0000000000002
 30
0.0
  0
POINT
  5
2561
330
11D5
100
AcDbEntity
  8
Defpoints
 62
     0
440
 16777216
100
AcDbPoint
 10
-197.2500000000001
 20
391.0000000000002
 30
0.0
  0
POINT
  5
2562
330
11D5
100
AcDbEntity
  8
Defpoints
 62
     0
440
 16777216
100
AcDbPoint
 10
-749.2500000000002
 20
391.0000000000002
 30
0.0
  0
ENDBLK
  5
11D7
330
11D5
100
AcDbEntity
  8
0
100
AcDbBlockEnd
  0
BLOCK
  5
11E2
330
11E1
100
AcDbEntity
  8
0
100
AcDbBlockBegin
  2
*D232
 70
     1
 10
0.0
 20
0.0
 30
0.0
  3
*D232
  1

  0
LINE
  5
2563
330
11E1
100
AcDbEntity
  8
Dimensions
 62
     0
440
 16777216
370
    -2
100
AcDbLine
 10
-742.25
 20
390.375
 30
0.0
 11
-742.25
 21
380.7500000000003
 31
0.0
  0
LINE
  5
2564
330
11E1
100
AcDbEntity
  8
Dimensions
 62
     0
440
 16777216
370
    -2
100
AcDbLine
 10
-637.25
 20
390.375
 30
0.0
 11
-637.25
 21
380.7500000000003
 31
0.0
  0
LINE
  5
2565
330
11E1
100
AcDbEntity
  8
Dimensions
 62
     0
440
 16777216
370
    -2
100
AcDbLine
 10
-739.7499999999999
 20
382.0000000000003
 30
0.0
 11
-639.7499999999999
 21
382.0000000000003
 31
0.0
  0
SOLID
  5
2566
330
11E1
100
AcDbEntity
  8
Dimensions
 62
     0
440
 16777216
100
AcDbTrace
 10
-739.7499999999999
 20
382.416666666667
 30
0.0
 11
-739.7499999999999
 21
381.5833333333336
 31
0.0
 12
-742.25
 22
382.0000000000003
 32
0.0
 13
-742.25
 23
382.0000000000003
 33
0.0
  0
SOLID
  5
2567
330
11E1
100
AcDbEntity
  8
Dimensions
 62
     0
440
 16777216
100
AcDbTrace
 10
-639.7499999999999
 20
382.416666666667
 30
0.0
 11
-639.7499999999999
 21
381.5833333333336
 31
0.0
 12
-637.25
 22
382.0000000000003
 32
0.0
 13
-637.25
 23
382.0000000000003
 33
0.0
  0
MTEXT
  5
2568
330
11E1
100
AcDbEntity
  8
Dimensions
 62
     0
440
 16777216
100
AcDbMText
 10
-689.7499999999999
 20
383.9014324693045
 30
0.0
 40
2.5
 41
0.0
 46
0.0
 71
     5
 72
     1
  1
105
 73
     1
 44
1.0
  0
POINT
  5
2569
330
11E1
100
AcDbEntity
  8
Defpoints
 62
     0
440
 16777216
100
AcDbPoint
 10
-742.25
 20
391.0000000000001
 30
0.0
  0
POINT
  5
256A
330
11E1
100
AcDbEntity
  8
Defpoints
 62
     0
440
 16777216
100
AcDbPoint
 10
-637.25
 20
391.0000000000001
 30
0.0
  0
POINT
  5
256B
330
11E1
100
AcDbEntity
  8
Defpoints
 62
     0
440
 16777216
100
AcDbPoint
 10
-637.25
 20
382.0000000000003
 30
0.0
  0
ENDBLK
  5
11E3
330
11E1
100
AcDbEntity
  8
0
100
AcDbBlockEnd
  0
BLOCK
  5
11EE
330
11ED
100
AcDbEntity
  8
0
100
AcDbBlockBegin
  2
*D233
 70
     1
 10
0.0
 20
0.0
 30
0.0
  3
*D233
  1

  0
LINE
  5
256C
330
11ED
100
AcDbEntity
  8
Dimensions
 62
     0
440
 16777216
370
    -2
100
AcDbLine
 10
-637.25
 20
390.375
 30
0.0
 11
-637.25
 21
380.7500000000002
 31
0.0
  0
LINE
  5
256D
330
11ED
100
AcDbEntity
  8
Dimensions
 62
     0
440
 16777216
370
    -2
100
AcDbLine
 10
-467.25
 20
390.375
 30
0.0
 11
-467.25
 21
380.7500000000002
 31
0.0
  0
LINE
  5
256E
330
11ED
100
AcDbEntity
  8
Dimensions
 62
     0
440
 16777216
370
    -2
100
AcDbLine
 10
-634.75
 20
382.0000000000002
 30
0.0
 11
-469.7499999999999
 21
382.0000000000002
 31
0.0
  0
SOLID
  5
256F
330
11ED
100
AcDbEntity
  8
Dimensions
 62
     0
440
 16777216
100
AcDbTrace
 10
-634.75
 20
382.4166666666669
 30
0.0
 11
-634.75
 21
381.5833333333335
 31
0.0
 12
-637.25
 22
382.0000000000002
 32
0.0
 13
-637.25
 23
382.0000000000002
 33
0.0
  0
SOLID
  5
2570
330
11ED
100
AcDbEntity
  8
Dimensions
 62
     0
440
 16777216
100
AcDbTrace
 10
-469.7499999999999
 20
382.4166666666669
 30
0.0
 11
-469.7499999999999
 21
381.5833333333335
 31
0.0
 12
-467.25
 22
382.0000000000002
 32
0.0
 13
-467.25
 23
382.0000000000002
 33
0.0
  0
MTEXT
  5
2571
330
11ED
100
AcDbEntity
  8
Dimensions
 62
     0
440
 16777216
100
AcDbMText
 10
-552.2499999999999
 20
383.9014324693044
 30
0.0
 40
2.5
 41
0.0
 46
0.0
 71
     5
 72
     1
  1
170
 73
     1
 44
1.0
  0
POINT
  5
2572
330
11ED
100
AcDbEntity
  8
Defpoints
 62
     0
440
 16777216
100
AcDbPoint
 10
-637.25
 20
391.0000000000001
 30
0.0
  0
POINT
  5
2573
330
11ED
100
AcDbEntity
  8
Defpoints
 62
     0
440
 16777216
100
AcDbPoint
 10
-467.25
 20
391.0000000000001
 30
0.0
  0
POINT
  5
2574
330
11ED
100
AcDbEntity
  8
Defpoints
 62
     0
440
 16777216
100
AcDbPoint
 10
-467.25
 20
382.0000000000002
 30
0.0
  0
ENDBLK
  5
11EF
330
11ED
100
AcDbEntity
  8
0
100
AcDbBlockEnd
  0
BLOCK
  5
11FA
330
11F9
100
AcDbEntity
  8
0
100
AcDbBlockBegin
  2
*D234
 70
     1
 10
0.0
 20
0.0
 30
0.0
  3
*D234
  1

  0
LINE
  5
2575
330
11F9
100
AcDbEntity
  8
Dimensions
 62
     0
440
 16777216
370
    -2
100
AcDbLine
 10
-467.25
 20
390.375
 30
0.0
 11
-467.25
 21
380.7500000000002
 31
0.0
  0
LINE
  5
2576
330
11F9
100
AcDbEntity
  8
Dimensions
 62
     0
440
 16777216
370
    -2
100
AcDbLine
 10
-297.25
 20
390.375
 30
0.0
 11
-297.25
 21
380.7500000000002
 31
0.0
  0
LINE
  5
2577
330
11F9
100
AcDbEntity
  8
Dimensions
 62
     0
440
 16777216
370
    -2
100
AcDbLine
 10
-464.7499999999999
 20
382.0000000000002
 30
0.0
 11
-299.75
 21
382.0000000000002
 31
0.0
  0
SOLID
  5
2578
330
11F9
100
AcDbEntity
  8
Dimensions
 62
     0
440
 16777216
100
AcDbTrace
 10
-464.7499999999999
 20
382.4166666666669
 30
0.0
 11
-464.7499999999999
 21
381.5833333333335
 31
0.0
 12
-467.25
 22
382.0000000000002
 32
0.0
 13
-467.25
 23
382.0000000000002
 33
0.0
  0
SOLID
  5
2579
330
11F9
100
AcDbEntity
  8
Dimensions
 62
     0
440
 16777216
100
AcDbTrace
 10
-299.75
 20
382.4166666666669
 30
0.0
 11
-299.75
 21
381.5833333333335
 31
0.0
 12
-297.25
 22
382.0000000000002
 32
0.0
 13
-297.25
 23
382.0000000000002
 33
0.0
  0
MTEXT
  5
257A
330
11F9
100
AcDbEntity
  8
Dimensions
 62
     0
440
 16777216
100
AcDbMText
 10
-382.25
 20
383.9014324693044
 30
0.0
 40
2.5
 41
0.0
 46
0.0
 71
     5
 72
     1
  1
170
 73
     1
 44
1.0
  0
POINT
  5
257B
330
11F9
100
AcDbEntity
  8
Defpoints
 62
     0
440
 16777216
100
AcDbPoint
 10
-467.25
 20
391.0000000000001
 30
0.0
  0
POINT
  5
257C
330
11F9
100
AcDbEntity
  8
Defpoints
 62
     0
440
 16777216
100
AcDbPoint
 10
-297.25
 20
391.0
 30
0.0
  0
POINT
  5
257D
330
11F9
100
AcDbEntity
  8
Defpoints
 62
     0
440
 16777216
100
AcDbPoint
 10
-297.25
 20
382.0000000000002
 30
0.0
  0
ENDBLK
  5
11FB
330
11F9
100
AcDbEntity
  8
0
100
AcDbBlockEnd
  0
BLOCK
  5
1206
330
1205
100
AcDbEntity
  8
0
100
AcDbBlockBegin
  2
*D235
 70
     1
 10
0.0
 20
0.0
 30
0.0
  3
*D235
  1

  0
LINE
  5
2596
330
1205
100
AcDbEntity
  8
Dimensions
 62
     0
440
 16777216
370
    -2
100
AcDbLine
 10
-196.625
 20
1169.0
 30
0.0
 11
-170.0
 21
1169.0
 31
0.0
  0
LINE
  5
2597
330
1205
100
AcDbEntity
  8
Dimensions
 62
     0
440
 16777216
370
    -2
100
AcDbLine
 10
-196.625
 20
1210.0
 30
0.0
 11
-170.0
 21
1210.0
 31
0.0
  0
LINE
  5
2598
330
1205
100
AcDbEntity
  8
Dimensions
 62
     0
440
 16777216
370
    -2
100
AcDbLine
 10
-171.2499999999999
 20
1171.5
 30
0.0
 11
-171.2499999999999
 21
1207.5
 31
0.0
  0
SOLID
  5
2599
330
1205
100
AcDbEntity
  8
Dimensions
 62
     0
440
 16777216
100
AcDbTrace
 10
-171.6666666666666
 20
1171.5
 30
0.0
 11
-170.8333333333333
 21
1171.5
 31
0.0
 12
-171.2499999999999
 22
1169.0
 32
0.0
 13
-171.2499999999999
 23
1169.0
 33
0.0
  0
SOLID
  5
259A
330
1205
100
AcDbEntity
  8
Dimensions
 62
     0
440
 16777216
100
AcDbTrace
 10
-171.6666666666666
 20
1207.5
 30
0.0
 11
-170.8333333333333
 21
1207.5
 31
0.0
 12
-171.2499999999999
 22
1210.0
 32
0.0
 13
-171.2499999999999
 23
1210.0
 33
0.0
  0
MTEXT
  5
259B
330
1205
100
AcDbEntity
  8
Dimensions
 62
     0
440
 16777216
100
AcDbMText
 10
-173.1301159618004
 20
1189.5
 30
0.0
 40
2.5
 41
0.0
 46
0.0
 71
     5
 72
     1
  1
41
 11
0.0000000000000001
 21
1.0
 31
0.0
 73
     1
 44
1.0
  0
POINT
  5
259C
330
1205
100
AcDbEntity
  8
Defpoints
 62
     0
440
 16777216
100
AcDbPoint
 10
-197.25
 20
1169.0
 30
0.0
  0
POINT
  5
259D
330
1205
100
AcDbEntity
  8
Defpoints
 62
     0
440
 16777216
100
AcDbPoint
 10
-197.25
 20
1210.0
 30
0.0
  0
POINT
  5
259E
330
1205
100
AcDbEntity
  8
Defpoints
 62
     0
440
 16777216
100
AcDbPoint
 10
-171.2499999999999
 20
1210.0
 30
0.0
  0
ENDBLK
  5
1207
330
1205
100
AcDbEntity
  8
0
100
AcDbBlockEnd
  0
BLOCK
  5
1212
330
1211
100
AcDbEntity
  8
0
100
AcDbBlockBegin
  2
*D236
 70
     1
 10
0.0
 20
0.0
 30
0.0
  3
*D236
  1

  0
LINE
  5
259F
330
1211
100
AcDbEntity
  8
Dimensions
 62
     0
440
 16777216
370
    -2
100
AcDbLine
 10
-318.6250000000001
 20
1210.0
 30
0.0
 11
-169.9999999999999
 21
1210.0
 31
0.0
  0
LINE
  5
25A0
330
1211
100
AcDbEntity
  8
Dimensions
 62
     0
440
 16777216
370
    -2
100
AcDbLine
 10
-196.625
 20
1307.0
 30
0.0
 11
-170.0
 21
1307.0
 31
0.0
  0
LINE
  5
25A1
330
1211
100
AcDbEntity
  8
Dimensions
 62
     0
440
 16777216
370
    -2
100
AcDbLine
 10
-171.2499999999999
 20
1212.5
 30
0.0
 11
-171.2499999999999
 21
1304.5
 31
0.0
  0
SOLID
  5
25A2
330
1211
100
AcDbEntity
  8
Dimensions
 62
     0
440
 16777216
100
AcDbTrace
 10
-171.6666666666666
 20
1212.5
 30
0.0
 11
-170.8333333333333
 21
1212.5
 31
0.0
 12
-171.2499999999999
 22
1210.0
 32
0.0
 13
-171.2499999999999
 23
1210.0
 33
0.0
  0
SOLID
  5
25A3
330
1211
100
AcDbEntity
  8
Dimensions
 62
     0
440
 16777216
100
AcDbTrace
 10
-171.6666666666666
 20
1304.5
 30
0.0
 11
-170.8333333333333
 21
1304.5
 31
0.0
 12
-171.2499999999999
 22
1307.0
 32
0.0
 13
-171.2499999999999
 23
1307.0
 33
0.0
  0
MTEXT
  5
25A4
330
1211
100
AcDbEntity
  8
Dimensions
 62
     0
440
 16777216
100
AcDbMText
 10
-173.1514324693038
 20
1258.5
 30
0.0
 40
2.5
 41
0.0
 46
0.0
 71
     5
 72
     1
  1
97
 11
0.0000000000000001
 21
1.0
 31
0.0
 73
     1
 44
1.0
  0
POINT
  5
25A5
330
1211
100
AcDbEntity
  8
Defpoints
 62
     0
440
 16777216
100
AcDbPoint
 10
-319.2500000000001
 20
1210.0
 30
0.0
  0
POINT
  5
25A6
330
1211
100
AcDbEntity
  8
Defpoints
 62
     0
440
 16777216
100
AcDbPoint
 10
-197.25
 20
1307.0
 30
0.0
  0
POINT
  5
25A7
330
1211
100
AcDbEntity
  8
Defpoints
 62
     0
440
 16777216
100
AcDbPoint
 10
-171.2499999999999
 20
1307.0
 30
0.0
  0
ENDBLK
  5
1213
330
1211
100
AcDbEntity
  8
0
100
AcDbBlockEnd
  0
BLOCK
  5
121E
330
121D
100
AcDbEntity
  8
0
100
AcDbBlockBegin
  2
*D237
 70
     1
 10
0.0
 20
0.0
 30
0.0
  3
*D237
  1

  0
LINE
  5
25A8
330
121D
100
AcDbEntity
  8
Dimensions
 62
     0
440
 16777216
370
    -2
100
AcDbLine
 10
-741.6250000000001
 20
1307.0
 30
0.0
 11
-170.0
 21
1307.000000000001
 31
0.0
  0
LINE
  5
25A9
330
121D
100
AcDbEntity
  8
Dimensions
 62
     0
440
 16777216
370
    -2
100
AcDbLine
 10
-741.6250000000001
 20
1328.0
 30
0.0
 11
-170.0
 21
1328.0
 31
0.0
  0
LINE
  5
25AA
330
121D
100
AcDbEntity
  8
Dimensions
 62
     0
440
 16777216
370
    -2
100
AcDbLine
 10
-171.2499999999999
 20
1309.5
 30
0.0
 11
-171.2499999999999
 21
1325.500000000001
 31
0.0
  0
SOLID
  5
25AB
330
121D
100
AcDbEntity
  8
Dimensions
 62
     0
440
 16777216
100
AcDbTrace
 10
-171.6666666666666
 20
1309.5
 30
0.0
 11
-170.8333333333333
 21
1309.5
 31
0.0
 12
-171.2499999999999
 22
1307.000000000001
 32
0.0
 13
-171.2499999999999
 23
1307.000000000001
 33
0.0
  0
SOLID
  5
25AC
330
121D
100
AcDbEntity
  8
Dimensions
 62
     0
440
 16777216
100
AcDbTrace
 10
-171.6666666666666
 20
1325.500000000001
 30
0.0
 11
-170.8333333333333
 21
1325.500000000001
 31
0.0
 12
-171.2499999999999
 22
1328.0
 32
0.0
 13
-171.2499999999999
 23
1328.0
 33
0.0
  0
MTEXT
  5
25AD
330
121D
100
AcDbEntity
  8
Dimensions
 62
     0
440
 16777216
100
AcDbMText
 10
-173.1301159618004
 20
1317.5
 30
0.0
 40
2.5
 41
0.0
 46
0.0
 71
     5
 72
     1
  1
21
 11
0.0000000000000001
 21
1.0
 31
0.0
 73
     1
 44
1.0
  0
POINT
  5
25AE
330
121D
100
AcDbEntity
  8
Defpoints
 62
     0
440
 16777216
100
AcDbPoint
 10
-742.2500000000001
 20
1307.0
 30
0.0
  0
POINT
  5
25AF
330
121D
100
AcDbEntity
  8
Defpoints
 62
     0
440
 16777216
100
AcDbPoint
 10
-742.2500000000001
 20
1328.0
 30
0.0
  0
POINT
  5
25B0
330
121D
100
AcDbEntity
  8
Defpoints
 62
     0
440
 16777216
100
AcDbPoint
 10
-171.2499999999999
 20
1328.0
 30
0.0
  0
ENDBLK
  5
121F
330
121D
100
AcDbEntity
  8
0
100
AcDbBlockEnd
  0
BLOCK
  5
122A
330
1229
100
AcDbEntity
  8
0
100
AcDbBlockBegin
  2
*D238
 70
     1
 10
0.0
 20
0.0
 30
0.0
  3
*D238
  1

  0
LINE
  5
25B1
330
1229
100
AcDbEntity
  8
Dimensions
 62
     0
440
 16777216
370
    -2
100
AcDbLine
 10
-197.2499999999999
 20
1168.375
 30
0.0
 11
-197.2499999999999
 21
1164.750000000001
 31
0.0
  0
LINE
  5
25B2
330
1229
100
AcDbEntity
  8
Dimensions
 62
     0
440
 16777216
370
    -2
100
AcDbLine
 10
-207.2499999999999
 20
1353.375
 30
0.0
 11
-207.2499999999999
 21
1164.750000000001
 31
0.0
  0
LINE
  5
25B3
330
1229
100
AcDbEntity
  8
Dimensions
 62
     0
440
 16777216
370
    -2
100
AcDbLine
 10
-199.7499999999999
 20
1166.000000000001
 30
0.0
 11
-204.7499999999999
 21
1166.000000000001
 31
0.0
  0
SOLID
  5
25B4
330
1229
100
AcDbEntity
  8
Dimensions
 62
     0
440
 16777216
100
AcDbTrace
 10
-199.7499999999999
 20
1166.416666666667
 30
0.0
 11
-199.7499999999999
 21
1165.583333333334
 31
0.0
 12
-197.2499999999999
 22
1166.000000000001
 32
0.0
 13
-197.2499999999999
 23
1166.000000000001
 33
0.0
  0
SOLID
  5
25B5
330
1229
100
AcDbEntity
  8
Dimensions
 62
     0
440
 16777216
100
AcDbTrace
 10
-204.7499999999999
 20
1166.416666666667
 30
0.0
 11
-204.7499999999999
 21
1165.583333333334
 31
0.0
 12
-207.2499999999999
 22
1166.000000000001
 32
0.0
 13
-207.2499999999999
 23
1166.000000000001
 33
0.0
  0
MTEXT
  5
25B6
330
1229
100
AcDbEntity
  8
Dimensions
 62
     0
440
 16777216
100
AcDbMText
 10
-202.2499999999999
 20
1167.901432469305
 30
0.0
 40
2.5
 41
0.0
 46
0.0
 71
     5
 72
     1
  1
10
 73
     1
 44
1.0
  0
POINT
  5
25B7
330
1229
100
AcDbEntity
  8
Defpoints
 62
     0
440
 16777216
100
AcDbPoint
 10
-197.2499999999999
 20
1169.0
 30
0.0
  0
POINT
  5
25B8
330
1229
100
AcDbEntity
  8
Defpoints
 62
     0
440
 16777216
100
AcDbPoint
 10
-207.2499999999999
 20
1354.0
 30
0.0
  0
POINT
  5
25B9
330
1229
100
AcDbEntity
  8
Defpoints
 62
     0
440
 16777216
100
AcDbPoint
 10
-207.2499999999999
 20
1166.000000000001
 30
0.0
  0
ENDBLK
  5
122B
330
1229
100
AcDbEntity
  8
0
100
AcDbBlockEnd
  0
BLOCK
  5
1236
330
1235
100
AcDbEntity
  8
0
100
AcDbBlockBegin
  2
*D239
 70
     1
 10
0.0
 20
0.0
 30
0.0
  3
*D239
  1

  0
LINE
  5
25BA
330
1235
100
AcDbEntity
  8
Dimensions
 62
     0
440
 16777216
370
    -2
100
AcDbLine
 10
-207.2499999999999
 20
1168.375
 30
0.0
 11
-207.2499999999999
 21
1164.750000000001
 31
0.0
  0
LINE
  5
25BB
330
1235
100
AcDbEntity
  8
Dimensions
 62
     0
440
 16777216
370
    -2
100
AcDbLine
 10
-297.25
 20
1168.375
 30
0.0
 11
-297.25
 21
1164.750000000001
 31
0.0
  0
LINE
  5
25BC
330
1235
100
AcDbEntity
  8
Dimensions
 62
     0
440
 16777216
370
    -2
100
AcDbLine
 10
-209.7499999999999
 20
1166.000000000001
 30
0.0
 11
-294.7499999999999
 21
1166.000000000001
 31
0.0
  0
SOLID
  5
25BD
330
1235
100
AcDbEntity
  8
Dimensions
 62
     0
440
 16777216
100
AcDbTrace
 10
-209.7499999999999
 20
1166.416666666667
 30
0.0
 11
-209.7499999999999
 21
1165.583333333334
 31
0.0
 12
-207.2499999999999
 22
1166.000000000001
 32
0.0
 13
-207.2499999999999
 23
1166.000000000001
 33
0.0
  0
SOLID
  5
25BE
330
1235
100
AcDbEntity
  8
Dimensions
 62
     0
440
 16777216
100
AcDbTrace
 10
-294.7499999999999
 20
1166.416666666667
 30
0.0
 11
-294.7499999999999
 21
1165.583333333334
 31
0.0
 12
-297.25
 22
1166.000000000001
 32
0.0
 13
-297.25
 23
1166.000000000001
 33
0.0
  0
MTEXT
  5
25BF
330
1235
100
AcDbEntity
  8
Dimensions
 62
     0
440
 16777216
100
AcDbMText
 10
-252.2499999999999
 20
1167.901432469305
 30
0.0
 40
2.5
 41
0.0
 46
0.0
 71
     5
 72
     1
  1
90
 73
     1
 44
1.0
  0
POINT
  5
25C0
330
1235
100
AcDbEntity
  8
Defpoints
 62
     0
440
 16777216
100
AcDbPoint
 10
-207.2499999999999
 20
1169.0
 30
0.0
  0
POINT
  5
25C1
330
1235
100
AcDbEntity
  8
Defpoints
 62
     0
440
 16777216
100
AcDbPoint
 10
-297.25
 20
1169.0
 30
0.0
  0
POINT
  5
25C2
330
1235
100
AcDbEntity
  8
Defpoints
 62
     0
440
 16777216
100
AcDbPoint
 10
-297.25
 20
1166.000000000001
 30
0.0
  0
ENDBLK
  5
1237
330
1235
100
AcDbEntity
  8
0
100
AcDbBlockEnd
  0
BLOCK
  5
1242
330
1241
100
AcDbEntity
  8
0
100
AcDbBlockBegin
  2
*D240
 70
     1
 10
0.0
 20
0.0
 30
0.0
  3
*D240
  1

  0
LINE
  5
25C3
330
1241
100
AcDbEntity
  8
Dimensions
 62
     0
440
 16777216
370
    -2
100
AcDbLine
 10
-297.25
 20
1353.375
 30
0.0
 11
-297.25
 21
1164.750000000001
 31
0.0
  0
LINE
  5
25C4
330
1241
100
AcDbEntity
  8
Dimensions
 62
     0
440
 16777216
370
    -2
100
AcDbLine
 10
-464.2499999999999
 20
1353.375
 30
0.0
 11
-464.2499999999999
 21
1164.750000000001
 31
0.0
  0
LINE
  5
25C5
330
1241
100
AcDbEntity
  8
Dimensions
 62
     0
440
 16777216
370
    -2
100
AcDbLine
 10
-299.75
 20
1166.000000000001
 30
0.0
 11
-461.7499999999999
 21
1166.000000000001
 31
0.0
  0
SOLID
  5
25C6
330
1241
100
AcDbEntity
  8
Dimensions
 62
     0
440
 16777216
100
AcDbTrace
 10
-299.75
 20
1166.416666666667
 30
0.0
 11
-299.75
 21
1165.583333333334
 31
0.0
 12
-297.25
 22
1166.000000000001
 32
0.0
 13
-297.25
 23
1166.000000000001
 33
0.0
  0
SOLID
  5
25C7
330
1241
100
AcDbEntity
  8
Dimensions
 62
     0
440
 16777216
100
AcDbTrace
 10
-461.7499999999999
 20
1166.416666666667
 30
0.0
 11
-461.7499999999999
 21
1165.583333333334
 31
0.0
 12
-464.2499999999999
 22
1166.000000000001
 32
0.0
 13
-464.2499999999999
 23
1166.000000000001
 33
0.0
  0
MTEXT
  5
25C8
330
1241
100
AcDbEntity
  8
Dimensions
 62
     0
440
 16777216
100
AcDbMText
 10
-380.75
 20
1167.901432469305
 30
0.0
 40
2.5
 41
0.0
 46
0.0
 71
     5
 72
     1
  1
167
 73
     1
 44
1.0
  0
POINT
  5
25C9
330
1241
100
AcDbEntity
  8
Defpoints
 62
     0
440
 16777216
100
AcDbPoint
 10
-297.25
 20
1354.0
 30
0.0
  0
POINT
  5
25CA
330
1241
100
AcDbEntity
  8
Defpoints
 62
     0
440
 16777216
100
AcDbPoint
 10
-464.2499999999999
 20
1354.0
 30
0.0
  0
POINT
  5
25CB
330
1241
100
AcDbEntity
  8
Defpoints
 62
     0
440
 16777216
100
AcDbPoint
 10
-464.2499999999999
 20
1166.000000000001
 30
0.0
  0
ENDBLK
  5
1243
330
1241
100
AcDbEntity
  8
0
100
AcDbBlockEnd
  0
BLOCK
  5
124E
330
124D
100
AcDbEntity
  8
0
100
AcDbBlockBegin
  2
*D241
 70
     1
 10
0.0
 20
0.0
 30
0.0
  3
*D241
  1

  0
LINE
  5
25CC
330
124D
100
AcDbEntity
  8
Dimensions
 62
     0
440
 16777216
370
    -2
100
AcDbLine
 10
-464.2499999999999
 20
1217.375
 30
0.0
 11
-464.2499999999999
 21
1164.750000000001
 31
0.0
  0
LINE
  5
25CD
330
124D
100
AcDbEntity
  8
Dimensions
 62
     0
440
 16777216
370
    -2
100
AcDbLine
 10
-520.2499999999998
 20
1353.375
 30
0.0
 11
-520.2499999999998
 21
1164.750000000001
 31
0.0
  0
LINE
  5
25CE
330
124D
100
AcDbEntity
  8
Dimensions
 62
     0
440
 16777216
370
    -2
100
AcDbLine
 10
-466.7499999999999
 20
1166.000000000001
 30
0.0
 11
-517.7499999999999
 21
1166.000000000001
 31
0.0
  0
SOLID
  5
25CF
330
124D
100
AcDbEntity
  8
Dimensions
 62
     0
440
 16777216
100
AcDbTrace
 10
-466.7499999999999
 20
1166.416666666667
 30
0.0
 11
-466.7499999999999
 21
1165.583333333334
 31
0.0
 12
-464.2499999999999
 22
1166.000000000001
 32
0.0
 13
-464.2499999999999
 23
1166.000000000001
 33
0.0
  0
SOLID
  5
25D0
330
124D
100
AcDbEntity
  8
Dimensions
 62
     0
440
 16777216
100
AcDbTrace
 10
-517.7499999999999
 20
1166.416666666667
 30
0.0
 11
-517.7499999999999
 21
1165.583333333334
 31
0.0
 12
-520.2499999999998
 22
1166.000000000001
 32
0.0
 13
-520.2499999999998
 23
1166.000000000001
 33
0.0
  0
MTEXT
  5
25D1
330
124D
100
AcDbEntity
  8
Dimensions
 62
     0
440
 16777216
100
AcDbMText
 10
-492.2499999999998
 20
1167.901432469305
 30
0.0
 40
2.5
 41
0.0
 46
0.0
 71
     5
 72
     1
  1
56
 73
     1
 44
1.0
  0
POINT
  5
25D2
330
124D
100
AcDbEntity
  8
Defpoints
 62
     0
440
 16777216
100
AcDbPoint
 10
-464.2499999999999
 20
1218.0
 30
0.0
  0
POINT
  5
25D3
330
124D
100
AcDbEntity
  8
Defpoints
 62
     0
440
 16777216
100
AcDbPoint
 10
-520.2499999999998
 20
1354.0
 30
0.0
  0
POINT
  5
25D4
330
124D
100
AcDbEntity
  8
Defpoints
 62
     0
440
 16777216
100
AcDbPoint
 10
-520.2499999999998
 20
1166.000000000001
 30
0.0
  0
ENDBLK
  5
124F
330
124D
100
AcDbEntity
  8
0
100
AcDbBlockEnd
  0
BLOCK
  5
125A
330
1259
100
AcDbEntity
  8
0
100
AcDbBlockBegin
  2
*D242
 70
     1
 10
0.0
 20
0.0
 30
0.0
  3
*D242
  1

  0
LINE
  5
23CB
330
1259
100
AcDbEntity
  8
Dimensions
 62
     0
440
 16777216
370
    -2
100
AcDbLine
 10
-197.25
 20
520.6249999999999
 30
0.0
 11
-197.25
 21
528.2500000000002
 31
0.0
  0
LINE
  5
23CC
330
1259
100
AcDbEntity
  8
Dimensions
 62
     0
440
 16777216
370
    -2
100
AcDbLine
 10
-319.25
 20
520.6249999999999
 30
0.0
 11
-319.25
 21
528.2500000000002
 31
0.0
  0
LINE
  5
23CD
330
1259
100
AcDbEntity
  8
Dimensions
 62
     0
440
 16777216
370
    -2
100
AcDbLine
 10
-199.75
 20
527.0000000000002
 30
0.0
 11
-316.75
 21
527.0000000000002
 31
0.0
  0
SOLID
  5
23CE
330
1259
100
AcDbEntity
  8
Dimensions
 62
     0
440
 16777216
100
AcDbTrace
 10
-199.75
 20
527.4166666666668
 30
0.0
 11
-199.75
 21
526.5833333333335
 31
0.0
 12
-197.25
 22
527.0000000000002
 32
0.0
 13
-197.25
 23
527.0000000000002
 33
0.0
  0
SOLID
  5
23CF
330
1259
100
AcDbEntity
  8
Dimensions
 62
     0
440
 16777216
100
AcDbTrace
 10
-316.75
 20
527.4166666666668
 30
0.0
 11
-316.75
 21
526.5833333333335
 31
0.0
 12
-319.25
 22
527.0000000000002
 32
0.0
 13
-319.25
 23
527.0000000000002
 33
0.0
  0
MTEXT
  5
23D0
330
1259
100
AcDbEntity
  8
Dimensions
 62
     0
440
 16777216
100
AcDbMText
 10
-258.25
 20
528.880115961801
 30
0.0
 40
2.5
 41
0.0
 46
0.0
 71
     5
 72
     1
  1
122
 73
     1
 44
1.0
  0
POINT
  5
23D1
330
1259
100
AcDbEntity
  8
Defpoints
 62
     0
440
 16777216
100
AcDbPoint
 10
-197.25
 20
520.0
 30
0.0
  0
POINT
  5
23D2
330
1259
100
AcDbEntity
  8
Defpoints
 62
     0
440
 16777216
100
AcDbPoint
 10
-319.25
 20
520.0
 30
0.0
  0
POINT
  5
23D3
330
1259
100
AcDbEntity
  8
Defpoints
 62
     0
440
 16777216
100
AcDbPoint
 10
-319.25
 20
527.0000000000002
 30
0.0
  0
ENDBLK
  5
125B
330
1259
100
AcDbEntity
  8
0
100
AcDbBlockEnd
  0
BLOCK
  5
1266
330
1265
100
AcDbEntity
  8
0
100
AcDbBlockBegin
  2
*D243
 70
     1
 10
0.0
 20
0.0
 30
0.0
  3
*D243
  1

  0
LINE
  5
23D4
330
1265
100
AcDbEntity
  8
Dimensions
 62
     0
440
 16777216
370
    -2
100
AcDbLine
 10
-196.6250000000001
 20
335.0000000000001
 30
0.0
 11
-182.0
 21
335.0000000000001
 31
0.0
  0
LINE
  5
23D5
330
1265
100
AcDbEntity
  8
Dimensions
 62
     0
440
 16777216
370
    -2
100
AcDbLine
 10
-196.6250000000001
 20
520.0000000000001
 30
0.0
 11
-182.0000000000001
 21
520.0000000000001
 31
0.0
  0
LINE
  5
23D6
330
1265
100
AcDbEntity
  8
Dimensions
 62
     0
440
 16777216
370
    -2
100
AcDbLine
 10
-183.25
 20
337.5000000000001
 30
0.0
 11
-183.2500000000001
 21
517.5000000000002
 31
0.0
  0
SOLID
  5
23D7
330
1265
100
AcDbEntity
  8
Dimensions
 62
     0
440
 16777216
100
AcDbTrace
 10
-183.6666666666667
 20
337.5000000000001
 30
0.0
 11
-182.8333333333334
 21
337.5000000000001
 31
0.0
 12
-183.25
 22
335.0000000000001
 32
0.0
 13
-183.25
 23
335.0000000000001
 33
0.0
  0
SOLID
  5
23D8
330
1265
100
AcDbEntity
  8
Dimensions
 62
     0
440
 16777216
100
AcDbTrace
 10
-183.6666666666667
 20
517.5000000000002
 30
0.0
 11
-182.8333333333334
 21
517.5000000000002
 31
0.0
 12
-183.2500000000001
 22
520.0000000000001
 32
0.0
 13
-183.2500000000001
 23
520.0000000000001
 33
0.0
  0
MTEXT
  5
23D9
330
1265
100
AcDbEntity
  8
Dimensions
 62
     0
440
 16777216
100
AcDbMText
 10
-185.1514324693041
 20
427.5000000000001
 30
0.0
 40
2.5
 41
0.0
 46
0.0
 71
     5
 72
     1
  1
185
 11
0.0000000000000001
 21
1.0
 31
0.0
 73
     1
 44
1.0
  0
POINT
  5
23DA
330
1265
100
AcDbEntity
  8
Defpoints
 62
     0
440
 16777216
100
AcDbPoint
 10
-197.2500000000001
 20
335.0000000000001
 30
0.0
  0
POINT
  5
23DB
330
1265
100
AcDbEntity
  8
Defpoints
 62
     0
440
 16777216
100
AcDbPoint
 10
-197.2500000000001
 20
520.0000000000001
 30
0.0
  0
POINT
  5
23DC
330
1265
100
AcDbEntity
  8
Defpoints
 62
     0
440
 16777216
100
AcDbPoint
 10
-183.2500000000001
 20
520.0000000000001
 30
0.0
  0
ENDBLK
  5
1267
330
1265
100
AcDbEntity
  8
0
100
AcDbBlockEnd
  0
BLOCK
  5
127B
330
127A
100
AcDbEntity
  8
0
100
AcDbBlockBegin
  2
*D244
 70
     1
 10
0.0
 20
0.0
 30
0.0
  3
*D244
  1

  0
LINE
  5
23E6
330
127A
100
AcDbEntity
  8
Dimensions
 62
     0
440
 16777216
370
    -2
100
AcDbLine
 10
-197.25
 20
334.375
 30
0.0
 11
-197.25
 21
326.7500000000002
 31
0.0
  0
LINE
  5
23E7
330
127A
100
AcDbEntity
  8
Dimensions
 62
     0
440
 16777216
370
    -2
100
AcDbLine
 10
-742.25
 20
334.375
 30
0.0
 11
-742.25
 21
326.7500000000002
 31
0.0
  0
LINE
  5
23E8
330
127A
100
AcDbEntity
  8
Dimensions
 62
     0
440
 16777216
370
    -2
100
AcDbLine
 10
-199.75
 20
328.0000000000002
 30
0.0
 11
-739.7499999999999
 21
328.0000000000002
 31
0.0
  0
SOLID
  5
23E9
330
127A
100
AcDbEntity
  8
Dimensions
 62
     0
440
 16777216
100
AcDbTrace
 10
-199.75
 20
328.4166666666669
 30
0.0
 11
-199.75
 21
327.5833333333336
 31
0.0
 12
-197.25
 22
328.0000000000002
 32
0.0
 13
-197.25
 23
328.0000000000002
 33
0.0
  0
SOLID
  5
23EA
330
127A
100
AcDbEntity
  8
Dimensions
 62
     0
440
 16777216
100
AcDbTrace
 10
-739.7499999999999
 20
328.4166666666669
 30
0.0
 11
-739.7499999999999
 21
327.5833333333336
 31
0.0
 12
-742.25
 22
328.0000000000002
 32
0.0
 13
-742.25
 23
328.0000000000002
 33
0.0
  0
MTEXT
  5
23EB
330
127A
100
AcDbEntity
  8
Dimensions
 62
     0
440
 16777216
100
AcDbMText
 10
-469.7499999999999
 20
329.8963165075036
 30
0.0
 40
2.5
 41
0.0
 46
0.0
 71
     5
 72
     1
  1
545
 73
     1
 44
1.0
  0
POINT
  5
23EC
330
127A
100
AcDbEntity
  8
Defpoints
 62
     0
440
 16777216
100
AcDbPoint
 10
-197.25
 20
335.0
 30
0.0
  0
POINT
  5
23ED
330
127A
100
AcDbEntity
  8
Defpoints
 62
     0
440
 16777216
100
AcDbPoint
 10
-742.25
 20
335.0
 30
0.0
  0
POINT
  5
23EE
330
127A
100
AcDbEntity
  8
Defpoints
 62
     0
440
 16777216
100
AcDbPoint
 10
-742.25
 20
328.0000000000002
 30
0.0
  0
ENDBLK
  5
127C
330
127A
100
AcDbEntity
  8
0
100
AcDbBlockEnd
  0
BLOCK
  5
1299
330
1298
100
AcDbEntity
  8
0
100
AcDbBlockBegin
  2
*D245
 70
     1
 10
0.0
 20
0.0
 30
0.0
  3
*D245
  1

  0
LINE
  5
2401
330
1298
100
AcDbEntity
  8
Dimensions
 62
     0
440
 16777216
370
    -2
100
AcDbLine
 10
-396.25
 20
667.375
 30
0.0
 11
-396.25
 21
633.7500000000003
 31
0.0
  0
LINE
  5
2402
330
1298
100
AcDbEntity
  8
Dimensions
 62
     0
440
 16777216
370
    -2
100
AcDbLine
 10
-996.25
 20
667.375
 30
0.0
 11
-996.25
 21
633.7500000000003
 31
0.0
  0
LINE
  5
2403
330
1298
100
AcDbEntity
  8
Dimensions
 62
     0
440
 16777216
370
    -2
100
AcDbLine
 10
-398.7499999999999
 20
635.0000000000003
 30
0.0
 11
-993.75
 21
635.0000000000003
 31
0.0
  0
SOLID
  5
2404
330
1298
100
AcDbEntity
  8
Dimensions
 62
     0
440
 16777216
100
AcDbTrace
 10
-398.7499999999999
 20
635.4166666666669
 30
0.0
 11
-398.7499999999999
 21
634.5833333333337
 31
0.0
 12
-396.25
 22
635.0000000000003
 32
0.0
 13
-396.25
 23
635.0000000000003
 33
0.0
  0
SOLID
  5
2405
330
1298
100
AcDbEntity
  8
Dimensions
 62
     0
440
 16777216
100
AcDbTrace
 10
-993.75
 20
635.4166666666669
 30
0.0
 11
-993.75
 21
634.5833333333337
 31
0.0
 12
-996.25
 22
635.0000000000003
 32
0.0
 13
-996.25
 23
635.0000000000003
 33
0.0
  0
MTEXT
  5
2406
330
1298
100
AcDbEntity
  8
Dimensions
 62
     0
440
 16777216
100
AcDbMText
 10
-696.25
 20
636.9014324693046
 30
0.0
 40
2.5
 41
0.0
 46
0.0
 71
     5
 72
     1
  1
600
 73
     1
 44
1.0
  0
POINT
  5
2407
330
1298
100
AcDbEntity
  8
Defpoints
 62
     0
440
 16777216
100
AcDbPoint
 10
-396.25
 20
668.0
 30
0.0
  0
POINT
  5
2408
330
1298
100
AcDbEntity
  8
Defpoints
 62
     0
440
 16777216
100
AcDbPoint
 10
-996.25
 20
668.0000000000001
 30
0.0
  0
POINT
  5
2409
330
1298
100
AcDbEntity
  8
Defpoints
 62
     0
440
 16777216
100
AcDbPoint
 10
-996.25
 20
635.0000000000003
 30
0.0
  0
ENDBLK
  5
129A
330
1298
100
AcDbEntity
  8
0
100
AcDbBlockEnd
  0
BLOCK
  5
12B7
330
12B6
100
AcDbEntity
  8
0
100
AcDbBlockBegin
  2
*D246
 70
     1
 10
0.0
 20
0.0
 30
0.0
  3
*D246
  1

  0
LINE
  5
241C
330
12B6
100
AcDbEntity
  8
Dimensions
 62
     0
440
 16777216
370
    -2
100
AcDbLine
 10
-848.6250000000005
 20
668.0000000000002
 30
0.0
 11
-833.0000000000005
 21
668.0000000000002
 31
0.0
  0
LINE
  5
241D
330
12B6
100
AcDbEntity
  8
Dimensions
 62
     0
440
 16777216
370
    -2
100
AcDbLine
 10
-849.2500000000005
 20
690.0000000000002
 30
0.0
 11
-833.0000000000005
 21
690.0000000000002
 31
0.0
  0
LINE
  5
241E
330
12B6
100
AcDbEntity
  8
Dimensions
 62
     0
440
 16777216
370
    -2
100
AcDbLine
 10
-834.2500000000004
 20
670.5000000000002
 30
0.0
 11
-834.2500000000004
 21
687.5000000000002
 31
0.0
  0
SOLID
  5
241F
330
12B6
100
AcDbEntity
  8
Dimensions
 62
     0
440
 16777216
100
AcDbTrace
 10
-834.6666666666671
 20
670.5000000000002
 30
0.0
 11
-833.8333333333338
 21
670.5000000000002
 31
0.0
 12
-834.2500000000004
 22
668.0000000000002
 32
0.0
 13
-834.2500000000004
 23
668.0000000000002
 33
0.0
  0
SOLID
  5
2420
330
12B6
100
AcDbEntity
  8
Dimensions
 62
     0
440
 16777216
100
AcDbTrace
 10
-834.6666666666671
 20
687.5000000000002
 30
0.0
 11
-833.8333333333338
 21
687.5000000000002
 31
0.0
 12
-834.2500000000004
 22
690.0000000000002
 32
0.0
 13
-834.2500000000004
 23
690.0000000000002
 33
0.0
  0
MTEXT
  5
2421
330
12B6
100
AcDbEntity
  8
Dimensions
 62
     0
440
 16777216
100
AcDbMText
 10
-836.1301159618008
 20
679.0000000000003
 30
0.0
 40
2.5
 41
0.0
 46
0.0
 71
     5
 72
     1
  1
22
 11
0.0000000000000001
 21
1.0
 31
0.0
 73
     1
 44
1.0
  0
POINT
  5
2422
330
12B6
100
AcDbEntity
  8
Defpoints
 62
     0
440
 16777216
100
AcDbPoint
 10
-849.2500000000005
 20
668.0000000000002
 30
0.0
  0
POINT
  5
2423
330
12B6
100
AcDbEntity
  8
Defpoints
 62
     0
440
 16777216
100
AcDbPoint
 10
-849.8750000000004
 20
690.0000000000002
 30
0.0
  0
POINT
  5
2424
330
12B6
100
AcDbEntity
  8
Defpoints
 62
     0
440
 16777216
100
AcDbPoint
 10
-834.2500000000004
 20
690.0000000000002
 30
0.0
  0
ENDBLK
  5
12B8
330
12B6
100
AcDbEntity
  8
0
100
AcDbBlockEnd
  0
BLOCK
  5
12CC
330
12CB
100
AcDbEntity
  8
0
100
AcDbBlockBegin
  2
*D247
 70
     1
 10
0.0
 20
0.0
 30
0.0
  3
*D247
  1

  0
LINE
  5
242E
330
12CB
100
AcDbEntity
  8
Dimensions
 62
     0
440
 16777216
370
    -2
100
AcDbLine
 10
-858.8716685341811
 20
699.621668534181
 30
0.0
 11
-853.1390872965262
 21
693.8890872965262
 31
0.0
  0
LINE
  5
242F
330
12CB
100
AcDbEntity
  8
Dimensions
 62
     0
440
 16777216
370
    -2
100
AcDbLine
 10
-845.3609127034741
 20
686.1109127034742
 30
0.0
 11
-843.5931457505079
 21
684.3431457505078
 31
0.0
  0
MTEXT
  5
2430
330
12CB
100
AcDbEntity
  8
Dimensions
 62
     0
440
 16777216
100
AcDbMText
 10
-855.4953060046411
 20
699.0332167790326
 30
0.0
 40
2.5
 41
0.0
 46
0.0
 71
     5
 72
     1
  1
∅6
 11
0.7071067811865476
 21
-0.7071067811865476
 31
0.0
 73
     1
 44
1.0
  0
LINE
  5
2431
330
12CB
100
AcDbEntity
  8
Dimensions
 62
     0
440
 16777216
370
    -2
100
AcDbLine
 10
-847.1286796564406
 20
687.8786796564404
 30
0.0
 11
-851.3713203435598
 21
692.1213203435597
 31
0.0
  0
SOLID
  5
2432
330
12CB
100
AcDbEntity
  8
Dimensions
 62
     0
440
 16777216
100
AcDbTrace
 10
-845.0662848779797
 20
686.4055405289685
 30
0.0
 11
-845.6555405289686
 21
685.8162848779798
 31
0.0
 12
-847.1286796564406
 22
687.8786796564404
 32
0.0
 13
-847.1286796564406
 23
687.8786796564404
 33
0.0
  0
SOLID
  5
2433
330
12CB
100
AcDbEntity
  8
Dimensions
 62
     0
440
 16777216
100
AcDbTrace
 10
-852.8444594710318
 20
694.1837151220206
 30
0.0
 11
-853.4337151220205
 21
693.5944594710319
 31
0.0
 12
-851.3713203435598
 22
692.1213203435597
 32
0.0
 13
-851.3713203435598
 23
692.1213203435597
 33
0.0
  0
POINT
  5
2434
330
12CB
100
AcDbEntity
  8
Defpoints
 62
     0
440
 16777216
100
AcDbPoint
 10
-851.3713203435598
 20
692.1213203435597
 30
0.0
  0
POINT
  5
2435
330
12CB
100
AcDbEntity
  8
Defpoints
 62
     0
440
 16777216
100
AcDbPoint
 10
-847.1286796564406
 20
687.8786796564404
 30
0.0
  0
ENDBLK
  5
12CD
330
12CB
100
AcDbEntity
  8
0
100
AcDbBlockEnd
  0
BLOCK
  5
12D7
330
12D6
100
AcDbEntity
  8
0
100
AcDbBlockBegin
  2
*D248
 70
     1
 10
0.0
 20
0.0
 30
0.0
  3
*D248
  1

  0
LINE
  5
2436
330
12D6
100
AcDbEntity
  8
Dimensions
 62
     0
440
 16777216
370
    -2
100
AcDbLine
 10
-949.8517262952459
 20
867.6017262952463
 30
0.0
 11
-942.7456890143243
 21
860.4956890143247
 31
0.0
  0
LINE
  5
2437
330
12D6
100
AcDbEntity
  8
Dimensions
 62
     0
440
 16777216
370
    -2
100
AcDbLine
 10
-913.7543109856759
 20
831.5043109856754
 30
0.0
 11
-911.9865440327096
 21
829.7365440327091
 31
0.0
  0
MTEXT
  5
2438
330
12D6
100
AcDbEntity
  8
Dimensions
 62
     0
440
 16777216
100
AcDbMText
 10
-945.7886357440724
 20
866.3265465184647
 30
0.0
 40
2.5
 41
0.0
 46
0.0
 71
     5
 72
     1
  1
∅36
 11
0.7071067811865394
 21
-0.7071067811865558
 31
0.0
 73
     1
 44
1.0
  0
LINE
  5
2439
330
12D6
100
AcDbEntity
  8
Dimensions
 62
     0
440
 16777216
370
    -2
100
AcDbLine
 10
-915.5220779386423
 20
833.2720779386418
 30
0.0
 11
-940.9779220613581
 21
858.7279220613584
 31
0.0
  0
SOLID
  5
243A
330
12D6
100
AcDbEntity
  8
Dimensions
 62
     0
440
 16777216
100
AcDbTrace
 10
-913.4596831601815
 20
831.7989388111698
 30
0.0
 11
-914.0489388111703
 21
831.209683160181
 31
0.0
 12
-915.5220779386423
 22
833.2720779386418
 32
0.0
 13
-915.5220779386423
 23
833.2720779386418
 33
0.0
  0
SOLID
  5
243B
330
12D6
100
AcDbEntity
  8
Dimensions
 62
     0
440
 16777216
100
AcDbTrace
 10
-942.4510611888301
 20
860.7903168398191
 30
0.0
 11
-943.0403168398187
 21
860.2010611888303
 31
0.0
 12
-940.9779220613581
 22
858.7279220613584
 32
0.0
 13
-940.9779220613581
 23
858.7279220613584
 33
0.0
  0
POINT
  5
243C
330
12D6
100
AcDbEntity
  8
Defpoints
 62
     0
440
 16777216
100
AcDbPoint
 10
-940.9779220613581
 20
858.7279220613584
 30
0.0
  0
POINT
  5
243D
330
12D6
100
AcDbEntity
  8
Defpoints
 62
     0
440
 16777216
100
AcDbPoint
 10
-915.5220779386423
 20
833.2720779386418
 30
0.0
  0
ENDBLK
  5
12D8
330
12D6
100
AcDbEntity
  8
0
100
AcDbBlockEnd
  0
BLOCK
  5
12E2
330
12E1
100
AcDbEntity
  8
0
100
AcDbBlockBegin
  2
*D249
 70
     1
 10
0.0
 20
0.0
 30
0.0
  3
*D249
  1

  0
LINE
  5
243E
330
12E1
100
AcDbEntity
  8
Dimensions
 62
     0
440
 16777216
370
    -2
100
AcDbLine
 10
-858.8716685341806
 20
987.6216685341809
 30
0.0
 11
-853.1390872965259
 21
981.889087296526
 31
0.0
  0
LINE
  5
243F
330
12E1
100
AcDbEntity
  8
Dimensions
 62
     0
440
 16777216
370
    -2
100
AcDbLine
 10
-845.3609127034738
 20
974.1109127034739
 30
0.0
 11
-843.5931457505073
 21
972.3431457505075
 31
0.0
  0
MTEXT
  5
2440
330
12E1
100
AcDbEntity
  8
Dimensions
 62
     0
440
 16777216
100
AcDbMText
 10
-855.4953060046408
 20
987.0332167790325
 30
0.0
 40
2.5
 41
0.0
 46
0.0
 71
     5
 72
     1
  1
∅6
 11
0.7071067811865476
 21
-0.7071067811865476
 31
0.0
 73
     1
 44
1.0
  0
LINE
  5
2441
330
12E1
100
AcDbEntity
  8
Dimensions
 62
     0
440
 16777216
370
    -2
100
AcDbLine
 10
-847.1286796564402
 20
975.8786796564404
 30
0.0
 11
-851.3713203435594
 21
980.1213203435596
 31
0.0
  0
SOLID
  5
2442
330
12E1
100
AcDbEntity
  8
Dimensions
 62
     0
440
 16777216
100
AcDbTrace
 10
-845.0662848779794
 20
974.4055405289683
 30
0.0
 11
-845.655540528968
 21
973.8162848779795
 31
0.0
 12
-847.1286796564402
 22
975.8786796564404
 32
0.0
 13
-847.1286796564402
 23
975.8786796564404
 33
0.0
  0
SOLID
  5
2443
330
12E1
100
AcDbEntity
  8
Dimensions
 62
     0
440
 16777216
100
AcDbTrace
 10
-852.8444594710315
 20
982.1837151220204
 30
0.0
 11
-853.4337151220201
 21
981.5944594710314
 31
0.0
 12
-851.3713203435594
 22
980.1213203435596
 32
0.0
 13
-851.3713203435594
 23
980.1213203435596
 33
0.0
  0
POINT
  5
2444
330
12E1
100
AcDbEntity
  8
Defpoints
 62
     0
440
 16777216
100
AcDbPoint
 10
-851.3713203435594
 20
980.1213203435596
 30
0.0
  0
POINT
  5
2445
330
12E1
100
AcDbEntity
  8
Defpoints
 62
     0
440
 16777216
100
AcDbPoint
 10
-847.1286796564402
 20
975.8786796564404
 30
0.0
  0
ENDBLK
  5
12E3
330
12E1
100
AcDbEntity
  8
0
100
AcDbBlockEnd
  0
BLOCK
  5
12ED
330
12EC
100
AcDbEntity
  8
0
100
AcDbBlockBegin
  2
*D250
 70
     1
 10
0.0
 20
0.0
 30
0.0
  3
*D250
  1

  0
LINE
  5
2446
330
12EC
100
AcDbEntity
  8
Dimensions
 62
     0
440
 16777216
370
    -2
100
AcDbLine
 10
-460.8716685341804
 20
699.6216685341814
 30
0.0
 11
-455.1390872965259
 21
693.8890872965262
 31
0.0
  0
LINE
  5
2447
330
12EC
100
AcDbEntity
  8
Dimensions
 62
     0
440
 16777216
370
    -2
100
AcDbLine
 10
-447.3609127034744
 20
686.1109127034737
 30
0.0
 11
-445.593145750508
 21
684.3431457505072
 31
0.0
  0
MTEXT
  5
2448
330
12EC
100
AcDbEntity
  8
Dimensions
 62
     0
440
 16777216
100
AcDbMText
 10
-457.4953060046403
 20
699.0332167790329
 30
0.0
 40
2.5
 41
0.0
 46
0.0
 71
     5
 72
     1
  1
∅6
 11
0.7071067811864999
 21
-0.7071067811865954
 31
0.0
 73
     1
 44
1.0
  0
LINE
  5
2449
330
12EC
100
AcDbEntity
  8
Dimensions
 62
     0
440
 16777216
370
    -2
100
AcDbLine
 10
-449.1286796564406
 20
687.87867965644
 30
0.0
 11
-453.3713203435596
 21
692.1213203435597
 31
0.0
  0
SOLID
  5
244A
330
12EC
100
AcDbEntity
  8
Dimensions
 62
     0
440
 16777216
100
AcDbTrace
 10
-447.06628487798
 20
686.405540528968
 30
0.0
 11
-447.6555405289688
 21
685.8162848779793
 31
0.0
 12
-449.1286796564406
 22
687.87867965644
 32
0.0
 13
-449.1286796564406
 23
687.87867965644
 33
0.0
  0
SOLID
  5
244B
330
12EC
100
AcDbEntity
  8
Dimensions
 62
     0
440
 16777216
100
AcDbTrace
 10
-454.8444594710315
 20
694.1837151220205
 30
0.0
 11
-455.4337151220202
 21
693.5944594710319
 31
0.0
 12
-453.3713203435596
 22
692.1213203435597
 32
0.0
 13
-453.3713203435596
 23
692.1213203435597
 33
0.0
  0
POINT
  5
244C
330
12EC
100
AcDbEntity
  8
Defpoints
 62
     0
440
 16777216
100
AcDbPoint
 10
-453.3713203435596
 20
692.1213203435597
 30
0.0
  0
POINT
  5
244D
330
12EC
100
AcDbEntity
  8
Defpoints
 62
     0
440
 16777216
100
AcDbPoint
 10
-449.1286796564406
 20
687.87867965644
 30
0.0
  0
ENDBLK
  5
12EE
330
12EC
100
AcDbEntity
  8
0
100
AcDbBlockEnd
  0
BLOCK
  5
12F8
330
12F7
100
AcDbEntity
  8
0
100
AcDbBlockBegin
  2
*D251
 70
     1
 10
0.0
 20
0.0
 30
0.0
  3
*D251
  1

  0
LINE
  5
244E
330
12F7
100
AcDbEntity
  8
Dimensions
 62
     0
440
 16777216
370
    -2
100
AcDbLine
 10
-460.8716685341809
 20
987.6216685341807
 30
0.0
 11
-455.1390872965261
 21
981.889087296526
 31
0.0
  0
LINE
  5
244F
330
12F7
100
AcDbEntity
  8
Dimensions
 62
     0
440
 16777216
370
    -2
100
AcDbLine
 10
-447.3609127034742
 20
974.1109127034739
 30
0.0
 11
-445.5931457505079
 21
972.3431457505075
 31
0.0
  0
MTEXT
  5
2450
330
12F7
100
AcDbEntity
  8
Dimensions
 62
     0
440
 16777216
100
AcDbMText
 10
-457.4953060046408
 20
987.0332167790325
 30
0.0
 40
2.5
 41
0.0
 46
0.0
 71
     5
 72
     1
  1
∅6
 11
0.7071067811865426
 21
-0.7071067811865526
 31
0.0
 73
     1
 44
1.0
  0
LINE
  5
2451
330
12F7
100
AcDbEntity
  8
Dimensions
 62
     0
440
 16777216
370
    -2
100
AcDbLine
 10
-449.1286796564406
 20
975.8786796564404
 30
0.0
 11
-453.3713203435597
 21
980.1213203435596
 31
0.0
  0
SOLID
  5
2452
330
12F7
100
AcDbEntity
  8
Dimensions
 62
     0
440
 16777216
100
AcDbTrace
 10
-447.0662848779798
 20
974.4055405289683
 30
0.0
 11
-447.6555405289686
 21
973.8162848779795
 31
0.0
 12
-449.1286796564406
 22
975.8786796564404
 32
0.0
 13
-449.1286796564406
 23
975.8786796564404
 33
0.0
  0
SOLID
  5
2453
330
12F7
100
AcDbEntity
  8
Dimensions
 62
     0
440
 16777216
100
AcDbTrace
 10
-454.8444594710316
 20
982.1837151220204
 30
0.0
 11
-455.4337151220204
 21
981.5944594710314
 31
0.0
 12
-453.3713203435597
 22
980.1213203435596
 32
0.0
 13
-453.3713203435597
 23
980.1213203435596
 33
0.0
  0
POINT
  5
2454
330
12F7
100
AcDbEntity
  8
Defpoints
 62
     0
440
 16777216
100
AcDbPoint
 10
-453.3713203435597
 20
980.1213203435596
 30
0.0
  0
POINT
  5
2455
330
12F7
100
AcDbEntity
  8
Defpoints
 62
     0
440
 16777216
100
AcDbPoint
 10
-449.1286796564406
 20
975.8786796564404
 30
0.0
  0
ENDBLK
  5
12F9
330
12F7
100
AcDbEntity
  8
0
100
AcDbBlockEnd
  0
BLOCK
  5
130C
330
130B
100
AcDbEntity
  8
0
100
AcDbBlockBegin
  2
*D252
 70
     1
 10
0.0
 20
0.0
 30
0.0
  3
*D252
  1

  0
LINE
  5
245F
330
130B
100
AcDbEntity
  8
Dimensions
 62
     0
440
 16777216
370
    -2
100
AcDbLine
 10
-196.625
 20
1354.0
 30
0.0
 11
-181.9999999999999
 21
1354.0
 31
0.0
  0
LINE
  5
2460
330
130B
100
AcDbEntity
  8
Dimensions
 62
     0
440
 16777216
370
    -2
100
AcDbLine
 10
-196.625
 20
1169.0
 30
0.0
 11
-181.9999999999998
 21
1169.0
 31
0.0
  0
LINE
  5
2461
330
130B
100
AcDbEntity
  8
Dimensions
 62
     0
440
 16777216
370
    -2
100
AcDbLine
 10
-183.2499999999999
 20
1351.5
 30
0.0
 11
-183.2499999999998
 21
1171.5
 31
0.0
  0
SOLID
  5
2462
330
130B
100
AcDbEntity
  8
Dimensions
 62
     0
440
 16777216
100
AcDbTrace
 10
-183.6666666666666
 20
1351.5
 30
0.0
 11
-182.8333333333332
 21
1351.5
 31
0.0
 12
-183.2499999999999
 22
1354.0
 32
0.0
 13
-183.2499999999999
 23
1354.0
 33
0.0
  0
SOLID
  5
2463
330
130B
100
AcDbEntity
  8
Dimensions
 62
     0
440
 16777216
100
AcDbTrace
 10
-183.6666666666665
 20
1171.5
 30
0.0
 11
-182.8333333333332
 21
1171.5
 31
0.0
 12
-183.2499999999998
 22
1169.0
 32
0.0
 13
-183.2499999999998
 23
1169.0
 33
0.0
  0
MTEXT
  5
2464
330
130B
100
AcDbEntity
  8
Dimensions
 62
     0
440
 16777216
100
AcDbMText
 10
-185.1514324693037
 20
1261.5
 30
0.0
 40
2.5
 41
0.0
 46
0.0
 71
     5
 72
     1
  1
185
 11
0.0000000000000001
 21
1.0
 31
0.0
 73
     1
 44
1.0
  0
POINT
  5
2465
330
130B
100
AcDbEntity
  8
Defpoints
 62
     0
440
 16777216
100
AcDbPoint
 10
-197.25
 20
1354.0
 30
0.0
  0
POINT
  5
2466
330
130B
100
AcDbEntity
  8
Defpoints
 62
     0
440
 16777216
100
AcDbPoint
 10
-197.25
 20
1169.0
 30
0.0
  0
POINT
  5
2467
330
130B
100
AcDbEntity
  8
Defpoints
 62
     0
440
 16777216
100
AcDbPoint
 10
-183.2499999999998
 20
1169.0
 30
0.0
  0
ENDBLK
  5
130D
330
130B
100
AcDbEntity
  8
0
100
AcDbBlockEnd
  0
BLOCK
  5
1318
330
1317
100
AcDbEntity
  8
0
100
AcDbBlockBegin
  2
*D253
 70
     1
 10
0.0
 20
0.0
 30
0.0
  3
*D253
  1

  0
LINE
  5
2468
330
1317
100
AcDbEntity
  8
Dimensions
 62
     0
440
 16777216
370
    -2
100
AcDbLine
 10
-197.2499999999999
 20
1354.97256968375
 30
0.0
 11
-197.2499999999999
 21
1359.25
 31
0.0
  0
LINE
  5
2469
330
1317
100
AcDbEntity
  8
Dimensions
 62
     0
440
 16777216
370
    -2
100
AcDbLine
 10
-742.2499999999999
 20
1354.625
 30
0.0
 11
-742.2499999999999
 21
1359.25
 31
0.0
  0
LINE
  5
246A
330
1317
100
AcDbEntity
  8
Dimensions
 62
     0
440
 16777216
370
    -2
100
AcDbLine
 10
-199.75
 20
1358.0
 30
0.0
 11
-739.7499999999999
 21
1358.0
 31
0.0
  0
SOLID
  5
246B
330
1317
100
AcDbEntity
  8
Dimensions
 62
     0
440
 16777216
100
AcDbTrace
 10
-199.75
 20
1358.416666666667
 30
0.0
 11
-199.75
 21
1357.583333333334
 31
0.0
 12
-197.2499999999999
 22
1358.0
 32
0.0
 13
-197.2499999999999
 23
1358.0
 33
0.0
  0
SOLID
  5
246C
330
1317
100
AcDbEntity
  8
Dimensions
 62
     0
440
 16777216
100
AcDbTrace
 10
-739.7499999999999
 20
1358.416666666667
 30
0.0
 11
-739.7499999999999
 21
1357.583333333334
 31
0.0
 12
-742.2499999999999
 22
1358.0
 32
0.0
 13
-742.2499999999999
 23
1358.0
 33
0.0
  0
MTEXT
  5
246D
330
1317
100
AcDbEntity
  8
Dimensions
 62
     0
440
 16777216
100
AcDbMText
 10
-469.7499999999999
 20
1359.896316507503
 30
0.0
 40
2.5
 41
0.0
 46
0.0
 71
     5
 72
     1
  1
545
 73
     1
 44
1.0
  0
POINT
  5
246E
330
1317
100
AcDbEntity
  8
Defpoints
 62
     0
440
 16777216
100
AcDbPoint
 10
-197.2499999999999
 20
1354.34756968375
 30
0.0
  0
POINT
  5
246F
330
1317
100
AcDbEntity
  8
Defpoints
 62
     0
440
 16777216
100
AcDbPoint
 10
-742.2499999999999
 20
1354.0
 30
0.0
  0
POINT
  5
2470
330
1317
100
AcDbEntity
  8
Defpoints
 62
     0
440
 16777216
100
AcDbPoint
 10
-742.2499999999999
 20
1358.0
 30
0.0
  0
ENDBLK
  5
1319
330
1317
100
AcDbEntity
  8
0
100
AcDbBlockEnd
  0
BLOCK
  5
132D
330
132C
100
AcDbEntity
  8
0
100
AcDbBlockBegin
  2
*D254
 70
     1
 10
0.0
 20
0.0
 30
0.0
  3
*D254
  1

  0
LINE
  5
247A
330
132C
100
AcDbEntity
  8
Dimensions
 62
     0
440
 16777216
370
    -2
100
AcDbLine
 10
-317.2499999999999
 20
667.375
 30
0.0
 11
-317.2499999999999
 21
646.7500000000002
 31
0.0
  0
LINE
  5
247B
330
132C
100
AcDbEntity
  8
Dimensions
 62
     0
440
 16777216
370
    -2
100
AcDbLine
 10
-123.2499999999999
 20
1000.375
 30
0.0
 11
-123.2499999999999
 21
646.7500000000002
 31
0.0
  0
LINE
  5
247C
330
132C
100
AcDbEntity
  8
Dimensions
 62
     0
440
 16777216
370
    -2
100
AcDbLine
 10
-314.7499999999999
 20
648.0000000000002
 30
0.0
 11
-125.75
 21
648.0000000000002
 31
0.0
  0
SOLID
  5
247D
330
132C
100
AcDbEntity
  8
Dimensions
 62
     0
440
 16777216
100
AcDbTrace
 10
-314.7499999999999
 20
648.4166666666668
 30
0.0
 11
-314.7499999999999
 21
647.5833333333335
 31
0.0
 12
-317.2499999999999
 22
648.0000000000002
 32
0.0
 13
-317.2499999999999
 23
648.0000000000002
 33
0.0
  0
SOLID
  5
247E
330
132C
100
AcDbEntity
  8
Dimensions
 62
     0
440
 16777216
100
AcDbTrace
 10
-125.75
 20
648.4166666666668
 30
0.0
 11
-125.75
 21
647.5833333333335
 31
0.0
 12
-123.2499999999999
 22
648.0000000000002
 32
0.0
 13
-123.2499999999999
 23
648.0000000000002
 33
0.0
  0
MTEXT
  5
247F
330
132C
100
AcDbEntity
  8
Dimensions
 62
     0
440
 16777216
100
AcDbMText
 10
-220.25
 20
649.9014324693044
 30
0.0
 40
2.5
 41
0.0
 46
0.0
 71
     5
 72
     1
  1
194
 73
     1
 44
1.0
  0
POINT
  5
2480
330
132C
100
AcDbEntity
  8
Defpoints
 62
     0
440
 16777216
100
AcDbPoint
 10
-317.2499999999999
 20
668.0
 30
0.0
  0
POINT
  5
2481
330
132C
100
AcDbEntity
  8
Defpoints
 62
     0
440
 16777216
100
AcDbPoint
 10
-123.2499999999999
 20
1001.0
 30
0.0
  0
POINT
  5
2482
330
132C
100
AcDbEntity
  8
Defpoints
 62
     0
440
 16777216
100
AcDbPoint
 10
-123.2499999999999
 20
648.0000000000002
 30
0.0
  0
ENDBLK
  5
132E
330
132C
100
AcDbEntity
  8
0
100
AcDbBlockEnd
  0
BLOCK
  5
135D
330
135C
100
AcDbEntity
  8
0
100
AcDbBlockBegin
  2
*D255
 70
     1
 10
0.0
 20
0.0
 30
0.0
  3
*D255
  1

  0
LINE
  5
24A7
330
135C
100
AcDbEntity
  8
Dimensions
 62
     0
440
 16777216
370
    -2
100
AcDbLine
 10
-15.62499999999996
 20
668.0000000000002
 30
0.0
 11
0.0000000000000506
 21
668.0000000000002
 31
0.0
  0
LINE
  5
24A8
330
135C
100
AcDbEntity
  8
Dimensions
 62
     0
440
 16777216
370
    -2
100
AcDbLine
 10
-316.6250000000001
 20
702.0000000000002
 30
0.0
 11
0.0000000000000147
 21
702.0000000000003
 31
0.0
  0
LINE
  5
24A9
330
135C
100
AcDbEntity
  8
Dimensions
 62
     0
440
 16777216
370
    -2
100
AcDbLine
 10
-1.24999999999995
 20
670.5000000000002
 30
0.0
 11
-1.249999999999956
 21
699.5000000000003
 31
0.0
  0
SOLID
  5
24AA
330
135C
100
AcDbEntity
  8
Dimensions
 62
     0
440
 16777216
100
AcDbTrace
 10
-1.666666666666617
 20
670.5000000000002
 30
0.0
 11
-0.8333333333332836
 21
670.5000000000002
 31
0.0
 12
-1.249999999999949
 22
668.0000000000002
 32
0.0
 13
-1.249999999999949
 23
668.0000000000002
 33
0.0
  0
SOLID
  5
24AB
330
135C
100
AcDbEntity
  8
Dimensions
 62
     0
440
 16777216
100
AcDbTrace
 10
-1.666666666666623
 20
699.5000000000003
 30
0.0
 11
-0.83333333333329
 21
699.5000000000003
 31
0.0
 12
-1.249999999999957
 22
702.0000000000003
 32
0.0
 13
-1.249999999999957
 23
702.0000000000003
 33
0.0
  0
MTEXT
  5
24AC
330
135C
100
AcDbEntity
  8
Dimensions
 62
     0
440
 16777216
100
AcDbMText
 10
-3.152285129604125
 20
685.0000000000002
 30
0.0
 40
2.5
 41
0.0
 46
0.0
 71
     5
 72
     1
  1
34
 11
0.0000000000000001
 21
1.0
 31
0.0
 73
     1
 44
1.0
  0
POINT
  5
24AD
330
135C
100
AcDbEntity
  8
Defpoints
 62
     0
440
 16777216
100
AcDbPoint
 10
-16.24999999999996
 20
668.0000000000002
 30
0.0
  0
POINT
  5
24AE
330
135C
100
AcDbEntity
  8
Defpoints
 62
     0
440
 16777216
100
AcDbPoint
 10
-317.2500000000001
 20
702.0000000000002
 30
0.0
  0
POINT
  5
24AF
330
135C
100
AcDbEntity
  8
Defpoints
 62
     0
440
 16777216
100
AcDbPoint
 10
-1.249999999999957
 20
702.0000000000003
 30
0.0
  0
ENDBLK
  5
135E
330
135C
100
AcDbEntity
  8
0
100
AcDbBlockEnd
  0
BLOCK
  5
138D
330
138C
100
AcDbEntity
  8
0
100
AcDbBlockBegin
  2
*D256
 70
     1
 10
0.0
 20
0.0
 30
0.0
  3
*D256
  1

  0
LINE
  5
24D4
330
138C
100
AcDbEntity
  8
Dimensions
 62
     0
440
 16777216
370
    -2
100
AcDbLine
 10
-181.5325852687143
 20
711.2825852687142
 30
0.0
 11
-175.7855339059327
 21
705.5355339059326
 31
0.0
  0
LINE
  5
24D5
330
138C
100
AcDbEntity
  8
Dimensions
 62
     0
440
 16777216
370
    -2
100
AcDbLine
 10
-168.714466094067
 20
698.4644660940671
 30
0.0
 11
-166.9466991411006
 21
696.6966991411006
 31
0.0
  0
MTEXT
  5
24D6
330
138C
100
AcDbEntity
  8
Dimensions
 62
     0
440
 16777216
100
AcDbMText
 10
-178.1489876766108
 20
710.6868984510026
 30
0.0
 40
2.5
 41
0.0
 46
0.0
 71
     5
 72
     1
  1
∅5
 11
0.7071067811865533
 21
-0.7071067811865419
 31
0.0
 73
     1
 44
1.0
  0
LINE
  5
24D7
330
138C
100
AcDbEntity
  8
Dimensions
 62
     0
440
 16777216
370
    -2
100
AcDbLine
 10
-170.4822330470334
 20
700.2322330470335
 30
0.0
 11
-174.0177669529663
 21
703.7677669529663
 31
0.0
  0
SOLID
  5
24D8
330
138C
100
AcDbEntity
  8
Dimensions
 62
     0
440
 16777216
100
AcDbTrace
 10
-168.4198382685726
 20
698.7590939195615
 30
0.0
 11
-169.0090939195614
 21
698.1698382685727
 31
0.0
 12
-170.4822330470334
 22
700.2322330470335
 32
0.0
 13
-170.4822330470334
 23
700.2322330470335
 33
0.0
  0
SOLID
  5
24D9
330
138C
100
AcDbEntity
  8
Dimensions
 62
     0
440
 16777216
100
AcDbTrace
 10
-175.4909060804383
 20
705.830161731427
 30
0.0
 11
-176.0801617314271
 21
705.2409060804383
 31
0.0
 12
-174.0177669529663
 22
703.7677669529663
 32
0.0
 13
-174.0177669529663
 23
703.7677669529663
 33
0.0
  0
POINT
  5
24DA
330
138C
100
AcDbEntity
  8
Defpoints
 62
     0
440
 16777216
100
AcDbPoint
 10
-174.0177669529663
 20
703.7677669529663
 30
0.0
  0
POINT
  5
24DB
330
138C
100
AcDbEntity
  8
Defpoints
 62
     0
440
 16777216
100
AcDbPoint
 10
-170.4822330470334
 20
700.2322330470335
 30
0.0
  0
ENDBLK
  5
138E
330
138C
100
AcDbEntity
  8
0
100
AcDbBlockEnd
  0
BLOCK
  5
1398
330
1397
100
AcDbEntity
  8
0
100
AcDbBlockBegin
  2
*D257
 70
     1
 10
0.0
 20
0.0
 30
0.0
  3
*D257
  1

  0
LINE
  5
24DC
330
1397
100
AcDbEntity
  8
Dimensions
 62
     0
440
 16777216
370
    -2
100
AcDbLine
 10
-65.53258526871423
 20
711.2825852687142
 30
0.0
 11
-59.78553390593265
 21
705.5355339059326
 31
0.0
  0
LINE
  5
24DD
330
1397
100
AcDbEntity
  8
Dimensions
 62
     0
440
 16777216
370
    -2
100
AcDbLine
 10
-52.71446609406746
 20
698.4644660940671
 30
0.0
 11
-50.94669914110108
 21
696.6966991411007
 31
0.0
  0
MTEXT
  5
24DE
330
1397
100
AcDbEntity
  8
Dimensions
 62
     0
440
 16777216
100
AcDbMText
 10
-62.14898767661072
 20
710.6868984510024
 30
0.0
 40
2.5
 41
0.0
 46
0.0
 71
     5
 72
     1
  1
∅5
 11
0.7071067811865419
 21
-0.7071067811865532
 31
0.0
 73
     1
 44
1.0
  0
LINE
  5
24DF
330
1397
100
AcDbEntity
  8
Dimensions
 62
     0
440
 16777216
370
    -2
100
AcDbLine
 10
-54.48223304703379
 20
700.2322330470335
 30
0.0
 11
-58.01776695296627
 21
703.7677669529662
 31
0.0
  0
SOLID
  5
24E0
330
1397
100
AcDbEntity
  8
Dimensions
 62
     0
440
 16777216
100
AcDbTrace
 10
-52.41983826857307
 20
698.7590939195615
 30
0.0
 11
-53.00909391956185
 21
698.1698382685728
 31
0.0
 12
-54.48223304703379
 22
700.2322330470335
 32
0.0
 13
-54.48223304703379
 23
700.2322330470335
 33
0.0
  0
SOLID
  5
24E1
330
1397
100
AcDbEntity
  8
Dimensions
 62
     0
440
 16777216
100
AcDbTrace
 10
-59.49090608043826
 20
705.830161731427
 30
0.0
 11
-60.0801617314271
 21
705.2409060804381
 31
0.0
 12
-58.01776695296627
 22
703.7677669529662
 32
0.0
 13
-58.01776695296627
 23
703.7677669529662
 33
0.0
  0
POINT
  5
24E2
330
1397
100
AcDbEntity
  8
Defpoints
 62
     0
440
 16777216
100
AcDbPoint
 10
-58.01776695296627
 20
703.7677669529662
 30
0.0
  0
POINT
  5
24E3
330
1397
100
AcDbEntity
  8
Defpoints
 62
     0
440
 16777216
100
AcDbPoint
 10
-54.48223304703379
 20
700.2322330470335
 30
0.0
  0
ENDBLK
  5
1399
330
1397
100
AcDbEntity
  8
0
100
AcDbBlockEnd
  0
BLOCK
  5
13A3
330
13A2
100
AcDbEntity
  8
0
100
AcDbBlockBegin
  2
*D258
 70
     1
 10
0.0
 20
0.0
 30
0.0
  3
*D258
  1

  0
LINE
  5
24E4
330
13A2
100
AcDbEntity
  8
Dimensions
 62
     0
440
 16777216
370
    -2
100
AcDbLine
 10
-65.53258526871406
 20
791.2825852687142
 30
0.0
 11
-59.78553390593254
 21
785.5355339059325
 31
0.0
  0
LINE
  5
24E5
330
13A2
100
AcDbEntity
  8
Dimensions
 62
     0
440
 16777216
370
    -2
100
AcDbLine
 10
-52.71446609406746
 20
778.4644660940673
 30
0.0
 11
-50.94669914110113
 21
776.6966991411009
 31
0.0
  0
MTEXT
  5
24E6
330
13A2
100
AcDbEntity
  8
Dimensions
 62
     0
440
 16777216
100
AcDbMText
 10
-62.14898767661072
 20
790.6868984510024
 30
0.0
 40
2.5
 41
0.0
 46
0.0
 71
     5
 72
     1
  1
∅5
 11
0.7071067811865363
 21
-0.7071067811865588
 31
0.0
 73
     1
 44
1.0
  0
LINE
  5
24E7
330
13A2
100
AcDbEntity
  8
Dimensions
 62
     0
440
 16777216
370
    -2
100
AcDbLine
 10
-54.48223304703379
 20
780.2322330470338
 30
0.0
 11
-58.01776695296621
 21
783.7677669529661
 31
0.0
  0
SOLID
  5
24E8
330
13A2
100
AcDbEntity
  8
Dimensions
 62
     0
440
 16777216
100
AcDbTrace
 10
-52.41983826857307
 20
778.7590939195617
 30
0.0
 11
-53.00909391956185
 21
778.1698382685728
 31
0.0
 12
-54.48223304703379
 22
780.2322330470338
 32
0.0
 13
-54.48223304703379
 23
780.2322330470338
 33
0.0
  0
SOLID
  5
24E9
330
13A2
100
AcDbEntity
  8
Dimensions
 62
     0
440
 16777216
100
AcDbTrace
 10
-59.49090608043821
 20
785.8301617314269
 30
0.0
 11
-60.08016173142692
 21
785.2409060804382
 31
0.0
 12
-58.01776695296621
 22
783.7677669529661
 32
0.0
 13
-58.01776695296621
 23
783.7677669529661
 33
0.0
  0
POINT
  5
24EA
330
13A2
100
AcDbEntity
  8
Defpoints
 62
     0
440
 16777216
100
AcDbPoint
 10
-58.01776695296621
 20
783.7677669529661
 30
0.0
  0
POINT
  5
24EB
330
13A2
100
AcDbEntity
  8
Defpoints
 62
     0
440
 16777216
100
AcDbPoint
 10
-54.48223304703379
 20
780.2322330470338
 30
0.0
  0
ENDBLK
  5
13A4
330
13A2
100
AcDbEntity
  8
0
100
AcDbBlockEnd
  0
BLOCK
  5
13AE
330
13AD
100
AcDbEntity
  8
0
100
AcDbBlockBegin
  2
*D259
 70
     1
 10
0.0
 20
0.0
 30
0.0
  3
*D259
  1

  0
LINE
  5
24EC
330
13AD
100
AcDbEntity
  8
Dimensions
 62
     0
440
 16777216
370
    -2
100
AcDbLine
 10
-181.5325852687144
 20
791.2825852687144
 30
0.0
 11
-175.7855339059328
 21
785.5355339059329
 31
0.0
  0
LINE
  5
24ED
330
13AD
100
AcDbEntity
  8
Dimensions
 62
     0
440
 16777216
370
    -2
100
AcDbLine
 10
-168.7144660940671
 20
778.4644660940671
 30
0.0
 11
-166.9466991411008
 21
776.6966991411008
 31
0.0
  0
MTEXT
  5
24EE
330
13AD
100
AcDbEntity
  8
Dimensions
 62
     0
440
 16777216
100
AcDbMText
 10
-178.1489876766109
 20
790.6868984510026
 30
0.0
 40
2.5
 41
0.0
 46
0.0
 71
     5
 72
     1
  1
∅5
 11
0.7071067811865419
 21
-0.7071067811865532
 31
0.0
 73
     1
 44
1.0
  0
LINE
  5
24EF
330
13AD
100
AcDbEntity
  8
Dimensions
 62
     0
440
 16777216
370
    -2
100
AcDbLine
 10
-170.4822330470335
 20
780.2322330470335
 30
0.0
 11
-174.0177669529665
 21
783.7677669529664
 31
0.0
  0
SOLID
  5
24F0
330
13AD
100
AcDbEntity
  8
Dimensions
 62
     0
440
 16777216
100
AcDbTrace
 10
-168.4198382685728
 20
778.7590939195616
 30
0.0
 11
-169.0090939195616
 21
778.1698382685727
 31
0.0
 12
-170.4822330470335
 22
780.2322330470335
 32
0.0
 13
-170.4822330470335
 23
780.2322330470335
 33
0.0
  0
SOLID
  5
24F1
330
13AD
100
AcDbEntity
  8
Dimensions
 62
     0
440
 16777216
100
AcDbTrace
 10
-175.4909060804384
 20
785.8301617314272
 30
0.0
 11
-176.0801617314272
 21
785.2409060804384
 31
0.0
 12
-174.0177669529665
 22
783.7677669529664
 32
0.0
 13
-174.0177669529665
 23
783.7677669529664
 33
0.0
  0
POINT
  5
24F2
330
13AD
100
AcDbEntity
  8
Defpoints
 62
     0
440
 16777216
100
AcDbPoint
 10
-174.0177669529665
 20
783.7677669529664
 30
0.0
  0
POINT
  5
24F3
330
13AD
100
AcDbEntity
  8
Defpoints
 62
     0
440
 16777216
100
AcDbPoint
 10
-170.4822330470335
 20
780.2322330470335
 30
0.0
  0
ENDBLK
  5
13AF
330
13AD
100
AcDbEntity
  8
0
100
AcDbBlockEnd
  0
BLOCK
  5
13C4
330
13C3
100
AcDbEntity
  8
0
100
AcDbBlockBegin
  2
*D261
 70
     1
 10
0.0
 20
0.0
 30
0.0
  3
*D261
  1

  0
LINE
  5
24F4
330
13C3
100
AcDbEntity
  8
Dimensions
 62
     0
440
 16777216
370
    -2
100
AcDbLine
 10
-139.8850970142921
 20
928.6350970142919
 30
0.0
 11
-132.7959415460184
 21
921.5459415460184
 31
0.0
  0
LINE
  5
24F5
330
13C3
100
AcDbEntity
  8
Dimensions
 62
     0
440
 16777216
370
    -2
100
AcDbLine
 10
-113.7040584539815
 20
902.4540584539817
 30
0.0
 11
-111.9362915010151
 21
900.6862915010154
 31
0.0
  0
MTEXT
  5
24F6
330
13C3
100
AcDbEntity
  8
Dimensions
 62
     0
440
 16777216
100
AcDbMText
 10
-135.8304473694424
 20
927.3683581438341
 30
0.0
 40
2.5
 41
0.0
 46
0.0
 71
     5
 72
     1
  1
∅22
 11
0.7071067811865514
 21
-0.7071067811865439
 31
0.0
 73
     1
 44
1.0
  0
LINE
  5
24F7
330
13C3
100
AcDbEntity
  8
Dimensions
 62
     0
440
 16777216
370
    -2
100
AcDbLine
 10
-115.4718254069479
 20
904.221825406948
 30
0.0
 11
-131.0281745930521
 21
919.778174593052
 31
0.0
  0
SOLID
  5
24F8
330
13C3
100
AcDbEntity
  8
Dimensions
 62
     0
440
 16777216
100
AcDbTrace
 10
-113.4094306284871
 20
902.7486862794759
 30
0.0
 11
-113.9986862794758
 21
902.1594306284873
 31
0.0
 12
-115.4718254069479
 22
904.221825406948
 32
0.0
 13
-115.4718254069479
 23
904.221825406948
 33
0.0
  0
SOLID
  5
24F9
330
13C3
100
AcDbEntity
  8
Dimensions
 62
     0
440
 16777216
100
AcDbTrace
 10
-132.501313720524
 20
921.8405693715126
 30
0.0
 11
-133.0905693715127
 21
921.251313720524
 31
0.0
 12
-131.0281745930521
 22
919.778174593052
 32
0.0
 13
-131.0281745930521
 23
919.778174593052
 33
0.0
  0
POINT
  5
24FA
330
13C3
100
AcDbEntity
  8
Defpoints
 62
     0
440
 16777216
100
AcDbPoint
 10
-131.0281745930521
 20
919.778174593052
 30
0.0
  0
POINT
  5
24FB
330
13C3
100
AcDbEntity
  8
Defpoints
 62
     0
440
 16777216
100
AcDbPoint
 10
-115.4718254069479
 20
904.221825406948
 30
0.0
  0
ENDBLK
  5
13C5
330
13C3
100
AcDbEntity
  8
0
100
AcDbBlockEnd
  0
BLOCK
  5
13CF
330
13CE
100
AcDbEntity
  8
0
100
AcDbBlockBegin
  2
*D262
 70
     1
 10
0.0
 20
0.0
 30
0.0
  3
*D262
  1

  0
LINE
  5
24FC
330
13CE
100
AcDbEntity
  8
Dimensions
 62
     0
440
 16777216
370
    -2
100
AcDbLine
 10
-87.88509701429211
 20
959.6350970142921
 30
0.0
 11
-80.7959415460184
 21
952.5459415460185
 31
0.0
  0
LINE
  5
24FD
330
13CE
100
AcDbEntity
  8
Dimensions
 62
     0
440
 16777216
370
    -2
100
AcDbLine
 10
-61.70405845398159
 20
933.4540584539816
 30
0.0
 11
-59.9362915010152
 21
931.6862915010151
 31
0.0
  0
MTEXT
  5
24FE
330
13CE
100
AcDbEntity
  8
Dimensions
 62
     0
440
 16777216
100
AcDbMText
 10
-83.83044736944265
 20
958.3683581438343
 30
0.0
 40
2.5
 41
0.0
 46
0.0
 71
     5
 72
     1
  1
∅22
 11
0.7071067811865476
 21
-0.7071067811865476
 31
0.0
 73
     1
 44
1.0
  0
LINE
  5
24FF
330
13CE
100
AcDbEntity
  8
Dimensions
 62
     0
440
 16777216
370
    -2
100
AcDbLine
 10
-63.47182540694797
 20
935.221825406948
 30
0.0
 11
-79.02817459305197
 21
950.778174593052
 31
0.0
  0
SOLID
  5
2500
330
13CE
100
AcDbEntity
  8
Dimensions
 62
     0
440
 16777216
100
AcDbTrace
 10
-61.4094306284872
 20
933.748686279476
 30
0.0
 11
-61.99868627947598
 21
933.1594306284872
 31
0.0
 12
-63.47182540694797
 22
935.221825406948
 32
0.0
 13
-63.47182540694797
 23
935.221825406948
 33
0.0
  0
SOLID
  5
2501
330
13CE
100
AcDbEntity
  8
Dimensions
 62
     0
440
 16777216
100
AcDbTrace
 10
-80.50131372052403
 20
952.8405693715127
 30
0.0
 11
-81.09056937151279
 21
952.2513137205239
 31
0.0
 12
-79.02817459305197
 22
950.778174593052
 32
0.0
 13
-79.02817459305197
 23
950.778174593052
 33
0.0
  0
POINT
  5
2502
330
13CE
100
AcDbEntity
  8
Defpoints
 62
     0
440
 16777216
100
AcDbPoint
 10
-79.02817459305197
 20
950.778174593052
 30
0.0
  0
POINT
  5
2503
330
13CE
100
AcDbEntity
  8
Defpoints
 62
     0
440
 16777216
100
AcDbPoint
 10
-63.47182540694797
 20
935.221825406948
 30
0.0
  0
ENDBLK
  5
13D0
330
13CE
100
AcDbEntity
  8
0
100
AcDbBlockEnd
  0
BLOCK
  5
13DA
330
13D9
100
AcDbEntity
  8
0
100
AcDbBlockBegin
  2
*D263
 70
     1
 10
0.0
 20
0.0
 30
0.0
  3
*D263
  1

  0
LINE
  5
2504
330
13D9
100
AcDbEntity
  8
Dimensions
 62
     0
440
 16777216
370
    -2
100
AcDbLine
 10
-317.2499999999999
 20
1001.625
 30
0.0
 11
-317.2499999999999
 21
1026.25
 31
0.0
  0
LINE
  5
2505
330
13D9
100
AcDbEntity
  8
Dimensions
 62
     0
440
 16777216
370
    -2
100
AcDbLine
 10
-257.2500000000001
 20
668.625
 30
0.0
 11
-257.2500000000001
 21
1026.25
 31
0.0
  0
LINE
  5
2506
330
13D9
100
AcDbEntity
  8
Dimensions
 62
     0
440
 16777216
370
    -2
100
AcDbLine
 10
-314.7499999999999
 20
1025.0
 30
0.0
 11
-259.7500000000001
 21
1025.0
 31
0.0
  0
SOLID
  5
2507
330
13D9
100
AcDbEntity
  8
Dimensions
 62
     0
440
 16777216
100
AcDbTrace
 10
-314.7499999999999
 20
1025.416666666667
 30
0.0
 11
-314.7499999999999
 21
1024.583333333334
 31
0.0
 12
-317.2499999999999
 22
1025.0
 32
0.0
 13
-317.2499999999999
 23
1025.0
 33
0.0
  0
SOLID
  5
2508
330
13D9
100
AcDbEntity
  8
Dimensions
 62
     0
440
 16777216
100
AcDbTrace
 10
-259.7500000000001
 20
1025.416666666667
 30
0.0
 11
-259.7500000000001
 21
1024.583333333334
 31
0.0
 12
-257.2500000000001
 22
1025.0
 32
0.0
 13
-257.2500000000001
 23
1025.0
 33
0.0
  0
MTEXT
  5
2509
330
13D9
100
AcDbEntity
  8
Dimensions
 62
     0
440
 16777216
100
AcDbMText
 10
-287.25
 20
1026.901432469304
 30
0.0
 40
2.5
 41
0.0
 46
0.0
 71
     5
 72
     1
  1
60
 73
     1
 44
1.0
  0
POINT
  5
250A
330
13D9
100
AcDbEntity
  8
Defpoints
 62
     0
440
 16777216
100
AcDbPoint
 10
-317.2499999999999
 20
1001.0
 30
0.0
  0
POINT
  5
250B
330
13D9
100
AcDbEntity
  8
Defpoints
 62
     0
440
 16777216
100
AcDbPoint
 10
-257.2500000000001
 20
668.0
 30
0.0
  0
POINT
  5
250C
330
13D9
100
AcDbEntity
  8
Defpoints
 62
     0
440
 16777216
100
AcDbPoint
 10
-257.2500000000001
 20
1025.0
 30
0.0
  0
ENDBLK
  5
13DB
330
13D9
100
AcDbEntity
  8
0
100
AcDbBlockEnd
  0
BLOCK
  5
13F8
330
13F7
100
AcDbEntity
  8
0
100
AcDbBlockBegin
  2
*D264
 70
     1
 10
0.0
 20
0.0
 30
0.0
  3
*D264
  1

  0
LINE
  5
251F
330
13F7
100
AcDbEntity
  8
Dimensions
 62
     0
440
 16777216
370
    -2
100
AcDbLine
 10
-270.2330100642247
 20
948.983010064224
 30
0.0
 11
-261.4926406871193
 21
940.2426406871191
 31
0.0
  0
LINE
  5
2520
330
13F7
100
AcDbEntity
  8
Dimensions
 62
     0
440
 16777216
370
    -2
100
AcDbLine
 10
-253.0073593128806
 20
931.7573593128809
 30
0.0
 11
-251.2395923599143
 21
929.9895923599144
 31
0.0
  0
MTEXT
  5
2521
330
13F7
100
AcDbEntity
  8
Dimensions
 62
     0
440
 16777216
100
AcDbMText
 10
-266.8560446128042
 20
948.3939553871955
 30
0.0
 40
2.5
 41
0.0
 46
0.0
 71
     5
 72
     1
  1
∅7
 11
0.7071067811865639
 21
-0.7071067811865312
 31
0.0
 73
     1
 44
1.0
  0
LINE
  5
2522
330
13F7
100
AcDbEntity
  8
Dimensions
 62
     0
440
 16777216
370
    -2
100
AcDbLine
 10
-254.7751262658471
 20
933.5251262658472
 30
0.0
 11
-259.7248737341528
 21
938.4748737341526
 31
0.0
  0
SOLID
  5
2523
330
13F7
100
AcDbEntity
  8
Dimensions
 62
     0
440
 16777216
100
AcDbTrace
 10
-252.7127314873862
 20
932.0519871383753
 30
0.0
 11
-253.3019871383751
 21
931.4627314873865
 31
0.0
 12
-254.7751262658471
 22
933.5251262658472
 32
0.0
 13
-254.7751262658471
 23
933.5251262658472
 33
0.0
  0
SOLID
  5
2524
330
13F7
100
AcDbEntity
  8
Dimensions
 62
     0
440
 16777216
100
AcDbTrace
 10
-261.1980128616249
 20
940.5372685126135
 30
0.0
 11
-261.7872685126137
 21
939.9480128616247
 31
0.0
 12
-259.7248737341528
 22
938.4748737341526
 32
0.0
 13
-259.7248737341528
 23
938.4748737341526
 33
0.0
  0
POINT
  5
2525
330
13F7
100
AcDbEntity
  8
Defpoints
 62
     0
440
 16777216
100
AcDbPoint
 10
-259.7248737341528
 20
938.4748737341526
 30
0.0
  0
POINT
  5
2526
330
13F7
100
AcDbEntity
  8
Defpoints
 62
     0
440
 16777216
100
AcDbPoint
 10
-254.7751262658471
 20
933.5251262658472
 30
0.0
  0
ENDBLK
  5
13F9
330
13F7
100
AcDbEntity
  8
0
100
AcDbBlockEnd
  0
BLOCK
  5
1403
330
1402
100
AcDbEntity
  8
0
100
AcDbBlockBegin
  2
*D265
 70
     1
 10
0.0
 20
0.0
 30
0.0
  3
*D265
  1

  0
LINE
  5
2527
330
1402
100
AcDbEntity
  8
Dimensions
 62
     0
440
 16777216
370
    -2
100
AcDbLine
 10
-270.233010064225
 20
848.9830100642246
 30
0.0
 11
-261.4926406871193
 21
840.2426406871192
 31
0.0
  0
LINE
  5
2528
330
1402
100
AcDbEntity
  8
Dimensions
 62
     0
440
 16777216
370
    -2
100
AcDbLine
 10
-253.0073593128805
 20
831.7573593128807
 30
0.0
 11
-251.2395923599142
 21
829.9895923599144
 31
0.0
  0
MTEXT
  5
2529
330
1402
100
AcDbEntity
  8
Dimensions
 62
     0
440
 16777216
100
AcDbMText
 10
-266.8560446128045
 20
848.3939553871959
 30
0.0
 40
2.5
 41
0.0
 46
0.0
 71
     5
 72
     1
  1
∅7
 11
0.7071067811865639
 21
-0.7071067811865312
 31
0.0
 73
     1
 44
1.0
  0
LINE
  5
252A
330
1402
100
AcDbEntity
  8
Dimensions
 62
     0
440
 16777216
370
    -2
100
AcDbLine
 10
-254.7751262658469
 20
833.525126265847
 30
0.0
 11
-259.7248737341529
 21
838.4748737341528
 31
0.0
  0
SOLID
  5
252B
330
1402
100
AcDbEntity
  8
Dimensions
 62
     0
440
 16777216
100
AcDbTrace
 10
-252.7127314873861
 20
832.0519871383751
 30
0.0
 11
-253.3019871383749
 21
831.4627314873863
 31
0.0
 12
-254.7751262658469
 22
833.525126265847
 32
0.0
 13
-254.7751262658469
 23
833.525126265847
 33
0.0
  0
SOLID
  5
252C
330
1402
100
AcDbEntity
  8
Dimensions
 62
     0
440
 16777216
100
AcDbTrace
 10
-261.1980128616249
 20
840.5372685126135
 30
0.0
 11
-261.7872685126137
 21
839.9480128616247
 31
0.0
 12
-259.7248737341529
 22
838.4748737341528
 32
0.0
 13
-259.7248737341529
 23
838.4748737341528
 33
0.0
  0
POINT
  5
252D
330
1402
100
AcDbEntity
  8
Defpoints
 62
     0
440
 16777216
100
AcDbPoint
 10
-259.7248737341529
 20
838.4748737341528
 30
0.0
  0
POINT
  5
252E
330
1402
100
AcDbEntity
  8
Defpoints
 62
     0
440
 16777216
100
AcDbPoint
 10
-254.7751262658469
 20
833.525126265847
 30
0.0
  0
ENDBLK
  5
1404
330
1402
100
AcDbEntity
  8
0
100
AcDbBlockEnd
  0
BLOCK
  5
1429
330
1428
100
AcDbEntity
  8
0
100
AcDbBlockBegin
  2
*D266
 70
     1
 10
0.0
 20
0.0
 30
0.0
  3
*D266
  1

  0
LINE
  5
3307
330
1428
100
AcDbEntity
  8
Dimensions
 62
     0
440
 16777216
370
    -2
100
AcDbLine
 10
-301.2330100642248
 20
447.9830100642247
 30
0.0
 11
-292.4926406871193
 21
439.2426406871193
 31
0.0
  0
LINE
  5
3308
330
1428
100
AcDbEntity
  8
Dimensions
 62
     0
440
 16777216
370
    -2
100
AcDbLine
 10
-284.0073593128807
 20
430.7573593128806
 30
0.0
 11
-282.2395923599144
 21
428.9895923599143
 31
0.0
  0
MTEXT
  5
3309
330
1428
100
AcDbEntity
  8
Dimensions
 62
     0
440
 16777216
100
AcDbMText
 10
-297.8560446128044
 20
447.393955387196
 30
0.0
 40
2.5
 41
0.0
 46
0.0
 71
     5
 72
     1
  1
∅7
 11
0.7071067811865476
 21
-0.7071067811865476
 31
0.0
 73
     1
 44
1.0
  0
LINE
  5
330A
330
1428
100
AcDbEntity
  8
Dimensions
 62
     0
440
 16777216
370
    -2
100
AcDbLine
 10
-285.775126265847
 20
432.5251262658469
 30
0.0
 11
-290.724873734153
 21
437.4748737341529
 31
0.0
  0
SOLID
  5
330B
330
1428
100
AcDbEntity
  8
Dimensions
 62
     0
440
 16777216
100
AcDbTrace
 10
-283.7127314873862
 20
431.051987138375
 30
0.0
 11
-284.3019871383751
 21
430.4627314873862
 31
0.0
 12
-285.775126265847
 22
432.5251262658469
 32
0.0
 13
-285.775126265847
 23
432.5251262658469
 33
0.0
  0
SOLID
  5
330C
330
1428
100
AcDbEntity
  8
Dimensions
 62
     0
440
 16777216
100
AcDbTrace
 10
-292.1980128616249
 20
439.5372685126138
 30
0.0
 11
-292.7872685126138
 21
438.9480128616249
 31
0.0
 12
-290.724873734153
 22
437.4748737341529
 32
0.0
 13
-290.724873734153
 23
437.4748737341529
 33
0.0
  0
POINT
  5
330D
330
1428
100
AcDbEntity
  8
Defpoints
 62
     0
440
 16777216
100
AcDbPoint
 10
-290.724873734153
 20
437.4748737341529
 30
0.0
  0
POINT
  5
330E
330
1428
100
AcDbEntity
  8
Defpoints
 62
     0
440
 16777216
100
AcDbPoint
 10
-285.775126265847
 20
432.5251262658469
 30
0.0
  0
ENDBLK
  5
142A
330
1428
100
AcDbEntity
  8
0
100
AcDbBlockEnd
  0
BLOCK
  5
1434
330
1433
100
AcDbEntity
  8
0
100
AcDbBlockBegin
  2
*D267
 70
     1
 10
0.0
 20
0.0
 30
0.0
  3
*D267
  1

  0
LINE
  5
330F
330
1433
100
AcDbEntity
  8
Dimensions
 62
     0
440
 16777216
370
    -2
100
AcDbLine
 10
-276.2330100642245
 20
447.9830100642247
 30
0.0
 11
-267.4926406871192
 21
439.2426406871193
 31
0.0
  0
LINE
  5
3310
330
1433
100
AcDbEntity
  8
Dimensions
 62
     0
440
 16777216
370
    -2
100
AcDbLine
 10
-259.0073593128806
 20
430.7573593128806
 30
0.0
 11
-257.2395923599142
 21
428.9895923599142
 31
0.0
  0
MTEXT
  5
3311
330
1433
100
AcDbEntity
  8
Dimensions
 62
     0
440
 16777216
100
AcDbMText
 10
-272.856044612804
 20
447.3939553871959
 30
0.0
 40
2.5
 41
0.0
 46
0.0
 71
     5
 72
     1
  1
∅7
 11
0.7071067811865431
 21
-0.7071067811865519
 31
0.0
 73
     1
 44
1.0
  0
LINE
  5
3312
330
1433
100
AcDbEntity
  8
Dimensions
 62
     0
440
 16777216
370
    -2
100
AcDbLine
 10
-260.775126265847
 20
432.5251262658469
 30
0.0
 11
-265.7248737341529
 21
437.4748737341529
 31
0.0
  0
SOLID
  5
3313
330
1433
100
AcDbEntity
  8
Dimensions
 62
     0
440
 16777216
100
AcDbTrace
 10
-258.7127314873862
 20
431.051987138375
 30
0.0
 11
-259.301987138375
 21
430.4627314873862
 31
0.0
 12
-260.775126265847
 22
432.5251262658469
 32
0.0
 13
-260.775126265847
 23
432.5251262658469
 33
0.0
  0
SOLID
  5
3314
330
1433
100
AcDbEntity
  8
Dimensions
 62
     0
440
 16777216
100
AcDbTrace
 10
-267.1980128616248
 20
439.5372685126138
 30
0.0
 11
-267.7872685126136
 21
438.9480128616249
 31
0.0
 12
-265.7248737341529
 22
437.4748737341529
 32
0.0
 13
-265.7248737341529
 23
437.4748737341529
 33
0.0
  0
POINT
  5
3315
330
1433
100
AcDbEntity
  8
Defpoints
 62
     0
440
 16777216
100
AcDbPoint
 10
-265.7248737341529
 20
437.4748737341529
 30
0.0
  0
POINT
  5
3316
330
1433
100
AcDbEntity
  8
Defpoints
 62
     0
440
 16777216
100
AcDbPoint
 10
-260.775126265847
 20
432.5251262658469
 30
0.0
  0
ENDBLK
  5
1435
330
1433
100
AcDbEntity
  8
0
100
AcDbBlockEnd
  0
BLOCK
  5
1463
330
1462
100
AcDbEntity
  8
0
100
AcDbBlockBegin
  2
*D268
 70
     1
 10
0.0
 20
0.0
 30
0.0
  3
*D268
  1

  0
LINE
  5
3317
330
1462
100
AcDbEntity
  8
Dimensions
 62
     0
440
 16777216
370
    -2
100
AcDbLine
 10
-646.8122142061616
 20
399.5622142061618
 30
0.0
 11
-641.0784271247461
 21
393.8284271247463
 31
0.0
  0
LINE
  5
3318
330
1462
100
AcDbEntity
  8
Dimensions
 62
     0
440
 16777216
370
    -2
100
AcDbLine
 10
-635.4215728752538
 20
388.1715728752539
 30
0.0
 11
-633.6538059222873
 21
386.4038059222875
 31
0.0
  0
MTEXT
  5
3319
330
1462
100
AcDbEntity
  8
Dimensions
 62
     0
440
 16777216
100
AcDbMText
 10
-643.4352487547412
 20
398.973159529133
 30
0.0
 40
2.5
 41
0.0
 46
0.0
 71
     5
 72
     1
  1
∅3
 11
0.7071067811865476
 21
-0.7071067811865476
 31
0.0
 73
     1
 44
1.0
  0
LINE
  5
331A
330
1462
100
AcDbEntity
  8
Dimensions
 62
     0
440
 16777216
370
    -2
100
AcDbLine
 10
-637.1893398282201
 20
389.9393398282203
 30
0.0
 11
-639.3106601717797
 21
392.0606601717799
 31
0.0
  0
SOLID
  5
331B
330
1462
100
AcDbEntity
  8
Dimensions
 62
     0
440
 16777216
100
AcDbTrace
 10
-635.1269450497593
 20
388.4662007007483
 30
0.0
 11
-635.7162007007481
 21
387.8769450497595
 31
0.0
 12
-637.1893398282201
 22
389.9393398282203
 32
0.0
 13
-637.1893398282201
 23
389.9393398282203
 33
0.0
  0
SOLID
  5
331C
330
1462
100
AcDbEntity
  8
Dimensions
 62
     0
440
 16777216
100
AcDbTrace
 10
-640.7837992992516
 20
394.1230549502407
 30
0.0
 11
-641.3730549502404
 21
393.5337992992519
 31
0.0
 12
-639.3106601717797
 22
392.0606601717799
 32
0.0
 13
-639.3106601717797
 23
392.0606601717799
 33
0.0
  0
POINT
  5
331D
330
1462
100
AcDbEntity
  8
Defpoints
 62
     0
440
 16777216
100
AcDbPoint
 10
-639.3106601717797
 20
392.0606601717799
 30
0.0
  0
POINT
  5
331E
330
1462
100
AcDbEntity
  8
Defpoints
 62
     0
440
 16777216
100
AcDbPoint
 10
-637.1893398282201
 20
389.9393398282203
 30
0.0
  0
ENDBLK
  5
1464
330
1462
100
AcDbEntity
  8
0
100
AcDbBlockEnd
  0
BLOCK
  5
146E
330
146D
100
AcDbEntity
  8
0
100
AcDbBlockBegin
  2
*D269
 70
     1
 10
0.0
 20
0.0
 30
0.0
  3
*D269
  1

  0
LINE
  5
331F
330
146D
100
AcDbEntity
  8
Dimensions
 62
     0
440
 16777216
370
    -2
100
AcDbLine
 10
-476.8122142061622
 20
399.5622142061612
 30
0.0
 11
-471.0784271247463
 21
393.828427124746
 31
0.0
  0
LINE
  5
3320
330
146D
100
AcDbEntity
  8
Dimensions
 62
     0
440
 16777216
370
    -2
100
AcDbLine
 10
-465.4215728752536
 20
388.1715728752541
 30
0.0
 11
-463.653805922287
 21
386.4038059222878
 31
0.0
  0
MTEXT
  5
3321
330
146D
100
AcDbEntity
  8
Dimensions
 62
     0
440
 16777216
100
AcDbMText
 10
-473.4352487547417
 20
398.9731595291328
 30
0.0
 40
2.5
 41
0.0
 46
0.0
 71
     5
 72
     1
  1
∅3
 11
0.7071067811865947
 21
-0.7071067811865004
 31
0.0
 73
     1
 44
1.0
  0
LINE
  5
3322
330
146D
100
AcDbEntity
  8
Dimensions
 62
     0
440
 16777216
370
    -2
100
AcDbLine
 10
-467.18933982822
 20
389.9393398282203
 30
0.0
 11
-469.3106601717799
 21
392.0606601717798
 31
0.0
  0
SOLID
  5
3323
330
146D
100
AcDbEntity
  8
Dimensions
 62
     0
440
 16777216
100
AcDbTrace
 10
-465.1269450497592
 20
388.4662007007485
 30
0.0
 11
-465.716200700748
 21
387.8769450497597
 31
0.0
 12
-467.18933982822
 22
389.9393398282203
 32
0.0
 13
-467.18933982822
 23
389.9393398282203
 33
0.0
  0
SOLID
  5
3324
330
146D
100
AcDbEntity
  8
Dimensions
 62
     0
440
 16777216
100
AcDbTrace
 10
-470.7837992992519
 20
394.1230549502405
 30
0.0
 11
-471.3730549502407
 21
393.5337992992517
 31
0.0
 12
-469.3106601717799
 22
392.0606601717798
 32
0.0
 13
-469.3106601717799
 23
392.0606601717798
 33
0.0
  0
POINT
  5
3325
330
146D
100
AcDbEntity
  8
Defpoints
 62
     0
440
 16777216
100
AcDbPoint
 10
-469.3106601717799
 20
392.0606601717798
 30
0.0
  0
POINT
  5
3326
330
146D
100
AcDbEntity
  8
Defpoints
 62
     0
440
 16777216
100
AcDbPoint
 10
-467.18933982822
 20
389.9393398282203
 30
0.0
  0
ENDBLK
  5
146F
330
146D
100
AcDbEntity
  8
0
100
AcDbBlockEnd
  0
BLOCK
  5
1479
330
1478
100
AcDbEntity
  8
0
100
AcDbBlockBegin
  2
*D270
 70
     1
 10
0.0
 20
0.0
 30
0.0
  3
*D270
  1

  0
LINE
  5
3327
330
1478
100
AcDbEntity
  8
Dimensions
 62
     0
440
 16777216
370
    -2
100
AcDbLine
 10
-306.8122142061618
 20
399.5622142061616
 30
0.0
 11
-301.0784271247463
 21
393.8284271247462
 31
0.0
  0
LINE
  5
3328
330
1478
100
AcDbEntity
  8
Dimensions
 62
     0
440
 16777216
370
    -2
100
AcDbLine
 10
-295.4215728752539
 20
388.171572875254
 30
0.0
 11
-293.6538059222875
 21
386.4038059222877
 31
0.0
  0
MTEXT
  5
3329
330
1478
100
AcDbEntity
  8
Dimensions
 62
     0
440
 16777216
100
AcDbMText
 10
-303.4352487547413
 20
398.973159529133
 30
0.0
 40
2.5
 41
0.0
 46
0.0
 71
     5
 72
     1
  1
∅3
 11
0.707106781186557
 21
-0.7071067811865382
 31
0.0
 73
     1
 44
1.0
  0
LINE
  5
332A
330
1478
100
AcDbEntity
  8
Dimensions
 62
     0
440
 16777216
370
    -2
100
AcDbLine
 10
-297.1893398282203
 20
389.9393398282203
 30
0.0
 11
-299.3106601717799
 21
392.0606601717799
 31
0.0
  0
SOLID
  5
332B
330
1478
100
AcDbEntity
  8
Dimensions
 62
     0
440
 16777216
100
AcDbTrace
 10
-295.1269450497595
 20
388.4662007007484
 30
0.0
 11
-295.7162007007483
 21
387.8769450497596
 31
0.0
 12
-297.1893398282203
 22
389.9393398282203
 32
0.0
 13
-297.1893398282203
 23
389.9393398282203
 33
0.0
  0
SOLID
  5
332C
330
1478
100
AcDbEntity
  8
Dimensions
 62
     0
440
 16777216
100
AcDbTrace
 10
-300.7837992992519
 20
394.1230549502406
 30
0.0
 11
-301.3730549502407
 21
393.5337992992518
 31
0.0
 12
-299.3106601717799
 22
392.0606601717799
 32
0.0
 13
-299.3106601717799
 23
392.0606601717799
 33
0.0
  0
POINT
  5
332D
330
1478
100
AcDbEntity
  8
Defpoints
 62
     0
440
 16777216
100
AcDbPoint
 10
-299.3106601717799
 20
392.0606601717799
 30
0.0
  0
POINT
  5
332E
330
1478
100
AcDbEntity
  8
Defpoints
 62
     0
440
 16777216
100
AcDbPoint
 10
-297.1893398282203
 20
389.9393398282203
 30
0.0
  0
ENDBLK
  5
147A
330
1478
100
AcDbEntity
  8
0
100
AcDbBlockEnd
  0
BLOCK
  5
14C3
330
14C2
100
AcDbEntity
  8
0
100
AcDbBlockBegin
  2
*D271
 70
     1
 10
0.0
 20
0.0
 30
0.0
  3
*D271
  1

  0
LINE
  5
332F
330
14C2
100
AcDbEntity
  8
Dimensions
 62
     0
440
 16777216
370
    -2
100
AcDbLine
 10
-305.7825852687133
 20
1219.282585268714
 30
0.0
 11
-300.0355339059323
 21
1213.535533905933
 31
0.0
  0
LINE
  5
3330
330
14C2
100
AcDbEntity
  8
Dimensions
 62
     0
440
 16777216
370
    -2
100
AcDbLine
 10
-292.964466094067
 20
1206.464466094066
 30
0.0
 11
-291.1966991411008
 21
1204.6966991411
 31
0.0
  0
MTEXT
  5
3331
330
14C2
100
AcDbEntity
  8
Dimensions
 62
     0
440
 16777216
100
AcDbMText
 10
-302.3989876766099
 20
1218.686898451003
 30
0.0
 40
2.5
 41
0.0
 46
0.0
 71
     5
 72
     1
  1
∅5
 11
0.7071067811864968
 21
-0.7071067811865985
 31
0.0
 73
     1
 44
1.0
  0
LINE
  5
3332
330
14C2
100
AcDbEntity
  8
Dimensions
 62
     0
440
 16777216
370
    -2
100
AcDbLine
 10
-294.7322330470332
 20
1208.232233047033
 30
0.0
 11
-298.267766952966
 21
1211.767766952966
 31
0.0
  0
SOLID
  5
3333
330
14C2
100
AcDbEntity
  8
Dimensions
 62
     0
440
 16777216
100
AcDbTrace
 10
-292.6698382685726
 20
1206.759093919561
 30
0.0
 11
-293.2590939195614
 21
1206.169838268572
 31
0.0
 12
-294.7322330470332
 22
1208.232233047033
 32
0.0
 13
-294.7322330470332
 23
1208.232233047033
 33
0.0
  0
SOLID
  5
3334
330
14C2
100
AcDbEntity
  8
Dimensions
 62
     0
440
 16777216
100
AcDbTrace
 10
-299.7409060804379
 20
1213.830161731427
 30
0.0
 11
-300.3301617314267
 21
1213.240906080438
 31
0.0
 12
-298.267766952966
 22
1211.767766952966
 32
0.0
 13
-298.267766952966
 23
1211.767766952966
 33
0.0
  0
POINT
  5
3335
330
14C2
100
AcDbEntity
  8
Defpoints
 62
     0
440
 16777216
100
AcDbPoint
 10
-298.267766952966
 20
1211.767766952966
 30
0.0
  0
POINT
  5
3336
330
14C2
100
AcDbEntity
  8
Defpoints
 62
     0
440
 16777216
100
AcDbPoint
 10
-294.7322330470332
 20
1208.232233047033
 30
0.0
  0
ENDBLK
  5
14C4
330
14C2
100
AcDbEntity
  8
0
100
AcDbBlockEnd
  0
BLOCK
  5
14CE
330
14CD
100
AcDbEntity
  8
0
100
AcDbBlockBegin
  2
*D272
 70
     1
 10
0.0
 20
0.0
 30
0.0
  3
*D272
  1

  0
LINE
  5
3337
330
14CD
100
AcDbEntity
  8
Dimensions
 62
     0
440
 16777216
370
    -2
100
AcDbLine
 10
-305.7825852687144
 20
1316.282585268713
 30
0.0
 11
-300.0355339059327
 21
1310.535533905932
 31
0.0
  0
LINE
  5
3338
330
14CD
100
AcDbEntity
  8
Dimensions
 62
     0
440
 16777216
370
    -2
100
AcDbLine
 10
-292.9644660940669
 20
1303.464466094067
 30
0.0
 11
-291.1966991411005
 21
1301.696699141101
 31
0.0
  0
MTEXT
  5
3339
330
14CD
100
AcDbEntity
  8
Dimensions
 62
     0
440
 16777216
100
AcDbMText
 10
-302.3989876766109
 20
1315.686898451002
 30
0.0
 40
2.5
 41
0.0
 46
0.0
 71
     5
 72
     1
  1
∅5
 11
0.7071067811865815
 21
-0.7071067811865137
 31
0.0
 73
     1
 44
1.0
  0
LINE
  5
333A
330
14CD
100
AcDbEntity
  8
Dimensions
 62
     0
440
 16777216
370
    -2
100
AcDbLine
 10
-294.7322330470335
 20
1305.232233047034
 30
0.0
 11
-298.2677669529662
 21
1308.767766952966
 31
0.0
  0
SOLID
  5
333B
330
14CD
100
AcDbEntity
  8
Dimensions
 62
     0
440
 16777216
100
AcDbTrace
 10
-292.6698382685726
 20
1303.759093919562
 30
0.0
 11
-293.2590939195613
 21
1303.169838268573
 31
0.0
 12
-294.7322330470335
 22
1305.232233047034
 32
0.0
 13
-294.7322330470335
 23
1305.232233047034
 33
0.0
  0
SOLID
  5
333C
330
14CD
100
AcDbEntity
  8
Dimensions
 62
     0
440
 16777216
100
AcDbTrace
 10
-299.7409060804383
 20
1310.830161731427
 30
0.0
 11
-300.330161731427
 21
1310.240906080438
 31
0.0
 12
-298.2677669529662
 22
1308.767766952966
 32
0.0
 13
-298.2677669529662
 23
1308.767766952966
 33
0.0
  0
POINT
  5
333D
330
14CD
100
AcDbEntity
  8
Defpoints
 62
     0
440
 16777216
100
AcDbPoint
 10
-298.2677669529662
 20
1308.767766952966
 30
0.0
  0
POINT
  5
333E
330
14CD
100
AcDbEntity
  8
Defpoints
 62
     0
440
 16777216
100
AcDbPoint
 10
-294.7322330470335
 20
1305.232233047034
 30
0.0
  0
ENDBLK
  5
14CF
330
14CD
100
AcDbEntity
  8
0
100
AcDbBlockEnd
  0
BLOCK
  5
14D9
330
14D8
100
AcDbEntity
  8
0
100
AcDbBlockBegin
  2
*D273
 70
     1
 10
0.0
 20
0.0
 30
0.0
  3
*D273
  1

  0
LINE
  5
333F
330
14D8
100
AcDbEntity
  8
Dimensions
 62
     0
440
 16777216
370
    -2
100
AcDbLine
 10
-215.7825852687143
 20
1219.282585268714
 30
0.0
 11
-210.0355339059326
 21
1213.535533905933
 31
0.0
  0
LINE
  5
3340
330
14D8
100
AcDbEntity
  8
Dimensions
 62
     0
440
 16777216
370
    -2
100
AcDbLine
 10
-202.9644660940669
 20
1206.464466094067
 30
0.0
 11
-201.1966991411004
 21
1204.696699141101
 31
0.0
  0
MTEXT
  5
3341
330
14D8
100
AcDbEntity
  8
Dimensions
 62
     0
440
 16777216
100
AcDbMText
 10
-212.3989876766108
 20
1218.686898451002
 30
0.0
 40
2.5
 41
0.0
 46
0.0
 71
     5
 72
     1
  1
∅5
 11
0.7071067811865588
 21
-0.7071067811865363
 31
0.0
 73
     1
 44
1.0
  0
LINE
  5
3342
330
14D8
100
AcDbEntity
  8
Dimensions
 62
     0
440
 16777216
370
    -2
100
AcDbLine
 10
-204.7322330470332
 20
1208.232233047033
 30
0.0
 11
-208.2677669529662
 21
1211.767766952966
 31
0.0
  0
SOLID
  5
3343
330
14D8
100
AcDbEntity
  8
Dimensions
 62
     0
440
 16777216
100
AcDbTrace
 10
-202.6698382685725
 20
1206.759093919562
 30
0.0
 11
-203.2590939195613
 21
1206.169838268573
 31
0.0
 12
-204.7322330470332
 22
1208.232233047033
 32
0.0
 13
-204.7322330470332
 23
1208.232233047033
 33
0.0
  0
SOLID
  5
3344
330
14D8
100
AcDbEntity
  8
Dimensions
 62
     0
440
 16777216
100
AcDbTrace
 10
-209.7409060804383
 20
1213.830161731427
 30
0.0
 11
-210.330161731427
 21
1213.240906080438
 31
0.0
 12
-208.2677669529662
 22
1211.767766952966
 32
0.0
 13
-208.2677669529662
 23
1211.767766952966
 33
0.0
  0
POINT
  5
3345
330
14D8
100
AcDbEntity
  8
Defpoints
 62
     0
440
 16777216
100
AcDbPoint
 10
-208.2677669529662
 20
1211.767766952966
 30
0.0
  0
POINT
  5
3346
330
14D8
100
AcDbEntity
  8
Defpoints
 62
     0
440
 16777216
100
AcDbPoint
 10
-204.7322330470332
 20
1208.232233047033
 30
0.0
  0
ENDBLK
  5
14DA
330
14D8
100
AcDbEntity
  8
0
100
AcDbBlockEnd
  0
BLOCK
  5
14E4
330
14E3
100
AcDbEntity
  8
0
100
AcDbBlockBegin
  2
*D274
 70
     1
 10
0.0
 20
0.0
 30
0.0
  3
*D274
  1

  0
LINE
  5
3347
330
14E3
100
AcDbEntity
  8
Dimensions
 62
     0
440
 16777216
370
    -2
100
AcDbLine
 10
-215.7825852687143
 20
1316.282585268714
 30
0.0
 11
-210.0355339059326
 21
1310.535533905932
 31
0.0
  0
LINE
  5
3348
330
14E3
100
AcDbEntity
  8
Dimensions
 62
     0
440
 16777216
370
    -2
100
AcDbLine
 10
-202.964466094067
 20
1303.464466094067
 30
0.0
 11
-201.1966991411006
 21
1301.696699141101
 31
0.0
  0
MTEXT
  5
3349
330
14E3
100
AcDbEntity
  8
Dimensions
 62
     0
440
 16777216
100
AcDbMText
 10
-212.3989876766109
 20
1315.686898451002
 30
0.0
 40
2.5
 41
0.0
 46
0.0
 71
     5
 72
     1
  1
∅5
 11
0.7071067811865815
 21
-0.7071067811865137
 31
0.0
 73
     1
 44
1.0
  0
LINE
  5
334A
330
14E3
100
AcDbEntity
  8
Dimensions
 62
     0
440
 16777216
370
    -2
100
AcDbLine
 10
-204.7322330470334
 20
1305.232233047034
 30
0.0
 11
-208.2677669529662
 21
1308.767766952966
 31
0.0
  0
SOLID
  5
334B
330
14E3
100
AcDbEntity
  8
Dimensions
 62
     0
440
 16777216
100
AcDbTrace
 10
-202.6698382685727
 20
1303.759093919562
 30
0.0
 11
-203.2590939195614
 21
1303.169838268573
 31
0.0
 12
-204.7322330470334
 22
1305.232233047034
 32
0.0
 13
-204.7322330470334
 23
1305.232233047034
 33
0.0
  0
SOLID
  5
334C
330
14E3
100
AcDbEntity
  8
Dimensions
 62
     0
440
 16777216
100
AcDbTrace
 10
-209.7409060804383
 20
1310.830161731427
 30
0.0
 11
-210.330161731427
 21
1310.240906080438
 31
0.0
 12
-208.2677669529662
 22
1308.767766952966
 32
0.0
 13
-208.2677669529662
 23
1308.767766952966
 33
0.0
  0
POINT
  5
334D
330
14E3
100
AcDbEntity
  8
Defpoints
 62
     0
440
 16777216
100
AcDbPoint
 10
-208.2677669529662
 20
1308.767766952966
 30
0.0
  0
POINT
  5
334E
330
14E3
100
AcDbEntity
  8
Defpoints
 62
     0
440
 16777216
100
AcDbPoint
 10
-204.7322330470334
 20
1305.232233047034
 30
0.0
  0
ENDBLK
  5
14E5
330
14E3
100
AcDbEntity
  8
0
100
AcDbBlockEnd
  0
BLOCK
  5
14EF
330
14EE
100
AcDbEntity
  8
0
100
AcDbBlockBegin
  2
*D275
 70
     1
 10
0.0
 20
0.0
 30
0.0
  3
*D275
  1

  0
LINE
  5
2EC7
330
14EE
100
AcDbEntity
  8
Dimensions
 62
     0
440
 16777216
370
    -2
100
AcDbLine
 10
-529.5325852687142
 20
1316.282585268714
 30
0.0
 11
-523.7855339059325
 21
1310.535533905932
 31
0.0
  0
LINE
  5
2EC8
330
14EE
100
AcDbEntity
  8
Dimensions
 62
     0
440
 16777216
370
    -2
100
AcDbLine
 10
-516.714466094067
 20
1303.464466094067
 30
0.0
 11
-514.9466991411006
 21
1301.696699141101
 31
0.0
  0
MTEXT
  5
2EC9
330
14EE
100
AcDbEntity
  8
Dimensions
 62
     0
440
 16777216
100
AcDbMText
 10
-526.1489876766105
 20
1315.686898451002
 30
0.0
 40
2.5
 41
0.0
 46
0.0
 71
     5
 72
     1
  1
∅5
 11
0.7071067811865701
 21
-0.7071067811865249
 31
0.0
 73
     1
 44
1.0
  0
LINE
  5
2ECA
330
14EE
100
AcDbEntity
  8
Dimensions
 62
     0
440
 16777216
370
    -2
100
AcDbLine
 10
-518.4822330470334
 20
1305.232233047034
 30
0.0
 11
-522.017766952966
 21
1308.767766952966
 31
0.0
  0
SOLID
  5
2ECB
330
14EE
100
AcDbEntity
  8
Dimensions
 62
     0
440
 16777216
100
AcDbTrace
 10
-516.4198382685726
 20
1303.759093919562
 30
0.0
 11
-517.0090939195613
 21
1303.169838268573
 31
0.0
 12
-518.4822330470334
 22
1305.232233047034
 32
0.0
 13
-518.4822330470334
 23
1305.232233047034
 33
0.0
  0
SOLID
  5
2ECC
330
14EE
100
AcDbEntity
  8
Dimensions
 62
     0
440
 16777216
100
AcDbTrace
 10
-523.4909060804382
 20
1310.830161731427
 30
0.0
 11
-524.0801617314268
 21
1310.240906080438
 31
0.0
 12
-522.017766952966
 22
1308.767766952966
 32
0.0
 13
-522.017766952966
 23
1308.767766952966
 33
0.0
  0
POINT
  5
2ECD
330
14EE
100
AcDbEntity
  8
Defpoints
 62
     0
440
 16777216
100
AcDbPoint
 10
-522.017766952966
 20
1308.767766952966
 30
0.0
  0
POINT
  5
2ECE
330
14EE
100
AcDbEntity
  8
Defpoints
 62
     0
440
 16777216
100
AcDbPoint
 10
-518.4822330470334
 20
1305.232233047034
 30
0.0
  0
ENDBLK
  5
14F0
330
14EE
100
AcDbEntity
  8
0
100
AcDbBlockEnd
  0
BLOCK
  5
14FA
330
14F9
100
AcDbEntity
  8
0
100
AcDbBlockBegin
  2
*D276
 70
     1
 10
0.0
 20
0.0
 30
0.0
  3
*D276
  1

  0
LINE
  5
2EBF
330
14F9
100
AcDbEntity
  8
Dimensions
 62
     0
440
 16777216
370
    -2
100
AcDbLine
 10
-529.5325852687151
 20
1337.282585268714
 30
0.0
 11
-523.7855339059331
 21
1331.535533905933
 31
0.0
  0
LINE
  5
2EC0
330
14F9
100
AcDbEntity
  8
Dimensions
 62
     0
440
 16777216
370
    -2
100
AcDbLine
 10
-516.714466094067
 20
1324.464466094068
 30
0.0
 11
-514.9466991411004
 21
1322.696699141102
 31
0.0
  0
MTEXT
  5
2EC1
330
14F9
100
AcDbEntity
  8
Dimensions
 62
     0
440
 16777216
100
AcDbMText
 10
-526.1489876766114
 20
1336.686898451002
 30
0.0
 40
2.5
 41
0.0
 46
0.0
 71
     5
 72
     1
  1
∅5
 11
0.707106781186616
 21
-0.7071067811864791
 31
0.0
 73
     1
 44
1.0
  0
LINE
  5
2EC2
330
14F9
100
AcDbEntity
  8
Dimensions
 62
     0
440
 16777216
370
    -2
100
AcDbLine
 10
-518.4822330470336
 20
1326.232233047034
 30
0.0
 11
-522.0177669529664
 21
1329.767766952967
 31
0.0
  0
SOLID
  5
2EC3
330
14F9
100
AcDbEntity
  8
Dimensions
 62
     0
440
 16777216
100
AcDbTrace
 10
-516.4198382685726
 20
1324.759093919562
 30
0.0
 11
-517.0090939195613
 21
1324.169838268574
 31
0.0
 12
-518.4822330470336
 22
1326.232233047034
 32
0.0
 13
-518.4822330470336
 23
1326.232233047034
 33
0.0
  0
SOLID
  5
2EC4
330
14F9
100
AcDbEntity
  8
Dimensions
 62
     0
440
 16777216
100
AcDbTrace
 10
-523.4909060804386
 20
1331.830161731427
 30
0.0
 11
-524.0801617314273
 21
1331.240906080438
 31
0.0
 12
-522.0177669529664
 22
1329.767766952967
 32
0.0
 13
-522.0177669529664
 23
1329.767766952967
 33
0.0
  0
POINT
  5
2EC5
330
14F9
100
AcDbEntity
  8
Defpoints
 62
     0
440
 16777216
100
AcDbPoint
 10
-522.0177669529664
 20
1329.767766952967
 30
0.0
  0
POINT
  5
2EC6
330
14F9
100
AcDbEntity
  8
Defpoints
 62
     0
440
 16777216
100
AcDbPoint
 10
-518.4822330470336
 20
1326.232233047034
 30
0.0
  0
ENDBLK
  5
14FB
330
14F9
100
AcDbEntity
  8
0
100
AcDbBlockEnd
  0
BLOCK
  5
1505
330
1504
100
AcDbEntity
  8
0
100
AcDbBlockBegin
  2
*D277
 70
     1
 10
0.0
 20
0.0
 30
0.0
  3
*D277
  1

  0
LINE
  5
2EB7
330
1504
100
AcDbEntity
  8
Dimensions
 62
     0
440
 16777216
370
    -2
100
AcDbLine
 10
-473.5325852687146
 20
1337.282585268714
 30
0.0
 11
-467.7855339059329
 21
1331.535533905932
 31
0.0
  0
LINE
  5
2EB8
330
1504
100
AcDbEntity
  8
Dimensions
 62
     0
440
 16777216
370
    -2
100
AcDbLine
 10
-460.7144660940672
 20
1324.464466094067
 30
0.0
 11
-458.9466991411008
 21
1322.696699141101
 31
0.0
  0
MTEXT
  5
2EB9
330
1504
100
AcDbEntity
  8
Dimensions
 62
     0
440
 16777216
100
AcDbMText
 10
-470.1489876766112
 20
1336.686898451002
 30
0.0
 40
2.5
 41
0.0
 46
0.0
 71
     5
 72
     1
  1
∅5
 11
0.7071067811865815
 21
-0.7071067811865137
 31
0.0
 73
     1
 44
1.0
  0
LINE
  5
2EBA
330
1504
100
AcDbEntity
  8
Dimensions
 62
     0
440
 16777216
370
    -2
100
AcDbLine
 10
-462.4822330470336
 20
1326.232233047034
 30
0.0
 11
-466.0177669529665
 21
1329.767766952966
 31
0.0
  0
SOLID
  5
2EBB
330
1504
100
AcDbEntity
  8
Dimensions
 62
     0
440
 16777216
100
AcDbTrace
 10
-460.4198382685728
 20
1324.759093919562
 30
0.0
 11
-461.0090939195615
 21
1324.169838268573
 31
0.0
 12
-462.4822330470336
 22
1326.232233047034
 32
0.0
 13
-462.4822330470336
 23
1326.232233047034
 33
0.0
  0
SOLID
  5
2EBC
330
1504
100
AcDbEntity
  8
Dimensions
 62
     0
440
 16777216
100
AcDbTrace
 10
-467.4909060804385
 20
1331.830161731427
 30
0.0
 11
-468.0801617314273
 21
1331.240906080438
 31
0.0
 12
-466.0177669529665
 22
1329.767766952966
 32
0.0
 13
-466.0177669529665
 23
1329.767766952966
 33
0.0
  0
POINT
  5
2EBD
330
1504
100
AcDbEntity
  8
Defpoints
 62
     0
440
 16777216
100
AcDbPoint
 10
-466.0177669529665
 20
1329.767766952966
 30
0.0
  0
POINT
  5
2EBE
330
1504
100
AcDbEntity
  8
Defpoints
 62
     0
440
 16777216
100
AcDbPoint
 10
-462.4822330470336
 20
1326.232233047034
 30
0.0
  0
ENDBLK
  5
1506
330
1504
100
AcDbEntity
  8
0
100
AcDbBlockEnd
  0
BLOCK
  5
1510
330
150F
100
AcDbEntity
  8
0
100
AcDbBlockBegin
  2
*D278
 70
     1
 10
0.0
 20
0.0
 30
0.0
  3
*D278
  1

  0
LINE
  5
2EAF
330
150F
100
AcDbEntity
  8
Dimensions
 62
     0
440
 16777216
370
    -2
100
AcDbLine
 10
-473.5325852687146
 20
1316.282585268714
 30
0.0
 11
-467.7855339059329
 21
1310.535533905932
 31
0.0
  0
LINE
  5
2EB0
330
150F
100
AcDbEntity
  8
Dimensions
 62
     0
440
 16777216
370
    -2
100
AcDbLine
 10
-460.7144660940671
 20
1303.464466094067
 30
0.0
 11
-458.9466991411007
 21
1301.696699141101
 31
0.0
  0
MTEXT
  5
2EB1
330
150F
100
AcDbEntity
  8
Dimensions
 62
     0
440
 16777216
100
AcDbMText
 10
-470.148987676611
 20
1315.686898451002
 30
0.0
 40
2.5
 41
0.0
 46
0.0
 71
     5
 72
     1
  1
∅5
 11
0.7071067811865815
 21
-0.7071067811865137
 31
0.0
 73
     1
 44
1.0
  0
LINE
  5
2EB2
330
150F
100
AcDbEntity
  8
Dimensions
 62
     0
440
 16777216
370
    -2
100
AcDbLine
 10
-462.4822330470336
 20
1305.232233047034
 30
0.0
 11
-466.0177669529665
 21
1308.767766952966
 31
0.0
  0
SOLID
  5
2EB3
330
150F
100
AcDbEntity
  8
Dimensions
 62
     0
440
 16777216
100
AcDbTrace
 10
-460.4198382685728
 20
1303.759093919562
 30
0.0
 11
-461.0090939195615
 21
1303.169838268573
 31
0.0
 12
-462.4822330470336
 22
1305.232233047034
 32
0.0
 13
-462.4822330470336
 23
1305.232233047034
 33
0.0
  0
SOLID
  5
2EB4
330
150F
100
AcDbEntity
  8
Dimensions
 62
     0
440
 16777216
100
AcDbTrace
 10
-467.4909060804385
 20
1310.830161731427
 30
0.0
 11
-468.0801617314272
 21
1310.240906080438
 31
0.0
 12
-466.0177669529665
 22
1308.767766952966
 32
0.0
 13
-466.0177669529665
 23
1308.767766952966
 33
0.0
  0
POINT
  5
2EB5
330
150F
100
AcDbEntity
  8
Defpoints
 62
     0
440
 16777216
100
AcDbPoint
 10
-466.0177669529665
 20
1308.767766952966
 30
0.0
  0
POINT
  5
2EB6
330
150F
100
AcDbEntity
  8
Defpoints
 62
     0
440
 16777216
100
AcDbPoint
 10
-462.4822330470336
 20
1305.232233047034
 30
0.0
  0
ENDBLK
  5
1511
330
150F
100
AcDbEntity
  8
0
100
AcDbBlockEnd
  0
BLOCK
  5
27C2
330
27C1
100
AcDbEntity
  8
0
100
AcDbBlockBegin
  2
*D389
 70
     1
 10
0.0
 20
0.0
 30
0.0
  3
*D389
  1

  0
LINE
  5
29ED
330
27C1
100
AcDbEntity
  8
Dimensions
 62
     0
440
 16777216
370
    -2
100
AcDbLine
 10
518.0
 20
977.3749999999999
 30
0.0
 11
518.0
 21
667.75
 31
0.0
  0
LINE
  5
29EE
330
27C1
100
AcDbEntity
  8
Dimensions
 62
     0
440
 16777216
370
    -2
100
AcDbLine
 10
114.0
 20
683.375
 30
0.0
 11
114.0
 21
667.75
 31
0.0
  0
LINE
  5
29EF
330
27C1
100
AcDbEntity
  8
Dimensions
 62
     0
440
 16777216
370
    -2
100
AcDbLine
 10
515.5
 20
669.0
 30
0.0
 11
116.5
 21
669.0
 31
0.0
  0
SOLID
  5
29F0
330
27C1
100
AcDbEntity
  8
Dimensions
 62
     0
440
 16777216
100
AcDbTrace
 10
515.5
 20
669.4166666666666
 30
0.0
 11
515.5
 21
668.5833333333333
 31
0.0
 12
518.0
 22
669.0
 32
0.0
 13
518.0
 23
669.0
 33
0.0
  0
SOLID
  5
29F1
330
27C1
100
AcDbEntity
  8
Dimensions
 62
     0
440
 16777216
100
AcDbTrace
 10
116.5
 20
669.4166666666666
 30
0.0
 11
116.5
 21
668.5833333333333
 31
0.0
 12
114.0
 22
669.0
 32
0.0
 13
114.0
 23
669.0
 33
0.0
  0
MTEXT
  5
29F2
330
27C1
100
AcDbEntity
  8
Dimensions
 62
     0
440
 16777216
100
AcDbMText
 10
316.0
 20
670.9014324693042
 30
0.0
 40
2.5
 41
0.0
 46
0.0
 71
     5
 72
     1
  1
404
 73
     1
 44
1.0
  0
POINT
  5
29F3
330
27C1
100
AcDbEntity
  8
Defpoints
 62
     0
440
 16777216
100
AcDbPoint
 10
518.0
 20
978.0
 30
0.0
  0
POINT
  5
29F4
330
27C1
100
AcDbEntity
  8
Defpoints
 62
     0
440
 16777216
100
AcDbPoint
 10
114.0
 20
684.0
 30
0.0
  0
POINT
  5
29F5
330
27C1
100
AcDbEntity
  8
Defpoints
 62
     0
440
 16777216
100
AcDbPoint
 10
114.0
 20
669.0
 30
0.0
  0
ENDBLK
  5
27C3
330
27C1
100
AcDbEntity
  8
0
100
AcDbBlockEnd
  0
BLOCK
  5
27CE
330
27CD
100
AcDbEntity
  8
0
100
AcDbBlockBegin
  2
*D390
 70
     1
 10
0.0
 20
0.0
 30
0.0
  3
*D390
  1

  0
LINE
  5
29F6
330
27CD
100
AcDbEntity
  8
Dimensions
 62
     0
440
 16777216
370
    -2
100
AcDbLine
 10
517.3750000000002
 20
978.0000000000004
 30
0.0
 11
67.75000000000179
 21
978.0000000000002
 31
0.0
  0
LINE
  5
29F7
330
27CD
100
AcDbEntity
  8
Dimensions
 62
     0
440
 16777216
370
    -2
100
AcDbLine
 10
113.375
 20
684.0000000000002
 30
0.0
 11
67.75000000000185
 21
684.0000000000002
 31
0.0
  0
LINE
  5
29F8
330
27CD
100
AcDbEntity
  8
Dimensions
 62
     0
440
 16777216
370
    -2
100
AcDbLine
 10
69.00000000000179
 20
975.5000000000004
 30
0.0
 11
69.00000000000185
 21
686.5000000000001
 31
0.0
  0
SOLID
  5
29F9
330
27CD
100
AcDbEntity
  8
Dimensions
 62
     0
440
 16777216
100
AcDbTrace
 10
68.58333333333511
 20
975.5000000000004
 30
0.0
 11
69.41666666666846
 21
975.5000000000004
 31
0.0
 12
69.00000000000179
 22
978.0000000000002
 32
0.0
 13
69.00000000000179
 23
978.0000000000002
 33
0.0
  0
SOLID
  5
29FA
330
27CD
100
AcDbEntity
  8
Dimensions
 62
     0
440
 16777216
100
AcDbTrace
 10
68.58333333333518
 20
686.5000000000001
 30
0.0
 11
69.41666666666852
 21
686.5000000000001
 31
0.0
 12
69.00000000000185
 22
684.0000000000002
 32
0.0
 13
69.00000000000185
 23
684.0000000000002
 33
0.0
  0
MTEXT
  5
29FB
330
27CD
100
AcDbEntity
  8
Dimensions
 62
     0
440
 16777216
100
AcDbMText
 10
67.09856753069782
 20
831.0
 30
0.0
 40
2.5
 41
0.0
 46
0.0
 71
     5
 72
     1
  1
294
 11
0.0000000000000001
 21
1.0
 31
0.0
 73
     1
 44
1.0
  0
POINT
  5
29FC
330
27CD
100
AcDbEntity
  8
Defpoints
 62
     0
440
 16777216
100
AcDbPoint
 10
518.0000000000002
 20
978.0000000000004
 30
0.0
  0
POINT
  5
29FD
330
27CD
100
AcDbEntity
  8
Defpoints
 62
     0
440
 16777216
100
AcDbPoint
 10
114.0
 20
684.0000000000002
 30
0.0
  0
POINT
  5
29FE
330
27CD
100
AcDbEntity
  8
Defpoints
 62
     0
440
 16777216
100
AcDbPoint
 10
69.00000000000185
 20
684.0000000000002
 30
0.0
  0
ENDBLK
  5
27CF
330
27CD
100
AcDbEntity
  8
0
100
AcDbBlockEnd
  0
BLOCK
  5
27DA
330
27D9
100
AcDbEntity
  8
0
100
AcDbBlockBegin
  2
*D391
 70
     1
 10
0.0
 20
0.0
 30
0.0
  3
*D391
  1

  0
LINE
  5
2A0D
330
27D9
100
AcDbEntity
  8
Dimensions
 62
     0
440
 16777216
370
    -2
100
AcDbLine
 10
494.3750000000002
 20
750.0000000000002
 30
0.0
 11
102.7500000000018
 21
750.0
 31
0.0
  0
LINE
  5
2A0E
330
27D9
100
AcDbEntity
  8
Dimensions
 62
     0
440
 16777216
370
    -2
100
AcDbLine
 10
113.375
 20
684.0000000000002
 30
0.0
 11
102.7500000000018
 21
684.0000000000002
 31
0.0
  0
LINE
  5
2A0F
330
27D9
100
AcDbEntity
  8
Dimensions
 62
     0
440
 16777216
370
    -2
100
AcDbLine
 10
104.0000000000018
 20
747.5000000000001
 30
0.0
 11
104.0000000000018
 21
686.5000000000001
 31
0.0
  0
SOLID
  5
2A10
330
27D9
100
AcDbEntity
  8
Dimensions
 62
     0
440
 16777216
100
AcDbTrace
 10
103.5833333333352
 20
747.5000000000001
 30
0.0
 11
104.4166666666685
 21
747.5000000000001
 31
0.0
 12
104.0000000000018
 22
750.0
 32
0.0
 13
104.0000000000018
 23
750.0
 33
0.0
  0
SOLID
  5
2A11
330
27D9
100
AcDbEntity
  8
Dimensions
 62
     0
440
 16777216
100
AcDbTrace
 10
103.5833333333352
 20
686.5000000000001
 30
0.0
 11
104.4166666666685
 21
686.5000000000001
 31
0.0
 12
104.0000000000018
 22
684.0000000000002
 32
0.0
 13
104.0000000000018
 23
684.0000000000002
 33
0.0
  0
MTEXT
  5
2A12
330
27D9
100
AcDbEntity
  8
Dimensions
 62
     0
440
 16777216
100
AcDbMText
 10
102.0985675306978
 20
717.0
 30
0.0
 40
2.5
 41
0.0
 46
0.0
 71
     5
 72
     1
  1
66
 11
0.0000000000000001
 21
1.0
 31
0.0
 73
     1
 44
1.0
  0
POINT
  5
2A13
330
27D9
100
AcDbEntity
  8
Defpoints
 62
     0
440
 16777216
100
AcDbPoint
 10
495.0000000000001
 20
750.0000000000002
 30
0.0
  0
POINT
  5
2A14
330
27D9
100
AcDbEntity
  8
Defpoints
 62
     0
440
 16777216
100
AcDbPoint
 10
114.0
 20
684.0000000000002
 30
0.0
  0
POINT
  5
2A15
330
27D9
100
AcDbEntity
  8
Defpoints
 62
     0
440
 16777216
100
AcDbPoint
 10
104.0000000000018
 20
684.0000000000002
 30
0.0
  0
ENDBLK
  5
27DB
330
27D9
100
AcDbEntity
  8
0
100
AcDbBlockEnd
  0
BLOCK
  5
27E6
330
27E5
100
AcDbEntity
  8
0
100
AcDbBlockBegin
  2
*D392
 70
     1
 10
0.0
 20
0.0
 30
0.0
  3
*D392
  1

  0
LINE
  5
2A16
330
27E5
100
AcDbEntity
  8
Dimensions
 62
     0
440
 16777216
370
    -2
100
AcDbLine
 10
479.3750000000001
 20
829.0000000000004
 30
0.0
 11
97.75000000000183
 21
829.0000000000002
 31
0.0
  0
LINE
  5
2A17
330
27E5
100
AcDbEntity
  8
Dimensions
 62
     0
440
 16777216
370
    -2
100
AcDbLine
 10
113.375
 20
684.0000000000002
 30
0.0
 11
97.75000000000188
 21
684.0000000000002
 31
0.0
  0
LINE
  5
2A18
330
27E5
100
AcDbEntity
  8
Dimensions
 62
     0
440
 16777216
370
    -2
100
AcDbLine
 10
99.00000000000185
 20
826.5000000000004
 30
0.0
 11
99.00000000000188
 21
686.5000000000001
 31
0.0
  0
SOLID
  5
2A19
330
27E5
100
AcDbEntity
  8
Dimensions
 62
     0
440
 16777216
100
AcDbTrace
 10
98.58333333333519
 20
826.5000000000004
 30
0.0
 11
99.41666666666852
 21
826.5000000000004
 31
0.0
 12
99.00000000000185
 22
829.0000000000002
 32
0.0
 13
99.00000000000185
 23
829.0000000000002
 33
0.0
  0
SOLID
  5
2A1A
330
27E5
100
AcDbEntity
  8
Dimensions
 62
     0
440
 16777216
100
AcDbTrace
 10
98.5833333333352
 20
686.5000000000001
 30
0.0
 11
99.41666666666854
 21
686.5000000000001
 31
0.0
 12
99.00000000000188
 22
684.0000000000002
 32
0.0
 13
99.00000000000188
 23
684.0000000000002
 33
0.0
  0
MTEXT
  5
2A1B
330
27E5
100
AcDbEntity
  8
Dimensions
 62
     0
440
 16777216
100
AcDbMText
 10
97.09856753069782
 20
756.5000000000001
 30
0.0
 40
2.5
 41
0.0
 46
0.0
 71
     5
 72
     1
  1
145
 11
0.0000000000000001
 21
1.0
 31
0.0
 73
     1
 44
1.0
  0
POINT
  5
2A1C
330
27E5
100
AcDbEntity
  8
Defpoints
 62
     0
440
 16777216
100
AcDbPoint
 10
480.0000000000002
 20
829.0000000000004
 30
0.0
  0
POINT
  5
2A1D
330
27E5
100
AcDbEntity
  8
Defpoints
 62
     0
440
 16777216
100
AcDbPoint
 10
114.0
 20
684.0000000000002
 30
0.0
  0
POINT
  5
2A1E
330
27E5
100
AcDbEntity
  8
Defpoints
 62
     0
440
 16777216
100
AcDbPoint
 10
99.00000000000188
 20
684.0000000000002
 30
0.0
  0
ENDBLK
  5
27E7
330
27E5
100
AcDbEntity
  8
0
100
AcDbBlockEnd
  0
BLOCK
  5
27F2
330
27F1
100
AcDbEntity
  8
0
100
AcDbBlockBegin
  2
*D393
 70
     1
 10
0.0
 20
0.0
 30
0.0
  3
*D393
  1

  0
LINE
  5
2A1F
330
27F1
100
AcDbEntity
  8
Dimensions
 62
     0
440
 16777216
370
    -2
100
AcDbLine
 10
270.3750000000001
 20
859.0000000000005
 30
0.0
 11
92.75000000000181
 21
859.0000000000003
 31
0.0
  0
LINE
  5
2A20
330
27F1
100
AcDbEntity
  8
Dimensions
 62
     0
440
 16777216
370
    -2
100
AcDbLine
 10
113.375
 20
684.0000000000002
 30
0.0
 11
92.75000000000185
 21
684.0000000000002
 31
0.0
  0
LINE
  5
2A21
330
27F1
100
AcDbEntity
  8
Dimensions
 62
     0
440
 16777216
370
    -2
100
AcDbLine
 10
94.00000000000181
 20
856.5000000000003
 30
0.0
 11
94.00000000000185
 21
686.5000000000001
 31
0.0
  0
SOLID
  5
2A22
330
27F1
100
AcDbEntity
  8
Dimensions
 62
     0
440
 16777216
100
AcDbTrace
 10
93.58333333333515
 20
856.5000000000003
 30
0.0
 11
94.41666666666849
 21
856.5000000000003
 31
0.0
 12
94.00000000000181
 22
859.0000000000003
 32
0.0
 13
94.00000000000181
 23
859.0000000000003
 33
0.0
  0
SOLID
  5
2A23
330
27F1
100
AcDbEntity
  8
Dimensions
 62
     0
440
 16777216
100
AcDbTrace
 10
93.58333333333517
 20
686.5000000000001
 30
0.0
 11
94.41666666666852
 21
686.5000000000001
 31
0.0
 12
94.00000000000185
 22
684.0000000000002
 32
0.0
 13
94.00000000000185
 23
684.0000000000002
 33
0.0
  0
MTEXT
  5
2A24
330
27F1
100
AcDbEntity
  8
Dimensions
 62
     0
440
 16777216
100
AcDbMText
 10
92.09856753069781
 20
771.5000000000001
 30
0.0
 40
2.5
 41
0.0
 46
0.0
 71
     5
 72
     1
  1
175
 11
0.0000000000000001
 21
1.0
 31
0.0
 73
     1
 44
1.0
  0
POINT
  5
2A25
330
27F1
100
AcDbEntity
  8
Defpoints
 62
     0
440
 16777216
100
AcDbPoint
 10
271.0000000000001
 20
859.0000000000005
 30
0.0
  0
POINT
  5
2A26
330
27F1
100
AcDbEntity
  8
Defpoints
 62
     0
440
 16777216
100
AcDbPoint
 10
114.0
 20
684.0000000000002
 30
0.0
  0
POINT
  5
2A27
330
27F1
100
AcDbEntity
  8
Defpoints
 62
     0
440
 16777216
100
AcDbPoint
 10
94.00000000000185
 20
684.0000000000002
 30
0.0
  0
ENDBLK
  5
27F3
330
27F1
100
AcDbEntity
  8
0
100
AcDbBlockEnd
  0
BLOCK
  5
27FE
330
27FD
100
AcDbEntity
  8
0
100
AcDbBlockBegin
  2
*D394
 70
     1
 10
0.0
 20
0.0
 30
0.0
  3
*D394
  1

  0
LINE
  5
2A28
330
27FD
100
AcDbEntity
  8
Dimensions
 62
     0
440
 16777216
370
    -2
100
AcDbLine
 10
275.8750000000001
 20
973.0000000000003
 30
0.0
 11
72.75000000000179
 21
973.0000000000003
 31
0.0
  0
LINE
  5
2A29
330
27FD
100
AcDbEntity
  8
Dimensions
 62
     0
440
 16777216
370
    -2
100
AcDbLine
 10
113.375
 20
684.0000000000002
 30
0.0
 11
72.75000000000185
 21
684.0000000000002
 31
0.0
  0
LINE
  5
2A2A
330
27FD
100
AcDbEntity
  8
Dimensions
 62
     0
440
 16777216
370
    -2
100
AcDbLine
 10
74.00000000000179
 20
970.5000000000003
 30
0.0
 11
74.00000000000185
 21
686.5000000000001
 31
0.0
  0
SOLID
  5
2A2B
330
27FD
100
AcDbEntity
  8
Dimensions
 62
     0
440
 16777216
100
AcDbTrace
 10
73.58333333333511
 20
970.5000000000003
 30
0.0
 11
74.41666666666846
 21
970.5000000000003
 31
0.0
 12
74.00000000000179
 22
973.0000000000003
 32
0.0
 13
74.00000000000179
 23
973.0000000000003
 33
0.0
  0
SOLID
  5
2A2C
330
27FD
100
AcDbEntity
  8
Dimensions
 62
     0
440
 16777216
100
AcDbTrace
 10
73.58333333333518
 20
686.5000000000001
 30
0.0
 11
74.41666666666852
 21
686.5000000000001
 31
0.0
 12
74.00000000000185
 22
684.0000000000002
 32
0.0
 13
74.00000000000185
 23
684.0000000000002
 33
0.0
  0
MTEXT
  5
2A2D
330
27FD
100
AcDbEntity
  8
Dimensions
 62
     0
440
 16777216
100
AcDbMText
 10
72.09856753069782
 20
828.5000000000001
 30
0.0
 40
2.5
 41
0.0
 46
0.0
 71
     5
 72
     1
  1
289
 11
0.0000000000000001
 21
1.0
 31
0.0
 73
     1
 44
1.0
  0
POINT
  5
2A2E
330
27FD
100
AcDbEntity
  8
Defpoints
 62
     0
440
 16777216
100
AcDbPoint
 10
276.5000000000001
 20
973.0000000000003
 30
0.0
  0
POINT
  5
2A2F
330
27FD
100
AcDbEntity
  8
Defpoints
 62
     0
440
 16777216
100
AcDbPoint
 10
114.0
 20
684.0000000000002
 30
0.0
  0
POINT
  5
2A30
330
27FD
100
AcDbEntity
  8
Defpoints
 62
     0
440
 16777216
100
AcDbPoint
 10
74.00000000000185
 20
684.0000000000002
 30
0.0
  0
ENDBLK
  5
27FF
330
27FD
100
AcDbEntity
  8
0
100
AcDbBlockEnd
  0
BLOCK
  5
280A
330
2809
100
AcDbEntity
  8
0
100
AcDbBlockBegin
  2
*D395
 70
     1
 10
0.0
 20
0.0
 30
0.0
  3
*D395
  1

  0
LINE
  5
2A49
330
2809
100
AcDbEntity
  8
Dimensions
 62
     0
440
 16777216
370
    -2
100
AcDbLine
 10
275.8750000000001
 20
903.0000000000004
 30
0.0
 11
87.75000000000181
 21
903.0000000000002
 31
0.0
  0
LINE
  5
2A4A
330
2809
100
AcDbEntity
  8
Dimensions
 62
     0
440
 16777216
370
    -2
100
AcDbLine
 10
113.375
 20
684.0000000000002
 30
0.0
 11
87.75000000000185
 21
684.0000000000002
 31
0.0
  0
LINE
  5
2A4B
330
2809
100
AcDbEntity
  8
Dimensions
 62
     0
440
 16777216
370
    -2
100
AcDbLine
 10
89.00000000000181
 20
900.5000000000004
 30
0.0
 11
89.00000000000185
 21
686.5000000000001
 31
0.0
  0
SOLID
  5
2A4C
330
2809
100
AcDbEntity
  8
Dimensions
 62
     0
440
 16777216
100
AcDbTrace
 10
88.58333333333513
 20
900.5000000000004
 30
0.0
 11
89.41666666666847
 21
900.5000000000004
 31
0.0
 12
89.00000000000181
 22
903.0000000000002
 32
0.0
 13
89.00000000000181
 23
903.0000000000002
 33
0.0
  0
SOLID
  5
2A4D
330
2809
100
AcDbEntity
  8
Dimensions
 62
     0
440
 16777216
100
AcDbTrace
 10
88.58333333333517
 20
686.5000000000001
 30
0.0
 11
89.41666666666852
 21
686.5000000000001
 31
0.0
 12
89.00000000000185
 22
684.0000000000002
 32
0.0
 13
89.00000000000185
 23
684.0000000000002
 33
0.0
  0
MTEXT
  5
2A4E
330
2809
100
AcDbEntity
  8
Dimensions
 62
     0
440
 16777216
100
AcDbMText
 10
87.09856753069781
 20
793.5000000000001
 30
0.0
 40
2.5
 41
0.0
 46
0.0
 71
     5
 72
     1
  1
219
 11
0.0000000000000001
 21
1.0
 31
0.0
 73
     1
 44
1.0
  0
POINT
  5
2A4F
330
2809
100
AcDbEntity
  8
Defpoints
 62
     0
440
 16777216
100
AcDbPoint
 10
276.5000000000001
 20
903.0000000000004
 30
0.0
  0
POINT
  5
2A50
330
2809
100
AcDbEntity
  8
Defpoints
 62
     0
440
 16777216
100
AcDbPoint
 10
114.0
 20
684.0000000000002
 30
0.0
  0
POINT
  5
2A51
330
2809
100
AcDbEntity
  8
Defpoints
 62
     0
440
 16777216
100
AcDbPoint
 10
89.00000000000185
 20
684.0000000000002
 30
0.0
  0
ENDBLK
  5
280B
330
2809
100
AcDbEntity
  8
0
100
AcDbBlockEnd
  0
BLOCK
  5
2816
330
2815
100
AcDbEntity
  8
0
100
AcDbBlockBegin
  2
*D396
 70
     1
 10
0.0
 20
0.0
 30
0.0
  3
*D396
  1

  0
LINE
  5
2A52
330
2815
100
AcDbEntity
  8
Dimensions
 62
     0
440
 16777216
370
    -2
100
AcDbLine
 10
320.6250000000001
 20
912.0000000000004
 30
0.0
 11
535.2499999999999
 21
912.0000000000004
 31
0.0
  0
LINE
  5
2A53
330
2815
100
AcDbEntity
  8
Dimensions
 62
     0
440
 16777216
370
    -2
100
AcDbLine
 10
524.6250000000002
 20
684.0000000000002
 30
0.0
 11
535.25
 21
684.0000000000002
 31
0.0
  0
LINE
  5
2A54
330
2815
100
AcDbEntity
  8
Dimensions
 62
     0
440
 16777216
370
    -2
100
AcDbLine
 10
533.9999999999998
 20
909.5000000000004
 30
0.0
 11
534.0
 21
686.5000000000001
 31
0.0
  0
SOLID
  5
2A55
330
2815
100
AcDbEntity
  8
Dimensions
 62
     0
440
 16777216
100
AcDbTrace
 10
533.5833333333332
 20
909.5000000000004
 30
0.0
 11
534.4166666666665
 21
909.5000000000004
 31
0.0
 12
533.9999999999998
 22
912.0000000000004
 32
0.0
 13
533.9999999999998
 23
912.0000000000004
 33
0.0
  0
SOLID
  5
2A56
330
2815
100
AcDbEntity
  8
Dimensions
 62
     0
440
 16777216
100
AcDbTrace
 10
533.5833333333333
 20
686.5000000000001
 30
0.0
 11
534.4166666666666
 21
686.5000000000001
 31
0.0
 12
534.0
 22
684.0000000000002
 32
0.0
 13
534.0
 23
684.0000000000002
 33
0.0
  0
MTEXT
  5
2A57
330
2815
100
AcDbEntity
  8
Dimensions
 62
     0
440
 16777216
100
AcDbMText
 10
532.0985675306957
 20
782.0
 30
0.0
 40
2.5
 41
0.0
 46
0.0
 71
     5
 72
     1
  1
228
 11
0.0000000000000001
 21
1.0
 31
0.0
 73
     1
 44
1.0
  0
POINT
  5
2A58
330
2815
100
AcDbEntity
  8
Defpoints
 62
     0
440
 16777216
100
AcDbPoint
 10
320.0000000000001
 20
912.0000000000004
 30
0.0
  0
POINT
  5
2A59
330
2815
100
AcDbEntity
  8
Defpoints
 62
     0
440
 16777216
100
AcDbPoint
 10
524.0000000000001
 20
684.0000000000002
 30
0.0
  0
POINT
  5
2A5A
330
2815
100
AcDbEntity
  8
Defpoints
 62
     0
440
 16777216
100
AcDbPoint
 10
534.0
 20
684.0000000000002
 30
0.0
  0
ENDBLK
  5
2817
330
2815
100
AcDbEntity
  8
0
100
AcDbBlockEnd
  0
BLOCK
  5
2822
330
2821
100
AcDbEntity
  8
0
100
AcDbBlockBegin
  2
*D397
 70
     1
 10
0.0
 20
0.0
 30
0.0
  3
*D397
  1

  0
LINE
  5
2A5B
330
2821
100
AcDbEntity
  8
Dimensions
 62
     0
440
 16777216
370
    -2
100
AcDbLine
 10
512.6250000000002
 20
799.0000000000004
 30
0.0
 11
530.2500000000019
 21
799.0000000000004
 31
0.0
  0
LINE
  5
2A5C
330
2821
100
AcDbEntity
  8
Dimensions
 62
     0
440
 16777216
370
    -2
100
AcDbLine
 10
524.6250000000002
 20
684.0000000000002
 30
0.0
 11
530.250000000002
 21
684.0000000000002
 31
0.0
  0
LINE
  5
2A5D
330
2821
100
AcDbEntity
  8
Dimensions
 62
     0
440
 16777216
370
    -2
100
AcDbLine
 10
529.0000000000019
 20
796.5000000000004
 30
0.0
 11
529.000000000002
 21
686.5000000000001
 31
0.0
  0
SOLID
  5
2A5E
330
2821
100
AcDbEntity
  8
Dimensions
 62
     0
440
 16777216
100
AcDbTrace
 10
528.5833333333353
 20
796.5000000000004
 30
0.0
 11
529.4166666666686
 21
796.5000000000004
 31
0.0
 12
529.0000000000019
 22
799.0000000000004
 32
0.0
 13
529.0000000000019
 23
799.0000000000004
 33
0.0
  0
SOLID
  5
2A5F
330
2821
100
AcDbEntity
  8
Dimensions
 62
     0
440
 16777216
100
AcDbTrace
 10
528.5833333333354
 20
686.5000000000001
 30
0.0
 11
529.4166666666686
 21
686.5000000000001
 31
0.0
 12
529.000000000002
 22
684.0000000000002
 32
0.0
 13
529.000000000002
 23
684.0000000000002
 33
0.0
  0
MTEXT
  5
2A60
330
2821
100
AcDbEntity
  8
Dimensions
 62
     0
440
 16777216
100
AcDbMText
 10
527.0985675306977
 20
741.5
 30
0.0
 40
2.5
 41
0.0
 46
0.0
 71
     5
 72
     1
  1
115
 11
0.0000000000000001
 21
1.0
 31
0.0
 73
     1
 44
1.0
  0
POINT
  5
2A61
330
2821
100
AcDbEntity
  8
Defpoints
 62
     0
440
 16777216
100
AcDbPoint
 10
512.0000000000002
 20
799.0000000000004
 30
0.0
  0
POINT
  5
2A62
330
2821
100
AcDbEntity
  8
Defpoints
 62
     0
440
 16777216
100
AcDbPoint
 10
524.0000000000001
 20
684.0000000000002
 30
0.0
  0
POINT
  5
2A63
330
2821
100
AcDbEntity
  8
Defpoints
 62
     0
440
 16777216
100
AcDbPoint
 10
529.000000000002
 20
684.0000000000002
 30
0.0
  0
ENDBLK
  5
2823
330
2821
100
AcDbEntity
  8
0
100
AcDbBlockEnd
  0
BLOCK
  5
282E
330
282D
100
AcDbEntity
  8
0
100
AcDbBlockBegin
  2
*D398
 70
     1
 10
0.0
 20
0.0
 30
0.0
  3
*D398
  1

  0
LINE
  5
2A64
330
282D
100
AcDbEntity
  8
Dimensions
 62
     0
440
 16777216
370
    -2
100
AcDbLine
 10
501.6250000000002
 20
975.0000000000005
 30
0.0
 11
540.2500000000019
 21
975.0000000000005
 31
0.0
  0
LINE
  5
2A65
330
282D
100
AcDbEntity
  8
Dimensions
 62
     0
440
 16777216
370
    -2
100
AcDbLine
 10
524.6250000000002
 20
684.0000000000002
 30
0.0
 11
540.250000000002
 21
684.0000000000002
 31
0.0
  0
LINE
  5
2A66
330
282D
100
AcDbEntity
  8
Dimensions
 62
     0
440
 16777216
370
    -2
100
AcDbLine
 10
539.0000000000019
 20
972.5000000000004
 30
0.0
 11
539.000000000002
 21
686.5000000000001
 31
0.0
  0
SOLID
  5
2A67
330
282D
100
AcDbEntity
  8
Dimensions
 62
     0
440
 16777216
100
AcDbTrace
 10
538.5833333333352
 20
972.5000000000004
 30
0.0
 11
539.4166666666685
 21
972.5000000000004
 31
0.0
 12
539.0000000000019
 22
975.0000000000005
 32
0.0
 13
539.0000000000019
 23
975.0000000000005
 33
0.0
  0
SOLID
  5
2A68
330
282D
100
AcDbEntity
  8
Dimensions
 62
     0
440
 16777216
100
AcDbTrace
 10
538.5833333333354
 20
686.5000000000001
 30
0.0
 11
539.4166666666686
 21
686.5000000000001
 31
0.0
 12
539.000000000002
 22
684.0000000000002
 32
0.0
 13
539.000000000002
 23
684.0000000000002
 33
0.0
  0
MTEXT
  5
2A69
330
282D
100
AcDbEntity
  8
Dimensions
 62
     0
440
 16777216
100
AcDbMText
 10
537.0985675306977
 20
829.4999999999999
 30
0.0
 40
2.5
 41
0.0
 46
0.0
 71
     5
 72
     1
  1
291
 11
0.0000000000000001
 21
1.0
 31
0.0
 73
     1
 44
1.0
  0
POINT
  5
2A6A
330
282D
100
AcDbEntity
  8
Defpoints
 62
     0
440
 16777216
100
AcDbPoint
 10
501.0000000000002
 20
975.0000000000005
 30
0.0
  0
POINT
  5
2A6B
330
282D
100
AcDbEntity
  8
Defpoints
 62
     0
440
 16777216
100
AcDbPoint
 10
524.0000000000001
 20
684.0000000000002
 30
0.0
  0
POINT
  5
2A6C
330
282D
100
AcDbEntity
  8
Defpoints
 62
     0
440
 16777216
100
AcDbPoint
 10
539.000000000002
 20
684.0000000000002
 30
0.0
  0
ENDBLK
  5
282F
330
282D
100
AcDbEntity
  8
0
100
AcDbBlockEnd
  0
BLOCK
  5
283A
330
2839
100
AcDbEntity
  8
0
100
AcDbBlockBegin
  2
*D399
 70
     1
 10
0.0
 20
0.0
 30
0.0
  3
*D399
  1

  0
LINE
  5
2A6D
330
2839
100
AcDbEntity
  8
Dimensions
 62
     0
440
 16777216
370
    -2
100
AcDbLine
 10
471.0
 20
912.625
 30
0.0
 11
471.0
 21
1020.25
 31
0.0
  0
LINE
  5
2A6E
330
2839
100
AcDbEntity
  8
Dimensions
 62
     0
440
 16777216
370
    -2
100
AcDbLine
 10
114.0
 20
984.6249999999999
 30
0.0
 11
114.0
 21
1020.25
 31
0.0
  0
LINE
  5
2A6F
330
2839
100
AcDbEntity
  8
Dimensions
 62
     0
440
 16777216
370
    -2
100
AcDbLine
 10
468.5
 20
1019.0
 30
0.0
 11
116.5
 21
1019.0
 31
0.0
  0
SOLID
  5
2A70
330
2839
100
AcDbEntity
  8
Dimensions
 62
     0
440
 16777216
100
AcDbTrace
 10
468.5
 20
1019.416666666666
 30
0.0
 11
468.5
 21
1018.583333333333
 31
0.0
 12
471.0
 22
1019.0
 32
0.0
 13
471.0
 23
1019.0
 33
0.0
  0
SOLID
  5
2A71
330
2839
100
AcDbEntity
  8
Dimensions
 62
     0
440
 16777216
100
AcDbTrace
 10
116.5
 20
1019.416666666666
 30
0.0
 11
116.5
 21
1018.583333333333
 31
0.0
 12
114.0
 22
1019.0
 32
0.0
 13
114.0
 23
1019.0
 33
0.0
  0
MTEXT
  5
2A72
330
2839
100
AcDbEntity
  8
Dimensions
 62
     0
440
 16777216
100
AcDbMText
 10
292.5
 20
1020.902285129604
 30
0.0
 40
2.5
 41
0.0
 46
0.0
 71
     5
 72
     1
  1
357
 73
     1
 44
1.0
  0
POINT
  5
2A73
330
2839
100
AcDbEntity
  8
Defpoints
 62
     0
440
 16777216
100
AcDbPoint
 10
471.0
 20
912.0
 30
0.0
  0
POINT
  5
2A74
330
2839
100
AcDbEntity
  8
Defpoints
 62
     0
440
 16777216
100
AcDbPoint
 10
114.0
 20
984.0
 30
0.0
  0
POINT
  5
2A75
330
2839
100
AcDbEntity
  8
Defpoints
 62
     0
440
 16777216
100
AcDbPoint
 10
114.0
 20
1019.0
 30
0.0
  0
ENDBLK
  5
283B
330
2839
100
AcDbEntity
  8
0
100
AcDbBlockEnd
  0
BLOCK
  5
2846
330
2845
100
AcDbEntity
  8
0
100
AcDbBlockBegin
  2
*D400
 70
     1
 10
0.0
 20
0.0
 30
0.0
  3
*D400
  1

  0
LINE
  5
2A76
330
2845
100
AcDbEntity
  8
Dimensions
 62
     0
440
 16777216
370
    -2
100
AcDbLine
 10
320.0
 20
912.625
 30
0.0
 11
320.0
 21
1015.25
 31
0.0
  0
LINE
  5
2A77
330
2845
100
AcDbEntity
  8
Dimensions
 62
     0
440
 16777216
370
    -2
100
AcDbLine
 10
114.0
 20
984.6249999999999
 30
0.0
 11
114.0
 21
1015.25
 31
0.0
  0
LINE
  5
2A78
330
2845
100
AcDbEntity
  8
Dimensions
 62
     0
440
 16777216
370
    -2
100
AcDbLine
 10
317.5
 20
1014.0
 30
0.0
 11
116.5
 21
1014.0
 31
0.0
  0
SOLID
  5
2A79
330
2845
100
AcDbEntity
  8
Dimensions
 62
     0
440
 16777216
100
AcDbTrace
 10
317.5
 20
1014.416666666666
 30
0.0
 11
317.5
 21
1013.583333333333
 31
0.0
 12
320.0
 22
1014.0
 32
0.0
 13
320.0
 23
1014.0
 33
0.0
  0
SOLID
  5
2A7A
330
2845
100
AcDbEntity
  8
Dimensions
 62
     0
440
 16777216
100
AcDbTrace
 10
116.5
 20
1014.416666666666
 30
0.0
 11
116.5
 21
1013.583333333333
 31
0.0
 12
114.0
 22
1014.0
 32
0.0
 13
114.0
 23
1014.0
 33
0.0
  0
MTEXT
  5
2A7B
330
2845
100
AcDbEntity
  8
Dimensions
 62
     0
440
 16777216
100
AcDbMText
 10
217.0
 20
1015.901432469304
 30
0.0
 40
2.5
 41
0.0
 46
0.0
 71
     5
 72
     1
  1
206
 73
     1
 44
1.0
  0
POINT
  5
2A7C
330
2845
100
AcDbEntity
  8
Defpoints
 62
     0
440
 16777216
100
AcDbPoint
 10
320.0
 20
912.0
 30
0.0
  0
POINT
  5
2A7D
330
2845
100
AcDbEntity
  8
Defpoints
 62
     0
440
 16777216
100
AcDbPoint
 10
114.0
 20
984.0
 30
0.0
  0
POINT
  5
2A7E
330
2845
100
AcDbEntity
  8
Defpoints
 62
     0
440
 16777216
100
AcDbPoint
 10
114.0
 20
1014.0
 30
0.0
  0
ENDBLK
  5
2847
330
2845
100
AcDbEntity
  8
0
100
AcDbBlockEnd
  0
BLOCK
  5
2852
330
2851
100
AcDbEntity
  8
0
100
AcDbBlockBegin
  2
*D401
 70
     1
 10
0.0
 20
0.0
 30
0.0
  3
*D401
  1

  0
LINE
  5
2A7F
330
2851
100
AcDbEntity
  8
Dimensions
 62
     0
440
 16777216
370
    -2
100
AcDbLine
 10
480.0
 20
829.625
 30
0.0
 11
480.0
 21
840.2499999999999
 31
0.0
  0
LINE
  5
2A80
330
2851
100
AcDbEntity
  8
Dimensions
 62
     0
440
 16777216
370
    -2
100
AcDbLine
 10
114.0
 20
829.625
 30
0.0
 11
114.0
 21
840.2499999999999
 31
0.0
  0
LINE
  5
2A81
330
2851
100
AcDbEntity
  8
Dimensions
 62
     0
440
 16777216
370
    -2
100
AcDbLine
 10
477.5
 20
839.0
 30
0.0
 11
116.5
 21
839.0
 31
0.0
  0
SOLID
  5
2A82
330
2851
100
AcDbEntity
  8
Dimensions
 62
     0
440
 16777216
100
AcDbTrace
 10
477.5
 20
839.4166666666666
 30
0.0
 11
477.5
 21
838.5833333333334
 31
0.0
 12
480.0
 22
839.0
 32
0.0
 13
480.0
 23
839.0
 33
0.0
  0
SOLID
  5
2A83
330
2851
100
AcDbEntity
  8
Dimensions
 62
     0
440
 16777216
100
AcDbTrace
 10
116.5
 20
839.4166666666666
 30
0.0
 11
116.5
 21
838.5833333333334
 31
0.0
 12
114.0
 22
839.0
 32
0.0
 13
114.0
 23
839.0
 33
0.0
  0
MTEXT
  5
2A84
330
2851
100
AcDbEntity
  8
Dimensions
 62
     0
440
 16777216
100
AcDbMText
 10
297.0
 20
840.9022851296043
 30
0.0
 40
2.5
 41
0.0
 46
0.0
 71
     5
 72
     1
  1
366
 73
     1
 44
1.0
  0
POINT
  5
2A85
330
2851
100
AcDbEntity
  8
Defpoints
 62
     0
440
 16777216
100
AcDbPoint
 10
480.0
 20
829.0
 30
0.0
  0
POINT
  5
2A86
330
2851
100
AcDbEntity
  8
Defpoints
 62
     0
440
 16777216
100
AcDbPoint
 10
114.0
 20
829.0
 30
0.0
  0
POINT
  5
2A87
330
2851
100
AcDbEntity
  8
Defpoints
 62
     0
440
 16777216
100
AcDbPoint
 10
114.0
 20
839.0
 30
0.0
  0
ENDBLK
  5
2853
330
2851
100
AcDbEntity
  8
0
100
AcDbBlockEnd
  0
BLOCK
  5
285E
330
285D
100
AcDbEntity
  8
0
100
AcDbBlockBegin
  2
*D402
 70
     1
 10
0.0
 20
0.0
 30
0.0
  3
*D402
  1

  0
LINE
  5
2A88
330
285D
100
AcDbEntity
  8
Dimensions
 62
     0
440
 16777216
370
    -2
100
AcDbLine
 10
301.0
 20
829.625
 30
0.0
 11
301.0
 21
835.25
 31
0.0
  0
LINE
  5
2A89
330
285D
100
AcDbEntity
  8
Dimensions
 62
     0
440
 16777216
370
    -2
100
AcDbLine
 10
114.0
 20
829.625
 30
0.0
 11
114.0
 21
835.25
 31
0.0
  0
LINE
  5
2A8A
330
285D
100
AcDbEntity
  8
Dimensions
 62
     0
440
 16777216
370
    -2
100
AcDbLine
 10
298.5
 20
834.0
 30
0.0
 11
116.5
 21
834.0
 31
0.0
  0
SOLID
  5
2A8B
330
285D
100
AcDbEntity
  8
Dimensions
 62
     0
440
 16777216
100
AcDbTrace
 10
298.5
 20
834.4166666666666
 30
0.0
 11
298.5
 21
833.5833333333333
 31
0.0
 12
301.0
 22
834.0
 32
0.0
 13
301.0
 23
834.0
 33
0.0
  0
SOLID
  5
2A8C
330
285D
100
AcDbEntity
  8
Dimensions
 62
     0
440
 16777216
100
AcDbTrace
 10
116.5
 20
834.4166666666666
 30
0.0
 11
116.5
 21
833.5833333333333
 31
0.0
 12
114.0
 22
834.0
 32
0.0
 13
114.0
 23
834.0
 33
0.0
  0
MTEXT
  5
2A8D
330
285D
100
AcDbEntity
  8
Dimensions
 62
     0
440
 16777216
100
AcDbMText
 10
207.5
 20
835.9014324693042
 30
0.0
 40
2.5
 41
0.0
 46
0.0
 71
     5
 72
     1
  1
187
 73
     1
 44
1.0
  0
POINT
  5
2A8E
330
285D
100
AcDbEntity
  8
Defpoints
 62
     0
440
 16777216
100
AcDbPoint
 10
301.0
 20
829.0
 30
0.0
  0
POINT
  5
2A8F
330
285D
100
AcDbEntity
  8
Defpoints
 62
     0
440
 16777216
100
AcDbPoint
 10
114.0
 20
829.0
 30
0.0
  0
POINT
  5
2A90
330
285D
100
AcDbEntity
  8
Defpoints
 62
     0
440
 16777216
100
AcDbPoint
 10
114.0
 20
834.0
 30
0.0
  0
ENDBLK
  5
285F
330
285D
100
AcDbEntity
  8
0
100
AcDbBlockEnd
  0
BLOCK
  5
286A
330
2869
100
AcDbEntity
  8
0
100
AcDbBlockBegin
  2
*D403
 70
     1
 10
0.0
 20
0.0
 30
0.0
  3
*D403
  1

  0
LINE
  5
2A91
330
2869
100
AcDbEntity
  8
Dimensions
 62
     0
440
 16777216
370
    -2
100
AcDbLine
 10
182.0
 20
859.6249999999999
 30
0.0
 11
182.0
 21
865.2499999999999
 31
0.0
  0
LINE
  5
2A92
330
2869
100
AcDbEntity
  8
Dimensions
 62
     0
440
 16777216
370
    -2
100
AcDbLine
 10
114.0
 20
859.6249999999999
 30
0.0
 11
114.0
 21
865.2499999999999
 31
0.0
  0
LINE
  5
2A93
330
2869
100
AcDbEntity
  8
Dimensions
 62
     0
440
 16777216
370
    -2
100
AcDbLine
 10
179.5
 20
864.0
 30
0.0
 11
116.5
 21
864.0
 31
0.0
  0
SOLID
  5
2A94
330
2869
100
AcDbEntity
  8
Dimensions
 62
     0
440
 16777216
100
AcDbTrace
 10
179.5
 20
864.4166666666666
 30
0.0
 11
179.5
 21
863.5833333333334
 31
0.0
 12
182.0
 22
864.0
 32
0.0
 13
182.0
 23
864.0
 33
0.0
  0
SOLID
  5
2A95
330
2869
100
AcDbEntity
  8
Dimensions
 62
     0
440
 16777216
100
AcDbTrace
 10
116.5
 20
864.4166666666666
 30
0.0
 11
116.5
 21
863.5833333333334
 31
0.0
 12
114.0
 22
864.0
 32
0.0
 13
114.0
 23
864.0
 33
0.0
  0
MTEXT
  5
2A96
330
2869
100
AcDbEntity
  8
Dimensions
 62
     0
440
 16777216
100
AcDbMText
 10
148.0
 20
865.9014324693043
 30
0.0
 40
2.5
 41
0.0
 46
0.0
 71
     5
 72
     1
  1
68
 73
     1
 44
1.0
  0
POINT
  5
2A97
330
2869
100
AcDbEntity
  8
Defpoints
 62
     0
440
 16777216
100
AcDbPoint
 10
182.0
 20
859.0
 30
0.0
  0
POINT
  5
2A98
330
2869
100
AcDbEntity
  8
Defpoints
 62
     0
440
 16777216
100
AcDbPoint
 10
114.0
 20
859.0
 30
0.0
  0
POINT
  5
2A99
330
2869
100
AcDbEntity
  8
Defpoints
 62
     0
440
 16777216
100
AcDbPoint
 10
114.0
 20
864.0
 30
0.0
  0
ENDBLK
  5
286B
330
2869
100
AcDbEntity
  8
0
100
AcDbBlockEnd
  0
BLOCK
  5
2876
330
2875
100
AcDbEntity
  8
0
100
AcDbBlockBegin
  2
*D404
 70
     1
 10
0.0
 20
0.0
 30
0.0
  3
*D404
  1

  0
LINE
  5
2A9A
330
2875
100
AcDbEntity
  8
Dimensions
 62
     0
440
 16777216
370
    -2
100
AcDbLine
 10
271.0
 20
859.6249999999999
 30
0.0
 11
271.0
 21
870.25
 31
0.0
  0
LINE
  5
2A9B
330
2875
100
AcDbEntity
  8
Dimensions
 62
     0
440
 16777216
370
    -2
100
AcDbLine
 10
114.0
 20
859.6249999999999
 30
0.0
 11
114.0
 21
870.25
 31
0.0
  0
LINE
  5
2A9C
330
2875
100
AcDbEntity
  8
Dimensions
 62
     0
440
 16777216
370
    -2
100
AcDbLine
 10
268.5
 20
869.0
 30
0.0
 11
116.5
 21
869.0
 31
0.0
  0
SOLID
  5
2A9D
330
2875
100
AcDbEntity
  8
Dimensions
 62
     0
440
 16777216
100
AcDbTrace
 10
268.5
 20
869.4166666666665
 30
0.0
 11
268.5
 21
868.5833333333333
 31
0.0
 12
271.0
 22
869.0
 32
0.0
 13
271.0
 23
869.0
 33
0.0
  0
SOLID
  5
2A9E
330
2875
100
AcDbEntity
  8
Dimensions
 62
     0
440
 16777216
100
AcDbTrace
 10
116.5
 20
869.4166666666665
 30
0.0
 11
116.5
 21
868.5833333333333
 31
0.0
 12
114.0
 22
869.0
 32
0.0
 13
114.0
 23
869.0
 33
0.0
  0
MTEXT
  5
2A9F
330
2875
100
AcDbEntity
  8
Dimensions
 62
     0
440
 16777216
100
AcDbMText
 10
208.0
 20
870.9014324693042
 30
0.0
 40
2.5
 41
0.0
 46
0.0
 71
     5
 72
     1
  1
157
 73
     1
 44
1.0
  0
POINT
  5
2AA0
330
2875
100
AcDbEntity
  8
Defpoints
 62
     0
440
 16777216
100
AcDbPoint
 10
271.0
 20
859.0
 30
0.0
  0
POINT
  5
2AA1
330
2875
100
AcDbEntity
  8
Defpoints
 62
     0
440
 16777216
100
AcDbPoint
 10
114.0
 20
859.0
 30
0.0
  0
POINT
  5
2AA2
330
2875
100
AcDbEntity
  8
Defpoints
 62
     0
440
 16777216
100
AcDbPoint
 10
114.0
 20
869.0
 30
0.0
  0
ENDBLK
  5
2877
330
2875
100
AcDbEntity
  8
0
100
AcDbBlockEnd
  0
BLOCK
  5
2882
330
2881
100
AcDbEntity
  8
0
100
AcDbBlockBegin
  2
*D405
 70
     1
 10
0.0
 20
0.0
 30
0.0
  3
*D405
  1

  0
LINE
  5
2AA3
330
2881
100
AcDbEntity
  8
Dimensions
 62
     0
440
 16777216
370
    -2
100
AcDbLine
 10
134.0
 20
750.625
 30
0.0
 11
134.0
 21
756.25
 31
0.0
  0
LINE
  5
2AA4
330
2881
100
AcDbEntity
  8
Dimensions
 62
     0
440
 16777216
370
    -2
100
AcDbLine
 10
114.0
 20
684.625
 30
0.0
 11
114.0
 21
756.25
 31
0.0
  0
LINE
  5
2AA5
330
2881
100
AcDbEntity
  8
Dimensions
 62
     0
440
 16777216
370
    -2
100
AcDbLine
 10
131.5
 20
755.0
 30
0.0
 11
116.5
 21
755.0
 31
0.0
  0
SOLID
  5
2AA6
330
2881
100
AcDbEntity
  8
Dimensions
 62
     0
440
 16777216
100
AcDbTrace
 10
131.5
 20
755.4166666666666
 30
0.0
 11
131.5
 21
754.5833333333334
 31
0.0
 12
134.0
 22
755.0
 32
0.0
 13
134.0
 23
755.0
 33
0.0
  0
SOLID
  5
2AA7
330
2881
100
AcDbEntity
  8
Dimensions
 62
     0
440
 16777216
100
AcDbTrace
 10
116.5
 20
755.4166666666666
 30
0.0
 11
116.5
 21
754.5833333333334
 31
0.0
 12
114.0
 22
755.0
 32
0.0
 13
114.0
 23
755.0
 33
0.0
  0
MTEXT
  5
2AA8
330
2881
100
AcDbEntity
  8
Dimensions
 62
     0
440
 16777216
100
AcDbMText
 10
124.0
 20
756.9014324693043
 30
0.0
 40
2.5
 41
0.0
 46
0.0
 71
     5
 72
     1
  1
20
 73
     1
 44
1.0
  0
POINT
  5
2AA9
330
2881
100
AcDbEntity
  8
Defpoints
 62
     0
440
 16777216
100
AcDbPoint
 10
134.0
 20
750.0
 30
0.0
  0
POINT
  5
2AAA
330
2881
100
AcDbEntity
  8
Defpoints
 62
     0
440
 16777216
100
AcDbPoint
 10
114.0
 20
684.0
 30
0.0
  0
POINT
  5
2AAB
330
2881
100
AcDbEntity
  8
Defpoints
 62
     0
440
 16777216
100
AcDbPoint
 10
114.0
 20
755.0
 30
0.0
  0
ENDBLK
  5
2883
330
2881
100
AcDbEntity
  8
0
100
AcDbBlockEnd
  0
BLOCK
  5
288E
330
288D
100
AcDbEntity
  8
0
100
AcDbBlockBegin
  2
*D406
 70
     1
 10
0.0
 20
0.0
 30
0.0
  3
*D406
  1

  0
LINE
  5
2AAC
330
288D
100
AcDbEntity
  8
Dimensions
 62
     0
440
 16777216
370
    -2
100
AcDbLine
 10
344.0
 20
750.625
 30
0.0
 11
344.0
 21
761.2499999999999
 31
0.0
  0
LINE
  5
2AAD
330
288D
100
AcDbEntity
  8
Dimensions
 62
     0
440
 16777216
370
    -2
100
AcDbLine
 10
114.0
 20
684.625
 30
0.0
 11
114.0
 21
761.2499999999999
 31
0.0
  0
LINE
  5
2AAE
330
288D
100
AcDbEntity
  8
Dimensions
 62
     0
440
 16777216
370
    -2
100
AcDbLine
 10
341.5
 20
760.0
 30
0.0
 11
116.5
 21
760.0
 31
0.0
  0
SOLID
  5
2AAF
330
288D
100
AcDbEntity
  8
Dimensions
 62
     0
440
 16777216
100
AcDbTrace
 10
341.5
 20
760.4166666666666
 30
0.0
 11
341.5
 21
759.5833333333334
 31
0.0
 12
344.0
 22
760.0
 32
0.0
 13
344.0
 23
760.0
 33
0.0
  0
SOLID
  5
2AB0
330
288D
100
AcDbEntity
  8
Dimensions
 62
     0
440
 16777216
100
AcDbTrace
 10
116.5
 20
760.4166666666666
 30
0.0
 11
116.5
 21
759.5833333333334
 31
0.0
 12
114.0
 22
760.0
 32
0.0
 13
114.0
 23
760.0
 33
0.0
  0
MTEXT
  5
2AB1
330
288D
100
AcDbEntity
  8
Dimensions
 62
     0
440
 16777216
100
AcDbMText
 10
229.0
 20
761.9022851296043
 30
0.0
 40
2.5
 41
0.0
 46
0.0
 71
     5
 72
     1
  1
230
 73
     1
 44
1.0
  0
POINT
  5
2AB2
330
288D
100
AcDbEntity
  8
Defpoints
 62
     0
440
 16777216
100
AcDbPoint
 10
344.0
 20
750.0
 30
0.0
  0
POINT
  5
2AB3
330
288D
100
AcDbEntity
  8
Defpoints
 62
     0
440
 16777216
100
AcDbPoint
 10
114.0
 20
684.0
 30
0.0
  0
POINT
  5
2AB4
330
288D
100
AcDbEntity
  8
Defpoints
 62
     0
440
 16777216
100
AcDbPoint
 10
114.0
 20
760.0
 30
0.0
  0
ENDBLK
  5
288F
330
288D
100
AcDbEntity
  8
0
100
AcDbBlockEnd
  0
BLOCK
  5
289A
330
2899
100
AcDbEntity
  8
0
100
AcDbBlockBegin
  2
*D407
 70
     1
 10
0.0
 20
0.0
 30
0.0
  3
*D407
  1

  0
LINE
  5
2AB5
330
2899
100
AcDbEntity
  8
Dimensions
 62
     0
440
 16777216
370
    -2
100
AcDbLine
 10
495.0
 20
750.625
 30
0.0
 11
495.0
 21
766.25
 31
0.0
  0
LINE
  5
2AB6
330
2899
100
AcDbEntity
  8
Dimensions
 62
     0
440
 16777216
370
    -2
100
AcDbLine
 10
114.0
 20
684.625
 30
0.0
 11
114.0
 21
766.25
 31
0.0
  0
LINE
  5
2AB7
330
2899
100
AcDbEntity
  8
Dimensions
 62
     0
440
 16777216
370
    -2
100
AcDbLine
 10
492.4999999999999
 20
765.0
 30
0.0
 11
116.5
 21
765.0
 31
0.0
  0
SOLID
  5
2AB8
330
2899
100
AcDbEntity
  8
Dimensions
 62
     0
440
 16777216
100
AcDbTrace
 10
492.4999999999999
 20
765.4166666666666
 30
0.0
 11
492.4999999999999
 21
764.5833333333333
 31
0.0
 12
495.0
 22
765.0
 32
0.0
 13
495.0
 23
765.0
 33
0.0
  0
SOLID
  5
2AB9
330
2899
100
AcDbEntity
  8
Dimensions
 62
     0
440
 16777216
100
AcDbTrace
 10
116.5
 20
765.4166666666666
 30
0.0
 11
116.5
 21
764.5833333333333
 31
0.0
 12
114.0
 22
765.0
 32
0.0
 13
114.0
 23
765.0
 33
0.0
  0
MTEXT
  5
2ABA
330
2899
100
AcDbEntity
  8
Dimensions
 62
     0
440
 16777216
100
AcDbMText
 10
304.5
 20
766.9022851296043
 30
0.0
 40
2.5
 41
0.0
 46
0.0
 71
     5
 72
     1
  1
381
 73
     1
 44
1.0
  0
POINT
  5
2ABB
330
2899
100
AcDbEntity
  8
Defpoints
 62
     0
440
 16777216
100
AcDbPoint
 10
495.0
 20
750.0
 30
0.0
  0
POINT
  5
2ABC
330
2899
100
AcDbEntity
  8
Defpoints
 62
     0
440
 16777216
100
AcDbPoint
 10
114.0
 20
684.0
 30
0.0
  0
POINT
  5
2ABD
330
2899
100
AcDbEntity
  8
Defpoints
 62
     0
440
 16777216
100
AcDbPoint
 10
114.0
 20
765.0
 30
0.0
  0
ENDBLK
  5
289B
330
2899
100
AcDbEntity
  8
0
100
AcDbBlockEnd
  0
BLOCK
  5
28A6
330
28A5
100
AcDbEntity
  8
0
100
AcDbBlockBegin
  2
*D408
 70
     1
 10
0.0
 20
0.0
 30
0.0
  3
*D408
  1

  0
LINE
  5
2ABE
330
28A5
100
AcDbEntity
  8
Dimensions
 62
     0
440
 16777216
370
    -2
100
AcDbLine
 10
512.0
 20
798.375
 30
0.0
 11
512.0
 21
672.75
 31
0.0
  0
LINE
  5
2ABF
330
28A5
100
AcDbEntity
  8
Dimensions
 62
     0
440
 16777216
370
    -2
100
AcDbLine
 10
114.0
 20
683.375
 30
0.0
 11
114.0
 21
672.75
 31
0.0
  0
LINE
  5
2AC0
330
28A5
100
AcDbEntity
  8
Dimensions
 62
     0
440
 16777216
370
    -2
100
AcDbLine
 10
509.4999999999999
 20
674.0
 30
0.0
 11
116.5
 21
674.0
 31
0.0
  0
SOLID
  5
2AC1
330
28A5
100
AcDbEntity
  8
Dimensions
 62
     0
440
 16777216
100
AcDbTrace
 10
509.4999999999999
 20
674.4166666666666
 30
0.0
 11
509.4999999999999
 21
673.5833333333333
 31
0.0
 12
512.0
 22
674.0
 32
0.0
 13
512.0
 23
674.0
 33
0.0
  0
SOLID
  5
2AC2
330
28A5
100
AcDbEntity
  8
Dimensions
 62
     0
440
 16777216
100
AcDbTrace
 10
116.5
 20
674.4166666666666
 30
0.0
 11
116.5
 21
673.5833333333333
 31
0.0
 12
114.0
 22
674.0
 32
0.0
 13
114.0
 23
674.0
 33
0.0
  0
MTEXT
  5
2AC3
330
28A5
100
AcDbEntity
  8
Dimensions
 62
     0
440
 16777216
100
AcDbMText
 10
313.0
 20
675.9022851296044
 30
0.0
 40
2.5
 41
0.0
 46
0.0
 71
     5
 72
     1
  1
398
 73
     1
 44
1.0
  0
POINT
  5
2AC4
330
28A5
100
AcDbEntity
  8
Defpoints
 62
     0
440
 16777216
100
AcDbPoint
 10
512.0
 20
799.0
 30
0.0
  0
POINT
  5
2AC5
330
28A5
100
AcDbEntity
  8
Defpoints
 62
     0
440
 16777216
100
AcDbPoint
 10
114.0
 20
684.0
 30
0.0
  0
POINT
  5
2AC6
330
28A5
100
AcDbEntity
  8
Defpoints
 62
     0
440
 16777216
100
AcDbPoint
 10
114.0
 20
674.0
 30
0.0
  0
ENDBLK
  5
28A7
330
28A5
100
AcDbEntity
  8
0
100
AcDbBlockEnd
  0
BLOCK
  5
28B2
330
28B1
100
AcDbEntity
  8
0
100
AcDbBlockBegin
  2
*D409
 70
     1
 10
0.0
 20
0.0
 30
0.0
  3
*D409
  1

  0
LINE
  5
2AC7
330
28B1
100
AcDbEntity
  8
Dimensions
 62
     0
440
 16777216
370
    -2
100
AcDbLine
 10
501.0
 20
974.375
 30
0.0
 11
501.0
 21
677.7499999999999
 31
0.0
  0
LINE
  5
2AC8
330
28B1
100
AcDbEntity
  8
Dimensions
 62
     0
440
 16777216
370
    -2
100
AcDbLine
 10
114.0
 20
683.375
 30
0.0
 11
114.0
 21
677.7499999999999
 31
0.0
  0
LINE
  5
2AC9
330
28B1
100
AcDbEntity
  8
Dimensions
 62
     0
440
 16777216
370
    -2
100
AcDbLine
 10
498.5
 20
679.0
 30
0.0
 11
116.5
 21
679.0
 31
0.0
  0
SOLID
  5
2ACA
330
28B1
100
AcDbEntity
  8
Dimensions
 62
     0
440
 16777216
100
AcDbTrace
 10
498.5
 20
679.4166666666666
 30
0.0
 11
498.5
 21
678.5833333333333
 31
0.0
 12
501.0
 22
679.0
 32
0.0
 13
501.0
 23
679.0
 33
0.0
  0
SOLID
  5
2ACB
330
28B1
100
AcDbEntity
  8
Dimensions
 62
     0
440
 16777216
100
AcDbTrace
 10
116.5
 20
679.4166666666666
 30
0.0
 11
116.5
 21
678.5833333333333
 31
0.0
 12
114.0
 22
679.0
 32
0.0
 13
114.0
 23
679.0
 33
0.0
  0
MTEXT
  5
2ACC
330
28B1
100
AcDbEntity
  8
Dimensions
 62
     0
440
 16777216
100
AcDbMText
 10
307.5
 20
680.9022851296044
 30
0.0
 40
2.5
 41
0.0
 46
0.0
 71
     5
 72
     1
  1
387
 73
     1
 44
1.0
  0
POINT
  5
2ACD
330
28B1
100
AcDbEntity
  8
Defpoints
 62
     0
440
 16777216
100
AcDbPoint
 10
501.0
 20
975.0
 30
0.0
  0
POINT
  5
2ACE
330
28B1
100
AcDbEntity
  8
Defpoints
 62
     0
440
 16777216
100
AcDbPoint
 10
114.0
 20
684.0
 30
0.0
  0
POINT
  5
2ACF
330
28B1
100
AcDbEntity
  8
Defpoints
 62
     0
440
 16777216
100
AcDbPoint
 10
114.0
 20
679.0
 30
0.0
  0
ENDBLK
  5
28B3
330
28B1
100
AcDbEntity
  8
0
100
AcDbBlockEnd
  0
BLOCK
  5
28BE
330
28BD
100
AcDbEntity
  8
0
100
AcDbBlockBegin
  2
*D410
 70
     1
 10
0.0
 20
0.0
 30
0.0
  3
*D410
  1

  0
LINE
  5
2AD0
330
28BD
100
AcDbEntity
  8
Dimensions
 62
     0
440
 16777216
370
    -2
100
AcDbLine
 10
139.0
 20
913.1249999999999
 30
0.0
 11
139.0
 21
995.25
 31
0.0
  0
LINE
  5
2AD1
330
28BD
100
AcDbEntity
  8
Dimensions
 62
     0
440
 16777216
370
    -2
100
AcDbLine
 10
114.0
 20
984.6249999999999
 30
0.0
 11
114.0
 21
995.25
 31
0.0
  0
LINE
  5
2AD2
330
28BD
100
AcDbEntity
  8
Dimensions
 62
     0
440
 16777216
370
    -2
100
AcDbLine
 10
136.5
 20
994.0
 30
0.0
 11
116.5
 21
994.0
 31
0.0
  0
SOLID
  5
2AD3
330
28BD
100
AcDbEntity
  8
Dimensions
 62
     0
440
 16777216
100
AcDbTrace
 10
136.5
 20
994.4166666666665
 30
0.0
 11
136.5
 21
993.5833333333333
 31
0.0
 12
139.0
 22
994.0
 32
0.0
 13
139.0
 23
994.0
 33
0.0
  0
SOLID
  5
2AD4
330
28BD
100
AcDbEntity
  8
Dimensions
 62
     0
440
 16777216
100
AcDbTrace
 10
116.5
 20
994.4166666666665
 30
0.0
 11
116.5
 21
993.5833333333333
 31
0.0
 12
114.0
 22
994.0
 32
0.0
 13
114.0
 23
994.0
 33
0.0
  0
MTEXT
  5
2AD5
330
28BD
100
AcDbEntity
  8
Dimensions
 62
     0
440
 16777216
100
AcDbMText
 10
126.5
 20
995.9014324693042
 30
0.0
 40
2.5
 41
0.0
 46
0.0
 71
     5
 72
     1
  1
25
 73
     1
 44
1.0
  0
POINT
  5
2AD6
330
28BD
100
AcDbEntity
  8
Defpoints
 62
     0
440
 16777216
100
AcDbPoint
 10
139.0
 20
912.5
 30
0.0
  0
POINT
  5
2AD7
330
28BD
100
AcDbEntity
  8
Defpoints
 62
     0
440
 16777216
100
AcDbPoint
 10
114.0
 20
984.0
 30
0.0
  0
POINT
  5
2AD8
330
28BD
100
AcDbEntity
  8
Defpoints
 62
     0
440
 16777216
100
AcDbPoint
 10
114.0
 20
994.0
 30
0.0
  0
ENDBLK
  5
28BF
330
28BD
100
AcDbEntity
  8
0
100
AcDbBlockEnd
  0
BLOCK
  5
28CA
330
28C9
100
AcDbEntity
  8
0
100
AcDbBlockBegin
  2
*D411
 70
     1
 10
0.0
 20
0.0
 30
0.0
  3
*D411
  1

  0
LINE
  5
2AF1
330
28C9
100
AcDbEntity
  8
Dimensions
 62
     0
440
 16777216
370
    -2
100
AcDbLine
 10
276.0
 20
903.625
 30
0.0
 11
276.0
 21
1010.25
 31
0.0
  0
LINE
  5
2AF2
330
28C9
100
AcDbEntity
  8
Dimensions
 62
     0
440
 16777216
370
    -2
100
AcDbLine
 10
114.0
 20
984.6249999999999
 30
0.0
 11
114.0
 21
1010.25
 31
0.0
  0
LINE
  5
2AF3
330
28C9
100
AcDbEntity
  8
Dimensions
 62
     0
440
 16777216
370
    -2
100
AcDbLine
 10
273.5
 20
1009.0
 30
0.0
 11
116.5
 21
1009.0
 31
0.0
  0
SOLID
  5
2AF4
330
28C9
100
AcDbEntity
  8
Dimensions
 62
     0
440
 16777216
100
AcDbTrace
 10
273.5
 20
1009.416666666666
 30
0.0
 11
273.5
 21
1008.583333333333
 31
0.0
 12
276.0
 22
1009.0
 32
0.0
 13
276.0
 23
1009.0
 33
0.0
  0
SOLID
  5
2AF5
330
28C9
100
AcDbEntity
  8
Dimensions
 62
     0
440
 16777216
100
AcDbTrace
 10
116.5
 20
1009.416666666666
 30
0.0
 11
116.5
 21
1008.583333333333
 31
0.0
 12
114.0
 22
1009.0
 32
0.0
 13
114.0
 23
1009.0
 33
0.0
  0
MTEXT
  5
2AF6
330
28C9
100
AcDbEntity
  8
Dimensions
 62
     0
440
 16777216
100
AcDbMText
 10
195.0
 20
1010.901432469304
 30
0.0
 40
2.5
 41
0.0
 46
0.0
 71
     5
 72
     1
  1
162
 73
     1
 44
1.0
  0
POINT
  5
2AF7
330
28C9
100
AcDbEntity
  8
Defpoints
 62
     0
440
 16777216
100
AcDbPoint
 10
276.0
 20
903.0
 30
0.0
  0
POINT
  5
2AF8
330
28C9
100
AcDbEntity
  8
Defpoints
 62
     0
440
 16777216
100
AcDbPoint
 10
114.0
 20
984.0
 30
0.0
  0
POINT
  5
2AF9
330
28C9
100
AcDbEntity
  8
Defpoints
 62
     0
440
 16777216
100
AcDbPoint
 10
114.0
 20
1009.0
 30
0.0
  0
ENDBLK
  5
28CB
330
28C9
100
AcDbEntity
  8
0
100
AcDbBlockEnd
  0
BLOCK
  5
28D6
330
28D5
100
AcDbEntity
  8
0
100
AcDbBlockBegin
  2
*D412
 70
     1
 10
0.0
 20
0.0
 30
0.0
  3
*D412
  1

  0
LINE
  5
28D8
330
28D5
100
AcDbEntity
  8
Dimensions
 62
     0
440
 16777216
370
    -2
100
AcDbLine
 10
529.9824071423445
 20
701.9824071423429
 30
0.0
 11
521.8890872965261
 21
693.8890872965256
 31
0.0
  0
LINE
  5
28D9
330
28D5
100
AcDbEntity
  8
Dimensions
 62
     0
440
 16777216
370
    -2
100
AcDbLine
 10
514.1109127034735
 20
686.1109127034739
 30
0.0
 11
512.3431457505071
 21
684.3431457505078
 31
0.0
  0
MTEXT
  5
28DA
330
28D5
100
AcDbEntity
  8
Dimensions
 62
     0
440
 16777216
100
AcDbMText
 10
526.6060446128044
 20
701.3939553871946
 30
0.0
 40
2.5
 41
0.0
 46
0.0
 71
     5
 72
     1
  1
∅6
 11
0.707106781186595
 21
0.7071067811865001
 31
0.0
 73
     1
 44
1.0
  0
LINE
  5
28DB
330
28D5
100
AcDbEntity
  8
Dimensions
 62
     0
440
 16777216
370
    -2
100
AcDbLine
 10
515.8786796564401
 20
687.8786796564402
 30
0.0
 11
520.1213203435595
 21
692.1213203435593
 31
0.0
  0
SOLID
  5
28DC
330
28D5
100
AcDbEntity
  8
Dimensions
 62
     0
440
 16777216
100
AcDbTrace
 10
513.8162848779791
 20
686.4055405289684
 30
0.0
 11
514.4055405289678
 21
685.8162848779796
 31
0.0
 12
515.8786796564401
 22
687.8786796564402
 32
0.0
 13
515.8786796564401
 23
687.8786796564402
 33
0.0
  0
SOLID
  5
28DD
330
28D5
100
AcDbEntity
  8
Dimensions
 62
     0
440
 16777216
100
AcDbTrace
 10
521.5944594710317
 20
694.1837151220201
 30
0.0
 11
522.1837151220205
 21
693.5944594710312
 31
0.0
 12
520.1213203435595
 22
692.1213203435593
 32
0.0
 13
520.1213203435595
 23
692.1213203435593
 33
0.0
  0
POINT
  5
28DE
330
28D5
100
AcDbEntity
  8
Defpoints
 62
     0
440
 16777216
100
AcDbPoint
 10
520.1213203435595
 20
692.1213203435593
 30
0.0
  0
POINT
  5
28DF
330
28D5
100
AcDbEntity
  8
Defpoints
 62
     0
440
 16777216
100
AcDbPoint
 10
515.8786796564401
 20
687.8786796564402
 30
0.0
  0
ENDBLK
  5
28D7
330
28D5
100
AcDbEntity
  8
0
100
AcDbBlockEnd
  0
BLOCK
  5
28E1
330
28E0
100
AcDbEntity
  8
0
100
AcDbBlockBegin
  2
*D413
 70
     1
 10
0.0
 20
0.0
 30
0.0
  3
*D413
  1

  0
LINE
  5
28E3
330
28E0
100
AcDbEntity
  8
Dimensions
 62
     0
440
 16777216
370
    -2
100
AcDbLine
 10
529.9824071423447
 20
989.9824071423436
 30
0.0
 11
521.8890872965264
 21
981.8890872965262
 31
0.0
  0
LINE
  5
28E4
330
28E0
100
AcDbEntity
  8
Dimensions
 62
     0
440
 16777216
370
    -2
100
AcDbLine
 10
514.1109127034744
 20
974.1109127034748
 30
0.0
 11
512.343145750508
 21
972.3431457505087
 31
0.0
  0
MTEXT
  5
28E5
330
28E0
100
AcDbEntity
  8
Dimensions
 62
     0
440
 16777216
100
AcDbMText
 10
526.6060446128044
 20
989.3939553871954
 30
0.0
 40
2.5
 41
0.0
 46
0.0
 71
     5
 72
     1
  1
∅6
 11
0.7071067811865856
 21
0.7071067811865096
 31
0.0
 73
     1
 44
1.0
  0
LINE
  5
28E6
330
28E0
100
AcDbEntity
  8
Dimensions
 62
     0
440
 16777216
370
    -2
100
AcDbLine
 10
515.8786796564409
 20
975.8786796564413
 30
0.0
 11
520.12132034356
 21
980.1213203435597
 31
0.0
  0
SOLID
  5
28E7
330
28E0
100
AcDbEntity
  8
Dimensions
 62
     0
440
 16777216
100
AcDbTrace
 10
513.8162848779801
 20
974.4055405289694
 30
0.0
 11
514.4055405289689
 21
973.8162848779804
 31
0.0
 12
515.8786796564409
 22
975.8786796564413
 32
0.0
 13
515.8786796564409
 23
975.8786796564413
 33
0.0
  0
SOLID
  5
28E8
330
28E0
100
AcDbEntity
  8
Dimensions
 62
     0
440
 16777216
100
AcDbTrace
 10
521.5944594710321
 20
982.1837151220206
 30
0.0
 11
522.1837151220208
 21
981.5944594710318
 31
0.0
 12
520.12132034356
 22
980.1213203435597
 32
0.0
 13
520.12132034356
 23
980.1213203435597
 33
0.0
  0
POINT
  5
28E9
330
28E0
100
AcDbEntity
  8
Defpoints
 62
     0
440
 16777216
100
AcDbPoint
 10
520.12132034356
 20
980.1213203435597
 30
0.0
  0
POINT
  5
28EA
330
28E0
100
AcDbEntity
  8
Defpoints
 62
     0
440
 16777216
100
AcDbPoint
 10
515.8786796564409
 20
975.8786796564413
 30
0.0
  0
ENDBLK
  5
28E2
330
28E0
100
AcDbEntity
  8
0
100
AcDbBlockEnd
  0
BLOCK
  5
28EC
330
28EB
100
AcDbEntity
  8
0
100
AcDbBlockBegin
  2
*D414
 70
     1
 10
0.0
 20
0.0
 30
0.0
  3
*D414
  1

  0
LINE
  5
28EE
330
28EB
100
AcDbEntity
  8
Dimensions
 62
     0
440
 16777216
370
    -2
100
AcDbLine
 10
131.9824071423429
 20
989.9824071423449
 30
0.0
 11
123.8890872965256
 21
981.8890872965262
 31
0.0
  0
LINE
  5
28EF
330
28EB
100
AcDbEntity
  8
Dimensions
 62
     0
440
 16777216
370
    -2
100
AcDbLine
 10
116.1109127034742
 20
974.1109127034736
 30
0.0
 11
114.343145750508
 21
972.3431457505069
 31
0.0
  0
MTEXT
  5
28F0
330
28EB
100
AcDbEntity
  8
Dimensions
 62
     0
440
 16777216
100
AcDbMText
 10
128.6060446128029
 20
989.3939553871962
 30
0.0
 40
2.5
 41
0.0
 46
0.0
 71
     5
 72
     1
  1
∅6
 11
0.7071067811864907
 21
0.7071067811866043
 31
0.0
 73
     1
 44
1.0
  0
LINE
  5
28F1
330
28EB
100
AcDbEntity
  8
Dimensions
 62
     0
440
 16777216
370
    -2
100
AcDbLine
 10
117.8786796564404
 20
975.87867965644
 30
0.0
 11
122.1213203435594
 21
980.1213203435597
 31
0.0
  0
SOLID
  5
28F2
330
28EB
100
AcDbEntity
  8
Dimensions
 62
     0
440
 16777216
100
AcDbTrace
 10
115.8162848779798
 20
974.4055405289678
 30
0.0
 11
116.4055405289686
 21
973.8162848779792
 31
0.0
 12
117.8786796564404
 22
975.87867965644
 32
0.0
 13
117.8786796564404
 23
975.87867965644
 33
0.0
  0
SOLID
  5
28F3
330
28EB
100
AcDbEntity
  8
Dimensions
 62
     0
440
 16777216
100
AcDbTrace
 10
123.5944594710312
 20
982.1837151220206
 30
0.0
 11
124.18371512202
 21
981.5944594710318
 31
0.0
 12
122.1213203435594
 22
980.1213203435597
 32
0.0
 13
122.1213203435594
 23
980.1213203435597
 33
0.0
  0
POINT
  5
28F4
330
28EB
100
AcDbEntity
  8
Defpoints
 62
     0
440
 16777216
100
AcDbPoint
 10
122.1213203435594
 20
980.1213203435597
 30
0.0
  0
POINT
  5
28F5
330
28EB
100
AcDbEntity
  8
Defpoints
 62
     0
440
 16777216
100
AcDbPoint
 10
117.8786796564404
 20
975.87867965644
 30
0.0
  0
ENDBLK
  5
28ED
330
28EB
100
AcDbEntity
  8
0
100
AcDbBlockEnd
  0
BLOCK
  5
28F7
330
28F6
100
AcDbEntity
  8
0
100
AcDbBlockBegin
  2
*D415
 70
     1
 10
0.0
 20
0.0
 30
0.0
  3
*D415
  1

  0
LINE
  5
28F9
330
28F6
100
AcDbEntity
  8
Dimensions
 62
     0
440
 16777216
370
    -2
100
AcDbLine
 10
150.9848188298655
 20
949.9848188298649
 30
0.0
 11
143.9497474683062
 21
942.949747468306
 31
0.0
  0
LINE
  5
28FA
330
28F6
100
AcDbEntity
  8
Dimensions
 62
     0
440
 16777216
370
    -2
100
AcDbLine
 10
134.0502525316942
 20
933.0502525316946
 30
0.0
 11
132.2824855787278
 21
931.2824855787281
 31
0.0
  0
MTEXT
  5
28FB
330
28F6
100
AcDbEntity
  8
Dimensions
 62
     0
440
 16777216
100
AcDbMText
 10
147.6060446128041
 20
949.3939553871953
 30
0.0
 40
2.5
 41
0.0
 46
0.0
 71
     5
 72
     1
  1
∅9
 11
0.7071067811865598
 21
0.7071067811865353
 31
0.0
 73
     1
 44
1.0
  0
LINE
  5
28FC
330
28F6
100
AcDbEntity
  8
Dimensions
 62
     0
440
 16777216
370
    -2
100
AcDbLine
 10
135.8180194846607
 20
934.8180194846609
 30
0.0
 11
142.1819805153397
 21
941.1819805153395
 31
0.0
  0
SOLID
  5
28FD
330
28F6
100
AcDbEntity
  8
Dimensions
 62
     0
440
 16777216
100
AcDbTrace
 10
133.7556247061999
 20
933.3448803571888
 30
0.0
 11
134.3448803571886
 21
932.7556247062002
 31
0.0
 12
135.8180194846607
 22
934.8180194846609
 32
0.0
 13
135.8180194846607
 23
934.8180194846609
 33
0.0
  0
SOLID
  5
28FE
330
28F6
100
AcDbEntity
  8
Dimensions
 62
     0
440
 16777216
100
AcDbTrace
 10
143.6551196428118
 20
943.2443752938002
 30
0.0
 11
144.2443752938005
 21
942.6551196428116
 31
0.0
 12
142.1819805153397
 22
941.1819805153395
 32
0.0
 13
142.1819805153397
 23
941.1819805153395
 33
0.0
  0
POINT
  5
28FF
330
28F6
100
AcDbEntity
  8
Defpoints
 62
     0
440
 16777216
100
AcDbPoint
 10
142.1819805153397
 20
941.1819805153395
 30
0.0
  0
POINT
  5
2900
330
28F6
100
AcDbEntity
  8
Defpoints
 62
     0
440
 16777216
100
AcDbPoint
 10
135.8180194846607
 20
934.8180194846609
 30
0.0
  0
ENDBLK
  5
28F8
330
28F6
100
AcDbEntity
  8
0
100
AcDbBlockEnd
  0
BLOCK
  5
2902
330
2901
100
AcDbEntity
  8
0
100
AcDbBlockBegin
  2
*D416
 70
     1
 10
0.0
 20
0.0
 30
0.0
  3
*D416
  1

  0
LINE
  5
2904
330
2901
100
AcDbEntity
  8
Dimensions
 62
     0
440
 16777216
370
    -2
100
AcDbLine
 10
150.9848188298653
 20
924.9848188298647
 30
0.0
 11
143.9497474683062
 21
917.949747468306
 31
0.0
  0
LINE
  5
2905
330
2901
100
AcDbEntity
  8
Dimensions
 62
     0
440
 16777216
370
    -2
100
AcDbLine
 10
134.0502525316938
 20
908.0502525316941
 30
0.0
 11
132.2824855787274
 21
906.2824855787276
 31
0.0
  0
MTEXT
  5
2906
330
2901
100
AcDbEntity
  8
Dimensions
 62
     0
440
 16777216
100
AcDbMText
 10
147.6060446128039
 20
924.3939553871951
 30
0.0
 40
2.5
 41
0.0
 46
0.0
 71
     5
 72
     1
  1
∅9
 11
0.7071067811865598
 21
0.7071067811865353
 31
0.0
 73
     1
 44
1.0
  0
LINE
  5
2907
330
2901
100
AcDbEntity
  8
Dimensions
 62
     0
440
 16777216
370
    -2
100
AcDbLine
 10
135.8180194846603
 20
909.8180194846603
 30
0.0
 11
142.1819805153398
 21
916.1819805153395
 31
0.0
  0
SOLID
  5
2908
330
2901
100
AcDbEntity
  8
Dimensions
 62
     0
440
 16777216
100
AcDbTrace
 10
133.7556247061995
 20
908.3448803571885
 30
0.0
 11
134.3448803571882
 21
907.7556247061995
 31
0.0
 12
135.8180194846603
 22
909.8180194846603
 32
0.0
 13
135.8180194846603
 23
909.8180194846603
 33
0.0
  0
SOLID
  5
2909
330
2901
100
AcDbEntity
  8
Dimensions
 62
     0
440
 16777216
100
AcDbTrace
 10
143.6551196428118
 20
918.2443752938002
 30
0.0
 11
144.2443752938006
 21
917.6551196428116
 31
0.0
 12
142.1819805153398
 22
916.1819805153395
 32
0.0
 13
142.1819805153398
 23
916.1819805153395
 33
0.0
  0
POINT
  5
290A
330
2901
100
AcDbEntity
  8
Defpoints
 62
     0
440
 16777216
100
AcDbPoint
 10
142.1819805153398
 20
916.1819805153395
 30
0.0
  0
POINT
  5
290B
330
2901
100
AcDbEntity
  8
Defpoints
 62
     0
440
 16777216
100
AcDbPoint
 10
135.8180194846603
 20
909.8180194846603
 30
0.0
  0
ENDBLK
  5
2903
330
2901
100
AcDbEntity
  8
0
100
AcDbBlockEnd
  0
BLOCK
  5
290D
330
290C
100
AcDbEntity
  8
0
100
AcDbBlockBegin
  2
*D417
 70
     1
 10
0.0
 20
0.0
 30
0.0
  3
*D417
  1

  0
LINE
  5
290F
330
290C
100
AcDbEntity
  8
Dimensions
 62
     0
440
 16777216
370
    -2
100
AcDbLine
 10
189.9848188298655
 20
914.9848188298646
 30
0.0
 11
182.9497474683059
 21
907.9497474683057
 31
0.0
  0
LINE
  5
2910
330
290C
100
AcDbEntity
  8
Dimensions
 62
     0
440
 16777216
370
    -2
100
AcDbLine
 10
173.050252531694
 20
898.0502525316943
 30
0.0
 11
171.2824855787276
 21
896.282485578728
 31
0.0
  0
MTEXT
  5
2911
330
290C
100
AcDbEntity
  8
Dimensions
 62
     0
440
 16777216
100
AcDbMText
 10
186.6060446128044
 20
914.3939553871954
 30
0.0
 40
2.5
 41
0.0
 46
0.0
 71
     5
 72
     1
  1
∅9
 11
0.7071067811865733
 21
0.7071067811865217
 31
0.0
 73
     1
 44
1.0
  0
LINE
  5
2912
330
290C
100
AcDbEntity
  8
Dimensions
 62
     0
440
 16777216
370
    -2
100
AcDbLine
 10
174.8180194846604
 20
899.8180194846607
 30
0.0
 11
181.1819805153395
 21
906.1819805153392
 31
0.0
  0
SOLID
  5
2913
330
290C
100
AcDbEntity
  8
Dimensions
 62
     0
440
 16777216
100
AcDbTrace
 10
172.7556247061997
 20
898.3448803571887
 30
0.0
 11
173.3448803571884
 21
897.7556247062
 31
0.0
 12
174.8180194846604
 22
899.8180194846607
 32
0.0
 13
174.8180194846604
 23
899.8180194846607
 33
0.0
  0
SOLID
  5
2914
330
290C
100
AcDbEntity
  8
Dimensions
 62
     0
440
 16777216
100
AcDbTrace
 10
182.6551196428115
 20
908.2443752938001
 30
0.0
 11
183.2443752938002
 21
907.6551196428113
 31
0.0
 12
181.1819805153395
 22
906.1819805153392
 32
0.0
 13
181.1819805153395
 23
906.1819805153392
 33
0.0
  0
POINT
  5
2915
330
290C
100
AcDbEntity
  8
Defpoints
 62
     0
440
 16777216
100
AcDbPoint
 10
181.1819805153395
 20
906.1819805153392
 30
0.0
  0
POINT
  5
2916
330
290C
100
AcDbEntity
  8
Defpoints
 62
     0
440
 16777216
100
AcDbPoint
 10
174.8180194846604
 20
899.8180194846607
 30
0.0
  0
ENDBLK
  5
290E
330
290C
100
AcDbEntity
  8
0
100
AcDbBlockEnd
  0
BLOCK
  5
2918
330
2917
100
AcDbEntity
  8
0
100
AcDbBlockBegin
  2
*D418
 70
     1
 10
0.0
 20
0.0
 30
0.0
  3
*D418
  1

  0
LINE
  5
291A
330
2917
100
AcDbEntity
  8
Dimensions
 62
     0
440
 16777216
370
    -2
100
AcDbLine
 10
238.9848188298656
 20
914.9848188298649
 30
0.0
 11
231.9497474683064
 21
907.949747468306
 31
0.0
  0
LINE
  5
291B
330
2917
100
AcDbEntity
  8
Dimensions
 62
     0
440
 16777216
370
    -2
100
AcDbLine
 10
222.0502525316946
 20
898.0502525316945
 30
0.0
 11
220.2824855787282
 21
896.2824855787282
 31
0.0
  0
MTEXT
  5
291C
330
2917
100
AcDbEntity
  8
Dimensions
 62
     0
440
 16777216
100
AcDbMText
 10
235.6060446128042
 20
914.3939553871954
 30
0.0
 40
2.5
 41
0.0
 46
0.0
 71
     5
 72
     1
  1
∅9
 11
0.7071067811865598
 21
0.7071067811865353
 31
0.0
 73
     1
 44
1.0
  0
LINE
  5
291D
330
2917
100
AcDbEntity
  8
Dimensions
 62
     0
440
 16777216
370
    -2
100
AcDbLine
 10
223.8180194846609
 20
899.8180194846609
 30
0.0
 11
230.18198051534
 21
906.1819805153398
 31
0.0
  0
SOLID
  5
291E
330
2917
100
AcDbEntity
  8
Dimensions
 62
     0
440
 16777216
100
AcDbTrace
 10
221.7556247062002
 20
898.3448803571889
 30
0.0
 11
222.344880357189
 21
897.7556247062
 31
0.0
 12
223.8180194846609
 22
899.8180194846609
 32
0.0
 13
223.8180194846609
 23
899.8180194846609
 33
0.0
  0
SOLID
  5
291F
330
2917
100
AcDbEntity
  8
Dimensions
 62
     0
440
 16777216
100
AcDbTrace
 10
231.655119642812
 20
908.2443752938004
 30
0.0
 11
232.2443752938008
 21
907.6551196428116
 31
0.0
 12
230.18198051534
 22
906.1819805153398
 32
0.0
 13
230.18198051534
 23
906.1819805153398
 33
0.0
  0
POINT
  5
2920
330
2917
100
AcDbEntity
  8
Defpoints
 62
     0
440
 16777216
100
AcDbPoint
 10
230.18198051534
 20
906.1819805153398
 30
0.0
  0
POINT
  5
2921
330
2917
100
AcDbEntity
  8
Defpoints
 62
     0
440
 16777216
100
AcDbPoint
 10
223.8180194846609
 20
899.8180194846609
 30
0.0
  0
ENDBLK
  5
2919
330
2917
100
AcDbEntity
  8
0
100
AcDbBlockEnd
  0
BLOCK
  5
2923
330
2922
100
AcDbEntity
  8
0
100
AcDbBlockBegin
  2
*D419
 70
     1
 10
0.0
 20
0.0
 30
0.0
  3
*D419
  1

  0
LINE
  5
2925
330
2922
100
AcDbEntity
  8
Dimensions
 62
     0
440
 16777216
370
    -2
100
AcDbLine
 10
287.9848188298653
 20
914.9848188298646
 30
0.0
 11
280.949747468306
 21
907.9497474683057
 31
0.0
  0
LINE
  5
2926
330
2922
100
AcDbEntity
  8
Dimensions
 62
     0
440
 16777216
370
    -2
100
AcDbLine
 10
271.0502525316942
 20
898.0502525316943
 30
0.0
 11
269.2824855787277
 21
896.282485578728
 31
0.0
  0
MTEXT
  5
2927
330
2922
100
AcDbEntity
  8
Dimensions
 62
     0
440
 16777216
100
AcDbMText
 10
284.6060446128039
 20
914.393955387195
 30
0.0
 40
2.5
 41
0.0
 46
0.0
 71
     5
 72
     1
  1
∅9
 11
0.7071067811865667
 21
0.7071067811865284
 31
0.0
 73
     1
 44
1.0
  0
LINE
  5
2928
330
2922
100
AcDbEntity
  8
Dimensions
 62
     0
440
 16777216
370
    -2
100
AcDbLine
 10
272.8180194846605
 20
899.8180194846607
 30
0.0
 11
279.1819805153395
 21
906.1819805153394
 31
0.0
  0
SOLID
  5
2929
330
2922
100
AcDbEntity
  8
Dimensions
 62
     0
440
 16777216
100
AcDbTrace
 10
270.7556247061997
 20
898.3448803571887
 30
0.0
 11
271.3448803571886
 21
897.7556247061997
 31
0.0
 12
272.8180194846605
 22
899.8180194846607
 32
0.0
 13
272.8180194846605
 23
899.8180194846607
 33
0.0
  0
SOLID
  5
292A
330
2922
100
AcDbEntity
  8
Dimensions
 62
     0
440
 16777216
100
AcDbTrace
 10
280.6551196428116
 20
908.2443752938003
 30
0.0
 11
281.2443752938004
 21
907.6551196428113
 31
0.0
 12
279.1819805153395
 22
906.1819805153394
 32
0.0
 13
279.1819805153395
 23
906.1819805153394
 33
0.0
  0
POINT
  5
292B
330
2922
100
AcDbEntity
  8
Defpoints
 62
     0
440
 16777216
100
AcDbPoint
 10
279.1819805153395
 20
906.1819805153394
 30
0.0
  0
POINT
  5
292C
330
2922
100
AcDbEntity
  8
Defpoints
 62
     0
440
 16777216
100
AcDbPoint
 10
272.8180194846605
 20
899.8180194846607
 30
0.0
  0
ENDBLK
  5
2924
330
2922
100
AcDbEntity
  8
0
100
AcDbBlockEnd
  0
BLOCK
  5
292E
330
292D
100
AcDbEntity
  8
0
100
AcDbBlockBegin
  2
*D420
 70
     1
 10
0.0
 20
0.0
 30
0.0
  3
*D420
  1

  0
LINE
  5
2930
330
292D
100
AcDbEntity
  8
Dimensions
 62
     0
440
 16777216
370
    -2
100
AcDbLine
 10
287.9848188298654
 20
984.9848188298651
 30
0.0
 11
280.9497474683064
 21
977.9497474683061
 31
0.0
  0
LINE
  5
2931
330
292D
100
AcDbEntity
  8
Dimensions
 62
     0
440
 16777216
370
    -2
100
AcDbLine
 10
271.0502525316945
 20
968.0502525316944
 30
0.0
 11
269.2824855787282
 21
966.2824855787283
 31
0.0
  0
MTEXT
  5
2932
330
292D
100
AcDbEntity
  8
Dimensions
 62
     0
440
 16777216
100
AcDbMText
 10
284.6060446128041
 20
984.3939553871955
 30
0.0
 40
2.5
 41
0.0
 46
0.0
 71
     5
 72
     1
  1
∅9
 11
0.7071067811865598
 21
0.7071067811865353
 31
0.0
 73
     1
 44
1.0
  0
LINE
  5
2933
330
292D
100
AcDbEntity
  8
Dimensions
 62
     0
440
 16777216
370
    -2
100
AcDbLine
 10
272.818019484661
 20
969.8180194846608
 30
0.0
 11
279.1819805153399
 21
976.1819805153399
 31
0.0
  0
SOLID
  5
2934
330
292D
100
AcDbEntity
  8
Dimensions
 62
     0
440
 16777216
100
AcDbTrace
 10
270.7556247062001
 20
968.344880357189
 30
0.0
 11
271.3448803571889
 21
967.7556247062
 31
0.0
 12
272.818019484661
 22
969.8180194846608
 32
0.0
 13
272.818019484661
 23
969.8180194846608
 33
0.0
  0
SOLID
  5
2935
330
292D
100
AcDbEntity
  8
Dimensions
 62
     0
440
 16777216
100
AcDbTrace
 10
280.655119642812
 20
978.2443752938005
 30
0.0
 11
281.2443752938008
 21
977.6551196428117
 31
0.0
 12
279.1819805153399
 22
976.1819805153399
 32
0.0
 13
279.1819805153399
 23
976.1819805153399
 33
0.0
  0
POINT
  5
2936
330
292D
100
AcDbEntity
  8
Defpoints
 62
     0
440
 16777216
100
AcDbPoint
 10
279.1819805153399
 20
976.1819805153399
 30
0.0
  0
POINT
  5
2937
330
292D
100
AcDbEntity
  8
Defpoints
 62
     0
440
 16777216
100
AcDbPoint
 10
272.818019484661
 20
969.8180194846608
 30
0.0
  0
ENDBLK
  5
292F
330
292D
100
AcDbEntity
  8
0
100
AcDbBlockEnd
  0
BLOCK
  5
2939
330
2938
100
AcDbEntity
  8
0
100
AcDbBlockBegin
  2
*D421
 70
     1
 10
0.0
 20
0.0
 30
0.0
  3
*D421
  1

  0
LINE
  5
293B
330
2938
100
AcDbEntity
  8
Dimensions
 62
     0
440
 16777216
370
    -2
100
AcDbLine
 10
238.9848188298655
 20
984.9848188298651
 30
0.0
 11
231.9497474683064
 21
977.9497474683061
 31
0.0
  0
LINE
  5
293C
330
2938
100
AcDbEntity
  8
Dimensions
 62
     0
440
 16777216
370
    -2
100
AcDbLine
 10
222.0502525316943
 20
968.0502525316944
 30
0.0
 11
220.282485578728
 21
966.2824855787281
 31
0.0
  0
MTEXT
  5
293D
330
2938
100
AcDbEntity
  8
Dimensions
 62
     0
440
 16777216
100
AcDbMText
 10
235.6060446128042
 20
984.3939553871955
 30
0.0
 40
2.5
 41
0.0
 46
0.0
 71
     5
 72
     1
  1
∅9
 11
0.7071067811865598
 21
0.7071067811865353
 31
0.0
 73
     1
 44
1.0
  0
LINE
  5
293E
330
2938
100
AcDbEntity
  8
Dimensions
 62
     0
440
 16777216
370
    -2
100
AcDbLine
 10
223.8180194846608
 20
969.8180194846608
 30
0.0
 11
230.18198051534
 21
976.1819805153399
 31
0.0
  0
SOLID
  5
293F
330
2938
100
AcDbEntity
  8
Dimensions
 62
     0
440
 16777216
100
AcDbTrace
 10
221.7556247061999
 20
968.344880357189
 30
0.0
 11
222.3448803571886
 21
967.7556247062
 31
0.0
 12
223.8180194846608
 22
969.8180194846608
 32
0.0
 13
223.8180194846608
 23
969.8180194846608
 33
0.0
  0
SOLID
  5
2940
330
2938
100
AcDbEntity
  8
Dimensions
 62
     0
440
 16777216
100
AcDbTrace
 10
231.655119642812
 20
978.2443752938005
 30
0.0
 11
232.2443752938007
 21
977.6551196428117
 31
0.0
 12
230.18198051534
 22
976.1819805153399
 32
0.0
 13
230.18198051534
 23
976.1819805153399
 33
0.0
  0
POINT
  5
2941
330
2938
100
AcDbEntity
  8
Defpoints
 62
     0
440
 16777216
100
AcDbPoint
 10
230.18198051534
 20
976.1819805153399
 30
0.0
  0
POINT
  5
2942
330
2938
100
AcDbEntity
  8
Defpoints
 62
     0
440
 16777216
100
AcDbPoint
 10
223.8180194846608
 20
969.8180194846608
 30
0.0
  0
ENDBLK
  5
293A
330
2938
100
AcDbEntity
  8
0
100
AcDbBlockEnd
  0
BLOCK
  5
2944
330
2943
100
AcDbEntity
  8
0
100
AcDbBlockBegin
  2
*D422
 70
     1
 10
0.0
 20
0.0
 30
0.0
  3
*D422
  1

  0
LINE
  5
2946
330
2943
100
AcDbEntity
  8
Dimensions
 62
     0
440
 16777216
370
    -2
100
AcDbLine
 10
189.9848188298648
 20
984.9848188298643
 30
0.0
 11
182.949747468306
 21
977.9497474683058
 31
0.0
  0
LINE
  5
2947
330
2943
100
AcDbEntity
  8
Dimensions
 62
     0
440
 16777216
370
    -2
100
AcDbLine
 10
173.0502525316941
 20
968.0502525316942
 30
0.0
 11
171.2824855787278
 21
966.2824855787279
 31
0.0
  0
MTEXT
  5
2948
330
2943
100
AcDbEntity
  8
Dimensions
 62
     0
440
 16777216
100
AcDbMText
 10
186.6060446128035
 20
984.3939553871948
 30
0.0
 40
2.5
 41
0.0
 46
0.0
 71
     5
 72
     1
  1
∅9
 11
0.7071067811865598
 21
0.7071067811865353
 31
0.0
 73
     1
 44
1.0
  0
LINE
  5
2949
330
2943
100
AcDbEntity
  8
Dimensions
 62
     0
440
 16777216
370
    -2
100
AcDbLine
 10
174.8180194846606
 20
969.8180194846605
 30
0.0
 11
181.1819805153395
 21
976.1819805153393
 31
0.0
  0
SOLID
  5
294A
330
2943
100
AcDbEntity
  8
Dimensions
 62
     0
440
 16777216
100
AcDbTrace
 10
172.7556247061998
 20
968.3448803571886
 30
0.0
 11
173.3448803571885
 21
967.7556247061998
 31
0.0
 12
174.8180194846606
 22
969.8180194846605
 32
0.0
 13
174.8180194846606
 23
969.8180194846605
 33
0.0
  0
SOLID
  5
294B
330
2943
100
AcDbEntity
  8
Dimensions
 62
     0
440
 16777216
100
AcDbTrace
 10
182.6551196428116
 20
978.2443752938
 30
0.0
 11
183.2443752938003
 21
977.6551196428114
 31
0.0
 12
181.1819805153395
 22
976.1819805153393
 32
0.0
 13
181.1819805153395
 23
976.1819805153393
 33
0.0
  0
POINT
  5
294C
330
2943
100
AcDbEntity
  8
Defpoints
 62
     0
440
 16777216
100
AcDbPoint
 10
181.1819805153395
 20
976.1819805153393
 30
0.0
  0
POINT
  5
294D
330
2943
100
AcDbEntity
  8
Defpoints
 62
     0
440
 16777216
100
AcDbPoint
 10
174.8180194846606
 20
969.8180194846605
 30
0.0
  0
ENDBLK
  5
2945
330
2943
100
AcDbEntity
  8
0
100
AcDbBlockEnd
  0
BLOCK
  5
294F
330
294E
100
AcDbEntity
  8
0
100
AcDbBlockBegin
  2
*D423
 70
     1
 10
0.0
 20
0.0
 30
0.0
  3
*D423
  1

  0
LINE
  5
3218
330
294E
100
AcDbEntity
  8
Dimensions
 62
     0
440
 16777216
370
    -2
100
AcDbLine
 10
114.0
 20
683.375
 30
0.0
 11
114.0
 21
661.2499999999994
 31
0.0
  0
LINE
  5
3219
330
294E
100
AcDbEntity
  8
Dimensions
 62
     0
440
 16777216
370
    -2
100
AcDbLine
 10
522.0
 20
681.8749999999993
 30
0.0
 11
522.0
 21
661.2499999999994
 31
0.0
  0
LINE
  5
321A
330
294E
100
AcDbEntity
  8
Dimensions
 62
     0
440
 16777216
370
    -2
100
AcDbLine
 10
116.5
 20
662.4999999999994
 30
0.0
 11
519.5
 21
662.4999999999994
 31
0.0
  0
SOLID
  5
321B
330
294E
100
AcDbEntity
  8
Dimensions
 62
     0
440
 16777216
100
AcDbTrace
 10
116.5
 20
662.9166666666661
 30
0.0
 11
116.5
 21
662.0833333333328
 31
0.0
 12
114.0
 22
662.4999999999994
 32
0.0
 13
114.0
 23
662.4999999999994
 33
0.0
  0
SOLID
  5
321C
330
294E
100
AcDbEntity
  8
Dimensions
 62
     0
440
 16777216
100
AcDbTrace
 10
519.5
 20
662.9166666666661
 30
0.0
 11
519.5
 21
662.0833333333328
 31
0.0
 12
522.0
 22
662.4999999999994
 32
0.0
 13
522.0
 23
662.4999999999994
 33
0.0
  0
MTEXT
  5
321D
330
294E
100
AcDbEntity
  8
Dimensions
 62
     0
440
 16777216
100
AcDbMText
 10
318.0
 20
664.4014324693037
 30
0.0
 40
2.5
 41
0.0
 46
0.0
 71
     5
 72
     1
  1
408
 73
     1
 44
1.0
  0
POINT
  5
321E
330
294E
100
AcDbEntity
  8
Defpoints
 62
     0
440
 16777216
100
AcDbPoint
 10
114.0
 20
684.0
 30
0.0
  0
POINT
  5
321F
330
294E
100
AcDbEntity
  8
Defpoints
 62
     0
440
 16777216
100
AcDbPoint
 10
522.0
 20
682.4999999999993
 30
0.0
  0
POINT
  5
3220
330
294E
100
AcDbEntity
  8
Defpoints
 62
     0
440
 16777216
100
AcDbPoint
 10
522.0
 20
662.4999999999994
 30
0.0
  0
ENDBLK
  5
2950
330
294E
100
AcDbEntity
  8
0
100
AcDbBlockEnd
  0
BLOCK
  5
295B
330
295A
100
AcDbEntity
  8
0
100
AcDbBlockBegin
  2
*D424
 70
     1
 10
0.0
 20
0.0
 30
0.0
  3
*D424
  1

  0
LINE
  5
3221
330
295A
100
AcDbEntity
  8
Dimensions
 62
     0
440
 16777216
370
    -2
100
AcDbLine
 10
522.6250000000002
 20
982.4999999999997
 30
0.0
 11
545.2500000000019
 21
982.4999999999997
 31
0.0
  0
LINE
  5
3222
330
295A
100
AcDbEntity
  8
Dimensions
 62
     0
440
 16777216
370
    -2
100
AcDbLine
 10
524.6250000000002
 20
684.0000000000002
 30
0.0
 11
545.250000000002
 21
684.0000000000002
 31
0.0
  0
LINE
  5
3223
330
295A
100
AcDbEntity
  8
Dimensions
 62
     0
440
 16777216
370
    -2
100
AcDbLine
 10
544.0000000000019
 20
979.9999999999997
 30
0.0
 11
544.000000000002
 21
686.5000000000001
 31
0.0
  0
SOLID
  5
3224
330
295A
100
AcDbEntity
  8
Dimensions
 62
     0
440
 16777216
100
AcDbTrace
 10
543.5833333333353
 20
979.9999999999997
 30
0.0
 11
544.4166666666685
 21
979.9999999999997
 31
0.0
 12
544.0000000000019
 22
982.4999999999997
 32
0.0
 13
544.0000000000019
 23
982.4999999999997
 33
0.0
  0
SOLID
  5
3225
330
295A
100
AcDbEntity
  8
Dimensions
 62
     0
440
 16777216
100
AcDbTrace
 10
543.5833333333354
 20
686.5000000000001
 30
0.0
 11
544.4166666666687
 21
686.5000000000001
 31
0.0
 12
544.000000000002
 22
684.0000000000002
 32
0.0
 13
544.000000000002
 23
684.0000000000002
 33
0.0
  0
MTEXT
  5
3226
330
295A
100
AcDbEntity
  8
Dimensions
 62
     0
440
 16777216
100
AcDbMText
 10
541.8726125511616
 20
833.2499999999997
 30
0.0
 40
2.5
 41
0.0
 46
0.0
 71
     5
 72
     1
  1
298,5
 11
0.0000000000000001
 21
1.0
 31
0.0
 73
     1
 44
1.0
  0
POINT
  5
3227
330
295A
100
AcDbEntity
  8
Defpoints
 62
     0
440
 16777216
100
AcDbPoint
 10
522.0000000000002
 20
982.4999999999997
 30
0.0
  0
POINT
  5
3228
330
295A
100
AcDbEntity
  8
Defpoints
 62
     0
440
 16777216
100
AcDbPoint
 10
524.0000000000001
 20
684.0000000000002
 30
0.0
  0
POINT
  5
3229
330
295A
100
AcDbEntity
  8
Defpoints
 62
     0
440
 16777216
100
AcDbPoint
 10
544.000000000002
 20
684.0000000000002
 30
0.0
  0
ENDBLK
  5
295C
330
295A
100
AcDbEntity
  8
0
100
AcDbBlockEnd
  0
BLOCK
  5
2967
330
2966
100
AcDbEntity
  8
0
100
AcDbBlockBegin
  2
*D425
 70
     1
 10
0.0
 20
0.0
 30
0.0
  3
*D425
  1

  0
LINE
  5
324E
330
2966
100
AcDbEntity
  8
Dimensions
 62
     0
440
 16777216
370
    -2
100
AcDbLine
 10
190.9830100642249
 20
868.4830100642242
 30
0.0
 11
184.2426406871192
 21
861.7426406871185
 31
0.0
  0
LINE
  5
324F
330
2966
100
AcDbEntity
  8
Dimensions
 62
     0
440
 16777216
370
    -2
100
AcDbLine
 10
175.7573593128808
 20
853.25735931288
 30
0.0
 11
173.9895923599144
 21
851.4895923599137
 31
0.0
  0
MTEXT
  5
3250
330
2966
100
AcDbEntity
  8
Dimensions
 62
     0
440
 16777216
100
AcDbMText
 10
187.6060446128047
 20
867.8939553871956
 30
0.0
 40
2.5
 41
0.0
 46
0.0
 71
     5
 72
     1
  1
∅7
 11
0.7071067811865476
 21
0.7071067811865476
 31
0.0
 73
     1
 44
1.0
  0
LINE
  5
3251
330
2966
100
AcDbEntity
  8
Dimensions
 62
     0
440
 16777216
370
    -2
100
AcDbLine
 10
177.5251262658471
 20
855.0251262658465
 30
0.0
 11
182.4748737341529
 21
859.9748737341522
 31
0.0
  0
SOLID
  5
3252
330
2966
100
AcDbEntity
  8
Dimensions
 62
     0
440
 16777216
100
AcDbTrace
 10
175.4627314873864
 20
853.5519871383744
 30
0.0
 11
176.0519871383752
 21
852.9627314873856
 31
0.0
 12
177.5251262658471
 22
855.0251262658465
 32
0.0
 13
177.5251262658471
 23
855.0251262658465
 33
0.0
  0
SOLID
  5
3253
330
2966
100
AcDbEntity
  8
Dimensions
 62
     0
440
 16777216
100
AcDbTrace
 10
183.9480128616249
 20
862.0372685126127
 30
0.0
 11
184.5372685126137
 21
861.4480128616241
 31
0.0
 12
182.4748737341529
 22
859.9748737341522
 32
0.0
 13
182.4748737341529
 23
859.9748737341522
 33
0.0
  0
POINT
  5
3254
330
2966
100
AcDbEntity
  8
Defpoints
 62
     0
440
 16777216
100
AcDbPoint
 10
182.4748737341529
 20
859.9748737341522
 30
0.0
  0
POINT
  5
3255
330
2966
100
AcDbEntity
  8
Defpoints
 62
     0
440
 16777216
100
AcDbPoint
 10
177.5251262658471
 20
855.0251262658465
 30
0.0
  0
ENDBLK
  5
2968
330
2966
100
AcDbEntity
  8
0
100
AcDbBlockEnd
  0
BLOCK
  5
2972
330
2971
100
AcDbEntity
  8
0
100
AcDbBlockBegin
  2
*D426
 70
     1
 10
0.0
 20
0.0
 30
0.0
  3
*D426
  1

  0
LINE
  5
3256
330
2971
100
AcDbEntity
  8
Dimensions
 62
     0
440
 16777216
370
    -2
100
AcDbLine
 10
279.9830100642247
 20
868.4830100642248
 30
0.0
 11
273.2426406871191
 21
861.7426406871187
 31
0.0
  0
LINE
  5
3257
330
2971
100
AcDbEntity
  8
Dimensions
 62
     0
440
 16777216
370
    -2
100
AcDbLine
 10
264.7573593128808
 20
853.2573593128798
 30
0.0
 11
262.9895923599145
 21
851.4895923599134
 31
0.0
  0
MTEXT
  5
3258
330
2971
100
AcDbEntity
  8
Dimensions
 62
     0
440
 16777216
100
AcDbMText
 10
276.6060446128042
 20
867.8939553871959
 30
0.0
 40
2.5
 41
0.0
 46
0.0
 71
     5
 72
     1
  1
∅7
 11
0.7071067811865234
 21
0.7071067811865717
 31
0.0
 73
     1
 44
1.0
  0
LINE
  5
3259
330
2971
100
AcDbEntity
  8
Dimensions
 62
     0
440
 16777216
370
    -2
100
AcDbLine
 10
266.5251262658471
 20
855.0251262658461
 30
0.0
 11
271.4748737341527
 21
859.9748737341522
 31
0.0
  0
SOLID
  5
325A
330
2971
100
AcDbEntity
  8
Dimensions
 62
     0
440
 16777216
100
AcDbTrace
 10
264.4627314873864
 20
853.5519871383742
 30
0.0
 11
265.0519871383752
 21
852.9627314873852
 31
0.0
 12
266.5251262658471
 22
855.0251262658461
 32
0.0
 13
266.5251262658471
 23
855.0251262658461
 33
0.0
  0
SOLID
  5
325B
330
2971
100
AcDbEntity
  8
Dimensions
 62
     0
440
 16777216
100
AcDbTrace
 10
272.9480128616247
 20
862.0372685126131
 30
0.0
 11
273.5372685126135
 21
861.4480128616243
 31
0.0
 12
271.4748737341527
 22
859.9748737341522
 32
0.0
 13
271.4748737341527
 23
859.9748737341522
 33
0.0
  0
POINT
  5
325C
330
2971
100
AcDbEntity
  8
Defpoints
 62
     0
440
 16777216
100
AcDbPoint
 10
271.4748737341527
 20
859.9748737341522
 30
0.0
  0
POINT
  5
325D
330
2971
100
AcDbEntity
  8
Defpoints
 62
     0
440
 16777216
100
AcDbPoint
 10
266.5251262658471
 20
855.0251262658461
 30
0.0
  0
ENDBLK
  5
2973
330
2971
100
AcDbEntity
  8
0
100
AcDbBlockEnd
  0
BLOCK
  5
297D
330
297C
100
AcDbEntity
  8
0
100
AcDbBlockBegin
  2
*D427
 70
     1
 10
0.0
 20
0.0
 30
0.0
  3
*D427
  1

  0
LINE
  5
325E
330
297C
100
AcDbEntity
  8
Dimensions
 62
     0
440
 16777216
370
    -2
100
AcDbLine
 10
309.9830100642253
 20
838.483010064225
 30
0.0
 11
303.2426406871192
 21
831.7426406871186
 31
0.0
  0
LINE
  5
325F
330
297C
100
AcDbEntity
  8
Dimensions
 62
     0
440
 16777216
370
    -2
100
AcDbLine
 10
294.7573593128804
 20
823.2573593128792
 30
0.0
 11
292.989592359914
 21
821.4895923599129
 31
0.0
  0
MTEXT
  5
3260
330
297C
100
AcDbEntity
  8
Dimensions
 62
     0
440
 16777216
100
AcDbMText
 10
306.6060446128049
 20
837.8939553871962
 30
0.0
 40
2.5
 41
0.0
 46
0.0
 71
     5
 72
     1
  1
∅7
 11
0.7071067811865312
 21
0.7071067811865638
 31
0.0
 73
     1
 44
1.0
  0
LINE
  5
3261
330
297C
100
AcDbEntity
  8
Dimensions
 62
     0
440
 16777216
370
    -2
100
AcDbLine
 10
296.5251262658467
 20
825.0251262658457
 30
0.0
 11
301.4748737341529
 21
829.9748737341522
 31
0.0
  0
SOLID
  5
3262
330
297C
100
AcDbEntity
  8
Dimensions
 62
     0
440
 16777216
100
AcDbTrace
 10
294.4627314873859
 20
823.5519871383738
 30
0.0
 11
295.0519871383747
 21
822.9627314873848
 31
0.0
 12
296.5251262658467
 22
825.0251262658457
 32
0.0
 13
296.5251262658467
 23
825.0251262658457
 33
0.0
  0
SOLID
  5
3263
330
297C
100
AcDbEntity
  8
Dimensions
 62
     0
440
 16777216
100
AcDbTrace
 10
302.9480128616248
 20
832.037268512613
 30
0.0
 11
303.5372685126136
 21
831.4480128616242
 31
0.0
 12
301.4748737341529
 22
829.9748737341522
 32
0.0
 13
301.4748737341529
 23
829.9748737341522
 33
0.0
  0
POINT
  5
3264
330
297C
100
AcDbEntity
  8
Defpoints
 62
     0
440
 16777216
100
AcDbPoint
 10
301.4748737341529
 20
829.9748737341522
 30
0.0
  0
POINT
  5
3265
330
297C
100
AcDbEntity
  8
Defpoints
 62
     0
440
 16777216
100
AcDbPoint
 10
296.5251262658467
 20
825.0251262658457
 30
0.0
  0
ENDBLK
  5
297E
330
297C
100
AcDbEntity
  8
0
100
AcDbBlockEnd
  0
BLOCK
  5
2988
330
2987
100
AcDbEntity
  8
0
100
AcDbBlockBegin
  2
*D428
 70
     1
 10
0.0
 20
0.0
 30
0.0
  3
*D428
  1

  0
LINE
  5
3266
330
2987
100
AcDbEntity
  8
Dimensions
 62
     0
440
 16777216
370
    -2
100
AcDbLine
 10
488.9830100642249
 20
838.4830100642236
 30
0.0
 11
482.2426406871195
 21
831.7426406871188
 31
0.0
  0
LINE
  5
3267
330
2987
100
AcDbEntity
  8
Dimensions
 62
     0
440
 16777216
370
    -2
100
AcDbLine
 10
473.7573593128803
 20
823.2573593128801
 30
0.0
 11
471.989592359914
 21
821.4895923599138
 31
0.0
  0
MTEXT
  5
3268
330
2987
100
AcDbEntity
  8
Dimensions
 62
     0
440
 16777216
100
AcDbMText
 10
485.6060446128044
 20
837.8939553871948
 30
0.0
 40
2.5
 41
0.0
 46
0.0
 71
     5
 72
     1
  1
∅7
 11
0.7071067811865724
 21
0.7071067811865227
 31
0.0
 73
     1
 44
1.0
  0
LINE
  5
3269
330
2987
100
AcDbEntity
  8
Dimensions
 62
     0
440
 16777216
370
    -2
100
AcDbLine
 10
475.5251262658467
 20
825.0251262658464
 30
0.0
 11
480.474873734153
 21
829.9748737341523
 31
0.0
  0
SOLID
  5
326A
330
2987
100
AcDbEntity
  8
Dimensions
 62
     0
440
 16777216
100
AcDbTrace
 10
473.462731487386
 20
823.5519871383745
 30
0.0
 11
474.0519871383748
 21
822.9627314873857
 31
0.0
 12
475.5251262658467
 22
825.0251262658464
 32
0.0
 13
475.5251262658467
 23
825.0251262658464
 33
0.0
  0
SOLID
  5
326B
330
2987
100
AcDbEntity
  8
Dimensions
 62
     0
440
 16777216
100
AcDbTrace
 10
481.9480128616251
 20
832.037268512613
 30
0.0
 11
482.5372685126139
 21
831.4480128616242
 31
0.0
 12
480.474873734153
 22
829.9748737341523
 32
0.0
 13
480.474873734153
 23
829.9748737341523
 33
0.0
  0
POINT
  5
326C
330
2987
100
AcDbEntity
  8
Defpoints
 62
     0
440
 16777216
100
AcDbPoint
 10
480.474873734153
 20
829.9748737341523
 30
0.0
  0
POINT
  5
326D
330
2987
100
AcDbEntity
  8
Defpoints
 62
     0
440
 16777216
100
AcDbPoint
 10
475.5251262658467
 20
825.0251262658464
 30
0.0
  0
ENDBLK
  5
2989
330
2987
100
AcDbEntity
  8
0
100
AcDbBlockEnd
  0
BLOCK
  5
2993
330
2992
100
AcDbEntity
  8
0
100
AcDbBlockBegin
  2
*D429
 70
     1
 10
0.0
 20
0.0
 30
0.0
  3
*D429
  1

  0
LINE
  5
326E
330
2992
100
AcDbEntity
  8
Dimensions
 62
     0
440
 16777216
370
    -2
100
AcDbLine
 10
328.9830100642253
 20
921.4830100642247
 30
0.0
 11
322.2426406871191
 21
914.7426406871186
 31
0.0
  0
LINE
  5
326F
330
2992
100
AcDbEntity
  8
Dimensions
 62
     0
440
 16777216
370
    -2
100
AcDbLine
 10
313.7573593128807
 20
906.2573593128798
 30
0.0
 11
311.9895923599143
 21
904.4895923599133
 31
0.0
  0
MTEXT
  5
3270
330
2992
100
AcDbEntity
  8
Dimensions
 62
     0
440
 16777216
100
AcDbMText
 10
325.6060446128048
 20
920.8939553871962
 30
0.0
 40
2.5
 41
0.0
 46
0.0
 71
     5
 72
     1
  1
∅7
 11
0.7071067811865391
 21
0.707106781186556
 31
0.0
 73
     1
 44
1.0
  0
LINE
  5
3271
330
2992
100
AcDbEntity
  8
Dimensions
 62
     0
440
 16777216
370
    -2
100
AcDbLine
 10
315.525126265847
 20
908.025126265846
 30
0.0
 11
320.4748737341528
 21
912.9748737341522
 31
0.0
  0
SOLID
  5
3272
330
2992
100
AcDbEntity
  8
Dimensions
 62
     0
440
 16777216
100
AcDbTrace
 10
313.4627314873863
 20
906.5519871383742
 30
0.0
 11
314.0519871383751
 21
905.9627314873853
 31
0.0
 12
315.525126265847
 22
908.025126265846
 32
0.0
 13
315.525126265847
 23
908.025126265846
 33
0.0
  0
SOLID
  5
3273
330
2992
100
AcDbEntity
  8
Dimensions
 62
     0
440
 16777216
100
AcDbTrace
 10
321.9480128616248
 20
915.0372685126129
 30
0.0
 11
322.5372685126135
 21
914.4480128616242
 31
0.0
 12
320.4748737341528
 22
912.9748737341522
 32
0.0
 13
320.4748737341528
 23
912.9748737341522
 33
0.0
  0
POINT
  5
3274
330
2992
100
AcDbEntity
  8
Defpoints
 62
     0
440
 16777216
100
AcDbPoint
 10
320.4748737341528
 20
912.9748737341522
 30
0.0
  0
POINT
  5
3275
330
2992
100
AcDbEntity
  8
Defpoints
 62
     0
440
 16777216
100
AcDbPoint
 10
315.525126265847
 20
908.025126265846
 30
0.0
  0
ENDBLK
  5
2994
330
2992
100
AcDbEntity
  8
0
100
AcDbBlockEnd
  0
BLOCK
  5
299E
330
299D
100
AcDbEntity
  8
0
100
AcDbBlockBegin
  2
*D430
 70
     1
 10
0.0
 20
0.0
 30
0.0
  3
*D430
  1

  0
LINE
  5
3276
330
299D
100
AcDbEntity
  8
Dimensions
 62
     0
440
 16777216
370
    -2
100
AcDbLine
 10
479.9830100642249
 20
921.4830100642247
 30
0.0
 11
473.2426406871192
 21
914.7426406871186
 31
0.0
  0
LINE
  5
3277
330
299D
100
AcDbEntity
  8
Dimensions
 62
     0
440
 16777216
370
    -2
100
AcDbLine
 10
464.7573593128812
 20
906.2573593128805
 30
0.0
 11
462.9895923599149
 21
904.489592359914
 31
0.0
  0
MTEXT
  5
3278
330
299D
100
AcDbEntity
  8
Dimensions
 62
     0
440
 16777216
100
AcDbMText
 10
476.6060446128046
 20
920.8939553871958
 30
0.0
 40
2.5
 41
0.0
 46
0.0
 71
     5
 72
     1
  1
∅7
 11
0.7071067811865312
 21
0.7071067811865638
 31
0.0
 73
     1
 44
1.0
  0
LINE
  5
3279
330
299D
100
AcDbEntity
  8
Dimensions
 62
     0
440
 16777216
370
    -2
100
AcDbLine
 10
466.5251262658475
 20
908.0251262658467
 30
0.0
 11
471.4748737341529
 21
912.9748737341522
 31
0.0
  0
SOLID
  5
327A
330
299D
100
AcDbEntity
  8
Dimensions
 62
     0
440
 16777216
100
AcDbTrace
 10
464.4627314873868
 20
906.5519871383749
 30
0.0
 11
465.0519871383756
 21
905.9627314873861
 31
0.0
 12
466.5251262658475
 22
908.0251262658467
 32
0.0
 13
466.5251262658475
 23
908.0251262658467
 33
0.0
  0
SOLID
  5
327B
330
299D
100
AcDbEntity
  8
Dimensions
 62
     0
440
 16777216
100
AcDbTrace
 10
472.9480128616248
 20
915.037268512613
 30
0.0
 11
473.5372685126136
 21
914.4480128616242
 31
0.0
 12
471.4748737341529
 22
912.9748737341522
 32
0.0
 13
471.4748737341529
 23
912.9748737341522
 33
0.0
  0
POINT
  5
327C
330
299D
100
AcDbEntity
  8
Defpoints
 62
     0
440
 16777216
100
AcDbPoint
 10
471.4748737341529
 20
912.9748737341522
 30
0.0
  0
POINT
  5
327D
330
299D
100
AcDbEntity
  8
Defpoints
 62
     0
440
 16777216
100
AcDbPoint
 10
466.5251262658475
 20
908.0251262658467
 30
0.0
  0
ENDBLK
  5
299F
330
299D
100
AcDbEntity
  8
0
100
AcDbBlockEnd
  0
BLOCK
  5
29A9
330
29A8
100
AcDbEntity
  8
0
100
AcDbBlockBegin
  2
*D431
 70
     1
 10
0.0
 20
0.0
 30
0.0
  3
*D431
  1

  0
LINE
  5
31FE
330
29A8
100
AcDbEntity
  8
Dimensions
 62
     0
440
 16777216
370
    -2
100
AcDbLine
 10
509.9830100642249
 20
984.4830100642248
 30
0.0
 11
503.2426406871191
 21
977.7426406871185
 31
0.0
  0
LINE
  5
31FF
330
29A8
100
AcDbEntity
  8
Dimensions
 62
     0
440
 16777216
370
    -2
100
AcDbLine
 10
494.7573593128809
 20
969.2573593128798
 30
0.0
 11
492.9895923599145
 21
967.4895923599134
 31
0.0
  0
MTEXT
  5
3200
330
29A8
100
AcDbEntity
  8
Dimensions
 62
     0
440
 16777216
100
AcDbMText
 10
506.6060446128045
 20
983.8939553871959
 30
0.0
 40
2.5
 41
0.0
 46
0.0
 71
     5
 72
     1
  1
∅7
 11
0.7071067811865234
 21
0.7071067811865717
 31
0.0
 73
     1
 44
1.0
  0
LINE
  5
3201
330
29A8
100
AcDbEntity
  8
Dimensions
 62
     0
440
 16777216
370
    -2
100
AcDbLine
 10
496.5251262658471
 20
971.0251262658463
 30
0.0
 11
501.4748737341529
 21
975.9748737341523
 31
0.0
  0
SOLID
  5
3202
330
29A8
100
AcDbEntity
  8
Dimensions
 62
     0
440
 16777216
100
AcDbTrace
 10
494.4627314873864
 20
969.5519871383742
 30
0.0
 11
495.0519871383753
 21
968.9627314873854
 31
0.0
 12
496.5251262658471
 22
971.0251262658463
 32
0.0
 13
496.5251262658471
 23
971.0251262658463
 33
0.0
  0
SOLID
  5
3203
330
29A8
100
AcDbEntity
  8
Dimensions
 62
     0
440
 16777216
100
AcDbTrace
 10
502.9480128616246
 20
978.0372685126131
 30
0.0
 11
503.5372685126135
 21
977.4480128616241
 31
0.0
 12
501.4748737341529
 22
975.9748737341523
 32
0.0
 13
501.4748737341529
 23
975.9748737341523
 33
0.0
  0
POINT
  5
3204
330
29A8
100
AcDbEntity
  8
Defpoints
 62
     0
440
 16777216
100
AcDbPoint
 10
501.4748737341529
 20
975.9748737341523
 30
0.0
  0
POINT
  5
3205
330
29A8
100
AcDbEntity
  8
Defpoints
 62
     0
440
 16777216
100
AcDbPoint
 10
496.5251262658471
 20
971.0251262658463
 30
0.0
  0
ENDBLK
  5
29AA
330
29A8
100
AcDbEntity
  8
0
100
AcDbBlockEnd
  0
BLOCK
  5
29B4
330
29B3
100
AcDbEntity
  8
0
100
AcDbBlockBegin
  2
*D432
 70
     1
 10
0.0
 20
0.0
 30
0.0
  3
*D432
  1

  0
LINE
  5
327E
330
29B3
100
AcDbEntity
  8
Dimensions
 62
     0
440
 16777216
370
    -2
100
AcDbLine
 10
520.9830100642251
 20
808.4830100642237
 30
0.0
 11
514.2426406871193
 21
801.7426406871186
 31
0.0
  0
LINE
  5
327F
330
29B3
100
AcDbEntity
  8
Dimensions
 62
     0
440
 16777216
370
    -2
100
AcDbLine
 10
505.7573593128803
 20
793.2573593128799
 30
0.0
 11
503.9895923599138
 21
791.4895923599137
 31
0.0
  0
MTEXT
  5
3280
330
29B3
100
AcDbEntity
  8
Dimensions
 62
     0
440
 16777216
100
AcDbMText
 10
517.6060446128047
 20
807.8939553871951
 30
0.0
 40
2.5
 41
0.0
 46
0.0
 71
     5
 72
     1
  1
∅7
 11
0.7071067811865724
 21
0.7071067811865227
 31
0.0
 73
     1
 44
1.0
  0
LINE
  5
3281
330
29B3
100
AcDbEntity
  8
Dimensions
 62
     0
440
 16777216
370
    -2
100
AcDbLine
 10
507.5251262658468
 20
795.0251262658462
 30
0.0
 11
512.474873734153
 21
799.9748737341522
 31
0.0
  0
SOLID
  5
3282
330
29B3
100
AcDbEntity
  8
Dimensions
 62
     0
440
 16777216
100
AcDbTrace
 10
505.4627314873859
 20
793.5519871383743
 30
0.0
 11
506.0519871383746
 21
792.9627314873855
 31
0.0
 12
507.5251262658468
 22
795.0251262658462
 32
0.0
 13
507.5251262658468
 23
795.0251262658462
 33
0.0
  0
SOLID
  5
3283
330
29B3
100
AcDbEntity
  8
Dimensions
 62
     0
440
 16777216
100
AcDbTrace
 10
513.9480128616249
 20
802.037268512613
 30
0.0
 11
514.5372685126138
 21
801.4480128616241
 31
0.0
 12
512.474873734153
 22
799.9748737341522
 32
0.0
 13
512.474873734153
 23
799.9748737341522
 33
0.0
  0
POINT
  5
3284
330
29B3
100
AcDbEntity
  8
Defpoints
 62
     0
440
 16777216
100
AcDbPoint
 10
512.474873734153
 20
799.9748737341522
 30
0.0
  0
POINT
  5
3285
330
29B3
100
AcDbEntity
  8
Defpoints
 62
     0
440
 16777216
100
AcDbPoint
 10
507.5251262658468
 20
795.0251262658462
 30
0.0
  0
ENDBLK
  5
29B5
330
29B3
100
AcDbEntity
  8
0
100
AcDbBlockEnd
  0
BLOCK
  5
29BF
330
29BE
100
AcDbEntity
  8
0
100
AcDbBlockBegin
  2
*D433
 70
     1
 10
0.0
 20
0.0
 30
0.0
  3
*D433
  1

  0
LINE
  5
3286
330
29BE
100
AcDbEntity
  8
Dimensions
 62
     0
440
 16777216
370
    -2
100
AcDbLine
 10
503.9830100642248
 20
759.4830100642241
 30
0.0
 11
497.2426406871192
 21
752.7426406871185
 31
0.0
  0
LINE
  5
3287
330
29BE
100
AcDbEntity
  8
Dimensions
 62
     0
440
 16777216
370
    -2
100
AcDbLine
 10
488.75735931288
 20
744.2573593128793
 30
0.0
 11
486.9895923599138
 21
742.4895923599129
 31
0.0
  0
MTEXT
  5
3288
330
29BE
100
AcDbEntity
  8
Dimensions
 62
     0
440
 16777216
100
AcDbMText
 10
500.6060446128045
 20
758.8939553871954
 30
0.0
 40
2.5
 41
0.0
 46
0.0
 71
     5
 72
     1
  1
∅7
 11
0.7071067811865476
 21
0.7071067811865476
 31
0.0
 73
     1
 44
1.0
  0
LINE
  5
3289
330
29BE
100
AcDbEntity
  8
Dimensions
 62
     0
440
 16777216
370
    -2
100
AcDbLine
 10
490.5251262658465
 20
746.0251262658456
 30
0.0
 11
495.4748737341529
 21
750.9748737341522
 31
0.0
  0
SOLID
  5
328A
330
29BE
100
AcDbEntity
  8
Dimensions
 62
     0
440
 16777216
100
AcDbTrace
 10
488.4627314873857
 20
744.5519871383737
 30
0.0
 11
489.0519871383744
 21
743.9627314873848
 31
0.0
 12
490.5251262658465
 22
746.0251262658456
 32
0.0
 13
490.5251262658465
 23
746.0251262658456
 33
0.0
  0
SOLID
  5
328B
330
29BE
100
AcDbEntity
  8
Dimensions
 62
     0
440
 16777216
100
AcDbTrace
 10
496.9480128616249
 20
753.0372685126129
 30
0.0
 11
497.5372685126136
 21
752.4480128616241
 31
0.0
 12
495.4748737341529
 22
750.9748737341522
 32
0.0
 13
495.4748737341529
 23
750.9748737341522
 33
0.0
  0
POINT
  5
328C
330
29BE
100
AcDbEntity
  8
Defpoints
 62
     0
440
 16777216
100
AcDbPoint
 10
495.4748737341529
 20
750.9748737341522
 30
0.0
  0
POINT
  5
328D
330
29BE
100
AcDbEntity
  8
Defpoints
 62
     0
440
 16777216
100
AcDbPoint
 10
490.5251262658465
 20
746.0251262658456
 30
0.0
  0
ENDBLK
  5
29C0
330
29BE
100
AcDbEntity
  8
0
100
AcDbBlockEnd
  0
BLOCK
  5
29CA
330
29C9
100
AcDbEntity
  8
0
100
AcDbBlockBegin
  2
*D434
 70
     1
 10
0.0
 20
0.0
 30
0.0
  3
*D434
  1

  0
LINE
  5
328E
330
29C9
100
AcDbEntity
  8
Dimensions
 62
     0
440
 16777216
370
    -2
100
AcDbLine
 10
352.9830100642251
 20
759.4830100642241
 30
0.0
 11
346.2426406871193
 21
752.7426406871184
 31
0.0
  0
LINE
  5
328F
330
29C9
100
AcDbEntity
  8
Dimensions
 62
     0
440
 16777216
370
    -2
100
AcDbLine
 10
337.7573593128808
 20
744.2573593128805
 30
0.0
 11
335.9895923599144
 21
742.489592359914
 31
0.0
  0
MTEXT
  5
3290
330
29C9
100
AcDbEntity
  8
Dimensions
 62
     0
440
 16777216
100
AcDbMText
 10
349.6060446128048
 20
758.8939553871953
 30
0.0
 40
2.5
 41
0.0
 46
0.0
 71
     5
 72
     1
  1
∅7
 11
0.7071067811865639
 21
0.7071067811865312
 31
0.0
 73
     1
 44
1.0
  0
LINE
  5
3291
330
29C9
100
AcDbEntity
  8
Dimensions
 62
     0
440
 16777216
370
    -2
100
AcDbLine
 10
339.5251262658472
 20
746.0251262658466
 30
0.0
 11
344.4748737341529
 21
750.9748737341522
 31
0.0
  0
SOLID
  5
3292
330
29C9
100
AcDbEntity
  8
Dimensions
 62
     0
440
 16777216
100
AcDbTrace
 10
337.4627314873865
 20
744.5519871383748
 30
0.0
 11
338.0519871383752
 21
743.962731487386
 31
0.0
 12
339.5251262658472
 22
746.0251262658466
 32
0.0
 13
339.5251262658472
 23
746.0251262658466
 33
0.0
  0
SOLID
  5
3293
330
29C9
100
AcDbEntity
  8
Dimensions
 62
     0
440
 16777216
100
AcDbTrace
 10
345.948012861625
 20
753.0372685126129
 30
0.0
 11
346.5372685126137
 21
752.448012861624
 31
0.0
 12
344.4748737341529
 22
750.9748737341522
 32
0.0
 13
344.4748737341529
 23
750.9748737341522
 33
0.0
  0
POINT
  5
3294
330
29C9
100
AcDbEntity
  8
Defpoints
 62
     0
440
 16777216
100
AcDbPoint
 10
344.4748737341529
 20
750.9748737341522
 30
0.0
  0
POINT
  5
3295
330
29C9
100
AcDbEntity
  8
Defpoints
 62
     0
440
 16777216
100
AcDbPoint
 10
339.5251262658472
 20
746.0251262658466
 30
0.0
  0
ENDBLK
  5
29CB
330
29C9
100
AcDbEntity
  8
0
100
AcDbBlockEnd
  0
BLOCK
  5
29D5
330
29D4
100
AcDbEntity
  8
0
100
AcDbBlockBegin
  2
*D435
 70
     1
 10
0.0
 20
0.0
 30
0.0
  3
*D435
  1

  0
LINE
  5
3296
330
29D4
100
AcDbEntity
  8
Dimensions
 62
     0
440
 16777216
370
    -2
100
AcDbLine
 10
142.983010064224
 20
759.483010064225
 30
0.0
 11
136.2426406871189
 21
752.7426406871191
 31
0.0
  0
LINE
  5
3297
330
29D4
100
AcDbEntity
  8
Dimensions
 62
     0
440
 16777216
370
    -2
100
AcDbLine
 10
127.7573593128812
 20
744.2573593128799
 30
0.0
 11
125.9895923599149
 21
742.4895923599136
 31
0.0
  0
MTEXT
  5
3298
330
29D4
100
AcDbEntity
  8
Dimensions
 62
     0
440
 16777216
100
AcDbMText
 10
139.6060446128036
 20
758.8939553871961
 30
0.0
 40
2.5
 41
0.0
 46
0.0
 71
     5
 72
     1
  1
∅7
 11
0.7071067811864987
 21
0.7071067811865966
 31
0.0
 73
     1
 44
1.0
  0
LINE
  5
3299
330
29D4
100
AcDbEntity
  8
Dimensions
 62
     0
440
 16777216
370
    -2
100
AcDbLine
 10
129.5251262658474
 20
746.0251262658464
 30
0.0
 11
134.4748737341527
 21
750.9748737341526
 31
0.0
  0
SOLID
  5
329A
330
29D4
100
AcDbEntity
  8
Dimensions
 62
     0
440
 16777216
100
AcDbTrace
 10
127.4627314873867
 20
744.5519871383744
 30
0.0
 11
128.0519871383756
 21
743.9627314873855
 31
0.0
 12
129.5251262658474
 22
746.0251262658464
 32
0.0
 13
129.5251262658474
 23
746.0251262658464
 33
0.0
  0
SOLID
  5
329B
330
29D4
100
AcDbEntity
  8
Dimensions
 62
     0
440
 16777216
100
AcDbTrace
 10
135.9480128616245
 20
753.0372685126135
 30
0.0
 11
136.5372685126134
 21
752.4480128616247
 31
0.0
 12
134.4748737341527
 22
750.9748737341526
 32
0.0
 13
134.4748737341527
 23
750.9748737341526
 33
0.0
  0
POINT
  5
329C
330
29D4
100
AcDbEntity
  8
Defpoints
 62
     0
440
 16777216
100
AcDbPoint
 10
134.4748737341527
 20
750.9748737341526
 30
0.0
  0
POINT
  5
329D
330
29D4
100
AcDbEntity
  8
Defpoints
 62
     0
440
 16777216
100
AcDbPoint
 10
129.5251262658474
 20
746.0251262658464
 30
0.0
  0
ENDBLK
  5
29D6
330
29D4
100
AcDbEntity
  8
0
100
AcDbBlockEnd
  0
BLOCK
  5
29E0
330
29DF
100
AcDbEntity
  8
0
100
AcDbBlockBegin
  2
*D436
 70
     1
 10
0.0
 20
0.0
 30
0.0
  3
*D436
  1

  0
LINE
  5
3206
330
29DF
100
AcDbEntity
  8
Dimensions
 62
     0
440
 16777216
370
    -2
100
AcDbLine
 10
120.0
 20
690.625
 30
0.0
 11
120.0
 21
988.7499999999993
 31
0.0
  0
LINE
  5
3207
330
29DF
100
AcDbEntity
  8
Dimensions
 62
     0
440
 16777216
370
    -2
100
AcDbLine
 10
112.0
 20
983.1249999999993
 30
0.0
 11
112.0
 21
988.7499999999993
 31
0.0
  0
LINE
  5
3208
330
29DF
100
AcDbEntity
  8
Dimensions
 62
     0
440
 16777216
370
    -2
100
AcDbLine
 10
117.5
 20
987.4999999999992
 30
0.0
 11
114.5
 21
987.4999999999992
 31
0.0
  0
SOLID
  5
3209
330
29DF
100
AcDbEntity
  8
Dimensions
 62
     0
440
 16777216
100
AcDbTrace
 10
117.5
 20
987.9166666666659
 30
0.0
 11
117.5
 21
987.0833333333326
 31
0.0
 12
120.0
 22
987.4999999999992
 32
0.0
 13
120.0
 23
987.4999999999992
 33
0.0
  0
SOLID
  5
320A
330
29DF
100
AcDbEntity
  8
Dimensions
 62
     0
440
 16777216
100
AcDbTrace
 10
114.5
 20
987.9166666666659
 30
0.0
 11
114.5
 21
987.0833333333326
 31
0.0
 12
112.0
 22
987.4999999999992
 32
0.0
 13
112.0
 23
987.4999999999992
 33
0.0
  0
MTEXT
  5
320B
330
29DF
100
AcDbEntity
  8
Dimensions
 62
     0
440
 16777216
100
AcDbMText
 10
116.0
 20
989.4014324693035
 30
0.0
 40
2.5
 41
0.0
 46
0.0
 71
     5
 72
     1
  1
8
 73
     1
 44
1.0
  0
POINT
  5
320C
330
29DF
100
AcDbEntity
  8
Defpoints
 62
     0
440
 16777216
100
AcDbPoint
 10
120.0
 20
690.0
 30
0.0
  0
POINT
  5
320D
330
29DF
100
AcDbEntity
  8
Defpoints
 62
     0
440
 16777216
100
AcDbPoint
 10
112.0
 20
982.4999999999993
 30
0.0
  0
POINT
  5
320E
330
29DF
100
AcDbEntity
  8
Defpoints
 62
     0
440
 16777216
100
AcDbPoint
 10
112.0
 20
987.4999999999992
 30
0.0
  0
ENDBLK
  5
29E1
330
29DF
100
AcDbEntity
  8
0
100
AcDbBlockEnd
  0
BLOCK
  5
2A00
330
29FF
100
AcDbEntity
  8
0
100
AcDbBlockBegin
  2
*D437
 70
     1
 10
0.0
 20
0.0
 30
0.0
  3
*D437
  1

  0
LINE
  5
320F
330
29FF
100
AcDbEntity
  8
Dimensions
 62
     0
440
 16777216
370
    -2
100
AcDbLine
 10
517.3750000000002
 20
690.0000000000002
 30
0.0
 11
105.7500000000012
 21
690.0000000000001
 31
0.0
  0
LINE
  5
3210
330
29FF
100
AcDbEntity
  8
Dimensions
 62
     0
440
 16777216
370
    -2
100
AcDbLine
 10
111.375
 20
682.4999999999995
 30
0.0
 11
105.7500000000012
 21
682.4999999999995
 31
0.0
  0
LINE
  5
3211
330
29FF
100
AcDbEntity
  8
Dimensions
 62
     0
440
 16777216
370
    -2
100
AcDbLine
 10
107.0000000000012
 20
687.5
 30
0.0
 11
107.0000000000012
 21
684.9999999999995
 31
0.0
  0
SOLID
  5
3212
330
29FF
100
AcDbEntity
  8
Dimensions
 62
     0
440
 16777216
100
AcDbTrace
 10
106.5833333333345
 20
687.5
 30
0.0
 11
107.4166666666678
 21
687.5
 31
0.0
 12
107.0000000000012
 22
690.0000000000001
 32
0.0
 13
107.0000000000012
 23
690.0000000000001
 33
0.0
  0
SOLID
  5
3213
330
29FF
100
AcDbEntity
  8
Dimensions
 62
     0
440
 16777216
100
AcDbTrace
 10
106.5833333333345
 20
684.9999999999995
 30
0.0
 11
107.4166666666678
 21
684.9999999999995
 31
0.0
 12
107.0000000000012
 22
682.4999999999995
 32
0.0
 13
107.0000000000012
 23
682.4999999999995
 33
0.0
  0
MTEXT
  5
3214
330
29FF
100
AcDbEntity
  8
Dimensions
 62
     0
440
 16777216
100
AcDbMText
 10
104.8777285129618
 20
686.2499999999998
 30
0.0
 40
2.5
 41
0.0
 46
0.0
 71
     5
 72
     1
  1
7,5
 11
0.0000000000000001
 21
1.0
 31
0.0
 73
     1
 44
1.0
  0
POINT
  5
3215
330
29FF
100
AcDbEntity
  8
Defpoints
 62
     0
440
 16777216
100
AcDbPoint
 10
518.0000000000002
 20
690.0000000000002
 30
0.0
  0
POINT
  5
3216
330
29FF
100
AcDbEntity
  8
Defpoints
 62
     0
440
 16777216
100
AcDbPoint
 10
112.0
 20
682.4999999999995
 30
0.0
  0
POINT
  5
3217
330
29FF
100
AcDbEntity
  8
Defpoints
 62
     0
440
 16777216
100
AcDbPoint
 10
107.0000000000012
 20
682.4999999999995
 30
0.0
  0
ENDBLK
  5
2A01
330
29FF
100
AcDbEntity
  8
0
100
AcDbBlockEnd
  0
BLOCK
  5
2A32
330
2A31
100
AcDbEntity
  8
0
100
AcDbBlockBegin
  2
*D438
 70
     1
 10
0.0
 20
0.0
 30
0.0
  3
*D438
  1

  0
LINE
  5
322A
330
2A31
100
AcDbEntity
  8
Dimensions
 62
     0
440
 16777216
370
    -2
100
AcDbLine
 10
136.375
 20
936.4999999999998
 30
0.0
 11
77.75000000000099
 21
936.4999999999998
 31
0.0
  0
LINE
  5
322B
330
2A31
100
AcDbEntity
  8
Dimensions
 62
     0
440
 16777216
370
    -2
100
AcDbLine
 10
113.375
 20
684.0000000000002
 30
0.0
 11
77.75000000000105
 21
684.0000000000002
 31
0.0
  0
LINE
  5
322C
330
2A31
100
AcDbEntity
  8
Dimensions
 62
     0
440
 16777216
370
    -2
100
AcDbLine
 10
79.00000000000099
 20
933.9999999999998
 30
0.0
 11
79.00000000000105
 21
686.5000000000001
 31
0.0
  0
SOLID
  5
322D
330
2A31
100
AcDbEntity
  8
Dimensions
 62
     0
440
 16777216
100
AcDbTrace
 10
78.58333333333432
 20
933.9999999999998
 30
0.0
 11
79.41666666666766
 21
933.9999999999998
 31
0.0
 12
79.00000000000099
 22
936.4999999999998
 32
0.0
 13
79.00000000000099
 23
936.4999999999998
 33
0.0
  0
SOLID
  5
322E
330
2A31
100
AcDbEntity
  8
Dimensions
 62
     0
440
 16777216
100
AcDbTrace
 10
78.58333333333438
 20
686.5000000000001
 30
0.0
 11
79.41666666666773
 21
686.5000000000001
 31
0.0
 12
79.00000000000105
 22
684.0000000000002
 32
0.0
 13
79.00000000000105
 23
684.0000000000002
 33
0.0
  0
MTEXT
  5
322F
330
2A31
100
AcDbEntity
  8
Dimensions
 62
     0
440
 16777216
100
AcDbMText
 10
76.87261255116085
 20
810.2499999999997
 30
0.0
 40
2.5
 41
0.0
 46
0.0
 71
     5
 72
     1
  1
252,5
 11
0.0000000000000001
 21
1.0
 31
0.0
 73
     1
 44
1.0
  0
POINT
  5
3230
330
2A31
100
AcDbEntity
  8
Defpoints
 62
     0
440
 16777216
100
AcDbPoint
 10
137.0
 20
936.4999999999998
 30
0.0
  0
POINT
  5
3231
330
2A31
100
AcDbEntity
  8
Defpoints
 62
     0
440
 16777216
100
AcDbPoint
 10
114.0
 20
684.0000000000002
 30
0.0
  0
POINT
  5
3232
330
2A31
100
AcDbEntity
  8
Defpoints
 62
     0
440
 16777216
100
AcDbPoint
 10
79.00000000000105
 20
684.0000000000002
 30
0.0
  0
ENDBLK
  5
2A33
330
2A31
100
AcDbEntity
  8
0
100
AcDbBlockEnd
  0
BLOCK
  5
2A3E
330
2A3D
100
AcDbEntity
  8
0
100
AcDbBlockBegin
  2
*D439
 70
     1
 10
0.0
 20
0.0
 30
0.0
  3
*D439
  1

  0
LINE
  5
3233
330
2A3D
100
AcDbEntity
  8
Dimensions
 62
     0
440
 16777216
370
    -2
100
AcDbLine
 10
136.375
 20
911.4999999999998
 30
0.0
 11
82.75000000000101
 21
911.4999999999998
 31
0.0
  0
LINE
  5
3234
330
2A3D
100
AcDbEntity
  8
Dimensions
 62
     0
440
 16777216
370
    -2
100
AcDbLine
 10
113.375
 20
684.0000000000002
 30
0.0
 11
82.75000000000105
 21
684.0000000000002
 31
0.0
  0
LINE
  5
3235
330
2A3D
100
AcDbEntity
  8
Dimensions
 62
     0
440
 16777216
370
    -2
100
AcDbLine
 10
84.00000000000101
 20
908.9999999999998
 30
0.0
 11
84.00000000000105
 21
686.5000000000001
 31
0.0
  0
SOLID
  5
3236
330
2A3D
100
AcDbEntity
  8
Dimensions
 62
     0
440
 16777216
100
AcDbTrace
 10
83.58333333333433
 20
908.9999999999998
 30
0.0
 11
84.41666666666767
 21
908.9999999999998
 31
0.0
 12
84.00000000000101
 22
911.4999999999998
 32
0.0
 13
84.00000000000101
 23
911.4999999999998
 33
0.0
  0
SOLID
  5
3237
330
2A3D
100
AcDbEntity
  8
Dimensions
 62
     0
440
 16777216
100
AcDbTrace
 10
83.58333333333439
 20
686.5000000000001
 30
0.0
 11
84.41666666666773
 21
686.5000000000001
 31
0.0
 12
84.00000000000105
 22
684.0000000000002
 32
0.0
 13
84.00000000000105
 23
684.0000000000002
 33
0.0
  0
MTEXT
  5
3238
330
2A3D
100
AcDbEntity
  8
Dimensions
 62
     0
440
 16777216
100
AcDbMText
 10
81.87261255116085
 20
797.7499999999998
 30
0.0
 40
2.5
 41
0.0
 46
0.0
 71
     5
 72
     1
  1
227,5
 11
0.0000000000000001
 21
1.0
 31
0.0
 73
     1
 44
1.0
  0
POINT
  5
3239
330
2A3D
100
AcDbEntity
  8
Defpoints
 62
     0
440
 16777216
100
AcDbPoint
 10
137.0
 20
911.4999999999998
 30
0.0
  0
POINT
  5
323A
330
2A3D
100
AcDbEntity
  8
Defpoints
 62
     0
440
 16777216
100
AcDbPoint
 10
114.0
 20
684.0000000000002
 30
0.0
  0
POINT
  5
323B
330
2A3D
100
AcDbEntity
  8
Defpoints
 62
     0
440
 16777216
100
AcDbPoint
 10
84.00000000000105
 20
684.0000000000002
 30
0.0
  0
ENDBLK
  5
2A3F
330
2A3D
100
AcDbEntity
  8
0
100
AcDbBlockEnd
  0
BLOCK
  5
2ADA
330
2AD9
100
AcDbEntity
  8
0
100
AcDbBlockBegin
  2
*D440
 70
     1
 10
0.0
 20
0.0
 30
0.0
  3
*D440
  1

  0
LINE
  5
323C
330
2AD9
100
AcDbEntity
  8
Dimensions
 62
     0
440
 16777216
370
    -2
100
AcDbLine
 10
176.0
 20
902.1249999999993
 30
0.0
 11
176.0
 21
1000.25
 31
0.0
  0
LINE
  5
323D
330
2AD9
100
AcDbEntity
  8
Dimensions
 62
     0
440
 16777216
370
    -2
100
AcDbLine
 10
114.0
 20
984.6249999999999
 30
0.0
 11
114.0
 21
1000.25
 31
0.0
  0
LINE
  5
323E
330
2AD9
100
AcDbEntity
  8
Dimensions
 62
     0
440
 16777216
370
    -2
100
AcDbLine
 10
173.5
 20
999.0
 30
0.0
 11
116.5
 21
999.0
 31
0.0
  0
SOLID
  5
323F
330
2AD9
100
AcDbEntity
  8
Dimensions
 62
     0
440
 16777216
100
AcDbTrace
 10
173.5
 20
999.4166666666666
 30
0.0
 11
173.5
 21
998.5833333333333
 31
0.0
 12
176.0
 22
999.0
 32
0.0
 13
176.0
 23
999.0
 33
0.0
  0
SOLID
  5
3240
330
2AD9
100
AcDbEntity
  8
Dimensions
 62
     0
440
 16777216
100
AcDbTrace
 10
116.5
 20
999.4166666666666
 30
0.0
 11
116.5
 21
998.5833333333333
 31
0.0
 12
114.0
 22
999.0
 32
0.0
 13
114.0
 23
999.0
 33
0.0
  0
MTEXT
  5
3241
330
2AD9
100
AcDbEntity
  8
Dimensions
 62
     0
440
 16777216
100
AcDbMText
 10
145.0
 20
1000.901432469304
 30
0.0
 40
2.5
 41
0.0
 46
0.0
 71
     5
 72
     1
  1
62
 73
     1
 44
1.0
  0
POINT
  5
3242
330
2AD9
100
AcDbEntity
  8
Defpoints
 62
     0
440
 16777216
100
AcDbPoint
 10
176.0
 20
901.4999999999993
 30
0.0
  0
POINT
  5
3243
330
2AD9
100
AcDbEntity
  8
Defpoints
 62
     0
440
 16777216
100
AcDbPoint
 10
114.0
 20
984.0
 30
0.0
  0
POINT
  5
3244
330
2AD9
100
AcDbEntity
  8
Defpoints
 62
     0
440
 16777216
100
AcDbPoint
 10
114.0
 20
999.0
 30
0.0
  0
ENDBLK
  5
2ADB
330
2AD9
100
AcDbEntity
  8
0
100
AcDbBlockEnd
  0
BLOCK
  5
2AE6
330
2AE5
100
AcDbEntity
  8
0
100
AcDbBlockBegin
  2
*D441
 70
     1
 10
0.0
 20
0.0
 30
0.0
  3
*D441
  1

  0
LINE
  5
3245
330
2AE5
100
AcDbEntity
  8
Dimensions
 62
     0
440
 16777216
370
    -2
100
AcDbLine
 10
225.0
 20
902.1249999999993
 30
0.0
 11
225.0
 21
1005.25
 31
0.0
  0
LINE
  5
3246
330
2AE5
100
AcDbEntity
  8
Dimensions
 62
     0
440
 16777216
370
    -2
100
AcDbLine
 10
114.0
 20
984.6249999999999
 30
0.0
 11
114.0
 21
1005.25
 31
0.0
  0
LINE
  5
3247
330
2AE5
100
AcDbEntity
  8
Dimensions
 62
     0
440
 16777216
370
    -2
100
AcDbLine
 10
222.5
 20
1004.0
 30
0.0
 11
116.5
 21
1004.0
 31
0.0
  0
SOLID
  5
3248
330
2AE5
100
AcDbEntity
  8
Dimensions
 62
     0
440
 16777216
100
AcDbTrace
 10
222.5
 20
1004.416666666666
 30
0.0
 11
222.5
 21
1003.583333333333
 31
0.0
 12
225.0
 22
1004.0
 32
0.0
 13
225.0
 23
1004.0
 33
0.0
  0
SOLID
  5
3249
330
2AE5
100
AcDbEntity
  8
Dimensions
 62
     0
440
 16777216
100
AcDbTrace
 10
116.5
 20
1004.416666666666
 30
0.0
 11
116.5
 21
1003.583333333333
 31
0.0
 12
114.0
 22
1004.0
 32
0.0
 13
114.0
 23
1004.0
 33
0.0
  0
MTEXT
  5
324A
330
2AE5
100
AcDbEntity
  8
Dimensions
 62
     0
440
 16777216
100
AcDbMText
 10
169.5
 20
1005.880115961801
 30
0.0
 40
2.5
 41
0.0
 46
0.0
 71
     5
 72
     1
  1
111
 73
     1
 44
1.0
  0
POINT
  5
324B
330
2AE5
100
AcDbEntity
  8
Defpoints
 62
     0
440
 16777216
100
AcDbPoint
 10
225.0
 20
901.4999999999993
 30
0.0
  0
POINT
  5
324C
330
2AE5
100
AcDbEntity
  8
Defpoints
 62
     0
440
 16777216
100
AcDbPoint
 10
114.0
 20
984.0
 30
0.0
  0
POINT
  5
324D
330
2AE5
100
AcDbEntity
  8
Defpoints
 62
     0
440
 16777216
100
AcDbPoint
 10
114.0
 20
1004.0
 30
0.0
  0
ENDBLK
  5
2AE7
330
2AE5
100
AcDbEntity
  8
0
100
AcDbBlockEnd
  0
BLOCK
  5
2AFB
330
2AFA
100
AcDbEntity
  8
0
100
AcDbBlockBegin
  2
*D442
 70
     1
 10
0.0
 20
0.0
 30
0.0
  3
*D442
  1

  0
LINE
  5
2AFD
330
2AFA
100
AcDbEntity
  8
Dimensions
 62
     0
440
 16777216
370
    -2
100
AcDbLine
 10
131.9824071423429
 20
701.9824071423451
 30
0.0
 11
123.889087296526
 21
693.8890872965266
 31
0.0
  0
LINE
  5
2AFE
330
2AFA
100
AcDbEntity
  8
Dimensions
 62
     0
440
 16777216
370
    -2
100
AcDbLine
 10
116.1109127034749
 20
686.1109127034739
 30
0.0
 11
114.3431457505088
 21
684.3431457505073
 31
0.0
  0
MTEXT
  5
2AFF
330
2AFA
100
AcDbEntity
  8
Dimensions
 62
     0
440
 16777216
100
AcDbMText
 10
128.6060446128028
 20
701.3939553871964
 30
0.0
 40
2.5
 41
0.0
 46
0.0
 71
     5
 72
     1
  1
∅6
 11
0.7071067811864723
 21
0.7071067811866229
 31
0.0
 73
     1
 44
1.0
  0
LINE
  5
2B00
330
2AFA
100
AcDbEntity
  8
Dimensions
 62
     0
440
 16777216
370
    -2
100
AcDbLine
 10
117.8786796564412
 20
687.8786796564404
 30
0.0
 11
122.1213203435598
 21
692.1213203435601
 31
0.0
  0
SOLID
  5
2B01
330
2AFA
100
AcDbEntity
  8
Dimensions
 62
     0
440
 16777216
100
AcDbTrace
 10
115.8162848779805
 20
686.4055405289683
 30
0.0
 11
116.4055405289693
 21
685.8162848779795
 31
0.0
 12
117.8786796564412
 22
687.8786796564404
 32
0.0
 13
117.8786796564412
 23
687.8786796564404
 33
0.0
  0
SOLID
  5
2B02
330
2AFA
100
AcDbEntity
  8
Dimensions
 62
     0
440
 16777216
100
AcDbTrace
 10
123.5944594710316
 20
694.1837151220211
 30
0.0
 11
124.1837151220204
 21
693.5944594710323
 31
0.0
 12
122.1213203435598
 22
692.1213203435601
 32
0.0
 13
122.1213203435598
 23
692.1213203435601
 33
0.0
  0
POINT
  5
2B03
330
2AFA
100
AcDbEntity
  8
Defpoints
 62
     0
440
 16777216
100
AcDbPoint
 10
122.1213203435598
 20
692.1213203435601
 30
0.0
  0
POINT
  5
2B04
330
2AFA
100
AcDbEntity
  8
Defpoints
 62
     0
440
 16777216
100
AcDbPoint
 10
117.8786796564412
 20
687.8786796564404
 30
0.0
  0
ENDBLK
  5
2AFC
330
2AFA
100
AcDbEntity
  8
0
100
AcDbBlockEnd
  0
BLOCK
  5
32A0
330
329F
100
AcDbEntity
  8
0
100
AcDbBlockBegin
  2
*D445
 70
     1
 10
0.0
 20
0.0
 30
0.0
  3
*D445
  1

  0
LINE
  5
32AD
330
329F
100
AcDbEntity
  8
0
 62
     0
440
 16777216
370
    -2
100
AcDbLine
 10
-452.4375000000002
 20
688.4999999999998
 30
0.0
 11
-369.4951711059553
 21
688.4999999999998
 31
0.0
  0
LINE
  5
32AE
330
329F
100
AcDbEntity
  8
0
 62
     0
440
 16777216
370
    -2
100
AcDbLine
 10
-452.4375000000002
 20
670.0000000000001
 30
0.0
 11
-369.4951711059553
 21
670.0000000000001
 31
0.0
  0
LINE
  5
32AF
330
329F
100
AcDbEntity
  8
0
 62
     0
440
 16777216
370
    -2
100
AcDbLine
 10
-369.6751711059553
 20
688.3199999999999
 30
0.0
 11
-369.6751711059553
 21
679.43190313779
 31
0.0
  0
LINE
  5
32B0
330
329F
100
AcDbEntity
  8
0
 62
     0
440
 16777216
370
    -2
100
AcDbLine
 10
-369.6751711059553
 20
670.18
 30
0.0
 11
-369.6751711059553
 21
679.06809686221
 31
0.0
  0
SOLID
  5
32B1
330
329F
100
AcDbEntity
  8
0
 62
     0
440
 16777216
100
AcDbTrace
 10
-369.7051711059553
 20
688.3199999999999
 30
0.0
 11
-369.6451711059554
 21
688.3199999999999
 31
0.0
 12
-369.6751711059553
 22
688.4999999999998
 32
0.0
 13
-369.6751711059553
 23
688.4999999999998
 33
0.0
  0
SOLID
  5
32B2
330
329F
100
AcDbEntity
  8
0
 62
     0
440
 16777216
100
AcDbTrace
 10
-369.7051711059553
 20
670.18
 30
0.0
 11
-369.6451711059554
 21
670.18
 31
0.0
 12
-369.6751711059553
 22
670.0000000000001
 32
0.0
 13
-369.6751711059553
 23
670.0000000000001
 33
0.0
  0
MTEXT
  5
32B3
330
329F
100
AcDbEntity
  8
0
 62
     0
440
 16777216
100
AcDbMText
 10
-369.675171105955
 20
679.25
 30
0.0
 40
0.18
 41
0.0
 46
0.0
 71
     5
 72
     1
  1
\A1;18.5
 73
     1
 44
1.0
  0
POINT
  5
32B4
330
329F
100
AcDbEntity
  8
Defpoints
 62
     0
440
 16777216
100
AcDbPoint
 10
-452.5000000000002
 20
688.4999999999998
 30
0.0
  0
POINT
  5
32B5
330
329F
100
AcDbEntity
  8
Defpoints
 62
     0
440
 16777216
100
AcDbPoint
 10
-452.5000000000002
 20
670.0000000000001
 30
0.0
  0
POINT
  5
32B6
330
329F
100
AcDbEntity
  8
Defpoints
 62
     0
440
 16777216
100
AcDbPoint
 10
-369.6751711059553
 20
670.0000000000001
 30
0.0
  0
ENDBLK
  5
32A1
330
329F
100
AcDbEntity
  8
0
100
AcDbBlockEnd
  0
ENDSEC
  0
SECTION
  2
ENTITIES
  0
LWPOLYLINE
  5
65A
330
1F
100
AcDbEntity
  8
Dimension
100
AcDbPolyline
 90
        9
 70
     0
 43
0.0
 10
-845.25
 20
50.00000000000005
 10
-855.25
 20
50.00000000000005
 42
-0.4142135623730959
 10
-865.2499999999999
 20
60.00000000000005
 10
-865.2499999999999
 20
160.0
 42
-0.4142135623730951
 10
-855.25
 20
170.0
 10
-849.2499999999999
 20
170.0
 10
-452.2499999999999
 20
170.0
 42
0.4142135623730951
 10
-442.25
 20
180.0
 10
-442.25
 20
220.0
  0
DIMENSION
  5
65B
102
{ACAD_XDICTIONARY
360
65C
102
}
102
{ACAD_REACTORS
330
65D
102
}
330
1F
100
AcDbEntity
  8
Dimensions
100
AcDbDimension
  2
*D111
 10
-319.25
 20
527.0000000000002
 30
0.0
 11
-258.25
 21
528.880115961801
 31
0.0
 70
    32
 71
     5
 42
121.9999999999999
 73
     0
 74
     0
 75
     0
  3
ISO-25
100
AcDbAlignedDimension
 13
-197.25
 23
520.0
 33
0.0
 14
-319.25
 24
520.0
 34
0.0
 50
180.0
100
AcDbRotatedDimension
  0
DIMENSION
  5
65E
102
{ACAD_XDICTIONARY
360
65F
102
}
102
{ACAD_REACTORS
330
660
102
}
330
1F
100
AcDbEntity
  8
Dimensions
100
AcDbDimension
  2
*D112
 10
-183.2500000000001
 20
520.0000000000001
 30
0.0
 11
-185.1514324693041
 21
427.5000000000001
 31
0.0
 70
    32
 71
     5
 42
185.0
 73
     0
 74
     0
 75
     0
  3
ISO-25
100
AcDbAlignedDimension
 13
-197.25
 23
335.0
 33
0.0
 14
-197.25
 24
520.0
 34
0.0
 50
270.0
100
AcDbRotatedDimension
  0
DIMENSION
  5
661
330
1F
100
AcDbEntity
  8
Dimensions
100
AcDbDimension
  2
*D71
 10
-319.25
 20
527.0000000000004
 30
0.0
 11
-530.75
 21
528.9022851296047
 31
0.0
 70
    32
 71
     5
 42
423.0
 73
     0
 74
     0
 75
     0
  3
ISO-25
100
AcDbAlignedDimension
 13
-742.25
 23
335.0
 33
0.0
 14
-319.25
 24
471.0
 34
0.0
 50
180.0
100
AcDbRotatedDimension
  0
DIMENSION
  5
662
102
{ACAD_XDICTIONARY
360
663
102
}
102
{ACAD_REACTORS
330
664
102
}
330
1F
100
AcDbEntity
  8
Dimensions
100
AcDbDimension
  2
*D113
 10
-742.25
 20
328.0000000000002
 30
0.0
 11
-469.7499999999999
 21
329.8963165075036
 31
0.0
 70
    32
 71
     5
 42
545.0
 73
     0
 74
     0
 75
     0
  3
ISO-25
100
AcDbAlignedDimension
 13
-197.25
 23
335.0
 33
0.0
 14
-742.25
 24
335.0
 34
0.0
 50
180.0
100
AcDbRotatedDimension
  0
DIMENSION
  5
665
330
1F
100
AcDbEntity
  8
Dimensions
100
AcDbDimension
  2
*D72
 10
-323.6079162864009
 20
471.0000000000002
 30
0.0
 11
-325.5093487557048
 21
495.5000000000002
 31
0.0
 70
    32
 71
     5
 42
49.00000000000005
 73
     0
 74
     0
 75
     0
  3
ISO-25
100
AcDbAlignedDimension
 13
-319.25
 23
520.0
 33
0.0
 14
-319.25
 24
471.0
 34
0.0
 50
270.0
100
AcDbRotatedDimension
  0
LINE
  5
666
102
{ACAD_REACTORS
330
66F
330
674
102
}
330
1F
100
AcDbEntity
  8
Dimensions
100
AcDbLine
 10
-396.25
 20
668.0
 30
0.0
 11
-849.2499999999999
 21
668.0
 31
0.0
  0
LINE
  5
667
330
1F
100
AcDbEntity
  8
Dimensions
100
AcDbLine
 10
-396.25
 20
1001.0
 30
0.0
 11
-928.2499999999998
 21
1001.0
 31
0.0
  0
TEXT
  5
668
330
1F
100
AcDbEntity
  8
Dimension
100
AcDbText
 10
-1011.249998783333
 20
805.9999995991557
 30
0.0
 40
10.0
  1
side2
 50
90.0
100
AcDbText
  0
DIMENSION
  5
669
330
1F
100
AcDbEntity
  8
Dimensions
100
AcDbDimension
  2
*D73
 10
-1071.25
 20
846.0000000000004
 30
0.0
 11
-1073.151432469304
 21
757.0000000000005
 31
0.0
 70
    32
 71
     5
 42
178.0000000000001
 73
     0
 74
     0
 75
     0
  3
ISO-25
100
AcDbAlignedDimension
 13
-928.25
 23
668.0
 33
0.0
 14
-928.25
 24
846.0
 34
0.0
 50
90.0
100
AcDbRotatedDimension
  0
CIRCLE
  5
66B
102
{ACAD_REACTORS
330
67D
330
32BB
102
}
330
1F
100
AcDbEntity
  8
0
100
AcDbCircle
 10
-929.4999999999999
 20
844.4999999999998
 30
0.0
 40
18.5
  0
LINE
  5
66C
330
1F
100
AcDbEntity
  8
Dimensions
100
AcDbLine
 10
-451.25
 20
690.0
 30
0.0
 11
-849.2499999999999
 21
690.0
 31
0.0
  0
DIMENSION
  5
66D
102
{ACAD_XDICTIONARY
360
66E
102
}
102
{ACAD_REACTORS
330
66F
102
}
330
1F
100
AcDbEntity
  8
Dimensions
100
AcDbDimension
  2
*D114
 10
-996.25
 20
635.0000000000003
 30
0.0
 11
-696.25
 21
636.9014324693046
 31
0.0
 70
    32
 71
     5
 42
600.0
 73
     0
 74
     0
 75
     0
  3
ISO-25
100
AcDbAlignedDimension
 13
-396.25
 23
668.0
 33
0.0
 14
-996.25
 24
668.0000000000001
 34
0.0
 50
180.0
100
AcDbRotatedDimension
  0
DIMENSION
  5
670
330
1F
100
AcDbEntity
  8
Dimensions
100
AcDbDimension
  2
*D74
 10
-928.25
 20
610.0000000000004
 30
0.0
 11
-662.25
 21
611.9022851296048
 31
0.0
 70
    32
 71
     5
 42
532.0
 73
     0
 74
     0
 75
     0
  3
ISO-25
100
AcDbAlignedDimension
 13
-396.25
 23
667.375
 33
0.0
 14
-928.25
 24
846.0
 34
0.0
 50
180.0
100
AcDbRotatedDimension
  0
DIMENSION
  5
671
330
1F
100
AcDbEntity
  8
Dimensions
100
AcDbDimension
  2
*D75
 10
-1039.25
 20
978.0000000000004
 30
0.0
 11
-1041.151432469304
 21
834.0000000000005
 31
0.0
 70
    32
 71
     5
 42
288.0000000000001
 73
     0
 74
     0
 75
     0
  3
ISO-25
100
AcDbAlignedDimension
 13
-849.2499999999999
 23
690.0
 33
0.0
 14
-849.2499999999999
 24
978.0
 34
0.0
 50
90.0
100
AcDbRotatedDimension
  0
DIMENSION
  5
672
102
{ACAD_XDICTIONARY
360
673
102
}
102
{ACAD_REACTORS
330
674
102
}
330
1F
100
AcDbEntity
  8
Dimensions
100
AcDbDimension
  2
*D115
 10
-834.2500000000004
 20
690.0000000000002
 30
0.0
 11
-836.1301159618008
 21
679.0000000000003
 31
0.0
 70
    32
 71
     5
 42
22.0
 73
     0
 74
     0
 75
     0
  3
ISO-25
100
AcDbAlignedDimension
 13
-849.2499999999999
 23
668.0
 33
0.0
 14
-849.8749999999999
 24
690.0
 34
0.0
 50
90.0
100
AcDbRotatedDimension
  0
DIMENSION
  5
675
330
1F
100
AcDbEntity
  8
Dimensions
100
AcDbDimension
  2
*D76
 10
-840.2500000000003
 20
1001.0
 30
0.0
 11
-842.1522851296041
 21
989.5000000000004
 31
0.0
 70
    32
 71
     5
 42
23.0
 73
     0
 74
     0
 75
     0
  3
ISO-25
100
AcDbAlignedDimension
 13
-849.8749999999999
 23
978.0
 33
0.0
 14
-849.2499999999999
 24
1001.0
 34
0.0
 50
90.0
100
AcDbRotatedDimension
  0
LINE
  5
676
330
1F
100
AcDbEntity
  8
Dimensions
100
AcDbLine
 10
-451.25
 20
978.0
 30
0.0
 11
-849.2499999999999
 21
978.0
 31
0.0
  0
CIRCLE
  5
677
102
{ACAD_REACTORS
330
67A
330
32BB
102
}
330
1F
100
AcDbEntity
  8
0
100
AcDbCircle
 10
-850.5
 20
688.4999999999998
 30
0.0
 40
3.0
  0
DIMENSION
  5
678
102
{ACAD_XDICTIONARY
360
679
102
}
102
{ACAD_REACTORS
330
67A
102
}
330
1F
100
AcDbEntity
  8
Dimensions
100
AcDbDimension
  2
*D116
 10
-848.3786796564404
 20
686.3786796564404
 30
0.0
 11
-856.7453060046412
 21
697.5332167790321
 31
0.0
 70
    35
 71
     5
 42
6.0
 73
     0
 74
     0
 75
     0
  3
ISO-25
100
AcDbDiametricDimension
 15
-852.6213203435599
 25
690.6213203435595
 35
0.0
 40
0.0
1001
ACAD
1000
DSTYLE
1002
{
1070
   288
1070
     1
1002
}
1001
ACAD_DSTYLE_DIMRADIAL_EXTENSION
1070
   387
1070
     1
1070
   388
1040
0.0
1070
   390
1040
0.0
  0
DIMENSION
  5
67B
102
{ACAD_XDICTIONARY
360
67C
102
}
102
{ACAD_REACTORS
330
67D
102
}
330
1F
100
AcDbEntity
  8
Dimensions
100
AcDbDimension
  2
*D117
 10
-916.4185245480489
 20
831.4185245480485
 30
0.0
 11
-947.3927920565456
 21
865.1807028309377
 31
0.0
 70
    35
 71
     5
 42
37.00000000000023
 73
     0
 74
     0
 75
     0
  3
ISO-25
100
AcDbDiametricDimension
 15
-942.581475451951
 25
857.5814754519512
 35
0.0
 40
0.0
1001
ACAD
1000
DSTYLE
1002
{
1070
   288
1070
     1
1002
}
1001
ACAD_DSTYLE_DIMRADIAL_EXTENSION
1070
   387
1070
     1
1070
   388
1040
0.0
1070
   390
1040
0.0
  0
CIRCLE
  5
67E
102
{ACAD_REACTORS
330
681
330
32BB
102
}
330
1F
100
AcDbEntity
  8
0
100
AcDbCircle
 10
-850.4999999999999
 20
976.4999999999997
 30
0.0
 40
3.0
  0
DIMENSION
  5
67F
102
{ACAD_XDICTIONARY
360
680
102
}
102
{ACAD_REACTORS
330
681
102
}
330
1F
100
AcDbEntity
  8
Dimensions
100
AcDbDimension
  2
*D118
 10
-848.3786796564402
 20
974.37867965644
 30
0.0
 11
-856.7453060046402
 21
985.5332167790324
 31
0.0
 70
    35
 71
     5
 42
6.0
 73
     0
 74
     0
 75
     0
  3
ISO-25
100
AcDbDiametricDimension
 15
-852.6213203435593
 25
978.6213203435593
 35
0.0
 40
0.0
1001
ACAD
1000
DSTYLE
1002
{
1070
   288
1070
     1
1002
}
1001
ACAD_DSTYLE_DIMRADIAL_EXTENSION
1070
   387
1070
     1
1070
   388
1040
0.0
1070
   390
1040
0.0
  0
CIRCLE
  5
682
102
{ACAD_REACTORS
330
685
330
32BB
102
}
330
1F
100
AcDbEntity
  8
0
100
AcDbCircle
 10
-452.5
 20
688.4999999999997
 30
0.0
 40
3.0
  0
DIMENSION
  5
683
102
{ACAD_XDICTIONARY
360
684
102
}
102
{ACAD_REACTORS
330
685
102
}
330
1F
100
AcDbEntity
  8
Dimensions
100
AcDbDimension
  2
*D119
 10
-450.3786796564407
 20
686.3786796564401
 30
0.0
 11
-458.7453060046402
 21
697.5332167790325
 31
0.0
 70
    35
 71
     5
 42
5.999999999999772
 73
     0
 74
     0
 75
     0
  3
ISO-25
100
AcDbDiametricDimension
 15
-454.6213203435595
 25
690.6213203435594
 35
0.0
 40
0.0
1001
ACAD
1000
DSTYLE
1002
{
1070
   288
1070
     1
1002
}
1001
ACAD_DSTYLE_DIMRADIAL_EXTENSION
1070
   387
1070
     1
1070
   388
1040
0.0
1070
   390
1040
0.0
  0
CIRCLE
  5
686
102
{ACAD_REACTORS
330
689
330
32BB
102
}
330
1F
100
AcDbEntity
  8
0
100
AcDbCircle
 10
-452.5
 20
976.4999999999997
 30
0.0
 40
3.0
  0
DIMENSION
  5
687
102
{ACAD_XDICTIONARY
360
688
102
}
102
{ACAD_REACTORS
330
689
102
}
330
1F
100
AcDbEntity
  8
Dimensions
100
AcDbDimension
  2
*D120
 10
-450.3786796564404
 20
974.3786796564398
 30
0.0
 11
-458.7453060046401
 21
985.5332167790326
 31
0.0
 70
    35
 71
     5
 42
6.000000000000113
 73
     0
 74
     0
 75
     0
  3
ISO-25
100
AcDbDiametricDimension
 15
-454.6213203435595
 25
978.6213203435593
 35
0.0
 40
0.0
1001
ACAD
1000
DSTYLE
1002
{
1070
   288
1070
     1
1002
}
1001
ACAD_DSTYLE_DIMRADIAL_EXTENSION
1070
   387
1070
     1
1070
   388
1040
0.0
1070
   390
1040
0.0
  0
TEXT
  5
68A
330
1F
100
AcDbEntity
  8
Dimension
100
AcDbText
 10
-376.2499987173496
 20
801.99999847437
 30
0.0
 40
10.0
  1
side3
 50
90.0
100
AcDbText
  0
DIMENSION
  5
68C
330
1F
100
AcDbEntity
  8
Dimensions
100
AcDbDimension
  2
*D77
 10
-865.2499999999999
 20
705.0000000000004
 30
0.0
 11
-930.75
 21
706.9022851296048
 31
0.0
 70
    32
 71
     5
 42
131.0
 73
     0
 74
     0
 75
     0
  3
ISO-25
100
AcDbAlignedDimension
 13
-996.25
 23
668.0000000000001
 33
0.0
 14
-865.2499999999999
 24
668.0
 34
0.0
 50
180.0
100
AcDbRotatedDimension
  0
LWPOLYLINE
  5
68E
330
1F
100
AcDbEntity
  8
Dimensions
 62
     3
100
AcDbPolyline
 90
        4
 70
     1
 43
0.0
 10
-396.25
 20
668.0
 10
-396.25
 20
1001.0
 10
-996.2499999999998
 20
1001.0
 10
-996.25
 20
668.0000000000001
  0
LWPOLYLINE
  5
68F
102
{ACAD_REACTORS
330
69B
330
6A2
330
6CB
102
}
330
1F
100
AcDbEntity
  8
Dimensions
 62
     3
100
AcDbPolyline
 90
        4
 70
     1
 43
0.0
 10
-317.2499999999999
 20
668.0
 10
-317.2499999999999
 20
1001.0
 10
-16.24999999999994
 20
1001.0
 10
-16.24999999999996
 20
668.0
  0
DIMENSION
  5
690
102
{ACAD_XDICTIONARY
360
691
102
}
102
{ACAD_REACTORS
330
692
102
}
330
1F
100
AcDbEntity
  8
Dimensions
100
AcDbDimension
  2
*D121
 10
-183.2499999999998
 20
1169.0
 30
0.0
 11
-185.1514324693037
 21
1261.5
 31
0.0
 70
    32
 71
     5
 42
185.0
 73
     0
 74
     0
 75
     0
  3
ISO-25
100
AcDbAlignedDimension
 13
-197.2499999999999
 23
1354.0
 33
0.0
 14
-197.2499999999999
 24
1169.0
 34
0.0
 50
90.0
100
AcDbRotatedDimension
  0
DIMENSION
  5
693
102
{ACAD_XDICTIONARY
360
694
102
}
102
{ACAD_REACTORS
330
695
102
}
330
1F
100
AcDbEntity
  8
Dimensions
100
AcDbDimension
  2
*D122
 10
-742.2499999999999
 20
1358.0
 30
0.0
 11
-469.7499999999999
 21
1359.896316507503
 31
0.0
 70
    32
 71
     5
 42
544.9999999999999
 73
     0
 74
     0
 75
     0
  3
ISO-25
100
AcDbAlignedDimension
 13
-197.2499999999999
 23
1354.34756968375
 33
0.0
 14
-742.2499999999999
 24
1354.0
 34
0.0
 50
180.0
100
AcDbRotatedDimension
  0
DIMENSION
  5
696
330
1F
100
AcDbEntity
  8
Dimensions
100
AcDbDimension
  2
*D78
 10
-323.6079162864009
 20
1218.0
 30
0.0
 11
-325.5093487557047
 21
1193.5
 31
0.0
 70
    32
 71
     5
 42
49.0
 73
     0
 74
     0
 75
     0
  3
ISO-25
100
AcDbAlignedDimension
 13
-319.25
 23
1169.0
 33
0.0
 14
-319.2499999999999
 24
1218.0
 34
0.0
 50
90.0
100
AcDbRotatedDimension
  0
LWPOLYLINE
  5
697
102
{ACAD_REACTORS
330
65D
330
660
330
664
102
}
330
1F
100
AcDbEntity
  8
Dimensions
 62
     3
100
AcDbPolyline
 90
        6
 70
     1
 43
0.0
 10
-197.25
 20
520.0
 10
-197.25
 20
335.0
 10
-742.25
 20
335.0
 10
-742.25
 20
471.0
 10
-319.25
 20
471.0
 10
-319.25
 20
520.0
  0
LWPOLYLINE
  5
698
102
{ACAD_REACTORS
330
692
330
695
102
}
330
1F
100
AcDbEntity
  8
Dimensions
 62
     3
100
AcDbPolyline
 90
        6
 70
     1
 43
0.0
 10
-197.2499999999999
 20
1169.0
 10
-197.2499999999999
 20
1354.0
 10
-742.2499999999999
 20
1354.0
 10
-742.2499999999999
 20
1218.0
 10
-319.2499999999999
 20
1218.0
 10
-319.2499999999999
 20
1169.0
  0
DIMENSION
  5
699
102
{ACAD_XDICTIONARY
360
69A
102
}
102
{ACAD_REACTORS
330
69B
102
}
330
1F
100
AcDbEntity
  8
Dimensions
100
AcDbDimension
  2
*D123
 10
-123.2499999999999
 20
648.0000000000002
 30
0.0
 11
-220.25
 21
649.9014324693044
 31
0.0
 70
    32
 71
     5
 42
194.0
 73
     0
 74
     0
 75
     0
  3
ISO-25
100
AcDbAlignedDimension
 13
-317.2499999999999
 23
668.0
 33
0.0
 14
-123.2499999999999
 24
1001.0
 34
0.0
 50
180.0
100
AcDbRotatedDimension
  0
DIMENSION
  5
69C
330
1F
100
AcDbEntity
  8
Dimensions
100
AcDbDimension
  2
*D79
 10
-119.2499999999999
 20
632.0000000000004
 30
0.0
 11
-218.25
 21
633.9014324693047
 31
0.0
 70
    32
 71
     5
 42
198.0
 73
     0
 74
     0
 75
     0
  3
ISO-25
100
AcDbAlignedDimension
 13
-317.2499999999999
 23
667.375
 33
0.0
 14
-119.2499999999999
 24
1001.0
 34
0.0
 50
180.0
100
AcDbRotatedDimension
  0
DIMENSION
  5
69D
330
1F
100
AcDbEntity
  8
Dimensions
100
AcDbDimension
  2
*D80
 10
-172.2499999999999
 20
618.0000000000005
 30
0.0
 11
-244.7499999999999
 21
619.9014324693047
 31
0.0
 70
    32
 71
     5
 42
145.0
 73
     0
 74
     0
 75
     0
  3
ISO-25
100
AcDbAlignedDimension
 13
-317.2499999999999
 23
666.75
 33
0.0
 14
-172.2499999999999
 24
1001.0
 34
0.0
 50
180.0
100
AcDbRotatedDimension
  0
DIMENSION
  5
69E
330
1F
100
AcDbEntity
  8
Dimensions
100
AcDbDimension
  2
*D81
 10
-56.24999999999996
 20
603.0000000000004
 30
0.0
 11
-186.7499999999999
 21
604.9014324693047
 31
0.0
 70
    32
 71
     5
 42
261.0
 73
     0
 74
     0
 75
     0
  3
ISO-25
100
AcDbAlignedDimension
 13
-317.2499999999999
 23
668.0
 33
0.0
 14
-56.24999999999993
 24
1001.0
 34
0.0
 50
180.0
100
AcDbRotatedDimension
  0
DIMENSION
  5
69F
330
1F
100
AcDbEntity
  8
Dimensions
100
AcDbDimension
  2
*D82
 10
-71.24999999999997
 20
589.0000000000005
 30
0.0
 11
-194.2499999999999
 21
590.9014324693047
 31
0.0
 70
    32
 71
     5
 42
246.0
 73
     0
 74
     0
 75
     0
  3
ISO-25
100
AcDbAlignedDimension
 13
-317.2499999999999
 23
668.0
 33
0.0
 14
-71.24999999999994
 24
1001.0
 34
0.0
 50
180.0
100
AcDbRotatedDimension
  0
DIMENSION
  5
6A0
102
{ACAD_XDICTIONARY
360
6A1
102
}
102
{ACAD_REACTORS
330
6A2
102
}
330
1F
100
AcDbEntity
  8
Dimensions
100
AcDbDimension
  2
*D124
 10
-1.249999999999957
 20
702.0000000000003
 30
0.0
 11
-3.152285129604125
 21
685.0000000000002
 31
0.0
 70
    32
 71
     5
 42
34.00000000000011
 73
     0
 74
     0
 75
     0
  3
ISO-25
100
AcDbAlignedDimension
 13
-16.24999999999996
 23
668.0
 33
0.0
 14
-317.2499999999999
 24
702.0
 34
0.0
 50
90.0
100
AcDbRotatedDimension
  0
DIMENSION
  5
6A3
330
1F
100
AcDbEntity
  8
Dimensions
100
AcDbDimension
  2
*D83
 10
-1.249999999999952
 20
782.0000000000005
 30
0.0
 11
-3.151432469303962
 21
742.0000000000002
 31
0.0
 70
    32
 71
     5
 42
80.00000000000023
 73
     0
 74
     0
 75
     0
  3
ISO-25
100
AcDbAlignedDimension
 13
-16.24999999999996
 23
702.0
 33
0.0
 14
-317.2499999999999
 24
782.0
 34
0.0
 50
90.0
100
AcDbRotatedDimension
  0
DIMENSION
  5
6A4
330
1F
100
AcDbEntity
  8
Dimensions
100
AcDbDimension
  2
*D84
 10
-1.249999999999948
 20
843.0000000000005
 30
0.0
 11
-3.151432469303941
 21
812.5000000000001
 31
0.0
 70
    32
 71
     5
 42
61.00000000000012
 73
     0
 74
     0
 75
     0
  3
ISO-25
100
AcDbAlignedDimension
 13
-16.24999999999995
 23
782.0
 33
0.0
 14
-317.2499999999999
 24
843.0
 34
0.0
 50
90.0
100
AcDbRotatedDimension
  0
DIMENSION
  5
6A5
330
1F
100
AcDbEntity
  8
Dimensions
100
AcDbDimension
  2
*D85
 10
-1.249999999999944
 20
912.0000000000006
 30
0.0
 11
-3.151432469303917
 21
877.5000000000002
 31
0.0
 70
    32
 71
     5
 42
69.00000000000011
 73
     0
 74
     0
 75
     0
  3
ISO-25
100
AcDbAlignedDimension
 13
-16.24999999999994
 23
843.0
 33
0.0
 14
-317.2499999999999
 24
912.0
 34
0.0
 50
90.0
100
AcDbRotatedDimension
  0
DIMENSION
  5
6A6
330
1F
100
AcDbEntity
  8
Dimensions
100
AcDbDimension
  2
*D86
 10
-1.249999999999942
 20
943.0000000000005
 30
0.0
 11
-3.152285129604042
 21
927.5000000000002
 31
0.0
 70
    32
 71
     5
 42
31.00000000000012
 73
     0
 74
     0
 75
     0
  3
ISO-25
100
AcDbAlignedDimension
 13
-16.24999999999994
 23
912.0
 33
0.0
 14
-317.2499999999999
 24
943.0
 34
0.0
 50
90.0
100
AcDbRotatedDimension
  0
MULTILEADER
  5
6A7
330
1F
100
AcDbEntity
  8
Dimensions
 92
      636
310
7C020000180000000C00000016000000000000C00C00000033000000000000000C00000013000000993A0000B800000026000000E45929B0463460C0EF64EBF6E1D58440000000000000000000000000000000000000000000000000000000000000F03F075C143326A6913C000000000000F03F0000000000000000370038
310
000000000002000000010000000000000000001040000000000000F03F0000000000000000000000000000F03F00000000000000000000000000000000000000000000000000000000010000002200000041007200690061006C00000000000000000000000C00000033000000000000000C00000010000000010000000C00
310
000016000000000000C00C00000012000000FF7F00000C00000013000000010000000C00000014000000010000005400000007000000030000004057B20B305A5FC05791F0DA755B84400000000000000000FDFFFFFFFFCF5EC000000000004084400000000000000000867F8E73F7995FC0DD8CF4B25F5484400000000000
310
0000000C00000014000000010000000C00000013000000891300003C0000000600000002000000636BA0BF137A5FC01A8FF2C6EA5784400000000000000000FFFFFFFFFF6760C0000000000088844000000000000000000C00000013000000112700003C0000000600000002000000FFFFFFFFFF6760C00000000000888440
310
0000000000000000FFFFFFFFFF6760C00000000000C8844000000000000000000C00000016000000000000C00C00000012000000FF7F00000C00000017000000000000000C000000130000009A3A00000C00000016000000000000C00C00000012000000FF7F00000C00000017000000FFFFFFFF0C00000033000000000000
310
00
100
AcDbMLeader
300
CONTEXT_DATA{
 40
1.0
 10
-131.25
 20
665.0
 30
0.0
 41
4.0
140
4.0
145
2.0
174
     1
175
     1
176
     0
177
     0
290
     1
304
78
 11
0.0
 21
0.0
 31
1.0
340
11
 12
-133.6499999999999
 22
667.0
 32
0.0
 13
0.0000000000000001
 23
1.0
 33
0.0
 42
1.570796326794896
 43
0.0
 44
0.0
 45
1.0
170
     1
 90
-1073741824
171
     1
172
     5
 91
-1073741824
141
0.0
 92
  4194304
291
     0
292
     0
173
     0
293
     0
142
0.0
143
0.0
294
     0
295
     0
296
     0
110
-123.2499999999999
120
648.0
130
0.0
111
0.0000000000000001
121
1.0
131
0.0
112
-1.0
122
0.0000000000000001
132
0.0
297
     0
302
LEADER{
290
     1
291
     1
 10
-131.25
 20
657.0
 30
0.0
 11
0.0000000000000001
 21
1.0
 31
0.0
 90
        0
 40
8.0
304
LEADER_LINE{
 10
-123.2499999999999
 20
648.0
 30
0.0
 91
        0
305
}
303
}
301
}
340
D8
 90
   279552
170
     1
 91
-1056964608
341
14
171
    -2
290
     1
291
     1
 41
8.0
 42
4.0
172
     2
343
11
173
     1
 95
        1
174
     1
175
     0
 92
-1056964608
292
     0
 93
-1056964608
 10
1.0
 20
1.0
 30
1.0
 43
0.0
176
     0
293
     0
294
     0
178
     0
179
     1
 45
1.0
1001
ACAD_MLEADERVER
1070
     2
  0
MULTILEADER
  5
6A8
330
1F
100
AcDbEntity
  8
Dimensions
 92
      636
310
7C020000180000000C00000016000000000000C00C00000033000000000000000C00000013000000993A0000B800000026000000C7B352608D685BC04BBD4A32304E8440000000000000000000000000000000000000000000000000000000000000F03F075C143326A6913C000000000000F03F0000000000000000380032
310
000000000002000000010000000000000000001040000000000000F03F0000000000000000000000000000F03F00000000000000000000000000000000000000000000000000000000010000002200000041007200690061006C00000000004600000000000C00000033000000000000000C00000010000000010000000C00
310
000016000000000000C00C00000012000000FF7F00000C00000013000000010000000C00000014000000010000005400000007000000030000002407EE8ECFFC5CC05CBFAA2EDBD283400000000000000000FDFFFFFFFFCF5DC00000000000C0834000000000000000001905AA8A26395DC01B3F220E66DA83400000000000
310
0000000C00000014000000010000000C00000013000000891300003C00000006000000020000001F06CC0CFB1A5DC03C7F669EA0D683400000000000000000FDFFFFFFFFCF5BC0000000000000844000000000000000000C00000013000000112700003C0000000600000002000000FDFFFFFFFFCF5BC00000000000008440
310
0000000000000000FDFFFFFFFFCF5BC0000000000040844000000000000000000C00000016000000000000C00C00000012000000FF7F00000C00000017000000000000000C000000130000009A3A00000C00000016000000000000C00C00000012000000FF7F00000C00000017000000FFFFFFFF0C00000033000000000000
310
00
100
AcDbMLeader
300
CONTEXT_DATA{
 40
1.0
 10
-111.2499999999999
 20
648.0
 30
0.0
 41
4.0
140
4.0
145
2.0
174
     1
175
     1
176
     0
177
     0
290
     1
304
82
 11
0.0
 21
0.0
 31
1.0
340
11
 12
-113.6499999999999
 22
650.0
 32
0.0
 13
0.0000000000000001
 23
1.0
 33
0.0
 42
1.570796326794896
 43
0.0
 44
0.0
 45
1.0
170
     1
 90
-1073741824
171
     1
172
     5
 91
-1073741824
141
0.0
 92
  4194304
291
     0
292
     0
173
     0
293
     0
142
0.0
143
0.0
294
     0
295
     0
296
     0
110
-119.2499999999999
120
632.0
130
0.0
111
0.0000000000000001
121
1.0
131
0.0
112
-1.0
122
0.0000000000000001
132
0.0
297
     0
302
LEADER{
290
     1
291
     1
 10
-111.2499999999999
 20
640.0
 30
0.0
 11
0.0000000000000001
 21
1.0
 31
0.0
 90
        0
 40
8.0
304
LEADER_LINE{
 10
-119.2499999999999
 20
632.0
 30
0.0
 91
        0
305
}
303
}
301
}
340
D8
 90
   279552
170
     1
 91
-1056964608
341
14
171
    -2
290
     1
291
     1
 41
8.0
 42
4.0
172
     2
343
11
173
     1
 95
        1
174
     1
175
     0
 92
-1056964608
292
     0
 93
-1056964608
 10
1.0
 20
1.0
 30
1.0
 43
0.0
176
     0
293
     0
294
     0
178
     0
179
     1
 45
1.0
1001
ACAD_MLEADERVER
1070
     2
  0
MULTILEADER
  5
6A9
330
1F
100
AcDbEntity
  8
Dimensions
 92
      636
310
7C020000180000000C00000016000000000000C00C00000033000000000000000C00000013000000993A0000B800000026000000E45929B0465466C0BE6067B8B0E68340000000000000000000000000000000000000000000000000000000000000F03F075C143326A6913C000000000000F03F0000000000000000320039
310
000000000002000000010000000000000000001040000000000000F03F0000000000000000000000000000F03F00000000000000000000000000000000000000000000000000000000010000002200000041007200690061006C00000000004600000000000C00000033000000000000000C00000010000000010000000C00
310
000016000000000000C00C00000012000000FF7F00000C00000013000000010000000C0000001400000001000000540000000700000003000000A02BD90518CD65C05791F0DA756B83400000000000000000FFFFFFFFFF8765C000000000005083400000000000000000C33FC7B9FBEC65C0DE8CF4B25F6483400000000000
310
0000000C00000014000000010000000C00000013000000891300003C0000000600000002000000B235D0DF09DD65C01A8FF2C6EA6783400000000000000000FFFFFFFFFF8766C0000000000098834000000000000000000C00000013000000112700003C0000000600000002000000FFFFFFFFFF8766C00000000000988340
310
0000000000000000FFFFFFFFFF8766C00000000000D8834000000000000000000C00000016000000000000C00C00000012000000FF7F00000C00000017000000000000000C000000130000009A3A00000C00000016000000000000C00C00000012000000FF7F00000C00000017000000FFFFFFFF0C00000033000000000000
310
00
100
AcDbMLeader
300
CONTEXT_DATA{
 40
1.0
 10
-180.25
 20
635.0
 30
0.0
 41
4.0
140
4.0
145
2.0
174
     1
175
     1
176
     0
177
     0
290
     1
304
29
 11
0.0
 21
0.0
 31
1.0
340
11
 12
-182.6499999999999
 22
637.0
 32
0.0
 13
0.0000000000000001
 23
1.0
 33
0.0
 42
1.570796326794896
 43
0.0
 44
0.0
 45
1.0
170
     1
 90
-1073741824
171
     1
172
     5
 91
-1073741824
141
0.0
 92
  4194304
291
     0
292
     0
173
     0
293
     0
142
0.0
143
0.0
294
     0
295
     0
296
     0
110
-172.2499999999999
120
618.0
130
0.0
111
0.0000000000000001
121
1.0
131
0.0
112
-1.0
122
0.0000000000000001
132
0.0
297
     0
302
LEADER{
290
     1
291
     1
 10
-180.25
 20
627.0
 30
0.0
 11
0.0000000000000001
 21
1.0
 31
0.0
 90
        0
 40
8.0
304
LEADER_LINE{
 10
-172.2499999999999
 20
618.0
 30
0.0
 91
        0
305
}
303
}
301
}
340
D8
 90
   279552
170
     1
 91
-1056964608
341
14
171
    -2
290
     1
291
     1
 41
8.0
 42
4.0
172
     2
343
11
173
     1
 95
        1
174
     1
175
     0
 92
-1056964608
292
     0
 93
-1056964608
 10
1.0
 20
1.0
 30
1.0
 43
0.0
176
     0
293
     0
294
     0
178
     0
179
     1
 45
1.0
1001
ACAD_MLEADERVER
1070
     2
  0
MULTILEADER
  5
6AA
330
1F
100
AcDbEntity
  8
Dimensions
 92
      636
310
7C020000180000000C00000016000000000000C00C00000033000000000000000C00000013000000993A0000B8000000260000008D67A5C01A514FC0B14991E0216B8340000000000000000000000000000000000000000000000000000000000000F03F075C143326A6913C000000000000F03F0000000000000000310034
310
003500000003000000010000000000000000001040000000000000F03F0000000000000000000000000000F03F00000000000000000000000000000000000000000000000000000000010000002200000041007200690061006C00000000004600000000000C00000033000000000000000C00000010000000010000000C00
310
000016000000000000C00C00000012000000FF7F00000C00000013000000010000000C000000140000000100000054000000070000000300000080AE641760344DC05791F0DA75F382400000000000000000FBFFFFFFFF1F4CC00000000000D8824000000000000000000CFF1CE7EEB34DC0DE8CF4B25FEC82400000000000
310
0000000C00000014000000010000000C00000013000000891300003C0000000600000002000000C6D6407F27744DC01A8FF2C6EAEF82400000000000000000FDFFFFFFFF0F50C0000000000020834000000000000000000C00000013000000112700003C0000000600000002000000FDFFFFFFFF0F50C00000000000208340
310
0000000000000000FDFFFFFFFF0F50C0000000000060834000000000000000000C00000016000000000000C00C00000012000000FF7F00000C00000017000000000000000C000000130000009A3A00000C00000016000000000000C00C00000012000000FF7F00000C00000017000000FFFFFFFF0C00000033000000000000
310
00
100
AcDbMLeader
300
CONTEXT_DATA{
 40
1.0
 10
-64.24999999999996
 20
620.0
 30
0.0
 41
4.0
140
4.0
145
2.0
174
     1
175
     1
176
     0
177
     0
290
     1
304
145
 11
0.0
 21
0.0
 31
1.0
340
11
 12
-66.64999999999993
 22
622.0
 32
0.0
 13
0.0000000000000001
 23
1.0
 33
0.0
 42
1.570796326794896
 43
0.0
 44
0.0
 45
1.0
170
     1
 90
-1073741824
171
     1
172
     5
 91
-1073741824
141
0.0
 92
  4194304
291
     0
292
     0
173
     0
293
     0
142
0.0
143
0.0
294
     0
295
     0
296
     0
110
-56.24999999999996
120
603.0
130
0.0
111
0.0000000000000001
121
1.0
131
0.0
112
-1.0
122
0.0000000000000001
132
0.0
297
     0
302
LEADER{
290
     1
291
     1
 10
-64.24999999999996
 20
612.0
 30
0.0
 11
0.0000000000000001
 21
1.0
 31
0.0
 90
        0
 40
8.0
304
LEADER_LINE{
 10
-56.24999999999996
 20
603.0
 30
0.0
 91
        0
305
}
303
}
301
}
340
D8
 90
   279552
170
     1
 91
-1056964608
341
14
171
    -2
290
     1
291
     1
 41
8.0
 42
4.0
172
     2
343
11
173
     1
 95
        1
174
     1
175
     0
 92
-1056964608
292
     0
 93
-1056964608
 10
1.0
 20
1.0
 30
1.0
 43
0.0
176
     0
293
     0
294
     0
178
     0
179
     1
 45
1.0
1001
ACAD_MLEADERVER
1070
     2
  0
MULTILEADER
  5
6AB
330
1F
100
AcDbEntity
  8
Dimensions
 92
      636
310
7C020000180000000C00000016000000000000C00C00000033000000000000000C00000013000000993A0000B800000026000000C7B352608D6853C0B14991E021FB8240000000000000000000000000000000000000000000000000000000000000F03F075C143326A6913C000000000000F03F0000000000000000310033
310
003000000003000000010000000000000000001040000000000000F03F0000000000000000000000000000F03F00000000000000000000000000000000000000000000000000000000010000002200000041007200690061006C00000000004600000000000C00000033000000000000000C00000010000000010000000C00
310
000016000000000000C00C00000012000000FF7F00000C00000013000000010000000C00000014000000010000005400000007000000030000004057B20B305A52C05791F0DA758382400000000000000000FDFFFFFFFFCF51C000000000006882400000000000000000867F8E73F79952C0DE8CF4B25F7C82400000000000
310
0000000C00000014000000010000000C00000013000000891300003C0000000600000002000000636BA0BF137A52C01A8FF2C6EA7F82400000000000000000FDFFFFFFFFCF53C00000000000B0824000000000000000000C00000013000000112700003C0000000600000002000000FDFFFFFFFFCF53C00000000000B08240
310
0000000000000000FDFFFFFFFFCF53C00000000000F0824000000000000000000C00000016000000000000C00C00000012000000FF7F00000C00000017000000000000000C000000130000009A3A00000C00000016000000000000C00C00000012000000FF7F00000C00000017000000FFFFFFFF0C00000033000000000000
310
00
100
AcDbMLeader
300
CONTEXT_DATA{
 40
1.0
 10
-79.24999999999996
 20
606.0
 30
0.0
 41
4.0
140
4.0
145
2.0
174
     1
175
     1
176
     0
177
     0
290
     1
304
130
 11
0.0
 21
0.0
 31
1.0
340
11
 12
-81.64999999999993
 22
608.0
 32
0.0
 13
0.0000000000000001
 23
1.0
 33
0.0
 42
1.570796326794896
 43
0.0
 44
0.0
 45
1.0
170
     1
 90
-1073741824
171
     1
172
     5
 91
-1073741824
141
0.0
 92
  4194304
291
     0
292
     0
173
     0
293
     0
142
0.0
143
0.0
294
     0
295
     0
296
     0
110
-71.24999999999996
120
589.0
130
0.0
111
0.0000000000000001
121
1.0
131
0.0
112
-1.0
122
0.0000000000000001
132
0.0
297
     0
302
LEADER{
290
     1
291
     1
 10
-79.24999999999996
 20
598.0
 30
0.0
 11
0.0000000000000001
 21
1.0
 31
0.0
 90
        0
 40
8.0
304
LEADER_LINE{
 10
-71.24999999999996
 20
589.0
 30
0.0
 91
        0
305
}
303
}
301
}
340
D8
 90
   279552
170
     1
 91
-1056964608
341
14
171
    -2
290
     1
291
     1
 41
8.0
 42
4.0
172
     2
343
11
173
     1
 95
        1
174
     1
175
     0
 92
-1056964608
292
     0
 93
-1056964608
 10
1.0
 20
1.0
 30
1.0
 43
0.0
176
     0
293
     0
294
     0
178
     0
179
     1
 45
1.0
1001
ACAD_MLEADERVER
1070
     2
  0
CIRCLE
  5
6AC
102
{ACAD_REACTORS
330
6AF
330
32BA
102
}
330
1F
100
AcDbEntity
  8
0
100
AcDbCircle
 10
-173.5
 20
700.4999999999999
 30
0.0
 40
2.5
  0
DIMENSION
  5
6AD
102
{ACAD_XDICTIONARY
360
6AE
102
}
102
{ACAD_REACTORS
330
6AF
102
}
330
1F
100
AcDbEntity
  8
Dimensions
100
AcDbDimension
  2
*D125
 10
-171.7322330470335
 20
698.7322330470335
 30
0.0
 11
-179.3989876766109
 21
709.1868984510024
 31
0.0
 70
    35
 71
     5
 42
5.000000000000113
 73
     0
 74
     0
 75
     0
  3
ISO-25
100
AcDbDiametricDimension
 15
-175.2677669529664
 25
702.2677669529663
 35
0.0
 40
0.0
1001
ACAD
1000
DSTYLE
1002
{
1070
   288
1070
     1
1002
}
1001
ACAD_DSTYLE_DIMRADIAL_EXTENSION
1070
   387
1070
     1
1070
   388
1040
0.0
1070
   390
1040
0.0
  0
CIRCLE
  5
6B0
102
{ACAD_REACTORS
330
6B3
330
32BA
102
}
330
1F
100
AcDbEntity
  8
0
100
AcDbCircle
 10
-57.50000000000007
 20
700.4999999999999
 30
0.0
 40
2.5
  0
DIMENSION
  5
6B1
102
{ACAD_XDICTIONARY
360
6B2
102
}
102
{ACAD_REACTORS
330
6B3
102
}
330
1F
100
AcDbEntity
  8
Dimensions
100
AcDbDimension
  2
*D126
 10
-55.73223304703384
 20
698.7322330470338
 30
0.0
 11
-63.398987676611
 21
709.1868984510025
 31
0.0
 70
    35
 71
     5
 42
4.999999999999772
 73
     0
 74
     0
 75
     0
  3
ISO-25
100
AcDbDiametricDimension
 15
-59.26776695296638
 25
702.2677669529662
 35
0.0
 40
0.0
1001
ACAD
1000
DSTYLE
1002
{
1070
   288
1070
     1
1002
}
1001
ACAD_DSTYLE_DIMRADIAL_EXTENSION
1070
   387
1070
     1
1070
   388
1040
0.0
1070
   390
1040
0.0
  0
CIRCLE
  5
6B4
102
{ACAD_REACTORS
330
6B7
330
32BA
102
}
330
1F
100
AcDbEntity
  8
0
100
AcDbCircle
 10
-57.50000000000007
 20
780.5
 30
0.0
 40
2.5
  0
DIMENSION
  5
6B5
102
{ACAD_XDICTIONARY
360
6B6
102
}
102
{ACAD_REACTORS
330
6B7
102
}
330
1F
100
AcDbEntity
  8
Dimensions
100
AcDbDimension
  2
*D127
 10
-55.73223304703373
 20
778.7322330470336
 30
0.0
 11
-63.39898767661094
 21
789.1868984510026
 31
0.0
 70
    35
 71
     5
 42
5.0
 73
     0
 74
     0
 75
     0
  3
ISO-25
100
AcDbDiametricDimension
 15
-59.26776695296638
 25
782.2677669529662
 35
0.0
 40
0.0
1001
ACAD
1000
DSTYLE
1002
{
1070
   288
1070
     1
1002
}
1001
ACAD_DSTYLE_DIMRADIAL_EXTENSION
1070
   387
1070
     1
1070
   388
1040
0.0
1070
   390
1040
0.0
  0
CIRCLE
  5
6B8
102
{ACAD_REACTORS
330
6BB
330
32BA
102
}
330
1F
100
AcDbEntity
  8
0
100
AcDbCircle
 10
-173.5
 20
780.5
 30
0.0
 40
2.5
  0
DIMENSION
  5
6B9
102
{ACAD_XDICTIONARY
360
6BA
102
}
102
{ACAD_REACTORS
330
6BB
102
}
330
1F
100
AcDbEntity
  8
Dimensions
100
AcDbDimension
  2
*D128
 10
-171.7322330470337
 20
778.7322330470336
 30
0.0
 11
-179.3989876766104
 21
789.1868984510028
 31
0.0
 70
    35
 71
     5
 42
5.0
 73
     0
 74
     0
 75
     0
  3
ISO-25
100
AcDbDiametricDimension
 15
-175.2677669529663
 25
782.2677669529664
 35
0.0
 40
0.0
1001
ACAD
1000
DSTYLE
1002
{
1070
   288
1070
     1
1002
}
1001
ACAD_DSTYLE_DIMRADIAL_EXTENSION
1070
   387
1070
     1
1070
   388
1040
0.0
1070
   390
1040
0.0
  0
CIRCLE
  5
6BC
102
{ACAD_REACTORS
330
6BF
330
32BA
102
}
330
1F
100
AcDbEntity
  8
0
100
AcDbCircle
 10
-120.5
 20
841.5
 30
0.0
 40
10.5
  0
DIMENSION
  5
6BD
102
{ACAD_XDICTIONARY
360
6BE
102
}
102
{ACAD_REACTORS
330
6BF
102
}
330
1F
100
AcDbEntity
  8
Dimensions
100
AcDbDimension
  2
*D129
 10
-113.0753787975409
 20
834.075378797541
 30
0.0
 11
-140.4999999999999
 21
861.5
 31
0.0
 70
   163
 71
     5
 42
21.00000000000045
 73
     0
 74
     0
 75
     0
  3
ISO-25
100
AcDbDiametricDimension
 15
-127.9246212024588
 25
848.9246212024589
 35
0.0
 40
0.0
1001
ACAD
1000
DSTYLE
1002
{
1070
   288
1070
     1
1002
}
1001
ACAD_DSTYLE_DIMRADIAL_EXTENSION
1070
   387
1070
     1
1070
   388
1040
0.0
1070
   390
1040
0.0
  0
CIRCLE
  5
6C0
102
{ACAD_REACTORS
330
6C3
330
32BA
102
}
330
1F
100
AcDbEntity
  8
0
100
AcDbCircle
 10
-124.5
 20
910.5
 30
0.0
 40
10.5
  0
DIMENSION
  5
6C1
102
{ACAD_XDICTIONARY
360
6C2
102
}
102
{ACAD_REACTORS
330
6C3
102
}
330
1F
100
AcDbEntity
  8
Dimensions
100
AcDbDimension
  2
*D130
 10
-117.075378797541
 20
903.0753787975411
 30
0.0
 11
-136.5653109149356
 21
925.3532216893272
 31
0.0
 70
    35
 71
     5
 42
21.00000000000023
 73
     0
 74
     0
 75
     0
  3
ISO-25
100
AcDbDiametricDimension
 15
-131.9246212024587
 25
917.9246212024587
 35
0.0
 40
0.0
1001
ACAD
1000
DSTYLE
1002
{
1070
   288
1070
     1
1002
}
1001
ACAD_DSTYLE_DIMRADIAL_EXTENSION
1070
   387
1070
     1
1070
   388
1040
0.0
1070
   390
1040
0.0
  0
CIRCLE
  5
6C4
102
{ACAD_REACTORS
330
6C7
330
32BA
102
}
330
1F
100
AcDbEntity
  8
0
100
AcDbCircle
 10
-72.5
 20
941.5
 30
0.0
 40
10.5
  0
DIMENSION
  5
6C5
102
{ACAD_XDICTIONARY
360
6C6
102
}
102
{ACAD_REACTORS
330
6C7
102
}
330
1F
100
AcDbEntity
  8
Dimensions
100
AcDbDimension
  2
*D131
 10
-65.07537879754119
 20
934.0753787975415
 30
0.0
 11
-84.56531091493571
 21
956.3532216893273
 31
0.0
 70
    35
 71
     5
 42
20.99999999999988
 73
     0
 74
     0
 75
     0
  3
ISO-25
100
AcDbDiametricDimension
 15
-79.92462120245886
 25
948.9246212024587
 35
0.0
 40
0.0
1001
ACAD
1000
DSTYLE
1002
{
1070
   288
1070
     1
1002
}
1001
ACAD_DSTYLE_DIMRADIAL_EXTENSION
1070
   387
1070
     1
1070
   388
1040
0.0
1070
   390
1040
0.0
  0
TEXT
  5
6C8
330
1F
100
AcDbEntity
  8
Dimension
100
AcDbText
 10
-635.0
 20
1010.25
 30
0.0
 40
10.0
  1
TOP
100
AcDbText
  0
DIMENSION
  5
6C9
102
{ACAD_XDICTIONARY
360
6CA
102
}
102
{ACAD_REACTORS
330
6CB
102
}
330
1F
100
AcDbEntity
  8
Dimensions
100
AcDbDimension
  2
*D132
 10
-257.2500000000001
 20
1025.0
 30
0.0
 11
-287.25
 21
1026.901432469304
 31
0.0
 70
    32
 71
     5
 42
59.99999999999989
 73
     0
 74
     0
 75
     0
  3
ISO-25
100
AcDbAlignedDimension
 13
-317.2499999999999
 23
1001.0
 33
0.0
 14
-257.2500000000001
 24
668.0
 34
0.0
 50
180.0
100
AcDbRotatedDimension
  0
DIMENSION
  5
6CC
330
1F
100
AcDbEntity
  8
Dimensions
100
AcDbDimension
  2
*D87
 10
-337.25
 20
936.0000000000002
 30
0.0
 11
-339.1514324693039
 21
968.5000000000002
 31
0.0
 70
    32
 71
     5
 42
65.00000000000011
 73
     0
 74
     0
 75
     0
  3
ISO-25
100
AcDbAlignedDimension
 13
-317.2499999999999
 23
1001.0
 33
0.0
 14
-197.2499999999999
 24
936.0
 34
0.0
 50
90.0
100
AcDbRotatedDimension
  0
DIMENSION
  5
6CD
330
1F
100
AcDbEntity
  8
Dimensions
100
AcDbDimension
  2
*D88
 10
-337.25
 20
836.0000000000002
 30
0.0
 11
-339.151432469304
 21
886.0000000000002
 31
0.0
 70
    32
 71
     5
 42
100.0000000000001
 73
     0
 74
     0
 75
     0
  3
ISO-25
100
AcDbAlignedDimension
 13
-317.2499999999999
 23
936.0
 33
0.0
 14
-197.2499999999999
 24
836.0
 34
0.0
 50
90.0
100
AcDbRotatedDimension
  0
CIRCLE
  5
6CE
102
{ACAD_REACTORS
330
6D1
330
32BA
102
}
330
1F
100
AcDbEntity
  8
0
100
AcDbCircle
 10
-258.5
 20
934.5
 30
0.0
 40
3.5
  0
DIMENSION
  5
6CF
102
{ACAD_XDICTIONARY
360
6D0
102
}
102
{ACAD_REACTORS
330
6D1
102
}
330
1F
100
AcDbEntity
  8
Dimensions
100
AcDbDimension
  2
*D133
 10
-256.0251262658473
 20
932.0251262658469
 30
0.0
 11
-269.4999999999993
 21
945.5000000000005
 31
0.0
 70
   163
 71
     5
 42
6.999999999999886
 73
     0
 74
     0
 75
     0
  3
ISO-25
100
AcDbDiametricDimension
 15
-260.9748737341528
 25
936.9748737341529
 35
0.0
 40
0.0
1001
ACAD
1000
DSTYLE
1002
{
1070
   288
1070
     1
1002
}
1001
ACAD_DSTYLE_DIMRADIAL_EXTENSION
1070
   387
1070
     1
1070
   388
1040
0.0
1070
   390
1040
0.0
  0
CIRCLE
  5
6D2
102
{ACAD_REACTORS
330
6D5
330
32BA
102
}
330
1F
100
AcDbEntity
  8
0
100
AcDbCircle
 10
-258.5
 20
834.5
 30
0.0
 40
3.5
  0
DIMENSION
  5
6D3
102
{ACAD_XDICTIONARY
360
6D4
102
}
102
{ACAD_REACTORS
330
6D5
102
}
330
1F
100
AcDbEntity
  8
Dimensions
100
AcDbDimension
  2
*D134
 10
-256.025126265847
 20
832.0251262658471
 30
0.0
 11
-269.4999999999999
 21
845.5000000000001
 31
0.0
 70
   163
 71
     5
 42
7.000000000000113
 73
     0
 74
     0
 75
     0
  3
ISO-25
100
AcDbDiametricDimension
 15
-260.9748737341529
 25
836.9748737341531
 35
0.0
 40
0.0
1001
ACAD
1000
DSTYLE
1002
{
1070
   288
1070
     1
1002
}
1001
ACAD_DSTYLE_DIMRADIAL_EXTENSION
1070
   387
1070
     1
1070
   388
1040
0.0
1070
   390
1040
0.0
  0
TEXT
  5
6D6
330
1F
100
AcDbEntity
  8
Dimension
100
AcDbText
 10
-475.2499999047708
 20
1372.99999757439
 30
0.0
 40
10.0
  1
side1
 50
90.0
100
AcDbText
  0
TEXT
  5
6D7
330
1F
100
AcDbEntity
  8
Dimension
100
AcDbText
 10
-484.2500000064419
 20
261.0000008102234
 30
0.0
 40
10.0
  1
side4
 50
90.0
100
AcDbText
  0
DIMENSION
  5
6D8
330
1F
100
AcDbEntity
  8
Dimensions
100
AcDbDimension
  2
*D89
 10
-262.25
 20
353.0000000000002
 30
0.0
 11
-229.7499999999999
 21
354.9014324693045
 31
0.0
 70
    32
 71
     5
 42
64.99999999999997
 73
     0
 74
     0
 75
     0
  3
ISO-25
100
AcDbAlignedDimension
 13
-197.2499999999999
 23
520.0
 33
0.0
 14
-262.25
 24
520.0
 34
0.0
 50
180.0
100
AcDbRotatedDimension
  0
DIMENSION
  5
6D9
330
1F
100
AcDbEntity
  8
Dimensions
100
AcDbDimension
  2
*D90
 10
-287.25
 20
353.0000000000002
 30
0.0
 11
-274.75
 21
354.9014324693045
 31
0.0
 70
    32
 71
     5
 42
25.0
 73
     0
 74
     0
 75
     0
  3
ISO-25
100
AcDbAlignedDimension
 13
-262.25
 23
520.0
 33
0.0
 14
-287.25
 24
520.0
 34
0.0
 50
180.0
100
AcDbRotatedDimension
  0
DIMENSION
  5
6DA
330
1F
100
AcDbEntity
  8
Dimensions
100
AcDbDimension
  2
*D91
 10
-303.2500000000001
 20
435.0000000000002
 30
0.0
 11
-305.1514324693041
 21
477.5000000000001
 31
0.0
 70
    32
 71
     5
 42
84.99999999999994
 73
     0
 74
     0
 75
     0
  3
ISO-25
100
AcDbAlignedDimension
 13
-197.2499999999999
 23
520.0
 33
0.0
 14
-197.2499999999999
 24
435.0
 34
0.0
 50
90.0
100
AcDbRotatedDimension
  0
CIRCLE
  5
6DB
102
{ACAD_REACTORS
330
6DE
330
32B9
102
}
330
1F
100
AcDbEntity
  8
0
100
AcDbCircle
 10
-288.25
 20
435.0
 30
0.0
 40
3.5
  0
DIMENSION
  5
6DC
102
{ACAD_XDICTIONARY
360
6DD
102
}
102
{ACAD_REACTORS
330
6DE
102
}
330
1F
100
AcDbEntity
  8
Dimensions
100
AcDbDimension
  2
*D135
 10
-285.7751262658471
 20
432.525126265847
 30
0.0
 11
-299.2500000000001
 21
446.0000000000004
 31
0.0
 70
   163
 71
     5
 42
7.0
 73
     0
 74
     0
 75
     0
  3
ISO-25
100
AcDbDiametricDimension
 15
-290.7248737341529
 25
437.4748737341529
 35
0.0
 40
0.0
1001
ACAD
1000
DSTYLE
1002
{
1070
   288
1070
     1
1002
}
1001
ACAD_DSTYLE_DIMRADIAL_EXTENSION
1070
   387
1070
     1
1070
   388
1040
0.0
1070
   390
1040
0.0
  0
CIRCLE
  5
6DF
102
{ACAD_REACTORS
330
6E2
330
32B9
102
}
330
1F
100
AcDbEntity
  8
0
100
AcDbCircle
 10
-263.25
 20
435.0
 30
0.0
 40
3.5
  0
DIMENSION
  5
6E0
102
{ACAD_XDICTIONARY
360
6E1
102
}
102
{ACAD_REACTORS
330
6E2
102
}
330
1F
100
AcDbEntity
  8
Dimensions
100
AcDbDimension
  2
*D136
 10
-260.775126265847
 20
432.5251262658469
 30
0.0
 11
-274.2499999999998
 21
446.0
 31
0.0
 70
   163
 71
     5
 42
7.000000000000113
 73
     0
 74
     0
 75
     0
  3
ISO-25
100
AcDbDiametricDimension
 15
-265.7248737341529
 25
437.4748737341529
 35
0.0
 40
0.0
1001
ACAD
1000
DSTYLE
1002
{
1070
   288
1070
     1
1002
}
1001
ACAD_DSTYLE_DIMRADIAL_EXTENSION
1070
   387
1070
     1
1070
   388
1040
0.0
1070
   390
1040
0.0
  0
DIMENSION
  5
6E3
330
1F
100
AcDbEntity
  8
Dimensions
100
AcDbDimension
  2
*D92
 10
-749.2500000000002
 20
391.0000000000002
 30
0.0
 11
-751.1514324693043
 21
431.0000000000003
 31
0.0
 70
    32
 71
     5
 42
80.00000000000017
 73
     0
 74
     0
 75
     0
  3
ISO-25
100
AcDbAlignedDimension
 13
-742.25
 23
471.0
 33
0.0
 14
-197.2499999999999
 24
391.0
 34
0.0
 50
90.0
100
AcDbRotatedDimension
  0
DIMENSION
  5
6E4
330
1F
100
AcDbEntity
  8
Dimensions
100
AcDbDimension
  2
*D93
 10
-637.25
 20
382.0000000000003
 30
0.0
 11
-689.7499999999999
 21
383.9014324693045
 31
0.0
 70
    32
 71
     5
 42
105.0
 73
     0
 74
     0
 75
     0
  3
ISO-25
100
AcDbAlignedDimension
 13
-742.25
 23
391.0000000000001
 33
0.0
 14
-637.25
 24
391.0000000000001
 34
0.0
 50
180.0
100
AcDbRotatedDimension
  0
DIMENSION
  5
6E5
330
1F
100
AcDbEntity
  8
Dimensions
100
AcDbDimension
  2
*D94
 10
-467.25
 20
382.0000000000002
 30
0.0
 11
-552.2499999999999
 21
383.9014324693044
 31
0.0
 70
    32
 71
     5
 42
170.0
 73
     0
 74
     0
 75
     0
  3
ISO-25
100
AcDbAlignedDimension
 13
-637.25
 23
391.0000000000001
 33
0.0
 14
-467.25
 24
391.0000000000001
 34
0.0
 50
180.0
100
AcDbRotatedDimension
  0
DIMENSION
  5
6E6
330
1F
100
AcDbEntity
  8
Dimensions
100
AcDbDimension
  2
*D95
 10
-297.25
 20
382.0000000000002
 30
0.0
 11
-382.25
 21
383.9014324693044
 31
0.0
 70
    32
 71
     5
 42
170.0
 73
     0
 74
     0
 75
     0
  3
ISO-25
100
AcDbAlignedDimension
 13
-467.25
 23
391.0000000000001
 33
0.0
 14
-297.25
 24
391.0
 34
0.0
 50
180.0
100
AcDbRotatedDimension
  0
CIRCLE
  5
6E7
102
{ACAD_REACTORS
330
6EA
330
32B9
102
}
330
1F
100
AcDbEntity
  8
0
100
AcDbCircle
 10
-638.25
 20
391.0000000000001
 30
0.0
 40
1.5
  0
DIMENSION
  5
6E8
102
{ACAD_XDICTIONARY
360
6E9
102
}
102
{ACAD_REACTORS
330
6EA
102
}
330
1F
100
AcDbEntity
  8
Dimensions
100
AcDbDimension
  2
*D137
 10
-637.1893398282199
 20
389.9393398282203
 30
0.0
 11
-643.4352487547418
 21
398.9731595291326
 31
0.0
 70
    35
 71
     5
 42
3.0
 73
     0
 74
     0
 75
     0
  3
ISO-25
100
AcDbDiametricDimension
 15
-639.3106601717797
 25
392.0606601717798
 35
0.0
 40
0.0
1001
ACAD
1000
DSTYLE
1002
{
1070
   288
1070
     1
1002
}
1001
ACAD_DSTYLE_DIMRADIAL_EXTENSION
1070
   387
1070
     1
1070
   388
1040
0.0
1070
   390
1040
0.0
  0
CIRCLE
  5
6EB
102
{ACAD_REACTORS
330
6EE
330
32B9
102
}
330
1F
100
AcDbEntity
  8
0
100
AcDbCircle
 10
-468.25
 20
391.0000000000001
 30
0.0
 40
1.5
  0
DIMENSION
  5
6EC
102
{ACAD_XDICTIONARY
360
6ED
102
}
102
{ACAD_REACTORS
330
6EE
102
}
330
1F
100
AcDbEntity
  8
Dimensions
100
AcDbDimension
  2
*D138
 10
-467.18933982822
 20
389.9393398282203
 30
0.0
 11
-473.4352487547417
 21
398.9731595291328
 31
0.0
 70
    35
 71
     5
 42
3.0
 73
     0
 74
     0
 75
     0
  3
ISO-25
100
AcDbDiametricDimension
 15
-469.3106601717799
 25
392.0606601717798
 35
0.0
 40
0.0
1001
ACAD
1000
DSTYLE
1002
{
1070
   288
1070
     1
1002
}
1001
ACAD_DSTYLE_DIMRADIAL_EXTENSION
1070
   387
1070
     1
1070
   388
1040
0.0
1070
   390
1040
0.0
  0
CIRCLE
  5
6EF
102
{ACAD_REACTORS
330
6F2
330
32B9
102
}
330
1F
100
AcDbEntity
  8
0
100
AcDbCircle
 10
-298.25
 20
391.0
 30
0.0
 40
1.5
  0
DIMENSION
  5
6F0
102
{ACAD_XDICTIONARY
360
6F1
102
}
102
{ACAD_REACTORS
330
6F2
102
}
330
1F
100
AcDbEntity
  8
Dimensions
100
AcDbDimension
  2
*D139
 10
-297.1893398282203
 20
389.9393398282203
 30
0.0
 11
-303.4352487547413
 21
398.973159529133
 31
0.0
 70
    35
 71
     5
 42
2.999999999999886
 73
     0
 74
     0
 75
     0
  3
ISO-25
100
AcDbDiametricDimension
 15
-299.3106601717799
 25
392.0606601717799
 35
0.0
 40
0.0
1001
ACAD
1000
DSTYLE
1002
{
1070
   288
1070
     1
1002
}
1001
ACAD_DSTYLE_DIMRADIAL_EXTENSION
1070
   387
1070
     1
1070
   388
1040
0.0
1070
   390
1040
0.0
  0
DIMENSION
  5
6F3
330
1F
100
AcDbEntity
  8
Dimensions
100
AcDbDimension
  2
*D96
 10
-171.2499999999999
 20
1210.0
 30
0.0
 11
-173.1301159618004
 21
1189.5
 31
0.0
 70
    32
 71
     5
 42
41.0
 73
     0
 74
     0
 75
     0
  3
ISO-25
100
AcDbAlignedDimension
 13
-197.2499999999999
 23
1169.0
 33
0.0
 14
-197.2499999999999
 24
1210.0
 34
0.0
 50
90.0
100
AcDbRotatedDimension
  0
DIMENSION
  5
6F4
330
1F
100
AcDbEntity
  8
Dimensions
100
AcDbDimension
  2
*D97
 10
-171.2499999999999
 20
1307.0
 30
0.0
 11
-173.1514324693038
 21
1258.5
 31
0.0
 70
    32
 71
     5
 42
97.0
 73
     0
 74
     0
 75
     0
  3
ISO-25
100
AcDbAlignedDimension
 13
-319.2499999999999
 23
1210.0
 33
0.0
 14
-197.2499999999999
 24
1307.0
 34
0.0
 50
90.0
100
AcDbRotatedDimension
  0
DIMENSION
  5
6F5
330
1F
100
AcDbEntity
  8
Dimensions
100
AcDbDimension
  2
*D98
 10
-171.2499999999999
 20
1328.0
 30
0.0
 11
-173.1301159618004
 21
1317.5
 31
0.0
 70
    32
 71
     5
 42
21.0
 73
     0
 74
     0
 75
     0
  3
ISO-25
100
AcDbAlignedDimension
 13
-742.2499999999999
 23
1307.0
 33
0.0
 14
-742.2499999999999
 24
1328.0
 34
0.0
 50
90.0
100
AcDbRotatedDimension
  0
DIMENSION
  5
6F6
330
1F
100
AcDbEntity
  8
Dimensions
100
AcDbDimension
  2
*D99
 10
-207.2499999999999
 20
1166.000000000001
 30
0.0
 11
-202.2499999999999
 21
1167.901432469305
 31
0.0
 70
    32
 71
     5
 42
10.0
 73
     0
 74
     0
 75
     0
  3
ISO-25
100
AcDbAlignedDimension
 13
-197.2499999999999
 23
1169.0
 33
0.0
 14
-207.2499999999999
 24
1354.0
 34
0.0
 50
180.0
100
AcDbRotatedDimension
  0
DIMENSION
  5
6F7
330
1F
100
AcDbEntity
  8
Dimensions
100
AcDbDimension
  2
*D100
 10
-297.25
 20
1166.000000000001
 30
0.0
 11
-252.2499999999999
 21
1167.901432469305
 31
0.0
 70
    32
 71
     5
 42
90.00000000000003
 73
     0
 74
     0
 75
     0
  3
ISO-25
100
AcDbAlignedDimension
 13
-207.2499999999999
 23
1169.0
 33
0.0
 14
-297.25
 24
1169.0
 34
0.0
 50
180.0
100
AcDbRotatedDimension
  0
DIMENSION
  5
6F8
330
1F
100
AcDbEntity
  8
Dimensions
100
AcDbDimension
  2
*D101
 10
-464.2499999999999
 20
1166.000000000001
 30
0.0
 11
-380.75
 21
1167.901432469305
 31
0.0
 70
    32
 71
     5
 42
167.0
 73
     0
 74
     0
 75
     0
  3
ISO-25
100
AcDbAlignedDimension
 13
-297.25
 23
1354.0
 33
0.0
 14
-464.2499999999999
 24
1354.0
 34
0.0
 50
180.0
100
AcDbRotatedDimension
  0
DIMENSION
  5
6F9
330
1F
100
AcDbEntity
  8
Dimensions
100
AcDbDimension
  2
*D102
 10
-520.2499999999998
 20
1166.000000000001
 30
0.0
 11
-492.2499999999998
 21
1167.901432469305
 31
0.0
 70
    32
 71
     5
 42
55.99999999999994
 73
     0
 74
     0
 75
     0
  3
ISO-25
100
AcDbAlignedDimension
 13
-464.2499999999999
 23
1218.0
 33
0.0
 14
-520.2499999999998
 24
1354.0
 34
0.0
 50
180.0
100
AcDbRotatedDimension
  0
CIRCLE
  5
6FA
102
{ACAD_REACTORS
330
6FD
330
32B8
102
}
330
1F
100
AcDbEntity
  8
0
100
AcDbCircle
 10
-296.4999999999999
 20
1210.0
 30
0.0
 40
2.5
  0
DIMENSION
  5
6FB
102
{ACAD_XDICTIONARY
360
6FC
102
}
102
{ACAD_REACTORS
330
6FD
102
}
330
1F
100
AcDbEntity
  8
Dimensions
100
AcDbDimension
  2
*D103
 10
-294.7322330470337
 20
1208.232233047034
 30
0.0
 11
-302.3989876766106
 21
1218.686898451002
 31
0.0
 70
    35
 71
     5
 42
4.999999999999545
 73
     0
 74
     0
 75
     0
  3
ISO-25
100
AcDbDiametricDimension
 15
-298.2677669529661
 25
1211.767766952966
 35
0.0
 40
0.0
1001
ACAD
1000
DSTYLE
1002
{
1070
   288
1070
     1
1002
}
1001
ACAD_DSTYLE_DIMRADIAL_EXTENSION
1070
   387
1070
     1
1070
   388
1040
0.0
1070
   390
1040
0.0
  0
CIRCLE
  5
6FE
102
{ACAD_REACTORS
330
701
330
32B8
102
}
330
1F
100
AcDbEntity
  8
0
100
AcDbCircle
 10
-296.4999999999998
 20
1307.0
 30
0.0
 40
2.5
  0
DIMENSION
  5
6FF
102
{ACAD_XDICTIONARY
360
700
102
}
102
{ACAD_REACTORS
330
701
102
}
330
1F
100
AcDbEntity
  8
Dimensions
100
AcDbDimension
  2
*D104
 10
-294.7322330470334
 20
1305.232233047034
 30
0.0
 11
-302.3989876766108
 21
1315.686898451002
 31
0.0
 70
    35
 71
     5
 42
5.0
 73
     0
 74
     0
 75
     0
  3
ISO-25
100
AcDbDiametricDimension
 15
-298.2677669529662
 25
1308.767766952966
 35
0.0
 40
0.0
1001
ACAD
1000
DSTYLE
1002
{
1070
   288
1070
     1
1002
}
1001
ACAD_DSTYLE_DIMRADIAL_EXTENSION
1070
   387
1070
     1
1070
   388
1040
0.0
1070
   390
1040
0.0
  0
CIRCLE
  5
702
102
{ACAD_REACTORS
330
705
330
32B8
102
}
330
1F
100
AcDbEntity
  8
0
100
AcDbCircle
 10
-206.4999999999999
 20
1210.0
 30
0.0
 40
2.5
  0
DIMENSION
  5
703
102
{ACAD_XDICTIONARY
360
704
102
}
102
{ACAD_REACTORS
330
705
102
}
330
1F
100
AcDbEntity
  8
Dimensions
100
AcDbDimension
  2
*D105
 10
-204.7322330470332
 20
1208.232233047033
 30
0.0
 11
-212.3989876766108
 21
1218.686898451002
 31
0.0
 70
    35
 71
     5
 42
5.000000000000227
 73
     0
 74
     0
 75
     0
  3
ISO-25
100
AcDbDiametricDimension
 15
-208.2677669529662
 25
1211.767766952966
 35
0.0
 40
0.0
1001
ACAD
1000
DSTYLE
1002
{
1070
   288
1070
     1
1002
}
1001
ACAD_DSTYLE_DIMRADIAL_EXTENSION
1070
   387
1070
     1
1070
   388
1040
0.0
1070
   390
1040
0.0
  0
CIRCLE
  5
706
102
{ACAD_REACTORS
330
709
330
32B8
102
}
330
1F
100
AcDbEntity
  8
0
100
AcDbCircle
 10
-206.4999999999998
 20
1307.0
 30
0.0
 40
2.5
  0
DIMENSION
  5
707
102
{ACAD_XDICTIONARY
360
708
102
}
102
{ACAD_REACTORS
330
709
102
}
330
1F
100
AcDbEntity
  8
Dimensions
100
AcDbDimension
  2
*D106
 10
-204.732233047033
 20
1305.232233047033
 30
0.0
 11
-212.3989876766101
 21
1315.686898451003
 31
0.0
 70
    35
 71
     5
 42
5.000000000000454
 73
     0
 74
     0
 75
     0
  3
ISO-25
100
AcDbDiametricDimension
 15
-208.2677669529659
 25
1308.767766952966
 35
0.0
 40
0.0
1001
ACAD
1000
DSTYLE
1002
{
1070
   288
1070
     1
1002
}
1001
ACAD_DSTYLE_DIMRADIAL_EXTENSION
1070
   387
1070
     1
1070
   388
1040
0.0
1070
   390
1040
0.0
  0
DIMENSION
  5
70B
330
1F
100
AcDbEntity
  8
Dimensions
100
AcDbDimension
  2
*D107
 10
-518.4822330470334
 20
1305.232233047034
 30
0.0
 11
-526.1489876766105
 21
1315.686898451002
 31
0.0
 70
    35
 71
     5
 42
4.999999999999772
 73
     0
 74
     0
 75
     0
  3
ISO-25
100
AcDbDiametricDimension
 15
-522.017766952966
 25
1308.767766952966
 35
0.0
 40
0.0
1001
ACAD
1000
DSTYLE
1002
{
1070
   288
1070
     1
1002
}
1001
ACAD_DSTYLE_DIMRADIAL_EXTENSION
1070
   387
1070
     1
1070
   388
1040
0.0
1070
   390
1040
0.0
  0
DIMENSION
  5
70F
330
1F
100
AcDbEntity
  8
Dimensions
100
AcDbDimension
  2
*D108
 10
-518.4822330470331
 20
1326.232233047033
 30
0.0
 11
-526.1489876766107
 21
1336.686898451002
 31
0.0
 70
    35
 71
     5
 42
5.000000000000454
 73
     0
 74
     0
 75
     0
  3
ISO-25
100
AcDbDiametricDimension
 15
-522.0177669529662
 25
1329.767766952966
 35
0.0
 40
0.0
1001
ACAD
1000
DSTYLE
1002
{
1070
   288
1070
     1
1002
}
1001
ACAD_DSTYLE_DIMRADIAL_EXTENSION
1070
   387
1070
     1
1070
   388
1040
0.0
1070
   390
1040
0.0
  0
DIMENSION
  5
713
330
1F
100
AcDbEntity
  8
Dimensions
100
AcDbDimension
  2
*D109
 10
-462.4822330470336
 20
1326.232233047034
 30
0.0
 11
-470.1489876766123
 21
1336.686898451002
 31
0.0
 70
    35
 71
     5
 42
4.999999999999772
 73
     0
 74
     0
 75
     0
  3
ISO-25
100
AcDbDiametricDimension
 15
-466.0177669529666
 25
1329.767766952966
 35
0.0
 40
0.0
1001
ACAD
1000
DSTYLE
1002
{
1070
   288
1070
     1
1002
}
1001
ACAD_DSTYLE_DIMRADIAL_EXTENSION
1070
   387
1070
     1
1070
   388
1040
0.0
1070
   390
1040
0.0
  0
DIMENSION
  5
717
330
1F
100
AcDbEntity
  8
Dimensions
100
AcDbDimension
  2
*D110
 10
-462.4822330470333
 20
1305.232233047034
 30
0.0
 11
-470.1489876766112
 21
1315.686898451002
 31
0.0
 70
    35
 71
     5
 42
4.999999999999772
 73
     0
 74
     0
 75
     0
  3
ISO-25
100
AcDbDiametricDimension
 15
-466.0177669529663
 25
1308.767766952966
 35
0.0
 40
0.0
1001
ACAD
1000
DSTYLE
1002
{
1070
   288
1070
     1
1002
}
1001
ACAD_DSTYLE_DIMRADIAL_EXTENSION
1070
   387
1070
     1
1070
   388
1040
0.0
1070
   390
1040
0.0
  0
LWPOLYLINE
  5
71A
102
{ACAD_REACTORS
330
32BB
102
}
330
1F
100
AcDbEntity
  8
0
 62
     0
100
AcDbPolyline
 90
        4
 70
     1
 43
0.0
 10
-395.9999999999999
 20
995.9999999999999
 10
-998.9999999999998
 20
996.0
 10
-999.0
 20
670.0
 10
-395.9999999999999
 20
669.9999999999999
  0
INSERT
  5
71B
102
{ACAD_REACTORS
330
32B9
102
}
330
1F
100
AcDbEntity
  8
0
100
AcDbBlockReference
  2
Insert2
 10
-758.6358712435322
 20
-391.2800099422938
 30
0.0
 50
90.0
  0
INSERT
  5
71C
102
{ACAD_REACTORS
330
32B8
102
}
330
1F
100
AcDbEntity
  8
0
100
AcDbBlockReference
  2
Insert3
 10
-179.2699568861411
 20
300.8958139769764
 30
0.0
 41
-1.0
 50
270.0
  0
LWPOLYLINE
  5
71D
102
{ACAD_REACTORS
330
32BA
102
}
330
1F
100
AcDbEntity
  8
0
 62
     0
100
AcDbPolyline
 90
        4
 70
     1
 43
0.0
 10
-317.0
 20
996.0
 10
-317.0
 20
670.0
 10
-19.00000000000001
 20
670.0
 10
-19.0
 20
996.0
  0
LWPOLYLINE
  5
71E
330
1F
100
AcDbEntity
  8
Dimension
100
AcDbPolyline
 90
        6
 70
     0
 43
0.0
 10
-317.2500000000001
 20
170.0
 10
-207.2500000000001
 20
170.0
 42
-0.4142135623730951
 10
-197.25
 20
160.0
 10
-197.25
 20
10.00000000000001
 42
-0.4142135623730962
 10
-207.2500000000001
 20
0.0000000000000127
 10
-217.2500000000001
 20
0.0000000000000133
  0
LWPOLYLINE
  5
1014
330
1F
100
AcDbEntity
  8
Dimension
100
AcDbPolyline
 90
        9
 70
     0
 43
0.0
 10
-845.25
 20
50.00000000000005
 10
-855.25
 20
50.00000000000005
 42
-0.4142135623730959
 10
-865.2499999999999
 20
60.00000000000005
 10
-865.2499999999999
 20
160.0
 42
-0.4142135623730951
 10
-855.25
 20
170.0
 10
-849.2499999999999
 20
170.0
 10
-452.2499999999999
 20
170.0
 42
0.4142135623730951
 10
-442.25
 20
180.0
 10
-442.25
 20
220.0
  0
DIMENSION
  5
1015
102
{ACAD_XDICTIONARY
360
1016
102
}
102
{ACAD_REACTORS
330
1017
102
}
330
1F
100
AcDbEntity
  8
Dimensions
100
AcDbDimension
  2
*D242
 10
-319.25
 20
527.0000000000002
 30
0.0
 11
-258.25
 21
528.880115961801
 31
0.0
 70
    32
 71
     5
 42
121.9999999999999
 73
     0
 74
     0
 75
     0
  3
ISO-25
100
AcDbAlignedDimension
 13
-197.25
 23
520.0
 33
0.0
 14
-319.25
 24
520.0
 34
0.0
 50
180.0
100
AcDbRotatedDimension
  0
DIMENSION
  5
1018
102
{ACAD_XDICTIONARY
360
1019
102
}
102
{ACAD_REACTORS
330
101A
102
}
330
1F
100
AcDbEntity
  8
Dimensions
100
AcDbDimension
  2
*D243
 10
-183.2500000000001
 20
520.0000000000001
 30
0.0
 11
-185.1514324693041
 21
427.5000000000001
 31
0.0
 70
    32
 71
     5
 42
185.0
 73
     0
 74
     0
 75
     0
  3
ISO-25
100
AcDbAlignedDimension
 13
-197.25
 23
335.0
 33
0.0
 14
-197.25
 24
520.0
 34
0.0
 50
270.0
100
AcDbRotatedDimension
  0
DIMENSION
  5
101B
330
1F
100
AcDbEntity
  8
Dimensions
100
AcDbDimension
  2
*D210
 10
-319.25
 20
527.0000000000004
 30
0.0
 11
-530.75
 21
528.9022851296047
 31
0.0
 70
    32
 71
     5
 42
423.0
 73
     0
 74
     0
 75
     0
  3
ISO-25
100
AcDbAlignedDimension
 13
-742.25
 23
335.0
 33
0.0
 14
-319.25
 24
471.0
 34
0.0
 50
180.0
100
AcDbRotatedDimension
  0
DIMENSION
  5
101C
102
{ACAD_XDICTIONARY
360
101D
102
}
102
{ACAD_REACTORS
330
101E
102
}
330
1F
100
AcDbEntity
  8
Dimensions
100
AcDbDimension
  2
*D244
 10
-742.25
 20
328.0000000000002
 30
0.0
 11
-469.7499999999999
 21
329.8963165075036
 31
0.0
 70
    32
 71
     5
 42
545.0
 73
     0
 74
     0
 75
     0
  3
ISO-25
100
AcDbAlignedDimension
 13
-197.25
 23
335.0
 33
0.0
 14
-742.25
 24
335.0
 34
0.0
 50
180.0
100
AcDbRotatedDimension
  0
DIMENSION
  5
101F
330
1F
100
AcDbEntity
  8
Dimensions
100
AcDbDimension
  2
*D211
 10
-323.6079162864009
 20
471.0000000000002
 30
0.0
 11
-325.5093487557048
 21
495.5000000000002
 31
0.0
 70
    32
 71
     5
 42
49.00000000000005
 73
     0
 74
     0
 75
     0
  3
ISO-25
100
AcDbAlignedDimension
 13
-319.25
 23
520.0
 33
0.0
 14
-319.25
 24
471.0
 34
0.0
 50
270.0
100
AcDbRotatedDimension
  0
LINE
  5
1020
102
{ACAD_REACTORS
330
1029
330
102E
102
}
330
1F
100
AcDbEntity
  8
Dimensions
100
AcDbLine
 10
-396.25
 20
668.0
 30
0.0
 11
-849.2499999999999
 21
668.0
 31
0.0
  0
LINE
  5
1021
330
1F
100
AcDbEntity
  8
Dimensions
100
AcDbLine
 10
-396.25
 20
1001.0
 30
0.0
 11
-928.2499999999998
 21
1001.0
 31
0.0
  0
TEXT
  5
1022
330
1F
100
AcDbEntity
  8
Dimension
100
AcDbText
 10
-1011.249998783333
 20
805.9999995991557
 30
0.0
 40
10.0
  1
side2
 50
90.0
100
AcDbText
  0
DIMENSION
  5
1023
330
1F
100
AcDbEntity
  8
Dimensions
100
AcDbDimension
  2
*D212
 10
-1071.25
 20
846.0000000000004
 30
0.0
 11
-1073.151432469304
 21
757.0000000000005
 31
0.0
 70
    32
 71
     5
 42
178.0000000000001
 73
     0
 74
     0
 75
     0
  3
ISO-25
100
AcDbAlignedDimension
 13
-928.25
 23
668.0
 33
0.0
 14
-928.25
 24
846.0
 34
0.0
 50
90.0
100
AcDbRotatedDimension
  0
TEXT
  5
1024
330
1F
100
AcDbEntity
  8
Dimension
100
AcDbText
 10
-700.0000015256299
 20
1010.249998717349
 30
0.0
 40
10.0
  1
side1
100
AcDbText
  0
LINE
  5
1026
330
1F
100
AcDbEntity
  8
Dimensions
100
AcDbLine
 10
-451.25
 20
690.0
 30
0.0
 11
-849.2499999999999
 21
690.0
 31
0.0
  0
DIMENSION
  5
1027
102
{ACAD_XDICTIONARY
360
1028
102
}
102
{ACAD_REACTORS
330
1029
102
}
330
1F
100
AcDbEntity
  8
Dimensions
100
AcDbDimension
  2
*D245
 10
-996.25
 20
635.0000000000003
 30
0.0
 11
-696.25
 21
636.9014324693046
 31
0.0
 70
    32
 71
     5
 42
600.0
 73
     0
 74
     0
 75
     0
  3
ISO-25
100
AcDbAlignedDimension
 13
-396.25
 23
668.0
 33
0.0
 14
-996.25
 24
668.0000000000001
 34
0.0
 50
180.0
100
AcDbRotatedDimension
  0
DIMENSION
  5
102A
330
1F
100
AcDbEntity
  8
Dimensions
100
AcDbDimension
  2
*D213
 10
-928.25
 20
610.0000000000004
 30
0.0
 11
-662.25
 21
611.9022851296048
 31
0.0
 70
    32
 71
     5
 42
532.0
 73
     0
 74
     0
 75
     0
  3
ISO-25
100
AcDbAlignedDimension
 13
-396.25
 23
667.375
 33
0.0
 14
-928.25
 24
846.0
 34
0.0
 50
180.0
100
AcDbRotatedDimension
  0
DIMENSION
  5
102B
330
1F
100
AcDbEntity
  8
Dimensions
100
AcDbDimension
  2
*D214
 10
-1039.25
 20
978.0000000000004
 30
0.0
 11
-1041.151432469304
 21
834.0000000000005
 31
0.0
 70
    32
 71
     5
 42
288.0000000000001
 73
     0
 74
     0
 75
     0
  3
ISO-25
100
AcDbAlignedDimension
 13
-849.2499999999999
 23
690.0
 33
0.0
 14
-849.2499999999999
 24
978.0
 34
0.0
 50
90.0
100
AcDbRotatedDimension
  0
DIMENSION
  5
102C
102
{ACAD_XDICTIONARY
360
102D
102
}
102
{ACAD_REACTORS
330
102E
102
}
330
1F
100
AcDbEntity
  8
Dimensions
100
AcDbDimension
  2
*D246
 10
-834.2500000000004
 20
690.0000000000002
 30
0.0
 11
-836.1301159618008
 21
679.0000000000003
 31
0.0
 70
    32
 71
     5
 42
22.0
 73
     0
 74
     0
 75
     0
  3
ISO-25
100
AcDbAlignedDimension
 13
-849.2499999999999
 23
668.0
 33
0.0
 14
-849.8749999999999
 24
690.0
 34
0.0
 50
90.0
100
AcDbRotatedDimension
  0
DIMENSION
  5
102F
330
1F
100
AcDbEntity
  8
Dimensions
100
AcDbDimension
  2
*D215
 10
-840.2500000000003
 20
1001.0
 30
0.0
 11
-842.1522851296041
 21
989.5000000000004
 31
0.0
 70
    32
 71
     5
 42
23.0
 73
     0
 74
     0
 75
     0
  3
ISO-25
100
AcDbAlignedDimension
 13
-849.8749999999999
 23
978.0
 33
0.0
 14
-849.2499999999999
 24
1001.0
 34
0.0
 50
90.0
100
AcDbRotatedDimension
  0
LINE
  5
1030
330
1F
100
AcDbEntity
  8
Dimensions
100
AcDbLine
 10
-451.25
 20
978.0
 30
0.0
 11
-849.2499999999999
 21
978.0
 31
0.0
  0
DIMENSION
  5
1032
330
1F
100
AcDbEntity
  8
Dimensions
100
AcDbDimension
  2
*D247
 10
-847.1286796564406
 20
687.8786796564404
 30
0.0
 11
-855.4953060046411
 21
699.0332167790326
 31
0.0
 70
    35
 71
     5
 42
6.0
 73
     0
 74
     0
 75
     0
  3
ISO-25
100
AcDbDiametricDimension
 15
-851.3713203435598
 25
692.1213203435597
 35
0.0
 40
0.0
1001
ACAD
1000
DSTYLE
1002
{
1070
   288
1070
     1
1002
}
1001
ACAD_DSTYLE_DIMRADIAL_EXTENSION
1070
   387
1070
     1
1070
   388
1040
0.0
1070
   390
1040
0.0
  0
DIMENSION
  5
1035
330
1F
100
AcDbEntity
  8
Dimensions
100
AcDbDimension
  2
*D248
 10
-915.5220779386423
 20
833.2720779386418
 30
0.0
 11
-945.7886357440724
 21
866.3265465184647
 31
0.0
 70
    35
 71
     5
 42
36.00000000000068
 73
     0
 74
     0
 75
     0
  3
ISO-25
100
AcDbDiametricDimension
 15
-940.9779220613581
 25
858.7279220613584
 35
0.0
 40
0.0
1001
ACAD
1000
DSTYLE
1002
{
1070
   288
1070
     1
1002
}
1001
ACAD_DSTYLE_DIMRADIAL_EXTENSION
1070
   387
1070
     1
1070
   388
1040
0.0
1070
   390
1040
0.0
  0
DIMENSION
  5
1039
330
1F
100
AcDbEntity
  8
Dimensions
100
AcDbDimension
  2
*D249
 10
-847.1286796564402
 20
975.8786796564404
 30
0.0
 11
-855.4953060046408
 21
987.0332167790325
 31
0.0
 70
    35
 71
     5
 42
6.0
 73
     0
 74
     0
 75
     0
  3
ISO-25
100
AcDbDiametricDimension
 15
-851.3713203435594
 25
980.1213203435596
 35
0.0
 40
0.0
1001
ACAD
1000
DSTYLE
1002
{
1070
   288
1070
     1
1002
}
1001
ACAD_DSTYLE_DIMRADIAL_EXTENSION
1070
   387
1070
     1
1070
   388
1040
0.0
1070
   390
1040
0.0
  0
DIMENSION
  5
103D
330
1F
100
AcDbEntity
  8
Dimensions
100
AcDbDimension
  2
*D250
 10
-449.1286796564406
 20
687.87867965644
 30
0.0
 11
-457.4953060046403
 21
699.0332167790329
 31
0.0
 70
    35
 71
     5
 42
6.0
 73
     0
 74
     0
 75
     0
  3
ISO-25
100
AcDbDiametricDimension
 15
-453.3713203435596
 25
692.1213203435597
 35
0.0
 40
0.0
1001
ACAD
1000
DSTYLE
1002
{
1070
   288
1070
     1
1002
}
1001
ACAD_DSTYLE_DIMRADIAL_EXTENSION
1070
   387
1070
     1
1070
   388
1040
0.0
1070
   390
1040
0.0
  0
DIMENSION
  5
1041
330
1F
100
AcDbEntity
  8
Dimensions
100
AcDbDimension
  2
*D251
 10
-449.1286796564406
 20
975.8786796564404
 30
0.0
 11
-457.4953060046408
 21
987.0332167790325
 31
0.0
 70
    35
 71
     5
 42
5.999999999999886
 73
     0
 74
     0
 75
     0
  3
ISO-25
100
AcDbDiametricDimension
 15
-453.3713203435597
 25
980.1213203435596
 35
0.0
 40
0.0
1001
ACAD
1000
DSTYLE
1002
{
1070
   288
1070
     1
1002
}
1001
ACAD_DSTYLE_DIMRADIAL_EXTENSION
1070
   387
1070
     1
1070
   388
1040
0.0
1070
   390
1040
0.0
  0
TEXT
  5
1044
330
1F
100
AcDbEntity
  8
Dimension
100
AcDbText
 10
-376.2499987173496
 20
801.99999847437
 30
0.0
 40
10.0
  1
side3
 50
90.0
100
AcDbText
  0
TEXT
  5
1045
330
1F
100
AcDbEntity
  8
Dimension
100
AcDbText
 10
-700.0000010272477
 20
650.2500000352647
 30
0.0
 40
10.0
  1
side4
100
AcDbText
  0
DIMENSION
  5
1046
330
1F
100
AcDbEntity
  8
Dimensions
100
AcDbDimension
  2
*D216
 10
-865.2499999999999
 20
705.0000000000004
 30
0.0
 11
-930.75
 21
706.9022851296048
 31
0.0
 70
    32
 71
     5
 42
131.0
 73
     0
 74
     0
 75
     0
  3
ISO-25
100
AcDbAlignedDimension
 13
-996.25
 23
668.0000000000001
 33
0.0
 14
-865.2499999999999
 24
668.0
 34
0.0
 50
180.0
100
AcDbRotatedDimension
  0
TEXT
  5
1047
330
1F
100
AcDbEntity
  8
Dimension
100
AcDbText
 10
-698.9999999999999
 20
819.25
 30
0.0
 40
10.0
  1
front
100
AcDbText
  0
LWPOLYLINE
  5
1048
330
1F
100
AcDbEntity
  8
Dimensions
 62
     3
100
AcDbPolyline
 90
        4
 70
     1
 43
0.0
 10
-396.25
 20
668.0
 10
-396.25
 20
1001.0
 10
-996.2499999999998
 20
1001.0
 10
-996.25
 20
668.0000000000001
  0
LWPOLYLINE
  5
1049
102
{ACAD_REACTORS
330
1055
330
105C
330
1085
102
}
330
1F
100
AcDbEntity
  8
Dimensions
 62
     3
100
AcDbPolyline
 90
        4
 70
     1
 43
0.0
 10
-317.2499999999999
 20
668.0
 10
-317.2499999999999
 20
1001.0
 10
-16.24999999999994
 20
1001.0
 10
-16.24999999999996
 20
668.0
  0
DIMENSION
  5
104A
102
{ACAD_XDICTIONARY
360
104B
102
}
102
{ACAD_REACTORS
330
104C
102
}
330
1F
100
AcDbEntity
  8
Dimensions
100
AcDbDimension
  2
*D252
 10
-183.2499999999998
 20
1169.0
 30
0.0
 11
-185.1514324693037
 21
1261.5
 31
0.0
 70
    32
 71
     5
 42
185.0
 73
     0
 74
     0
 75
     0
  3
ISO-25
100
AcDbAlignedDimension
 13
-197.2499999999999
 23
1354.0
 33
0.0
 14
-197.2499999999999
 24
1169.0
 34
0.0
 50
90.0
100
AcDbRotatedDimension
  0
DIMENSION
  5
104D
102
{ACAD_XDICTIONARY
360
104E
102
}
102
{ACAD_REACTORS
330
104F
102
}
330
1F
100
AcDbEntity
  8
Dimensions
100
AcDbDimension
  2
*D253
 10
-742.2499999999999
 20
1358.0
 30
0.0
 11
-469.7499999999999
 21
1359.896316507503
 31
0.0
 70
    32
 71
     5
 42
544.9999999999999
 73
     0
 74
     0
 75
     0
  3
ISO-25
100
AcDbAlignedDimension
 13
-197.2499999999999
 23
1354.34756968375
 33
0.0
 14
-742.2499999999999
 24
1354.0
 34
0.0
 50
180.0
100
AcDbRotatedDimension
  0
DIMENSION
  5
1050
330
1F
100
AcDbEntity
  8
Dimensions
100
AcDbDimension
  2
*D217
 10
-323.6079162864009
 20
1218.0
 30
0.0
 11
-325.5093487557047
 21
1193.5
 31
0.0
 70
    32
 71
     5
 42
49.0
 73
     0
 74
     0
 75
     0
  3
ISO-25
100
AcDbAlignedDimension
 13
-319.25
 23
1169.0
 33
0.0
 14
-319.2499999999999
 24
1218.0
 34
0.0
 50
90.0
100
AcDbRotatedDimension
  0
LWPOLYLINE
  5
1051
102
{ACAD_REACTORS
330
1017
330
101A
330
101E
102
}
330
1F
100
AcDbEntity
  8
Dimensions
 62
     3
100
AcDbPolyline
 90
        6
 70
     1
 43
0.0
 10
-197.25
 20
520.0
 10
-197.25
 20
335.0
 10
-742.25
 20
335.0
 10
-742.25
 20
471.0
 10
-319.25
 20
471.0
 10
-319.25
 20
520.0
  0
LWPOLYLINE
  5
1052
102
{ACAD_REACTORS
330
104C
330
104F
102
}
330
1F
100
AcDbEntity
  8
Dimensions
 62
     3
100
AcDbPolyline
 90
        6
 70
     1
 43
0.0
 10
-197.2499999999999
 20
1169.0
 10
-197.2499999999999
 20
1354.0
 10
-742.2499999999999
 20
1354.0
 10
-742.2499999999999
 20
1218.0
 10
-319.2499999999999
 20
1218.0
 10
-319.2499999999999
 20
1169.0
  0
DIMENSION
  5
1053
102
{ACAD_XDICTIONARY
360
1054
102
}
102
{ACAD_REACTORS
330
1055
102
}
330
1F
100
AcDbEntity
  8
Dimensions
100
AcDbDimension
  2
*D254
 10
-123.2499999999999
 20
648.0000000000002
 30
0.0
 11
-220.25
 21
649.9014324693044
 31
0.0
 70
    32
 71
     5
 42
194.0
 73
     0
 74
     0
 75
     0
  3
ISO-25
100
AcDbAlignedDimension
 13
-317.2499999999999
 23
668.0
 33
0.0
 14
-123.2499999999999
 24
1001.0
 34
0.0
 50
180.0
100
AcDbRotatedDimension
  0
DIMENSION
  5
1056
330
1F
100
AcDbEntity
  8
Dimensions
100
AcDbDimension
  2
*D218
 10
-119.2499999999999
 20
632.0000000000004
 30
0.0
 11
-218.25
 21
633.9014324693047
 31
0.0
 70
    32
 71
     5
 42
198.0
 73
     0
 74
     0
 75
     0
  3
ISO-25
100
AcDbAlignedDimension
 13
-317.2499999999999
 23
667.375
 33
0.0
 14
-119.2499999999999
 24
1001.0
 34
0.0
 50
180.0
100
AcDbRotatedDimension
  0
DIMENSION
  5
1057
330
1F
100
AcDbEntity
  8
Dimensions
100
AcDbDimension
  2
*D219
 10
-172.2499999999999
 20
618.0000000000005
 30
0.0
 11
-244.7499999999999
 21
619.9014324693047
 31
0.0
 70
    32
 71
     5
 42
145.0
 73
     0
 74
     0
 75
     0
  3
ISO-25
100
AcDbAlignedDimension
 13
-317.2499999999999
 23
666.75
 33
0.0
 14
-172.2499999999999
 24
1001.0
 34
0.0
 50
180.0
100
AcDbRotatedDimension
  0
DIMENSION
  5
1058
330
1F
100
AcDbEntity
  8
Dimensions
100
AcDbDimension
  2
*D220
 10
-56.24999999999996
 20
603.0000000000004
 30
0.0
 11
-186.7499999999999
 21
604.9014324693047
 31
0.0
 70
    32
 71
     5
 42
261.0
 73
     0
 74
     0
 75
     0
  3
ISO-25
100
AcDbAlignedDimension
 13
-317.2499999999999
 23
668.0
 33
0.0
 14
-56.24999999999993
 24
1001.0
 34
0.0
 50
180.0
100
AcDbRotatedDimension
  0
DIMENSION
  5
1059
330
1F
100
AcDbEntity
  8
Dimensions
100
AcDbDimension
  2
*D221
 10
-71.24999999999997
 20
589.0000000000005
 30
0.0
 11
-194.2499999999999
 21
590.9014324693047
 31
0.0
 70
    32
 71
     5
 42
246.0
 73
     0
 74
     0
 75
     0
  3
ISO-25
100
AcDbAlignedDimension
 13
-317.2499999999999
 23
668.0
 33
0.0
 14
-71.24999999999994
 24
1001.0
 34
0.0
 50
180.0
100
AcDbRotatedDimension
  0
DIMENSION
  5
105A
102
{ACAD_XDICTIONARY
360
105B
102
}
102
{ACAD_REACTORS
330
105C
102
}
330
1F
100
AcDbEntity
  8
Dimensions
100
AcDbDimension
  2
*D255
 10
-1.249999999999957
 20
702.0000000000003
 30
0.0
 11
-3.152285129604125
 21
685.0000000000002
 31
0.0
 70
    32
 71
     5
 42
34.00000000000011
 73
     0
 74
     0
 75
     0
  3
ISO-25
100
AcDbAlignedDimension
 13
-16.24999999999996
 23
668.0
 33
0.0
 14
-317.2499999999999
 24
702.0
 34
0.0
 50
90.0
100
AcDbRotatedDimension
  0
DIMENSION
  5
105D
330
1F
100
AcDbEntity
  8
Dimensions
100
AcDbDimension
  2
*D222
 10
-1.249999999999952
 20
782.0000000000005
 30
0.0
 11
-3.151432469303962
 21
742.0000000000002
 31
0.0
 70
    32
 71
     5
 42
80.00000000000023
 73
     0
 74
     0
 75
     0
  3
ISO-25
100
AcDbAlignedDimension
 13
-16.24999999999996
 23
702.0
 33
0.0
 14
-317.2499999999999
 24
782.0
 34
0.0
 50
90.0
100
AcDbRotatedDimension
  0
DIMENSION
  5
105E
330
1F
100
AcDbEntity
  8
Dimensions
100
AcDbDimension
  2
*D223
 10
-1.249999999999948
 20
843.0000000000005
 30
0.0
 11
-3.151432469303941
 21
812.5000000000001
 31
0.0
 70
    32
 71
     5
 42
61.00000000000012
 73
     0
 74
     0
 75
     0
  3
ISO-25
100
AcDbAlignedDimension
 13
-16.24999999999995
 23
782.0
 33
0.0
 14
-317.2499999999999
 24
843.0
 34
0.0
 50
90.0
100
AcDbRotatedDimension
  0
DIMENSION
  5
105F
330
1F
100
AcDbEntity
  8
Dimensions
100
AcDbDimension
  2
*D224
 10
-1.249999999999944
 20
912.0000000000006
 30
0.0
 11
-3.151432469303917
 21
877.5000000000002
 31
0.0
 70
    32
 71
     5
 42
69.00000000000011
 73
     0
 74
     0
 75
     0
  3
ISO-25
100
AcDbAlignedDimension
 13
-16.24999999999994
 23
843.0
 33
0.0
 14
-317.2499999999999
 24
912.0
 34
0.0
 50
90.0
100
AcDbRotatedDimension
  0
DIMENSION
  5
1060
330
1F
100
AcDbEntity
  8
Dimensions
100
AcDbDimension
  2
*D225
 10
-1.249999999999942
 20
943.0000000000005
 30
0.0
 11
-3.152285129604042
 21
927.5000000000002
 31
0.0
 70
    32
 71
     5
 42
31.00000000000012
 73
     0
 74
     0
 75
     0
  3
ISO-25
100
AcDbAlignedDimension
 13
-16.24999999999994
 23
912.0
 33
0.0
 14
-317.2499999999999
 24
943.0
 34
0.0
 50
90.0
100
AcDbRotatedDimension
  0
MULTILEADER
  5
1061
330
1F
100
AcDbEntity
  8
Dimensions
 92
      636
310
7C020000180000000C00000016000000000000C00C00000033000000000000000C00000013000000993A0000B800000026000000E45929B0463460C0EF64EBF6E1D58440000000000000000000000000000000000000000000000000000000000000F03F075C143326A6913C000000000000F03F0000000000000000370038
310
000000000002000000010000000000000000001040000000000000F03F0000000000000000000000000000F03F00000000000000000000000000000000000000000000000000000000010000002200000041007200690061006C00000000004600000000000C00000033000000000000000C00000010000000010000000C00
310
000016000000000000C00C00000012000000FF7F00000C00000013000000010000000C00000014000000010000005400000007000000030000004057B20B305A5FC05791F0DA755B84400000000000000000FDFFFFFFFFCF5EC000000000004084400000000000000000867F8E73F7995FC0DD8CF4B25F5484400000000000
310
0000000C00000014000000010000000C00000013000000891300003C0000000600000002000000636BA0BF137A5FC01A8FF2C6EA5784400000000000000000FFFFFFFFFF6760C0000000000088844000000000000000000C00000013000000112700003C0000000600000002000000FFFFFFFFFF6760C00000000000888440
310
0000000000000000FFFFFFFFFF6760C00000000000C8844000000000000000000C00000016000000000000C00C00000012000000FF7F00000C00000017000000000000000C000000130000009A3A00000C00000016000000000000C00C00000012000000FF7F00000C00000017000000FFFFFFFF0C00000033000000000000
310
00
100
AcDbMLeader
300
CONTEXT_DATA{
 40
1.0
 10
-131.25
 20
665.0
 30
0.0
 41
4.0
140
4.0
145
2.0
174
     1
175
     1
176
     0
177
     0
290
     1
304
78
 11
0.0
 21
0.0
 31
1.0
340
11
 12
-133.6499999999999
 22
667.0
 32
0.0
 13
0.0000000000000001
 23
1.0
 33
0.0
 42
1.570796326794896
 43
0.0
 44
0.0
 45
1.0
170
     1
 90
-1073741824
171
     1
172
     5
 91
-1073741824
141
0.0
 92
  4194304
291
     0
292
     0
173
     0
293
     0
142
0.0
143
0.0
294
     0
295
     0
296
     0
110
-123.2499999999999
120
648.0
130
0.0
111
0.0000000000000001
121
1.0
131
0.0
112
-1.0
122
0.0000000000000001
132
0.0
297
     0
302
LEADER{
290
     1
291
     1
 10
-131.25
 20
657.0
 30
0.0
 11
0.0000000000000001
 21
1.0
 31
0.0
 90
        0
 40
8.0
304
LEADER_LINE{
 10
-123.2499999999999
 20
648.0
 30
0.0
 91
        0
305
}
303
}
301
}
340
D8
 90
   279552
170
     1
 91
-1056964608
341
14
171
    -2
290
     1
291
     1
 41
8.0
 42
4.0
172
     2
343
11
173
     1
 95
        1
174
     1
175
     0
 92
-1056964608
292
     0
 93
-1056964608
 10
1.0
 20
1.0
 30
1.0
 43
0.0
176
     0
293
     0
294
     0
178
     0
179
     1
 45
1.0
1001
ACAD_MLEADERVER
1070
     2
  0
MULTILEADER
  5
1062
330
1F
100
AcDbEntity
  8
Dimensions
 92
      636
310
7C020000180000000C00000016000000000000C00C00000033000000000000000C00000013000000993A0000B800000026000000C7B352608D685BC04BBD4A32304E8440000000000000000000000000000000000000000000000000000000000000F03F075C143326A6913C000000000000F03F0000000000000000380032
310
000000004602000000010000000000000000001040000000000000F03F0000000000000000000000000000F03F00000000000000000000000000000000000000000000000000000000010000002200000041007200690061006C00000000004600000000000C00000033000000000000000C00000010000000010000000C00
310
000016000000000000C00C00000012000000FF7F00000C00000013000000010000000C00000014000000010000005400000007000000030000002407EE8ECFFC5CC05CBFAA2EDBD283400000000000000000FDFFFFFFFFCF5DC00000000000C0834000000000000000001905AA8A26395DC01B3F220E66DA83400000000000
310
0000000C00000014000000010000000C00000013000000891300003C00000006000000020000001F06CC0CFB1A5DC03C7F669EA0D683400000000000000000FDFFFFFFFFCF5BC0000000000000844000000000000000000C00000013000000112700003C0000000600000002000000FDFFFFFFFFCF5BC00000000000008440
310
0000000000000000FDFFFFFFFFCF5BC0000000000040844000000000000000000C00000016000000000000C00C00000012000000FF7F00000C00000017000000000000000C000000130000009A3A00000C00000016000000000000C00C00000012000000FF7F00000C00000017000000FFFFFFFF0C00000033000000000000
310
00
100
AcDbMLeader
300
CONTEXT_DATA{
 40
1.0
 10
-111.2499999999999
 20
648.0
 30
0.0
 41
4.0
140
4.0
145
2.0
174
     1
175
     1
176
     0
177
     0
290
     1
304
82
 11
0.0
 21
0.0
 31
1.0
340
11
 12
-113.6499999999999
 22
650.0
 32
0.0
 13
0.0000000000000001
 23
1.0
 33
0.0
 42
1.570796326794896
 43
0.0
 44
0.0
 45
1.0
170
     1
 90
-1073741824
171
     1
172
     5
 91
-1073741824
141
0.0
 92
  4194304
291
     0
292
     0
173
     0
293
     0
142
0.0
143
0.0
294
     0
295
     0
296
     0
110
-119.2499999999999
120
632.0
130
0.0
111
0.0000000000000001
121
1.0
131
0.0
112
-1.0
122
0.0000000000000001
132
0.0
297
     0
302
LEADER{
290
     1
291
     1
 10
-111.2499999999999
 20
640.0
 30
0.0
 11
0.0000000000000001
 21
1.0
 31
0.0
 90
        0
 40
8.0
304
LEADER_LINE{
 10
-119.2499999999999
 20
632.0
 30
0.0
 91
        0
305
}
303
}
301
}
340
D8
 90
   279552
170
     1
 91
-1056964608
341
14
171
    -2
290
     1
291
     1
 41
8.0
 42
4.0
172
     2
343
11
173
     1
 95
        1
174
     1
175
     0
 92
-1056964608
292
     0
 93
-1056964608
 10
1.0
 20
1.0
 30
1.0
 43
0.0
176
     0
293
     0
294
     0
178
     0
179
     1
 45
1.0
1001
ACAD_MLEADERVER
1070
     2
  0
MULTILEADER
  5
1063
330
1F
100
AcDbEntity
  8
Dimensions
 92
      636
310
7C020000180000000C00000016000000000000C00C00000033000000000000000C00000013000000993A0000B800000026000000E45929B0465466C0BE6067B8B0E68340000000000000000000000000000000000000000000000000000000000000F03F075C143326A6913C000000000000F03F0000000000000000320039
310
000000000002000000010000000000000000001040000000000000F03F0000000000000000000000000000F03F00000000000000000000000000000000000000000000000000000000010000002200000041007200690061006C00000000004600000000000C00000033000000000000000C00000010000000010000000C00
310
000016000000000000C00C00000012000000FF7F00000C00000013000000010000000C0000001400000001000000540000000700000003000000A02BD90518CD65C05791F0DA756B83400000000000000000FFFFFFFFFF8765C000000000005083400000000000000000C33FC7B9FBEC65C0DE8CF4B25F6483400000000000
310
0000000C00000014000000010000000C00000013000000891300003C0000000600000002000000B235D0DF09DD65C01A8FF2C6EA6783400000000000000000FFFFFFFFFF8766C0000000000098834000000000000000000C00000013000000112700003C0000000600000002000000FFFFFFFFFF8766C00000000000988340
310
0000000000000000FFFFFFFFFF8766C00000000000D8834000000000000000000C00000016000000000000C00C00000012000000FF7F00000C00000017000000000000000C000000130000009A3A00000C00000016000000000000C00C00000012000000FF7F00000C00000017000000FFFFFFFF0C00000033000000000000
310
00
100
AcDbMLeader
300
CONTEXT_DATA{
 40
1.0
 10
-180.25
 20
635.0
 30
0.0
 41
4.0
140
4.0
145
2.0
174
     1
175
     1
176
     0
177
     0
290
     1
304
29
 11
0.0
 21
0.0
 31
1.0
340
11
 12
-182.6499999999999
 22
637.0
 32
0.0
 13
0.0000000000000001
 23
1.0
 33
0.0
 42
1.570796326794896
 43
0.0
 44
0.0
 45
1.0
170
     1
 90
-1073741824
171
     1
172
     5
 91
-1073741824
141
0.0
 92
  4194304
291
     0
292
     0
173
     0
293
     0
142
0.0
143
0.0
294
     0
295
     0
296
     0
110
-172.2499999999999
120
618.0
130
0.0
111
0.0000000000000001
121
1.0
131
0.0
112
-1.0
122
0.0000000000000001
132
0.0
297
     0
302
LEADER{
290
     1
291
     1
 10
-180.25
 20
627.0
 30
0.0
 11
0.0000000000000001
 21
1.0
 31
0.0
 90
        0
 40
8.0
304
LEADER_LINE{
 10
-172.2499999999999
 20
618.0
 30
0.0
 91
        0
305
}
303
}
301
}
340
D8
 90
   279552
170
     1
 91
-1056964608
341
14
171
    -2
290
     1
291
     1
 41
8.0
 42
4.0
172
     2
343
11
173
     1
 95
        1
174
     1
175
     0
 92
-1056964608
292
     0
 93
-1056964608
 10
1.0
 20
1.0
 30
1.0
 43
0.0
176
     0
293
     0
294
     0
178
     0
179
     1
 45
1.0
1001
ACAD_MLEADERVER
1070
     2
  0
MULTILEADER
  5
1064
330
1F
100
AcDbEntity
  8
Dimensions
 92
      636
310
7C020000180000000C00000016000000000000C00C00000033000000000000000C00000013000000993A0000B8000000260000008D67A5C01A514FC0B14991E0216B8340000000000000000000000000000000000000000000000000000000000000F03F075C143326A6913C000000000000F03F0000000000000000310034
310
003500000003000000010000000000000000001040000000000000F03F0000000000000000000000000000F03F00000000000000000000000000000000000000000000000000000000010000002200000041007200690061006C00000000004600000000000C00000033000000000000000C00000010000000010000000C00
310
000016000000000000C00C00000012000000FF7F00000C00000013000000010000000C000000140000000100000054000000070000000300000080AE641760344DC05791F0DA75F382400000000000000000FBFFFFFFFF1F4CC00000000000D8824000000000000000000CFF1CE7EEB34DC0DE8CF4B25FEC82400000000000
310
0000000C00000014000000010000000C00000013000000891300003C0000000600000002000000C6D6407F27744DC01A8FF2C6EAEF82400000000000000000FDFFFFFFFF0F50C0000000000020834000000000000000000C00000013000000112700003C0000000600000002000000FDFFFFFFFF0F50C00000000000208340
310
0000000000000000FDFFFFFFFF0F50C0000000000060834000000000000000000C00000016000000000000C00C00000012000000FF7F00000C00000017000000000000000C000000130000009A3A00000C00000016000000000000C00C00000012000000FF7F00000C00000017000000FFFFFFFF0C00000033000000000000
310
00
100
AcDbMLeader
300
CONTEXT_DATA{
 40
1.0
 10
-64.24999999999996
 20
620.0
 30
0.0
 41
4.0
140
4.0
145
2.0
174
     1
175
     1
176
     0
177
     0
290
     1
304
145
 11
0.0
 21
0.0
 31
1.0
340
11
 12
-66.64999999999993
 22
622.0
 32
0.0
 13
0.0000000000000001
 23
1.0
 33
0.0
 42
1.570796326794896
 43
0.0
 44
0.0
 45
1.0
170
     1
 90
-1073741824
171
     1
172
     5
 91
-1073741824
141
0.0
 92
  4194304
291
     0
292
     0
173
     0
293
     0
142
0.0
143
0.0
294
     0
295
     0
296
     0
110
-56.24999999999996
120
603.0
130
0.0
111
0.0000000000000001
121
1.0
131
0.0
112
-1.0
122
0.0000000000000001
132
0.0
297
     0
302
LEADER{
290
     1
291
     1
 10
-64.24999999999996
 20
612.0
 30
0.0
 11
0.0000000000000001
 21
1.0
 31
0.0
 90
        0
 40
8.0
304
LEADER_LINE{
 10
-56.24999999999996
 20
603.0
 30
0.0
 91
        0
305
}
303
}
301
}
340
D8
 90
   279552
170
     1
 91
-1056964608
341
14
171
    -2
290
     1
291
     1
 41
8.0
 42
4.0
172
     2
343
11
173
     1
 95
        1
174
     1
175
     0
 92
-1056964608
292
     0
 93
-1056964608
 10
1.0
 20
1.0
 30
1.0
 43
0.0
176
     0
293
     0
294
     0
178
     0
179
     1
 45
1.0
1001
ACAD_MLEADERVER
1070
     2
  0
MULTILEADER
  5
1065
330
1F
100
AcDbEntity
  8
Dimensions
 92
      636
310
7C020000180000000C00000016000000000000C00C00000033000000000000000C00000013000000993A0000B800000026000000C7B352608D6853C0B14991E021FB8240000000000000000000000000000000000000000000000000000000000000F03F075C143326A6913C000000000000F03F0000000000000000310033
310
003000000003000000010000000000000000001040000000000000F03F0000000000000000000000000000F03F00000000000000000000000000000000000000000000000000000000010000002200000041007200690061006C00000000004600000000000C00000033000000000000000C00000010000000010000000C00
310
000016000000000000C00C00000012000000FF7F00000C00000013000000010000000C00000014000000010000005400000007000000030000004057B20B305A52C05791F0DA758382400000000000000000FDFFFFFFFFCF51C000000000006882400000000000000000867F8E73F79952C0DE8CF4B25F7C82400000000000
310
0000000C00000014000000010000000C00000013000000891300003C0000000600000002000000636BA0BF137A52C01A8FF2C6EA7F82400000000000000000FDFFFFFFFFCF53C00000000000B0824000000000000000000C00000013000000112700003C0000000600000002000000FDFFFFFFFFCF53C00000000000B08240
310
0000000000000000FDFFFFFFFFCF53C00000000000F0824000000000000000000C00000016000000000000C00C00000012000000FF7F00000C00000017000000000000000C000000130000009A3A00000C00000016000000000000C00C00000012000000FF7F00000C00000017000000FFFFFFFF0C00000033000000000000
310
00
100
AcDbMLeader
300
CONTEXT_DATA{
 40
1.0
 10
-79.24999999999996
 20
606.0
 30
0.0
 41
4.0
140
4.0
145
2.0
174
     1
175
     1
176
     0
177
     0
290
     1
304
130
 11
0.0
 21
0.0
 31
1.0
340
11
 12
-81.64999999999993
 22
608.0
 32
0.0
 13
0.0000000000000001
 23
1.0
 33
0.0
 42
1.570796326794896
 43
0.0
 44
0.0
 45
1.0
170
     1
 90
-1073741824
171
     1
172
     5
 91
-1073741824
141
0.0
 92
  4194304
291
     0
292
     0
173
     0
293
     0
142
0.0
143
0.0
294
     0
295
     0
296
     0
110
-71.24999999999996
120
589.0
130
0.0
111
0.0000000000000001
121
1.0
131
0.0
112
-1.0
122
0.0000000000000001
132
0.0
297
     0
302
LEADER{
290
     1
291
     1
 10
-79.24999999999996
 20
598.0
 30
0.0
 11
0.0000000000000001
 21
1.0
 31
0.0
 90
        0
 40
8.0
304
LEADER_LINE{
 10
-71.24999999999996
 20
589.0
 30
0.0
 91
        0
305
}
303
}
301
}
340
D8
 90
   279552
170
     1
 91
-1056964608
341
14
171
    -2
290
     1
291
     1
 41
8.0
 42
4.0
172
     2
343
11
173
     1
 95
        1
174
     1
175
     0
 92
-1056964608
292
     0
 93
-1056964608
 10
1.0
 20
1.0
 30
1.0
 43
0.0
176
     0
293
     0
294
     0
178
     0
179
     1
 45
1.0
1001
ACAD_MLEADERVER
1070
     2
  0
DIMENSION
  5
1067
330
1F
100
AcDbEntity
  8
Dimensions
100
AcDbDimension
  2
*D256
 10
-170.4822330470334
 20
700.2322330470335
 30
0.0
 11
-178.1489876766108
 21
710.6868984510026
 31
0.0
 70
    35
 71
     5
 42
5.000000000000227
 73
     0
 74
     0
 75
     0
  3
ISO-25
100
AcDbDiametricDimension
 15
-174.0177669529663
 25
703.7677669529663
 35
0.0
 40
0.0
1001
ACAD
1000
DSTYLE
1002
{
1070
   288
1070
     1
1002
}
1001
ACAD_DSTYLE_DIMRADIAL_EXTENSION
1070
   387
1070
     1
1070
   388
1040
0.0
1070
   390
1040
0.0
  0
DIMENSION
  5
106B
330
1F
100
AcDbEntity
  8
Dimensions
100
AcDbDimension
  2
*D257
 10
-54.48223304703379
 20
700.2322330470335
 30
0.0
 11
-62.14898767661072
 21
710.6868984510024
 31
0.0
 70
    35
 71
     5
 42
4.999999999999772
 73
     0
 74
     0
 75
     0
  3
ISO-25
100
AcDbDiametricDimension
 15
-58.01776695296627
 25
703.7677669529662
 35
0.0
 40
0.0
1001
ACAD
1000
DSTYLE
1002
{
1070
   288
1070
     1
1002
}
1001
ACAD_DSTYLE_DIMRADIAL_EXTENSION
1070
   387
1070
     1
1070
   388
1040
0.0
1070
   390
1040
0.0
  0
DIMENSION
  5
106F
330
1F
100
AcDbEntity
  8
Dimensions
100
AcDbDimension
  2
*D258
 10
-54.48223304703379
 20
780.2322330470338
 30
0.0
 11
-62.14898767661072
 21
790.6868984510024
 31
0.0
 70
    35
 71
     5
 42
4.999999999999545
 73
     0
 74
     0
 75
     0
  3
ISO-25
100
AcDbDiametricDimension
 15
-58.01776695296621
 25
783.7677669529661
 35
0.0
 40
0.0
1001
ACAD
1000
DSTYLE
1002
{
1070
   288
1070
     1
1002
}
1001
ACAD_DSTYLE_DIMRADIAL_EXTENSION
1070
   387
1070
     1
1070
   388
1040
0.0
1070
   390
1040
0.0
  0
DIMENSION
  5
1073
330
1F
100
AcDbEntity
  8
Dimensions
100
AcDbDimension
  2
*D259
 10
-170.4822330470335
 20
780.2322330470335
 30
0.0
 11
-178.1489876766109
 21
790.6868984510026
 31
0.0
 70
    35
 71
     5
 42
5.000000000000227
 73
     0
 74
     0
 75
     0
  3
ISO-25
100
AcDbDiametricDimension
 15
-174.0177669529665
 25
783.7677669529664
 35
0.0
 40
0.0
1001
ACAD
1000
DSTYLE
1002
{
1070
   288
1070
     1
1002
}
1001
ACAD_DSTYLE_DIMRADIAL_EXTENSION
1070
   387
1070
     1
1070
   388
1040
0.0
1070
   390
1040
0.0
  0
DIMENSION
  5
107B
330
1F
100
AcDbEntity
  8
Dimensions
100
AcDbDimension
  2
*D261
 10
-115.4718254069479
 20
904.221825406948
 30
0.0
 11
-135.8304473694424
 21
927.3683581438341
 31
0.0
 70
    35
 71
     5
 42
22.0
 73
     0
 74
     0
 75
     0
  3
ISO-25
100
AcDbDiametricDimension
 15
-131.0281745930521
 25
919.778174593052
 35
0.0
 40
0.0
1001
ACAD
1000
DSTYLE
1002
{
1070
   288
1070
     1
1002
}
1001
ACAD_DSTYLE_DIMRADIAL_EXTENSION
1070
   387
1070
     1
1070
   388
1040
0.0
1070
   390
1040
0.0
  0
DIMENSION
  5
107F
330
1F
100
AcDbEntity
  8
Dimensions
100
AcDbDimension
  2
*D262
 10
-63.47182540694797
 20
935.221825406948
 30
0.0
 11
-83.83044736944265
 21
958.3683581438343
 31
0.0
 70
    35
 71
     5
 42
22.0
 73
     0
 74
     0
 75
     0
  3
ISO-25
100
AcDbDiametricDimension
 15
-79.02817459305197
 25
950.778174593052
 35
0.0
 40
0.0
1001
ACAD
1000
DSTYLE
1002
{
1070
   288
1070
     1
1002
}
1001
ACAD_DSTYLE_DIMRADIAL_EXTENSION
1070
   387
1070
     1
1070
   388
1040
0.0
1070
   390
1040
0.0
  0
DIMENSION
  5
1083
102
{ACAD_XDICTIONARY
360
1084
102
}
102
{ACAD_REACTORS
330
1085
102
}
330
1F
100
AcDbEntity
  8
Dimensions
100
AcDbDimension
  2
*D263
 10
-257.2500000000001
 20
1025.0
 30
0.0
 11
-287.25
 21
1026.901432469304
 31
0.0
 70
    32
 71
     5
 42
59.99999999999989
 73
     0
 74
     0
 75
     0
  3
ISO-25
100
AcDbAlignedDimension
 13
-317.2499999999999
 23
1001.0
 33
0.0
 14
-257.2500000000001
 24
668.0
 34
0.0
 50
180.0
100
AcDbRotatedDimension
  0
DIMENSION
  5
1086
330
1F
100
AcDbEntity
  8
Dimensions
100
AcDbDimension
  2
*D226
 10
-337.25
 20
936.0000000000002
 30
0.0
 11
-339.1514324693039
 21
968.5000000000002
 31
0.0
 70
    32
 71
     5
 42
65.00000000000011
 73
     0
 74
     0
 75
     0
  3
ISO-25
100
AcDbAlignedDimension
 13
-317.2499999999999
 23
1001.0
 33
0.0
 14
-197.2499999999999
 24
936.0
 34
0.0
 50
90.0
100
AcDbRotatedDimension
  0
DIMENSION
  5
1087
330
1F
100
AcDbEntity
  8
Dimensions
100
AcDbDimension
  2
*D227
 10
-337.25
 20
836.0000000000002
 30
0.0
 11
-339.151432469304
 21
886.0000000000002
 31
0.0
 70
    32
 71
     5
 42
100.0000000000001
 73
     0
 74
     0
 75
     0
  3
ISO-25
100
AcDbAlignedDimension
 13
-317.2499999999999
 23
936.0
 33
0.0
 14
-197.2499999999999
 24
836.0
 34
0.0
 50
90.0
100
AcDbRotatedDimension
  0
DIMENSION
  5
1089
330
1F
100
AcDbEntity
  8
Dimensions
100
AcDbDimension
  2
*D264
 10
-254.7751262658471
 20
933.5251262658472
 30
0.0
 11
-268.25
 21
946.9999999999995
 31
0.0
 70
   163
 71
     5
 42
6.999999999999772
 73
     0
 74
     0
 75
     0
  3
ISO-25
100
AcDbDiametricDimension
 15
-259.7248737341528
 25
938.4748737341526
 35
0.0
 40
0.0
1001
ACAD
1000
DSTYLE
1002
{
1070
   288
1070
     1
1002
}
1001
ACAD_DSTYLE_DIMRADIAL_EXTENSION
1070
   387
1070
     1
1070
   388
1040
0.0
1070
   390
1040
0.0
  0
DIMENSION
  5
108D
330
1F
100
AcDbEntity
  8
Dimensions
100
AcDbDimension
  2
*D265
 10
-254.7751262658469
 20
833.525126265847
 30
0.0
 11
-268.2500000000004
 21
847.0
 31
0.0
 70
   163
 71
     5
 42
7.0
 73
     0
 74
     0
 75
     0
  3
ISO-25
100
AcDbDiametricDimension
 15
-259.7248737341529
 25
838.4748737341528
 35
0.0
 40
0.0
1001
ACAD
1000
DSTYLE
1002
{
1070
   288
1070
     1
1002
}
1001
ACAD_DSTYLE_DIMRADIAL_EXTENSION
1070
   387
1070
     1
1070
   388
1040
0.0
1070
   390
1040
0.0
  0
TEXT
  5
1090
330
1F
100
AcDbEntity
  8
Dimension
100
AcDbText
 10
-475.2499999047708
 20
1372.99999757439
 30
0.0
 40
10.0
  1
side1
 50
90.0
100
AcDbText
  0
TEXT
  5
1091
330
1F
100
AcDbEntity
  8
Dimension
100
AcDbText
 10
-484.2500000064419
 20
261.0000008102234
 30
0.0
 40
10.0
  1
side4
 50
90.0
100
AcDbText
  0
DIMENSION
  5
1092
330
1F
100
AcDbEntity
  8
Dimensions
100
AcDbDimension
  2
*D228
 10
-262.25
 20
353.0000000000002
 30
0.0
 11
-229.7499999999999
 21
354.9014324693045
 31
0.0
 70
    32
 71
     5
 42
64.99999999999997
 73
     0
 74
     0
 75
     0
  3
ISO-25
100
AcDbAlignedDimension
 13
-197.2499999999999
 23
520.0
 33
0.0
 14
-262.25
 24
520.0
 34
0.0
 50
180.0
100
AcDbRotatedDimension
  0
DIMENSION
  5
1093
330
1F
100
AcDbEntity
  8
Dimensions
100
AcDbDimension
  2
*D229
 10
-287.25
 20
353.0000000000002
 30
0.0
 11
-274.75
 21
354.9014324693045
 31
0.0
 70
    32
 71
     5
 42
25.0
 73
     0
 74
     0
 75
     0
  3
ISO-25
100
AcDbAlignedDimension
 13
-262.25
 23
520.0
 33
0.0
 14
-287.25
 24
520.0
 34
0.0
 50
180.0
100
AcDbRotatedDimension
  0
DIMENSION
  5
1094
330
1F
100
AcDbEntity
  8
Dimensions
100
AcDbDimension
  2
*D230
 10
-303.2500000000001
 20
435.0000000000002
 30
0.0
 11
-305.1514324693041
 21
477.5000000000001
 31
0.0
 70
    32
 71
     5
 42
84.99999999999994
 73
     0
 74
     0
 75
     0
  3
ISO-25
100
AcDbAlignedDimension
 13
-197.2499999999999
 23
520.0
 33
0.0
 14
-197.2499999999999
 24
435.0
 34
0.0
 50
90.0
100
AcDbRotatedDimension
  0
CIRCLE
  5
1095
102
{ACAD_REACTORS
330
1098
330
32B9
102
}
330
1F
100
AcDbEntity
  8
0
100
AcDbCircle
 10
-288.25
 20
435.0
 30
0.0
 40
3.5
  0
DIMENSION
  5
1096
102
{ACAD_XDICTIONARY
360
1097
102
}
102
{ACAD_REACTORS
330
1098
102
}
330
1F
100
AcDbEntity
  8
Dimensions
100
AcDbDimension
  2
*D266
 10
-285.775126265847
 20
432.5251262658469
 30
0.0
 11
-299.2500000000002
 21
446.0000000000002
 31
0.0
 70
   163
 71
     5
 42
7.000000000000113
 73
     0
 74
     0
 75
     0
  3
ISO-25
100
AcDbDiametricDimension
 15
-290.724873734153
 25
437.4748737341529
 35
0.0
 40
0.0
1001
ACAD
1000
DSTYLE
1002
{
1070
   288
1070
     1
1002
}
1001
ACAD_DSTYLE_DIMRADIAL_EXTENSION
1070
   387
1070
     1
1070
   388
1040
0.0
1070
   390
1040
0.0
  0
CIRCLE
  5
1099
102
{ACAD_REACTORS
330
109C
330
32B9
102
}
330
1F
100
AcDbEntity
  8
0
100
AcDbCircle
 10
-263.25
 20
435.0
 30
0.0
 40
3.5
  0
DIMENSION
  5
109A
102
{ACAD_XDICTIONARY
360
109B
102
}
102
{ACAD_REACTORS
330
109C
102
}
330
1F
100
AcDbEntity
  8
Dimensions
100
AcDbDimension
  2
*D267
 10
-260.775126265847
 20
432.5251262658469
 30
0.0
 11
-274.2499999999998
 21
446.0
 31
0.0
 70
   163
 71
     5
 42
7.000000000000113
 73
     0
 74
     0
 75
     0
  3
ISO-25
100
AcDbDiametricDimension
 15
-265.7248737341529
 25
437.4748737341529
 35
0.0
 40
0.0
1001
ACAD
1000
DSTYLE
1002
{
1070
   288
1070
     1
1002
}
1001
ACAD_DSTYLE_DIMRADIAL_EXTENSION
1070
   387
1070
     1
1070
   388
1040
0.0
1070
   390
1040
0.0
  0
DIMENSION
  5
109D
330
1F
100
AcDbEntity
  8
Dimensions
100
AcDbDimension
  2
*D231
 10
-749.2500000000002
 20
391.0000000000002
 30
0.0
 11
-751.1514324693043
 21
431.0000000000003
 31
0.0
 70
    32
 71
     5
 42
80.00000000000017
 73
     0
 74
     0
 75
     0
  3
ISO-25
100
AcDbAlignedDimension
 13
-742.25
 23
471.0
 33
0.0
 14
-197.2499999999999
 24
391.0
 34
0.0
 50
90.0
100
AcDbRotatedDimension
  0
DIMENSION
  5
109E
330
1F
100
AcDbEntity
  8
Dimensions
100
AcDbDimension
  2
*D232
 10
-637.25
 20
382.0000000000003
 30
0.0
 11
-689.7499999999999
 21
383.9014324693045
 31
0.0
 70
    32
 71
     5
 42
105.0
 73
     0
 74
     0
 75
     0
  3
ISO-25
100
AcDbAlignedDimension
 13
-742.25
 23
391.0000000000001
 33
0.0
 14
-637.25
 24
391.0000000000001
 34
0.0
 50
180.0
100
AcDbRotatedDimension
  0
DIMENSION
  5
109F
330
1F
100
AcDbEntity
  8
Dimensions
100
AcDbDimension
  2
*D233
 10
-467.25
 20
382.0000000000002
 30
0.0
 11
-552.2499999999999
 21
383.9014324693044
 31
0.0
 70
    32
 71
     5
 42
170.0
 73
     0
 74
     0
 75
     0
  3
ISO-25
100
AcDbAlignedDimension
 13
-637.25
 23
391.0000000000001
 33
0.0
 14
-467.25
 24
391.0000000000001
 34
0.0
 50
180.0
100
AcDbRotatedDimension
  0
DIMENSION
  5
10A0
330
1F
100
AcDbEntity
  8
Dimensions
100
AcDbDimension
  2
*D234
 10
-297.25
 20
382.0000000000002
 30
0.0
 11
-382.25
 21
383.9014324693044
 31
0.0
 70
    32
 71
     5
 42
170.0
 73
     0
 74
     0
 75
     0
  3
ISO-25
100
AcDbAlignedDimension
 13
-467.25
 23
391.0000000000001
 33
0.0
 14
-297.25
 24
391.0
 34
0.0
 50
180.0
100
AcDbRotatedDimension
  0
CIRCLE
  5
10A1
102
{ACAD_REACTORS
330
10A4
330
32B9
102
}
330
1F
100
AcDbEntity
  8
0
100
AcDbCircle
 10
-638.25
 20
391.0000000000001
 30
0.0
 40
1.5
  0
DIMENSION
  5
10A2
102
{ACAD_XDICTIONARY
360
10A3
102
}
102
{ACAD_REACTORS
330
10A4
102
}
330
1F
100
AcDbEntity
  8
Dimensions
100
AcDbDimension
  2
*D268
 10
-637.1893398282201
 20
389.9393398282203
 30
0.0
 11
-643.4352487547412
 21
398.973159529133
 31
0.0
 70
    35
 71
     5
 42
3.0
 73
     0
 74
     0
 75
     0
  3
ISO-25
100
AcDbDiametricDimension
 15
-639.3106601717797
 25
392.0606601717799
 35
0.0
 40
0.0
1001
ACAD
1000
DSTYLE
1002
{
1070
   288
1070
     1
1002
}
1001
ACAD_DSTYLE_DIMRADIAL_EXTENSION
1070
   387
1070
     1
1070
   388
1040
0.0
1070
   390
1040
0.0
  0
CIRCLE
  5
10A5
102
{ACAD_REACTORS
330
10A8
330
32B9
102
}
330
1F
100
AcDbEntity
  8
0
100
AcDbCircle
 10
-468.25
 20
391.0000000000001
 30
0.0
 40
1.5
  0
DIMENSION
  5
10A6
102
{ACAD_XDICTIONARY
360
10A7
102
}
102
{ACAD_REACTORS
330
10A8
102
}
330
1F
100
AcDbEntity
  8
Dimensions
100
AcDbDimension
  2
*D269
 10
-467.18933982822
 20
389.9393398282203
 30
0.0
 11
-473.4352487547417
 21
398.9731595291328
 31
0.0
 70
    35
 71
     5
 42
3.0
 73
     0
 74
     0
 75
     0
  3
ISO-25
100
AcDbDiametricDimension
 15
-469.3106601717799
 25
392.0606601717798
 35
0.0
 40
0.0
1001
ACAD
1000
DSTYLE
1002
{
1070
   288
1070
     1
1002
}
1001
ACAD_DSTYLE_DIMRADIAL_EXTENSION
1070
   387
1070
     1
1070
   388
1040
0.0
1070
   390
1040
0.0
  0
CIRCLE
  5
10A9
102
{ACAD_REACTORS
330
10AC
330
32B9
102
}
330
1F
100
AcDbEntity
  8
0
100
AcDbCircle
 10
-298.25
 20
391.0
 30
0.0
 40
1.5
  0
DIMENSION
  5
10AA
102
{ACAD_XDICTIONARY
360
10AB
102
}
102
{ACAD_REACTORS
330
10AC
102
}
330
1F
100
AcDbEntity
  8
Dimensions
100
AcDbDimension
  2
*D270
 10
-297.1893398282203
 20
389.9393398282203
 30
0.0
 11
-303.4352487547413
 21
398.973159529133
 31
0.0
 70
    35
 71
     5
 42
2.999999999999886
 73
     0
 74
     0
 75
     0
  3
ISO-25
100
AcDbDiametricDimension
 15
-299.3106601717799
 25
392.0606601717799
 35
0.0
 40
0.0
1001
ACAD
1000
DSTYLE
1002
{
1070
   288
1070
     1
1002
}
1001
ACAD_DSTYLE_DIMRADIAL_EXTENSION
1070
   387
1070
     1
1070
   388
1040
0.0
1070
   390
1040
0.0
  0
DIMENSION
  5
10AD
330
1F
100
AcDbEntity
  8
Dimensions
100
AcDbDimension
  2
*D235
 10
-171.2499999999999
 20
1210.0
 30
0.0
 11
-173.1301159618004
 21
1189.5
 31
0.0
 70
    32
 71
     5
 42
41.0
 73
     0
 74
     0
 75
     0
  3
ISO-25
100
AcDbAlignedDimension
 13
-197.2499999999999
 23
1169.0
 33
0.0
 14
-197.2499999999999
 24
1210.0
 34
0.0
 50
90.0
100
AcDbRotatedDimension
  0
DIMENSION
  5
10AE
330
1F
100
AcDbEntity
  8
Dimensions
100
AcDbDimension
  2
*D236
 10
-171.2499999999999
 20
1307.0
 30
0.0
 11
-173.1514324693038
 21
1258.5
 31
0.0
 70
    32
 71
     5
 42
97.0
 73
     0
 74
     0
 75
     0
  3
ISO-25
100
AcDbAlignedDimension
 13
-319.2499999999999
 23
1210.0
 33
0.0
 14
-197.2499999999999
 24
1307.0
 34
0.0
 50
90.0
100
AcDbRotatedDimension
  0
DIMENSION
  5
10AF
330
1F
100
AcDbEntity
  8
Dimensions
100
AcDbDimension
  2
*D237
 10
-171.2499999999999
 20
1328.0
 30
0.0
 11
-173.1301159618004
 21
1317.5
 31
0.0
 70
    32
 71
     5
 42
21.0
 73
     0
 74
     0
 75
     0
  3
ISO-25
100
AcDbAlignedDimension
 13
-742.2499999999999
 23
1307.0
 33
0.0
 14
-742.2499999999999
 24
1328.0
 34
0.0
 50
90.0
100
AcDbRotatedDimension
  0
DIMENSION
  5
10B0
330
1F
100
AcDbEntity
  8
Dimensions
100
AcDbDimension
  2
*D238
 10
-207.2499999999999
 20
1166.000000000001
 30
0.0
 11
-202.2499999999999
 21
1167.901432469305
 31
0.0
 70
    32
 71
     5
 42
10.0
 73
     0
 74
     0
 75
     0
  3
ISO-25
100
AcDbAlignedDimension
 13
-197.2499999999999
 23
1169.0
 33
0.0
 14
-207.2499999999999
 24
1354.0
 34
0.0
 50
180.0
100
AcDbRotatedDimension
  0
DIMENSION
  5
10B1
330
1F
100
AcDbEntity
  8
Dimensions
100
AcDbDimension
  2
*D239
 10
-297.25
 20
1166.000000000001
 30
0.0
 11
-252.2499999999999
 21
1167.901432469305
 31
0.0
 70
    32
 71
     5
 42
90.00000000000003
 73
     0
 74
     0
 75
     0
  3
ISO-25
100
AcDbAlignedDimension
 13
-207.2499999999999
 23
1169.0
 33
0.0
 14
-297.25
 24
1169.0
 34
0.0
 50
180.0
100
AcDbRotatedDimension
  0
DIMENSION
  5
10B2
330
1F
100
AcDbEntity
  8
Dimensions
100
AcDbDimension
  2
*D240
 10
-464.2499999999999
 20
1166.000000000001
 30
0.0
 11
-380.75
 21
1167.901432469305
 31
0.0
 70
    32
 71
     5
 42
167.0
 73
     0
 74
     0
 75
     0
  3
ISO-25
100
AcDbAlignedDimension
 13
-297.25
 23
1354.0
 33
0.0
 14
-464.2499999999999
 24
1354.0
 34
0.0
 50
180.0
100
AcDbRotatedDimension
  0
DIMENSION
  5
10B3
330
1F
100
AcDbEntity
  8
Dimensions
100
AcDbDimension
  2
*D241
 10
-520.2499999999998
 20
1166.000000000001
 30
0.0
 11
-492.2499999999998
 21
1167.901432469305
 31
0.0
 70
    32
 71
     5
 42
55.99999999999994
 73
     0
 74
     0
 75
     0
  3
ISO-25
100
AcDbAlignedDimension
 13
-464.2499999999999
 23
1218.0
 33
0.0
 14
-520.2499999999998
 24
1354.0
 34
0.0
 50
180.0
100
AcDbRotatedDimension
  0
CIRCLE
  5
10B4
102
{ACAD_REACTORS
330
10B7
330
32B8
102
}
330
1F
100
AcDbEntity
  8
0
100
AcDbCircle
 10
-296.4999999999999
 20
1210.0
 30
0.0
 40
2.5
  0
DIMENSION
  5
10B5
102
{ACAD_XDICTIONARY
360
10B6
102
}
102
{ACAD_REACTORS
330
10B7
102
}
330
1F
100
AcDbEntity
  8
Dimensions
100
AcDbDimension
  2
*D271
 10
-294.7322330470332
 20
1208.232233047033
 30
0.0
 11
-302.3989876766099
 21
1218.686898451003
 31
0.0
 70
    35
 71
     5
 42
5.000000000000454
 73
     0
 74
     0
 75
     0
  3
ISO-25
100
AcDbDiametricDimension
 15
-298.267766952966
 25
1211.767766952966
 35
0.0
 40
0.0
1001
ACAD
1000
DSTYLE
1002
{
1070
   288
1070
     1
1002
}
1001
ACAD_DSTYLE_DIMRADIAL_EXTENSION
1070
   387
1070
     1
1070
   388
1040
0.0
1070
   390
1040
0.0
  0
CIRCLE
  5
10B8
102
{ACAD_REACTORS
330
10BB
330
32B8
102
}
330
1F
100
AcDbEntity
  8
0
100
AcDbCircle
 10
-296.4999999999998
 20
1307.0
 30
0.0
 40
2.5
  0
DIMENSION
  5
10B9
102
{ACAD_XDICTIONARY
360
10BA
102
}
102
{ACAD_REACTORS
330
10BB
102
}
330
1F
100
AcDbEntity
  8
Dimensions
100
AcDbDimension
  2
*D272
 10
-294.7322330470335
 20
1305.232233047034
 30
0.0
 11
-302.3989876766109
 21
1315.686898451002
 31
0.0
 70
    35
 71
     5
 42
4.999999999999772
 73
     0
 74
     0
 75
     0
  3
ISO-25
100
AcDbDiametricDimension
 15
-298.2677669529662
 25
1308.767766952966
 35
0.0
 40
0.0
1001
ACAD
1000
DSTYLE
1002
{
1070
   288
1070
     1
1002
}
1001
ACAD_DSTYLE_DIMRADIAL_EXTENSION
1070
   387
1070
     1
1070
   388
1040
0.0
1070
   390
1040
0.0
  0
CIRCLE
  5
10BC
102
{ACAD_REACTORS
330
10BF
330
32B8
102
}
330
1F
100
AcDbEntity
  8
0
100
AcDbCircle
 10
-206.4999999999999
 20
1210.0
 30
0.0
 40
2.5
  0
DIMENSION
  5
10BD
102
{ACAD_XDICTIONARY
360
10BE
102
}
102
{ACAD_REACTORS
330
10BF
102
}
330
1F
100
AcDbEntity
  8
Dimensions
100
AcDbDimension
  2
*D273
 10
-204.7322330470332
 20
1208.232233047033
 30
0.0
 11
-212.3989876766108
 21
1218.686898451002
 31
0.0
 70
    35
 71
     5
 42
5.000000000000227
 73
     0
 74
     0
 75
     0
  3
ISO-25
100
AcDbDiametricDimension
 15
-208.2677669529662
 25
1211.767766952966
 35
0.0
 40
0.0
1001
ACAD
1000
DSTYLE
1002
{
1070
   288
1070
     1
1002
}
1001
ACAD_DSTYLE_DIMRADIAL_EXTENSION
1070
   387
1070
     1
1070
   388
1040
0.0
1070
   390
1040
0.0
  0
CIRCLE
  5
10C0
102
{ACAD_REACTORS
330
10C3
330
32B8
102
}
330
1F
100
AcDbEntity
  8
0
100
AcDbCircle
 10
-206.4999999999998
 20
1307.0
 30
0.0
 40
2.5
  0
DIMENSION
  5
10C1
102
{ACAD_XDICTIONARY
360
10C2
102
}
102
{ACAD_REACTORS
330
10C3
102
}
330
1F
100
AcDbEntity
  8
Dimensions
100
AcDbDimension
  2
*D274
 10
-204.7322330470334
 20
1305.232233047034
 30
0.0
 11
-212.3989876766109
 21
1315.686898451002
 31
0.0
 70
    35
 71
     5
 42
4.999999999999772
 73
     0
 74
     0
 75
     0
  3
ISO-25
100
AcDbDiametricDimension
 15
-208.2677669529662
 25
1308.767766952966
 35
0.0
 40
0.0
1001
ACAD
1000
DSTYLE
1002
{
1070
   288
1070
     1
1002
}
1001
ACAD_DSTYLE_DIMRADIAL_EXTENSION
1070
   387
1070
     1
1070
   388
1040
0.0
1070
   390
1040
0.0
  0
DIMENSION
  5
10C5
330
1F
100
AcDbEntity
  8
Dimensions
100
AcDbDimension
  2
*D275
 10
-518.4822330470334
 20
1305.232233047034
 30
0.0
 11
-526.1489876766105
 21
1315.686898451002
 31
0.0
 70
    35
 71
     5
 42
4.999999999999772
 73
     0
 74
     0
 75
     0
  3
ISO-25
100
AcDbDiametricDimension
 15
-522.017766952966
 25
1308.767766952966
 35
0.0
 40
0.0
1001
ACAD
1000
DSTYLE
1002
{
1070
   288
1070
     1
1002
}
1001
ACAD_DSTYLE_DIMRADIAL_EXTENSION
1070
   387
1070
     1
1070
   388
1040
0.0
1070
   390
1040
0.0
  0
DIMENSION
  5
10C9
330
1F
100
AcDbEntity
  8
Dimensions
100
AcDbDimension
  2
*D276
 10
-518.4822330470336
 20
1326.232233047034
 30
0.0
 11
-526.1489876766114
 21
1336.686898451002
 31
0.0
 70
    35
 71
     5
 42
5.0
 73
     0
 74
     0
 75
     0
  3
ISO-25
100
AcDbDiametricDimension
 15
-522.0177669529664
 25
1329.767766952967
 35
0.0
 40
0.0
1001
ACAD
1000
DSTYLE
1002
{
1070
   288
1070
     1
1002
}
1001
ACAD_DSTYLE_DIMRADIAL_EXTENSION
1070
   387
1070
     1
1070
   388
1040
0.0
1070
   390
1040
0.0
  0
DIMENSION
  5
10CD
330
1F
100
AcDbEntity
  8
Dimensions
100
AcDbDimension
  2
*D277
 10
-462.4822330470336
 20
1326.232233047034
 30
0.0
 11
-470.1489876766112
 21
1336.686898451002
 31
0.0
 70
    35
 71
     5
 42
4.999999999999772
 73
     0
 74
     0
 75
     0
  3
ISO-25
100
AcDbDiametricDimension
 15
-466.0177669529665
 25
1329.767766952966
 35
0.0
 40
0.0
1001
ACAD
1000
DSTYLE
1002
{
1070
   288
1070
     1
1002
}
1001
ACAD_DSTYLE_DIMRADIAL_EXTENSION
1070
   387
1070
     1
1070
   388
1040
0.0
1070
   390
1040
0.0
  0
DIMENSION
  5
10D1
330
1F
100
AcDbEntity
  8
Dimensions
100
AcDbDimension
  2
*D278
 10
-462.4822330470336
 20
1305.232233047034
 30
0.0
 11
-470.148987676611
 21
1315.686898451002
 31
0.0
 70
    35
 71
     5
 42
4.999999999999772
 73
     0
 74
     0
 75
     0
  3
ISO-25
100
AcDbDiametricDimension
 15
-466.0177669529665
 25
1308.767766952966
 35
0.0
 40
0.0
1001
ACAD
1000
DSTYLE
1002
{
1070
   288
1070
     1
1002
}
1001
ACAD_DSTYLE_DIMRADIAL_EXTENSION
1070
   387
1070
     1
1070
   388
1040
0.0
1070
   390
1040
0.0
  0
LWPOLYLINE
  5
10D4
330
1F
100
AcDbEntity
  8
Dimensions
100
AcDbPolyline
 90
        4
 70
     1
 43
0.0
 10
-394.7499999999999
 20
997.4999999999999
 10
-997.7499999999999
 20
997.5000000000001
 10
-997.75
 20
671.5000000000001
 10
-394.7499999999999
 20
671.4999999999999
  0
INSERT
  5
10D5
102
{ACAD_REACTORS
330
32B9
102
}
330
1F
100
AcDbEntity
  8
0
100
AcDbBlockReference
  2
Insert2
 10
-758.6358712435322
 20
-391.2800099422938
 30
0.0
 50
90.0
  0
INSERT
  5
10D6
102
{ACAD_REACTORS
330
32B8
102
}
330
1F
100
AcDbEntity
  8
0
100
AcDbBlockReference
  2
Insert3
 10
-179.2699568861411
 20
300.8958139769764
 30
0.0
 41
-1.0
 50
270.0
  0
LWPOLYLINE
  5
10D7
330
1F
100
AcDbEntity
  8
Dimensions
100
AcDbPolyline
 90
        4
 70
     1
 43
0.0
 10
-315.7499999999999
 20
997.4999999999999
 10
-315.7499999999999
 20
671.4999999999999
 10
-17.74999999999996
 20
671.4999999999999
 10
-17.74999999999994
 20
997.4999999999999
  0
LWPOLYLINE
  5
10D8
330
1F
100
AcDbEntity
  8
Dimension
100
AcDbPolyline
 90
        6
 70
     0
 43
0.0
 10
-317.2500000000001
 20
170.0
 10
-207.2500000000001
 20
170.0
 42
-0.4142135623730951
 10
-197.25
 20
160.0
 10
-197.25
 20
10.00000000000001
 42
-0.4142135623730962
 10
-207.2500000000001
 20
0.0000000000000127
 10
-217.2500000000001
 20
0.0000000000000133
  0
DIMENSION
  5
2729
102
{ACAD_XDICTIONARY
360
272A
102
}
102
{ACAD_REACTORS
330
272B
102
}
330
1F
100
AcDbEntity
  8
Dimensions
100
AcDbDimension
  2
*D436
 10
112.0
 20
987.4999999999992
 30
0.0
 11
116.0
 21
989.4014324693035
 31
0.0
 70
    32
 71
     5
 42
8.0
 73
     0
 74
     0
 75
     0
  3
ISO-25
100
AcDbAlignedDimension
 13
120.0
 23
690.0
 33
0.0
 14
112.0
 24
982.4999999999993
 34
0.0
100
AcDbRotatedDimension
  0
DIMENSION
  5
272C
330
1F
100
AcDbEntity
  8
Dimensions
100
AcDbDimension
  2
*D389
 10
114.0
 20
669.0
 30
0.0
 11
316.0
 21
670.9014324693042
 31
0.0
 70
    32
 71
     5
 42
404.0
 73
     0
 74
     0
 75
     0
  3
ISO-25
100
AcDbAlignedDimension
 13
518.0
 23
978.0
 33
0.0
 14
114.0
 24
684.0
 34
0.0
100
AcDbRotatedDimension
  0
DIMENSION
  5
272D
330
1F
100
AcDbEntity
  8
Dimensions
100
AcDbDimension
  2
*D390
 10
69.00000000000185
 20
684.0000000000002
 30
0.0
 11
67.09856753069782
 21
831.0
 31
0.0
 70
    32
 71
     5
 42
294.0
 73
     0
 74
     0
 75
     0
  3
ISO-25
100
AcDbAlignedDimension
 13
518.0
 23
978.0
 33
0.0
 14
114.0
 24
684.0
 34
0.0
 50
90.0
100
AcDbRotatedDimension
  0
DIMENSION
  5
272E
102
{ACAD_XDICTIONARY
360
272F
102
}
102
{ACAD_REACTORS
330
2730
102
}
330
1F
100
AcDbEntity
  8
Dimensions
100
AcDbDimension
  2
*D437
 10
107.0000000000012
 20
682.4999999999995
 30
0.0
 11
104.8777285129618
 21
686.2499999999998
 31
0.0
 70
    32
 71
     5
 42
7.500000000000568
 73
     0
 74
     0
 75
     0
  3
ISO-25
100
AcDbAlignedDimension
 13
518.0
 23
690.0
 33
0.0
 14
112.0
 24
682.4999999999993
 34
0.0
 50
90.0
100
AcDbRotatedDimension
  0
DIMENSION
  5
2731
330
1F
100
AcDbEntity
  8
Dimensions
100
AcDbDimension
  2
*D391
 10
104.0000000000018
 20
684.0000000000002
 30
0.0
 11
102.0985675306978
 21
717.0
 31
0.0
 70
    32
 71
     5
 42
65.99999999999988
 73
     0
 74
     0
 75
     0
  3
ISO-25
100
AcDbAlignedDimension
 13
495.0
 23
750.0
 33
0.0
 14
114.0
 24
684.0
 34
0.0
 50
90.0
100
AcDbRotatedDimension
  0
DIMENSION
  5
2732
330
1F
100
AcDbEntity
  8
Dimensions
100
AcDbDimension
  2
*D392
 10
99.00000000000188
 20
684.0000000000002
 30
0.0
 11
97.09856753069782
 21
756.5000000000001
 31
0.0
 70
    32
 71
     5
 42
145.0
 73
     0
 74
     0
 75
     0
  3
ISO-25
100
AcDbAlignedDimension
 13
480.0
 23
829.0
 33
0.0
 14
114.0
 24
684.0
 34
0.0
 50
90.0
100
AcDbRotatedDimension
  0
DIMENSION
  5
2733
330
1F
100
AcDbEntity
  8
Dimensions
100
AcDbDimension
  2
*D393
 10
94.00000000000185
 20
684.0000000000002
 30
0.0
 11
92.09856753069781
 21
771.5000000000001
 31
0.0
 70
    32
 71
     5
 42
175.0
 73
     0
 74
     0
 75
     0
  3
ISO-25
100
AcDbAlignedDimension
 13
271.0
 23
859.0
 33
0.0
 14
114.0
 24
684.0
 34
0.0
 50
90.0
100
AcDbRotatedDimension
  0
DIMENSION
  5
2734
330
1F
100
AcDbEntity
  8
Dimensions
100
AcDbDimension
  2
*D394
 10
74.00000000000185
 20
684.0000000000002
 30
0.0
 11
72.09856753069782
 21
828.5000000000001
 31
0.0
 70
    32
 71
     5
 42
289.0
 73
     0
 74
     0
 75
     0
  3
ISO-25
100
AcDbAlignedDimension
 13
276.5
 23
973.0
 33
0.0
 14
114.0
 24
684.0
 34
0.0
 50
90.0
100
AcDbRotatedDimension
  0
DIMENSION
  5
2735
102
{ACAD_XDICTIONARY
360
2736
102
}
102
{ACAD_REACTORS
330
2737
102
}
330
1F
100
AcDbEntity
  8
Dimensions
100
AcDbDimension
  2
*D438
 10
79.00000000000105
 20
684.0000000000002
 30
0.0
 11
76.87261255116085
 21
810.2499999999997
 31
0.0
 70
    32
 71
     5
 42
252.4999999999995
 73
     0
 74
     0
 75
     0
  3
ISO-25
100
AcDbAlignedDimension
 13
137.0
 23
936.4999999999993
 33
0.0
 14
114.0
 24
684.0
 34
0.0
 50
90.0
100
AcDbRotatedDimension
  0
DIMENSION
  5
2738
102
{ACAD_XDICTIONARY
360
2739
102
}
102
{ACAD_REACTORS
330
273A
102
}
330
1F
100
AcDbEntity
  8
Dimensions
100
AcDbDimension
  2
*D439
 10
84.00000000000105
 20
684.0000000000002
 30
0.0
 11
81.87261255116085
 21
797.7499999999998
 31
0.0
 70
    32
 71
     5
 42
227.4999999999995
 73
     0
 74
     0
 75
     0
  3
ISO-25
100
AcDbAlignedDimension
 13
137.0
 23
911.4999999999993
 33
0.0
 14
114.0
 24
684.0
 34
0.0
 50
90.0
100
AcDbRotatedDimension
  0
DIMENSION
  5
273B
330
1F
100
AcDbEntity
  8
Dimensions
100
AcDbDimension
  2
*D395
 10
89.00000000000185
 20
684.0000000000002
 30
0.0
 11
87.09856753069781
 21
793.5000000000001
 31
0.0
 70
    32
 71
     5
 42
219.0
 73
     0
 74
     0
 75
     0
  3
ISO-25
100
AcDbAlignedDimension
 13
276.5
 23
903.0
 33
0.0
 14
114.0
 24
684.0
 34
0.0
 50
90.0
100
AcDbRotatedDimension
  0
DIMENSION
  5
273C
330
1F
100
AcDbEntity
  8
Dimensions
100
AcDbDimension
  2
*D396
 10
534.0
 20
684.0000000000002
 30
0.0
 11
534.0
 21
782.0
 31
0.0
 70
   160
 71
     5
 42
228.0000000000001
 73
     0
 74
     0
 75
     0
  3
ISO-25
100
AcDbAlignedDimension
 13
320.0
 23
912.0
 33
0.0
 14
524.0
 24
684.0
 34
0.0
 50
90.0
100
AcDbRotatedDimension
  0
DIMENSION
  5
273D
330
1F
100
AcDbEntity
  8
Dimensions
100
AcDbDimension
  2
*D397
 10
529.000000000002
 20
684.0000000000002
 30
0.0
 11
527.0985675306977
 21
741.5
 31
0.0
 70
    32
 71
     5
 42
115.0000000000001
 73
     0
 74
     0
 75
     0
  3
ISO-25
100
AcDbAlignedDimension
 13
512.0
 23
799.0
 33
0.0
 14
524.0
 24
684.0
 34
0.0
 50
90.0
100
AcDbRotatedDimension
  0
DIMENSION
  5
273E
330
1F
100
AcDbEntity
  8
Dimensions
100
AcDbDimension
  2
*D398
 10
539.000000000002
 20
684.0000000000002
 30
0.0
 11
537.0985675306977
 21
829.4999999999999
 31
0.0
 70
    32
 71
     5
 42
291.0000000000001
 73
     0
 74
     0
 75
     0
  3
ISO-25
100
AcDbAlignedDimension
 13
501.0
 23
975.0
 33
0.0
 14
524.0
 24
684.0
 34
0.0
 50
90.0
100
AcDbRotatedDimension
  0
DIMENSION
  5
273F
330
1F
100
AcDbEntity
  8
Dimensions
100
AcDbDimension
  2
*D399
 10
114.0
 20
1019.0
 30
0.0
 11
292.5
 21
1020.902285129604
 31
0.0
 70
    32
 71
     5
 42
357.0
 73
     0
 74
     0
 75
     0
  3
ISO-25
100
AcDbAlignedDimension
 13
471.0
 23
912.0
 33
0.0
 14
114.0
 24
984.0
 34
0.0
100
AcDbRotatedDimension
  0
DIMENSION
  5
2740
330
1F
100
AcDbEntity
  8
Dimensions
100
AcDbDimension
  2
*D400
 10
114.0
 20
1014.0
 30
0.0
 11
217.0
 21
1015.901432469304
 31
0.0
 70
    32
 71
     5
 42
206.0
 73
     0
 74
     0
 75
     0
  3
ISO-25
100
AcDbAlignedDimension
 13
320.0
 23
912.0
 33
0.0
 14
114.0
 24
984.0
 34
0.0
100
AcDbRotatedDimension
  0
DIMENSION
  5
2741
330
1F
100
AcDbEntity
  8
Dimensions
100
AcDbDimension
  2
*D401
 10
114.0
 20
839.0
 30
0.0
 11
297.0
 21
840.9022851296043
 31
0.0
 70
    32
 71
     5
 42
366.0
 73
     0
 74
     0
 75
     0
  3
ISO-25
100
AcDbAlignedDimension
 13
480.0
 23
829.0
 33
0.0
 14
114.0
 24
829.0
 34
0.0
100
AcDbRotatedDimension
  0
DIMENSION
  5
2742
330
1F
100
AcDbEntity
  8
Dimensions
100
AcDbDimension
  2
*D402
 10
114.0
 20
834.0
 30
0.0
 11
207.5
 21
835.9014324693042
 31
0.0
 70
    32
 71
     5
 42
187.0
 73
     0
 74
     0
 75
     0
  3
ISO-25
100
AcDbAlignedDimension
 13
301.0
 23
829.0
 33
0.0
 14
114.0
 24
829.0
 34
0.0
100
AcDbRotatedDimension
  0
DIMENSION
  5
2743
330
1F
100
AcDbEntity
  8
Dimensions
100
AcDbDimension
  2
*D403
 10
114.0
 20
864.0
 30
0.0
 11
148.0
 21
865.9014324693043
 31
0.0
 70
    32
 71
     5
 42
68.0
 73
     0
 74
     0
 75
     0
  3
ISO-25
100
AcDbAlignedDimension
 13
182.0
 23
859.0
 33
0.0
 14
114.0
 24
859.0
 34
0.0
100
AcDbRotatedDimension
  0
DIMENSION
  5
2744
330
1F
100
AcDbEntity
  8
Dimensions
100
AcDbDimension
  2
*D404
 10
114.0
 20
869.0
 30
0.0
 11
208.0
 21
869.0
 31
0.0
 70
   160
 71
     5
 42
157.0
 73
     0
 74
     0
 75
     0
  3
ISO-25
100
AcDbAlignedDimension
 13
271.0
 23
859.0
 33
0.0
 14
114.0
 24
859.0
 34
0.0
100
AcDbRotatedDimension
  0
DIMENSION
  5
2745
330
1F
100
AcDbEntity
  8
Dimensions
100
AcDbDimension
  2
*D405
 10
114.0
 20
755.0
 30
0.0
 11
124.0
 21
756.9014324693043
 31
0.0
 70
    32
 71
     5
 42
20.0
 73
     0
 74
     0
 75
     0
  3
ISO-25
100
AcDbAlignedDimension
 13
134.0
 23
750.0
 33
0.0
 14
114.0
 24
684.0
 34
0.0
100
AcDbRotatedDimension
  0
DIMENSION
  5
2746
330
1F
100
AcDbEntity
  8
Dimensions
100
AcDbDimension
  2
*D406
 10
114.0
 20
760.0
 30
0.0
 11
229.0
 21
761.9022851296043
 31
0.0
 70
    32
 71
     5
 42
230.0
 73
     0
 74
     0
 75
     0
  3
ISO-25
100
AcDbAlignedDimension
 13
344.0
 23
750.0
 33
0.0
 14
114.0
 24
684.0
 34
0.0
100
AcDbRotatedDimension
  0
DIMENSION
  5
2747
330
1F
100
AcDbEntity
  8
Dimensions
100
AcDbDimension
  2
*D407
 10
114.0
 20
765.0
 30
0.0
 11
304.5
 21
766.9022851296043
 31
0.0
 70
    32
 71
     5
 42
381.0
 73
     0
 74
     0
 75
     0
  3
ISO-25
100
AcDbAlignedDimension
 13
495.0
 23
750.0
 33
0.0
 14
114.0
 24
684.0
 34
0.0
100
AcDbRotatedDimension
  0
DIMENSION
  5
2748
330
1F
100
AcDbEntity
  8
Dimensions
100
AcDbDimension
  2
*D408
 10
114.0
 20
674.0
 30
0.0
 11
313.0
 21
675.9022851296044
 31
0.0
 70
    32
 71
     5
 42
398.0
 73
     0
 74
     0
 75
     0
  3
ISO-25
100
AcDbAlignedDimension
 13
512.0
 23
799.0
 33
0.0
 14
114.0
 24
684.0
 34
0.0
100
AcDbRotatedDimension
  0
DIMENSION
  5
2749
330
1F
100
AcDbEntity
  8
Dimensions
100
AcDbDimension
  2
*D409
 10
114.0
 20
679.0
 30
0.0
 11
307.5
 21
680.9022851296044
 31
0.0
 70
    32
 71
     5
 42
387.0
 73
     0
 74
     0
 75
     0
  3
ISO-25
100
AcDbAlignedDimension
 13
501.0
 23
975.0
 33
0.0
 14
114.0
 24
684.0
 34
0.0
100
AcDbRotatedDimension
  0
DIMENSION
  5
274A
330
1F
100
AcDbEntity
  8
Dimensions
100
AcDbDimension
  2
*D410
 10
114.0
 20
994.0
 30
0.0
 11
126.5
 21
995.9014324693042
 31
0.0
 70
    32
 71
     5
 42
25.0
 73
     0
 74
     0
 75
     0
  3
ISO-25
100
AcDbAlignedDimension
 13
139.0
 23
912.5
 33
0.0
 14
114.0
 24
984.0
 34
0.0
100
AcDbRotatedDimension
  0
DIMENSION
  5
274B
102
{ACAD_XDICTIONARY
360
274C
102
}
102
{ACAD_REACTORS
330
274D
102
}
330
1F
100
AcDbEntity
  8
Dimensions
100
AcDbDimension
  2
*D440
 10
114.0
 20
999.0
 30
0.0
 11
145.0
 21
1000.901432469304
 31
0.0
 70
    32
 71
     5
 42
62.0
 73
     0
 74
     0
 75
     0
  3
ISO-25
100
AcDbAlignedDimension
 13
176.0
 23
901.4999999999993
 33
0.0
 14
114.0
 24
984.0
 34
0.0
100
AcDbRotatedDimension
  0
DIMENSION
  5
274E
102
{ACAD_XDICTIONARY
360
274F
102
}
102
{ACAD_REACTORS
330
2750
102
}
330
1F
100
AcDbEntity
  8
Dimensions
100
AcDbDimension
  2
*D441
 10
114.0
 20
1004.0
 30
0.0
 11
169.5
 21
1005.880115961801
 31
0.0
 70
    32
 71
     5
 42
111.0
 73
     0
 74
     0
 75
     0
  3
ISO-25
100
AcDbAlignedDimension
 13
225.0
 23
901.4999999999993
 33
0.0
 14
114.0
 24
984.0
 34
0.0
100
AcDbRotatedDimension
  0
DIMENSION
  5
2751
330
1F
100
AcDbEntity
  8
Dimensions
100
AcDbDimension
  2
*D411
 10
114.0
 20
1009.0
 30
0.0
 11
195.0
 21
1010.901432469304
 31
0.0
 70
    32
 71
     5
 42
162.0
 73
     0
 74
     0
 75
     0
  3
ISO-25
100
AcDbAlignedDimension
 13
276.0
 23
903.0
 33
0.0
 14
114.0
 24
984.0
 34
0.0
100
AcDbRotatedDimension
  0
CIRCLE
  5
2752
102
{ACAD_REACTORS
330
2755
102
}
330
1F
100
AcDbEntity
  8
Dimensions
100
AcDbCircle
 10
120.0
 20
690.0
 30
0.0
 40
3.0
  0
DIMENSION
  5
2753
102
{ACAD_XDICTIONARY
360
2754
102
}
102
{ACAD_REACTORS
330
2755
102
}
330
1F
100
AcDbEntity
  8
Dimensions
100
AcDbDimension
  2
*D442
 10
117.8786796564412
 20
687.8786796564404
 30
0.0
 11
129.9999999999988
 21
700.0000000000007
 31
0.0
 70
   163
 71
     5
 42
5.999999999999772
 73
     0
 74
     0
 75
     0
  3
ISO-25
100
AcDbDiametricDimension
 15
122.1213203435598
 25
692.1213203435601
 35
0.0
 40
0.0
1001
ACAD
1000
DSTYLE
1002
{
1070
   288
1070
     1
1002
}
1001
ACAD_DSTYLE_DIMRADIAL_EXTENSION
1070
   387
1070
     1
1070
   388
1040
0.0
1070
   390
1040
0.0
  0
CIRCLE
  5
2756
102
{ACAD_REACTORS
330
2759
102
}
330
1F
100
AcDbEntity
  8
Dimensions
100
AcDbCircle
 10
518.0
 20
690.0
 30
0.0
 40
3.0
  0
DIMENSION
  5
2757
102
{ACAD_XDICTIONARY
360
2758
102
}
102
{ACAD_REACTORS
330
2759
102
}
330
1F
100
AcDbEntity
  8
Dimensions
100
AcDbDimension
  2
*D412
 10
515.8786796564401
 20
687.8786796564402
 30
0.0
 11
528.0000000000002
 21
699.9999999999987
 31
0.0
 70
   163
 71
     5
 42
6.0
 73
     0
 74
     0
 75
     0
  3
ISO-25
100
AcDbDiametricDimension
 15
520.1213203435595
 25
692.1213203435593
 35
0.0
 40
0.0
1001
ACAD
1000
DSTYLE
1002
{
1070
   288
1070
     1
1002
}
1001
ACAD_DSTYLE_DIMRADIAL_EXTENSION
1070
   387
1070
     1
1070
   388
1040
0.0
1070
   390
1040
0.0
  0
CIRCLE
  5
275A
102
{ACAD_REACTORS
330
275D
102
}
330
1F
100
AcDbEntity
  8
Dimensions
100
AcDbCircle
 10
518.0
 20
978.0
 30
0.0
 40
3.0
  0
DIMENSION
  5
275B
102
{ACAD_XDICTIONARY
360
275C
102
}
102
{ACAD_REACTORS
330
275D
102
}
330
1F
100
AcDbEntity
  8
Dimensions
100
AcDbDimension
  2
*D413
 10
515.8786796564409
 20
975.8786796564413
 30
0.0
 11
528.0000000000002
 21
987.9999999999993
 31
0.0
 70
   163
 71
     5
 42
5.999999999999317
 73
     0
 74
     0
 75
     0
  3
ISO-25
100
AcDbDiametricDimension
 15
520.12132034356
 25
980.1213203435597
 35
0.0
 40
0.0
1001
ACAD
1000
DSTYLE
1002
{
1070
   288
1070
     1
1002
}
1001
ACAD_DSTYLE_DIMRADIAL_EXTENSION
1070
   387
1070
     1
1070
   388
1040
0.0
1070
   390
1040
0.0
  0
CIRCLE
  5
275E
102
{ACAD_REACTORS
330
2761
102
}
330
1F
100
AcDbEntity
  8
Dimensions
100
AcDbCircle
 10
120.0
 20
977.9999999999999
 30
0.0
 40
3.0
  0
DIMENSION
  5
275F
102
{ACAD_XDICTIONARY
360
2760
102
}
102
{ACAD_REACTORS
330
2761
102
}
330
1F
100
AcDbEntity
  8
Dimensions
100
AcDbDimension
  2
*D414
 10
117.8786796564404
 20
975.87867965644
 30
0.0
 11
129.9999999999988
 21
988.0000000000004
 31
0.0
 70
   163
 71
     5
 42
6.000000000000113
 73
     0
 74
     0
 75
     0
  3
ISO-25
100
AcDbDiametricDimension
 15
122.1213203435594
 25
980.1213203435597
 35
0.0
 40
0.0
1001
ACAD
1000
DSTYLE
1002
{
1070
   288
1070
     1
1002
}
1001
ACAD_DSTYLE_DIMRADIAL_EXTENSION
1070
   387
1070
     1
1070
   388
1040
0.0
1070
   390
1040
0.0
  0
CIRCLE
  5
2762
102
{ACAD_REACTORS
330
2765
102
}
330
1F
100
AcDbEntity
  8
Dimensions
100
AcDbCircle
 10
139.0
 20
938.0
 30
0.0
 40
4.5
  0
DIMENSION
  5
2763
102
{ACAD_XDICTIONARY
360
2764
102
}
102
{ACAD_REACTORS
330
2765
102
}
330
1F
100
AcDbEntity
  8
Dimensions
100
AcDbDimension
  2
*D415
 10
135.8180194846607
 20
934.8180194846609
 30
0.0
 11
149.0
 21
947.9999999999995
 31
0.0
 70
   163
 71
     5
 42
9.0
 73
     0
 74
     0
 75
     0
  3
ISO-25
100
AcDbDiametricDimension
 15
142.1819805153397
 25
941.1819805153395
 35
0.0
 40
0.0
1001
ACAD
1000
DSTYLE
1002
{
1070
   288
1070
     1
1002
}
1001
ACAD_DSTYLE_DIMRADIAL_EXTENSION
1070
   387
1070
     1
1070
   388
1040
0.0
1070
   390
1040
0.0
  0
CIRCLE
  5
2766
102
{ACAD_REACTORS
330
2769
102
}
330
1F
100
AcDbEntity
  8
Dimensions
100
AcDbCircle
 10
139.0
 20
913.0
 30
0.0
 40
4.5
  0
DIMENSION
  5
2767
102
{ACAD_XDICTIONARY
360
2768
102
}
102
{ACAD_REACTORS
330
2769
102
}
330
1F
100
AcDbEntity
  8
Dimensions
100
AcDbDimension
  2
*D416
 10
135.8180194846603
 20
909.8180194846603
 30
0.0
 11
148.9999999999998
 21
922.9999999999993
 31
0.0
 70
   163
 71
     5
 42
9.000000000000682
 73
     0
 74
     0
 75
     0
  3
ISO-25
100
AcDbDiametricDimension
 15
142.1819805153398
 25
916.1819805153395
 35
0.0
 40
0.0
1001
ACAD
1000
DSTYLE
1002
{
1070
   288
1070
     1
1002
}
1001
ACAD_DSTYLE_DIMRADIAL_EXTENSION
1070
   387
1070
     1
1070
   388
1040
0.0
1070
   390
1040
0.0
  0
CIRCLE
  5
276A
102
{ACAD_REACTORS
330
276D
102
}
330
1F
100
AcDbEntity
  8
Dimensions
100
AcDbCircle
 10
178.0
 20
903.0
 30
0.0
 40
4.5
  0
DIMENSION
  5
276B
102
{ACAD_XDICTIONARY
360
276C
102
}
102
{ACAD_REACTORS
330
276D
102
}
330
1F
100
AcDbEntity
  8
Dimensions
100
AcDbDimension
  2
*D417
 10
174.8180194846604
 20
899.8180194846607
 30
0.0
 11
188.0000000000002
 21
912.9999999999993
 31
0.0
 70
   163
 71
     5
 42
8.999999999999886
 73
     0
 74
     0
 75
     0
  3
ISO-25
100
AcDbDiametricDimension
 15
181.1819805153395
 25
906.1819805153392
 35
0.0
 40
0.0
1001
ACAD
1000
DSTYLE
1002
{
1070
   288
1070
     1
1002
}
1001
ACAD_DSTYLE_DIMRADIAL_EXTENSION
1070
   387
1070
     1
1070
   388
1040
0.0
1070
   390
1040
0.0
  0
CIRCLE
  5
276E
102
{ACAD_REACTORS
330
2771
102
}
330
1F
100
AcDbEntity
  8
Dimensions
100
AcDbCircle
 10
227.0
 20
903.0
 30
0.0
 40
4.5
  0
DIMENSION
  5
276F
102
{ACAD_XDICTIONARY
360
2770
102
}
102
{ACAD_REACTORS
330
2771
102
}
330
1F
100
AcDbEntity
  8
Dimensions
100
AcDbDimension
  2
*D418
 10
223.8180194846609
 20
899.8180194846609
 30
0.0
 11
237.0
 21
912.9999999999995
 31
0.0
 70
   163
 71
     5
 42
9.000000000000113
 73
     0
 74
     0
 75
     0
  3
ISO-25
100
AcDbDiametricDimension
 15
230.18198051534
 25
906.1819805153398
 35
0.0
 40
0.0
1001
ACAD
1000
DSTYLE
1002
{
1070
   288
1070
     1
1002
}
1001
ACAD_DSTYLE_DIMRADIAL_EXTENSION
1070
   387
1070
     1
1070
   388
1040
0.0
1070
   390
1040
0.0
  0
CIRCLE
  5
2772
102
{ACAD_REACTORS
330
2775
102
}
330
1F
100
AcDbEntity
  8
Dimensions
100
AcDbCircle
 10
276.0
 20
903.0
 30
0.0
 40
4.5
  0
DIMENSION
  5
2773
102
{ACAD_XDICTIONARY
360
2774
102
}
102
{ACAD_REACTORS
330
2775
102
}
330
1F
100
AcDbEntity
  8
Dimensions
100
AcDbDimension
  2
*D419
 10
272.8180194846605
 20
899.8180194846607
 30
0.0
 11
285.9999999999998
 21
912.9999999999993
 31
0.0
 70
   163
 71
     5
 42
9.0
 73
     0
 74
     0
 75
     0
  3
ISO-25
100
AcDbDiametricDimension
 15
279.1819805153395
 25
906.1819805153394
 35
0.0
 40
0.0
1001
ACAD
1000
DSTYLE
1002
{
1070
   288
1070
     1
1002
}
1001
ACAD_DSTYLE_DIMRADIAL_EXTENSION
1070
   387
1070
     1
1070
   388
1040
0.0
1070
   390
1040
0.0
  0
CIRCLE
  5
2776
102
{ACAD_REACTORS
330
2779
102
}
330
1F
100
AcDbEntity
  8
Dimensions
100
AcDbCircle
 10
276.0
 20
973.0
 30
0.0
 40
4.5
  0
DIMENSION
  5
2777
102
{ACAD_XDICTIONARY
360
2778
102
}
102
{ACAD_REACTORS
330
2779
102
}
330
1F
100
AcDbEntity
  8
Dimensions
100
AcDbDimension
  2
*D420
 10
272.818019484661
 20
969.8180194846608
 30
0.0
 11
285.9999999999999
 21
982.9999999999996
 31
0.0
 70
   163
 71
     5
 42
9.000000000000113
 73
     0
 74
     0
 75
     0
  3
ISO-25
100
AcDbDiametricDimension
 15
279.1819805153399
 25
976.1819805153399
 35
0.0
 40
0.0
1001
ACAD
1000
DSTYLE
1002
{
1070
   288
1070
     1
1002
}
1001
ACAD_DSTYLE_DIMRADIAL_EXTENSION
1070
   387
1070
     1
1070
   388
1040
0.0
1070
   390
1040
0.0
  0
CIRCLE
  5
277A
102
{ACAD_REACTORS
330
277D
102
}
330
1F
100
AcDbEntity
  8
Dimensions
100
AcDbCircle
 10
227.0
 20
973.0
 30
0.0
 40
4.5
  0
DIMENSION
  5
277B
102
{ACAD_XDICTIONARY
360
277C
102
}
102
{ACAD_REACTORS
330
277D
102
}
330
1F
100
AcDbEntity
  8
Dimensions
100
AcDbDimension
  2
*D421
 10
223.8180194846608
 20
969.8180194846608
 30
0.0
 11
237.0
 21
982.9999999999998
 31
0.0
 70
   163
 71
     5
 42
9.000000000000341
 73
     0
 74
     0
 75
     0
  3
ISO-25
100
AcDbDiametricDimension
 15
230.18198051534
 25
976.1819805153399
 35
0.0
 40
0.0
1001
ACAD
1000
DSTYLE
1002
{
1070
   288
1070
     1
1002
}
1001
ACAD_DSTYLE_DIMRADIAL_EXTENSION
1070
   387
1070
     1
1070
   388
1040
0.0
1070
   390
1040
0.0
  0
CIRCLE
  5
277E
102
{ACAD_REACTORS
330
2781
102
}
330
1F
100
AcDbEntity
  8
Dimensions
100
AcDbCircle
 10
178.0
 20
973.0
 30
0.0
 40
4.5
  0
DIMENSION
  5
277F
102
{ACAD_XDICTIONARY
360
2780
102
}
102
{ACAD_REACTORS
330
2781
102
}
330
1F
100
AcDbEntity
  8
Dimensions
100
AcDbDimension
  2
*D422
 10
174.8180194846606
 20
969.8180194846605
 30
0.0
 11
187.9999999999993
 21
982.9999999999991
 31
0.0
 70
   163
 71
     5
 42
9.0
 73
     0
 74
     0
 75
     0
  3
ISO-25
100
AcDbDiametricDimension
 15
181.1819805153395
 25
976.1819805153393
 35
0.0
 40
0.0
1001
ACAD
1000
DSTYLE
1002
{
1070
   288
1070
     1
1002
}
1001
ACAD_DSTYLE_DIMRADIAL_EXTENSION
1070
   387
1070
     1
1070
   388
1040
0.0
1070
   390
1040
0.0
  0
DIMENSION
  5
2782
102
{ACAD_XDICTIONARY
360
2783
102
}
102
{ACAD_REACTORS
330
2784
102
}
330
1F
100
AcDbEntity
  8
Dimensions
100
AcDbDimension
  2
*D423
 10
522.0
 20
662.4999999999994
 30
0.0
 11
318.0
 21
664.4014324693037
 31
0.0
 70
    32
 71
     5
 42
408.0
 73
     0
 74
     0
 75
     0
  3
ISO-25
100
AcDbAlignedDimension
 13
114.0
 23
684.0
 33
0.0
 14
522.0
 24
682.4999999999993
 34
0.0
100
AcDbRotatedDimension
  0
DIMENSION
  5
2785
102
{ACAD_XDICTIONARY
360
2786
102
}
102
{ACAD_REACTORS
330
2787
102
}
330
1F
100
AcDbEntity
  8
Dimensions
100
AcDbDimension
  2
*D424
 10
544.000000000002
 20
684.0000000000002
 30
0.0
 11
541.8726125511616
 21
833.2499999999997
 31
0.0
 70
    32
 71
     5
 42
298.4999999999994
 73
     0
 74
     0
 75
     0
  3
ISO-25
100
AcDbAlignedDimension
 13
522.0
 23
982.4999999999993
 33
0.0
 14
524.0
 24
684.0
 34
0.0
 50
90.0
100
AcDbRotatedDimension
  0
DIMENSION
  5
2788
102
{ACAD_XDICTIONARY
360
2789
102
}
102
{ACAD_REACTORS
330
278A
102
}
330
1F
100
AcDbEntity
  8
Dimensions
100
AcDbDimension
  2
*D425
 10
177.5251262658471
 20
855.0251262658465
 30
0.0
 11
189.0000000000005
 21
866.4999999999997
 31
0.0
 70
   163
 71
     5
 42
6.999999999999886
 73
     0
 74
     0
 75
     0
  3
ISO-25
100
AcDbDiametricDimension
 15
182.4748737341529
 25
859.9748737341522
 35
0.0
 40
0.0
1001
ACAD
1000
DSTYLE
1002
{
1070
   288
1070
     1
1002
}
1001
ACAD_DSTYLE_DIMRADIAL_EXTENSION
1070
   387
1070
     1
1070
   388
1040
0.0
1070
   390
1040
0.0
  0
DIMENSION
  5
278B
102
{ACAD_XDICTIONARY
360
278C
102
}
102
{ACAD_REACTORS
330
278D
102
}
330
1F
100
AcDbEntity
  8
Dimensions
100
AcDbDimension
  2
*D426
 10
266.5251262658471
 20
855.0251262658461
 30
0.0
 11
278.0000000000001
 21
866.5
 31
0.0
 70
   163
 71
     5
 42
7.0
 73
     0
 74
     0
 75
     0
  3
ISO-25
100
AcDbDiametricDimension
 15
271.4748737341527
 25
859.9748737341522
 35
0.0
 40
0.0
1001
ACAD
1000
DSTYLE
1002
{
1070
   288
1070
     1
1002
}
1001
ACAD_DSTYLE_DIMRADIAL_EXTENSION
1070
   387
1070
     1
1070
   388
1040
0.0
1070
   390
1040
0.0
  0
DIMENSION
  5
278E
102
{ACAD_XDICTIONARY
360
278F
102
}
102
{ACAD_REACTORS
330
2790
102
}
330
1F
100
AcDbEntity
  8
Dimensions
100
AcDbDimension
  2
*D427
 10
296.5251262658467
 20
825.0251262658457
 30
0.0
 11
308.0000000000008
 21
836.5000000000003
 31
0.0
 70
   163
 71
     5
 42
7.000000000000682
 73
     0
 74
     0
 75
     0
  3
ISO-25
100
AcDbDiametricDimension
 15
301.4748737341529
 25
829.9748737341522
 35
0.0
 40
0.0
1001
ACAD
1000
DSTYLE
1002
{
1070
   288
1070
     1
1002
}
1001
ACAD_DSTYLE_DIMRADIAL_EXTENSION
1070
   387
1070
     1
1070
   388
1040
0.0
1070
   390
1040
0.0
  0
DIMENSION
  5
2791
102
{ACAD_XDICTIONARY
360
2792
102
}
102
{ACAD_REACTORS
330
2793
102
}
330
1F
100
AcDbEntity
  8
Dimensions
100
AcDbDimension
  2
*D428
 10
475.5251262658467
 20
825.0251262658464
 30
0.0
 11
487.0000000000002
 21
836.4999999999989
 31
0.0
 70
   163
 71
     5
 42
7.000000000000341
 73
     0
 74
     0
 75
     0
  3
ISO-25
100
AcDbDiametricDimension
 15
480.474873734153
 25
829.9748737341523
 35
0.0
 40
0.0
1001
ACAD
1000
DSTYLE
1002
{
1070
   288
1070
     1
1002
}
1001
ACAD_DSTYLE_DIMRADIAL_EXTENSION
1070
   387
1070
     1
1070
   388
1040
0.0
1070
   390
1040
0.0
  0
DIMENSION
  5
2794
102
{ACAD_XDICTIONARY
360
2795
102
}
102
{ACAD_REACTORS
330
2796
102
}
330
1F
100
AcDbEntity
  8
Dimensions
100
AcDbDimension
  2
*D429
 10
315.525126265847
 20
908.025126265846
 30
0.0
 11
327.0000000000007
 21
919.5000000000005
 31
0.0
 70
   163
 71
     5
 42
7.000000000000113
 73
     0
 74
     0
 75
     0
  3
ISO-25
100
AcDbDiametricDimension
 15
320.4748737341528
 25
912.9748737341522
 35
0.0
 40
0.0
1001
ACAD
1000
DSTYLE
1002
{
1070
   288
1070
     1
1002
}
1001
ACAD_DSTYLE_DIMRADIAL_EXTENSION
1070
   387
1070
     1
1070
   388
1040
0.0
1070
   390
1040
0.0
  0
DIMENSION
  5
2797
102
{ACAD_XDICTIONARY
360
2798
102
}
102
{ACAD_REACTORS
330
2799
102
}
330
1F
100
AcDbEntity
  8
Dimensions
100
AcDbDimension
  2
*D430
 10
466.5251262658475
 20
908.0251262658467
 30
0.0
 11
478.0000000000004
 21
919.5
 31
0.0
 70
   163
 71
     5
 42
6.999999999999317
 73
     0
 74
     0
 75
     0
  3
ISO-25
100
AcDbDiametricDimension
 15
471.4748737341529
 25
912.9748737341522
 35
0.0
 40
0.0
1001
ACAD
1000
DSTYLE
1002
{
1070
   288
1070
     1
1002
}
1001
ACAD_DSTYLE_DIMRADIAL_EXTENSION
1070
   387
1070
     1
1070
   388
1040
0.0
1070
   390
1040
0.0
  0
DIMENSION
  5
279A
102
{ACAD_XDICTIONARY
360
279B
102
}
102
{ACAD_REACTORS
330
279C
102
}
330
1F
100
AcDbEntity
  8
Dimensions
100
AcDbDimension
  2
*D431
 10
496.5251262658471
 20
971.0251262658463
 30
0.0
 11
508.0000000000005
 21
982.5000000000002
 31
0.0
 70
   163
 71
     5
 42
7.0
 73
     0
 74
     0
 75
     0
  3
ISO-25
100
AcDbDiametricDimension
 15
501.4748737341529
 25
975.9748737341523
 35
0.0
 40
0.0
1001
ACAD
1000
DSTYLE
1002
{
1070
   288
1070
     1
1002
}
1001
ACAD_DSTYLE_DIMRADIAL_EXTENSION
1070
   387
1070
     1
1070
   388
1040
0.0
1070
   390
1040
0.0
  0
DIMENSION
  5
279D
102
{ACAD_XDICTIONARY
360
279E
102
}
102
{ACAD_REACTORS
330
279F
102
}
330
1F
100
AcDbEntity
  8
Dimensions
100
AcDbDimension
  2
*D432
 10
507.5251262658468
 20
795.0251262658462
 30
0.0
 11
519.0000000000004
 21
806.4999999999992
 31
0.0
 70
   163
 71
     5
 42
7.000000000000454
 73
     0
 74
     0
 75
     0
  3
ISO-25
100
AcDbDiametricDimension
 15
512.474873734153
 25
799.9748737341522
 35
0.0
 40
0.0
1001
ACAD
1000
DSTYLE
1002
{
1070
   288
1070
     1
1002
}
1001
ACAD_DSTYLE_DIMRADIAL_EXTENSION
1070
   387
1070
     1
1070
   388
1040
0.0
1070
   390
1040
0.0
  0
DIMENSION
  5
27A0
102
{ACAD_XDICTIONARY
360
27A1
102
}
102
{ACAD_REACTORS
330
27A2
102
}
330
1F
100
AcDbEntity
  8
Dimensions
100
AcDbDimension
  2
*D433
 10
490.5251262658465
 20
746.0251262658456
 30
0.0
 11
502.0000000000004
 21
757.4999999999995
 31
0.0
 70
   163
 71
     5
 42
7.000000000000909
 73
     0
 74
     0
 75
     0
  3
ISO-25
100
AcDbDiametricDimension
 15
495.4748737341529
 25
750.9748737341522
 35
0.0
 40
0.0
1001
ACAD
1000
DSTYLE
1002
{
1070
   288
1070
     1
1002
}
1001
ACAD_DSTYLE_DIMRADIAL_EXTENSION
1070
   387
1070
     1
1070
   388
1040
0.0
1070
   390
1040
0.0
  0
DIMENSION
  5
27A3
102
{ACAD_XDICTIONARY
360
27A4
102
}
102
{ACAD_REACTORS
330
27A5
102
}
330
1F
100
AcDbEntity
  8
Dimensions
100
AcDbDimension
  2
*D434
 10
339.5251262658472
 20
746.0251262658466
 30
0.0
 11
351.0000000000006
 21
757.4999999999995
 31
0.0
 70
   163
 71
     5
 42
6.999999999999658
 73
     0
 74
     0
 75
     0
  3
ISO-25
100
AcDbDiametricDimension
 15
344.4748737341529
 25
750.9748737341522
 35
0.0
 40
0.0
1001
ACAD
1000
DSTYLE
1002
{
1070
   288
1070
     1
1002
}
1001
ACAD_DSTYLE_DIMRADIAL_EXTENSION
1070
   387
1070
     1
1070
   388
1040
0.0
1070
   390
1040
0.0
  0
DIMENSION
  5
27A6
102
{ACAD_XDICTIONARY
360
27A7
102
}
102
{ACAD_REACTORS
330
27A8
102
}
330
1F
100
AcDbEntity
  8
Dimensions
100
AcDbDimension
  2
*D435
 10
129.5251262658474
 20
746.0251262658464
 30
0.0
 11
140.9999999999996
 21
757.5000000000003
 31
0.0
 70
   163
 71
     5
 42
6.999999999999772
 73
     0
 74
     0
 75
     0
  3
ISO-25
100
AcDbDiametricDimension
 15
134.4748737341527
 25
750.9748737341526
 35
0.0
 40
0.0
1001
ACAD
1000
DSTYLE
1002
{
1070
   288
1070
     1
1002
}
1001
ACAD_DSTYLE_DIMRADIAL_EXTENSION
1070
   387
1070
     1
1070
   388
1040
0.0
1070
   390
1040
0.0
  0
CIRCLE
  5
27A9
102
{ACAD_REACTORS
330
32BC
102
}
330
1F
100
AcDbEntity
  8
0
100
AcDbCircle
 10
118.0
 20
976.4999999999991
 30
0.0
 40
3.0
  0
CIRCLE
  5
27AA
102
{ACAD_REACTORS
330
32BC
102
}
330
1F
100
AcDbEntity
  8
0
100
AcDbCircle
 10
516.0
 20
976.4999999999993
 30
0.0
 40
3.0
  0
CIRCLE
  5
27AB
102
{ACAD_REACTORS
330
32BC
102
}
330
1F
100
AcDbEntity
  8
0
100
AcDbCircle
 10
176.0
 20
971.4999999999992
 30
0.0
 40
4.5
  0
CIRCLE
  5
27AC
102
{ACAD_REACTORS
330
32BC
102
}
330
1F
100
AcDbEntity
  8
0
100
AcDbCircle
 10
225.0
 20
971.4999999999992
 30
0.0
 40
4.5
  0
CIRCLE
  5
27AD
102
{ACAD_REACTORS
330
32BC
102
}
330
1F
100
AcDbEntity
  8
0
100
AcDbCircle
 10
274.0
 20
971.4999999999992
 30
0.0
 40
4.5
  0
CIRCLE
  5
27AE
102
{ACAD_REACTORS
330
279C
330
32BC
102
}
330
1F
100
AcDbEntity
  8
0
100
AcDbCircle
 10
499.0
 20
973.4999999999994
 30
0.0
 40
3.5
  0
LWPOLYLINE
  5
27AF
102
{ACAD_REACTORS
330
272B
330
2730
330
2784
330
2787
330
32BC
102
}
330
1F
100
AcDbEntity
  8
0
100
AcDbPolyline
 90
        4
 70
     1
 43
0.0
 10
112.0
 20
682.4999999999993
 10
522.0
 20
682.4999999999993
 10
522.0
 20
982.4999999999993
 10
112.0
 20
982.4999999999993
  0
CIRCLE
  5
27B0
102
{ACAD_REACTORS
330
32BC
102
}
330
1F
100
AcDbEntity
  8
0
100
AcDbCircle
 10
118.0
 20
688.4999999999993
 30
0.0
 40
3.0
  0
CIRCLE
  5
27B1
102
{ACAD_REACTORS
330
32BC
102
}
330
1F
100
AcDbEntity
  8
0
100
AcDbCircle
 10
516.0
 20
688.4999999999993
 30
0.0
 40
3.0
  0
CIRCLE
  5
27B2
102
{ACAD_REACTORS
330
2737
330
32BC
102
}
330
1F
100
AcDbEntity
  8
0
100
AcDbCircle
 10
137.0
 20
936.4999999999993
 30
0.0
 40
4.5
  0
CIRCLE
  5
27B3
102
{ACAD_REACTORS
330
273A
330
32BC
102
}
330
1F
100
AcDbEntity
  8
0
100
AcDbCircle
 10
137.0
 20
911.4999999999993
 30
0.0
 40
4.5
  0
CIRCLE
  5
27B4
102
{ACAD_REACTORS
330
274D
330
32BC
102
}
330
1F
100
AcDbEntity
  8
0
100
AcDbCircle
 10
176.0
 20
901.4999999999993
 30
0.0
 40
4.5
  0
CIRCLE
  5
27B5
102
{ACAD_REACTORS
330
2750
330
32BC
102
}
330
1F
100
AcDbEntity
  8
0
100
AcDbCircle
 10
225.0
 20
901.4999999999993
 30
0.0
 40
4.5
  0
CIRCLE
  5
27B6
102
{ACAD_REACTORS
330
32BC
102
}
330
1F
100
AcDbEntity
  8
0
100
AcDbCircle
 10
274.0
 20
901.4999999999993
 30
0.0
 40
4.5
  0
CIRCLE
  5
27B7
102
{ACAD_REACTORS
330
278A
330
32BC
102
}
330
1F
100
AcDbEntity
  8
0
100
AcDbCircle
 10
180.0
 20
857.4999999999993
 30
0.0
 40
3.5
  0
CIRCLE
  5
27B8
102
{ACAD_REACTORS
330
278D
330
32BC
102
}
330
1F
100
AcDbEntity
  8
0
100
AcDbCircle
 10
269.0
 20
857.4999999999993
 30
0.0
 40
3.5
  0
CIRCLE
  5
27B9
102
{ACAD_REACTORS
330
2790
330
32BC
102
}
330
1F
100
AcDbEntity
  8
0
100
AcDbCircle
 10
299.0
 20
827.4999999999993
 30
0.0
 40
3.5
  0
CIRCLE
  5
27BA
102
{ACAD_REACTORS
330
2793
330
32BC
102
}
330
1F
100
AcDbEntity
  8
0
100
AcDbCircle
 10
478.0
 20
827.4999999999993
 30
0.0
 40
3.5
  0
CIRCLE
  5
27BB
102
{ACAD_REACTORS
330
2796
330
32BC
102
}
330
1F
100
AcDbEntity
  8
0
100
AcDbCircle
 10
318.0
 20
910.4999999999993
 30
0.0
 40
3.5
  0
CIRCLE
  5
27BC
102
{ACAD_REACTORS
330
2799
330
32BC
102
}
330
1F
100
AcDbEntity
  8
0
100
AcDbCircle
 10
469.0
 20
910.4999999999993
 30
0.0
 40
3.5
  0
CIRCLE
  5
27BD
102
{ACAD_REACTORS
330
279F
330
32BC
102
}
330
1F
100
AcDbEntity
  8
0
100
AcDbCircle
 10
510.0
 20
797.4999999999993
 30
0.0
 40
3.5
  0
CIRCLE
  5
27BE
102
{ACAD_REACTORS
330
27A2
330
32BC
102
}
330
1F
100
AcDbEntity
  8
0
100
AcDbCircle
 10
493.0
 20
748.4999999999993
 30
0.0
 40
3.5
  0
CIRCLE
  5
27BF
102
{ACAD_REACTORS
330
27A5
330
32BC
102
}
330
1F
100
AcDbEntity
  8
0
100
AcDbCircle
 10
342.0
 20
748.4999999999993
 30
0.0
 40
3.5
  0
CIRCLE
  5
27C0
102
{ACAD_REACTORS
330
27A8
330
32BC
102
}
330
1F
100
AcDbEntity
  8
0
100
AcDbCircle
 10
132.0
 20
748.4999999999993
 30
0.0
 40
3.5
  0
TEXT
  5
2B06
330
1F
100
AcDbEntity
  8
Dimension
100
AcDbText
 10
-635.0
 20
650.25
 30
0.0
 40
10.0
  1
BOTTOM
100
AcDbText
  0
CIRCLE
  5
2EA9
102
{ACAD_REACTORS
330
32B8
102
}
330
1F
100
AcDbEntity
  8
0
100
AcDbCircle
 10
-519.5000000000004
 20
1328.0
 30
0.0
 40
2.5
  0
CIRCLE
  5
2EAA
102
{ACAD_REACTORS
330
32B8
102
}
330
1F
100
AcDbEntity
  8
0
100
AcDbCircle
 10
-519.5000000000004
 20
1307.0
 30
0.0
 40
2.5
  0
CIRCLE
  5
2EAB
102
{ACAD_REACTORS
330
32B8
102
}
330
1F
100
AcDbEntity
  8
0
100
AcDbCircle
 10
-519.5000000000004
 20
1298.0
 30
0.0
 40
2.5
  0
CIRCLE
  5
2EAC
102
{ACAD_REACTORS
330
32B8
102
}
330
1F
100
AcDbEntity
  8
0
100
AcDbCircle
 10
-463.5000000000004
 20
1307.0
 30
0.0
 40
2.5
  0
CIRCLE
  5
2EAD
102
{ACAD_REACTORS
330
32B8
102
}
330
1F
100
AcDbEntity
  8
0
100
AcDbCircle
 10
-459.5000000000004
 20
1298.0
 30
0.0
 40
2.5
  0
LWPOLYLINE
  5
2EAE
102
{ACAD_REACTORS
330
32B8
102
}
330
1F
100
AcDbEntity
  8
0
100
AcDbPolyline
 90
        4
 70
     1
 43
0.0
 10
-459.5000000000004
 20
1325.5
 42
0.9999999999999998
 10
-459.5000000000004
 20
1330.5
 10
-463.5000000000004
 20
1330.5
 42
1.000000000000022
 10
-463.5000000000003
 20
1325.5
  0
CIRCLE
  5
2EF0
102
{ACAD_REACTORS
330
32BB
102
}
330
1F
100
AcDbEntity
  8
0
100
AcDbCircle
 10
-940.0
 20
800.0
 30
0.0
 40
10.5
  0
VIEWPORT
  5
2B58
102
{ACAD_XDICTIONARY
360
2B59
102
}
330
58
100
AcDbEntity
 67
     1
  8
0
100
AcDbViewport
 10
5.215064162626481
 20
3.911080944734697
 30
0.0
 40
17.24082936680141
 41
9.037695677520456
 68
     1
 69
     1
 12
5.215064162626481
 22
3.911080944734697
 13
0.0
 23
0.0
 14
10.0
 24
10.0
 15
10.0
 25
10.0
 16
0.0
 26
0.0
 36
1.0
 17
0.0
 27
0.0
 37
0.0
 42
50.0
 43
0.0
 44
0.0
 45
9.037695677520456
 50
0.0
 51
0.0
 72
  1000
 90
   819232
  1

281
     0
 71
     1
 74
     0
110
0.0
120
0.0
130
0.0
111
1.0
121
0.0
131
0.0
112
0.0
122
1.0
132
0.0
 79
     0
146
0.0
170
     0
 61
     5
348
9F
292
     1
282
     1
141
0.0
142
0.0
 63
   250
421
  3355443
  0
VIEWPORT
  5
2B5C
102
{ACAD_XDICTIONARY
360
2B5D
102
}
330
58
100
AcDbEntity
 67
     1
  8
0
100
AcDbViewport
 10
5.249999761581421
 20
3.999999761581421
 30
0.0
 40
8.399999618530275
 41
6.399999618530274
 68
     2
 69
     2
 12
-264.8623003386406
 22
703.1985013795898
 13
0.0
 23
0.0
 14
1.0
 24
1.0
 15
10.0
 25
10.0
 16
0.0
 26
0.0
 36
1.0
 17
0.0
 27
0.0
 37
0.0
 42
50.0
 43
0.0
 44
0.0
 45
1419.920569971321
 50
0.0
 51
0.0
 72
  1000
331
583
331
585
 90
   295776
  1

281
     0
 71
     1
 74
     0
110
0.0
120
0.0
130
0.0
111
1.0
121
0.0
131
0.0
112
0.0
122
1.0
132
0.0
 79
     0
146
0.0
170
     0
 61
     5
348
9F
292
     1
282
     1
141
0.0
142
0.0
 63
   250
421
  3355443
  0
ENDSEC
  0
SECTION
  2
OBJECTS
  0
DICTIONARY
  5
C
330
0
100
AcDbDictionary
281
     1
  3
ACAD_CIP_PREVIOUS_PRODUCT_INFO
350
1A5
  3
ACAD_COLOR
350
73
  3
ACAD_DETAILVIEWSTYLE
350
1AB
  3
ACAD_GROUP
350
D
  3
ACAD_LAYOUT
350
1A
  3
ACAD_MATERIAL
350
72
  3
ACAD_MLEADERSTYLE
350
D7
  3
ACAD_MLINESTYLE
350
17
  3
ACAD_PLOTSETTINGS
350
19
  3
ACAD_PLOTSTYLENAME
350
E
  3
ACAD_SCALELIST
350
B6
  3
ACAD_SECTIONVIEWSTYLE
350
1A8
  3
ACAD_TABLESTYLE
350
86
  3
ACAD_VISUALSTYLE
350
99
  3
ACDB_RECOMPOSE_DATA
350
339C
  3
AcDbVariableDictionary
350
66
  3
AcDsDecomposeData
350
33A2
  0
DICTIONARY
  5
18E
330
2
100
AcDbDictionary
280
     1
281
     1
  3
ACAD_LAYERSTATES
360
18F
  0
DICTIONARY
  5
E6
330
10
100
AcDbDictionary
280
     1
281
     1
  0
DICTIONARY
  5
584
330
583
100
AcDbDictionary
280
     1
281
     1
  0
DICTIONARY
  5
15D
330
1F
100
AcDbDictionary
280
     1
281
     1
  3
ACAD_SORTENTS
360
19E8
  0
DICTIONARY
  5
100F
330
F49
100
AcDbDictionary
280
     1
281
     1
  3
ACAD_SORTENTS
360
1010
  0
DICTIONARY
  5
F4C
330
F4B
100
AcDbDictionary
280
     1
281
     1
  3
ACAD_DIMASSOC
360
F4D
  0
DICTIONARY
  5
F4F
330
F4E
100
AcDbDictionary
280
     1
281
     1
  3
ACAD_DIMASSOC
360
F50
  0
DICTIONARY
  5
F53
330
F52
100
AcDbDictionary
280
     1
281
     1
  3
ACAD_DIMASSOC
360
F54
  0
DICTIONARY
  5
F5E
330
F5D
100
AcDbDictionary
280
     1
281
     1
  3
ACAD_DIMASSOC
360
F5F
  0
DICTIONARY
  5
F63
330
F62
100
AcDbDictionary
280
     1
281
     1
  3
ACAD_DIMASSOC
360
F64
  0
DICTIONARY
  5
F69
330
F68
100
AcDbDictionary
280
     1
281
     1
  3
ACAD_DIMASSOC
360
F6A
  0
DICTIONARY
  5
F6C
330
F6B
100
AcDbDictionary
280
     1
281
     1
  3
ACAD_DIMASSOC
360
F6D
  0
DICTIONARY
  5
F70
330
F6F
100
AcDbDictionary
280
     1
281
     1
  3
ACAD_DIMASSOC
360
F71
  0
DICTIONARY
  5
F74
330
F73
100
AcDbDictionary
280
     1
281
     1
  3
ACAD_DIMASSOC
360
F75
  0
DICTIONARY
  5
F78
330
F77
100
AcDbDictionary
280
     1
281
     1
  3
ACAD_DIMASSOC
360
F79
  0
DICTIONARY
  5
F81
330
F80
100
AcDbDictionary
280
     1
281
     1
  3
ACAD_DIMASSOC
360
F82
  0
DICTIONARY
  5
F84
330
F83
100
AcDbDictionary
280
     1
281
     1
  3
ACAD_DIMASSOC
360
F85
  0
DICTIONARY
  5
F8A
330
F89
100
AcDbDictionary
280
     1
281
     1
  3
ACAD_DIMASSOC
360
F8B
  0
DICTIONARY
  5
F91
330
F90
100
AcDbDictionary
280
     1
281
     1
  3
ACAD_DIMASSOC
360
F92
  0
DICTIONARY
  5
F9E
330
F9D
100
AcDbDictionary
280
     1
281
     1
  3
ACAD_DIMASSOC
360
F9F
  0
DICTIONARY
  5
FA2
330
FA1
100
AcDbDictionary
280
     1
281
     1
  3
ACAD_DIMASSOC
360
FA3
  0
DICTIONARY
  5
FA6
330
FA5
100
AcDbDictionary
280
     1
281
     1
  3
ACAD_DIMASSOC
360
FA7
  0
DICTIONARY
  5
FAA
330
FA9
100
AcDbDictionary
280
     1
281
     1
  3
ACAD_DIMASSOC
360
FAB
  0
DICTIONARY
  5
FAE
330
FAD
100
AcDbDictionary
280
     1
281
     1
  3
ACAD_DIMASSOC
360
FAF
  0
DICTIONARY
  5
FB2
330
FB1
100
AcDbDictionary
280
     1
281
     1
  3
ACAD_DIMASSOC
360
FB3
  0
DICTIONARY
  5
FB6
330
FB5
100
AcDbDictionary
280
     1
281
     1
  3
ACAD_DIMASSOC
360
FB7
  0
DICTIONARY
  5
FBA
330
FB9
100
AcDbDictionary
280
     1
281
     1
  3
ACAD_DIMASSOC
360
FBB
  0
DICTIONARY
  5
FC0
330
FBF
100
AcDbDictionary
280
     1
281
     1
  3
ACAD_DIMASSOC
360
FC1
  0
DICTIONARY
  5
FC4
330
FC3
100
AcDbDictionary
280
     1
281
     1
  3
ACAD_DIMASSOC
360
FC5
  0
DICTIONARY
  5
FCD
330
FCC
100
AcDbDictionary
280
     1
281
     1
  3
ACAD_DIMASSOC
360
FCE
  0
DICTIONARY
  5
FD1
330
FD0
100
AcDbDictionary
280
     1
281
     1
  3
ACAD_DIMASSOC
360
FD2
  0
DICTIONARY
  5
FD9
330
FD8
100
AcDbDictionary
280
     1
281
     1
  3
ACAD_DIMASSOC
360
FDA
  0
DICTIONARY
  5
FDD
330
FDC
100
AcDbDictionary
280
     1
281
     1
  3
ACAD_DIMASSOC
360
FDE
  0
DICTIONARY
  5
FE1
330
FE0
100
AcDbDictionary
280
     1
281
     1
  3
ACAD_DIMASSOC
360
FE2
  0
DICTIONARY
  5
FEC
330
FEB
100
AcDbDictionary
280
     1
281
     1
  3
ACAD_DIMASSOC
360
FED
  0
DICTIONARY
  5
FF0
330
FEF
100
AcDbDictionary
280
     1
281
     1
  3
ACAD_DIMASSOC
360
FF1
  0
DICTIONARY
  5
FF4
330
FF3
100
AcDbDictionary
280
     1
281
     1
  3
ACAD_DIMASSOC
360
FF5
  0
DICTIONARY
  5
FF8
330
FF7
100
AcDbDictionary
280
     1
281
     1
  3
ACAD_DIMASSOC
360
FF9
  0
DICTIONARY
  5
FFC
330
FFB
100
AcDbDictionary
280
     1
281
     1
  3
ACAD_DIMASSOC
360
FFD
  0
DICTIONARY
  5
1000
330
FFF
100
AcDbDictionary
280
     1
281
     1
  3
ACAD_DIMASSOC
360
1001
  0
DICTIONARY
  5
1004
330
1003
100
AcDbDictionary
280
     1
281
     1
  3
ACAD_DIMASSOC
360
1005
  0
DICTIONARY
  5
1008
330
1007
100
AcDbDictionary
280
     1
281
     1
  3
ACAD_DIMASSOC
360
1009
  0
DICTIONARY
  5
65C
330
65B
100
AcDbDictionary
280
     1
281
     1
  3
ACAD_DIMASSOC
360
65D
  0
DICTIONARY
  5
65F
330
65E
100
AcDbDictionary
280
     1
281
     1
  3
ACAD_DIMASSOC
360
660
  0
DICTIONARY
  5
663
330
662
100
AcDbDictionary
280
     1
281
     1
  3
ACAD_DIMASSOC
360
664
  0
DICTIONARY
  5
66E
330
66D
100
AcDbDictionary
280
     1
281
     1
  3
ACAD_DIMASSOC
360
66F
  0
DICTIONARY
  5
673
330
672
100
AcDbDictionary
280
     1
281
     1
  3
ACAD_DIMASSOC
360
674
  0
DICTIONARY
  5
679
330
678
100
AcDbDictionary
280
     1
281
     1
  3
ACAD_DIMASSOC
360
67A
  0
DICTIONARY
  5
67C
330
67B
100
AcDbDictionary
280
     1
281
     1
  3
ACAD_DIMASSOC
360
67D
  0
DICTIONARY
  5
680
330
67F
100
AcDbDictionary
280
     1
281
     1
  3
ACAD_DIMASSOC
360
681
  0
DICTIONARY
  5
684
330
683
100
AcDbDictionary
280
     1
281
     1
  3
ACAD_DIMASSOC
360
685
  0
DICTIONARY
  5
688
330
687
100
AcDbDictionary
280
     1
281
     1
  3
ACAD_DIMASSOC
360
689
  0
DICTIONARY
  5
691
330
690
100
AcDbDictionary
280
     1
281
     1
  3
ACAD_DIMASSOC
360
692
  0
DICTIONARY
  5
694
330
693
100
AcDbDictionary
280
     1
281
     1
  3
ACAD_DIMASSOC
360
695
  0
DICTIONARY
  5
69A
330
699
100
AcDbDictionary
280
     1
281
     1
  3
ACAD_DIMASSOC
360
69B
  0
DICTIONARY
  5
6A1
330
6A0
100
AcDbDictionary
280
     1
281
     1
  3
ACAD_DIMASSOC
360
6A2
  0
DICTIONARY
  5
6AE
330
6AD
100
AcDbDictionary
280
     1
281
     1
  3
ACAD_DIMASSOC
360
6AF
  0
DICTIONARY
  5
6B2
330
6B1
100
AcDbDictionary
280
     1
281
     1
  3
ACAD_DIMASSOC
360
6B3
  0
DICTIONARY
  5
6B6
330
6B5
100
AcDbDictionary
280
     1
281
     1
  3
ACAD_DIMASSOC
360
6B7
  0
DICTIONARY
  5
6BA
330
6B9
100
AcDbDictionary
280
     1
281
     1
  3
ACAD_DIMASSOC
360
6BB
  0
DICTIONARY
  5
6BE
330
6BD
100
AcDbDictionary
280
     1
281
     1
  3
ACAD_DIMASSOC
360
6BF
  0
DICTIONARY
  5
6C2
330
6C1
100
AcDbDictionary
280
     1
281
     1
  3
ACAD_DIMASSOC
360
6C3
  0
DICTIONARY
  5
6C6
330
6C5
100
AcDbDictionary
280
     1
281
     1
  3
ACAD_DIMASSOC
360
6C7
  0
DICTIONARY
  5
6CA
330
6C9
100
AcDbDictionary
280
     1
281
     1
  3
ACAD_DIMASSOC
360
6CB
  0
DICTIONARY
  5
6D0
330
6CF
100
AcDbDictionary
280
     1
281
     1
  3
ACAD_DIMASSOC
360
6D1
  0
DICTIONARY
  5
6D4
330
6D3
100
AcDbDictionary
280
     1
281
     1
  3
ACAD_DIMASSOC
360
6D5
  0
DICTIONARY
  5
6DD
330
6DC
100
AcDbDictionary
280
     1
281
     1
  3
ACAD_DIMASSOC
360
6DE
  0
DICTIONARY
  5
6E1
330
6E0
100
AcDbDictionary
280
     1
281
     1
  3
ACAD_DIMASSOC
360
6E2
  0
DICTIONARY
  5
6E9
330
6E8
100
AcDbDictionary
280
     1
281
     1
  3
ACAD_DIMASSOC
360
6EA
  0
DICTIONARY
  5
6ED
330
6EC
100
AcDbDictionary
280
     1
281
     1
  3
ACAD_DIMASSOC
360
6EE
  0
DICTIONARY
  5
6F1
330
6F0
100
AcDbDictionary
280
     1
281
     1
  3
ACAD_DIMASSOC
360
6F2
  0
DICTIONARY
  5
6FC
330
6FB
100
AcDbDictionary
280
     1
281
     1
  3
ACAD_DIMASSOC
360
6FD
  0
DICTIONARY
  5
700
330
6FF
100
AcDbDictionary
280
     1
281
     1
  3
ACAD_DIMASSOC
360
701
  0
DICTIONARY
  5
704
330
703
100
AcDbDictionary
280
     1
281
     1
  3
ACAD_DIMASSOC
360
705
  0
DICTIONARY
  5
708
330
707
100
AcDbDictionary
280
     1
281
     1
  3
ACAD_DIMASSOC
360
709
  0
DICTIONARY
  5
1016
330
1015
100
AcDbDictionary
280
     1
281
     1
  3
ACAD_DIMASSOC
360
1017
  0
DICTIONARY
  5
1019
330
1018
100
AcDbDictionary
280
     1
281
     1
  3
ACAD_DIMASSOC
360
101A
  0
DICTIONARY
  5
101D
330
101C
100
AcDbDictionary
280
     1
281
     1
  3
ACAD_DIMASSOC
360
101E
  0
DICTIONARY
  5
1028
330
1027
100
AcDbDictionary
280
     1
281
     1
  3
ACAD_DIMASSOC
360
1029
  0
DICTIONARY
  5
102D
330
102C
100
AcDbDictionary
280
     1
281
     1
  3
ACAD_DIMASSOC
360
102E
  0
DICTIONARY
  5
104B
330
104A
100
AcDbDictionary
280
     1
281
     1
  3
ACAD_DIMASSOC
360
104C
  0
DICTIONARY
  5
104E
330
104D
100
AcDbDictionary
280
     1
281
     1
  3
ACAD_DIMASSOC
360
104F
  0
DICTIONARY
  5
1054
330
1053
100
AcDbDictionary
280
     1
281
     1
  3
ACAD_DIMASSOC
360
1055
  0
DICTIONARY
  5
105B
330
105A
100
AcDbDictionary
280
     1
281
     1
  3
ACAD_DIMASSOC
360
105C
  0
DICTIONARY
  5
1084
330
1083
100
AcDbDictionary
280
     1
281
     1
  3
ACAD_DIMASSOC
360
1085
  0
DICTIONARY
  5
1097
330
1096
100
AcDbDictionary
280
     1
281
     1
  3
ACAD_DIMASSOC
360
1098
  0
DICTIONARY
  5
109B
330
109A
100
AcDbDictionary
280
     1
281
     1
  3
ACAD_DIMASSOC
360
109C
  0
DICTIONARY
  5
10A3
330
10A2
100
AcDbDictionary
280
     1
281
     1
  3
ACAD_DIMASSOC
360
10A4
  0
DICTIONARY
  5
10A7
330
10A6
100
AcDbDictionary
280
     1
281
     1
  3
ACAD_DIMASSOC
360
10A8
  0
DICTIONARY
  5
10AB
330
10AA
100
AcDbDictionary
280
     1
281
     1
  3
ACAD_DIMASSOC
360
10AC
  0
DICTIONARY
  5
10B6
330
10B5
100
AcDbDictionary
280
     1
281
     1
  3
ACAD_DIMASSOC
360
10B7
  0
DICTIONARY
  5
10BA
330
10B9
100
AcDbDictionary
280
     1
281
     1
  3
ACAD_DIMASSOC
360
10BB
  0
DICTIONARY
  5
10BE
330
10BD
100
AcDbDictionary
280
     1
281
     1
  3
ACAD_DIMASSOC
360
10BF
  0
DICTIONARY
  5
10C2
330
10C1
100
AcDbDictionary
280
     1
281
     1
  3
ACAD_DIMASSOC
360
10C3
  0
DICTIONARY
  5
272A
330
2729
100
AcDbDictionary
280
     1
281
     1
  3
ACAD_DIMASSOC
360
272B
  0
DICTIONARY
  5
272F
330
272E
100
AcDbDictionary
280
     1
281
     1
  3
ACAD_DIMASSOC
360
2730
  0
DICTIONARY
  5
2736
330
2735
100
AcDbDictionary
280
     1
281
     1
  3
ACAD_DIMASSOC
360
2737
  0
DICTIONARY
  5
2739
330
2738
100
AcDbDictionary
280
     1
281
     1
  3
ACAD_DIMASSOC
360
273A
  0
DICTIONARY
  5
274C
330
274B
100
AcDbDictionary
280
     1
281
     1
  3
ACAD_DIMASSOC
360
274D
  0
DICTIONARY
  5
274F
330
274E
100
AcDbDictionary
280
     1
281
     1
  3
ACAD_DIMASSOC
360
2750
  0
DICTIONARY
  5
2754
330
2753
100
AcDbDictionary
280
     1
281
     1
  3
ACAD_DIMASSOC
360
2755
  0
DICTIONARY
  5
2758
330
2757
100
AcDbDictionary
280
     1
281
     1
  3
ACAD_DIMASSOC
360
2759
  0
DICTIONARY
  5
275C
330
275B
100
AcDbDictionary
280
     1
281
     1
  3
ACAD_DIMASSOC
360
275D
  0
DICTIONARY
  5
2760
330
275F
100
AcDbDictionary
280
     1
281
     1
  3
ACAD_DIMASSOC
360
2761
  0
DICTIONARY
  5
2764
330
2763
100
AcDbDictionary
280
     1
281
     1
  3
ACAD_DIMASSOC
360
2765
  0
DICTIONARY
  5
2768
330
2767
100
AcDbDictionary
280
     1
281
     1
  3
ACAD_DIMASSOC
360
2769
  0
DICTIONARY
  5
276C
330
276B
100
AcDbDictionary
280
     1
281
     1
  3
ACAD_DIMASSOC
360
276D
  0
DICTIONARY
  5
2770
330
276F
100
AcDbDictionary
280
     1
281
     1
  3
ACAD_DIMASSOC
360
2771
  0
DICTIONARY
  5
2774
330
2773
100
AcDbDictionary
280
     1
281
     1
  3
ACAD_DIMASSOC
360
2775
  0
DICTIONARY
  5
2778
330
2777
100
AcDbDictionary
280
     1
281
     1
  3
ACAD_DIMASSOC
360
2779
  0
DICTIONARY
  5
277C
330
277B
100
AcDbDictionary
280
     1
281
     1
  3
ACAD_DIMASSOC
360
277D
  0
DICTIONARY
  5
2780
330
277F
100
AcDbDictionary
280
     1
281
     1
  3
ACAD_DIMASSOC
360
2781
  0
DICTIONARY
  5
2783
330
2782
100
AcDbDictionary
280
     1
281
     1
  3
ACAD_DIMASSOC
360
2784
  0
DICTIONARY
  5
2786
330
2785
100
AcDbDictionary
280
     1
281
     1
  3
ACAD_DIMASSOC
360
2787
  0
DICTIONARY
  5
2789
330
2788
100
AcDbDictionary
280
     1
281
     1
  3
ACAD_DIMASSOC
360
278A
  0
DICTIONARY
  5
278C
330
278B
100
AcDbDictionary
280
     1
281
     1
  3
ACAD_DIMASSOC
360
278D
  0
DICTIONARY
  5
278F
330
278E
100
AcDbDictionary
280
     1
281
     1
  3
ACAD_DIMASSOC
360
2790
  0
DICTIONARY
  5
2792
330
2791
100
AcDbDictionary
280
     1
281
     1
  3
ACAD_DIMASSOC
360
2793
  0
DICTIONARY
  5
2795
330
2794
100
AcDbDictionary
280
     1
281
     1
  3
ACAD_DIMASSOC
360
2796
  0
DICTIONARY
  5
2798
330
2797
100
AcDbDictionary
280
     1
281
     1
  3
ACAD_DIMASSOC
360
2799
  0
DICTIONARY
  5
279B
330
279A
100
AcDbDictionary
280
     1
281
     1
  3
ACAD_DIMASSOC
360
279C
  0
DICTIONARY
  5
279E
330
279D
100
AcDbDictionary
280
     1
281
     1
  3
ACAD_DIMASSOC
360
279F
  0
DICTIONARY
  5
27A1
330
27A0
100
AcDbDictionary
280
     1
281
     1
  3
ACAD_DIMASSOC
360
27A2
  0
DICTIONARY
  5
27A4
330
27A3
100
AcDbDictionary
280
     1
281
     1
  3
ACAD_DIMASSOC
360
27A5
  0
DICTIONARY
  5
27A7
330
27A6
100
AcDbDictionary
280
     1
281
     1
  3
ACAD_DIMASSOC
360
27A8
  0
DICTIONARY
  5
2B59
330
2B58
100
AcDbDictionary
280
     1
281
     1
  3
ASDK_XREC_ANNOTATION_SCALE_INFO
360
2B5A
  0
DICTIONARY
  5
2B5D
330
2B5C
100
AcDbDictionary
280
     1
281
     1
  3
ASDK_XREC_ANNOTATION_SCALE_INFO
360
2B5E
  0
XRECORD
  5
1A5
102
{ACAD_REACTORS
330
C
102
}
330
C
100
AcDbXrecord
280
     1
300
ACD
300
2024
300
87798ACD_2024_0F
  0
DICTIONARY
  5
73
102
{ACAD_REACTORS
330
C
102
}
330
C
100
AcDbDictionary
281
     1
  0
DICTIONARY
  5
1AB
102
{ACAD_REACTORS
330
C
102
}
330
C
100
AcDbDictionary
281
     1
  3
Imperial24
350
1AC
  3
Metric50
350
58D
  0
DICTIONARY
  5
D
102
{ACAD_REACTORS
330
C
102
}
330
C
100
AcDbDictionary
281
     1
  3
*A1
350
32B8
  3
*A2
350
32B9
  3
*A3
350
32BA
  3
*A4
350
32BB
  3
*A5
350
32BC
  0
DICTIONARY
  5
1A
102
{ACAD_REACTORS
330
C
102
}
330
C
100
AcDbDictionary
281
     1
  3
Model
350
22
  3
Лист1
350
59
  0
DICTIONARY
  5
72
102
{ACAD_REACTORS
330
C
102
}
330
C
100
AcDbDictionary
281
     1
  3
ByBlock
350
97
  3
ByLayer
350
96
  3
Global
350
98
  0
DICTIONARY
  5
D7
102
{ACAD_REACTORS
330
C
102
}
330
C
100
AcDbDictionary
281
     1
  3
Standard
350
D8
  3
Аннотативный
350
E5
  0
DICTIONARY
  5
17
102
{ACAD_REACTORS
330
C
102
}
330
C
100
AcDbDictionary
281
     1
  3
Standard
350
18
  0
DICTIONARY
  5
19
102
{ACAD_REACTORS
330
C
102
}
330
C
100
AcDbDictionary
281
     1
  0
ACDBDICTIONARYWDFLT
  5
E
102
{ACAD_REACTORS
330
C
102
}
330
C
100
AcDbDictionary
281
     1
  3
Normal
350
F
100
AcDbDictionaryWithDefault
340
F
  0
DICTIONARY
  5
B6
102
{ACAD_REACTORS
330
C
102
}
330
C
100
AcDbDictionary
281
     1
  3
A0
350
B7
  3
A1
350
124
  3
A2
350
125
  3
A3
350
126
  3
A4
350
127
  3
A5
350
128
  3
A6
350
129
  3
A7
350
12A
  3
A8
350
12B
  3
A9
350
12C
  3
B0
350
12D
  3
B1
350
12E
  3
B2
350
12F
  3
B3
350
130
  3
B4
350
131
  3
B5
350
132
  3
B6
350
133
  3
B7
350
134
  3
B8
350
135
  3
B9
350
136
  3
C0
350
137
  3
C1
350
138
  3
C2
350
139
  3
C3
350
13A
  3
C4
350
13B
  3
C5
350
13C
  3
C6
350
13D
  3
C7
350
13E
  3
C8
350
13F
  3
C9
350
140
  3
D0
350
141
  3
D1
350
142
  3
D2
350
143
  0
DICTIONARY
  5
1A8
102
{ACAD_REACTORS
330
C
102
}
330
C
100
AcDbDictionary
281
     1
  3
Imperial24
350
1AA
  3
Metric50
350
58C
  0
DICTIONARY
  5
86
102
{ACAD_REACTORS
330
C
102
}
330
C
100
AcDbDictionary
281
     1
  3
Standard
350
87
  0
DICTIONARY
  5
99
102
{ACAD_REACTORS
330
C
102
}
330
C
100
AcDbDictionary
281
     1
  3
2dWireframe
350
9F
  3
3dWireframe
350
58B
  3
Basic
350
9E
  3
Brighten
350
A5
  3
ColorChange
350
A9
  3
Conceptual
350
A2
  3
Dim
350
A4
  3
EdgeColorOff
350
175
  3
Facepattern
350
A8
  3
Flat
350
9A
  3
FlatWithEdges
350
9B
  3
Gouraud
350
9C
  3
GouraudWithEdges
350
9D
  3
Hidden
350
A1
  3
JitterOff
350
173
  3
Linepattern
350
A7
  3
OverhangOff
350
174
  3
Realistic
350
A3
  3
Shaded
350
182
  3
Shaded with edges
350
181
  3
Shades of Gray
350
17E
  3
Sketchy
350
17F
  3
Thicken
350
A6
  3
Wireframe
350
A0
  3
X-Ray
350
180
  0
XRECORD
  5
339C
102
{ACAD_REACTORS
330
C
102
}
330
C
100
AcDbXrecord
280
     1
 90
        1
330
87
  0
DICTIONARY
  5
66
102
{ACAD_REACTORS
330
C
102
}
330
C
100
AcDbDictionary
281
     1
  3
CANNOSCALE
350
F0
  3
CMLEADERSTYLE
350
EF
  3
CTABLESTYLE
350
89
  3
CVIEWDETAILSTYLE
350
1B7
  3
CVIEWSECTIONSTYLE
350
1B8
  3
DIMASSOC
350
67
  3
HIDETEXT
350
6B
  3
LAYEREVAL
350
14D
  3
LAYERNOTIFY
350
14E
  3
XCLIPFRAME
350
2E07
  0
DICTIONARY
  5
33A2
102
{ACAD_REACTORS
330
C
102
}
330
C
100
AcDbDictionary
281
     1
  3
AcDsRecords
350
33A4
  3
AcDsSchemas
350
33A3
1001
ACAD
1070
     2
  0
DICTIONARY
  5
18F
102
{ACAD_REACTORS
330
18E
102
}
330
18E
100
AcDbDictionary
281
     1
  0
SORTENTSTABLE
  5
19E8
102
{ACAD_REACTORS
330
15D
102
}
330
15D
100
AcDbSortentsTable
330
1F
331
66B
  5
1091
331
66C
  5
66B
331
66D
  5
66C
331
670
  5
66D
331
671
  5
670
331
672
  5
671
331
675
  5
672
331
676
  5
675
331
677
  5
1092
331
678
  5
676
331
67B
  5
677
331
67E
  5
1093
331
67F
  5
678
331
682
  5
1094
331
683
  5
67B
331
686
  5
1095
331
687
  5
67E
331
68A
  5
67F
331
68C
  5
683
331
68E
  5
687
331
68F
  5
68A
331
690
  5
68B
331
693
  5
68C
331
696
  5
68D
331
697
  5
68E
331
698
  5
68F
331
699
  5
690
331
69C
  5
693
331
69D
  5
696
331
69E
  5
697
331
69F
  5
698
331
6A0
  5
699
331
6A3
  5
69C
331
6A4
  5
69D
331
6A5
  5
69E
331
6A6
  5
69F
331
6A7
  5
6A0
331
6A8
  5
6A3
331
6A9
  5
6A4
331
6AA
  5
6A5
331
6AB
  5
6A6
331
6AC
  5
1096
331
6AD
  5
6A7
331
6B0
  5
1099
331
6B1
  5
6A8
331
6B4
  5
109A
331
6B5
  5
6A9
331
6B8
  5
109D
331
6B9
  5
6AA
331
6BC
  5
109E
331
6BD
  5
6AB
331
6C0
  5
109F
331
6C1
  5
6AC
331
6C4
  5
10A0
331
6C5
  5
6AD
331
6C8
  5
6B0
331
6C9
  5
6B1
331
6CC
  5
6B4
331
6CD
  5
6B5
331
6CE
  5
10A1
331
6CF
  5
6B8
331
6D2
  5
10A2
331
6D3
  5
6B9
331
6D6
  5
6BC
331
6D7
  5
6BD
331
6D8
  5
6C0
331
6D9
  5
6C1
331
6DA
  5
6C4
331
6DB
  5
10A5
331
6DC
  5
6C5
331
6DF
  5
10A6
331
6E0
  5
6C8
331
6E3
  5
6C9
331
6E4
  5
6CC
331
6E5
  5
6CD
331
6E6
  5
6CE
331
6E7
  5
10A9
331
6E8
  5
6CF
331
6EB
  5
10AA
331
6EC
  5
6D2
331
6EF
  5
10AD
331
6F0
  5
6D3
331
6F3
  5
6D6
331
6F4
  5
6D7
331
6F5
  5
6D8
331
6F6
  5
6D9
331
6F7
  5
6DA
331
6F8
  5
6DB
331
6F9
  5
6DC
331
6FA
  5
10AE
331
6FB
  5
6DF
331
6FE
  5
10AF
331
6FF
  5
6E0
331
702
  5
10B0
331
703
  5
6E3
331
706
  5
10B1
331
707
  5
6E4
331
70B
  5
6E5
331
70F
  5
6E6
331
713
  5
6E7
331
717
  5
6E8
331
71A
  5
10B8
331
71B
  5
10B9
331
71C
  5
10BC
331
71D
  5
10BD
331
71E
  5
6EB
331
1014
  5
6EC
331
1015
  5
6EF
331
1018
  5
6F0
331
101B
  5
6F3
331
101C
  5
6F4
331
101F
  5
6F5
331
1020
  5
6F6
331
1021
  5
6F7
331
1022
  5
6F8
331
1023
  5
6F9
331
1024
  5
6FA
331
1026
  5
6FB
331
1027
  5
6FE
331
102A
  5
6FF
331
102B
  5
702
331
102C
  5
703
331
102F
  5
706
331
1030
  5
707
331
1032
  5
70A
331
1035
  5
70B
331
1039
  5
70E
331
103D
  5
70F
331
1041
  5
712
331
1044
  5
713
331
1045
  5
716
331
1046
  5
717
331
1047
  5
71A
331
1048
  5
71B
331
1049
  5
71C
331
104A
  5
71D
331
104D
  5
71E
331
1050
  5
1014
331
1051
  5
1015
331
1052
  5
1018
331
1053
  5
101B
331
1056
  5
101C
331
1057
  5
101F
331
1058
  5
1020
331
1059
  5
1021
331
105A
  5
1022
331
105D
  5
1023
331
105E
  5
1024
331
105F
  5
1026
331
1060
  5
1027
331
1061
  5
102A
331
1062
  5
102B
331
1063
  5
102C
331
1064
  5
102F
331
1065
  5
1030
331
1067
  5
1032
331
106B
  5
1035
331
106F
  5
1039
331
1073
  5
103D
331
107B
  5
1041
331
107F
  5
1044
331
1083
  5
1046
331
1086
  5
1047
331
1087
  5
1048
331
1089
  5
1049
331
108D
  5
104A
331
1090
  5
104D
331
1091
  5
1050
331
1092
  5
1051
331
1093
  5
1052
331
1094
  5
1053
331
1095
  5
10C0
331
1096
  5
1056
331
1099
  5
10C1
331
109A
  5
1057
331
109D
  5
1058
331
109E
  5
1059
331
109F
  5
105A
331
10A0
  5
105D
331
10A1
  5
10C4
331
10A2
  5
105E
331
10A5
  5
10C5
331
10A6
  5
105F
331
10A9
  5
10C8
331
10AA
  5
1060
331
10AD
  5
1061
331
10AE
  5
1062
331
10AF
  5
1063
331
10B0
  5
1064
331
10B1
  5
1065
331
10B2
  5
1067
331
10B3
  5
106B
331
10B4
  5
10C9
331
10B5
  5
106F
331
10B8
  5
10CC
331
10B9
  5
1073
331
10BC
  5
10CD
331
10BD
  5
107B
331
10C0
  5
10D0
331
10C1
  5
107F
331
10C5
  5
1082
331
10C9
  5
1083
331
10CD
  5
1086
331
10D1
  5
1087
331
10D4
  5
1089
331
10D5
  5
10D7
331
10D6
  5
10D8
331
10D7
  5
108D
331
10D8
  5
1090
  0
SORTENTSTABLE
  5
1010
102
{ACAD_REACTORS
330
100F
102
}
330
100F
100
AcDbSortentsTable
330
F49
  0
DIMASSOC
  5
F4D
102
{ACAD_REACTORS
330
F4C
102
}
330
F4C
100
AcDbDimAssoc
330
F4B
 90
        3
 70
     0
 71
     0
  1
AcDbOsnapPointRef
 72
    13
331
F87
 73
     2
 91
        1
 40
0.0
 10
0.0
 20
0.0
 30
2.000000000000000E+50
 75
     0
  1
AcDbOsnapPointRef
 72
     1
331
F87
 73
     2
 91
        5
 40
1.0
 10
0.0
 20
0.0
 30
2.000000000000000E+50
 75
     0
  0
DIMASSOC
  5
F50
102
{ACAD_REACTORS
330
F4F
102
}
330
F4F
100
AcDbDimAssoc
330
F4E
 90
        1
 70
     0
 71
     0
  1
AcDbOsnapPointRef
 72
     1
331
F87
 73
     2
 91
        1
 40
1.0
 10
0.0
 20
0.0
 30
2.000000000000000E+50
 75
     0
  0
DIMASSOC
  5
F54
102
{ACAD_REACTORS
330
F53
102
}
330
F53
100
AcDbDimAssoc
330
F52
 90
        2
 70
     0
 71
     0
  1
AcDbOsnapPointRef
 72
     1
331
F87
 73
     2
 91
        2
 40
1.0
 10
0.0
 20
0.0
 30
2.000000000000000E+50
 75
     0
  0
DIMASSOC
  5
F5F
102
{ACAD_REACTORS
330
F5E
102
}
330
F5E
100
AcDbDimAssoc
330
F5D
 90
        1
 70
     0
 71
     0
  1
AcDbOsnapPointRef
 72
    13
331
F56
 73
     2
 91
        0
 40
0.0
 10
0.0
 20
0.0
 30
2.000000000000000E+50
 75
     0
  0
DIMASSOC
  5
F64
102
{ACAD_REACTORS
330
F63
102
}
330
F63
100
AcDbDimAssoc
330
F62
 90
        1
 70
     0
 71
     0
  1
AcDbOsnapPointRef
 72
     1
331
F56
 73
     2
 91
        0
 40
1.0
 10
0.0
 20
0.0
 30
2.000000000000000E+50
 75
     0
  0
DIMASSOC
  5
F6A
102
{ACAD_REACTORS
330
F69
102
}
330
F69
100
AcDbDimAssoc
330
F68
 90
        2
 70
     0
 71
     0
  1
AcDbOsnapPointRef
 72
     3
331
F67
 73
     2
 91
        0
 40
0.0
 10
0.0
 20
0.0
 30
0.0
 75
     0
  0
DIMASSOC
  5
F6D
102
{ACAD_REACTORS
330
F6C
102
}
330
F6C
100
AcDbDimAssoc
330
F6B
 90
        2
 70
     0
 71
     0
  1
AcDbOsnapPointRef
 72
     3
331
F5B
 73
     2
 91
        0
 40
0.0
 10
0.0
 20
0.0
 30
0.0
 75
     0
  0
DIMASSOC
  5
F71
102
{ACAD_REACTORS
330
F70
102
}
330
F70
100
AcDbDimAssoc
330
F6F
 90
        2
 70
     0
 71
     0
  1
AcDbOsnapPointRef
 72
     3
331
F6E
 73
     2
 91
        0
 40
0.0
 10
0.0
 20
0.0
 30
0.0
 75
     0
  0
DIMASSOC
  5
F75
102
{ACAD_REACTORS
330
F74
102
}
330
F74
100
AcDbDimAssoc
330
F73
 90
        2
 70
     0
 71
     0
  1
AcDbOsnapPointRef
 72
     3
331
F72
 73
     2
 91
        0
 40
0.0
 10
0.0
 20
0.0
 30
0.0
 75
     0
  0
DIMASSOC
  5
F79
102
{ACAD_REACTORS
330
F78
102
}
330
F78
100
AcDbDimAssoc
330
F77
 90
        2
 70
     0
 71
     0
  1
AcDbOsnapPointRef
 72
     3
331
F76
 73
     2
 91
        0
 40
0.0
 10
0.0
 20
0.0
 30
0.0
 75
     0
  0
DIMASSOC
  5
F82
102
{ACAD_REACTORS
330
F81
102
}
330
F81
100
AcDbDimAssoc
330
F80
 90
        1
 70
     0
 71
     0
  1
AcDbOsnapPointRef
 72
     1
331
F88
 73
     2
 91
        1
 40
1.0
 10
0.0
 20
0.0
 30
2.000000000000000E+50
 75
     0
  0
DIMASSOC
  5
F85
102
{ACAD_REACTORS
330
F84
102
}
330
F84
100
AcDbDimAssoc
330
F83
 90
        2
 70
     0
 71
     0
  1
AcDbOsnapPointRef
 72
     1
331
F88
 73
     2
 91
        2
 40
1.0
 10
0.0
 20
0.0
 30
2.000000000000000E+50
 75
     0
  0
DIMASSOC
  5
F8B
102
{ACAD_REACTORS
330
F8A
102
}
330
F8A
100
AcDbDimAssoc
330
F89
 90
        1
 70
     0
 71
     0
  1
AcDbOsnapPointRef
 72
    13
331
F7F
 73
     2
 91
        1
 40
0.0
 10
0.0
 20
0.0
 30
2.000000000000000E+50
 75
     0
  0
DIMASSOC
  5
F92
102
{ACAD_REACTORS
330
F91
102
}
330
F91
100
AcDbDimAssoc
330
F90
 90
        1
 70
     0
 71
     0
  1
AcDbOsnapPointRef
 72
     1
331
F7F
 73
     2
 91
        3
 40
1.0
 10
0.0
 20
0.0
 30
2.000000000000000E+50
 75
     0
  0
DIMASSOC
  5
F9F
102
{ACAD_REACTORS
330
F9E
102
}
330
F9E
100
AcDbDimAssoc
330
F9D
 90
        2
 70
     0
 71
     0
  1
AcDbOsnapPointRef
 72
     3
331
F9C
 73
     2
 91
        0
 40
0.0
 10
0.0
 20
0.0
 30
0.0
 75
     0
  0
DIMASSOC
  5
FA3
102
{ACAD_REACTORS
330
FA2
102
}
330
FA2
100
AcDbDimAssoc
330
FA1
 90
        2
 70
     0
 71
     0
  1
AcDbOsnapPointRef
 72
     3
331
FA0
 73
     2
 91
        0
 40
0.0
 10
0.0
 20
0.0
 30
0.0
 75
     0
  0
DIMASSOC
  5
FA7
102
{ACAD_REACTORS
330
FA6
102
}
330
FA6
100
AcDbDimAssoc
330
FA5
 90
        2
 70
     0
 71
     0
  1
AcDbOsnapPointRef
 72
     3
331
FA4
 73
     2
 91
        0
 40
0.0
 10
0.0
 20
0.0
 30
0.0
 75
     0
  0
DIMASSOC
  5
FAB
102
{ACAD_REACTORS
330
FAA
102
}
330
FAA
100
AcDbDimAssoc
330
FA9
 90
        2
 70
     0
 71
     0
  1
AcDbOsnapPointRef
 72
     3
331
FA8
 73
     2
 91
        0
 40
0.0
 10
0.0
 20
0.0
 30
0.0
 75
     0
  0
DIMASSOC
  5
FAF
102
{ACAD_REACTORS
330
FAE
102
}
330
FAE
100
AcDbDimAssoc
330
FAD
 90
        2
 70
     0
 71
     0
  1
AcDbOsnapPointRef
 72
     3
331
FAC
 73
     2
 91
        0
 40
0.0
 10
0.0
 20
0.0
 30
0.0
 75
     0
  0
DIMASSOC
  5
FB3
102
{ACAD_REACTORS
330
FB2
102
}
330
FB2
100
AcDbDimAssoc
330
FB1
 90
        2
 70
     0
 71
     0
  1
AcDbOsnapPointRef
 72
     3
331
FB0
 73
     2
 91
        0
 40
0.0
 10
0.0
 20
0.0
 30
0.0
 75
     0
  0
DIMASSOC
  5
FB7
102
{ACAD_REACTORS
330
FB6
102
}
330
FB6
100
AcDbDimAssoc
330
FB5
 90
        2
 70
     0
 71
     0
  1
AcDbOsnapPointRef
 72
     3
331
FB4
 73
     2
 91
        0
 40
0.0
 10
0.0
 20
0.0
 30
0.0
 75
     0
  0
DIMASSOC
  5
FBB
102
{ACAD_REACTORS
330
FBA
102
}
330
FBA
100
AcDbDimAssoc
330
FB9
 90
        1
 70
     0
 71
     0
  1
AcDbOsnapPointRef
 72
     1
331
F7F
 73
     2
 91
        1
 40
1.0
 10
0.0
 20
0.0
 30
2.000000000000000E+50
 75
     0
  0
DIMASSOC
  5
FC1
102
{ACAD_REACTORS
330
FC0
102
}
330
FC0
100
AcDbDimAssoc
330
FBF
 90
        2
 70
     0
 71
     0
  1
AcDbOsnapPointRef
 72
     3
331
FBE
 73
     2
 91
        0
 40
0.0
 10
0.0
 20
0.0
 30
0.0
 75
     0
  0
DIMASSOC
  5
FC5
102
{ACAD_REACTORS
330
FC4
102
}
330
FC4
100
AcDbDimAssoc
330
FC3
 90
        2
 70
     0
 71
     0
  1
AcDbOsnapPointRef
 72
     3
331
FC2
 73
     2
 91
        0
 40
0.0
 10
0.0
 20
0.0
 30
0.0
 75
     0
  0
DIMASSOC
  5
FCE
102
{ACAD_REACTORS
330
FCD
102
}
330
FCD
100
AcDbDimAssoc
330
FCC
 90
        2
 70
     0
 71
     0
  1
AcDbOsnapPointRef
 72
     3
331
FCB
 73
     2
 91
        0
 40
0.0
 10
0.0
 20
0.0
 30
0.0
 75
     0
  0
DIMASSOC
  5
FD2
102
{ACAD_REACTORS
330
FD1
102
}
330
FD1
100
AcDbDimAssoc
330
FD0
 90
        2
 70
     0
 71
     0
  1
AcDbOsnapPointRef
 72
     3
331
FCF
 73
     2
 91
        0
 40
0.0
 10
0.0
 20
0.0
 30
0.0
 75
     0
  0
DIMASSOC
  5
FDA
102
{ACAD_REACTORS
330
FD9
102
}
330
FD9
100
AcDbDimAssoc
330
FD8
 90
        2
 70
     0
 71
     0
  1
AcDbOsnapPointRef
 72
     3
331
FD7
 73
     2
 91
        0
 40
0.0
 10
0.0
 20
0.0
 30
0.0
 75
     0
  0
DIMASSOC
  5
FDE
102
{ACAD_REACTORS
330
FDD
102
}
330
FDD
100
AcDbDimAssoc
330
FDC
 90
        2
 70
     0
 71
     0
  1
AcDbOsnapPointRef
 72
     3
331
FDB
 73
     2
 91
        0
 40
0.0
 10
0.0
 20
0.0
 30
0.0
 75
     0
  0
DIMASSOC
  5
FE2
102
{ACAD_REACTORS
330
FE1
102
}
330
FE1
100
AcDbDimAssoc
330
FE0
 90
        2
 70
     0
 71
     0
  1
AcDbOsnapPointRef
 72
     3
331
FDF
 73
     2
 91
        0
 40
0.0
 10
0.0
 20
0.0
 30
0.0
 75
     0
  0
DIMASSOC
  5
FED
102
{ACAD_REACTORS
330
FEC
102
}
330
FEC
100
AcDbDimAssoc
330
FEB
 90
        2
 70
     0
 71
     0
  1
AcDbOsnapPointRef
 72
     3
331
FEA
 73
     2
 91
        0
 40
0.0
 10
0.0
 20
0.0
 30
0.0
 75
     0
  0
DIMASSOC
  5
FF1
102
{ACAD_REACTORS
330
FF0
102
}
330
FF0
100
AcDbDimAssoc
330
FEF
 90
        2
 70
     0
 71
     0
  1
AcDbOsnapPointRef
 72
     3
331
FEE
 73
     2
 91
        0
 40
0.0
 10
0.0
 20
0.0
 30
0.0
 75
     0
  0
DIMASSOC
  5
FF5
102
{ACAD_REACTORS
330
FF4
102
}
330
FF4
100
AcDbDimAssoc
330
FF3
 90
        2
 70
     0
 71
     0
  1
AcDbOsnapPointRef
 72
     3
331
FF2
 73
     2
 91
        0
 40
0.0
 10
0.0
 20
0.0
 30
0.0
 75
     0
  0
DIMASSOC
  5
FF9
102
{ACAD_REACTORS
330
FF8
102
}
330
FF8
100
AcDbDimAssoc
330
FF7
 90
        2
 70
     0
 71
     0
  1
AcDbOsnapPointRef
 72
     3
331
FF6
 73
     2
 91
        0
 40
0.0
 10
0.0
 20
0.0
 30
0.0
 75
     0
  0
DIMASSOC
  5
FFD
102
{ACAD_REACTORS
330
FFC
102
}
330
FFC
100
AcDbDimAssoc
330
FFB
 90
        2
 70
     0
 71
     0
  1
AcDbOsnapPointRef
 72
     3
331
FFA
 73
     2
 91
        0
 40
0.0
 10
0.0
 20
0.0
 30
0.0
 75
     0
  0
DIMASSOC
  5
1001
102
{ACAD_REACTORS
330
1000
102
}
330
1000
100
AcDbDimAssoc
330
FFF
 90
        2
 70
     0
 71
     0
  1
AcDbOsnapPointRef
 72
     3
331
FFE
 73
     2
 91
        0
 40
0.0
 10
0.0
 20
0.0
 30
0.0
 75
     0
  0
DIMASSOC
  5
1005
102
{ACAD_REACTORS
330
1004
102
}
330
1004
100
AcDbDimAssoc
330
1003
 90
        2
 70
     0
 71
     0
  1
AcDbOsnapPointRef
 72
     3
331
1002
 73
     2
 91
        0
 40
0.0
 10
0.0
 20
0.0
 30
0.0
 75
     0
  0
DIMASSOC
  5
1009
102
{ACAD_REACTORS
330
1008
102
}
330
1008
100
AcDbDimAssoc
330
1007
 90
        2
 70
     0
 71
     0
  1
AcDbOsnapPointRef
 72
     3
331
1006
 73
     2
 91
        0
 40
0.0
 10
0.0
 20
0.0
 30
0.0
 75
     0
  0
DIMASSOC
  5
65D
102
{ACAD_REACTORS
330
65C
102
}
330
65C
100
AcDbDimAssoc
330
65B
 90
        3
 70
     0
 71
     0
  1
AcDbOsnapPointRef
 72
    13
331
697
 73
     2
 91
        1
 40
0.0
 10
0.0
 20
0.0
 30
2.000000000000000E+50
 75
     0
  1
AcDbOsnapPointRef
 72
     1
331
697
 73
     2
 91
        5
 40
1.0
 10
0.0
 20
0.0
 30
2.000000000000000E+50
 75
     0
  0
DIMASSOC
  5
660
102
{ACAD_REACTORS
330
65F
102
}
330
65F
100
AcDbDimAssoc
330
65E
 90
        1
 70
     0
 71
     0
  1
AcDbOsnapPointRef
 72
     1
331
697
 73
     2
 91
        1
 40
1.0
 10
0.0
 20
0.0
 30
2.000000000000000E+50
 75
     0
  0
DIMASSOC
  5
664
102
{ACAD_REACTORS
330
663
102
}
330
663
100
AcDbDimAssoc
330
662
 90
        2
 70
     0
 71
     0
  1
AcDbOsnapPointRef
 72
     1
331
697
 73
     2
 91
        2
 40
1.0
 10
0.0
 20
0.0
 30
2.000000000000000E+50
 75
     0
  0
DIMASSOC
  5
66F
102
{ACAD_REACTORS
330
66E
102
}
330
66E
100
AcDbDimAssoc
330
66D
 90
        1
 70
     0
 71
     0
  1
AcDbOsnapPointRef
 72
    13
331
666
 73
     2
 91
        0
 40
0.0
 10
0.0
 20
0.0
 30
2.000000000000000E+50
 75
     0
  0
DIMASSOC
  5
674
102
{ACAD_REACTORS
330
673
102
}
330
673
100
AcDbDimAssoc
330
672
 90
        1
 70
     0
 71
     0
  1
AcDbOsnapPointRef
 72
     1
331
666
 73
     2
 91
        0
 40
1.0
 10
0.0
 20
0.0
 30
2.000000000000000E+50
 75
     0
  0
DIMASSOC
  5
67A
102
{ACAD_REACTORS
330
679
102
}
330
679
100
AcDbDimAssoc
330
678
 90
        2
 70
     0
 71
     0
  1
AcDbOsnapPointRef
 72
     3
331
677
 73
     2
 91
        0
 40
0.0
 10
0.0
 20
0.0
 30
0.0
 75
     0
  0
DIMASSOC
  5
67D
102
{ACAD_REACTORS
330
67C
102
}
330
67C
100
AcDbDimAssoc
330
67B
 90
        2
 70
     0
 71
     0
  1
AcDbOsnapPointRef
 72
     3
331
66B
 73
     2
 91
        0
 40
0.0
 10
0.0
 20
0.0
 30
0.0
 75
     0
  0
DIMASSOC
  5
681
102
{ACAD_REACTORS
330
680
102
}
330
680
100
AcDbDimAssoc
330
67F
 90
        2
 70
     0
 71
     0
  1
AcDbOsnapPointRef
 72
     3
331
67E
 73
     2
 91
        0
 40
0.0
 10
0.0
 20
0.0
 30
0.0
 75
     0
  0
DIMASSOC
  5
685
102
{ACAD_REACTORS
330
684
102
}
330
684
100
AcDbDimAssoc
330
683
 90
        2
 70
     0
 71
     0
  1
AcDbOsnapPointRef
 72
     3
331
682
 73
     2
 91
        0
 40
0.0
 10
0.0
 20
0.0
 30
0.0
 75
     0
  0
DIMASSOC
  5
689
102
{ACAD_REACTORS
330
688
102
}
330
688
100
AcDbDimAssoc
330
687
 90
        2
 70
     0
 71
     0
  1
AcDbOsnapPointRef
 72
     3
331
686
 73
     2
 91
        0
 40
0.0
 10
0.0
 20
0.0
 30
0.0
 75
     0
  0
DIMASSOC
  5
692
102
{ACAD_REACTORS
330
691
102
}
330
691
100
AcDbDimAssoc
330
690
 90
        1
 70
     0
 71
     0
  1
AcDbOsnapPointRef
 72
     1
331
698
 73
     2
 91
        1
 40
1.0
 10
0.0
 20
0.0
 30
2.000000000000000E+50
 75
     0
  0
DIMASSOC
  5
695
102
{ACAD_REACTORS
330
694
102
}
330
694
100
AcDbDimAssoc
330
693
 90
        2
 70
     0
 71
     0
  1
AcDbOsnapPointRef
 72
     1
331
698
 73
     2
 91
        2
 40
1.0
 10
0.0
 20
0.0
 30
2.000000000000000E+50
 75
     0
  0
DIMASSOC
  5
69B
102
{ACAD_REACTORS
330
69A
102
}
330
69A
100
AcDbDimAssoc
330
699
 90
        1
 70
     0
 71
     0
  1
AcDbOsnapPointRef
 72
    13
331
68F
 73
     2
 91
        1
 40
0.0
 10
0.0
 20
0.0
 30
2.000000000000000E+50
 75
     0
  0
DIMASSOC
  5
6A2
102
{ACAD_REACTORS
330
6A1
102
}
330
6A1
100
AcDbDimAssoc
330
6A0
 90
        1
 70
     0
 71
     0
  1
AcDbOsnapPointRef
 72
     1
331
68F
 73
     2
 91
        3
 40
1.0
 10
0.0
 20
0.0
 30
2.000000000000000E+50
 75
     0
  0
DIMASSOC
  5
6AF
102
{ACAD_REACTORS
330
6AE
102
}
330
6AE
100
AcDbDimAssoc
330
6AD
 90
        2
 70
     0
 71
     0
  1
AcDbOsnapPointRef
 72
     3
331
6AC
 73
     2
 91
        0
 40
0.0
 10
0.0
 20
0.0
 30
0.0
 75
     0
  0
DIMASSOC
  5
6B3
102
{ACAD_REACTORS
330
6B2
102
}
330
6B2
100
AcDbDimAssoc
330
6B1
 90
        2
 70
     0
 71
     0
  1
AcDbOsnapPointRef
 72
     3
331
6B0
 73
     2
 91
        0
 40
0.0
 10
0.0
 20
0.0
 30
0.0
 75
     0
  0
DIMASSOC
  5
6B7
102
{ACAD_REACTORS
330
6B6
102
}
330
6B6
100
AcDbDimAssoc
330
6B5
 90
        2
 70
     0
 71
     0
  1
AcDbOsnapPointRef
 72
     3
331
6B4
 73
     2
 91
        0
 40
0.0
 10
0.0
 20
0.0
 30
0.0
 75
     0
  0
DIMASSOC
  5
6BB
102
{ACAD_REACTORS
330
6BA
102
}
330
6BA
100
AcDbDimAssoc
330
6B9
 90
        2
 70
     0
 71
     0
  1
AcDbOsnapPointRef
 72
     3
331
6B8
 73
     2
 91
        0
 40
0.0
 10
0.0
 20
0.0
 30
0.0
 75
     0
  0
DIMASSOC
  5
6BF
102
{ACAD_REACTORS
330
6BE
102
}
330
6BE
100
AcDbDimAssoc
330
6BD
 90
        2
 70
     0
 71
     0
  1
AcDbOsnapPointRef
 72
     3
331
6BC
 73
     2
 91
        0
 40
0.0
 10
0.0
 20
0.0
 30
0.0
 75
     0
  0
DIMASSOC
  5
6C3
102
{ACAD_REACTORS
330
6C2
102
}
330
6C2
100
AcDbDimAssoc
330
6C1
 90
        2
 70
     0
 71
     0
  1
AcDbOsnapPointRef
 72
     3
331
6C0
 73
     2
 91
        0
 40
0.0
 10
0.0
 20
0.0
 30
0.0
 75
     0
  0
DIMASSOC
  5
6C7
102
{ACAD_REACTORS
330
6C6
102
}
330
6C6
100
AcDbDimAssoc
330
6C5
 90
        2
 70
     0
 71
     0
  1
AcDbOsnapPointRef
 72
     3
331
6C4
 73
     2
 91
        0
 40
0.0
 10
0.0
 20
0.0
 30
0.0
 75
     0
  0
DIMASSOC
  5
6CB
102
{ACAD_REACTORS
330
6CA
102
}
330
6CA
100
AcDbDimAssoc
330
6C9
 90
        1
 70
     0
 71
     0
  1
AcDbOsnapPointRef
 72
     1
331
68F
 73
     2
 91
        1
 40
1.0
 10
0.0
 20
0.0
 30
2.000000000000000E+50
 75
     0
  0
DIMASSOC
  5
6D1
102
{ACAD_REACTORS
330
6D0
102
}
330
6D0
100
AcDbDimAssoc
330
6CF
 90
        2
 70
     0
 71
     0
  1
AcDbOsnapPointRef
 72
     3
331
6CE
 73
     2
 91
        0
 40
0.0
 10
0.0
 20
0.0
 30
0.0
 75
     0
  0
DIMASSOC
  5
6D5
102
{ACAD_REACTORS
330
6D4
102
}
330
6D4
100
AcDbDimAssoc
330
6D3
 90
        2
 70
     0
 71
     0
  1
AcDbOsnapPointRef
 72
     3
331
6D2
 73
     2
 91
        0
 40
0.0
 10
0.0
 20
0.0
 30
0.0
 75
     0
  0
DIMASSOC
  5
6DE
102
{ACAD_REACTORS
330
6DD
102
}
330
6DD
100
AcDbDimAssoc
330
6DC
 90
        2
 70
     0
 71
     0
  1
AcDbOsnapPointRef
 72
     3
331
6DB
 73
     2
 91
        0
 40
0.0
 10
0.0
 20
0.0
 30
0.0
 75
     0
  0
DIMASSOC
  5
6E2
102
{ACAD_REACTORS
330
6E1
102
}
330
6E1
100
AcDbDimAssoc
330
6E0
 90
        2
 70
     0
 71
     0
  1
AcDbOsnapPointRef
 72
     3
331
6DF
 73
     2
 91
        0
 40
0.0
 10
0.0
 20
0.0
 30
0.0
 75
     0
  0
DIMASSOC
  5
6EA
102
{ACAD_REACTORS
330
6E9
102
}
330
6E9
100
AcDbDimAssoc
330
6E8
 90
        2
 70
     0
 71
     0
  1
AcDbOsnapPointRef
 72
     3
331
6E7
 73
     2
 91
        0
 40
0.0
 10
0.0
 20
0.0
 30
0.0
 75
     0
  0
DIMASSOC
  5
6EE
102
{ACAD_REACTORS
330
6ED
102
}
330
6ED
100
AcDbDimAssoc
330
6EC
 90
        2
 70
     0
 71
     0
  1
AcDbOsnapPointRef
 72
     3
331
6EB
 73
     2
 91
        0
 40
0.0
 10
0.0
 20
0.0
 30
0.0
 75
     0
  0
DIMASSOC
  5
6F2
102
{ACAD_REACTORS
330
6F1
102
}
330
6F1
100
AcDbDimAssoc
330
6F0
 90
        2
 70
     0
 71
     0
  1
AcDbOsnapPointRef
 72
     3
331
6EF
 73
     2
 91
        0
 40
0.0
 10
0.0
 20
0.0
 30
0.0
 75
     0
  0
DIMASSOC
  5
6FD
102
{ACAD_REACTORS
330
6FC
102
}
330
6FC
100
AcDbDimAssoc
330
6FB
 90
        2
 70
     0
 71
     0
  1
AcDbOsnapPointRef
 72
     3
331
6FA
 73
     2
 91
        0
 40
0.0
 10
0.0
 20
0.0
 30
0.0
 75
     0
  0
DIMASSOC
  5
701
102
{ACAD_REACTORS
330
700
102
}
330
700
100
AcDbDimAssoc
330
6FF
 90
        2
 70
     0
 71
     0
  1
AcDbOsnapPointRef
 72
     3
331
6FE
 73
     2
 91
        0
 40
0.0
 10
0.0
 20
0.0
 30
0.0
 75
     0
  0
DIMASSOC
  5
705
102
{ACAD_REACTORS
330
704
102
}
330
704
100
AcDbDimAssoc
330
703
 90
        2
 70
     0
 71
     0
  1
AcDbOsnapPointRef
 72
     3
331
702
 73
     2
 91
        0
 40
0.0
 10
0.0
 20
0.0
 30
0.0
 75
     0
  0
DIMASSOC
  5
709
102
{ACAD_REACTORS
330
708
102
}
330
708
100
AcDbDimAssoc
330
707
 90
        2
 70
     0
 71
     0
  1
AcDbOsnapPointRef
 72
     3
331
706
 73
     2
 91
        0
 40
0.0
 10
0.0
 20
0.0
 30
0.0
 75
     0
  0
DIMASSOC
  5
1017
102
{ACAD_REACTORS
330
1016
102
}
330
1016
100
AcDbDimAssoc
330
1015
 90
        3
 70
     0
 71
     0
  1
AcDbOsnapPointRef
 72
    13
331
1051
 73
     2
 91
        1
 40
0.0
 10
0.0
 20
0.0
 30
2.000000000000000E+50
 75
     0
  1
AcDbOsnapPointRef
 72
     1
331
1051
 73
     2
 91
        5
 40
1.0
 10
0.0
 20
0.0
 30
2.000000000000000E+50
 75
     0
  0
DIMASSOC
  5
101A
102
{ACAD_REACTORS
330
1019
102
}
330
1019
100
AcDbDimAssoc
330
1018
 90
        1
 70
     0
 71
     0
  1
AcDbOsnapPointRef
 72
     1
331
1051
 73
     2
 91
        1
 40
1.0
 10
0.0
 20
0.0
 30
2.000000000000000E+50
 75
     0
  0
DIMASSOC
  5
101E
102
{ACAD_REACTORS
330
101D
102
}
330
101D
100
AcDbDimAssoc
330
101C
 90
        2
 70
     0
 71
     0
  1
AcDbOsnapPointRef
 72
     1
331
1051
 73
     2
 91
        2
 40
1.0
 10
0.0
 20
0.0
 30
2.000000000000000E+50
 75
     0
  0
DIMASSOC
  5
1029
102
{ACAD_REACTORS
330
1028
102
}
330
1028
100
AcDbDimAssoc
330
1027
 90
        1
 70
     0
 71
     0
  1
AcDbOsnapPointRef
 72
    13
331
1020
 73
     2
 91
        0
 40
0.0
 10
0.0
 20
0.0
 30
2.000000000000000E+50
 75
     0
  0
DIMASSOC
  5
102E
102
{ACAD_REACTORS
330
102D
102
}
330
102D
100
AcDbDimAssoc
330
102C
 90
        1
 70
     0
 71
     0
  1
AcDbOsnapPointRef
 72
     1
331
1020
 73
     2
 91
        0
 40
1.0
 10
0.0
 20
0.0
 30
2.000000000000000E+50
 75
     0
  0
DIMASSOC
  5
104C
102
{ACAD_REACTORS
330
104B
102
}
330
104B
100
AcDbDimAssoc
330
104A
 90
        1
 70
     0
 71
     0
  1
AcDbOsnapPointRef
 72
     1
331
1052
 73
     2
 91
        1
 40
1.0
 10
0.0
 20
0.0
 30
2.000000000000000E+50
 75
     0
  0
DIMASSOC
  5
104F
102
{ACAD_REACTORS
330
104E
102
}
330
104E
100
AcDbDimAssoc
330
104D
 90
        2
 70
     0
 71
     0
  1
AcDbOsnapPointRef
 72
     1
331
1052
 73
     2
 91
        2
 40
1.0
 10
0.0
 20
0.0
 30
2.000000000000000E+50
 75
     0
  0
DIMASSOC
  5
1055
102
{ACAD_REACTORS
330
1054
102
}
330
1054
100
AcDbDimAssoc
330
1053
 90
        1
 70
     0
 71
     0
  1
AcDbOsnapPointRef
 72
    13
331
1049
 73
     2
 91
        1
 40
0.0
 10
0.0
 20
0.0
 30
2.000000000000000E+50
 75
     0
  0
DIMASSOC
  5
105C
102
{ACAD_REACTORS
330
105B
102
}
330
105B
100
AcDbDimAssoc
330
105A
 90
        1
 70
     0
 71
     0
  1
AcDbOsnapPointRef
 72
     1
331
1049
 73
     2
 91
        3
 40
1.0
 10
0.0
 20
0.0
 30
2.000000000000000E+50
 75
     0
  0
DIMASSOC
  5
1085
102
{ACAD_REACTORS
330
1084
102
}
330
1084
100
AcDbDimAssoc
330
1083
 90
        1
 70
     0
 71
     0
  1
AcDbOsnapPointRef
 72
     1
331
1049
 73
     2
 91
        1
 40
1.0
 10
0.0
 20
0.0
 30
2.000000000000000E+50
 75
     0
  0
DIMASSOC
  5
1098
102
{ACAD_REACTORS
330
1097
102
}
330
1097
100
AcDbDimAssoc
330
1096
 90
        2
 70
     0
 71
     0
  1
AcDbOsnapPointRef
 72
     3
331
1095
 73
     2
 91
        0
 40
0.0
 10
0.0
 20
0.0
 30
0.0
 75
     0
  0
DIMASSOC
  5
109C
102
{ACAD_REACTORS
330
109B
102
}
330
109B
100
AcDbDimAssoc
330
109A
 90
        2
 70
     0
 71
     0
  1
AcDbOsnapPointRef
 72
     3
331
1099
 73
     2
 91
        0
 40
0.0
 10
0.0
 20
0.0
 30
0.0
 75
     0
  0
DIMASSOC
  5
10A4
102
{ACAD_REACTORS
330
10A3
102
}
330
10A3
100
AcDbDimAssoc
330
10A2
 90
        2
 70
     0
 71
     0
  1
AcDbOsnapPointRef
 72
     3
331
10A1
 73
     2
 91
        0
 40
0.0
 10
0.0
 20
0.0
 30
0.0
 75
     0
  0
DIMASSOC
  5
10A8
102
{ACAD_REACTORS
330
10A7
102
}
330
10A7
100
AcDbDimAssoc
330
10A6
 90
        2
 70
     0
 71
     0
  1
AcDbOsnapPointRef
 72
     3
331
10A5
 73
     2
 91
        0
 40
0.0
 10
0.0
 20
0.0
 30
0.0
 75
     0
  0
DIMASSOC
  5
10AC
102
{ACAD_REACTORS
330
10AB
102
}
330
10AB
100
AcDbDimAssoc
330
10AA
 90
        2
 70
     0
 71
     0
  1
AcDbOsnapPointRef
 72
     3
331
10A9
 73
     2
 91
        0
 40
0.0
 10
0.0
 20
0.0
 30
0.0
 75
     0
  0
DIMASSOC
  5
10B7
102
{ACAD_REACTORS
330
10B6
102
}
330
10B6
100
AcDbDimAssoc
330
10B5
 90
        2
 70
     0
 71
     0
  1
AcDbOsnapPointRef
 72
     3
331
10B4
 73
     2
 91
        0
 40
0.0
 10
0.0
 20
0.0
 30
0.0
 75
     0
  0
DIMASSOC
  5
10BB
102
{ACAD_REACTORS
330
10BA
102
}
330
10BA
100
AcDbDimAssoc
330
10B9
 90
        2
 70
     0
 71
     0
  1
AcDbOsnapPointRef
 72
     3
331
10B8
 73
     2
 91
        0
 40
0.0
 10
0.0
 20
0.0
 30
0.0
 75
     0
  0
DIMASSOC
  5
10BF
102
{ACAD_REACTORS
330
10BE
102
}
330
10BE
100
AcDbDimAssoc
330
10BD
 90
        2
 70
     0
 71
     0
  1
AcDbOsnapPointRef
 72
     3
331
10BC
 73
     2
 91
        0
 40
0.0
 10
0.0
 20
0.0
 30
0.0
 75
     0
  0
DIMASSOC
  5
10C3
102
{ACAD_REACTORS
330
10C2
102
}
330
10C2
100
AcDbDimAssoc
330
10C1
 90
        2
 70
     0
 71
     0
  1
AcDbOsnapPointRef
 72
     3
331
10C0
 73
     2
 91
        0
 40
0.0
 10
0.0
 20
0.0
 30
0.0
 75
     0
  0
DIMASSOC
  5
272B
102
{ACAD_REACTORS
330
272A
102
}
330
272A
100
AcDbDimAssoc
330
2729
 90
        2
 70
     0
 71
     0
  1
AcDbOsnapPointRef
 72
     1
331
27AF
 73
     2
 91
        3
 40
1.0
 10
0.0
 20
0.0
 30
2.000000000000000E+50
 75
     0
  0
DIMASSOC
  5
2730
102
{ACAD_REACTORS
330
272F
102
}
330
272F
100
AcDbDimAssoc
330
272E
 90
        2
 70
     0
 71
     0
  1
AcDbOsnapPointRef
 72
    13
331
27AF
 73
     2
 91
        1
 40
0.0
 10
0.0
 20
0.0
 30
2.000000000000000E+50
 75
     0
  0
DIMASSOC
  5
2737
102
{ACAD_REACTORS
330
2736
102
}
330
2736
100
AcDbDimAssoc
330
2735
 90
        1
 70
     0
 71
     0
  1
AcDbOsnapPointRef
 72
     3
331
27B2
 73
     2
 91
        0
 40
0.0
 10
0.0
 20
0.0
 30
0.0
 75
     0
  0
DIMASSOC
  5
273A
102
{ACAD_REACTORS
330
2739
102
}
330
2739
100
AcDbDimAssoc
330
2738
 90
        1
 70
     0
 71
     0
  1
AcDbOsnapPointRef
 72
     3
331
27B3
 73
     2
 91
        0
 40
0.0
 10
0.0
 20
0.0
 30
0.0
 75
     0
  0
DIMASSOC
  5
274D
102
{ACAD_REACTORS
330
274C
102
}
330
274C
100
AcDbDimAssoc
330
274B
 90
        1
 70
     0
 71
     0
  1
AcDbOsnapPointRef
 72
     3
331
27B4
 73
     2
 91
        0
 40
0.0
 10
0.0
 20
0.0
 30
0.0
 75
     0
  0
DIMASSOC
  5
2750
102
{ACAD_REACTORS
330
274F
102
}
330
274F
100
AcDbDimAssoc
330
274E
 90
        1
 70
     0
 71
     0
  1
AcDbOsnapPointRef
 72
     3
331
27B5
 73
     2
 91
        0
 40
0.0
 10
0.0
 20
0.0
 30
0.0
 75
     0
  0
DIMASSOC
  5
2755
102
{ACAD_REACTORS
330
2754
102
}
330
2754
100
AcDbDimAssoc
330
2753
 90
        2
 70
     0
 71
     0
  1
AcDbOsnapPointRef
 72
     3
331
2752
 73
     2
 91
        0
 40
0.0
 10
0.0
 20
0.0
 30
0.0
 75
     0
  0
DIMASSOC
  5
2759
102
{ACAD_REACTORS
330
2758
102
}
330
2758
100
AcDbDimAssoc
330
2757
 90
        2
 70
     0
 71
     0
  1
AcDbOsnapPointRef
 72
     3
331
2756
 73
     2
 91
        0
 40
0.0
 10
0.0
 20
0.0
 30
0.0
 75
     0
  0
DIMASSOC
  5
275D
102
{ACAD_REACTORS
330
275C
102
}
330
275C
100
AcDbDimAssoc
330
275B
 90
        2
 70
     0
 71
     0
  1
AcDbOsnapPointRef
 72
     3
331
275A
 73
     2
 91
        0
 40
0.0
 10
0.0
 20
0.0
 30
0.0
 75
     0
  0
DIMASSOC
  5
2761
102
{ACAD_REACTORS
330
2760
102
}
330
2760
100
AcDbDimAssoc
330
275F
 90
        2
 70
     0
 71
     0
  1
AcDbOsnapPointRef
 72
     3
331
275E
 73
     2
 91
        0
 40
0.0
 10
0.0
 20
0.0
 30
0.0
 75
     0
  0
DIMASSOC
  5
2765
102
{ACAD_REACTORS
330
2764
102
}
330
2764
100
AcDbDimAssoc
330
2763
 90
        2
 70
     0
 71
     0
  1
AcDbOsnapPointRef
 72
     3
331
2762
 73
     2
 91
        0
 40
0.0
 10
0.0
 20
0.0
 30
0.0
 75
     0
  0
DIMASSOC
  5
2769
102
{ACAD_REACTORS
330
2768
102
}
330
2768
100
AcDbDimAssoc
330
2767
 90
        2
 70
     0
 71
     0
  1
AcDbOsnapPointRef
 72
     3
331
2766
 73
     2
 91
        0
 40
0.0
 10
0.0
 20
0.0
 30
0.0
 75
     0
  0
DIMASSOC
  5
276D
102
{ACAD_REACTORS
330
276C
102
}
330
276C
100
AcDbDimAssoc
330
276B
 90
        2
 70
     0
 71
     0
  1
AcDbOsnapPointRef
 72
     3
331
276A
 73
     2
 91
        0
 40
0.0
 10
0.0
 20
0.0
 30
0.0
 75
     0
  0
DIMASSOC
  5
2771
102
{ACAD_REACTORS
330
2770
102
}
330
2770
100
AcDbDimAssoc
330
276F
 90
        2
 70
     0
 71
     0
  1
AcDbOsnapPointRef
 72
     3
331
276E
 73
     2
 91
        0
 40
0.0
 10
0.0
 20
0.0
 30
0.0
 75
     0
  0
DIMASSOC
  5
2775
102
{ACAD_REACTORS
330
2774
102
}
330
2774
100
AcDbDimAssoc
330
2773
 90
        2
 70
     0
 71
     0
  1
AcDbOsnapPointRef
 72
     3
331
2772
 73
     2
 91
        0
 40
0.0
 10
0.0
 20
0.0
 30
0.0
 75
     0
  0
DIMASSOC
  5
2779
102
{ACAD_REACTORS
330
2778
102
}
330
2778
100
AcDbDimAssoc
330
2777
 90
        2
 70
     0
 71
     0
  1
AcDbOsnapPointRef
 72
     3
331
2776
 73
     2
 91
        0
 40
0.0
 10
0.0
 20
0.0
 30
0.0
 75
     0
  0
DIMASSOC
  5
277D
102
{ACAD_REACTORS
330
277C
102
}
330
277C
100
AcDbDimAssoc
330
277B
 90
        2
 70
     0
 71
     0
  1
AcDbOsnapPointRef
 72
     3
331
277A
 73
     2
 91
        0
 40
0.0
 10
0.0
 20
0.0
 30
0.0
 75
     0
  0
DIMASSOC
  5
2781
102
{ACAD_REACTORS
330
2780
102
}
330
2780
100
AcDbDimAssoc
330
277F
 90
        2
 70
     0
 71
     0
  1
AcDbOsnapPointRef
 72
     3
331
277E
 73
     2
 91
        0
 40
0.0
 10
0.0
 20
0.0
 30
0.0
 75
     0
  0
DIMASSOC
  5
2784
102
{ACAD_REACTORS
330
2783
102
}
330
2783
100
AcDbDimAssoc
330
2782
 90
        2
 70
     0
 71
     0
  1
AcDbOsnapPointRef
 72
     1
331
27AF
 73
     2
 91
        1
 40
1.0
 10
0.0
 20
0.0
 30
2.000000000000000E+50
 75
     0
  0
DIMASSOC
  5
2787
102
{ACAD_REACTORS
330
2786
102
}
330
2786
100
AcDbDimAssoc
330
2785
 90
        1
 70
     0
 71
     0
  1
AcDbOsnapPointRef
 72
     1
331
27AF
 73
     2
 91
        2
 40
1.0
 10
0.0
 20
0.0
 30
2.000000000000000E+50
 75
     0
  0
DIMASSOC
  5
278A
102
{ACAD_REACTORS
330
2789
102
}
330
2789
100
AcDbDimAssoc
330
2788
 90
        2
 70
     0
 71
     0
  1
AcDbOsnapPointRef
 72
     3
331
27B7
 73
     2
 91
        0
 40
0.0
 10
0.0
 20
0.0
 30
0.0
 75
     0
  0
DIMASSOC
  5
278D
102
{ACAD_REACTORS
330
278C
102
}
330
278C
100
AcDbDimAssoc
330
278B
 90
        2
 70
     0
 71
     0
  1
AcDbOsnapPointRef
 72
     3
331
27B8
 73
     2
 91
        0
 40
0.0
 10
0.0
 20
0.0
 30
0.0
 75
     0
  0
DIMASSOC
  5
2790
102
{ACAD_REACTORS
330
278F
102
}
330
278F
100
AcDbDimAssoc
330
278E
 90
        2
 70
     0
 71
     0
  1
AcDbOsnapPointRef
 72
     3
331
27B9
 73
     2
 91
        0
 40
0.0
 10
0.0
 20
0.0
 30
0.0
 75
     0
  0
DIMASSOC
  5
2793
102
{ACAD_REACTORS
330
2792
102
}
330
2792
100
AcDbDimAssoc
330
2791
 90
        2
 70
     0
 71
     0
  1
AcDbOsnapPointRef
 72
     3
331
27BA
 73
     2
 91
        0
 40
0.0
 10
0.0
 20
0.0
 30
0.0
 75
     0
  0
DIMASSOC
  5
2796
102
{ACAD_REACTORS
330
2795
102
}
330
2795
100
AcDbDimAssoc
330
2794
 90
        2
 70
     0
 71
     0
  1
AcDbOsnapPointRef
 72
     3
331
27BB
 73
     2
 91
        0
 40
0.0
 10
0.0
 20
0.0
 30
0.0
 75
     0
  0
DIMASSOC
  5
2799
102
{ACAD_REACTORS
330
2798
102
}
330
2798
100
AcDbDimAssoc
330
2797
 90
        2
 70
     0
 71
     0
  1
AcDbOsnapPointRef
 72
     3
331
27BC
 73
     2
 91
        0
 40
0.0
 10
0.0
 20
0.0
 30
0.0
 75
     0
  0
DIMASSOC
  5
279C
102
{ACAD_REACTORS
330
279B
102
}
330
279B
100
AcDbDimAssoc
330
279A
 90
        2
 70
     0
 71
     0
  1
AcDbOsnapPointRef
 72
     3
331
27AE
 73
     2
 91
        0
 40
0.0
 10
0.0
 20
0.0
 30
0.0
 75
     0
  0
DIMASSOC
  5
279F
102
{ACAD_REACTORS
330
279E
102
}
330
279E
100
AcDbDimAssoc
330
279D
 90
        2
 70
     0
 71
     0
  1
AcDbOsnapPointRef
 72
     3
331
27BD
 73
     2
 91
        0
 40
0.0
 10
0.0
 20
0.0
 30
0.0
 75
     0
  0
DIMASSOC
  5
27A2
102
{ACAD_REACTORS
330
27A1
102
}
330
27A1
100
AcDbDimAssoc
330
27A0
 90
        2
 70
     0
 71
     0
  1
AcDbOsnapPointRef
 72
     3
331
27BE
 73
     2
 91
        0
 40
0.0
 10
0.0
 20
0.0
 30
0.0
 75
     0
  0
DIMASSOC
  5
27A5
102
{ACAD_REACTORS
330
27A4
102
}
330
27A4
100
AcDbDimAssoc
330
27A3
 90
        2
 70
     0
 71
     0
  1
AcDbOsnapPointRef
 72
     3
331
27BF
 73
     2
 91
        0
 40
0.0
 10
0.0
 20
0.0
 30
0.0
 75
     0
  0
DIMASSOC
  5
27A8
102
{ACAD_REACTORS
330
27A7
102
}
330
27A7
100
AcDbDimAssoc
330
27A6
 90
        2
 70
     0
 71
     0
  1
AcDbOsnapPointRef
 72
     3
331
27C0
 73
     2
 91
        0
 40
0.0
 10
0.0
 20
0.0
 30
0.0
 75
     0
  0
XRECORD
  5
2B5A
102
{ACAD_REACTORS
330
2B59
102
}
330
2B59
100
AcDbXrecord
280
     1
 90
        1
340
B7
  0
XRECORD
  5
2B5E
102
{ACAD_REACTORS
330
2B5D
102
}
330
2B5D
100
AcDbXrecord
280
     1
 90
        1
340
B7
  0
ACDBDETAILVIEWSTYLE
  5
1AC
102
{ACAD_XDICTIONARY
360
33D7
102
}
102
{ACAD_REACTORS
330
1AB
102
}
330
1AB
100
AcDbModelDocViewStyle
 70
     0
  3
Imperial24
290
     0
100
AcDbDetailViewStyle
 70
     0
 71
     0
 90
        3
 71
     1
340
11
 62
   256
 40
0.24
340
0
 62
   256
 40
0.24
300

 40
0.36
280
     3
 71
     2
340
16
 90
       25
 62
   256
 71
     3
340
11
 62
   256
 40
0.24
 90
        1
 40
0.75
 90
        1
300
%<\AcVar ViewType \f "%tc1">% %<\AcVar ViewDetailId>%\PSCALE %<\AcVar ViewScale \f "%sn">%
 71
     4
340
16
 90
       25
 62
   256
340
16
 90
       25
 62
   256
280
     0
  0
ACDBDETAILVIEWSTYLE
  5
58D
102
{ACAD_XDICTIONARY
360
33DD
102
}
102
{ACAD_REACTORS
330
1AB
102
}
330
1AB
100
AcDbModelDocViewStyle
 70
     0
  3
Metric50
290
     0
100
AcDbDetailViewStyle
 70
     0
 71
     0
 90
        3
 71
     1
340
11
 62
   256
 40
5.0
340
0
 62
   256
 40
5.0
300

 40
0.0
280
     1
 71
     2
340
16
 90
       25
 62
   256
 71
     3
340
11
 62
   256
 40
5.0
 90
        0
 40
15.0
 90
        1
300
%<\AcVar ViewDetailId>% (%<\AcVar ViewScale \f "%sn">%)
 71
     4
340
16
 90
       25
 62
   256
340
16
 90
       25
 62
   256
280
     0
  0
GROUP
  5
32B8
102
{ACAD_REACTORS
330
D
102
}
330
D
100
AcDbGroup
300

 70
     1
 71
     1
340
2EAE
340
2EAD
340
2EAC
340
2EAB
340
2EAA
340
2EA9
340
10D6
340
10C0
340
10BC
340
10B8
340
10B4
340
71C
340
706
340
702
340
6FE
340
6FA
  0
GROUP
  5
32B9
102
{ACAD_REACTORS
330
D
102
}
330
D
100
AcDbGroup
300

 70
     1
 71
     1
340
10D5
340
10A9
340
10A5
340
10A1
340
1099
340
1095
340
71B
340
6EF
340
6EB
340
6E7
340
6DF
340
6DB
  0
GROUP
  5
32BA
102
{ACAD_REACTORS
330
D
102
}
330
D
100
AcDbGroup
300

 70
     1
 71
     1
340
71D
340
6D2
340
6CE
340
6C4
340
6C0
340
6BC
340
6B8
340
6B4
340
6B0
340
6AC
  0
GROUP
  5
32BB
102
{ACAD_REACTORS
330
D
102
}
330
D
100
AcDbGroup
300

 70
     1
 71
     1
340
2EF0
340
71A
340
686
340
682
340
67E
340
677
340
66B
  0
GROUP
  5
32BC
102
{ACAD_REACTORS
330
D
102
}
330
D
100
AcDbGroup
300

 70
     1
 71
     1
340
27C0
340
27BF
340
27BE
340
27BD
340
27BC
340
27BB
340
27BA
340
27B9
340
27B8
340
27B7
340
27B6
340
27B5
340
27B4
340
27B3
340
27B2
340
27B1
340
27B0
340
27AF
340
27AE
340
27AD
340
27AC
340
27AB
340
27AA
340
27A9
  0
LAYOUT
  5
22
102
{ACAD_XDICTIONARY
360
194
102
}
102
{ACAD_REACTORS
330
1A
102
}
330
1A
100
AcDbPlotSettings
  1

  2
none_device
  4
ANSI_A_(8.50_x_11.00_Inches)
  6

 40
6.349999904632568
 41
19.04999923706055
 42
6.350006103515625
 43
19.04998779296875
 44
215.8999938964844
 45
279.3999938964844
 46
0.0
 47
0.0
 48
0.0
 49
0.0
140
0.0
141
0.0
142
1.0
143
2.584895464708373
 70
 11952
 72
     0
 73
     1
 74
     0
  7

 75
     0
147
0.3868628397755418
 76
     0
 77
     2
 78
   300
148
0.0
149
0.0
100
AcDbLayout
  1
Model
 70
     1
 71
     0
 10
0.0
 20
0.0
 11
12.0
 21
9.0
 12
0.0
 22
0.0
 32
0.0
 14
0.0
 24
0.0
 34
0.0
 15
0.0
 25
0.0
 35
0.0
146
0.0
 13
0.0
 23
0.0
 33
0.0
 16
1.0
 26
0.0
 36
0.0
 17
0.0
 27
1.0
 37
0.0
 76
     0
330
1F
331
94
  0
LAYOUT
  5
59
102
{ACAD_REACTORS
330
1A
102
}
330
1A
100
AcDbPlotSettings
  1

  2
none_device
  4
Letter_(8.50_x_11.00_Inches)
  6

 40
6.349999904632568
 41
6.349999904632568
 42
6.350006103515625
 43
6.350006103515625
 44
215.8999938964844
 45
279.3999938964844
 46
0.0
 47
0.0
 48
0.0
 49
0.0
140
0.0
141
0.0
142
1.0
143
1.0
 70
   688
 72
     0
 73
     1
 74
     5
  7

 75
    16
147
1.0
 76
     0
 77
     2
 78
   300
148
0.0
149
0.0
100
AcDbLayout
  1
Лист1
 70
     1
 71
     1
 10
-0.2500002402958907
 20
-0.2499999962453767
 11
10.74999951940822
 21
8.249999763458733
 12
0.0
 22
0.0
 32
0.0
 14
1.049999952316284
 24
0.7999999523162842
 34
0.0
 15
9.449999570846559
 25
7.199999570846558
 35
0.0
146
0.0
 13
0.0
 23
0.0
 33
0.0
 16
1.0
 26
0.0
 36
0.0
 17
0.0
 27
1.0
 37
0.0
 76
     0
330
58
331
2B58
1001
ACAD_PSEXT
1000
Нет
1000
Нет
1000
Неприменимо
1000
Лист не будет напечатан, если не выбрать имя конфигурации плоттера.
1070
     0
  0
MATERIAL
  5
97
102
{ACAD_XDICTIONARY
360
188
102
}
102
{ACAD_REACTORS
330
72
102
}
330
72
100
AcDbMaterial
  1
ByBlock
 94
       63
  0
MATERIAL
  5
96
102
{ACAD_XDICTIONARY
360
186
102
}
102
{ACAD_REACTORS
330
72
102
}
330
72
100
AcDbMaterial
  1
ByLayer
 94
       63
  0
MATERIAL
  5
98
102
{ACAD_XDICTIONARY
360
110
102
}
102
{ACAD_REACTORS
330
72
102
}
330
72
100
AcDbMaterial
  1
Global
 43
0.0208000000566244
 43
0.0
 43
0.0
 43
0.0
 43
0.0
 43
0.0208000000566244
 43
0.0
 43
0.0
 43
0.0
 43
0.0
 43
1.0
 43
0.0
 43
0.0
 43
0.0
 43
0.0
 43
1.0
 49
0.0208000000566244
 49
0.0
 49
0.0
 49
0.0
 49
0.0
 49
0.0208000000566244
 49
0.0
 49
0.0
 49
0.0
 49
0.0
 49
1.0
 49
0.0
 49
0.0
 49
0.0
 49
0.0
 49
1.0
142
0.0208000000566244
142
0.0
142
0.0
142
0.0
142
0.0
142
0.0208000000566244
142
0.0
142
0.0
142
0.0
142
0.0
142
1.0
142
0.0
142
0.0
142
0.0
142
0.0
142
1.0
144
0.0208000000566244
144
0.0
144
0.0
144
0.0
144
0.0
144
0.0208000000566244
144
0.0
144
0.0
144
0.0
144
0.0
144
1.0
144
0.0
144
0.0
144
0.0
144
0.0
144
1.0
 94
       63
1001
ACAD
1070
    -1
1070
     3
1070
     0
1000

1071
        0
1070
     0
  0
MLEADERSTYLE
  5
D8
102
{ACAD_REACTORS
330
D7
330
6A7
330
6A8
330
6A9
330
6AA
330
6AB
330
F97
330
F98
330
F99
330
F9A
330
F9B
330
1061
330
1062
330
1063
330
1064
330
1065
102
}
330
D7
100
AcDbMLeaderStyle
170
     2
171
     1
172
     0
 90
        2
 40
0.0
 41
0.0
173
     1
 91
-1056964608
340
14
 92
       -2
290
     1
 42
0.09
291
     1
 43
0.36
  3
Standard
 44
0.18
300

342
11
174
     1
178
     1
175
     1
176
     0
 93
-1056964608
 45
0.18
292
     0
297
     0
 46
0.18
 94
-1056964608
 47
1.0
 49
1.0
140
1.0
293
     1
141
0.0
294
     1
177
     0
142
1.0
295
     0
296
     0
143
0.125
1001
ACAD_MLEADERVER
1070
     2
  0
MLEADERSTYLE
  5
E5
102
{ACAD_REACTORS
330
D7
102
}
330
D7
100
AcDbMLeaderStyle
170
     2
171
     1
172
     0
 90
        2
 40
0.0
 41
0.0
173
     1
 91
-1056964608
340
14
 92
       -2
290
     1
 42
0.09
291
     1
 43
0.36
  3
Standard
 44
0.18
300

342
11
174
     1
178
     1
175
     1
176
     0
 93
-1056964608
 45
0.18
292
     0
297
     0
 46
0.18
 94
-1056964608
 47
1.0
 49
1.0
140
1.0
293
     1
141
0.0
294
     1
177
     0
142
1.0
295
     0
296
     1
143
0.125
1001
ACAD_MLEADERVER
1070
     2
  0
MLINESTYLE
  5
18
102
{ACAD_REACTORS
330
17
102
}
330
17
100
AcDbMlineStyle
  2
STANDARD
 70
     0
  3

 62
   256
 51
90.0
 52
90.0
 71
     2
 49
0.5
 62
   256
  6
BYLAYER
 49
-0.5
 62
   256
  6
BYLAYER
  0
ACDBPLACEHOLDER
  5
F
102
{ACAD_REACTORS
330
E
102
}
330
E
  0
SCALE
  5
B7
102
{ACAD_REACTORS
330
B6
102
}
330
B6
100
AcDbScale
 70
     0
300
1:1
140
1.0
141
1.0
290
     1
  0
SCALE
  5
124
102
{ACAD_REACTORS
330
B6
102
}
330
B6
100
AcDbScale
 70
     0
300
1:2
140
1.0
141
2.0
290
     0
  0
SCALE
  5
125
102
{ACAD_REACTORS
330
B6
102
}
330
B6
100
AcDbScale
 70
     0
300
1:4
140
1.0
141
4.0
290
     0
  0
SCALE
  5
126
102
{ACAD_REACTORS
330
B6
102
}
330
B6
100
AcDbScale
 70
     0
300
1:5
140
1.0
141
5.0
290
     0
  0
SCALE
  5
127
102
{ACAD_REACTORS
330
B6
102
}
330
B6
100
AcDbScale
 70
     0
300
1:8
140
1.0
141
8.0
290
     0
  0
SCALE
  5
128
102
{ACAD_REACTORS
330
B6
102
}
330
B6
100
AcDbScale
 70
     0
300
1:10
140
1.0
141
10.0
290
     0
  0
SCALE
  5
129
102
{ACAD_REACTORS
330
B6
102
}
330
B6
100
AcDbScale
 70
     0
300
1:16
140
1.0
141
16.0
290
     0
  0
SCALE
  5
12A
102
{ACAD_REACTORS
330
B6
102
}
330
B6
100
AcDbScale
 70
     0
300
1:20
140
1.0
141
20.0
290
     0
  0
SCALE
  5
12B
102
{ACAD_REACTORS
330
B6
102
}
330
B6
100
AcDbScale
 70
     0
300
1:30
140
1.0
141
30.0
290
     0
  0
SCALE
  5
12C
102
{ACAD_REACTORS
330
B6
102
}
330
B6
100
AcDbScale
 70
     0
300
1:40
140
1.0
141
40.0
290
     0
  0
SCALE
  5
12D
102
{ACAD_REACTORS
330
B6
102
}
330
B6
100
AcDbScale
 70
     0
300
1:50
140
1.0
141
50.0
290
     0
  0
SCALE
  5
12E
102
{ACAD_REACTORS
330
B6
102
}
330
B6
100
AcDbScale
 70
     0
300
1:100
140
1.0
141
100.0
290
     0
  0
SCALE
  5
12F
102
{ACAD_REACTORS
330
B6
102
}
330
B6
100
AcDbScale
 70
     0
300
2:1
140
2.0
141
1.0
290
     0
  0
SCALE
  5
130
102
{ACAD_REACTORS
330
B6
102
}
330
B6
100
AcDbScale
 70
     0
300
4:1
140
4.0
141
1.0
290
     0
  0
SCALE
  5
131
102
{ACAD_REACTORS
330
B6
102
}
330
B6
100
AcDbScale
 70
     0
300
8:1
140
8.0
141
1.0
290
     0
  0
SCALE
  5
132
102
{ACAD_REACTORS
330
B6
102
}
330
B6
100
AcDbScale
 70
     0
300
10:1
140
10.0
141
1.0
290
     0
  0
SCALE
  5
133
102
{ACAD_REACTORS
330
B6
102
}
330
B6
100
AcDbScale
 70
     0
300
100:1
140
100.0
141
1.0
290
     0
  0
SCALE
  5
134
102
{ACAD_REACTORS
330
B6
102
}
330
B6
100
AcDbScale
 70
     0
300
1/128" = 1'-0"
140
0.0078125
141
12.0
290
     0
  0
SCALE
  5
135
102
{ACAD_REACTORS
330
B6
102
}
330
B6
100
AcDbScale
 70
     0
300
1/64" = 1'-0"
140
0.015625
141
12.0
290
     0
  0
SCALE
  5
136
102
{ACAD_REACTORS
330
B6
102
}
330
B6
100
AcDbScale
 70
     0
300
1/32" = 1'-0"
140
0.03125
141
12.0
290
     0
  0
SCALE
  5
137
102
{ACAD_REACTORS
330
B6
102
}
330
B6
100
AcDbScale
 70
     0
300
1/16" = 1'-0"
140
0.0625
141
12.0
290
     0
  0
SCALE
  5
138
102
{ACAD_REACTORS
330
B6
102
}
330
B6
100
AcDbScale
 70
     0
300
3/32" = 1'-0"
140
0.09375
141
12.0
290
     0
  0
SCALE
  5
139
102
{ACAD_REACTORS
330
B6
102
}
330
B6
100
AcDbScale
 70
     0
300
1/8" = 1'-0"
140
0.125
141
12.0
290
     0
  0
SCALE
  5
13A
102
{ACAD_REACTORS
330
B6
102
}
330
B6
100
AcDbScale
 70
     0
300
3/16" = 1'-0"
140
0.1875
141
12.0
290
     0
  0
SCALE
  5
13B
102
{ACAD_REACTORS
330
B6
102
}
330
B6
100
AcDbScale
 70
     0
300
1/4" = 1'-0"
140
0.25
141
12.0
290
     0
  0
SCALE
  5
13C
102
{ACAD_REACTORS
330
B6
102
}
330
B6
100
AcDbScale
 70
     0
300
3/8" = 1'-0"
140
0.375
141
12.0
290
     0
  0
SCALE
  5
13D
102
{ACAD_REACTORS
330
B6
102
}
330
B6
100
AcDbScale
 70
     0
300
1/2" = 1'-0"
140
0.5
141
12.0
290
     0
  0
SCALE
  5
13E
102
{ACAD_REACTORS
330
B6
102
}
330
B6
100
AcDbScale
 70
     0
300
3/4" = 1'-0"
140
0.75
141
12.0
290
     0
  0
SCALE
  5
13F
102
{ACAD_REACTORS
330
B6
102
}
330
B6
100
AcDbScale
 70
     0
300
1" = 1'-0"
140
1.0
141
12.0
290
     0
  0
SCALE
  5
140
102
{ACAD_REACTORS
330
B6
102
}
330
B6
100
AcDbScale
 70
     0
300
1-1/2" = 1'-0"
140
1.5
141
12.0
290
     0
  0
SCALE
  5
141
102
{ACAD_REACTORS
330
B6
102
}
330
B6
100
AcDbScale
 70
     0
300
3" = 1'-0"
140
3.0
141
12.0
290
     0
  0
SCALE
  5
142
102
{ACAD_REACTORS
330
B6
102
}
330
B6
100
AcDbScale
 70
     0
300
6" = 1'-0"
140
6.0
141
12.0
290
     0
  0
SCALE
  5
143
102
{ACAD_REACTORS
330
B6
102
}
330
B6
100
AcDbScale
 70
     0
300
1'-0" = 1'-0"
140
12.0
141
12.0
290
     0
  0
ACDBSECTIONVIEWSTYLE
  5
1AA
102
{ACAD_XDICTIONARY
360
33D5
102
}
102
{ACAD_REACTORS
330
1A8
102
}
330
1A8
100
AcDbModelDocViewStyle
 70
     0
  3
Imperial24
290
     0
100
AcDbSectionViewStyle
 70
     0
 71
     0
 90
       78
 71
     1
340
11
 62
   256
 40
0.24
340
0
340
0
 62
   256
 40
0.24
300
I, O, Q, S, X, Z
 40
0.48
 90
        3
 40
0.18
 90
        1
 71
     2
340
16
 90
       25
 62
   256
340
16
 90
       50
 62
   256
 40
0.24
 40
0.0
 40
0.24
 71
     3
340
11
 62
   256
 40
0.24
 90
        1
 40
0.75
 90
        1
300
%<\AcVar ViewType \f "%tc1">% %<\AcVar ViewSectionStartId>%-%<\AcVar ViewSectionEndId>%\PSCALE %<\AcVar ViewScale \f "%sn">%
 71
     4
 62
   256
 62
   257
300
ANSI31
 40
1.0
 90
        0
290
     0
290
     0
 90
        6
 40
0.0
 40
1.570796326794896
 40
0.2617993877991494
 40
1.308996938995747
 40
-0.2617993877991494
 40
1.832595714594046
  0
ACDBSECTIONVIEWSTYLE
  5
58C
102
{ACAD_XDICTIONARY
360
33DB
102
}
102
{ACAD_REACTORS
330
1A8
102
}
330
1A8
100
AcDbModelDocViewStyle
 70
     0
  3
Metric50
290
     0
100
AcDbSectionViewStyle
 70
     0
 71
     0
 90
      102
 71
     1
340
11
 62
   256
 40
5.0
340
0
340
0
 62
   256
 40
5.0
300
I, O, Q, S, X, Z
 40
10.0
 90
        0
 40
2.5
 90
        0
 71
     2
340
16
 90
       25
 62
   256
340
16
 90
       50
 62
   256
 40
5.0
 40
2.5
 40
5.0
 71
     3
340
11
 62
   256
 40
5.0
 90
        0
 40
15.0
 90
        1
300
%<\AcVar ViewSectionStartId>%-%<\AcVar ViewSectionEndId>% (%<\AcVar ViewScale \f "%sn">%)
 71
     4
 62
   256
 62
   257
300
ANSI31
 40
1.0
 90
        0
290
     0
290
     0
 90
        6
 40
0.0
 40
1.570796326794896
 40
0.2617993877991494
 40
1.308996938995747
 40
-0.2617993877991494
 40
1.832595714594046
  0
TABLESTYLE
  5
87
102
{ACAD_XDICTIONARY
360
104
102
}
102
{ACAD_REACTORS
330
86
102
}
330
86
100
AcDbTableStyle
  3
Standard
 70
     0
 71
     0
 40
0.06
 41
0.06
280
     0
281
     0
  7
Standard
140
0.18
170
     2
 62
     0
 63
     7
283
     0
 90
      512
 91
        0
  1

274
    -2
284
     1
 64
     0
275
    -2
285
     1
 65
     0
276
    -2
286
     1
 66
     0
277
    -2
287
     1
 67
     0
278
    -2
288
     1
 68
     0
279
    -2
289
     1
 69
     0
  7
Standard
140
0.25
170
     5
 62
     0
 63
     7
283
     0
 90
      512
 91
        0
  1

274
    -2
284
     1
 64
     0
275
    -2
285
     1
 65
     0
276
    -2
286
     1
 66
     0
277
    -2
287
     1
 67
     0
278
    -2
288
     1
 68
     0
279
    -2
289
     1
 69
     0
  7
Standard
140
0.18
170
     5
 62
     0
 63
     7
283
     0
 90
      512
 91
        0
  1

274
    -2
284
     1
 64
     0
275
    -2
285
     1
 65
     0
276
    -2
286
     1
 66
     0
277
    -2
287
     1
 67
     0
278
    -2
288
     1
 68
     0
279
    -2
289
     1
 69
     0
  0
VISUALSTYLE
  5
9F
102
{ACAD_XDICTIONARY
360
33AF
102
}
102
{ACAD_REACTORS
330
99
102
}
330
99
100
AcDbVisualStyle
  2
2dWireframe
 70
     4
 71
     0
 72
     2
 73
     1
 90
        0
 40
-0.6
 41
-30.0
 62
     5
 63
     7
421
 16777215
 74
     1
 91
        4
 64
     7
 65
   257
 75
     1
175
     1
 42
1.0
 92
        0
 66
   257
 43
1.0
 76
     1
 77
     6
 78
     2
 67
     7
 79
     5
170
     0
171
     0
290
     0
174
     0
 93
        1
 44
0.0
173
     0
291
     0
 45
0.0
1001
ACAD
1000
AcDbSavedByObjectVersion
1070
     0
  0
VISUALSTYLE
  5
58B
102
{ACAD_XDICTIONARY
360
33D9
102
}
102
{ACAD_REACTORS
330
99
102
}
330
99
100
AcDbVisualStyle
  2
3dWireframe
 70
     5
 71
     0
 72
     2
 73
     1
 90
        0
 40
-0.6
 41
-30.0
 62
     5
 63
     7
421
 16777215
 74
     1
 91
        4
 64
     7
 65
   257
 75
     1
175
     1
 42
1.0
 92
        0
 66
   257
 43
1.0
 76
     1
 77
     6
 78
     2
 67
     7
 79
     5
170
     0
171
     0
290
     0
174
     0
 93
        1
 44
0.0
173
     0
291
     0
 45
0.0
1001
ACAD
1000
AcDbSavedByObjectVersion
1070
     0
  0
VISUALSTYLE
  5
9E
102
{ACAD_XDICTIONARY
360
33AD
102
}
102
{ACAD_REACTORS
330
99
102
}
330
99
100
AcDbVisualStyle
  2
Basic
 70
     7
 71
     1
 72
     0
 73
     1
 90
        0
 40
-0.6
 41
-30.0
 62
     5
 63
     7
421
 16777215
 74
     0
 91
        4
 64
     7
 65
   257
 75
     1
175
     1
 42
1.0
 92
        8
 66
     7
 43
1.0
 76
     1
 77
     6
 78
     2
 67
     7
 79
     5
170
     0
171
     0
290
     0
174
     0
 93
        1
 44
0.0
173
     0
291
     1
 45
0.0
1001
ACAD
1000
AcDbSavedByObjectVersion
1070
     0
  0
VISUALSTYLE
  5
A5
102
{ACAD_XDICTIONARY
360
33BB
102
}
102
{ACAD_REACTORS
330
99
102
}
330
99
100
AcDbVisualStyle
  2
Brighten
 70
    12
 71
     2
 72
     2
 73
     1
 90
        0
 40
-0.6
 41
-30.0
 62
     5
 63
     7
421
 16777215
 74
     1
 91
        4
 64
     7
 65
   257
 75
     1
175
     1
 42
1.0
 92
        8
 66
     7
 43
1.0
 76
     1
 77
     6
 78
     2
 67
     7
 79
     5
170
     0
171
     0
290
     0
174
     0
 93
        1
 44
50.0
173
     0
291
     1
 45
0.0
1001
ACAD
1000
AcDbSavedByObjectVersion
1070
     0
  0
VISUALSTYLE
  5
A9
102
{ACAD_XDICTIONARY
360
33C3
102
}
102
{ACAD_REACTORS
330
99
102
}
330
99
100
AcDbVisualStyle
  2
ColorChange
 70
    16
 71
     2
 72
     2
 73
     3
 90
        0
 40
-0.6
 41
-30.0
 62
     5
 63
     8
421
  8421504
 74
     1
 91
        4
 64
     7
 65
   257
 75
     1
175
     1
 42
1.0
 92
        8
 66
     8
424
  8421504
 43
1.0
 76
     1
 77
     6
 78
     2
 67
     7
 79
     5
170
     0
171
     0
290
     0
174
     0
 93
        1
 44
0.0
173
     0
291
     1
 45
0.0
1001
ACAD
1000
AcDbSavedByObjectVersion
1070
     0
  0
VISUALSTYLE
  5
A2
102
{ACAD_XDICTIONARY
360
33B5
102
}
102
{ACAD_REACTORS
330
99
102
}
330
99
100
AcDbVisualStyle
  2
Conceptual
 70
     9
 71
     3
 72
     2
 73
     1
 90
        0
 40
-0.6
 41
-30.0
 62
     5
 63
     7
421
 16777215
 74
     2
 91
        2
 64
     7
 65
   257
 75
     1
175
     1
 42
40.0
 92
        8
 66
     7
 43
1.0
 76
     1
 77
     6
 78
     2
 67
     7
 79
     3
170
     0
171
     0
290
     0
174
     0
 93
        1
 44
0.0
173
     0
291
     0
 45
0.0
1001
ACAD
1000
AcDbSavedByObjectVersion
1070
     0
  0
VISUALSTYLE
  5
A4
102
{ACAD_XDICTIONARY
360
33B9
102
}
102
{ACAD_REACTORS
330
99
102
}
330
99
100
AcDbVisualStyle
  2
Dim
 70
    11
 71
     2
 72
     2
 73
     1
 90
        0
 40
-0.6
 41
-30.0
 62
     5
 63
     7
421
 16777215
 74
     1
 91
        4
 64
     7
 65
   257
 75
     1
175
     1
 42
1.0
 92
        8
 66
     7
 43
1.0
 76
     1
 77
     6
 78
     2
 67
     7
 79
     5
170
     0
171
     0
290
     0
174
     0
 93
        1
 44
-50.0
173
     0
291
     1
 45
0.0
1001
ACAD
1000
AcDbSavedByObjectVersion
1070
     0
  0
VISUALSTYLE
  5
175
102
{ACAD_XDICTIONARY
360
33C9
102
}
102
{ACAD_REACTORS
330
99
102
}
330
99
100
AcDbVisualStyle
  2
EdgeColorOff
 70
    22
 71
     2
 72
     2
 73
     0
 90
        0
 40
-0.6
 41
-30.0
 62
     5
 63
     7
421
 16777215
 74
     1
 91
        4
 64
     7
 65
   257
 75
     1
175
     1
 42
1.0
 92
        8
 66
     7
 43
1.0
 76
     1
 77
     6
 78
     2
 67
     7
 79
     5
170
     0
171
     0
290
     0
174
     0
 93
        1
 44
0.0
173
     0
291
     1
 45
0.0
1001
ACAD
1000
AcDbSavedByObjectVersion
1070
     0
  0
VISUALSTYLE
  5
A8
102
{ACAD_XDICTIONARY
360
33C1
102
}
102
{ACAD_REACTORS
330
99
102
}
330
99
100
AcDbVisualStyle
  2
Facepattern
 70
    15
 71
     2
 72
     2
 73
     1
 90
        0
 40
-0.6
 41
-30.0
 62
     5
 63
     7
421
 16777215
 74
     1
 91
        4
 64
     7
 65
   257
 75
     1
175
     1
 42
1.0
 92
        8
 66
     7
 43
1.0
 76
     1
 77
     6
 78
     2
 67
     7
 79
     5
170
     0
171
     0
290
     0
174
     0
 93
        1
 44
0.0
173
     0
291
     1
 45
0.0
1001
ACAD
1000
AcDbSavedByObjectVersion
1070
     0
  0
VISUALSTYLE
  5
9A
102
{ACAD_XDICTIONARY
360
33A5
102
}
102
{ACAD_REACTORS
330
99
102
}
330
99
100
AcDbVisualStyle
  2
Flat
 70
     0
 71
     2
 72
     1
 73
     1
 90
        2
 40
-0.6
 41
30.0
 62
     5
 63
     7
421
 16777215
 74
     0
 91
        0
 64
     7
 65
   257
 75
     1
175
     1
 42
1.0
 92
        8
 66
     7
 43
1.0
 76
     1
 77
     6
 78
     2
 67
     7
 79
     5
170
     0
171
     0
290
     0
174
     0
 93
       13
 44
0.0
173
     0
291
     1
 45
0.0
1001
ACAD
1000
AcDbSavedByObjectVersion
1070
     0
  0
VISUALSTYLE
  5
9B
102
{ACAD_XDICTIONARY
360
33A7
102
}
102
{ACAD_REACTORS
330
99
102
}
330
99
100
AcDbVisualStyle
  2
FlatWithEdges
 70
     1
 71
     2
 72
     1
 73
     1
 90
        2
 40
-0.6
 41
30.0
 62
     5
 63
     7
421
 16777215
 74
     1
 91
        0
 64
     7
 65
   257
 75
     1
175
     1
 42
1.0
 92
        0
 66
   257
 43
1.0
 76
     1
 77
     6
 78
     2
 67
     7
 79
     5
170
     0
171
     0
290
     0
174
     0
 93
       13
 44
0.0
173
     0
291
     1
 45
0.0
1001
ACAD
1000
AcDbSavedByObjectVersion
1070
     0
  0
VISUALSTYLE
  5
9C
102
{ACAD_XDICTIONARY
360
33A9
102
}
102
{ACAD_REACTORS
330
99
102
}
330
99
100
AcDbVisualStyle
  2
Gouraud
 70
     2
 71
     2
 72
     2
 73
     1
 90
        2
 40
-0.6
 41
30.0
 62
     5
 63
     7
421
 16777215
 74
     0
 91
        0
 64
     7
 65
   257
 75
     1
175
     1
 42
1.0
 92
        0
 66
     7
 43
1.0
 76
     1
 77
     6
 78
     2
 67
     7
 79
     5
170
     0
171
     0
290
     0
174
     0
 93
       13
 44
0.0
173
     0
291
     1
 45
0.0
1001
ACAD
1000
AcDbSavedByObjectVersion
1070
     0
  0
VISUALSTYLE
  5
9D
102
{ACAD_XDICTIONARY
360
33AB
102
}
102
{ACAD_REACTORS
330
99
102
}
330
99
100
AcDbVisualStyle
  2
GouraudWithEdges
 70
     3
 71
     2
 72
     2
 73
     1
 90
        2
 40
-0.6
 41
30.0
 62
     5
 63
     7
421
 16777215
 74
     1
 91
        0
 64
     7
 65
   257
 75
     1
175
     1
 42
1.0
 92
        0
 66
   257
 43
1.0
 76
     1
 77
     6
 78
     2
 67
     7
 79
     5
170
     0
171
     0
290
     0
174
     0
 93
       13
 44
0.0
173
     0
291
     1
 45
0.0
1001
ACAD
1000
AcDbSavedByObjectVersion
1070
     0
  0
VISUALSTYLE
  5
A1
102
{ACAD_XDICTIONARY
360
33B3
102
}
102
{ACAD_REACTORS
330
99
102
}
330
99
100
AcDbVisualStyle
  2
Hidden
 70
     6
 71
     1
 72
     2
 73
     2
 90
        0
 40
-0.6
 41
-30.0
 62
     5
 63
     7
421
 16777215
 74
     2
 91
        2
 64
     7
 65
   257
 75
     2
175
     1
 42
40.0
 92
        0
 66
   257
 43
1.0
 76
     1
 77
     6
 78
     2
 67
     7
 79
     3
170
     0
171
     0
290
     0
174
     0
 93
        1
 44
0.0
173
     0
291
     0
 45
0.0
1001
ACAD
1000
AcDbSavedByObjectVersion
1070
     0
  0
VISUALSTYLE
  5
173
102
{ACAD_XDICTIONARY
360
33C5
102
}
102
{ACAD_REACTORS
330
99
102
}
330
99
100
AcDbVisualStyle
  2
JitterOff
 70
    20
 71
     2
 72
     2
 73
     0
 90
        0
 40
-0.6
 41
-30.0
 62
     5
 63
     7
421
 16777215
 74
     1
 91
        4
 64
     7
 65
   257
 75
     1
175
     1
 42
1.0
 92
       10
 66
     7
 43
1.0
 76
     1
 77
     6
 78
     2
 67
     7
 79
     5
170
     0
171
     0
290
     0
174
     0
 93
        1
 44
0.0
173
     0
291
     1
 45
0.0
1001
ACAD
1000
AcDbSavedByObjectVersion
1070
     0
  0
VISUALSTYLE
  5
A7
102
{ACAD_XDICTIONARY
360
33BF
102
}
102
{ACAD_REACTORS
330
99
102
}
330
99
100
AcDbVisualStyle
  2
Linepattern
 70
    14
 71
     2
 72
     2
 73
     1
 90
        0
 40
-0.6
 41
-30.0
 62
     5
 63
     7
421
 16777215
 74
     1
 91
        4
 64
     7
 65
   257
 75
     7
175
     7
 42
1.0
 92
        8
 66
     7
 43
1.0
 76
     1
 77
     6
 78
     2
 67
     7
 79
     5
170
     0
171
     0
290
     0
174
     0
 93
        1
 44
0.0
173
     0
291
     1
 45
0.0
1001
ACAD
1000
AcDbSavedByObjectVersion
1070
     0
  0
VISUALSTYLE
  5
174
102
{ACAD_XDICTIONARY
360
33C7
102
}
102
{ACAD_REACTORS
330
99
102
}
330
99
100
AcDbVisualStyle
  2
OverhangOff
 70
    21
 71
     2
 72
     2
 73
     0
 90
        0
 40
-0.6
 41
-30.0
 62
     5
 63
     7
421
 16777215
 74
     1
 91
        4
 64
     7
 65
   257
 75
     1
175
     1
 42
1.0
 92
        9
 66
     7
 43
1.0
 76
     1
 77
     6
 78
     2
 67
     7
 79
     5
170
     0
171
     0
290
     0
174
     0
 93
        1
 44
0.0
173
     0
291
     1
 45
0.0
1001
ACAD
1000
AcDbSavedByObjectVersion
1070
     0
  0
VISUALSTYLE
  5
A3
102
{ACAD_XDICTIONARY
360
33B7
102
}
102
{ACAD_REACTORS
330
99
102
}
330
99
100
AcDbVisualStyle
  2
Realistic
 70
     8
 71
     2
 72
     3
 73
     0
 90
        2
 40
-0.6
 41
30.0
 62
     5
 63
     7
421
 16777215
 74
     0
 91
        0
 64
     7
 65
   257
 75
     1
175
     1
 42
1.0
 92
        8
 66
   257
 43
1.0
 76
     1
 77
     6
 78
     2
 67
     7
 79
     3
170
     0
171
     0
290
     0
174
     0
 93
       13
 44
0.0
173
     0
291
     0
 45
0.0
1001
ACAD
1000
AcDbSavedByObjectVersion
1070
     0
  0
VISUALSTYLE
  5
182
102
{ACAD_XDICTIONARY
360
33D3
102
}
102
{ACAD_REACTORS
330
99
102
}
330
99
100
AcDbVisualStyle
  2
Shaded
 70
    27
 71
     2
 72
     2
 73
     1
 90
        2
 40
-0.6
 41
30.0
 62
     5
 63
     7
421
 16777215
 74
     0
 91
        4
 64
     7
 65
   257
 75
     1
175
     1
 42
1.0
 92
        8
 66
   257
 43
1.0
 76
     1
 77
     6
 78
     2
 67
     8
425
  7895160
 79
     3
170
     0
171
     0
290
     0
174
     0
 93
        5
 44
0.0
173
     0
291
     0
 45
0.0
1001
ACAD
1000
AcDbSavedByObjectVersion
1070
     0
  0
VISUALSTYLE
  5
181
102
{ACAD_XDICTIONARY
360
33D1
102
}
102
{ACAD_REACTORS
330
99
102
}
330
99
100
AcDbVisualStyle
  2
Shaded with edges
 70
    26
 71
     2
 72
     2
 73
     1
 90
        2
 40
-0.6
 41
30.0
 62
     5
 63
     7
421
 16777215
 74
     1
 91
        2
 64
     7
 65
   257
 75
     2
175
     1
 42
1.0
 92
        8
 66
   257
 43
1.0
 76
     1
 77
     6
 78
     2
 67
     7
 79
     3
170
     0
171
     0
290
     0
174
     0
 93
        5
 44
0.0
173
     0
291
     0
 45
0.0
1001
ACAD
1000
AcDbSavedByObjectVersion
1070
     0
  0
VISUALSTYLE
  5
17E
102
{ACAD_XDICTIONARY
360
33CB
102
}
102
{ACAD_REACTORS
330
99
102
}
330
99
100
AcDbVisualStyle
  2
Shades of Gray
 70
    23
 71
     2
 72
     2
 73
     3
 90
        0
 40
-0.6
 41
-30.0
 62
     5
 63
     7
421
 16777215
 74
     2
 91
        2
 64
     7
 65
     7
 75
     1
175
     1
 42
40.0
 92
        8
 66
     7
 43
1.0
 76
     1
 77
     6
 78
     2
 67
     7
 79
     3
170
     0
171
     0
290
     0
174
     0
 93
        1
 44
0.0
173
     0
291
     0
 45
0.0
1001
ACAD
1000
AcDbSavedByObjectVersion
1070
     0
  0
VISUALSTYLE
  5
17F
102
{ACAD_XDICTIONARY
360
33CD
102
}
102
{ACAD_REACTORS
330
99
102
}
330
99
100
AcDbVisualStyle
  2
Sketchy
 70
    24
 71
     1
 72
     2
 73
     2
 90
        0
 40
-0.6
 41
-30.0
 62
     5
 63
     7
421
 16777215
 74
     2
 91
        2
 64
     7
 65
     7
 75
     1
175
     1
 42
40.0
 92
       11
 66
     7
 43
1.0
 76
     1
 77
     6
 78
     2
 67
     7
 79
     6
170
     0
171
     0
290
     0
174
     0
 93
        1
 44
0.0
173
     0
291
     0
 45
0.0
1001
ACAD
1000
AcDbSavedByObjectVersion
1070
     0
  0
VISUALSTYLE
  5
A6
102
{ACAD_XDICTIONARY
360
33BD
102
}
102
{ACAD_REACTORS
330
99
102
}
330
99
100
AcDbVisualStyle
  2
Thicken
 70
    13
 71
     2
 72
     2
 73
     1
 90
        0
 40
-0.6
 41
-30.0
 62
     5
 63
     7
421
 16777215
 74
     1
 91
        4
 64
     7
 65
   257
 75
     1
175
     1
 42
1.0
 92
       12
 66
     7
 43
1.0
 76
     1
 77
     6
 78
     2
 67
     7
 79
     5
170
     0
171
     0
290
     0
174
     0
 93
        1
 44
0.0
173
     0
291
     1
 45
0.0
1001
ACAD
1000
AcDbSavedByObjectVersion
1070
     0
  0
VISUALSTYLE
  5
A0
102
{ACAD_XDICTIONARY
360
33B1
102
}
102
{ACAD_REACTORS
330
99
102
}
330
99
100
AcDbVisualStyle
  2
Wireframe
 70
     5
 71
     0
 72
     2
 73
     0
 90
        0
 40
-0.6
 41
-30.0
 62
     5
 63
     7
421
 16777215
 74
     1
 91
        4
 64
     7
 65
   257
 75
     1
175
     1
 42
1.0
 92
        0
 66
   257
 43
1.0
 76
     1
 77
     6
 78
     2
 67
     7
 79
     3
170
     0
171
     0
290
     0
174
     0
 93
        1
 44
0.0
173
     0
291
     0
 45
0.0
1001
ACAD
1000
AcDbSavedByObjectVersion
1070
     0
  0
VISUALSTYLE
  5
180
102
{ACAD_XDICTIONARY
360
33CF
102
}
102
{ACAD_REACTORS
330
99
102
}
330
99
100
AcDbVisualStyle
  2
X-Ray
 70
    25
 71
     2
 72
     2
 73
     1
 90
        1
 40
0.5
 41
-30.0
 62
     5
 63
     7
421
 16777215
 74
     1
 91
        0
 64
     7
 65
   257
 75
     1
175
     1
 42
1.0
 92
        8
 66
     7
 43
1.0
 76
     1
 77
     6
 78
     2
 67
     7
 79
     3
170
     0
171
     0
290
     0
174
     0
 93
       13
 44
0.0
173
     0
291
     0
 45
0.0
1001
ACAD
1000
AcDbSavedByObjectVersion
1070
     0
  0
DICTIONARYVAR
  5
F0
102
{ACAD_REACTORS
330
66
102
}
330
66
100
DictionaryVariables
280
     0
  1
1:1
  0
DICTIONARYVAR
  5
EF
102
{ACAD_REACTORS
330
66
102
}
330
66
100
DictionaryVariables
280
     0
  1
STANDARD
  0
DICTIONARYVAR
  5
89
102
{ACAD_REACTORS
330
66
102
}
330
66
100
DictionaryVariables
280
     0
  1
STANDARD
  0
DICTIONARYVAR
  5
1B7
102
{ACAD_REACTORS
330
66
102
}
330
66
100
DictionaryVariables
280
     0
  1
Imperial24
  0
DICTIONARYVAR
  5
1B8
102
{ACAD_REACTORS
330
66
102
}
330
66
100
DictionaryVariables
280
     0
  1
Imperial24
  0
DICTIONARYVAR
  5
67
102
{ACAD_REACTORS
330
66
102
}
330
66
100
DictionaryVariables
280
     0
  1
2
  0
DICTIONARYVAR
  5
6B
102
{ACAD_REACTORS
330
66
102
}
330
66
100
DictionaryVariables
280
     0
  1
1
  0
DICTIONARYVAR
  5
14D
102
{ACAD_REACTORS
330
66
102
}
330
66
100
DictionaryVariables
280
     0
  1
0
  0
DICTIONARYVAR
  5
14E
102
{ACAD_REACTORS
330
66
102
}
330
66
100
DictionaryVariables
280
     0
  1
0
  0
DICTIONARYVAR
  5
2E07
102
{ACAD_REACTORS
330
66
102
}
330
66
100
DictionaryVariables
280
     0
  1
2
  0
DICTIONARY
  5
33A4
102
{ACAD_REACTORS
330
33A2
102
}
330
33A2
100
AcDbDictionary
281
     1
  0
DICTIONARY
  5
33A3
102
{ACAD_REACTORS
330
33A2
102
}
330
33A2
100
AcDbDictionary
281
     1
  3
2247145401296
350
339D
  3
2247145401312
350
339E
  3
2247145401328
350
339F
  3
2247145401344
350
33A0
  3
2247145401360
350
33A1
  0
DICTIONARY
  5
33D7
330
1AC
100
AcDbDictionary
280
     1
281
     1
  3
ACAD_XREC_ROUNDTRIP
360
33D8
  0
DICTIONARY
  5
33DD
330
58D
100
AcDbDictionary
280
     1
281
     1
  3
ACAD_XREC_ROUNDTRIP
360
33DE
  0
DICTIONARY
  5
194
330
22
100
AcDbDictionary
280
     1
281
     1
  0
DICTIONARY
  5
188
330
97
100
AcDbDictionary
280
     1
281
     1
  3
FBXASSET
360
189
  0
DICTIONARY
  5
186
330
96
100
AcDbDictionary
280
     1
281
     1
  3
FBXASSET
360
187
  0
DICTIONARY
  5
110
330
98
100
AcDbDictionary
280
     1
281
     1
  3
BUMPTILE
360
112
  3
DIFFUSETILE
360
111
  3
FBXASSET
360
18A
  3
OPACITYTILE
360
113
  3
REFLECTIONTILE
360
114
  0
DICTIONARY
  5
33D5
330
1AA
100
AcDbDictionary
280
     1
281
     1
  3
ACAD_XREC_ROUNDTRIP
360
33D6
  0
DICTIONARY
  5
33DB
330
58C
100
AcDbDictionary
280
     1
281
     1
  3
ACAD_XREC_ROUNDTRIP
360
33DC
  0
DICTIONARY
  5
104
330
87
100
AcDbDictionary
280
     1
281
     1
  3
ACAD_ROUNDTRIP_2008_TABLESTYLE_CELLSTYLEMAP
360
339B
  0
DICTIONARY
  5
33AF
330
9F
100
AcDbDictionary
280
     1
281
     1
  3
ACAD_XREC_ROUNDTRIP
360
33B0
  0
DICTIONARY
  5
33D9
330
58B
100
AcDbDictionary
280
     1
281
     1
  3
ACAD_XREC_ROUNDTRIP
360
33DA
  0
DICTIONARY
  5
33AD
330
9E
100
AcDbDictionary
280
     1
281
     1
  3
ACAD_XREC_ROUNDTRIP
360
33AE
  0
DICTIONARY
  5
33BB
330
A5
100
AcDbDictionary
280
     1
281
     1
  3
ACAD_XREC_ROUNDTRIP
360
33BC
  0
DICTIONARY
  5
33C3
330
A9
100
AcDbDictionary
280
     1
281
     1
  3
ACAD_XREC_ROUNDTRIP
360
33C4
  0
DICTIONARY
  5
33B5
330
A2
100
AcDbDictionary
280
     1
281
     1
  3
ACAD_XREC_ROUNDTRIP
360
33B6
  0
DICTIONARY
  5
33B9
330
A4
100
AcDbDictionary
280
     1
281
     1
  3
ACAD_XREC_ROUNDTRIP
360
33BA
  0
DICTIONARY
  5
33C9
330
175
100
AcDbDictionary
280
     1
281
     1
  3
ACAD_XREC_ROUNDTRIP
360
33CA
  0
DICTIONARY
  5
33C1
330
A8
100
AcDbDictionary
280
     1
281
     1
  3
ACAD_XREC_ROUNDTRIP
360
33C2
  0
DICTIONARY
  5
33A5
330
9A
100
AcDbDictionary
280
     1
281
     1
  3
ACAD_XREC_ROUNDTRIP
360
33A6
  0
DICTIONARY
  5
33A7
330
9B
100
AcDbDictionary
280
     1
281
     1
  3
ACAD_XREC_ROUNDTRIP
360
33A8
  0
DICTIONARY
  5
33A9
330
9C
100
AcDbDictionary
280
     1
281
     1
  3
ACAD_XREC_ROUNDTRIP
360
33AA
  0
DICTIONARY
  5
33AB
330
9D
100
AcDbDictionary
280
     1
281
     1
  3
ACAD_XREC_ROUNDTRIP
360
33AC
  0
DICTIONARY
  5
33B3
330
A1
100
AcDbDictionary
280
     1
281
     1
  3
ACAD_XREC_ROUNDTRIP
360
33B4
  0
DICTIONARY
  5
33C5
330
173
100
AcDbDictionary
280
     1
281
     1
  3
ACAD_XREC_ROUNDTRIP
360
33C6
  0
DICTIONARY
  5
33BF
330
A7
100
AcDbDictionary
280
     1
281
     1
  3
ACAD_XREC_ROUNDTRIP
360
33C0
  0
DICTIONARY
  5
33C7
330
174
100
AcDbDictionary
280
     1
281
     1
  3
ACAD_XREC_ROUNDTRIP
360
33C8
  0
DICTIONARY
  5
33B7
330
A3
100
AcDbDictionary
280
     1
281
     1
  3
ACAD_XREC_ROUNDTRIP
360
33B8
  0
DICTIONARY
  5
33D3
330
182
100
AcDbDictionary
280
     1
281
     1
  3
ACAD_XREC_ROUNDTRIP
360
33D4
  0
DICTIONARY
  5
33D1
330
181
100
AcDbDictionary
280
     1
281
     1
  3
ACAD_XREC_ROUNDTRIP
360
33D2
  0
DICTIONARY
  5
33CB
330
17E
100
AcDbDictionary
280
     1
281
     1
  3
ACAD_XREC_ROUNDTRIP
360
33CC
  0
DICTIONARY
  5
33CD
330
17F
100
AcDbDictionary
280
     1
281
     1
  3
ACAD_XREC_ROUNDTRIP
360
33CE
  0
DICTIONARY
  5
33BD
330
A6
100
AcDbDictionary
280
     1
281
     1
  3
ACAD_XREC_ROUNDTRIP
360
33BE
  0
DICTIONARY
  5
33B1
330
A0
100
AcDbDictionary
280
     1
281
     1
  3
ACAD_XREC_ROUNDTRIP
360
33B2
  0
DICTIONARY
  5
33CF
330
180
100
AcDbDictionary
280
     1
281
     1
  3
ACAD_XREC_ROUNDTRIP
360
33D0
  0
XRECORD
  5
339D
102
{ACAD_REACTORS
330
33A3
102
}
330
33A3
100
AcDbXrecord
280
     1
  1
AcDb_Thumbnail_Schema
102
{ATTRRECORD
341
339E
  2
AcDbDs::TreatedAsObjectData
280
     1
291
     1
102
ATTRRECORD}
102
{ATTRRECORD
341
339F
  2
AcDbDs::Legacy
280
     1
291
     1
102
ATTRRECORD}
  2
AcDbDs::ID
280
    10
 91
        8
102
{ATTRRECORD
341
33A0
  2
AcDs:Indexable
280
     1
291
     1
102
ATTRRECORD}
102
{ATTRRECORD
341
33A1
  2
AcDbDs::HandleAttribute
280
     7
282
     1
102
ATTRRECORD}
  2
Thumbnail_Data
280
    15
 91
        0
  0
XRECORD
  5
339E
102
{ACAD_REACTORS
330
33A3
102
}
330
33A3
100
AcDbXrecord
280
     1
  1
AcDbDs::TreatedAsObjectDataSchema
  2
AcDbDs::TreatedAsObjectData
280
     1
 91
        0
  0
XRECORD
  5
339F
102
{ACAD_REACTORS
330
33A3
102
}
330
33A3
100
AcDbXrecord
280
     1
  1
AcDbDs::LegacySchema
  2
AcDbDs::Legacy
280
     1
 91
        0
  0
XRECORD
  5
33A0
102
{ACAD_REACTORS
330
33A3
102
}
330
33A3
100
AcDbXrecord
280
     1
  1
AcDbDs::IndexedPropertySchema
  2
AcDs:Indexable
280
     1
 91
        0
  0
XRECORD
  5
33A1
102
{ACAD_REACTORS
330
33A3
102
}
330
33A3
100
AcDbXrecord
280
     1
  1
AcDbDs::HandleAttributeSchema
  2
AcDbDs::HandleAttribute
280
     7
 91
        1
284
     1
  0
XRECORD
  5
33D8
102
{ACAD_REACTORS
330
33D7
102
}
330
33D7
100
AcDbXrecord
280
     1
102
DISPLAYNAME
  1
Imperial24
102
FLAGS
 90
        0
  0
XRECORD
  5
33DE
102
{ACAD_REACTORS
330
33DD
102
}
330
33DD
100
AcDbXrecord
280
     1
102
DISPLAYNAME
  1
Metric50
102
FLAGS
 90
        0
  0
XRECORD
  5
189
102
{ACAD_REACTORS
330
188
102
}
330
188
100
AcDbXrecord
280
     1
 70
     1
 90
429727718
  1
508B35C9-AEE7-456F-BE74-D52651303AC6
310
504B03040A0000080000B670623B3DEE336E79000000790000001B0000006175746F6465736B2D64657369676E2D7061636B6167652E786D6C3C3F786D6C2076657273696F6E3D22312E302220656E636F64696E673D227574662D3822203F3E3C666F726D6174733E3C666F726D61743E687474703A2F2F736368656D612E
310
6175746F6465736B2E636F6D2F64657369676E2D7061636B6167652F323030393C2F666F726D61743E3C2F666F726D6174733E504B0304140006080800B670623BD486FD9CA0000000F4000000130000005B436F6E74656E745F54797065735D2E786D6C7D8EC10E82300C865F65E91D8A1E8C310C0EEA1BF002731658846E
310
D98AC1B77784ABF1D8FE5FBFBF75BBCE937A534CCEB38643598122B6FEE978D0B0485F9C41B54DDD7D022595594E1A469170414C76A4D9A4D207E29CF43ECE46F218070CC6BECC4078ACAA135ACF422C856C0E68EA1BF5669944DDD7BCDE7B1F8E415D77AECB980613C2E4AC91FC167A2B244592486606FC29C8FD7F045B9A
310
EF7053A7E60B504B0304140006080800B670623B28ED286BEB0000007C01000008000000636F72652E786D6C8D90416EC3201045AF82665B6183218D6D61A254764FD00B204C5C94182C03558F5F9C3852BBEB6A467FFE9B197D71FA9E6FE8CBACC17AD7012D0820E3B41FAD9B3A48F1826B40272956EFE32F1B20A766D3C1
310
268314D3EAD3B24BDABB685CCCAAF3A3D94515828980F42D371D04FD696655A814B3235C8B45E9AB9A4C419F5D8653B2237A1CB163DE672FD6AC209BF3C08E0D1B30EB19C3FC9D72FCC6EB231EFA33EDE96BDD341517E5064B11EDFCBCAF57A3A2194156843498524CAA0FCA5B7268F9E185D42D21A2DCEC7FA0B48CFF8492
310
759155FBBB0F2C80A4F991FB408A72CB22977B50B96EB9C91F504B0304140006080800B670623B55019EA25F0000007C00000007000000636E782E786D6C4DCB3B0E80201045D1AD90E915ED2CF8AC45050C11660C8261F98AB1B07AC9C97D42D718D865D3E909258CFD00CCE24AC6E326A164D74DC0B4128928FF32603847
310
2BA13128B1252AC747C6BAB984FC68F0B87FE8960A5C09FE86CFB69FBA01504B0304140006080800B670623B7BC41AC871010000D40300000C0000006662782F636F72652E786D6CC553ED6E8320147D15C2DF4501B56B6D90A64BBB27D80B50A5CE54C120983EFEAE1F4DD7A56BBA5FF3879273EEE59E7310BE393735EA95
310
ED2AA333CC428A91D2B9292A5D66D8BB63B0C26823B835C67D2BC348CB46657880B1E0A535BE9DA1DC68A7B403549B42CDA0EC3AE530CA6B5864B8CB3F552343E91D5474A7B095F949962A6421D0502778E72C0840D390E18DC5F170E664C205F7BE2A66B62A605A75AC94C522DDEEE3651AEF837817C741F2CE92E02D592D
310
83FD6ECB76EC7595A651C2C9D02CB8AB9A8BBADC2AE954814544691A3016D0E883256BBA58278B17BA5A53CAC9507ED3E4DBE2C9265F691747B3DCA9ADC382819091F8E1162272A8933DE82182932144F88C09DF060D8140C84E1EEA8B8F1340BDCA9DB1093085F157AA97B557309586747CD0EF0B4EA64E983A6E0EAEEFCE
310
889E9EF17847386AA94B30211D2C0FDE0D3AF9A4610EAD5536E8DD1969631B593F67E381C33F5157F17725E5A636F6BF1491F980C8FC7B90E13E8A2F504B0304140006080800B670623B70102A487D0000009D0000000B0000006662782F636E782E786D6C4DCCD10A83201886E15B91FFDC95A5C30335ACCDFB886521330D
310
A76397BF1A1DECE883878F57749FD5A3B74D2F17830472A901D9F088930B8B849267CC01754AA418F3DF0D5018572BE160506249B16C274D761E8BCFBB7A179E27F65CB39A0F14D396184C9921B81F34C3ACA1B4B99ABB6E6F062A25AA5F69DF23ACBE504B0304140006080800B670623B3610CA3329010000120200003100
310
00006662782F42384135303843342D343331462D343546312D424341352D3532343432364645413344462F636F72652E786D6C8D515B6EC32010BC0AE22B55850D0E446E848992B43E412FE000495162B07854397EA176A4F62F3F2C9A9D991D58BEBB8F37F0AD7D30CE76905418026DA553C65E3A98E219B510EC04F7CEC5
310
3F3408EC30EA0E16180A7EF12E4D0B249D8DDAC68C5AA7F4020E21E80881BCE54B0783FCD2E3500D296646B856D320AFC34557A4CAEDCC133C449F0380794839A138B47B86DB2345744D7A44594FD0E1B867883594369BFE63BF7EEF793D0B054FC9A8456E548E63CE46FB674D8A58F068C6477CE9F510B582A2C1F80D1182
310
70F349E816B32D65AFB8DD62CCEB42FF274A937A52948C8DEB66893BCB021484D7734370E5D2E9F608A3EF93F3119479ABA0E50B14B8C298119A43CCC4FCFCECB8A18B6388CEE7EF5D5D4F994BD86CBBA182D76543B9FCAE2FD7B24DF103504B0304140006080800B670623B1B8617914E0100003303000030000000666278
310
2F42384135303843342D343331462D343546312D424341352D3532343432364645413344462F636E782E786D6CD593C16EC32010447F0571AD6CE3D489D20813A9877E410FBD62D82434182CC055F3F75D1292E692438FBD206B7698593D61BEFD1E2DF982108D773D6D6B460938E5B571FB9ECE6957AD29D90A1EBC4F7736
310
4A9C1CA1A759A682EF839FA72269D8C9D92654AD71C72206887E0E0A22CAF926B15E498B01E0AA19451807D01A34B919F16B070157417138917400F2F6FA41FCF0092A45DEE414C19BDC21783E4BD39D891265658C3D8DEA00A3ACE59CBC8678ACB54CB26EEB6BD7839D7E9348BE70AD9C8321B9BCA7F9A4A26C542347DEE0
310
50F09802D22BA6749A800A394DD62899107273365E3C82CFC6A55557BC06C10774B7ABE7AEC3B0F34CF06446280E154026D0542C187BA9DAB6628BF7B6DBB0E5A65B3EB1F58631DE64BBE083F7B65CC218087E22CABB042E51D1F2268F1FE12B3EA24D40D63E9CFE00120194D60B9D5BC67FE6D39CDF37E20AF817881F504B
310
0304140006080800B670623BBFEF2E3B690500003C100000340000006662782F42384135303843342D343331462D343546312D424341352D3532343432364645413344462F6F626A656374732E786D6CAD575D739B3814FD2B0CFB0C98D84E931D4227B6938EA793B6534F3BFB90198F0099B001899144EAECAFDF231018B0
310
D37A3FFC609090EEE7B94757C1FB7D915B2F54C88CB31BDB7727B64559CC938CA53776A576CE956DBD0F03C1B9EA2DB32D460A7A63EB693B0C52C1ABD24C257447AA5C8D66EF177F5832A68CDA569C13296F6C193FD182B8A4523CA1F2D94D88226EBADBBBBEDB2C1C8A4D05299F46424B222853B014F30C52ACC6287F389C
310
D85E1878FA7B18E87FB36AFAF62AAFF667A83F635211161F291B8999FAB3D5DDC5FCDA99CF6653677679E13B8BFBC5CAF1DF4D27CBCBE5F2FAF6EE1A8AA51290642C117467871F101B91C581D77CEA2C36869F3229E68CD1B8F61F1ED6361B89092D294B90C78C4A68EB793D190E7D1D9BDEE7A91E1B95FDE9F3BCEAEFE809
310
6A6D6F9F7D4B79F4275C90E7A04248AA51D5C4C738DAE06F72885AC4796EBE65D22A88A22223B995679120E2D50EB1542F098381188D4EA111AE3DB043FF20AF6F2B4AE3D7D83D65E5AECA730D4D3BAC91BD05FEA992B565D95F549CD6069B90AB2A63EACA38A45E4B6A87D781574F86817E4C2FCCC72690D62E2729520E37
310
9BAF234797BAF6D62B3BFC781FED37BA1E4F2B2F052FA9501A3E80569BB8F6A9A364D4FA67654E6F803383981F82F21591FF84F23D9882BC896C3FDBCF8C162508933B2E0AE4C69DD43F6BD2BE38DDDBF10BF86CB4FA784D37F3AF16075E67EC9030DECA1FC0A55373F5DFF3378C591FA9BDF485C10B0A8C8BA909E5262639
310
A8E72163488806A595734C81CB77D1DE0ED7604A303B76913CEC0272F412782FF88EFF4636D8AA56DF7B322474C4B767303F625997056C7B032C473C592B36CEBD15F3F9FF5233B7ABCDC74D257624A60F8658567497B14CE1EC3C80B76FD02011038F9EE9EB0F2E12387A9C844D3F09855125116D1D731DF8B43D2CF4E0A0
310
79A020C6BE946BCE0B7EA1E1219331CD73C228AF5A2DDD31A4B1DA918CE91350854D40A71723140BFA92E94E62B0626016CEFA5864A50E5977E8753CEDBEE1CBB7F52780D20E17AF0BA0F5F9B02A3AD07DCC732EB6D1EBB661421BE0C39E21BABF0FE16D22EA6929407C8DE596724C88B749B6DB5512BC7B228ADFD7CB7EA6
310
3A22397E690BA8D5D8D4E40CEC8CDA23C2C0B7D5898640101CEC9C6D331CE328CB93CAFBBAC70A642DF70DF95155945B52F08AA973C23469FD69ADEF84F7BB18F983A8F8C90E37F5D35980B2139A1C523540813E824EF83448CF7C72B598CE97D7CEEDDDDD3B6736BFBC771677EF66CE6A7E7139F7A793E9EDF2B2B3A8B624
310
0CDA13AA5F8388264EC4A0129909F3B7F5A16CEDF08128E97D680ACA4B9BE7B7B58BB638F0B00700EF36AE8B32A705658A68F83EE897FC2B41573190D1CCAF0B92D233A47CFEB019D9809933F67DD1A5467F8CF69AD9A5AE859342D45355448C64F968A371DC2D596ADC6E43D93D1B466F877A64E2893E54F23C4B40388995
310
525E5005DA3983ED45412510D3EFCA13737B3863F74BD30F2A12E5B4B5E489A025CE25500DB855B11ACE5BBFA185D35DD48D8DC3CE7DC69F2944DB42AA6F6CF09BCA622ADD08C7A36E7C6AE18000BAB08E040135C2D21C9D75B3A91B77BB746C403F38018DFE6EC939DD92F16B40BC05294B9CDA035AAD6D330AE27FE4786B
310
8E45145EA34A75BE1C263A676A35A8ACC6297337400BF16C54EF515F3F77CB77EB3583889C754FFA29081AA98E2222ADEF05DA3E63D2EDEA8B8756C05A7FB6CABC4A91CBF325398202CC952E70A008A830324BA200D5E5EF8F5F04C75DB4B0EE3340E071C98B823333B83577596BF3849B69F2085AA0FAFA212F26BEFF5877
310
FDE622B28D88A42E49E43326DA82D31E8CB006401E1DA726059ECEC168F97A6599036306A135688F9AD2E61A6EA178F4CD51974A9F2CCB9F36FE5EBD14601068D9C3BF01504B0304140006080000B670623B000000000000000000000000350000006662782F42384135303843342D343331462D343546312D424341352D35
310
32343432364645413344462F76657274696365732E62696E504B0304140006080800B670623BF270F1330600000004000000360000006662782F42384135303843342D343331462D343546312D424341352D3532343432364645413344462F747269616E676C65732E62696E636660600000504B0304140006080000B67062
310
3B000000000000000000000000370000006662782F42384135303843342D343331462D343546312D424341352D3532343432364645413344462F617474726962757465732E62696E504B0304140006080800B670623B08DA0BD19000000041010000360000006662782F42384135303843342D343331462D343546312D4243
310
41352D3532343432364645413344462F6469726563746F72792E786D6C858F410AC3201045AF22B36F53E9A60B35CBEEBAE80D244E44489C6234F4F835464A48035D0DF398FF9F8AF63D0E6CC63039F212F8F9020C7D47C6792B21C5FE7403D62A1188E2E60C98D7234A5830286103A55745067B9D86B8A3CF9C7F90C11DE6
310
07FB144396D7B6A82D282E9A152AD114D5EF2CB866EEE831B8EEA07A7BB5A8D7D61A2BAAEB7FD5F70921FF497D00504B0304140006080800B670623B3B4606F3FE000000A00100003B0000006662782F42384135303843342D343331462D343546312D424341352D3532343432364645413344462F7265736F75726365732F
310
636F72652E786D6C8D504B6E833010BD0A9A6D65B08134808CA354A427E8052C332156828DFCA97AFC9A40A576D7CDCCE87D344F8F9FBEE647F689CE6B6B7A6039850C8DB2A336530F315C4903D94970676DF82583CCC8197B5861107C72362E3BA4AC096842428D1D7107A5F71820538F74F4E0D50D6799CB1892C2DFF345
310
AABB9C306779A2934E701F5C0A906D4FD609C2A1B7D129F4BCD858C163D4E3AED163FAA9AF1A1D88F67CA98E6D35906AA82A52BFB39ABCD5CD915C86331BD86BD3B665CD8BD52C78D0F34F46E550061C419494B6843142CB0F5677F4D0D58717DA7494F26295FF31C565FCA7296A13AA728FBBD93C0896823C09C18BB5AFB4
310
9E65A6BD762BBE01504B010214000A0000080000B670623B3DEE336E79000000790000001B00000000000000000000000000000000006175746F6465736B2D64657369676E2D7061636B6167652E786D6C504B01021400140006080800B670623BD486FD9CA0000000F40000001300000000000000000000000000B2000000
310
5B436F6E74656E745F54797065735D2E786D6C504B01021400140006080800B670623B28ED286BEB0000007C010000080000000000000000000000000083010000636F72652E786D6C504B01021400140006080800B670623B55019EA25F0000007C000000070000000000000000000000000094020000636E782E786D6C50
310
4B01021400140006080800B670623B7BC41AC871010000D40300000C00000000000000000000000000180300006662782F636F72652E786D6C504B01021400140006080800B670623B70102A487D0000009D0000000B00000000000000000000000000B30400006662782F636E782E786D6C504B01021400140006080800B6
310
70623B3610CA3329010000120200003100000000000000000000000000590500006662782F42384135303843342D343331462D343546312D424341352D3532343432364645413344462F636F72652E786D6C504B01021400140006080800B670623B1B8617914E010000330300003000000000000000000000000000D10600
310
006662782F42384135303843342D343331462D343546312D424341352D3532343432364645413344462F636E782E786D6C504B01021400140006080800B670623BBFEF2E3B690500003C10000034000000000000000000000000006D0800006662782F42384135303843342D343331462D343546312D424341352D35323434
310
32364645413344462F6F626A656374732E786D6C504B01021400140006080000B670623B0000000000000000000000003500000000000000000000000000280E00006662782F42384135303843342D343331462D343546312D424341352D3532343432364645413344462F76657274696365732E62696E504B010214001400
310
06080800B670623BF270F133060000000400000036000000000000000000000000007B0E00006662782F42384135303843342D343331462D343546312D424341352D3532343432364645413344462F747269616E676C65732E62696E504B01021400140006080000B670623B00000000000000000000000037000000000000
310
00000000000000D50E00006662782F42384135303843342D343331462D343546312D424341352D3532343432364645413344462F617474726962757465732E62696E504B01021400140006080800B670623B08DA0BD1900000004101000036000000000000000000000000002A0F00006662782F42384135303843342D3433
310
31462D343546312D424341352D3532343432364645413344462F6469726563746F72792E786D6C504B01021400140006080800B670623B3B4606F3FE000000A00100003B000000000000000000000000000E1000006662782F42384135303843342D343331462D343546312D424341352D3532343432364645413344462F72
310
65736F75726365732F636F72652E786D6C504B0506000000000E000E0080040000651100000000
  0
XRECORD
  5
187
102
{ACAD_REACTORS
330
186
102
}
330
186
100
AcDbXrecord
280
     1
 70
     1
 90
429727718
  1
887D55A9-D0DD-414E-B741-A7DCD4DA2B4C
310
504B03040A0000080000B670623B3DEE336E79000000790000001B0000006175746F6465736B2D64657369676E2D7061636B6167652E786D6C3C3F786D6C2076657273696F6E3D22312E302220656E636F64696E673D227574662D3822203F3E3C666F726D6174733E3C666F726D61743E687474703A2F2F736368656D612E
310
6175746F6465736B2E636F6D2F64657369676E2D7061636B6167652F323030393C2F666F726D61743E3C2F666F726D6174733E504B0304140006080800B670623BD486FD9CA0000000F4000000130000005B436F6E74656E745F54797065735D2E786D6C7D8EC10E82300C865F65E91D8A1E8C310C0EEA1BF002731658846E
310
D98AC1B77784ABF1D8FE5FBFBF75BBCE937A534CCEB38643598122B6FEE978D0B0485F9C41B54DDD7D022595594E1A469170414C76A4D9A4D207E29CF43ECE46F218070CC6BECC4078ACAA135ACF422C856C0E68EA1BF5669944DDD7BCDE7B1F8E415D77AECB980613C2E4AC91FC167A2B244592486606FC29C8FD7F045B9A
310
EF7053A7E60B504B0304140006080800B670623BBC1638F5EC0000007C01000008000000636F72652E786D6C8D90416EC3201045AF82665B61836BE2D8C24471DB9CA01740401C94182C03558F5F9C3852BBEB6A467FFE9B197D7EF89E6EE8CB2CC17AD7032D0820E394D7D68D3DA478C67B4007C117EFE32F1B202727D3C3
310
2A83E0E3E2D3BC49CABB685CCCAAF3DA6CA20CC14440EA969B1E82BA98491632C5EC08D76296EA2A4753D06797E194AC468F2356E77DF66CCD02825543D50CACC62D39ED70FDC68EB8FD68F6F8787A6784342D1DDA1D2F5758F068A7E77DB518198D065111D2624A31A93E69DD11D6D5EC85EC3B4278B9DAFF4069D6FF8492
310
75F1B5DADE7D600104CD8FDC0782976B16B9DC83CA75CD4DFC00504B0304140006080800B670623B55019EA25F0000007C00000007000000636E782E786D6C4DCB3B0E80201045D1AD90E915ED2CF8AC45050C11660C8261F98AB1B07AC9C97D42D718D865D3E909258CFD00CCE24AC6E326A164D74DC0B4128928FF326038
310
472BA13128B1252AC747C6BAB984FC68F0B87FE8960A5C09FE86CFB69FBA01504B0304140006080800B670623B3586FFB671010000D40300000C0000006662782F636F72652E786D6CC553ED6E8320147D15C2DF4541A76D6D90A6DDD627D80B50A4CE54C120983EFEAE1F4DD7A55BBA5FF3879273EEE59E7310B6393735EA
310
95ED2AA3731C851423A5A5292A5DE6D8BB63B0C268C39935C67D29C3488B46E578803167A535BE9D2169B453DA01AA4DA16650749D7218C91A1639EEE4876A4428BC838AEE14B6429E44A9C228041AEA38EB9C0501681A32BC313F1ECE8C4C3867DE57C5CC56054CAB8E95B298A7F12E5EEED224C8E87E11242FE936C8DE96
310
AB60BB7F4D295D66D12E5B30323473E6AAE6A24E5A259C2A308F29CD82280A68FC1E256B9AAE93F489AED694323294DF34F9B678B0C957DA3DC7B3DCA9ADC33C022123F1CD2D44E450277AD04338234388F01913BE0D1A0281909D38D4171F27807A259DB1093085F157AA17B557309586747CD0CF0B46A64E983A6E0EAEEF
310
CE881F9EF1FB8E70D44297604238581EBC1B74B249C31C5AAB6CD0BB33D2C636A27ECCC62F0EFF445DC5DF95244D6DEC7F2922F30191F9F720C37DE49F504B0304140006080800B670623B4220A0FF7D0000009D0000000B0000006662782F636E782E786D6C4DCCD10A83201886E15B91FFDCE542CB0335D0EC3E6259C84A
310
C3E9D8E5AF46073BFAE0E1E315DD675BD1DBA5978F41C2FD4600B9F088930F8B849267CC01754AA418F3DF0D50183727E164506249B1EC174D6E1ECB9A0F5D7D785E68DB8151CD286E5A5363CA6B8A39E90D36D40E96B086F55A43A544F52B1D7B86D517504B0304140006080800B670623B2FA3FEDE290100001202000031
310
0000006662782F45374635344235342D363743322D343832342D383044432D4334454645303536354442422F636F72652E786D6C8D515B6EC32010BC0AE22B55850D2E386E848994D7097A0117488A1283C5A3CAF10BB523B57FF961D1ECCCECC0F2ED7DBC816FED8371B687A4C210682B9D32F6D2C314CFA883602BB8772E
310
FEA141608751F7B0C050F08B77695A20E96CD43666D43AA5177008414708E42D5F7A18E4971E876A483133C2B59A06791D2EBA22556E679EE021FA1C00CC43CA09C5717D6274C7286AD7FB06D1AEA1A8C3873DDAD3E3E98859CB0EBB1DAF67A1E02919B5C88DCA71CCD968FFAC49110B1ECDF8882FBD1EA256503418BF2342
310
106E3E08DD60B6A1EC15771B8C795DE8FF4469524F8A92B1F1AD59E2CEB20005E1F5DC105CB9F4797B84D1F7C9F908CABC55D0F2050A5C61CC1AD2F27A26E6E767C7962E8E213A9FBF7775FDCC5CC266DB960A5E970DE5F2BBBE5CCB36C50F504B0304140006080800B670623B1B8617914E01000033030000300000006662
310
782F45374635344235342D363743322D343832342D383044432D4334454645303536354442422F636E782E786D6CD593C16EC32010447F0571AD6CE3D489D20813A9877E410FBD62D82434182CC055F3F75D1292E692438FBD206B7698593D61BEFD1E2DF982108D773D6D6B460938E5B571FB9ECE6957AD29D90A1EBC4F77
310
364A9C1CA1A759A682EF839FA72269D8C9D92654AD71C72206887E0E0A22CAF926B15E498B01E0AA19451807D01A34B919F16B070157417138917400F2F6FA41FCF0092A45DEE414C19BDC21783E4BD39D891265658C3D8DEA00A3ACE59CBC8678ACB54CB26EEB6BD7839D7E9348BE70AD9C8321B9BCA7F9A4A26C542347DE
310
E050F09802D22BA6749A800A394DD62899107273365E3C82CFC6A55557BC06C10774B7ABE7AEC3B0F34CF06446280E154026D0542C187BA9DAB6628BF7B6DBB0E5A65B3EB1F58631DE64BBE083F7B65CC218087E22CABB042E51D1F2268F1FE12B3EA24D40D63E9CFE00120194D60B9D5BC67FE6D39CDF37E20AF817881F50
310
4B0304140006080800B670623B29652116630500003C100000340000006662782F45374635344235342D363743322D343832342D383044432D4334454645303536354442422F6F626A656374732E786D6CAD575D739B3814FD2B0CFB0C989834C90EA1639B24E3E9A6EDD4D3CE3E64C623834CD8006224913AFDF57B040203
310
B65BEF871F0C12D2FD3CF7E8CA7FBFCB33E3957291B2E2D674ED8969D02262715A24B76625B7D6B569BC0F7CCE98EC2D338D82E4F4D654D366E0279C55A59E8AE99654991CCDDECFFF3444440B6A1A514684B83545F44C7362934AB2988A173B2692D8C97667BB76B3702836E1A47C1E092D09A78584A5982F20C5688C7287
310
C389E904BEA3BE07BEFAD7ABA6A75739B53F43FD69212429A20365233153D70BEF2E2E6FAC4BCF9B5ADEBB0BD79ADFCF43CBBD9A4E16EF168B9BD9DD0D140BC921495BC2E9D60C1E101B9E46BED37CEA2CD6861F3329624541A3DA7F7858DBAC25C6B4A4458C3CA654405BCFEBC970E8AAD8F43E4FD558ABEC4F9FE7557F47
310
4F506B7BFBEC5BCA367FC105710E2AB8A00A554D7CB4A30DFE26FBA86D18CBF4B75418399194A72433B274C3097F33032C554B027F2046A1932B842B0FCCC0DDCBEBDB8AD2F835768F59B9ADB24C41D30C6A64AF817F2A456D59FA83F2E3DA60137255A585BCD60EC9B7929AC18DEFD49381AF1ED30BFDB109A4B1CD488294
310
C3CDE6EBC8D185AABD6568061FEE37BB95AAC7E3CA4BCE4ACAA5820FA0D526AE7DAA2869B5EE5999531BE0CC20E6FBA07C41E43FA27CF7A6206F3CDD793B4F6B919C1462CB788EDCD893FA674CDA17AB7B3B7C019F8D561FAEE966FED562DFE98C1D12C6A9FC015C2A35D7FF3D7FC398F591DA4B5FE0BFA2C0189FEA50AE22
310
92817A1ED3020951A03432862970F976B33383259812CC8E5D240BBA801CBCF8CE2BBEE3BF910DB6AAD5F79E05123AE2DB33981FB1ACCB02B69D00CB014FD68AB573A7627EF9BFD4CC2C5C7D58557C4B22FAA88925A4DBB44825CECE3D78FB060D1231F0E885BE7D673C86A3874958F593906B5502D1563157814FDAC3420D
310
F69A070A22EC4B98E23CFF171A1E5311D12C23056555ABA53B8614563B92D17D02AAB009E8F46284624E5F53D5490C560CCCC2591FF1B45421EB0EBD8EA7ED13BE7C5D7E0428CD60FEF60779EB13E6664FF711CB185F6FDED60D139A001FF60CD1FD6D086F1D51474901E26B2CB794A343BC8ED3EDB612E0DD2351FCB65CF4
310
33D511C9E14B5B40ADC6A6263DB0336A8F700DDF56271A024E70B0B3629DE21847591E55DED73D56206AB927E46FAABC5C939C55853C274C93D69FD6FA4E78BF8B11DF898C9ECD60553FAD39283BA6F18984AA23E8884F83F45C5F5F859797B31B2B9C84A1E5B9DE9D35BFF25C6B76152E422F9C5DCC3D847F5801ED09D5AF
310
41441327A25FF15487F9EB725FB666F048A4701E9A827292E6F97569A32DF61DEC01C0BB8DCBBCCC684E0B49147C1FD54BF685A0AB18C868E6973949E819523E3DAC463660E68C7D9F55A9D1EFA3BD7A76A16AE1A810F95CE59B82A4D968A376DC2E8B44BBDD86B27B368CDE0ED548C7137DA860591A83706223A12CA712B4
310
7306DBF39C0A20A6DF95C7FAF670C6EED7A61F946493D1D6926782963813403548A78AE470DEF80D2D9CEAA26E4D1C76F60BFE74219A06527D6B82DF641A51616F703CAAC6A7160E08A00BEB4810A0274592A1B36E3675E36E978A0DE80727A0D6DF2D39A75BD27E0D8837276589537B40ABB56D5A41F48F1C6FCD3188C4EB
310
A6929D2FFB89CE995A4D00AE813BDD032DC48B56BD437DFDDC2DD7AED70C2272D63DE9A72068A45A92F0A4BE17A8A06B9366E16707AD80B1FC649459952097E74BB23805982B55E0401150A165964402AA8BDF9F3E7386BB686EDCA780C0D382E5392BF460A6EFB2C6EA1937D3F809B440D5F5435C4C5CF7A9EEFAF54564BD
310
2182DA24162F98680B4E7930C21A0079709CEAEB99A372305ABE0C0D7D6078105A83F6A0296DAEE1068A47DD1C55A9F4C9B2FC69E3EFD44B81028E963DF81B504B0304140006080000B670623B000000000000000000000000350000006662782F45374635344235342D363743322D343832342D383044432D433445464530
310
3536354442422F76657274696365732E62696E504B0304140006080800B670623BF270F1330600000004000000360000006662782F45374635344235342D363743322D343832342D383044432D4334454645303536354442422F747269616E676C65732E62696E636660600000504B0304140006080000B670623B00000000
310
0000000000000000370000006662782F45374635344235342D363743322D343832342D383044432D4334454645303536354442422F617474726962757465732E62696E504B0304140006080800B670623B08DA0BD19000000041010000360000006662782F45374635344235342D363743322D343832342D383044432D4334
310
454645303536354442422F6469726563746F72792E786D6C858F410AC3201045AF22B36F53E9A60B35CBEEBAE80D244E44489C6234F4F835464A48035D0DF398FF9F8AF63D0E6CC63039F212F8F9020C7D47C6792B21C5FE7403D62A1188E2E60C98D7234A5830286103A55745067B9D86B8A3CF9C7F90C11DE607FB144396
310
D7B6A82D282E9A152AD114D5EF2CB866EEE831B8EEA07A7BB5A8D7D61A2BAAEB7FD5F70921FF497D00504B0304140006080800B670623B6378F24DFF000000A00100003B0000006662782F45374635344235342D363743322D343832342D383044432D4334454645303536354442422F7265736F75726365732F636F72652E
310
786D6C8D504B6E833010BD0A9A6D65B0094E42641C85B639412F6099496225D8C89FAAC7AF09546A77DDCC8CDE47F3F4C4F16B7C149FE88371B603565228D06A37187BED20C50BD9437194C23B177FC9A0B06AC40E6618A4B87A97A615D2CE46B431A3D60DB8822A048C50E8473E3A08FA86A32A558A5911EEE5A4F45D5DB1
310
6465A6B34E8A107D0E502C4FE609D26370C96B0CA25A58295232C3AA3143FE692E063D485EF7F5AEE71BD2D2F39634AFFC44DAF7DD9E9CCE6F9CD25DCBFA762BAAD92C4534E34F46ED51451C40D694B6843142EB0FD61C283F34FC85EE0F948A6A96FF31A569F8A729191B37F51A77B105902C0779125254735F793DCBCC7B
310
EE567E03504B010214000A0000080000B670623B3DEE336E79000000790000001B00000000000000000000000000000000006175746F6465736B2D64657369676E2D7061636B6167652E786D6C504B01021400140006080800B670623BD486FD9CA0000000F40000001300000000000000000000000000B20000005B436F6E
310
74656E745F54797065735D2E786D6C504B01021400140006080800B670623BBC1638F5EC0000007C010000080000000000000000000000000083010000636F72652E786D6C504B01021400140006080800B670623B55019EA25F0000007C000000070000000000000000000000000095020000636E782E786D6C504B010214
310
00140006080800B670623B3586FFB671010000D40300000C00000000000000000000000000190300006662782F636F72652E786D6C504B01021400140006080800B670623B4220A0FF7D0000009D0000000B00000000000000000000000000B40400006662782F636E782E786D6C504B01021400140006080800B670623B2F
310
A3FEDE290100001202000031000000000000000000000000005A0500006662782F45374635344235342D363743322D343832342D383044432D4334454645303536354442422F636F72652E786D6C504B01021400140006080800B670623B1B8617914E010000330300003000000000000000000000000000D2060000666278
310
2F45374635344235342D363743322D343832342D383044432D4334454645303536354442422F636E782E786D6C504B01021400140006080800B670623B29652116630500003C10000034000000000000000000000000006E0800006662782F45374635344235342D363743322D343832342D383044432D4334454645303536
310
354442422F6F626A656374732E786D6C504B01021400140006080000B670623B0000000000000000000000003500000000000000000000000000230E00006662782F45374635344235342D363743322D343832342D383044432D4334454645303536354442422F76657274696365732E62696E504B01021400140006080800
310
B670623BF270F13306000000040000003600000000000000000000000000760E00006662782F45374635344235342D363743322D343832342D383044432D4334454645303536354442422F747269616E676C65732E62696E504B01021400140006080000B670623B0000000000000000000000003700000000000000000000
310
000000D00E00006662782F45374635344235342D363743322D343832342D383044432D4334454645303536354442422F617474726962757465732E62696E504B01021400140006080800B670623B08DA0BD190000000410100003600000000000000000000000000250F00006662782F45374635344235342D363743322D34
310
3832342D383044432D4334454645303536354442422F6469726563746F72792E786D6C504B01021400140006080800B670623B6378F24DFF000000A00100003B00000000000000000000000000091000006662782F45374635344235342D363743322D343832342D383044432D4334454645303536354442422F7265736F75
310
726365732F636F72652E786D6C504B0506000000000E000E0080040000611100000000
  0
XRECORD
  5
112
102
{ACAD_REACTORS
330
110
102
}
330
110
100
AcDbXrecord
280
     1
270
     1
271
     1
  0
XRECORD
  5
111
102
{ACAD_REACTORS
330
110
102
}
330
110
100
AcDbXrecord
280
     1
270
     1
271
     1
  0
XRECORD
  5
18A
102
{ACAD_REACTORS
330
110
102
}
330
110
100
AcDbXrecord
280
     1
 70
     0
 90
1778669749
  1
9BF507EE-FAF7-4A99-A33D-4EE51894BC40
310
504B03040A0000080000B670623B3DEE336E79000000790000001B0000006175746F6465736B2D64657369676E2D7061636B6167652E786D6C3C3F786D6C2076657273696F6E3D22312E302220656E636F64696E673D227574662D3822203F3E3C666F726D6174733E3C666F726D61743E687474703A2F2F736368656D612E
310
6175746F6465736B2E636F6D2F64657369676E2D7061636B6167652F323030393C2F666F726D61743E3C2F666F726D6174733E504B0304140006080800B670623BD486FD9CA0000000F4000000130000005B436F6E74656E745F54797065735D2E786D6C7D8EC10E82300C865F65E91D8A1E8C310C0EEA1BF002731658846E
310
D98AC1B77784ABF1D8FE5FBFBF75BBCE937A534CCEB38643598122B6FEE978D0B0485F9C41B54DDD7D022595594E1A469170414C76A4D9A4D207E29CF43ECE46F218070CC6BECC4078ACAA135ACF422C856C0E68EA1BF5669944DDD7BCDE7B1F8E415D77AECB980613C2E4AC91FC167A2B244592486606FC29C8FD7F045B9A
310
EF7053A7E60B504B0304140006080800B670623BCA089DFFEC0000007C01000008000000636F72652E786D6C8D90416E83301045AF62CDB632D8402020E32882F604BD80653BC44AB011B6AB1EBF262152BBEB6A467FFE9B197D76FA9EEFE84BAFDE38DB03CD08206DA553C64E3DC470C1474027CE56E7C22F1B202B66DDC3
310
260367D3EAE2B24BD2D9A06D48AA754AEFA2F05E0740F29E9A1EBCBCEA59642286E4F0B76C11F226269DD15797E0188D42CF2346A57DE662F40ABCAEC77628C6120F654571D50C04B7F5B9C1E3997CD4F550BE3745C3F20DE62C98F9755FAE5A04AD801784B498524C8A4F5A75E4D055873772EC0861F966FF03C545FD138A
310
C686B2D8DF7D621E384D8F3C069CE55B16A93C824A75CB8DFF00504B0304140006080800B670623B55019EA25F0000007C00000007000000636E782E786D6C4DCB3B0E80201045D1AD90E915ED2CF8AC45050C11660C8261F98AB1B07AC9C97D42D718D865D3E909258CFD00CCE24AC6E326A164D74DC0B4128928FF326038
310
472BA13128B1252AC747C6BAB984FC68F0B87FE8960A5C09FE86CFB69FBA01504B0304140006080800B670623B68FC0B7272010000D40300000C0000006662782F636F72652E786D6CC5535B6E833010BC8AE5DF0A6C1E8124328E22D29EA01770C0A128602363A31CBFCB234A53A555FA553EC09AD9F5CE8C31DB5DDA060D
310
D2F4B556190E7C8A9154852E6B5565D8D993B7C668C799D1DA7E29C3488956667884316795D1AE5BA0422B2B950554E9522EA0E87B69312A1A5864B82F3E642B7CE12C54F467BF13C55954D20F7CA0A18EB3DE1A1080E621E31BF3D3F1C2C88C73E65C5D2E6C5DC2B4FA544B8379921C36797888BC3C8A032F4E73EA6D927D
310
EA1DF6F42D49F2E8350D5346C666CE6CDD5ED515460A2B4BCC434A375E1078347C0FE22D5D6DE3D50B5D6F2965642CBF6B725DF96493AB958DC245EEDCD6631E809089F8E61622B2A81703E8219C913144F84C09DF070D8140C8561C9BAB8F3340832CAC363130A576376A108D933095FA747AD0CF0B46E64E983A6D0EAE1F
310
CE089F9EF1FB8E70D44255604258581E9D1D75B259C3125A278D37D80B52DAB4A279CEC62F0EFF44DDC43F9454E8469BFF5244960322CBEF41C6FBC83F01504B0304140006080800B670623B0F71DDB67E0000009D0000000B0000006662782F636E782E786D6C4DCCD10A83201886E15B91FFDCA54DB73F502386BB8F5816
310
32D3703976F9ABD1C18E3E78F87855FB990379BBFCF2296AE02706C4C5471A7C9C349475A408A4352AA7B4FEDD80C47E761A7606A3A69CCA72D0E0C6BE8475D3E0E3F3409428EA6B27A84079A782899AA2EC1A7AE3ECCC2FD858CB2D544655BFD2B67BD87C01504B0304140006080800B670623BE134B4FB28010000120200
310
00310000006662782F38353834323741342D343835462D343034322D383541392D4331303331363839454531452F636F72652E786D6C8D515B6EC32010BC0AE22B55850D0EA424C24451959EA0172086A42831583CAA1CBF503B52FB971F16CDCECC0EACD8DFC71BF836215AEF7A481A0C817183D7D65D7A98D3197108F652
310
04EFD31F1A044E8DA6871586525C82CFD3020DDE25E352419DD76601558C264130DCCAA58771F832A36A544E8511AFCDA486ABBA988634A55D7852C4144A00300FA927949C71DABD1D28A29C7D208A6987383B6CD13BC16BB2E1DBE3911C453B0BA5C8D9EA456E758963CFD684674DAA588A64C747FC2118958C86B2C3788B
310
0841B8FB247487D98EB257CC77188BB6D2FF89F2A49F1465EBD2BA5BE2CEB2082511EDDC9042FB7CBA3DC298FBE4430275DE2A9AE1054ADC60CC08E3A29D89E5F9C5714317C7987C28DFBBBA9E0A97B0D97643A568EB864AF95D5FA9759BF207504B0304140006080800B670623B1B8617914E010000330300003000000066
310
62782F38353834323741342D343835462D343034322D383541392D4331303331363839454531452F636E782E786D6CD593C16EC32010447F0571AD6CE3D489D20813A9877E410FBD62D82434182CC055F3F75D1292E692438FBD206B7698593D61BEFD1E2DF982108D773D6D6B460938E5B571FB9ECE6957AD29D90A1EBC4F
310
77364A9C1CA1A759A682EF839FA72269D8C9D92654AD71C72206887E0E0A22CAF926B15E498B01E0AA19451807D01A34B919F16B070157417138917400F2F6FA41FCF0092A45DEE414C19BDC21783E4BD39D891265658C3D8DEA00A3ACE59CBC8678ACB54CB26EEB6BD7839D7E9348BE70AD9C8321B9BCA7F9A4A26C542347
310
DEE050F09802D22BA6749A800A394DD62899107273365E3C82CFC6A55557BC06C10774B7ABE7AEC3B0F34CF06446280E154026D0542C187BA9DAB6628BF7B6DBB0E5A65B3EB1F58631DE64BBE083F7B65CC218087E22CABB042E51D1F2268F1FE12B3EA24D40D63E9CFE00120194D60B9D5BC67FE6D39CDF37E20AF817881F
310
504B0304140006080800B670623B5933D422630500003B100000340000006662782F38353834323741342D343835462D343034322D383541392D4331303331363839454531452F6F626A656374732E786D6CAD575B6FA33814FE2B887D0642934E9B156594264D158D3A534DD4D13E548A0C38942D60649B4EBABF7E3F8321
310
40924EF6928780CDF1B97EE762EFF32E4B8D37CA45C2F21BD3B547A641F39045491EDF98A5DC5AD7A6F1D9F73863B243661A39C9E88DA9B64DDF8B392B0BBD15D12D295339D85DDEFE618890E6D434C2940871638AF08566C426A5641115AF764424B1E3EDCE76ED9AB0CF36E6A47819302D08A7B984A6D8CFC1C5A89572FB
310
CB91E9F89EA3BEFB9EFAD754E3D3544E654F5F7E920B49F2F040D880CDD89D2CEE2E2EA7D6E56432B6269F2E5CEB7679BBB0DCABF168FE693E9FCEEEA6102C240727AD09A75BD3BF876F78127A4EFDA9D5582B7E4CA590E5390D2BFB6161A5B3E618D182E611E2985001691DAB47FDA5AB7CD3F93C566B2DB2BB7D9E55DD13
310
1D468DEECDB3AB290BFE8409E21C54704115AA6AFF68436BFC8DF65E0B184BF5B74418199194272435D224E084BF9B3E481589EFF5D828747285706581E9BB7B7E5D5D911ABFC6EE312DB7659A2A689A7E85EC0DF04FA5A8344BFEA2FCB834E8845895492EAFB541F2BDA0A63FF59C6AD3F7D4637CA13FD68E34B629891172
310
98597F1D183A57B9B75A98FE9765B05BAB7C3C2EBCE0ACA05C2AF8005A4DE09AA7F29216EB9E15397500C6F47CBE77CA7778FE2BD277AF0AE2C693DD6437D1522427B9D8329E2136F6A8FA19A3E6C56ADF0E5F50CF06D48734EDCEBF22F69C56D97EC138153F804B85E6FABFC7AFEFB32E523BE1F3BD372418E363EDCA7548
310
52949E8724474014288D94610BB57C1BEC4C7F854A89CA8E5324F55B871CBC78CE1BBEE3BFE68D6A5589EF3C730474506FCFA8FCF0659516D0ED04580EEA6425581B77CAE797FF4BCECC16EB2FEB926F49481F746159D06D922712BD730FDEAE42BD40F42C7AA5EF3F198F60E86110D6DD20645A9480B795CF95E3E3A659A8
310
C55E724F408873315335CFFB8584874484344D494E59D94869DB90C26A5B64F49C802CAC1D3ABE18A098D3B7444D123D8A9E5AE8F5214F0AE5B2B6E9B575DA3E61CBD3EA2B4009FA940524DD1305FB6A1FB294F14DF0BEA90BA109ECE1481FDC3FFAE8D60E75141700BE82725371B4873751B2DD960265F788137FACE6DD40
310
B575E4F0A5C99F46629D92131467A41EE11ABD8D4CCC039CA0AFB37C93A08B232B8F0AEFCA1E0A1015DF13FC83322B362463652ECF71D3A8B1A7D1BE65DE1D62C44F22C317D35F574FEB16153BA2D13E543D10A80E74C4A65E78A6B7CBCBD1D5DD9DB59C2DAFACC96C3AB566E3F1C29ADCDD5DBAD7D3C9ED7C822ED74F80A6
310
41755310DE4443F44A9E68373FADF6596BFA0F440AE7BECE2727AE9F4F2B1B53B1E7E00CF0DD1E5C65454A339A4BA2D0FBA05ED2EF0443458F47BDBFCA484CCFE0F2ED7E3DD0013B679C7B5499467F0ECEEADDB9CA85A34CE44B99053949D2C1416DB85DE4B136BB7165FBAC0B7AB3542BED4F8CA182A549847A1319316519
310
95A83A67147B9E5101C47487F2485F1ECE38FD568F839204296D3479219888530154036E6528FBFBC66F98E0D4107563A2D7D9AFF8D389681A08F58D89F22693900A3B407754734FC51C10C010D6D640809EE4718AC1BA3ED4AEDB53CA37283F68805A7E4B72CEB0A4EDEAD5DD8C14059A76AFAA56BA6901E13F32BC51C720
310
12AF41295B5BF61BAD3195181FB506E6B40F4C10AF5AF40EF9F5B159AE5DD1F43C72D635E94310D45C2D49785C5D0B94D3B54AB3C5A38349C0587D338AB48C11CBF339599C02CCA54A70A008A8D03C0B2201D5F9EFCF8F9CE12A9A19CB0410789EB32C63B95ECCF455D658BFE0621A3DA32C5075FB101723D77DAE867E7D0F
310
D90444509B44E2151B4DC2290B065803200FBAA9BE9D392A0603F2D5C2D00D6302A615680F66D2FA166E2079D4C551A54AB758161FCEFD4E450A14704CECFEDF504B0304140006080000B670623B000000000000000000000000350000006662782F38353834323741342D343835462D343034322D383541392D4331303331
310
363839454531452F76657274696365732E62696E504B0304140006080800B670623BF270F1330600000004000000360000006662782F38353834323741342D343835462D343034322D383541392D4331303331363839454531452F747269616E676C65732E62696E636660600000504B0304140006080000B670623B000000
310
000000000000000000370000006662782F38353834323741342D343835462D343034322D383541392D4331303331363839454531452F617474726962757465732E62696E504B0304140006080800B670623B08DA0BD19000000041010000360000006662782F38353834323741342D343835462D343034322D383541392D43
310
31303331363839454531452F6469726563746F72792E786D6C858F410AC3201045AF22B36F53E9A60B35CBEEBAE80D244E44489C6234F4F835464A48035D0DF398FF9F8AF63D0E6CC63039F212F8F9020C7D47C6792B21C5FE7403D62A1188E2E60C98D7234A5830286103A55745067B9D86B8A3CF9C7F90C11DE607FB1443
310
96D7B6A82D282E9A152AD114D5EF2CB866EEE831B8EEA07A7BB5A8D7D61A2BAAEB7FD5F70921FF497D00504B0304140006080800B670623BD9A3B367FE000000A00100003B0000006662782F38353834323741342D343835462D343034322D383541392D4331303331363839454531452F7265736F75726365732F636F7265
310
2E786D6C8D504B6E833010BD0A9A6D65B01D0201194711694FD00B586642AD043BF2A7EAF16B122AB5BB6E6646EFA3797AE2F8B5DC8A4FF4C1383B002B291468B59B8C9D0748F1420E501CA5F0CEC55F3228AC5A708015062966EFD27D83B4B3116DCCA875136EA00A012314FA968F0182FEC045952AC5AC08D7F2AEF455CD
310
58B232D3592745883E07289E4FD609D26370C96B0CA27AB252A464A64D63A6FCD35C0C7A904D73EE467EE664DCD58CD4ED4849D79C5A723ED1B7A61977AF2D6F45B59AA58866F9C9A83DAA8813484E6947182394BFB3BAA7FBBEDEBFD0434FA9A856F91F53BA4FFF342563E38E6F719FB60092E5200F428A6AED2BAF479979
310
AFDDCA6F504B010214000A0000080000B670623B3DEE336E79000000790000001B00000000000000000000000000000000006175746F6465736B2D64657369676E2D7061636B6167652E786D6C504B01021400140006080800B670623BD486FD9CA0000000F40000001300000000000000000000000000B20000005B436F6E
310
74656E745F54797065735D2E786D6C504B01021400140006080800B670623BCA089DFFEC0000007C010000080000000000000000000000000083010000636F72652E786D6C504B01021400140006080800B670623B55019EA25F0000007C000000070000000000000000000000000095020000636E782E786D6C504B010214
310
00140006080800B670623B68FC0B7272010000D40300000C00000000000000000000000000190300006662782F636F72652E786D6C504B01021400140006080800B670623B0F71DDB67E0000009D0000000B00000000000000000000000000B50400006662782F636E782E786D6C504B01021400140006080800B670623BE1
310
34B4FB280100001202000031000000000000000000000000005C0500006662782F38353834323741342D343835462D343034322D383541392D4331303331363839454531452F636F72652E786D6C504B01021400140006080800B670623B1B8617914E010000330300003000000000000000000000000000D3060000666278
310
2F38353834323741342D343835462D343034322D383541392D4331303331363839454531452F636E782E786D6C504B01021400140006080800B670623B5933D422630500003B10000034000000000000000000000000006F0800006662782F38353834323741342D343835462D343034322D383541392D4331303331363839
310
454531452F6F626A656374732E786D6C504B01021400140006080000B670623B0000000000000000000000003500000000000000000000000000240E00006662782F38353834323741342D343835462D343034322D383541392D4331303331363839454531452F76657274696365732E62696E504B01021400140006080800
310
B670623BF270F13306000000040000003600000000000000000000000000770E00006662782F38353834323741342D343835462D343034322D383541392D4331303331363839454531452F747269616E676C65732E62696E504B01021400140006080000B670623B0000000000000000000000003700000000000000000000
310
000000D10E00006662782F38353834323741342D343835462D343034322D383541392D4331303331363839454531452F617474726962757465732E62696E504B01021400140006080800B670623B08DA0BD190000000410100003600000000000000000000000000260F00006662782F38353834323741342D343835462D34
310
3034322D383541392D4331303331363839454531452F6469726563746F72792E786D6C504B01021400140006080800B670623BD9A3B367FE000000A00100003B000000000000000000000000000A1000006662782F38353834323741342D343835462D343034322D383541392D4331303331363839454531452F7265736F75
310
726365732F636F72652E786D6C504B0506000000000E000E0080040000611100000000
  0
XRECORD
  5
113
102
{ACAD_REACTORS
330
110
102
}
330
110
100
AcDbXrecord
280
     1
270
     1
271
     1
  0
XRECORD
  5
114
102
{ACAD_REACTORS
330
110
102
}
330
110
100
AcDbXrecord
280
     1
270
     1
271
     1
  0
XRECORD
  5
33D6
102
{ACAD_REACTORS
330
33D5
102
}
330
33D5
100
AcDbXrecord
280
     1
102
DISPLAYNAME
  1
Imperial24
102
FLAGS
 90
        0
  0
XRECORD
  5
33DC
102
{ACAD_REACTORS
330
33DB
102
}
330
33DB
100
AcDbXrecord
280
     1
102
DISPLAYNAME
  1
Metric50
102
FLAGS
 90
        0
  0
CELLSTYLEMAP
  5
339B
102
{ACAD_REACTORS
330
104
102
}
330
104
100
AcDbCellStyleMap
 90
        3
300
CELLSTYLE
  1
TABLEFORMAT_BEGIN
 90
        5
170
     1
 91
        0
 92
    32768
 62
   257
 93
        1
300
CONTENTFORMAT
  1
CONTENTFORMAT_BEGIN
 90
        0
 91
        0
 92
      512
 93
        0
300

 40
0.0
140
1.0
 94
        5
 62
     0
340
11
144
0.25
309
CONTENTFORMAT_END
171
     1
301
MARGIN
  1
CELLMARGIN_BEGIN
 40
0.06
 40
0.06
 40
0.06
 40
0.06
 40
0.18
 40
0.18
309
CELLMARGIN_END
 94
        6
 95
        1
302
GRIDFORMAT
  1
GRIDFORMAT_BEGIN
 90
        0
 91
        1
 62
     0
 92
       -2
340
0
 93
        0
 40
0.045
309
GRIDFORMAT_END
 95
        2
302
GRIDFORMAT
  1
GRIDFORMAT_BEGIN
 90
        0
 91
        1
 62
     0
 92
       -2
340
0
 93
        0
 40
0.045
309
GRIDFORMAT_END
 95
        4
302
GRIDFORMAT
  1
GRIDFORMAT_BEGIN
 90
        0
 91
        1
 62
     0
 92
       -2
340
0
 93
        0
 40
0.045
309
GRIDFORMAT_END
 95
        8
302
GRIDFORMAT
  1
GRIDFORMAT_BEGIN
 90
        0
 91
        1
 62
     0
 92
       -2
340
0
 93
        0
 40
0.045
309
GRIDFORMAT_END
 95
       16
302
GRIDFORMAT
  1
GRIDFORMAT_BEGIN
 90
        0
 91
        1
 62
     0
 92
       -2
340
0
 93
        0
 40
0.045
309
GRIDFORMAT_END
 95
       32
302
GRIDFORMAT
  1
GRIDFORMAT_BEGIN
 90
        0
 91
        1
 62
     0
 92
       -2
340
0
 93
        0
 40
0.045
309
GRIDFORMAT_END
309
TABLEFORMAT_END
  1
CELLSTYLE_BEGIN
 90
        1
 91
        1
300
_TITLE
309
CELLSTYLE_END
300
CELLSTYLE
  1
TABLEFORMAT_BEGIN
 90
        5
170
     1
 91
        0
 92
        0
 62
   257
 93
        1
300
CONTENTFORMAT
  1
CONTENTFORMAT_BEGIN
 90
        0
 91
        0
 92
      512
 93
        0
300

 40
0.0
140
1.0
 94
        5
 62
     0
340
11
144
0.18
309
CONTENTFORMAT_END
171
     1
301
MARGIN
  1
CELLMARGIN_BEGIN
 40
0.06
 40
0.06
 40
0.06
 40
0.06
 40
0.18
 40
0.18
309
CELLMARGIN_END
 94
        6
 95
        1
302
GRIDFORMAT
  1
GRIDFORMAT_BEGIN
 90
        0
 91
        1
 62
     0
 92
       -2
340
0
 93
        0
 40
0.045
309
GRIDFORMAT_END
 95
        2
302
GRIDFORMAT
  1
GRIDFORMAT_BEGIN
 90
        0
 91
        1
 62
     0
 92
       -2
340
0
 93
        0
 40
0.045
309
GRIDFORMAT_END
 95
        4
302
GRIDFORMAT
  1
GRIDFORMAT_BEGIN
 90
        0
 91
        1
 62
     0
 92
       -2
340
0
 93
        0
 40
0.045
309
GRIDFORMAT_END
 95
        8
302
GRIDFORMAT
  1
GRIDFORMAT_BEGIN
 90
        0
 91
        1
 62
     0
 92
       -2
340
0
 93
        0
 40
0.045
309
GRIDFORMAT_END
 95
       16
302
GRIDFORMAT
  1
GRIDFORMAT_BEGIN
 90
        0
 91
        1
 62
     0
 92
       -2
340
0
 93
        0
 40
0.045
309
GRIDFORMAT_END
 95
       32
302
GRIDFORMAT
  1
GRIDFORMAT_BEGIN
 90
        0
 91
        1
 62
     0
 92
       -2
340
0
 93
        0
 40
0.045
309
GRIDFORMAT_END
309
TABLEFORMAT_END
  1
CELLSTYLE_BEGIN
 90
        2
 91
        1
300
_HEADER
309
CELLSTYLE_END
300
CELLSTYLE
  1
TABLEFORMAT_BEGIN
 90
        5
170
     1
 91
        0
 92
        0
 62
   257
 93
        1
300
CONTENTFORMAT
  1
CONTENTFORMAT_BEGIN
 90
        0
 91
        0
 92
      512
 93
        0
300

 40
0.0
140
1.0
 94
        2
 62
     0
340
11
144
0.18
309
CONTENTFORMAT_END
171
     1
301
MARGIN
  1
CELLMARGIN_BEGIN
 40
0.06
 40
0.06
 40
0.06
 40
0.06
 40
0.18
 40
0.18
309
CELLMARGIN_END
 94
        6
 95
        1
302
GRIDFORMAT
  1
GRIDFORMAT_BEGIN
 90
        0
 91
        1
 62
     0
 92
       -2
340
0
 93
        0
 40
0.045
309
GRIDFORMAT_END
 95
        2
302
GRIDFORMAT
  1
GRIDFORMAT_BEGIN
 90
        0
 91
        1
 62
     0
 92
       -2
340
0
 93
        0
 40
0.045
309
GRIDFORMAT_END
 95
        4
302
GRIDFORMAT
  1
GRIDFORMAT_BEGIN
 90
        0
 91
        1
 62
     0
 92
       -2
340
0
 93
        0
 40
0.045
309
GRIDFORMAT_END
 95
        8
302
GRIDFORMAT
  1
GRIDFORMAT_BEGIN
 90
        0
 91
        1
 62
     0
 92
       -2
340
0
 93
        0
 40
0.045
309
GRIDFORMAT_END
 95
       16
302
GRIDFORMAT
  1
GRIDFORMAT_BEGIN
 90
        0
 91
        1
 62
     0
 92
       -2
340
0
 93
        0
 40
0.045
309
GRIDFORMAT_END
 95
       32
302
GRIDFORMAT
  1
GRIDFORMAT_BEGIN
 90
        0
 91
        1
 62
     0
 92
       -2
340
0
 93
        0
 40
0.045
309
GRIDFORMAT_END
309
TABLEFORMAT_END
  1
CELLSTYLE_BEGIN
 90
        3
 91
        2
300
_DATA
309
CELLSTYLE_END
  0
XRECORD
  5
33B0
102
{ACAD_REACTORS
330
33AF
102
}
330
33AF
100
AcDbXrecord
280
     1
102
RTVSPost2010Prop28
280
     1
102
RTVSPost2010PropOp28
 70
     1
102
RTVSPost2010Prop29
280
     1
102
RTVSPost2010PropOp29
 70
     1
102
RTVSPost2010Prop30
280
     0
102
RTVSPost2010PropOp30
 70
     1
102
RTVSPost2010Prop31
280
     0
102
RTVSPost2010PropOp31
 70
     1
102
RTVSPost2010Prop32
280
     0
102
RTVSPost2010PropOp32
 70
     1
102
RTVSPost2010Prop33
280
     0
102
RTVSPost2010PropOp33
 70
     1
102
RTVSPost2010Prop34
280
     0
102
RTVSPost2010PropOp34
 70
     1
102
RTVSPost2010Prop35
280
     0
102
RTVSPost2010PropOp35
 70
     1
102
RTVSPost2010Prop36
280
     0
102
RTVSPost2010PropOp36
 70
     1
102
RTVSPost2010Prop37
 90
       50
102
RTVSPost2010PropOp37
 70
     1
102
RTVSPost2010Prop38
140
0.0
102
RTVSPost2010PropOp38
 70
     1
102
RTVSPost2010Prop39
140
1.0
102
RTVSPost2010PropOp39
 70
     1
102
RTVSPost2010Prop40
 90
        0
102
RTVSPost2010PropOp40
 70
     1
102
RTVSPost2010Prop41ColorIndex
 90
       18
102
RTVSPost2010Prop41ColorRGB
 90
        0
102
RTVSPost2010PropOp41
 70
     1
102
RTVSPost2010Prop42
 90
       50
102
RTVSPost2010PropOp42
 70
     1
102
RTVSPost2010Prop43
 90
        3
102
RTVSPost2010PropOp43
 70
     1
102
RTVSPost2010Prop44ColorIndex
 90
        5
102
RTVSPost2010Prop44ColorRGB
 90
      255
102
RTVSPost2010PropOp44
 70
     1
102
RTVSPost2010Prop45
280
     0
102
RTVSPost2010PropOp45
 70
     1
102
RTVSPost2010Prop46
 90
       50
102
RTVSPost2010PropOp46
 70
     1
102
RTVSPost2010Prop47
 90
       50
102
RTVSPost2010PropOp47
 70
     1
102
RTVSPost2010Prop48
 90
       50
102
RTVSPost2010PropOp48
 70
     1
102
RTVSPost2010Prop49
280
     0
102
RTVSPost2010PropOp49
 70
     1
102
RTVSPost2010Prop50
 90
       50
102
RTVSPost2010PropOp50
 70
     1
102
RTVSPost2010Prop51ColorIndex
 90
      256
102
RTVSPost2010Prop51ColorRGB
 90
-16777216
102
RTVSPost2010PropOp51
 70
     0
102
RTVSPost2010Prop52
140
1.0
102
RTVSPost2010PropOp52
 70
     0
102
RTVSPost2010Prop53
 90
        2
102
RTVSPost2010PropOp53
 70
     1
102
RTVSPost2010Prop54
  1
strokes_ogs.tif
102
RTVSPost2010PropOp54
 70
     1
102
RTVSPost2010Prop55
280
     0
102
RTVSPost2010PropOp55
 70
     1
102
RTVSPost2010Prop56
140
1.0
102
RTVSPost2010PropOp56
 70
     1
102
RTVSPost2010Prop57
140
1.0
102
RTVSPost2010PropOp57
 70
     1
102
RTVSPropertyOp0
 70
     1
102
RTVSPropertyOp1
 70
     1
102
RTVSPropertyOp2
 70
     1
102
RTVSPropertyOp3
 70
     1
102
RTVSPropertyOp4
 70
     1
102
RTVSPropertyOp5
 70
     1
102
RTVSPropertyOp6
 70
     1
102
RTVSPropertyOp7
 70
     1
102
RTVSPropertyOp8
 70
     1
102
RTVSPropertyOp9
 70
     1
102
RTVSPropertyOp10
 70
     1
102
RTVSPropertyOp11
 70
     1
102
RTVSPropertyOp12
 70
     1
102
RTVSPropertyOp13
 70
     1
102
RTVSPropertyOp14
 70
     1
102
RTVSPropertyOp15
 70
     1
102
RTVSPropertyOp16
 70
     1
102
RTVSPropertyOp17
 70
     1
102
RTVSPropertyOp18
 70
     1
102
RTVSPropertyOp19
 70
     1
102
RTVSPropertyOp20
 70
     1
102
RTVSPropertyOp21
 70
     1
102
RTVSPropertyOp22
 70
     1
102
RTVSPropertyOp23
 70
     1
102
RTVSPropertyOp24
 70
     1
102
RTVSPropertyOp25
 70
     1
102
RTVSPropertyOp26
 70
     1
102
RTVSPropertyOp27
 70
     1
102
RTVSPropertyOp28
 70
     1
102
RTVSPropertyOp29
 70
     1
102
RTVSPropertyOp30
 70
     1
102
RTVSPropertyOp31
 70
     1
102
RTVSPropertyOp32
 70
     1
102
RTVSPropertyOp33
 70
     1
102
RTVSPropertyOp34
 70
     1
102
RTVSPropertyOp35
 70
     1
102
RTVSPropertyOp36
 70
     1
102
RTVSPropertyOp37
 70
     1
102
RTVSPropertyOp38
 70
     1
102
RTVSPropertyOp39
 70
     1
102
RTVSPropertyOp40
 70
     1
102
RTVSPropertyOp41
 70
     1
102
RTVSPropertyOp42
 70
     1
102
RTVSPropertyOp43
 70
     1
102
RTVSPropertyOp44
 70
     1
102
RTVSPropertyOp45
 70
     1
102
RTVSPropertyOp46
 70
     1
102
RTVSPropertyOp47
 70
     1
102
RTVSPropertyOp48
 70
     1
102
RTVSPropertyOp49
 70
     1
102
RTVSPropertyOp50
 70
     1
102
RTVSPropertyOp51
 70
     0
102
RTVSPropertyOp52
 70
     0
102
RTVSPropertyOp53
 70
     1
102
RTVSPropertyOp54
 70
     1
102
RTVSPropertyOp55
 70
     1
102
RTVSPropertyOp56
 70
     1
102
RTVSPropertyOp57
 70
     1
102
RTVSPropertyOp58
 70
     1
102
RTVSPropertyOp59
 70
     1
102
RTVSPropertyOp60
 70
     1
102
RTVSPropertyOp61
 70
     1
102
RTVSPropertyOp62
 70
     1
  0
XRECORD
  5
33DA
102
{ACAD_REACTORS
330
33D9
102
}
330
33D9
100
AcDbXrecord
280
     1
102
RTVSPost2010Prop28
280
     0
102
RTVSPost2010PropOp28
 70
     1
102
RTVSPost2010Prop29
280
     1
102
RTVSPost2010PropOp29
 70
     1
102
RTVSPost2010Prop30
280
     1
102
RTVSPost2010PropOp30
 70
     1
102
RTVSPost2010Prop31
280
     0
102
RTVSPost2010PropOp31
 70
     1
102
RTVSPost2010Prop32
280
     0
102
RTVSPost2010PropOp32
 70
     1
102
RTVSPost2010Prop33
280
     0
102
RTVSPost2010PropOp33
 70
     1
102
RTVSPost2010Prop34
280
     0
102
RTVSPost2010PropOp34
 70
     1
102
RTVSPost2010Prop35
280
     0
102
RTVSPost2010PropOp35
 70
     1
102
RTVSPost2010Prop36
280
     0
102
RTVSPost2010PropOp36
 70
     1
102
RTVSPost2010Prop37
 90
       50
102
RTVSPost2010PropOp37
 70
     1
102
RTVSPost2010Prop38
140
0.0
102
RTVSPost2010PropOp38
 70
     1
102
RTVSPost2010Prop39
140
1.0
102
RTVSPost2010PropOp39
 70
     1
102
RTVSPost2010Prop40
 90
        0
102
RTVSPost2010PropOp40
 70
     1
102
RTVSPost2010Prop41ColorIndex
 90
       18
102
RTVSPost2010Prop41ColorRGB
 90
        0
102
RTVSPost2010PropOp41
 70
     1
102
RTVSPost2010Prop42
 90
       50
102
RTVSPost2010PropOp42
 70
     1
102
RTVSPost2010Prop43
 90
        3
102
RTVSPost2010PropOp43
 70
     1
102
RTVSPost2010Prop44ColorIndex
 90
        5
102
RTVSPost2010Prop44ColorRGB
 90
      255
102
RTVSPost2010PropOp44
 70
     1
102
RTVSPost2010Prop45
280
     0
102
RTVSPost2010PropOp45
 70
     1
102
RTVSPost2010Prop46
 90
       50
102
RTVSPost2010PropOp46
 70
     1
102
RTVSPost2010Prop47
 90
       50
102
RTVSPost2010PropOp47
 70
     1
102
RTVSPost2010Prop48
 90
       50
102
RTVSPost2010PropOp48
 70
     1
102
RTVSPost2010Prop49
280
     0
102
RTVSPost2010PropOp49
 70
     1
102
RTVSPost2010Prop50
 90
       50
102
RTVSPost2010PropOp50
 70
     1
102
RTVSPost2010Prop51ColorIndex
 90
      256
102
RTVSPost2010Prop51ColorRGB
 90
-16777216
102
RTVSPost2010PropOp51
 70
     0
102
RTVSPost2010Prop52
140
1.0
102
RTVSPost2010PropOp52
 70
     0
102
RTVSPost2010Prop53
 90
        2
102
RTVSPost2010PropOp53
 70
     1
102
RTVSPost2010Prop54
  1
strokes_ogs.tif
102
RTVSPost2010PropOp54
 70
     1
102
RTVSPost2010Prop55
280
     0
102
RTVSPost2010PropOp55
 70
     1
102
RTVSPost2010Prop56
140
1.0
102
RTVSPost2010PropOp56
 70
     1
102
RTVSPost2010Prop57
140
1.0
102
RTVSPost2010PropOp57
 70
     1
102
RTVSPropertyOp0
 70
     1
102
RTVSPropertyOp1
 70
     1
102
RTVSPropertyOp2
 70
     1
102
RTVSPropertyOp3
 70
     1
102
RTVSPropertyOp4
 70
     1
102
RTVSPropertyOp5
 70
     1
102
RTVSPropertyOp6
 70
     1
102
RTVSPropertyOp7
 70
     1
102
RTVSPropertyOp8
 70
     1
102
RTVSPropertyOp9
 70
     1
102
RTVSPropertyOp10
 70
     1
102
RTVSPropertyOp11
 70
     1
102
RTVSPropertyOp12
 70
     1
102
RTVSPropertyOp13
 70
     1
102
RTVSPropertyOp14
 70
     1
102
RTVSPropertyOp15
 70
     1
102
RTVSPropertyOp16
 70
     1
102
RTVSPropertyOp17
 70
     1
102
RTVSPropertyOp18
 70
     1
102
RTVSPropertyOp19
 70
     1
102
RTVSPropertyOp20
 70
     1
102
RTVSPropertyOp21
 70
     1
102
RTVSPropertyOp22
 70
     1
102
RTVSPropertyOp23
 70
     1
102
RTVSPropertyOp24
 70
     1
102
RTVSPropertyOp25
 70
     1
102
RTVSPropertyOp26
 70
     1
102
RTVSPropertyOp27
 70
     1
102
RTVSPropertyOp28
 70
     1
102
RTVSPropertyOp29
 70
     1
102
RTVSPropertyOp30
 70
     1
102
RTVSPropertyOp31
 70
     1
102
RTVSPropertyOp32
 70
     1
102
RTVSPropertyOp33
 70
     1
102
RTVSPropertyOp34
 70
     1
102
RTVSPropertyOp35
 70
     1
102
RTVSPropertyOp36
 70
     1
102
RTVSPropertyOp37
 70
     1
102
RTVSPropertyOp38
 70
     1
102
RTVSPropertyOp39
 70
     1
102
RTVSPropertyOp40
 70
     1
102
RTVSPropertyOp41
 70
     1
102
RTVSPropertyOp42
 70
     1
102
RTVSPropertyOp43
 70
     1
102
RTVSPropertyOp44
 70
     1
102
RTVSPropertyOp45
 70
     1
102
RTVSPropertyOp46
 70
     1
102
RTVSPropertyOp47
 70
     1
102
RTVSPropertyOp48
 70
     1
102
RTVSPropertyOp49
 70
     1
102
RTVSPropertyOp50
 70
     1
102
RTVSPropertyOp51
 70
     0
102
RTVSPropertyOp52
 70
     0
102
RTVSPropertyOp53
 70
     1
102
RTVSPropertyOp54
 70
     1
102
RTVSPropertyOp55
 70
     1
102
RTVSPropertyOp56
 70
     1
102
RTVSPropertyOp57
 70
     1
102
RTVSPropertyOp58
 70
     1
102
RTVSPropertyOp59
 70
     1
102
RTVSPropertyOp60
 70
     1
102
RTVSPropertyOp61
 70
     1
102
RTVSPropertyOp62
 70
     1
  0
XRECORD
  5
33AE
102
{ACAD_REACTORS
330
33AD
102
}
330
33AD
100
AcDbXrecord
280
     1
102
RTVSPost2010Prop28
280
     0
102
RTVSPost2010PropOp28
 70
     1
102
RTVSPost2010Prop29
280
     1
102
RTVSPost2010PropOp29
 70
     1
102
RTVSPost2010Prop30
280
     1
102
RTVSPost2010PropOp30
 70
     1
102
RTVSPost2010Prop31
280
     0
102
RTVSPost2010PropOp31
 70
     1
102
RTVSPost2010Prop32
280
     0
102
RTVSPost2010PropOp32
 70
     1
102
RTVSPost2010Prop33
280
     0
102
RTVSPost2010PropOp33
 70
     1
102
RTVSPost2010Prop34
280
     0
102
RTVSPost2010PropOp34
 70
     1
102
RTVSPost2010Prop35
280
     0
102
RTVSPost2010PropOp35
 70
     1
102
RTVSPost2010Prop36
280
     0
102
RTVSPost2010PropOp36
 70
     1
102
RTVSPost2010Prop37
 90
       50
102
RTVSPost2010PropOp37
 70
     1
102
RTVSPost2010Prop38
140
0.0
102
RTVSPost2010PropOp38
 70
     1
102
RTVSPost2010Prop39
140
1.0
102
RTVSPost2010PropOp39
 70
     1
102
RTVSPost2010Prop40
 90
        0
102
RTVSPost2010PropOp40
 70
     1
102
RTVSPost2010Prop41ColorIndex
 90
       18
102
RTVSPost2010Prop41ColorRGB
 90
        0
102
RTVSPost2010PropOp41
 70
     1
102
RTVSPost2010Prop42
 90
       50
102
RTVSPost2010PropOp42
 70
     1
102
RTVSPost2010Prop43
 90
        3
102
RTVSPost2010PropOp43
 70
     1
102
RTVSPost2010Prop44ColorIndex
 90
        5
102
RTVSPost2010Prop44ColorRGB
 90
      255
102
RTVSPost2010PropOp44
 70
     1
102
RTVSPost2010Prop45
280
     0
102
RTVSPost2010PropOp45
 70
     1
102
RTVSPost2010Prop46
 90
       50
102
RTVSPost2010PropOp46
 70
     1
102
RTVSPost2010Prop47
 90
       50
102
RTVSPost2010PropOp47
 70
     1
102
RTVSPost2010Prop48
 90
       50
102
RTVSPost2010PropOp48
 70
     1
102
RTVSPost2010Prop49
280
     0
102
RTVSPost2010PropOp49
 70
     1
102
RTVSPost2010Prop50
 90
       50
102
RTVSPost2010PropOp50
 70
     1
102
RTVSPost2010Prop51ColorIndex
 90
      256
102
RTVSPost2010Prop51ColorRGB
 90
-16777216
102
RTVSPost2010PropOp51
 70
     0
102
RTVSPost2010Prop52
140
1.0
102
RTVSPost2010PropOp52
 70
     0
102
RTVSPost2010Prop53
 90
        2
102
RTVSPost2010PropOp53
 70
     1
102
RTVSPost2010Prop54
  1
strokes_ogs.tif
102
RTVSPost2010PropOp54
 70
     1
102
RTVSPost2010Prop55
280
     0
102
RTVSPost2010PropOp55
 70
     1
102
RTVSPost2010Prop56
140
1.0
102
RTVSPost2010PropOp56
 70
     1
102
RTVSPost2010Prop57
140
1.0
102
RTVSPost2010PropOp57
 70
     1
102
RTVSPropertyOp0
 70
     1
102
RTVSPropertyOp1
 70
     1
102
RTVSPropertyOp2
 70
     1
102
RTVSPropertyOp3
 70
     1
102
RTVSPropertyOp4
 70
     1
102
RTVSPropertyOp5
 70
     1
102
RTVSPropertyOp6
 70
     1
102
RTVSPropertyOp7
 70
     1
102
RTVSPropertyOp8
 70
     1
102
RTVSPropertyOp9
 70
     1
102
RTVSPropertyOp10
 70
     1
102
RTVSPropertyOp11
 70
     1
102
RTVSPropertyOp12
 70
     1
102
RTVSPropertyOp13
 70
     1
102
RTVSPropertyOp14
 70
     1
102
RTVSPropertyOp15
 70
     1
102
RTVSPropertyOp16
 70
     1
102
RTVSPropertyOp17
 70
     1
102
RTVSPropertyOp18
 70
     1
102
RTVSPropertyOp19
 70
     1
102
RTVSPropertyOp20
 70
     1
102
RTVSPropertyOp21
 70
     1
102
RTVSPropertyOp22
 70
     1
102
RTVSPropertyOp23
 70
     1
102
RTVSPropertyOp24
 70
     1
102
RTVSPropertyOp25
 70
     1
102
RTVSPropertyOp26
 70
     1
102
RTVSPropertyOp27
 70
     1
102
RTVSPropertyOp28
 70
     1
102
RTVSPropertyOp29
 70
     1
102
RTVSPropertyOp30
 70
     1
102
RTVSPropertyOp31
 70
     1
102
RTVSPropertyOp32
 70
     1
102
RTVSPropertyOp33
 70
     1
102
RTVSPropertyOp34
 70
     1
102
RTVSPropertyOp35
 70
     1
102
RTVSPropertyOp36
 70
     1
102
RTVSPropertyOp37
 70
     1
102
RTVSPropertyOp38
 70
     1
102
RTVSPropertyOp39
 70
     1
102
RTVSPropertyOp40
 70
     1
102
RTVSPropertyOp41
 70
     1
102
RTVSPropertyOp42
 70
     1
102
RTVSPropertyOp43
 70
     1
102
RTVSPropertyOp44
 70
     1
102
RTVSPropertyOp45
 70
     1
102
RTVSPropertyOp46
 70
     1
102
RTVSPropertyOp47
 70
     1
102
RTVSPropertyOp48
 70
     1
102
RTVSPropertyOp49
 70
     1
102
RTVSPropertyOp50
 70
     1
102
RTVSPropertyOp51
 70
     0
102
RTVSPropertyOp52
 70
     0
102
RTVSPropertyOp53
 70
     1
102
RTVSPropertyOp54
 70
     1
102
RTVSPropertyOp55
 70
     1
102
RTVSPropertyOp56
 70
     1
102
RTVSPropertyOp57
 70
     1
102
RTVSPropertyOp58
 70
     1
102
RTVSPropertyOp59
 70
     1
102
RTVSPropertyOp60
 70
     1
102
RTVSPropertyOp61
 70
     1
102
RTVSPropertyOp62
 70
     1
  0
XRECORD
  5
33BC
102
{ACAD_REACTORS
330
33BB
102
}
330
33BB
100
AcDbXrecord
280
     1
102
RTVSPost2010Prop28
280
     0
102
RTVSPost2010PropOp28
 70
     1
102
RTVSPost2010Prop29
280
     1
102
RTVSPost2010PropOp29
 70
     1
102
RTVSPost2010Prop30
280
     1
102
RTVSPost2010PropOp30
 70
     1
102
RTVSPost2010Prop31
280
     0
102
RTVSPost2010PropOp31
 70
     1
102
RTVSPost2010Prop32
280
     0
102
RTVSPost2010PropOp32
 70
     1
102
RTVSPost2010Prop33
280
     0
102
RTVSPost2010PropOp33
 70
     1
102
RTVSPost2010Prop34
280
     0
102
RTVSPost2010PropOp34
 70
     1
102
RTVSPost2010Prop35
280
     0
102
RTVSPost2010PropOp35
 70
     1
102
RTVSPost2010Prop36
280
     0
102
RTVSPost2010PropOp36
 70
     1
102
RTVSPost2010Prop37
 90
       50
102
RTVSPost2010PropOp37
 70
     1
102
RTVSPost2010Prop38
140
0.0
102
RTVSPost2010PropOp38
 70
     1
102
RTVSPost2010Prop39
140
1.0
102
RTVSPost2010PropOp39
 70
     1
102
RTVSPost2010Prop40
 90
        0
102
RTVSPost2010PropOp40
 70
     1
102
RTVSPost2010Prop41ColorIndex
 90
       18
102
RTVSPost2010Prop41ColorRGB
 90
        0
102
RTVSPost2010PropOp41
 70
     1
102
RTVSPost2010Prop42
 90
       50
102
RTVSPost2010PropOp42
 70
     1
102
RTVSPost2010Prop43
 90
        3
102
RTVSPost2010PropOp43
 70
     1
102
RTVSPost2010Prop44ColorIndex
 90
        5
102
RTVSPost2010Prop44ColorRGB
 90
      255
102
RTVSPost2010PropOp44
 70
     1
102
RTVSPost2010Prop45
280
     0
102
RTVSPost2010PropOp45
 70
     1
102
RTVSPost2010Prop46
 90
       50
102
RTVSPost2010PropOp46
 70
     1
102
RTVSPost2010Prop47
 90
       50
102
RTVSPost2010PropOp47
 70
     1
102
RTVSPost2010Prop48
 90
       50
102
RTVSPost2010PropOp48
 70
     1
102
RTVSPost2010Prop49
280
     0
102
RTVSPost2010PropOp49
 70
     1
102
RTVSPost2010Prop50
 90
       50
102
RTVSPost2010PropOp50
 70
     1
102
RTVSPost2010Prop51ColorIndex
 90
      256
102
RTVSPost2010Prop51ColorRGB
 90
-16777216
102
RTVSPost2010PropOp51
 70
     0
102
RTVSPost2010Prop52
140
1.0
102
RTVSPost2010PropOp52
 70
     0
102
RTVSPost2010Prop53
 90
        2
102
RTVSPost2010PropOp53
 70
     1
102
RTVSPost2010Prop54
  1
strokes_ogs.tif
102
RTVSPost2010PropOp54
 70
     1
102
RTVSPost2010Prop55
280
     0
102
RTVSPost2010PropOp55
 70
     1
102
RTVSPost2010Prop56
140
1.0
102
RTVSPost2010PropOp56
 70
     1
102
RTVSPost2010Prop57
140
1.0
102
RTVSPost2010PropOp57
 70
     1
102
RTVSPropertyOp0
 70
     1
102
RTVSPropertyOp1
 70
     1
102
RTVSPropertyOp2
 70
     1
102
RTVSPropertyOp3
 70
     1
102
RTVSPropertyOp4
 70
     1
102
RTVSPropertyOp5
 70
     1
102
RTVSPropertyOp6
 70
     1
102
RTVSPropertyOp7
 70
     1
102
RTVSPropertyOp8
 70
     1
102
RTVSPropertyOp9
 70
     1
102
RTVSPropertyOp10
 70
     1
102
RTVSPropertyOp11
 70
     1
102
RTVSPropertyOp12
 70
     1
102
RTVSPropertyOp13
 70
     1
102
RTVSPropertyOp14
 70
     1
102
RTVSPropertyOp15
 70
     1
102
RTVSPropertyOp16
 70
     1
102
RTVSPropertyOp17
 70
     1
102
RTVSPropertyOp18
 70
     1
102
RTVSPropertyOp19
 70
     1
102
RTVSPropertyOp20
 70
     1
102
RTVSPropertyOp21
 70
     1
102
RTVSPropertyOp22
 70
     1
102
RTVSPropertyOp23
 70
     1
102
RTVSPropertyOp24
 70
     1
102
RTVSPropertyOp25
 70
     1
102
RTVSPropertyOp26
 70
     1
102
RTVSPropertyOp27
 70
     1
102
RTVSPropertyOp28
 70
     1
102
RTVSPropertyOp29
 70
     1
102
RTVSPropertyOp30
 70
     1
102
RTVSPropertyOp31
 70
     1
102
RTVSPropertyOp32
 70
     1
102
RTVSPropertyOp33
 70
     1
102
RTVSPropertyOp34
 70
     1
102
RTVSPropertyOp35
 70
     1
102
RTVSPropertyOp36
 70
     1
102
RTVSPropertyOp37
 70
     1
102
RTVSPropertyOp38
 70
     1
102
RTVSPropertyOp39
 70
     1
102
RTVSPropertyOp40
 70
     1
102
RTVSPropertyOp41
 70
     1
102
RTVSPropertyOp42
 70
     1
102
RTVSPropertyOp43
 70
     1
102
RTVSPropertyOp44
 70
     1
102
RTVSPropertyOp45
 70
     1
102
RTVSPropertyOp46
 70
     1
102
RTVSPropertyOp47
 70
     1
102
RTVSPropertyOp48
 70
     1
102
RTVSPropertyOp49
 70
     1
102
RTVSPropertyOp50
 70
     1
102
RTVSPropertyOp51
 70
     0
102
RTVSPropertyOp52
 70
     0
102
RTVSPropertyOp53
 70
     1
102
RTVSPropertyOp54
 70
     1
102
RTVSPropertyOp55
 70
     1
102
RTVSPropertyOp56
 70
     1
102
RTVSPropertyOp57
 70
     1
102
RTVSPropertyOp58
 70
     1
102
RTVSPropertyOp59
 70
     1
102
RTVSPropertyOp60
 70
     1
102
RTVSPropertyOp61
 70
     1
102
RTVSPropertyOp62
 70
     1
  0
XRECORD
  5
33C4
102
{ACAD_REACTORS
330
33C3
102
}
330
33C3
100
AcDbXrecord
280
     1
102
RTVSPost2010Prop28
280
     0
102
RTVSPost2010PropOp28
 70
     1
102
RTVSPost2010Prop29
280
     1
102
RTVSPost2010PropOp29
 70
     1
102
RTVSPost2010Prop30
280
     1
102
RTVSPost2010PropOp30
 70
     1
102
RTVSPost2010Prop31
280
     0
102
RTVSPost2010PropOp31
 70
     1
102
RTVSPost2010Prop32
280
     0
102
RTVSPost2010PropOp32
 70
     1
102
RTVSPost2010Prop33
280
     0
102
RTVSPost2010PropOp33
 70
     1
102
RTVSPost2010Prop34
280
     0
102
RTVSPost2010PropOp34
 70
     1
102
RTVSPost2010Prop35
280
     0
102
RTVSPost2010PropOp35
 70
     1
102
RTVSPost2010Prop36
280
     0
102
RTVSPost2010PropOp36
 70
     1
102
RTVSPost2010Prop37
 90
       50
102
RTVSPost2010PropOp37
 70
     1
102
RTVSPost2010Prop38
140
0.0
102
RTVSPost2010PropOp38
 70
     1
102
RTVSPost2010Prop39
140
1.0
102
RTVSPost2010PropOp39
 70
     1
102
RTVSPost2010Prop40
 90
        0
102
RTVSPost2010PropOp40
 70
     1
102
RTVSPost2010Prop41ColorIndex
 90
       18
102
RTVSPost2010Prop41ColorRGB
 90
        0
102
RTVSPost2010PropOp41
 70
     1
102
RTVSPost2010Prop42
 90
       50
102
RTVSPost2010PropOp42
 70
     1
102
RTVSPost2010Prop43
 90
        3
102
RTVSPost2010PropOp43
 70
     1
102
RTVSPost2010Prop44ColorIndex
 90
        5
102
RTVSPost2010Prop44ColorRGB
 90
      255
102
RTVSPost2010PropOp44
 70
     1
102
RTVSPost2010Prop45
280
     0
102
RTVSPost2010PropOp45
 70
     1
102
RTVSPost2010Prop46
 90
       50
102
RTVSPost2010PropOp46
 70
     1
102
RTVSPost2010Prop47
 90
       50
102
RTVSPost2010PropOp47
 70
     1
102
RTVSPost2010Prop48
 90
       50
102
RTVSPost2010PropOp48
 70
     1
102
RTVSPost2010Prop49
280
     0
102
RTVSPost2010PropOp49
 70
     1
102
RTVSPost2010Prop50
 90
       50
102
RTVSPost2010PropOp50
 70
     1
102
RTVSPost2010Prop51ColorIndex
 90
      256
102
RTVSPost2010Prop51ColorRGB
 90
-16777216
102
RTVSPost2010PropOp51
 70
     0
102
RTVSPost2010Prop52
140
1.0
102
RTVSPost2010PropOp52
 70
     0
102
RTVSPost2010Prop53
 90
        2
102
RTVSPost2010PropOp53
 70
     1
102
RTVSPost2010Prop54
  1
strokes_ogs.tif
102
RTVSPost2010PropOp54
 70
     1
102
RTVSPost2010Prop55
280
     0
102
RTVSPost2010PropOp55
 70
     1
102
RTVSPost2010Prop56
140
1.0
102
RTVSPost2010PropOp56
 70
     1
102
RTVSPost2010Prop57
140
1.0
102
RTVSPost2010PropOp57
 70
     1
102
RTVSPropertyOp0
 70
     1
102
RTVSPropertyOp1
 70
     1
102
RTVSPropertyOp2
 70
     1
102
RTVSPropertyOp3
 70
     1
102
RTVSPropertyOp4
 70
     1
102
RTVSPropertyOp5
 70
     1
102
RTVSPropertyOp6
 70
     1
102
RTVSPropertyOp7
 70
     1
102
RTVSPropertyOp8
 70
     1
102
RTVSPropertyOp9
 70
     1
102
RTVSPropertyOp10
 70
     1
102
RTVSPropertyOp11
 70
     1
102
RTVSPropertyOp12
 70
     1
102
RTVSPropertyOp13
 70
     1
102
RTVSPropertyOp14
 70
     1
102
RTVSPropertyOp15
 70
     1
102
RTVSPropertyOp16
 70
     1
102
RTVSPropertyOp17
 70
     1
102
RTVSPropertyOp18
 70
     1
102
RTVSPropertyOp19
 70
     1
102
RTVSPropertyOp20
 70
     1
102
RTVSPropertyOp21
 70
     1
102
RTVSPropertyOp22
 70
     1
102
RTVSPropertyOp23
 70
     1
102
RTVSPropertyOp24
 70
     1
102
RTVSPropertyOp25
 70
     1
102
RTVSPropertyOp26
 70
     1
102
RTVSPropertyOp27
 70
     1
102
RTVSPropertyOp28
 70
     1
102
RTVSPropertyOp29
 70
     1
102
RTVSPropertyOp30
 70
     1
102
RTVSPropertyOp31
 70
     1
102
RTVSPropertyOp32
 70
     1
102
RTVSPropertyOp33
 70
     1
102
RTVSPropertyOp34
 70
     1
102
RTVSPropertyOp35
 70
     1
102
RTVSPropertyOp36
 70
     1
102
RTVSPropertyOp37
 70
     1
102
RTVSPropertyOp38
 70
     1
102
RTVSPropertyOp39
 70
     1
102
RTVSPropertyOp40
 70
     1
102
RTVSPropertyOp41
 70
     1
102
RTVSPropertyOp42
 70
     1
102
RTVSPropertyOp43
 70
     1
102
RTVSPropertyOp44
 70
     1
102
RTVSPropertyOp45
 70
     1
102
RTVSPropertyOp46
 70
     1
102
RTVSPropertyOp47
 70
     1
102
RTVSPropertyOp48
 70
     1
102
RTVSPropertyOp49
 70
     1
102
RTVSPropertyOp50
 70
     1
102
RTVSPropertyOp51
 70
     0
102
RTVSPropertyOp52
 70
     0
102
RTVSPropertyOp53
 70
     1
102
RTVSPropertyOp54
 70
     1
102
RTVSPropertyOp55
 70
     1
102
RTVSPropertyOp56
 70
     1
102
RTVSPropertyOp57
 70
     1
102
RTVSPropertyOp58
 70
     1
102
RTVSPropertyOp59
 70
     1
102
RTVSPropertyOp60
 70
     1
102
RTVSPropertyOp61
 70
     1
102
RTVSPropertyOp62
 70
     1
  0
XRECORD
  5
33B6
102
{ACAD_REACTORS
330
33B5
102
}
330
33B5
100
AcDbXrecord
280
     1
102
RTVSPost2010Prop28
280
     0
102
RTVSPost2010PropOp28
 70
     1
102
RTVSPost2010Prop29
280
     1
102
RTVSPost2010PropOp29
 70
     1
102
RTVSPost2010Prop30
280
     1
102
RTVSPost2010PropOp30
 70
     1
102
RTVSPost2010Prop31
280
     0
102
RTVSPost2010PropOp31
 70
     1
102
RTVSPost2010Prop32
280
     0
102
RTVSPost2010PropOp32
 70
     1
102
RTVSPost2010Prop33
280
     0
102
RTVSPost2010PropOp33
 70
     1
102
RTVSPost2010Prop34
280
     0
102
RTVSPost2010PropOp34
 70
     1
102
RTVSPost2010Prop35
280
     0
102
RTVSPost2010PropOp35
 70
     1
102
RTVSPost2010Prop36
280
     0
102
RTVSPost2010PropOp36
 70
     1
102
RTVSPost2010Prop37
 90
       50
102
RTVSPost2010PropOp37
 70
     1
102
RTVSPost2010Prop38
140
0.0
102
RTVSPost2010PropOp38
 70
     1
102
RTVSPost2010Prop39
140
1.0
102
RTVSPost2010PropOp39
 70
     1
102
RTVSPost2010Prop40
 90
        0
102
RTVSPost2010PropOp40
 70
     1
102
RTVSPost2010Prop41ColorIndex
 90
       18
102
RTVSPost2010Prop41ColorRGB
 90
        0
102
RTVSPost2010PropOp41
 70
     1
102
RTVSPost2010Prop42
 90
       50
102
RTVSPost2010PropOp42
 70
     1
102
RTVSPost2010Prop43
 90
        3
102
RTVSPost2010PropOp43
 70
     1
102
RTVSPost2010Prop44ColorIndex
 90
        5
102
RTVSPost2010Prop44ColorRGB
 90
      255
102
RTVSPost2010PropOp44
 70
     1
102
RTVSPost2010Prop45
280
     0
102
RTVSPost2010PropOp45
 70
     1
102
RTVSPost2010Prop46
 90
       50
102
RTVSPost2010PropOp46
 70
     1
102
RTVSPost2010Prop47
 90
       50
102
RTVSPost2010PropOp47
 70
     1
102
RTVSPost2010Prop48
 90
       50
102
RTVSPost2010PropOp48
 70
     1
102
RTVSPost2010Prop49
280
     0
102
RTVSPost2010PropOp49
 70
     1
102
RTVSPost2010Prop50
 90
       50
102
RTVSPost2010PropOp50
 70
     1
102
RTVSPost2010Prop51ColorIndex
 90
      256
102
RTVSPost2010Prop51ColorRGB
 90
-16777216
102
RTVSPost2010PropOp51
 70
     0
102
RTVSPost2010Prop52
140
1.0
102
RTVSPost2010PropOp52
 70
     0
102
RTVSPost2010Prop53
 90
        2
102
RTVSPost2010PropOp53
 70
     1
102
RTVSPost2010Prop54
  1
strokes_ogs.tif
102
RTVSPost2010PropOp54
 70
     1
102
RTVSPost2010Prop55
280
     0
102
RTVSPost2010PropOp55
 70
     1
102
RTVSPost2010Prop56
140
1.0
102
RTVSPost2010PropOp56
 70
     1
102
RTVSPost2010Prop57
140
1.0
102
RTVSPost2010PropOp57
 70
     1
102
RTVSPropertyOp0
 70
     1
102
RTVSPropertyOp1
 70
     1
102
RTVSPropertyOp2
 70
     1
102
RTVSPropertyOp3
 70
     1
102
RTVSPropertyOp4
 70
     1
102
RTVSPropertyOp5
 70
     1
102
RTVSPropertyOp6
 70
     1
102
RTVSPropertyOp7
 70
     1
102
RTVSPropertyOp8
 70
     1
102
RTVSPropertyOp9
 70
     1
102
RTVSPropertyOp10
 70
     1
102
RTVSPropertyOp11
 70
     1
102
RTVSPropertyOp12
 70
     1
102
RTVSPropertyOp13
 70
     1
102
RTVSPropertyOp14
 70
     1
102
RTVSPropertyOp15
 70
     1
102
RTVSPropertyOp16
 70
     1
102
RTVSPropertyOp17
 70
     1
102
RTVSPropertyOp18
 70
     1
102
RTVSPropertyOp19
 70
     1
102
RTVSPropertyOp20
 70
     1
102
RTVSPropertyOp21
 70
     1
102
RTVSPropertyOp22
 70
     1
102
RTVSPropertyOp23
 70
     1
102
RTVSPropertyOp24
 70
     1
102
RTVSPropertyOp25
 70
     1
102
RTVSPropertyOp26
 70
     1
102
RTVSPropertyOp27
 70
     1
102
RTVSPropertyOp28
 70
     1
102
RTVSPropertyOp29
 70
     1
102
RTVSPropertyOp30
 70
     1
102
RTVSPropertyOp31
 70
     1
102
RTVSPropertyOp32
 70
     1
102
RTVSPropertyOp33
 70
     1
102
RTVSPropertyOp34
 70
     1
102
RTVSPropertyOp35
 70
     1
102
RTVSPropertyOp36
 70
     1
102
RTVSPropertyOp37
 70
     1
102
RTVSPropertyOp38
 70
     1
102
RTVSPropertyOp39
 70
     1
102
RTVSPropertyOp40
 70
     1
102
RTVSPropertyOp41
 70
     1
102
RTVSPropertyOp42
 70
     1
102
RTVSPropertyOp43
 70
     1
102
RTVSPropertyOp44
 70
     1
102
RTVSPropertyOp45
 70
     1
102
RTVSPropertyOp46
 70
     1
102
RTVSPropertyOp47
 70
     1
102
RTVSPropertyOp48
 70
     1
102
RTVSPropertyOp49
 70
     1
102
RTVSPropertyOp50
 70
     1
102
RTVSPropertyOp51
 70
     0
102
RTVSPropertyOp52
 70
     0
102
RTVSPropertyOp53
 70
     1
102
RTVSPropertyOp54
 70
     1
102
RTVSPropertyOp55
 70
     1
102
RTVSPropertyOp56
 70
     1
102
RTVSPropertyOp57
 70
     1
102
RTVSPropertyOp58
 70
     1
102
RTVSPropertyOp59
 70
     1
102
RTVSPropertyOp60
 70
     1
102
RTVSPropertyOp61
 70
     1
102
RTVSPropertyOp62
 70
     1
  0
XRECORD
  5
33BA
102
{ACAD_REACTORS
330
33B9
102
}
330
33B9
100
AcDbXrecord
280
     1
102
RTVSPost2010Prop28
280
     0
102
RTVSPost2010PropOp28
 70
     1
102
RTVSPost2010Prop29
280
     1
102
RTVSPost2010PropOp29
 70
     1
102
RTVSPost2010Prop30
280
     1
102
RTVSPost2010PropOp30
 70
     1
102
RTVSPost2010Prop31
280
     0
102
RTVSPost2010PropOp31
 70
     1
102
RTVSPost2010Prop32
280
     0
102
RTVSPost2010PropOp32
 70
     1
102
RTVSPost2010Prop33
280
     0
102
RTVSPost2010PropOp33
 70
     1
102
RTVSPost2010Prop34
280
     0
102
RTVSPost2010PropOp34
 70
     1
102
RTVSPost2010Prop35
280
     0
102
RTVSPost2010PropOp35
 70
     1
102
RTVSPost2010Prop36
280
     0
102
RTVSPost2010PropOp36
 70
     1
102
RTVSPost2010Prop37
 90
       50
102
RTVSPost2010PropOp37
 70
     1
102
RTVSPost2010Prop38
140
0.0
102
RTVSPost2010PropOp38
 70
     1
102
RTVSPost2010Prop39
140
1.0
102
RTVSPost2010PropOp39
 70
     1
102
RTVSPost2010Prop40
 90
        0
102
RTVSPost2010PropOp40
 70
     1
102
RTVSPost2010Prop41ColorIndex
 90
       18
102
RTVSPost2010Prop41ColorRGB
 90
        0
102
RTVSPost2010PropOp41
 70
     1
102
RTVSPost2010Prop42
 90
       50
102
RTVSPost2010PropOp42
 70
     1
102
RTVSPost2010Prop43
 90
        3
102
RTVSPost2010PropOp43
 70
     1
102
RTVSPost2010Prop44ColorIndex
 90
        5
102
RTVSPost2010Prop44ColorRGB
 90
      255
102
RTVSPost2010PropOp44
 70
     1
102
RTVSPost2010Prop45
280
     0
102
RTVSPost2010PropOp45
 70
     1
102
RTVSPost2010Prop46
 90
       50
102
RTVSPost2010PropOp46
 70
     1
102
RTVSPost2010Prop47
 90
       50
102
RTVSPost2010PropOp47
 70
     1
102
RTVSPost2010Prop48
 90
       50
102
RTVSPost2010PropOp48
 70
     1
102
RTVSPost2010Prop49
280
     0
102
RTVSPost2010PropOp49
 70
     1
102
RTVSPost2010Prop50
 90
       50
102
RTVSPost2010PropOp50
 70
     1
102
RTVSPost2010Prop51ColorIndex
 90
      256
102
RTVSPost2010Prop51ColorRGB
 90
-16777216
102
RTVSPost2010PropOp51
 70
     0
102
RTVSPost2010Prop52
140
1.0
102
RTVSPost2010PropOp52
 70
     0
102
RTVSPost2010Prop53
 90
        2
102
RTVSPost2010PropOp53
 70
     1
102
RTVSPost2010Prop54
  1
strokes_ogs.tif
102
RTVSPost2010PropOp54
 70
     1
102
RTVSPost2010Prop55
280
     0
102
RTVSPost2010PropOp55
 70
     1
102
RTVSPost2010Prop56
140
1.0
102
RTVSPost2010PropOp56
 70
     1
102
RTVSPost2010Prop57
140
1.0
102
RTVSPost2010PropOp57
 70
     1
102
RTVSPropertyOp0
 70
     1
102
RTVSPropertyOp1
 70
     1
102
RTVSPropertyOp2
 70
     1
102
RTVSPropertyOp3
 70
     1
102
RTVSPropertyOp4
 70
     1
102
RTVSPropertyOp5
 70
     1
102
RTVSPropertyOp6
 70
     1
102
RTVSPropertyOp7
 70
     1
102
RTVSPropertyOp8
 70
     1
102
RTVSPropertyOp9
 70
     1
102
RTVSPropertyOp10
 70
     1
102
RTVSPropertyOp11
 70
     1
102
RTVSPropertyOp12
 70
     1
102
RTVSPropertyOp13
 70
     1
102
RTVSPropertyOp14
 70
     1
102
RTVSPropertyOp15
 70
     1
102
RTVSPropertyOp16
 70
     1
102
RTVSPropertyOp17
 70
     1
102
RTVSPropertyOp18
 70
     1
102
RTVSPropertyOp19
 70
     1
102
RTVSPropertyOp20
 70
     1
102
RTVSPropertyOp21
 70
     1
102
RTVSPropertyOp22
 70
     1
102
RTVSPropertyOp23
 70
     1
102
RTVSPropertyOp24
 70
     1
102
RTVSPropertyOp25
 70
     1
102
RTVSPropertyOp26
 70
     1
102
RTVSPropertyOp27
 70
     1
102
RTVSPropertyOp28
 70
     1
102
RTVSPropertyOp29
 70
     1
102
RTVSPropertyOp30
 70
     1
102
RTVSPropertyOp31
 70
     1
102
RTVSPropertyOp32
 70
     1
102
RTVSPropertyOp33
 70
     1
102
RTVSPropertyOp34
 70
     1
102
RTVSPropertyOp35
 70
     1
102
RTVSPropertyOp36
 70
     1
102
RTVSPropertyOp37
 70
     1
102
RTVSPropertyOp38
 70
     1
102
RTVSPropertyOp39
 70
     1
102
RTVSPropertyOp40
 70
     1
102
RTVSPropertyOp41
 70
     1
102
RTVSPropertyOp42
 70
     1
102
RTVSPropertyOp43
 70
     1
102
RTVSPropertyOp44
 70
     1
102
RTVSPropertyOp45
 70
     1
102
RTVSPropertyOp46
 70
     1
102
RTVSPropertyOp47
 70
     1
102
RTVSPropertyOp48
 70
     1
102
RTVSPropertyOp49
 70
     1
102
RTVSPropertyOp50
 70
     1
102
RTVSPropertyOp51
 70
     0
102
RTVSPropertyOp52
 70
     0
102
RTVSPropertyOp53
 70
     1
102
RTVSPropertyOp54
 70
     1
102
RTVSPropertyOp55
 70
     1
102
RTVSPropertyOp56
 70
     1
102
RTVSPropertyOp57
 70
     1
102
RTVSPropertyOp58
 70
     1
102
RTVSPropertyOp59
 70
     1
102
RTVSPropertyOp60
 70
     1
102
RTVSPropertyOp61
 70
     1
102
RTVSPropertyOp62
 70
     1
  0
XRECORD
  5
33CA
102
{ACAD_REACTORS
330
33C9
102
}
330
33C9
100
AcDbXrecord
280
     1
102
RTVSPost2010Prop28
280
     0
102
RTVSPost2010PropOp28
 70
     1
102
RTVSPost2010Prop29
280
     1
102
RTVSPost2010PropOp29
 70
     1
102
RTVSPost2010Prop30
280
     1
102
RTVSPost2010PropOp30
 70
     1
102
RTVSPost2010Prop31
280
     0
102
RTVSPost2010PropOp31
 70
     1
102
RTVSPost2010Prop32
280
     0
102
RTVSPost2010PropOp32
 70
     1
102
RTVSPost2010Prop33
280
     0
102
RTVSPost2010PropOp33
 70
     1
102
RTVSPost2010Prop34
280
     0
102
RTVSPost2010PropOp34
 70
     1
102
RTVSPost2010Prop35
280
     0
102
RTVSPost2010PropOp35
 70
     1
102
RTVSPost2010Prop36
280
     0
102
RTVSPost2010PropOp36
 70
     1
102
RTVSPost2010Prop37
 90
       50
102
RTVSPost2010PropOp37
 70
     1
102
RTVSPost2010Prop38
140
0.0
102
RTVSPost2010PropOp38
 70
     1
102
RTVSPost2010Prop39
140
1.0
102
RTVSPost2010PropOp39
 70
     1
102
RTVSPost2010Prop40
 90
        0
102
RTVSPost2010PropOp40
 70
     1
102
RTVSPost2010Prop41ColorIndex
 90
       18
102
RTVSPost2010Prop41ColorRGB
 90
        0
102
RTVSPost2010PropOp41
 70
     1
102
RTVSPost2010Prop42
 90
       50
102
RTVSPost2010PropOp42
 70
     1
102
RTVSPost2010Prop43
 90
        3
102
RTVSPost2010PropOp43
 70
     1
102
RTVSPost2010Prop44ColorIndex
 90
        5
102
RTVSPost2010Prop44ColorRGB
 90
      255
102
RTVSPost2010PropOp44
 70
     1
102
RTVSPost2010Prop45
280
     0
102
RTVSPost2010PropOp45
 70
     1
102
RTVSPost2010Prop46
 90
       50
102
RTVSPost2010PropOp46
 70
     1
102
RTVSPost2010Prop47
 90
       50
102
RTVSPost2010PropOp47
 70
     1
102
RTVSPost2010Prop48
 90
       50
102
RTVSPost2010PropOp48
 70
     1
102
RTVSPost2010Prop49
280
     0
102
RTVSPost2010PropOp49
 70
     1
102
RTVSPost2010Prop50
 90
       50
102
RTVSPost2010PropOp50
 70
     1
102
RTVSPost2010Prop51ColorIndex
 90
      256
102
RTVSPost2010Prop51ColorRGB
 90
-16777216
102
RTVSPost2010PropOp51
 70
     0
102
RTVSPost2010Prop52
140
1.0
102
RTVSPost2010PropOp52
 70
     0
102
RTVSPost2010Prop53
 90
        2
102
RTVSPost2010PropOp53
 70
     1
102
RTVSPost2010Prop54
  1
strokes_ogs.tif
102
RTVSPost2010PropOp54
 70
     1
102
RTVSPost2010Prop55
280
     0
102
RTVSPost2010PropOp55
 70
     1
102
RTVSPost2010Prop56
140
1.0
102
RTVSPost2010PropOp56
 70
     1
102
RTVSPost2010Prop57
140
1.0
102
RTVSPost2010PropOp57
 70
     1
102
RTVSPropertyOp0
 70
     0
102
RTVSPropertyOp1
 70
     0
102
RTVSPropertyOp2
 70
     0
102
RTVSPropertyOp3
 70
     0
102
RTVSPropertyOp4
 70
     0
102
RTVSPropertyOp5
 70
     0
102
RTVSPropertyOp6
 70
     0
102
RTVSPropertyOp7
 70
     0
102
RTVSPropertyOp8
 70
     0
102
RTVSPropertyOp9
 70
     0
102
RTVSPropertyOp10
 70
     0
102
RTVSPropertyOp11
 70
     0
102
RTVSPropertyOp12
 70
     0
102
RTVSPropertyOp13
 70
     0
102
RTVSPropertyOp14
 70
     2
102
RTVSPropertyOp15
 70
     0
102
RTVSPropertyOp16
 70
     0
102
RTVSPropertyOp17
 70
     0
102
RTVSPropertyOp18
 70
     0
102
RTVSPropertyOp19
 70
     0
102
RTVSPropertyOp20
 70
     0
102
RTVSPropertyOp21
 70
     0
102
RTVSPropertyOp22
 70
     0
102
RTVSPropertyOp23
 70
     0
102
RTVSPropertyOp24
 70
     0
102
RTVSPropertyOp25
 70
     0
102
RTVSPropertyOp26
 70
     0
102
RTVSPropertyOp27
 70
     0
102
RTVSPropertyOp28
 70
     1
102
RTVSPropertyOp29
 70
     1
102
RTVSPropertyOp30
 70
     1
102
RTVSPropertyOp31
 70
     1
102
RTVSPropertyOp32
 70
     1
102
RTVSPropertyOp33
 70
     1
102
RTVSPropertyOp34
 70
     1
102
RTVSPropertyOp35
 70
     1
102
RTVSPropertyOp36
 70
     1
102
RTVSPropertyOp37
 70
     1
102
RTVSPropertyOp38
 70
     1
102
RTVSPropertyOp39
 70
     1
102
RTVSPropertyOp40
 70
     1
102
RTVSPropertyOp41
 70
     1
102
RTVSPropertyOp42
 70
     1
102
RTVSPropertyOp43
 70
     1
102
RTVSPropertyOp44
 70
     1
102
RTVSPropertyOp45
 70
     1
102
RTVSPropertyOp46
 70
     1
102
RTVSPropertyOp47
 70
     1
102
RTVSPropertyOp48
 70
     1
102
RTVSPropertyOp49
 70
     1
102
RTVSPropertyOp50
 70
     1
102
RTVSPropertyOp51
 70
     0
102
RTVSPropertyOp52
 70
     0
102
RTVSPropertyOp53
 70
     1
102
RTVSPropertyOp54
 70
     1
102
RTVSPropertyOp55
 70
     1
102
RTVSPropertyOp56
 70
     1
102
RTVSPropertyOp57
 70
     1
102
RTVSPropertyOp58
 70
     1
102
RTVSPropertyOp59
 70
     1
102
RTVSPropertyOp60
 70
     1
102
RTVSPropertyOp61
 70
     1
102
RTVSPropertyOp62
 70
     1
  0
XRECORD
  5
33C2
102
{ACAD_REACTORS
330
33C1
102
}
330
33C1
100
AcDbXrecord
280
     1
102
RTVSPost2010Prop28
280
     0
102
RTVSPost2010PropOp28
 70
     1
102
RTVSPost2010Prop29
280
     1
102
RTVSPost2010PropOp29
 70
     1
102
RTVSPost2010Prop30
280
     1
102
RTVSPost2010PropOp30
 70
     1
102
RTVSPost2010Prop31
280
     0
102
RTVSPost2010PropOp31
 70
     1
102
RTVSPost2010Prop32
280
     0
102
RTVSPost2010PropOp32
 70
     1
102
RTVSPost2010Prop33
280
     0
102
RTVSPost2010PropOp33
 70
     1
102
RTVSPost2010Prop34
280
     0
102
RTVSPost2010PropOp34
 70
     1
102
RTVSPost2010Prop35
280
     0
102
RTVSPost2010PropOp35
 70
     1
102
RTVSPost2010Prop36
280
     0
102
RTVSPost2010PropOp36
 70
     1
102
RTVSPost2010Prop37
 90
       50
102
RTVSPost2010PropOp37
 70
     1
102
RTVSPost2010Prop38
140
0.0
102
RTVSPost2010PropOp38
 70
     1
102
RTVSPost2010Prop39
140
1.0
102
RTVSPost2010PropOp39
 70
     1
102
RTVSPost2010Prop40
 90
        0
102
RTVSPost2010PropOp40
 70
     1
102
RTVSPost2010Prop41ColorIndex
 90
       18
102
RTVSPost2010Prop41ColorRGB
 90
        0
102
RTVSPost2010PropOp41
 70
     1
102
RTVSPost2010Prop42
 90
       50
102
RTVSPost2010PropOp42
 70
     1
102
RTVSPost2010Prop43
 90
        3
102
RTVSPost2010PropOp43
 70
     1
102
RTVSPost2010Prop44ColorIndex
 90
        5
102
RTVSPost2010Prop44ColorRGB
 90
      255
102
RTVSPost2010PropOp44
 70
     1
102
RTVSPost2010Prop45
280
     0
102
RTVSPost2010PropOp45
 70
     1
102
RTVSPost2010Prop46
 90
       50
102
RTVSPost2010PropOp46
 70
     1
102
RTVSPost2010Prop47
 90
       50
102
RTVSPost2010PropOp47
 70
     1
102
RTVSPost2010Prop48
 90
       50
102
RTVSPost2010PropOp48
 70
     1
102
RTVSPost2010Prop49
280
     0
102
RTVSPost2010PropOp49
 70
     1
102
RTVSPost2010Prop50
 90
       50
102
RTVSPost2010PropOp50
 70
     1
102
RTVSPost2010Prop51ColorIndex
 90
      256
102
RTVSPost2010Prop51ColorRGB
 90
-16777216
102
RTVSPost2010PropOp51
 70
     0
102
RTVSPost2010Prop52
140
1.0
102
RTVSPost2010PropOp52
 70
     0
102
RTVSPost2010Prop53
 90
        2
102
RTVSPost2010PropOp53
 70
     1
102
RTVSPost2010Prop54
  1
strokes_ogs.tif
102
RTVSPost2010PropOp54
 70
     1
102
RTVSPost2010Prop55
280
     0
102
RTVSPost2010PropOp55
 70
     1
102
RTVSPost2010Prop56
140
1.0
102
RTVSPost2010PropOp56
 70
     1
102
RTVSPost2010Prop57
140
1.0
102
RTVSPost2010PropOp57
 70
     1
102
RTVSPropertyOp0
 70
     1
102
RTVSPropertyOp1
 70
     1
102
RTVSPropertyOp2
 70
     1
102
RTVSPropertyOp3
 70
     1
102
RTVSPropertyOp4
 70
     1
102
RTVSPropertyOp5
 70
     1
102
RTVSPropertyOp6
 70
     1
102
RTVSPropertyOp7
 70
     1
102
RTVSPropertyOp8
 70
     1
102
RTVSPropertyOp9
 70
     1
102
RTVSPropertyOp10
 70
     1
102
RTVSPropertyOp11
 70
     1
102
RTVSPropertyOp12
 70
     1
102
RTVSPropertyOp13
 70
     1
102
RTVSPropertyOp14
 70
     1
102
RTVSPropertyOp15
 70
     1
102
RTVSPropertyOp16
 70
     1
102
RTVSPropertyOp17
 70
     1
102
RTVSPropertyOp18
 70
     1
102
RTVSPropertyOp19
 70
     1
102
RTVSPropertyOp20
 70
     1
102
RTVSPropertyOp21
 70
     1
102
RTVSPropertyOp22
 70
     1
102
RTVSPropertyOp23
 70
     1
102
RTVSPropertyOp24
 70
     1
102
RTVSPropertyOp25
 70
     1
102
RTVSPropertyOp26
 70
     1
102
RTVSPropertyOp27
 70
     1
102
RTVSPropertyOp28
 70
     1
102
RTVSPropertyOp29
 70
     1
102
RTVSPropertyOp30
 70
     1
102
RTVSPropertyOp31
 70
     1
102
RTVSPropertyOp32
 70
     1
102
RTVSPropertyOp33
 70
     1
102
RTVSPropertyOp34
 70
     1
102
RTVSPropertyOp35
 70
     1
102
RTVSPropertyOp36
 70
     1
102
RTVSPropertyOp37
 70
     1
102
RTVSPropertyOp38
 70
     1
102
RTVSPropertyOp39
 70
     1
102
RTVSPropertyOp40
 70
     1
102
RTVSPropertyOp41
 70
     1
102
RTVSPropertyOp42
 70
     1
102
RTVSPropertyOp43
 70
     1
102
RTVSPropertyOp44
 70
     1
102
RTVSPropertyOp45
 70
     1
102
RTVSPropertyOp46
 70
     1
102
RTVSPropertyOp47
 70
     1
102
RTVSPropertyOp48
 70
     1
102
RTVSPropertyOp49
 70
     1
102
RTVSPropertyOp50
 70
     1
102
RTVSPropertyOp51
 70
     0
102
RTVSPropertyOp52
 70
     0
102
RTVSPropertyOp53
 70
     1
102
RTVSPropertyOp54
 70
     1
102
RTVSPropertyOp55
 70
     1
102
RTVSPropertyOp56
 70
     1
102
RTVSPropertyOp57
 70
     1
102
RTVSPropertyOp58
 70
     1
102
RTVSPropertyOp59
 70
     1
102
RTVSPropertyOp60
 70
     1
102
RTVSPropertyOp61
 70
     1
102
RTVSPropertyOp62
 70
     1
  0
XRECORD
  5
33A6
102
{ACAD_REACTORS
330
33A5
102
}
330
33A5
100
AcDbXrecord
280
     1
102
RTVSPost2010Prop28
280
     0
102
RTVSPost2010PropOp28
 70
     1
102
RTVSPost2010Prop29
280
     1
102
RTVSPost2010PropOp29
 70
     1
102
RTVSPost2010Prop30
280
     1
102
RTVSPost2010PropOp30
 70
     1
102
RTVSPost2010Prop31
280
     0
102
RTVSPost2010PropOp31
 70
     1
102
RTVSPost2010Prop32
280
     0
102
RTVSPost2010PropOp32
 70
     1
102
RTVSPost2010Prop33
280
     0
102
RTVSPost2010PropOp33
 70
     1
102
RTVSPost2010Prop34
280
     0
102
RTVSPost2010PropOp34
 70
     1
102
RTVSPost2010Prop35
280
     0
102
RTVSPost2010PropOp35
 70
     1
102
RTVSPost2010Prop36
280
     0
102
RTVSPost2010PropOp36
 70
     1
102
RTVSPost2010Prop37
 90
       50
102
RTVSPost2010PropOp37
 70
     1
102
RTVSPost2010Prop38
140
0.0
102
RTVSPost2010PropOp38
 70
     1
102
RTVSPost2010Prop39
140
1.0
102
RTVSPost2010PropOp39
 70
     1
102
RTVSPost2010Prop40
 90
        0
102
RTVSPost2010PropOp40
 70
     1
102
RTVSPost2010Prop41ColorIndex
 90
       18
102
RTVSPost2010Prop41ColorRGB
 90
        0
102
RTVSPost2010PropOp41
 70
     1
102
RTVSPost2010Prop42
 90
       50
102
RTVSPost2010PropOp42
 70
     1
102
RTVSPost2010Prop43
 90
        3
102
RTVSPost2010PropOp43
 70
     1
102
RTVSPost2010Prop44ColorIndex
 90
        5
102
RTVSPost2010Prop44ColorRGB
 90
      255
102
RTVSPost2010PropOp44
 70
     1
102
RTVSPost2010Prop45
280
     0
102
RTVSPost2010PropOp45
 70
     1
102
RTVSPost2010Prop46
 90
       50
102
RTVSPost2010PropOp46
 70
     1
102
RTVSPost2010Prop47
 90
       50
102
RTVSPost2010PropOp47
 70
     1
102
RTVSPost2010Prop48
 90
       50
102
RTVSPost2010PropOp48
 70
     1
102
RTVSPost2010Prop49
280
     0
102
RTVSPost2010PropOp49
 70
     1
102
RTVSPost2010Prop50
 90
       50
102
RTVSPost2010PropOp50
 70
     1
102
RTVSPost2010Prop51ColorIndex
 90
      256
102
RTVSPost2010Prop51ColorRGB
 90
-16777216
102
RTVSPost2010PropOp51
 70
     0
102
RTVSPost2010Prop52
140
1.0
102
RTVSPost2010PropOp52
 70
     0
102
RTVSPost2010Prop53
 90
        2
102
RTVSPost2010PropOp53
 70
     1
102
RTVSPost2010Prop54
  1
strokes_ogs.tif
102
RTVSPost2010PropOp54
 70
     1
102
RTVSPost2010Prop55
280
     0
102
RTVSPost2010PropOp55
 70
     1
102
RTVSPost2010Prop56
140
1.0
102
RTVSPost2010PropOp56
 70
     1
102
RTVSPost2010Prop57
140
1.0
102
RTVSPost2010PropOp57
 70
     1
102
RTVSPropertyOp0
 70
     1
102
RTVSPropertyOp1
 70
     1
102
RTVSPropertyOp2
 70
     1
102
RTVSPropertyOp3
 70
     1
102
RTVSPropertyOp4
 70
     1
102
RTVSPropertyOp5
 70
     1
102
RTVSPropertyOp6
 70
     1
102
RTVSPropertyOp7
 70
     1
102
RTVSPropertyOp8
 70
     1
102
RTVSPropertyOp9
 70
     1
102
RTVSPropertyOp10
 70
     1
102
RTVSPropertyOp11
 70
     1
102
RTVSPropertyOp12
 70
     1
102
RTVSPropertyOp13
 70
     1
102
RTVSPropertyOp14
 70
     1
102
RTVSPropertyOp15
 70
     1
102
RTVSPropertyOp16
 70
     1
102
RTVSPropertyOp17
 70
     1
102
RTVSPropertyOp18
 70
     1
102
RTVSPropertyOp19
 70
     1
102
RTVSPropertyOp20
 70
     1
102
RTVSPropertyOp21
 70
     1
102
RTVSPropertyOp22
 70
     1
102
RTVSPropertyOp23
 70
     1
102
RTVSPropertyOp24
 70
     1
102
RTVSPropertyOp25
 70
     1
102
RTVSPropertyOp26
 70
     1
102
RTVSPropertyOp27
 70
     1
102
RTVSPropertyOp28
 70
     1
102
RTVSPropertyOp29
 70
     1
102
RTVSPropertyOp30
 70
     1
102
RTVSPropertyOp31
 70
     1
102
RTVSPropertyOp32
 70
     1
102
RTVSPropertyOp33
 70
     1
102
RTVSPropertyOp34
 70
     1
102
RTVSPropertyOp35
 70
     1
102
RTVSPropertyOp36
 70
     1
102
RTVSPropertyOp37
 70
     1
102
RTVSPropertyOp38
 70
     1
102
RTVSPropertyOp39
 70
     1
102
RTVSPropertyOp40
 70
     1
102
RTVSPropertyOp41
 70
     1
102
RTVSPropertyOp42
 70
     1
102
RTVSPropertyOp43
 70
     1
102
RTVSPropertyOp44
 70
     1
102
RTVSPropertyOp45
 70
     1
102
RTVSPropertyOp46
 70
     1
102
RTVSPropertyOp47
 70
     1
102
RTVSPropertyOp48
 70
     1
102
RTVSPropertyOp49
 70
     1
102
RTVSPropertyOp50
 70
     1
102
RTVSPropertyOp51
 70
     0
102
RTVSPropertyOp52
 70
     0
102
RTVSPropertyOp53
 70
     1
102
RTVSPropertyOp54
 70
     1
102
RTVSPropertyOp55
 70
     1
102
RTVSPropertyOp56
 70
     1
102
RTVSPropertyOp57
 70
     1
102
RTVSPropertyOp58
 70
     1
102
RTVSPropertyOp59
 70
     1
102
RTVSPropertyOp60
 70
     1
102
RTVSPropertyOp61
 70
     1
102
RTVSPropertyOp62
 70
     1
  0
XRECORD
  5
33A8
102
{ACAD_REACTORS
330
33A7
102
}
330
33A7
100
AcDbXrecord
280
     1
102
RTVSPost2010Prop28
280
     0
102
RTVSPost2010PropOp28
 70
     1
102
RTVSPost2010Prop29
280
     1
102
RTVSPost2010PropOp29
 70
     1
102
RTVSPost2010Prop30
280
     1
102
RTVSPost2010PropOp30
 70
     1
102
RTVSPost2010Prop31
280
     0
102
RTVSPost2010PropOp31
 70
     1
102
RTVSPost2010Prop32
280
     0
102
RTVSPost2010PropOp32
 70
     1
102
RTVSPost2010Prop33
280
     0
102
RTVSPost2010PropOp33
 70
     1
102
RTVSPost2010Prop34
280
     0
102
RTVSPost2010PropOp34
 70
     1
102
RTVSPost2010Prop35
280
     0
102
RTVSPost2010PropOp35
 70
     1
102
RTVSPost2010Prop36
280
     0
102
RTVSPost2010PropOp36
 70
     1
102
RTVSPost2010Prop37
 90
       50
102
RTVSPost2010PropOp37
 70
     1
102
RTVSPost2010Prop38
140
0.0
102
RTVSPost2010PropOp38
 70
     1
102
RTVSPost2010Prop39
140
1.0
102
RTVSPost2010PropOp39
 70
     1
102
RTVSPost2010Prop40
 90
        0
102
RTVSPost2010PropOp40
 70
     1
102
RTVSPost2010Prop41ColorIndex
 90
       18
102
RTVSPost2010Prop41ColorRGB
 90
        0
102
RTVSPost2010PropOp41
 70
     1
102
RTVSPost2010Prop42
 90
       50
102
RTVSPost2010PropOp42
 70
     1
102
RTVSPost2010Prop43
 90
        3
102
RTVSPost2010PropOp43
 70
     1
102
RTVSPost2010Prop44ColorIndex
 90
        5
102
RTVSPost2010Prop44ColorRGB
 90
      255
102
RTVSPost2010PropOp44
 70
     1
102
RTVSPost2010Prop45
280
     0
102
RTVSPost2010PropOp45
 70
     1
102
RTVSPost2010Prop46
 90
       50
102
RTVSPost2010PropOp46
 70
     1
102
RTVSPost2010Prop47
 90
       50
102
RTVSPost2010PropOp47
 70
     1
102
RTVSPost2010Prop48
 90
       50
102
RTVSPost2010PropOp48
 70
     1
102
RTVSPost2010Prop49
280
     0
102
RTVSPost2010PropOp49
 70
     1
102
RTVSPost2010Prop50
 90
       50
102
RTVSPost2010PropOp50
 70
     1
102
RTVSPost2010Prop51ColorIndex
 90
      256
102
RTVSPost2010Prop51ColorRGB
 90
-16777216
102
RTVSPost2010PropOp51
 70
     0
102
RTVSPost2010Prop52
140
1.0
102
RTVSPost2010PropOp52
 70
     0
102
RTVSPost2010Prop53
 90
        2
102
RTVSPost2010PropOp53
 70
     1
102
RTVSPost2010Prop54
  1
strokes_ogs.tif
102
RTVSPost2010PropOp54
 70
     1
102
RTVSPost2010Prop55
280
     0
102
RTVSPost2010PropOp55
 70
     1
102
RTVSPost2010Prop56
140
1.0
102
RTVSPost2010PropOp56
 70
     1
102
RTVSPost2010Prop57
140
1.0
102
RTVSPost2010PropOp57
 70
     1
102
RTVSPropertyOp0
 70
     1
102
RTVSPropertyOp1
 70
     1
102
RTVSPropertyOp2
 70
     1
102
RTVSPropertyOp3
 70
     1
102
RTVSPropertyOp4
 70
     1
102
RTVSPropertyOp5
 70
     1
102
RTVSPropertyOp6
 70
     1
102
RTVSPropertyOp7
 70
     1
102
RTVSPropertyOp8
 70
     1
102
RTVSPropertyOp9
 70
     1
102
RTVSPropertyOp10
 70
     1
102
RTVSPropertyOp11
 70
     1
102
RTVSPropertyOp12
 70
     1
102
RTVSPropertyOp13
 70
     1
102
RTVSPropertyOp14
 70
     1
102
RTVSPropertyOp15
 70
     1
102
RTVSPropertyOp16
 70
     1
102
RTVSPropertyOp17
 70
     1
102
RTVSPropertyOp18
 70
     1
102
RTVSPropertyOp19
 70
     1
102
RTVSPropertyOp20
 70
     1
102
RTVSPropertyOp21
 70
     1
102
RTVSPropertyOp22
 70
     1
102
RTVSPropertyOp23
 70
     1
102
RTVSPropertyOp24
 70
     1
102
RTVSPropertyOp25
 70
     1
102
RTVSPropertyOp26
 70
     1
102
RTVSPropertyOp27
 70
     1
102
RTVSPropertyOp28
 70
     1
102
RTVSPropertyOp29
 70
     1
102
RTVSPropertyOp30
 70
     1
102
RTVSPropertyOp31
 70
     1
102
RTVSPropertyOp32
 70
     1
102
RTVSPropertyOp33
 70
     1
102
RTVSPropertyOp34
 70
     1
102
RTVSPropertyOp35
 70
     1
102
RTVSPropertyOp36
 70
     1
102
RTVSPropertyOp37
 70
     1
102
RTVSPropertyOp38
 70
     1
102
RTVSPropertyOp39
 70
     1
102
RTVSPropertyOp40
 70
     1
102
RTVSPropertyOp41
 70
     1
102
RTVSPropertyOp42
 70
     1
102
RTVSPropertyOp43
 70
     1
102
RTVSPropertyOp44
 70
     1
102
RTVSPropertyOp45
 70
     1
102
RTVSPropertyOp46
 70
     1
102
RTVSPropertyOp47
 70
     1
102
RTVSPropertyOp48
 70
     1
102
RTVSPropertyOp49
 70
     1
102
RTVSPropertyOp50
 70
     1
102
RTVSPropertyOp51
 70
     0
102
RTVSPropertyOp52
 70
     0
102
RTVSPropertyOp53
 70
     1
102
RTVSPropertyOp54
 70
     1
102
RTVSPropertyOp55
 70
     1
102
RTVSPropertyOp56
 70
     1
102
RTVSPropertyOp57
 70
     1
102
RTVSPropertyOp58
 70
     1
102
RTVSPropertyOp59
 70
     1
102
RTVSPropertyOp60
 70
     1
102
RTVSPropertyOp61
 70
     1
102
RTVSPropertyOp62
 70
     1
  0
XRECORD
  5
33AA
102
{ACAD_REACTORS
330
33A9
102
}
330
33A9
100
AcDbXrecord
280
     1
102
RTVSPost2010Prop28
280
     0
102
RTVSPost2010PropOp28
 70
     1
102
RTVSPost2010Prop29
280
     1
102
RTVSPost2010PropOp29
 70
     1
102
RTVSPost2010Prop30
280
     1
102
RTVSPost2010PropOp30
 70
     1
102
RTVSPost2010Prop31
280
     0
102
RTVSPost2010PropOp31
 70
     1
102
RTVSPost2010Prop32
280
     0
102
RTVSPost2010PropOp32
 70
     1
102
RTVSPost2010Prop33
280
     0
102
RTVSPost2010PropOp33
 70
     1
102
RTVSPost2010Prop34
280
     0
102
RTVSPost2010PropOp34
 70
     1
102
RTVSPost2010Prop35
280
     0
102
RTVSPost2010PropOp35
 70
     1
102
RTVSPost2010Prop36
280
     0
102
RTVSPost2010PropOp36
 70
     1
102
RTVSPost2010Prop37
 90
       50
102
RTVSPost2010PropOp37
 70
     1
102
RTVSPost2010Prop38
140
0.0
102
RTVSPost2010PropOp38
 70
     1
102
RTVSPost2010Prop39
140
1.0
102
RTVSPost2010PropOp39
 70
     1
102
RTVSPost2010Prop40
 90
        0
102
RTVSPost2010PropOp40
 70
     1
102
RTVSPost2010Prop41ColorIndex
 90
       18
102
RTVSPost2010Prop41ColorRGB
 90
        0
102
RTVSPost2010PropOp41
 70
     1
102
RTVSPost2010Prop42
 90
       50
102
RTVSPost2010PropOp42
 70
     1
102
RTVSPost2010Prop43
 90
        3
102
RTVSPost2010PropOp43
 70
     1
102
RTVSPost2010Prop44ColorIndex
 90
        5
102
RTVSPost2010Prop44ColorRGB
 90
      255
102
RTVSPost2010PropOp44
 70
     1
102
RTVSPost2010Prop45
280
     0
102
RTVSPost2010PropOp45
 70
     1
102
RTVSPost2010Prop46
 90
       50
102
RTVSPost2010PropOp46
 70
     1
102
RTVSPost2010Prop47
 90
       50
102
RTVSPost2010PropOp47
 70
     1
102
RTVSPost2010Prop48
 90
       50
102
RTVSPost2010PropOp48
 70
     1
102
RTVSPost2010Prop49
280
     0
102
RTVSPost2010PropOp49
 70
     1
102
RTVSPost2010Prop50
 90
       50
102
RTVSPost2010PropOp50
 70
     1
102
RTVSPost2010Prop51ColorIndex
 90
      256
102
RTVSPost2010Prop51ColorRGB
 90
-16777216
102
RTVSPost2010PropOp51
 70
     0
102
RTVSPost2010Prop52
140
1.0
102
RTVSPost2010PropOp52
 70
     0
102
RTVSPost2010Prop53
 90
        2
102
RTVSPost2010PropOp53
 70
     1
102
RTVSPost2010Prop54
  1
strokes_ogs.tif
102
RTVSPost2010PropOp54
 70
     1
102
RTVSPost2010Prop55
280
     0
102
RTVSPost2010PropOp55
 70
     1
102
RTVSPost2010Prop56
140
1.0
102
RTVSPost2010PropOp56
 70
     1
102
RTVSPost2010Prop57
140
1.0
102
RTVSPost2010PropOp57
 70
     1
102
RTVSPropertyOp0
 70
     1
102
RTVSPropertyOp1
 70
     1
102
RTVSPropertyOp2
 70
     1
102
RTVSPropertyOp3
 70
     1
102
RTVSPropertyOp4
 70
     1
102
RTVSPropertyOp5
 70
     1
102
RTVSPropertyOp6
 70
     1
102
RTVSPropertyOp7
 70
     1
102
RTVSPropertyOp8
 70
     1
102
RTVSPropertyOp9
 70
     1
102
RTVSPropertyOp10
 70
     1
102
RTVSPropertyOp11
 70
     1
102
RTVSPropertyOp12
 70
     1
102
RTVSPropertyOp13
 70
     1
102
RTVSPropertyOp14
 70
     1
102
RTVSPropertyOp15
 70
     1
102
RTVSPropertyOp16
 70
     1
102
RTVSPropertyOp17
 70
     1
102
RTVSPropertyOp18
 70
     1
102
RTVSPropertyOp19
 70
     1
102
RTVSPropertyOp20
 70
     1
102
RTVSPropertyOp21
 70
     1
102
RTVSPropertyOp22
 70
     1
102
RTVSPropertyOp23
 70
     1
102
RTVSPropertyOp24
 70
     1
102
RTVSPropertyOp25
 70
     1
102
RTVSPropertyOp26
 70
     1
102
RTVSPropertyOp27
 70
     1
102
RTVSPropertyOp28
 70
     1
102
RTVSPropertyOp29
 70
     1
102
RTVSPropertyOp30
 70
     1
102
RTVSPropertyOp31
 70
     1
102
RTVSPropertyOp32
 70
     1
102
RTVSPropertyOp33
 70
     1
102
RTVSPropertyOp34
 70
     1
102
RTVSPropertyOp35
 70
     1
102
RTVSPropertyOp36
 70
     1
102
RTVSPropertyOp37
 70
     1
102
RTVSPropertyOp38
 70
     1
102
RTVSPropertyOp39
 70
     1
102
RTVSPropertyOp40
 70
     1
102
RTVSPropertyOp41
 70
     1
102
RTVSPropertyOp42
 70
     1
102
RTVSPropertyOp43
 70
     1
102
RTVSPropertyOp44
 70
     1
102
RTVSPropertyOp45
 70
     1
102
RTVSPropertyOp46
 70
     1
102
RTVSPropertyOp47
 70
     1
102
RTVSPropertyOp48
 70
     1
102
RTVSPropertyOp49
 70
     1
102
RTVSPropertyOp50
 70
     1
102
RTVSPropertyOp51
 70
     0
102
RTVSPropertyOp52
 70
     0
102
RTVSPropertyOp53
 70
     1
102
RTVSPropertyOp54
 70
     1
102
RTVSPropertyOp55
 70
     1
102
RTVSPropertyOp56
 70
     1
102
RTVSPropertyOp57
 70
     1
102
RTVSPropertyOp58
 70
     1
102
RTVSPropertyOp59
 70
     1
102
RTVSPropertyOp60
 70
     1
102
RTVSPropertyOp61
 70
     1
102
RTVSPropertyOp62
 70
     1
  0
XRECORD
  5
33AC
102
{ACAD_REACTORS
330
33AB
102
}
330
33AB
100
AcDbXrecord
280
     1
102
RTVSPost2010Prop28
280
     0
102
RTVSPost2010PropOp28
 70
     1
102
RTVSPost2010Prop29
280
     1
102
RTVSPost2010PropOp29
 70
     1
102
RTVSPost2010Prop30
280
     1
102
RTVSPost2010PropOp30
 70
     1
102
RTVSPost2010Prop31
280
     0
102
RTVSPost2010PropOp31
 70
     1
102
RTVSPost2010Prop32
280
     0
102
RTVSPost2010PropOp32
 70
     1
102
RTVSPost2010Prop33
280
     0
102
RTVSPost2010PropOp33
 70
     1
102
RTVSPost2010Prop34
280
     0
102
RTVSPost2010PropOp34
 70
     1
102
RTVSPost2010Prop35
280
     0
102
RTVSPost2010PropOp35
 70
     1
102
RTVSPost2010Prop36
280
     0
102
RTVSPost2010PropOp36
 70
     1
102
RTVSPost2010Prop37
 90
       50
102
RTVSPost2010PropOp37
 70
     1
102
RTVSPost2010Prop38
140
0.0
102
RTVSPost2010PropOp38
 70
     1
102
RTVSPost2010Prop39
140
1.0
102
RTVSPost2010PropOp39
 70
     1
102
RTVSPost2010Prop40
 90
        0
102
RTVSPost2010PropOp40
 70
     1
102
RTVSPost2010Prop41ColorIndex
 90
       18
102
RTVSPost2010Prop41ColorRGB
 90
        0
102
RTVSPost2010PropOp41
 70
     1
102
RTVSPost2010Prop42
 90
       50
102
RTVSPost2010PropOp42
 70
     1
102
RTVSPost2010Prop43
 90
        3
102
RTVSPost2010PropOp43
 70
     1
102
RTVSPost2010Prop44ColorIndex
 90
        5
102
RTVSPost2010Prop44ColorRGB
 90
      255
102
RTVSPost2010PropOp44
 70
     1
102
RTVSPost2010Prop45
280
     0
102
RTVSPost2010PropOp45
 70
     1
102
RTVSPost2010Prop46
 90
       50
102
RTVSPost2010PropOp46
 70
     1
102
RTVSPost2010Prop47
 90
       50
102
RTVSPost2010PropOp47
 70
     1
102
RTVSPost2010Prop48
 90
       50
102
RTVSPost2010PropOp48
 70
     1
102
RTVSPost2010Prop49
280
     0
102
RTVSPost2010PropOp49
 70
     1
102
RTVSPost2010Prop50
 90
       50
102
RTVSPost2010PropOp50
 70
     1
102
RTVSPost2010Prop51ColorIndex
 90
      256
102
RTVSPost2010Prop51ColorRGB
 90
-16777216
102
RTVSPost2010PropOp51
 70
     0
102
RTVSPost2010Prop52
140
1.0
102
RTVSPost2010PropOp52
 70
     0
102
RTVSPost2010Prop53
 90
        2
102
RTVSPost2010PropOp53
 70
     1
102
RTVSPost2010Prop54
  1
strokes_ogs.tif
102
RTVSPost2010PropOp54
 70
     1
102
RTVSPost2010Prop55
280
     0
102
RTVSPost2010PropOp55
 70
     1
102
RTVSPost2010Prop56
140
1.0
102
RTVSPost2010PropOp56
 70
     1
102
RTVSPost2010Prop57
140
1.0
102
RTVSPost2010PropOp57
 70
     1
102
RTVSPropertyOp0
 70
     1
102
RTVSPropertyOp1
 70
     1
102
RTVSPropertyOp2
 70
     1
102
RTVSPropertyOp3
 70
     1
102
RTVSPropertyOp4
 70
     1
102
RTVSPropertyOp5
 70
     1
102
RTVSPropertyOp6
 70
     1
102
RTVSPropertyOp7
 70
     1
102
RTVSPropertyOp8
 70
     1
102
RTVSPropertyOp9
 70
     1
102
RTVSPropertyOp10
 70
     1
102
RTVSPropertyOp11
 70
     1
102
RTVSPropertyOp12
 70
     1
102
RTVSPropertyOp13
 70
     1
102
RTVSPropertyOp14
 70
     1
102
RTVSPropertyOp15
 70
     1
102
RTVSPropertyOp16
 70
     1
102
RTVSPropertyOp17
 70
     1
102
RTVSPropertyOp18
 70
     1
102
RTVSPropertyOp19
 70
     1
102
RTVSPropertyOp20
 70
     1
102
RTVSPropertyOp21
 70
     1
102
RTVSPropertyOp22
 70
     1
102
RTVSPropertyOp23
 70
     1
102
RTVSPropertyOp24
 70
     1
102
RTVSPropertyOp25
 70
     1
102
RTVSPropertyOp26
 70
     1
102
RTVSPropertyOp27
 70
     1
102
RTVSPropertyOp28
 70
     1
102
RTVSPropertyOp29
 70
     1
102
RTVSPropertyOp30
 70
     1
102
RTVSPropertyOp31
 70
     1
102
RTVSPropertyOp32
 70
     1
102
RTVSPropertyOp33
 70
     1
102
RTVSPropertyOp34
 70
     1
102
RTVSPropertyOp35
 70
     1
102
RTVSPropertyOp36
 70
     1
102
RTVSPropertyOp37
 70
     1
102
RTVSPropertyOp38
 70
     1
102
RTVSPropertyOp39
 70
     1
102
RTVSPropertyOp40
 70
     1
102
RTVSPropertyOp41
 70
     1
102
RTVSPropertyOp42
 70
     1
102
RTVSPropertyOp43
 70
     1
102
RTVSPropertyOp44
 70
     1
102
RTVSPropertyOp45
 70
     1
102
RTVSPropertyOp46
 70
     1
102
RTVSPropertyOp47
 70
     1
102
RTVSPropertyOp48
 70
     1
102
RTVSPropertyOp49
 70
     1
102
RTVSPropertyOp50
 70
     1
102
RTVSPropertyOp51
 70
     0
102
RTVSPropertyOp52
 70
     0
102
RTVSPropertyOp53
 70
     1
102
RTVSPropertyOp54
 70
     1
102
RTVSPropertyOp55
 70
     1
102
RTVSPropertyOp56
 70
     1
102
RTVSPropertyOp57
 70
     1
102
RTVSPropertyOp58
 70
     1
102
RTVSPropertyOp59
 70
     1
102
RTVSPropertyOp60
 70
     1
102
RTVSPropertyOp61
 70
     1
102
RTVSPropertyOp62
 70
     1
  0
XRECORD
  5
33B4
102
{ACAD_REACTORS
330
33B3
102
}
330
33B3
100
AcDbXrecord
280
     1
102
RTVSPost2010Prop28
280
     0
102
RTVSPost2010PropOp28
 70
     1
102
RTVSPost2010Prop29
280
     1
102
RTVSPost2010PropOp29
 70
     1
102
RTVSPost2010Prop30
280
     1
102
RTVSPost2010PropOp30
 70
     1
102
RTVSPost2010Prop31
280
     0
102
RTVSPost2010PropOp31
 70
     1
102
RTVSPost2010Prop32
280
     0
102
RTVSPost2010PropOp32
 70
     1
102
RTVSPost2010Prop33
280
     0
102
RTVSPost2010PropOp33
 70
     1
102
RTVSPost2010Prop34
280
     0
102
RTVSPost2010PropOp34
 70
     1
102
RTVSPost2010Prop35
280
     0
102
RTVSPost2010PropOp35
 70
     1
102
RTVSPost2010Prop36
280
     0
102
RTVSPost2010PropOp36
 70
     1
102
RTVSPost2010Prop37
 90
       50
102
RTVSPost2010PropOp37
 70
     1
102
RTVSPost2010Prop38
140
0.0
102
RTVSPost2010PropOp38
 70
     1
102
RTVSPost2010Prop39
140
1.0
102
RTVSPost2010PropOp39
 70
     1
102
RTVSPost2010Prop40
 90
        0
102
RTVSPost2010PropOp40
 70
     1
102
RTVSPost2010Prop41ColorIndex
 90
       18
102
RTVSPost2010Prop41ColorRGB
 90
        0
102
RTVSPost2010PropOp41
 70
     1
102
RTVSPost2010Prop42
 90
       50
102
RTVSPost2010PropOp42
 70
     1
102
RTVSPost2010Prop43
 90
        3
102
RTVSPost2010PropOp43
 70
     1
102
RTVSPost2010Prop44ColorIndex
 90
        5
102
RTVSPost2010Prop44ColorRGB
 90
      255
102
RTVSPost2010PropOp44
 70
     1
102
RTVSPost2010Prop45
280
     0
102
RTVSPost2010PropOp45
 70
     1
102
RTVSPost2010Prop46
 90
       50
102
RTVSPost2010PropOp46
 70
     1
102
RTVSPost2010Prop47
 90
       50
102
RTVSPost2010PropOp47
 70
     1
102
RTVSPost2010Prop48
 90
       50
102
RTVSPost2010PropOp48
 70
     1
102
RTVSPost2010Prop49
280
     0
102
RTVSPost2010PropOp49
 70
     1
102
RTVSPost2010Prop50
 90
       50
102
RTVSPost2010PropOp50
 70
     1
102
RTVSPost2010Prop51ColorIndex
 90
      256
102
RTVSPost2010Prop51ColorRGB
 90
-16777216
102
RTVSPost2010PropOp51
 70
     0
102
RTVSPost2010Prop52
140
1.0
102
RTVSPost2010PropOp52
 70
     0
102
RTVSPost2010Prop53
 90
        2
102
RTVSPost2010PropOp53
 70
     1
102
RTVSPost2010Prop54
  1
strokes_ogs.tif
102
RTVSPost2010PropOp54
 70
     1
102
RTVSPost2010Prop55
280
     0
102
RTVSPost2010PropOp55
 70
     1
102
RTVSPost2010Prop56
140
1.0
102
RTVSPost2010PropOp56
 70
     1
102
RTVSPost2010Prop57
140
1.0
102
RTVSPost2010PropOp57
 70
     1
102
RTVSPropertyOp0
 70
     1
102
RTVSPropertyOp1
 70
     1
102
RTVSPropertyOp2
 70
     1
102
RTVSPropertyOp3
 70
     1
102
RTVSPropertyOp4
 70
     1
102
RTVSPropertyOp5
 70
     1
102
RTVSPropertyOp6
 70
     1
102
RTVSPropertyOp7
 70
     1
102
RTVSPropertyOp8
 70
     1
102
RTVSPropertyOp9
 70
     1
102
RTVSPropertyOp10
 70
     1
102
RTVSPropertyOp11
 70
     1
102
RTVSPropertyOp12
 70
     1
102
RTVSPropertyOp13
 70
     1
102
RTVSPropertyOp14
 70
     1
102
RTVSPropertyOp15
 70
     1
102
RTVSPropertyOp16
 70
     1
102
RTVSPropertyOp17
 70
     1
102
RTVSPropertyOp18
 70
     1
102
RTVSPropertyOp19
 70
     1
102
RTVSPropertyOp20
 70
     1
102
RTVSPropertyOp21
 70
     1
102
RTVSPropertyOp22
 70
     1
102
RTVSPropertyOp23
 70
     1
102
RTVSPropertyOp24
 70
     1
102
RTVSPropertyOp25
 70
     1
102
RTVSPropertyOp26
 70
     1
102
RTVSPropertyOp27
 70
     1
102
RTVSPropertyOp28
 70
     1
102
RTVSPropertyOp29
 70
     1
102
RTVSPropertyOp30
 70
     1
102
RTVSPropertyOp31
 70
     1
102
RTVSPropertyOp32
 70
     1
102
RTVSPropertyOp33
 70
     1
102
RTVSPropertyOp34
 70
     1
102
RTVSPropertyOp35
 70
     1
102
RTVSPropertyOp36
 70
     1
102
RTVSPropertyOp37
 70
     1
102
RTVSPropertyOp38
 70
     1
102
RTVSPropertyOp39
 70
     1
102
RTVSPropertyOp40
 70
     1
102
RTVSPropertyOp41
 70
     1
102
RTVSPropertyOp42
 70
     1
102
RTVSPropertyOp43
 70
     1
102
RTVSPropertyOp44
 70
     1
102
RTVSPropertyOp45
 70
     1
102
RTVSPropertyOp46
 70
     1
102
RTVSPropertyOp47
 70
     1
102
RTVSPropertyOp48
 70
     1
102
RTVSPropertyOp49
 70
     1
102
RTVSPropertyOp50
 70
     1
102
RTVSPropertyOp51
 70
     0
102
RTVSPropertyOp52
 70
     0
102
RTVSPropertyOp53
 70
     1
102
RTVSPropertyOp54
 70
     1
102
RTVSPropertyOp55
 70
     1
102
RTVSPropertyOp56
 70
     1
102
RTVSPropertyOp57
 70
     1
102
RTVSPropertyOp58
 70
     1
102
RTVSPropertyOp59
 70
     1
102
RTVSPropertyOp60
 70
     1
102
RTVSPropertyOp61
 70
     1
102
RTVSPropertyOp62
 70
     1
  0
XRECORD
  5
33C6
102
{ACAD_REACTORS
330
33C5
102
}
330
33C5
100
AcDbXrecord
280
     1
102
RTVSPost2010Prop28
280
     0
102
RTVSPost2010PropOp28
 70
     1
102
RTVSPost2010Prop29
280
     1
102
RTVSPost2010PropOp29
 70
     1
102
RTVSPost2010Prop30
280
     1
102
RTVSPost2010PropOp30
 70
     1
102
RTVSPost2010Prop31
280
     0
102
RTVSPost2010PropOp31
 70
     1
102
RTVSPost2010Prop32
280
     0
102
RTVSPost2010PropOp32
 70
     1
102
RTVSPost2010Prop33
280
     0
102
RTVSPost2010PropOp33
 70
     1
102
RTVSPost2010Prop34
280
     0
102
RTVSPost2010PropOp34
 70
     1
102
RTVSPost2010Prop35
280
     0
102
RTVSPost2010PropOp35
 70
     1
102
RTVSPost2010Prop36
280
     0
102
RTVSPost2010PropOp36
 70
     1
102
RTVSPost2010Prop37
 90
       50
102
RTVSPost2010PropOp37
 70
     1
102
RTVSPost2010Prop38
140
0.0
102
RTVSPost2010PropOp38
 70
     1
102
RTVSPost2010Prop39
140
1.0
102
RTVSPost2010PropOp39
 70
     1
102
RTVSPost2010Prop40
 90
        0
102
RTVSPost2010PropOp40
 70
     1
102
RTVSPost2010Prop41ColorIndex
 90
       18
102
RTVSPost2010Prop41ColorRGB
 90
        0
102
RTVSPost2010PropOp41
 70
     1
102
RTVSPost2010Prop42
 90
       50
102
RTVSPost2010PropOp42
 70
     1
102
RTVSPost2010Prop43
 90
        3
102
RTVSPost2010PropOp43
 70
     1
102
RTVSPost2010Prop44ColorIndex
 90
        5
102
RTVSPost2010Prop44ColorRGB
 90
      255
102
RTVSPost2010PropOp44
 70
     1
102
RTVSPost2010Prop45
280
     0
102
RTVSPost2010PropOp45
 70
     1
102
RTVSPost2010Prop46
 90
       50
102
RTVSPost2010PropOp46
 70
     1
102
RTVSPost2010Prop47
 90
       50
102
RTVSPost2010PropOp47
 70
     1
102
RTVSPost2010Prop48
 90
       50
102
RTVSPost2010PropOp48
 70
     1
102
RTVSPost2010Prop49
280
     0
102
RTVSPost2010PropOp49
 70
     1
102
RTVSPost2010Prop50
 90
       50
102
RTVSPost2010PropOp50
 70
     1
102
RTVSPost2010Prop51ColorIndex
 90
      256
102
RTVSPost2010Prop51ColorRGB
 90
-16777216
102
RTVSPost2010PropOp51
 70
     0
102
RTVSPost2010Prop52
140
1.0
102
RTVSPost2010PropOp52
 70
     0
102
RTVSPost2010Prop53
 90
        2
102
RTVSPost2010PropOp53
 70
     1
102
RTVSPost2010Prop54
  1
strokes_ogs.tif
102
RTVSPost2010PropOp54
 70
     1
102
RTVSPost2010Prop55
280
     0
102
RTVSPost2010PropOp55
 70
     1
102
RTVSPost2010Prop56
140
1.0
102
RTVSPost2010PropOp56
 70
     1
102
RTVSPost2010Prop57
140
1.0
102
RTVSPost2010PropOp57
 70
     1
102
RTVSPropertyOp0
 70
     0
102
RTVSPropertyOp1
 70
     0
102
RTVSPropertyOp2
 70
     0
102
RTVSPropertyOp3
 70
     0
102
RTVSPropertyOp4
 70
     0
102
RTVSPropertyOp5
 70
     0
102
RTVSPropertyOp6
 70
     0
102
RTVSPropertyOp7
 70
     0
102
RTVSPropertyOp8
 70
     0
102
RTVSPropertyOp9
 70
     0
102
RTVSPropertyOp10
 70
     0
102
RTVSPropertyOp11
 70
     0
102
RTVSPropertyOp12
 70
     0
102
RTVSPropertyOp13
 70
     0
102
RTVSPropertyOp14
 70
     2
102
RTVSPropertyOp15
 70
     0
102
RTVSPropertyOp16
 70
     0
102
RTVSPropertyOp17
 70
     0
102
RTVSPropertyOp18
 70
     0
102
RTVSPropertyOp19
 70
     0
102
RTVSPropertyOp20
 70
     0
102
RTVSPropertyOp21
 70
     0
102
RTVSPropertyOp22
 70
     0
102
RTVSPropertyOp23
 70
     0
102
RTVSPropertyOp24
 70
     0
102
RTVSPropertyOp25
 70
     0
102
RTVSPropertyOp26
 70
     0
102
RTVSPropertyOp27
 70
     0
102
RTVSPropertyOp28
 70
     1
102
RTVSPropertyOp29
 70
     1
102
RTVSPropertyOp30
 70
     1
102
RTVSPropertyOp31
 70
     1
102
RTVSPropertyOp32
 70
     1
102
RTVSPropertyOp33
 70
     1
102
RTVSPropertyOp34
 70
     1
102
RTVSPropertyOp35
 70
     1
102
RTVSPropertyOp36
 70
     1
102
RTVSPropertyOp37
 70
     1
102
RTVSPropertyOp38
 70
     1
102
RTVSPropertyOp39
 70
     1
102
RTVSPropertyOp40
 70
     1
102
RTVSPropertyOp41
 70
     1
102
RTVSPropertyOp42
 70
     1
102
RTVSPropertyOp43
 70
     1
102
RTVSPropertyOp44
 70
     1
102
RTVSPropertyOp45
 70
     1
102
RTVSPropertyOp46
 70
     1
102
RTVSPropertyOp47
 70
     1
102
RTVSPropertyOp48
 70
     1
102
RTVSPropertyOp49
 70
     1
102
RTVSPropertyOp50
 70
     1
102
RTVSPropertyOp51
 70
     0
102
RTVSPropertyOp52
 70
     0
102
RTVSPropertyOp53
 70
     1
102
RTVSPropertyOp54
 70
     1
102
RTVSPropertyOp55
 70
     1
102
RTVSPropertyOp56
 70
     1
102
RTVSPropertyOp57
 70
     1
102
RTVSPropertyOp58
 70
     1
102
RTVSPropertyOp59
 70
     1
102
RTVSPropertyOp60
 70
     1
102
RTVSPropertyOp61
 70
     1
102
RTVSPropertyOp62
 70
     1
  0
XRECORD
  5
33C0
102
{ACAD_REACTORS
330
33BF
102
}
330
33BF
100
AcDbXrecord
280
     1
102
RTVSPost2010Prop28
280
     0
102
RTVSPost2010PropOp28
 70
     1
102
RTVSPost2010Prop29
280
     1
102
RTVSPost2010PropOp29
 70
     1
102
RTVSPost2010Prop30
280
     1
102
RTVSPost2010PropOp30
 70
     1
102
RTVSPost2010Prop31
280
     0
102
RTVSPost2010PropOp31
 70
     1
102
RTVSPost2010Prop32
280
     0
102
RTVSPost2010PropOp32
 70
     1
102
RTVSPost2010Prop33
280
     0
102
RTVSPost2010PropOp33
 70
     1
102
RTVSPost2010Prop34
280
     0
102
RTVSPost2010PropOp34
 70
     1
102
RTVSPost2010Prop35
280
     0
102
RTVSPost2010PropOp35
 70
     1
102
RTVSPost2010Prop36
280
     0
102
RTVSPost2010PropOp36
 70
     1
102
RTVSPost2010Prop37
 90
       50
102
RTVSPost2010PropOp37
 70
     1
102
RTVSPost2010Prop38
140
0.0
102
RTVSPost2010PropOp38
 70
     1
102
RTVSPost2010Prop39
140
1.0
102
RTVSPost2010PropOp39
 70
     1
102
RTVSPost2010Prop40
 90
        0
102
RTVSPost2010PropOp40
 70
     1
102
RTVSPost2010Prop41ColorIndex
 90
       18
102
RTVSPost2010Prop41ColorRGB
 90
        0
102
RTVSPost2010PropOp41
 70
     1
102
RTVSPost2010Prop42
 90
       50
102
RTVSPost2010PropOp42
 70
     1
102
RTVSPost2010Prop43
 90
        3
102
RTVSPost2010PropOp43
 70
     1
102
RTVSPost2010Prop44ColorIndex
 90
        5
102
RTVSPost2010Prop44ColorRGB
 90
      255
102
RTVSPost2010PropOp44
 70
     1
102
RTVSPost2010Prop45
280
     0
102
RTVSPost2010PropOp45
 70
     1
102
RTVSPost2010Prop46
 90
       50
102
RTVSPost2010PropOp46
 70
     1
102
RTVSPost2010Prop47
 90
       50
102
RTVSPost2010PropOp47
 70
     1
102
RTVSPost2010Prop48
 90
       50
102
RTVSPost2010PropOp48
 70
     1
102
RTVSPost2010Prop49
280
     0
102
RTVSPost2010PropOp49
 70
     1
102
RTVSPost2010Prop50
 90
       50
102
RTVSPost2010PropOp50
 70
     1
102
RTVSPost2010Prop51ColorIndex
 90
      256
102
RTVSPost2010Prop51ColorRGB
 90
-16777216
102
RTVSPost2010PropOp51
 70
     0
102
RTVSPost2010Prop52
140
1.0
102
RTVSPost2010PropOp52
 70
     0
102
RTVSPost2010Prop53
 90
        2
102
RTVSPost2010PropOp53
 70
     1
102
RTVSPost2010Prop54
  1
strokes_ogs.tif
102
RTVSPost2010PropOp54
 70
     1
102
RTVSPost2010Prop55
280
     0
102
RTVSPost2010PropOp55
 70
     1
102
RTVSPost2010Prop56
140
1.0
102
RTVSPost2010PropOp56
 70
     1
102
RTVSPost2010Prop57
140
1.0
102
RTVSPost2010PropOp57
 70
     1
102
RTVSPropertyOp0
 70
     1
102
RTVSPropertyOp1
 70
     1
102
RTVSPropertyOp2
 70
     1
102
RTVSPropertyOp3
 70
     1
102
RTVSPropertyOp4
 70
     1
102
RTVSPropertyOp5
 70
     1
102
RTVSPropertyOp6
 70
     1
102
RTVSPropertyOp7
 70
     1
102
RTVSPropertyOp8
 70
     1
102
RTVSPropertyOp9
 70
     1
102
RTVSPropertyOp10
 70
     1
102
RTVSPropertyOp11
 70
     1
102
RTVSPropertyOp12
 70
     1
102
RTVSPropertyOp13
 70
     1
102
RTVSPropertyOp14
 70
     1
102
RTVSPropertyOp15
 70
     1
102
RTVSPropertyOp16
 70
     1
102
RTVSPropertyOp17
 70
     1
102
RTVSPropertyOp18
 70
     1
102
RTVSPropertyOp19
 70
     1
102
RTVSPropertyOp20
 70
     1
102
RTVSPropertyOp21
 70
     1
102
RTVSPropertyOp22
 70
     1
102
RTVSPropertyOp23
 70
     1
102
RTVSPropertyOp24
 70
     1
102
RTVSPropertyOp25
 70
     1
102
RTVSPropertyOp26
 70
     1
102
RTVSPropertyOp27
 70
     1
102
RTVSPropertyOp28
 70
     1
102
RTVSPropertyOp29
 70
     1
102
RTVSPropertyOp30
 70
     1
102
RTVSPropertyOp31
 70
     1
102
RTVSPropertyOp32
 70
     1
102
RTVSPropertyOp33
 70
     1
102
RTVSPropertyOp34
 70
     1
102
RTVSPropertyOp35
 70
     1
102
RTVSPropertyOp36
 70
     1
102
RTVSPropertyOp37
 70
     1
102
RTVSPropertyOp38
 70
     1
102
RTVSPropertyOp39
 70
     1
102
RTVSPropertyOp40
 70
     1
102
RTVSPropertyOp41
 70
     1
102
RTVSPropertyOp42
 70
     1
102
RTVSPropertyOp43
 70
     1
102
RTVSPropertyOp44
 70
     1
102
RTVSPropertyOp45
 70
     1
102
RTVSPropertyOp46
 70
     1
102
RTVSPropertyOp47
 70
     1
102
RTVSPropertyOp48
 70
     1
102
RTVSPropertyOp49
 70
     1
102
RTVSPropertyOp50
 70
     1
102
RTVSPropertyOp51
 70
     0
102
RTVSPropertyOp52
 70
     0
102
RTVSPropertyOp53
 70
     1
102
RTVSPropertyOp54
 70
     1
102
RTVSPropertyOp55
 70
     1
102
RTVSPropertyOp56
 70
     1
102
RTVSPropertyOp57
 70
     1
102
RTVSPropertyOp58
 70
     1
102
RTVSPropertyOp59
 70
     1
102
RTVSPropertyOp60
 70
     1
102
RTVSPropertyOp61
 70
     1
102
RTVSPropertyOp62
 70
     1
  0
XRECORD
  5
33C8
102
{ACAD_REACTORS
330
33C7
102
}
330
33C7
100
AcDbXrecord
280
     1
102
RTVSPost2010Prop28
280
     0
102
RTVSPost2010PropOp28
 70
     1
102
RTVSPost2010Prop29
280
     1
102
RTVSPost2010PropOp29
 70
     1
102
RTVSPost2010Prop30
280
     1
102
RTVSPost2010PropOp30
 70
     1
102
RTVSPost2010Prop31
280
     0
102
RTVSPost2010PropOp31
 70
     1
102
RTVSPost2010Prop32
280
     0
102
RTVSPost2010PropOp32
 70
     1
102
RTVSPost2010Prop33
280
     0
102
RTVSPost2010PropOp33
 70
     1
102
RTVSPost2010Prop34
280
     0
102
RTVSPost2010PropOp34
 70
     1
102
RTVSPost2010Prop35
280
     0
102
RTVSPost2010PropOp35
 70
     1
102
RTVSPost2010Prop36
280
     0
102
RTVSPost2010PropOp36
 70
     1
102
RTVSPost2010Prop37
 90
       50
102
RTVSPost2010PropOp37
 70
     1
102
RTVSPost2010Prop38
140
0.0
102
RTVSPost2010PropOp38
 70
     1
102
RTVSPost2010Prop39
140
1.0
102
RTVSPost2010PropOp39
 70
     1
102
RTVSPost2010Prop40
 90
        0
102
RTVSPost2010PropOp40
 70
     1
102
RTVSPost2010Prop41ColorIndex
 90
       18
102
RTVSPost2010Prop41ColorRGB
 90
        0
102
RTVSPost2010PropOp41
 70
     1
102
RTVSPost2010Prop42
 90
       50
102
RTVSPost2010PropOp42
 70
     1
102
RTVSPost2010Prop43
 90
        3
102
RTVSPost2010PropOp43
 70
     1
102
RTVSPost2010Prop44ColorIndex
 90
        5
102
RTVSPost2010Prop44ColorRGB
 90
      255
102
RTVSPost2010PropOp44
 70
     1
102
RTVSPost2010Prop45
280
     0
102
RTVSPost2010PropOp45
 70
     1
102
RTVSPost2010Prop46
 90
       50
102
RTVSPost2010PropOp46
 70
     1
102
RTVSPost2010Prop47
 90
       50
102
RTVSPost2010PropOp47
 70
     1
102
RTVSPost2010Prop48
 90
       50
102
RTVSPost2010PropOp48
 70
     1
102
RTVSPost2010Prop49
280
     0
102
RTVSPost2010PropOp49
 70
     1
102
RTVSPost2010Prop50
 90
       50
102
RTVSPost2010PropOp50
 70
     1
102
RTVSPost2010Prop51ColorIndex
 90
      256
102
RTVSPost2010Prop51ColorRGB
 90
-16777216
102
RTVSPost2010PropOp51
 70
     0
102
RTVSPost2010Prop52
140
1.0
102
RTVSPost2010PropOp52
 70
     0
102
RTVSPost2010Prop53
 90
        2
102
RTVSPost2010PropOp53
 70
     1
102
RTVSPost2010Prop54
  1
strokes_ogs.tif
102
RTVSPost2010PropOp54
 70
     1
102
RTVSPost2010Prop55
280
     0
102
RTVSPost2010PropOp55
 70
     1
102
RTVSPost2010Prop56
140
1.0
102
RTVSPost2010PropOp56
 70
     1
102
RTVSPost2010Prop57
140
1.0
102
RTVSPost2010PropOp57
 70
     1
102
RTVSPropertyOp0
 70
     0
102
RTVSPropertyOp1
 70
     0
102
RTVSPropertyOp2
 70
     0
102
RTVSPropertyOp3
 70
     0
102
RTVSPropertyOp4
 70
     0
102
RTVSPropertyOp5
 70
     0
102
RTVSPropertyOp6
 70
     0
102
RTVSPropertyOp7
 70
     0
102
RTVSPropertyOp8
 70
     0
102
RTVSPropertyOp9
 70
     0
102
RTVSPropertyOp10
 70
     0
102
RTVSPropertyOp11
 70
     0
102
RTVSPropertyOp12
 70
     0
102
RTVSPropertyOp13
 70
     0
102
RTVSPropertyOp14
 70
     2
102
RTVSPropertyOp15
 70
     0
102
RTVSPropertyOp16
 70
     0
102
RTVSPropertyOp17
 70
     0
102
RTVSPropertyOp18
 70
     0
102
RTVSPropertyOp19
 70
     0
102
RTVSPropertyOp20
 70
     0
102
RTVSPropertyOp21
 70
     0
102
RTVSPropertyOp22
 70
     0
102
RTVSPropertyOp23
 70
     0
102
RTVSPropertyOp24
 70
     0
102
RTVSPropertyOp25
 70
     0
102
RTVSPropertyOp26
 70
     0
102
RTVSPropertyOp27
 70
     0
102
RTVSPropertyOp28
 70
     1
102
RTVSPropertyOp29
 70
     1
102
RTVSPropertyOp30
 70
     1
102
RTVSPropertyOp31
 70
     1
102
RTVSPropertyOp32
 70
     1
102
RTVSPropertyOp33
 70
     1
102
RTVSPropertyOp34
 70
     1
102
RTVSPropertyOp35
 70
     1
102
RTVSPropertyOp36
 70
     1
102
RTVSPropertyOp37
 70
     1
102
RTVSPropertyOp38
 70
     1
102
RTVSPropertyOp39
 70
     1
102
RTVSPropertyOp40
 70
     1
102
RTVSPropertyOp41
 70
     1
102
RTVSPropertyOp42
 70
     1
102
RTVSPropertyOp43
 70
     1
102
RTVSPropertyOp44
 70
     1
102
RTVSPropertyOp45
 70
     1
102
RTVSPropertyOp46
 70
     1
102
RTVSPropertyOp47
 70
     1
102
RTVSPropertyOp48
 70
     1
102
RTVSPropertyOp49
 70
     1
102
RTVSPropertyOp50
 70
     1
102
RTVSPropertyOp51
 70
     0
102
RTVSPropertyOp52
 70
     0
102
RTVSPropertyOp53
 70
     1
102
RTVSPropertyOp54
 70
     1
102
RTVSPropertyOp55
 70
     1
102
RTVSPropertyOp56
 70
     1
102
RTVSPropertyOp57
 70
     1
102
RTVSPropertyOp58
 70
     1
102
RTVSPropertyOp59
 70
     1
102
RTVSPropertyOp60
 70
     1
102
RTVSPropertyOp61
 70
     1
102
RTVSPropertyOp62
 70
     1
  0
XRECORD
  5
33B8
102
{ACAD_REACTORS
330
33B7
102
}
330
33B7
100
AcDbXrecord
280
     1
102
RTVSPost2010Prop28
280
     0
102
RTVSPost2010PropOp28
 70
     1
102
RTVSPost2010Prop29
280
     1
102
RTVSPost2010PropOp29
 70
     1
102
RTVSPost2010Prop30
280
     1
102
RTVSPost2010PropOp30
 70
     1
102
RTVSPost2010Prop31
280
     0
102
RTVSPost2010PropOp31
 70
     1
102
RTVSPost2010Prop32
280
     0
102
RTVSPost2010PropOp32
 70
     1
102
RTVSPost2010Prop33
280
     0
102
RTVSPost2010PropOp33
 70
     1
102
RTVSPost2010Prop34
280
     0
102
RTVSPost2010PropOp34
 70
     1
102
RTVSPost2010Prop35
280
     0
102
RTVSPost2010PropOp35
 70
     1
102
RTVSPost2010Prop36
280
     0
102
RTVSPost2010PropOp36
 70
     1
102
RTVSPost2010Prop37
 90
       50
102
RTVSPost2010PropOp37
 70
     1
102
RTVSPost2010Prop38
140
0.0
102
RTVSPost2010PropOp38
 70
     1
102
RTVSPost2010Prop39
140
1.0
102
RTVSPost2010PropOp39
 70
     1
102
RTVSPost2010Prop40
 90
        0
102
RTVSPost2010PropOp40
 70
     1
102
RTVSPost2010Prop41ColorIndex
 90
       18
102
RTVSPost2010Prop41ColorRGB
 90
        0
102
RTVSPost2010PropOp41
 70
     1
102
RTVSPost2010Prop42
 90
       50
102
RTVSPost2010PropOp42
 70
     1
102
RTVSPost2010Prop43
 90
        3
102
RTVSPost2010PropOp43
 70
     1
102
RTVSPost2010Prop44ColorIndex
 90
        5
102
RTVSPost2010Prop44ColorRGB
 90
      255
102
RTVSPost2010PropOp44
 70
     1
102
RTVSPost2010Prop45
280
     0
102
RTVSPost2010PropOp45
 70
     1
102
RTVSPost2010Prop46
 90
       50
102
RTVSPost2010PropOp46
 70
     1
102
RTVSPost2010Prop47
 90
       50
102
RTVSPost2010PropOp47
 70
     1
102
RTVSPost2010Prop48
 90
       50
102
RTVSPost2010PropOp48
 70
     1
102
RTVSPost2010Prop49
280
     0
102
RTVSPost2010PropOp49
 70
     1
102
RTVSPost2010Prop50
 90
       50
102
RTVSPost2010PropOp50
 70
     1
102
RTVSPost2010Prop51ColorIndex
 90
      256
102
RTVSPost2010Prop51ColorRGB
 90
-16777216
102
RTVSPost2010PropOp51
 70
     0
102
RTVSPost2010Prop52
140
1.0
102
RTVSPost2010PropOp52
 70
     0
102
RTVSPost2010Prop53
 90
        2
102
RTVSPost2010PropOp53
 70
     1
102
RTVSPost2010Prop54
  1
strokes_ogs.tif
102
RTVSPost2010PropOp54
 70
     1
102
RTVSPost2010Prop55
280
     0
102
RTVSPost2010PropOp55
 70
     1
102
RTVSPost2010Prop56
140
1.0
102
RTVSPost2010PropOp56
 70
     1
102
RTVSPost2010Prop57
140
1.0
102
RTVSPost2010PropOp57
 70
     1
102
RTVSPropertyOp0
 70
     1
102
RTVSPropertyOp1
 70
     1
102
RTVSPropertyOp2
 70
     1
102
RTVSPropertyOp3
 70
     1
102
RTVSPropertyOp4
 70
     1
102
RTVSPropertyOp5
 70
     1
102
RTVSPropertyOp6
 70
     1
102
RTVSPropertyOp7
 70
     1
102
RTVSPropertyOp8
 70
     1
102
RTVSPropertyOp9
 70
     1
102
RTVSPropertyOp10
 70
     1
102
RTVSPropertyOp11
 70
     1
102
RTVSPropertyOp12
 70
     1
102
RTVSPropertyOp13
 70
     1
102
RTVSPropertyOp14
 70
     1
102
RTVSPropertyOp15
 70
     1
102
RTVSPropertyOp16
 70
     1
102
RTVSPropertyOp17
 70
     1
102
RTVSPropertyOp18
 70
     1
102
RTVSPropertyOp19
 70
     1
102
RTVSPropertyOp20
 70
     1
102
RTVSPropertyOp21
 70
     1
102
RTVSPropertyOp22
 70
     1
102
RTVSPropertyOp23
 70
     1
102
RTVSPropertyOp24
 70
     1
102
RTVSPropertyOp25
 70
     1
102
RTVSPropertyOp26
 70
     1
102
RTVSPropertyOp27
 70
     1
102
RTVSPropertyOp28
 70
     1
102
RTVSPropertyOp29
 70
     1
102
RTVSPropertyOp30
 70
     1
102
RTVSPropertyOp31
 70
     1
102
RTVSPropertyOp32
 70
     1
102
RTVSPropertyOp33
 70
     1
102
RTVSPropertyOp34
 70
     1
102
RTVSPropertyOp35
 70
     1
102
RTVSPropertyOp36
 70
     1
102
RTVSPropertyOp37
 70
     1
102
RTVSPropertyOp38
 70
     1
102
RTVSPropertyOp39
 70
     1
102
RTVSPropertyOp40
 70
     1
102
RTVSPropertyOp41
 70
     1
102
RTVSPropertyOp42
 70
     1
102
RTVSPropertyOp43
 70
     1
102
RTVSPropertyOp44
 70
     1
102
RTVSPropertyOp45
 70
     1
102
RTVSPropertyOp46
 70
     1
102
RTVSPropertyOp47
 70
     1
102
RTVSPropertyOp48
 70
     1
102
RTVSPropertyOp49
 70
     1
102
RTVSPropertyOp50
 70
     1
102
RTVSPropertyOp51
 70
     0
102
RTVSPropertyOp52
 70
     0
102
RTVSPropertyOp53
 70
     1
102
RTVSPropertyOp54
 70
     1
102
RTVSPropertyOp55
 70
     1
102
RTVSPropertyOp56
 70
     1
102
RTVSPropertyOp57
 70
     1
102
RTVSPropertyOp58
 70
     1
102
RTVSPropertyOp59
 70
     1
102
RTVSPropertyOp60
 70
     1
102
RTVSPropertyOp61
 70
     1
102
RTVSPropertyOp62
 70
     1
  0
XRECORD
  5
33D4
102
{ACAD_REACTORS
330
33D3
102
}
330
33D3
100
AcDbXrecord
280
     1
102
RTVSPost2010Prop28
280
     0
102
RTVSPost2010PropOp28
 70
     1
102
RTVSPost2010Prop29
280
     1
102
RTVSPost2010PropOp29
 70
     1
102
RTVSPost2010Prop30
280
     1
102
RTVSPost2010PropOp30
 70
     1
102
RTVSPost2010Prop31
280
     0
102
RTVSPost2010PropOp31
 70
     1
102
RTVSPost2010Prop32
280
     0
102
RTVSPost2010PropOp32
 70
     1
102
RTVSPost2010Prop33
280
     0
102
RTVSPost2010PropOp33
 70
     1
102
RTVSPost2010Prop34
280
     0
102
RTVSPost2010PropOp34
 70
     1
102
RTVSPost2010Prop35
280
     0
102
RTVSPost2010PropOp35
 70
     1
102
RTVSPost2010Prop36
280
     0
102
RTVSPost2010PropOp36
 70
     1
102
RTVSPost2010Prop37
 90
       50
102
RTVSPost2010PropOp37
 70
     1
102
RTVSPost2010Prop38
140
0.0
102
RTVSPost2010PropOp38
 70
     1
102
RTVSPost2010Prop39
140
1.0
102
RTVSPost2010PropOp39
 70
     1
102
RTVSPost2010Prop40
 90
        0
102
RTVSPost2010PropOp40
 70
     1
102
RTVSPost2010Prop41ColorIndex
 90
       18
102
RTVSPost2010Prop41ColorRGB
 90
        0
102
RTVSPost2010PropOp41
 70
     1
102
RTVSPost2010Prop42
 90
       50
102
RTVSPost2010PropOp42
 70
     1
102
RTVSPost2010Prop43
 90
        3
102
RTVSPost2010PropOp43
 70
     1
102
RTVSPost2010Prop44ColorIndex
 90
        5
102
RTVSPost2010Prop44ColorRGB
 90
      255
102
RTVSPost2010PropOp44
 70
     1
102
RTVSPost2010Prop45
280
     0
102
RTVSPost2010PropOp45
 70
     1
102
RTVSPost2010Prop46
 90
       50
102
RTVSPost2010PropOp46
 70
     1
102
RTVSPost2010Prop47
 90
       50
102
RTVSPost2010PropOp47
 70
     1
102
RTVSPost2010Prop48
 90
       50
102
RTVSPost2010PropOp48
 70
     1
102
RTVSPost2010Prop49
280
     0
102
RTVSPost2010PropOp49
 70
     1
102
RTVSPost2010Prop50
 90
       50
102
RTVSPost2010PropOp50
 70
     1
102
RTVSPost2010Prop51ColorIndex
 90
      256
102
RTVSPost2010Prop51ColorRGB
 90
-16777216
102
RTVSPost2010PropOp51
 70
     0
102
RTVSPost2010Prop52
140
1.0
102
RTVSPost2010PropOp52
 70
     0
102
RTVSPost2010Prop53
 90
        2
102
RTVSPost2010PropOp53
 70
     1
102
RTVSPost2010Prop54
  1
strokes_ogs.tif
102
RTVSPost2010PropOp54
 70
     1
102
RTVSPost2010Prop55
280
     0
102
RTVSPost2010PropOp55
 70
     1
102
RTVSPost2010Prop56
140
1.0
102
RTVSPost2010PropOp56
 70
     1
102
RTVSPost2010Prop57
140
1.0
102
RTVSPost2010PropOp57
 70
     1
102
RTVSPropertyOp0
 70
     1
102
RTVSPropertyOp1
 70
     1
102
RTVSPropertyOp2
 70
     1
102
RTVSPropertyOp3
 70
     1
102
RTVSPropertyOp4
 70
     1
102
RTVSPropertyOp5
 70
     1
102
RTVSPropertyOp6
 70
     1
102
RTVSPropertyOp7
 70
     1
102
RTVSPropertyOp8
 70
     1
102
RTVSPropertyOp9
 70
     1
102
RTVSPropertyOp10
 70
     1
102
RTVSPropertyOp11
 70
     1
102
RTVSPropertyOp12
 70
     1
102
RTVSPropertyOp13
 70
     1
102
RTVSPropertyOp14
 70
     1
102
RTVSPropertyOp15
 70
     1
102
RTVSPropertyOp16
 70
     1
102
RTVSPropertyOp17
 70
     1
102
RTVSPropertyOp18
 70
     1
102
RTVSPropertyOp19
 70
     1
102
RTVSPropertyOp20
 70
     1
102
RTVSPropertyOp21
 70
     1
102
RTVSPropertyOp22
 70
     1
102
RTVSPropertyOp23
 70
     1
102
RTVSPropertyOp24
 70
     1
102
RTVSPropertyOp25
 70
     1
102
RTVSPropertyOp26
 70
     1
102
RTVSPropertyOp27
 70
     1
102
RTVSPropertyOp28
 70
     1
102
RTVSPropertyOp29
 70
     1
102
RTVSPropertyOp30
 70
     1
102
RTVSPropertyOp31
 70
     1
102
RTVSPropertyOp32
 70
     1
102
RTVSPropertyOp33
 70
     1
102
RTVSPropertyOp34
 70
     1
102
RTVSPropertyOp35
 70
     1
102
RTVSPropertyOp36
 70
     1
102
RTVSPropertyOp37
 70
     1
102
RTVSPropertyOp38
 70
     1
102
RTVSPropertyOp39
 70
     1
102
RTVSPropertyOp40
 70
     1
102
RTVSPropertyOp41
 70
     1
102
RTVSPropertyOp42
 70
     1
102
RTVSPropertyOp43
 70
     1
102
RTVSPropertyOp44
 70
     1
102
RTVSPropertyOp45
 70
     1
102
RTVSPropertyOp46
 70
     1
102
RTVSPropertyOp47
 70
     1
102
RTVSPropertyOp48
 70
     1
102
RTVSPropertyOp49
 70
     1
102
RTVSPropertyOp50
 70
     1
102
RTVSPropertyOp51
 70
     0
102
RTVSPropertyOp52
 70
     0
102
RTVSPropertyOp53
 70
     1
102
RTVSPropertyOp54
 70
     1
102
RTVSPropertyOp55
 70
     1
102
RTVSPropertyOp56
 70
     1
102
RTVSPropertyOp57
 70
     1
102
RTVSPropertyOp58
 70
     1
102
RTVSPropertyOp59
 70
     1
102
RTVSPropertyOp60
 70
     1
102
RTVSPropertyOp61
 70
     1
102
RTVSPropertyOp62
 70
     1
  0
XRECORD
  5
33D2
102
{ACAD_REACTORS
330
33D1
102
}
330
33D1
100
AcDbXrecord
280
     1
102
RTVSPost2010Prop28
280
     0
102
RTVSPost2010PropOp28
 70
     1
102
RTVSPost2010Prop29
280
     1
102
RTVSPost2010PropOp29
 70
     1
102
RTVSPost2010Prop30
280
     1
102
RTVSPost2010PropOp30
 70
     1
102
RTVSPost2010Prop31
280
     0
102
RTVSPost2010PropOp31
 70
     1
102
RTVSPost2010Prop32
280
     0
102
RTVSPost2010PropOp32
 70
     1
102
RTVSPost2010Prop33
280
     0
102
RTVSPost2010PropOp33
 70
     1
102
RTVSPost2010Prop34
280
     0
102
RTVSPost2010PropOp34
 70
     1
102
RTVSPost2010Prop35
280
     0
102
RTVSPost2010PropOp35
 70
     1
102
RTVSPost2010Prop36
280
     0
102
RTVSPost2010PropOp36
 70
     1
102
RTVSPost2010Prop37
 90
       50
102
RTVSPost2010PropOp37
 70
     1
102
RTVSPost2010Prop38
140
0.0
102
RTVSPost2010PropOp38
 70
     1
102
RTVSPost2010Prop39
140
1.0
102
RTVSPost2010PropOp39
 70
     1
102
RTVSPost2010Prop40
 90
        0
102
RTVSPost2010PropOp40
 70
     1
102
RTVSPost2010Prop41ColorIndex
 90
       18
102
RTVSPost2010Prop41ColorRGB
 90
        0
102
RTVSPost2010PropOp41
 70
     1
102
RTVSPost2010Prop42
 90
       50
102
RTVSPost2010PropOp42
 70
     1
102
RTVSPost2010Prop43
 90
        3
102
RTVSPost2010PropOp43
 70
     1
102
RTVSPost2010Prop44ColorIndex
 90
        5
102
RTVSPost2010Prop44ColorRGB
 90
      255
102
RTVSPost2010PropOp44
 70
     1
102
RTVSPost2010Prop45
280
     0
102
RTVSPost2010PropOp45
 70
     1
102
RTVSPost2010Prop46
 90
       50
102
RTVSPost2010PropOp46
 70
     1
102
RTVSPost2010Prop47
 90
       50
102
RTVSPost2010PropOp47
 70
     1
102
RTVSPost2010Prop48
 90
       50
102
RTVSPost2010PropOp48
 70
     1
102
RTVSPost2010Prop49
280
     0
102
RTVSPost2010PropOp49
 70
     1
102
RTVSPost2010Prop50
 90
       50
102
RTVSPost2010PropOp50
 70
     1
102
RTVSPost2010Prop51ColorIndex
 90
      256
102
RTVSPost2010Prop51ColorRGB
 90
-16777216
102
RTVSPost2010PropOp51
 70
     0
102
RTVSPost2010Prop52
140
1.0
102
RTVSPost2010PropOp52
 70
     0
102
RTVSPost2010Prop53
 90
        2
102
RTVSPost2010PropOp53
 70
     1
102
RTVSPost2010Prop54
  1
strokes_ogs.tif
102
RTVSPost2010PropOp54
 70
     1
102
RTVSPost2010Prop55
280
     0
102
RTVSPost2010PropOp55
 70
     1
102
RTVSPost2010Prop56
140
1.0
102
RTVSPost2010PropOp56
 70
     1
102
RTVSPost2010Prop57
140
1.0
102
RTVSPost2010PropOp57
 70
     1
102
RTVSPropertyOp0
 70
     1
102
RTVSPropertyOp1
 70
     1
102
RTVSPropertyOp2
 70
     1
102
RTVSPropertyOp3
 70
     1
102
RTVSPropertyOp4
 70
     1
102
RTVSPropertyOp5
 70
     1
102
RTVSPropertyOp6
 70
     1
102
RTVSPropertyOp7
 70
     1
102
RTVSPropertyOp8
 70
     1
102
RTVSPropertyOp9
 70
     1
102
RTVSPropertyOp10
 70
     1
102
RTVSPropertyOp11
 70
     1
102
RTVSPropertyOp12
 70
     1
102
RTVSPropertyOp13
 70
     1
102
RTVSPropertyOp14
 70
     1
102
RTVSPropertyOp15
 70
     1
102
RTVSPropertyOp16
 70
     1
102
RTVSPropertyOp17
 70
     1
102
RTVSPropertyOp18
 70
     1
102
RTVSPropertyOp19
 70
     1
102
RTVSPropertyOp20
 70
     1
102
RTVSPropertyOp21
 70
     1
102
RTVSPropertyOp22
 70
     1
102
RTVSPropertyOp23
 70
     1
102
RTVSPropertyOp24
 70
     1
102
RTVSPropertyOp25
 70
     1
102
RTVSPropertyOp26
 70
     1
102
RTVSPropertyOp27
 70
     1
102
RTVSPropertyOp28
 70
     1
102
RTVSPropertyOp29
 70
     1
102
RTVSPropertyOp30
 70
     1
102
RTVSPropertyOp31
 70
     1
102
RTVSPropertyOp32
 70
     1
102
RTVSPropertyOp33
 70
     1
102
RTVSPropertyOp34
 70
     1
102
RTVSPropertyOp35
 70
     1
102
RTVSPropertyOp36
 70
     1
102
RTVSPropertyOp37
 70
     1
102
RTVSPropertyOp38
 70
     1
102
RTVSPropertyOp39
 70
     1
102
RTVSPropertyOp40
 70
     1
102
RTVSPropertyOp41
 70
     1
102
RTVSPropertyOp42
 70
     1
102
RTVSPropertyOp43
 70
     1
102
RTVSPropertyOp44
 70
     1
102
RTVSPropertyOp45
 70
     1
102
RTVSPropertyOp46
 70
     1
102
RTVSPropertyOp47
 70
     1
102
RTVSPropertyOp48
 70
     1
102
RTVSPropertyOp49
 70
     1
102
RTVSPropertyOp50
 70
     1
102
RTVSPropertyOp51
 70
     0
102
RTVSPropertyOp52
 70
     0
102
RTVSPropertyOp53
 70
     1
102
RTVSPropertyOp54
 70
     1
102
RTVSPropertyOp55
 70
     1
102
RTVSPropertyOp56
 70
     1
102
RTVSPropertyOp57
 70
     1
102
RTVSPropertyOp58
 70
     1
102
RTVSPropertyOp59
 70
     1
102
RTVSPropertyOp60
 70
     1
102
RTVSPropertyOp61
 70
     1
102
RTVSPropertyOp62
 70
     1
  0
XRECORD
  5
33CC
102
{ACAD_REACTORS
330
33CB
102
}
330
33CB
100
AcDbXrecord
280
     1
102
RTVSPost2010Prop28
280
     0
102
RTVSPost2010PropOp28
 70
     1
102
RTVSPost2010Prop29
280
     1
102
RTVSPost2010PropOp29
 70
     1
102
RTVSPost2010Prop30
280
     1
102
RTVSPost2010PropOp30
 70
     1
102
RTVSPost2010Prop31
280
     0
102
RTVSPost2010PropOp31
 70
     1
102
RTVSPost2010Prop32
280
     0
102
RTVSPost2010PropOp32
 70
     1
102
RTVSPost2010Prop33
280
     0
102
RTVSPost2010PropOp33
 70
     1
102
RTVSPost2010Prop34
280
     0
102
RTVSPost2010PropOp34
 70
     1
102
RTVSPost2010Prop35
280
     0
102
RTVSPost2010PropOp35
 70
     1
102
RTVSPost2010Prop36
280
     0
102
RTVSPost2010PropOp36
 70
     1
102
RTVSPost2010Prop37
 90
       50
102
RTVSPost2010PropOp37
 70
     1
102
RTVSPost2010Prop38
140
0.0
102
RTVSPost2010PropOp38
 70
     1
102
RTVSPost2010Prop39
140
1.0
102
RTVSPost2010PropOp39
 70
     1
102
RTVSPost2010Prop40
 90
        0
102
RTVSPost2010PropOp40
 70
     1
102
RTVSPost2010Prop41ColorIndex
 90
       18
102
RTVSPost2010Prop41ColorRGB
 90
        0
102
RTVSPost2010PropOp41
 70
     1
102
RTVSPost2010Prop42
 90
       50
102
RTVSPost2010PropOp42
 70
     1
102
RTVSPost2010Prop43
 90
        3
102
RTVSPost2010PropOp43
 70
     1
102
RTVSPost2010Prop44ColorIndex
 90
        5
102
RTVSPost2010Prop44ColorRGB
 90
      255
102
RTVSPost2010PropOp44
 70
     1
102
RTVSPost2010Prop45
280
     0
102
RTVSPost2010PropOp45
 70
     1
102
RTVSPost2010Prop46
 90
       50
102
RTVSPost2010PropOp46
 70
     1
102
RTVSPost2010Prop47
 90
       50
102
RTVSPost2010PropOp47
 70
     1
102
RTVSPost2010Prop48
 90
       50
102
RTVSPost2010PropOp48
 70
     1
102
RTVSPost2010Prop49
280
     0
102
RTVSPost2010PropOp49
 70
     1
102
RTVSPost2010Prop50
 90
       50
102
RTVSPost2010PropOp50
 70
     1
102
RTVSPost2010Prop51ColorIndex
 90
      256
102
RTVSPost2010Prop51ColorRGB
 90
-16777216
102
RTVSPost2010PropOp51
 70
     0
102
RTVSPost2010Prop52
140
1.0
102
RTVSPost2010PropOp52
 70
     0
102
RTVSPost2010Prop53
 90
        2
102
RTVSPost2010PropOp53
 70
     1
102
RTVSPost2010Prop54
  1
strokes_ogs.tif
102
RTVSPost2010PropOp54
 70
     1
102
RTVSPost2010Prop55
280
     0
102
RTVSPost2010PropOp55
 70
     1
102
RTVSPost2010Prop56
140
1.0
102
RTVSPost2010PropOp56
 70
     1
102
RTVSPost2010Prop57
140
1.0
102
RTVSPost2010PropOp57
 70
     1
102
RTVSPropertyOp0
 70
     1
102
RTVSPropertyOp1
 70
     1
102
RTVSPropertyOp2
 70
     1
102
RTVSPropertyOp3
 70
     1
102
RTVSPropertyOp4
 70
     1
102
RTVSPropertyOp5
 70
     1
102
RTVSPropertyOp6
 70
     1
102
RTVSPropertyOp7
 70
     1
102
RTVSPropertyOp8
 70
     1
102
RTVSPropertyOp9
 70
     1
102
RTVSPropertyOp10
 70
     1
102
RTVSPropertyOp11
 70
     1
102
RTVSPropertyOp12
 70
     1
102
RTVSPropertyOp13
 70
     1
102
RTVSPropertyOp14
 70
     1
102
RTVSPropertyOp15
 70
     1
102
RTVSPropertyOp16
 70
     1
102
RTVSPropertyOp17
 70
     1
102
RTVSPropertyOp18
 70
     1
102
RTVSPropertyOp19
 70
     1
102
RTVSPropertyOp20
 70
     1
102
RTVSPropertyOp21
 70
     1
102
RTVSPropertyOp22
 70
     1
102
RTVSPropertyOp23
 70
     1
102
RTVSPropertyOp24
 70
     1
102
RTVSPropertyOp25
 70
     1
102
RTVSPropertyOp26
 70
     1
102
RTVSPropertyOp27
 70
     1
102
RTVSPropertyOp28
 70
     1
102
RTVSPropertyOp29
 70
     1
102
RTVSPropertyOp30
 70
     1
102
RTVSPropertyOp31
 70
     1
102
RTVSPropertyOp32
 70
     1
102
RTVSPropertyOp33
 70
     1
102
RTVSPropertyOp34
 70
     1
102
RTVSPropertyOp35
 70
     1
102
RTVSPropertyOp36
 70
     1
102
RTVSPropertyOp37
 70
     1
102
RTVSPropertyOp38
 70
     1
102
RTVSPropertyOp39
 70
     1
102
RTVSPropertyOp40
 70
     1
102
RTVSPropertyOp41
 70
     1
102
RTVSPropertyOp42
 70
     1
102
RTVSPropertyOp43
 70
     1
102
RTVSPropertyOp44
 70
     1
102
RTVSPropertyOp45
 70
     1
102
RTVSPropertyOp46
 70
     1
102
RTVSPropertyOp47
 70
     1
102
RTVSPropertyOp48
 70
     1
102
RTVSPropertyOp49
 70
     1
102
RTVSPropertyOp50
 70
     1
102
RTVSPropertyOp51
 70
     0
102
RTVSPropertyOp52
 70
     0
102
RTVSPropertyOp53
 70
     1
102
RTVSPropertyOp54
 70
     1
102
RTVSPropertyOp55
 70
     1
102
RTVSPropertyOp56
 70
     1
102
RTVSPropertyOp57
 70
     1
102
RTVSPropertyOp58
 70
     1
102
RTVSPropertyOp59
 70
     1
102
RTVSPropertyOp60
 70
     1
102
RTVSPropertyOp61
 70
     1
102
RTVSPropertyOp62
 70
     1
  0
XRECORD
  5
33CE
102
{ACAD_REACTORS
330
33CD
102
}
330
33CD
100
AcDbXrecord
280
     1
102
RTVSPost2010Prop28
280
     0
102
RTVSPost2010PropOp28
 70
     1
102
RTVSPost2010Prop29
280
     1
102
RTVSPost2010PropOp29
 70
     1
102
RTVSPost2010Prop30
280
     1
102
RTVSPost2010PropOp30
 70
     1
102
RTVSPost2010Prop31
280
     0
102
RTVSPost2010PropOp31
 70
     1
102
RTVSPost2010Prop32
280
     0
102
RTVSPost2010PropOp32
 70
     1
102
RTVSPost2010Prop33
280
     0
102
RTVSPost2010PropOp33
 70
     1
102
RTVSPost2010Prop34
280
     0
102
RTVSPost2010PropOp34
 70
     1
102
RTVSPost2010Prop35
280
     0
102
RTVSPost2010PropOp35
 70
     1
102
RTVSPost2010Prop36
280
     0
102
RTVSPost2010PropOp36
 70
     1
102
RTVSPost2010Prop37
 90
       50
102
RTVSPost2010PropOp37
 70
     1
102
RTVSPost2010Prop38
140
0.0
102
RTVSPost2010PropOp38
 70
     1
102
RTVSPost2010Prop39
140
1.0
102
RTVSPost2010PropOp39
 70
     1
102
RTVSPost2010Prop40
 90
        0
102
RTVSPost2010PropOp40
 70
     1
102
RTVSPost2010Prop41ColorIndex
 90
       18
102
RTVSPost2010Prop41ColorRGB
 90
        0
102
RTVSPost2010PropOp41
 70
     1
102
RTVSPost2010Prop42
 90
       50
102
RTVSPost2010PropOp42
 70
     1
102
RTVSPost2010Prop43
 90
        3
102
RTVSPost2010PropOp43
 70
     1
102
RTVSPost2010Prop44ColorIndex
 90
        5
102
RTVSPost2010Prop44ColorRGB
 90
      255
102
RTVSPost2010PropOp44
 70
     1
102
RTVSPost2010Prop45
280
     0
102
RTVSPost2010PropOp45
 70
     1
102
RTVSPost2010Prop46
 90
       50
102
RTVSPost2010PropOp46
 70
     1
102
RTVSPost2010Prop47
 90
       50
102
RTVSPost2010PropOp47
 70
     1
102
RTVSPost2010Prop48
 90
       50
102
RTVSPost2010PropOp48
 70
     1
102
RTVSPost2010Prop49
280
     0
102
RTVSPost2010PropOp49
 70
     1
102
RTVSPost2010Prop50
 90
       50
102
RTVSPost2010PropOp50
 70
     1
102
RTVSPost2010Prop51ColorIndex
 90
      256
102
RTVSPost2010Prop51ColorRGB
 90
-16777216
102
RTVSPost2010PropOp51
 70
     0
102
RTVSPost2010Prop52
140
1.0
102
RTVSPost2010PropOp52
 70
     0
102
RTVSPost2010Prop53
 90
        2
102
RTVSPost2010PropOp53
 70
     1
102
RTVSPost2010Prop54
  1
strokes_ogs.tif
102
RTVSPost2010PropOp54
 70
     1
102
RTVSPost2010Prop55
280
     0
102
RTVSPost2010PropOp55
 70
     1
102
RTVSPost2010Prop56
140
1.0
102
RTVSPost2010PropOp56
 70
     1
102
RTVSPost2010Prop57
140
1.0
102
RTVSPost2010PropOp57
 70
     1
102
RTVSPropertyOp0
 70
     1
102
RTVSPropertyOp1
 70
     1
102
RTVSPropertyOp2
 70
     1
102
RTVSPropertyOp3
 70
     1
102
RTVSPropertyOp4
 70
     1
102
RTVSPropertyOp5
 70
     1
102
RTVSPropertyOp6
 70
     1
102
RTVSPropertyOp7
 70
     1
102
RTVSPropertyOp8
 70
     1
102
RTVSPropertyOp9
 70
     1
102
RTVSPropertyOp10
 70
     1
102
RTVSPropertyOp11
 70
     1
102
RTVSPropertyOp12
 70
     1
102
RTVSPropertyOp13
 70
     1
102
RTVSPropertyOp14
 70
     1
102
RTVSPropertyOp15
 70
     1
102
RTVSPropertyOp16
 70
     1
102
RTVSPropertyOp17
 70
     1
102
RTVSPropertyOp18
 70
     1
102
RTVSPropertyOp19
 70
     1
102
RTVSPropertyOp20
 70
     1
102
RTVSPropertyOp21
 70
     1
102
RTVSPropertyOp22
 70
     1
102
RTVSPropertyOp23
 70
     1
102
RTVSPropertyOp24
 70
     1
102
RTVSPropertyOp25
 70
     1
102
RTVSPropertyOp26
 70
     1
102
RTVSPropertyOp27
 70
     1
102
RTVSPropertyOp28
 70
     1
102
RTVSPropertyOp29
 70
     1
102
RTVSPropertyOp30
 70
     1
102
RTVSPropertyOp31
 70
     1
102
RTVSPropertyOp32
 70
     1
102
RTVSPropertyOp33
 70
     1
102
RTVSPropertyOp34
 70
     1
102
RTVSPropertyOp35
 70
     1
102
RTVSPropertyOp36
 70
     1
102
RTVSPropertyOp37
 70
     1
102
RTVSPropertyOp38
 70
     1
102
RTVSPropertyOp39
 70
     1
102
RTVSPropertyOp40
 70
     1
102
RTVSPropertyOp41
 70
     1
102
RTVSPropertyOp42
 70
     1
102
RTVSPropertyOp43
 70
     1
102
RTVSPropertyOp44
 70
     1
102
RTVSPropertyOp45
 70
     1
102
RTVSPropertyOp46
 70
     1
102
RTVSPropertyOp47
 70
     1
102
RTVSPropertyOp48
 70
     1
102
RTVSPropertyOp49
 70
     1
102
RTVSPropertyOp50
 70
     1
102
RTVSPropertyOp51
 70
     0
102
RTVSPropertyOp52
 70
     0
102
RTVSPropertyOp53
 70
     1
102
RTVSPropertyOp54
 70
     1
102
RTVSPropertyOp55
 70
     1
102
RTVSPropertyOp56
 70
     1
102
RTVSPropertyOp57
 70
     1
102
RTVSPropertyOp58
 70
     1
102
RTVSPropertyOp59
 70
     1
102
RTVSPropertyOp60
 70
     1
102
RTVSPropertyOp61
 70
     1
102
RTVSPropertyOp62
 70
     1
  0
XRECORD
  5
33BE
102
{ACAD_REACTORS
330
33BD
102
}
330
33BD
100
AcDbXrecord
280
     1
102
RTVSPost2010Prop28
280
     0
102
RTVSPost2010PropOp28
 70
     1
102
RTVSPost2010Prop29
280
     1
102
RTVSPost2010PropOp29
 70
     1
102
RTVSPost2010Prop30
280
     1
102
RTVSPost2010PropOp30
 70
     1
102
RTVSPost2010Prop31
280
     0
102
RTVSPost2010PropOp31
 70
     1
102
RTVSPost2010Prop32
280
     0
102
RTVSPost2010PropOp32
 70
     1
102
RTVSPost2010Prop33
280
     0
102
RTVSPost2010PropOp33
 70
     1
102
RTVSPost2010Prop34
280
     0
102
RTVSPost2010PropOp34
 70
     1
102
RTVSPost2010Prop35
280
     0
102
RTVSPost2010PropOp35
 70
     1
102
RTVSPost2010Prop36
280
     0
102
RTVSPost2010PropOp36
 70
     1
102
RTVSPost2010Prop37
 90
       50
102
RTVSPost2010PropOp37
 70
     1
102
RTVSPost2010Prop38
140
0.0
102
RTVSPost2010PropOp38
 70
     1
102
RTVSPost2010Prop39
140
1.0
102
RTVSPost2010PropOp39
 70
     1
102
RTVSPost2010Prop40
 90
        0
102
RTVSPost2010PropOp40
 70
     1
102
RTVSPost2010Prop41ColorIndex
 90
       18
102
RTVSPost2010Prop41ColorRGB
 90
        0
102
RTVSPost2010PropOp41
 70
     1
102
RTVSPost2010Prop42
 90
       50
102
RTVSPost2010PropOp42
 70
     1
102
RTVSPost2010Prop43
 90
        3
102
RTVSPost2010PropOp43
 70
     1
102
RTVSPost2010Prop44ColorIndex
 90
        5
102
RTVSPost2010Prop44ColorRGB
 90
      255
102
RTVSPost2010PropOp44
 70
     1
102
RTVSPost2010Prop45
280
     0
102
RTVSPost2010PropOp45
 70
     1
102
RTVSPost2010Prop46
 90
       50
102
RTVSPost2010PropOp46
 70
     1
102
RTVSPost2010Prop47
 90
       50
102
RTVSPost2010PropOp47
 70
     1
102
RTVSPost2010Prop48
 90
       50
102
RTVSPost2010PropOp48
 70
     1
102
RTVSPost2010Prop49
280
     0
102
RTVSPost2010PropOp49
 70
     1
102
RTVSPost2010Prop50
 90
       50
102
RTVSPost2010PropOp50
 70
     1
102
RTVSPost2010Prop51ColorIndex
 90
      256
102
RTVSPost2010Prop51ColorRGB
 90
-16777216
102
RTVSPost2010PropOp51
 70
     0
102
RTVSPost2010Prop52
140
1.0
102
RTVSPost2010PropOp52
 70
     0
102
RTVSPost2010Prop53
 90
        2
102
RTVSPost2010PropOp53
 70
     1
102
RTVSPost2010Prop54
  1
strokes_ogs.tif
102
RTVSPost2010PropOp54
 70
     1
102
RTVSPost2010Prop55
280
     0
102
RTVSPost2010PropOp55
 70
     1
102
RTVSPost2010Prop56
140
1.0
102
RTVSPost2010PropOp56
 70
     1
102
RTVSPost2010Prop57
140
1.0
102
RTVSPost2010PropOp57
 70
     1
102
RTVSPropertyOp0
 70
     1
102
RTVSPropertyOp1
 70
     1
102
RTVSPropertyOp2
 70
     1
102
RTVSPropertyOp3
 70
     1
102
RTVSPropertyOp4
 70
     1
102
RTVSPropertyOp5
 70
     1
102
RTVSPropertyOp6
 70
     1
102
RTVSPropertyOp7
 70
     1
102
RTVSPropertyOp8
 70
     1
102
RTVSPropertyOp9
 70
     1
102
RTVSPropertyOp10
 70
     1
102
RTVSPropertyOp11
 70
     1
102
RTVSPropertyOp12
 70
     1
102
RTVSPropertyOp13
 70
     1
102
RTVSPropertyOp14
 70
     1
102
RTVSPropertyOp15
 70
     1
102
RTVSPropertyOp16
 70
     1
102
RTVSPropertyOp17
 70
     1
102
RTVSPropertyOp18
 70
     1
102
RTVSPropertyOp19
 70
     1
102
RTVSPropertyOp20
 70
     1
102
RTVSPropertyOp21
 70
     1
102
RTVSPropertyOp22
 70
     1
102
RTVSPropertyOp23
 70
     1
102
RTVSPropertyOp24
 70
     1
102
RTVSPropertyOp25
 70
     1
102
RTVSPropertyOp26
 70
     1
102
RTVSPropertyOp27
 70
     1
102
RTVSPropertyOp28
 70
     1
102
RTVSPropertyOp29
 70
     1
102
RTVSPropertyOp30
 70
     1
102
RTVSPropertyOp31
 70
     1
102
RTVSPropertyOp32
 70
     1
102
RTVSPropertyOp33
 70
     1
102
RTVSPropertyOp34
 70
     1
102
RTVSPropertyOp35
 70
     1
102
RTVSPropertyOp36
 70
     1
102
RTVSPropertyOp37
 70
     1
102
RTVSPropertyOp38
 70
     1
102
RTVSPropertyOp39
 70
     1
102
RTVSPropertyOp40
 70
     1
102
RTVSPropertyOp41
 70
     1
102
RTVSPropertyOp42
 70
     1
102
RTVSPropertyOp43
 70
     1
102
RTVSPropertyOp44
 70
     1
102
RTVSPropertyOp45
 70
     1
102
RTVSPropertyOp46
 70
     1
102
RTVSPropertyOp47
 70
     1
102
RTVSPropertyOp48
 70
     1
102
RTVSPropertyOp49
 70
     1
102
RTVSPropertyOp50
 70
     1
102
RTVSPropertyOp51
 70
     0
102
RTVSPropertyOp52
 70
     0
102
RTVSPropertyOp53
 70
     1
102
RTVSPropertyOp54
 70
     1
102
RTVSPropertyOp55
 70
     1
102
RTVSPropertyOp56
 70
     1
102
RTVSPropertyOp57
 70
     1
102
RTVSPropertyOp58
 70
     1
102
RTVSPropertyOp59
 70
     1
102
RTVSPropertyOp60
 70
     1
102
RTVSPropertyOp61
 70
     1
102
RTVSPropertyOp62
 70
     1
  0
XRECORD
  5
33B2
102
{ACAD_REACTORS
330
33B1
102
}
330
33B1
100
AcDbXrecord
280
     1
102
RTVSPost2010Prop28
280
     0
102
RTVSPost2010PropOp28
 70
     1
102
RTVSPost2010Prop29
280
     1
102
RTVSPost2010PropOp29
 70
     1
102
RTVSPost2010Prop30
280
     1
102
RTVSPost2010PropOp30
 70
     1
102
RTVSPost2010Prop31
280
     0
102
RTVSPost2010PropOp31
 70
     1
102
RTVSPost2010Prop32
280
     0
102
RTVSPost2010PropOp32
 70
     1
102
RTVSPost2010Prop33
280
     0
102
RTVSPost2010PropOp33
 70
     1
102
RTVSPost2010Prop34
280
     0
102
RTVSPost2010PropOp34
 70
     1
102
RTVSPost2010Prop35
280
     0
102
RTVSPost2010PropOp35
 70
     1
102
RTVSPost2010Prop36
280
     0
102
RTVSPost2010PropOp36
 70
     1
102
RTVSPost2010Prop37
 90
       50
102
RTVSPost2010PropOp37
 70
     1
102
RTVSPost2010Prop38
140
0.0
102
RTVSPost2010PropOp38
 70
     1
102
RTVSPost2010Prop39
140
1.0
102
RTVSPost2010PropOp39
 70
     1
102
RTVSPost2010Prop40
 90
        0
102
RTVSPost2010PropOp40
 70
     1
102
RTVSPost2010Prop41ColorIndex
 90
       18
102
RTVSPost2010Prop41ColorRGB
 90
        0
102
RTVSPost2010PropOp41
 70
     1
102
RTVSPost2010Prop42
 90
       50
102
RTVSPost2010PropOp42
 70
     1
102
RTVSPost2010Prop43
 90
        3
102
RTVSPost2010PropOp43
 70
     1
102
RTVSPost2010Prop44ColorIndex
 90
        5
102
RTVSPost2010Prop44ColorRGB
 90
      255
102
RTVSPost2010PropOp44
 70
     1
102
RTVSPost2010Prop45
280
     0
102
RTVSPost2010PropOp45
 70
     1
102
RTVSPost2010Prop46
 90
       50
102
RTVSPost2010PropOp46
 70
     1
102
RTVSPost2010Prop47
 90
       50
102
RTVSPost2010PropOp47
 70
     1
102
RTVSPost2010Prop48
 90
       50
102
RTVSPost2010PropOp48
 70
     1
102
RTVSPost2010Prop49
280
     0
102
RTVSPost2010PropOp49
 70
     1
102
RTVSPost2010Prop50
 90
       50
102
RTVSPost2010PropOp50
 70
     1
102
RTVSPost2010Prop51ColorIndex
 90
      256
102
RTVSPost2010Prop51ColorRGB
 90
-16777216
102
RTVSPost2010PropOp51
 70
     0
102
RTVSPost2010Prop52
140
1.0
102
RTVSPost2010PropOp52
 70
     0
102
RTVSPost2010Prop53
 90
        2
102
RTVSPost2010PropOp53
 70
     1
102
RTVSPost2010Prop54
  1
strokes_ogs.tif
102
RTVSPost2010PropOp54
 70
     1
102
RTVSPost2010Prop55
280
     0
102
RTVSPost2010PropOp55
 70
     1
102
RTVSPost2010Prop56
140
1.0
102
RTVSPost2010PropOp56
 70
     1
102
RTVSPost2010Prop57
140
1.0
102
RTVSPost2010PropOp57
 70
     1
102
RTVSPropertyOp0
 70
     1
102
RTVSPropertyOp1
 70
     1
102
RTVSPropertyOp2
 70
     1
102
RTVSPropertyOp3
 70
     1
102
RTVSPropertyOp4
 70
     1
102
RTVSPropertyOp5
 70
     1
102
RTVSPropertyOp6
 70
     1
102
RTVSPropertyOp7
 70
     1
102
RTVSPropertyOp8
 70
     1
102
RTVSPropertyOp9
 70
     1
102
RTVSPropertyOp10
 70
     1
102
RTVSPropertyOp11
 70
     1
102
RTVSPropertyOp12
 70
     1
102
RTVSPropertyOp13
 70
     1
102
RTVSPropertyOp14
 70
     1
102
RTVSPropertyOp15
 70
     1
102
RTVSPropertyOp16
 70
     1
102
RTVSPropertyOp17
 70
     1
102
RTVSPropertyOp18
 70
     1
102
RTVSPropertyOp19
 70
     1
102
RTVSPropertyOp20
 70
     1
102
RTVSPropertyOp21
 70
     1
102
RTVSPropertyOp22
 70
     1
102
RTVSPropertyOp23
 70
     1
102
RTVSPropertyOp24
 70
     1
102
RTVSPropertyOp25
 70
     1
102
RTVSPropertyOp26
 70
     1
102
RTVSPropertyOp27
 70
     1
102
RTVSPropertyOp28
 70
     1
102
RTVSPropertyOp29
 70
     1
102
RTVSPropertyOp30
 70
     1
102
RTVSPropertyOp31
 70
     1
102
RTVSPropertyOp32
 70
     1
102
RTVSPropertyOp33
 70
     1
102
RTVSPropertyOp34
 70
     1
102
RTVSPropertyOp35
 70
     1
102
RTVSPropertyOp36
 70
     1
102
RTVSPropertyOp37
 70
     1
102
RTVSPropertyOp38
 70
     1
102
RTVSPropertyOp39
 70
     1
102
RTVSPropertyOp40
 70
     1
102
RTVSPropertyOp41
 70
     1
102
RTVSPropertyOp42
 70
     1
102
RTVSPropertyOp43
 70
     1
102
RTVSPropertyOp44
 70
     1
102
RTVSPropertyOp45
 70
     1
102
RTVSPropertyOp46
 70
     1
102
RTVSPropertyOp47
 70
     1
102
RTVSPropertyOp48
 70
     1
102
RTVSPropertyOp49
 70
     1
102
RTVSPropertyOp50
 70
     1
102
RTVSPropertyOp51
 70
     0
102
RTVSPropertyOp52
 70
     0
102
RTVSPropertyOp53
 70
     1
102
RTVSPropertyOp54
 70
     1
102
RTVSPropertyOp55
 70
     1
102
RTVSPropertyOp56
 70
     1
102
RTVSPropertyOp57
 70
     1
102
RTVSPropertyOp58
 70
     1
102
RTVSPropertyOp59
 70
     1
102
RTVSPropertyOp60
 70
     1
102
RTVSPropertyOp61
 70
     1
102
RTVSPropertyOp62
 70
     1
  0
XRECORD
  5
33D0
102
{ACAD_REACTORS
330
33CF
102
}
330
33CF
100
AcDbXrecord
280
     1
102
RTVSPost2010Prop28
280
     0
102
RTVSPost2010PropOp28
 70
     1
102
RTVSPost2010Prop29
280
     1
102
RTVSPost2010PropOp29
 70
     1
102
RTVSPost2010Prop30
280
     1
102
RTVSPost2010PropOp30
 70
     1
102
RTVSPost2010Prop31
280
     0
102
RTVSPost2010PropOp31
 70
     1
102
RTVSPost2010Prop32
280
     0
102
RTVSPost2010PropOp32
 70
     1
102
RTVSPost2010Prop33
280
     0
102
RTVSPost2010PropOp33
 70
     1
102
RTVSPost2010Prop34
280
     0
102
RTVSPost2010PropOp34
 70
     1
102
RTVSPost2010Prop35
280
     0
102
RTVSPost2010PropOp35
 70
     1
102
RTVSPost2010Prop36
280
     0
102
RTVSPost2010PropOp36
 70
     1
102
RTVSPost2010Prop37
 90
       50
102
RTVSPost2010PropOp37
 70
     1
102
RTVSPost2010Prop38
140
0.0
102
RTVSPost2010PropOp38
 70
     1
102
RTVSPost2010Prop39
140
1.0
102
RTVSPost2010PropOp39
 70
     1
102
RTVSPost2010Prop40
 90
        0
102
RTVSPost2010PropOp40
 70
     1
102
RTVSPost2010Prop41ColorIndex
 90
       18
102
RTVSPost2010Prop41ColorRGB
 90
        0
102
RTVSPost2010PropOp41
 70
     1
102
RTVSPost2010Prop42
 90
       50
102
RTVSPost2010PropOp42
 70
     1
102
RTVSPost2010Prop43
 90
        3
102
RTVSPost2010PropOp43
 70
     1
102
RTVSPost2010Prop44ColorIndex
 90
        5
102
RTVSPost2010Prop44ColorRGB
 90
      255
102
RTVSPost2010PropOp44
 70
     1
102
RTVSPost2010Prop45
280
     0
102
RTVSPost2010PropOp45
 70
     1
102
RTVSPost2010Prop46
 90
       50
102
RTVSPost2010PropOp46
 70
     1
102
RTVSPost2010Prop47
 90
       50
102
RTVSPost2010PropOp47
 70
     1
102
RTVSPost2010Prop48
 90
       50
102
RTVSPost2010PropOp48
 70
     1
102
RTVSPost2010Prop49
280
     0
102
RTVSPost2010PropOp49
 70
     1
102
RTVSPost2010Prop50
 90
       50
102
RTVSPost2010PropOp50
 70
     1
102
RTVSPost2010Prop51ColorIndex
 90
      256
102
RTVSPost2010Prop51ColorRGB
 90
-16777216
102
RTVSPost2010PropOp51
 70
     0
102
RTVSPost2010Prop52
140
1.0
102
RTVSPost2010PropOp52
 70
     0
102
RTVSPost2010Prop53
 90
        2
102
RTVSPost2010PropOp53
 70
     1
102
RTVSPost2010Prop54
  1
strokes_ogs.tif
102
RTVSPost2010PropOp54
 70
     1
102
RTVSPost2010Prop55
280
     0
102
RTVSPost2010PropOp55
 70
     1
102
RTVSPost2010Prop56
140
1.0
102
RTVSPost2010PropOp56
 70
     1
102
RTVSPost2010Prop57
140
1.0
102
RTVSPost2010PropOp57
 70
     1
102
RTVSPropertyOp0
 70
     1
102
RTVSPropertyOp1
 70
     1
102
RTVSPropertyOp2
 70
     1
102
RTVSPropertyOp3
 70
     1
102
RTVSPropertyOp4
 70
     1
102
RTVSPropertyOp5
 70
     1
102
RTVSPropertyOp6
 70
     1
102
RTVSPropertyOp7
 70
     1
102
RTVSPropertyOp8
 70
     1
102
RTVSPropertyOp9
 70
     1
102
RTVSPropertyOp10
 70
     1
102
RTVSPropertyOp11
 70
     1
102
RTVSPropertyOp12
 70
     1
102
RTVSPropertyOp13
 70
     1
102
RTVSPropertyOp14
 70
     1
102
RTVSPropertyOp15
 70
     1
102
RTVSPropertyOp16
 70
     1
102
RTVSPropertyOp17
 70
     1
102
RTVSPropertyOp18
 70
     1
102
RTVSPropertyOp19
 70
     1
102
RTVSPropertyOp20
 70
     1
102
RTVSPropertyOp21
 70
     1
102
RTVSPropertyOp22
 70
     1
102
RTVSPropertyOp23
 70
     1
102
RTVSPropertyOp24
 70
     1
102
RTVSPropertyOp25
 70
     1
102
RTVSPropertyOp26
 70
     1
102
RTVSPropertyOp27
 70
     1
102
RTVSPropertyOp28
 70
     1
102
RTVSPropertyOp29
 70
     1
102
RTVSPropertyOp30
 70
     1
102
RTVSPropertyOp31
 70
     1
102
RTVSPropertyOp32
 70
     1
102
RTVSPropertyOp33
 70
     1
102
RTVSPropertyOp34
 70
     1
102
RTVSPropertyOp35
 70
     1
102
RTVSPropertyOp36
 70
     1
102
RTVSPropertyOp37
 70
     1
102
RTVSPropertyOp38
 70
     1
102
RTVSPropertyOp39
 70
     1
102
RTVSPropertyOp40
 70
     1
102
RTVSPropertyOp41
 70
     1
102
RTVSPropertyOp42
 70
     1
102
RTVSPropertyOp43
 70
     1
102
RTVSPropertyOp44
 70
     1
102
RTVSPropertyOp45
 70
     1
102
RTVSPropertyOp46
 70
     1
102
RTVSPropertyOp47
 70
     1
102
RTVSPropertyOp48
 70
     1
102
RTVSPropertyOp49
 70
     1
102
RTVSPropertyOp50
 70
     1
102
RTVSPropertyOp51
 70
     0
102
RTVSPropertyOp52
 70
     0
102
RTVSPropertyOp53
 70
     1
102
RTVSPropertyOp54
 70
     1
102
RTVSPropertyOp55
 70
     1
102
RTVSPropertyOp56
 70
     1
102
RTVSPropertyOp57
 70
     1
102
RTVSPropertyOp58
 70
     1
102
RTVSPropertyOp59
 70
     1
102
RTVSPropertyOp60
 70
     1
102
RTVSPropertyOp61
 70
     1
102
RTVSPropertyOp62
 70
     1
  0
ENDSEC
  0
EOF
