  0
SECTION
  2
HEADER
  9
$ACADVER
  1
AC1015
  9
$ACADMAINTVER
 70
     6
  9
$DWGCODEPAGE
  3
ANSI_1252
  9
$INSBASE
 10
0.0
 20
0.0
 30
0.0
  9
$EXTMIN
 10
1.000000000000000E+20
 20
1.000000000000000E+20
 30
1.000000000000000E+20
  9
$EXTMAX
 10
-1.000000000000000E+20
 20
-1.000000000000000E+20
 30
-1.000000000000000E+20
  9
$LIMMIN
 10
0.0
 20
0.0
  9
$LIMMAX
 10
12.0
 20
9.0
  9
$ORTHOMODE
 70
     0
  9
$REGENMODE
 70
     1
  9
$FILLMODE
 70
     1
  9
$QTEXTMODE
 70
     0
  9
$MIRRTEXT
 70
     1
  9
$LTSCALE
 40
1.0
  9
$ATTMODE
 70
     1
  9
$TEXTSIZE
 40
0.2
  9
$TRACEWID
 40
0.05
  9
$TEXTSTYLE
  7
Standard
  9
$CLAYER
  8
0
  9
$CELTYPE
  6
ByLayer
  9
$CECOLOR
 62
   256
  9
$CELTSCALE
 40
1.0
  9
$DISPSILH
 70
     0
  9
$DIMSCALE
 40
1.0
  9
$DIMASZ
 40
0.18
  9
$DIMEXO
 40
0.0625
  9
$DIMDLI
 40
0.38
  9
$DIMRND
 40
0.0
  9
$DIMDLE
 40
0.0
  9
$DIMEXE
 40
0.18
  9
$DIMTP
 40
0.0
  9
$DIMTM
 40
0.0
  9
$DIMTXT
 40
0.18
  9
$DIMCEN
 40
0.09
  9
$DIMTSZ
 40
0.0
  9
$DIMTOL
 70
     0
  9
$DIMLIM
 70
     0
  9
$DIMTIH
 70
     1
  9
$DIMTOH
 70
     1
  9
$DIMSE1
 70
     0
  9
$DIMSE2
 70
     0
  9
$DIMTAD
 70
     0
  9
$DIMZIN
 70
     0
  9
$DIMBLK
  1

  9
$DIMASO
 70
     1
  9
$DIMSHO
 70
     1
  9
$DIMPOST
  1

  9
$DIMAPOST
  1

  9
$DIMALT
 70
     0
  9
$DIMALTD
 70
     2
  9
$DIMALTF
 40
25.4
  9
$DIMLFAC
 40
1.0
  9
$DIMTOFL
 70
     0
  9
$DIMTVP
 40
0.0
  9
$DIMTIX
 70
     0
  9
$DIMSOXD
 70
     0
  9
$DIMSAH
 70
     0
  9
$DIMBLK1
  1

  9
$DIMBLK2
  1

  9
$DIMSTYLE
  2
Standard
  9
$DIMCLRD
 70
     0
  9
$DIMCLRE
 70
     0
  9
$DIMCLRT
 70
     0
  9
$DIMTFAC
 40
1.0
  9
$DIMGAP
 40
0.09
  9
$DIMJUST
 70
     0
  9
$DIMSD1
 70
     0
  9
$DIMSD2
 70
     0
  9
$DIMTOLJ
 70
     1
  9
$DIMTZIN
 70
     0
  9
$DIMALTZ
 70
     0
  9
$DIMALTTZ
 70
     0
  9
$DIMUPT
 70
     0
  9
$DIMDEC
 70
     4
  9
$DIMTDEC
 70
     4
  9
$DIMALTU
 70
     2
  9
$DIMALTTD
 70
     2
  9
$DIMTXSTY
  7
Standard
  9
$DIMAUNIT
 70
     0
  9
$DIMADEC
 70
     0
  9
$DIMALTRND
 40
0.0
  9
$DIMAZIN
 70
     0
  9
$DIMDSEP
 70
    46
  9
$DIMATFIT
 70
     3
  9
$DIMFRAC
 70
     0
  9
$DIMLDRBLK
  1

  9
$DIMLUNIT
 70
     2
  9
$DIMLWD
 70
    -2
  9
$DIMLWE
 70
    -2
  9
$DIMTMOVE
 70
     0
  9
$LUNITS
 70
     2
  9
$LUPREC
 70
     4
  9
$SKETCHINC
 40
0.1
  9
$FILLETRAD
 40
0.5
  9
$AUNITS
 70
     0
  9
$AUPREC
 70
     0
  9
$MENU
  1
.
  9
$ELEVATION
 40
0.0
  9
$PELEVATION
 40
0.0
  9
$THICKNESS
 40
0.0
  9
$LIMCHECK
 70
     0
  9
$CHAMFERA
 40
0.0
  9
$CHAMFERB
 40
0.0
  9
$CHAMFERC
 40
0.0
  9
$CHAMFERD
 40
0.0
  9
$SKPOLY
 70
     0
  9
$TDCREATE
 40
2460888.393874664
  9
$TDUCREATE
 40
2460888.685541331
  9
$TDUPDATE
 40
2460888.393874722
  9
$TDUUPDATE
 40
2460888.685541389
  9
$TDINDWG
 40
0.0000000116
  9
$TDUSRTIMER
 40
0.0000000116
  9
$USRTIMER
 70
     1
  9
$ANGBASE
 50
0.0
  9
$ANGDIR
 70
     0
  9
$PDMODE
 70
     0
  9
$PDSIZE
 40
0.0
  9
$PLINEWID
 40
0.0
  9
$SPLFRAME
 70
     0
  9
$SPLINETYPE
 70
     6
  9
$SPLINESEGS
 70
     8
  9
$HANDSEED
  5
450
  9
$SURFTAB1
 70
     6
  9
$SURFTAB2
 70
     6
  9
$SURFTYPE
 70
     6
  9
$SURFU
 70
     6
  9
$SURFV
 70
     6
  9
$UCSBASE
  2

  9
$UCSNAME
  2

  9
$UCSORG
 10
0.0
 20
0.0
 30
0.0
  9
$UCSXDIR
 10
1.0
 20
0.0
 30
0.0
  9
$UCSYDIR
 10
0.0
 20
1.0
 30
0.0
  9
$UCSORTHOREF
  2

  9
$UCSORTHOVIEW
 70
     0
  9
$UCSORGTOP
 10
0.0
 20
0.0
 30
0.0
  9
$UCSORGBOTTOM
 10
0.0
 20
0.0
 30
0.0
  9
$UCSORGLEFT
 10
0.0
 20
0.0
 30
0.0
  9
$UCSORGRIGHT
 10
0.0
 20
0.0
 30
0.0
  9
$UCSORGFRONT
 10
0.0
 20
0.0
 30
0.0
  9
$UCSORGBACK
 10
0.0
 20
0.0
 30
0.0
  9
$PUCSBASE
  2

  9
$PUCSNAME
  2

  9
$PUCSORG
 10
0.0
 20
0.0
 30
0.0
  9
$PUCSXDIR
 10
1.0
 20
0.0
 30
0.0
  9
$PUCSYDIR
 10
0.0
 20
1.0
 30
0.0
  9
$PUCSORTHOREF
  2

  9
$PUCSORTHOVIEW
 70
     0
  9
$PUCSORGTOP
 10
0.0
 20
0.0
 30
0.0
  9
$PUCSORGBOTTOM
 10
0.0
 20
0.0
 30
0.0
  9
$PUCSORGLEFT
 10
0.0
 20
0.0
 30
0.0
  9
$PUCSORGRIGHT
 10
0.0
 20
0.0
 30
0.0
  9
$PUCSORGFRONT
 10
0.0
 20
0.0
 30
0.0
  9
$PUCSORGBACK
 10
0.0
 20
0.0
 30
0.0
  9
$USERI1
 70
     0
  9
$USERI2
 70
     0
  9
$USERI3
 70
     0
  9
$USERI4
 70
     0
  9
$USERI5
 70
     0
  9
$USERR1
 40
0.0
  9
$USERR2
 40
0.0
  9
$USERR3
 40
0.0
  9
$USERR4
 40
0.0
  9
$USERR5
 40
0.0
  9
$WORLDVIEW
 70
     1
  9
$SHADEDGE
 70
     3
  9
$SHADEDIF
 70
    70
  9
$TILEMODE
 70
     1
  9
$MAXACTVP
 70
    64
  9
$PINSBASE
 10
0.0
 20
0.0
 30
0.0
  9
$PLIMCHECK
 70
     0
  9
$PEXTMIN
 10
1.000000000000000E+20
 20
1.000000000000000E+20
 30
1.000000000000000E+20
  9
$PEXTMAX
 10
-1.000000000000000E+20
 20
-1.000000000000000E+20
 30
-1.000000000000000E+20
  9
$PLIMMIN
 10
0.0
 20
0.0
  9
$PLIMMAX
 10
12.0
 20
9.0
  9
$UNITMODE
 70
     0
  9
$VISRETAIN
 70
     1
  9
$PLINEGEN
 70
     0
  9
$PSLTSCALE
 70
     1
  9
$TREEDEPTH
 70
  3020
  9
$CMLSTYLE
  2
Standard
  9
$CMLJUST
 70
     0
  9
$CMLSCALE
 40
1.0
  9
$PROXYGRAPHICS
 70
     1
  9
$MEASUREMENT
 70
     0
  9
$CELWEIGHT
370
    -1
  9
$ENDCAPS
280
     0
  9
$JOINSTYLE
280
     0
  9
$LWDISPLAY
290
     0
  9
$INSUNITS
 70
     1
  9
$HYPERLINKBASE
  1

  9
$STYLESHEET
  1

  9
$XEDIT
290
     1
  9
$CEPSNTYPE
380
     0
  9
$PSTYLEMODE
290
     1
  9
$FINGERPRINTGUID
  2
{14a95696-0b9f-407e-8e83-c206917bfb93}
  9
$VERSIONGUID
  2
{FAEB1C32-E019-11D5-929B-00C0DF256EC4}
  9
$EXTNAMES
290
     1
  9
$PSVPSCALE
 40
0.0
  9
$OLESTARTUP
290
     0
  0
ENDSEC
  0
SECTION
  2
CLASSES
  0
CLASS
  1
ACDBDICTIONARYWDFLT
  2
AcDbDictionaryWithDefault
  3
ObjectDBX Classes
 90
        0
280
     0
281
     0
  0
CLASS
  1
VISUALSTYLE
  2
AcDbVisualStyle
  3
ObjectDBX Classes
 90
     4095
280
     0
281
     0
  0
CLASS
  1
MATERIAL
  2
AcDbMaterial
  3
ObjectDBX Classes
 90
     1153
280
     0
281
     0
  0
CLASS
  1
SCALE
  2
AcDbScale
  3
ObjectDBX Classes
 90
     1153
280
     0
281
     0
  0
CLASS
  1
TABLESTYLE
  2
AcDbTableStyle
  3
ObjectDBX Classes
 90
     4095
280
     0
281
     0
  0
CLASS
  1
MLEADERSTYLE
  2
AcDbMLeaderStyle
  3
ACDB_MLEADERSTYLE_CLASS
 90
     4095
280
     0
281
     0
  0
CLASS
  1
SUN
  2
AcDbSun
  3
SCENEOE
 90
     1153
280
     0
281
     0
  0
CLASS
  1
DICTIONARYVAR
  2
AcDbDictionaryVar
  3
ObjectDBX Classes
 90
        0
280
     0
281
     0
  0
CLASS
  1
ACDBPLACEHOLDER
  2
AcDbPlaceHolder
  3
ObjectDBX Classes
 90
        0
280
     0
281
     0
  0
CLASS
  1
LAYOUT
  2
AcDbLayout
  3
ObjectDBX Classes
 90
        0
280
     0
281
     0
  0
ENDSEC
  0
SECTION
  2
TABLES
  0
TABLE
  2
VPORT
  5
8
102
{ACAD_XDICTIONARY
360
413
102
}
330
0
100
AcDbSymbolTable
 70
     1
  0
VPORT
  5
29
330
8
100
AcDbSymbolTableRecord
100
AcDbViewportTableRecord
  2
*Active
 70
     0
 10
0.0
 20
0.0
 11
1.0
 21
1.0
 12
10.42990654205607
 22
4.5
 13
0.0
 23
0.0
 14
0.5
 24
0.5
 15
0.5
 25
0.5
 16
0.0
 26
0.0
 36
1.0
 17
0.0
 27
0.0
 37
0.0
 40
9.0
 41
1.972972972850329
 42
50.0
 43
0.0
 44
0.0
 50
0.0
 51
0.0
 71
     0
 72
   100
 73
     1
 74
     3
 75
     0
 76
     0
 77
     0
 78
     0
281
     0
 65
     1
110
0.0
120
0.0
130
0.0
111
1.0
121
0.0
131
0.0
112
0.0
122
1.0
132
0.0
 79
     0
146
0.0
  0
ENDTAB
  0
TABLE
  2
LTYPE
  5
5
330
0
100
AcDbSymbolTable
 70
     1
  0
LTYPE
  5
14
330
5
100
AcDbSymbolTableRecord
100
AcDbLinetypeTableRecord
  2
ByBlock
 70
     0
  3

 72
    65
 73
     0
 40
0.0
  0
LTYPE
  5
15
330
5
100
AcDbSymbolTableRecord
100
AcDbLinetypeTableRecord
  2
ByLayer
 70
     0
  3

 72
    65
 73
     0
 40
0.0
  0
LTYPE
  5
16
330
5
100
AcDbSymbolTableRecord
100
AcDbLinetypeTableRecord
  2
Continuous
 70
     0
  3
Solid line
 72
    65
 73
     0
 40
0.0
  0
ENDTAB
  0
TABLE
  2
LAYER
  5
2
330
0
100
AcDbSymbolTable
 70
     1
  0
LAYER
  5
10
330
2
100
AcDbSymbolTableRecord
100
AcDbLayerTableRecord
  2
0
 70
     0
 62
     7
  6
Continuous
370
    -3
390
F
  0
ENDTAB
  0
TABLE
  2
STYLE
  5
3
330
0
100
AcDbSymbolTable
 70
     1
  0
STYLE
  5
11
330
3
100
AcDbSymbolTableRecord
100
AcDbTextStyleTableRecord
  2
Standard
 70
     0
 40
0.0
 41
1.0
 50
0.0
 71
     0
 42
0.2
  3
txt
  4

  0
ENDTAB
  0
TABLE
  2
VIEW
  5
6
330
0
100
AcDbSymbolTable
 70
     0
  0
ENDTAB
  0
TABLE
  2
UCS
  5
7
330
0
100
AcDbSymbolTable
 70
     0
  0
ENDTAB
  0
TABLE
  2
APPID
  5
9
330
0
100
AcDbSymbolTable
 70
     2
  0
APPID
  5
12
330
9
100
AcDbSymbolTableRecord
100
AcDbRegAppTableRecord
  2
ACAD
 70
     0
  0
APPID
  5
44D
330
9
100
AcDbSymbolTableRecord
100
AcDbRegAppTableRecord
  2
ACAD_MLEADERVER
 70
     0
  0
ENDTAB
  0
TABLE
  2
DIMSTYLE
  5
A
330
0
100
AcDbSymbolTable
 70
     1
100
AcDbDimStyleTable
  0
DIMSTYLE
105
27
330
A
100
AcDbSymbolTableRecord
100
AcDbDimStyleTableRecord
  2
Standard
 70
     0
178
     0
340
11
  0
ENDTAB
  0
TABLE
  2
BLOCK_RECORD
  5
1
330
0
100
AcDbSymbolTable
 70
    38
  0
BLOCK_RECORD
  5
1F
330
1
100
AcDbSymbolTableRecord
100
AcDbBlockTableRecord
  2
*Model_Space
340
22
  0
BLOCK_RECORD
  5
1B
330
1
100
AcDbSymbolTableRecord
100
AcDbBlockTableRecord
  2
*Paper_Space
340
1E
  0
BLOCK_RECORD
  5
23
330
1
100
AcDbSymbolTableRecord
100
AcDbBlockTableRecord
  2
*Paper_Space0
340
26
  0
BLOCK_RECORD
  5
6E
330
1
100
AcDbSymbolTableRecord
100
AcDbBlockTableRecord
  2
Insert1
340
0
102
{BLKREFS
331
84
102
}
  0
BLOCK_RECORD
  5
87
330
1
100
AcDbSymbolTableRecord
100
AcDbBlockTableRecord
  2
Insert2
340
0
102
{BLKREFS
331
9D
102
}
  0
BLOCK_RECORD
  5
A0
330
1
100
AcDbSymbolTableRecord
100
AcDbBlockTableRecord
  2
Insert3
340
0
102
{BLKREFS
331
B6
102
}
  0
BLOCK_RECORD
  5
B9
330
1
100
AcDbSymbolTableRecord
100
AcDbBlockTableRecord
  2
Insert4
340
0
102
{BLKREFS
331
CF
102
}
  0
BLOCK_RECORD
  5
D2
330
1
100
AcDbSymbolTableRecord
100
AcDbBlockTableRecord
  2
Insert5
340
0
102
{BLKREFS
331
E8
102
}
  0
BLOCK_RECORD
  5
EB
330
1
100
AcDbSymbolTableRecord
100
AcDbBlockTableRecord
  2
Insert6
340
0
102
{BLKREFS
331
101
102
}
  0
BLOCK_RECORD
  5
104
330
1
100
AcDbSymbolTableRecord
100
AcDbBlockTableRecord
  2
Insert7
340
0
102
{BLKREFS
331
11A
102
}
  0
BLOCK_RECORD
  5
11D
330
1
100
AcDbSymbolTableRecord
100
AcDbBlockTableRecord
  2
Insert8
340
0
102
{BLKREFS
331
133
102
}
  0
BLOCK_RECORD
  5
136
330
1
100
AcDbSymbolTableRecord
100
AcDbBlockTableRecord
  2
Insert9
340
0
102
{BLKREFS
331
14C
102
}
  0
BLOCK_RECORD
  5
14F
330
1
100
AcDbSymbolTableRecord
100
AcDbBlockTableRecord
  2
Insert10
340
0
102
{BLKREFS
331
165
102
}
  0
BLOCK_RECORD
  5
168
330
1
100
AcDbSymbolTableRecord
100
AcDbBlockTableRecord
  2
Insert11
340
0
102
{BLKREFS
331
17E
102
}
  0
BLOCK_RECORD
  5
181
330
1
100
AcDbSymbolTableRecord
100
AcDbBlockTableRecord
  2
Insert12
340
0
102
{BLKREFS
331
197
102
}
  0
BLOCK_RECORD
  5
19A
330
1
100
AcDbSymbolTableRecord
100
AcDbBlockTableRecord
  2
Insert13
340
0
102
{BLKREFS
331
1B0
102
}
  0
BLOCK_RECORD
  5
1B3
330
1
100
AcDbSymbolTableRecord
100
AcDbBlockTableRecord
  2
Insert14
340
0
102
{BLKREFS
331
1C9
102
}
  0
BLOCK_RECORD
  5
1CC
330
1
100
AcDbSymbolTableRecord
100
AcDbBlockTableRecord
  2
Insert15
340
0
102
{BLKREFS
331
1E2
102
}
  0
BLOCK_RECORD
  5
1E5
330
1
100
AcDbSymbolTableRecord
100
AcDbBlockTableRecord
  2
Insert16
340
0
102
{BLKREFS
331
1FB
102
}
  0
BLOCK_RECORD
  5
1FE
330
1
100
AcDbSymbolTableRecord
100
AcDbBlockTableRecord
  2
Insert17
340
0
102
{BLKREFS
331
214
102
}
  0
BLOCK_RECORD
  5
217
330
1
100
AcDbSymbolTableRecord
100
AcDbBlockTableRecord
  2
Insert18
340
0
102
{BLKREFS
331
22D
102
}
  0
BLOCK_RECORD
  5
230
330
1
100
AcDbSymbolTableRecord
100
AcDbBlockTableRecord
  2
Insert19
340
0
102
{BLKREFS
331
246
102
}
  0
BLOCK_RECORD
  5
249
330
1
100
AcDbSymbolTableRecord
100
AcDbBlockTableRecord
  2
Insert20
340
0
102
{BLKREFS
331
25F
102
}
  0
BLOCK_RECORD
  5
262
330
1
100
AcDbSymbolTableRecord
100
AcDbBlockTableRecord
  2
Insert21
340
0
102
{BLKREFS
331
278
102
}
  0
BLOCK_RECORD
  5
27B
330
1
100
AcDbSymbolTableRecord
100
AcDbBlockTableRecord
  2
Insert22
340
0
102
{BLKREFS
331
291
102
}
  0
BLOCK_RECORD
  5
294
330
1
100
AcDbSymbolTableRecord
100
AcDbBlockTableRecord
  2
Insert23
340
0
102
{BLKREFS
331
2AA
102
}
  0
BLOCK_RECORD
  5
2AD
330
1
100
AcDbSymbolTableRecord
100
AcDbBlockTableRecord
  2
Insert24
340
0
102
{BLKREFS
331
2C3
102
}
  0
BLOCK_RECORD
  5
2C6
330
1
100
AcDbSymbolTableRecord
100
AcDbBlockTableRecord
  2
Insert25
340
0
102
{BLKREFS
331
2DC
102
}
  0
BLOCK_RECORD
  5
2DF
330
1
100
AcDbSymbolTableRecord
100
AcDbBlockTableRecord
  2
Insert26
340
0
102
{BLKREFS
331
2F5
102
}
  0
BLOCK_RECORD
  5
2F8
330
1
100
AcDbSymbolTableRecord
100
AcDbBlockTableRecord
  2
Insert27
340
0
102
{BLKREFS
331
30E
102
}
  0
BLOCK_RECORD
  5
311
330
1
100
AcDbSymbolTableRecord
100
AcDbBlockTableRecord
  2
Insert28
340
0
102
{BLKREFS
331
327
102
}
  0
BLOCK_RECORD
  5
32A
330
1
100
AcDbSymbolTableRecord
100
AcDbBlockTableRecord
  2
Insert29
340
0
102
{BLKREFS
331
340
102
}
  0
BLOCK_RECORD
  5
343
330
1
100
AcDbSymbolTableRecord
100
AcDbBlockTableRecord
  2
Insert30
340
0
102
{BLKREFS
331
359
102
}
  0
BLOCK_RECORD
  5
35C
330
1
100
AcDbSymbolTableRecord
100
AcDbBlockTableRecord
  2
Insert31
340
0
102
{BLKREFS
331
372
102
}
  0
BLOCK_RECORD
  5
375
330
1
100
AcDbSymbolTableRecord
100
AcDbBlockTableRecord
  2
Insert32
340
0
102
{BLKREFS
331
38B
102
}
  0
BLOCK_RECORD
  5
38E
330
1
100
AcDbSymbolTableRecord
100
AcDbBlockTableRecord
  2
Insert33
340
0
102
{BLKREFS
331
3A4
102
}
  0
BLOCK_RECORD
  5
3A7
330
1
100
AcDbSymbolTableRecord
100
AcDbBlockTableRecord
  2
Insert34
340
0
102
{BLKREFS
331
3BD
102
}
  0
BLOCK_RECORD
  5
3C0
330
1
100
AcDbSymbolTableRecord
100
AcDbBlockTableRecord
  2
Insert35
340
0
102
{BLKREFS
331
3D6
102
}
  0
BLOCK_RECORD
  5
3D9
330
1
100
AcDbSymbolTableRecord
100
AcDbBlockTableRecord
  2
Insert36
340
0
102
{BLKREFS
331
3EF
102
}
  0
BLOCK_RECORD
  5
3F2
330
1
100
AcDbSymbolTableRecord
100
AcDbBlockTableRecord
  2
Insert37
340
0
102
{BLKREFS
331
408
102
}
  0
ENDTAB
  0
ENDSEC
  0
SECTION
  2
BLOCKS
  0
BLOCK
  5
20
330
1F
100
AcDbEntity
  8
0
100
AcDbBlockBegin
  2
*Model_Space
 70
     0
 10
0.0
 20
0.0
 30
0.0
  3
*Model_Space
  1

  0
ENDBLK
  5
21
330
1F
100
AcDbEntity
  8
0
100
AcDbBlockEnd
  0
BLOCK
  5
1C
330
1B
100
AcDbEntity
 67
     1
  8
0
100
AcDbBlockBegin
  2
*Paper_Space
 70
     0
 10
0.0
 20
0.0
 30
0.0
  3
*Paper_Space
  1

  0
ENDBLK
  5
1D
330
1B
100
AcDbEntity
 67
     1
  8
0
100
AcDbBlockEnd
  0
BLOCK
  5
24
330
23
100
AcDbEntity
  8
0
100
AcDbBlockBegin
  2
*Paper_Space0
 70
     0
 10
0.0
 20
0.0
 30
0.0
  3
*Paper_Space0
  1

  0
ENDBLK
  5
25
330
23
100
AcDbEntity
  8
0
100
AcDbBlockEnd
  0
BLOCK
  5
85
330
6E
100
AcDbEntity
  8
0
100
AcDbBlockBegin
  2
Insert1
 70
     0
 10
0.0
 20
0.0
 30
0.0
  3
Insert1
  1

  0
LINE
  5
6F
330
6E
100
AcDbEntity
  8
0
 62
     0
100
AcDbLine
 10
-883.1434088192498
 20
-226.2701051862799
 30
0.0
 11
-883.1434088192498
 21
-228.2701051862799
 31
0.0
  0
LINE
  5
70
330
6E
100
AcDbEntity
  8
0
 62
     0
100
AcDbLine
 10
-743.1434088192498
 20
-226.2701051862799
 30
0.0
 11
-743.1434088192498
 21
-228.2701051862799
 31
0.0
  0
LINE
  5
71
330
6E
100
AcDbEntity
  8
0
 62
     0
100
AcDbLine
 10
-745.1434088192498
 20
-329.2701051862799
 30
0.0
 11
-747.1434088192498
 21
-329.2701051862799
 31
0.0
  0
LINE
  5
72
330
6E
100
AcDbEntity
  8
0
 62
     0
100
AcDbLine
 10
-743.1434088192498
 20
-326.2701051862799
 30
0.0
 11
-743.1434088192498
 21
-324.2701051862799
 31
0.0
  0
LINE
  5
73
330
6E
100
AcDbEntity
  8
0
 62
     0
100
AcDbLine
 10
-883.1434088192498
 20
-326.2701051862799
 30
0.0
 11
-883.1434088192498
 21
-324.2701051862799
 31
0.0
  0
LINE
  5
74
330
6E
100
AcDbEntity
  8
0
 62
     0
100
AcDbLine
 10
-881.1434088192498
 20
-329.2701051862799
 30
0.0
 11
-879.1434088192498
 21
-329.2701051862799
 31
0.0
  0
CIRCLE
  5
75
330
6E
100
AcDbEntity
  8
0
 62
     0
100
AcDbCircle
 10
-871.1434088192498
 20
-316.2701051862799
 30
0.0
 40
3.0
  0
CIRCLE
  5
76
330
6E
100
AcDbEntity
  8
0
 62
     0
100
AcDbCircle
 10
-871.1406054614542
 20
-236.2563078514898
 30
0.0
 40
3.0
  0
CIRCLE
  5
77
330
6E
100
AcDbEntity
  8
0
 62
     0
100
AcDbCircle
 10
-755.1406054614542
 20
-236.2563078514898
 30
0.0
 40
3.0
  0
CIRCLE
  5
78
330
6E
100
AcDbEntity
  8
0
 62
     0
100
AcDbCircle
 10
-755.1406054614542
 20
-316.2563078514884
 30
0.0
 40
3.0
  0
LINE
  5
79
330
6E
100
AcDbEntity
  8
0
 62
     0
100
AcDbLine
 10
-926.1434088192498
 20
-326.2701051862785
 30
0.0
 11
-883.1434088192489
 21
-326.2701051862785
 31
0.0
  0
ARC
  5
7A
330
6E
100
AcDbEntity
  8
0
 62
     0
100
AcDbCircle
 10
-883.1434088192498
 20
-328.2701051862799
 30
0.0
 40
2.000000000001364
100
AcDbArc
 50
0.0000000000388791
 51
90.0
  0
LINE
  5
7B
330
6E
100
AcDbEntity
  8
0
 62
     0
100
AcDbLine
 10
-881.1434088192498
 20
-328.2701051862799
 30
0.0
 11
-881.1434088192489
 21
-373.2701051862799
 31
0.0
  0
LINE
  5
7C
330
6E
100
AcDbEntity
  8
0
 62
     0
100
AcDbLine
 10
-881.1434088192498
 20
-373.2701051862799
 30
0.0
 11
-745.1434088192489
 21
-373.2701051862799
 31
0.0
  0
LINE
  5
7D
330
6E
100
AcDbEntity
  8
0
 62
     0
100
AcDbLine
 10
-745.1434088192489
 20
-373.2701051862799
 30
0.0
 11
-745.1434088192498
 21
-329.2701051862799
 31
0.0
  0
ARC
  5
7E
330
6E
100
AcDbEntity
  8
0
 62
     0
100
AcDbCircle
 10
-743.1434088192498
 20
-328.2701051862799
 30
0.0
 40
2.0
100
AcDbArc
 50
90.0
 51
180.0
  0
LINE
  5
7F
330
6E
100
AcDbEntity
  8
0
 62
     0
100
AcDbLine
 10
-926.1434088192498
 20
-226.2701051862799
 30
0.0
 11
-926.1434088192498
 21
-326.2701051862785
 31
0.0
  0
LINE
  5
80
330
6E
100
AcDbEntity
  8
0
 62
     0
100
AcDbLine
 10
-745.1434088192498
 20
-329.2701051862799
 30
0.0
 11
-745.1434088192498
 21
-328.2701051862799
 31
0.0
  0
LINE
  5
81
330
6E
100
AcDbEntity
  8
0
 62
     0
100
AcDbLine
 10
-743.1434088192498
 20
-326.2701051862799
 30
0.0
 11
-721.1434088192498
 21
-326.2701051862799
 31
0.0
  0
LINE
  5
82
330
6E
100
AcDbEntity
  8
0
 62
     0
100
AcDbLine
 10
-721.1434088192498
 20
-326.2701051862799
 30
0.0
 11
-721.1434088192498
 21
-226.2701051862799
 31
0.0
  0
LINE
  5
83
330
6E
100
AcDbEntity
  8
0
 62
     0
100
AcDbLine
 10
-721.1434088192498
 20
-226.2701051862799
 30
0.0
 11
-926.1434088192498
 21
-226.2701051862799
 31
0.0
  0
ENDBLK
  5
86
330
6E
100
AcDbEntity
  8
0
100
AcDbBlockEnd
  0
BLOCK
  5
9E
330
87
100
AcDbEntity
  8
0
100
AcDbBlockBegin
  2
Insert2
 70
     0
 10
0.0
 20
0.0
 30
0.0
  3
Insert2
  1

  0
LINE
  5
88
330
87
100
AcDbEntity
  8
0
 62
     0
100
AcDbLine
 10
-668.1434088192498
 20
-226.2701051862799
 30
0.0
 11
-668.1434088192498
 21
-228.2701051862799
 31
0.0
  0
LINE
  5
89
330
87
100
AcDbEntity
  8
0
 62
     0
100
AcDbLine
 10
-528.1434088192498
 20
-226.2701051862799
 30
0.0
 11
-528.1434088192498
 21
-228.2701051862799
 31
0.0
  0
LINE
  5
8A
330
87
100
AcDbEntity
  8
0
 62
     0
100
AcDbLine
 10
-530.1434088192498
 20
-329.2701051862799
 30
0.0
 11
-532.1434088192498
 21
-329.2701051862799
 31
0.0
  0
LINE
  5
8B
330
87
100
AcDbEntity
  8
0
 62
     0
100
AcDbLine
 10
-528.1434088192498
 20
-326.2701051862799
 30
0.0
 11
-528.1434088192498
 21
-324.2701051862799
 31
0.0
  0
LINE
  5
8C
330
87
100
AcDbEntity
  8
0
 62
     0
100
AcDbLine
 10
-668.1434088192498
 20
-326.2701051862799
 30
0.0
 11
-668.1434088192498
 21
-324.2701051862799
 31
0.0
  0
LINE
  5
8D
330
87
100
AcDbEntity
  8
0
 62
     0
100
AcDbLine
 10
-666.1434088192498
 20
-329.2701051862799
 30
0.0
 11
-664.1434088192498
 21
-329.2701051862799
 31
0.0
  0
CIRCLE
  5
8E
330
87
100
AcDbEntity
  8
0
 62
     0
100
AcDbCircle
 10
-656.1434088192498
 20
-316.2701051862799
 30
0.0
 40
3.0
  0
CIRCLE
  5
8F
330
87
100
AcDbEntity
  8
0
 62
     0
100
AcDbCircle
 10
-656.1406054614542
 20
-236.2563078514898
 30
0.0
 40
3.0
  0
CIRCLE
  5
90
330
87
100
AcDbEntity
  8
0
 62
     0
100
AcDbCircle
 10
-540.1406054614542
 20
-236.2563078514898
 30
0.0
 40
3.0
  0
CIRCLE
  5
91
330
87
100
AcDbEntity
  8
0
 62
     0
100
AcDbCircle
 10
-540.1406054614542
 20
-316.2563078514884
 30
0.0
 40
3.0
  0
LINE
  5
92
330
87
100
AcDbEntity
  8
0
 62
     0
100
AcDbLine
 10
-711.1434088192498
 20
-326.2701051862785
 30
0.0
 11
-668.1434088192489
 21
-326.2701051862785
 31
0.0
  0
ARC
  5
93
330
87
100
AcDbEntity
  8
0
 62
     0
100
AcDbCircle
 10
-668.1434088192498
 20
-328.2701051862799
 30
0.0
 40
2.000000000001364
100
AcDbArc
 50
0.0000000000388791
 51
90.0
  0
LINE
  5
94
330
87
100
AcDbEntity
  8
0
 62
     0
100
AcDbLine
 10
-666.1434088192498
 20
-328.2701051862799
 30
0.0
 11
-666.1434088192489
 21
-373.2701051862799
 31
0.0
  0
LINE
  5
95
330
87
100
AcDbEntity
  8
0
 62
     0
100
AcDbLine
 10
-666.1434088192498
 20
-373.2701051862799
 30
0.0
 11
-530.1434088192489
 21
-373.2701051862799
 31
0.0
  0
LINE
  5
96
330
87
100
AcDbEntity
  8
0
 62
     0
100
AcDbLine
 10
-530.1434088192489
 20
-373.2701051862799
 30
0.0
 11
-530.1434088192498
 21
-329.2701051862799
 31
0.0
  0
ARC
  5
97
330
87
100
AcDbEntity
  8
0
 62
     0
100
AcDbCircle
 10
-528.1434088192498
 20
-328.2701051862799
 30
0.0
 40
2.0
100
AcDbArc
 50
90.0
 51
180.0
  0
LINE
  5
98
330
87
100
AcDbEntity
  8
0
 62
     0
100
AcDbLine
 10
-711.1434088192498
 20
-226.2701051862799
 30
0.0
 11
-711.1434088192498
 21
-326.2701051862785
 31
0.0
  0
LINE
  5
99
330
87
100
AcDbEntity
  8
0
 62
     0
100
AcDbLine
 10
-530.1434088192498
 20
-329.2701051862799
 30
0.0
 11
-530.1434088192498
 21
-328.2701051862799
 31
0.0
  0
LINE
  5
9A
330
87
100
AcDbEntity
  8
0
 62
     0
100
AcDbLine
 10
-528.1434088192498
 20
-326.2701051862799
 30
0.0
 11
-506.1434088192498
 21
-326.2701051862799
 31
0.0
  0
LINE
  5
9B
330
87
100
AcDbEntity
  8
0
 62
     0
100
AcDbLine
 10
-506.1434088192498
 20
-326.2701051862799
 30
0.0
 11
-506.1434088192498
 21
-226.2701051862799
 31
0.0
  0
LINE
  5
9C
330
87
100
AcDbEntity
  8
0
 62
     0
100
AcDbLine
 10
-506.1434088192498
 20
-226.2701051862799
 30
0.0
 11
-711.1434088192498
 21
-226.2701051862799
 31
0.0
  0
ENDBLK
  5
9F
330
87
100
AcDbEntity
  8
0
100
AcDbBlockEnd
  0
BLOCK
  5
B7
330
A0
100
AcDbEntity
  8
0
100
AcDbBlockBegin
  2
Insert3
 70
     0
 10
0.0
 20
0.0
 30
0.0
  3
Insert3
  1

  0
LINE
  5
A1
330
A0
100
AcDbEntity
  8
0
 62
     0
100
AcDbLine
 10
-668.1434088192498
 20
-69.27010518627986
 30
0.0
 11
-668.1434088192498
 21
-71.27010518627986
 31
0.0
  0
LINE
  5
A2
330
A0
100
AcDbEntity
  8
0
 62
     0
100
AcDbLine
 10
-528.1434088192498
 20
-69.27010518627986
 30
0.0
 11
-528.1434088192498
 21
-71.27010518627986
 31
0.0
  0
LINE
  5
A3
330
A0
100
AcDbEntity
  8
0
 62
     0
100
AcDbLine
 10
-530.1434088192498
 20
-172.2701051862799
 30
0.0
 11
-532.1434088192498
 21
-172.2701051862799
 31
0.0
  0
LINE
  5
A4
330
A0
100
AcDbEntity
  8
0
 62
     0
100
AcDbLine
 10
-528.1434088192498
 20
-169.2701051862799
 30
0.0
 11
-528.1434088192498
 21
-167.2701051862799
 31
0.0
  0
LINE
  5
A5
330
A0
100
AcDbEntity
  8
0
 62
     0
100
AcDbLine
 10
-668.1434088192498
 20
-169.2701051862799
 30
0.0
 11
-668.1434088192498
 21
-167.2701051862799
 31
0.0
  0
LINE
  5
A6
330
A0
100
AcDbEntity
  8
0
 62
     0
100
AcDbLine
 10
-666.1434088192498
 20
-172.2701051862799
 30
0.0
 11
-664.1434088192498
 21
-172.2701051862799
 31
0.0
  0
CIRCLE
  5
A7
330
A0
100
AcDbEntity
  8
0
 62
     0
100
AcDbCircle
 10
-656.1434088192498
 20
-159.2701051862799
 30
0.0
 40
3.0
  0
CIRCLE
  5
A8
330
A0
100
AcDbEntity
  8
0
 62
     0
100
AcDbCircle
 10
-656.1406054614542
 20
-79.2563078514898
 30
0.0
 40
3.0
  0
CIRCLE
  5
A9
330
A0
100
AcDbEntity
  8
0
 62
     0
100
AcDbCircle
 10
-540.1406054614542
 20
-79.2563078514898
 30
0.0
 40
3.0
  0
CIRCLE
  5
AA
330
A0
100
AcDbEntity
  8
0
 62
     0
100
AcDbCircle
 10
-540.1406054614542
 20
-159.2563078514884
 30
0.0
 40
3.0
  0
LINE
  5
AB
330
A0
100
AcDbEntity
  8
0
 62
     0
100
AcDbLine
 10
-711.1434088192498
 20
-169.2701051862785
 30
0.0
 11
-668.1434088192489
 21
-169.2701051862785
 31
0.0
  0
ARC
  5
AC
330
A0
100
AcDbEntity
  8
0
 62
     0
100
AcDbCircle
 10
-668.1434088192498
 20
-171.2701051862799
 30
0.0
 40
2.000000000001364
100
AcDbArc
 50
0.0000000000388791
 51
90.0
  0
LINE
  5
AD
330
A0
100
AcDbEntity
  8
0
 62
     0
100
AcDbLine
 10
-666.1434088192498
 20
-171.2701051862799
 30
0.0
 11
-666.1434088192489
 21
-216.2701051862799
 31
0.0
  0
LINE
  5
AE
330
A0
100
AcDbEntity
  8
0
 62
     0
100
AcDbLine
 10
-666.1434088192498
 20
-216.2701051862799
 30
0.0
 11
-530.1434088192489
 21
-216.2701051862799
 31
0.0
  0
LINE
  5
AF
330
A0
100
AcDbEntity
  8
0
 62
     0
100
AcDbLine
 10
-530.1434088192489
 20
-216.2701051862799
 30
0.0
 11
-530.1434088192498
 21
-172.2701051862799
 31
0.0
  0
ARC
  5
B0
330
A0
100
AcDbEntity
  8
0
 62
     0
100
AcDbCircle
 10
-528.1434088192498
 20
-171.2701051862799
 30
0.0
 40
2.0
100
AcDbArc
 50
90.0
 51
180.0
  0
LINE
  5
B1
330
A0
100
AcDbEntity
  8
0
 62
     0
100
AcDbLine
 10
-711.1434088192498
 20
-69.27010518627986
 30
0.0
 11
-711.1434088192498
 21
-169.2701051862785
 31
0.0
  0
LINE
  5
B2
330
A0
100
AcDbEntity
  8
0
 62
     0
100
AcDbLine
 10
-530.1434088192498
 20
-172.2701051862799
 30
0.0
 11
-530.1434088192498
 21
-171.2701051862799
 31
0.0
  0
LINE
  5
B3
330
A0
100
AcDbEntity
  8
0
 62
     0
100
AcDbLine
 10
-528.1434088192498
 20
-169.2701051862799
 30
0.0
 11
-506.1434088192498
 21
-169.2701051862799
 31
0.0
  0
LINE
  5
B4
330
A0
100
AcDbEntity
  8
0
 62
     0
100
AcDbLine
 10
-506.1434088192498
 20
-169.2701051862799
 30
0.0
 11
-506.1434088192498
 21
-69.27010518627986
 31
0.0
  0
LINE
  5
B5
330
A0
100
AcDbEntity
  8
0
 62
     0
100
AcDbLine
 10
-506.1434088192498
 20
-69.27010518627986
 30
0.0
 11
-711.1434088192498
 21
-69.27010518627986
 31
0.0
  0
ENDBLK
  5
B8
330
A0
100
AcDbEntity
  8
0
100
AcDbBlockEnd
  0
BLOCK
  5
D0
330
B9
100
AcDbEntity
  8
0
100
AcDbBlockBegin
  2
Insert4
 70
     0
 10
0.0
 20
0.0
 30
0.0
  3
Insert4
  1

  0
LINE
  5
BA
330
B9
100
AcDbEntity
  8
0
 62
     0
100
AcDbLine
 10
-883.1434088192498
 20
-69.27010518627986
 30
0.0
 11
-883.1434088192498
 21
-71.27010518627986
 31
0.0
  0
LINE
  5
BB
330
B9
100
AcDbEntity
  8
0
 62
     0
100
AcDbLine
 10
-743.1434088192498
 20
-69.27010518627986
 30
0.0
 11
-743.1434088192498
 21
-71.27010518627986
 31
0.0
  0
LINE
  5
BC
330
B9
100
AcDbEntity
  8
0
 62
     0
100
AcDbLine
 10
-745.1434088192498
 20
-172.2701051862799
 30
0.0
 11
-747.1434088192498
 21
-172.2701051862799
 31
0.0
  0
LINE
  5
BD
330
B9
100
AcDbEntity
  8
0
 62
     0
100
AcDbLine
 10
-743.1434088192498
 20
-169.2701051862799
 30
0.0
 11
-743.1434088192498
 21
-167.2701051862799
 31
0.0
  0
LINE
  5
BE
330
B9
100
AcDbEntity
  8
0
 62
     0
100
AcDbLine
 10
-883.1434088192498
 20
-169.2701051862799
 30
0.0
 11
-883.1434088192498
 21
-167.2701051862799
 31
0.0
  0
LINE
  5
BF
330
B9
100
AcDbEntity
  8
0
 62
     0
100
AcDbLine
 10
-881.1434088192498
 20
-172.2701051862799
 30
0.0
 11
-879.1434088192498
 21
-172.2701051862799
 31
0.0
  0
CIRCLE
  5
C0
330
B9
100
AcDbEntity
  8
0
 62
     0
100
AcDbCircle
 10
-871.1434088192498
 20
-159.2701051862799
 30
0.0
 40
3.0
  0
CIRCLE
  5
C1
330
B9
100
AcDbEntity
  8
0
 62
     0
100
AcDbCircle
 10
-871.1406054614542
 20
-79.2563078514898
 30
0.0
 40
3.0
  0
CIRCLE
  5
C2
330
B9
100
AcDbEntity
  8
0
 62
     0
100
AcDbCircle
 10
-755.1406054614542
 20
-79.2563078514898
 30
0.0
 40
3.0
  0
CIRCLE
  5
C3
330
B9
100
AcDbEntity
  8
0
 62
     0
100
AcDbCircle
 10
-755.1406054614542
 20
-159.2563078514884
 30
0.0
 40
3.0
  0
LINE
  5
C4
330
B9
100
AcDbEntity
  8
0
 62
     0
100
AcDbLine
 10
-926.1434088192498
 20
-169.2701051862785
 30
0.0
 11
-883.1434088192489
 21
-169.2701051862785
 31
0.0
  0
ARC
  5
C5
330
B9
100
AcDbEntity
  8
0
 62
     0
100
AcDbCircle
 10
-883.1434088192498
 20
-171.2701051862799
 30
0.0
 40
2.000000000001364
100
AcDbArc
 50
0.0000000000388791
 51
90.0
  0
LINE
  5
C6
330
B9
100
AcDbEntity
  8
0
 62
     0
100
AcDbLine
 10
-881.1434088192498
 20
-171.2701051862799
 30
0.0
 11
-881.1434088192489
 21
-216.2701051862799
 31
0.0
  0
LINE
  5
C7
330
B9
100
AcDbEntity
  8
0
 62
     0
100
AcDbLine
 10
-881.1434088192498
 20
-216.2701051862799
 30
0.0
 11
-745.1434088192489
 21
-216.2701051862799
 31
0.0
  0
LINE
  5
C8
330
B9
100
AcDbEntity
  8
0
 62
     0
100
AcDbLine
 10
-745.1434088192489
 20
-216.2701051862799
 30
0.0
 11
-745.1434088192498
 21
-172.2701051862799
 31
0.0
  0
ARC
  5
C9
330
B9
100
AcDbEntity
  8
0
 62
     0
100
AcDbCircle
 10
-743.1434088192498
 20
-171.2701051862799
 30
0.0
 40
2.0
100
AcDbArc
 50
90.0
 51
180.0
  0
LINE
  5
CA
330
B9
100
AcDbEntity
  8
0
 62
     0
100
AcDbLine
 10
-926.1434088192498
 20
-69.27010518627986
 30
0.0
 11
-926.1434088192498
 21
-169.2701051862785
 31
0.0
  0
LINE
  5
CB
330
B9
100
AcDbEntity
  8
0
 62
     0
100
AcDbLine
 10
-745.1434088192498
 20
-172.2701051862799
 30
0.0
 11
-745.1434088192498
 21
-171.2701051862799
 31
0.0
  0
LINE
  5
CC
330
B9
100
AcDbEntity
  8
0
 62
     0
100
AcDbLine
 10
-743.1434088192498
 20
-169.2701051862799
 30
0.0
 11
-721.1434088192498
 21
-169.2701051862799
 31
0.0
  0
LINE
  5
CD
330
B9
100
AcDbEntity
  8
0
 62
     0
100
AcDbLine
 10
-721.1434088192498
 20
-169.2701051862799
 30
0.0
 11
-721.1434088192498
 21
-69.27010518627986
 31
0.0
  0
LINE
  5
CE
330
B9
100
AcDbEntity
  8
0
 62
     0
100
AcDbLine
 10
-721.1434088192498
 20
-69.27010518627986
 30
0.0
 11
-926.1434088192498
 21
-69.27010518627986
 31
0.0
  0
ENDBLK
  5
D1
330
B9
100
AcDbEntity
  8
0
100
AcDbBlockEnd
  0
BLOCK
  5
E9
330
D2
100
AcDbEntity
  8
0
100
AcDbBlockBegin
  2
Insert5
 70
     0
 10
0.0
 20
0.0
 30
0.0
  3
Insert5
  1

  0
LINE
  5
D3
330
D2
100
AcDbEntity
  8
0
 62
     0
100
AcDbLine
 10
-883.1434088192498
 20
87.7298948137202
 30
0.0
 11
-883.1434088192498
 21
85.7298948137202
 31
0.0
  0
LINE
  5
D4
330
D2
100
AcDbEntity
  8
0
 62
     0
100
AcDbLine
 10
-743.1434088192498
 20
87.7298948137202
 30
0.0
 11
-743.1434088192498
 21
85.7298948137202
 31
0.0
  0
LINE
  5
D5
330
D2
100
AcDbEntity
  8
0
 62
     0
100
AcDbLine
 10
-745.1434088192498
 20
-15.27010518627981
 30
0.0
 11
-747.1434088192498
 21
-15.27010518627981
 31
0.0
  0
LINE
  5
D6
330
D2
100
AcDbEntity
  8
0
 62
     0
100
AcDbLine
 10
-743.1434088192498
 20
-12.27010518627981
 30
0.0
 11
-743.1434088192498
 21
-10.27010518627981
 31
0.0
  0
LINE
  5
D7
330
D2
100
AcDbEntity
  8
0
 62
     0
100
AcDbLine
 10
-883.1434088192498
 20
-12.27010518627981
 30
0.0
 11
-883.1434088192498
 21
-10.27010518627981
 31
0.0
  0
LINE
  5
D8
330
D2
100
AcDbEntity
  8
0
 62
     0
100
AcDbLine
 10
-881.1434088192498
 20
-15.27010518627981
 30
0.0
 11
-879.1434088192498
 21
-15.27010518627981
 31
0.0
  0
CIRCLE
  5
D9
330
D2
100
AcDbEntity
  8
0
 62
     0
100
AcDbCircle
 10
-871.1434088192498
 20
-2.270105186279807
 30
0.0
 40
3.0
  0
CIRCLE
  5
DA
330
D2
100
AcDbEntity
  8
0
 62
     0
100
AcDbCircle
 10
-871.1406054614542
 20
77.74369214851026
 30
0.0
 40
3.0
  0
CIRCLE
  5
DB
330
D2
100
AcDbEntity
  8
0
 62
     0
100
AcDbCircle
 10
-755.1406054614542
 20
77.74369214851026
 30
0.0
 40
3.0
  0
CIRCLE
  5
DC
330
D2
100
AcDbEntity
  8
0
 62
     0
100
AcDbCircle
 10
-755.1406054614542
 20
-2.256307851488373
 30
0.0
 40
3.0
  0
LINE
  5
DD
330
D2
100
AcDbEntity
  8
0
 62
     0
100
AcDbLine
 10
-926.1434088192498
 20
-12.27010518627844
 30
0.0
 11
-883.1434088192489
 21
-12.27010518627844
 31
0.0
  0
ARC
  5
DE
330
D2
100
AcDbEntity
  8
0
 62
     0
100
AcDbCircle
 10
-883.1434088192498
 20
-14.27010518627981
 30
0.0
 40
2.000000000001364
100
AcDbArc
 50
0.0000000000388791
 51
90.0
  0
LINE
  5
DF
330
D2
100
AcDbEntity
  8
0
 62
     0
100
AcDbLine
 10
-881.1434088192498
 20
-14.27010518627981
 30
0.0
 11
-881.1434088192489
 21
-59.27010518627986
 31
0.0
  0
LINE
  5
E0
330
D2
100
AcDbEntity
  8
0
 62
     0
100
AcDbLine
 10
-881.1434088192498
 20
-59.27010518627986
 30
0.0
 11
-745.1434088192489
 21
-59.27010518627986
 31
0.0
  0
LINE
  5
E1
330
D2
100
AcDbEntity
  8
0
 62
     0
100
AcDbLine
 10
-745.1434088192489
 20
-59.27010518627986
 30
0.0
 11
-745.1434088192498
 21
-15.27010518627981
 31
0.0
  0
ARC
  5
E2
330
D2
100
AcDbEntity
  8
0
 62
     0
100
AcDbCircle
 10
-743.1434088192498
 20
-14.27010518627981
 30
0.0
 40
2.0
100
AcDbArc
 50
90.0
 51
180.0
  0
LINE
  5
E3
330
D2
100
AcDbEntity
  8
0
 62
     0
100
AcDbLine
 10
-926.1434088192498
 20
87.7298948137202
 30
0.0
 11
-926.1434088192498
 21
-12.27010518627844
 31
0.0
  0
LINE
  5
E4
330
D2
100
AcDbEntity
  8
0
 62
     0
100
AcDbLine
 10
-745.1434088192498
 20
-15.27010518627981
 30
0.0
 11
-745.1434088192498
 21
-14.27010518627981
 31
0.0
  0
LINE
  5
E5
330
D2
100
AcDbEntity
  8
0
 62
     0
100
AcDbLine
 10
-743.1434088192498
 20
-12.27010518627981
 30
0.0
 11
-721.1434088192498
 21
-12.27010518627981
 31
0.0
  0
LINE
  5
E6
330
D2
100
AcDbEntity
  8
0
 62
     0
100
AcDbLine
 10
-721.1434088192498
 20
-12.27010518627981
 30
0.0
 11
-721.1434088192498
 21
87.7298948137202
 31
0.0
  0
LINE
  5
E7
330
D2
100
AcDbEntity
  8
0
 62
     0
100
AcDbLine
 10
-721.1434088192498
 20
87.7298948137202
 30
0.0
 11
-926.1434088192498
 21
87.7298948137202
 31
0.0
  0
ENDBLK
  5
EA
330
D2
100
AcDbEntity
  8
0
100
AcDbBlockEnd
  0
BLOCK
  5
102
330
EB
100
AcDbEntity
  8
0
100
AcDbBlockBegin
  2
Insert6
 70
     0
 10
0.0
 20
0.0
 30
0.0
  3
Insert6
  1

  0
LINE
  5
EC
330
EB
100
AcDbEntity
  8
0
 62
     0
100
AcDbLine
 10
-668.1434088192498
 20
87.7298948137202
 30
0.0
 11
-668.1434088192498
 21
85.7298948137202
 31
0.0
  0
LINE
  5
ED
330
EB
100
AcDbEntity
  8
0
 62
     0
100
AcDbLine
 10
-528.1434088192498
 20
87.7298948137202
 30
0.0
 11
-528.1434088192498
 21
85.7298948137202
 31
0.0
  0
LINE
  5
EE
330
EB
100
AcDbEntity
  8
0
 62
     0
100
AcDbLine
 10
-530.1434088192498
 20
-15.27010518627981
 30
0.0
 11
-532.1434088192498
 21
-15.27010518627981
 31
0.0
  0
LINE
  5
EF
330
EB
100
AcDbEntity
  8
0
 62
     0
100
AcDbLine
 10
-528.1434088192498
 20
-12.27010518627981
 30
0.0
 11
-528.1434088192498
 21
-10.27010518627981
 31
0.0
  0
LINE
  5
F0
330
EB
100
AcDbEntity
  8
0
 62
     0
100
AcDbLine
 10
-668.1434088192498
 20
-12.27010518627981
 30
0.0
 11
-668.1434088192498
 21
-10.27010518627981
 31
0.0
  0
LINE
  5
F1
330
EB
100
AcDbEntity
  8
0
 62
     0
100
AcDbLine
 10
-666.1434088192498
 20
-15.27010518627981
 30
0.0
 11
-664.1434088192498
 21
-15.27010518627981
 31
0.0
  0
CIRCLE
  5
F2
330
EB
100
AcDbEntity
  8
0
 62
     0
100
AcDbCircle
 10
-656.1434088192498
 20
-2.270105186279807
 30
0.0
 40
3.0
  0
CIRCLE
  5
F3
330
EB
100
AcDbEntity
  8
0
 62
     0
100
AcDbCircle
 10
-656.1406054614542
 20
77.74369214851026
 30
0.0
 40
3.0
  0
CIRCLE
  5
F4
330
EB
100
AcDbEntity
  8
0
 62
     0
100
AcDbCircle
 10
-540.1406054614542
 20
77.74369214851026
 30
0.0
 40
3.0
  0
CIRCLE
  5
F5
330
EB
100
AcDbEntity
  8
0
 62
     0
100
AcDbCircle
 10
-540.1406054614542
 20
-2.256307851488373
 30
0.0
 40
3.0
  0
LINE
  5
F6
330
EB
100
AcDbEntity
  8
0
 62
     0
100
AcDbLine
 10
-711.1434088192498
 20
-12.27010518627844
 30
0.0
 11
-668.1434088192489
 21
-12.27010518627844
 31
0.0
  0
ARC
  5
F7
330
EB
100
AcDbEntity
  8
0
 62
     0
100
AcDbCircle
 10
-668.1434088192498
 20
-14.27010518627981
 30
0.0
 40
2.000000000001364
100
AcDbArc
 50
0.0000000000388791
 51
90.0
  0
LINE
  5
F8
330
EB
100
AcDbEntity
  8
0
 62
     0
100
AcDbLine
 10
-666.1434088192498
 20
-14.27010518627981
 30
0.0
 11
-666.1434088192489
 21
-59.27010518627986
 31
0.0
  0
LINE
  5
F9
330
EB
100
AcDbEntity
  8
0
 62
     0
100
AcDbLine
 10
-666.1434088192498
 20
-59.27010518627986
 30
0.0
 11
-530.1434088192489
 21
-59.27010518627986
 31
0.0
  0
LINE
  5
FA
330
EB
100
AcDbEntity
  8
0
 62
     0
100
AcDbLine
 10
-530.1434088192489
 20
-59.27010518627986
 30
0.0
 11
-530.1434088192498
 21
-15.27010518627981
 31
0.0
  0
ARC
  5
FB
330
EB
100
AcDbEntity
  8
0
 62
     0
100
AcDbCircle
 10
-528.1434088192498
 20
-14.27010518627981
 30
0.0
 40
2.0
100
AcDbArc
 50
90.0
 51
180.0
  0
LINE
  5
FC
330
EB
100
AcDbEntity
  8
0
 62
     0
100
AcDbLine
 10
-711.1434088192498
 20
87.7298948137202
 30
0.0
 11
-711.1434088192498
 21
-12.27010518627844
 31
0.0
  0
LINE
  5
FD
330
EB
100
AcDbEntity
  8
0
 62
     0
100
AcDbLine
 10
-530.1434088192498
 20
-15.27010518627981
 30
0.0
 11
-530.1434088192498
 21
-14.27010518627981
 31
0.0
  0
LINE
  5
FE
330
EB
100
AcDbEntity
  8
0
 62
     0
100
AcDbLine
 10
-528.1434088192498
 20
-12.27010518627981
 30
0.0
 11
-506.1434088192498
 21
-12.27010518627981
 31
0.0
  0
LINE
  5
FF
330
EB
100
AcDbEntity
  8
0
 62
     0
100
AcDbLine
 10
-506.1434088192498
 20
-12.27010518627981
 30
0.0
 11
-506.1434088192498
 21
87.7298948137202
 31
0.0
  0
LINE
  5
100
330
EB
100
AcDbEntity
  8
0
 62
     0
100
AcDbLine
 10
-506.1434088192498
 20
87.7298948137202
 30
0.0
 11
-711.1434088192498
 21
87.7298948137202
 31
0.0
  0
ENDBLK
  5
103
330
EB
100
AcDbEntity
  8
0
100
AcDbBlockEnd
  0
BLOCK
  5
11B
330
104
100
AcDbEntity
  8
0
100
AcDbBlockBegin
  2
Insert7
 70
     0
 10
0.0
 20
0.0
 30
0.0
  3
Insert7
  1

  0
LINE
  5
105
330
104
100
AcDbEntity
  8
0
 62
     0
100
AcDbLine
 10
-668.1434088192498
 20
244.7298948137202
 30
0.0
 11
-668.1434088192498
 21
242.7298948137202
 31
0.0
  0
LINE
  5
106
330
104
100
AcDbEntity
  8
0
 62
     0
100
AcDbLine
 10
-528.1434088192498
 20
244.7298948137202
 30
0.0
 11
-528.1434088192498
 21
242.7298948137202
 31
0.0
  0
LINE
  5
107
330
104
100
AcDbEntity
  8
0
 62
     0
100
AcDbLine
 10
-530.1434088192498
 20
141.7298948137202
 30
0.0
 11
-532.1434088192498
 21
141.7298948137202
 31
0.0
  0
LINE
  5
108
330
104
100
AcDbEntity
  8
0
 62
     0
100
AcDbLine
 10
-528.1434088192498
 20
144.7298948137202
 30
0.0
 11
-528.1434088192498
 21
146.7298948137202
 31
0.0
  0
LINE
  5
109
330
104
100
AcDbEntity
  8
0
 62
     0
100
AcDbLine
 10
-668.1434088192498
 20
144.7298948137202
 30
0.0
 11
-668.1434088192498
 21
146.7298948137202
 31
0.0
  0
LINE
  5
10A
330
104
100
AcDbEntity
  8
0
 62
     0
100
AcDbLine
 10
-666.1434088192498
 20
141.7298948137202
 30
0.0
 11
-664.1434088192498
 21
141.7298948137202
 31
0.0
  0
CIRCLE
  5
10B
330
104
100
AcDbEntity
  8
0
 62
     0
100
AcDbCircle
 10
-656.1434088192498
 20
154.7298948137202
 30
0.0
 40
3.0
  0
CIRCLE
  5
10C
330
104
100
AcDbEntity
  8
0
 62
     0
100
AcDbCircle
 10
-656.1406054614542
 20
234.7436921485103
 30
0.0
 40
3.0
  0
CIRCLE
  5
10D
330
104
100
AcDbEntity
  8
0
 62
     0
100
AcDbCircle
 10
-540.1406054614542
 20
234.7436921485103
 30
0.0
 40
3.0
  0
CIRCLE
  5
10E
330
104
100
AcDbEntity
  8
0
 62
     0
100
AcDbCircle
 10
-540.1406054614542
 20
154.7436921485116
 30
0.0
 40
3.0
  0
LINE
  5
10F
330
104
100
AcDbEntity
  8
0
 62
     0
100
AcDbLine
 10
-711.1434088192498
 20
144.7298948137216
 30
0.0
 11
-668.1434088192489
 21
144.7298948137216
 31
0.0
  0
ARC
  5
110
330
104
100
AcDbEntity
  8
0
 62
     0
100
AcDbCircle
 10
-668.1434088192498
 20
142.7298948137202
 30
0.0
 40
2.000000000001364
100
AcDbArc
 50
0.0000000000388791
 51
90.0
  0
LINE
  5
111
330
104
100
AcDbEntity
  8
0
 62
     0
100
AcDbLine
 10
-666.1434088192498
 20
142.7298948137202
 30
0.0
 11
-666.1434088192489
 21
97.7298948137202
 31
0.0
  0
LINE
  5
112
330
104
100
AcDbEntity
  8
0
 62
     0
100
AcDbLine
 10
-666.1434088192498
 20
97.7298948137202
 30
0.0
 11
-530.1434088192489
 21
97.7298948137202
 31
0.0
  0
LINE
  5
113
330
104
100
AcDbEntity
  8
0
 62
     0
100
AcDbLine
 10
-530.1434088192489
 20
97.7298948137202
 30
0.0
 11
-530.1434088192498
 21
141.7298948137202
 31
0.0
  0
ARC
  5
114
330
104
100
AcDbEntity
  8
0
 62
     0
100
AcDbCircle
 10
-528.1434088192498
 20
142.7298948137202
 30
0.0
 40
2.0
100
AcDbArc
 50
90.0
 51
180.0
  0
LINE
  5
115
330
104
100
AcDbEntity
  8
0
 62
     0
100
AcDbLine
 10
-711.1434088192498
 20
244.7298948137202
 30
0.0
 11
-711.1434088192498
 21
144.7298948137216
 31
0.0
  0
LINE
  5
116
330
104
100
AcDbEntity
  8
0
 62
     0
100
AcDbLine
 10
-530.1434088192498
 20
141.7298948137202
 30
0.0
 11
-530.1434088192498
 21
142.7298948137202
 31
0.0
  0
LINE
  5
117
330
104
100
AcDbEntity
  8
0
 62
     0
100
AcDbLine
 10
-528.1434088192498
 20
144.7298948137202
 30
0.0
 11
-506.1434088192498
 21
144.7298948137202
 31
0.0
  0
LINE
  5
118
330
104
100
AcDbEntity
  8
0
 62
     0
100
AcDbLine
 10
-506.1434088192498
 20
144.7298948137202
 30
0.0
 11
-506.1434088192498
 21
244.7298948137202
 31
0.0
  0
LINE
  5
119
330
104
100
AcDbEntity
  8
0
 62
     0
100
AcDbLine
 10
-506.1434088192498
 20
244.7298948137202
 30
0.0
 11
-711.1434088192498
 21
244.7298948137202
 31
0.0
  0
ENDBLK
  5
11C
330
104
100
AcDbEntity
  8
0
100
AcDbBlockEnd
  0
BLOCK
  5
134
330
11D
100
AcDbEntity
  8
0
100
AcDbBlockBegin
  2
Insert8
 70
     0
 10
0.0
 20
0.0
 30
0.0
  3
Insert8
  1

  0
LINE
  5
11E
330
11D
100
AcDbEntity
  8
0
 62
     0
100
AcDbLine
 10
-883.1434088192498
 20
244.7298948137202
 30
0.0
 11
-883.1434088192498
 21
242.7298948137202
 31
0.0
  0
LINE
  5
11F
330
11D
100
AcDbEntity
  8
0
 62
     0
100
AcDbLine
 10
-743.1434088192498
 20
244.7298948137202
 30
0.0
 11
-743.1434088192498
 21
242.7298948137202
 31
0.0
  0
LINE
  5
120
330
11D
100
AcDbEntity
  8
0
 62
     0
100
AcDbLine
 10
-745.1434088192498
 20
141.7298948137202
 30
0.0
 11
-747.1434088192498
 21
141.7298948137202
 31
0.0
  0
LINE
  5
121
330
11D
100
AcDbEntity
  8
0
 62
     0
100
AcDbLine
 10
-743.1434088192498
 20
144.7298948137202
 30
0.0
 11
-743.1434088192498
 21
146.7298948137202
 31
0.0
  0
LINE
  5
122
330
11D
100
AcDbEntity
  8
0
 62
     0
100
AcDbLine
 10
-883.1434088192498
 20
144.7298948137202
 30
0.0
 11
-883.1434088192498
 21
146.7298948137202
 31
0.0
  0
LINE
  5
123
330
11D
100
AcDbEntity
  8
0
 62
     0
100
AcDbLine
 10
-881.1434088192498
 20
141.7298948137202
 30
0.0
 11
-879.1434088192498
 21
141.7298948137202
 31
0.0
  0
CIRCLE
  5
124
330
11D
100
AcDbEntity
  8
0
 62
     0
100
AcDbCircle
 10
-871.1434088192498
 20
154.7298948137202
 30
0.0
 40
3.0
  0
CIRCLE
  5
125
330
11D
100
AcDbEntity
  8
0
 62
     0
100
AcDbCircle
 10
-871.1406054614542
 20
234.7436921485103
 30
0.0
 40
3.0
  0
CIRCLE
  5
126
330
11D
100
AcDbEntity
  8
0
 62
     0
100
AcDbCircle
 10
-755.1406054614542
 20
234.7436921485103
 30
0.0
 40
3.0
  0
CIRCLE
  5
127
330
11D
100
AcDbEntity
  8
0
 62
     0
100
AcDbCircle
 10
-755.1406054614542
 20
154.7436921485116
 30
0.0
 40
3.0
  0
LINE
  5
128
330
11D
100
AcDbEntity
  8
0
 62
     0
100
AcDbLine
 10
-926.1434088192498
 20
144.7298948137216
 30
0.0
 11
-883.1434088192489
 21
144.7298948137216
 31
0.0
  0
ARC
  5
129
330
11D
100
AcDbEntity
  8
0
 62
     0
100
AcDbCircle
 10
-883.1434088192498
 20
142.7298948137202
 30
0.0
 40
2.000000000001364
100
AcDbArc
 50
0.0000000000388791
 51
90.0
  0
LINE
  5
12A
330
11D
100
AcDbEntity
  8
0
 62
     0
100
AcDbLine
 10
-881.1434088192498
 20
142.7298948137202
 30
0.0
 11
-881.1434088192489
 21
97.7298948137202
 31
0.0
  0
LINE
  5
12B
330
11D
100
AcDbEntity
  8
0
 62
     0
100
AcDbLine
 10
-881.1434088192498
 20
97.7298948137202
 30
0.0
 11
-745.1434088192489
 21
97.7298948137202
 31
0.0
  0
LINE
  5
12C
330
11D
100
AcDbEntity
  8
0
 62
     0
100
AcDbLine
 10
-745.1434088192489
 20
97.7298948137202
 30
0.0
 11
-745.1434088192498
 21
141.7298948137202
 31
0.0
  0
ARC
  5
12D
330
11D
100
AcDbEntity
  8
0
 62
     0
100
AcDbCircle
 10
-743.1434088192498
 20
142.7298948137202
 30
0.0
 40
2.0
100
AcDbArc
 50
90.0
 51
180.0
  0
LINE
  5
12E
330
11D
100
AcDbEntity
  8
0
 62
     0
100
AcDbLine
 10
-926.1434088192498
 20
244.7298948137202
 30
0.0
 11
-926.1434088192498
 21
144.7298948137216
 31
0.0
  0
LINE
  5
12F
330
11D
100
AcDbEntity
  8
0
 62
     0
100
AcDbLine
 10
-745.1434088192498
 20
141.7298948137202
 30
0.0
 11
-745.1434088192498
 21
142.7298948137202
 31
0.0
  0
LINE
  5
130
330
11D
100
AcDbEntity
  8
0
 62
     0
100
AcDbLine
 10
-743.1434088192498
 20
144.7298948137202
 30
0.0
 11
-721.1434088192498
 21
144.7298948137202
 31
0.0
  0
LINE
  5
131
330
11D
100
AcDbEntity
  8
0
 62
     0
100
AcDbLine
 10
-721.1434088192498
 20
144.7298948137202
 30
0.0
 11
-721.1434088192498
 21
244.7298948137202
 31
0.0
  0
LINE
  5
132
330
11D
100
AcDbEntity
  8
0
 62
     0
100
AcDbLine
 10
-721.1434088192498
 20
244.7298948137202
 30
0.0
 11
-926.1434088192498
 21
244.7298948137202
 31
0.0
  0
ENDBLK
  5
135
330
11D
100
AcDbEntity
  8
0
100
AcDbBlockEnd
  0
BLOCK
  5
14D
330
136
100
AcDbEntity
  8
0
100
AcDbBlockBegin
  2
Insert9
 70
     0
 10
0.0
 20
0.0
 30
0.0
  3
Insert9
  1

  0
LINE
  5
137
330
136
100
AcDbEntity
  8
0
 62
     0
100
AcDbLine
 10
-883.1434088192498
 20
401.7298948137202
 30
0.0
 11
-883.1434088192498
 21
399.7298948137202
 31
0.0
  0
LINE
  5
138
330
136
100
AcDbEntity
  8
0
 62
     0
100
AcDbLine
 10
-743.1434088192498
 20
401.7298948137202
 30
0.0
 11
-743.1434088192498
 21
399.7298948137202
 31
0.0
  0
LINE
  5
139
330
136
100
AcDbEntity
  8
0
 62
     0
100
AcDbLine
 10
-745.1434088192498
 20
298.7298948137202
 30
0.0
 11
-747.1434088192498
 21
298.7298948137202
 31
0.0
  0
LINE
  5
13A
330
136
100
AcDbEntity
  8
0
 62
     0
100
AcDbLine
 10
-743.1434088192498
 20
301.7298948137202
 30
0.0
 11
-743.1434088192498
 21
303.7298948137202
 31
0.0
  0
LINE
  5
13B
330
136
100
AcDbEntity
  8
0
 62
     0
100
AcDbLine
 10
-883.1434088192498
 20
301.7298948137202
 30
0.0
 11
-883.1434088192498
 21
303.7298948137202
 31
0.0
  0
LINE
  5
13C
330
136
100
AcDbEntity
  8
0
 62
     0
100
AcDbLine
 10
-881.1434088192498
 20
298.7298948137202
 30
0.0
 11
-879.1434088192498
 21
298.7298948137202
 31
0.0
  0
CIRCLE
  5
13D
330
136
100
AcDbEntity
  8
0
 62
     0
100
AcDbCircle
 10
-871.1434088192498
 20
311.7298948137202
 30
0.0
 40
3.0
  0
CIRCLE
  5
13E
330
136
100
AcDbEntity
  8
0
 62
     0
100
AcDbCircle
 10
-871.1406054614542
 20
391.7436921485103
 30
0.0
 40
3.0
  0
CIRCLE
  5
13F
330
136
100
AcDbEntity
  8
0
 62
     0
100
AcDbCircle
 10
-755.1406054614542
 20
391.7436921485103
 30
0.0
 40
3.0
  0
CIRCLE
  5
140
330
136
100
AcDbEntity
  8
0
 62
     0
100
AcDbCircle
 10
-755.1406054614542
 20
311.7436921485116
 30
0.0
 40
3.0
  0
LINE
  5
141
330
136
100
AcDbEntity
  8
0
 62
     0
100
AcDbLine
 10
-926.1434088192498
 20
301.7298948137216
 30
0.0
 11
-883.1434088192489
 21
301.7298948137216
 31
0.0
  0
ARC
  5
142
330
136
100
AcDbEntity
  8
0
 62
     0
100
AcDbCircle
 10
-883.1434088192498
 20
299.7298948137202
 30
0.0
 40
2.000000000001364
100
AcDbArc
 50
0.0000000000388791
 51
90.0
  0
LINE
  5
143
330
136
100
AcDbEntity
  8
0
 62
     0
100
AcDbLine
 10
-881.1434088192498
 20
299.7298948137202
 30
0.0
 11
-881.1434088192489
 21
254.7298948137202
 31
0.0
  0
LINE
  5
144
330
136
100
AcDbEntity
  8
0
 62
     0
100
AcDbLine
 10
-881.1434088192498
 20
254.7298948137202
 30
0.0
 11
-745.1434088192489
 21
254.7298948137202
 31
0.0
  0
LINE
  5
145
330
136
100
AcDbEntity
  8
0
 62
     0
100
AcDbLine
 10
-745.1434088192489
 20
254.7298948137202
 30
0.0
 11
-745.1434088192498
 21
298.7298948137202
 31
0.0
  0
ARC
  5
146
330
136
100
AcDbEntity
  8
0
 62
     0
100
AcDbCircle
 10
-743.1434088192498
 20
299.7298948137202
 30
0.0
 40
2.0
100
AcDbArc
 50
90.0
 51
180.0
  0
LINE
  5
147
330
136
100
AcDbEntity
  8
0
 62
     0
100
AcDbLine
 10
-926.1434088192498
 20
401.7298948137202
 30
0.0
 11
-926.1434088192498
 21
301.7298948137216
 31
0.0
  0
LINE
  5
148
330
136
100
AcDbEntity
  8
0
 62
     0
100
AcDbLine
 10
-745.1434088192498
 20
298.7298948137202
 30
0.0
 11
-745.1434088192498
 21
299.7298948137202
 31
0.0
  0
LINE
  5
149
330
136
100
AcDbEntity
  8
0
 62
     0
100
AcDbLine
 10
-743.1434088192498
 20
301.7298948137202
 30
0.0
 11
-721.1434088192498
 21
301.7298948137202
 31
0.0
  0
LINE
  5
14A
330
136
100
AcDbEntity
  8
0
 62
     0
100
AcDbLine
 10
-721.1434088192498
 20
301.7298948137202
 30
0.0
 11
-721.1434088192498
 21
401.7298948137202
 31
0.0
  0
LINE
  5
14B
330
136
100
AcDbEntity
  8
0
 62
     0
100
AcDbLine
 10
-721.1434088192498
 20
401.7298948137202
 30
0.0
 11
-926.1434088192498
 21
401.7298948137202
 31
0.0
  0
ENDBLK
  5
14E
330
136
100
AcDbEntity
  8
0
100
AcDbBlockEnd
  0
BLOCK
  5
166
330
14F
100
AcDbEntity
  8
0
100
AcDbBlockBegin
  2
Insert10
 70
     0
 10
0.0
 20
0.0
 30
0.0
  3
Insert10
  1

  0
LINE
  5
150
330
14F
100
AcDbEntity
  8
0
 62
     0
100
AcDbLine
 10
-668.1434088192498
 20
401.7298948137202
 30
0.0
 11
-668.1434088192498
 21
399.7298948137202
 31
0.0
  0
LINE
  5
151
330
14F
100
AcDbEntity
  8
0
 62
     0
100
AcDbLine
 10
-528.1434088192498
 20
401.7298948137202
 30
0.0
 11
-528.1434088192498
 21
399.7298948137202
 31
0.0
  0
LINE
  5
152
330
14F
100
AcDbEntity
  8
0
 62
     0
100
AcDbLine
 10
-530.1434088192498
 20
298.7298948137202
 30
0.0
 11
-532.1434088192498
 21
298.7298948137202
 31
0.0
  0
LINE
  5
153
330
14F
100
AcDbEntity
  8
0
 62
     0
100
AcDbLine
 10
-528.1434088192498
 20
301.7298948137202
 30
0.0
 11
-528.1434088192498
 21
303.7298948137202
 31
0.0
  0
LINE
  5
154
330
14F
100
AcDbEntity
  8
0
 62
     0
100
AcDbLine
 10
-668.1434088192498
 20
301.7298948137202
 30
0.0
 11
-668.1434088192498
 21
303.7298948137202
 31
0.0
  0
LINE
  5
155
330
14F
100
AcDbEntity
  8
0
 62
     0
100
AcDbLine
 10
-666.1434088192498
 20
298.7298948137202
 30
0.0
 11
-664.1434088192498
 21
298.7298948137202
 31
0.0
  0
CIRCLE
  5
156
330
14F
100
AcDbEntity
  8
0
 62
     0
100
AcDbCircle
 10
-656.1434088192498
 20
311.7298948137202
 30
0.0
 40
3.0
  0
CIRCLE
  5
157
330
14F
100
AcDbEntity
  8
0
 62
     0
100
AcDbCircle
 10
-656.1406054614542
 20
391.7436921485103
 30
0.0
 40
3.0
  0
CIRCLE
  5
158
330
14F
100
AcDbEntity
  8
0
 62
     0
100
AcDbCircle
 10
-540.1406054614542
 20
391.7436921485103
 30
0.0
 40
3.0
  0
CIRCLE
  5
159
330
14F
100
AcDbEntity
  8
0
 62
     0
100
AcDbCircle
 10
-540.1406054614542
 20
311.7436921485116
 30
0.0
 40
3.0
  0
LINE
  5
15A
330
14F
100
AcDbEntity
  8
0
 62
     0
100
AcDbLine
 10
-711.1434088192498
 20
301.7298948137216
 30
0.0
 11
-668.1434088192489
 21
301.7298948137216
 31
0.0
  0
ARC
  5
15B
330
14F
100
AcDbEntity
  8
0
 62
     0
100
AcDbCircle
 10
-668.1434088192498
 20
299.7298948137202
 30
0.0
 40
2.000000000001364
100
AcDbArc
 50
0.0000000000388791
 51
90.0
  0
LINE
  5
15C
330
14F
100
AcDbEntity
  8
0
 62
     0
100
AcDbLine
 10
-666.1434088192498
 20
299.7298948137202
 30
0.0
 11
-666.1434088192489
 21
254.7298948137202
 31
0.0
  0
LINE
  5
15D
330
14F
100
AcDbEntity
  8
0
 62
     0
100
AcDbLine
 10
-666.1434088192498
 20
254.7298948137202
 30
0.0
 11
-530.1434088192489
 21
254.7298948137202
 31
0.0
  0
LINE
  5
15E
330
14F
100
AcDbEntity
  8
0
 62
     0
100
AcDbLine
 10
-530.1434088192489
 20
254.7298948137202
 30
0.0
 11
-530.1434088192498
 21
298.7298948137202
 31
0.0
  0
ARC
  5
15F
330
14F
100
AcDbEntity
  8
0
 62
     0
100
AcDbCircle
 10
-528.1434088192498
 20
299.7298948137202
 30
0.0
 40
2.0
100
AcDbArc
 50
90.0
 51
180.0
  0
LINE
  5
160
330
14F
100
AcDbEntity
  8
0
 62
     0
100
AcDbLine
 10
-711.1434088192498
 20
401.7298948137202
 30
0.0
 11
-711.1434088192498
 21
301.7298948137216
 31
0.0
  0
LINE
  5
161
330
14F
100
AcDbEntity
  8
0
 62
     0
100
AcDbLine
 10
-530.1434088192498
 20
298.7298948137202
 30
0.0
 11
-530.1434088192498
 21
299.7298948137202
 31
0.0
  0
LINE
  5
162
330
14F
100
AcDbEntity
  8
0
 62
     0
100
AcDbLine
 10
-528.1434088192498
 20
301.7298948137202
 30
0.0
 11
-506.1434088192498
 21
301.7298948137202
 31
0.0
  0
LINE
  5
163
330
14F
100
AcDbEntity
  8
0
 62
     0
100
AcDbLine
 10
-506.1434088192498
 20
301.7298948137202
 30
0.0
 11
-506.1434088192498
 21
401.7298948137202
 31
0.0
  0
LINE
  5
164
330
14F
100
AcDbEntity
  8
0
 62
     0
100
AcDbLine
 10
-506.1434088192498
 20
401.7298948137202
 30
0.0
 11
-711.1434088192498
 21
401.7298948137202
 31
0.0
  0
ENDBLK
  5
167
330
14F
100
AcDbEntity
  8
0
100
AcDbBlockEnd
  0
BLOCK
  5
17F
330
168
100
AcDbEntity
  8
0
100
AcDbBlockBegin
  2
Insert11
 70
     0
 10
0.0
 20
0.0
 30
0.0
  3
Insert11
  1

  0
LINE
  5
169
330
168
100
AcDbEntity
  8
0
 62
     0
100
AcDbLine
 10
-668.1434088192497
 20
558.7298948137202
 30
0.0
 11
-668.1434088192497
 21
556.7298948137202
 31
0.0
  0
LINE
  5
16A
330
168
100
AcDbEntity
  8
0
 62
     0
100
AcDbLine
 10
-528.1434088192497
 20
558.7298948137202
 30
0.0
 11
-528.1434088192497
 21
556.7298948137202
 31
0.0
  0
LINE
  5
16B
330
168
100
AcDbEntity
  8
0
 62
     0
100
AcDbLine
 10
-530.1434088192497
 20
455.7298948137202
 30
0.0
 11
-532.1434088192497
 21
455.7298948137202
 31
0.0
  0
LINE
  5
16C
330
168
100
AcDbEntity
  8
0
 62
     0
100
AcDbLine
 10
-528.1434088192497
 20
458.7298948137202
 30
0.0
 11
-528.1434088192497
 21
460.7298948137202
 31
0.0
  0
LINE
  5
16D
330
168
100
AcDbEntity
  8
0
 62
     0
100
AcDbLine
 10
-668.1434088192497
 20
458.7298948137202
 30
0.0
 11
-668.1434088192497
 21
460.7298948137202
 31
0.0
  0
LINE
  5
16E
330
168
100
AcDbEntity
  8
0
 62
     0
100
AcDbLine
 10
-666.1434088192497
 20
455.7298948137202
 30
0.0
 11
-664.1434088192497
 21
455.7298948137202
 31
0.0
  0
CIRCLE
  5
16F
330
168
100
AcDbEntity
  8
0
 62
     0
100
AcDbCircle
 10
-656.1434088192497
 20
468.7298948137202
 30
0.0
 40
3.0
  0
CIRCLE
  5
170
330
168
100
AcDbEntity
  8
0
 62
     0
100
AcDbCircle
 10
-656.1406054614541
 20
548.7436921485103
 30
0.0
 40
3.0
  0
CIRCLE
  5
171
330
168
100
AcDbEntity
  8
0
 62
     0
100
AcDbCircle
 10
-540.1406054614541
 20
548.7436921485103
 30
0.0
 40
3.0
  0
CIRCLE
  5
172
330
168
100
AcDbEntity
  8
0
 62
     0
100
AcDbCircle
 10
-540.1406054614541
 20
468.7436921485116
 30
0.0
 40
3.0
  0
LINE
  5
173
330
168
100
AcDbEntity
  8
0
 62
     0
100
AcDbLine
 10
-711.1434088192497
 20
458.7298948137216
 30
0.0
 11
-668.1434088192487
 21
458.7298948137216
 31
0.0
  0
ARC
  5
174
330
168
100
AcDbEntity
  8
0
 62
     0
100
AcDbCircle
 10
-668.1434088192497
 20
456.7298948137202
 30
0.0
 40
2.000000000001364
100
AcDbArc
 50
0.0000000000388791
 51
90.0
  0
LINE
  5
175
330
168
100
AcDbEntity
  8
0
 62
     0
100
AcDbLine
 10
-666.1434088192497
 20
456.7298948137202
 30
0.0
 11
-666.1434088192487
 21
411.7298948137202
 31
0.0
  0
LINE
  5
176
330
168
100
AcDbEntity
  8
0
 62
     0
100
AcDbLine
 10
-666.1434088192497
 20
411.7298948137202
 30
0.0
 11
-530.1434088192487
 21
411.7298948137202
 31
0.0
  0
LINE
  5
177
330
168
100
AcDbEntity
  8
0
 62
     0
100
AcDbLine
 10
-530.1434088192487
 20
411.7298948137202
 30
0.0
 11
-530.1434088192497
 21
455.7298948137202
 31
0.0
  0
ARC
  5
178
330
168
100
AcDbEntity
  8
0
 62
     0
100
AcDbCircle
 10
-528.1434088192497
 20
456.7298948137202
 30
0.0
 40
2.0
100
AcDbArc
 50
90.0
 51
180.0
  0
LINE
  5
179
330
168
100
AcDbEntity
  8
0
 62
     0
100
AcDbLine
 10
-711.1434088192497
 20
558.7298948137202
 30
0.0
 11
-711.1434088192497
 21
458.7298948137216
 31
0.0
  0
LINE
  5
17A
330
168
100
AcDbEntity
  8
0
 62
     0
100
AcDbLine
 10
-530.1434088192497
 20
455.7298948137202
 30
0.0
 11
-530.1434088192497
 21
456.7298948137202
 31
0.0
  0
LINE
  5
17B
330
168
100
AcDbEntity
  8
0
 62
     0
100
AcDbLine
 10
-528.1434088192497
 20
458.7298948137202
 30
0.0
 11
-506.1434088192498
 21
458.7298948137202
 31
0.0
  0
LINE
  5
17C
330
168
100
AcDbEntity
  8
0
 62
     0
100
AcDbLine
 10
-506.1434088192498
 20
458.7298948137202
 30
0.0
 11
-506.1434088192498
 21
558.7298948137202
 31
0.0
  0
LINE
  5
17D
330
168
100
AcDbEntity
  8
0
 62
     0
100
AcDbLine
 10
-506.1434088192498
 20
558.7298948137202
 30
0.0
 11
-711.1434088192497
 21
558.7298948137202
 31
0.0
  0
ENDBLK
  5
180
330
168
100
AcDbEntity
  8
0
100
AcDbBlockEnd
  0
BLOCK
  5
198
330
181
100
AcDbEntity
  8
0
100
AcDbBlockBegin
  2
Insert12
 70
     0
 10
0.0
 20
0.0
 30
0.0
  3
Insert12
  1

  0
LINE
  5
182
330
181
100
AcDbEntity
  8
0
 62
     0
100
AcDbLine
 10
-883.1434088192497
 20
558.7298948137202
 30
0.0
 11
-883.1434088192497
 21
556.7298948137202
 31
0.0
  0
LINE
  5
183
330
181
100
AcDbEntity
  8
0
 62
     0
100
AcDbLine
 10
-743.1434088192497
 20
558.7298948137202
 30
0.0
 11
-743.1434088192497
 21
556.7298948137202
 31
0.0
  0
LINE
  5
184
330
181
100
AcDbEntity
  8
0
 62
     0
100
AcDbLine
 10
-745.1434088192497
 20
455.7298948137202
 30
0.0
 11
-747.1434088192497
 21
455.7298948137202
 31
0.0
  0
LINE
  5
185
330
181
100
AcDbEntity
  8
0
 62
     0
100
AcDbLine
 10
-743.1434088192497
 20
458.7298948137202
 30
0.0
 11
-743.1434088192497
 21
460.7298948137202
 31
0.0
  0
LINE
  5
186
330
181
100
AcDbEntity
  8
0
 62
     0
100
AcDbLine
 10
-883.1434088192497
 20
458.7298948137202
 30
0.0
 11
-883.1434088192497
 21
460.7298948137202
 31
0.0
  0
LINE
  5
187
330
181
100
AcDbEntity
  8
0
 62
     0
100
AcDbLine
 10
-881.1434088192497
 20
455.7298948137202
 30
0.0
 11
-879.1434088192497
 21
455.7298948137202
 31
0.0
  0
CIRCLE
  5
188
330
181
100
AcDbEntity
  8
0
 62
     0
100
AcDbCircle
 10
-871.1434088192498
 20
468.7298948137202
 30
0.0
 40
3.0
  0
CIRCLE
  5
189
330
181
100
AcDbEntity
  8
0
 62
     0
100
AcDbCircle
 10
-871.1406054614542
 20
548.7436921485103
 30
0.0
 40
3.0
  0
CIRCLE
  5
18A
330
181
100
AcDbEntity
  8
0
 62
     0
100
AcDbCircle
 10
-755.1406054614541
 20
548.7436921485103
 30
0.0
 40
3.0
  0
CIRCLE
  5
18B
330
181
100
AcDbEntity
  8
0
 62
     0
100
AcDbCircle
 10
-755.1406054614541
 20
468.7436921485116
 30
0.0
 40
3.0
  0
LINE
  5
18C
330
181
100
AcDbEntity
  8
0
 62
     0
100
AcDbLine
 10
-926.1434088192497
 20
458.7298948137216
 30
0.0
 11
-883.1434088192487
 21
458.7298948137216
 31
0.0
  0
ARC
  5
18D
330
181
100
AcDbEntity
  8
0
 62
     0
100
AcDbCircle
 10
-883.1434088192497
 20
456.7298948137202
 30
0.0
 40
2.000000000001364
100
AcDbArc
 50
0.0000000000388791
 51
90.0
  0
LINE
  5
18E
330
181
100
AcDbEntity
  8
0
 62
     0
100
AcDbLine
 10
-881.1434088192497
 20
456.7298948137202
 30
0.0
 11
-881.1434088192487
 21
411.7298948137202
 31
0.0
  0
LINE
  5
18F
330
181
100
AcDbEntity
  8
0
 62
     0
100
AcDbLine
 10
-881.1434088192497
 20
411.7298948137202
 30
0.0
 11
-745.1434088192487
 21
411.7298948137202
 31
0.0
  0
LINE
  5
190
330
181
100
AcDbEntity
  8
0
 62
     0
100
AcDbLine
 10
-745.1434088192487
 20
411.7298948137202
 30
0.0
 11
-745.1434088192497
 21
455.7298948137202
 31
0.0
  0
ARC
  5
191
330
181
100
AcDbEntity
  8
0
 62
     0
100
AcDbCircle
 10
-743.1434088192497
 20
456.7298948137202
 30
0.0
 40
2.0
100
AcDbArc
 50
90.0
 51
180.0
  0
LINE
  5
192
330
181
100
AcDbEntity
  8
0
 62
     0
100
AcDbLine
 10
-926.1434088192497
 20
558.7298948137202
 30
0.0
 11
-926.1434088192497
 21
458.7298948137216
 31
0.0
  0
LINE
  5
193
330
181
100
AcDbEntity
  8
0
 62
     0
100
AcDbLine
 10
-745.1434088192497
 20
455.7298948137202
 30
0.0
 11
-745.1434088192497
 21
456.7298948137202
 31
0.0
  0
LINE
  5
194
330
181
100
AcDbEntity
  8
0
 62
     0
100
AcDbLine
 10
-743.1434088192497
 20
458.7298948137202
 30
0.0
 11
-721.1434088192497
 21
458.7298948137202
 31
0.0
  0
LINE
  5
195
330
181
100
AcDbEntity
  8
0
 62
     0
100
AcDbLine
 10
-721.1434088192497
 20
458.7298948137202
 30
0.0
 11
-721.1434088192497
 21
558.7298948137202
 31
0.0
  0
LINE
  5
196
330
181
100
AcDbEntity
  8
0
 62
     0
100
AcDbLine
 10
-721.1434088192497
 20
558.7298948137202
 30
0.0
 11
-926.1434088192497
 21
558.7298948137202
 31
0.0
  0
ENDBLK
  5
199
330
181
100
AcDbEntity
  8
0
100
AcDbBlockEnd
  0
BLOCK
  5
1B1
330
19A
100
AcDbEntity
  8
0
100
AcDbBlockBegin
  2
Insert13
 70
     0
 10
0.0
 20
0.0
 30
0.0
  3
Insert13
  1

  0
LINE
  5
19B
330
19A
100
AcDbEntity
  8
0
 62
     0
100
AcDbLine
 10
-883.1434088192497
 20
715.7298948137202
 30
0.0
 11
-883.1434088192497
 21
713.7298948137202
 31
0.0
  0
LINE
  5
19C
330
19A
100
AcDbEntity
  8
0
 62
     0
100
AcDbLine
 10
-743.1434088192497
 20
715.7298948137202
 30
0.0
 11
-743.1434088192497
 21
713.7298948137202
 31
0.0
  0
LINE
  5
19D
330
19A
100
AcDbEntity
  8
0
 62
     0
100
AcDbLine
 10
-745.1434088192497
 20
612.7298948137202
 30
0.0
 11
-747.1434088192497
 21
612.7298948137202
 31
0.0
  0
LINE
  5
19E
330
19A
100
AcDbEntity
  8
0
 62
     0
100
AcDbLine
 10
-743.1434088192497
 20
615.7298948137202
 30
0.0
 11
-743.1434088192497
 21
617.7298948137202
 31
0.0
  0
LINE
  5
19F
330
19A
100
AcDbEntity
  8
0
 62
     0
100
AcDbLine
 10
-883.1434088192497
 20
615.7298948137202
 30
0.0
 11
-883.1434088192497
 21
617.7298948137202
 31
0.0
  0
LINE
  5
1A0
330
19A
100
AcDbEntity
  8
0
 62
     0
100
AcDbLine
 10
-881.1434088192497
 20
612.7298948137202
 30
0.0
 11
-879.1434088192497
 21
612.7298948137202
 31
0.0
  0
CIRCLE
  5
1A1
330
19A
100
AcDbEntity
  8
0
 62
     0
100
AcDbCircle
 10
-871.1434088192497
 20
625.7298948137202
 30
0.0
 40
3.0
  0
CIRCLE
  5
1A2
330
19A
100
AcDbEntity
  8
0
 62
     0
100
AcDbCircle
 10
-871.1406054614541
 20
705.7436921485103
 30
0.0
 40
3.0
  0
CIRCLE
  5
1A3
330
19A
100
AcDbEntity
  8
0
 62
     0
100
AcDbCircle
 10
-755.1406054614541
 20
705.7436921485103
 30
0.0
 40
3.0
  0
CIRCLE
  5
1A4
330
19A
100
AcDbEntity
  8
0
 62
     0
100
AcDbCircle
 10
-755.1406054614541
 20
625.7436921485116
 30
0.0
 40
3.0
  0
LINE
  5
1A5
330
19A
100
AcDbEntity
  8
0
 62
     0
100
AcDbLine
 10
-926.1434088192497
 20
615.7298948137216
 30
0.0
 11
-883.1434088192487
 21
615.7298948137216
 31
0.0
  0
ARC
  5
1A6
330
19A
100
AcDbEntity
  8
0
 62
     0
100
AcDbCircle
 10
-883.1434088192497
 20
613.7298948137202
 30
0.0
 40
2.000000000001364
100
AcDbArc
 50
0.0000000000388791
 51
90.0
  0
LINE
  5
1A7
330
19A
100
AcDbEntity
  8
0
 62
     0
100
AcDbLine
 10
-881.1434088192497
 20
613.7298948137202
 30
0.0
 11
-881.1434088192487
 21
568.7298948137202
 31
0.0
  0
LINE
  5
1A8
330
19A
100
AcDbEntity
  8
0
 62
     0
100
AcDbLine
 10
-881.1434088192497
 20
568.7298948137202
 30
0.0
 11
-745.1434088192487
 21
568.7298948137202
 31
0.0
  0
LINE
  5
1A9
330
19A
100
AcDbEntity
  8
0
 62
     0
100
AcDbLine
 10
-745.1434088192487
 20
568.7298948137202
 30
0.0
 11
-745.1434088192497
 21
612.7298948137202
 31
0.0
  0
ARC
  5
1AA
330
19A
100
AcDbEntity
  8
0
 62
     0
100
AcDbCircle
 10
-743.1434088192497
 20
613.7298948137202
 30
0.0
 40
2.0
100
AcDbArc
 50
90.0
 51
180.0
  0
LINE
  5
1AB
330
19A
100
AcDbEntity
  8
0
 62
     0
100
AcDbLine
 10
-926.1434088192497
 20
715.7298948137202
 30
0.0
 11
-926.1434088192497
 21
615.7298948137216
 31
0.0
  0
LINE
  5
1AC
330
19A
100
AcDbEntity
  8
0
 62
     0
100
AcDbLine
 10
-745.1434088192497
 20
612.7298948137202
 30
0.0
 11
-745.1434088192497
 21
613.7298948137202
 31
0.0
  0
LINE
  5
1AD
330
19A
100
AcDbEntity
  8
0
 62
     0
100
AcDbLine
 10
-743.1434088192497
 20
615.7298948137202
 30
0.0
 11
-721.1434088192497
 21
615.7298948137202
 31
0.0
  0
LINE
  5
1AE
330
19A
100
AcDbEntity
  8
0
 62
     0
100
AcDbLine
 10
-721.1434088192497
 20
615.7298948137202
 30
0.0
 11
-721.1434088192497
 21
715.7298948137202
 31
0.0
  0
LINE
  5
1AF
330
19A
100
AcDbEntity
  8
0
 62
     0
100
AcDbLine
 10
-721.1434088192497
 20
715.7298948137202
 30
0.0
 11
-926.1434088192497
 21
715.7298948137202
 31
0.0
  0
ENDBLK
  5
1B2
330
19A
100
AcDbEntity
  8
0
100
AcDbBlockEnd
  0
BLOCK
  5
1CA
330
1B3
100
AcDbEntity
  8
0
100
AcDbBlockBegin
  2
Insert14
 70
     0
 10
0.0
 20
0.0
 30
0.0
  3
Insert14
  1

  0
LINE
  5
1B4
330
1B3
100
AcDbEntity
  8
0
 62
     0
100
AcDbLine
 10
-668.1434088192497
 20
715.7298948137202
 30
0.0
 11
-668.1434088192497
 21
713.7298948137202
 31
0.0
  0
LINE
  5
1B5
330
1B3
100
AcDbEntity
  8
0
 62
     0
100
AcDbLine
 10
-528.1434088192497
 20
715.7298948137202
 30
0.0
 11
-528.1434088192497
 21
713.7298948137202
 31
0.0
  0
LINE
  5
1B6
330
1B3
100
AcDbEntity
  8
0
 62
     0
100
AcDbLine
 10
-530.1434088192497
 20
612.7298948137202
 30
0.0
 11
-532.1434088192497
 21
612.7298948137202
 31
0.0
  0
LINE
  5
1B7
330
1B3
100
AcDbEntity
  8
0
 62
     0
100
AcDbLine
 10
-528.1434088192497
 20
615.7298948137202
 30
0.0
 11
-528.1434088192497
 21
617.7298948137202
 31
0.0
  0
LINE
  5
1B8
330
1B3
100
AcDbEntity
  8
0
 62
     0
100
AcDbLine
 10
-668.1434088192497
 20
615.7298948137202
 30
0.0
 11
-668.1434088192497
 21
617.7298948137202
 31
0.0
  0
LINE
  5
1B9
330
1B3
100
AcDbEntity
  8
0
 62
     0
100
AcDbLine
 10
-666.1434088192497
 20
612.7298948137202
 30
0.0
 11
-664.1434088192497
 21
612.7298948137202
 31
0.0
  0
CIRCLE
  5
1BA
330
1B3
100
AcDbEntity
  8
0
 62
     0
100
AcDbCircle
 10
-656.1434088192497
 20
625.7298948137202
 30
0.0
 40
3.0
  0
CIRCLE
  5
1BB
330
1B3
100
AcDbEntity
  8
0
 62
     0
100
AcDbCircle
 10
-656.1406054614541
 20
705.7436921485103
 30
0.0
 40
3.0
  0
CIRCLE
  5
1BC
330
1B3
100
AcDbEntity
  8
0
 62
     0
100
AcDbCircle
 10
-540.1406054614541
 20
705.7436921485103
 30
0.0
 40
3.0
  0
CIRCLE
  5
1BD
330
1B3
100
AcDbEntity
  8
0
 62
     0
100
AcDbCircle
 10
-540.1406054614541
 20
625.7436921485116
 30
0.0
 40
3.0
  0
LINE
  5
1BE
330
1B3
100
AcDbEntity
  8
0
 62
     0
100
AcDbLine
 10
-711.1434088192497
 20
615.7298948137216
 30
0.0
 11
-668.1434088192487
 21
615.7298948137216
 31
0.0
  0
ARC
  5
1BF
330
1B3
100
AcDbEntity
  8
0
 62
     0
100
AcDbCircle
 10
-668.1434088192497
 20
613.7298948137202
 30
0.0
 40
2.000000000001364
100
AcDbArc
 50
0.0000000000388791
 51
90.0
  0
LINE
  5
1C0
330
1B3
100
AcDbEntity
  8
0
 62
     0
100
AcDbLine
 10
-666.1434088192497
 20
613.7298948137202
 30
0.0
 11
-666.1434088192487
 21
568.7298948137202
 31
0.0
  0
LINE
  5
1C1
330
1B3
100
AcDbEntity
  8
0
 62
     0
100
AcDbLine
 10
-666.1434088192497
 20
568.7298948137202
 30
0.0
 11
-530.1434088192487
 21
568.7298948137202
 31
0.0
  0
LINE
  5
1C2
330
1B3
100
AcDbEntity
  8
0
 62
     0
100
AcDbLine
 10
-530.1434088192487
 20
568.7298948137202
 30
0.0
 11
-530.1434088192497
 21
612.7298948137202
 31
0.0
  0
ARC
  5
1C3
330
1B3
100
AcDbEntity
  8
0
 62
     0
100
AcDbCircle
 10
-528.1434088192497
 20
613.7298948137202
 30
0.0
 40
2.0
100
AcDbArc
 50
90.0
 51
180.0
  0
LINE
  5
1C4
330
1B3
100
AcDbEntity
  8
0
 62
     0
100
AcDbLine
 10
-711.1434088192497
 20
715.7298948137202
 30
0.0
 11
-711.1434088192497
 21
615.7298948137216
 31
0.0
  0
LINE
  5
1C5
330
1B3
100
AcDbEntity
  8
0
 62
     0
100
AcDbLine
 10
-530.1434088192497
 20
612.7298948137202
 30
0.0
 11
-530.1434088192497
 21
613.7298948137202
 31
0.0
  0
LINE
  5
1C6
330
1B3
100
AcDbEntity
  8
0
 62
     0
100
AcDbLine
 10
-528.1434088192497
 20
615.7298948137202
 30
0.0
 11
-506.1434088192498
 21
615.7298948137202
 31
0.0
  0
LINE
  5
1C7
330
1B3
100
AcDbEntity
  8
0
 62
     0
100
AcDbLine
 10
-506.1434088192498
 20
615.7298948137202
 30
0.0
 11
-506.1434088192498
 21
715.7298948137202
 31
0.0
  0
LINE
  5
1C8
330
1B3
100
AcDbEntity
  8
0
 62
     0
100
AcDbLine
 10
-506.1434088192498
 20
715.7298948137202
 30
0.0
 11
-711.1434088192497
 21
715.7298948137202
 31
0.0
  0
ENDBLK
  5
1CB
330
1B3
100
AcDbEntity
  8
0
100
AcDbBlockEnd
  0
BLOCK
  5
1E3
330
1CC
100
AcDbEntity
  8
0
100
AcDbBlockBegin
  2
Insert15
 70
     0
 10
0.0
 20
0.0
 30
0.0
  3
Insert15
  1

  0
LINE
  5
1CD
330
1CC
100
AcDbEntity
  8
0
 62
     0
100
AcDbLine
 10
-668.1434088192497
 20
872.7298948137202
 30
0.0
 11
-668.1434088192497
 21
870.7298948137202
 31
0.0
  0
LINE
  5
1CE
330
1CC
100
AcDbEntity
  8
0
 62
     0
100
AcDbLine
 10
-528.1434088192497
 20
872.7298948137202
 30
0.0
 11
-528.1434088192497
 21
870.7298948137202
 31
0.0
  0
LINE
  5
1CF
330
1CC
100
AcDbEntity
  8
0
 62
     0
100
AcDbLine
 10
-530.1434088192497
 20
769.7298948137202
 30
0.0
 11
-532.1434088192497
 21
769.7298948137202
 31
0.0
  0
LINE
  5
1D0
330
1CC
100
AcDbEntity
  8
0
 62
     0
100
AcDbLine
 10
-528.1434088192497
 20
772.7298948137202
 30
0.0
 11
-528.1434088192497
 21
774.7298948137202
 31
0.0
  0
LINE
  5
1D1
330
1CC
100
AcDbEntity
  8
0
 62
     0
100
AcDbLine
 10
-668.1434088192497
 20
772.7298948137202
 30
0.0
 11
-668.1434088192497
 21
774.7298948137202
 31
0.0
  0
LINE
  5
1D2
330
1CC
100
AcDbEntity
  8
0
 62
     0
100
AcDbLine
 10
-666.1434088192497
 20
769.7298948137202
 30
0.0
 11
-664.1434088192497
 21
769.7298948137202
 31
0.0
  0
CIRCLE
  5
1D3
330
1CC
100
AcDbEntity
  8
0
 62
     0
100
AcDbCircle
 10
-656.1434088192497
 20
782.7298948137202
 30
0.0
 40
3.0
  0
CIRCLE
  5
1D4
330
1CC
100
AcDbEntity
  8
0
 62
     0
100
AcDbCircle
 10
-656.1406054614541
 20
862.7436921485103
 30
0.0
 40
3.0
  0
CIRCLE
  5
1D5
330
1CC
100
AcDbEntity
  8
0
 62
     0
100
AcDbCircle
 10
-540.1406054614541
 20
862.7436921485103
 30
0.0
 40
3.0
  0
CIRCLE
  5
1D6
330
1CC
100
AcDbEntity
  8
0
 62
     0
100
AcDbCircle
 10
-540.1406054614541
 20
782.7436921485116
 30
0.0
 40
3.0
  0
LINE
  5
1D7
330
1CC
100
AcDbEntity
  8
0
 62
     0
100
AcDbLine
 10
-711.1434088192497
 20
772.7298948137216
 30
0.0
 11
-668.1434088192487
 21
772.7298948137216
 31
0.0
  0
ARC
  5
1D8
330
1CC
100
AcDbEntity
  8
0
 62
     0
100
AcDbCircle
 10
-668.1434088192497
 20
770.7298948137202
 30
0.0
 40
2.000000000001364
100
AcDbArc
 50
0.0000000000388791
 51
90.0
  0
LINE
  5
1D9
330
1CC
100
AcDbEntity
  8
0
 62
     0
100
AcDbLine
 10
-666.1434088192497
 20
770.7298948137202
 30
0.0
 11
-666.1434088192487
 21
725.7298948137202
 31
0.0
  0
LINE
  5
1DA
330
1CC
100
AcDbEntity
  8
0
 62
     0
100
AcDbLine
 10
-666.1434088192497
 20
725.7298948137202
 30
0.0
 11
-530.1434088192487
 21
725.7298948137202
 31
0.0
  0
LINE
  5
1DB
330
1CC
100
AcDbEntity
  8
0
 62
     0
100
AcDbLine
 10
-530.1434088192487
 20
725.7298948137202
 30
0.0
 11
-530.1434088192497
 21
769.7298948137202
 31
0.0
  0
ARC
  5
1DC
330
1CC
100
AcDbEntity
  8
0
 62
     0
100
AcDbCircle
 10
-528.1434088192497
 20
770.7298948137202
 30
0.0
 40
2.0
100
AcDbArc
 50
90.0
 51
180.0
  0
LINE
  5
1DD
330
1CC
100
AcDbEntity
  8
0
 62
     0
100
AcDbLine
 10
-711.1434088192497
 20
872.7298948137202
 30
0.0
 11
-711.1434088192497
 21
772.7298948137216
 31
0.0
  0
LINE
  5
1DE
330
1CC
100
AcDbEntity
  8
0
 62
     0
100
AcDbLine
 10
-530.1434088192497
 20
769.7298948137202
 30
0.0
 11
-530.1434088192497
 21
770.7298948137202
 31
0.0
  0
LINE
  5
1DF
330
1CC
100
AcDbEntity
  8
0
 62
     0
100
AcDbLine
 10
-528.1434088192497
 20
772.7298948137202
 30
0.0
 11
-506.1434088192498
 21
772.7298948137202
 31
0.0
  0
LINE
  5
1E0
330
1CC
100
AcDbEntity
  8
0
 62
     0
100
AcDbLine
 10
-506.1434088192498
 20
772.7298948137202
 30
0.0
 11
-506.1434088192498
 21
872.7298948137202
 31
0.0
  0
LINE
  5
1E1
330
1CC
100
AcDbEntity
  8
0
 62
     0
100
AcDbLine
 10
-506.1434088192498
 20
872.7298948137202
 30
0.0
 11
-711.1434088192497
 21
872.7298948137202
 31
0.0
  0
ENDBLK
  5
1E4
330
1CC
100
AcDbEntity
  8
0
100
AcDbBlockEnd
  0
BLOCK
  5
1FC
330
1E5
100
AcDbEntity
  8
0
100
AcDbBlockBegin
  2
Insert16
 70
     0
 10
0.0
 20
0.0
 30
0.0
  3
Insert16
  1

  0
LINE
  5
1E6
330
1E5
100
AcDbEntity
  8
0
 62
     0
100
AcDbLine
 10
-883.1434088192497
 20
872.7298948137202
 30
0.0
 11
-883.1434088192497
 21
870.7298948137202
 31
0.0
  0
LINE
  5
1E7
330
1E5
100
AcDbEntity
  8
0
 62
     0
100
AcDbLine
 10
-743.1434088192497
 20
872.7298948137202
 30
0.0
 11
-743.1434088192497
 21
870.7298948137202
 31
0.0
  0
LINE
  5
1E8
330
1E5
100
AcDbEntity
  8
0
 62
     0
100
AcDbLine
 10
-745.1434088192497
 20
769.7298948137202
 30
0.0
 11
-747.1434088192497
 21
769.7298948137202
 31
0.0
  0
LINE
  5
1E9
330
1E5
100
AcDbEntity
  8
0
 62
     0
100
AcDbLine
 10
-743.1434088192497
 20
772.7298948137202
 30
0.0
 11
-743.1434088192497
 21
774.7298948137202
 31
0.0
  0
LINE
  5
1EA
330
1E5
100
AcDbEntity
  8
0
 62
     0
100
AcDbLine
 10
-883.1434088192497
 20
772.7298948137202
 30
0.0
 11
-883.1434088192497
 21
774.7298948137202
 31
0.0
  0
LINE
  5
1EB
330
1E5
100
AcDbEntity
  8
0
 62
     0
100
AcDbLine
 10
-881.1434088192497
 20
769.7298948137202
 30
0.0
 11
-879.1434088192497
 21
769.7298948137202
 31
0.0
  0
CIRCLE
  5
1EC
330
1E5
100
AcDbEntity
  8
0
 62
     0
100
AcDbCircle
 10
-871.1434088192497
 20
782.7298948137202
 30
0.0
 40
3.0
  0
CIRCLE
  5
1ED
330
1E5
100
AcDbEntity
  8
0
 62
     0
100
AcDbCircle
 10
-871.1406054614541
 20
862.7436921485103
 30
0.0
 40
3.0
  0
CIRCLE
  5
1EE
330
1E5
100
AcDbEntity
  8
0
 62
     0
100
AcDbCircle
 10
-755.1406054614541
 20
862.7436921485103
 30
0.0
 40
3.0
  0
CIRCLE
  5
1EF
330
1E5
100
AcDbEntity
  8
0
 62
     0
100
AcDbCircle
 10
-755.1406054614541
 20
782.7436921485116
 30
0.0
 40
3.0
  0
LINE
  5
1F0
330
1E5
100
AcDbEntity
  8
0
 62
     0
100
AcDbLine
 10
-926.1434088192497
 20
772.7298948137216
 30
0.0
 11
-883.1434088192487
 21
772.7298948137216
 31
0.0
  0
ARC
  5
1F1
330
1E5
100
AcDbEntity
  8
0
 62
     0
100
AcDbCircle
 10
-883.1434088192497
 20
770.7298948137202
 30
0.0
 40
2.000000000001364
100
AcDbArc
 50
0.0000000000388791
 51
90.0
  0
LINE
  5
1F2
330
1E5
100
AcDbEntity
  8
0
 62
     0
100
AcDbLine
 10
-881.1434088192497
 20
770.7298948137202
 30
0.0
 11
-881.1434088192487
 21
725.7298948137202
 31
0.0
  0
LINE
  5
1F3
330
1E5
100
AcDbEntity
  8
0
 62
     0
100
AcDbLine
 10
-881.1434088192497
 20
725.7298948137202
 30
0.0
 11
-745.1434088192487
 21
725.7298948137202
 31
0.0
  0
LINE
  5
1F4
330
1E5
100
AcDbEntity
  8
0
 62
     0
100
AcDbLine
 10
-745.1434088192487
 20
725.7298948137202
 30
0.0
 11
-745.1434088192497
 21
769.7298948137202
 31
0.0
  0
ARC
  5
1F5
330
1E5
100
AcDbEntity
  8
0
 62
     0
100
AcDbCircle
 10
-743.1434088192497
 20
770.7298948137202
 30
0.0
 40
2.0
100
AcDbArc
 50
90.0
 51
180.0
  0
LINE
  5
1F6
330
1E5
100
AcDbEntity
  8
0
 62
     0
100
AcDbLine
 10
-926.1434088192497
 20
872.7298948137202
 30
0.0
 11
-926.1434088192497
 21
772.7298948137216
 31
0.0
  0
LINE
  5
1F7
330
1E5
100
AcDbEntity
  8
0
 62
     0
100
AcDbLine
 10
-745.1434088192497
 20
769.7298948137202
 30
0.0
 11
-745.1434088192497
 21
770.7298948137202
 31
0.0
  0
LINE
  5
1F8
330
1E5
100
AcDbEntity
  8
0
 62
     0
100
AcDbLine
 10
-743.1434088192497
 20
772.7298948137202
 30
0.0
 11
-721.1434088192497
 21
772.7298948137202
 31
0.0
  0
LINE
  5
1F9
330
1E5
100
AcDbEntity
  8
0
 62
     0
100
AcDbLine
 10
-721.1434088192497
 20
772.7298948137202
 30
0.0
 11
-721.1434088192497
 21
872.7298948137202
 31
0.0
  0
LINE
  5
1FA
330
1E5
100
AcDbEntity
  8
0
 62
     0
100
AcDbLine
 10
-721.1434088192497
 20
872.7298948137202
 30
0.0
 11
-926.1434088192497
 21
872.7298948137202
 31
0.0
  0
ENDBLK
  5
1FD
330
1E5
100
AcDbEntity
  8
0
100
AcDbBlockEnd
  0
BLOCK
  5
215
330
1FE
100
AcDbEntity
  8
0
100
AcDbBlockBegin
  2
Insert17
 70
     0
 10
0.0
 20
0.0
 30
0.0
  3
Insert17
  1

  0
LINE
  5
1FF
330
1FE
100
AcDbEntity
  8
0
 62
     0
100
AcDbLine
 10
-883.1434088192497
 20
1029.72989481372
 30
0.0
 11
-883.1434088192497
 21
1027.72989481372
 31
0.0
  0
LINE
  5
200
330
1FE
100
AcDbEntity
  8
0
 62
     0
100
AcDbLine
 10
-743.1434088192497
 20
1029.72989481372
 30
0.0
 11
-743.1434088192497
 21
1027.72989481372
 31
0.0
  0
LINE
  5
201
330
1FE
100
AcDbEntity
  8
0
 62
     0
100
AcDbLine
 10
-745.1434088192497
 20
926.7298948137202
 30
0.0
 11
-747.1434088192497
 21
926.7298948137202
 31
0.0
  0
LINE
  5
202
330
1FE
100
AcDbEntity
  8
0
 62
     0
100
AcDbLine
 10
-743.1434088192497
 20
929.7298948137202
 30
0.0
 11
-743.1434088192497
 21
931.7298948137202
 31
0.0
  0
LINE
  5
203
330
1FE
100
AcDbEntity
  8
0
 62
     0
100
AcDbLine
 10
-883.1434088192497
 20
929.7298948137202
 30
0.0
 11
-883.1434088192497
 21
931.7298948137202
 31
0.0
  0
LINE
  5
204
330
1FE
100
AcDbEntity
  8
0
 62
     0
100
AcDbLine
 10
-881.1434088192497
 20
926.7298948137202
 30
0.0
 11
-879.1434088192497
 21
926.7298948137202
 31
0.0
  0
CIRCLE
  5
205
330
1FE
100
AcDbEntity
  8
0
 62
     0
100
AcDbCircle
 10
-871.1434088192497
 20
939.7298948137202
 30
0.0
 40
3.0
  0
CIRCLE
  5
206
330
1FE
100
AcDbEntity
  8
0
 62
     0
100
AcDbCircle
 10
-871.1406054614541
 20
1019.74369214851
 30
0.0
 40
3.0
  0
CIRCLE
  5
207
330
1FE
100
AcDbEntity
  8
0
 62
     0
100
AcDbCircle
 10
-755.1406054614541
 20
1019.74369214851
 30
0.0
 40
3.0
  0
CIRCLE
  5
208
330
1FE
100
AcDbEntity
  8
0
 62
     0
100
AcDbCircle
 10
-755.1406054614541
 20
939.7436921485116
 30
0.0
 40
3.0
  0
LINE
  5
209
330
1FE
100
AcDbEntity
  8
0
 62
     0
100
AcDbLine
 10
-926.1434088192497
 20
929.7298948137216
 30
0.0
 11
-883.1434088192487
 21
929.7298948137216
 31
0.0
  0
ARC
  5
20A
330
1FE
100
AcDbEntity
  8
0
 62
     0
100
AcDbCircle
 10
-883.1434088192497
 20
927.7298948137202
 30
0.0
 40
2.000000000001364
100
AcDbArc
 50
0.0000000000388791
 51
90.0
  0
LINE
  5
20B
330
1FE
100
AcDbEntity
  8
0
 62
     0
100
AcDbLine
 10
-881.1434088192497
 20
927.7298948137202
 30
0.0
 11
-881.1434088192487
 21
882.7298948137202
 31
0.0
  0
LINE
  5
20C
330
1FE
100
AcDbEntity
  8
0
 62
     0
100
AcDbLine
 10
-881.1434088192497
 20
882.7298948137202
 30
0.0
 11
-745.1434088192487
 21
882.7298948137202
 31
0.0
  0
LINE
  5
20D
330
1FE
100
AcDbEntity
  8
0
 62
     0
100
AcDbLine
 10
-745.1434088192487
 20
882.7298948137202
 30
0.0
 11
-745.1434088192497
 21
926.7298948137202
 31
0.0
  0
ARC
  5
20E
330
1FE
100
AcDbEntity
  8
0
 62
     0
100
AcDbCircle
 10
-743.1434088192497
 20
927.7298948137202
 30
0.0
 40
2.0
100
AcDbArc
 50
90.0
 51
180.0
  0
LINE
  5
20F
330
1FE
100
AcDbEntity
  8
0
 62
     0
100
AcDbLine
 10
-926.1434088192497
 20
1029.72989481372
 30
0.0
 11
-926.1434088192497
 21
929.7298948137216
 31
0.0
  0
LINE
  5
210
330
1FE
100
AcDbEntity
  8
0
 62
     0
100
AcDbLine
 10
-745.1434088192497
 20
926.7298948137202
 30
0.0
 11
-745.1434088192497
 21
927.7298948137202
 31
0.0
  0
LINE
  5
211
330
1FE
100
AcDbEntity
  8
0
 62
     0
100
AcDbLine
 10
-743.1434088192497
 20
929.7298948137202
 30
0.0
 11
-721.1434088192497
 21
929.7298948137202
 31
0.0
  0
LINE
  5
212
330
1FE
100
AcDbEntity
  8
0
 62
     0
100
AcDbLine
 10
-721.1434088192497
 20
929.7298948137202
 30
0.0
 11
-721.1434088192497
 21
1029.72989481372
 31
0.0
  0
LINE
  5
213
330
1FE
100
AcDbEntity
  8
0
 62
     0
100
AcDbLine
 10
-721.1434088192497
 20
1029.72989481372
 30
0.0
 11
-926.1434088192497
 21
1029.72989481372
 31
0.0
  0
ENDBLK
  5
216
330
1FE
100
AcDbEntity
  8
0
100
AcDbBlockEnd
  0
BLOCK
  5
22E
330
217
100
AcDbEntity
  8
0
100
AcDbBlockBegin
  2
Insert18
 70
     0
 10
0.0
 20
0.0
 30
0.0
  3
Insert18
  1

  0
LINE
  5
218
330
217
100
AcDbEntity
  8
0
 62
     0
100
AcDbLine
 10
-668.1434088192497
 20
1029.72989481372
 30
0.0
 11
-668.1434088192497
 21
1027.72989481372
 31
0.0
  0
LINE
  5
219
330
217
100
AcDbEntity
  8
0
 62
     0
100
AcDbLine
 10
-528.1434088192497
 20
1029.72989481372
 30
0.0
 11
-528.1434088192497
 21
1027.72989481372
 31
0.0
  0
LINE
  5
21A
330
217
100
AcDbEntity
  8
0
 62
     0
100
AcDbLine
 10
-530.1434088192497
 20
926.7298948137202
 30
0.0
 11
-532.1434088192497
 21
926.7298948137202
 31
0.0
  0
LINE
  5
21B
330
217
100
AcDbEntity
  8
0
 62
     0
100
AcDbLine
 10
-528.1434088192497
 20
929.7298948137202
 30
0.0
 11
-528.1434088192497
 21
931.7298948137202
 31
0.0
  0
LINE
  5
21C
330
217
100
AcDbEntity
  8
0
 62
     0
100
AcDbLine
 10
-668.1434088192497
 20
929.7298948137202
 30
0.0
 11
-668.1434088192497
 21
931.7298948137202
 31
0.0
  0
LINE
  5
21D
330
217
100
AcDbEntity
  8
0
 62
     0
100
AcDbLine
 10
-666.1434088192497
 20
926.7298948137202
 30
0.0
 11
-664.1434088192497
 21
926.7298948137202
 31
0.0
  0
CIRCLE
  5
21E
330
217
100
AcDbEntity
  8
0
 62
     0
100
AcDbCircle
 10
-656.1434088192497
 20
939.7298948137202
 30
0.0
 40
3.0
  0
CIRCLE
  5
21F
330
217
100
AcDbEntity
  8
0
 62
     0
100
AcDbCircle
 10
-656.1406054614541
 20
1019.74369214851
 30
0.0
 40
3.0
  0
CIRCLE
  5
220
330
217
100
AcDbEntity
  8
0
 62
     0
100
AcDbCircle
 10
-540.1406054614541
 20
1019.74369214851
 30
0.0
 40
3.0
  0
CIRCLE
  5
221
330
217
100
AcDbEntity
  8
0
 62
     0
100
AcDbCircle
 10
-540.1406054614541
 20
939.7436921485116
 30
0.0
 40
3.0
  0
LINE
  5
222
330
217
100
AcDbEntity
  8
0
 62
     0
100
AcDbLine
 10
-711.1434088192497
 20
929.7298948137216
 30
0.0
 11
-668.1434088192487
 21
929.7298948137216
 31
0.0
  0
ARC
  5
223
330
217
100
AcDbEntity
  8
0
 62
     0
100
AcDbCircle
 10
-668.1434088192497
 20
927.7298948137202
 30
0.0
 40
2.000000000001364
100
AcDbArc
 50
0.0000000000388791
 51
90.0
  0
LINE
  5
224
330
217
100
AcDbEntity
  8
0
 62
     0
100
AcDbLine
 10
-666.1434088192497
 20
927.7298948137202
 30
0.0
 11
-666.1434088192487
 21
882.7298948137202
 31
0.0
  0
LINE
  5
225
330
217
100
AcDbEntity
  8
0
 62
     0
100
AcDbLine
 10
-666.1434088192497
 20
882.7298948137202
 30
0.0
 11
-530.1434088192487
 21
882.7298948137202
 31
0.0
  0
LINE
  5
226
330
217
100
AcDbEntity
  8
0
 62
     0
100
AcDbLine
 10
-530.1434088192487
 20
882.7298948137202
 30
0.0
 11
-530.1434088192497
 21
926.7298948137202
 31
0.0
  0
ARC
  5
227
330
217
100
AcDbEntity
  8
0
 62
     0
100
AcDbCircle
 10
-528.1434088192497
 20
927.7298948137202
 30
0.0
 40
2.0
100
AcDbArc
 50
90.0
 51
180.0
  0
LINE
  5
228
330
217
100
AcDbEntity
  8
0
 62
     0
100
AcDbLine
 10
-711.1434088192497
 20
1029.72989481372
 30
0.0
 11
-711.1434088192497
 21
929.7298948137216
 31
0.0
  0
LINE
  5
229
330
217
100
AcDbEntity
  8
0
 62
     0
100
AcDbLine
 10
-530.1434088192497
 20
926.7298948137202
 30
0.0
 11
-530.1434088192497
 21
927.7298948137202
 31
0.0
  0
LINE
  5
22A
330
217
100
AcDbEntity
  8
0
 62
     0
100
AcDbLine
 10
-528.1434088192497
 20
929.7298948137202
 30
0.0
 11
-506.1434088192497
 21
929.7298948137202
 31
0.0
  0
LINE
  5
22B
330
217
100
AcDbEntity
  8
0
 62
     0
100
AcDbLine
 10
-506.1434088192497
 20
929.7298948137202
 30
0.0
 11
-506.1434088192497
 21
1029.72989481372
 31
0.0
  0
LINE
  5
22C
330
217
100
AcDbEntity
  8
0
 62
     0
100
AcDbLine
 10
-506.1434088192497
 20
1029.72989481372
 30
0.0
 11
-711.1434088192497
 21
1029.72989481372
 31
0.0
  0
ENDBLK
  5
22F
330
217
100
AcDbEntity
  8
0
100
AcDbBlockEnd
  0
BLOCK
  5
247
330
230
100
AcDbEntity
  8
0
100
AcDbBlockBegin
  2
Insert19
 70
     0
 10
0.0
 20
0.0
 30
0.0
  3
Insert19
  1

  0
LINE
  5
231
330
230
100
AcDbEntity
  8
0
 62
     0
100
AcDbLine
 10
-668.1434088192497
 20
1186.72989481372
 30
0.0
 11
-668.1434088192497
 21
1184.72989481372
 31
0.0
  0
LINE
  5
232
330
230
100
AcDbEntity
  8
0
 62
     0
100
AcDbLine
 10
-528.1434088192497
 20
1186.72989481372
 30
0.0
 11
-528.1434088192497
 21
1184.72989481372
 31
0.0
  0
LINE
  5
233
330
230
100
AcDbEntity
  8
0
 62
     0
100
AcDbLine
 10
-530.1434088192497
 20
1083.72989481372
 30
0.0
 11
-532.1434088192497
 21
1083.72989481372
 31
0.0
  0
LINE
  5
234
330
230
100
AcDbEntity
  8
0
 62
     0
100
AcDbLine
 10
-528.1434088192497
 20
1086.72989481372
 30
0.0
 11
-528.1434088192497
 21
1088.72989481372
 31
0.0
  0
LINE
  5
235
330
230
100
AcDbEntity
  8
0
 62
     0
100
AcDbLine
 10
-668.1434088192497
 20
1086.72989481372
 30
0.0
 11
-668.1434088192497
 21
1088.72989481372
 31
0.0
  0
LINE
  5
236
330
230
100
AcDbEntity
  8
0
 62
     0
100
AcDbLine
 10
-666.1434088192497
 20
1083.72989481372
 30
0.0
 11
-664.1434088192497
 21
1083.72989481372
 31
0.0
  0
CIRCLE
  5
237
330
230
100
AcDbEntity
  8
0
 62
     0
100
AcDbCircle
 10
-656.1434088192497
 20
1096.72989481372
 30
0.0
 40
3.0
  0
CIRCLE
  5
238
330
230
100
AcDbEntity
  8
0
 62
     0
100
AcDbCircle
 10
-656.1406054614541
 20
1176.74369214851
 30
0.0
 40
3.0
  0
CIRCLE
  5
239
330
230
100
AcDbEntity
  8
0
 62
     0
100
AcDbCircle
 10
-540.1406054614541
 20
1176.74369214851
 30
0.0
 40
3.0
  0
CIRCLE
  5
23A
330
230
100
AcDbEntity
  8
0
 62
     0
100
AcDbCircle
 10
-540.1406054614541
 20
1096.743692148511
 30
0.0
 40
3.0
  0
LINE
  5
23B
330
230
100
AcDbEntity
  8
0
 62
     0
100
AcDbLine
 10
-711.1434088192497
 20
1086.729894813721
 30
0.0
 11
-668.1434088192487
 21
1086.729894813721
 31
0.0
  0
ARC
  5
23C
330
230
100
AcDbEntity
  8
0
 62
     0
100
AcDbCircle
 10
-668.1434088192497
 20
1084.72989481372
 30
0.0
 40
2.000000000001364
100
AcDbArc
 50
0.0000000000388791
 51
90.0
  0
LINE
  5
23D
330
230
100
AcDbEntity
  8
0
 62
     0
100
AcDbLine
 10
-666.1434088192497
 20
1084.72989481372
 30
0.0
 11
-666.1434088192487
 21
1039.72989481372
 31
0.0
  0
LINE
  5
23E
330
230
100
AcDbEntity
  8
0
 62
     0
100
AcDbLine
 10
-666.1434088192497
 20
1039.72989481372
 30
0.0
 11
-530.1434088192487
 21
1039.72989481372
 31
0.0
  0
LINE
  5
23F
330
230
100
AcDbEntity
  8
0
 62
     0
100
AcDbLine
 10
-530.1434088192487
 20
1039.72989481372
 30
0.0
 11
-530.1434088192497
 21
1083.72989481372
 31
0.0
  0
ARC
  5
240
330
230
100
AcDbEntity
  8
0
 62
     0
100
AcDbCircle
 10
-528.1434088192497
 20
1084.72989481372
 30
0.0
 40
2.0
100
AcDbArc
 50
90.0
 51
180.0
  0
LINE
  5
241
330
230
100
AcDbEntity
  8
0
 62
     0
100
AcDbLine
 10
-711.1434088192497
 20
1186.72989481372
 30
0.0
 11
-711.1434088192497
 21
1086.729894813721
 31
0.0
  0
LINE
  5
242
330
230
100
AcDbEntity
  8
0
 62
     0
100
AcDbLine
 10
-530.1434088192497
 20
1083.72989481372
 30
0.0
 11
-530.1434088192497
 21
1084.72989481372
 31
0.0
  0
LINE
  5
243
330
230
100
AcDbEntity
  8
0
 62
     0
100
AcDbLine
 10
-528.1434088192497
 20
1086.72989481372
 30
0.0
 11
-506.1434088192497
 21
1086.72989481372
 31
0.0
  0
LINE
  5
244
330
230
100
AcDbEntity
  8
0
 62
     0
100
AcDbLine
 10
-506.1434088192497
 20
1086.72989481372
 30
0.0
 11
-506.1434088192497
 21
1186.72989481372
 31
0.0
  0
LINE
  5
245
330
230
100
AcDbEntity
  8
0
 62
     0
100
AcDbLine
 10
-506.1434088192497
 20
1186.72989481372
 30
0.0
 11
-711.1434088192497
 21
1186.72989481372
 31
0.0
  0
ENDBLK
  5
248
330
230
100
AcDbEntity
  8
0
100
AcDbBlockEnd
  0
BLOCK
  5
260
330
249
100
AcDbEntity
  8
0
100
AcDbBlockBegin
  2
Insert20
 70
     0
 10
0.0
 20
0.0
 30
0.0
  3
Insert20
  1

  0
LINE
  5
24A
330
249
100
AcDbEntity
  8
0
 62
     0
100
AcDbLine
 10
-883.1434088192497
 20
1186.72989481372
 30
0.0
 11
-883.1434088192497
 21
1184.72989481372
 31
0.0
  0
LINE
  5
24B
330
249
100
AcDbEntity
  8
0
 62
     0
100
AcDbLine
 10
-743.1434088192497
 20
1186.72989481372
 30
0.0
 11
-743.1434088192497
 21
1184.72989481372
 31
0.0
  0
LINE
  5
24C
330
249
100
AcDbEntity
  8
0
 62
     0
100
AcDbLine
 10
-745.1434088192497
 20
1083.72989481372
 30
0.0
 11
-747.1434088192497
 21
1083.72989481372
 31
0.0
  0
LINE
  5
24D
330
249
100
AcDbEntity
  8
0
 62
     0
100
AcDbLine
 10
-743.1434088192497
 20
1086.72989481372
 30
0.0
 11
-743.1434088192497
 21
1088.72989481372
 31
0.0
  0
LINE
  5
24E
330
249
100
AcDbEntity
  8
0
 62
     0
100
AcDbLine
 10
-883.1434088192497
 20
1086.72989481372
 30
0.0
 11
-883.1434088192497
 21
1088.72989481372
 31
0.0
  0
LINE
  5
24F
330
249
100
AcDbEntity
  8
0
 62
     0
100
AcDbLine
 10
-881.1434088192497
 20
1083.72989481372
 30
0.0
 11
-879.1434088192497
 21
1083.72989481372
 31
0.0
  0
CIRCLE
  5
250
330
249
100
AcDbEntity
  8
0
 62
     0
100
AcDbCircle
 10
-871.1434088192497
 20
1096.72989481372
 30
0.0
 40
3.0
  0
CIRCLE
  5
251
330
249
100
AcDbEntity
  8
0
 62
     0
100
AcDbCircle
 10
-871.1406054614541
 20
1176.74369214851
 30
0.0
 40
3.0
  0
CIRCLE
  5
252
330
249
100
AcDbEntity
  8
0
 62
     0
100
AcDbCircle
 10
-755.1406054614541
 20
1176.74369214851
 30
0.0
 40
3.0
  0
CIRCLE
  5
253
330
249
100
AcDbEntity
  8
0
 62
     0
100
AcDbCircle
 10
-755.1406054614541
 20
1096.743692148511
 30
0.0
 40
3.0
  0
LINE
  5
254
330
249
100
AcDbEntity
  8
0
 62
     0
100
AcDbLine
 10
-926.1434088192497
 20
1086.729894813721
 30
0.0
 11
-883.1434088192487
 21
1086.729894813721
 31
0.0
  0
ARC
  5
255
330
249
100
AcDbEntity
  8
0
 62
     0
100
AcDbCircle
 10
-883.1434088192497
 20
1084.72989481372
 30
0.0
 40
2.000000000001364
100
AcDbArc
 50
0.0000000000388791
 51
90.0
  0
LINE
  5
256
330
249
100
AcDbEntity
  8
0
 62
     0
100
AcDbLine
 10
-881.1434088192497
 20
1084.72989481372
 30
0.0
 11
-881.1434088192487
 21
1039.72989481372
 31
0.0
  0
LINE
  5
257
330
249
100
AcDbEntity
  8
0
 62
     0
100
AcDbLine
 10
-881.1434088192497
 20
1039.72989481372
 30
0.0
 11
-745.1434088192487
 21
1039.72989481372
 31
0.0
  0
LINE
  5
258
330
249
100
AcDbEntity
  8
0
 62
     0
100
AcDbLine
 10
-745.1434088192487
 20
1039.72989481372
 30
0.0
 11
-745.1434088192497
 21
1083.72989481372
 31
0.0
  0
ARC
  5
259
330
249
100
AcDbEntity
  8
0
 62
     0
100
AcDbCircle
 10
-743.1434088192497
 20
1084.72989481372
 30
0.0
 40
2.0
100
AcDbArc
 50
90.0
 51
180.0
  0
LINE
  5
25A
330
249
100
AcDbEntity
  8
0
 62
     0
100
AcDbLine
 10
-926.1434088192497
 20
1186.72989481372
 30
0.0
 11
-926.1434088192497
 21
1086.729894813721
 31
0.0
  0
LINE
  5
25B
330
249
100
AcDbEntity
  8
0
 62
     0
100
AcDbLine
 10
-745.1434088192497
 20
1083.72989481372
 30
0.0
 11
-745.1434088192497
 21
1084.72989481372
 31
0.0
  0
LINE
  5
25C
330
249
100
AcDbEntity
  8
0
 62
     0
100
AcDbLine
 10
-743.1434088192497
 20
1086.72989481372
 30
0.0
 11
-721.1434088192497
 21
1086.72989481372
 31
0.0
  0
LINE
  5
25D
330
249
100
AcDbEntity
  8
0
 62
     0
100
AcDbLine
 10
-721.1434088192497
 20
1086.72989481372
 30
0.0
 11
-721.1434088192497
 21
1186.72989481372
 31
0.0
  0
LINE
  5
25E
330
249
100
AcDbEntity
  8
0
 62
     0
100
AcDbLine
 10
-721.1434088192497
 20
1186.72989481372
 30
0.0
 11
-926.1434088192497
 21
1186.72989481372
 31
0.0
  0
ENDBLK
  5
261
330
249
100
AcDbEntity
  8
0
100
AcDbBlockEnd
  0
BLOCK
  5
279
330
262
100
AcDbEntity
  8
0
100
AcDbBlockBegin
  2
Insert21
 70
     0
 10
0.0
 20
0.0
 30
0.0
  3
Insert21
  1

  0
LINE
  5
263
330
262
100
AcDbEntity
  8
0
 62
     0
100
AcDbLine
 10
-883.1434088192497
 20
1343.72989481372
 30
0.0
 11
-883.1434088192497
 21
1341.72989481372
 31
0.0
  0
LINE
  5
264
330
262
100
AcDbEntity
  8
0
 62
     0
100
AcDbLine
 10
-743.1434088192497
 20
1343.72989481372
 30
0.0
 11
-743.1434088192497
 21
1341.72989481372
 31
0.0
  0
LINE
  5
265
330
262
100
AcDbEntity
  8
0
 62
     0
100
AcDbLine
 10
-745.1434088192497
 20
1240.72989481372
 30
0.0
 11
-747.1434088192497
 21
1240.72989481372
 31
0.0
  0
LINE
  5
266
330
262
100
AcDbEntity
  8
0
 62
     0
100
AcDbLine
 10
-743.1434088192497
 20
1243.72989481372
 30
0.0
 11
-743.1434088192497
 21
1245.72989481372
 31
0.0
  0
LINE
  5
267
330
262
100
AcDbEntity
  8
0
 62
     0
100
AcDbLine
 10
-883.1434088192497
 20
1243.72989481372
 30
0.0
 11
-883.1434088192497
 21
1245.72989481372
 31
0.0
  0
LINE
  5
268
330
262
100
AcDbEntity
  8
0
 62
     0
100
AcDbLine
 10
-881.1434088192497
 20
1240.72989481372
 30
0.0
 11
-879.1434088192497
 21
1240.72989481372
 31
0.0
  0
CIRCLE
  5
269
330
262
100
AcDbEntity
  8
0
 62
     0
100
AcDbCircle
 10
-871.1434088192497
 20
1253.72989481372
 30
0.0
 40
3.0
  0
CIRCLE
  5
26A
330
262
100
AcDbEntity
  8
0
 62
     0
100
AcDbCircle
 10
-871.1406054614541
 20
1333.74369214851
 30
0.0
 40
3.0
  0
CIRCLE
  5
26B
330
262
100
AcDbEntity
  8
0
 62
     0
100
AcDbCircle
 10
-755.1406054614541
 20
1333.74369214851
 30
0.0
 40
3.0
  0
CIRCLE
  5
26C
330
262
100
AcDbEntity
  8
0
 62
     0
100
AcDbCircle
 10
-755.1406054614541
 20
1253.743692148511
 30
0.0
 40
3.0
  0
LINE
  5
26D
330
262
100
AcDbEntity
  8
0
 62
     0
100
AcDbLine
 10
-926.1434088192497
 20
1243.729894813721
 30
0.0
 11
-883.1434088192487
 21
1243.729894813721
 31
0.0
  0
ARC
  5
26E
330
262
100
AcDbEntity
  8
0
 62
     0
100
AcDbCircle
 10
-883.1434088192497
 20
1241.72989481372
 30
0.0
 40
2.000000000001364
100
AcDbArc
 50
0.0000000000388791
 51
90.0
  0
LINE
  5
26F
330
262
100
AcDbEntity
  8
0
 62
     0
100
AcDbLine
 10
-881.1434088192497
 20
1241.72989481372
 30
0.0
 11
-881.1434088192487
 21
1196.72989481372
 31
0.0
  0
LINE
  5
270
330
262
100
AcDbEntity
  8
0
 62
     0
100
AcDbLine
 10
-881.1434088192497
 20
1196.72989481372
 30
0.0
 11
-745.1434088192487
 21
1196.72989481372
 31
0.0
  0
LINE
  5
271
330
262
100
AcDbEntity
  8
0
 62
     0
100
AcDbLine
 10
-745.1434088192487
 20
1196.72989481372
 30
0.0
 11
-745.1434088192497
 21
1240.72989481372
 31
0.0
  0
ARC
  5
272
330
262
100
AcDbEntity
  8
0
 62
     0
100
AcDbCircle
 10
-743.1434088192497
 20
1241.72989481372
 30
0.0
 40
2.0
100
AcDbArc
 50
90.0
 51
180.0
  0
LINE
  5
273
330
262
100
AcDbEntity
  8
0
 62
     0
100
AcDbLine
 10
-926.1434088192497
 20
1343.72989481372
 30
0.0
 11
-926.1434088192497
 21
1243.729894813721
 31
0.0
  0
LINE
  5
274
330
262
100
AcDbEntity
  8
0
 62
     0
100
AcDbLine
 10
-745.1434088192497
 20
1240.72989481372
 30
0.0
 11
-745.1434088192497
 21
1241.72989481372
 31
0.0
  0
LINE
  5
275
330
262
100
AcDbEntity
  8
0
 62
     0
100
AcDbLine
 10
-743.1434088192497
 20
1243.72989481372
 30
0.0
 11
-721.1434088192497
 21
1243.72989481372
 31
0.0
  0
LINE
  5
276
330
262
100
AcDbEntity
  8
0
 62
     0
100
AcDbLine
 10
-721.1434088192497
 20
1243.72989481372
 30
0.0
 11
-721.1434088192497
 21
1343.72989481372
 31
0.0
  0
LINE
  5
277
330
262
100
AcDbEntity
  8
0
 62
     0
100
AcDbLine
 10
-721.1434088192497
 20
1343.72989481372
 30
0.0
 11
-926.1434088192497
 21
1343.72989481372
 31
0.0
  0
ENDBLK
  5
27A
330
262
100
AcDbEntity
  8
0
100
AcDbBlockEnd
  0
BLOCK
  5
292
330
27B
100
AcDbEntity
  8
0
100
AcDbBlockBegin
  2
Insert22
 70
     0
 10
0.0
 20
0.0
 30
0.0
  3
Insert22
  1

  0
LINE
  5
27C
330
27B
100
AcDbEntity
  8
0
 62
     0
100
AcDbLine
 10
-668.1434088192497
 20
1343.72989481372
 30
0.0
 11
-668.1434088192497
 21
1341.72989481372
 31
0.0
  0
LINE
  5
27D
330
27B
100
AcDbEntity
  8
0
 62
     0
100
AcDbLine
 10
-528.1434088192497
 20
1343.72989481372
 30
0.0
 11
-528.1434088192497
 21
1341.72989481372
 31
0.0
  0
LINE
  5
27E
330
27B
100
AcDbEntity
  8
0
 62
     0
100
AcDbLine
 10
-530.1434088192497
 20
1240.72989481372
 30
0.0
 11
-532.1434088192497
 21
1240.72989481372
 31
0.0
  0
LINE
  5
27F
330
27B
100
AcDbEntity
  8
0
 62
     0
100
AcDbLine
 10
-528.1434088192497
 20
1243.72989481372
 30
0.0
 11
-528.1434088192497
 21
1245.72989481372
 31
0.0
  0
LINE
  5
280
330
27B
100
AcDbEntity
  8
0
 62
     0
100
AcDbLine
 10
-668.1434088192497
 20
1243.72989481372
 30
0.0
 11
-668.1434088192497
 21
1245.72989481372
 31
0.0
  0
LINE
  5
281
330
27B
100
AcDbEntity
  8
0
 62
     0
100
AcDbLine
 10
-666.1434088192497
 20
1240.72989481372
 30
0.0
 11
-664.1434088192497
 21
1240.72989481372
 31
0.0
  0
CIRCLE
  5
282
330
27B
100
AcDbEntity
  8
0
 62
     0
100
AcDbCircle
 10
-656.1434088192497
 20
1253.72989481372
 30
0.0
 40
3.0
  0
CIRCLE
  5
283
330
27B
100
AcDbEntity
  8
0
 62
     0
100
AcDbCircle
 10
-656.1406054614541
 20
1333.74369214851
 30
0.0
 40
3.0
  0
CIRCLE
  5
284
330
27B
100
AcDbEntity
  8
0
 62
     0
100
AcDbCircle
 10
-540.1406054614541
 20
1333.74369214851
 30
0.0
 40
3.0
  0
CIRCLE
  5
285
330
27B
100
AcDbEntity
  8
0
 62
     0
100
AcDbCircle
 10
-540.1406054614541
 20
1253.743692148511
 30
0.0
 40
3.0
  0
LINE
  5
286
330
27B
100
AcDbEntity
  8
0
 62
     0
100
AcDbLine
 10
-711.1434088192497
 20
1243.729894813721
 30
0.0
 11
-668.1434088192487
 21
1243.729894813721
 31
0.0
  0
ARC
  5
287
330
27B
100
AcDbEntity
  8
0
 62
     0
100
AcDbCircle
 10
-668.1434088192497
 20
1241.72989481372
 30
0.0
 40
2.000000000001364
100
AcDbArc
 50
0.0000000000388791
 51
90.0
  0
LINE
  5
288
330
27B
100
AcDbEntity
  8
0
 62
     0
100
AcDbLine
 10
-666.1434088192497
 20
1241.72989481372
 30
0.0
 11
-666.1434088192487
 21
1196.72989481372
 31
0.0
  0
LINE
  5
289
330
27B
100
AcDbEntity
  8
0
 62
     0
100
AcDbLine
 10
-666.1434088192497
 20
1196.72989481372
 30
0.0
 11
-530.1434088192487
 21
1196.72989481372
 31
0.0
  0
LINE
  5
28A
330
27B
100
AcDbEntity
  8
0
 62
     0
100
AcDbLine
 10
-530.1434088192487
 20
1196.72989481372
 30
0.0
 11
-530.1434088192497
 21
1240.72989481372
 31
0.0
  0
ARC
  5
28B
330
27B
100
AcDbEntity
  8
0
 62
     0
100
AcDbCircle
 10
-528.1434088192497
 20
1241.72989481372
 30
0.0
 40
2.0
100
AcDbArc
 50
90.0
 51
180.0
  0
LINE
  5
28C
330
27B
100
AcDbEntity
  8
0
 62
     0
100
AcDbLine
 10
-711.1434088192497
 20
1343.72989481372
 30
0.0
 11
-711.1434088192497
 21
1243.729894813721
 31
0.0
  0
LINE
  5
28D
330
27B
100
AcDbEntity
  8
0
 62
     0
100
AcDbLine
 10
-530.1434088192497
 20
1240.72989481372
 30
0.0
 11
-530.1434088192497
 21
1241.72989481372
 31
0.0
  0
LINE
  5
28E
330
27B
100
AcDbEntity
  8
0
 62
     0
100
AcDbLine
 10
-528.1434088192497
 20
1243.72989481372
 30
0.0
 11
-506.1434088192497
 21
1243.72989481372
 31
0.0
  0
LINE
  5
28F
330
27B
100
AcDbEntity
  8
0
 62
     0
100
AcDbLine
 10
-506.1434088192497
 20
1243.72989481372
 30
0.0
 11
-506.1434088192497
 21
1343.72989481372
 31
0.0
  0
LINE
  5
290
330
27B
100
AcDbEntity
  8
0
 62
     0
100
AcDbLine
 10
-506.1434088192497
 20
1343.72989481372
 30
0.0
 11
-711.1434088192497
 21
1343.72989481372
 31
0.0
  0
ENDBLK
  5
293
330
27B
100
AcDbEntity
  8
0
100
AcDbBlockEnd
  0
BLOCK
  5
2AB
330
294
100
AcDbEntity
  8
0
100
AcDbBlockBegin
  2
Insert23
 70
     0
 10
0.0
 20
0.0
 30
0.0
  3
Insert23
  1

  0
LINE
  5
295
330
294
100
AcDbEntity
  8
0
 62
     0
100
AcDbLine
 10
-668.1434088192497
 20
1500.72989481372
 30
0.0
 11
-668.1434088192497
 21
1498.72989481372
 31
0.0
  0
LINE
  5
296
330
294
100
AcDbEntity
  8
0
 62
     0
100
AcDbLine
 10
-528.1434088192497
 20
1500.72989481372
 30
0.0
 11
-528.1434088192497
 21
1498.72989481372
 31
0.0
  0
LINE
  5
297
330
294
100
AcDbEntity
  8
0
 62
     0
100
AcDbLine
 10
-530.1434088192497
 20
1397.72989481372
 30
0.0
 11
-532.1434088192497
 21
1397.72989481372
 31
0.0
  0
LINE
  5
298
330
294
100
AcDbEntity
  8
0
 62
     0
100
AcDbLine
 10
-528.1434088192497
 20
1400.72989481372
 30
0.0
 11
-528.1434088192497
 21
1402.72989481372
 31
0.0
  0
LINE
  5
299
330
294
100
AcDbEntity
  8
0
 62
     0
100
AcDbLine
 10
-668.1434088192497
 20
1400.72989481372
 30
0.0
 11
-668.1434088192497
 21
1402.72989481372
 31
0.0
  0
LINE
  5
29A
330
294
100
AcDbEntity
  8
0
 62
     0
100
AcDbLine
 10
-666.1434088192497
 20
1397.72989481372
 30
0.0
 11
-664.1434088192497
 21
1397.72989481372
 31
0.0
  0
CIRCLE
  5
29B
330
294
100
AcDbEntity
  8
0
 62
     0
100
AcDbCircle
 10
-656.1434088192497
 20
1410.72989481372
 30
0.0
 40
3.0
  0
CIRCLE
  5
29C
330
294
100
AcDbEntity
  8
0
 62
     0
100
AcDbCircle
 10
-656.1406054614541
 20
1490.74369214851
 30
0.0
 40
3.0
  0
CIRCLE
  5
29D
330
294
100
AcDbEntity
  8
0
 62
     0
100
AcDbCircle
 10
-540.1406054614541
 20
1490.74369214851
 30
0.0
 40
3.0
  0
CIRCLE
  5
29E
330
294
100
AcDbEntity
  8
0
 62
     0
100
AcDbCircle
 10
-540.1406054614541
 20
1410.743692148511
 30
0.0
 40
3.0
  0
LINE
  5
29F
330
294
100
AcDbEntity
  8
0
 62
     0
100
AcDbLine
 10
-711.1434088192497
 20
1400.729894813721
 30
0.0
 11
-668.1434088192487
 21
1400.729894813721
 31
0.0
  0
ARC
  5
2A0
330
294
100
AcDbEntity
  8
0
 62
     0
100
AcDbCircle
 10
-668.1434088192497
 20
1398.72989481372
 30
0.0
 40
2.000000000001364
100
AcDbArc
 50
0.0000000000388791
 51
90.0
  0
LINE
  5
2A1
330
294
100
AcDbEntity
  8
0
 62
     0
100
AcDbLine
 10
-666.1434088192497
 20
1398.72989481372
 30
0.0
 11
-666.1434088192487
 21
1353.72989481372
 31
0.0
  0
LINE
  5
2A2
330
294
100
AcDbEntity
  8
0
 62
     0
100
AcDbLine
 10
-666.1434088192497
 20
1353.72989481372
 30
0.0
 11
-530.1434088192487
 21
1353.72989481372
 31
0.0
  0
LINE
  5
2A3
330
294
100
AcDbEntity
  8
0
 62
     0
100
AcDbLine
 10
-530.1434088192487
 20
1353.72989481372
 30
0.0
 11
-530.1434088192497
 21
1397.72989481372
 31
0.0
  0
ARC
  5
2A4
330
294
100
AcDbEntity
  8
0
 62
     0
100
AcDbCircle
 10
-528.1434088192497
 20
1398.72989481372
 30
0.0
 40
2.0
100
AcDbArc
 50
90.0
 51
180.0
  0
LINE
  5
2A5
330
294
100
AcDbEntity
  8
0
 62
     0
100
AcDbLine
 10
-711.1434088192497
 20
1500.72989481372
 30
0.0
 11
-711.1434088192497
 21
1400.729894813721
 31
0.0
  0
LINE
  5
2A6
330
294
100
AcDbEntity
  8
0
 62
     0
100
AcDbLine
 10
-530.1434088192497
 20
1397.72989481372
 30
0.0
 11
-530.1434088192497
 21
1398.72989481372
 31
0.0
  0
LINE
  5
2A7
330
294
100
AcDbEntity
  8
0
 62
     0
100
AcDbLine
 10
-528.1434088192497
 20
1400.72989481372
 30
0.0
 11
-506.1434088192497
 21
1400.72989481372
 31
0.0
  0
LINE
  5
2A8
330
294
100
AcDbEntity
  8
0
 62
     0
100
AcDbLine
 10
-506.1434088192497
 20
1400.72989481372
 30
0.0
 11
-506.1434088192497
 21
1500.72989481372
 31
0.0
  0
LINE
  5
2A9
330
294
100
AcDbEntity
  8
0
 62
     0
100
AcDbLine
 10
-506.1434088192497
 20
1500.72989481372
 30
0.0
 11
-711.1434088192497
 21
1500.72989481372
 31
0.0
  0
ENDBLK
  5
2AC
330
294
100
AcDbEntity
  8
0
100
AcDbBlockEnd
  0
BLOCK
  5
2C4
330
2AD
100
AcDbEntity
  8
0
100
AcDbBlockBegin
  2
Insert24
 70
     0
 10
0.0
 20
0.0
 30
0.0
  3
Insert24
  1

  0
LINE
  5
2AE
330
2AD
100
AcDbEntity
  8
0
 62
     0
100
AcDbLine
 10
-883.1434088192497
 20
1500.72989481372
 30
0.0
 11
-883.1434088192497
 21
1498.72989481372
 31
0.0
  0
LINE
  5
2AF
330
2AD
100
AcDbEntity
  8
0
 62
     0
100
AcDbLine
 10
-743.1434088192497
 20
1500.72989481372
 30
0.0
 11
-743.1434088192497
 21
1498.72989481372
 31
0.0
  0
LINE
  5
2B0
330
2AD
100
AcDbEntity
  8
0
 62
     0
100
AcDbLine
 10
-745.1434088192497
 20
1397.72989481372
 30
0.0
 11
-747.1434088192497
 21
1397.72989481372
 31
0.0
  0
LINE
  5
2B1
330
2AD
100
AcDbEntity
  8
0
 62
     0
100
AcDbLine
 10
-743.1434088192497
 20
1400.72989481372
 30
0.0
 11
-743.1434088192497
 21
1402.72989481372
 31
0.0
  0
LINE
  5
2B2
330
2AD
100
AcDbEntity
  8
0
 62
     0
100
AcDbLine
 10
-883.1434088192497
 20
1400.72989481372
 30
0.0
 11
-883.1434088192497
 21
1402.72989481372
 31
0.0
  0
LINE
  5
2B3
330
2AD
100
AcDbEntity
  8
0
 62
     0
100
AcDbLine
 10
-881.1434088192497
 20
1397.72989481372
 30
0.0
 11
-879.1434088192497
 21
1397.72989481372
 31
0.0
  0
CIRCLE
  5
2B4
330
2AD
100
AcDbEntity
  8
0
 62
     0
100
AcDbCircle
 10
-871.1434088192497
 20
1410.72989481372
 30
0.0
 40
3.0
  0
CIRCLE
  5
2B5
330
2AD
100
AcDbEntity
  8
0
 62
     0
100
AcDbCircle
 10
-871.1406054614541
 20
1490.74369214851
 30
0.0
 40
3.0
  0
CIRCLE
  5
2B6
330
2AD
100
AcDbEntity
  8
0
 62
     0
100
AcDbCircle
 10
-755.1406054614541
 20
1490.74369214851
 30
0.0
 40
3.0
  0
CIRCLE
  5
2B7
330
2AD
100
AcDbEntity
  8
0
 62
     0
100
AcDbCircle
 10
-755.1406054614541
 20
1410.743692148511
 30
0.0
 40
3.0
  0
LINE
  5
2B8
330
2AD
100
AcDbEntity
  8
0
 62
     0
100
AcDbLine
 10
-926.1434088192497
 20
1400.729894813721
 30
0.0
 11
-883.1434088192487
 21
1400.729894813721
 31
0.0
  0
ARC
  5
2B9
330
2AD
100
AcDbEntity
  8
0
 62
     0
100
AcDbCircle
 10
-883.1434088192497
 20
1398.72989481372
 30
0.0
 40
2.000000000001364
100
AcDbArc
 50
0.0000000000388791
 51
90.0
  0
LINE
  5
2BA
330
2AD
100
AcDbEntity
  8
0
 62
     0
100
AcDbLine
 10
-881.1434088192497
 20
1398.72989481372
 30
0.0
 11
-881.1434088192487
 21
1353.72989481372
 31
0.0
  0
LINE
  5
2BB
330
2AD
100
AcDbEntity
  8
0
 62
     0
100
AcDbLine
 10
-881.1434088192497
 20
1353.72989481372
 30
0.0
 11
-745.1434088192487
 21
1353.72989481372
 31
0.0
  0
LINE
  5
2BC
330
2AD
100
AcDbEntity
  8
0
 62
     0
100
AcDbLine
 10
-745.1434088192487
 20
1353.72989481372
 30
0.0
 11
-745.1434088192497
 21
1397.72989481372
 31
0.0
  0
ARC
  5
2BD
330
2AD
100
AcDbEntity
  8
0
 62
     0
100
AcDbCircle
 10
-743.1434088192497
 20
1398.72989481372
 30
0.0
 40
2.0
100
AcDbArc
 50
90.0
 51
180.0
  0
LINE
  5
2BE
330
2AD
100
AcDbEntity
  8
0
 62
     0
100
AcDbLine
 10
-926.1434088192497
 20
1500.72989481372
 30
0.0
 11
-926.1434088192497
 21
1400.729894813721
 31
0.0
  0
LINE
  5
2BF
330
2AD
100
AcDbEntity
  8
0
 62
     0
100
AcDbLine
 10
-745.1434088192497
 20
1397.72989481372
 30
0.0
 11
-745.1434088192497
 21
1398.72989481372
 31
0.0
  0
LINE
  5
2C0
330
2AD
100
AcDbEntity
  8
0
 62
     0
100
AcDbLine
 10
-743.1434088192497
 20
1400.72989481372
 30
0.0
 11
-721.1434088192497
 21
1400.72989481372
 31
0.0
  0
LINE
  5
2C1
330
2AD
100
AcDbEntity
  8
0
 62
     0
100
AcDbLine
 10
-721.1434088192497
 20
1400.72989481372
 30
0.0
 11
-721.1434088192497
 21
1500.72989481372
 31
0.0
  0
LINE
  5
2C2
330
2AD
100
AcDbEntity
  8
0
 62
     0
100
AcDbLine
 10
-721.1434088192497
 20
1500.72989481372
 30
0.0
 11
-926.1434088192497
 21
1500.72989481372
 31
0.0
  0
ENDBLK
  5
2C5
330
2AD
100
AcDbEntity
  8
0
100
AcDbBlockEnd
  0
BLOCK
  5
2DD
330
2C6
100
AcDbEntity
  8
0
100
AcDbBlockBegin
  2
Insert25
 70
     0
 10
0.0
 20
0.0
 30
0.0
  3
Insert25
  1

  0
LINE
  5
2C7
330
2C6
100
AcDbEntity
  8
0
 62
     0
100
AcDbLine
 10
0.0906032625442279
 20
-526.9923732390503
 30
0.0
 11
2.090603262544228
 21
-526.9923732390503
 31
0.0
  0
LINE
  5
2C8
330
2C6
100
AcDbEntity
  8
0
 62
     0
100
AcDbLine
 10
0.0906032625442279
 20
-386.9923732390503
 30
0.0
 11
2.090603262544228
 21
-386.9923732390503
 31
0.0
  0
LINE
  5
2C9
330
2C6
100
AcDbEntity
  8
0
 62
     0
100
AcDbLine
 10
103.0906032625442
 20
-388.9923732390503
 30
0.0
 11
103.0906032625442
 21
-390.9923732390503
 31
0.0
  0
LINE
  5
2CA
330
2C6
100
AcDbEntity
  8
0
 62
     0
100
AcDbLine
 10
100.0906032625442
 20
-386.9923732390503
 30
0.0
 11
98.09060326254422
 21
-386.9923732390503
 31
0.0
  0
LINE
  5
2CB
330
2C6
100
AcDbEntity
  8
0
 62
     0
100
AcDbLine
 10
100.0906032625442
 20
-526.9923732390503
 30
0.0
 11
98.09060326254422
 21
-526.9923732390503
 31
0.0
  0
LINE
  5
2CC
330
2C6
100
AcDbEntity
  8
0
 62
     0
100
AcDbLine
 10
103.0906032625442
 20
-524.9923732390503
 30
0.0
 11
103.0906032625442
 21
-522.9923732390503
 31
0.0
  0
CIRCLE
  5
2CD
330
2C6
100
AcDbEntity
  8
0
 62
     0
100
AcDbCircle
 10
90.09060326254422
 20
-514.9923732390503
 30
0.0
 40
3.0
  0
CIRCLE
  5
2CE
330
2C6
100
AcDbEntity
  8
0
 62
     0
100
AcDbCircle
 10
10.07680592775416
 20
-514.9895698812547
 30
0.0
 40
3.0
  0
CIRCLE
  5
2CF
330
2C6
100
AcDbEntity
  8
0
 62
     0
100
AcDbCircle
 10
10.07680592775416
 20
-398.9895698812547
 30
0.0
 40
3.0
  0
CIRCLE
  5
2D0
330
2C6
100
AcDbEntity
  8
0
 62
     0
100
AcDbCircle
 10
90.07680592775279
 20
-398.9895698812547
 30
0.0
 40
3.0
  0
LINE
  5
2D1
330
2C6
100
AcDbEntity
  8
0
 62
     0
100
AcDbLine
 10
100.0906032625429
 20
-569.9923732390503
 30
0.0
 11
100.0906032625429
 21
-526.9923732390494
 31
0.0
  0
ARC
  5
2D2
330
2C6
100
AcDbEntity
  8
0
 62
     0
100
AcDbCircle
 10
102.0906032625442
 20
-526.9923732390503
 30
0.0
 40
2.000000000001364
100
AcDbArc
 50
90.0000000000389
 51
180.0
  0
LINE
  5
2D3
330
2C6
100
AcDbEntity
  8
0
 62
     0
100
AcDbLine
 10
102.0906032625442
 20
-524.9923732390503
 30
0.0
 11
147.0906032625442
 21
-524.9923732390494
 31
0.0
  0
LINE
  5
2D4
330
2C6
100
AcDbEntity
  8
0
 62
     0
100
AcDbLine
 10
147.0906032625442
 20
-524.9923732390503
 30
0.0
 11
147.0906032625442
 21
-388.9923732390494
 31
0.0
  0
LINE
  5
2D5
330
2C6
100
AcDbEntity
  8
0
 62
     0
100
AcDbLine
 10
147.0906032625442
 20
-388.9923732390494
 30
0.0
 11
103.0906032625442
 21
-388.9923732390503
 31
0.0
  0
ARC
  5
2D6
330
2C6
100
AcDbEntity
  8
0
 62
     0
100
AcDbCircle
 10
102.0906032625442
 20
-386.9923732390503
 30
0.0
 40
2.0
100
AcDbArc
 50
180.0
 51
270.0
  0
LINE
  5
2D7
330
2C6
100
AcDbEntity
  8
0
 62
     0
100
AcDbLine
 10
0.0906032625442279
 20
-569.9923732390503
 30
0.0
 11
100.0906032625429
 21
-569.9923732390503
 31
0.0
  0
LINE
  5
2D8
330
2C6
100
AcDbEntity
  8
0
 62
     0
100
AcDbLine
 10
103.0906032625442
 20
-388.9923732390503
 30
0.0
 11
102.0906032625442
 21
-388.9923732390503
 31
0.0
  0
LINE
  5
2D9
330
2C6
100
AcDbEntity
  8
0
 62
     0
100
AcDbLine
 10
100.0906032625442
 20
-386.9923732390503
 30
0.0
 11
100.0906032625442
 21
-364.9923732390503
 31
0.0
  0
LINE
  5
2DA
330
2C6
100
AcDbEntity
  8
0
 62
     0
100
AcDbLine
 10
100.0906032625442
 20
-364.9923732390503
 30
0.0
 11
0.0906032625442279
 21
-364.9923732390503
 31
0.0
  0
LINE
  5
2DB
330
2C6
100
AcDbEntity
  8
0
 62
     0
100
AcDbLine
 10
0.0906032625442279
 20
-364.9923732390503
 30
0.0
 11
0.0906032625442279
 21
-569.9923732390503
 31
0.0
  0
ENDBLK
  5
2DE
330
2C6
100
AcDbEntity
  8
0
100
AcDbBlockEnd
  0
BLOCK
  5
2F6
330
2DF
100
AcDbEntity
  8
0
100
AcDbBlockBegin
  2
Insert26
 70
     0
 10
0.0
 20
0.0
 30
0.0
  3
Insert26
  1

  0
LINE
  5
2E0
330
2DF
100
AcDbEntity
  8
0
 62
     0
100
AcDbLine
 10
157.0906032625442
 20
-526.9923732390503
 30
0.0
 11
159.0906032625442
 21
-526.9923732390503
 31
0.0
  0
LINE
  5
2E1
330
2DF
100
AcDbEntity
  8
0
 62
     0
100
AcDbLine
 10
157.0906032625442
 20
-386.9923732390503
 30
0.0
 11
159.0906032625442
 21
-386.9923732390503
 31
0.0
  0
LINE
  5
2E2
330
2DF
100
AcDbEntity
  8
0
 62
     0
100
AcDbLine
 10
260.0906032625442
 20
-388.9923732390503
 30
0.0
 11
260.0906032625442
 21
-390.9923732390503
 31
0.0
  0
LINE
  5
2E3
330
2DF
100
AcDbEntity
  8
0
 62
     0
100
AcDbLine
 10
257.0906032625442
 20
-386.9923732390503
 30
0.0
 11
255.0906032625442
 21
-386.9923732390503
 31
0.0
  0
LINE
  5
2E4
330
2DF
100
AcDbEntity
  8
0
 62
     0
100
AcDbLine
 10
257.0906032625442
 20
-526.9923732390503
 30
0.0
 11
255.0906032625442
 21
-526.9923732390503
 31
0.0
  0
LINE
  5
2E5
330
2DF
100
AcDbEntity
  8
0
 62
     0
100
AcDbLine
 10
260.0906032625442
 20
-524.9923732390503
 30
0.0
 11
260.0906032625442
 21
-522.9923732390503
 31
0.0
  0
CIRCLE
  5
2E6
330
2DF
100
AcDbEntity
  8
0
 62
     0
100
AcDbCircle
 10
247.0906032625442
 20
-514.9923732390503
 30
0.0
 40
3.0
  0
CIRCLE
  5
2E7
330
2DF
100
AcDbEntity
  8
0
 62
     0
100
AcDbCircle
 10
167.0768059277542
 20
-514.9895698812547
 30
0.0
 40
3.0
  0
CIRCLE
  5
2E8
330
2DF
100
AcDbEntity
  8
0
 62
     0
100
AcDbCircle
 10
167.0768059277542
 20
-398.9895698812547
 30
0.0
 40
3.0
  0
CIRCLE
  5
2E9
330
2DF
100
AcDbEntity
  8
0
 62
     0
100
AcDbCircle
 10
247.0768059277528
 20
-398.9895698812547
 30
0.0
 40
3.0
  0
LINE
  5
2EA
330
2DF
100
AcDbEntity
  8
0
 62
     0
100
AcDbLine
 10
257.0906032625429
 20
-569.9923732390503
 30
0.0
 11
257.0906032625429
 21
-526.9923732390494
 31
0.0
  0
ARC
  5
2EB
330
2DF
100
AcDbEntity
  8
0
 62
     0
100
AcDbCircle
 10
259.0906032625442
 20
-526.9923732390503
 30
0.0
 40
2.000000000001364
100
AcDbArc
 50
90.0000000000389
 51
180.0
  0
LINE
  5
2EC
330
2DF
100
AcDbEntity
  8
0
 62
     0
100
AcDbLine
 10
259.0906032625442
 20
-524.9923732390503
 30
0.0
 11
304.0906032625442
 21
-524.9923732390494
 31
0.0
  0
LINE
  5
2ED
330
2DF
100
AcDbEntity
  8
0
 62
     0
100
AcDbLine
 10
304.0906032625442
 20
-524.9923732390503
 30
0.0
 11
304.0906032625442
 21
-388.9923732390494
 31
0.0
  0
LINE
  5
2EE
330
2DF
100
AcDbEntity
  8
0
 62
     0
100
AcDbLine
 10
304.0906032625442
 20
-388.9923732390494
 30
0.0
 11
260.0906032625442
 21
-388.9923732390503
 31
0.0
  0
ARC
  5
2EF
330
2DF
100
AcDbEntity
  8
0
 62
     0
100
AcDbCircle
 10
259.0906032625442
 20
-386.9923732390503
 30
0.0
 40
2.0
100
AcDbArc
 50
180.0
 51
270.0
  0
LINE
  5
2F0
330
2DF
100
AcDbEntity
  8
0
 62
     0
100
AcDbLine
 10
157.0906032625442
 20
-569.9923732390503
 30
0.0
 11
257.0906032625429
 21
-569.9923732390503
 31
0.0
  0
LINE
  5
2F1
330
2DF
100
AcDbEntity
  8
0
 62
     0
100
AcDbLine
 10
260.0906032625442
 20
-388.9923732390503
 30
0.0
 11
259.0906032625442
 21
-388.9923732390503
 31
0.0
  0
LINE
  5
2F2
330
2DF
100
AcDbEntity
  8
0
 62
     0
100
AcDbLine
 10
257.0906032625442
 20
-386.9923732390503
 30
0.0
 11
257.0906032625442
 21
-364.9923732390503
 31
0.0
  0
LINE
  5
2F3
330
2DF
100
AcDbEntity
  8
0
 62
     0
100
AcDbLine
 10
257.0906032625442
 20
-364.9923732390503
 30
0.0
 11
157.0906032625442
 21
-364.9923732390503
 31
0.0
  0
LINE
  5
2F4
330
2DF
100
AcDbEntity
  8
0
 62
     0
100
AcDbLine
 10
157.0906032625442
 20
-364.9923732390503
 30
0.0
 11
157.0906032625442
 21
-569.9923732390503
 31
0.0
  0
ENDBLK
  5
2F7
330
2DF
100
AcDbEntity
  8
0
100
AcDbBlockEnd
  0
BLOCK
  5
30F
330
2F8
100
AcDbEntity
  8
0
100
AcDbBlockBegin
  2
Insert27
 70
     0
 10
0.0
 20
0.0
 30
0.0
  3
Insert27
  1

  0
LINE
  5
2F9
330
2F8
100
AcDbEntity
  8
0
 62
     0
100
AcDbLine
 10
314.0906032625442
 20
-526.9923732390503
 30
0.0
 11
316.0906032625442
 21
-526.9923732390503
 31
0.0
  0
LINE
  5
2FA
330
2F8
100
AcDbEntity
  8
0
 62
     0
100
AcDbLine
 10
314.0906032625442
 20
-386.9923732390503
 30
0.0
 11
316.0906032625442
 21
-386.9923732390503
 31
0.0
  0
LINE
  5
2FB
330
2F8
100
AcDbEntity
  8
0
 62
     0
100
AcDbLine
 10
417.0906032625442
 20
-388.9923732390503
 30
0.0
 11
417.0906032625442
 21
-390.9923732390503
 31
0.0
  0
LINE
  5
2FC
330
2F8
100
AcDbEntity
  8
0
 62
     0
100
AcDbLine
 10
414.0906032625442
 20
-386.9923732390503
 30
0.0
 11
412.0906032625442
 21
-386.9923732390503
 31
0.0
  0
LINE
  5
2FD
330
2F8
100
AcDbEntity
  8
0
 62
     0
100
AcDbLine
 10
414.0906032625442
 20
-526.9923732390503
 30
0.0
 11
412.0906032625442
 21
-526.9923732390503
 31
0.0
  0
LINE
  5
2FE
330
2F8
100
AcDbEntity
  8
0
 62
     0
100
AcDbLine
 10
417.0906032625442
 20
-524.9923732390503
 30
0.0
 11
417.0906032625442
 21
-522.9923732390503
 31
0.0
  0
CIRCLE
  5
2FF
330
2F8
100
AcDbEntity
  8
0
 62
     0
100
AcDbCircle
 10
404.0906032625442
 20
-514.9923732390503
 30
0.0
 40
3.0
  0
CIRCLE
  5
300
330
2F8
100
AcDbEntity
  8
0
 62
     0
100
AcDbCircle
 10
324.0768059277542
 20
-514.9895698812547
 30
0.0
 40
3.0
  0
CIRCLE
  5
301
330
2F8
100
AcDbEntity
  8
0
 62
     0
100
AcDbCircle
 10
324.0768059277542
 20
-398.9895698812547
 30
0.0
 40
3.0
  0
CIRCLE
  5
302
330
2F8
100
AcDbEntity
  8
0
 62
     0
100
AcDbCircle
 10
404.0768059277528
 20
-398.9895698812547
 30
0.0
 40
3.0
  0
LINE
  5
303
330
2F8
100
AcDbEntity
  8
0
 62
     0
100
AcDbLine
 10
414.0906032625429
 20
-569.9923732390503
 30
0.0
 11
414.0906032625429
 21
-526.9923732390494
 31
0.0
  0
ARC
  5
304
330
2F8
100
AcDbEntity
  8
0
 62
     0
100
AcDbCircle
 10
416.0906032625442
 20
-526.9923732390503
 30
0.0
 40
2.000000000001364
100
AcDbArc
 50
90.0000000000389
 51
180.0
  0
LINE
  5
305
330
2F8
100
AcDbEntity
  8
0
 62
     0
100
AcDbLine
 10
416.0906032625442
 20
-524.9923732390503
 30
0.0
 11
461.0906032625442
 21
-524.9923732390494
 31
0.0
  0
LINE
  5
306
330
2F8
100
AcDbEntity
  8
0
 62
     0
100
AcDbLine
 10
461.0906032625442
 20
-524.9923732390503
 30
0.0
 11
461.0906032625442
 21
-388.9923732390494
 31
0.0
  0
LINE
  5
307
330
2F8
100
AcDbEntity
  8
0
 62
     0
100
AcDbLine
 10
461.0906032625442
 20
-388.9923732390494
 30
0.0
 11
417.0906032625442
 21
-388.9923732390503
 31
0.0
  0
ARC
  5
308
330
2F8
100
AcDbEntity
  8
0
 62
     0
100
AcDbCircle
 10
416.0906032625442
 20
-386.9923732390503
 30
0.0
 40
2.0
100
AcDbArc
 50
180.0
 51
270.0
  0
LINE
  5
309
330
2F8
100
AcDbEntity
  8
0
 62
     0
100
AcDbLine
 10
314.0906032625442
 20
-569.9923732390503
 30
0.0
 11
414.0906032625429
 21
-569.9923732390503
 31
0.0
  0
LINE
  5
30A
330
2F8
100
AcDbEntity
  8
0
 62
     0
100
AcDbLine
 10
417.0906032625442
 20
-388.9923732390503
 30
0.0
 11
416.0906032625442
 21
-388.9923732390503
 31
0.0
  0
LINE
  5
30B
330
2F8
100
AcDbEntity
  8
0
 62
     0
100
AcDbLine
 10
414.0906032625442
 20
-386.9923732390503
 30
0.0
 11
414.0906032625442
 21
-364.9923732390503
 31
0.0
  0
LINE
  5
30C
330
2F8
100
AcDbEntity
  8
0
 62
     0
100
AcDbLine
 10
414.0906032625442
 20
-364.9923732390503
 30
0.0
 11
314.0906032625442
 21
-364.9923732390503
 31
0.0
  0
LINE
  5
30D
330
2F8
100
AcDbEntity
  8
0
 62
     0
100
AcDbLine
 10
314.0906032625442
 20
-364.9923732390503
 30
0.0
 11
314.0906032625442
 21
-569.9923732390503
 31
0.0
  0
ENDBLK
  5
310
330
2F8
100
AcDbEntity
  8
0
100
AcDbBlockEnd
  0
BLOCK
  5
328
330
311
100
AcDbEntity
  8
0
100
AcDbBlockBegin
  2
Insert28
 70
     0
 10
0.0
 20
0.0
 30
0.0
  3
Insert28
  1

  0
LINE
  5
312
330
311
100
AcDbEntity
  8
0
 62
     0
100
AcDbLine
 10
471.0906032625442
 20
-526.9923732390503
 30
0.0
 11
473.0906032625442
 21
-526.9923732390503
 31
0.0
  0
LINE
  5
313
330
311
100
AcDbEntity
  8
0
 62
     0
100
AcDbLine
 10
471.0906032625442
 20
-386.9923732390503
 30
0.0
 11
473.0906032625442
 21
-386.9923732390503
 31
0.0
  0
LINE
  5
314
330
311
100
AcDbEntity
  8
0
 62
     0
100
AcDbLine
 10
574.0906032625443
 20
-388.9923732390503
 30
0.0
 11
574.0906032625443
 21
-390.9923732390503
 31
0.0
  0
LINE
  5
315
330
311
100
AcDbEntity
  8
0
 62
     0
100
AcDbLine
 10
571.0906032625443
 20
-386.9923732390503
 30
0.0
 11
569.0906032625443
 21
-386.9923732390503
 31
0.0
  0
LINE
  5
316
330
311
100
AcDbEntity
  8
0
 62
     0
100
AcDbLine
 10
571.0906032625443
 20
-526.9923732390503
 30
0.0
 11
569.0906032625443
 21
-526.9923732390503
 31
0.0
  0
LINE
  5
317
330
311
100
AcDbEntity
  8
0
 62
     0
100
AcDbLine
 10
574.0906032625443
 20
-524.9923732390503
 30
0.0
 11
574.0906032625443
 21
-522.9923732390503
 31
0.0
  0
CIRCLE
  5
318
330
311
100
AcDbEntity
  8
0
 62
     0
100
AcDbCircle
 10
561.0906032625443
 20
-514.9923732390503
 30
0.0
 40
3.0
  0
CIRCLE
  5
319
330
311
100
AcDbEntity
  8
0
 62
     0
100
AcDbCircle
 10
481.0768059277542
 20
-514.9895698812547
 30
0.0
 40
3.0
  0
CIRCLE
  5
31A
330
311
100
AcDbEntity
  8
0
 62
     0
100
AcDbCircle
 10
481.0768059277542
 20
-398.9895698812547
 30
0.0
 40
3.0
  0
CIRCLE
  5
31B
330
311
100
AcDbEntity
  8
0
 62
     0
100
AcDbCircle
 10
561.0768059277528
 20
-398.9895698812547
 30
0.0
 40
3.0
  0
LINE
  5
31C
330
311
100
AcDbEntity
  8
0
 62
     0
100
AcDbLine
 10
571.0906032625429
 20
-569.9923732390503
 30
0.0
 11
571.0906032625429
 21
-526.9923732390494
 31
0.0
  0
ARC
  5
31D
330
311
100
AcDbEntity
  8
0
 62
     0
100
AcDbCircle
 10
573.0906032625443
 20
-526.9923732390503
 30
0.0
 40
2.000000000001364
100
AcDbArc
 50
90.0000000000389
 51
180.0
  0
LINE
  5
31E
330
311
100
AcDbEntity
  8
0
 62
     0
100
AcDbLine
 10
573.0906032625443
 20
-524.9923732390503
 30
0.0
 11
618.0906032625443
 21
-524.9923732390494
 31
0.0
  0
LINE
  5
31F
330
311
100
AcDbEntity
  8
0
 62
     0
100
AcDbLine
 10
618.0906032625443
 20
-524.9923732390503
 30
0.0
 11
618.0906032625443
 21
-388.9923732390494
 31
0.0
  0
LINE
  5
320
330
311
100
AcDbEntity
  8
0
 62
     0
100
AcDbLine
 10
618.0906032625443
 20
-388.9923732390494
 30
0.0
 11
574.0906032625443
 21
-388.9923732390503
 31
0.0
  0
ARC
  5
321
330
311
100
AcDbEntity
  8
0
 62
     0
100
AcDbCircle
 10
573.0906032625443
 20
-386.9923732390503
 30
0.0
 40
2.0
100
AcDbArc
 50
180.0
 51
270.0
  0
LINE
  5
322
330
311
100
AcDbEntity
  8
0
 62
     0
100
AcDbLine
 10
471.0906032625442
 20
-569.9923732390503
 30
0.0
 11
571.0906032625429
 21
-569.9923732390503
 31
0.0
  0
LINE
  5
323
330
311
100
AcDbEntity
  8
0
 62
     0
100
AcDbLine
 10
574.0906032625443
 20
-388.9923732390503
 30
0.0
 11
573.0906032625443
 21
-388.9923732390503
 31
0.0
  0
LINE
  5
324
330
311
100
AcDbEntity
  8
0
 62
     0
100
AcDbLine
 10
571.0906032625443
 20
-386.9923732390503
 30
0.0
 11
571.0906032625443
 21
-364.9923732390503
 31
0.0
  0
LINE
  5
325
330
311
100
AcDbEntity
  8
0
 62
     0
100
AcDbLine
 10
571.0906032625443
 20
-364.9923732390503
 30
0.0
 11
471.0906032625442
 21
-364.9923732390503
 31
0.0
  0
LINE
  5
326
330
311
100
AcDbEntity
  8
0
 62
     0
100
AcDbLine
 10
471.0906032625442
 20
-364.9923732390503
 30
0.0
 11
471.0906032625442
 21
-569.9923732390503
 31
0.0
  0
ENDBLK
  5
329
330
311
100
AcDbEntity
  8
0
100
AcDbBlockEnd
  0
BLOCK
  5
341
330
32A
100
AcDbEntity
  8
0
100
AcDbBlockBegin
  2
Insert29
 70
     0
 10
0.0
 20
0.0
 30
0.0
  3
Insert29
  1

  0
LINE
  5
32B
330
32A
100
AcDbEntity
  8
0
 62
     0
100
AcDbLine
 10
628.0906032625443
 20
-526.9923732390503
 30
0.0
 11
630.0906032625443
 21
-526.9923732390503
 31
0.0
  0
LINE
  5
32C
330
32A
100
AcDbEntity
  8
0
 62
     0
100
AcDbLine
 10
628.0906032625443
 20
-386.9923732390503
 30
0.0
 11
630.0906032625443
 21
-386.9923732390503
 31
0.0
  0
LINE
  5
32D
330
32A
100
AcDbEntity
  8
0
 62
     0
100
AcDbLine
 10
731.0906032625443
 20
-388.9923732390503
 30
0.0
 11
731.0906032625443
 21
-390.9923732390503
 31
0.0
  0
LINE
  5
32E
330
32A
100
AcDbEntity
  8
0
 62
     0
100
AcDbLine
 10
728.0906032625443
 20
-386.9923732390503
 30
0.0
 11
726.0906032625443
 21
-386.9923732390503
 31
0.0
  0
LINE
  5
32F
330
32A
100
AcDbEntity
  8
0
 62
     0
100
AcDbLine
 10
728.0906032625443
 20
-526.9923732390503
 30
0.0
 11
726.0906032625443
 21
-526.9923732390503
 31
0.0
  0
LINE
  5
330
330
32A
100
AcDbEntity
  8
0
 62
     0
100
AcDbLine
 10
731.0906032625443
 20
-524.9923732390503
 30
0.0
 11
731.0906032625443
 21
-522.9923732390503
 31
0.0
  0
CIRCLE
  5
331
330
32A
100
AcDbEntity
  8
0
 62
     0
100
AcDbCircle
 10
718.0906032625443
 20
-514.9923732390503
 30
0.0
 40
3.0
  0
CIRCLE
  5
332
330
32A
100
AcDbEntity
  8
0
 62
     0
100
AcDbCircle
 10
638.0768059277542
 20
-514.9895698812547
 30
0.0
 40
3.0
  0
CIRCLE
  5
333
330
32A
100
AcDbEntity
  8
0
 62
     0
100
AcDbCircle
 10
638.0768059277542
 20
-398.9895698812547
 30
0.0
 40
3.0
  0
CIRCLE
  5
334
330
32A
100
AcDbEntity
  8
0
 62
     0
100
AcDbCircle
 10
718.0768059277528
 20
-398.9895698812547
 30
0.0
 40
3.0
  0
LINE
  5
335
330
32A
100
AcDbEntity
  8
0
 62
     0
100
AcDbLine
 10
728.0906032625429
 20
-569.9923732390503
 30
0.0
 11
728.0906032625429
 21
-526.9923732390494
 31
0.0
  0
ARC
  5
336
330
32A
100
AcDbEntity
  8
0
 62
     0
100
AcDbCircle
 10
730.0906032625443
 20
-526.9923732390503
 30
0.0
 40
2.000000000001364
100
AcDbArc
 50
90.0000000000389
 51
180.0
  0
LINE
  5
337
330
32A
100
AcDbEntity
  8
0
 62
     0
100
AcDbLine
 10
730.0906032625443
 20
-524.9923732390503
 30
0.0
 11
775.0906032625443
 21
-524.9923732390494
 31
0.0
  0
LINE
  5
338
330
32A
100
AcDbEntity
  8
0
 62
     0
100
AcDbLine
 10
775.0906032625443
 20
-524.9923732390503
 30
0.0
 11
775.0906032625443
 21
-388.9923732390494
 31
0.0
  0
LINE
  5
339
330
32A
100
AcDbEntity
  8
0
 62
     0
100
AcDbLine
 10
775.0906032625443
 20
-388.9923732390494
 30
0.0
 11
731.0906032625443
 21
-388.9923732390503
 31
0.0
  0
ARC
  5
33A
330
32A
100
AcDbEntity
  8
0
 62
     0
100
AcDbCircle
 10
730.0906032625443
 20
-386.9923732390503
 30
0.0
 40
2.0
100
AcDbArc
 50
180.0
 51
270.0
  0
LINE
  5
33B
330
32A
100
AcDbEntity
  8
0
 62
     0
100
AcDbLine
 10
628.0906032625443
 20
-569.9923732390503
 30
0.0
 11
728.0906032625429
 21
-569.9923732390503
 31
0.0
  0
LINE
  5
33C
330
32A
100
AcDbEntity
  8
0
 62
     0
100
AcDbLine
 10
731.0906032625443
 20
-388.9923732390503
 30
0.0
 11
730.0906032625443
 21
-388.9923732390503
 31
0.0
  0
LINE
  5
33D
330
32A
100
AcDbEntity
  8
0
 62
     0
100
AcDbLine
 10
728.0906032625443
 20
-386.9923732390503
 30
0.0
 11
728.0906032625443
 21
-364.9923732390503
 31
0.0
  0
LINE
  5
33E
330
32A
100
AcDbEntity
  8
0
 62
     0
100
AcDbLine
 10
728.0906032625443
 20
-364.9923732390503
 30
0.0
 11
628.0906032625443
 21
-364.9923732390503
 31
0.0
  0
LINE
  5
33F
330
32A
100
AcDbEntity
  8
0
 62
     0
100
AcDbLine
 10
628.0906032625443
 20
-364.9923732390503
 30
0.0
 11
628.0906032625443
 21
-569.9923732390503
 31
0.0
  0
ENDBLK
  5
342
330
32A
100
AcDbEntity
  8
0
100
AcDbBlockEnd
  0
BLOCK
  5
35A
330
343
100
AcDbEntity
  8
0
100
AcDbBlockBegin
  2
Insert30
 70
     0
 10
0.0
 20
0.0
 30
0.0
  3
Insert30
  1

  0
LINE
  5
344
330
343
100
AcDbEntity
  8
0
 62
     0
100
AcDbLine
 10
162.0
 20
-147.0
 30
0.0
 11
162.0
 21
-145.0
 31
0.0
  0
LINE
  5
345
330
343
100
AcDbEntity
  8
0
 62
     0
100
AcDbLine
 10
22.0
 20
-147.0
 30
0.0
 11
22.0
 21
-145.0
 31
0.0
  0
LINE
  5
346
330
343
100
AcDbEntity
  8
0
 62
     0
100
AcDbLine
 10
24.0
 20
-44.0
 30
0.0
 11
26.0
 21
-44.0
 31
0.0
  0
LINE
  5
347
330
343
100
AcDbEntity
  8
0
 62
     0
100
AcDbLine
 10
22.0
 20
-47.0
 30
0.0
 11
22.0
 21
-49.0
 31
0.0
  0
LINE
  5
348
330
343
100
AcDbEntity
  8
0
 62
     0
100
AcDbLine
 10
162.0
 20
-47.0
 30
0.0
 11
162.0
 21
-49.0
 31
0.0
  0
LINE
  5
349
330
343
100
AcDbEntity
  8
0
 62
     0
100
AcDbLine
 10
160.0
 20
-44.0
 30
0.0
 11
158.0
 21
-44.0
 31
0.0
  0
CIRCLE
  5
34A
330
343
100
AcDbEntity
  8
0
 62
     0
100
AcDbCircle
 10
150.0
 20
-57.0
 30
0.0
 40
3.0
  0
CIRCLE
  5
34B
330
343
100
AcDbEntity
  8
0
 62
     0
100
AcDbCircle
 10
149.9971966422045
 20
-137.0137973347901
 30
0.0
 40
3.0
  0
CIRCLE
  5
34C
330
343
100
AcDbEntity
  8
0
 62
     0
100
AcDbCircle
 10
33.99719664220447
 20
-137.0137973347901
 30
0.0
 40
3.0
  0
CIRCLE
  5
34D
330
343
100
AcDbEntity
  8
0
 62
     0
100
AcDbCircle
 10
33.99719664220447
 20
-57.01379733479143
 30
0.0
 40
3.0
  0
LINE
  5
34E
330
343
100
AcDbEntity
  8
0
 62
     0
100
AcDbLine
 10
205.0
 20
-47.00000000000136
 30
0.0
 11
161.9999999999991
 21
-47.00000000000136
 31
0.0
  0
ARC
  5
34F
330
343
100
AcDbEntity
  8
0
 62
     0
100
AcDbCircle
 10
162.0
 20
-45.0
 30
0.0
 40
2.000000000001364
100
AcDbArc
 50
180.0000000000389
 51
270.0
  0
LINE
  5
350
330
343
100
AcDbEntity
  8
0
 62
     0
100
AcDbLine
 10
160.0
 20
-45.0
 30
0.0
 11
159.9999999999991
 21
0.0
 31
0.0
  0
LINE
  5
351
330
343
100
AcDbEntity
  8
0
 62
     0
100
AcDbLine
 10
160.0
 20
0.0
 30
0.0
 11
23.99999999999909
 21
0.0
 31
0.0
  0
LINE
  5
352
330
343
100
AcDbEntity
  8
0
 62
     0
100
AcDbLine
 10
23.99999999999909
 20
0.0
 30
0.0
 11
24.0
 21
-44.0
 31
0.0
  0
ARC
  5
353
330
343
100
AcDbEntity
  8
0
 62
     0
100
AcDbCircle
 10
22.0
 20
-45.0
 30
0.0
 40
2.0
100
AcDbArc
 50
270.0
 51
0.0
  0
LINE
  5
354
330
343
100
AcDbEntity
  8
0
 62
     0
100
AcDbLine
 10
205.0
 20
-147.0
 30
0.0
 11
205.0
 21
-47.00000000000136
 31
0.0
  0
LINE
  5
355
330
343
100
AcDbEntity
  8
0
 62
     0
100
AcDbLine
 10
24.0
 20
-44.0
 30
0.0
 11
24.0
 21
-45.0
 31
0.0
  0
LINE
  5
356
330
343
100
AcDbEntity
  8
0
 62
     0
100
AcDbLine
 10
22.0
 20
-47.0
 30
0.0
 11
0.0
 21
-47.0
 31
0.0
  0
LINE
  5
357
330
343
100
AcDbEntity
  8
0
 62
     0
100
AcDbLine
 10
0.0
 20
-47.0
 30
0.0
 11
0.0
 21
-147.0
 31
0.0
  0
LINE
  5
358
330
343
100
AcDbEntity
  8
0
 62
     0
100
AcDbLine
 10
0.0
 20
-147.0
 30
0.0
 11
205.0
 21
-147.0
 31
0.0
  0
ENDBLK
  5
35B
330
343
100
AcDbEntity
  8
0
100
AcDbBlockEnd
  0
BLOCK
  5
373
330
35C
100
AcDbEntity
  8
0
100
AcDbBlockBegin
  2
Insert31
 70
     0
 10
0.0
 20
0.0
 30
0.0
  3
Insert31
  1

  0
LINE
  5
35D
330
35C
100
AcDbEntity
  8
0
 62
     0
100
AcDbLine
 10
372.9303643772175
 20
-146.3638594926754
 30
0.0
 11
372.9303643772175
 21
-144.3638594926754
 31
0.0
  0
LINE
  5
35E
330
35C
100
AcDbEntity
  8
0
 62
     0
100
AcDbLine
 10
232.9303643772175
 20
-146.3638594926754
 30
0.0
 11
232.9303643772175
 21
-144.3638594926754
 31
0.0
  0
LINE
  5
35F
330
35C
100
AcDbEntity
  8
0
 62
     0
100
AcDbLine
 10
234.9303643772175
 20
-43.36385949267549
 30
0.0
 11
236.9303643772175
 21
-43.36385949267549
 31
0.0
  0
LINE
  5
360
330
35C
100
AcDbEntity
  8
0
 62
     0
100
AcDbLine
 10
232.9303643772175
 20
-46.36385949267549
 30
0.0
 11
232.9303643772175
 21
-48.36385949267549
 31
0.0
  0
LINE
  5
361
330
35C
100
AcDbEntity
  8
0
 62
     0
100
AcDbLine
 10
372.9303643772175
 20
-46.36385949267549
 30
0.0
 11
372.9303643772175
 21
-48.36385949267549
 31
0.0
  0
LINE
  5
362
330
35C
100
AcDbEntity
  8
0
 62
     0
100
AcDbLine
 10
370.9303643772175
 20
-43.36385949267549
 30
0.0
 11
368.9303643772175
 21
-43.36385949267549
 31
0.0
  0
CIRCLE
  5
363
330
35C
100
AcDbEntity
  8
0
 62
     0
100
AcDbCircle
 10
360.9303643772175
 20
-56.36385949267537
 30
0.0
 40
3.0
  0
CIRCLE
  5
364
330
35C
100
AcDbEntity
  8
0
 62
     0
100
AcDbCircle
 10
360.9275610194219
 20
-136.3776568274655
 30
0.0
 40
3.0
  0
CIRCLE
  5
365
330
35C
100
AcDbEntity
  8
0
 62
     0
100
AcDbCircle
 10
244.927561019422
 20
-136.3776568274655
 30
0.0
 40
3.0
  0
CIRCLE
  5
366
330
35C
100
AcDbEntity
  8
0
 62
     0
100
AcDbCircle
 10
244.927561019422
 20
-56.37765682746681
 30
0.0
 40
3.0
  0
LINE
  5
367
330
35C
100
AcDbEntity
  8
0
 62
     0
100
AcDbLine
 10
415.9303643772175
 20
-46.36385949267685
 30
0.0
 11
372.9303643772166
 21
-46.36385949267685
 31
0.0
  0
ARC
  5
368
330
35C
100
AcDbEntity
  8
0
 62
     0
100
AcDbCircle
 10
372.9303643772175
 20
-44.36385949267549
 30
0.0
 40
2.000000000001364
100
AcDbArc
 50
180.0000000000389
 51
270.0
  0
LINE
  5
369
330
35C
100
AcDbEntity
  8
0
 62
     0
100
AcDbLine
 10
370.9303643772175
 20
-44.36385949267549
 30
0.0
 11
370.9303643772166
 21
0.6361405073245123
 31
0.0
  0
LINE
  5
36A
330
35C
100
AcDbEntity
  8
0
 62
     0
100
AcDbLine
 10
370.9303643772175
 20
0.6361405073245123
 30
0.0
 11
234.9303643772166
 21
0.6361405073245123
 31
0.0
  0
LINE
  5
36B
330
35C
100
AcDbEntity
  8
0
 62
     0
100
AcDbLine
 10
234.9303643772166
 20
0.6361405073245123
 30
0.0
 11
234.9303643772175
 21
-43.36385949267549
 31
0.0
  0
ARC
  5
36C
330
35C
100
AcDbEntity
  8
0
 62
     0
100
AcDbCircle
 10
232.9303643772175
 20
-44.36385949267549
 30
0.0
 40
2.0
100
AcDbArc
 50
270.0
 51
0.0
  0
LINE
  5
36D
330
35C
100
AcDbEntity
  8
0
 62
     0
100
AcDbLine
 10
415.9303643772175
 20
-146.3638594926754
 30
0.0
 11
415.9303643772175
 21
-46.36385949267685
 31
0.0
  0
LINE
  5
36E
330
35C
100
AcDbEntity
  8
0
 62
     0
100
AcDbLine
 10
234.9303643772175
 20
-43.36385949267549
 30
0.0
 11
234.9303643772175
 21
-44.36385949267549
 31
0.0
  0
LINE
  5
36F
330
35C
100
AcDbEntity
  8
0
 62
     0
100
AcDbLine
 10
232.9303643772175
 20
-46.36385949267549
 30
0.0
 11
210.9303643772175
 21
-46.36385949267549
 31
0.0
  0
LINE
  5
370
330
35C
100
AcDbEntity
  8
0
 62
     0
100
AcDbLine
 10
210.9303643772175
 20
-46.36385949267549
 30
0.0
 11
210.9303643772175
 21
-146.3638594926754
 31
0.0
  0
LINE
  5
371
330
35C
100
AcDbEntity
  8
0
 62
     0
100
AcDbLine
 10
210.9303643772175
 20
-146.3638594926754
 30
0.0
 11
415.9303643772175
 21
-146.3638594926754
 31
0.0
  0
ENDBLK
  5
374
330
35C
100
AcDbEntity
  8
0
100
AcDbBlockEnd
  0
BLOCK
  5
38C
330
375
100
AcDbEntity
  8
0
100
AcDbBlockBegin
  2
Insert32
 70
     0
 10
0.0
 20
0.0
 30
0.0
  3
Insert32
  1

  0
LINE
  5
376
330
375
100
AcDbEntity
  8
0
 62
     0
100
AcDbLine
 10
628.0906032625443
 20
-311.9923732390503
 30
0.0
 11
630.0906032625443
 21
-311.9923732390503
 31
0.0
  0
LINE
  5
377
330
375
100
AcDbEntity
  8
0
 62
     0
100
AcDbLine
 10
628.0906032625443
 20
-171.9923732390503
 30
0.0
 11
630.0906032625443
 21
-171.9923732390503
 31
0.0
  0
LINE
  5
378
330
375
100
AcDbEntity
  8
0
 62
     0
100
AcDbLine
 10
731.0906032625443
 20
-173.9923732390503
 30
0.0
 11
731.0906032625443
 21
-175.9923732390503
 31
0.0
  0
LINE
  5
379
330
375
100
AcDbEntity
  8
0
 62
     0
100
AcDbLine
 10
728.0906032625443
 20
-171.9923732390503
 30
0.0
 11
726.0906032625443
 21
-171.9923732390503
 31
0.0
  0
LINE
  5
37A
330
375
100
AcDbEntity
  8
0
 62
     0
100
AcDbLine
 10
728.0906032625443
 20
-311.9923732390503
 30
0.0
 11
726.0906032625443
 21
-311.9923732390503
 31
0.0
  0
LINE
  5
37B
330
375
100
AcDbEntity
  8
0
 62
     0
100
AcDbLine
 10
731.0906032625443
 20
-309.9923732390503
 30
0.0
 11
731.0906032625443
 21
-307.9923732390503
 31
0.0
  0
CIRCLE
  5
37C
330
375
100
AcDbEntity
  8
0
 62
     0
100
AcDbCircle
 10
718.0906032625443
 20
-299.9923732390503
 30
0.0
 40
3.0
  0
CIRCLE
  5
37D
330
375
100
AcDbEntity
  8
0
 62
     0
100
AcDbCircle
 10
638.0768059277542
 20
-299.9895698812547
 30
0.0
 40
3.0
  0
CIRCLE
  5
37E
330
375
100
AcDbEntity
  8
0
 62
     0
100
AcDbCircle
 10
638.0768059277542
 20
-183.9895698812547
 30
0.0
 40
3.0
  0
CIRCLE
  5
37F
330
375
100
AcDbEntity
  8
0
 62
     0
100
AcDbCircle
 10
718.0768059277528
 20
-183.9895698812547
 30
0.0
 40
3.0
  0
LINE
  5
380
330
375
100
AcDbEntity
  8
0
 62
     0
100
AcDbLine
 10
728.0906032625429
 20
-354.9923732390503
 30
0.0
 11
728.0906032625429
 21
-311.9923732390494
 31
0.0
  0
ARC
  5
381
330
375
100
AcDbEntity
  8
0
 62
     0
100
AcDbCircle
 10
730.0906032625443
 20
-311.9923732390503
 30
0.0
 40
2.000000000001364
100
AcDbArc
 50
90.0000000000389
 51
180.0
  0
LINE
  5
382
330
375
100
AcDbEntity
  8
0
 62
     0
100
AcDbLine
 10
730.0906032625443
 20
-309.9923732390503
 30
0.0
 11
775.0906032625443
 21
-309.9923732390494
 31
0.0
  0
LINE
  5
383
330
375
100
AcDbEntity
  8
0
 62
     0
100
AcDbLine
 10
775.0906032625443
 20
-309.9923732390503
 30
0.0
 11
775.0906032625443
 21
-173.9923732390494
 31
0.0
  0
LINE
  5
384
330
375
100
AcDbEntity
  8
0
 62
     0
100
AcDbLine
 10
775.0906032625443
 20
-173.9923732390494
 30
0.0
 11
731.0906032625443
 21
-173.9923732390503
 31
0.0
  0
ARC
  5
385
330
375
100
AcDbEntity
  8
0
 62
     0
100
AcDbCircle
 10
730.0906032625443
 20
-171.9923732390503
 30
0.0
 40
2.0
100
AcDbArc
 50
180.0
 51
270.0
  0
LINE
  5
386
330
375
100
AcDbEntity
  8
0
 62
     0
100
AcDbLine
 10
628.0906032625443
 20
-354.9923732390503
 30
0.0
 11
728.0906032625429
 21
-354.9923732390503
 31
0.0
  0
LINE
  5
387
330
375
100
AcDbEntity
  8
0
 62
     0
100
AcDbLine
 10
731.0906032625443
 20
-173.9923732390503
 30
0.0
 11
730.0906032625443
 21
-173.9923732390503
 31
0.0
  0
LINE
  5
388
330
375
100
AcDbEntity
  8
0
 62
     0
100
AcDbLine
 10
728.0906032625443
 20
-171.9923732390503
 30
0.0
 11
728.0906032625443
 21
-149.9923732390503
 31
0.0
  0
LINE
  5
389
330
375
100
AcDbEntity
  8
0
 62
     0
100
AcDbLine
 10
728.0906032625443
 20
-149.9923732390503
 30
0.0
 11
628.0906032625443
 21
-149.9923732390503
 31
0.0
  0
LINE
  5
38A
330
375
100
AcDbEntity
  8
0
 62
     0
100
AcDbLine
 10
628.0906032625443
 20
-149.9923732390503
 30
0.0
 11
628.0906032625443
 21
-354.9923732390503
 31
0.0
  0
ENDBLK
  5
38D
330
375
100
AcDbEntity
  8
0
100
AcDbBlockEnd
  0
BLOCK
  5
3A5
330
38E
100
AcDbEntity
  8
0
100
AcDbBlockBegin
  2
Insert33
 70
     0
 10
0.0
 20
0.0
 30
0.0
  3
Insert33
  1

  0
LINE
  5
38F
330
38E
100
AcDbEntity
  8
0
 62
     0
100
AcDbLine
 10
471.0906032625442
 20
-311.9923732390503
 30
0.0
 11
473.0906032625442
 21
-311.9923732390503
 31
0.0
  0
LINE
  5
390
330
38E
100
AcDbEntity
  8
0
 62
     0
100
AcDbLine
 10
471.0906032625442
 20
-171.9923732390503
 30
0.0
 11
473.0906032625442
 21
-171.9923732390503
 31
0.0
  0
LINE
  5
391
330
38E
100
AcDbEntity
  8
0
 62
     0
100
AcDbLine
 10
574.0906032625443
 20
-173.9923732390503
 30
0.0
 11
574.0906032625443
 21
-175.9923732390503
 31
0.0
  0
LINE
  5
392
330
38E
100
AcDbEntity
  8
0
 62
     0
100
AcDbLine
 10
571.0906032625443
 20
-171.9923732390503
 30
0.0
 11
569.0906032625443
 21
-171.9923732390503
 31
0.0
  0
LINE
  5
393
330
38E
100
AcDbEntity
  8
0
 62
     0
100
AcDbLine
 10
571.0906032625443
 20
-311.9923732390503
 30
0.0
 11
569.0906032625443
 21
-311.9923732390503
 31
0.0
  0
LINE
  5
394
330
38E
100
AcDbEntity
  8
0
 62
     0
100
AcDbLine
 10
574.0906032625443
 20
-309.9923732390503
 30
0.0
 11
574.0906032625443
 21
-307.9923732390503
 31
0.0
  0
CIRCLE
  5
395
330
38E
100
AcDbEntity
  8
0
 62
     0
100
AcDbCircle
 10
561.0906032625443
 20
-299.9923732390503
 30
0.0
 40
3.0
  0
CIRCLE
  5
396
330
38E
100
AcDbEntity
  8
0
 62
     0
100
AcDbCircle
 10
481.0768059277542
 20
-299.9895698812547
 30
0.0
 40
3.0
  0
CIRCLE
  5
397
330
38E
100
AcDbEntity
  8
0
 62
     0
100
AcDbCircle
 10
481.0768059277542
 20
-183.9895698812547
 30
0.0
 40
3.0
  0
CIRCLE
  5
398
330
38E
100
AcDbEntity
  8
0
 62
     0
100
AcDbCircle
 10
561.0768059277528
 20
-183.9895698812547
 30
0.0
 40
3.0
  0
LINE
  5
399
330
38E
100
AcDbEntity
  8
0
 62
     0
100
AcDbLine
 10
571.0906032625429
 20
-354.9923732390503
 30
0.0
 11
571.0906032625429
 21
-311.9923732390494
 31
0.0
  0
ARC
  5
39A
330
38E
100
AcDbEntity
  8
0
 62
     0
100
AcDbCircle
 10
573.0906032625443
 20
-311.9923732390503
 30
0.0
 40
2.000000000001364
100
AcDbArc
 50
90.0000000000389
 51
180.0
  0
LINE
  5
39B
330
38E
100
AcDbEntity
  8
0
 62
     0
100
AcDbLine
 10
573.0906032625443
 20
-309.9923732390503
 30
0.0
 11
618.0906032625443
 21
-309.9923732390494
 31
0.0
  0
LINE
  5
39C
330
38E
100
AcDbEntity
  8
0
 62
     0
100
AcDbLine
 10
618.0906032625443
 20
-309.9923732390503
 30
0.0
 11
618.0906032625443
 21
-173.9923732390494
 31
0.0
  0
LINE
  5
39D
330
38E
100
AcDbEntity
  8
0
 62
     0
100
AcDbLine
 10
618.0906032625443
 20
-173.9923732390494
 30
0.0
 11
574.0906032625443
 21
-173.9923732390503
 31
0.0
  0
ARC
  5
39E
330
38E
100
AcDbEntity
  8
0
 62
     0
100
AcDbCircle
 10
573.0906032625443
 20
-171.9923732390503
 30
0.0
 40
2.0
100
AcDbArc
 50
180.0
 51
270.0
  0
LINE
  5
39F
330
38E
100
AcDbEntity
  8
0
 62
     0
100
AcDbLine
 10
471.0906032625442
 20
-354.9923732390503
 30
0.0
 11
571.0906032625429
 21
-354.9923732390503
 31
0.0
  0
LINE
  5
3A0
330
38E
100
AcDbEntity
  8
0
 62
     0
100
AcDbLine
 10
574.0906032625443
 20
-173.9923732390503
 30
0.0
 11
573.0906032625443
 21
-173.9923732390503
 31
0.0
  0
LINE
  5
3A1
330
38E
100
AcDbEntity
  8
0
 62
     0
100
AcDbLine
 10
571.0906032625443
 20
-171.9923732390503
 30
0.0
 11
571.0906032625443
 21
-149.9923732390503
 31
0.0
  0
LINE
  5
3A2
330
38E
100
AcDbEntity
  8
0
 62
     0
100
AcDbLine
 10
571.0906032625443
 20
-149.9923732390503
 30
0.0
 11
471.0906032625442
 21
-149.9923732390503
 31
0.0
  0
LINE
  5
3A3
330
38E
100
AcDbEntity
  8
0
 62
     0
100
AcDbLine
 10
471.0906032625442
 20
-149.9923732390503
 30
0.0
 11
471.0906032625442
 21
-354.9923732390503
 31
0.0
  0
ENDBLK
  5
3A6
330
38E
100
AcDbEntity
  8
0
100
AcDbBlockEnd
  0
BLOCK
  5
3BE
330
3A7
100
AcDbEntity
  8
0
100
AcDbBlockBegin
  2
Insert34
 70
     0
 10
0.0
 20
0.0
 30
0.0
  3
Insert34
  1

  0
LINE
  5
3A8
330
3A7
100
AcDbEntity
  8
0
 62
     0
100
AcDbLine
 10
314.0906032625442
 20
-311.9923732390503
 30
0.0
 11
316.0906032625442
 21
-311.9923732390503
 31
0.0
  0
LINE
  5
3A9
330
3A7
100
AcDbEntity
  8
0
 62
     0
100
AcDbLine
 10
314.0906032625442
 20
-171.9923732390503
 30
0.0
 11
316.0906032625442
 21
-171.9923732390503
 31
0.0
  0
LINE
  5
3AA
330
3A7
100
AcDbEntity
  8
0
 62
     0
100
AcDbLine
 10
417.0906032625442
 20
-173.9923732390503
 30
0.0
 11
417.0906032625442
 21
-175.9923732390503
 31
0.0
  0
LINE
  5
3AB
330
3A7
100
AcDbEntity
  8
0
 62
     0
100
AcDbLine
 10
414.0906032625442
 20
-171.9923732390503
 30
0.0
 11
412.0906032625442
 21
-171.9923732390503
 31
0.0
  0
LINE
  5
3AC
330
3A7
100
AcDbEntity
  8
0
 62
     0
100
AcDbLine
 10
414.0906032625442
 20
-311.9923732390503
 30
0.0
 11
412.0906032625442
 21
-311.9923732390503
 31
0.0
  0
LINE
  5
3AD
330
3A7
100
AcDbEntity
  8
0
 62
     0
100
AcDbLine
 10
417.0906032625442
 20
-309.9923732390503
 30
0.0
 11
417.0906032625442
 21
-307.9923732390503
 31
0.0
  0
CIRCLE
  5
3AE
330
3A7
100
AcDbEntity
  8
0
 62
     0
100
AcDbCircle
 10
404.0906032625442
 20
-299.9923732390503
 30
0.0
 40
3.0
  0
CIRCLE
  5
3AF
330
3A7
100
AcDbEntity
  8
0
 62
     0
100
AcDbCircle
 10
324.0768059277542
 20
-299.9895698812547
 30
0.0
 40
3.0
  0
CIRCLE
  5
3B0
330
3A7
100
AcDbEntity
  8
0
 62
     0
100
AcDbCircle
 10
324.0768059277542
 20
-183.9895698812547
 30
0.0
 40
3.0
  0
CIRCLE
  5
3B1
330
3A7
100
AcDbEntity
  8
0
 62
     0
100
AcDbCircle
 10
404.0768059277528
 20
-183.9895698812547
 30
0.0
 40
3.0
  0
LINE
  5
3B2
330
3A7
100
AcDbEntity
  8
0
 62
     0
100
AcDbLine
 10
414.0906032625429
 20
-354.9923732390503
 30
0.0
 11
414.0906032625429
 21
-311.9923732390494
 31
0.0
  0
ARC
  5
3B3
330
3A7
100
AcDbEntity
  8
0
 62
     0
100
AcDbCircle
 10
416.0906032625442
 20
-311.9923732390503
 30
0.0
 40
2.000000000001364
100
AcDbArc
 50
90.0000000000389
 51
180.0
  0
LINE
  5
3B4
330
3A7
100
AcDbEntity
  8
0
 62
     0
100
AcDbLine
 10
416.0906032625442
 20
-309.9923732390503
 30
0.0
 11
461.0906032625442
 21
-309.9923732390494
 31
0.0
  0
LINE
  5
3B5
330
3A7
100
AcDbEntity
  8
0
 62
     0
100
AcDbLine
 10
461.0906032625442
 20
-309.9923732390503
 30
0.0
 11
461.0906032625442
 21
-173.9923732390494
 31
0.0
  0
LINE
  5
3B6
330
3A7
100
AcDbEntity
  8
0
 62
     0
100
AcDbLine
 10
461.0906032625442
 20
-173.9923732390494
 30
0.0
 11
417.0906032625442
 21
-173.9923732390503
 31
0.0
  0
ARC
  5
3B7
330
3A7
100
AcDbEntity
  8
0
 62
     0
100
AcDbCircle
 10
416.0906032625442
 20
-171.9923732390503
 30
0.0
 40
2.0
100
AcDbArc
 50
180.0
 51
270.0
  0
LINE
  5
3B8
330
3A7
100
AcDbEntity
  8
0
 62
     0
100
AcDbLine
 10
314.0906032625442
 20
-354.9923732390503
 30
0.0
 11
414.0906032625429
 21
-354.9923732390503
 31
0.0
  0
LINE
  5
3B9
330
3A7
100
AcDbEntity
  8
0
 62
     0
100
AcDbLine
 10
417.0906032625442
 20
-173.9923732390503
 30
0.0
 11
416.0906032625442
 21
-173.9923732390503
 31
0.0
  0
LINE
  5
3BA
330
3A7
100
AcDbEntity
  8
0
 62
     0
100
AcDbLine
 10
414.0906032625442
 20
-171.9923732390503
 30
0.0
 11
414.0906032625442
 21
-149.9923732390503
 31
0.0
  0
LINE
  5
3BB
330
3A7
100
AcDbEntity
  8
0
 62
     0
100
AcDbLine
 10
414.0906032625442
 20
-149.9923732390503
 30
0.0
 11
314.0906032625442
 21
-149.9923732390503
 31
0.0
  0
LINE
  5
3BC
330
3A7
100
AcDbEntity
  8
0
 62
     0
100
AcDbLine
 10
314.0906032625442
 20
-149.9923732390503
 30
0.0
 11
314.0906032625442
 21
-354.9923732390503
 31
0.0
  0
ENDBLK
  5
3BF
330
3A7
100
AcDbEntity
  8
0
100
AcDbBlockEnd
  0
BLOCK
  5
3D7
330
3C0
100
AcDbEntity
  8
0
100
AcDbBlockBegin
  2
Insert35
 70
     0
 10
0.0
 20
0.0
 30
0.0
  3
Insert35
  1

  0
LINE
  5
3C1
330
3C0
100
AcDbEntity
  8
0
 62
     0
100
AcDbLine
 10
157.0906032625442
 20
-311.9923732390503
 30
0.0
 11
159.0906032625442
 21
-311.9923732390503
 31
0.0
  0
LINE
  5
3C2
330
3C0
100
AcDbEntity
  8
0
 62
     0
100
AcDbLine
 10
157.0906032625442
 20
-171.9923732390503
 30
0.0
 11
159.0906032625442
 21
-171.9923732390503
 31
0.0
  0
LINE
  5
3C3
330
3C0
100
AcDbEntity
  8
0
 62
     0
100
AcDbLine
 10
260.0906032625442
 20
-173.9923732390503
 30
0.0
 11
260.0906032625442
 21
-175.9923732390503
 31
0.0
  0
LINE
  5
3C4
330
3C0
100
AcDbEntity
  8
0
 62
     0
100
AcDbLine
 10
257.0906032625442
 20
-171.9923732390503
 30
0.0
 11
255.0906032625442
 21
-171.9923732390503
 31
0.0
  0
LINE
  5
3C5
330
3C0
100
AcDbEntity
  8
0
 62
     0
100
AcDbLine
 10
257.0906032625442
 20
-311.9923732390503
 30
0.0
 11
255.0906032625442
 21
-311.9923732390503
 31
0.0
  0
LINE
  5
3C6
330
3C0
100
AcDbEntity
  8
0
 62
     0
100
AcDbLine
 10
260.0906032625442
 20
-309.9923732390503
 30
0.0
 11
260.0906032625442
 21
-307.9923732390503
 31
0.0
  0
CIRCLE
  5
3C7
330
3C0
100
AcDbEntity
  8
0
 62
     0
100
AcDbCircle
 10
247.0906032625442
 20
-299.9923732390503
 30
0.0
 40
3.0
  0
CIRCLE
  5
3C8
330
3C0
100
AcDbEntity
  8
0
 62
     0
100
AcDbCircle
 10
167.0768059277542
 20
-299.9895698812547
 30
0.0
 40
3.0
  0
CIRCLE
  5
3C9
330
3C0
100
AcDbEntity
  8
0
 62
     0
100
AcDbCircle
 10
167.0768059277542
 20
-183.9895698812547
 30
0.0
 40
3.0
  0
CIRCLE
  5
3CA
330
3C0
100
AcDbEntity
  8
0
 62
     0
100
AcDbCircle
 10
247.0768059277528
 20
-183.9895698812547
 30
0.0
 40
3.0
  0
LINE
  5
3CB
330
3C0
100
AcDbEntity
  8
0
 62
     0
100
AcDbLine
 10
257.0906032625429
 20
-354.9923732390503
 30
0.0
 11
257.0906032625429
 21
-311.9923732390494
 31
0.0
  0
ARC
  5
3CC
330
3C0
100
AcDbEntity
  8
0
 62
     0
100
AcDbCircle
 10
259.0906032625442
 20
-311.9923732390503
 30
0.0
 40
2.000000000001364
100
AcDbArc
 50
90.0000000000389
 51
180.0
  0
LINE
  5
3CD
330
3C0
100
AcDbEntity
  8
0
 62
     0
100
AcDbLine
 10
259.0906032625442
 20
-309.9923732390503
 30
0.0
 11
304.0906032625442
 21
-309.9923732390494
 31
0.0
  0
LINE
  5
3CE
330
3C0
100
AcDbEntity
  8
0
 62
     0
100
AcDbLine
 10
304.0906032625442
 20
-309.9923732390503
 30
0.0
 11
304.0906032625442
 21
-173.9923732390494
 31
0.0
  0
LINE
  5
3CF
330
3C0
100
AcDbEntity
  8
0
 62
     0
100
AcDbLine
 10
304.0906032625442
 20
-173.9923732390494
 30
0.0
 11
260.0906032625442
 21
-173.9923732390503
 31
0.0
  0
ARC
  5
3D0
330
3C0
100
AcDbEntity
  8
0
 62
     0
100
AcDbCircle
 10
259.0906032625442
 20
-171.9923732390503
 30
0.0
 40
2.0
100
AcDbArc
 50
180.0
 51
270.0
  0
LINE
  5
3D1
330
3C0
100
AcDbEntity
  8
0
 62
     0
100
AcDbLine
 10
157.0906032625442
 20
-354.9923732390503
 30
0.0
 11
257.0906032625429
 21
-354.9923732390503
 31
0.0
  0
LINE
  5
3D2
330
3C0
100
AcDbEntity
  8
0
 62
     0
100
AcDbLine
 10
260.0906032625442
 20
-173.9923732390503
 30
0.0
 11
259.0906032625442
 21
-173.9923732390503
 31
0.0
  0
LINE
  5
3D3
330
3C0
100
AcDbEntity
  8
0
 62
     0
100
AcDbLine
 10
257.0906032625442
 20
-171.9923732390503
 30
0.0
 11
257.0906032625442
 21
-149.9923732390503
 31
0.0
  0
LINE
  5
3D4
330
3C0
100
AcDbEntity
  8
0
 62
     0
100
AcDbLine
 10
257.0906032625442
 20
-149.9923732390503
 30
0.0
 11
157.0906032625442
 21
-149.9923732390503
 31
0.0
  0
LINE
  5
3D5
330
3C0
100
AcDbEntity
  8
0
 62
     0
100
AcDbLine
 10
157.0906032625442
 20
-149.9923732390503
 30
0.0
 11
157.0906032625442
 21
-354.9923732390503
 31
0.0
  0
ENDBLK
  5
3D8
330
3C0
100
AcDbEntity
  8
0
100
AcDbBlockEnd
  0
BLOCK
  5
3F0
330
3D9
100
AcDbEntity
  8
0
100
AcDbBlockBegin
  2
Insert36
 70
     0
 10
0.0
 20
0.0
 30
0.0
  3
Insert36
  1

  0
LINE
  5
3DA
330
3D9
100
AcDbEntity
  8
0
 62
     0
100
AcDbLine
 10
0.0906032625442411
 20
-311.9923732390503
 30
0.0
 11
2.090603262544241
 21
-311.9923732390503
 31
0.0
  0
LINE
  5
3DB
330
3D9
100
AcDbEntity
  8
0
 62
     0
100
AcDbLine
 10
0.0906032625442411
 20
-171.9923732390503
 30
0.0
 11
2.090603262544241
 21
-171.9923732390503
 31
0.0
  0
LINE
  5
3DC
330
3D9
100
AcDbEntity
  8
0
 62
     0
100
AcDbLine
 10
103.0906032625442
 20
-173.9923732390503
 30
0.0
 11
103.0906032625442
 21
-175.9923732390503
 31
0.0
  0
LINE
  5
3DD
330
3D9
100
AcDbEntity
  8
0
 62
     0
100
AcDbLine
 10
100.0906032625442
 20
-171.9923732390503
 30
0.0
 11
98.09060326254425
 21
-171.9923732390503
 31
0.0
  0
LINE
  5
3DE
330
3D9
100
AcDbEntity
  8
0
 62
     0
100
AcDbLine
 10
100.0906032625442
 20
-311.9923732390503
 30
0.0
 11
98.09060326254425
 21
-311.9923732390503
 31
0.0
  0
LINE
  5
3DF
330
3D9
100
AcDbEntity
  8
0
 62
     0
100
AcDbLine
 10
103.0906032625442
 20
-309.9923732390503
 30
0.0
 11
103.0906032625442
 21
-307.9923732390503
 31
0.0
  0
CIRCLE
  5
3E0
330
3D9
100
AcDbEntity
  8
0
 62
     0
100
AcDbCircle
 10
90.09060326254425
 20
-299.9923732390503
 30
0.0
 40
3.0
  0
CIRCLE
  5
3E1
330
3D9
100
AcDbEntity
  8
0
 62
     0
100
AcDbCircle
 10
10.07680592775417
 20
-299.9895698812547
 30
0.0
 40
3.0
  0
CIRCLE
  5
3E2
330
3D9
100
AcDbEntity
  8
0
 62
     0
100
AcDbCircle
 10
10.07680592775417
 20
-183.9895698812547
 30
0.0
 40
3.0
  0
CIRCLE
  5
3E3
330
3D9
100
AcDbEntity
  8
0
 62
     0
100
AcDbCircle
 10
90.07680592775282
 20
-183.9895698812547
 30
0.0
 40
3.0
  0
LINE
  5
3E4
330
3D9
100
AcDbEntity
  8
0
 62
     0
100
AcDbLine
 10
100.0906032625429
 20
-354.9923732390503
 30
0.0
 11
100.0906032625429
 21
-311.9923732390494
 31
0.0
  0
ARC
  5
3E5
330
3D9
100
AcDbEntity
  8
0
 62
     0
100
AcDbCircle
 10
102.0906032625442
 20
-311.9923732390503
 30
0.0
 40
2.000000000001364
100
AcDbArc
 50
90.0000000000389
 51
180.0
  0
LINE
  5
3E6
330
3D9
100
AcDbEntity
  8
0
 62
     0
100
AcDbLine
 10
102.0906032625442
 20
-309.9923732390503
 30
0.0
 11
147.0906032625442
 21
-309.9923732390494
 31
0.0
  0
LINE
  5
3E7
330
3D9
100
AcDbEntity
  8
0
 62
     0
100
AcDbLine
 10
147.0906032625442
 20
-309.9923732390503
 30
0.0
 11
147.0906032625442
 21
-173.9923732390494
 31
0.0
  0
LINE
  5
3E8
330
3D9
100
AcDbEntity
  8
0
 62
     0
100
AcDbLine
 10
147.0906032625442
 20
-173.9923732390494
 30
0.0
 11
103.0906032625442
 21
-173.9923732390503
 31
0.0
  0
ARC
  5
3E9
330
3D9
100
AcDbEntity
  8
0
 62
     0
100
AcDbCircle
 10
102.0906032625442
 20
-171.9923732390503
 30
0.0
 40
2.0
100
AcDbArc
 50
180.0
 51
270.0
  0
LINE
  5
3EA
330
3D9
100
AcDbEntity
  8
0
 62
     0
100
AcDbLine
 10
0.0906032625442411
 20
-354.9923732390503
 30
0.0
 11
100.0906032625429
 21
-354.9923732390503
 31
0.0
  0
LINE
  5
3EB
330
3D9
100
AcDbEntity
  8
0
 62
     0
100
AcDbLine
 10
103.0906032625442
 20
-173.9923732390503
 30
0.0
 11
102.0906032625442
 21
-173.9923732390503
 31
0.0
  0
LINE
  5
3EC
330
3D9
100
AcDbEntity
  8
0
 62
     0
100
AcDbLine
 10
100.0906032625442
 20
-171.9923732390503
 30
0.0
 11
100.0906032625442
 21
-149.9923732390503
 31
0.0
  0
LINE
  5
3ED
330
3D9
100
AcDbEntity
  8
0
 62
     0
100
AcDbLine
 10
100.0906032625442
 20
-149.9923732390503
 30
0.0
 11
0.0906032625442411
 21
-149.9923732390503
 31
0.0
  0
LINE
  5
3EE
330
3D9
100
AcDbEntity
  8
0
 62
     0
100
AcDbLine
 10
0.0906032625442411
 20
-149.9923732390503
 30
0.0
 11
0.0906032625442411
 21
-354.9923732390503
 31
0.0
  0
ENDBLK
  5
3F1
330
3D9
100
AcDbEntity
  8
0
100
AcDbBlockEnd
  0
BLOCK
  5
409
330
3F2
100
AcDbEntity
  8
0
100
AcDbBlockBegin
  2
Insert37
 70
     0
 10
0.0
 20
0.0
 30
0.0
  3
Insert37
  1

  0
LINE
  5
3F3
330
3F2
100
AcDbEntity
  8
0
 62
     0
100
AcDbLine
 10
584.1308181839885
 20
-145.4317499929045
 30
0.0
 11
584.1308181839885
 21
-143.4317499929045
 31
0.0
  0
LINE
  5
3F4
330
3F2
100
AcDbEntity
  8
0
 62
     0
100
AcDbLine
 10
444.1308181839885
 20
-145.4317499929045
 30
0.0
 11
444.1308181839885
 21
-143.4317499929045
 31
0.0
  0
LINE
  5
3F5
330
3F2
100
AcDbEntity
  8
0
 62
     0
100
AcDbLine
 10
446.1308181839885
 20
-42.43174999290454
 30
0.0
 11
448.1308181839885
 21
-42.43174999290454
 31
0.0
  0
LINE
  5
3F6
330
3F2
100
AcDbEntity
  8
0
 62
     0
100
AcDbLine
 10
444.1308181839885
 20
-45.43174999290454
 30
0.0
 11
444.1308181839885
 21
-47.43174999290454
 31
0.0
  0
LINE
  5
3F7
330
3F2
100
AcDbEntity
  8
0
 62
     0
100
AcDbLine
 10
584.1308181839885
 20
-45.43174999290454
 30
0.0
 11
584.1308181839885
 21
-47.43174999290454
 31
0.0
  0
LINE
  5
3F8
330
3F2
100
AcDbEntity
  8
0
 62
     0
100
AcDbLine
 10
582.1308181839885
 20
-42.43174999290454
 30
0.0
 11
580.1308181839885
 21
-42.43174999290454
 31
0.0
  0
CIRCLE
  5
3F9
330
3F2
100
AcDbEntity
  8
0
 62
     0
100
AcDbCircle
 10
572.1308181839885
 20
-55.43174999290443
 30
0.0
 40
3.0
  0
CIRCLE
  5
3FA
330
3F2
100
AcDbEntity
  8
0
 62
     0
100
AcDbCircle
 10
572.128014826193
 20
-135.4455473276946
 30
0.0
 40
3.0
  0
CIRCLE
  5
3FB
330
3F2
100
AcDbEntity
  8
0
 62
     0
100
AcDbCircle
 10
456.128014826193
 20
-135.4455473276946
 30
0.0
 40
3.0
  0
CIRCLE
  5
3FC
330
3F2
100
AcDbEntity
  8
0
 62
     0
100
AcDbCircle
 10
456.128014826193
 20
-55.44554732769586
 30
0.0
 40
3.0
  0
LINE
  5
3FD
330
3F2
100
AcDbEntity
  8
0
 62
     0
100
AcDbLine
 10
627.1308181839885
 20
-45.43174999290591
 30
0.0
 11
584.1308181839876
 21
-45.43174999290591
 31
0.0
  0
ARC
  5
3FE
330
3F2
100
AcDbEntity
  8
0
 62
     0
100
AcDbCircle
 10
584.1308181839885
 20
-43.43174999290454
 30
0.0
 40
2.000000000001364
100
AcDbArc
 50
180.0000000000389
 51
270.0
  0
LINE
  5
3FF
330
3F2
100
AcDbEntity
  8
0
 62
     0
100
AcDbLine
 10
582.1308181839885
 20
-43.43174999290454
 30
0.0
 11
582.1308181839876
 21
1.568250007095457
 31
0.0
  0
LINE
  5
400
330
3F2
100
AcDbEntity
  8
0
 62
     0
100
AcDbLine
 10
582.1308181839885
 20
1.568250007095457
 30
0.0
 11
446.1308181839876
 21
1.568250007095457
 31
0.0
  0
LINE
  5
401
330
3F2
100
AcDbEntity
  8
0
 62
     0
100
AcDbLine
 10
446.1308181839876
 20
1.568250007095457
 30
0.0
 11
446.1308181839885
 21
-42.43174999290454
 31
0.0
  0
ARC
  5
402
330
3F2
100
AcDbEntity
  8
0
 62
     0
100
AcDbCircle
 10
444.1308181839885
 20
-43.43174999290454
 30
0.0
 40
2.0
100
AcDbArc
 50
270.0
 51
0.0
  0
LINE
  5
403
330
3F2
100
AcDbEntity
  8
0
 62
     0
100
AcDbLine
 10
627.1308181839885
 20
-145.4317499929045
 30
0.0
 11
627.1308181839885
 21
-45.43174999290591
 31
0.0
  0
LINE
  5
404
330
3F2
100
AcDbEntity
  8
0
 62
     0
100
AcDbLine
 10
446.1308181839885
 20
-42.43174999290454
 30
0.0
 11
446.1308181839885
 21
-43.43174999290454
 31
0.0
  0
LINE
  5
405
330
3F2
100
AcDbEntity
  8
0
 62
     0
100
AcDbLine
 10
444.1308181839885
 20
-45.43174999290454
 30
0.0
 11
422.1308181839885
 21
-45.43174999290454
 31
0.0
  0
LINE
  5
406
330
3F2
100
AcDbEntity
  8
0
 62
     0
100
AcDbLine
 10
422.1308181839885
 20
-45.43174999290454
 30
0.0
 11
422.1308181839885
 21
-145.4317499929045
 31
0.0
  0
LINE
  5
407
330
3F2
100
AcDbEntity
  8
0
 62
     0
100
AcDbLine
 10
422.1308181839885
 20
-145.4317499929045
 30
0.0
 11
627.1308181839885
 21
-145.4317499929045
 31
0.0
  0
ENDBLK
  5
40A
330
3F2
100
AcDbEntity
  8
0
100
AcDbBlockEnd
  0
ENDSEC
  0
SECTION
  2
ENTITIES
  0
INSERT
  5
84
330
1F
100
AcDbEntity
  8
0
100
AcDbBlockReference
  2
Insert1
 10
0.0
 20
0.0
 30
0.0
  0
INSERT
  5
9D
330
1F
100
AcDbEntity
  8
0
100
AcDbBlockReference
  2
Insert2
 10
0.0
 20
0.0
 30
0.0
  0
INSERT
  5
B6
330
1F
100
AcDbEntity
  8
0
100
AcDbBlockReference
  2
Insert3
 10
0.0
 20
0.0
 30
0.0
  0
INSERT
  5
CF
330
1F
100
AcDbEntity
  8
0
100
AcDbBlockReference
  2
Insert4
 10
0.0
 20
0.0
 30
0.0
  0
INSERT
  5
E8
330
1F
100
AcDbEntity
  8
0
100
AcDbBlockReference
  2
Insert5
 10
0.0
 20
0.0
 30
0.0
  0
INSERT
  5
101
330
1F
100
AcDbEntity
  8
0
100
AcDbBlockReference
  2
Insert6
 10
0.0
 20
0.0
 30
0.0
  0
INSERT
  5
11A
330
1F
100
AcDbEntity
  8
0
100
AcDbBlockReference
  2
Insert7
 10
0.0
 20
0.0
 30
0.0
  0
INSERT
  5
133
330
1F
100
AcDbEntity
  8
0
100
AcDbBlockReference
  2
Insert8
 10
0.0
 20
0.0
 30
0.0
  0
INSERT
  5
14C
330
1F
100
AcDbEntity
  8
0
100
AcDbBlockReference
  2
Insert9
 10
0.0
 20
0.0
 30
0.0
  0
INSERT
  5
165
330
1F
100
AcDbEntity
  8
0
100
AcDbBlockReference
  2
Insert10
 10
0.0
 20
0.0
 30
0.0
  0
INSERT
  5
17E
330
1F
100
AcDbEntity
  8
0
100
AcDbBlockReference
  2
Insert11
 10
0.0
 20
0.0
 30
0.0
  0
INSERT
  5
197
330
1F
100
AcDbEntity
  8
0
100
AcDbBlockReference
  2
Insert12
 10
0.0
 20
0.0
 30
0.0
  0
INSERT
  5
1B0
330
1F
100
AcDbEntity
  8
0
100
AcDbBlockReference
  2
Insert13
 10
0.0
 20
0.0
 30
0.0
  0
INSERT
  5
1C9
330
1F
100
AcDbEntity
  8
0
100
AcDbBlockReference
  2
Insert14
 10
0.0
 20
0.0
 30
0.0
  0
INSERT
  5
1E2
330
1F
100
AcDbEntity
  8
0
100
AcDbBlockReference
  2
Insert15
 10
0.0
 20
0.0
 30
0.0
  0
INSERT
  5
1FB
330
1F
100
AcDbEntity
  8
0
100
AcDbBlockReference
  2
Insert16
 10
0.0
 20
0.0
 30
0.0
  0
INSERT
  5
214
330
1F
100
AcDbEntity
  8
0
100
AcDbBlockReference
  2
Insert17
 10
0.0
 20
0.0
 30
0.0
  0
INSERT
  5
22D
330
1F
100
AcDbEntity
  8
0
100
AcDbBlockReference
  2
Insert18
 10
0.0
 20
0.0
 30
0.0
  0
INSERT
  5
246
330
1F
100
AcDbEntity
  8
0
100
AcDbBlockReference
  2
Insert19
 10
0.0
 20
0.0
 30
0.0
  0
INSERT
  5
25F
330
1F
100
AcDbEntity
  8
0
100
AcDbBlockReference
  2
Insert20
 10
0.0
 20
0.0
 30
0.0
  0
INSERT
  5
278
330
1F
100
AcDbEntity
  8
0
100
AcDbBlockReference
  2
Insert21
 10
0.0
 20
0.0
 30
0.0
  0
INSERT
  5
291
330
1F
100
AcDbEntity
  8
0
100
AcDbBlockReference
  2
Insert22
 10
0.0
 20
0.0
 30
0.0
  0
INSERT
  5
2AA
330
1F
100
AcDbEntity
  8
0
100
AcDbBlockReference
  2
Insert23
 10
0.0
 20
0.0
 30
0.0
  0
INSERT
  5
2C3
330
1F
100
AcDbEntity
  8
0
100
AcDbBlockReference
  2
Insert24
 10
0.0
 20
0.0
 30
0.0
  0
INSERT
  5
2DC
330
1F
100
AcDbEntity
  8
0
100
AcDbBlockReference
  2
Insert25
 10
0.0
 20
0.0
 30
0.0
  0
INSERT
  5
2F5
330
1F
100
AcDbEntity
  8
0
100
AcDbBlockReference
  2
Insert26
 10
0.0
 20
0.0
 30
0.0
  0
INSERT
  5
30E
330
1F
100
AcDbEntity
  8
0
100
AcDbBlockReference
  2
Insert27
 10
0.0
 20
0.0
 30
0.0
  0
INSERT
  5
327
330
1F
100
AcDbEntity
  8
0
100
AcDbBlockReference
  2
Insert28
 10
0.0
 20
0.0
 30
0.0
  0
INSERT
  5
340
330
1F
100
AcDbEntity
  8
0
100
AcDbBlockReference
  2
Insert29
 10
0.0
 20
0.0
 30
0.0
  0
INSERT
  5
359
330
1F
100
AcDbEntity
  8
0
100
AcDbBlockReference
  2
Insert30
 10
0.0
 20
0.0
 30
0.0
  0
INSERT
  5
372
330
1F
100
AcDbEntity
  8
0
100
AcDbBlockReference
  2
Insert31
 10
0.0
 20
0.0
 30
0.0
  0
INSERT
  5
38B
330
1F
100
AcDbEntity
  8
0
100
AcDbBlockReference
  2
Insert32
 10
0.0
 20
0.0
 30
0.0
  0
INSERT
  5
3A4
330
1F
100
AcDbEntity
  8
0
100
AcDbBlockReference
  2
Insert33
 10
0.0
 20
0.0
 30
0.0
  0
INSERT
  5
3BD
330
1F
100
AcDbEntity
  8
0
100
AcDbBlockReference
  2
Insert34
 10
0.0
 20
0.0
 30
0.0
  0
INSERT
  5
3D6
330
1F
100
AcDbEntity
  8
0
100
AcDbBlockReference
  2
Insert35
 10
0.0
 20
0.0
 30
0.0
  0
INSERT
  5
3EF
330
1F
100
AcDbEntity
  8
0
100
AcDbBlockReference
  2
Insert36
 10
0.0
 20
0.0
 30
0.0
  0
INSERT
  5
408
330
1F
100
AcDbEntity
  8
0
100
AcDbBlockReference
  2
Insert37
 10
0.0
 20
0.0
 30
0.0
  0
ENDSEC
  0
SECTION
  2
OBJECTS
  0
DICTIONARY
  5
C
330
0
100
AcDbDictionary
281
     1
  3
ACAD_GROUP
350
D
  3
ACAD_LAYOUT
350
1A
  3
ACAD_MATERIAL
350
43
  3
ACAD_MLEADERSTYLE
350
6B
  3
ACAD_MLINESTYLE
350
17
  3
ACAD_PLOTSETTINGS
350
19
  3
ACAD_PLOTSTYLENAME
350
E
  3
ACAD_SCALELIST
350
47
  3
ACAD_TABLESTYLE
350
69
  3
ACAD_VISUALSTYLE
350
2A
  3
AcDbVariableDictionary
350
40B
  3
DWGPROPS
350
412
  0
DICTIONARY
  5
413
330
8
100
AcDbDictionary
280
     1
281
     1
  3
ACAD_XREC_ROUNDTRIP
360
414
  0
DICTIONARY
  5
D
102
{ACAD_REACTORS
330
C
102
}
330
C
100
AcDbDictionary
281
     1
  0
DICTIONARY
  5
1A
102
{ACAD_REACTORS
330
C
102
}
330
C
100
AcDbDictionary
281
     1
  3
Layout1
350
1E
  3
Layout2
350
26
  3
Model
350
22
  0
DICTIONARY
  5
43
102
{ACAD_REACTORS
330
C
102
}
330
C
100
AcDbDictionary
281
     1
  3
ByBlock
350
45
  3
ByLayer
350
44
  3
Global
350
46
  0
DICTIONARY
  5
6B
102
{ACAD_REACTORS
330
C
102
}
330
C
100
AcDbDictionary
281
     1
  3
Standard
350
6C
  0
DICTIONARY
  5
17
102
{ACAD_REACTORS
330
C
102
}
330
C
100
AcDbDictionary
281
     1
  3
Standard
350
18
  0
DICTIONARY
  5
19
102
{ACAD_REACTORS
330
C
102
}
330
C
100
AcDbDictionary
281
     1
  0
ACDBDICTIONARYWDFLT
  5
E
102
{ACAD_REACTORS
330
C
102
}
330
C
100
AcDbDictionary
281
     1
  3
Normal
350
F
100
AcDbDictionaryWithDefault
340
F
  0
DICTIONARY
  5
47
102
{ACAD_REACTORS
330
C
102
}
330
C
100
AcDbDictionary
281
     1
  3
A0
350
48
  3
A1
350
49
  3
A2
350
4A
  3
A3
350
4B
  3
A4
350
4C
  3
A5
350
4D
  3
A6
350
4E
  3
A7
350
4F
  3
A8
350
50
  3
A9
350
51
  3
B0
350
52
  3
B1
350
53
  3
B2
350
54
  3
B3
350
55
  3
B4
350
56
  3
B5
350
57
  3
B6
350
58
  3
B7
350
59
  3
B8
350
5A
  3
B9
350
5B
  3
C0
350
5C
  3
C1
350
5D
  3
C2
350
5E
  3
C3
350
5F
  3
C4
350
60
  3
C5
350
61
  3
C6
350
62
  3
C7
350
63
  3
C8
350
64
  3
C9
350
65
  3
D0
350
66
  3
D1
350
67
  3
D2
350
68
  0
DICTIONARY
  5
69
102
{ACAD_REACTORS
330
C
102
}
330
C
100
AcDbDictionary
281
     1
  3
Standard
350
6A
  0
DICTIONARY
  5
2A
102
{ACAD_REACTORS
330
C
102
}
330
C
100
AcDbDictionary
281
     1
  3
2dWireframe
350
2F
  3
Basic
350
32
  3
Brighten
350
36
  3
ColorChange
350
3A
  3
Conceptual
350
34
  3
Dim
350
35
  3
EdgeColorOff
350
3D
  3
Facepattern
350
39
  3
Flat
350
2B
  3
FlatWithEdges
350
2C
  3
Gouraud
350
2D
  3
GouraudWithEdges
350
2E
  3
Hidden
350
31
  3
JitterOff
350
3B
  3
Linepattern
350
38
  3
OverhangOff
350
3C
  3
Realistic
350
33
  3
Shaded
350
42
  3
Shaded with edges
350
41
  3
Shades of Gray
350
3E
  3
Sketchy
350
3F
  3
Thicken
350
37
  3
Wireframe
350
30
  3
X-Ray
350
40
  0
DICTIONARY
  5
40B
102
{ACAD_REACTORS
330
C
102
}
330
C
100
AcDbDictionary
281
     1
  3
CANNOSCALE
350
415
  3
CMLEADERSTYLE
350
40D
  3
CTABLESTYLE
350
40C
  3
DIMASSOC
350
410
  3
HIDETEXT
350
411
  3
MSLTSCALE
350
416
  0
XRECORD
  5
412
102
{ACAD_REACTORS
330
C
102
}
330
C
100
AcDbXrecord
280
     1
  1
DWGPROPS COOKIE
  2
output of OdWriteEx
  3
test file
  4
NcEditor Copyright (c) 2002-2018 by WeiHong Company
  6
File was created by NcEditor
  7

  8

  9

300
CustomProperty key=CustomProperty value
301
=
302
=
303
=
304
=
305
=
306
=
307
=
308
=
309
=
 40
0.0
 41
2460888.685541331
 42
2460888.685541389
  1

 90
        1
  0
XRECORD
  5
414
102
{ACAD_REACTORS
330
413
102
}
330
413
100
AcDbXrecord
280
     1
102
VTR_0.000_0.000_1.000_1.000_VISUALSTYLE
340
2F
102
VTR_0.000_0.000_1.000_1.000_GRIDDISPLAY
 70
     3
102
VTR_0.000_0.000_1.000_1.000_GRIDMAJOR
 70
     5
102
VTR_0.000_0.000_1.000_1.000_DEFAULTLIGHTING
280
     1
102
VTR_0.000_0.000_1.000_1.000_DEFAULTLIGHTINGTYPE
 70
     1
102
VTR_0.000_0.000_1.000_1.000_BRIGHTNESS
141
0.0
102
VTR_0.000_0.000_1.000_1.000_CONTRAST
142
0.0
  0
LAYOUT
  5
1E
102
{ACAD_REACTORS
330
1A
102
}
330
1A
100
AcDbPlotSettings
  1

  2
none_device
  4

  6

 40
0.0
 41
0.0
 42
0.0
 43
0.0
 44
0.0
 45
0.0
 46
0.0
 47
0.0
 48
0.0
 49
0.0
140
0.0
141
0.0
142
1.0
143
1.0
 70
   688
 72
     0
 73
     0
 74
     5
  7

 75
    16
147
1.0
148
0.0
149
0.0
100
AcDbLayout
  1
Layout1
 70
     1
 71
     1
 10
0.0
 20
0.0
 11
12.0
 21
9.0
 12
0.0
 22
0.0
 32
0.0
 14
1.000000000000000E+20
 24
1.000000000000000E+20
 34
1.000000000000000E+20
 15
-1.000000000000000E+20
 25
-1.000000000000000E+20
 35
-1.000000000000000E+20
146
0.0
 13
0.0
 23
0.0
 33
0.0
 16
1.0
 26
0.0
 36
0.0
 17
0.0
 27
1.0
 37
0.0
 76
     0
330
1B
  0
LAYOUT
  5
26
102
{ACAD_REACTORS
330
1A
102
}
330
1A
100
AcDbPlotSettings
  1

  2
none_device
  4

  6

 40
0.0
 41
0.0
 42
0.0
 43
0.0
 44
0.0
 45
0.0
 46
0.0
 47
0.0
 48
0.0
 49
0.0
140
0.0
141
0.0
142
1.0
143
1.0
 70
   688
 72
     0
 73
     0
 74
     5
  7

 75
    16
147
1.0
148
0.0
149
0.0
100
AcDbLayout
  1
Layout2
 70
     1
 71
     2
 10
0.0
 20
0.0
 11
0.0
 21
0.0
 12
0.0
 22
0.0
 32
0.0
 14
0.0
 24
0.0
 34
0.0
 15
0.0
 25
0.0
 35
0.0
146
0.0
 13
0.0
 23
0.0
 33
0.0
 16
1.0
 26
0.0
 36
0.0
 17
0.0
 27
1.0
 37
0.0
 76
     0
330
23
  0
LAYOUT
  5
22
102
{ACAD_REACTORS
330
1A
102
}
330
1A
100
AcDbPlotSettings
  1

  2
none_device
  4
Letter_(8.50_x_11.00_Inches)
  6

 40
6.35
 41
6.35
 42
6.35000508
 43
6.35000508
 44
215.9
 45
279.4
 46
0.0
 47
0.0
 48
0.0
 49
0.0
140
0.0
141
0.0
142
1.0
143
1.0
 70
  1712
 72
     0
 73
     0
 74
     0
  7

 75
     0
147
1.0
148
0.0
149
0.0
100
AcDbLayout
  1
Model
 70
     1
 71
     0
 10
0.0
 20
0.0
 11
12.0
 21
9.0
 12
0.0
 22
0.0
 32
0.0
 14
1.000000000000000E+20
 24
1.000000000000000E+20
 34
1.000000000000000E+20
 15
-1.000000000000000E+20
 25
-1.000000000000000E+20
 35
-1.000000000000000E+20
146
0.0
 13
0.0
 23
0.0
 33
0.0
 16
1.0
 26
0.0
 36
0.0
 17
0.0
 27
1.0
 37
0.0
 76
     0
330
1F
331
29
  0
MATERIAL
  5
45
102
{ACAD_REACTORS
330
43
102
}
102
{ACAD_XDICTIONARY
360
449
102
}
330
43
100
AcDbMaterial
  1
ByBlock
  0
MATERIAL
  5
44
102
{ACAD_REACTORS
330
43
102
}
102
{ACAD_XDICTIONARY
360
447
102
}
330
43
100
AcDbMaterial
  1
ByLayer
  0
MATERIAL
  5
46
102
{ACAD_REACTORS
330
43
102
}
102
{ACAD_XDICTIONARY
360
44B
102
}
330
43
100
AcDbMaterial
  1
Global
  0
MLEADERSTYLE
  5
6C
102
{ACAD_REACTORS
330
6B
102
}
102
{ACAD_XDICTIONARY
360
44E
102
}
330
6B
100
AcDbMLeaderStyle
170
     2
171
     1
172
     0
 90
        2
 40
0.0
 41
0.0
173
     1
 91
-1056964608
340
14
 92
       -2
290
     1
 42
0.09
291
     1
 43
0.36
  3
Standard
341
0
 44
0.18
300

342
11
174
     1
178
     6
175
     1
176
     0
 93
-1056964608
 45
0.18
292
     0
297
     0
 46
0.18
343
0
 94
-1056964608
 47
1.0
 49
1.0
140
1.0
293
     1
141
0.0
294
     1
177
     0
142
1.0
295
     0
296
     0
143
0.125
1001
ACAD_MLEADERVER
1070
     2
  0
MLINESTYLE
  5
18
102
{ACAD_REACTORS
330
17
102
}
330
17
100
AcDbMlineStyle
  2
Standard
 70
     0
  3

 62
   256
 51
90.0
 52
90.0
 71
     2
 49
0.5
 62
   256
  6
BYLAYER
 49
-0.5
 62
   256
  6
BYLAYER
  0
ACDBPLACEHOLDER
  5
F
102
{ACAD_REACTORS
330
E
102
}
330
E
  0
SCALE
  5
48
102
{ACAD_REACTORS
330
47
102
}
330
47
100
AcDbScale
 70
     0
300
1:1
140
1.0
141
1.0
290
     1
  0
SCALE
  5
49
102
{ACAD_REACTORS
330
47
102
}
330
47
100
AcDbScale
 70
     0
300
1:2
140
1.0
141
2.0
290
     0
  0
SCALE
  5
4A
102
{ACAD_REACTORS
330
47
102
}
330
47
100
AcDbScale
 70
     0
300
1:4
140
1.0
141
4.0
290
     0
  0
SCALE
  5
4B
102
{ACAD_REACTORS
330
47
102
}
330
47
100
AcDbScale
 70
     0
300
1:5
140
1.0
141
5.0
290
     0
  0
SCALE
  5
4C
102
{ACAD_REACTORS
330
47
102
}
330
47
100
AcDbScale
 70
     0
300
1:8
140
1.0
141
8.0
290
     0
  0
SCALE
  5
4D
102
{ACAD_REACTORS
330
47
102
}
330
47
100
AcDbScale
 70
     0
300
1:10
140
1.0
141
10.0
290
     0
  0
SCALE
  5
4E
102
{ACAD_REACTORS
330
47
102
}
330
47
100
AcDbScale
 70
     0
300
1:16
140
1.0
141
16.0
290
     0
  0
SCALE
  5
4F
102
{ACAD_REACTORS
330
47
102
}
330
47
100
AcDbScale
 70
     0
300
1:20
140
1.0
141
20.0
290
     0
  0
SCALE
  5
50
102
{ACAD_REACTORS
330
47
102
}
330
47
100
AcDbScale
 70
     0
300
1:30
140
1.0
141
30.0
290
     0
  0
SCALE
  5
51
102
{ACAD_REACTORS
330
47
102
}
330
47
100
AcDbScale
 70
     0
300
1:40
140
1.0
141
40.0
290
     0
  0
SCALE
  5
52
102
{ACAD_REACTORS
330
47
102
}
330
47
100
AcDbScale
 70
     0
300
1:50
140
1.0
141
50.0
290
     0
  0
SCALE
  5
53
102
{ACAD_REACTORS
330
47
102
}
330
47
100
AcDbScale
 70
     0
300
1:100
140
1.0
141
100.0
290
     0
  0
SCALE
  5
54
102
{ACAD_REACTORS
330
47
102
}
330
47
100
AcDbScale
 70
     0
300
2:1
140
2.0
141
1.0
290
     0
  0
SCALE
  5
55
102
{ACAD_REACTORS
330
47
102
}
330
47
100
AcDbScale
 70
     0
300
4:1
140
4.0
141
1.0
290
     0
  0
SCALE
  5
56
102
{ACAD_REACTORS
330
47
102
}
330
47
100
AcDbScale
 70
     0
300
8:1
140
8.0
141
1.0
290
     0
  0
SCALE
  5
57
102
{ACAD_REACTORS
330
47
102
}
330
47
100
AcDbScale
 70
     0
300
10:1
140
10.0
141
1.0
290
     0
  0
SCALE
  5
58
102
{ACAD_REACTORS
330
47
102
}
330
47
100
AcDbScale
 70
     0
300
100:1
140
100.0
141
1.0
290
     0
  0
SCALE
  5
59
102
{ACAD_REACTORS
330
47
102
}
330
47
100
AcDbScale
 70
     0
300
1/128" = 1'-0"
140
0.0078125
141
12.0
290
     0
  0
SCALE
  5
5A
102
{ACAD_REACTORS
330
47
102
}
330
47
100
AcDbScale
 70
     0
300
1/64" = 1'-0"
140
0.015625
141
12.0
290
     0
  0
SCALE
  5
5B
102
{ACAD_REACTORS
330
47
102
}
330
47
100
AcDbScale
 70
     0
300
1/32" = 1'-0"
140
0.03125
141
12.0
290
     0
  0
SCALE
  5
5C
102
{ACAD_REACTORS
330
47
102
}
330
47
100
AcDbScale
 70
     0
300
1/16" = 1'-0"
140
0.0625
141
12.0
290
     0
  0
SCALE
  5
5D
102
{ACAD_REACTORS
330
47
102
}
330
47
100
AcDbScale
 70
     0
300
3/32" = 1'-0"
140
0.09375
141
12.0
290
     0
  0
SCALE
  5
5E
102
{ACAD_REACTORS
330
47
102
}
330
47
100
AcDbScale
 70
     0
300
1/8" = 1'-0"
140
0.125
141
12.0
290
     0
  0
SCALE
  5
5F
102
{ACAD_REACTORS
330
47
102
}
330
47
100
AcDbScale
 70
     0
300
3/16" = 1'-0"
140
0.1875
141
12.0
290
     0
  0
SCALE
  5
60
102
{ACAD_REACTORS
330
47
102
}
330
47
100
AcDbScale
 70
     0
300
1/4" = 1'-0"
140
0.25
141
12.0
290
     0
  0
SCALE
  5
61
102
{ACAD_REACTORS
330
47
102
}
330
47
100
AcDbScale
 70
     0
300
3/8" = 1'-0"
140
0.375
141
12.0
290
     0
  0
SCALE
  5
62
102
{ACAD_REACTORS
330
47
102
}
330
47
100
AcDbScale
 70
     0
300
1/2" = 1'-0"
140
0.5
141
12.0
290
     0
  0
SCALE
  5
63
102
{ACAD_REACTORS
330
47
102
}
330
47
100
AcDbScale
 70
     0
300
3/4" = 1'-0"
140
0.75
141
12.0
290
     0
  0
SCALE
  5
64
102
{ACAD_REACTORS
330
47
102
}
330
47
100
AcDbScale
 70
     0
300
1" = 1'-0"
140
1.0
141
12.0
290
     0
  0
SCALE
  5
65
102
{ACAD_REACTORS
330
47
102
}
330
47
100
AcDbScale
 70
     0
300
1-1/2" = 1'-0"
140
1.5
141
12.0
290
     0
  0
SCALE
  5
66
102
{ACAD_REACTORS
330
47
102
}
330
47
100
AcDbScale
 70
     0
300
3" = 1'-0"
140
3.0
141
12.0
290
     0
  0
SCALE
  5
67
102
{ACAD_REACTORS
330
47
102
}
330
47
100
AcDbScale
 70
     0
300
6" = 1'-0"
140
6.0
141
12.0
290
     0
  0
SCALE
  5
68
102
{ACAD_REACTORS
330
47
102
}
330
47
100
AcDbScale
 70
     0
300
1'-0" = 1'-0"
140
12.0
141
12.0
290
     0
  0
TABLESTYLE
  5
6A
102
{ACAD_REACTORS
330
69
102
}
330
69
100
AcDbTableStyle
  3
Standard
 70
     0
 71
     0
 40
0.06
 41
0.06
280
     0
281
     0
  7
Standard
140
0.18
170
     2
 62
     0
 63
   257
283
     0
274
    -2
284
     1
 64
     0
275
    -2
285
     1
 65
     0
276
    -2
286
     1
 66
     0
277
    -2
287
     1
 67
     0
278
    -2
288
     1
 68
     0
279
    -2
289
     1
 69
     0
  7
Standard
140
0.25
170
     5
 62
     0
 63
   257
283
     0
274
    -2
284
     1
 64
     0
275
    -2
285
     1
 65
     0
276
    -2
286
     1
 66
     0
277
    -2
287
     1
 67
     0
278
    -2
288
     1
 68
     0
279
    -2
289
     1
 69
     0
  7
Standard
140
0.18
170
     5
 62
     0
 63
   257
283
     0
274
    -2
284
     1
 64
     0
275
    -2
285
     1
 65
     0
276
    -2
286
     1
 66
     0
277
    -2
287
     1
 67
     0
278
    -2
288
     1
 68
     0
279
    -2
289
     1
 69
     0
  0
VISUALSTYLE
  5
2F
102
{ACAD_REACTORS
330
2A
102
}
102
{ACAD_XDICTIONARY
360
41F
102
}
330
2A
100
AcDbVisualStyle
  2
2dWireframe
 70
     4
 71
     0
 72
     2
 73
     0
 90
        0
 40
0.6
 41
30.0
 62
     5
 63
     7
 74
     1
 91
        4
 64
     7
 65
   257
 75
     1
175
     1
 42
1.0
 92
        0
 66
   257
 43
1.0
 76
     1
 77
     6
 78
     2
 67
     7
 79
     5
170
     0
171
     0
290
     0
174
     0
 93
        1
 44
0.0
173
     0
291
     0
 45
0.0
1001
ACAD
1000
AcDbSavedByObjectVersion
1070
     0
  0
VISUALSTYLE
  5
32
102
{ACAD_REACTORS
330
2A
102
}
102
{ACAD_XDICTIONARY
360
425
102
}
330
2A
100
AcDbVisualStyle
  2
Basic
 70
     7
 71
     1
 72
     0
 73
     1
 90
        0
 40
0.6
 41
30.0
 62
     5
 63
     7
 74
     0
 91
        4
 64
     7
 65
   257
 75
     1
175
     1
 42
1.0
 92
        8
 66
     7
 43
1.0
 76
     1
 77
     6
 78
     2
 67
     7
 79
     5
170
     0
171
     0
290
     0
174
     0
 93
        1
 44
0.0
173
     0
291
     1
 45
0.0
1001
ACAD
1000
AcDbSavedByObjectVersion
1070
     0
  0
VISUALSTYLE
  5
36
102
{ACAD_REACTORS
330
2A
102
}
102
{ACAD_XDICTIONARY
360
42D
102
}
330
2A
100
AcDbVisualStyle
  2
Brighten
 70
    12
 71
     2
 72
     2
 73
     0
 90
        0
 40
0.6
 41
30.0
 62
     5
 63
     7
 74
     1
 91
        4
 64
     7
 65
   257
 75
     1
175
     1
 42
1.0
 92
        8
 66
     7
 43
1.0
 76
     1
 77
     6
 78
     2
 67
     7
 79
     5
170
     0
171
     0
290
     0
174
     0
 93
        1
 44
50.0
173
     0
291
     1
 45
0.0
1001
ACAD
1000
AcDbSavedByObjectVersion
1070
     0
  0
VISUALSTYLE
  5
3A
102
{ACAD_REACTORS
330
2A
102
}
102
{ACAD_XDICTIONARY
360
435
102
}
330
2A
100
AcDbVisualStyle
  2
ColorChange
 70
    16
 71
     2
 72
     2
 73
     3
 90
        0
 40
0.6
 41
30.0
 62
     5
 63
     8
 74
     1
 91
        4
 64
     7
 65
   257
 75
     1
175
     1
 42
1.0
 92
        8
 66
     8
 43
1.0
 76
     1
 77
     6
 78
     2
 67
     7
 79
     5
170
     0
171
     0
290
     0
174
     0
 93
        1
 44
0.0
173
     0
291
     1
 45
0.0
1001
ACAD
1000
AcDbSavedByObjectVersion
1070
     0
  0
VISUALSTYLE
  5
34
102
{ACAD_REACTORS
330
2A
102
}
102
{ACAD_XDICTIONARY
360
429
102
}
330
2A
100
AcDbVisualStyle
  2
Conceptual
 70
     9
 71
     3
 72
     2
 73
     0
 90
        0
 40
0.6
 41
30.0
 62
     5
 63
     7
 74
     2
 91
        2
 64
     7
 65
   257
 75
     1
175
     1
 42
179.0
 92
        8
 66
     7
 43
1.0
 76
     1
 77
     6
 78
     2
 67
     7
 79
     3
170
     0
171
     0
290
     0
174
     0
 93
        1
 44
0.0
173
     0
291
     0
 45
0.0
1001
ACAD
1000
AcDbSavedByObjectVersion
1070
     0
  0
VISUALSTYLE
  5
35
102
{ACAD_REACTORS
330
2A
102
}
102
{ACAD_XDICTIONARY
360
42B
102
}
330
2A
100
AcDbVisualStyle
  2
Dim
 70
    11
 71
     2
 72
     2
 73
     0
 90
        0
 40
0.6
 41
30.0
 62
     5
 63
     7
 74
     1
 91
        4
 64
     7
 65
   257
 75
     1
175
     1
 42
1.0
 92
        8
 66
     7
 43
1.0
 76
     1
 77
     6
 78
     2
 67
     7
 79
     5
170
     0
171
     0
290
     0
174
     0
 93
        1
 44
-50.0
173
     0
291
     1
 45
0.0
1001
ACAD
1000
AcDbSavedByObjectVersion
1070
     0
  0
VISUALSTYLE
  5
3D
102
{ACAD_REACTORS
330
2A
102
}
102
{ACAD_XDICTIONARY
360
43B
102
}
330
2A
100
AcDbVisualStyle
  2
EdgeColorOff
 70
    22
 71
     2
 72
     2
 73
     0
 90
        0
 40
0.6
 41
30.0
 62
     5
 63
     7
 74
     1
 91
        4
 64
     7
 65
   257
 75
     1
175
     1
 42
1.0
 92
        8
 66
     7
 43
1.0
 76
     1
 77
     6
 78
     2
 67
     7
 79
     5
170
     0
171
     0
290
     0
174
     0
 93
        1
 44
0.0
173
     0
291
     1
 45
0.0
1001
ACAD
1000
AcDbSavedByObjectVersion
1070
     0
  0
VISUALSTYLE
  5
39
102
{ACAD_REACTORS
330
2A
102
}
102
{ACAD_XDICTIONARY
360
433
102
}
330
2A
100
AcDbVisualStyle
  2
Facepattern
 70
    15
 71
     2
 72
     2
 73
     0
 90
        0
 40
0.6
 41
30.0
 62
     5
 63
     7
 74
     1
 91
        4
 64
     7
 65
   257
 75
     1
175
     1
 42
1.0
 92
        8
 66
     7
 43
1.0
 76
     1
 77
     6
 78
     2
 67
     7
 79
     5
170
     0
171
     0
290
     0
174
     0
 93
        1
 44
0.0
173
     0
291
     1
 45
0.0
1001
ACAD
1000
AcDbSavedByObjectVersion
1070
     0
  0
VISUALSTYLE
  5
2B
102
{ACAD_REACTORS
330
2A
102
}
102
{ACAD_XDICTIONARY
360
417
102
}
330
2A
100
AcDbVisualStyle
  2
Flat
 70
     0
 71
     2
 72
     1
 73
     1
 90
        2
 40
0.6
 41
30.0
 62
     5
 63
     7
 74
     0
 91
        0
 64
     7
 65
   257
 75
     1
175
     1
 42
1.0
 92
        8
 66
     7
 43
1.0
 76
     1
 77
     6
 78
     2
 67
     7
 79
     5
170
     0
171
     0
290
     0
174
     0
 93
       13
 44
0.0
173
     0
291
     1
 45
0.0
1001
ACAD
1000
AcDbSavedByObjectVersion
1070
     0
  0
VISUALSTYLE
  5
2C
102
{ACAD_REACTORS
330
2A
102
}
102
{ACAD_XDICTIONARY
360
419
102
}
330
2A
100
AcDbVisualStyle
  2
FlatWithEdges
 70
     1
 71
     2
 72
     1
 73
     1
 90
        2
 40
0.6
 41
30.0
 62
     5
 63
     7
 74
     1
 91
        0
 64
     7
 65
   257
 75
     1
175
     1
 42
1.0
 92
        0
 66
   257
 43
1.0
 76
     1
 77
     6
 78
     2
 67
     7
 79
     5
170
     0
171
     0
290
     0
174
     0
 93
       13
 44
0.0
173
     0
291
     1
 45
0.0
1001
ACAD
1000
AcDbSavedByObjectVersion
1070
     0
  0
VISUALSTYLE
  5
2D
102
{ACAD_REACTORS
330
2A
102
}
102
{ACAD_XDICTIONARY
360
41B
102
}
330
2A
100
AcDbVisualStyle
  2
Gouraud
 70
     2
 71
     2
 72
     2
 73
     1
 90
        2
 40
0.6
 41
30.0
 62
     5
 63
     7
 74
     0
 91
        0
 64
     7
 65
   257
 75
     1
175
     1
 42
1.0
 92
        0
 66
     7
 43
1.0
 76
     1
 77
     6
 78
     2
 67
     7
 79
     5
170
     0
171
     0
290
     0
174
     0
 93
       13
 44
0.0
173
     0
291
     1
 45
0.0
1001
ACAD
1000
AcDbSavedByObjectVersion
1070
     0
  0
VISUALSTYLE
  5
2E
102
{ACAD_REACTORS
330
2A
102
}
102
{ACAD_XDICTIONARY
360
41D
102
}
330
2A
100
AcDbVisualStyle
  2
GouraudWithEdges
 70
     3
 71
     2
 72
     2
 73
     1
 90
        2
 40
0.6
 41
30.0
 62
     5
 63
     7
 74
     1
 91
        0
 64
     7
 65
   257
 75
     1
175
     1
 42
1.0
 92
        0
 66
   257
 43
1.0
 76
     1
 77
     6
 78
     2
 67
     7
 79
     5
170
     0
171
     0
290
     0
174
     0
 93
       13
 44
0.0
173
     0
291
     1
 45
0.0
1001
ACAD
1000
AcDbSavedByObjectVersion
1070
     0
  0
VISUALSTYLE
  5
31
102
{ACAD_REACTORS
330
2A
102
}
102
{ACAD_XDICTIONARY
360
423
102
}
330
2A
100
AcDbVisualStyle
  2
Hidden
 70
     6
 71
     1
 72
     2
 73
     2
 90
        0
 40
0.6
 41
30.0
 62
     5
 63
     7
 74
     2
 91
        2
 64
     7
 65
   257
 75
     2
175
     1
 42
40.0
 92
        0
 66
   257
 43
1.0
 76
     1
 77
     6
 78
     2
 67
     7
 79
     3
170
     0
171
     0
290
     0
174
     0
 93
        1
 44
0.0
173
     0
291
     0
 45
0.0
1001
ACAD
1000
AcDbSavedByObjectVersion
1070
     0
  0
VISUALSTYLE
  5
3B
102
{ACAD_REACTORS
330
2A
102
}
102
{ACAD_XDICTIONARY
360
437
102
}
330
2A
100
AcDbVisualStyle
  2
JitterOff
 70
    20
 71
     2
 72
     2
 73
     0
 90
        0
 40
0.6
 41
30.0
 62
     5
 63
     7
 74
     1
 91
        4
 64
     7
 65
   257
 75
     1
175
     1
 42
1.0
 92
       10
 66
     7
 43
1.0
 76
     1
 77
     6
 78
     2
 67
     7
 79
     5
170
     0
171
     0
290
     0
174
     0
 93
        1
 44
0.0
173
     0
291
     1
 45
0.0
1001
ACAD
1000
AcDbSavedByObjectVersion
1070
     0
  0
VISUALSTYLE
  5
38
102
{ACAD_REACTORS
330
2A
102
}
102
{ACAD_XDICTIONARY
360
431
102
}
330
2A
100
AcDbVisualStyle
  2
Linepattern
 70
    14
 71
     2
 72
     2
 73
     0
 90
        0
 40
0.6
 41
30.0
 62
     5
 63
     7
 74
     1
 91
        4
 64
     7
 65
   257
 75
     7
175
     7
 42
1.0
 92
        8
 66
     7
 43
1.0
 76
     1
 77
     6
 78
     2
 67
     7
 79
     5
170
     0
171
     0
290
     0
174
     0
 93
        1
 44
0.0
173
     0
291
     1
 45
0.0
1001
ACAD
1000
AcDbSavedByObjectVersion
1070
     0
  0
VISUALSTYLE
  5
3C
102
{ACAD_REACTORS
330
2A
102
}
102
{ACAD_XDICTIONARY
360
439
102
}
330
2A
100
AcDbVisualStyle
  2
OverhangOff
 70
    21
 71
     2
 72
     2
 73
     0
 90
        0
 40
0.6
 41
30.0
 62
     5
 63
     7
 74
     1
 91
        4
 64
     7
 65
   257
 75
     1
175
     1
 42
1.0
 92
        9
 66
     7
 43
1.0
 76
     1
 77
     6
 78
     2
 67
     7
 79
     5
170
     0
171
     0
290
     0
174
     0
 93
        1
 44
0.0
173
     0
291
     1
 45
0.0
1001
ACAD
1000
AcDbSavedByObjectVersion
1070
     0
  0
VISUALSTYLE
  5
33
102
{ACAD_REACTORS
330
2A
102
}
102
{ACAD_XDICTIONARY
360
427
102
}
330
2A
100
AcDbVisualStyle
  2
Realistic
 70
     8
 71
     2
 72
     3
 73
     0
 90
        2
 40
0.6
 41
30.0
 62
     5
 63
     7
 74
     0
 91
        0
 64
     7
 65
   257
 75
     1
175
     1
 42
1.0
 92
        8
 66
   257
 43
1.0
 76
     1
 77
     6
 78
     2
 67
     7
 79
     3
170
     0
171
     0
290
     0
174
     0
 93
       13
 44
0.0
173
     0
291
     0
 45
0.0
1001
ACAD
1000
AcDbSavedByObjectVersion
1070
     0
  0
VISUALSTYLE
  5
42
102
{ACAD_REACTORS
330
2A
102
}
102
{ACAD_XDICTIONARY
360
445
102
}
330
2A
100
AcDbVisualStyle
  2
Shaded
 70
    27
 71
     2
 72
     2
 73
     1
 90
        2
 40
0.6
 41
30.0
 62
     5
 63
     7
 74
     0
 91
        4
 64
     7
 65
   257
 75
     1
175
     1
 42
1.0
 92
        8
 66
   257
 43
1.0
 76
     1
 77
     6
 78
     2
 67
     8
 79
     3
170
     0
171
     0
290
     0
174
     0
 93
        5
 44
0.0
173
     0
291
     0
 45
0.0
1001
ACAD
1000
AcDbSavedByObjectVersion
1070
     0
  0
VISUALSTYLE
  5
41
102
{ACAD_REACTORS
330
2A
102
}
102
{ACAD_XDICTIONARY
360
443
102
}
330
2A
100
AcDbVisualStyle
  2
Shaded with edges
 70
    26
 71
     2
 72
     2
 73
     1
 90
        2
 40
0.6
 41
30.0
 62
     5
 63
     7
 74
     1
 91
       10
 64
     7
 65
   257
 75
     2
175
     1
 42
1.0
 92
        8
 66
   257
 43
1.0
 76
     1
 77
     6
 78
     2
 67
     7
 79
     3
170
     0
171
     0
290
     0
174
     0
 93
        5
 44
0.0
173
     0
291
     0
 45
0.0
1001
ACAD
1000
AcDbSavedByObjectVersion
1070
     0
  0
VISUALSTYLE
  5
3E
102
{ACAD_REACTORS
330
2A
102
}
102
{ACAD_XDICTIONARY
360
43D
102
}
330
2A
100
AcDbVisualStyle
  2
Shades of Gray
 70
    23
 71
     2
 72
     2
 73
     3
 90
        0
 40
0.6
 41
30.0
 62
     5
 63
     7
 74
     2
 91
        2
 64
     7
 65
     7
 75
     1
175
     1
 42
40.0
 92
        8
 66
     7
 43
1.0
 76
     1
 77
     6
 78
     2
 67
     7
 79
     3
170
     0
171
     0
290
     0
174
     0
 93
        1
 44
0.0
173
     0
291
     0
 45
0.0
1001
ACAD
1000
AcDbSavedByObjectVersion
1070
     0
  0
VISUALSTYLE
  5
3F
102
{ACAD_REACTORS
330
2A
102
}
102
{ACAD_XDICTIONARY
360
43F
102
}
330
2A
100
AcDbVisualStyle
  2
Sketchy
 70
    24
 71
     1
 72
     2
 73
     2
 90
        0
 40
0.6
 41
30.0
 62
     5
 63
     7
 74
     2
 91
        2
 64
     7
 65
     7
 75
     1
175
     1
 42
40.0
 92
       11
 66
     7
 43
1.0
 76
     1
 77
     6
 78
     2
 67
     7
 79
     6
170
     0
171
     0
290
     0
174
     0
 93
        1
 44
0.0
173
     0
291
     0
 45
0.0
1001
ACAD
1000
AcDbSavedByObjectVersion
1070
     0
  0
VISUALSTYLE
  5
37
102
{ACAD_REACTORS
330
2A
102
}
102
{ACAD_XDICTIONARY
360
42F
102
}
330
2A
100
AcDbVisualStyle
  2
Thicken
 70
    13
 71
     2
 72
     2
 73
     0
 90
        0
 40
0.6
 41
30.0
 62
     5
 63
     7
 74
     1
 91
        4
 64
     7
 65
   257
 75
     1
175
     1
 42
1.0
 92
       12
 66
     7
 43
1.0
 76
     1
 77
     6
 78
     2
 67
     7
 79
     5
170
     0
171
     0
290
     0
174
     0
 93
        1
 44
0.0
173
     0
291
     1
 45
0.0
1001
ACAD
1000
AcDbSavedByObjectVersion
1070
     0
  0
VISUALSTYLE
  5
30
102
{ACAD_REACTORS
330
2A
102
}
102
{ACAD_XDICTIONARY
360
421
102
}
330
2A
100
AcDbVisualStyle
  2
Wireframe
 70
     5
 71
     0
 72
     2
 73
     0
 90
        0
 40
0.6
 41
30.0
 62
     5
 63
     7
 74
     1
 91
        4
 64
     7
 65
   257
 75
     1
175
     1
 42
1.0
 92
        0
 66
   257
 43
1.0
 76
     1
 77
     6
 78
     2
 67
     7
 79
     3
170
     0
171
     0
290
     0
174
     0
 93
        1
 44
0.0
173
     0
291
     0
 45
0.0
1001
ACAD
1000
AcDbSavedByObjectVersion
1070
     0
  0
VISUALSTYLE
  5
40
102
{ACAD_REACTORS
330
2A
102
}
102
{ACAD_XDICTIONARY
360
441
102
}
330
2A
100
AcDbVisualStyle
  2
X-Ray
 70
    25
 71
     2
 72
     2
 73
     1
 90
        1
 40
0.5
 41
30.0
 62
     5
 63
     7
 74
     1
 91
        0
 64
     7
 65
   257
 75
     1
175
     1
 42
1.0
 92
        8
 66
     7
 43
1.0
 76
     1
 77
     6
 78
     2
 67
     7
 79
     3
170
     0
171
     0
290
     0
174
     0
 93
       13
 44
0.0
173
     0
291
     0
 45
0.0
1001
ACAD
1000
AcDbSavedByObjectVersion
1070
     0
  0
DICTIONARYVAR
  5
415
102
{ACAD_REACTORS
330
40B
102
}
330
40B
100
DictionaryVariables
280
     0
  1
1:1
  0
DICTIONARYVAR
  5
40D
102
{ACAD_REACTORS
330
40B
102
}
330
40B
100
DictionaryVariables
280
     0
  1
Standard
  0
DICTIONARYVAR
  5
40C
102
{ACAD_REACTORS
330
40B
102
}
330
40B
100
DictionaryVariables
280
     0
  1
Standard
  0
DICTIONARYVAR
  5
410
102
{ACAD_REACTORS
330
40B
102
}
330
40B
100
DictionaryVariables
280
     0
  1
2
  0
DICTIONARYVAR
  5
411
102
{ACAD_REACTORS
330
40B
102
}
330
40B
100
DictionaryVariables
280
     0
  1
1
  0
DICTIONARYVAR
  5
416
102
{ACAD_REACTORS
330
40B
102
}
330
40B
100
DictionaryVariables
280
     0
  1
1
  0
DICTIONARY
  5
449
330
45
100
AcDbDictionary
280
     1
281
     1
  3
ACAD_XREC_ROUNDTRIP
360
44A
  0
DICTIONARY
  5
447
330
44
100
AcDbDictionary
280
     1
281
     1
  3
ACAD_XREC_ROUNDTRIP
360
448
  0
DICTIONARY
  5
44B
330
46
100
AcDbDictionary
280
     1
281
     1
  3
ACAD_XREC_ROUNDTRIP
360
44C
  0
DICTIONARY
  5
44E
330
6C
100
AcDbDictionary
280
     1
281
     1
  3
ACAD_XREC_ROUNDTRIP
360
44F
  0
DICTIONARY
  5
41F
330
2F
100
AcDbDictionary
280
     1
281
     1
  3
ACAD_XREC_ROUNDTRIP
360
420
  0
DICTIONARY
  5
425
330
32
100
AcDbDictionary
280
     1
281
     1
  3
ACAD_XREC_ROUNDTRIP
360
426
  0
DICTIONARY
  5
42D
330
36
100
AcDbDictionary
280
     1
281
     1
  3
ACAD_XREC_ROUNDTRIP
360
42E
  0
DICTIONARY
  5
435
330
3A
100
AcDbDictionary
280
     1
281
     1
  3
ACAD_XREC_ROUNDTRIP
360
436
  0
DICTIONARY
  5
429
330
34
100
AcDbDictionary
280
     1
281
     1
  3
ACAD_XREC_ROUNDTRIP
360
42A
  0
DICTIONARY
  5
42B
330
35
100
AcDbDictionary
280
     1
281
     1
  3
ACAD_XREC_ROUNDTRIP
360
42C
  0
DICTIONARY
  5
43B
330
3D
100
AcDbDictionary
280
     1
281
     1
  3
ACAD_XREC_ROUNDTRIP
360
43C
  0
DICTIONARY
  5
433
330
39
100
AcDbDictionary
280
     1
281
     1
  3
ACAD_XREC_ROUNDTRIP
360
434
  0
DICTIONARY
  5
417
330
2B
100
AcDbDictionary
280
     1
281
     1
  3
ACAD_XREC_ROUNDTRIP
360
418
  0
DICTIONARY
  5
419
330
2C
100
AcDbDictionary
280
     1
281
     1
  3
ACAD_XREC_ROUNDTRIP
360
41A
  0
DICTIONARY
  5
41B
330
2D
100
AcDbDictionary
280
     1
281
     1
  3
ACAD_XREC_ROUNDTRIP
360
41C
  0
DICTIONARY
  5
41D
330
2E
100
AcDbDictionary
280
     1
281
     1
  3
ACAD_XREC_ROUNDTRIP
360
41E
  0
DICTIONARY
  5
423
330
31
100
AcDbDictionary
280
     1
281
     1
  3
ACAD_XREC_ROUNDTRIP
360
424
  0
DICTIONARY
  5
437
330
3B
100
AcDbDictionary
280
     1
281
     1
  3
ACAD_XREC_ROUNDTRIP
360
438
  0
DICTIONARY
  5
431
330
38
100
AcDbDictionary
280
     1
281
     1
  3
ACAD_XREC_ROUNDTRIP
360
432
  0
DICTIONARY
  5
439
330
3C
100
AcDbDictionary
280
     1
281
     1
  3
ACAD_XREC_ROUNDTRIP
360
43A
  0
DICTIONARY
  5
427
330
33
100
AcDbDictionary
280
     1
281
     1
  3
ACAD_XREC_ROUNDTRIP
360
428
  0
DICTIONARY
  5
445
330
42
100
AcDbDictionary
280
     1
281
     1
  3
ACAD_XREC_ROUNDTRIP
360
446
  0
DICTIONARY
  5
443
330
41
100
AcDbDictionary
280
     1
281
     1
  3
ACAD_XREC_ROUNDTRIP
360
444
  0
DICTIONARY
  5
43D
330
3E
100
AcDbDictionary
280
     1
281
     1
  3
ACAD_XREC_ROUNDTRIP
360
43E
  0
DICTIONARY
  5
43F
330
3F
100
AcDbDictionary
280
     1
281
     1
  3
ACAD_XREC_ROUNDTRIP
360
440
  0
DICTIONARY
  5
42F
330
37
100
AcDbDictionary
280
     1
281
     1
  3
ACAD_XREC_ROUNDTRIP
360
430
  0
DICTIONARY
  5
421
330
30
100
AcDbDictionary
280
     1
281
     1
  3
ACAD_XREC_ROUNDTRIP
360
422
  0
DICTIONARY
  5
441
330
40
100
AcDbDictionary
280
     1
281
     1
  3
ACAD_XREC_ROUNDTRIP
360
442
  0
XRECORD
  5
44A
102
{ACAD_REACTORS
330
449
102
}
330
449
100
AcDbXrecord
280
     1
102
MATERIAL
148
0.0
149
0.0
149
0.0
 93
        0
 94
      127
282
     0
 72
     1
 77
     1
171
     1
175
     1
179
     1
273
     0
  0
XRECORD
  5
448
102
{ACAD_REACTORS
330
447
102
}
330
447
100
AcDbXrecord
280
     1
102
MATERIAL
148
0.0
149
0.0
149
0.0
 93
        0
 94
      127
282
     0
 72
     1
 77
     1
171
     1
175
     1
179
     1
273
     0
  0
XRECORD
  5
44C
102
{ACAD_REACTORS
330
44B
102
}
330
44B
100
AcDbXrecord
280
     1
102
MATERIAL
148
0.0
149
0.0
149
0.0
 93
        0
 94
      127
282
     0
 72
     1
 77
     1
171
     1
175
     1
179
     1
273
     0
  0
XRECORD
  5
44F
102
{ACAD_REACTORS
330
44E
102
}
330
44E
100
AcDbXrecord
280
     1
102
ACAD_ROUNDTRIP_2010_MLEADER_STYLE
  0
XRECORD
  5
420
102
{ACAD_REACTORS
330
41F
102
}
330
41F
100
AcDbXrecord
280
     1
102
RTVSPropertyOp0
 70
     1
102
RTVSPropertyOp1
 70
     1
102
RTVSPropertyOp2
 70
     1
102
RTVSPropertyOp3
 70
     1
102
RTVSPropertyOp4
 70
     1
102
RTVSPropertyOp5
 70
     1
102
RTVSPropertyOp6
 70
     1
102
RTVSPropertyOp7
 70
     1
102
RTVSPropertyOp8
 70
     1
102
RTVSPropertyOp9
 70
     1
102
RTVSPropertyOp10
 70
     1
102
RTVSPropertyOp11
 70
     1
102
RTVSPropertyOp12
 70
     1
102
RTVSPropertyOp13
 70
     1
102
RTVSPropertyOp14
 70
     1
102
RTVSPropertyOp15
 70
     1
102
RTVSPropertyOp16
 70
     1
102
RTVSPropertyOp17
 70
     1
102
RTVSPropertyOp18
 70
     1
102
RTVSPropertyOp19
 70
     1
102
RTVSPropertyOp20
 70
     1
102
RTVSPropertyOp21
 70
     1
102
RTVSPropertyOp22
 70
     1
102
RTVSPropertyOp23
 70
     1
102
RTVSPropertyOp24
 70
     1
102
RTVSPropertyOp25
 70
     1
102
RTVSPropertyOp26
 70
     1
102
RTVSPropertyOp27
 70
     1
102
RTVSPropertyOp28
 70
     1
102
RTVSPropertyOp29
 70
     1
102
RTVSPropertyOp30
 70
     1
102
RTVSPropertyOp31
 70
     1
102
RTVSPropertyOp32
 70
     1
102
RTVSPropertyOp33
 70
     1
102
RTVSPropertyOp34
 70
     1
102
RTVSPropertyOp35
 70
     1
102
RTVSPropertyOp36
 70
     1
102
RTVSPropertyOp37
 70
     1
102
RTVSPropertyOp38
 70
     1
102
RTVSPropertyOp39
 70
     1
102
RTVSPropertyOp40
 70
     1
102
RTVSPropertyOp41
 70
     1
102
RTVSPropertyOp42
 70
     1
102
RTVSPropertyOp43
 70
     1
102
RTVSPropertyOp44
 70
     1
102
RTVSPropertyOp45
 70
     1
102
RTVSPropertyOp46
 70
     1
102
RTVSPropertyOp47
 70
     1
102
RTVSPropertyOp48
 70
     1
102
RTVSPropertyOp49
 70
     1
102
RTVSPropertyOp50
 70
     1
102
RTVSPropertyOp51
 70
     0
102
RTVSPropertyOp52
 70
     0
102
RTVSPropertyOp53
 70
     1
102
RTVSPropertyOp54
 70
     1
102
RTVSPropertyOp55
 70
     1
102
RTVSPropertyOp56
 70
     1
102
RTVSPropertyOp57
 70
     1
102
RTVSPost2010Prop28
280
     1
102
RTVSPost2010PropOp28
 70
     1
102
RTVSPost2010Prop29
280
     1
102
RTVSPost2010PropOp29
 70
     1
102
RTVSPost2010Prop30
280
     0
102
RTVSPost2010PropOp30
 70
     1
102
RTVSPost2010Prop31
280
     0
102
RTVSPost2010PropOp31
 70
     1
102
RTVSPost2010Prop32
280
     0
102
RTVSPost2010PropOp32
 70
     1
102
RTVSPost2010Prop33
280
     0
102
RTVSPost2010PropOp33
 70
     1
102
RTVSPost2010Prop34
280
     0
102
RTVSPost2010PropOp34
 70
     1
102
RTVSPost2010Prop35
280
     0
102
RTVSPost2010PropOp35
 70
     1
102
RTVSPost2010Prop36
280
     0
102
RTVSPost2010PropOp36
 70
     1
102
RTVSPost2010Prop37
 90
       50
102
RTVSPost2010PropOp37
 70
     1
102
RTVSPost2010Prop38
140
0.0
102
RTVSPost2010PropOp38
 70
     1
102
RTVSPost2010Prop39
140
1.0
102
RTVSPost2010PropOp39
 70
     1
102
RTVSPost2010Prop40
 90
        0
102
RTVSPost2010PropOp40
 70
     1
102
RTVSPost2010Prop41ColorIndex
 90
       18
102
RTVSPost2010Prop41ColorRGB
 90
        0
102
RTVSPost2010PropOp41
 70
     1
102
RTVSPost2010Prop42
 90
       50
102
RTVSPost2010PropOp42
 70
     1
102
RTVSPost2010Prop43
 90
        3
102
RTVSPost2010PropOp43
 70
     1
102
RTVSPost2010Prop44ColorIndex
 90
        5
102
RTVSPost2010Prop44ColorRGB
 90
      255
102
RTVSPost2010PropOp44
 70
     1
102
RTVSPost2010Prop45
280
     0
102
RTVSPost2010PropOp45
 70
     1
102
RTVSPost2010Prop46
 90
       50
102
RTVSPost2010PropOp46
 70
     1
102
RTVSPost2010Prop47
 90
       50
102
RTVSPost2010PropOp47
 70
     1
102
RTVSPost2010Prop48
 90
       50
102
RTVSPost2010PropOp48
 70
     1
102
RTVSPost2010Prop49
280
     0
102
RTVSPost2010PropOp49
 70
     1
102
RTVSPost2010Prop50
 90
       50
102
RTVSPost2010PropOp50
 70
     1
102
RTVSPost2010Prop51ColorIndex
 90
      256
102
RTVSPost2010Prop51ColorRGB
 90
-16777216
102
RTVSPost2010PropOp51
 70
     0
102
RTVSPost2010Prop52
140
1.0
102
RTVSPost2010PropOp52
 70
     0
102
RTVSPost2010Prop53
 90
        2
102
RTVSPost2010PropOp53
 70
     1
102
RTVSPost2010Prop54
  1
strokes_ogs.tif
102
RTVSPost2010PropOp54
 70
     1
102
RTVSPost2010Prop55
280
     0
102
RTVSPost2010PropOp55
 70
     1
102
RTVSPost2010Prop56
140
1.0
102
RTVSPost2010PropOp56
 70
     1
102
RTVSPost2010Prop57
140
1.0
102
RTVSPost2010PropOp57
 70
     1
  0
XRECORD
  5
426
102
{ACAD_REACTORS
330
425
102
}
330
425
100
AcDbXrecord
280
     1
102
RTVSPropertyOp0
 70
     1
102
RTVSPropertyOp1
 70
     1
102
RTVSPropertyOp2
 70
     1
102
RTVSPropertyOp3
 70
     1
102
RTVSPropertyOp4
 70
     1
102
RTVSPropertyOp5
 70
     1
102
RTVSPropertyOp6
 70
     1
102
RTVSPropertyOp7
 70
     1
102
RTVSPropertyOp8
 70
     1
102
RTVSPropertyOp9
 70
     1
102
RTVSPropertyOp10
 70
     1
102
RTVSPropertyOp11
 70
     1
102
RTVSPropertyOp12
 70
     1
102
RTVSPropertyOp13
 70
     1
102
RTVSPropertyOp14
 70
     1
102
RTVSPropertyOp15
 70
     1
102
RTVSPropertyOp16
 70
     1
102
RTVSPropertyOp17
 70
     1
102
RTVSPropertyOp18
 70
     1
102
RTVSPropertyOp19
 70
     1
102
RTVSPropertyOp20
 70
     1
102
RTVSPropertyOp21
 70
     1
102
RTVSPropertyOp22
 70
     1
102
RTVSPropertyOp23
 70
     1
102
RTVSPropertyOp24
 70
     1
102
RTVSPropertyOp25
 70
     1
102
RTVSPropertyOp26
 70
     1
102
RTVSPropertyOp27
 70
     1
102
RTVSPropertyOp28
 70
     1
102
RTVSPropertyOp29
 70
     1
102
RTVSPropertyOp30
 70
     1
102
RTVSPropertyOp31
 70
     1
102
RTVSPropertyOp32
 70
     1
102
RTVSPropertyOp33
 70
     1
102
RTVSPropertyOp34
 70
     1
102
RTVSPropertyOp35
 70
     1
102
RTVSPropertyOp36
 70
     1
102
RTVSPropertyOp37
 70
     1
102
RTVSPropertyOp38
 70
     1
102
RTVSPropertyOp39
 70
     1
102
RTVSPropertyOp40
 70
     1
102
RTVSPropertyOp41
 70
     1
102
RTVSPropertyOp42
 70
     1
102
RTVSPropertyOp43
 70
     1
102
RTVSPropertyOp44
 70
     1
102
RTVSPropertyOp45
 70
     1
102
RTVSPropertyOp46
 70
     1
102
RTVSPropertyOp47
 70
     1
102
RTVSPropertyOp48
 70
     1
102
RTVSPropertyOp49
 70
     1
102
RTVSPropertyOp50
 70
     1
102
RTVSPropertyOp51
 70
     0
102
RTVSPropertyOp52
 70
     0
102
RTVSPropertyOp53
 70
     1
102
RTVSPropertyOp54
 70
     1
102
RTVSPropertyOp55
 70
     1
102
RTVSPropertyOp56
 70
     1
102
RTVSPropertyOp57
 70
     1
102
RTVSPost2010Prop28
280
     0
102
RTVSPost2010PropOp28
 70
     1
102
RTVSPost2010Prop29
280
     1
102
RTVSPost2010PropOp29
 70
     1
102
RTVSPost2010Prop30
280
     1
102
RTVSPost2010PropOp30
 70
     1
102
RTVSPost2010Prop31
280
     0
102
RTVSPost2010PropOp31
 70
     1
102
RTVSPost2010Prop32
280
     0
102
RTVSPost2010PropOp32
 70
     1
102
RTVSPost2010Prop33
280
     0
102
RTVSPost2010PropOp33
 70
     1
102
RTVSPost2010Prop34
280
     0
102
RTVSPost2010PropOp34
 70
     1
102
RTVSPost2010Prop35
280
     0
102
RTVSPost2010PropOp35
 70
     1
102
RTVSPost2010Prop36
280
     0
102
RTVSPost2010PropOp36
 70
     1
102
RTVSPost2010Prop37
 90
       50
102
RTVSPost2010PropOp37
 70
     1
102
RTVSPost2010Prop38
140
0.0
102
RTVSPost2010PropOp38
 70
     1
102
RTVSPost2010Prop39
140
1.0
102
RTVSPost2010PropOp39
 70
     1
102
RTVSPost2010Prop40
 90
        0
102
RTVSPost2010PropOp40
 70
     1
102
RTVSPost2010Prop41ColorIndex
 90
       18
102
RTVSPost2010Prop41ColorRGB
 90
        0
102
RTVSPost2010PropOp41
 70
     1
102
RTVSPost2010Prop42
 90
       50
102
RTVSPost2010PropOp42
 70
     1
102
RTVSPost2010Prop43
 90
        3
102
RTVSPost2010PropOp43
 70
     1
102
RTVSPost2010Prop44ColorIndex
 90
        5
102
RTVSPost2010Prop44ColorRGB
 90
      255
102
RTVSPost2010PropOp44
 70
     1
102
RTVSPost2010Prop45
280
     0
102
RTVSPost2010PropOp45
 70
     1
102
RTVSPost2010Prop46
 90
       50
102
RTVSPost2010PropOp46
 70
     1
102
RTVSPost2010Prop47
 90
       50
102
RTVSPost2010PropOp47
 70
     1
102
RTVSPost2010Prop48
 90
       50
102
RTVSPost2010PropOp48
 70
     1
102
RTVSPost2010Prop49
280
     0
102
RTVSPost2010PropOp49
 70
     1
102
RTVSPost2010Prop50
 90
       50
102
RTVSPost2010PropOp50
 70
     1
102
RTVSPost2010Prop51ColorIndex
 90
      256
102
RTVSPost2010Prop51ColorRGB
 90
-16777216
102
RTVSPost2010PropOp51
 70
     0
102
RTVSPost2010Prop52
140
1.0
102
RTVSPost2010PropOp52
 70
     0
102
RTVSPost2010Prop53
 90
        2
102
RTVSPost2010PropOp53
 70
     1
102
RTVSPost2010Prop54
  1
strokes_ogs.tif
102
RTVSPost2010PropOp54
 70
     1
102
RTVSPost2010Prop55
280
     0
102
RTVSPost2010PropOp55
 70
     1
102
RTVSPost2010Prop56
140
1.0
102
RTVSPost2010PropOp56
 70
     1
102
RTVSPost2010Prop57
140
1.0
102
RTVSPost2010PropOp57
 70
     1
  0
XRECORD
  5
42E
102
{ACAD_REACTORS
330
42D
102
}
330
42D
100
AcDbXrecord
280
     1
102
RTVSPropertyOp0
 70
     1
102
RTVSPropertyOp1
 70
     1
102
RTVSPropertyOp2
 70
     1
102
RTVSPropertyOp3
 70
     1
102
RTVSPropertyOp4
 70
     1
102
RTVSPropertyOp5
 70
     1
102
RTVSPropertyOp6
 70
     1
102
RTVSPropertyOp7
 70
     1
102
RTVSPropertyOp8
 70
     1
102
RTVSPropertyOp9
 70
     1
102
RTVSPropertyOp10
 70
     1
102
RTVSPropertyOp11
 70
     1
102
RTVSPropertyOp12
 70
     1
102
RTVSPropertyOp13
 70
     1
102
RTVSPropertyOp14
 70
     1
102
RTVSPropertyOp15
 70
     1
102
RTVSPropertyOp16
 70
     1
102
RTVSPropertyOp17
 70
     1
102
RTVSPropertyOp18
 70
     1
102
RTVSPropertyOp19
 70
     1
102
RTVSPropertyOp20
 70
     1
102
RTVSPropertyOp21
 70
     1
102
RTVSPropertyOp22
 70
     1
102
RTVSPropertyOp23
 70
     1
102
RTVSPropertyOp24
 70
     1
102
RTVSPropertyOp25
 70
     1
102
RTVSPropertyOp26
 70
     1
102
RTVSPropertyOp27
 70
     1
102
RTVSPropertyOp28
 70
     1
102
RTVSPropertyOp29
 70
     1
102
RTVSPropertyOp30
 70
     1
102
RTVSPropertyOp31
 70
     1
102
RTVSPropertyOp32
 70
     1
102
RTVSPropertyOp33
 70
     1
102
RTVSPropertyOp34
 70
     1
102
RTVSPropertyOp35
 70
     1
102
RTVSPropertyOp36
 70
     1
102
RTVSPropertyOp37
 70
     1
102
RTVSPropertyOp38
 70
     1
102
RTVSPropertyOp39
 70
     1
102
RTVSPropertyOp40
 70
     1
102
RTVSPropertyOp41
 70
     1
102
RTVSPropertyOp42
 70
     1
102
RTVSPropertyOp43
 70
     1
102
RTVSPropertyOp44
 70
     1
102
RTVSPropertyOp45
 70
     1
102
RTVSPropertyOp46
 70
     1
102
RTVSPropertyOp47
 70
     1
102
RTVSPropertyOp48
 70
     1
102
RTVSPropertyOp49
 70
     1
102
RTVSPropertyOp50
 70
     1
102
RTVSPropertyOp51
 70
     0
102
RTVSPropertyOp52
 70
     0
102
RTVSPropertyOp53
 70
     1
102
RTVSPropertyOp54
 70
     1
102
RTVSPropertyOp55
 70
     1
102
RTVSPropertyOp56
 70
     1
102
RTVSPropertyOp57
 70
     1
102
RTVSPost2010Prop28
280
     0
102
RTVSPost2010PropOp28
 70
     1
102
RTVSPost2010Prop29
280
     1
102
RTVSPost2010PropOp29
 70
     1
102
RTVSPost2010Prop30
280
     1
102
RTVSPost2010PropOp30
 70
     1
102
RTVSPost2010Prop31
280
     0
102
RTVSPost2010PropOp31
 70
     1
102
RTVSPost2010Prop32
280
     0
102
RTVSPost2010PropOp32
 70
     1
102
RTVSPost2010Prop33
280
     0
102
RTVSPost2010PropOp33
 70
     1
102
RTVSPost2010Prop34
280
     0
102
RTVSPost2010PropOp34
 70
     1
102
RTVSPost2010Prop35
280
     0
102
RTVSPost2010PropOp35
 70
     1
102
RTVSPost2010Prop36
280
     0
102
RTVSPost2010PropOp36
 70
     1
102
RTVSPost2010Prop37
 90
       50
102
RTVSPost2010PropOp37
 70
     1
102
RTVSPost2010Prop38
140
0.0
102
RTVSPost2010PropOp38
 70
     1
102
RTVSPost2010Prop39
140
1.0
102
RTVSPost2010PropOp39
 70
     1
102
RTVSPost2010Prop40
 90
        0
102
RTVSPost2010PropOp40
 70
     1
102
RTVSPost2010Prop41ColorIndex
 90
       18
102
RTVSPost2010Prop41ColorRGB
 90
        0
102
RTVSPost2010PropOp41
 70
     1
102
RTVSPost2010Prop42
 90
       50
102
RTVSPost2010PropOp42
 70
     1
102
RTVSPost2010Prop43
 90
        3
102
RTVSPost2010PropOp43
 70
     1
102
RTVSPost2010Prop44ColorIndex
 90
        5
102
RTVSPost2010Prop44ColorRGB
 90
      255
102
RTVSPost2010PropOp44
 70
     1
102
RTVSPost2010Prop45
280
     0
102
RTVSPost2010PropOp45
 70
     1
102
RTVSPost2010Prop46
 90
       50
102
RTVSPost2010PropOp46
 70
     1
102
RTVSPost2010Prop47
 90
       50
102
RTVSPost2010PropOp47
 70
     1
102
RTVSPost2010Prop48
 90
       50
102
RTVSPost2010PropOp48
 70
     1
102
RTVSPost2010Prop49
280
     0
102
RTVSPost2010PropOp49
 70
     1
102
RTVSPost2010Prop50
 90
       50
102
RTVSPost2010PropOp50
 70
     1
102
RTVSPost2010Prop51ColorIndex
 90
      256
102
RTVSPost2010Prop51ColorRGB
 90
-16777216
102
RTVSPost2010PropOp51
 70
     0
102
RTVSPost2010Prop52
140
1.0
102
RTVSPost2010PropOp52
 70
     0
102
RTVSPost2010Prop53
 90
        2
102
RTVSPost2010PropOp53
 70
     1
102
RTVSPost2010Prop54
  1
strokes_ogs.tif
102
RTVSPost2010PropOp54
 70
     1
102
RTVSPost2010Prop55
280
     0
102
RTVSPost2010PropOp55
 70
     1
102
RTVSPost2010Prop56
140
1.0
102
RTVSPost2010PropOp56
 70
     1
102
RTVSPost2010Prop57
140
1.0
102
RTVSPost2010PropOp57
 70
     1
  0
XRECORD
  5
436
102
{ACAD_REACTORS
330
435
102
}
330
435
100
AcDbXrecord
280
     1
102
RTVSPropertyOp0
 70
     1
102
RTVSPropertyOp1
 70
     1
102
RTVSPropertyOp2
 70
     1
102
RTVSPropertyOp3
 70
     1
102
RTVSPropertyOp4
 70
     1
102
RTVSPropertyOp5
 70
     1
102
RTVSPropertyOp6
 70
     1
102
RTVSPropertyOp7
 70
     1
102
RTVSPropertyOp8
 70
     1
102
RTVSPropertyOp9
 70
     1
102
RTVSPropertyOp10
 70
     1
102
RTVSPropertyOp11
 70
     1
102
RTVSPropertyOp12
 70
     1
102
RTVSPropertyOp13
 70
     1
102
RTVSPropertyOp14
 70
     1
102
RTVSPropertyOp15
 70
     1
102
RTVSPropertyOp16
 70
     1
102
RTVSPropertyOp17
 70
     1
102
RTVSPropertyOp18
 70
     1
102
RTVSPropertyOp19
 70
     1
102
RTVSPropertyOp20
 70
     1
102
RTVSPropertyOp21
 70
     1
102
RTVSPropertyOp22
 70
     1
102
RTVSPropertyOp23
 70
     1
102
RTVSPropertyOp24
 70
     1
102
RTVSPropertyOp25
 70
     1
102
RTVSPropertyOp26
 70
     1
102
RTVSPropertyOp27
 70
     1
102
RTVSPropertyOp28
 70
     1
102
RTVSPropertyOp29
 70
     1
102
RTVSPropertyOp30
 70
     1
102
RTVSPropertyOp31
 70
     1
102
RTVSPropertyOp32
 70
     1
102
RTVSPropertyOp33
 70
     1
102
RTVSPropertyOp34
 70
     1
102
RTVSPropertyOp35
 70
     1
102
RTVSPropertyOp36
 70
     1
102
RTVSPropertyOp37
 70
     1
102
RTVSPropertyOp38
 70
     1
102
RTVSPropertyOp39
 70
     1
102
RTVSPropertyOp40
 70
     1
102
RTVSPropertyOp41
 70
     1
102
RTVSPropertyOp42
 70
     1
102
RTVSPropertyOp43
 70
     1
102
RTVSPropertyOp44
 70
     1
102
RTVSPropertyOp45
 70
     1
102
RTVSPropertyOp46
 70
     1
102
RTVSPropertyOp47
 70
     1
102
RTVSPropertyOp48
 70
     1
102
RTVSPropertyOp49
 70
     1
102
RTVSPropertyOp50
 70
     1
102
RTVSPropertyOp51
 70
     0
102
RTVSPropertyOp52
 70
     0
102
RTVSPropertyOp53
 70
     1
102
RTVSPropertyOp54
 70
     1
102
RTVSPropertyOp55
 70
     1
102
RTVSPropertyOp56
 70
     1
102
RTVSPropertyOp57
 70
     1
102
RTVSPost2010Prop28
280
     0
102
RTVSPost2010PropOp28
 70
     1
102
RTVSPost2010Prop29
280
     1
102
RTVSPost2010PropOp29
 70
     1
102
RTVSPost2010Prop30
280
     1
102
RTVSPost2010PropOp30
 70
     1
102
RTVSPost2010Prop31
280
     0
102
RTVSPost2010PropOp31
 70
     1
102
RTVSPost2010Prop32
280
     0
102
RTVSPost2010PropOp32
 70
     1
102
RTVSPost2010Prop33
280
     0
102
RTVSPost2010PropOp33
 70
     1
102
RTVSPost2010Prop34
280
     0
102
RTVSPost2010PropOp34
 70
     1
102
RTVSPost2010Prop35
280
     0
102
RTVSPost2010PropOp35
 70
     1
102
RTVSPost2010Prop36
280
     0
102
RTVSPost2010PropOp36
 70
     1
102
RTVSPost2010Prop37
 90
       50
102
RTVSPost2010PropOp37
 70
     1
102
RTVSPost2010Prop38
140
0.0
102
RTVSPost2010PropOp38
 70
     1
102
RTVSPost2010Prop39
140
1.0
102
RTVSPost2010PropOp39
 70
     1
102
RTVSPost2010Prop40
 90
        0
102
RTVSPost2010PropOp40
 70
     1
102
RTVSPost2010Prop41ColorIndex
 90
       18
102
RTVSPost2010Prop41ColorRGB
 90
        0
102
RTVSPost2010PropOp41
 70
     1
102
RTVSPost2010Prop42
 90
       50
102
RTVSPost2010PropOp42
 70
     1
102
RTVSPost2010Prop43
 90
        3
102
RTVSPost2010PropOp43
 70
     1
102
RTVSPost2010Prop44ColorIndex
 90
        5
102
RTVSPost2010Prop44ColorRGB
 90
      255
102
RTVSPost2010PropOp44
 70
     1
102
RTVSPost2010Prop45
280
     0
102
RTVSPost2010PropOp45
 70
     1
102
RTVSPost2010Prop46
 90
       50
102
RTVSPost2010PropOp46
 70
     1
102
RTVSPost2010Prop47
 90
       50
102
RTVSPost2010PropOp47
 70
     1
102
RTVSPost2010Prop48
 90
       50
102
RTVSPost2010PropOp48
 70
     1
102
RTVSPost2010Prop49
280
     0
102
RTVSPost2010PropOp49
 70
     1
102
RTVSPost2010Prop50
 90
       50
102
RTVSPost2010PropOp50
 70
     1
102
RTVSPost2010Prop51ColorIndex
 90
      256
102
RTVSPost2010Prop51ColorRGB
 90
-16777216
102
RTVSPost2010PropOp51
 70
     0
102
RTVSPost2010Prop52
140
1.0
102
RTVSPost2010PropOp52
 70
     0
102
RTVSPost2010Prop53
 90
        2
102
RTVSPost2010PropOp53
 70
     1
102
RTVSPost2010Prop54
  1
strokes_ogs.tif
102
RTVSPost2010PropOp54
 70
     1
102
RTVSPost2010Prop55
280
     0
102
RTVSPost2010PropOp55
 70
     1
102
RTVSPost2010Prop56
140
1.0
102
RTVSPost2010PropOp56
 70
     1
102
RTVSPost2010Prop57
140
1.0
102
RTVSPost2010PropOp57
 70
     1
  0
XRECORD
  5
42A
102
{ACAD_REACTORS
330
429
102
}
330
429
100
AcDbXrecord
280
     1
102
RTVSPropertyOp0
 70
     1
102
RTVSPropertyOp1
 70
     1
102
RTVSPropertyOp2
 70
     1
102
RTVSPropertyOp3
 70
     1
102
RTVSPropertyOp4
 70
     1
102
RTVSPropertyOp5
 70
     1
102
RTVSPropertyOp6
 70
     1
102
RTVSPropertyOp7
 70
     1
102
RTVSPropertyOp8
 70
     1
102
RTVSPropertyOp9
 70
     1
102
RTVSPropertyOp10
 70
     1
102
RTVSPropertyOp11
 70
     1
102
RTVSPropertyOp12
 70
     1
102
RTVSPropertyOp13
 70
     1
102
RTVSPropertyOp14
 70
     1
102
RTVSPropertyOp15
 70
     1
102
RTVSPropertyOp16
 70
     1
102
RTVSPropertyOp17
 70
     1
102
RTVSPropertyOp18
 70
     1
102
RTVSPropertyOp19
 70
     1
102
RTVSPropertyOp20
 70
     1
102
RTVSPropertyOp21
 70
     1
102
RTVSPropertyOp22
 70
     1
102
RTVSPropertyOp23
 70
     1
102
RTVSPropertyOp24
 70
     1
102
RTVSPropertyOp25
 70
     1
102
RTVSPropertyOp26
 70
     1
102
RTVSPropertyOp27
 70
     1
102
RTVSPropertyOp28
 70
     1
102
RTVSPropertyOp29
 70
     1
102
RTVSPropertyOp30
 70
     1
102
RTVSPropertyOp31
 70
     1
102
RTVSPropertyOp32
 70
     1
102
RTVSPropertyOp33
 70
     1
102
RTVSPropertyOp34
 70
     1
102
RTVSPropertyOp35
 70
     1
102
RTVSPropertyOp36
 70
     1
102
RTVSPropertyOp37
 70
     1
102
RTVSPropertyOp38
 70
     1
102
RTVSPropertyOp39
 70
     1
102
RTVSPropertyOp40
 70
     1
102
RTVSPropertyOp41
 70
     1
102
RTVSPropertyOp42
 70
     1
102
RTVSPropertyOp43
 70
     1
102
RTVSPropertyOp44
 70
     1
102
RTVSPropertyOp45
 70
     1
102
RTVSPropertyOp46
 70
     1
102
RTVSPropertyOp47
 70
     1
102
RTVSPropertyOp48
 70
     1
102
RTVSPropertyOp49
 70
     1
102
RTVSPropertyOp50
 70
     1
102
RTVSPropertyOp51
 70
     0
102
RTVSPropertyOp52
 70
     0
102
RTVSPropertyOp53
 70
     1
102
RTVSPropertyOp54
 70
     1
102
RTVSPropertyOp55
 70
     1
102
RTVSPropertyOp56
 70
     1
102
RTVSPropertyOp57
 70
     1
102
RTVSPost2010Prop28
280
     0
102
RTVSPost2010PropOp28
 70
     1
102
RTVSPost2010Prop29
280
     1
102
RTVSPost2010PropOp29
 70
     1
102
RTVSPost2010Prop30
280
     1
102
RTVSPost2010PropOp30
 70
     1
102
RTVSPost2010Prop31
280
     0
102
RTVSPost2010PropOp31
 70
     1
102
RTVSPost2010Prop32
280
     0
102
RTVSPost2010PropOp32
 70
     1
102
RTVSPost2010Prop33
280
     0
102
RTVSPost2010PropOp33
 70
     1
102
RTVSPost2010Prop34
280
     0
102
RTVSPost2010PropOp34
 70
     1
102
RTVSPost2010Prop35
280
     0
102
RTVSPost2010PropOp35
 70
     1
102
RTVSPost2010Prop36
280
     0
102
RTVSPost2010PropOp36
 70
     1
102
RTVSPost2010Prop37
 90
       50
102
RTVSPost2010PropOp37
 70
     1
102
RTVSPost2010Prop38
140
0.0
102
RTVSPost2010PropOp38
 70
     1
102
RTVSPost2010Prop39
140
1.0
102
RTVSPost2010PropOp39
 70
     1
102
RTVSPost2010Prop40
 90
        0
102
RTVSPost2010PropOp40
 70
     1
102
RTVSPost2010Prop41ColorIndex
 90
       18
102
RTVSPost2010Prop41ColorRGB
 90
        0
102
RTVSPost2010PropOp41
 70
     1
102
RTVSPost2010Prop42
 90
       50
102
RTVSPost2010PropOp42
 70
     1
102
RTVSPost2010Prop43
 90
        3
102
RTVSPost2010PropOp43
 70
     1
102
RTVSPost2010Prop44ColorIndex
 90
        5
102
RTVSPost2010Prop44ColorRGB
 90
      255
102
RTVSPost2010PropOp44
 70
     1
102
RTVSPost2010Prop45
280
     0
102
RTVSPost2010PropOp45
 70
     1
102
RTVSPost2010Prop46
 90
       50
102
RTVSPost2010PropOp46
 70
     1
102
RTVSPost2010Prop47
 90
       50
102
RTVSPost2010PropOp47
 70
     1
102
RTVSPost2010Prop48
 90
       50
102
RTVSPost2010PropOp48
 70
     1
102
RTVSPost2010Prop49
280
     0
102
RTVSPost2010PropOp49
 70
     1
102
RTVSPost2010Prop50
 90
       50
102
RTVSPost2010PropOp50
 70
     1
102
RTVSPost2010Prop51ColorIndex
 90
      256
102
RTVSPost2010Prop51ColorRGB
 90
-16777216
102
RTVSPost2010PropOp51
 70
     0
102
RTVSPost2010Prop52
140
1.0
102
RTVSPost2010PropOp52
 70
     0
102
RTVSPost2010Prop53
 90
        2
102
RTVSPost2010PropOp53
 70
     1
102
RTVSPost2010Prop54
  1
strokes_ogs.tif
102
RTVSPost2010PropOp54
 70
     1
102
RTVSPost2010Prop55
280
     0
102
RTVSPost2010PropOp55
 70
     1
102
RTVSPost2010Prop56
140
1.0
102
RTVSPost2010PropOp56
 70
     1
102
RTVSPost2010Prop57
140
1.0
102
RTVSPost2010PropOp57
 70
     1
  0
XRECORD
  5
42C
102
{ACAD_REACTORS
330
42B
102
}
330
42B
100
AcDbXrecord
280
     1
102
RTVSPropertyOp0
 70
     1
102
RTVSPropertyOp1
 70
     1
102
RTVSPropertyOp2
 70
     1
102
RTVSPropertyOp3
 70
     1
102
RTVSPropertyOp4
 70
     1
102
RTVSPropertyOp5
 70
     1
102
RTVSPropertyOp6
 70
     1
102
RTVSPropertyOp7
 70
     1
102
RTVSPropertyOp8
 70
     1
102
RTVSPropertyOp9
 70
     1
102
RTVSPropertyOp10
 70
     1
102
RTVSPropertyOp11
 70
     1
102
RTVSPropertyOp12
 70
     1
102
RTVSPropertyOp13
 70
     1
102
RTVSPropertyOp14
 70
     1
102
RTVSPropertyOp15
 70
     1
102
RTVSPropertyOp16
 70
     1
102
RTVSPropertyOp17
 70
     1
102
RTVSPropertyOp18
 70
     1
102
RTVSPropertyOp19
 70
     1
102
RTVSPropertyOp20
 70
     1
102
RTVSPropertyOp21
 70
     1
102
RTVSPropertyOp22
 70
     1
102
RTVSPropertyOp23
 70
     1
102
RTVSPropertyOp24
 70
     1
102
RTVSPropertyOp25
 70
     1
102
RTVSPropertyOp26
 70
     1
102
RTVSPropertyOp27
 70
     1
102
RTVSPropertyOp28
 70
     1
102
RTVSPropertyOp29
 70
     1
102
RTVSPropertyOp30
 70
     1
102
RTVSPropertyOp31
 70
     1
102
RTVSPropertyOp32
 70
     1
102
RTVSPropertyOp33
 70
     1
102
RTVSPropertyOp34
 70
     1
102
RTVSPropertyOp35
 70
     1
102
RTVSPropertyOp36
 70
     1
102
RTVSPropertyOp37
 70
     1
102
RTVSPropertyOp38
 70
     1
102
RTVSPropertyOp39
 70
     1
102
RTVSPropertyOp40
 70
     1
102
RTVSPropertyOp41
 70
     1
102
RTVSPropertyOp42
 70
     1
102
RTVSPropertyOp43
 70
     1
102
RTVSPropertyOp44
 70
     1
102
RTVSPropertyOp45
 70
     1
102
RTVSPropertyOp46
 70
     1
102
RTVSPropertyOp47
 70
     1
102
RTVSPropertyOp48
 70
     1
102
RTVSPropertyOp49
 70
     1
102
RTVSPropertyOp50
 70
     1
102
RTVSPropertyOp51
 70
     0
102
RTVSPropertyOp52
 70
     0
102
RTVSPropertyOp53
 70
     1
102
RTVSPropertyOp54
 70
     1
102
RTVSPropertyOp55
 70
     1
102
RTVSPropertyOp56
 70
     1
102
RTVSPropertyOp57
 70
     1
102
RTVSPost2010Prop28
280
     0
102
RTVSPost2010PropOp28
 70
     1
102
RTVSPost2010Prop29
280
     1
102
RTVSPost2010PropOp29
 70
     1
102
RTVSPost2010Prop30
280
     1
102
RTVSPost2010PropOp30
 70
     1
102
RTVSPost2010Prop31
280
     0
102
RTVSPost2010PropOp31
 70
     1
102
RTVSPost2010Prop32
280
     0
102
RTVSPost2010PropOp32
 70
     1
102
RTVSPost2010Prop33
280
     0
102
RTVSPost2010PropOp33
 70
     1
102
RTVSPost2010Prop34
280
     0
102
RTVSPost2010PropOp34
 70
     1
102
RTVSPost2010Prop35
280
     0
102
RTVSPost2010PropOp35
 70
     1
102
RTVSPost2010Prop36
280
     0
102
RTVSPost2010PropOp36
 70
     1
102
RTVSPost2010Prop37
 90
       50
102
RTVSPost2010PropOp37
 70
     1
102
RTVSPost2010Prop38
140
0.0
102
RTVSPost2010PropOp38
 70
     1
102
RTVSPost2010Prop39
140
1.0
102
RTVSPost2010PropOp39
 70
     1
102
RTVSPost2010Prop40
 90
        0
102
RTVSPost2010PropOp40
 70
     1
102
RTVSPost2010Prop41ColorIndex
 90
       18
102
RTVSPost2010Prop41ColorRGB
 90
        0
102
RTVSPost2010PropOp41
 70
     1
102
RTVSPost2010Prop42
 90
       50
102
RTVSPost2010PropOp42
 70
     1
102
RTVSPost2010Prop43
 90
        3
102
RTVSPost2010PropOp43
 70
     1
102
RTVSPost2010Prop44ColorIndex
 90
        5
102
RTVSPost2010Prop44ColorRGB
 90
      255
102
RTVSPost2010PropOp44
 70
     1
102
RTVSPost2010Prop45
280
     0
102
RTVSPost2010PropOp45
 70
     1
102
RTVSPost2010Prop46
 90
       50
102
RTVSPost2010PropOp46
 70
     1
102
RTVSPost2010Prop47
 90
       50
102
RTVSPost2010PropOp47
 70
     1
102
RTVSPost2010Prop48
 90
       50
102
RTVSPost2010PropOp48
 70
     1
102
RTVSPost2010Prop49
280
     0
102
RTVSPost2010PropOp49
 70
     1
102
RTVSPost2010Prop50
 90
       50
102
RTVSPost2010PropOp50
 70
     1
102
RTVSPost2010Prop51ColorIndex
 90
      256
102
RTVSPost2010Prop51ColorRGB
 90
-16777216
102
RTVSPost2010PropOp51
 70
     0
102
RTVSPost2010Prop52
140
1.0
102
RTVSPost2010PropOp52
 70
     0
102
RTVSPost2010Prop53
 90
        2
102
RTVSPost2010PropOp53
 70
     1
102
RTVSPost2010Prop54
  1
strokes_ogs.tif
102
RTVSPost2010PropOp54
 70
     1
102
RTVSPost2010Prop55
280
     0
102
RTVSPost2010PropOp55
 70
     1
102
RTVSPost2010Prop56
140
1.0
102
RTVSPost2010PropOp56
 70
     1
102
RTVSPost2010Prop57
140
1.0
102
RTVSPost2010PropOp57
 70
     1
  0
XRECORD
  5
43C
102
{ACAD_REACTORS
330
43B
102
}
330
43B
100
AcDbXrecord
280
     1
102
RTVSPropertyOp0
 70
     0
102
RTVSPropertyOp1
 70
     0
102
RTVSPropertyOp2
 70
     0
102
RTVSPropertyOp3
 70
     0
102
RTVSPropertyOp4
 70
     0
102
RTVSPropertyOp5
 70
     0
102
RTVSPropertyOp6
 70
     0
102
RTVSPropertyOp7
 70
     0
102
RTVSPropertyOp8
 70
     0
102
RTVSPropertyOp9
 70
     0
102
RTVSPropertyOp10
 70
     0
102
RTVSPropertyOp11
 70
     0
102
RTVSPropertyOp12
 70
     0
102
RTVSPropertyOp13
 70
     0
102
RTVSPropertyOp14
 70
     2
102
RTVSPropertyOp15
 70
     0
102
RTVSPropertyOp16
 70
     0
102
RTVSPropertyOp17
 70
     0
102
RTVSPropertyOp18
 70
     0
102
RTVSPropertyOp19
 70
     0
102
RTVSPropertyOp20
 70
     0
102
RTVSPropertyOp21
 70
     0
102
RTVSPropertyOp22
 70
     0
102
RTVSPropertyOp23
 70
     0
102
RTVSPropertyOp24
 70
     0
102
RTVSPropertyOp25
 70
     0
102
RTVSPropertyOp26
 70
     0
102
RTVSPropertyOp27
 70
     0
102
RTVSPropertyOp28
 70
     0
102
RTVSPropertyOp29
 70
     0
102
RTVSPropertyOp30
 70
     0
102
RTVSPropertyOp31
 70
     0
102
RTVSPropertyOp32
 70
     0
102
RTVSPropertyOp33
 70
     0
102
RTVSPropertyOp34
 70
     0
102
RTVSPropertyOp35
 70
     0
102
RTVSPropertyOp36
 70
     0
102
RTVSPropertyOp37
 70
     0
102
RTVSPropertyOp38
 70
     0
102
RTVSPropertyOp39
 70
     0
102
RTVSPropertyOp40
 70
     0
102
RTVSPropertyOp41
 70
     0
102
RTVSPropertyOp42
 70
     0
102
RTVSPropertyOp43
 70
     0
102
RTVSPropertyOp44
 70
     0
102
RTVSPropertyOp45
 70
     0
102
RTVSPropertyOp46
 70
     0
102
RTVSPropertyOp47
 70
     0
102
RTVSPropertyOp48
 70
     0
102
RTVSPropertyOp49
 70
     0
102
RTVSPropertyOp50
 70
     0
102
RTVSPropertyOp51
 70
     0
102
RTVSPropertyOp52
 70
     0
102
RTVSPropertyOp53
 70
     0
102
RTVSPropertyOp54
 70
     0
102
RTVSPropertyOp55
 70
     0
102
RTVSPropertyOp56
 70
     0
102
RTVSPropertyOp57
 70
     0
102
RTVSPost2010Prop28
280
     0
102
RTVSPost2010PropOp28
 70
     0
102
RTVSPost2010Prop29
280
     1
102
RTVSPost2010PropOp29
 70
     0
102
RTVSPost2010Prop30
280
     1
102
RTVSPost2010PropOp30
 70
     0
102
RTVSPost2010Prop31
280
     0
102
RTVSPost2010PropOp31
 70
     0
102
RTVSPost2010Prop32
280
     0
102
RTVSPost2010PropOp32
 70
     0
102
RTVSPost2010Prop33
280
     0
102
RTVSPost2010PropOp33
 70
     0
102
RTVSPost2010Prop34
280
     0
102
RTVSPost2010PropOp34
 70
     0
102
RTVSPost2010Prop35
280
     0
102
RTVSPost2010PropOp35
 70
     0
102
RTVSPost2010Prop36
280
     0
102
RTVSPost2010PropOp36
 70
     0
102
RTVSPost2010Prop37
 90
       50
102
RTVSPost2010PropOp37
 70
     0
102
RTVSPost2010Prop38
140
0.0
102
RTVSPost2010PropOp38
 70
     0
102
RTVSPost2010Prop39
140
1.0
102
RTVSPost2010PropOp39
 70
     0
102
RTVSPost2010Prop40
 90
        0
102
RTVSPost2010PropOp40
 70
     0
102
RTVSPost2010Prop41ColorIndex
 90
       18
102
RTVSPost2010Prop41ColorRGB
 90
        0
102
RTVSPost2010PropOp41
 70
     0
102
RTVSPost2010Prop42
 90
       50
102
RTVSPost2010PropOp42
 70
     0
102
RTVSPost2010Prop43
 90
        3
102
RTVSPost2010PropOp43
 70
     0
102
RTVSPost2010Prop44ColorIndex
 90
        5
102
RTVSPost2010Prop44ColorRGB
 90
      255
102
RTVSPost2010PropOp44
 70
     0
102
RTVSPost2010Prop45
280
     0
102
RTVSPost2010PropOp45
 70
     0
102
RTVSPost2010Prop46
 90
       50
102
RTVSPost2010PropOp46
 70
     0
102
RTVSPost2010Prop47
 90
       50
102
RTVSPost2010PropOp47
 70
     0
102
RTVSPost2010Prop48
 90
       50
102
RTVSPost2010PropOp48
 70
     0
102
RTVSPost2010Prop49
280
     0
102
RTVSPost2010PropOp49
 70
     0
102
RTVSPost2010Prop50
 90
       50
102
RTVSPost2010PropOp50
 70
     0
102
RTVSPost2010Prop51ColorIndex
 90
      256
102
RTVSPost2010Prop51ColorRGB
 90
-16777216
102
RTVSPost2010PropOp51
 70
     0
102
RTVSPost2010Prop52
140
1.0
102
RTVSPost2010PropOp52
 70
     0
102
RTVSPost2010Prop53
 90
        2
102
RTVSPost2010PropOp53
 70
     0
102
RTVSPost2010Prop54
  1
strokes_ogs.tif
102
RTVSPost2010PropOp54
 70
     0
102
RTVSPost2010Prop55
280
     0
102
RTVSPost2010PropOp55
 70
     0
102
RTVSPost2010Prop56
140
1.0
102
RTVSPost2010PropOp56
 70
     0
102
RTVSPost2010Prop57
140
1.0
102
RTVSPost2010PropOp57
 70
     0
  0
XRECORD
  5
434
102
{ACAD_REACTORS
330
433
102
}
330
433
100
AcDbXrecord
280
     1
102
RTVSPropertyOp0
 70
     1
102
RTVSPropertyOp1
 70
     1
102
RTVSPropertyOp2
 70
     1
102
RTVSPropertyOp3
 70
     1
102
RTVSPropertyOp4
 70
     1
102
RTVSPropertyOp5
 70
     1
102
RTVSPropertyOp6
 70
     1
102
RTVSPropertyOp7
 70
     1
102
RTVSPropertyOp8
 70
     1
102
RTVSPropertyOp9
 70
     1
102
RTVSPropertyOp10
 70
     1
102
RTVSPropertyOp11
 70
     1
102
RTVSPropertyOp12
 70
     1
102
RTVSPropertyOp13
 70
     1
102
RTVSPropertyOp14
 70
     1
102
RTVSPropertyOp15
 70
     1
102
RTVSPropertyOp16
 70
     1
102
RTVSPropertyOp17
 70
     1
102
RTVSPropertyOp18
 70
     1
102
RTVSPropertyOp19
 70
     1
102
RTVSPropertyOp20
 70
     1
102
RTVSPropertyOp21
 70
     1
102
RTVSPropertyOp22
 70
     1
102
RTVSPropertyOp23
 70
     1
102
RTVSPropertyOp24
 70
     1
102
RTVSPropertyOp25
 70
     1
102
RTVSPropertyOp26
 70
     1
102
RTVSPropertyOp27
 70
     1
102
RTVSPropertyOp28
 70
     1
102
RTVSPropertyOp29
 70
     1
102
RTVSPropertyOp30
 70
     1
102
RTVSPropertyOp31
 70
     1
102
RTVSPropertyOp32
 70
     1
102
RTVSPropertyOp33
 70
     1
102
RTVSPropertyOp34
 70
     1
102
RTVSPropertyOp35
 70
     1
102
RTVSPropertyOp36
 70
     1
102
RTVSPropertyOp37
 70
     1
102
RTVSPropertyOp38
 70
     1
102
RTVSPropertyOp39
 70
     1
102
RTVSPropertyOp40
 70
     1
102
RTVSPropertyOp41
 70
     1
102
RTVSPropertyOp42
 70
     1
102
RTVSPropertyOp43
 70
     1
102
RTVSPropertyOp44
 70
     1
102
RTVSPropertyOp45
 70
     1
102
RTVSPropertyOp46
 70
     1
102
RTVSPropertyOp47
 70
     1
102
RTVSPropertyOp48
 70
     1
102
RTVSPropertyOp49
 70
     1
102
RTVSPropertyOp50
 70
     1
102
RTVSPropertyOp51
 70
     0
102
RTVSPropertyOp52
 70
     0
102
RTVSPropertyOp53
 70
     1
102
RTVSPropertyOp54
 70
     1
102
RTVSPropertyOp55
 70
     1
102
RTVSPropertyOp56
 70
     1
102
RTVSPropertyOp57
 70
     1
102
RTVSPost2010Prop28
280
     0
102
RTVSPost2010PropOp28
 70
     1
102
RTVSPost2010Prop29
280
     1
102
RTVSPost2010PropOp29
 70
     1
102
RTVSPost2010Prop30
280
     1
102
RTVSPost2010PropOp30
 70
     1
102
RTVSPost2010Prop31
280
     0
102
RTVSPost2010PropOp31
 70
     1
102
RTVSPost2010Prop32
280
     0
102
RTVSPost2010PropOp32
 70
     1
102
RTVSPost2010Prop33
280
     0
102
RTVSPost2010PropOp33
 70
     1
102
RTVSPost2010Prop34
280
     0
102
RTVSPost2010PropOp34
 70
     1
102
RTVSPost2010Prop35
280
     0
102
RTVSPost2010PropOp35
 70
     1
102
RTVSPost2010Prop36
280
     0
102
RTVSPost2010PropOp36
 70
     1
102
RTVSPost2010Prop37
 90
       50
102
RTVSPost2010PropOp37
 70
     1
102
RTVSPost2010Prop38
140
0.0
102
RTVSPost2010PropOp38
 70
     1
102
RTVSPost2010Prop39
140
1.0
102
RTVSPost2010PropOp39
 70
     1
102
RTVSPost2010Prop40
 90
        0
102
RTVSPost2010PropOp40
 70
     1
102
RTVSPost2010Prop41ColorIndex
 90
       18
102
RTVSPost2010Prop41ColorRGB
 90
        0
102
RTVSPost2010PropOp41
 70
     1
102
RTVSPost2010Prop42
 90
       50
102
RTVSPost2010PropOp42
 70
     1
102
RTVSPost2010Prop43
 90
        3
102
RTVSPost2010PropOp43
 70
     1
102
RTVSPost2010Prop44ColorIndex
 90
        5
102
RTVSPost2010Prop44ColorRGB
 90
      255
102
RTVSPost2010PropOp44
 70
     1
102
RTVSPost2010Prop45
280
     0
102
RTVSPost2010PropOp45
 70
     1
102
RTVSPost2010Prop46
 90
       50
102
RTVSPost2010PropOp46
 70
     1
102
RTVSPost2010Prop47
 90
       50
102
RTVSPost2010PropOp47
 70
     1
102
RTVSPost2010Prop48
 90
       50
102
RTVSPost2010PropOp48
 70
     1
102
RTVSPost2010Prop49
280
     0
102
RTVSPost2010PropOp49
 70
     1
102
RTVSPost2010Prop50
 90
       50
102
RTVSPost2010PropOp50
 70
     1
102
RTVSPost2010Prop51ColorIndex
 90
      256
102
RTVSPost2010Prop51ColorRGB
 90
-16777216
102
RTVSPost2010PropOp51
 70
     0
102
RTVSPost2010Prop52
140
1.0
102
RTVSPost2010PropOp52
 70
     0
102
RTVSPost2010Prop53
 90
        2
102
RTVSPost2010PropOp53
 70
     1
102
RTVSPost2010Prop54
  1
strokes_ogs.tif
102
RTVSPost2010PropOp54
 70
     1
102
RTVSPost2010Prop55
280
     0
102
RTVSPost2010PropOp55
 70
     1
102
RTVSPost2010Prop56
140
1.0
102
RTVSPost2010PropOp56
 70
     1
102
RTVSPost2010Prop57
140
1.0
102
RTVSPost2010PropOp57
 70
     1
  0
XRECORD
  5
418
102
{ACAD_REACTORS
330
417
102
}
330
417
100
AcDbXrecord
280
     1
102
RTVSPropertyOp0
 70
     1
102
RTVSPropertyOp1
 70
     1
102
RTVSPropertyOp2
 70
     1
102
RTVSPropertyOp3
 70
     1
102
RTVSPropertyOp4
 70
     1
102
RTVSPropertyOp5
 70
     1
102
RTVSPropertyOp6
 70
     1
102
RTVSPropertyOp7
 70
     1
102
RTVSPropertyOp8
 70
     1
102
RTVSPropertyOp9
 70
     1
102
RTVSPropertyOp10
 70
     1
102
RTVSPropertyOp11
 70
     1
102
RTVSPropertyOp12
 70
     1
102
RTVSPropertyOp13
 70
     1
102
RTVSPropertyOp14
 70
     1
102
RTVSPropertyOp15
 70
     1
102
RTVSPropertyOp16
 70
     1
102
RTVSPropertyOp17
 70
     1
102
RTVSPropertyOp18
 70
     1
102
RTVSPropertyOp19
 70
     1
102
RTVSPropertyOp20
 70
     1
102
RTVSPropertyOp21
 70
     1
102
RTVSPropertyOp22
 70
     1
102
RTVSPropertyOp23
 70
     1
102
RTVSPropertyOp24
 70
     1
102
RTVSPropertyOp25
 70
     1
102
RTVSPropertyOp26
 70
     1
102
RTVSPropertyOp27
 70
     1
102
RTVSPropertyOp28
 70
     1
102
RTVSPropertyOp29
 70
     1
102
RTVSPropertyOp30
 70
     1
102
RTVSPropertyOp31
 70
     1
102
RTVSPropertyOp32
 70
     1
102
RTVSPropertyOp33
 70
     1
102
RTVSPropertyOp34
 70
     1
102
RTVSPropertyOp35
 70
     1
102
RTVSPropertyOp36
 70
     1
102
RTVSPropertyOp37
 70
     1
102
RTVSPropertyOp38
 70
     1
102
RTVSPropertyOp39
 70
     1
102
RTVSPropertyOp40
 70
     1
102
RTVSPropertyOp41
 70
     1
102
RTVSPropertyOp42
 70
     1
102
RTVSPropertyOp43
 70
     1
102
RTVSPropertyOp44
 70
     1
102
RTVSPropertyOp45
 70
     1
102
RTVSPropertyOp46
 70
     1
102
RTVSPropertyOp47
 70
     1
102
RTVSPropertyOp48
 70
     1
102
RTVSPropertyOp49
 70
     1
102
RTVSPropertyOp50
 70
     1
102
RTVSPropertyOp51
 70
     0
102
RTVSPropertyOp52
 70
     0
102
RTVSPropertyOp53
 70
     1
102
RTVSPropertyOp54
 70
     1
102
RTVSPropertyOp55
 70
     1
102
RTVSPropertyOp56
 70
     1
102
RTVSPropertyOp57
 70
     1
102
RTVSPost2010Prop28
280
     0
102
RTVSPost2010PropOp28
 70
     1
102
RTVSPost2010Prop29
280
     1
102
RTVSPost2010PropOp29
 70
     1
102
RTVSPost2010Prop30
280
     1
102
RTVSPost2010PropOp30
 70
     1
102
RTVSPost2010Prop31
280
     0
102
RTVSPost2010PropOp31
 70
     1
102
RTVSPost2010Prop32
280
     0
102
RTVSPost2010PropOp32
 70
     1
102
RTVSPost2010Prop33
280
     0
102
RTVSPost2010PropOp33
 70
     1
102
RTVSPost2010Prop34
280
     0
102
RTVSPost2010PropOp34
 70
     1
102
RTVSPost2010Prop35
280
     0
102
RTVSPost2010PropOp35
 70
     1
102
RTVSPost2010Prop36
280
     0
102
RTVSPost2010PropOp36
 70
     1
102
RTVSPost2010Prop37
 90
       50
102
RTVSPost2010PropOp37
 70
     1
102
RTVSPost2010Prop38
140
0.0
102
RTVSPost2010PropOp38
 70
     1
102
RTVSPost2010Prop39
140
1.0
102
RTVSPost2010PropOp39
 70
     1
102
RTVSPost2010Prop40
 90
        0
102
RTVSPost2010PropOp40
 70
     1
102
RTVSPost2010Prop41ColorIndex
 90
       18
102
RTVSPost2010Prop41ColorRGB
 90
        0
102
RTVSPost2010PropOp41
 70
     1
102
RTVSPost2010Prop42
 90
       50
102
RTVSPost2010PropOp42
 70
     1
102
RTVSPost2010Prop43
 90
        3
102
RTVSPost2010PropOp43
 70
     1
102
RTVSPost2010Prop44ColorIndex
 90
        5
102
RTVSPost2010Prop44ColorRGB
 90
      255
102
RTVSPost2010PropOp44
 70
     1
102
RTVSPost2010Prop45
280
     0
102
RTVSPost2010PropOp45
 70
     1
102
RTVSPost2010Prop46
 90
       50
102
RTVSPost2010PropOp46
 70
     1
102
RTVSPost2010Prop47
 90
       50
102
RTVSPost2010PropOp47
 70
     1
102
RTVSPost2010Prop48
 90
       50
102
RTVSPost2010PropOp48
 70
     1
102
RTVSPost2010Prop49
280
     0
102
RTVSPost2010PropOp49
 70
     1
102
RTVSPost2010Prop50
 90
       50
102
RTVSPost2010PropOp50
 70
     1
102
RTVSPost2010Prop51ColorIndex
 90
      256
102
RTVSPost2010Prop51ColorRGB
 90
-16777216
102
RTVSPost2010PropOp51
 70
     0
102
RTVSPost2010Prop52
140
1.0
102
RTVSPost2010PropOp52
 70
     0
102
RTVSPost2010Prop53
 90
        2
102
RTVSPost2010PropOp53
 70
     1
102
RTVSPost2010Prop54
  1
strokes_ogs.tif
102
RTVSPost2010PropOp54
 70
     1
102
RTVSPost2010Prop55
280
     0
102
RTVSPost2010PropOp55
 70
     1
102
RTVSPost2010Prop56
140
1.0
102
RTVSPost2010PropOp56
 70
     1
102
RTVSPost2010Prop57
140
1.0
102
RTVSPost2010PropOp57
 70
     1
  0
XRECORD
  5
41A
102
{ACAD_REACTORS
330
419
102
}
330
419
100
AcDbXrecord
280
     1
102
RTVSPropertyOp0
 70
     1
102
RTVSPropertyOp1
 70
     1
102
RTVSPropertyOp2
 70
     1
102
RTVSPropertyOp3
 70
     1
102
RTVSPropertyOp4
 70
     1
102
RTVSPropertyOp5
 70
     1
102
RTVSPropertyOp6
 70
     1
102
RTVSPropertyOp7
 70
     1
102
RTVSPropertyOp8
 70
     1
102
RTVSPropertyOp9
 70
     1
102
RTVSPropertyOp10
 70
     1
102
RTVSPropertyOp11
 70
     1
102
RTVSPropertyOp12
 70
     1
102
RTVSPropertyOp13
 70
     1
102
RTVSPropertyOp14
 70
     1
102
RTVSPropertyOp15
 70
     1
102
RTVSPropertyOp16
 70
     1
102
RTVSPropertyOp17
 70
     1
102
RTVSPropertyOp18
 70
     1
102
RTVSPropertyOp19
 70
     1
102
RTVSPropertyOp20
 70
     1
102
RTVSPropertyOp21
 70
     1
102
RTVSPropertyOp22
 70
     1
102
RTVSPropertyOp23
 70
     1
102
RTVSPropertyOp24
 70
     1
102
RTVSPropertyOp25
 70
     1
102
RTVSPropertyOp26
 70
     1
102
RTVSPropertyOp27
 70
     1
102
RTVSPropertyOp28
 70
     1
102
RTVSPropertyOp29
 70
     1
102
RTVSPropertyOp30
 70
     1
102
RTVSPropertyOp31
 70
     1
102
RTVSPropertyOp32
 70
     1
102
RTVSPropertyOp33
 70
     1
102
RTVSPropertyOp34
 70
     1
102
RTVSPropertyOp35
 70
     1
102
RTVSPropertyOp36
 70
     1
102
RTVSPropertyOp37
 70
     1
102
RTVSPropertyOp38
 70
     1
102
RTVSPropertyOp39
 70
     1
102
RTVSPropertyOp40
 70
     1
102
RTVSPropertyOp41
 70
     1
102
RTVSPropertyOp42
 70
     1
102
RTVSPropertyOp43
 70
     1
102
RTVSPropertyOp44
 70
     1
102
RTVSPropertyOp45
 70
     1
102
RTVSPropertyOp46
 70
     1
102
RTVSPropertyOp47
 70
     1
102
RTVSPropertyOp48
 70
     1
102
RTVSPropertyOp49
 70
     1
102
RTVSPropertyOp50
 70
     1
102
RTVSPropertyOp51
 70
     0
102
RTVSPropertyOp52
 70
     0
102
RTVSPropertyOp53
 70
     1
102
RTVSPropertyOp54
 70
     1
102
RTVSPropertyOp55
 70
     1
102
RTVSPropertyOp56
 70
     1
102
RTVSPropertyOp57
 70
     1
102
RTVSPost2010Prop28
280
     0
102
RTVSPost2010PropOp28
 70
     1
102
RTVSPost2010Prop29
280
     1
102
RTVSPost2010PropOp29
 70
     1
102
RTVSPost2010Prop30
280
     1
102
RTVSPost2010PropOp30
 70
     1
102
RTVSPost2010Prop31
280
     0
102
RTVSPost2010PropOp31
 70
     1
102
RTVSPost2010Prop32
280
     0
102
RTVSPost2010PropOp32
 70
     1
102
RTVSPost2010Prop33
280
     0
102
RTVSPost2010PropOp33
 70
     1
102
RTVSPost2010Prop34
280
     0
102
RTVSPost2010PropOp34
 70
     1
102
RTVSPost2010Prop35
280
     0
102
RTVSPost2010PropOp35
 70
     1
102
RTVSPost2010Prop36
280
     0
102
RTVSPost2010PropOp36
 70
     1
102
RTVSPost2010Prop37
 90
       50
102
RTVSPost2010PropOp37
 70
     1
102
RTVSPost2010Prop38
140
0.0
102
RTVSPost2010PropOp38
 70
     1
102
RTVSPost2010Prop39
140
1.0
102
RTVSPost2010PropOp39
 70
     1
102
RTVSPost2010Prop40
 90
        0
102
RTVSPost2010PropOp40
 70
     1
102
RTVSPost2010Prop41ColorIndex
 90
       18
102
RTVSPost2010Prop41ColorRGB
 90
        0
102
RTVSPost2010PropOp41
 70
     1
102
RTVSPost2010Prop42
 90
       50
102
RTVSPost2010PropOp42
 70
     1
102
RTVSPost2010Prop43
 90
        3
102
RTVSPost2010PropOp43
 70
     1
102
RTVSPost2010Prop44ColorIndex
 90
        5
102
RTVSPost2010Prop44ColorRGB
 90
      255
102
RTVSPost2010PropOp44
 70
     1
102
RTVSPost2010Prop45
280
     0
102
RTVSPost2010PropOp45
 70
     1
102
RTVSPost2010Prop46
 90
       50
102
RTVSPost2010PropOp46
 70
     1
102
RTVSPost2010Prop47
 90
       50
102
RTVSPost2010PropOp47
 70
     1
102
RTVSPost2010Prop48
 90
       50
102
RTVSPost2010PropOp48
 70
     1
102
RTVSPost2010Prop49
280
     0
102
RTVSPost2010PropOp49
 70
     1
102
RTVSPost2010Prop50
 90
       50
102
RTVSPost2010PropOp50
 70
     1
102
RTVSPost2010Prop51ColorIndex
 90
      256
102
RTVSPost2010Prop51ColorRGB
 90
-16777216
102
RTVSPost2010PropOp51
 70
     0
102
RTVSPost2010Prop52
140
1.0
102
RTVSPost2010PropOp52
 70
     0
102
RTVSPost2010Prop53
 90
        2
102
RTVSPost2010PropOp53
 70
     1
102
RTVSPost2010Prop54
  1
strokes_ogs.tif
102
RTVSPost2010PropOp54
 70
     1
102
RTVSPost2010Prop55
280
     0
102
RTVSPost2010PropOp55
 70
     1
102
RTVSPost2010Prop56
140
1.0
102
RTVSPost2010PropOp56
 70
     1
102
RTVSPost2010Prop57
140
1.0
102
RTVSPost2010PropOp57
 70
     1
  0
XRECORD
  5
41C
102
{ACAD_REACTORS
330
41B
102
}
330
41B
100
AcDbXrecord
280
     1
102
RTVSPropertyOp0
 70
     1
102
RTVSPropertyOp1
 70
     1
102
RTVSPropertyOp2
 70
     1
102
RTVSPropertyOp3
 70
     1
102
RTVSPropertyOp4
 70
     1
102
RTVSPropertyOp5
 70
     1
102
RTVSPropertyOp6
 70
     1
102
RTVSPropertyOp7
 70
     1
102
RTVSPropertyOp8
 70
     1
102
RTVSPropertyOp9
 70
     1
102
RTVSPropertyOp10
 70
     1
102
RTVSPropertyOp11
 70
     1
102
RTVSPropertyOp12
 70
     1
102
RTVSPropertyOp13
 70
     1
102
RTVSPropertyOp14
 70
     1
102
RTVSPropertyOp15
 70
     1
102
RTVSPropertyOp16
 70
     1
102
RTVSPropertyOp17
 70
     1
102
RTVSPropertyOp18
 70
     1
102
RTVSPropertyOp19
 70
     1
102
RTVSPropertyOp20
 70
     1
102
RTVSPropertyOp21
 70
     1
102
RTVSPropertyOp22
 70
     1
102
RTVSPropertyOp23
 70
     1
102
RTVSPropertyOp24
 70
     1
102
RTVSPropertyOp25
 70
     1
102
RTVSPropertyOp26
 70
     1
102
RTVSPropertyOp27
 70
     1
102
RTVSPropertyOp28
 70
     1
102
RTVSPropertyOp29
 70
     1
102
RTVSPropertyOp30
 70
     1
102
RTVSPropertyOp31
 70
     1
102
RTVSPropertyOp32
 70
     1
102
RTVSPropertyOp33
 70
     1
102
RTVSPropertyOp34
 70
     1
102
RTVSPropertyOp35
 70
     1
102
RTVSPropertyOp36
 70
     1
102
RTVSPropertyOp37
 70
     1
102
RTVSPropertyOp38
 70
     1
102
RTVSPropertyOp39
 70
     1
102
RTVSPropertyOp40
 70
     1
102
RTVSPropertyOp41
 70
     1
102
RTVSPropertyOp42
 70
     1
102
RTVSPropertyOp43
 70
     1
102
RTVSPropertyOp44
 70
     1
102
RTVSPropertyOp45
 70
     1
102
RTVSPropertyOp46
 70
     1
102
RTVSPropertyOp47
 70
     1
102
RTVSPropertyOp48
 70
     1
102
RTVSPropertyOp49
 70
     1
102
RTVSPropertyOp50
 70
     1
102
RTVSPropertyOp51
 70
     0
102
RTVSPropertyOp52
 70
     0
102
RTVSPropertyOp53
 70
     1
102
RTVSPropertyOp54
 70
     1
102
RTVSPropertyOp55
 70
     1
102
RTVSPropertyOp56
 70
     1
102
RTVSPropertyOp57
 70
     1
102
RTVSPost2010Prop28
280
     0
102
RTVSPost2010PropOp28
 70
     1
102
RTVSPost2010Prop29
280
     1
102
RTVSPost2010PropOp29
 70
     1
102
RTVSPost2010Prop30
280
     1
102
RTVSPost2010PropOp30
 70
     1
102
RTVSPost2010Prop31
280
     0
102
RTVSPost2010PropOp31
 70
     1
102
RTVSPost2010Prop32
280
     0
102
RTVSPost2010PropOp32
 70
     1
102
RTVSPost2010Prop33
280
     0
102
RTVSPost2010PropOp33
 70
     1
102
RTVSPost2010Prop34
280
     0
102
RTVSPost2010PropOp34
 70
     1
102
RTVSPost2010Prop35
280
     0
102
RTVSPost2010PropOp35
 70
     1
102
RTVSPost2010Prop36
280
     0
102
RTVSPost2010PropOp36
 70
     1
102
RTVSPost2010Prop37
 90
       50
102
RTVSPost2010PropOp37
 70
     1
102
RTVSPost2010Prop38
140
0.0
102
RTVSPost2010PropOp38
 70
     1
102
RTVSPost2010Prop39
140
1.0
102
RTVSPost2010PropOp39
 70
     1
102
RTVSPost2010Prop40
 90
        0
102
RTVSPost2010PropOp40
 70
     1
102
RTVSPost2010Prop41ColorIndex
 90
       18
102
RTVSPost2010Prop41ColorRGB
 90
        0
102
RTVSPost2010PropOp41
 70
     1
102
RTVSPost2010Prop42
 90
       50
102
RTVSPost2010PropOp42
 70
     1
102
RTVSPost2010Prop43
 90
        3
102
RTVSPost2010PropOp43
 70
     1
102
RTVSPost2010Prop44ColorIndex
 90
        5
102
RTVSPost2010Prop44ColorRGB
 90
      255
102
RTVSPost2010PropOp44
 70
     1
102
RTVSPost2010Prop45
280
     0
102
RTVSPost2010PropOp45
 70
     1
102
RTVSPost2010Prop46
 90
       50
102
RTVSPost2010PropOp46
 70
     1
102
RTVSPost2010Prop47
 90
       50
102
RTVSPost2010PropOp47
 70
     1
102
RTVSPost2010Prop48
 90
       50
102
RTVSPost2010PropOp48
 70
     1
102
RTVSPost2010Prop49
280
     0
102
RTVSPost2010PropOp49
 70
     1
102
RTVSPost2010Prop50
 90
       50
102
RTVSPost2010PropOp50
 70
     1
102
RTVSPost2010Prop51ColorIndex
 90
      256
102
RTVSPost2010Prop51ColorRGB
 90
-16777216
102
RTVSPost2010PropOp51
 70
     0
102
RTVSPost2010Prop52
140
1.0
102
RTVSPost2010PropOp52
 70
     0
102
RTVSPost2010Prop53
 90
        2
102
RTVSPost2010PropOp53
 70
     1
102
RTVSPost2010Prop54
  1
strokes_ogs.tif
102
RTVSPost2010PropOp54
 70
     1
102
RTVSPost2010Prop55
280
     0
102
RTVSPost2010PropOp55
 70
     1
102
RTVSPost2010Prop56
140
1.0
102
RTVSPost2010PropOp56
 70
     1
102
RTVSPost2010Prop57
140
1.0
102
RTVSPost2010PropOp57
 70
     1
  0
XRECORD
  5
41E
102
{ACAD_REACTORS
330
41D
102
}
330
41D
100
AcDbXrecord
280
     1
102
RTVSPropertyOp0
 70
     1
102
RTVSPropertyOp1
 70
     1
102
RTVSPropertyOp2
 70
     1
102
RTVSPropertyOp3
 70
     1
102
RTVSPropertyOp4
 70
     1
102
RTVSPropertyOp5
 70
     1
102
RTVSPropertyOp6
 70
     1
102
RTVSPropertyOp7
 70
     1
102
RTVSPropertyOp8
 70
     1
102
RTVSPropertyOp9
 70
     1
102
RTVSPropertyOp10
 70
     1
102
RTVSPropertyOp11
 70
     1
102
RTVSPropertyOp12
 70
     1
102
RTVSPropertyOp13
 70
     1
102
RTVSPropertyOp14
 70
     1
102
RTVSPropertyOp15
 70
     1
102
RTVSPropertyOp16
 70
     1
102
RTVSPropertyOp17
 70
     1
102
RTVSPropertyOp18
 70
     1
102
RTVSPropertyOp19
 70
     1
102
RTVSPropertyOp20
 70
     1
102
RTVSPropertyOp21
 70
     1
102
RTVSPropertyOp22
 70
     1
102
RTVSPropertyOp23
 70
     1
102
RTVSPropertyOp24
 70
     1
102
RTVSPropertyOp25
 70
     1
102
RTVSPropertyOp26
 70
     1
102
RTVSPropertyOp27
 70
     1
102
RTVSPropertyOp28
 70
     1
102
RTVSPropertyOp29
 70
     1
102
RTVSPropertyOp30
 70
     1
102
RTVSPropertyOp31
 70
     1
102
RTVSPropertyOp32
 70
     1
102
RTVSPropertyOp33
 70
     1
102
RTVSPropertyOp34
 70
     1
102
RTVSPropertyOp35
 70
     1
102
RTVSPropertyOp36
 70
     1
102
RTVSPropertyOp37
 70
     1
102
RTVSPropertyOp38
 70
     1
102
RTVSPropertyOp39
 70
     1
102
RTVSPropertyOp40
 70
     1
102
RTVSPropertyOp41
 70
     1
102
RTVSPropertyOp42
 70
     1
102
RTVSPropertyOp43
 70
     1
102
RTVSPropertyOp44
 70
     1
102
RTVSPropertyOp45
 70
     1
102
RTVSPropertyOp46
 70
     1
102
RTVSPropertyOp47
 70
     1
102
RTVSPropertyOp48
 70
     1
102
RTVSPropertyOp49
 70
     1
102
RTVSPropertyOp50
 70
     1
102
RTVSPropertyOp51
 70
     0
102
RTVSPropertyOp52
 70
     0
102
RTVSPropertyOp53
 70
     1
102
RTVSPropertyOp54
 70
     1
102
RTVSPropertyOp55
 70
     1
102
RTVSPropertyOp56
 70
     1
102
RTVSPropertyOp57
 70
     1
102
RTVSPost2010Prop28
280
     0
102
RTVSPost2010PropOp28
 70
     1
102
RTVSPost2010Prop29
280
     1
102
RTVSPost2010PropOp29
 70
     1
102
RTVSPost2010Prop30
280
     1
102
RTVSPost2010PropOp30
 70
     1
102
RTVSPost2010Prop31
280
     0
102
RTVSPost2010PropOp31
 70
     1
102
RTVSPost2010Prop32
280
     0
102
RTVSPost2010PropOp32
 70
     1
102
RTVSPost2010Prop33
280
     0
102
RTVSPost2010PropOp33
 70
     1
102
RTVSPost2010Prop34
280
     0
102
RTVSPost2010PropOp34
 70
     1
102
RTVSPost2010Prop35
280
     0
102
RTVSPost2010PropOp35
 70
     1
102
RTVSPost2010Prop36
280
     0
102
RTVSPost2010PropOp36
 70
     1
102
RTVSPost2010Prop37
 90
       50
102
RTVSPost2010PropOp37
 70
     1
102
RTVSPost2010Prop38
140
0.0
102
RTVSPost2010PropOp38
 70
     1
102
RTVSPost2010Prop39
140
1.0
102
RTVSPost2010PropOp39
 70
     1
102
RTVSPost2010Prop40
 90
        0
102
RTVSPost2010PropOp40
 70
     1
102
RTVSPost2010Prop41ColorIndex
 90
       18
102
RTVSPost2010Prop41ColorRGB
 90
        0
102
RTVSPost2010PropOp41
 70
     1
102
RTVSPost2010Prop42
 90
       50
102
RTVSPost2010PropOp42
 70
     1
102
RTVSPost2010Prop43
 90
        3
102
RTVSPost2010PropOp43
 70
     1
102
RTVSPost2010Prop44ColorIndex
 90
        5
102
RTVSPost2010Prop44ColorRGB
 90
      255
102
RTVSPost2010PropOp44
 70
     1
102
RTVSPost2010Prop45
280
     0
102
RTVSPost2010PropOp45
 70
     1
102
RTVSPost2010Prop46
 90
       50
102
RTVSPost2010PropOp46
 70
     1
102
RTVSPost2010Prop47
 90
       50
102
RTVSPost2010PropOp47
 70
     1
102
RTVSPost2010Prop48
 90
       50
102
RTVSPost2010PropOp48
 70
     1
102
RTVSPost2010Prop49
280
     0
102
RTVSPost2010PropOp49
 70
     1
102
RTVSPost2010Prop50
 90
       50
102
RTVSPost2010PropOp50
 70
     1
102
RTVSPost2010Prop51ColorIndex
 90
      256
102
RTVSPost2010Prop51ColorRGB
 90
-16777216
102
RTVSPost2010PropOp51
 70
     0
102
RTVSPost2010Prop52
140
1.0
102
RTVSPost2010PropOp52
 70
     0
102
RTVSPost2010Prop53
 90
        2
102
RTVSPost2010PropOp53
 70
     1
102
RTVSPost2010Prop54
  1
strokes_ogs.tif
102
RTVSPost2010PropOp54
 70
     1
102
RTVSPost2010Prop55
280
     0
102
RTVSPost2010PropOp55
 70
     1
102
RTVSPost2010Prop56
140
1.0
102
RTVSPost2010PropOp56
 70
     1
102
RTVSPost2010Prop57
140
1.0
102
RTVSPost2010PropOp57
 70
     1
  0
XRECORD
  5
424
102
{ACAD_REACTORS
330
423
102
}
330
423
100
AcDbXrecord
280
     1
102
RTVSPropertyOp0
 70
     1
102
RTVSPropertyOp1
 70
     1
102
RTVSPropertyOp2
 70
     1
102
RTVSPropertyOp3
 70
     1
102
RTVSPropertyOp4
 70
     1
102
RTVSPropertyOp5
 70
     1
102
RTVSPropertyOp6
 70
     1
102
RTVSPropertyOp7
 70
     1
102
RTVSPropertyOp8
 70
     1
102
RTVSPropertyOp9
 70
     1
102
RTVSPropertyOp10
 70
     1
102
RTVSPropertyOp11
 70
     1
102
RTVSPropertyOp12
 70
     1
102
RTVSPropertyOp13
 70
     1
102
RTVSPropertyOp14
 70
     1
102
RTVSPropertyOp15
 70
     1
102
RTVSPropertyOp16
 70
     1
102
RTVSPropertyOp17
 70
     1
102
RTVSPropertyOp18
 70
     1
102
RTVSPropertyOp19
 70
     1
102
RTVSPropertyOp20
 70
     1
102
RTVSPropertyOp21
 70
     1
102
RTVSPropertyOp22
 70
     1
102
RTVSPropertyOp23
 70
     1
102
RTVSPropertyOp24
 70
     1
102
RTVSPropertyOp25
 70
     1
102
RTVSPropertyOp26
 70
     1
102
RTVSPropertyOp27
 70
     1
102
RTVSPropertyOp28
 70
     1
102
RTVSPropertyOp29
 70
     1
102
RTVSPropertyOp30
 70
     1
102
RTVSPropertyOp31
 70
     1
102
RTVSPropertyOp32
 70
     1
102
RTVSPropertyOp33
 70
     1
102
RTVSPropertyOp34
 70
     1
102
RTVSPropertyOp35
 70
     1
102
RTVSPropertyOp36
 70
     1
102
RTVSPropertyOp37
 70
     1
102
RTVSPropertyOp38
 70
     1
102
RTVSPropertyOp39
 70
     1
102
RTVSPropertyOp40
 70
     1
102
RTVSPropertyOp41
 70
     1
102
RTVSPropertyOp42
 70
     1
102
RTVSPropertyOp43
 70
     1
102
RTVSPropertyOp44
 70
     1
102
RTVSPropertyOp45
 70
     1
102
RTVSPropertyOp46
 70
     1
102
RTVSPropertyOp47
 70
     1
102
RTVSPropertyOp48
 70
     1
102
RTVSPropertyOp49
 70
     1
102
RTVSPropertyOp50
 70
     1
102
RTVSPropertyOp51
 70
     0
102
RTVSPropertyOp52
 70
     0
102
RTVSPropertyOp53
 70
     1
102
RTVSPropertyOp54
 70
     1
102
RTVSPropertyOp55
 70
     1
102
RTVSPropertyOp56
 70
     1
102
RTVSPropertyOp57
 70
     1
102
RTVSPost2010Prop28
280
     0
102
RTVSPost2010PropOp28
 70
     1
102
RTVSPost2010Prop29
280
     1
102
RTVSPost2010PropOp29
 70
     1
102
RTVSPost2010Prop30
280
     1
102
RTVSPost2010PropOp30
 70
     1
102
RTVSPost2010Prop31
280
     0
102
RTVSPost2010PropOp31
 70
     1
102
RTVSPost2010Prop32
280
     0
102
RTVSPost2010PropOp32
 70
     1
102
RTVSPost2010Prop33
280
     0
102
RTVSPost2010PropOp33
 70
     1
102
RTVSPost2010Prop34
280
     0
102
RTVSPost2010PropOp34
 70
     1
102
RTVSPost2010Prop35
280
     0
102
RTVSPost2010PropOp35
 70
     1
102
RTVSPost2010Prop36
280
     0
102
RTVSPost2010PropOp36
 70
     1
102
RTVSPost2010Prop37
 90
       50
102
RTVSPost2010PropOp37
 70
     1
102
RTVSPost2010Prop38
140
0.0
102
RTVSPost2010PropOp38
 70
     1
102
RTVSPost2010Prop39
140
1.0
102
RTVSPost2010PropOp39
 70
     1
102
RTVSPost2010Prop40
 90
        0
102
RTVSPost2010PropOp40
 70
     1
102
RTVSPost2010Prop41ColorIndex
 90
       18
102
RTVSPost2010Prop41ColorRGB
 90
        0
102
RTVSPost2010PropOp41
 70
     1
102
RTVSPost2010Prop42
 90
       50
102
RTVSPost2010PropOp42
 70
     1
102
RTVSPost2010Prop43
 90
        3
102
RTVSPost2010PropOp43
 70
     1
102
RTVSPost2010Prop44ColorIndex
 90
        5
102
RTVSPost2010Prop44ColorRGB
 90
      255
102
RTVSPost2010PropOp44
 70
     1
102
RTVSPost2010Prop45
280
     0
102
RTVSPost2010PropOp45
 70
     1
102
RTVSPost2010Prop46
 90
       50
102
RTVSPost2010PropOp46
 70
     1
102
RTVSPost2010Prop47
 90
       50
102
RTVSPost2010PropOp47
 70
     1
102
RTVSPost2010Prop48
 90
       50
102
RTVSPost2010PropOp48
 70
     1
102
RTVSPost2010Prop49
280
     0
102
RTVSPost2010PropOp49
 70
     1
102
RTVSPost2010Prop50
 90
       50
102
RTVSPost2010PropOp50
 70
     1
102
RTVSPost2010Prop51ColorIndex
 90
      256
102
RTVSPost2010Prop51ColorRGB
 90
-16777216
102
RTVSPost2010PropOp51
 70
     0
102
RTVSPost2010Prop52
140
1.0
102
RTVSPost2010PropOp52
 70
     0
102
RTVSPost2010Prop53
 90
        2
102
RTVSPost2010PropOp53
 70
     1
102
RTVSPost2010Prop54
  1
strokes_ogs.tif
102
RTVSPost2010PropOp54
 70
     1
102
RTVSPost2010Prop55
280
     0
102
RTVSPost2010PropOp55
 70
     1
102
RTVSPost2010Prop56
140
1.0
102
RTVSPost2010PropOp56
 70
     1
102
RTVSPost2010Prop57
140
1.0
102
RTVSPost2010PropOp57
 70
     1
  0
XRECORD
  5
438
102
{ACAD_REACTORS
330
437
102
}
330
437
100
AcDbXrecord
280
     1
102
RTVSPropertyOp0
 70
     0
102
RTVSPropertyOp1
 70
     0
102
RTVSPropertyOp2
 70
     0
102
RTVSPropertyOp3
 70
     0
102
RTVSPropertyOp4
 70
     0
102
RTVSPropertyOp5
 70
     0
102
RTVSPropertyOp6
 70
     0
102
RTVSPropertyOp7
 70
     0
102
RTVSPropertyOp8
 70
     0
102
RTVSPropertyOp9
 70
     0
102
RTVSPropertyOp10
 70
     0
102
RTVSPropertyOp11
 70
     0
102
RTVSPropertyOp12
 70
     0
102
RTVSPropertyOp13
 70
     0
102
RTVSPropertyOp14
 70
     2
102
RTVSPropertyOp15
 70
     0
102
RTVSPropertyOp16
 70
     0
102
RTVSPropertyOp17
 70
     0
102
RTVSPropertyOp18
 70
     0
102
RTVSPropertyOp19
 70
     0
102
RTVSPropertyOp20
 70
     0
102
RTVSPropertyOp21
 70
     0
102
RTVSPropertyOp22
 70
     0
102
RTVSPropertyOp23
 70
     0
102
RTVSPropertyOp24
 70
     0
102
RTVSPropertyOp25
 70
     0
102
RTVSPropertyOp26
 70
     0
102
RTVSPropertyOp27
 70
     0
102
RTVSPropertyOp28
 70
     0
102
RTVSPropertyOp29
 70
     0
102
RTVSPropertyOp30
 70
     0
102
RTVSPropertyOp31
 70
     0
102
RTVSPropertyOp32
 70
     0
102
RTVSPropertyOp33
 70
     0
102
RTVSPropertyOp34
 70
     0
102
RTVSPropertyOp35
 70
     0
102
RTVSPropertyOp36
 70
     0
102
RTVSPropertyOp37
 70
     0
102
RTVSPropertyOp38
 70
     0
102
RTVSPropertyOp39
 70
     0
102
RTVSPropertyOp40
 70
     0
102
RTVSPropertyOp41
 70
     0
102
RTVSPropertyOp42
 70
     0
102
RTVSPropertyOp43
 70
     0
102
RTVSPropertyOp44
 70
     0
102
RTVSPropertyOp45
 70
     0
102
RTVSPropertyOp46
 70
     0
102
RTVSPropertyOp47
 70
     0
102
RTVSPropertyOp48
 70
     0
102
RTVSPropertyOp49
 70
     0
102
RTVSPropertyOp50
 70
     0
102
RTVSPropertyOp51
 70
     0
102
RTVSPropertyOp52
 70
     0
102
RTVSPropertyOp53
 70
     0
102
RTVSPropertyOp54
 70
     0
102
RTVSPropertyOp55
 70
     0
102
RTVSPropertyOp56
 70
     0
102
RTVSPropertyOp57
 70
     0
102
RTVSPost2010Prop28
280
     0
102
RTVSPost2010PropOp28
 70
     0
102
RTVSPost2010Prop29
280
     1
102
RTVSPost2010PropOp29
 70
     0
102
RTVSPost2010Prop30
280
     1
102
RTVSPost2010PropOp30
 70
     0
102
RTVSPost2010Prop31
280
     0
102
RTVSPost2010PropOp31
 70
     0
102
RTVSPost2010Prop32
280
     0
102
RTVSPost2010PropOp32
 70
     0
102
RTVSPost2010Prop33
280
     0
102
RTVSPost2010PropOp33
 70
     0
102
RTVSPost2010Prop34
280
     0
102
RTVSPost2010PropOp34
 70
     0
102
RTVSPost2010Prop35
280
     0
102
RTVSPost2010PropOp35
 70
     0
102
RTVSPost2010Prop36
280
     0
102
RTVSPost2010PropOp36
 70
     0
102
RTVSPost2010Prop37
 90
       50
102
RTVSPost2010PropOp37
 70
     0
102
RTVSPost2010Prop38
140
0.0
102
RTVSPost2010PropOp38
 70
     0
102
RTVSPost2010Prop39
140
1.0
102
RTVSPost2010PropOp39
 70
     0
102
RTVSPost2010Prop40
 90
        0
102
RTVSPost2010PropOp40
 70
     0
102
RTVSPost2010Prop41ColorIndex
 90
       18
102
RTVSPost2010Prop41ColorRGB
 90
        0
102
RTVSPost2010PropOp41
 70
     0
102
RTVSPost2010Prop42
 90
       50
102
RTVSPost2010PropOp42
 70
     0
102
RTVSPost2010Prop43
 90
        3
102
RTVSPost2010PropOp43
 70
     0
102
RTVSPost2010Prop44ColorIndex
 90
        5
102
RTVSPost2010Prop44ColorRGB
 90
      255
102
RTVSPost2010PropOp44
 70
     0
102
RTVSPost2010Prop45
280
     0
102
RTVSPost2010PropOp45
 70
     0
102
RTVSPost2010Prop46
 90
       50
102
RTVSPost2010PropOp46
 70
     0
102
RTVSPost2010Prop47
 90
       50
102
RTVSPost2010PropOp47
 70
     0
102
RTVSPost2010Prop48
 90
       50
102
RTVSPost2010PropOp48
 70
     0
102
RTVSPost2010Prop49
280
     0
102
RTVSPost2010PropOp49
 70
     0
102
RTVSPost2010Prop50
 90
       50
102
RTVSPost2010PropOp50
 70
     0
102
RTVSPost2010Prop51ColorIndex
 90
      256
102
RTVSPost2010Prop51ColorRGB
 90
-16777216
102
RTVSPost2010PropOp51
 70
     0
102
RTVSPost2010Prop52
140
1.0
102
RTVSPost2010PropOp52
 70
     0
102
RTVSPost2010Prop53
 90
        2
102
RTVSPost2010PropOp53
 70
     0
102
RTVSPost2010Prop54
  1
strokes_ogs.tif
102
RTVSPost2010PropOp54
 70
     0
102
RTVSPost2010Prop55
280
     0
102
RTVSPost2010PropOp55
 70
     0
102
RTVSPost2010Prop56
140
1.0
102
RTVSPost2010PropOp56
 70
     0
102
RTVSPost2010Prop57
140
1.0
102
RTVSPost2010PropOp57
 70
     0
  0
XRECORD
  5
432
102
{ACAD_REACTORS
330
431
102
}
330
431
100
AcDbXrecord
280
     1
102
RTVSPropertyOp0
 70
     1
102
RTVSPropertyOp1
 70
     1
102
RTVSPropertyOp2
 70
     1
102
RTVSPropertyOp3
 70
     1
102
RTVSPropertyOp4
 70
     1
102
RTVSPropertyOp5
 70
     1
102
RTVSPropertyOp6
 70
     1
102
RTVSPropertyOp7
 70
     1
102
RTVSPropertyOp8
 70
     1
102
RTVSPropertyOp9
 70
     1
102
RTVSPropertyOp10
 70
     1
102
RTVSPropertyOp11
 70
     1
102
RTVSPropertyOp12
 70
     1
102
RTVSPropertyOp13
 70
     1
102
RTVSPropertyOp14
 70
     1
102
RTVSPropertyOp15
 70
     1
102
RTVSPropertyOp16
 70
     1
102
RTVSPropertyOp17
 70
     1
102
RTVSPropertyOp18
 70
     1
102
RTVSPropertyOp19
 70
     1
102
RTVSPropertyOp20
 70
     1
102
RTVSPropertyOp21
 70
     1
102
RTVSPropertyOp22
 70
     1
102
RTVSPropertyOp23
 70
     1
102
RTVSPropertyOp24
 70
     1
102
RTVSPropertyOp25
 70
     1
102
RTVSPropertyOp26
 70
     1
102
RTVSPropertyOp27
 70
     1
102
RTVSPropertyOp28
 70
     1
102
RTVSPropertyOp29
 70
     1
102
RTVSPropertyOp30
 70
     1
102
RTVSPropertyOp31
 70
     1
102
RTVSPropertyOp32
 70
     1
102
RTVSPropertyOp33
 70
     1
102
RTVSPropertyOp34
 70
     1
102
RTVSPropertyOp35
 70
     1
102
RTVSPropertyOp36
 70
     1
102
RTVSPropertyOp37
 70
     1
102
RTVSPropertyOp38
 70
     1
102
RTVSPropertyOp39
 70
     1
102
RTVSPropertyOp40
 70
     1
102
RTVSPropertyOp41
 70
     1
102
RTVSPropertyOp42
 70
     1
102
RTVSPropertyOp43
 70
     1
102
RTVSPropertyOp44
 70
     1
102
RTVSPropertyOp45
 70
     1
102
RTVSPropertyOp46
 70
     1
102
RTVSPropertyOp47
 70
     1
102
RTVSPropertyOp48
 70
     1
102
RTVSPropertyOp49
 70
     1
102
RTVSPropertyOp50
 70
     1
102
RTVSPropertyOp51
 70
     0
102
RTVSPropertyOp52
 70
     0
102
RTVSPropertyOp53
 70
     1
102
RTVSPropertyOp54
 70
     1
102
RTVSPropertyOp55
 70
     1
102
RTVSPropertyOp56
 70
     1
102
RTVSPropertyOp57
 70
     1
102
RTVSPost2010Prop28
280
     0
102
RTVSPost2010PropOp28
 70
     1
102
RTVSPost2010Prop29
280
     1
102
RTVSPost2010PropOp29
 70
     1
102
RTVSPost2010Prop30
280
     1
102
RTVSPost2010PropOp30
 70
     1
102
RTVSPost2010Prop31
280
     0
102
RTVSPost2010PropOp31
 70
     1
102
RTVSPost2010Prop32
280
     0
102
RTVSPost2010PropOp32
 70
     1
102
RTVSPost2010Prop33
280
     0
102
RTVSPost2010PropOp33
 70
     1
102
RTVSPost2010Prop34
280
     0
102
RTVSPost2010PropOp34
 70
     1
102
RTVSPost2010Prop35
280
     0
102
RTVSPost2010PropOp35
 70
     1
102
RTVSPost2010Prop36
280
     0
102
RTVSPost2010PropOp36
 70
     1
102
RTVSPost2010Prop37
 90
       50
102
RTVSPost2010PropOp37
 70
     1
102
RTVSPost2010Prop38
140
0.0
102
RTVSPost2010PropOp38
 70
     1
102
RTVSPost2010Prop39
140
1.0
102
RTVSPost2010PropOp39
 70
     1
102
RTVSPost2010Prop40
 90
        0
102
RTVSPost2010PropOp40
 70
     1
102
RTVSPost2010Prop41ColorIndex
 90
       18
102
RTVSPost2010Prop41ColorRGB
 90
        0
102
RTVSPost2010PropOp41
 70
     1
102
RTVSPost2010Prop42
 90
       50
102
RTVSPost2010PropOp42
 70
     1
102
RTVSPost2010Prop43
 90
        3
102
RTVSPost2010PropOp43
 70
     1
102
RTVSPost2010Prop44ColorIndex
 90
        5
102
RTVSPost2010Prop44ColorRGB
 90
      255
102
RTVSPost2010PropOp44
 70
     1
102
RTVSPost2010Prop45
280
     0
102
RTVSPost2010PropOp45
 70
     1
102
RTVSPost2010Prop46
 90
       50
102
RTVSPost2010PropOp46
 70
     1
102
RTVSPost2010Prop47
 90
       50
102
RTVSPost2010PropOp47
 70
     1
102
RTVSPost2010Prop48
 90
       50
102
RTVSPost2010PropOp48
 70
     1
102
RTVSPost2010Prop49
280
     0
102
RTVSPost2010PropOp49
 70
     1
102
RTVSPost2010Prop50
 90
       50
102
RTVSPost2010PropOp50
 70
     1
102
RTVSPost2010Prop51ColorIndex
 90
      256
102
RTVSPost2010Prop51ColorRGB
 90
-16777216
102
RTVSPost2010PropOp51
 70
     0
102
RTVSPost2010Prop52
140
1.0
102
RTVSPost2010PropOp52
 70
     0
102
RTVSPost2010Prop53
 90
        2
102
RTVSPost2010PropOp53
 70
     1
102
RTVSPost2010Prop54
  1
strokes_ogs.tif
102
RTVSPost2010PropOp54
 70
     1
102
RTVSPost2010Prop55
280
     0
102
RTVSPost2010PropOp55
 70
     1
102
RTVSPost2010Prop56
140
1.0
102
RTVSPost2010PropOp56
 70
     1
102
RTVSPost2010Prop57
140
1.0
102
RTVSPost2010PropOp57
 70
     1
  0
XRECORD
  5
43A
102
{ACAD_REACTORS
330
439
102
}
330
439
100
AcDbXrecord
280
     1
102
RTVSPropertyOp0
 70
     0
102
RTVSPropertyOp1
 70
     0
102
RTVSPropertyOp2
 70
     0
102
RTVSPropertyOp3
 70
     0
102
RTVSPropertyOp4
 70
     0
102
RTVSPropertyOp5
 70
     0
102
RTVSPropertyOp6
 70
     0
102
RTVSPropertyOp7
 70
     0
102
RTVSPropertyOp8
 70
     0
102
RTVSPropertyOp9
 70
     0
102
RTVSPropertyOp10
 70
     0
102
RTVSPropertyOp11
 70
     0
102
RTVSPropertyOp12
 70
     0
102
RTVSPropertyOp13
 70
     0
102
RTVSPropertyOp14
 70
     2
102
RTVSPropertyOp15
 70
     0
102
RTVSPropertyOp16
 70
     0
102
RTVSPropertyOp17
 70
     0
102
RTVSPropertyOp18
 70
     0
102
RTVSPropertyOp19
 70
     0
102
RTVSPropertyOp20
 70
     0
102
RTVSPropertyOp21
 70
     0
102
RTVSPropertyOp22
 70
     0
102
RTVSPropertyOp23
 70
     0
102
RTVSPropertyOp24
 70
     0
102
RTVSPropertyOp25
 70
     0
102
RTVSPropertyOp26
 70
     0
102
RTVSPropertyOp27
 70
     0
102
RTVSPropertyOp28
 70
     0
102
RTVSPropertyOp29
 70
     0
102
RTVSPropertyOp30
 70
     0
102
RTVSPropertyOp31
 70
     0
102
RTVSPropertyOp32
 70
     0
102
RTVSPropertyOp33
 70
     0
102
RTVSPropertyOp34
 70
     0
102
RTVSPropertyOp35
 70
     0
102
RTVSPropertyOp36
 70
     0
102
RTVSPropertyOp37
 70
     0
102
RTVSPropertyOp38
 70
     0
102
RTVSPropertyOp39
 70
     0
102
RTVSPropertyOp40
 70
     0
102
RTVSPropertyOp41
 70
     0
102
RTVSPropertyOp42
 70
     0
102
RTVSPropertyOp43
 70
     0
102
RTVSPropertyOp44
 70
     0
102
RTVSPropertyOp45
 70
     0
102
RTVSPropertyOp46
 70
     0
102
RTVSPropertyOp47
 70
     0
102
RTVSPropertyOp48
 70
     0
102
RTVSPropertyOp49
 70
     0
102
RTVSPropertyOp50
 70
     0
102
RTVSPropertyOp51
 70
     0
102
RTVSPropertyOp52
 70
     0
102
RTVSPropertyOp53
 70
     0
102
RTVSPropertyOp54
 70
     0
102
RTVSPropertyOp55
 70
     0
102
RTVSPropertyOp56
 70
     0
102
RTVSPropertyOp57
 70
     0
102
RTVSPost2010Prop28
280
     0
102
RTVSPost2010PropOp28
 70
     0
102
RTVSPost2010Prop29
280
     1
102
RTVSPost2010PropOp29
 70
     0
102
RTVSPost2010Prop30
280
     1
102
RTVSPost2010PropOp30
 70
     0
102
RTVSPost2010Prop31
280
     0
102
RTVSPost2010PropOp31
 70
     0
102
RTVSPost2010Prop32
280
     0
102
RTVSPost2010PropOp32
 70
     0
102
RTVSPost2010Prop33
280
     0
102
RTVSPost2010PropOp33
 70
     0
102
RTVSPost2010Prop34
280
     0
102
RTVSPost2010PropOp34
 70
     0
102
RTVSPost2010Prop35
280
     0
102
RTVSPost2010PropOp35
 70
     0
102
RTVSPost2010Prop36
280
     0
102
RTVSPost2010PropOp36
 70
     0
102
RTVSPost2010Prop37
 90
       50
102
RTVSPost2010PropOp37
 70
     0
102
RTVSPost2010Prop38
140
0.0
102
RTVSPost2010PropOp38
 70
     0
102
RTVSPost2010Prop39
140
1.0
102
RTVSPost2010PropOp39
 70
     0
102
RTVSPost2010Prop40
 90
        0
102
RTVSPost2010PropOp40
 70
     0
102
RTVSPost2010Prop41ColorIndex
 90
       18
102
RTVSPost2010Prop41ColorRGB
 90
        0
102
RTVSPost2010PropOp41
 70
     0
102
RTVSPost2010Prop42
 90
       50
102
RTVSPost2010PropOp42
 70
     0
102
RTVSPost2010Prop43
 90
        3
102
RTVSPost2010PropOp43
 70
     0
102
RTVSPost2010Prop44ColorIndex
 90
        5
102
RTVSPost2010Prop44ColorRGB
 90
      255
102
RTVSPost2010PropOp44
 70
     0
102
RTVSPost2010Prop45
280
     0
102
RTVSPost2010PropOp45
 70
     0
102
RTVSPost2010Prop46
 90
       50
102
RTVSPost2010PropOp46
 70
     0
102
RTVSPost2010Prop47
 90
       50
102
RTVSPost2010PropOp47
 70
     0
102
RTVSPost2010Prop48
 90
       50
102
RTVSPost2010PropOp48
 70
     0
102
RTVSPost2010Prop49
280
     0
102
RTVSPost2010PropOp49
 70
     0
102
RTVSPost2010Prop50
 90
       50
102
RTVSPost2010PropOp50
 70
     0
102
RTVSPost2010Prop51ColorIndex
 90
      256
102
RTVSPost2010Prop51ColorRGB
 90
-16777216
102
RTVSPost2010PropOp51
 70
     0
102
RTVSPost2010Prop52
140
1.0
102
RTVSPost2010PropOp52
 70
     0
102
RTVSPost2010Prop53
 90
        2
102
RTVSPost2010PropOp53
 70
     0
102
RTVSPost2010Prop54
  1
strokes_ogs.tif
102
RTVSPost2010PropOp54
 70
     0
102
RTVSPost2010Prop55
280
     0
102
RTVSPost2010PropOp55
 70
     0
102
RTVSPost2010Prop56
140
1.0
102
RTVSPost2010PropOp56
 70
     0
102
RTVSPost2010Prop57
140
1.0
102
RTVSPost2010PropOp57
 70
     0
  0
XRECORD
  5
428
102
{ACAD_REACTORS
330
427
102
}
330
427
100
AcDbXrecord
280
     1
102
RTVSPropertyOp0
 70
     1
102
RTVSPropertyOp1
 70
     1
102
RTVSPropertyOp2
 70
     1
102
RTVSPropertyOp3
 70
     1
102
RTVSPropertyOp4
 70
     1
102
RTVSPropertyOp5
 70
     1
102
RTVSPropertyOp6
 70
     1
102
RTVSPropertyOp7
 70
     1
102
RTVSPropertyOp8
 70
     1
102
RTVSPropertyOp9
 70
     1
102
RTVSPropertyOp10
 70
     1
102
RTVSPropertyOp11
 70
     1
102
RTVSPropertyOp12
 70
     1
102
RTVSPropertyOp13
 70
     1
102
RTVSPropertyOp14
 70
     1
102
RTVSPropertyOp15
 70
     1
102
RTVSPropertyOp16
 70
     1
102
RTVSPropertyOp17
 70
     1
102
RTVSPropertyOp18
 70
     1
102
RTVSPropertyOp19
 70
     1
102
RTVSPropertyOp20
 70
     1
102
RTVSPropertyOp21
 70
     1
102
RTVSPropertyOp22
 70
     1
102
RTVSPropertyOp23
 70
     1
102
RTVSPropertyOp24
 70
     1
102
RTVSPropertyOp25
 70
     1
102
RTVSPropertyOp26
 70
     1
102
RTVSPropertyOp27
 70
     1
102
RTVSPropertyOp28
 70
     1
102
RTVSPropertyOp29
 70
     1
102
RTVSPropertyOp30
 70
     1
102
RTVSPropertyOp31
 70
     1
102
RTVSPropertyOp32
 70
     1
102
RTVSPropertyOp33
 70
     1
102
RTVSPropertyOp34
 70
     1
102
RTVSPropertyOp35
 70
     1
102
RTVSPropertyOp36
 70
     1
102
RTVSPropertyOp37
 70
     1
102
RTVSPropertyOp38
 70
     1
102
RTVSPropertyOp39
 70
     1
102
RTVSPropertyOp40
 70
     1
102
RTVSPropertyOp41
 70
     1
102
RTVSPropertyOp42
 70
     1
102
RTVSPropertyOp43
 70
     1
102
RTVSPropertyOp44
 70
     1
102
RTVSPropertyOp45
 70
     1
102
RTVSPropertyOp46
 70
     1
102
RTVSPropertyOp47
 70
     1
102
RTVSPropertyOp48
 70
     1
102
RTVSPropertyOp49
 70
     1
102
RTVSPropertyOp50
 70
     1
102
RTVSPropertyOp51
 70
     0
102
RTVSPropertyOp52
 70
     0
102
RTVSPropertyOp53
 70
     1
102
RTVSPropertyOp54
 70
     1
102
RTVSPropertyOp55
 70
     1
102
RTVSPropertyOp56
 70
     1
102
RTVSPropertyOp57
 70
     1
102
RTVSPost2010Prop28
280
     0
102
RTVSPost2010PropOp28
 70
     1
102
RTVSPost2010Prop29
280
     1
102
RTVSPost2010PropOp29
 70
     1
102
RTVSPost2010Prop30
280
     1
102
RTVSPost2010PropOp30
 70
     1
102
RTVSPost2010Prop31
280
     0
102
RTVSPost2010PropOp31
 70
     1
102
RTVSPost2010Prop32
280
     0
102
RTVSPost2010PropOp32
 70
     1
102
RTVSPost2010Prop33
280
     0
102
RTVSPost2010PropOp33
 70
     1
102
RTVSPost2010Prop34
280
     0
102
RTVSPost2010PropOp34
 70
     1
102
RTVSPost2010Prop35
280
     0
102
RTVSPost2010PropOp35
 70
     1
102
RTVSPost2010Prop36
280
     0
102
RTVSPost2010PropOp36
 70
     1
102
RTVSPost2010Prop37
 90
       50
102
RTVSPost2010PropOp37
 70
     1
102
RTVSPost2010Prop38
140
0.0
102
RTVSPost2010PropOp38
 70
     1
102
RTVSPost2010Prop39
140
1.0
102
RTVSPost2010PropOp39
 70
     1
102
RTVSPost2010Prop40
 90
        0
102
RTVSPost2010PropOp40
 70
     1
102
RTVSPost2010Prop41ColorIndex
 90
       18
102
RTVSPost2010Prop41ColorRGB
 90
        0
102
RTVSPost2010PropOp41
 70
     1
102
RTVSPost2010Prop42
 90
       50
102
RTVSPost2010PropOp42
 70
     1
102
RTVSPost2010Prop43
 90
        3
102
RTVSPost2010PropOp43
 70
     1
102
RTVSPost2010Prop44ColorIndex
 90
        5
102
RTVSPost2010Prop44ColorRGB
 90
      255
102
RTVSPost2010PropOp44
 70
     1
102
RTVSPost2010Prop45
280
     0
102
RTVSPost2010PropOp45
 70
     1
102
RTVSPost2010Prop46
 90
       50
102
RTVSPost2010PropOp46
 70
     1
102
RTVSPost2010Prop47
 90
       50
102
RTVSPost2010PropOp47
 70
     1
102
RTVSPost2010Prop48
 90
       50
102
RTVSPost2010PropOp48
 70
     1
102
RTVSPost2010Prop49
280
     0
102
RTVSPost2010PropOp49
 70
     1
102
RTVSPost2010Prop50
 90
       50
102
RTVSPost2010PropOp50
 70
     1
102
RTVSPost2010Prop51ColorIndex
 90
      256
102
RTVSPost2010Prop51ColorRGB
 90
-16777216
102
RTVSPost2010PropOp51
 70
     0
102
RTVSPost2010Prop52
140
1.0
102
RTVSPost2010PropOp52
 70
     0
102
RTVSPost2010Prop53
 90
        2
102
RTVSPost2010PropOp53
 70
     1
102
RTVSPost2010Prop54
  1
strokes_ogs.tif
102
RTVSPost2010PropOp54
 70
     1
102
RTVSPost2010Prop55
280
     0
102
RTVSPost2010PropOp55
 70
     1
102
RTVSPost2010Prop56
140
1.0
102
RTVSPost2010PropOp56
 70
     1
102
RTVSPost2010Prop57
140
1.0
102
RTVSPost2010PropOp57
 70
     1
  0
XRECORD
  5
446
102
{ACAD_REACTORS
330
445
102
}
330
445
100
AcDbXrecord
280
     1
102
RTVSPropertyOp0
 70
     1
102
RTVSPropertyOp1
 70
     1
102
RTVSPropertyOp2
 70
     1
102
RTVSPropertyOp3
 70
     1
102
RTVSPropertyOp4
 70
     1
102
RTVSPropertyOp5
 70
     1
102
RTVSPropertyOp6
 70
     1
102
RTVSPropertyOp7
 70
     1
102
RTVSPropertyOp8
 70
     1
102
RTVSPropertyOp9
 70
     1
102
RTVSPropertyOp10
 70
     1
102
RTVSPropertyOp11
 70
     1
102
RTVSPropertyOp12
 70
     1
102
RTVSPropertyOp13
 70
     1
102
RTVSPropertyOp14
 70
     1
102
RTVSPropertyOp15
 70
     1
102
RTVSPropertyOp16
 70
     1
102
RTVSPropertyOp17
 70
     1
102
RTVSPropertyOp18
 70
     1
102
RTVSPropertyOp19
 70
     1
102
RTVSPropertyOp20
 70
     1
102
RTVSPropertyOp21
 70
     1
102
RTVSPropertyOp22
 70
     1
102
RTVSPropertyOp23
 70
     1
102
RTVSPropertyOp24
 70
     1
102
RTVSPropertyOp25
 70
     1
102
RTVSPropertyOp26
 70
     1
102
RTVSPropertyOp27
 70
     1
102
RTVSPropertyOp28
 70
     1
102
RTVSPropertyOp29
 70
     1
102
RTVSPropertyOp30
 70
     1
102
RTVSPropertyOp31
 70
     1
102
RTVSPropertyOp32
 70
     1
102
RTVSPropertyOp33
 70
     1
102
RTVSPropertyOp34
 70
     1
102
RTVSPropertyOp35
 70
     1
102
RTVSPropertyOp36
 70
     1
102
RTVSPropertyOp37
 70
     1
102
RTVSPropertyOp38
 70
     1
102
RTVSPropertyOp39
 70
     1
102
RTVSPropertyOp40
 70
     1
102
RTVSPropertyOp41
 70
     1
102
RTVSPropertyOp42
 70
     1
102
RTVSPropertyOp43
 70
     1
102
RTVSPropertyOp44
 70
     1
102
RTVSPropertyOp45
 70
     1
102
RTVSPropertyOp46
 70
     1
102
RTVSPropertyOp47
 70
     1
102
RTVSPropertyOp48
 70
     1
102
RTVSPropertyOp49
 70
     1
102
RTVSPropertyOp50
 70
     1
102
RTVSPropertyOp51
 70
     0
102
RTVSPropertyOp52
 70
     0
102
RTVSPropertyOp53
 70
     1
102
RTVSPropertyOp54
 70
     1
102
RTVSPropertyOp55
 70
     1
102
RTVSPropertyOp56
 70
     1
102
RTVSPropertyOp57
 70
     1
102
RTVSPost2010Prop28
280
     0
102
RTVSPost2010PropOp28
 70
     1
102
RTVSPost2010Prop29
280
     1
102
RTVSPost2010PropOp29
 70
     1
102
RTVSPost2010Prop30
280
     1
102
RTVSPost2010PropOp30
 70
     1
102
RTVSPost2010Prop31
280
     0
102
RTVSPost2010PropOp31
 70
     1
102
RTVSPost2010Prop32
280
     0
102
RTVSPost2010PropOp32
 70
     1
102
RTVSPost2010Prop33
280
     0
102
RTVSPost2010PropOp33
 70
     1
102
RTVSPost2010Prop34
280
     0
102
RTVSPost2010PropOp34
 70
     1
102
RTVSPost2010Prop35
280
     0
102
RTVSPost2010PropOp35
 70
     1
102
RTVSPost2010Prop36
280
     0
102
RTVSPost2010PropOp36
 70
     1
102
RTVSPost2010Prop37
 90
       50
102
RTVSPost2010PropOp37
 70
     1
102
RTVSPost2010Prop38
140
0.0
102
RTVSPost2010PropOp38
 70
     1
102
RTVSPost2010Prop39
140
1.0
102
RTVSPost2010PropOp39
 70
     1
102
RTVSPost2010Prop40
 90
        0
102
RTVSPost2010PropOp40
 70
     1
102
RTVSPost2010Prop41ColorIndex
 90
       18
102
RTVSPost2010Prop41ColorRGB
 90
        0
102
RTVSPost2010PropOp41
 70
     1
102
RTVSPost2010Prop42
 90
       50
102
RTVSPost2010PropOp42
 70
     1
102
RTVSPost2010Prop43
 90
        3
102
RTVSPost2010PropOp43
 70
     1
102
RTVSPost2010Prop44ColorIndex
 90
        5
102
RTVSPost2010Prop44ColorRGB
 90
      255
102
RTVSPost2010PropOp44
 70
     1
102
RTVSPost2010Prop45
280
     0
102
RTVSPost2010PropOp45
 70
     1
102
RTVSPost2010Prop46
 90
       50
102
RTVSPost2010PropOp46
 70
     1
102
RTVSPost2010Prop47
 90
       50
102
RTVSPost2010PropOp47
 70
     1
102
RTVSPost2010Prop48
 90
       50
102
RTVSPost2010PropOp48
 70
     1
102
RTVSPost2010Prop49
280
     0
102
RTVSPost2010PropOp49
 70
     1
102
RTVSPost2010Prop50
 90
       50
102
RTVSPost2010PropOp50
 70
     1
102
RTVSPost2010Prop51ColorIndex
 90
      256
102
RTVSPost2010Prop51ColorRGB
 90
-16777216
102
RTVSPost2010PropOp51
 70
     0
102
RTVSPost2010Prop52
140
1.0
102
RTVSPost2010PropOp52
 70
     0
102
RTVSPost2010Prop53
 90
        2
102
RTVSPost2010PropOp53
 70
     1
102
RTVSPost2010Prop54
  1
strokes_ogs.tif
102
RTVSPost2010PropOp54
 70
     1
102
RTVSPost2010Prop55
280
     0
102
RTVSPost2010PropOp55
 70
     1
102
RTVSPost2010Prop56
140
1.0
102
RTVSPost2010PropOp56
 70
     1
102
RTVSPost2010Prop57
140
1.0
102
RTVSPost2010PropOp57
 70
     1
  0
XRECORD
  5
444
102
{ACAD_REACTORS
330
443
102
}
330
443
100
AcDbXrecord
280
     1
102
RTVSPropertyOp0
 70
     1
102
RTVSPropertyOp1
 70
     1
102
RTVSPropertyOp2
 70
     1
102
RTVSPropertyOp3
 70
     1
102
RTVSPropertyOp4
 70
     1
102
RTVSPropertyOp5
 70
     1
102
RTVSPropertyOp6
 70
     1
102
RTVSPropertyOp7
 70
     1
102
RTVSPropertyOp8
 70
     1
102
RTVSPropertyOp9
 70
     1
102
RTVSPropertyOp10
 70
     1
102
RTVSPropertyOp11
 70
     1
102
RTVSPropertyOp12
 70
     1
102
RTVSPropertyOp13
 70
     1
102
RTVSPropertyOp14
 70
     1
102
RTVSPropertyOp15
 70
     1
102
RTVSPropertyOp16
 70
     1
102
RTVSPropertyOp17
 70
     1
102
RTVSPropertyOp18
 70
     1
102
RTVSPropertyOp19
 70
     1
102
RTVSPropertyOp20
 70
     1
102
RTVSPropertyOp21
 70
     1
102
RTVSPropertyOp22
 70
     1
102
RTVSPropertyOp23
 70
     1
102
RTVSPropertyOp24
 70
     1
102
RTVSPropertyOp25
 70
     1
102
RTVSPropertyOp26
 70
     1
102
RTVSPropertyOp27
 70
     1
102
RTVSPropertyOp28
 70
     1
102
RTVSPropertyOp29
 70
     1
102
RTVSPropertyOp30
 70
     1
102
RTVSPropertyOp31
 70
     1
102
RTVSPropertyOp32
 70
     1
102
RTVSPropertyOp33
 70
     1
102
RTVSPropertyOp34
 70
     1
102
RTVSPropertyOp35
 70
     1
102
RTVSPropertyOp36
 70
     1
102
RTVSPropertyOp37
 70
     1
102
RTVSPropertyOp38
 70
     1
102
RTVSPropertyOp39
 70
     1
102
RTVSPropertyOp40
 70
     1
102
RTVSPropertyOp41
 70
     1
102
RTVSPropertyOp42
 70
     1
102
RTVSPropertyOp43
 70
     1
102
RTVSPropertyOp44
 70
     1
102
RTVSPropertyOp45
 70
     1
102
RTVSPropertyOp46
 70
     1
102
RTVSPropertyOp47
 70
     1
102
RTVSPropertyOp48
 70
     1
102
RTVSPropertyOp49
 70
     1
102
RTVSPropertyOp50
 70
     1
102
RTVSPropertyOp51
 70
     0
102
RTVSPropertyOp52
 70
     0
102
RTVSPropertyOp53
 70
     1
102
RTVSPropertyOp54
 70
     1
102
RTVSPropertyOp55
 70
     1
102
RTVSPropertyOp56
 70
     1
102
RTVSPropertyOp57
 70
     1
102
RTVSPost2010Prop28
280
     0
102
RTVSPost2010PropOp28
 70
     1
102
RTVSPost2010Prop29
280
     1
102
RTVSPost2010PropOp29
 70
     1
102
RTVSPost2010Prop30
280
     1
102
RTVSPost2010PropOp30
 70
     1
102
RTVSPost2010Prop31
280
     0
102
RTVSPost2010PropOp31
 70
     1
102
RTVSPost2010Prop32
280
     0
102
RTVSPost2010PropOp32
 70
     1
102
RTVSPost2010Prop33
280
     0
102
RTVSPost2010PropOp33
 70
     1
102
RTVSPost2010Prop34
280
     0
102
RTVSPost2010PropOp34
 70
     1
102
RTVSPost2010Prop35
280
     0
102
RTVSPost2010PropOp35
 70
     1
102
RTVSPost2010Prop36
280
     0
102
RTVSPost2010PropOp36
 70
     1
102
RTVSPost2010Prop37
 90
       50
102
RTVSPost2010PropOp37
 70
     1
102
RTVSPost2010Prop38
140
0.0
102
RTVSPost2010PropOp38
 70
     1
102
RTVSPost2010Prop39
140
1.0
102
RTVSPost2010PropOp39
 70
     1
102
RTVSPost2010Prop40
 90
        0
102
RTVSPost2010PropOp40
 70
     1
102
RTVSPost2010Prop41ColorIndex
 90
       18
102
RTVSPost2010Prop41ColorRGB
 90
        0
102
RTVSPost2010PropOp41
 70
     1
102
RTVSPost2010Prop42
 90
       50
102
RTVSPost2010PropOp42
 70
     1
102
RTVSPost2010Prop43
 90
        3
102
RTVSPost2010PropOp43
 70
     1
102
RTVSPost2010Prop44ColorIndex
 90
        5
102
RTVSPost2010Prop44ColorRGB
 90
      255
102
RTVSPost2010PropOp44
 70
     1
102
RTVSPost2010Prop45
280
     0
102
RTVSPost2010PropOp45
 70
     1
102
RTVSPost2010Prop46
 90
       50
102
RTVSPost2010PropOp46
 70
     1
102
RTVSPost2010Prop47
 90
       50
102
RTVSPost2010PropOp47
 70
     1
102
RTVSPost2010Prop48
 90
       50
102
RTVSPost2010PropOp48
 70
     1
102
RTVSPost2010Prop49
280
     0
102
RTVSPost2010PropOp49
 70
     1
102
RTVSPost2010Prop50
 90
       50
102
RTVSPost2010PropOp50
 70
     1
102
RTVSPost2010Prop51ColorIndex
 90
      256
102
RTVSPost2010Prop51ColorRGB
 90
-16777216
102
RTVSPost2010PropOp51
 70
     0
102
RTVSPost2010Prop52
140
1.0
102
RTVSPost2010PropOp52
 70
     0
102
RTVSPost2010Prop53
 90
        2
102
RTVSPost2010PropOp53
 70
     1
102
RTVSPost2010Prop54
  1
strokes_ogs.tif
102
RTVSPost2010PropOp54
 70
     1
102
RTVSPost2010Prop55
280
     0
102
RTVSPost2010PropOp55
 70
     1
102
RTVSPost2010Prop56
140
1.0
102
RTVSPost2010PropOp56
 70
     1
102
RTVSPost2010Prop57
140
1.0
102
RTVSPost2010PropOp57
 70
     1
  0
XRECORD
  5
43E
102
{ACAD_REACTORS
330
43D
102
}
330
43D
100
AcDbXrecord
280
     1
102
RTVSPropertyOp0
 70
     1
102
RTVSPropertyOp1
 70
     1
102
RTVSPropertyOp2
 70
     1
102
RTVSPropertyOp3
 70
     1
102
RTVSPropertyOp4
 70
     1
102
RTVSPropertyOp5
 70
     1
102
RTVSPropertyOp6
 70
     1
102
RTVSPropertyOp7
 70
     1
102
RTVSPropertyOp8
 70
     1
102
RTVSPropertyOp9
 70
     1
102
RTVSPropertyOp10
 70
     1
102
RTVSPropertyOp11
 70
     1
102
RTVSPropertyOp12
 70
     1
102
RTVSPropertyOp13
 70
     1
102
RTVSPropertyOp14
 70
     1
102
RTVSPropertyOp15
 70
     1
102
RTVSPropertyOp16
 70
     1
102
RTVSPropertyOp17
 70
     1
102
RTVSPropertyOp18
 70
     1
102
RTVSPropertyOp19
 70
     1
102
RTVSPropertyOp20
 70
     1
102
RTVSPropertyOp21
 70
     1
102
RTVSPropertyOp22
 70
     1
102
RTVSPropertyOp23
 70
     1
102
RTVSPropertyOp24
 70
     1
102
RTVSPropertyOp25
 70
     1
102
RTVSPropertyOp26
 70
     1
102
RTVSPropertyOp27
 70
     1
102
RTVSPropertyOp28
 70
     1
102
RTVSPropertyOp29
 70
     1
102
RTVSPropertyOp30
 70
     1
102
RTVSPropertyOp31
 70
     1
102
RTVSPropertyOp32
 70
     1
102
RTVSPropertyOp33
 70
     1
102
RTVSPropertyOp34
 70
     1
102
RTVSPropertyOp35
 70
     1
102
RTVSPropertyOp36
 70
     1
102
RTVSPropertyOp37
 70
     1
102
RTVSPropertyOp38
 70
     1
102
RTVSPropertyOp39
 70
     1
102
RTVSPropertyOp40
 70
     1
102
RTVSPropertyOp41
 70
     1
102
RTVSPropertyOp42
 70
     1
102
RTVSPropertyOp43
 70
     1
102
RTVSPropertyOp44
 70
     1
102
RTVSPropertyOp45
 70
     1
102
RTVSPropertyOp46
 70
     1
102
RTVSPropertyOp47
 70
     1
102
RTVSPropertyOp48
 70
     1
102
RTVSPropertyOp49
 70
     1
102
RTVSPropertyOp50
 70
     1
102
RTVSPropertyOp51
 70
     0
102
RTVSPropertyOp52
 70
     0
102
RTVSPropertyOp53
 70
     1
102
RTVSPropertyOp54
 70
     1
102
RTVSPropertyOp55
 70
     1
102
RTVSPropertyOp56
 70
     1
102
RTVSPropertyOp57
 70
     1
102
RTVSPost2010Prop28
280
     0
102
RTVSPost2010PropOp28
 70
     1
102
RTVSPost2010Prop29
280
     1
102
RTVSPost2010PropOp29
 70
     1
102
RTVSPost2010Prop30
280
     1
102
RTVSPost2010PropOp30
 70
     1
102
RTVSPost2010Prop31
280
     0
102
RTVSPost2010PropOp31
 70
     1
102
RTVSPost2010Prop32
280
     0
102
RTVSPost2010PropOp32
 70
     1
102
RTVSPost2010Prop33
280
     0
102
RTVSPost2010PropOp33
 70
     1
102
RTVSPost2010Prop34
280
     0
102
RTVSPost2010PropOp34
 70
     1
102
RTVSPost2010Prop35
280
     0
102
RTVSPost2010PropOp35
 70
     1
102
RTVSPost2010Prop36
280
     0
102
RTVSPost2010PropOp36
 70
     1
102
RTVSPost2010Prop37
 90
       50
102
RTVSPost2010PropOp37
 70
     1
102
RTVSPost2010Prop38
140
0.0
102
RTVSPost2010PropOp38
 70
     1
102
RTVSPost2010Prop39
140
1.0
102
RTVSPost2010PropOp39
 70
     1
102
RTVSPost2010Prop40
 90
        0
102
RTVSPost2010PropOp40
 70
     1
102
RTVSPost2010Prop41ColorIndex
 90
       18
102
RTVSPost2010Prop41ColorRGB
 90
        0
102
RTVSPost2010PropOp41
 70
     1
102
RTVSPost2010Prop42
 90
       50
102
RTVSPost2010PropOp42
 70
     1
102
RTVSPost2010Prop43
 90
        3
102
RTVSPost2010PropOp43
 70
     1
102
RTVSPost2010Prop44ColorIndex
 90
        5
102
RTVSPost2010Prop44ColorRGB
 90
      255
102
RTVSPost2010PropOp44
 70
     1
102
RTVSPost2010Prop45
280
     0
102
RTVSPost2010PropOp45
 70
     1
102
RTVSPost2010Prop46
 90
       50
102
RTVSPost2010PropOp46
 70
     1
102
RTVSPost2010Prop47
 90
       50
102
RTVSPost2010PropOp47
 70
     1
102
RTVSPost2010Prop48
 90
       50
102
RTVSPost2010PropOp48
 70
     1
102
RTVSPost2010Prop49
280
     0
102
RTVSPost2010PropOp49
 70
     1
102
RTVSPost2010Prop50
 90
       50
102
RTVSPost2010PropOp50
 70
     1
102
RTVSPost2010Prop51ColorIndex
 90
      256
102
RTVSPost2010Prop51ColorRGB
 90
-16777216
102
RTVSPost2010PropOp51
 70
     0
102
RTVSPost2010Prop52
140
1.0
102
RTVSPost2010PropOp52
 70
     0
102
RTVSPost2010Prop53
 90
        2
102
RTVSPost2010PropOp53
 70
     1
102
RTVSPost2010Prop54
  1
strokes_ogs.tif
102
RTVSPost2010PropOp54
 70
     1
102
RTVSPost2010Prop55
280
     0
102
RTVSPost2010PropOp55
 70
     1
102
RTVSPost2010Prop56
140
1.0
102
RTVSPost2010PropOp56
 70
     1
102
RTVSPost2010Prop57
140
1.0
102
RTVSPost2010PropOp57
 70
     1
  0
XRECORD
  5
440
102
{ACAD_REACTORS
330
43F
102
}
330
43F
100
AcDbXrecord
280
     1
102
RTVSPropertyOp0
 70
     1
102
RTVSPropertyOp1
 70
     1
102
RTVSPropertyOp2
 70
     1
102
RTVSPropertyOp3
 70
     1
102
RTVSPropertyOp4
 70
     1
102
RTVSPropertyOp5
 70
     1
102
RTVSPropertyOp6
 70
     1
102
RTVSPropertyOp7
 70
     1
102
RTVSPropertyOp8
 70
     1
102
RTVSPropertyOp9
 70
     1
102
RTVSPropertyOp10
 70
     1
102
RTVSPropertyOp11
 70
     1
102
RTVSPropertyOp12
 70
     1
102
RTVSPropertyOp13
 70
     1
102
RTVSPropertyOp14
 70
     1
102
RTVSPropertyOp15
 70
     1
102
RTVSPropertyOp16
 70
     1
102
RTVSPropertyOp17
 70
     1
102
RTVSPropertyOp18
 70
     1
102
RTVSPropertyOp19
 70
     1
102
RTVSPropertyOp20
 70
     1
102
RTVSPropertyOp21
 70
     1
102
RTVSPropertyOp22
 70
     1
102
RTVSPropertyOp23
 70
     1
102
RTVSPropertyOp24
 70
     1
102
RTVSPropertyOp25
 70
     1
102
RTVSPropertyOp26
 70
     1
102
RTVSPropertyOp27
 70
     1
102
RTVSPropertyOp28
 70
     1
102
RTVSPropertyOp29
 70
     1
102
RTVSPropertyOp30
 70
     1
102
RTVSPropertyOp31
 70
     1
102
RTVSPropertyOp32
 70
     1
102
RTVSPropertyOp33
 70
     1
102
RTVSPropertyOp34
 70
     1
102
RTVSPropertyOp35
 70
     1
102
RTVSPropertyOp36
 70
     1
102
RTVSPropertyOp37
 70
     1
102
RTVSPropertyOp38
 70
     1
102
RTVSPropertyOp39
 70
     1
102
RTVSPropertyOp40
 70
     1
102
RTVSPropertyOp41
 70
     1
102
RTVSPropertyOp42
 70
     1
102
RTVSPropertyOp43
 70
     1
102
RTVSPropertyOp44
 70
     1
102
RTVSPropertyOp45
 70
     1
102
RTVSPropertyOp46
 70
     1
102
RTVSPropertyOp47
 70
     1
102
RTVSPropertyOp48
 70
     1
102
RTVSPropertyOp49
 70
     1
102
RTVSPropertyOp50
 70
     1
102
RTVSPropertyOp51
 70
     0
102
RTVSPropertyOp52
 70
     0
102
RTVSPropertyOp53
 70
     1
102
RTVSPropertyOp54
 70
     1
102
RTVSPropertyOp55
 70
     1
102
RTVSPropertyOp56
 70
     1
102
RTVSPropertyOp57
 70
     1
102
RTVSPost2010Prop28
280
     0
102
RTVSPost2010PropOp28
 70
     1
102
RTVSPost2010Prop29
280
     1
102
RTVSPost2010PropOp29
 70
     1
102
RTVSPost2010Prop30
280
     1
102
RTVSPost2010PropOp30
 70
     1
102
RTVSPost2010Prop31
280
     0
102
RTVSPost2010PropOp31
 70
     1
102
RTVSPost2010Prop32
280
     0
102
RTVSPost2010PropOp32
 70
     1
102
RTVSPost2010Prop33
280
     0
102
RTVSPost2010PropOp33
 70
     1
102
RTVSPost2010Prop34
280
     0
102
RTVSPost2010PropOp34
 70
     1
102
RTVSPost2010Prop35
280
     0
102
RTVSPost2010PropOp35
 70
     1
102
RTVSPost2010Prop36
280
     0
102
RTVSPost2010PropOp36
 70
     1
102
RTVSPost2010Prop37
 90
       50
102
RTVSPost2010PropOp37
 70
     1
102
RTVSPost2010Prop38
140
0.0
102
RTVSPost2010PropOp38
 70
     1
102
RTVSPost2010Prop39
140
1.0
102
RTVSPost2010PropOp39
 70
     1
102
RTVSPost2010Prop40
 90
        0
102
RTVSPost2010PropOp40
 70
     1
102
RTVSPost2010Prop41ColorIndex
 90
       18
102
RTVSPost2010Prop41ColorRGB
 90
        0
102
RTVSPost2010PropOp41
 70
     1
102
RTVSPost2010Prop42
 90
       50
102
RTVSPost2010PropOp42
 70
     1
102
RTVSPost2010Prop43
 90
        3
102
RTVSPost2010PropOp43
 70
     1
102
RTVSPost2010Prop44ColorIndex
 90
        5
102
RTVSPost2010Prop44ColorRGB
 90
      255
102
RTVSPost2010PropOp44
 70
     1
102
RTVSPost2010Prop45
280
     0
102
RTVSPost2010PropOp45
 70
     1
102
RTVSPost2010Prop46
 90
       50
102
RTVSPost2010PropOp46
 70
     1
102
RTVSPost2010Prop47
 90
       50
102
RTVSPost2010PropOp47
 70
     1
102
RTVSPost2010Prop48
 90
       50
102
RTVSPost2010PropOp48
 70
     1
102
RTVSPost2010Prop49
280
     0
102
RTVSPost2010PropOp49
 70
     1
102
RTVSPost2010Prop50
 90
       50
102
RTVSPost2010PropOp50
 70
     1
102
RTVSPost2010Prop51ColorIndex
 90
      256
102
RTVSPost2010Prop51ColorRGB
 90
-16777216
102
RTVSPost2010PropOp51
 70
     0
102
RTVSPost2010Prop52
140
1.0
102
RTVSPost2010PropOp52
 70
     0
102
RTVSPost2010Prop53
 90
        2
102
RTVSPost2010PropOp53
 70
     1
102
RTVSPost2010Prop54
  1
strokes_ogs.tif
102
RTVSPost2010PropOp54
 70
     1
102
RTVSPost2010Prop55
280
     0
102
RTVSPost2010PropOp55
 70
     1
102
RTVSPost2010Prop56
140
1.0
102
RTVSPost2010PropOp56
 70
     1
102
RTVSPost2010Prop57
140
1.0
102
RTVSPost2010PropOp57
 70
     1
  0
XRECORD
  5
430
102
{ACAD_REACTORS
330
42F
102
}
330
42F
100
AcDbXrecord
280
     1
102
RTVSPropertyOp0
 70
     1
102
RTVSPropertyOp1
 70
     1
102
RTVSPropertyOp2
 70
     1
102
RTVSPropertyOp3
 70
     1
102
RTVSPropertyOp4
 70
     1
102
RTVSPropertyOp5
 70
     1
102
RTVSPropertyOp6
 70
     1
102
RTVSPropertyOp7
 70
     1
102
RTVSPropertyOp8
 70
     1
102
RTVSPropertyOp9
 70
     1
102
RTVSPropertyOp10
 70
     1
102
RTVSPropertyOp11
 70
     1
102
RTVSPropertyOp12
 70
     1
102
RTVSPropertyOp13
 70
     1
102
RTVSPropertyOp14
 70
     1
102
RTVSPropertyOp15
 70
     1
102
RTVSPropertyOp16
 70
     1
102
RTVSPropertyOp17
 70
     1
102
RTVSPropertyOp18
 70
     1
102
RTVSPropertyOp19
 70
     1
102
RTVSPropertyOp20
 70
     1
102
RTVSPropertyOp21
 70
     1
102
RTVSPropertyOp22
 70
     1
102
RTVSPropertyOp23
 70
     1
102
RTVSPropertyOp24
 70
     1
102
RTVSPropertyOp25
 70
     1
102
RTVSPropertyOp26
 70
     1
102
RTVSPropertyOp27
 70
     1
102
RTVSPropertyOp28
 70
     1
102
RTVSPropertyOp29
 70
     1
102
RTVSPropertyOp30
 70
     1
102
RTVSPropertyOp31
 70
     1
102
RTVSPropertyOp32
 70
     1
102
RTVSPropertyOp33
 70
     1
102
RTVSPropertyOp34
 70
     1
102
RTVSPropertyOp35
 70
     1
102
RTVSPropertyOp36
 70
     1
102
RTVSPropertyOp37
 70
     1
102
RTVSPropertyOp38
 70
     1
102
RTVSPropertyOp39
 70
     1
102
RTVSPropertyOp40
 70
     1
102
RTVSPropertyOp41
 70
     1
102
RTVSPropertyOp42
 70
     1
102
RTVSPropertyOp43
 70
     1
102
RTVSPropertyOp44
 70
     1
102
RTVSPropertyOp45
 70
     1
102
RTVSPropertyOp46
 70
     1
102
RTVSPropertyOp47
 70
     1
102
RTVSPropertyOp48
 70
     1
102
RTVSPropertyOp49
 70
     1
102
RTVSPropertyOp50
 70
     1
102
RTVSPropertyOp51
 70
     0
102
RTVSPropertyOp52
 70
     0
102
RTVSPropertyOp53
 70
     1
102
RTVSPropertyOp54
 70
     1
102
RTVSPropertyOp55
 70
     1
102
RTVSPropertyOp56
 70
     1
102
RTVSPropertyOp57
 70
     1
102
RTVSPost2010Prop28
280
     0
102
RTVSPost2010PropOp28
 70
     1
102
RTVSPost2010Prop29
280
     1
102
RTVSPost2010PropOp29
 70
     1
102
RTVSPost2010Prop30
280
     1
102
RTVSPost2010PropOp30
 70
     1
102
RTVSPost2010Prop31
280
     0
102
RTVSPost2010PropOp31
 70
     1
102
RTVSPost2010Prop32
280
     0
102
RTVSPost2010PropOp32
 70
     1
102
RTVSPost2010Prop33
280
     0
102
RTVSPost2010PropOp33
 70
     1
102
RTVSPost2010Prop34
280
     0
102
RTVSPost2010PropOp34
 70
     1
102
RTVSPost2010Prop35
280
     0
102
RTVSPost2010PropOp35
 70
     1
102
RTVSPost2010Prop36
280
     0
102
RTVSPost2010PropOp36
 70
     1
102
RTVSPost2010Prop37
 90
       50
102
RTVSPost2010PropOp37
 70
     1
102
RTVSPost2010Prop38
140
0.0
102
RTVSPost2010PropOp38
 70
     1
102
RTVSPost2010Prop39
140
1.0
102
RTVSPost2010PropOp39
 70
     1
102
RTVSPost2010Prop40
 90
        0
102
RTVSPost2010PropOp40
 70
     1
102
RTVSPost2010Prop41ColorIndex
 90
       18
102
RTVSPost2010Prop41ColorRGB
 90
        0
102
RTVSPost2010PropOp41
 70
     1
102
RTVSPost2010Prop42
 90
       50
102
RTVSPost2010PropOp42
 70
     1
102
RTVSPost2010Prop43
 90
        3
102
RTVSPost2010PropOp43
 70
     1
102
RTVSPost2010Prop44ColorIndex
 90
        5
102
RTVSPost2010Prop44ColorRGB
 90
      255
102
RTVSPost2010PropOp44
 70
     1
102
RTVSPost2010Prop45
280
     0
102
RTVSPost2010PropOp45
 70
     1
102
RTVSPost2010Prop46
 90
       50
102
RTVSPost2010PropOp46
 70
     1
102
RTVSPost2010Prop47
 90
       50
102
RTVSPost2010PropOp47
 70
     1
102
RTVSPost2010Prop48
 90
       50
102
RTVSPost2010PropOp48
 70
     1
102
RTVSPost2010Prop49
280
     0
102
RTVSPost2010PropOp49
 70
     1
102
RTVSPost2010Prop50
 90
       50
102
RTVSPost2010PropOp50
 70
     1
102
RTVSPost2010Prop51ColorIndex
 90
      256
102
RTVSPost2010Prop51ColorRGB
 90
-16777216
102
RTVSPost2010PropOp51
 70
     0
102
RTVSPost2010Prop52
140
1.0
102
RTVSPost2010PropOp52
 70
     0
102
RTVSPost2010Prop53
 90
        2
102
RTVSPost2010PropOp53
 70
     1
102
RTVSPost2010Prop54
  1
strokes_ogs.tif
102
RTVSPost2010PropOp54
 70
     1
102
RTVSPost2010Prop55
280
     0
102
RTVSPost2010PropOp55
 70
     1
102
RTVSPost2010Prop56
140
1.0
102
RTVSPost2010PropOp56
 70
     1
102
RTVSPost2010Prop57
140
1.0
102
RTVSPost2010PropOp57
 70
     1
  0
XRECORD
  5
422
102
{ACAD_REACTORS
330
421
102
}
330
421
100
AcDbXrecord
280
     1
102
RTVSPropertyOp0
 70
     1
102
RTVSPropertyOp1
 70
     1
102
RTVSPropertyOp2
 70
     1
102
RTVSPropertyOp3
 70
     1
102
RTVSPropertyOp4
 70
     1
102
RTVSPropertyOp5
 70
     1
102
RTVSPropertyOp6
 70
     1
102
RTVSPropertyOp7
 70
     1
102
RTVSPropertyOp8
 70
     1
102
RTVSPropertyOp9
 70
     1
102
RTVSPropertyOp10
 70
     1
102
RTVSPropertyOp11
 70
     1
102
RTVSPropertyOp12
 70
     1
102
RTVSPropertyOp13
 70
     1
102
RTVSPropertyOp14
 70
     1
102
RTVSPropertyOp15
 70
     1
102
RTVSPropertyOp16
 70
     1
102
RTVSPropertyOp17
 70
     1
102
RTVSPropertyOp18
 70
     1
102
RTVSPropertyOp19
 70
     1
102
RTVSPropertyOp20
 70
     1
102
RTVSPropertyOp21
 70
     1
102
RTVSPropertyOp22
 70
     1
102
RTVSPropertyOp23
 70
     1
102
RTVSPropertyOp24
 70
     1
102
RTVSPropertyOp25
 70
     1
102
RTVSPropertyOp26
 70
     1
102
RTVSPropertyOp27
 70
     1
102
RTVSPropertyOp28
 70
     1
102
RTVSPropertyOp29
 70
     1
102
RTVSPropertyOp30
 70
     1
102
RTVSPropertyOp31
 70
     1
102
RTVSPropertyOp32
 70
     1
102
RTVSPropertyOp33
 70
     1
102
RTVSPropertyOp34
 70
     1
102
RTVSPropertyOp35
 70
     1
102
RTVSPropertyOp36
 70
     1
102
RTVSPropertyOp37
 70
     1
102
RTVSPropertyOp38
 70
     1
102
RTVSPropertyOp39
 70
     1
102
RTVSPropertyOp40
 70
     1
102
RTVSPropertyOp41
 70
     1
102
RTVSPropertyOp42
 70
     1
102
RTVSPropertyOp43
 70
     1
102
RTVSPropertyOp44
 70
     1
102
RTVSPropertyOp45
 70
     1
102
RTVSPropertyOp46
 70
     1
102
RTVSPropertyOp47
 70
     1
102
RTVSPropertyOp48
 70
     1
102
RTVSPropertyOp49
 70
     1
102
RTVSPropertyOp50
 70
     1
102
RTVSPropertyOp51
 70
     0
102
RTVSPropertyOp52
 70
     0
102
RTVSPropertyOp53
 70
     1
102
RTVSPropertyOp54
 70
     1
102
RTVSPropertyOp55
 70
     1
102
RTVSPropertyOp56
 70
     1
102
RTVSPropertyOp57
 70
     1
102
RTVSPost2010Prop28
280
     0
102
RTVSPost2010PropOp28
 70
     1
102
RTVSPost2010Prop29
280
     1
102
RTVSPost2010PropOp29
 70
     1
102
RTVSPost2010Prop30
280
     1
102
RTVSPost2010PropOp30
 70
     1
102
RTVSPost2010Prop31
280
     0
102
RTVSPost2010PropOp31
 70
     1
102
RTVSPost2010Prop32
280
     0
102
RTVSPost2010PropOp32
 70
     1
102
RTVSPost2010Prop33
280
     0
102
RTVSPost2010PropOp33
 70
     1
102
RTVSPost2010Prop34
280
     0
102
RTVSPost2010PropOp34
 70
     1
102
RTVSPost2010Prop35
280
     0
102
RTVSPost2010PropOp35
 70
     1
102
RTVSPost2010Prop36
280
     0
102
RTVSPost2010PropOp36
 70
     1
102
RTVSPost2010Prop37
 90
       50
102
RTVSPost2010PropOp37
 70
     1
102
RTVSPost2010Prop38
140
0.0
102
RTVSPost2010PropOp38
 70
     1
102
RTVSPost2010Prop39
140
1.0
102
RTVSPost2010PropOp39
 70
     1
102
RTVSPost2010Prop40
 90
        0
102
RTVSPost2010PropOp40
 70
     1
102
RTVSPost2010Prop41ColorIndex
 90
       18
102
RTVSPost2010Prop41ColorRGB
 90
        0
102
RTVSPost2010PropOp41
 70
     1
102
RTVSPost2010Prop42
 90
       50
102
RTVSPost2010PropOp42
 70
     1
102
RTVSPost2010Prop43
 90
        3
102
RTVSPost2010PropOp43
 70
     1
102
RTVSPost2010Prop44ColorIndex
 90
        5
102
RTVSPost2010Prop44ColorRGB
 90
      255
102
RTVSPost2010PropOp44
 70
     1
102
RTVSPost2010Prop45
280
     0
102
RTVSPost2010PropOp45
 70
     1
102
RTVSPost2010Prop46
 90
       50
102
RTVSPost2010PropOp46
 70
     1
102
RTVSPost2010Prop47
 90
       50
102
RTVSPost2010PropOp47
 70
     1
102
RTVSPost2010Prop48
 90
       50
102
RTVSPost2010PropOp48
 70
     1
102
RTVSPost2010Prop49
280
     0
102
RTVSPost2010PropOp49
 70
     1
102
RTVSPost2010Prop50
 90
       50
102
RTVSPost2010PropOp50
 70
     1
102
RTVSPost2010Prop51ColorIndex
 90
      256
102
RTVSPost2010Prop51ColorRGB
 90
-16777216
102
RTVSPost2010PropOp51
 70
     0
102
RTVSPost2010Prop52
140
1.0
102
RTVSPost2010PropOp52
 70
     0
102
RTVSPost2010Prop53
 90
        2
102
RTVSPost2010PropOp53
 70
     1
102
RTVSPost2010Prop54
  1
strokes_ogs.tif
102
RTVSPost2010PropOp54
 70
     1
102
RTVSPost2010Prop55
280
     0
102
RTVSPost2010PropOp55
 70
     1
102
RTVSPost2010Prop56
140
1.0
102
RTVSPost2010PropOp56
 70
     1
102
RTVSPost2010Prop57
140
1.0
102
RTVSPost2010PropOp57
 70
     1
  0
XRECORD
  5
442
102
{ACAD_REACTORS
330
441
102
}
330
441
100
AcDbXrecord
280
     1
102
RTVSPropertyOp0
 70
     1
102
RTVSPropertyOp1
 70
     1
102
RTVSPropertyOp2
 70
     1
102
RTVSPropertyOp3
 70
     1
102
RTVSPropertyOp4
 70
     1
102
RTVSPropertyOp5
 70
     1
102
RTVSPropertyOp6
 70
     1
102
RTVSPropertyOp7
 70
     1
102
RTVSPropertyOp8
 70
     1
102
RTVSPropertyOp9
 70
     1
102
RTVSPropertyOp10
 70
     1
102
RTVSPropertyOp11
 70
     1
102
RTVSPropertyOp12
 70
     1
102
RTVSPropertyOp13
 70
     1
102
RTVSPropertyOp14
 70
     1
102
RTVSPropertyOp15
 70
     1
102
RTVSPropertyOp16
 70
     1
102
RTVSPropertyOp17
 70
     1
102
RTVSPropertyOp18
 70
     1
102
RTVSPropertyOp19
 70
     1
102
RTVSPropertyOp20
 70
     1
102
RTVSPropertyOp21
 70
     1
102
RTVSPropertyOp22
 70
     1
102
RTVSPropertyOp23
 70
     1
102
RTVSPropertyOp24
 70
     1
102
RTVSPropertyOp25
 70
     1
102
RTVSPropertyOp26
 70
     1
102
RTVSPropertyOp27
 70
     1
102
RTVSPropertyOp28
 70
     1
102
RTVSPropertyOp29
 70
     1
102
RTVSPropertyOp30
 70
     1
102
RTVSPropertyOp31
 70
     1
102
RTVSPropertyOp32
 70
     1
102
RTVSPropertyOp33
 70
     1
102
RTVSPropertyOp34
 70
     1
102
RTVSPropertyOp35
 70
     1
102
RTVSPropertyOp36
 70
     1
102
RTVSPropertyOp37
 70
     1
102
RTVSPropertyOp38
 70
     1
102
RTVSPropertyOp39
 70
     1
102
RTVSPropertyOp40
 70
     1
102
RTVSPropertyOp41
 70
     1
102
RTVSPropertyOp42
 70
     1
102
RTVSPropertyOp43
 70
     1
102
RTVSPropertyOp44
 70
     1
102
RTVSPropertyOp45
 70
     1
102
RTVSPropertyOp46
 70
     1
102
RTVSPropertyOp47
 70
     1
102
RTVSPropertyOp48
 70
     1
102
RTVSPropertyOp49
 70
     1
102
RTVSPropertyOp50
 70
     1
102
RTVSPropertyOp51
 70
     0
102
RTVSPropertyOp52
 70
     0
102
RTVSPropertyOp53
 70
     1
102
RTVSPropertyOp54
 70
     1
102
RTVSPropertyOp55
 70
     1
102
RTVSPropertyOp56
 70
     1
102
RTVSPropertyOp57
 70
     1
102
RTVSPost2010Prop28
280
     0
102
RTVSPost2010PropOp28
 70
     1
102
RTVSPost2010Prop29
280
     1
102
RTVSPost2010PropOp29
 70
     1
102
RTVSPost2010Prop30
280
     1
102
RTVSPost2010PropOp30
 70
     1
102
RTVSPost2010Prop31
280
     0
102
RTVSPost2010PropOp31
 70
     1
102
RTVSPost2010Prop32
280
     0
102
RTVSPost2010PropOp32
 70
     1
102
RTVSPost2010Prop33
280
     0
102
RTVSPost2010PropOp33
 70
     1
102
RTVSPost2010Prop34
280
     0
102
RTVSPost2010PropOp34
 70
     1
102
RTVSPost2010Prop35
280
     0
102
RTVSPost2010PropOp35
 70
     1
102
RTVSPost2010Prop36
280
     0
102
RTVSPost2010PropOp36
 70
     1
102
RTVSPost2010Prop37
 90
       50
102
RTVSPost2010PropOp37
 70
     1
102
RTVSPost2010Prop38
140
0.0
102
RTVSPost2010PropOp38
 70
     1
102
RTVSPost2010Prop39
140
1.0
102
RTVSPost2010PropOp39
 70
     1
102
RTVSPost2010Prop40
 90
        0
102
RTVSPost2010PropOp40
 70
     1
102
RTVSPost2010Prop41ColorIndex
 90
       18
102
RTVSPost2010Prop41ColorRGB
 90
        0
102
RTVSPost2010PropOp41
 70
     1
102
RTVSPost2010Prop42
 90
       50
102
RTVSPost2010PropOp42
 70
     1
102
RTVSPost2010Prop43
 90
        3
102
RTVSPost2010PropOp43
 70
     1
102
RTVSPost2010Prop44ColorIndex
 90
        5
102
RTVSPost2010Prop44ColorRGB
 90
      255
102
RTVSPost2010PropOp44
 70
     1
102
RTVSPost2010Prop45
280
     0
102
RTVSPost2010PropOp45
 70
     1
102
RTVSPost2010Prop46
 90
       50
102
RTVSPost2010PropOp46
 70
     1
102
RTVSPost2010Prop47
 90
       50
102
RTVSPost2010PropOp47
 70
     1
102
RTVSPost2010Prop48
 90
       50
102
RTVSPost2010PropOp48
 70
     1
102
RTVSPost2010Prop49
280
     0
102
RTVSPost2010PropOp49
 70
     1
102
RTVSPost2010Prop50
 90
       50
102
RTVSPost2010PropOp50
 70
     1
102
RTVSPost2010Prop51ColorIndex
 90
      256
102
RTVSPost2010Prop51ColorRGB
 90
-16777216
102
RTVSPost2010PropOp51
 70
     0
102
RTVSPost2010Prop52
140
1.0
102
RTVSPost2010PropOp52
 70
     0
102
RTVSPost2010Prop53
 90
        2
102
RTVSPost2010PropOp53
 70
     1
102
RTVSPost2010Prop54
  1
strokes_ogs.tif
102
RTVSPost2010PropOp54
 70
     1
102
RTVSPost2010Prop55
280
     0
102
RTVSPost2010PropOp55
 70
     1
102
RTVSPost2010Prop56
140
1.0
102
RTVSPost2010PropOp56
 70
     1
102
RTVSPost2010Prop57
140
1.0
102
RTVSPost2010PropOp57
 70
     1
  0
ENDSEC
  0
EOF
